
Initial statistics: 75 variables; iteration 0; function evaluation 0; phase 1
Function value nan; maximum gradient component mag -1.1374e+07
Var    Value     Gradient |Var    Value     Gradient |Var    Value     Gradient
  1 -0.19398 -1.13739e+07 |  2  0.00000 -4.16452e+04 |  3  0.00000 -4.08215e+04
  4  0.00000 -4.33975e+04 |  5  0.00000 -5.93472e+04 |  6  0.00000 -3.60501e+04
  7  0.00000 -6.38171e+04 |  8  0.00000 -7.12981e+04 |  9  0.00000 -9.59872e+04
 10  0.00000 -1.02480e+05 | 11  0.00000 -1.00302e+05 | 12  0.00000 -9.75976e+04
 13  0.00000 -1.01488e+05 | 14  0.00000 -9.95328e+04 | 15  0.00000 -9.95296e+04
 16  0.00000 -9.82555e+04 | 17  0.00000 -9.77149e+04 | 18  0.00000 -9.56602e+04
 19  0.00000 -8.72284e+04 | 20  0.00000  1.14721e+05 | 21  0.00000  1.36802e+05
 22  0.00000  1.34696e+05 | 23  0.00000  1.19575e+05 | 24  0.00000  1.10206e+05
 25  0.00000  9.24417e+04 | 26  0.00000  8.21853e+04 | 27  0.00000  7.23138e+04
 28  0.00000  7.14558e+04 | 29  0.00000  4.54089e+04 | 30  0.00000  4.25616e+04
 31  0.00000  4.66575e+04 | 32  0.00000  4.42218e+04 | 33  0.00000 -1.01531e+05
 34  0.00000 -8.64281e+04 | 35  0.00000 -4.28723e+04 | 36  0.00000 -1.19105e+05
 37  0.00000 -1.09639e+05 | 38  0.00000 -1.05240e+05 | 39  0.00000 -1.06716e+05
 40  0.00000 -6.87331e+04 | 41  0.00000 -6.17563e+04 | 42  0.00000 -5.64320e+04
 43  0.00000 -7.15133e+04 | 44  0.00000 -6.61153e+04 | 45  0.00000 -1.04449e+05
 46  0.00000 -1.25520e+05 | 47  0.00000 -9.17983e+04 | 48  0.00000 -8.79900e+04
 49  0.00000 -1.64154e+05 | 50  0.00000 -1.43308e+05 | 51  0.00000 -1.70488e+05
 52  0.00000 -3.09173e+05 | 53  0.00000 -1.57954e+05 | 54  0.00000 -1.69698e+05
 55  0.00000 -1.64393e+05 | 56  0.00000 -1.63780e+05 | 57  0.00000 -1.50993e+05
 58  0.00000 -1.49869e+05 | 59  0.00000 -1.45138e+05 | 60  0.00000 -1.58617e+05
 61  0.00000 -1.65390e+05 | 62  0.00000 -1.49519e+05 | 63  0.00000 -1.58226e+05
 64  0.00000 -1.70491e+05 | 65  0.00000 -1.58349e+05 | 66  0.00000 -1.63576e+05
 67  0.00000 -1.53802e+05 | 68  0.00000 -1.51664e+05 | 69  0.00000 -1.36906e+05
 70  0.00000 -1.26619e+05 | 71  0.00000 -1.09349e+05 | 72  0.00000 -8.86451e+04
 73  0.00000 -8.24255e+04 | 74  0.00000 -4.70646e+02 | 75  0.00000  1.00454e+02
  ic > imax  in fminim is answer attained ?
Var    Value     Gradient |Var    Value     Gradient |Var    Value     Gradient
  1  1.74480 -1.84587e+02 |  2  0.00710 -1.69826e+00 |  3  0.00696  1.30255e+00
  4  0.00740  2.41635e-01 |  5  0.01012 -7.24566e-01 |  6  0.00615 -3.38240e+00
  7  0.01088 -5.08871e+00 |  8  0.01215 -8.19932e+00 |  9  0.01636 -1.20708e+01
 10  0.01747 -1.76925e+01 | 11  0.01710 -2.39260e+01 | 12  0.01664 -3.15037e+01
 13  0.01730 -4.11411e+01 | 14  0.01697 -5.33500e+01 | 15  0.01697 -6.91535e+01
 16  0.01675 -8.88110e+01 | 17  0.01666 -1.13198e+02 | 18  0.01631 -1.41916e+02
 19  0.01487 -1.75323e+02 | 20 -0.01956 -1.71722e+02 | 21 -0.02332 -2.02352e+02
 22 -0.02296 -2.42233e+02 | 23 -0.02038 -2.90558e+02 | 24 -0.01879 -3.40572e+02
 25 -0.01576 -3.95763e+02 | 26 -0.01401 -4.45727e+02 | 27 -0.01233 -4.92335e+02
 28 -0.01218 -5.34402e+02 | 29 -0.00774 -6.07807e+02 | 30 -0.00726 -6.72279e+02
 31 -0.00795 -6.56121e+02 | 32 -0.00754 -4.69492e+02 | 33  0.01731 -1.64554e+02
 34  0.01473  2.53307e+02 | 35  0.00731  7.71062e+02 | 36  0.02030  1.50608e+03
 37  0.01869  1.68448e+03 | 38  0.01794  2.34529e+03 | 39  0.01819  2.81319e+03
 40  0.01172  2.74254e+03 | 41  0.01053  2.72286e+03 | 42  0.00962  2.90580e+03
 43  0.01219  3.29754e+03 | 44  0.01127  3.44207e+03 | 45  0.01780  3.41192e+03
 46  0.02140  2.76419e+03 | 47  0.01565  1.36673e+03 | 48  0.01500 -7.01791e+01
 49  0.02798 -1.01963e+03 | 50  0.02443 -1.07338e+03 | 51  0.02906 -1.07706e+03
 52  0.05270 -1.35460e+03 | 53  0.02692 -1.24931e+03 | 54  0.02893 -1.43462e+03
 55  0.02802 -1.59959e+03 | 56  0.02792 -1.80311e+03 | 57  0.02574 -1.85311e+03
 58  0.02555 -1.75568e+03 | 59  0.02474 -1.58989e+03 | 60  0.02704 -1.42547e+03
 61  0.02819 -1.12013e+03 | 62  0.02549 -6.92949e+02 | 63  0.02697 -4.15101e+02
 64  0.02906 -3.16999e+02 | 65  0.02699 -4.34034e+02 | 66  0.02788 -8.89870e+02
 67  0.02622 -1.36147e+03 | 68  0.02585 -1.37596e+03 | 69  0.02334 -8.12757e+02
 70  0.02158 -2.35810e+02 | 71  0.01864 -1.08218e+01 | 72  0.01511  2.45404e+01
 73  0.01405  7.17817e+00 | 74  0.00008  3.67713e+00 | 75 -0.00002  3.65842e+00
Function minimizer not making progress ... is minimum attained?
Minimprove criterion = 0.0000e+00

 - final statistics:
75 variables; iteration 2; function evaluation 40
Function value nan; maximum gradient component mag 3.4421e+03
Exit code = 1;  converg criter 1.0000e+01
Var    Value     Gradient |Var    Value     Gradient |Var    Value     Gradient
  1  1.74480 -1.84587e+02 |  2  0.00710 -1.69826e+00 |  3  0.00696  1.30255e+00
  4  0.00740  2.41635e-01 |  5  0.01012 -7.24566e-01 |  6  0.00615 -3.38240e+00
  7  0.01088 -5.08871e+00 |  8  0.01215 -8.19932e+00 |  9  0.01636 -1.20708e+01
 10  0.01747 -1.76925e+01 | 11  0.01710 -2.39260e+01 | 12  0.01664 -3.15037e+01
 13  0.01730 -4.11411e+01 | 14  0.01697 -5.33500e+01 | 15  0.01697 -6.91535e+01
 16  0.01675 -8.88110e+01 | 17  0.01666 -1.13198e+02 | 18  0.01631 -1.41916e+02
 19  0.01487 -1.75323e+02 | 20 -0.01956 -1.71722e+02 | 21 -0.02332 -2.02352e+02
 22 -0.02296 -2.42233e+02 | 23 -0.02038 -2.90558e+02 | 24 -0.01879 -3.40572e+02
 25 -0.01576 -3.95763e+02 | 26 -0.01401 -4.45727e+02 | 27 -0.01233 -4.92335e+02
 28 -0.01218 -5.34402e+02 | 29 -0.00774 -6.07807e+02 | 30 -0.00726 -6.72279e+02
 31 -0.00795 -6.56121e+02 | 32 -0.00754 -4.69492e+02 | 33  0.01731 -1.64554e+02
 34  0.01473  2.53307e+02 | 35  0.00731  7.71062e+02 | 36  0.02030  1.50608e+03
 37  0.01869  1.68448e+03 | 38  0.01794  2.34529e+03 | 39  0.01819  2.81319e+03
 40  0.01172  2.74254e+03 | 41  0.01053  2.72286e+03 | 42  0.00962  2.90580e+03
 43  0.01219  3.29754e+03 | 44  0.01127  3.44207e+03 | 45  0.01780  3.41192e+03
 46  0.02140  2.76419e+03 | 47  0.01565  1.36673e+03 | 48  0.01500 -7.01791e+01
 49  0.02798 -1.01963e+03 | 50  0.02443 -1.07338e+03 | 51  0.02906 -1.07706e+03
 52  0.05270 -1.35460e+03 | 53  0.02692 -1.24931e+03 | 54  0.02893 -1.43462e+03
 55  0.02802 -1.59959e+03 | 56  0.02792 -1.80311e+03 | 57  0.02574 -1.85311e+03
 58  0.02555 -1.75568e+03 | 59  0.02474 -1.58989e+03 | 60  0.02704 -1.42547e+03
 61  0.02819 -1.12013e+03 | 62  0.02549 -6.92949e+02 | 63  0.02697 -4.15101e+02
 64  0.02906 -3.16999e+02 | 65  0.02699 -4.34034e+02 | 66  0.02788 -8.89870e+02
 67  0.02622 -1.36147e+03 | 68  0.02585 -1.37596e+03 | 69  0.02334 -8.12757e+02
 70  0.02158 -2.35810e+02 | 71  0.01864 -1.08218e+01 | 72  0.01511  2.45404e+01
 73  0.01405  7.17817e+00 | 74  0.00008  3.67713e+00 | 75 -0.00002  3.65842e+00

Initial statistics: 75 variables; iteration 0; function evaluation 0; phase 2
Function value nan; maximum gradient component mag 3.4421e+03
Var    Value     Gradient |Var    Value     Gradient |Var    Value     Gradient
  1  0.25520  1.84587e+02 |  2  0.00710 -1.69826e+00 |  3  0.00696  1.30255e+00
  4  0.00740  2.41635e-01 |  5  0.01012 -7.24566e-01 |  6  0.00615 -3.38240e+00
  7  0.01088 -5.08871e+00 |  8  0.01215 -8.19932e+00 |  9  0.01636 -1.20708e+01
 10  0.01747 -1.76925e+01 | 11  0.01710 -2.39260e+01 | 12  0.01664 -3.15037e+01
 13  0.01730 -4.11411e+01 | 14  0.01697 -5.33500e+01 | 15  0.01697 -6.91535e+01
 16  0.01675 -8.88110e+01 | 17  0.01666 -1.13198e+02 | 18  0.01631 -1.41916e+02
 19  0.01487 -1.75323e+02 | 20 -0.01956 -1.71722e+02 | 21 -0.02332 -2.02352e+02
 22 -0.02296 -2.42233e+02 | 23 -0.02038 -2.90558e+02 | 24 -0.01879 -3.40572e+02
 25 -0.01576 -3.95763e+02 | 26 -0.01401 -4.45727e+02 | 27 -0.01233 -4.92335e+02
 28 -0.01218 -5.34402e+02 | 29 -0.00774 -6.07807e+02 | 30 -0.00726 -6.72279e+02
 31 -0.00795 -6.56121e+02 | 32 -0.00754 -4.69492e+02 | 33  0.01731 -1.64554e+02
 34  0.01473  2.53307e+02 | 35  0.00731  7.71062e+02 | 36  0.02030  1.50608e+03
 37  0.01869  1.68448e+03 | 38  0.01794  2.34529e+03 | 39  0.01819  2.81319e+03
 40  0.01172  2.74254e+03 | 41  0.01053  2.72286e+03 | 42  0.00962  2.90580e+03
 43  0.01219  3.29754e+03 | 44  0.01127  3.44207e+03 | 45  0.01780  3.41192e+03
 46  0.02140  2.76419e+03 | 47  0.01565  1.36673e+03 | 48  0.01500 -7.01791e+01
 49  0.02798 -1.01963e+03 | 50  0.02443 -1.07338e+03 | 51  0.02906 -1.07706e+03
 52  0.05270 -1.35460e+03 | 53  0.02692 -1.24931e+03 | 54  0.02893 -1.43462e+03
 55  0.02802 -1.59959e+03 | 56  0.02792 -1.80311e+03 | 57  0.02574 -1.85311e+03
 58  0.02555 -1.75568e+03 | 59  0.02474 -1.58989e+03 | 60  0.02704 -1.42547e+03
 61  0.02819 -1.12013e+03 | 62  0.02549 -6.92949e+02 | 63  0.02697 -4.15101e+02
 64  0.02906 -3.16999e+02 | 65  0.02699 -4.34034e+02 | 66  0.02788 -8.89870e+02
 67  0.02622 -1.36147e+03 | 68  0.02585 -1.37596e+03 | 69  0.02334 -8.12757e+02
 70  0.02158 -2.35810e+02 | 71  0.01864 -1.08218e+01 | 72  0.01511  2.45404e+01
 73  0.01405  7.17817e+00 | 74  0.00008  3.67713e+00 | 75 -0.00002  3.65842e+00
  ic > imax  in fminim is answer attained ?
Var    Value     Gradient |Var    Value     Gradient |Var    Value     Gradient
  1  0.25486  2.01784e+02 |  2  0.00710 -1.58357e+00 |  3  0.00696  1.44897e+00
  4  0.00740  4.31734e-01 |  5  0.01012 -4.73710e-01 |  6  0.00615 -3.06798e+00
  7  0.01089 -4.66794e+00 |  8  0.01217 -7.65129e+00 |  9  0.01638 -1.13413e+01
 10  0.01750 -1.67452e+01 | 11  0.01714 -2.27378e+01 | 12  0.01669 -3.00198e+01
 13  0.01737 -3.92714e+01 | 14  0.01706 -5.10117e+01 | 15  0.01709 -6.62240e+01
 16  0.01691 -8.51579e+01 | 17  0.01686 -1.08661e+02 | 18  0.01656 -1.36323e+02
 19  0.01519 -1.68537e+02 | 20 -0.01924 -1.65326e+02 | 21 -0.02295 -1.94823e+02
 22 -0.02252 -2.33172e+02 | 23 -0.01986 -2.79591e+02 | 24 -0.01817 -3.27535e+02
 25 -0.01504 -3.80270e+02 | 26 -0.01320 -4.27607e+02 | 27 -0.01143 -4.71146e+02
 28 -0.01121 -5.09539e+02 | 29 -0.00664 -5.76981e+02 | 30 -0.00603 -6.34951e+02
 31 -0.00676 -6.14944e+02 | 32 -0.00669 -4.33435e+02 | 33  0.01761 -1.43419e+02
 34  0.01427  2.43848e+02 | 35  0.00591  7.28560e+02 | 36  0.01757  1.41363e+03
 37  0.01563  1.55905e+03 | 38  0.01368  2.17772e+03 | 39  0.01308  2.61531e+03
 40  0.00674  2.54957e+03 | 41  0.00558  2.53166e+03 | 42  0.00434  2.71118e+03
 43  0.00620  3.08767e+03 | 44  0.00502  3.23912e+03 | 45  0.01161  3.22566e+03
 46  0.01638  2.64162e+03 | 47  0.01317  1.32905e+03 | 48  0.01513 -7.32808e+01
 49  0.02983 -1.01395e+03 | 50  0.02638 -1.03713e+03 | 51  0.03102 -1.01291e+03
 52  0.05516 -1.26181e+03 | 53  0.02919 -1.15939e+03 | 54  0.03153 -1.33522e+03
 55  0.03093 -1.49409e+03 | 56  0.03119 -1.69544e+03 | 57  0.02910 -1.74577e+03
 58  0.02873 -1.64801e+03 | 59  0.02763 -1.48626e+03 | 60  0.02963 -1.32792e+03
 61  0.03023 -1.03059e+03 | 62  0.02674 -6.15234e+02 | 63  0.02772 -3.46232e+02
 64  0.02964 -2.51248e+02 | 65  0.02778 -3.67319e+02 | 66  0.02950 -8.20949e+02
 67  0.02869 -1.30030e+03 | 68  0.02835 -1.32074e+03 | 69  0.02481 -7.62959e+02
 70  0.02201 -2.04805e+02 | 71  0.01866  5.54100e-01 | 72  0.01507  2.62078e+01
 73  0.01404  7.16135e+00 | 74  0.00007  3.65915e+00 | 75 -0.00002  3.64122e+00
Function minimizer not making progress ... is minimum attained?
Minimprove criterion = 0.0000e+00

 - final statistics:
75 variables; iteration 2; function evaluation 35
Function value nan; maximum gradient component mag 3.2391e+03
Exit code = 1;  converg criter 1.0000e+01
Var    Value     Gradient |Var    Value     Gradient |Var    Value     Gradient
  1  0.25486  2.01784e+02 |  2  0.00710 -1.58357e+00 |  3  0.00696  1.44897e+00
  4  0.00740  4.31734e-01 |  5  0.01012 -4.73710e-01 |  6  0.00615 -3.06798e+00
  7  0.01089 -4.66794e+00 |  8  0.01217 -7.65129e+00 |  9  0.01638 -1.13413e+01
 10  0.01750 -1.67452e+01 | 11  0.01714 -2.27378e+01 | 12  0.01669 -3.00198e+01
 13  0.01737 -3.92714e+01 | 14  0.01706 -5.10117e+01 | 15  0.01709 -6.62240e+01
 16  0.01691 -8.51579e+01 | 17  0.01686 -1.08661e+02 | 18  0.01656 -1.36323e+02
 19  0.01519 -1.68537e+02 | 20 -0.01924 -1.65326e+02 | 21 -0.02295 -1.94823e+02
 22 -0.02252 -2.33172e+02 | 23 -0.01986 -2.79591e+02 | 24 -0.01817 -3.27535e+02
 25 -0.01504 -3.80270e+02 | 26 -0.01320 -4.27607e+02 | 27 -0.01143 -4.71146e+02
 28 -0.01121 -5.09539e+02 | 29 -0.00664 -5.76981e+02 | 30 -0.00603 -6.34951e+02
 31 -0.00676 -6.14944e+02 | 32 -0.00669 -4.33435e+02 | 33  0.01761 -1.43419e+02
 34  0.01427  2.43848e+02 | 35  0.00591  7.28560e+02 | 36  0.01757  1.41363e+03
 37  0.01563  1.55905e+03 | 38  0.01368  2.17772e+03 | 39  0.01308  2.61531e+03
 40  0.00674  2.54957e+03 | 41  0.00558  2.53166e+03 | 42  0.00434  2.71118e+03
 43  0.00620  3.08767e+03 | 44  0.00502  3.23912e+03 | 45  0.01161  3.22566e+03
 46  0.01638  2.64162e+03 | 47  0.01317  1.32905e+03 | 48  0.01513 -7.32808e+01
 49  0.02983 -1.01395e+03 | 50  0.02638 -1.03713e+03 | 51  0.03102 -1.01291e+03
 52  0.05516 -1.26181e+03 | 53  0.02919 -1.15939e+03 | 54  0.03153 -1.33522e+03
 55  0.03093 -1.49409e+03 | 56  0.03119 -1.69544e+03 | 57  0.02910 -1.74577e+03
 58  0.02873 -1.64801e+03 | 59  0.02763 -1.48626e+03 | 60  0.02963 -1.32792e+03
 61  0.03023 -1.03059e+03 | 62  0.02674 -6.15234e+02 | 63  0.02772 -3.46232e+02
 64  0.02964 -2.51248e+02 | 65  0.02778 -3.67319e+02 | 66  0.02950 -8.20949e+02
 67  0.02869 -1.30030e+03 | 68  0.02835 -1.32074e+03 | 69  0.02481 -7.62959e+02
 70  0.02201 -2.04805e+02 | 71  0.01866  5.54100e-01 | 72  0.01507  2.62078e+01
 73  0.01404  7.16135e+00 | 74  0.00007  3.65915e+00 | 75 -0.00002  3.64122e+00

Initial statistics: 88 variables; iteration 0; function evaluation 0; phase 3
Function value 2.8987185e+03; maximum gradient component mag 3.2391e+03
Var    Value     Gradient |Var    Value     Gradient |Var    Value     Gradient
  1  0.25486  2.01784e+02 |  2  0.00000 -2.51879e+00 |  3  0.00710 -1.58357e+00
  4  0.00696  1.44898e+00 |  5  0.00740  4.31735e-01 |  6  0.01012 -4.73710e-01
  7  0.00615 -3.06798e+00 |  8  0.01089 -4.66794e+00 |  9  0.01217 -7.65128e+00
 10  0.01638 -1.13413e+01 | 11  0.01750 -1.67452e+01 | 12  0.01714 -2.27378e+01
 13  0.01669 -3.00198e+01 | 14  0.01737 -3.92714e+01 | 15  0.01706 -5.10117e+01
 16  0.01709 -6.62240e+01 | 17  0.01691 -8.51579e+01 | 18  0.01686 -1.08661e+02
 19  0.01656 -1.36323e+02 | 20  0.01519 -1.68537e+02 | 21 -0.01924 -1.65326e+02
 22 -0.02295 -1.94823e+02 | 23 -0.02252 -2.33172e+02 | 24 -0.01986 -2.79591e+02
 25 -0.01817 -3.27535e+02 | 26 -0.01504 -3.80270e+02 | 27 -0.01320 -4.27607e+02
 28 -0.01143 -4.71146e+02 | 29 -0.01121 -5.09539e+02 | 30 -0.00664 -5.76982e+02
 31 -0.00603 -6.34952e+02 | 32 -0.00676 -6.14945e+02 | 33 -0.00669 -4.33435e+02
 34  0.01761 -1.43419e+02 | 35  0.01427  2.43848e+02 | 36  0.00591  7.28561e+02
 37  0.01757  1.41364e+03 | 38  0.01563  1.55905e+03 | 39  0.01368  2.17772e+03
 40  0.01308  2.61531e+03 | 41  0.00674  2.54957e+03 | 42  0.00558  2.53166e+03
 43  0.00434  2.71118e+03 | 44  0.00620  3.08767e+03 | 45  0.00502  3.23912e+03
 46  0.01161  3.22566e+03 | 47  0.01638  2.64162e+03 | 48  0.01317  1.32905e+03
 49  0.01513 -7.32821e+01 | 50  0.02983 -1.01395e+03 | 51  0.02638 -1.03713e+03
 52  0.03102 -1.01291e+03 | 53  0.05516 -1.26181e+03 | 54  0.02919 -1.15939e+03
 55  0.03153 -1.33522e+03 | 56  0.03093 -1.49409e+03 | 57  0.03119 -1.69544e+03
 58  0.02910 -1.74577e+03 | 59  0.02873 -1.64801e+03 | 60  0.02763 -1.48626e+03
 61  0.02963 -1.32792e+03 | 62  0.03023 -1.03059e+03 | 63  0.02674 -6.15233e+02
 64  0.02772 -3.46232e+02 | 65  0.02964 -2.51248e+02 | 66  0.02778 -3.67320e+02
 67  0.02950 -8.20950e+02 | 68  0.02869 -1.30030e+03 | 69  0.02835 -1.32074e+03
 70  0.02481 -7.62958e+02 | 71  0.02201 -2.04804e+02 | 72  0.01866  5.54123e-01
 73  0.01507  2.62077e+01 | 74  0.01404  7.16135e+00 | 75  0.00007  3.65915e+00
 76 -0.00002  3.64122e+00 | 77 -0.38722  5.74348e+01 | 78 -0.99265 -2.47314e-01
 79 -0.03301  7.64837e+01 | 80 -0.10660  2.87149e+02 | 81 -0.99265 -2.47322e-01
 82  0.07752 -2.43292e+02 | 83  0.26198  2.30331e+01 | 84 -0.01721 -3.39753e+01
 85  0.07752 -1.00233e+02 | 86 -0.38722  5.96499e+00 | 87  0.00000 -5.63292e-01
 88  0.07752 -2.03332e+00 |

Intermediate statistics: 88 variables; iteration 20; function evaluation 38; phase 3
Function value 1.3232349e+03; maximum gradient component mag -5.5565e+02
Var    Value     Gradient |Var    Value     Gradient |Var    Value     Gradient
  1  0.07267  7.98840e+01 |  2  0.00290 -1.29425e-01 |  3  0.00319 -2.38205e-01
  4 -0.01297 -3.62564e-01 |  5 -0.01233 -4.29825e-01 |  6 -0.01156 -5.07544e-01
  7 -0.01051 -5.69016e-01 |  8 -0.00922 -6.29788e-01 |  9 -0.00753 -6.58431e-01
 10 -0.00520 -6.17407e-01 | 11 -0.00217 -5.17301e-01 | 12  0.00028 -5.44068e-01
 13  0.00305 -5.32981e-01 | 14  0.00675 -3.78288e-01 | 15  0.01197 -1.58571e-01
 16  0.02030  2.11710e-01 | 17  0.03163  5.49235e-01 | 18  0.04726  5.46687e-01
 19  0.06593  1.46929e-01 | 20  0.09106 -1.84894e+00 | 21  0.08363 -5.94071e+00
 22  0.10277 -1.01252e+01 | 23  0.12778 -1.73811e+01 | 24  0.15346 -2.74026e+01
 25  0.16748 -3.33905e+01 | 26  0.16537 -3.01016e+01 | 27  0.14382 -1.65994e+01
 28  0.13155 -5.12418e+00 | 29  0.13753 -2.01660e+00 | 30  0.20482 -4.40273e+01
 31  0.13106 -8.47713e+01 | 32 -0.25813 -6.45581e+01 | 33 -0.50939 -7.85561e+01
 34 -0.37364 -7.48003e+01 | 35  0.22604  2.81678e+01 | 36 -0.02616  4.74537e+01
 37 -0.11774  4.08376e+00 | 38  0.15825 -4.26062e+01 | 39 -0.20237 -1.12610e+01
 40 -0.11507  2.10465e+01 | 41 -0.02851  9.66800e+01 | 42  0.15744  3.99527e+02
 43 -0.02271  7.66058e+01 | 44 -0.11801  2.37506e+01 | 45 -0.06832  9.69548e+01
 46 -0.00510  2.54015e+02 | 47  0.03402  3.83107e+02 | 48 -1.13215  3.06528e+01
 49  0.08755  4.60775e+01 | 50  0.14946 -2.05622e+02 | 51  0.26919 -5.55655e+02
 52 -0.34782 -7.38430e+01 | 53 -0.54604 -7.81388e+01 | 54  0.04360 -1.02246e+02
 55  0.24432  1.21565e+02 | 56  0.00627  8.72918e+01 | 57  0.16681  2.89771e+02
 58  0.25165  1.11684e+02 | 59 -0.23232 -5.77290e+01 | 60 -0.29167 -6.61475e+01
 61  0.17734  2.28129e+01 | 62  0.22878  1.79645e+02 | 63 -0.00524 -3.51936e+00
 64  0.09050 -7.84693e+01 | 65 -0.18883 -5.80794e+01 | 66 -0.58557 -7.42982e+01
 67  0.19868  2.40492e+02 | 68  0.10282  8.81457e+01 | 69  0.27397 -2.21902e+01
 70 -0.16160 -5.39672e+01 | 71 -0.71690 -6.04427e+01 | 72 -0.31318 -8.39223e+01
 73 -0.08478 -2.69708e+01 | 74 -0.01520 -6.08468e-01 | 75 -0.01433 -4.76784e-01
 76 -0.01441 -4.63538e-01 | 77 -0.74194 -4.28801e+01 | 78 -0.99127 -2.13986e-01
 79 -0.28518 -1.26416e-03 | 80 -0.05890 -1.00341e+02 | 81 -0.99127 -2.14020e-01
 82  0.26989 -5.78574e+01 | 83  0.20155 -3.71756e+00 | 84  0.00021 -6.79581e+00
 85  0.34598  1.48201e+00 | 86 -0.43006  7.43814e-01 | 87 -0.00774  1.34563e+00
 88  0.09395 -3.36948e-01 |
88 variables; iteration 40; function evaluation 64; phase 3
Function value 1.1944343e+03; maximum gradient component mag 6.9642e+02
Var    Value     Gradient |Var    Value     Gradient |Var    Value     Gradient
  1  0.13524 -5.85707e+02 |  2 -0.00098 -3.77465e-01 |  3 -0.00256 -8.43534e-01
  4 -0.02246 -1.88298e+00 |  5 -0.02247 -2.00662e+00 |  6 -0.02319 -2.34255e+00
  7 -0.02179 -2.21875e+00 |  8 -0.02345 -2.89729e+00 |  9 -0.02422 -3.43834e+00
 10 -0.02677 -4.49682e+00 | 11 -0.02865 -5.51401e+00 | 12 -0.03030 -6.35823e+00
 13 -0.03340 -7.47334e+00 | 14 -0.03942 -9.21994e+00 | 15 -0.04656 -1.13308e+01
 16 -0.05575 -1.41171e+01 | 17 -0.06728 -1.74273e+01 | 18 -0.08032 -2.11027e+01
 19 -0.09714 -2.50600e+01 | 20 -0.10716 -2.77898e+01 | 21 -0.01807 -1.45583e+01
 22  0.02872 -1.09786e+01 | 23  0.14099 -1.49664e+01 | 24  0.19575 -1.75539e+01
 25 -0.08808 -2.07863e+01 | 26 -0.21386 -4.34206e+01 | 27 -0.18682 -3.28609e+01
 28 -0.08262  1.69004e+01 | 29 -0.04612  7.23081e+01 | 30  0.01533  2.21656e+02
 31  0.04887  4.23866e+02 | 32 -0.07661  1.73222e+02 | 33 -1.14075  3.21933e+01
 34 -0.10419  7.66443e+01 | 35  0.07120  8.19468e+01 | 36 -0.44414 -7.88949e+01
 37 -0.15119 -1.00626e+02 | 38  0.02136 -5.61431e+02 | 39 -0.19820  2.55971e+01
 40 -0.15743 -3.71939e+01 | 41 -0.48634 -7.51286e+01 | 42  0.01830  1.05903e+01
 43 -0.08462 -4.54592e+01 | 44 -0.21806 -7.43618e+01 | 45 -0.12866 -1.57522e+02
 46 -0.25965 -1.19857e+02 | 47 -0.17470 -1.39797e+02 | 48 -1.69091  7.88831e+01
 49 -0.00639 -3.21187e+02 | 50 -0.04760 -2.95206e+02 | 51  0.09781 -2.48713e+02
 52  0.01010  1.86249e+02 | 53 -1.21813  4.74487e+01 | 54  0.04617  1.63633e+00
 55  0.05256 -1.93425e+02 | 56 -0.35213 -7.90820e+01 | 57  0.02089 -3.10748e+02
 58  0.06054 -4.50134e+02 | 59  0.01022 -2.54179e+02 | 60 -1.04096  9.85025e+00
 61  0.07213  9.55078e+01 | 62  0.06149  2.64177e+02 | 63 -0.23630 -1.48248e+01
 64 -0.09921  1.54592e+02 | 65  0.02550  6.96422e+02 | 66 -0.07125  3.23934e+02
 67  0.00034  4.27778e+02 | 68 -0.10955  1.47384e+01 | 69  0.11875 -1.05937e+02
 70 -0.03660 -3.49908e+01 | 71 -1.63021  6.72611e+01 | 72 -0.08139  2.43472e+01
 73 -0.15609 -1.10523e+01 | 74 -0.02645 -1.83441e+00 | 75 -0.01923 -5.67017e-01
 76 -0.01939 -5.60984e-01 | 77 -0.73898 -1.16284e+02 | 78 -0.97956 -9.66383e-02
 79 -1.04491  4.42366e-02 | 80 -0.11067  6.59359e+02 | 81 -0.97956 -9.63440e-02
 82  0.23314 -2.92791e+01 | 83  0.15920 -2.47479e+00 | 84  0.05852  1.27011e-01
 85  1.02762 -7.25419e-02 | 86 -0.37802  9.47635e+00 | 87 -0.06562 -8.99962e-02
 88  0.10863 -2.93986e+00 |
88 variables; iteration 60; function evaluation 103; phase 3
Function value 1.0620175e+03; maximum gradient component mag 1.7339e+03
Var    Value     Gradient |Var    Value     Gradient |Var    Value     Gradient
  1  0.05877  1.73387e+03 |  2  0.02390  5.03173e+00 |  3  0.00020 -1.12943e+00
  4 -0.07668 -1.58100e+01 |  5 -0.07589 -1.60609e+01 |  6 -0.08452 -1.85526e+01
  7 -0.06743 -1.54364e+01 |  8 -0.08666 -2.03765e+01 |  9 -0.09396 -2.26777e+01
 10 -0.11632 -2.79115e+01 | 11 -0.12808 -3.07837e+01 | 12 -0.13622 -3.27170e+01
 13 -0.14759 -3.49872e+01 | 14 -0.16772 -3.85376e+01 | 15 -0.18308 -4.10158e+01
 16 -0.19009 -4.17008e+01 | 17 -0.18029 -3.87970e+01 | 18 -0.13524 -2.79473e+01
 19 -0.05308 -5.62421e+00 | 20  0.10175  4.69552e+01 | 21  0.10517  6.27017e+01
 22  0.15812  1.19702e+02 | 23  0.22312  2.58985e+02 | 24  0.11004  1.88265e+02
 25  0.12770  3.31512e+02 | 26 -0.00499  1.75597e+02 | 27 -0.26077 -1.96993e+01
 28 -0.07509  1.90588e+02 | 29 -0.05904  2.78059e+02 | 30  0.00806  5.28430e+02
 31  0.13372  9.50775e+02 | 32 -0.04561 -1.67286e+01 | 33 -0.33078 -9.11569e+01
 34 -0.34233 -1.08295e+02 | 35  0.09683 -1.15442e+03 | 36 -0.32191 -8.10203e+01
 37  0.11675  4.20161e+02 | 38  0.05631  1.17587e+02 | 39 -0.25827 -1.39971e+00
 40  0.02401  6.23283e+02 | 41 -0.20792  4.13407e+01 | 42  0.00681  4.73182e+02
 43 -0.00583  5.19476e+02 | 44 -0.09902  3.22014e+02 | 45  0.01213  9.62796e+02
 46 -0.23314  3.97035e+01 | 47 -0.04846  1.65441e+02 | 48 -1.10957  2.54998e+01
 49 -0.03090 -8.18919e+01 | 50  0.05754 -4.89826e+02 | 51  0.13567 -1.09296e+03
 52 -0.03542 -1.92731e+02 | 53 -0.04994 -2.72128e+02 | 54 -0.00016 -3.00685e+02
 55  0.12761 -6.56532e+02 | 56 -0.34545 -7.67209e+01 | 57 -0.00349 -7.30021e+01
 58  0.15236  8.68179e-03 | 59  0.08875 -1.03420e+02 | 60 -0.52091 -7.74636e+01
 61 -0.00857 -4.50668e+01 | 62  0.17267  6.62432e+01 | 63 -0.20846 -7.03210e+01
 64 -0.00244 -4.20799e+02 | 65 -0.03458 -5.39257e+02 | 66 -0.17895 -1.91780e+02
 67 -0.02385 -2.20170e+02 | 68 -0.00529  2.64770e+01 | 69  0.18503  2.79516e+02
 70 -0.06134 -4.16228e+01 | 71 -1.63363  7.03909e+01 | 72  0.01751  8.46229e+01
 73 -0.03011  5.24792e+01 | 74 -0.08593 -1.65799e+01 | 75 -0.03846 -5.49382e+00
 76 -0.03841 -5.46611e+00 | 77 -0.74393 -6.55740e+02 | 78 -0.86172 -1.51374e-02
 79 -3.72679  7.51953e-02 | 80 -0.20594  1.95255e+02 | 81 -0.86181 -1.38012e-02
 82  0.23818 -1.47686e+01 | 83  1.56124  8.09136e-01 | 84  0.44858  2.67113e-03
 85  1.65950 -6.96439e-01 | 86  0.46878 -5.03732e+01 | 87 -0.70605 -6.31273e-03
 88 -0.07992  6.71732e+01 |
88 variables; iteration 80; function evaluation 126; phase 3
Function value 8.8116201e+02; maximum gradient component mag -1.4231e+03
Var    Value     Gradient |Var    Value     Gradient |Var    Value     Gradient
  1  0.06379  6.80099e+02 |  2  0.05710  1.26170e+01 |  3  0.03301  6.60662e+00
  4 -0.03794 -6.53990e+00 |  5 -0.05154 -1.00312e+01 |  6 -0.05670 -1.15691e+01
  7 -0.02604 -4.97773e+00 |  8 -0.03227 -6.92541e+00 |  9 -0.03774 -8.69542e+00
 10 -0.04993 -1.18899e+01 | 11 -0.04519 -1.14140e+01 | 12 -0.03842 -1.03014e+01
 13 -0.03838 -1.03122e+01 | 14 -0.04858 -1.20688e+01 | 15 -0.04489 -1.08522e+01
 16 -0.01863 -5.11236e+00 | 17 -0.00809 -2.70923e+00 | 18  0.03520  5.48708e+00
 19  0.07976  1.59465e+01 | 20  0.28092  4.69268e+01 | 21  0.21467  6.65387e+01
 22  0.21251  1.19267e+02 | 23  0.18725  1.79765e+02 | 24  0.13995  2.16320e+02
 25  0.07987  2.13746e+02 | 26 -0.14262  1.88226e+01 | 27 -0.09596  7.76507e+01
 28 -0.01825  2.18149e+02 | 29 -0.06103  1.52008e+02 | 30  0.06542  3.98493e+02
 31  0.18016  4.41075e+02 | 32  0.09385 -1.77867e+02 | 33 -0.50434 -8.24975e+01
 34 -0.40699 -9.21148e+01 | 35  0.14918 -1.42308e+03 | 36 -0.16162 -1.17933e+02
 37  0.15750 -2.40688e+02 | 38  0.07055 -2.58201e+02 | 39 -0.05024  2.12689e+02
 40  0.01089  3.42347e+02 | 41 -0.02463  3.12910e+02 | 42  0.03464  4.99490e+02
 43  0.00862  3.89824e+02 | 44 -0.00532  4.27584e+02 | 45  0.00373  4.92737e+02
 46 -0.08818  1.18956e+02 | 47 -0.03815 -1.90687e+01 | 48 -1.20393  4.59851e+01
 49 -0.00942 -1.33586e+02 | 50  0.07680 -2.42690e+02 | 51  0.21765 -5.78965e+02
 52 -0.03817 -6.92650e+00 | 53  0.07246 -9.35727e+01 | 54 -0.00289  1.04668e+01
 55  0.22085  2.19797e+02 | 56 -0.15562 -2.67518e+01 | 57 -0.03168  1.72495e+01
 58  0.22013  3.64191e+02 | 59  0.16377  7.92278e+01 | 60 -0.15390 -5.45809e+01
 61  0.02196 -9.00125e+01 | 62  0.20550 -8.64618e+01 | 63 -0.13334 -3.18782e+01
 64  0.14825 -2.18503e+02 | 65 -0.03419 -2.20719e+02 | 66 -0.14516 -1.45949e+02
 67  0.00627 -2.09087e+02 | 68  0.05356 -2.65030e+01 | 69  0.23326  2.29730e+00
 70  0.00801 -7.45639e+01 | 71 -2.03838  4.11022e+01 | 72 -0.00545  7.69491e+00
 73 -0.02165  2.07094e+01 | 74 -0.03986 -6.29347e+00 | 75 -0.05822 -1.10023e+01
 76 -0.05896 -1.11713e+01 | 77 -0.73027 -8.87383e+01 | 78 -0.64097 -1.97895e-02
 79 -1.26711  7.04242e-03 | 80 -0.24770  9.40616e+01 | 81 -0.64374 -4.65267e-03
 82  0.38185 -2.88456e+00 | 83  1.56772  2.31122e+00 | 84  0.47635  2.91652e-03
 85  1.63883 -2.21883e+00 | 86  0.65725 -2.16821e+01 | 87 -1.61841  1.99786e-03
 88 -0.09273  5.88135e+01 |
88 variables; iteration 100; function evaluation 154; phase 3
Function value 7.0072886e+02; maximum gradient component mag 1.2159e+03
Var    Value     Gradient |Var    Value     Gradient |Var    Value     Gradient
  1  0.06658  1.21585e+03 |  2 -0.07678 -1.92739e+01 |  3  0.02298  4.40403e+00
  4 -0.05393 -1.00940e+01 |  5  0.13677  3.27876e+01 |  6 -0.17645 -3.79118e+01
  7  0.15531  3.46893e+01 |  8 -0.00154  1.34450e+00 |  9 -0.00630 -3.37314e-01
 10  0.12275  2.41874e+01 | 11  0.17825  2.83257e+01 | 12 -0.10273 -2.33017e+01
 13 -0.10811 -2.42363e+01 | 14  0.04699  1.19730e+01 | 15  0.24926  5.74246e+01
 16 -0.15468 -3.31714e+01 | 17  0.10568  3.18520e+01 | 18  0.13790  4.09624e+01
 19  0.17583  7.27817e+01 | 20  0.16566  9.54080e+01 | 21  0.08921  8.24009e+01
 22  0.07043  1.11813e+02 | 23  0.09031  2.02906e+02 | 24  0.02915  1.81590e+02
 25 -0.07794  8.75841e+01 | 26 -0.19267  1.26192e+01 | 27 -0.28810 -2.79370e+01
 28 -0.08037  1.64850e+02 | 29 -0.07795  1.66189e+02 | 30  0.00849  2.91503e+02
 31  0.15331  3.11453e+02 | 32  0.06488 -2.39566e+02 | 33 -0.53937 -8.06665e+01
 34 -0.42246 -8.79375e+01 | 35  0.13852 -8.83085e+02 | 36 -0.09338 -1.01616e+02
 37  0.10185 -5.52026e+01 | 38  0.05376 -3.25329e+02 | 39 -0.15063  2.63660e+01
 40  0.00633  1.82474e+02 | 41 -0.17897  1.58016e+01 | 42  0.02879  3.38973e+02
 43 -0.05961  1.93353e+02 | 44 -0.00039  5.59339e+02 | 45 -0.01894  5.37307e+02
 46 -0.11810  9.72561e+01 | 47 -0.06524 -1.08705e+02 | 48 -1.54569  8.28956e+01
 49 -0.05534 -1.55906e+02 | 50  0.04179 -9.40615e+01 | 51  0.20198 -3.07682e+02
 52 -0.17705 -4.73102e+01 | 53 -0.04420 -1.40336e+02 | 54  0.04590 -7.80922e+01
 55  0.16702 -8.76065e+01 | 56 -0.20815 -5.72484e+01 | 57 -0.06534 -5.04992e+01
 58  0.17205  7.91135e+01 | 59  0.11826  1.77693e+01 | 60 -0.23825 -5.89236e+01
 61  0.07857 -6.28025e+01 | 62  0.13835 -1.37564e+00 | 63 -0.20724 -4.21753e+01
 64  0.11888 -1.66109e+01 | 65 -0.04715 -1.48131e+02 | 66 -0.21641 -9.63641e+01
 67  0.02864 -1.41779e+02 | 68 -0.02937  1.16786e+01 | 69  0.17032  2.35549e+02
 70  0.09713  6.72519e+01 | 71 -1.96450 -3.14403e+01 | 72 -0.10937 -8.09676e+00
 73 -0.03827  2.58389e+01 | 74 -0.05898 -1.05605e+01 | 75  0.04633  1.50130e+01
 76  0.05949  1.82168e+01 | 77 -0.70229 -7.95310e+01 | 78 -0.43385 -4.30993e-01
 79 -2.68928 -6.37221e-03 | 80 -0.25003  4.40803e+01 | 81 -0.58421 -1.72904e-02
 82  0.40707 -3.05547e+00 | 83  1.64985  4.47035e+00 | 84  0.64752  5.08192e-03
 85  1.63190 -2.87744e+00 | 86  0.63407 -2.05157e+02 | 87  0.39832  2.26989e-03
 88 -0.34099  6.95489e+01 |
88 variables; iteration 120; function evaluation 188; phase 3
Function value 3.7315791e+02; maximum gradient component mag -9.7486e+02
Var    Value     Gradient |Var    Value     Gradient |Var    Value     Gradient
  1  0.02780  8.32523e+01 |  2  0.00026  1.74560e+00 |  3  0.01066  4.91408e+00
  4 -0.08330 -1.50683e+01 |  5  0.02345  1.36392e+01 |  6 -0.04166 -3.38197e+00
  7  0.01928  1.46262e+01 |  8 -0.03235  9.28813e-01 |  9 -0.02647  3.91111e+00
 10 -0.01362  9.48652e+00 | 11  0.02344  2.43050e+01 | 12 -0.01601  1.20447e+01
 13 -0.11591 -1.73798e+01 | 14 -0.01022  2.13505e+01 | 15  0.42471  5.77499e+02
 16  0.01462  4.43261e+01 | 17 -0.02387  2.90939e+01 | 18 -0.22868 -4.14388e+01
 19 -0.19779 -3.26049e+01 | 20  0.01492  6.32952e+01 | 21 -0.03209  3.57254e+01
 22 -0.04202  3.08602e+01 | 23 -0.05298  2.53685e+01 | 24 -0.10248  2.41944e+00
 25 -0.12728 -8.06987e+00 | 26 -0.19155 -2.99904e+01 | 27 -0.23906 -4.30888e+01
 28 -0.14564 -1.85527e+01 | 29 -0.18001 -3.52811e+01 | 30 -0.07130 -6.40057e+01
 31  0.09229 -6.00908e+02 | 32 -0.02642 -3.88915e+02 | 33  0.07639 -9.74860e+02
 34 -0.34275 -9.11242e+01 | 35  0.10362 -6.60071e+02 | 36 -0.06020 -1.84102e+02
 37  0.03361 -1.09334e+02 | 38  0.08178 -2.68430e+02 | 39 -0.24492 -8.23047e+01
 40  0.08052  2.63921e+02 | 41 -0.30038 -6.32994e+01 | 42 -0.03783 -8.93772e+01
 43  0.05220  3.51472e+02 | 44  0.03949  6.82723e+02 | 45 -0.03307  2.17312e+02
 46 -0.16421 -1.53140e+01 | 47  0.00648  4.84312e+01 | 48 -1.94004  3.53200e+01
 49 -0.13521 -6.20372e+01 | 50  0.04695  1.23300e+02 | 51  0.16353  4.56764e+02
 52 -0.22794  7.58715e+00 | 53 -0.00856  1.31733e+02 | 54 -0.07467  6.76685e+01
 55  0.12817  3.25800e+02 | 56 -0.22028 -3.11371e+01 | 57 -0.10284  1.82262e+01
 58  0.13718  4.02847e+02 | 59  0.04612  1.95673e+02 | 60 -0.04570  7.37069e+01
 61  0.03366  1.88973e+02 | 62  0.09768  2.81796e+02 | 63 -0.18153 -2.30924e+01
 64  0.07278 -1.17756e+02 | 65 -0.09039 -1.95420e+02 | 66 -0.20394 -1.31547e+02
 67  0.01256 -2.73945e+02 | 68 -0.05464 -6.74519e+01 | 69  0.11204 -1.87611e+02
 70  0.04843 -1.40256e+02 | 71 -1.74764  5.02158e+01 | 72 -0.04568  3.51597e+01
 73 -0.06731  1.81177e+01 | 74 -0.02384 -5.34118e-01 | 75 -0.00921  2.64013e+00
 76  0.05090  1.74356e+01 | 77 -0.67457  3.74293e+01 | 78 -0.10391  2.38545e+02
 79 -5.96855  1.32556e-04 | 80 -0.21039  1.72923e+02 | 81 -0.59417  1.77310e-02
 82  0.44516  1.93337e-01 | 83  0.75179 -2.22393e+01 | 84  1.05464 -3.64499e-02
 85  1.84173 -1.51802e+02 | 86  0.61898 -1.33006e+02 | 87  6.48782  3.02973e-03
 88 -0.38259  3.15071e+01 |
88 variables; iteration 140; function evaluation 211; phase 3
Function value 2.1453724e+02; maximum gradient component mag 1.0197e+04
Var    Value     Gradient |Var    Value     Gradient |Var    Value     Gradient
  1  0.03862  1.01968e+04 |  2 -0.00809 -2.40143e+00 |  3  0.00591  9.58571e-01
  4 -0.00151  3.04455e+00 |  5 -0.01102  7.09766e-01 |  6 -0.00397  2.41195e+00
  7 -0.01193  4.97566e-01 |  8  0.00682  5.10186e+00 |  9 -0.01036  1.02596e+00
 10 -0.00210  3.16565e+00 | 11 -0.02269 -1.74726e+00 | 12  0.01712  6.21145e+00
 13  0.01277  5.08717e+00 | 14 -0.00394  3.15367e+00 | 15  0.33347  9.54579e+01
 16  0.00809  6.56539e+00 | 17 -0.01922 -1.64103e+00 | 18  0.03210  5.01534e+00
 19  0.00110  1.03983e+00 | 20 -0.24363 -5.18613e+01 | 21 -0.06666 -1.67608e+01
 22 -0.07641 -1.84410e+01 | 23 -0.12676 -2.84788e+01 | 24 -0.03589 -4.00138e+00
 25 -0.07537 -7.60911e+00 | 26 -0.07843  2.27047e+00 | 27 -0.09734  6.63016e+00
 28 -0.16186 -1.23781e+01 | 29 -0.07728  4.45142e+01 | 30 -0.14143  2.37025e+01
 31  0.01398  2.57546e+02 | 32  0.01432  2.62941e+02 | 33  0.06965  4.97551e+02
 34 -0.31596 -2.53870e+01 | 35  0.06210  6.56716e+02 | 36 -0.01990  2.47874e+02
 37 -0.03542  3.23156e+02 | 38  0.08714  7.89010e+02 | 39 -0.19500  7.30061e+01
 40  0.00167  5.30288e+02 | 41 -0.07357  2.48619e+02 | 42 -0.02214  3.99317e+02
 43  0.02994  7.05388e+02 | 44 -0.02548  4.50027e+02 | 45 -0.02486  3.98089e+02
 46 -0.05850  1.93476e+02 | 47 -0.06486  1.00176e+02 | 48 -1.95923 -1.41639e+01
 49 -0.13956 -9.68721e+01 | 50  0.00558 -6.16680e+01 | 51  0.13109 -3.05364e+02
 52 -0.17943  1.41389e+00 | 53  0.00956 -1.44215e+02 | 54 -0.16117 -6.84178e+01
 55  0.07683 -2.62360e+02 | 56 -0.09270 -7.12592e+01 | 57 -0.03497 -6.17753e+01
 58  0.07334 -1.39977e+02 | 59  0.00756 -1.25860e+02 | 60  0.01448 -9.07355e+01
 61 -0.01794 -1.36455e+01 | 62  0.05182 -3.25919e+01 | 63 -0.03532 -3.00601e+01
 64 -0.05360  4.87348e+01 | 65 -0.00790  8.23758e+01 | 66 -0.03321  1.19982e+01
 67 -0.12384  3.59890e+00 | 68 -0.05158  6.24936e+01 | 69  0.07513  1.23092e+02
 70  0.03581 -4.09908e+01 | 71 -1.89863 -2.17516e+01 | 72 -0.10020  3.69623e+01
 73 -0.12052  2.96759e+00 | 74 -0.02124  9.57419e-01 | 75 -0.02724 -1.20664e+00
 76 -0.02316 -1.91025e-01 | 77 -0.68615  7.42222e+01 | 78 -0.13505  2.46515e+02
 79 -5.67755  1.73641e-03 | 80 -0.26620  4.55591e+02 | 81 -1.09600  1.97410e-02
 82  0.62828 -1.51145e-01 | 83  0.86295  7.03111e+00 | 84  0.15727  7.94940e-04
 85  1.86363  2.09820e+02 | 86  0.66226 -2.34764e-03 | 87  7.95956 -3.58612e-02
 88 -0.40621 -1.45059e-03 |
88 variables; iteration 160; function evaluation 231; phase 3
Function value 1.4031805e+02; maximum gradient component mag 3.1543e+03
Var    Value     Gradient |Var    Value     Gradient |Var    Value     Gradient
  1  0.04565  3.15435e+03 |  2  0.00307  1.11143e+00 |  3 -0.00372 -4.87439e-01
  4 -0.01815 -5.11123e-02 |  5 -0.01951 -2.42692e-01 |  6 -0.01498  1.10269e+00
  7 -0.01637  1.02580e+00 |  8 -0.01830  9.02621e-01 |  9 -0.01682  1.77245e+00
 10 -0.02436  3.77335e-01 | 11 -0.01430  3.77679e+00 | 12 -0.02167  1.14973e+00
 13 -0.00081  7.77750e+00 | 14 -0.01990  5.30990e+00 | 15  0.21535  1.05644e+02
 16  0.01919  2.05169e+01 | 17  0.00447  1.53036e+01 | 18  0.05967  2.99088e+01
 19  0.00993  1.81809e+01 | 20 -0.03893  8.84067e-01 | 21 -0.02605  2.30555e+00
 22 -0.03172 -6.12640e-01 | 23 -0.09297 -1.72382e+01 | 24 -0.03259 -6.64685e-01
 25 -0.05906 -3.95097e+00 | 26 -0.06734  1.49836e+00 | 27 -0.07693  7.41817e+00
 28 -0.11176 -2.84765e+00 | 29 -0.11546 -3.51171e+00 | 30 -0.13585 -8.67298e+00
 31 -0.03240  4.65568e+01 | 32  0.00216  8.79178e+01 | 33  0.06538  2.07244e+02
 34 -0.15408  1.35439e+01 | 35 -0.00484  1.25042e+02 | 36  0.02419  9.54008e+01
 37 -0.07443  9.19313e+01 | 38  0.08224  3.41011e+02 | 39 -0.17494  5.21769e+01
 40 -0.01899  8.53630e+01 | 41 -0.04577  8.49073e+01 | 42 -0.03848  6.44191e+01
 43  0.00678  6.34912e+01 | 44 -0.02314  2.82392e+01 | 45 -0.03445  5.57100e+01
 46 -0.05029  6.58270e+01 | 47 -0.06035  9.38536e+01 | 48 -1.91455 -9.24910e+01
 49 -0.05263  2.18633e+02 | 50 -0.06616  7.46909e+01 | 51  0.11910  5.43241e+01
 52 -0.26055 -1.39536e+01 | 53  0.02131 -4.37304e+01 | 54 -0.13412 -2.99591e+01
 55  0.02161 -5.02785e+01 | 56 -0.00611 -8.52195e+00 | 57 -0.07053 -2.51761e+01
 58  0.02271 -6.31027e+01 | 59  0.02136 -3.20559e+01 | 60  0.02927 -1.03810e+01
 61 -0.05365 -3.96899e+01 | 62 -0.01186 -8.74269e+01 | 63  0.03839 -1.50378e+02
 64 -0.14915 -4.59822e+01 | 65 -0.05181 -2.59159e+01 | 66 -0.01436  9.29405e+00
 67 -0.13919  8.08962e+00 | 68 -0.05201  4.66572e+01 | 69 -0.02686  1.08473e+01
 70  0.08028 -1.15252e+02 | 71 -1.85371  2.43780e+01 | 72 -0.13054  3.68401e+00
 73 -0.08867  1.24641e+01 | 74 -0.02449  1.02041e+00 | 75 -0.02139  9.43351e-01
 76 -0.01916  1.45622e+00 | 77 -0.68452 -1.48258e+00 | 78 -0.15862 -2.97538e+00
 79 -5.93539  3.98010e-04 | 80 -0.37255  5.31431e+01 | 81 -1.34625  6.40732e-04
 82  0.72131  1.20269e-02 | 83  0.98088 -1.63600e-01 | 84  0.04207 -1.05598e+00
 85  1.83941  2.96106e+01 | 86  0.69668 -4.90670e+00 | 87  8.61820  4.59467e-03
 88 -0.24297  4.09048e+00 |
88 variables; iteration 180; function evaluation 252; phase 3
Function value 1.2783653e+02; maximum gradient component mag 5.8856e+03
Var    Value     Gradient |Var    Value     Gradient |Var    Value     Gradient
  1  0.04787  5.88562e+03 |  2  0.00129  2.68741e+00 |  3 -0.00305  2.07393e+00
  4 -0.01628  3.04683e+00 |  5 -0.01833  3.19464e+00 |  6 -0.01708  4.40345e+00
  7 -0.01939  4.77617e+00 |  8 -0.02059  5.65683e+00 |  9 -0.02016  7.25620e+00
 10 -0.02385  7.76559e+00 | 11 -0.02394  9.64271e+00 | 12 -0.01434  1.38168e+01
 13 -0.01563  1.63248e+01 | 14 -0.02407  1.78898e+01 | 15  0.14278  1.27592e+02
 16 -0.01391  3.00831e+01 | 17 -0.02311  2.85478e+01 | 18 -0.02253  3.11506e+01
 19 -0.04199  2.65765e+01 | 20 -0.03052  3.44708e+01 | 21 -0.01583  4.51198e+01
 22 -0.00255  5.61198e+01 | 23  0.00198  6.37962e+01 | 24 -0.00746  6.81092e+01
 25 -0.03230  6.22942e+01 | 26 -0.07773  4.47751e+01 | 27 -0.09810  4.41454e+01
 28 -0.10171  4.90817e+01 | 29 -0.09727  5.71964e+01 | 30 -0.09256  7.34429e+01
 31 -0.04077  1.35575e+02 | 32  0.00688  1.99878e+02 | 33  0.02894  2.20558e+02
 34 -0.07847  6.99192e+01 | 35 -0.04407  8.71271e+01 | 36  0.02734  1.22833e+02
 37 -0.09846  5.75436e+01 | 38  0.07311  1.88580e+02 | 39 -0.20966  1.22432e+01
 40 -0.00847  1.55741e+02 | 41 -0.06758  7.78762e+01 | 42 -0.03352  1.19605e+02
 43  0.00200  1.88748e+02 | 44 -0.02474  1.52382e+02 | 45 -0.03832  1.35093e+02
 46 -0.05179  1.02138e+02 | 47 -0.06471  1.03561e+02 | 48 -1.91706 -7.38715e+01
 49 -0.06526  7.31900e+01 | 50 -0.06567  4.04825e+01 | 51  0.10830  4.65285e+01
 52 -0.24698 -2.62707e+00 | 53 -0.00243 -1.36944e+01 | 54 -0.09701  3.79915e-02
 55  0.00082 -5.05677e+01 | 56 -0.02412 -3.09797e+01 | 57 -0.06254 -1.92383e+01
 58  0.00179 -4.99304e+01 | 59  0.02221 -1.46596e+01 | 60  0.00546  2.07622e+00
 61 -0.04793 -1.77889e+00 | 62 -0.02659 -6.78859e+00 | 63  0.03173 -1.16664e+01
 64 -0.15077 -1.99015e+01 | 65 -0.06379 -1.20383e+01 | 66 -0.02701 -2.22673e+01
 67 -0.13640 -1.62017e+01 | 68 -0.06899 -4.28167e+01 | 69 -0.04721 -5.51034e+01
 70  0.07266 -2.37887e+01 | 71 -1.85161  2.83772e+00 | 72 -0.14843 -6.83322e-01
 73 -0.11361 -7.97346e+00 | 74 -0.02843  5.42541e-01 | 75 -0.02602  3.49545e-01
 76 -0.02786 -1.43355e-01 | 77 -0.69093  2.34057e+01 | 78 -0.14955  5.66804e+01
 79 -6.20729  2.94285e-03 | 80 -0.36406  1.55723e+02 | 81 -0.86647 -1.41722e-02
 82  0.76665  1.65168e-03 | 83  1.00321 -4.16993e-01 | 84  0.11043  5.46484e-04
 85  1.85079  4.37480e+01 | 86  0.67350 -3.79312e-03 | 87  7.42001 -4.05086e-03
 88 -0.38366 -1.51004e-03 |
88 variables; iteration 200; function evaluation 274; phase 3
Function value 1.2312857e+02; maximum gradient component mag 2.0812e+03
Var    Value     Gradient |Var    Value     Gradient |Var    Value     Gradient
  1  0.04669  2.08116e+03 |  2 -0.00028  1.27949e+00 |  3 -0.00096  1.41843e+00
  4 -0.01754  1.39289e+00 |  5 -0.01607  2.19106e+00 |  6 -0.01721  2.39146e+00
  7 -0.01746  2.93082e+00 |  8 -0.01752  3.64837e+00 |  9 -0.01866  4.20026e+00
 10 -0.01869  5.19749e+00 | 11 -0.02225  5.28804e+00 | 12 -0.01367  7.80137e+00
 13 -0.01602  8.81350e+00 | 14 -0.02320  9.76787e+00 | 15  0.05771  4.58429e+01
 16 -0.01878  1.56014e+01 | 17 -0.01724  1.75352e+01 | 18  0.00182  2.56592e+01
 19 -0.01593  2.21994e+01 | 20 -0.02135  2.00440e+01 | 21 -0.00055  2.82544e+01
 22 -0.00253  2.70168e+01 | 23  0.00517  3.11564e+01 | 24 -0.00040  3.44331e+01
 25 -0.01938  3.57299e+01 | 26 -0.06426  2.64070e+01 | 27 -0.09192  2.29091e+01
 28 -0.10436  2.04315e+01 | 29 -0.10286  2.18467e+01 | 30 -0.08444  3.33995e+01
 31 -0.02875  5.28894e+01 | 32  0.01223  5.65983e+01 | 33  0.00495  4.51811e+01
 34 -0.03743  3.34818e+01 | 35 -0.06833  2.75186e+01 | 36  0.03572  5.84486e+01
 37 -0.11800  1.66394e+01 | 38  0.07558  8.21906e+01 | 39 -0.19489  9.16439e+00
 40 -0.01173  5.92882e+01 | 41 -0.05955  3.08979e+01 | 42 -0.03192  4.18123e+01
 43  0.00452  6.55342e+01 | 44 -0.02241  5.08189e+01 | 45 -0.03794  4.56348e+01
 46 -0.04622  3.82664e+01 | 47 -0.06427  1.71834e+01 | 48 -1.92060 -1.37304e+01
 49 -0.06403  1.15630e+01 | 50 -0.06248  8.99531e+00 | 51  0.10779 -2.26352e+00
 52 -0.24955 -1.82022e+00 | 53  0.00077 -1.79324e+01 | 54 -0.12694 -8.50809e+00
 55  0.01283 -1.68446e+01 | 56 -0.03212 -1.14298e+01 | 57 -0.07368 -1.89248e+00
 58  0.01733  4.87771e+00 | 59  0.01056 -1.31407e+01 | 60  0.00929 -1.06373e+01
 61 -0.05363 -8.12793e+00 | 62 -0.02093 -9.98069e+00 | 63  0.02433 -1.60887e+01
 64 -0.12163 -7.34543e+00 | 65 -0.08104 -1.37662e+01 | 66 -0.01597 -7.76221e+00
 67 -0.16021 -1.84306e+01 | 68 -0.06265 -1.15810e+01 | 69 -0.04030 -1.76645e+01
 70  0.06973 -1.16118e+01 | 71 -1.84713  5.08681e+00 | 72 -0.15822 -5.56958e+00
 73 -0.10305 -1.02880e+00 | 74 -0.03110  1.68378e-03 | 75 -0.02718  1.68916e-01
 76 -0.02749  5.42576e-02 | 77 -0.69992  9.67429e+00 | 78 -0.14159  2.83030e+01
 79 -5.98528  3.47796e-04 | 80 -0.35553  5.83740e+01 | 81 -0.49629  6.86738e-02
 82  0.76335  1.60943e-02 | 83  1.00285 -4.10566e-01 | 84  0.29348  1.56523e-03
 85  1.85195  1.16072e+01 | 86  0.64495  3.99566e-03 | 87  8.84753  1.28629e-02
 88 -0.58764 -4.15208e-03 |
88 variables; iteration 220; function evaluation 296; phase 3
Function value 1.2177252e+02; maximum gradient component mag -1.2249e+02
Var    Value     Gradient |Var    Value     Gradient |Var    Value     Gradient
  1  0.04637 -1.22486e+02 |  2 -0.00053  1.88601e-01 |  3 -0.00094  1.58000e-01
  4 -0.01711  1.28737e-01 |  5 -0.01699  2.54528e-01 |  6 -0.01733  2.90185e-01
  7 -0.01770  3.43360e-01 |  8 -0.01800  4.50884e-01 |  9 -0.01878  4.77807e-01
 10 -0.01926  6.14459e-01 | 11 -0.02027  6.52137e-01 | 12 -0.01506  1.00285e+00
 13 -0.01721  9.76650e-01 | 14 -0.02334  1.25307e+00 | 15 -0.00075  9.33239e+00
 16 -0.02298  2.42509e+00 | 17 -0.02376  1.90738e+00 | 18 -0.01657  2.15587e+00
 19 -0.02306  1.69453e+00 | 20 -0.01535  1.86937e+00 | 21 -0.00081  2.22772e+00
 22  0.01370  2.47985e+00 | 23  0.02687  2.89651e+00 | 24  0.01363  2.73268e+00
 25 -0.02892  1.78785e+00 | 26 -0.06643  2.21782e+00 | 27 -0.09585  9.81316e-01
 28 -0.10410  1.28653e+00 | 29 -0.10194  1.90960e+00 | 30 -0.09274  1.77461e+00
 31 -0.02253  5.20144e+00 | 32  0.01773 -3.40648e+00 | 33 -0.00953 -3.51590e+00
 34 -0.02121 -4.02677e+00 | 35 -0.08845 -1.46452e+01 | 36  0.03994 -1.34891e+01
 37 -0.12829 -8.51453e+00 | 38  0.07615 -2.20823e+01 | 39 -0.19017  4.51139e-01
 40 -0.01357 -4.95976e+00 | 41 -0.05588 -2.90186e+00 | 42 -0.03147 -4.05723e+00
 43  0.00509 -5.04163e+00 | 44 -0.02144 -1.76892e+00 | 45 -0.03723 -1.33130e+00
 46 -0.04616 -2.48097e+00 | 47 -0.06206 -3.60556e-02 | 48 -1.92040  2.14857e+00
 49 -0.06261 -1.19244e+00 | 50 -0.06254 -6.09324e+00 | 51  0.10750 -5.45159e+00
 52 -0.25218 -9.56189e-01 | 53  0.00017 -1.74902e+00 | 54 -0.12522 -3.20036e+00
 55  0.01045 -5.48682e+00 | 56 -0.02986  6.25989e-02 | 57 -0.07340 -7.02302e-01
 58  0.01257 -2.18550e+00 | 59  0.01550 -1.97450e+00 | 60  0.00607 -2.45461e+00
 61 -0.05555 -1.50458e+00 | 62 -0.01744  5.76968e+00 | 63  0.02150  9.55617e-01
 64 -0.12301 -3.38844e-01 | 65 -0.07215 -1.38139e+00 | 66 -0.02639 -2.60134e+00
 67 -0.13130  2.01105e+00 | 68 -0.07498 -4.08163e-01 | 69 -0.03121  6.59696e+00
 70  0.06598  1.19380e+00 | 71 -1.84993  5.98350e-02 | 72 -0.15433  7.95572e-01
 73 -0.10675  1.59448e-01 | 74 -0.03144 -3.03857e-03 | 75 -0.02803  1.17845e-02
 76 -0.02804 -2.65919e-02 | 77 -0.70591 -8.44587e-01 | 78 -0.13900 -4.17931e+00
 79 -5.92419  4.97512e-04 | 80 -0.35278 -5.01901e+00 | 81 -0.46486  6.25185e-02
 82  0.76660  2.50602e-02 | 83  0.99424  7.98251e-02 | 84  0.53323  3.48798e-03
 85  1.85492 -2.04396e+00 | 86  0.62140 -4.44291e-03 | 87  8.20946  1.07267e-03
 88 -0.74219 -7.32827e-03 |
88 variables; iteration 240; function evaluation 317; phase 3
Function value 1.2154818e+02; maximum gradient component mag -4.9731e+01
Var    Value     Gradient |Var    Value     Gradient |Var    Value     Gradient
  1  0.04621 -4.97306e+01 |  2 -0.00050  2.97415e-02 |  3 -0.00065  2.59520e-02
  4 -0.01683 -2.22610e-02 |  5 -0.01672  5.28466e-02 |  6 -0.01696  5.30784e-02
  7 -0.01730  4.22052e-02 |  8 -0.01777  1.97510e-02 |  9 -0.01808  6.42986e-02
 10 -0.01882  1.70866e-02 | 11 -0.01937  4.03534e-02 | 12 -0.01496  5.21263e-02
 13 -0.01593  1.77504e-01 | 14 -0.02288  1.16361e-01 | 15 -0.01822  2.79059e+00
 16 -0.02565  2.57569e-02 | 17 -0.02151  5.90731e-01 | 18 -0.01159  1.04825e+00
 19 -0.01999  1.58996e-01 | 20 -0.01427 -4.21324e-01 | 21  0.00479  4.38767e-01
 22  0.01713 -4.92271e-02 | 23  0.02808 -6.88530e-02 | 24  0.01330  7.29986e-02
 25 -0.02773  2.78666e-01 | 26 -0.07028 -6.46431e-01 | 27 -0.09424  1.85540e-02
 28 -0.10215  3.31978e-01 | 29 -0.10245 -2.61670e-01 | 30 -0.09292 -1.74451e-01
 31 -0.04081  1.18740e+00 | 32  0.03396  3.43394e+00 | 33 -0.01720  6.48085e-01
 34 -0.02161  1.50319e+00 | 35 -0.08430 -1.05099e+01 | 36  0.03961 -2.56306e+00
 37 -0.12462 -3.76545e+00 | 38  0.07667 -7.35199e+00 | 39 -0.19251 -8.44989e-01
 40 -0.01282 -1.93068e+00 | 41 -0.05579 -1.90064e+00 | 42 -0.03157 -4.17716e+00
 43  0.00542 -2.81406e+00 | 44 -0.02092 -7.25503e-01 | 45 -0.03737 -3.42965e+00
 46 -0.04582 -2.74258e+00 | 47 -0.06190 -1.36030e+00 | 48 -1.92064  3.56796e+00
 49 -0.06256 -3.49786e-01 | 50 -0.06180  6.46407e-01 | 51  0.10820  2.71506e+00
 52 -0.24711  8.57378e-01 | 53 -0.00016  6.38673e-01 | 54 -0.12059  1.24444e+00
 55  0.01160  1.87232e+00 | 56 -0.03096  3.83864e-01 | 57 -0.07037  2.52051e+00
 58  0.01312  3.47901e+00 | 59  0.01654  9.67229e-01 | 60  0.00510 -1.48055e-01
 61 -0.04866  1.17995e+00 | 62 -0.02270 -8.74180e-01 | 63  0.02574  2.32118e-01
 64 -0.12791 -2.72281e+00 | 65 -0.07112  1.11792e-02 | 66 -0.02378  3.46785e-01
 67 -0.13755 -2.04149e+00 | 68 -0.07017 -5.48227e-01 | 69 -0.03360 -3.44181e-01
 70  0.06773  2.24242e-01 | 71 -1.85137 -3.63372e-01 | 72 -0.15497 -3.29070e-01
 73 -0.10558 -3.74057e-02 | 74 -0.03115  1.53743e-02 | 75 -0.02783  1.42712e-02
 76 -0.02750  5.89960e-02 | 77 -0.71076  9.45335e-01 | 78 -0.13799  4.79758e-01
 79 -5.93438  4.89284e-04 | 80 -0.35364 -8.94561e-01 | 81 -0.63210 -9.51082e-04
 82  0.76137  2.46715e-02 | 83  0.99444  9.85210e-02 | 84  0.56806  3.89696e-03
 85  1.85486 -3.51247e-01 | 86  0.62258 -2.34623e-03 | 87  8.17585  8.90582e-04
 88 -0.73616 -7.14077e-03 |
88 variables; iteration 260; function evaluation 337; phase 3
Function value 1.2147372e+02; maximum gradient component mag 8.3224e+01
Var    Value     Gradient |Var    Value     Gradient |Var    Value     Gradient
  1  0.04620  8.32240e+01 |  2 -0.00061  5.47027e-02 |  3 -0.00068  8.44634e-02
  4 -0.01657  1.11793e-01 |  5 -0.01692  8.81581e-02 |  6 -0.01712  1.14615e-01
  7 -0.01746  1.26149e-01 |  8 -0.01769  1.87948e-01 |  9 -0.01826  1.92203e-01
 10 -0.01865  2.63297e-01 | 11 -0.01961  2.16803e-01 | 12 -0.01466  4.21924e-01
 13 -0.01663  3.49046e-01 | 14 -0.02291  4.70689e-01 | 15 -0.01988  2.75721e+00
 16 -0.02397  9.30427e-01 | 17 -0.02334  6.83073e-01 | 18 -0.01440  1.14322e+00
 19 -0.02128  6.40127e-01 | 20 -0.01149  1.19502e+00 | 21  0.00238  1.16176e+00
 22  0.01675  1.30081e+00 | 23  0.02845  1.53889e+00 | 24  0.01459  1.67994e+00
 25 -0.02676  1.48086e+00 | 26 -0.06790  8.38653e-01 | 27 -0.09354  8.46127e-01
 28 -0.10220  7.31705e-01 | 29 -0.10098  5.28385e-01 | 30 -0.09275 -1.65180e-02
 31 -0.05221 -1.25891e+00 | 32  0.04141  2.43802e+00 | 33 -0.02058 -2.61058e+00
 34 -0.02632  2.08870e+00 | 35 -0.07594 -3.22679e+00 | 36  0.03742  2.02473e+00
 37 -0.12062 -5.18232e-01 | 38  0.07649  2.79076e+00 | 39 -0.19318  1.54262e-01
 40 -0.01280  1.80588e+00 | 41 -0.05584  1.70074e+00 | 42 -0.03118  1.70416e+00
 43  0.00545  2.25670e+00 | 44 -0.02110  1.21427e+00 | 45 -0.03717  6.81844e-01
 46 -0.04540  1.61457e+00 | 47 -0.06225  1.29464e-01 | 48 -1.92125 -7.58312e-01
 49 -0.06273  7.49357e-01 | 50 -0.06166  8.42376e-01 | 51  0.10804  4.39707e-01
 52 -0.24857  1.97440e-01 | 53 -0.00008 -3.75490e-01 | 54 -0.12081  3.93237e-01
 55  0.01077 -5.49592e-01 | 56 -0.02953 -8.66507e-02 | 57 -0.07252 -5.65285e-01
 58  0.01322 -6.10227e-01 | 59  0.01626 -2.54970e-01 | 60  0.00571 -1.09290e-01
 61 -0.05102  7.78649e-01 | 62 -0.02007  1.38834e+00 | 63  0.02315  1.67550e-01
 64 -0.12149  1.46823e+00 | 65 -0.07266  8.45342e-01 | 66 -0.02446  5.08005e-01
 67 -0.13540  1.66315e-01 | 68 -0.07075  1.07373e+00 | 69 -0.03367  5.33315e-01
 70  0.06754  2.14108e-01 | 71 -1.85066  8.42125e-02 | 72 -0.15471 -1.19050e-01
 73 -0.10582  3.33612e-04 | 74 -0.03127  3.45712e-03 | 75 -0.02799 -9.92064e-03
 76 -0.02783 -7.06532e-03 | 77 -0.71461  1.41058e+00 | 78 -0.13755  3.32768e-01
 79 -5.91666  5.86999e-04 | 80 -0.35346  1.68167e+00 | 81 -0.71637 -5.39608e-03
 82  0.76235  2.40344e-02 | 83  0.99374  3.73279e-02 | 84  0.58073  4.05968e-03
 85  1.85510  5.38999e-01 | 86  0.62556 -1.15746e-04 | 87  8.15238  7.66669e-04
 88 -0.71996 -6.67468e-03 |
88 variables; iteration 280; function evaluation 357; phase 3
Function value 1.2141222e+02; maximum gradient component mag -1.1523e+02
Var    Value     Gradient |Var    Value     Gradient |Var    Value     Gradient
  1  0.04612 -1.15226e+02 |  2 -0.00069  2.40997e-02 |  3 -0.00072  6.01265e-02
  4 -0.01677  4.71409e-02 |  5 -0.01727 -2.02095e-02 |  6 -0.01725  5.75974e-02
  7 -0.01771  3.31992e-02 |  8 -0.01808  5.00207e-02 |  9 -0.01856  6.95411e-02
 10 -0.01923  5.81725e-02 | 11 -0.01829  4.80579e-01 | 12 -0.01567  8.64110e-02
 13 -0.01673  2.13658e-01 | 14 -0.02355  1.65813e-01 | 15 -0.02019  2.48547e+00
 16 -0.02708 -9.80054e-02 | 17 -0.02465  1.16859e-01 | 18 -0.01702  2.48141e-01
 19 -0.02169  1.93393e-01 | 20 -0.01289  4.10151e-01 | 21  0.00282  5.86109e-01
 22  0.01721  3.82509e-01 | 23  0.02726 -1.23072e-01 | 24  0.01821  4.61479e-01
 25 -0.02704 -1.67637e-01 | 26 -0.06629  8.25433e-02 | 27 -0.09341 -2.76444e-01
 28 -0.10333 -8.75249e-01 | 29 -0.09966 -2.79925e-01 | 30 -0.09022 -1.10501e+00
 31 -0.05591 -5.52991e+00 | 32  0.04209 -5.78169e+00 | 33 -0.01761 -7.16516e+00
 34 -0.03089 -4.80637e+00 | 35 -0.07262 -6.96552e+00 | 36  0.03708 -7.37078e+00
 37 -0.12157 -3.49227e+00 | 38  0.07658 -8.97079e+00 | 39 -0.19292 -9.03853e-01
 40 -0.01303 -3.24395e+00 | 41 -0.05524 -1.11520e+00 | 42 -0.03125 -2.88978e+00
 43  0.00592 -1.22740e+00 | 44 -0.02131 -2.45628e+00 | 45 -0.03667 -4.61839e-01
 46 -0.04542 -1.02207e+00 | 47 -0.06190 -1.15598e+00 | 48 -1.92129  6.45912e-01
 49 -0.06254 -6.25850e-01 | 50 -0.06146 -2.06650e-01 | 51  0.10801 -3.82310e-01
 52 -0.25051 -3.27900e-01 | 53 -0.00029  1.52889e-02 | 54 -0.12197  3.36098e-01
 55  0.01114  1.03804e+00 | 56 -0.03044  2.82687e-01 | 57 -0.07287  6.59438e-02
 58  0.01360  1.57500e+00 | 59  0.01592  4.08601e-02 | 60  0.00511 -2.62755e-01
 61 -0.04996  1.36495e+00 | 62 -0.02156  5.75090e-01 | 63  0.02414 -2.87726e-02
 64 -0.12478 -1.18887e+00 | 65 -0.07248 -9.99076e-01 | 66 -0.02432  7.89174e-02
 67 -0.13505 -3.20209e-01 | 68 -0.07190 -1.38080e+00 | 69 -0.03264  6.03442e-01
 70  0.06703  1.76619e+00 | 71 -1.84984 -3.15040e-01 | 72 -0.15451  4.97009e-01
 73 -0.10633  7.11449e-02 | 74 -0.03142 -2.94498e-03 | 75 -0.02815 -3.12058e-02
 76 -0.02779  2.05287e-02 | 77 -0.73176 -1.13142e+00 | 78 -0.13283 -2.68731e+00
 79 -5.92885  9.20593e-04 | 80 -0.35196 -2.33934e+00 | 81 -0.74735 -6.75342e-03
 82  0.75875  2.53799e-02 | 83  0.99440  8.42005e-02 | 84  0.56441  3.85155e-03
 85  1.85541 -1.63467e+00 | 86  0.62658  5.35228e-04 | 87  8.36877  2.05501e-03
 88 -0.71658 -6.58370e-03 |
88 variables; iteration 300; function evaluation 377; phase 3
Function value 1.2139195e+02; maximum gradient component mag -1.4857e+02
Var    Value     Gradient |Var    Value     Gradient |Var    Value     Gradient
  1  0.04619 -1.48574e+02 |  2 -0.00062 -3.77811e-02 |  3 -0.00078 -5.39260e-02
  4 -0.01683 -7.35464e-02 |  5 -0.01695 -6.97920e-02 |  6 -0.01718 -8.11646e-02
  7 -0.01743 -8.81473e-02 |  8 -0.01786 -1.21937e-01 |  9 -0.01829 -1.34197e-01
 10 -0.01888 -1.75637e-01 | 11 -0.01944 -1.86624e-01 | 12 -0.01537 -2.95730e-01
 13 -0.01629 -2.00508e-01 | 14 -0.02309 -2.75382e-01 | 15 -0.02189  1.38074e+00
 16 -0.02527 -3.47342e-01 | 17 -0.02242 -1.78351e-01 | 18 -0.01516 -4.36495e-01
 19 -0.02103 -8.12404e-01 | 20 -0.01334 -1.04606e+00 | 21  0.00224 -1.16232e+00
 22  0.01757 -1.38645e+00 | 23  0.03010 -1.59566e+00 | 24  0.01464 -1.62792e+00
 25 -0.02750 -1.19168e+00 | 26 -0.06736 -9.01616e-01 | 27 -0.09432 -1.13902e+00
 28 -0.10296 -1.20304e+00 | 29 -0.10118 -1.25188e+00 | 30 -0.09113 -1.75445e+00
 31 -0.05009 -4.83757e+00 | 32  0.03891 -6.50504e+00 | 33 -0.01664 -6.73389e+00
 34 -0.02859 -2.58899e+00 | 35 -0.07436 -5.74810e+00 | 36  0.03717 -5.56087e+00
 37 -0.12019 -2.60071e+00 | 38  0.07644 -9.00621e+00 | 39 -0.19246 -9.00902e-01
 40 -0.01301 -4.76278e+00 | 41 -0.05535 -2.52524e+00 | 42 -0.03144 -4.81411e+00
 43  0.00563 -4.58836e+00 | 44 -0.02117 -3.78386e+00 | 45 -0.03687 -2.44459e+00
 46 -0.04558 -2.11195e+00 | 47 -0.06195 -1.24721e+00 | 48 -1.92113  1.28165e+00
 49 -0.06258 -7.23672e-01 | 50 -0.06172 -4.15405e-01 | 51  0.10806  5.70291e-01
 52 -0.24954 -1.16409e-01 | 53  0.00023  4.63356e-01 | 54 -0.12237  1.35019e-01
 55  0.01137  8.48639e-01 | 56 -0.03060  8.21755e-01 | 57 -0.07129  1.74532e+00
 58  0.01312  2.10670e+00 | 59  0.01597  3.23324e-01 | 60  0.00596  4.99758e-01
 61 -0.05131  1.14172e+00 | 62 -0.02000  2.28301e+00 | 63  0.02319  1.18439e+00
 64 -0.12174  1.46556e+00 | 65 -0.07270  9.71548e-01 | 66 -0.02440  8.50594e-01
 67 -0.13532  6.34106e-02 | 68 -0.07090  1.06210e-01 | 69 -0.03380 -4.23697e-01
 70  0.06756  2.85007e-01 | 71 -1.85057  6.71158e-02 | 72 -0.15484 -1.69444e-01
 73 -0.10573  3.89753e-02 | 74 -0.03132  5.59369e-03 | 75 -0.02793  8.77202e-03
 76 -0.02783 -4.63930e-03 | 77 -0.73209 -2.10937e+00 | 78 -0.13275 -2.58707e+00
 79 -5.96856  1.06426e-03 | 80 -0.35347 -5.44333e+00 | 81 -0.70403 -5.00673e-03
 82  0.75957  2.53431e-02 | 83  0.99336 -2.62184e-04 | 84  0.55633  3.75335e-03
 85  1.85516 -1.83400e+00 | 86  0.62472 -5.76751e-04 | 87  8.00341 -1.52128e-04
 88 -0.73188 -7.01240e-03 |
88 variables; iteration 320; function evaluation 397; phase 3
Function value 1.2134860e+02; maximum gradient component mag 3.3005e+02
Var    Value     Gradient |Var    Value     Gradient |Var    Value     Gradient
  1  0.04617  3.30047e+02 |  2 -0.00060  1.29353e-01 |  3 -0.00083  1.33120e-01
  4 -0.01673  1.65884e-01 |  5 -0.01709  1.56053e-01 |  6 -0.01733  1.96003e-01
  7 -0.01769  2.26887e-01 |  8 -0.01803  2.87528e-01 |  9 -0.01849  3.53097e-01
 10 -0.01897  4.34153e-01 | 11 -0.02036  3.16052e-01 | 12 -0.01546  5.70048e-01
 13 -0.01670  7.25301e-01 | 14 -0.02349  7.37823e-01 | 15 -0.02683  1.33275e+00
 16 -0.02607  9.42282e-01 | 17 -0.02344  1.34088e+00 | 18 -0.01427  2.08241e+00
 19 -0.01998  1.89270e+00 | 20 -0.01220  2.08855e+00 | 21  0.00135  2.21820e+00
 22  0.01800  3.01477e+00 | 23  0.02698  2.95411e+00 | 24  0.01400  3.23130e+00
 25 -0.02550  3.25230e+00 | 26 -0.06618  2.81262e+00 | 27 -0.09278  2.65105e+00
 28 -0.10278  2.21506e+00 | 29 -0.09993  3.00236e+00 | 30 -0.09052  3.49458e+00
 31 -0.04418  4.74134e+00 | 32  0.03246  9.75440e+00 | 33 -0.00770  5.70333e+00
 34 -0.03545  6.01531e+00 | 35 -0.06912  2.87512e+00 | 36  0.03576  9.76281e+00
 37 -0.11776  3.74743e+00 | 38  0.07612  1.49717e+01 | 39 -0.19282  2.03172e+00
 40 -0.01247  8.98680e+00 | 41 -0.05656  5.31785e+00 | 42 -0.03034  1.01753e+01
 43  0.00538  1.27095e+01 | 44 -0.02095  1.19719e+01 | 45 -0.03673  9.82978e+00
 46 -0.04558  6.10886e+00 | 47 -0.06177  6.49000e+00 | 48 -1.92118 -3.90489e+00
 49 -0.06254  3.32167e+00 | 50 -0.06156  1.60631e+00 | 51  0.10780 -3.05374e+00
 52 -0.25004 -2.59427e-01 | 53 -0.00011 -9.10796e-01 | 54 -0.12250 -5.66834e-01
 55  0.01084 -1.93972e+00 | 56 -0.03022 -1.42274e+00 | 57 -0.07272 -1.41913e+00
 58  0.01284 -1.17129e+00 | 59  0.01633  2.34506e-01 | 60  0.00538 -1.16515e+00
 61 -0.05148 -1.02269e+00 | 62 -0.02071 -4.36470e-01 | 63  0.02355 -1.43307e+00
 64 -0.12395 -8.23608e-01 | 65 -0.07227 -7.64914e-01 | 66 -0.02492 -7.62363e-01
 67 -0.13456  3.05655e-01 | 68 -0.07165 -3.87845e-02 | 69 -0.03328  5.84495e-01
 70  0.06700 -7.64075e-01 | 71 -1.85035  3.34624e-01 | 72 -0.15545 -6.28166e-01
 73 -0.10580 -7.83448e-02 | 74 -0.03153 -2.59560e-02 | 75 -0.02810 -1.23418e-02
 76 -0.02817 -6.75757e-02 | 77 -0.73190  1.03560e+00 | 78 -0.13294  5.59137e+00
 79 -5.95089  1.02343e-03 | 80 -0.35275  8.72784e+00 | 81 -0.64928 -1.72633e-03
 82  0.75432  2.40438e-02 | 83  0.99559  2.10985e-01 | 84  0.50354  3.17687e-03
 85  1.85530  2.97612e+00 | 86  0.62410 -1.20078e-03 | 87  8.16793  8.48517e-04
 88 -0.75583 -7.78451e-03 |
88 variables; iteration 340; function evaluation 417; phase 3
Function value 1.2133410e+02; maximum gradient component mag -3.1219e+01
Var    Value     Gradient |Var    Value     Gradient |Var    Value     Gradient
  1  0.04613 -3.12186e+01 |  2 -0.00069 -1.89018e-02 |  3 -0.00083 -2.28988e-02
  4 -0.01681 -2.23489e-02 |  5 -0.01702 -2.99416e-02 |  6 -0.01726 -3.56703e-02
  7 -0.01757 -4.43783e-02 |  8 -0.01794 -5.06380e-02 |  9 -0.01841 -6.18227e-02
 10 -0.01894 -7.22250e-02 | 11 -0.01968 -1.14792e-01 | 12 -0.01526 -1.04207e-01
 13 -0.01671 -1.21195e-01 | 14 -0.02326 -1.33946e-01 | 15 -0.02881 -2.55806e-01
 16 -0.02557 -1.63124e-01 | 17 -0.02377 -1.95981e-01 | 18 -0.01633 -2.67847e-01
 19 -0.02075 -2.89801e-01 | 20 -0.01260 -3.39884e-01 | 21  0.00255 -4.35590e-01
 22  0.01802 -5.35854e-01 | 23  0.03094 -5.83723e-01 | 24  0.01522 -6.13354e-01
 25 -0.02780 -4.76215e-01 | 26 -0.06790 -3.38068e-01 | 27 -0.09406 -2.69902e-01
 28 -0.10275 -2.32449e-01 | 29 -0.10150 -2.39028e-01 | 30 -0.09169 -2.33031e-01
 31 -0.04180 -7.96414e-02 | 32  0.03067 -6.22761e-01 | 33 -0.00385 -8.33254e-01
 34 -0.03928 -2.80186e-01 | 35 -0.06604  3.99743e-02 | 36  0.03555 -7.08613e-01
 37 -0.11800 -6.66674e-02 | 38  0.07634 -8.93780e-01 | 39 -0.19302 -1.38501e-01
 40 -0.01267 -4.77207e-01 | 41 -0.05584 -5.42762e-01 | 42 -0.03084 -5.70487e-01
 43  0.00562 -8.39594e-01 | 44 -0.02097 -5.65409e-01 | 45 -0.03689 -6.53923e-01
 46 -0.04531 -6.36253e-01 | 47 -0.06190 -5.07676e-01 | 48 -1.92131  3.60646e-01
 49 -0.06251 -3.24650e-01 | 50 -0.06153 -2.23528e-01 | 51  0.10799  3.84078e-02
 52 -0.24972 -2.39173e-02 | 53 -0.00006  1.00303e-01 | 54 -0.12217 -1.82614e-02
 55  0.01107 -5.65865e-02 | 56 -0.03028  1.04416e-01 | 57 -0.07225  4.54306e-03
 58  0.01315  7.27733e-02 | 59  0.01603  9.41874e-02 | 60  0.00577  1.34085e-01
 61 -0.05100  6.09462e-02 | 62 -0.02103 -5.03328e-02 | 63  0.02390  1.95792e-01
 64 -0.12376 -1.15711e-01 | 65 -0.07236 -3.06779e-02 | 66 -0.02449  4.00691e-02
 67 -0.13535 -1.65590e-01 | 68 -0.07104 -9.12903e-02 | 69 -0.03345 -2.57342e-01
 70  0.06725 -7.21601e-03 | 71 -1.85029 -2.40893e-02 | 72 -0.15483  2.85336e-03
 73 -0.10601  9.87114e-03 | 74 -0.03140 -1.66043e-03 | 75 -0.02802 -1.98131e-03
 76 -0.02787 -1.49800e-03 | 77 -0.73161 -1.36169e-01 | 78 -0.13306 -2.95821e-01
 79 -5.96057  1.00371e-03 | 80 -0.35265 -7.78354e-01 | 81 -0.63608 -1.25743e-03
 82  0.75100  2.59623e-02 | 83  0.99325 -6.41429e-03 | 84  0.48045  2.95455e-03
 85  1.85538 -1.95973e-01 | 86  0.62460 -8.08680e-04 | 87  8.10180  5.06692e-04
 88 -0.76067 -7.95817e-03 |
88 variables; iteration 360; function evaluation 437; phase 3
Function value 1.2133363e+02; maximum gradient component mag 3.2758e+00
Var    Value     Gradient |Var    Value     Gradient |Var    Value     Gradient
  1  0.04615  3.27585e+00 |  2 -0.00067 -3.47511e-03 |  3 -0.00082 -8.16916e-03
  4 -0.01680 -7.58155e-03 |  5 -0.01698 -4.18003e-03 |  6 -0.01724 -1.21397e-02
  7 -0.01754 -1.35853e-02 |  8 -0.01792 -1.75885e-02 |  9 -0.01838 -1.86774e-02
 10 -0.01891 -2.37424e-02 | 11 -0.01963 -5.31253e-02 | 12 -0.01520 -3.15147e-02
 13 -0.01667 -4.15823e-02 | 14 -0.02323 -4.63961e-02 | 15 -0.02824 -1.51251e-02
 16 -0.02552 -4.64864e-02 | 17 -0.02373 -6.70600e-02 | 18 -0.01619 -8.75208e-02
 19 -0.02061 -8.27261e-02 | 20 -0.01247 -9.95660e-02 | 21  0.00271 -1.24041e-01
 22  0.01816 -1.47905e-01 | 23  0.03053 -1.76243e-01 | 24  0.01492 -1.93062e-01
 25 -0.02780 -1.33199e-01 | 26 -0.06797 -1.17023e-01 | 27 -0.09403 -6.86171e-02
 28 -0.10274 -6.34584e-02 | 29 -0.10137 -4.58856e-02 | 30 -0.09150 -4.59097e-02
 31 -0.04227  5.92341e-03 | 32  0.03051  3.40833e-02 | 33 -0.00331  6.77746e-02
 34 -0.03961  1.58715e-01 | 35 -0.06602  1.89675e-01 | 36  0.03562  5.26939e-01
 37 -0.11822  1.50436e-01 | 38  0.07634  6.59876e-01 | 39 -0.19299  9.97155e-02
 40 -0.01276  1.82911e-01 | 41 -0.05580  2.12223e-01 | 42 -0.03092  2.91655e-01
 43  0.00561  2.98907e-01 | 44 -0.02104  1.85362e-01 | 45 -0.03690  2.73607e-01
 46 -0.04538  1.46046e-01 | 47 -0.06195  1.04159e-01 | 48 -1.92128 -1.71578e-01
 49 -0.06256  6.21783e-02 | 50 -0.06154  8.77207e-02 | 51  0.10800 -1.11058e-01
 52 -0.24960 -1.01632e-02 | 53 -0.00004 -4.73676e-02 | 54 -0.12217 -6.97109e-02
 55  0.01113 -1.65439e-01 | 56 -0.03034 -5.87396e-02 | 57 -0.07216  6.70904e-04
 58  0.01315  9.42249e-02 | 59  0.01604  2.98060e-02 | 60  0.00578 -1.33671e-04
 61 -0.05106 -1.31669e-02 | 62 -0.02090 -7.57079e-02 | 63  0.02381 -5.81630e-02
 64 -0.12359 -6.38506e-02 | 65 -0.07234 -2.59958e-02 | 66 -0.02455  1.09518e-02
 67 -0.13517 -2.30086e-02 | 68 -0.07114  3.24919e-02 | 69 -0.03335  6.49085e-02
 70  0.06726  2.59746e-02 | 71 -1.85030  1.39499e-02 | 72 -0.15478  4.34726e-03
 73 -0.10602  4.02188e-03 | 74 -0.03138 -5.86042e-05 | 75 -0.02800  2.18453e-03
 76 -0.02786 -1.34248e-03 | 77 -0.73161 -4.78858e-03 | 78 -0.13309 -2.81424e-02
 79 -5.96660  1.04255e-03 | 80 -0.35270  1.07678e-01 | 81 -0.63682 -1.25945e-03
 82  0.75039  2.58982e-02 | 83  0.99335  2.95957e-03 | 84  0.47810  2.93277e-03
 85  1.85534  7.09917e-02 | 86  0.62527 -4.07712e-04 | 87  7.99499 -9.13312e-04
 88 -0.75643 -7.80561e-03 |
88 variables; iteration 380; function evaluation 457; phase 3
Function value 1.2133355e+02; maximum gradient component mag -4.9012e+00
Var    Value     Gradient |Var    Value     Gradient |Var    Value     Gradient
  1  0.04616 -4.90118e+00 |  2 -0.00067 -3.84819e-03 |  3 -0.00080 -3.95748e-03
  4 -0.01678 -2.79555e-03 |  5 -0.01698 -4.80083e-03 |  6 -0.01722 -6.12041e-03
  7 -0.01751 -6.68540e-03 |  8 -0.01788 -8.49792e-03 |  9 -0.01834 -1.02843e-02
 10 -0.01886 -1.13300e-02 | 11 -0.01946 -1.01935e-02 | 12 -0.01515 -1.86904e-02
 13 -0.01659 -1.92389e-02 | 14 -0.02314 -2.11947e-02 | 15 -0.02817  9.46106e-03
 16 -0.02547 -3.08169e-02 | 17 -0.02360 -3.10909e-02 | 18 -0.01600 -4.10605e-02
 19 -0.02051 -4.78946e-02 | 20 -0.01241 -6.76451e-02 | 21  0.00271 -9.21487e-02
 22  0.01813 -9.50663e-02 | 23  0.03044 -9.58422e-02 | 24  0.01481 -9.94429e-02
 25 -0.02794 -8.40622e-02 | 26 -0.06797 -6.33428e-02 | 27 -0.09409 -6.08169e-02
 28 -0.10274 -5.11649e-02 | 29 -0.10138 -5.91230e-02 | 30 -0.09140 -7.42411e-02
 31 -0.04238 -1.96299e-01 | 32  0.03034 -3.13107e-01 | 33 -0.00301 -3.90301e-02
 34 -0.03974 -1.67256e-02 | 35 -0.06599 -4.81600e-02 | 36  0.03562  1.32177e-02
 37 -0.11820  1.14972e-02 | 38  0.07634 -2.39928e-02 | 39 -0.19307 -4.11973e-02
 40 -0.01276 -9.43523e-02 | 41 -0.05583 -7.59613e-02 | 42 -0.03098 -1.94806e-01
 43  0.00559 -1.64369e-01 | 44 -0.02105 -1.91248e-01 | 45 -0.03694 -1.70280e-01
 46 -0.04540 -1.00520e-01 | 47 -0.06197 -1.35723e-01 | 48 -1.92124  9.38522e-02
 49 -0.06258 -6.61375e-02 | 50 -0.06158  2.20705e-03 | 51  0.10801 -5.60695e-02
 52 -0.24960 -3.13757e-02 | 53 -0.00002 -3.06702e-03 | 54 -0.12213 -3.10710e-02
 55  0.01113 -7.55878e-02 | 56 -0.03029 -3.89802e-03 | 57 -0.07219 -1.38793e-02
 58  0.01316  9.26775e-02 | 59  0.01606  3.99195e-02 | 60  0.00576  3.10286e-02
 61 -0.05101  1.04344e-01 | 62 -0.02087  5.96857e-02 | 63  0.02379  2.89665e-02
 64 -0.12350  3.43485e-02 | 65 -0.07231  7.68465e-02 | 66 -0.02458  5.69935e-02
 67 -0.13509  5.73564e-02 | 68 -0.07116  9.76598e-02 | 69 -0.03335  1.12155e-01
 70  0.06728  3.61181e-02 | 71 -1.85039 -1.70455e-02 | 72 -0.15478 -5.40818e-03
 73 -0.10601  1.89286e-03 | 74 -0.03137  1.99505e-04 | 75 -0.02800 -2.12100e-04
 76 -0.02785  7.25576e-05 | 77 -0.73161 -2.34516e-02 | 78 -0.13309 -7.10786e-02
 79 -5.97437  1.09700e-03 | 80 -0.35278 -1.78642e-01 | 81 -0.63149 -8.79118e-04
 82  0.74929  2.60640e-02 | 83  0.99332  2.45553e-04 | 84  0.47454  2.90006e-03
 85  1.85533 -7.37453e-03 | 86  0.62614  2.04476e-04 | 87  8.01286  4.82336e-04
 88 -0.75204 -7.65303e-03 |
88 variables; iteration 400; function evaluation 477; phase 3
Function value 1.2133282e+02; maximum gradient component mag 3.1970e+00
Var    Value     Gradient |Var    Value     Gradient |Var    Value     Gradient
  1  0.04616  3.19701e+00 |  2 -0.00066  1.44911e-03 |  3 -0.00080  1.75996e-03
  4 -0.01679  1.03968e-03 |  5 -0.01698  3.03210e-03 |  6 -0.01722  2.82037e-03
  7 -0.01752  1.96312e-03 |  8 -0.01789  3.41474e-03 |  9 -0.01835  3.67001e-03
 10 -0.01888  4.20853e-03 | 11 -0.01949  4.60589e-03 | 12 -0.01516  5.47367e-03
 13 -0.01660  8.99986e-03 | 14 -0.02316  6.30057e-03 | 15 -0.02825  2.45079e-02
 16 -0.02548  1.13172e-02 | 17 -0.02363  1.17706e-02 | 18 -0.01603  1.86617e-02
 19 -0.02057  1.01385e-02 | 20 -0.01245  6.49717e-03 | 21  0.00274  1.97917e-02
 22  0.01810  2.52657e-02 | 23  0.03043  4.57394e-02 | 24  0.01491  5.03757e-02
 25 -0.02786  3.46727e-02 | 26 -0.06794  2.36054e-02 | 27 -0.09404  2.34099e-02
 28 -0.10272  2.16817e-02 | 29 -0.10138  9.65503e-03 | 30 -0.09142  3.06929e-02
 31 -0.04273 -4.75412e-02 | 32  0.03071  8.01378e-02 | 33 -0.00331  5.98164e-02
 34 -0.03971  9.90567e-02 | 35 -0.06593  1.42242e-01 | 36  0.03561  2.19687e-01
 37 -0.11823  3.98138e-02 | 38  0.07634  2.15739e-01 | 39 -0.19303  1.77312e-02
 40 -0.01277  6.12475e-02 | 41 -0.05581  5.96764e-02 | 42 -0.03097 -7.02064e-02
 43  0.00560  4.35669e-02 | 44 -0.02105 -1.18455e-02 | 45 -0.03694 -7.27152e-03
 46 -0.04539  4.13940e-02 | 47 -0.06196  2.65697e-02 | 48 -1.92125 -4.98920e-02
 49 -0.06257  4.37904e-02 | 50 -0.06157  5.54317e-02 | 51  0.10801  4.27223e-02
 52 -0.24955 -8.14780e-04 | 53 -0.00006  3.18445e-03 | 54 -0.12207  3.30172e-02
 55  0.01113  3.89795e-02 | 56 -0.03034 -8.52437e-03 | 57 -0.07212  7.92661e-03
 58  0.01313 -1.13604e-03 | 59  0.01606 -5.42145e-03 | 60  0.00580 -1.18712e-02
 61 -0.05110 -3.59848e-02 | 62 -0.02085 -3.04953e-02 | 63  0.02380 -9.93550e-03
 64 -0.12356 -3.51151e-02 | 65 -0.07232 -1.22374e-02 | 66 -0.02457 -2.28019e-02
 67 -0.13511  4.52324e-03 | 68 -0.07117  1.28580e-02 | 69 -0.03334  6.27731e-02
 70  0.06727  1.11815e-02 | 71 -1.85034 -1.30114e-03 | 72 -0.15477  5.74649e-03
 73 -0.10602  9.24656e-04 | 74 -0.03137  7.11017e-04 | 75 -0.02800 -1.55674e-04
 76 -0.02784  1.06884e-03 | 77 -0.73162  6.78013e-03 | 78 -0.13308  4.49479e-02
 79 -6.03827  2.21823e-03 | 80 -0.35274  9.31943e-02 | 81 -0.54637  1.20990e-02
 82  0.73143  2.85396e-02 | 83  0.99334  1.70508e-03 | 84  0.43808  2.58337e-03
 85  1.85534  6.41565e-02 | 86  0.63847  3.55095e-03 | 87  8.00544 -4.16442e-05
 88 -0.69024 -5.93854e-03 |
88 variables; iteration 420; function evaluation 504; phase 3
Function value 1.2132026e+02; maximum gradient component mag 1.7754e+01
Var    Value     Gradient |Var    Value     Gradient |Var    Value     Gradient
  1  0.04615  1.77543e+01 |  2 -0.00067  5.01441e-03 |  3 -0.00081  5.57079e-03
  4 -0.01680  4.81615e-03 |  5 -0.01699  7.58662e-03 |  6 -0.01723  8.14701e-03
  7 -0.01752  1.11568e-02 |  8 -0.01790  1.25673e-02 |  9 -0.01836  1.53575e-02
 10 -0.01888  1.94630e-02 | 11 -0.01951  1.68358e-02 | 12 -0.01516  2.71388e-02
 13 -0.01662  2.96479e-02 | 14 -0.02317  3.19586e-02 | 15 -0.02858 -3.38615e-02
 16 -0.02551  3.96253e-02 | 17 -0.02366  4.94193e-02 | 18 -0.01612  5.80745e-02
 19 -0.02058  7.02348e-02 | 20 -0.01246  7.88980e-02 | 21  0.00269  1.03526e-01
 22  0.01813  1.45859e-01 | 23  0.03043  1.82135e-01 | 24  0.01502  2.07057e-01
 25 -0.02784  1.54418e-01 | 26 -0.06793  1.29815e-01 | 27 -0.09406  1.16022e-01
 28 -0.10273  1.26354e-01 | 29 -0.10137  1.46086e-01 | 30 -0.09143  2.25544e-01
 31 -0.04227  4.25372e-01 | 32  0.03040  8.06721e-01 | 33 -0.00315  6.53944e-01
 34 -0.03970  4.67620e-01 | 35 -0.06600  3.25320e-01 | 36  0.03562  8.01362e-01
 37 -0.11823  2.40956e-01 | 38  0.07634  1.03140e+00 | 39 -0.19303  9.91511e-02
 40 -0.01275  4.55367e-01 | 41 -0.05582  3.25304e-01 | 42 -0.03093  3.68216e-01
 43  0.00560  4.62113e-01 | 44 -0.02104  3.36747e-01 | 45 -0.03691  3.13520e-01
 46 -0.04538  2.27324e-01 | 47 -0.06194  1.69235e-01 | 48 -1.92125 -8.45344e-02
 49 -0.06256  1.01113e-01 | 50 -0.06155  1.16949e-01 | 51  0.10799 -1.24075e-01
 52 -0.24961 -2.04421e-02 | 53 -0.00004 -5.22497e-02 | 54 -0.12216 -3.83055e-02
 55  0.01114 -9.24898e-02 | 56 -0.03036 -7.09117e-02 | 57 -0.07214 -2.46757e-02
 58  0.01313 -3.07266e-03 | 59  0.01605 -1.98683e-02 | 60  0.00578 -5.31573e-02
 61 -0.05107 -4.16633e-02 | 62 -0.02087 -9.21874e-02 | 63  0.02378 -1.06257e-01
 64 -0.12352 -2.12620e-02 | 65 -0.07233 -2.62876e-02 | 66 -0.02457 -5.49281e-02
 67 -0.13514 -1.99611e-02 | 68 -0.07114  3.17252e-02 | 69 -0.03335  3.38005e-02
 70  0.06726 -9.07141e-02 | 71 -1.85033  1.70108e-02 | 72 -0.15479 -1.93007e-02
 73 -0.10600 -2.21281e-03 | 74 -0.03138  5.50598e-04 | 75 -0.02800  6.88072e-04
 76 -0.02785  6.68802e-04 | 77 -0.73181  1.16411e-01 | 78 -0.13303  3.03336e-01
 79 -6.54502  5.15573e-04 | 80 -0.35272  4.44376e-01 | 81 -0.62193 -5.61670e-05
 82  0.60822  6.96154e-02 | 83  0.99331 -2.57357e-04 | 84  0.17486  9.06424e-04
 85  1.85535  2.09627e-01 | 86  0.71596 -2.92591e-02 | 87  8.19741  1.00666e-03
 88 -0.29553  2.71758e-02 |
88 variables; iteration 440; function evaluation 527; phase 3
Function value 1.2131814e+02; maximum gradient component mag 7.0350e+01
Var    Value     Gradient |Var    Value     Gradient |Var    Value     Gradient
  1  0.04614  7.03496e+01 |  2 -0.00058  8.38826e-02 |  3 -0.00079  7.98214e-02
  4 -0.01682  7.48455e-02 |  5 -0.01684  1.36779e-01 |  6 -0.01719  1.33112e-01
  7 -0.01743  1.72850e-01 |  8 -0.01790  1.78756e-01 |  9 -0.01827  2.35360e-01
 10 -0.01880  2.73897e-01 | 11 -0.01980  2.19122e-01 | 12 -0.01506  3.89528e-01
 13 -0.01654  4.39912e-01 | 14 -0.02306  4.89225e-01 | 15 -0.02873  4.02758e-01
 16 -0.02538  6.46078e-01 | 17 -0.02316  8.53516e-01 | 18 -0.01598  9.51970e-01
 19 -0.02019  1.10961e+00 | 20 -0.01225  1.25096e+00 | 21  0.00220  1.42086e+00
 22  0.01814  1.88537e+00 | 23  0.02950  2.07246e+00 | 24  0.01593  2.32687e+00
 25 -0.02786  1.55503e+00 | 26 -0.06787  1.18617e+00 | 27 -0.09394  1.00828e+00
 28 -0.10273  8.83524e-01 | 29 -0.10133  8.84704e-01 | 30 -0.09133  1.07686e+00
 31 -0.04261  1.45525e+00 | 32  0.03090  2.20099e+00 | 33 -0.00385  9.67268e-01
 34 -0.03907  4.27334e-01 | 35 -0.06638 -2.20708e-01 | 36  0.03561  3.32891e-01
 37 -0.11776  6.78185e-01 | 38  0.07633  1.28199e+00 | 39 -0.19295  1.51548e-01
 40 -0.01279  5.09682e-01 | 41 -0.05569  1.11507e+00 | 42 -0.03087  1.58850e+00
 43  0.00562  1.57471e+00 | 44 -0.02104  1.22158e+00 | 45 -0.03682  1.56651e+00
 46 -0.04538  1.17912e+00 | 47 -0.06185  8.01515e-01 | 48 -1.92117  3.26763e-01
 49 -0.06246  2.71833e-01 | 50 -0.06155 -1.53558e-01 | 51  0.10801 -1.17009e+00
 52 -0.24998 -2.18275e-01 | 53  0.00011 -2.82592e-01 | 54 -0.12263 -3.33963e-01
 55  0.01131 -4.77908e-01 | 56 -0.03052 -5.54293e-01 | 57 -0.07206 -2.08965e-01
 58  0.01314  1.60274e-01 | 59  0.01618  3.02141e-01 | 60  0.00560 -8.71950e-02
 61 -0.05070  2.33208e-02 | 62 -0.02110 -5.41922e-01 | 63  0.02386 -3.53765e-01
 64 -0.12355  6.65844e-02 | 65 -0.07219  2.67973e-01 | 66 -0.02460  3.99083e-02
 67 -0.13517  1.74240e-02 | 68 -0.07104  4.27188e-01 | 69 -0.03329  4.05745e-01
 70  0.06725 -6.19574e-01 | 71 -1.85032  2.13495e-01 | 72 -0.15488 -2.28693e-01
 73 -0.10587 -2.10311e-02 | 74 -0.03132  1.40799e-02 | 75 -0.02798  6.58301e-03
 76 -0.02781  1.00966e-02 | 77 -0.73191 -7.96565e-02 | 78 -0.13305  3.07555e-01
 79 -6.68213 -4.52128e-03 | 80 -0.35272  1.80036e+00 | 81 -0.94595 -3.67891e-02
 82  0.53849  1.30842e-01 | 83  0.99333  1.74164e-03 | 84  0.09895 -2.02816e-02
 85  1.85530  1.47042e-01 | 86  0.71821 -4.17761e-02 | 87  7.98251 -1.03671e-03
 88 -0.29012  3.91106e-02 |
88 variables; iteration 460; function evaluation 562; phase 3
Function value 1.2066927e+02; maximum gradient component mag 4.2810e+03
Var    Value     Gradient |Var    Value     Gradient |Var    Value     Gradient
  1  0.04561  4.28097e+03 |  2  0.00018  2.11555e+00 |  3 -0.00059  2.38550e+00
  4 -0.01706  2.44566e+00 |  5 -0.01537  3.51094e+00 |  6 -0.01702  3.78142e+00
  7 -0.01712  4.61326e+00 |  8 -0.01767  5.46547e+00 |  9 -0.01822  6.48054e+00
 10 -0.01860  7.68973e+00 | 11 -0.02246  7.95526e+00 | 12 -0.01527  1.08563e+01
 13 -0.01723  1.23829e+01 | 14 -0.02312  1.36692e+01 | 15 -0.03717  1.18238e+01
 16 -0.02518  1.83290e+01 | 17 -0.02287  2.18666e+01 | 18 -0.01847  2.65335e+01
 19 -0.02093  3.00480e+01 | 20 -0.01054  3.70893e+01 | 21  0.00347  4.61876e+01
 22  0.01988  5.68980e+01 | 23  0.03307  6.73074e+01 | 24  0.01523  6.29880e+01
 25 -0.02480  4.74171e+01 | 26 -0.06531  3.51879e+01 | 27 -0.09204  2.86910e+01
 28 -0.10192  2.55183e+01 | 29 -0.10138  2.48955e+01 | 30 -0.08917  3.21285e+01
 31 -0.04629  4.78603e+01 | 32  0.03490  9.59382e+01 | 33 -0.00828  6.22268e+01
 34 -0.03389  5.35631e+01 | 35 -0.07069  3.90704e+01 | 36  0.03776  1.25378e+02
 37 -0.12142  4.00341e+01 | 38  0.07751  2.02542e+02 | 39 -0.19277  2.27153e+01
 40 -0.01227  1.08465e+02 | 41 -0.05519  8.39953e+01 | 42 -0.02909  1.08095e+02
 43  0.00624  1.47557e+02 | 44 -0.02068  1.22283e+02 | 45 -0.03577  1.07482e+02
 46 -0.04460  9.22919e+01 | 47 -0.06093  7.74124e+01 | 48 -1.92129 -4.92141e+01
 49 -0.06158  4.33079e+01 | 50 -0.06012  1.96730e+01 | 51  0.10846 -1.23327e+01
 52 -0.25474 -2.91687e+00 | 53  0.00243 -9.84938e+00 | 54 -0.12909 -6.22335e+00
 55  0.01440 -1.24964e+01 | 56 -0.03317 -1.04784e+01 | 57 -0.06812 -8.93671e+00
 58  0.01121 -1.72703e+01 | 59  0.01931 -5.45427e+00 | 60  0.00542 -1.06724e+01
 61 -0.05098 -1.33775e+01 | 62 -0.02124 -1.92673e+01 | 63  0.02488 -1.52784e+01
 64 -0.12464 -3.74467e+00 | 65 -0.06963 -5.75757e+00 | 66 -0.02555 -7.61434e+00
 67 -0.13203  2.33856e-01 | 68 -0.07224  4.37880e+00 | 69 -0.02806  1.15029e+01
 70  0.06642 -1.61369e+01 | 71 -1.84783  4.78838e+00 | 72 -0.15149 -1.88561e+00
 73 -0.10479 -8.48144e-01 | 74 -0.03097  6.11673e-02 | 75 -0.02802 -1.66069e-02
 76 -0.02731  1.22114e-01 | 77 -0.73131  2.54211e+01 | 78 -0.13317  7.41712e+01
 79 -6.52307  3.83933e-03 | 80 -0.35316  1.29803e+02 | 81 -0.45890  2.23685e-01
 82  0.16146 -5.33817e-01 | 83  0.98857 -1.21270e-01 | 84  0.07732 -4.85496e-03
 85  1.85538  3.72174e+01 | 86  0.59749 -5.26106e-01 | 87  8.26034  1.36153e-03
 88 -1.02053  9.50964e-02 |
88 variables; iteration 480; function evaluation 586; phase 3
Function value 1.0977487e+02; maximum gradient component mag 4.1571e+03
Var    Value     Gradient |Var    Value     Gradient |Var    Value     Gradient
  1  0.04363  4.15709e+03 |  2 -0.00030  2.99957e+00 |  3  0.00010  3.80905e+00
  4 -0.01502  4.32746e+00 |  5 -0.01939  3.97253e+00 |  6 -0.01654  5.82803e+00
  7 -0.01755  6.75298e+00 |  8 -0.01901  7.72078e+00 |  9 -0.01893  9.37182e+00
 10 -0.02044  1.06739e+01 | 11 -0.01428  1.49004e+01 | 12 -0.01982  1.42889e+01
 13 -0.01705  1.82357e+01 | 14 -0.02368  1.96250e+01 | 15 -0.04031  1.68495e+01
 16 -0.02237  2.78835e+01 | 17 -0.02298  3.17444e+01 | 18 -0.02332  3.60786e+01
 19 -0.02397  4.17672e+01 | 20 -0.01206  5.35120e+01 | 21  0.00164  6.87894e+01
 22  0.03248  1.00959e+02 | 23  0.03010  1.09113e+02 | 24  0.01436  1.11231e+02
 25 -0.01215  1.03956e+02 | 26 -0.06079  7.79043e+01 | 27 -0.09365  6.29671e+01
 28 -0.10526  5.94065e+01 | 29 -0.10673  6.39620e+01 | 30 -0.07926  1.12752e+02
 31 -0.08160  1.17909e+02 | 32  0.04176  3.81962e+02 | 33 -0.01318  2.06932e+02
 34 -0.02954  1.48904e+02 | 35 -0.07616  6.48483e+01 | 36  0.04335  9.47024e+01
 37 -0.14998  1.24436e+01 | 38  0.07865  4.46068e+01 | 39 -0.17922  4.13693e+00
 40 -0.00453  1.85831e+01 | 41 -0.07207  1.58232e+01 | 42 -0.02407  1.01663e+01
 43  0.00152  1.04340e+01 | 44 -0.02344 -1.15148e+00 | 45 -0.03767 -1.47113e+01
 46 -0.04547 -1.50892e+01 | 47 -0.06553 -7.82011e+00 | 48 -1.92016  1.44920e+01
 49 -0.06730 -1.20858e+01 | 50 -0.05453  8.98580e+00 | 51  0.10498 -5.50414e+00
 52 -0.25170 -2.86510e+00 | 53  0.01706 -2.49888e+01 | 54 -0.16457 -1.30619e+01
 55  0.02930 -7.18252e+01 | 56 -0.06292 -5.17274e+01 | 57 -0.04035 -4.83460e+01
 58  0.00207 -5.93081e+01 | 59  0.01953 -2.03790e+01 | 60  0.01107 -1.22705e+01
 61 -0.05995 -1.10151e+01 | 62 -0.00894 -9.47175e+00 | 63  0.01970  8.37193e+00
 64 -0.12923  3.28593e+00 | 65 -0.04760 -4.04366e+00 | 66 -0.04435 -1.22662e+01
 67 -0.11730  3.62738e+00 | 68 -0.06917  2.33883e+01 | 69 -0.03071  4.85158e+01
 70  0.06960  3.47622e+01 | 71 -1.84232 -3.72208e+00 | 72 -0.12790  6.81113e+00
 73 -0.09913  3.32235e+00 | 74 -0.02964  7.71203e-02 | 75 -0.02880 -2.51373e-01
 76 -0.02879 -3.00478e-01 | 77 -0.63666  3.33551e+01 | 78 -0.16287  5.10206e+01
 79 -6.40125 -1.62834e-03 | 80 -0.40937  1.41167e+02 | 81 -1.44059 -1.96792e-02
 82 -0.15577 -5.00476e+01 | 83  0.97442 -8.48400e-01 | 84  1.04211 -4.72784e-02
 85  1.85369  1.17465e+01 | 86  0.64706  3.73597e-03 | 87 -50.29495 -1.56951e-03
 88 -0.87697 -1.60435e-02 |
88 variables; iteration 500; function evaluation 609; phase 3
Function value 1.0741032e+02; maximum gradient component mag 5.9454e+02
Var    Value     Gradient |Var    Value     Gradient |Var    Value     Gradient
  1  0.04406  5.94541e+02 |  2 -0.00081  7.73121e-02 |  3 -0.00106  7.30614e-02
  4 -0.01713  6.13393e-02 |  5 -0.01721  1.15948e-01 |  6 -0.01758  1.13581e-01
  7 -0.01800  1.19254e-01 |  8 -0.01839  1.53989e-01 |  9 -0.01888  1.90232e-01
 10 -0.01937  2.45155e-01 | 11 -0.02023  2.27332e-01 | 12 -0.01653  2.77851e-01
 13 -0.01841  2.09247e-01 | 14 -0.02402  3.08927e-01 | 15 -0.02833  4.53120e-01
 16 -0.02731  2.26665e-01 | 17 -0.02613  3.61020e-01 | 18 -0.02145  3.85210e-01
 19 -0.02485  4.66928e-01 | 20 -0.01928  4.51469e-01 | 21 -0.00821  4.06739e-01
 22  0.00563  5.29702e-01 | 23  0.03447  2.70955e+00 | 24  0.03579  4.29754e+00
 25 -0.01765  3.29169e+00 | 26 -0.06528  2.78581e+00 | 27 -0.09516  2.74084e+00
 28 -0.10586  2.88439e+00 | 29 -0.10479  3.94674e+00 | 30 -0.09065  7.78280e+00
 31 -0.04142  1.44521e+01 | 32  0.01549  3.44118e+01 | 33 -0.00420  2.69058e+01
 34 -0.02498  2.51617e+01 | 35 -0.08218  1.41094e+01 | 36  0.04220  3.50862e+01
 37 -0.14475  7.84627e+00 | 38  0.07806  3.92879e+01 | 39 -0.18520  4.40893e+00
 40 -0.00134  1.80316e+01 | 41 -0.07675  9.24279e+00 | 42 -0.02266  1.25438e+01
 43 -0.00093  1.40984e+01 | 44 -0.02336  1.08184e+01 | 45 -0.03645  1.03399e+01
 46 -0.04435  8.51285e+00 | 47 -0.06653  6.01967e+00 | 48 -1.92038 -4.13978e+00
 49 -0.06586  2.31369e+00 | 50 -0.05877 -3.21246e-01 | 51  0.10275 -5.46163e+00
 52 -0.24548 -3.40171e-01 | 53  0.01827 -9.63853e-01 | 54 -0.15959 -1.18798e-01
 55  0.02243 -1.54835e+00 | 56 -0.04456 -1.20120e+00 | 57 -0.05660 -1.12080e+00
 58  0.01160 -1.82643e+00 | 59  0.00859 -3.29653e+00 | 60  0.01469 -2.73980e+00
 61 -0.05917 -1.24859e+00 | 62 -0.01290 -1.69880e+00 | 63  0.01931 -2.22690e+00
 64 -0.12711 -6.48102e-01 | 65 -0.05349 -1.31170e+00 | 66 -0.04049 -7.66799e-01
 67 -0.12651 -9.15815e-01 | 68 -0.06412 -1.51246e+00 | 69 -0.04941 -2.82653e+00
 70  0.07169 -3.51751e+00 | 71 -1.84980  2.66117e-01 | 72 -0.12992 -5.53282e-01
 73 -0.10071 -8.67364e-02 | 74 -0.03041  1.02385e-03 | 75 -0.02817  2.36266e-02
 76 -0.02807 -9.67641e-03 | 77 -0.63775  3.67357e+00 | 78 -0.17693  4.09089e+00
 79 -6.69886 -6.10489e-03 | 80 -0.43436  2.14907e+01 | 81 -1.27691  6.54840e-03
 82 -0.21237 -8.18185e+00 | 83  1.00571 -9.09252e-02 | 84  0.99005  1.90638e-01
 85  1.85743  7.26017e+00 | 86  0.65046  4.56186e-03 | 87 -54.80703 -1.00437e-02
 88 -0.93546 -3.08104e-02 |
88 variables; iteration 520; function evaluation 629; phase 3
Function value 1.0736068e+02; maximum gradient component mag 1.3902e+02
Var    Value     Gradient |Var    Value     Gradient |Var    Value     Gradient
  1  0.04413  1.39021e+02 |  2 -0.00099  4.29896e-02 |  3 -0.00118  5.47518e-02
  4 -0.01718  5.85761e-02 |  5 -0.01743  7.45063e-02 |  6 -0.01775  8.78220e-02
  7 -0.01812  1.07381e-01 |  8 -0.01859  1.28743e-01 |  9 -0.01913  1.56685e-01
 10 -0.01980  1.78765e-01 | 11 -0.02053  2.04106e-01 | 12 -0.01677  2.66826e-01
 13 -0.01826  3.00015e-01 | 14 -0.02423  3.27145e-01 | 15 -0.02886  4.15826e-01
 16 -0.02708  4.21490e-01 | 17 -0.02618  4.90662e-01 | 18 -0.02084  6.67992e-01
 19 -0.02445  7.09350e-01 | 20 -0.01798  8.50888e-01 | 21 -0.00446  1.15664e+00
 22  0.01243  1.47627e+00 | 23  0.03216  1.48345e+00 | 24  0.02950  1.71780e+00
 25 -0.01842  1.38140e+00 | 26 -0.06516  1.09590e+00 | 27 -0.09531  9.34783e-01
 28 -0.10584  9.33987e-01 | 29 -0.10534  1.06143e+00 | 30 -0.09277  1.48728e+00
 31 -0.03099  3.21368e+00 | 32  0.00516  5.01848e+00 | 33  0.00168  4.02663e+00
 34 -0.02655  3.34731e+00 | 35 -0.08123  1.70691e+00 | 36  0.04227  4.12455e+00
 37 -0.14555  7.35785e-01 | 38  0.07805  5.04321e+00 | 39 -0.18532  6.38744e-01
 40 -0.00139  3.15588e+00 | 41 -0.07717  1.64471e+00 | 42 -0.02281  2.72774e+00
 43 -0.00117  3.69841e+00 | 44 -0.02337  3.53760e+00 | 45 -0.03678  3.22487e+00
 46 -0.04460  2.96883e+00 | 47 -0.06669  2.55245e+00 | 48 -1.92016 -1.89347e+00
 49 -0.06604  1.47561e+00 | 50 -0.05889  5.75184e-01 | 51  0.10283 -4.50353e-01
 52 -0.24501 -1.96065e-02 | 53  0.01829 -2.60904e-01 | 54 -0.15947  1.33741e-02
 55  0.02254 -2.65010e-02 | 56 -0.04459  6.23401e-02 | 57 -0.05617 -1.61472e-02
 58  0.01124 -1.90536e-01 | 59  0.00913 -1.78216e-01 | 60  0.01446 -2.72584e-01
 61 -0.05895 -2.57826e-01 | 62 -0.01293 -4.63204e-01 | 63  0.01944 -3.65382e-01
 64 -0.12746 -1.02828e-01 | 65 -0.05317 -1.77930e-01 | 66 -0.04084 -4.16280e-02
 67 -0.12584 -8.50078e-02 | 68 -0.06466 -2.52744e-01 | 69 -0.04877 -2.96346e-01
 70  0.07174 -7.77635e-01 | 71 -1.84962  1.67906e-01 | 72 -0.12947 -8.55687e-02
 73 -0.10106 -9.92450e-02 | 74 -0.03036  2.21514e-04 | 75 -0.02822 -2.34416e-03
 76 -0.02796  4.75902e-03 | 77 -0.64541  1.11911e+00 | 78 -0.17026  1.47633e+00
 79 -6.86768 -1.48797e-02 | 80 -0.43453  5.36751e+00 | 81 -1.34813  5.04671e-03
 82 -0.21218 -2.27242e+00 | 83  1.00646 -1.81863e-02 | 84  0.89887  1.96006e-02
 85  1.85706  1.14565e+00 | 86  0.67239  5.11966e-03 | 87 -53.98547  9.22008e-04
 88 -0.81716 -1.06337e-02 |
88 variables; iteration 540; function evaluation 650; phase 3
Function value 1.0735743e+02; maximum gradient component mag 1.9014e+02
Var    Value     Gradient |Var    Value     Gradient |Var    Value     Gradient
  1  0.04411  1.90136e+02 |  2 -0.00099  2.36163e-02 |  3 -0.00118  3.02747e-02
  4 -0.01718  3.27628e-02 |  5 -0.01745  3.78837e-02 |  6 -0.01776  4.72661e-02
  7 -0.01814  5.64771e-02 |  8 -0.01861  6.82532e-02 |  9 -0.01918  7.95914e-02
 10 -0.01983  9.13381e-02 | 11 -0.02055  1.04641e-01 | 12 -0.01687  1.31331e-01
 13 -0.01833  1.54305e-01 | 14 -0.02431  1.62144e-01 | 15 -0.02915  1.69758e-01
 16 -0.02712  2.18231e-01 | 17 -0.02623  2.53793e-01 | 18 -0.02124  3.00783e-01
 19 -0.02472  3.41765e-01 | 20 -0.01833  4.22865e-01 | 21 -0.00546  5.22251e-01
 22  0.01080  6.58220e-01 | 23  0.03447  1.15571e+00 | 24  0.03014  1.14225e+00
 25 -0.01865  9.09650e-01 | 26 -0.06541  7.57022e-01 | 27 -0.09543  7.04000e-01
 28 -0.10591  7.65151e-01 | 29 -0.10546  9.61366e-01 | 30 -0.09259  1.72018e+00
 31 -0.02999  4.23087e+00 | 32  0.00421  6.63744e+00 | 33  0.00245  6.69877e+00
 34 -0.02719  5.67151e+00 | 35 -0.08059  3.57957e+00 | 36  0.04215  9.81650e+00
 37 -0.14529  2.15864e+00 | 38  0.07806  1.22963e+01 | 39 -0.18538  1.45252e+00
 40 -0.00136  6.45199e+00 | 41 -0.07704  3.28982e+00 | 42 -0.02272  4.71731e+00
 43 -0.00107  5.63384e+00 | 44 -0.02333  4.78803e+00 | 45 -0.03672  4.19473e+00
 46 -0.04450  3.72988e+00 | 47 -0.06661  2.99094e+00 | 48 -1.92022 -2.06386e+00
 49 -0.06597  1.52307e+00 | 50 -0.05881  4.72297e-01 | 51  0.10283 -6.13699e-01
 52 -0.24525 -4.34559e-02 | 53  0.01824 -3.65444e-01 | 54 -0.15963 -1.49616e-01
 55  0.02255 -5.22250e-01 | 56 -0.04467 -2.99268e-01 | 57 -0.05623 -3.34346e-01
 58  0.01130 -6.39113e-01 | 59  0.00908 -6.48110e-01 | 60  0.01448 -6.35577e-01
 61 -0.05903 -4.36321e-01 | 62 -0.01287 -7.04590e-01 | 63  0.01940 -8.26954e-01
 64 -0.12755 -3.17040e-01 | 65 -0.05308 -5.92267e-01 | 66 -0.04092 -7.02533e-01
 67 -0.12572 -2.85860e-01 | 68 -0.06466 -4.24912e-01 | 69 -0.04865 -3.67706e-01
 70  0.07167 -6.13914e-01 | 71 -1.84953  6.62384e-02 | 72 -0.12957 -5.13124e-02
 73 -0.10098 -4.59661e-02 | 74 -0.03038 -3.51303e-04 | 75 -0.02823 -1.35093e-03
 76 -0.02799  4.90419e-05 | 77 -0.64621  1.37377e+00 | 78 -0.16979  1.83694e+00
 79 -6.78777 -9.05223e-03 | 80 -0.43425  6.54484e+00 | 81 -1.59218 -1.45139e-02
 82 -0.21098 -2.06984e+00 | 83  1.00656 -1.27687e-02 | 84  0.88164  1.66958e-02
 85  1.85716  2.32447e+00 | 86  0.67774  5.24512e-03 | 87 -54.02258 -3.62628e-04
 88 -0.78513 -8.95014e-03 |
88 variables; iteration 560; function evaluation 674; phase 3
Function value 1.0735581e+02; maximum gradient component mag 1.0390e+02
Var    Value     Gradient |Var    Value     Gradient |Var    Value     Gradient
  1  0.04412  1.03895e+02 |  2 -0.00098  2.51469e-02 |  3 -0.00117  3.05534e-02
  4 -0.01717  3.27635e-02 |  5 -0.01743  4.05245e-02 |  6 -0.01774  4.82839e-02
  7 -0.01812  5.81656e-02 |  8 -0.01858  6.94720e-02 |  9 -0.01915  8.22712e-02
 10 -0.01979  9.66425e-02 | 11 -0.02052  1.09451e-01 | 12 -0.01683  1.35478e-01
 13 -0.01829  1.57687e-01 | 14 -0.02426  1.69461e-01 | 15 -0.02899  2.09775e-01
 16 -0.02705  2.27594e-01 | 17 -0.02614  2.66808e-01 | 18 -0.02106  3.28885e-01
 19 -0.02458  3.59820e-01 | 20 -0.01823  4.20744e-01 | 21 -0.00522  5.30384e-01
 22  0.01106  6.39491e-01 | 23  0.03337  8.77756e-01 | 24  0.03035  9.68200e-01
 25 -0.01855  7.20706e-01 | 26 -0.06543  5.38795e-01 | 27 -0.09547  4.63526e-01
 28 -0.10599  4.60530e-01 | 29 -0.10550  5.41776e-01 | 30 -0.09253  8.86772e-01
 31 -0.02977  1.97074e+00 | 32  0.00372  2.85641e+00 | 33  0.00275  2.95384e+00
 34 -0.02731  2.42355e+00 | 35 -0.08050  1.60997e+00 | 36  0.04212  4.60862e+00
 37 -0.14519  1.07968e+00 | 38  0.07804  6.23393e+00 | 39 -0.18540  7.73570e-01
 40 -0.00138  3.43085e+00 | 41 -0.07706  1.79466e+00 | 42 -0.02276  2.58504e+00
 43 -0.00110  3.23559e+00 | 44 -0.02335  2.83046e+00 | 45 -0.03674  2.52164e+00
 46 -0.04454  2.24958e+00 | 47 -0.06664  1.82595e+00 | 48 -1.92019 -1.24898e+00
 49 -0.06599  9.39735e-01 | 50 -0.05885  2.57167e-01 | 51  0.10282 -3.85294e-01
 52 -0.24521 -2.92561e-02 | 53  0.01825 -2.08359e-01 | 54 -0.15965 -9.82869e-02
 55  0.02255 -3.44326e-01 | 56 -0.04469 -2.21616e-01 | 57 -0.05621 -1.95839e-01
 58  0.01127 -3.25194e-01 | 59  0.00909 -3.33377e-01 | 60  0.01445 -3.27438e-01
 61 -0.05897 -1.99079e-01 | 62 -0.01292 -3.66424e-01 | 63  0.01940 -3.98971e-01
 64 -0.12750 -1.42061e-01 | 65 -0.05313 -2.53297e-01 | 66 -0.04089 -2.91657e-01
 67 -0.12580 -1.49930e-01 | 68 -0.06465 -2.46596e-01 | 69 -0.04873 -2.58198e-01
 70  0.07168 -3.47028e-01 | 71 -1.84961  2.68186e-02 | 72 -0.12959 -3.22089e-02
 73 -0.10099 -2.32369e-02 | 74 -0.03038  4.64197e-05 | 75 -0.02823 -4.93632e-04
 76 -0.02799  1.50290e-06 | 77 -0.64695  6.84917e-01 | 78 -0.16932  9.23537e-01
 79 -6.71016 -6.38093e-03 | 80 -0.43726  3.55156e+00 | 81 -1.70912 -1.01720e-01
 82 -0.21634 -1.12752e+00 | 83  1.00668 -2.21983e-04 | 84  0.87356  1.56045e-02
 85  1.85713  1.13911e+00 | 86  0.68890  5.00829e-03 | 87 -54.05589 -3.96168e-04
 88 -0.72454 -6.80106e-03 |
88 variables; iteration 580; function evaluation 699; phase 3
Function value 1.0734870e+02; maximum gradient component mag 5.6347e+02
Var    Value     Gradient |Var    Value     Gradient |Var    Value     Gradient
  1  0.04412  5.63470e+02 |  2 -0.00092  1.32043e-01 |  3 -0.00112  1.57715e-01
  4 -0.01713  1.66117e-01 |  5 -0.01737  2.03438e-01 |  6 -0.01770  2.40565e-01
  7 -0.01806  2.89954e-01 |  8 -0.01857  3.32240e-01 |  9 -0.01912  3.95300e-01
 10 -0.01968  4.84530e-01 | 11 -0.02032  5.78103e-01 | 12 -0.01678  6.48646e-01
 13 -0.01829  7.35359e-01 | 14 -0.02416  8.25243e-01 | 15 -0.02913  8.73783e-01
 16 -0.02690  1.09440e+00 | 17 -0.02605  1.25391e+00 | 18 -0.02105  1.51256e+00
 19 -0.02462  1.63800e+00 | 20 -0.01839  1.90015e+00 | 21 -0.00594  2.28090e+00
 22  0.01103  3.04913e+00 | 23  0.03246  3.94577e+00 | 24  0.03184  4.79331e+00
 25 -0.01856  3.31165e+00 | 26 -0.06572  2.32846e+00 | 27 -0.09563  1.91460e+00
 28 -0.10620  1.80070e+00 | 29 -0.10571  2.06819e+00 | 30 -0.09246  3.49212e+00
 31 -0.02895  8.02033e+00 | 32  0.00297  1.17310e+01 | 33  0.00301  1.31549e+01
 34 -0.02729  1.23480e+01 | 35 -0.08053  8.75614e+00 | 36  0.04212  2.74933e+01
 37 -0.14516  6.60550e+00 | 38  0.07806  3.89166e+01 | 39 -0.18558  4.80318e+00
 40 -0.00131  2.16446e+01 | 41 -0.07708  1.08510e+01 | 42 -0.02271  1.52957e+01
 43 -0.00109  1.78697e+01 | 44 -0.02334  1.54096e+01 | 45 -0.03671  1.37324e+01
 46 -0.04453  1.22466e+01 | 47 -0.06659  1.05810e+01 | 48 -1.92023 -7.39953e+00
 49 -0.06600  4.99899e+00 | 50 -0.05879  1.56662e+00 | 51  0.10281 -2.38377e+00
 52 -0.24521 -6.57772e-02 | 53  0.01824 -1.17501e-01 | 54 -0.15942 -1.55801e-01
 55  0.02251 -2.09123e+00 | 56 -0.04477 -1.57122e+00 | 57 -0.05609 -1.68156e+00
 58  0.01111 -3.10681e+00 | 59  0.00922 -2.16170e+00 | 60  0.01438 -1.87712e+00
 61 -0.05890 -1.14582e+00 | 62 -0.01298 -1.78474e+00 | 63  0.01939 -1.35022e+00
 64 -0.12709 -2.30367e-01 | 65 -0.05346 -9.45301e-01 | 66 -0.04056 -2.95020e-01
 67 -0.12607 -5.35567e-01 | 68 -0.06461 -1.09087e+00 | 69 -0.04867 -1.01766e+00
 70  0.07166 -1.27756e+00 | 71 -1.84956  4.45225e-02 | 72 -0.12959 -5.26663e-02
 73 -0.10100 -4.96053e-02 | 74 -0.03036  6.20890e-03 | 75 -0.02822  2.67433e-03
 76 -0.02800 -3.00915e-03 | 77 -0.64683  3.26288e+00 | 78 -0.16980  4.38254e+00
 79 -6.34303 -1.06854e-03 | 80 -0.44844  2.18562e+01 | 81 -1.78020 -2.96325e+00
 82 -0.23724 -6.42409e+00 | 83  1.00688 -1.20369e-03 | 84  0.82043  1.08392e-02
 85  1.85716  6.63661e+00 | 86  0.74707 -6.35708e-01 | 87 -54.13261 -6.64054e-04
 88 -0.41519  5.85999e-02 |
88 variables; iteration 600; function evaluation 721; phase 3
Function value 1.0734475e+02; maximum gradient component mag -4.3767e+01
Var    Value     Gradient |Var    Value     Gradient |Var    Value     Gradient
  1  0.04410 -4.37666e+01 |  2 -0.00099 -5.08028e-02 |  3 -0.00118 -6.02524e-02
  4 -0.01718 -6.68213e-02 |  5 -0.01743 -7.80604e-02 |  6 -0.01775 -9.57658e-02
  7 -0.01812 -1.13424e-01 |  8 -0.01858 -1.34575e-01 |  9 -0.01916 -1.62203e-01
 10 -0.01981 -1.93757e-01 | 11 -0.02053 -2.26261e-01 | 12 -0.01683 -2.68360e-01
 13 -0.01834 -3.15265e-01 | 14 -0.02428 -3.40968e-01 | 15 -0.02932 -4.43682e-01
 16 -0.02712 -4.56267e-01 | 17 -0.02623 -5.32349e-01 | 18 -0.02125 -6.68033e-01
 19 -0.02474 -7.27142e-01 | 20 -0.01852 -8.66800e-01 | 21 -0.00572 -1.08559e+00
 22  0.00989 -1.42643e+00 | 23  0.03376 -1.51792e+00 | 24  0.03162 -1.49292e+00
 25 -0.01862 -1.10337e+00 | 26 -0.06557 -7.56845e-01 | 27 -0.09555 -5.66751e-01
 28 -0.10598 -4.69180e-01 | 29 -0.10544 -4.09235e-01 | 30 -0.09251 -4.13949e-01
 31 -0.02969 -4.33001e-01 | 32  0.00417 -6.36282e-02 | 33  0.00227  1.35251e-01
 34 -0.02711  4.16808e-01 | 35 -0.08070  2.48271e-01 | 36  0.04211  3.35320e-01
 37 -0.14524  7.48318e-02 | 38  0.07805 -4.03832e-01 | 39 -0.18547 -1.34264e-01
 40 -0.00133 -7.71350e-01 | 41 -0.07706 -5.20516e-01 | 42 -0.02266 -7.74806e-01
 43 -0.00107 -1.27306e+00 | 44 -0.02330 -1.11333e+00 | 45 -0.03670 -9.78904e-01
 46 -0.04445 -9.14855e-01 | 47 -0.06660 -9.56136e-01 | 48 -1.92025  6.23175e-01
 49 -0.06595 -4.69598e-01 | 50 -0.05882 -3.25274e-01 | 51  0.10279  4.00257e-02
 52 -0.24534 -1.04889e-03 | 53  0.01820  3.60236e-02 | 54 -0.15972 -1.21506e-02
 55  0.02251  2.08681e-01 | 56 -0.04472  1.95925e-01 | 57 -0.05625  2.10433e-01
 58  0.01126  2.96642e-01 | 59  0.00905  1.50875e-01 | 60  0.01443  1.37899e-01
 61 -0.05903  1.23377e-01 | 62 -0.01291  2.04261e-01 | 63  0.01935  1.42106e-01
 64 -0.12752  1.79456e-02 | 65 -0.05314  7.97909e-02 | 66 -0.04091 -1.35152e-02
 67 -0.12581 -2.26556e-02 | 68 -0.06464 -3.00764e-02 | 69 -0.04875 -7.13097e-02
 70  0.07162  1.43981e-01 | 71 -1.84955 -6.07903e-02 | 72 -0.12966  2.55937e-02
 73 -0.10098  1.50121e-02 | 74 -0.03041 -2.36912e-03 | 75 -0.02824  1.54519e-03
 76 -0.02800  1.31114e-03 | 77 -0.64313 -1.52731e-01 | 78 -0.17222 -1.92901e-01
 79 -6.21653 -4.15378e-04 | 80 -0.44970 -1.47297e+00 | 81 -1.78326  5.94078e-02
 82 -0.23981  6.42228e-01 | 83  1.00672  7.28032e-03 | 84  0.82696  1.12704e-02
 85  1.85719 -1.47041e-01 | 86  0.74980 -4.43630e-01 | 87 -53.93491  4.50759e-03
 88 -0.42316  8.15610e-02 |
88 variables; iteration 620; function evaluation 753; phase 3
Function value 1.0722044e+02; maximum gradient component mag 3.9887e+01
Var    Value     Gradient |Var    Value     Gradient |Var    Value     Gradient
  1  0.04417  3.98869e+01 |  2 -0.00099 -3.45244e-02 |  3 -0.00117 -3.89100e-02
  4 -0.01716 -4.00148e-02 |  5 -0.01745 -5.51467e-02 |  6 -0.01774 -6.16179e-02
  7 -0.01813 -7.59890e-02 |  8 -0.01857 -8.39979e-02 |  9 -0.01914 -9.93605e-02
 10 -0.01982 -1.25717e-01 | 11 -0.02053 -1.44445e-01 | 12 -0.01659 -1.66526e-01
 13 -0.01797 -1.67856e-01 | 14 -0.02427 -2.11335e-01 | 15 -0.02906 -1.91050e-01
 16 -0.02702 -2.55036e-01 | 17 -0.02598 -2.99618e-01 | 18 -0.02048 -3.58038e-01
 19 -0.02410 -3.98420e-01 | 20 -0.01746 -4.54529e-01 | 21 -0.00403 -5.45474e-01
 22  0.01217 -6.97727e-01 | 23  0.03341 -7.88405e-01 | 24  0.02724 -7.16538e-01
 25 -0.02061 -3.57501e-01 | 26 -0.06628 -1.21553e-01 | 27 -0.09555  4.30343e-02
 28 -0.10557  2.16694e-01 | 29 -0.10484  4.20498e-01 | 30 -0.09139  1.00389e+00
 31 -0.02836  2.67009e+00 | 32  0.00396  4.72577e+00 | 33  0.00195  4.39915e+00
 34 -0.02719  3.08778e+00 | 35 -0.08049  1.59434e+00 | 36  0.04202  3.40865e+00
 37 -0.14517  6.18342e-01 | 38  0.07789  2.55511e+00 | 39 -0.18554  2.83914e-01
 40 -0.00158  8.76952e-01 | 41 -0.07712  4.09957e-01 | 42 -0.02292  4.02759e-01
 43 -0.00120  2.76101e-01 | 44 -0.02344  2.88614e-01 | 45 -0.03684  2.73217e-01
 46 -0.04465  2.63236e-01 | 47 -0.06672 -3.97884e-02 | 48 -1.92007  1.91464e-01
 49 -0.06606  9.17303e-02 | 50 -0.05896 -9.48625e-03 | 51  0.10275  1.61508e-01
 52 -0.24519  2.26025e-02 | 53  0.01818  2.39135e-01 | 54 -0.15958  1.29817e-01
 55  0.02245  6.30253e-01 | 56 -0.04466  3.76079e-01 | 57 -0.05632  2.38212e-01
 58  0.01122  2.05397e-01 | 59  0.00899 -1.17041e-02 | 60  0.01441 -1.19147e-01
 61 -0.05909 -2.36714e-01 | 62 -0.01299 -4.49723e-01 | 63  0.01935 -6.02585e-01
 64 -0.12769 -2.59325e-01 | 65 -0.05312 -3.36592e-01 | 66 -0.04108 -5.74985e-01
 67 -0.12572 -1.21876e-01 | 68 -0.06482 -1.74630e-01 | 69 -0.04875 -2.97919e-02
 70  0.07160 -3.72055e-01 | 71 -1.84960  6.69586e-02 | 72 -0.12963 -1.29082e-02
 73 -0.10110 -2.87019e-02 | 74 -0.03038  1.62143e-04 | 75 -0.02826 -7.86615e-03
 76 -0.02800 -2.75543e-03 | 77 -0.61838  3.16154e-01 | 78 -0.19955  2.06342e-01
 79 -4.86545 -1.46346e-02 | 80 -0.44873  1.17699e+00 | 81 -1.77946 -2.04832e-01
 82 -0.23779 -2.72077e-01 | 83  1.00669 -1.67843e-03 | 84  0.80109  9.72426e-03
 85  1.85663  6.41290e-01 | 86  0.75291  2.43152e-01 | 87 -50.14170 -7.11063e-04
 88 -1.03649 -2.40495e-02 |
88 variables; iteration 640; function evaluation 774; phase 3
Function value 1.0721722e+02; maximum gradient component mag 3.4654e+01
Var    Value     Gradient |Var    Value     Gradient |Var    Value     Gradient
  1  0.04416  3.46537e+01 |  2 -0.00097  1.86685e-02 |  3 -0.00117  2.22466e-02
  4 -0.01717  2.27937e-02 |  5 -0.01742  3.20146e-02 |  6 -0.01774  3.55827e-02
  7 -0.01811  4.38360e-02 |  8 -0.01857  5.47119e-02 |  9 -0.01914  6.45669e-02
 10 -0.01979  7.32643e-02 | 11 -0.02055  7.29112e-02 | 12 -0.01659  1.03457e-01
 13 -0.01804  1.26238e-01 | 14 -0.02426  1.26836e-01 | 15 -0.02924  1.34638e-01
 16 -0.02706  1.73536e-01 | 17 -0.02598  2.14959e-01 | 18 -0.02062  2.44650e-01
 19 -0.02416  2.75802e-01 | 20 -0.01756  3.27371e-01 | 21 -0.00421  4.09998e-01
 22  0.01180  4.32349e-01 | 23  0.03341  6.84956e-01 | 24  0.02774  7.85196e-01
 25 -0.02039  6.10301e-01 | 26 -0.06628  4.37808e-01 | 27 -0.09561  3.55348e-01
 28 -0.10567  3.63864e-01 | 29 -0.10494  4.04259e-01 | 30 -0.09130  6.25205e-01
 31 -0.02748  1.08826e+00 | 32  0.00304  1.50405e+00 | 33  0.00225  1.41039e+00
 34 -0.02706  9.22875e-01 | 35 -0.08065  3.53728e-01 | 36  0.04205  9.35012e-01
 37 -0.14515  2.79324e-01 | 38  0.07791  1.12410e+00 | 39 -0.18562  8.89148e-02
 40 -0.00153  5.68015e-01 | 41 -0.07709  3.65155e-01 | 42 -0.02288  5.17396e-01
 43 -0.00117  7.60286e-01 | 44 -0.02342  7.23619e-01 | 45 -0.03680  7.07997e-01
 46 -0.04461  5.93307e-01 | 47 -0.06669  3.24692e-01 | 48 -1.92011 -1.74276e-01
 49 -0.06603  2.23422e-01 | 50 -0.05895 -3.35255e-02 | 51  0.10275 -1.76925e-01
 52 -0.24523 -1.12604e-02 | 53  0.01820 -9.86406e-02 | 54 -0.15972 -2.22337e-02
 55  0.02247  7.02686e-03 | 56 -0.04474  5.68178e-03 | 57 -0.05625  5.35856e-02
 58  0.01116 -4.43894e-04 | 59  0.00903 -1.38933e-01 | 60  0.01437 -2.00713e-01
 61 -0.05903 -1.17999e-01 | 62 -0.01300 -1.91124e-01 | 63  0.01933 -3.81730e-01
 64 -0.12757 -1.36159e-01 | 65 -0.05320 -1.73512e-01 | 66 -0.04100 -3.30969e-01
 67 -0.12585 -1.18473e-01 | 68 -0.06473 -1.83880e-01 | 69 -0.04886 -1.95334e-01
 70  0.07162 -2.56172e-01 | 71 -1.84964  2.32945e-02 | 72 -0.12967 -2.80240e-02
 73 -0.10108 -2.05065e-02 | 74 -0.03040 -8.44208e-04 | 75 -0.02825 -2.31445e-03
 76 -0.02800  1.20953e-04 | 77 -0.61635  1.33158e-01 | 78 -0.20304  7.90878e-02
 79 -4.11517 -4.93379e-04 | 80 -0.45539  9.66610e-01 | 81 -1.79615 -1.78781e-01
 82 -0.25184 -2.74163e-01 | 83  1.00661 -6.45400e-03 | 84  0.82903  1.14133e-02
 85  1.85668  2.86721e-01 | 86  0.75289 -5.11495e-02 | 87 -49.97363  8.03329e-04
 88 -1.02950  5.13840e-03 |
88 variables; iteration 660; function evaluation 794; phase 3
Function value 1.0721676e+02; maximum gradient component mag 8.3234e+01
Var    Value     Gradient |Var    Value     Gradient |Var    Value     Gradient
  1  0.04416  8.32343e+01 |  2 -0.00095 -1.90946e-02 |  3 -0.00113 -2.14201e-02
  4 -0.01713 -2.31469e-02 |  5 -0.01741 -3.41149e-02 |  6 -0.01771 -3.92471e-02
  7 -0.01808 -4.55210e-02 |  8 -0.01855 -5.68721e-02 |  9 -0.01911 -6.77735e-02
 10 -0.01974 -7.78569e-02 | 11 -0.02044 -8.88878e-02 | 12 -0.01654 -1.15231e-01
 13 -0.01798 -1.24096e-01 | 14 -0.02419 -1.42581e-01 | 15 -0.02918 -1.66059e-01
 16 -0.02701 -1.86405e-01 | 17 -0.02595 -2.14809e-01 | 18 -0.02048 -2.63902e-01
 19 -0.02408 -2.85760e-01 | 20 -0.01749 -3.33855e-01 | 21 -0.00430 -4.44742e-01
 22  0.01278 -3.97550e-01 | 23  0.03329 -5.64467e-01 | 24  0.02749 -4.50866e-01
 25 -0.02091 -3.00580e-01 | 26 -0.06634 -9.38577e-02 | 27 -0.09554  3.17799e-02
 28 -0.10567  1.11725e-01 | 29 -0.10498  2.39116e-01 | 30 -0.09157  6.56499e-01
 31 -0.02757  2.08076e+00 | 32  0.00317  3.53739e+00 | 33  0.00232  3.71122e+00
 34 -0.02717  3.14301e+00 | 35 -0.08042  2.17964e+00 | 36  0.04206  5.82544e+00
 37 -0.14518  1.20649e+00 | 38  0.07793  6.96305e+00 | 39 -0.18553  8.57843e-01
 40 -0.00153  3.57118e+00 | 41 -0.07712  1.71404e+00 | 42 -0.02291  2.17994e+00
 43 -0.00119  2.32882e+00 | 44 -0.02343  1.86870e+00 | 45 -0.03681  1.61968e+00
 46 -0.04465  1.44817e+00 | 47 -0.06670  1.28415e+00 | 48 -1.92010 -8.27196e-01
 49 -0.06606  5.11409e-01 | 50 -0.05894  1.30979e-01 | 51  0.10278 -3.78642e-01
 52 -0.24514 -2.46043e-02 | 53  0.01826 -2.58599e-02 | 54 -0.15957 -1.53494e-02
 55  0.02247 -3.09522e-01 | 56 -0.04459 -1.50027e-01 | 57 -0.05630 -2.35228e-01
 58  0.01122 -3.35189e-01 | 59  0.00905 -2.04610e-01 | 60  0.01443 -1.49331e-01
 61 -0.05901 -1.50085e-01 | 62 -0.01298 -2.25585e-01 | 63  0.01937 -1.25079e-01
 64 -0.12740 -1.32929e-04 | 65 -0.05329 -9.03663e-02 | 66 -0.04085  1.05121e-01
 67 -0.12592  1.86403e-02 | 68 -0.06471  5.46930e-02 | 69 -0.04879  1.61083e-01
 70  0.07167  1.23705e-01 | 71 -1.84974 -3.07052e-02 | 72 -0.12963  2.20828e-02
 73 -0.10104  2.26232e-02 | 74 -0.03038  1.16051e-04 | 75 -0.02823 -2.12013e-03
 76 -0.02800 -3.80434e-03 | 77 -0.61560  6.26077e-01 | 78 -0.20437  3.53906e-01
 79 -4.08932 -3.88300e-04 | 80 -0.45219  3.32164e+00 | 81 -1.78853 -4.51315e-01
 82 -0.24516 -1.05038e+00 | 83  1.00684  8.32325e-03 | 84  0.77688  8.59321e-03
 85  1.85663  1.20421e+00 | 86  0.75291  1.04498e-01 | 87 -49.96397  2.88395e-03
 88 -1.02808  1.06000e-02 |
88 variables; iteration 680; function evaluation 816; phase 3
Function value 1.0721552e+02; maximum gradient component mag 2.3672e+01
Var    Value     Gradient |Var    Value     Gradient |Var    Value     Gradient
  1  0.04416  2.36718e+01 |  2 -0.00096 -2.48060e-03 |  3 -0.00115 -2.95890e-03
  4 -0.01715 -3.66295e-03 |  5 -0.01741 -4.55911e-03 |  6 -0.01772 -4.96509e-03
  7 -0.01810 -6.80500e-03 |  8 -0.01856 -8.05120e-03 |  9 -0.01912 -9.85347e-03
 10 -0.01976 -1.02631e-02 | 11 -0.02046 -9.22584e-03 | 12 -0.01656 -1.52114e-02
 13 -0.01803 -1.89662e-02 | 14 -0.02421 -1.87057e-02 | 15 -0.02915 -1.72549e-02
 16 -0.02705 -3.05737e-02 | 17 -0.02601 -3.52930e-02 | 18 -0.02056 -4.34285e-02
 19 -0.02417 -5.10282e-02 | 20 -0.01758 -6.21859e-02 | 21 -0.00415 -6.09692e-02
 22  0.01233 -7.57062e-02 | 23  0.03357 -7.58441e-02 | 24  0.02741 -8.99321e-02
 25 -0.02059 -3.97764e-02 | 26 -0.06632 -2.42027e-02 | 27 -0.09561 -1.51394e-02
 28 -0.10571  4.66561e-03 | 29 -0.10499  2.92341e-02 | 30 -0.09154  9.96068e-02
 31 -0.02725  4.04185e-01 | 32  0.00292  6.96512e-01 | 33  0.00230  8.07986e-01
 34 -0.02703  8.37521e-01 | 35 -0.08060  5.98844e-01 | 36  0.04207  1.75293e+00
 37 -0.14515  4.32472e-01 | 38  0.07793  2.19290e+00 | 39 -0.18556  2.53425e-01
 40 -0.00152  1.02782e+00 | 41 -0.07712  4.93555e-01 | 42 -0.02288  6.98885e-01
 43 -0.00118  7.83388e-01 | 44 -0.02341  6.86769e-01 | 45 -0.03680  5.95405e-01
 46 -0.04462  5.37006e-01 | 47 -0.06669  4.46824e-01 | 48 -1.92013 -3.24959e-01
 49 -0.06604  2.02260e-01 | 50 -0.05893  4.35932e-02 | 51  0.10277  1.00941e-02
 52 -0.24515  1.02551e-02 | 53  0.01823  8.47262e-02 | 54 -0.15962  3.53018e-02
 55  0.02248  1.13113e-02 | 56 -0.04469 -3.52046e-02 | 57 -0.05623 -4.32292e-02
 58  0.01118 -1.25698e-01 | 59  0.00907 -1.07306e-01 | 60  0.01438 -7.95186e-02
 61 -0.05896 -1.11090e-02 | 62 -0.01300 -5.98998e-02 | 63  0.01937 -9.01568e-02
 64 -0.12751 -4.30206e-02 | 65 -0.05322 -9.74770e-02 | 66 -0.04092 -1.50796e-01
 67 -0.12589 -8.85719e-02 | 68 -0.06469 -1.67368e-01 | 69 -0.04887 -2.01862e-01
 70  0.07166 -1.93998e-01 | 71 -1.84968  1.45841e-02 | 72 -0.12963 -1.92295e-02
 73 -0.10106 -1.47771e-02 | 74 -0.03038  2.96948e-04 | 75 -0.02823  1.90754e-04
 76 -0.02799  1.08371e-03 | 77 -0.61333  1.75676e-01 | 78 -0.20855  9.05353e-02
 79 -3.88724  4.15570e-04 | 80 -0.44326  9.95060e-01 | 81 -1.75733 -9.29043e-02
 82 -0.22739 -2.74123e-01 | 83  1.00667 -2.48456e-03 | 84  0.60434  4.38661e-03
 85  1.85665  3.80802e-01 | 86  0.75290  1.38136e-02 | 87 -49.98992  3.09064e-04
 88 -1.03083 -4.43000e-04 |
88 variables; iteration 700; function evaluation 840; phase 3
Function value 1.0721512e+02; maximum gradient component mag 3.2013e+01
Var    Value     Gradient |Var    Value     Gradient |Var    Value     Gradient
  1  0.04415  3.20129e+01 |  2 -0.00097  1.47376e-02 |  3 -0.00117  1.72098e-02
  4 -0.01716  1.93615e-02 |  5 -0.01742  2.43147e-02 |  6 -0.01773  2.89851e-02
  7 -0.01811  3.55810e-02 |  8 -0.01857  4.16460e-02 |  9 -0.01913  5.08453e-02
 10 -0.01978  5.78385e-02 | 11 -0.02050  6.66058e-02 | 12 -0.01658  8.38056e-02
 13 -0.01805  9.57065e-02 | 14 -0.02423  1.04226e-01 | 15 -0.02916  1.25070e-01
 16 -0.02704  1.42358e-01 | 17 -0.02601  1.65015e-01 | 18 -0.02052  2.13511e-01
 19 -0.02411  2.32470e-01 | 20 -0.01751  2.68029e-01 | 21 -0.00418  3.22544e-01
 22  0.01220  3.78187e-01 | 23  0.03346  5.14330e-01 | 24  0.02758  5.52516e-01
 25 -0.02066  3.67797e-01 | 26 -0.06631  2.72217e-01 | 27 -0.09556  2.30922e-01
 28 -0.10569  2.08115e-01 | 29 -0.10496  2.27177e-01 | 30 -0.09140  3.22405e-01
 31 -0.02724  5.59190e-01 | 32  0.00282  6.72223e-01 | 33  0.00240  6.68615e-01
 34 -0.02710  4.57898e-01 | 35 -0.08058  2.74056e-01 | 36  0.04208  8.43987e-01
 37 -0.14528  1.66631e-01 | 38  0.07794  1.28815e+00 | 39 -0.18558  1.55251e-01
 40 -0.00152  8.12513e-01 | 41 -0.07711  4.45808e-01 | 42 -0.02287  7.09084e-01
 43 -0.00117  9.94023e-01 | 44 -0.02341  8.88128e-01 | 45 -0.03680  8.17484e-01
 46 -0.04462  7.24128e-01 | 47 -0.06669  5.92084e-01 | 48 -1.92012 -4.18394e-01
 49 -0.06604  3.21099e-01 | 50 -0.05892  8.77075e-02 | 51  0.10277 -2.25444e-01
 52 -0.24519 -1.59326e-02 | 53  0.01823 -1.52094e-01 | 54 -0.15969 -6.35705e-02
 55  0.02249 -1.62034e-01 | 56 -0.04468 -5.21680e-02 | 57 -0.05627 -4.23053e-02
 58  0.01121 -4.57384e-02 | 59  0.00904 -7.58913e-02 | 60  0.01441 -8.66109e-02
 61 -0.05902 -5.07510e-02 | 62 -0.01297 -5.49635e-02 | 63  0.01935 -5.42087e-02
 64 -0.12748 -3.81288e-03 | 65 -0.05323 -5.91906e-03 | 66 -0.04091  2.06327e-02
 67 -0.12589 -5.25889e-03 | 68 -0.06470 -1.15133e-02 | 69 -0.04883 -2.66561e-02
 70  0.07165 -3.89942e-02 | 71 -1.84966 -2.70865e-03 | 72 -0.12964  1.10665e-03
 73 -0.10105  1.00181e-03 | 74 -0.03038  8.25479e-05 | 75 -0.02823  6.20202e-04
 76 -0.02799 -8.75556e-04 | 77 -0.61357  2.10498e-01 | 78 -0.20802  1.09705e-01
 79 -3.94408  2.10091e-04 | 80 -0.43875  1.10926e+00 | 81 -1.72500 -4.15756e-02
 82 -0.21911 -3.65923e-01 | 83  1.00671  1.10612e-03 | 84  0.48511  2.99812e-03
 85  1.85665  2.57872e-01 | 86  0.75290 -3.12215e-03 | 87 -50.07706 -4.06375e-04
 88 -1.03081 -2.80415e-04 |
88 variables; iteration 720; function evaluation 861; phase 3
Function value 1.0721476e+02; maximum gradient component mag 3.1686e+01
Var    Value     Gradient |Var    Value     Gradient |Var    Value     Gradient
  1  0.04416  3.16864e+01 |  2 -0.00097  1.26356e-03 |  3 -0.00116  1.82887e-03
  4 -0.01716  2.50497e-03 |  5 -0.01742  1.66946e-03 |  6 -0.01773  2.95433e-03
  7 -0.01810  3.15843e-03 |  8 -0.01856  4.50573e-03 |  9 -0.01913  5.33623e-03
 10 -0.01978  4.42988e-03 | 11 -0.02049  5.11849e-03 | 12 -0.01657  7.06797e-03
 13 -0.01804  1.07110e-02 | 14 -0.02423  8.31580e-03 | 15 -0.02920  6.14672e-03
 16 -0.02705  1.41671e-02 | 17 -0.02601  1.64090e-02 | 18 -0.02059  1.38862e-02
 19 -0.02417  1.73570e-02 | 20 -0.01756  2.41579e-02 | 21 -0.00412  4.39117e-02
 22  0.01237  4.97262e-02 | 23  0.03349  6.21082e-02 | 24  0.02737  5.61084e-02
 25 -0.02053  8.14660e-02 | 26 -0.06630  6.15222e-02 | 27 -0.09559  5.80487e-02
 28 -0.10570  7.19908e-02 | 29 -0.10498  1.02700e-01 | 30 -0.09149  2.10692e-01
 31 -0.02723  5.75169e-01 | 32  0.00288  8.95804e-01 | 33  0.00232  9.96759e-01
 34 -0.02705  9.00751e-01 | 35 -0.08061  6.08943e-01 | 36  0.04208  1.81555e+00
 37 -0.14521  4.16243e-01 | 38  0.07793  2.37938e+00 | 39 -0.18555  2.74355e-01
 40 -0.00153  1.22714e+00 | 41 -0.07710  6.46937e-01 | 42 -0.02288  9.17729e-01
 43 -0.00118  1.13258e+00 | 44 -0.02342  9.47437e-01 | 45 -0.03680  8.11467e-01
 46 -0.04462  7.14842e-01 | 47 -0.06669  5.47835e-01 | 48 -1.92012 -3.83335e-01
 49 -0.06604  3.09366e-01 | 50 -0.05894  9.45882e-02 | 51  0.10277 -1.03347e-01
 52 -0.24518 -1.13920e-02 | 53  0.01823 -1.40871e-01 | 54 -0.15971 -6.54588e-02
 55  0.02249 -2.00966e-01 | 56 -0.04470 -1.19991e-01 | 57 -0.05624 -9.08898e-02
 58  0.01118 -1.43406e-01 | 59  0.00905 -1.33408e-01 | 60  0.01439 -1.16734e-01
 61 -0.05900 -6.27584e-02 | 62 -0.01299 -8.75719e-02 | 63  0.01936 -1.11527e-01
 64 -0.12749 -3.28669e-02 | 65 -0.05323 -6.76687e-02 | 66 -0.04092 -7.08613e-02
 67 -0.12589 -4.04056e-02 | 68 -0.06471 -6.48423e-02 | 69 -0.04884 -5.34178e-02
 70  0.07165 -4.00549e-02 | 71 -1.84968 -4.07578e-03 | 72 -0.12964 -6.09154e-03
 73 -0.10106 -4.01994e-03 | 74 -0.03039 -5.30082e-04 | 75 -0.02823 -5.58516e-04
 76 -0.02799 -6.07358e-04 | 77 -0.61552  2.81883e-01 | 78 -0.20436  1.59975e-01
 79 -3.93913  2.24991e-04 | 80 -0.43614  1.04716e+00 | 81 -1.68072 -1.47548e-02
 82 -0.21445 -3.37807e-01 | 83  1.00673  1.73501e-03 | 84  0.32077  1.73535e-03
 85  1.85665  4.25963e-01 | 86  0.75290  3.70580e-03 | 87 -49.99717 -2.03715e-05
 88 -1.03048  9.57269e-04 |
88 variables; iteration 740; function evaluation 883; phase 3
Function value 1.0721462e+02; maximum gradient component mag 8.4344e-01
Var    Value     Gradient |Var    Value     Gradient |Var    Value     Gradient
  1  0.04416  8.43438e-01 |  2 -0.00096  3.89598e-04 |  3 -0.00116  5.06650e-04
  4 -0.01716  5.15682e-04 |  5 -0.01741  6.28594e-04 |  6 -0.01772  7.61622e-04
  7 -0.01810  9.15105e-04 |  8 -0.01856  1.13223e-03 |  9 -0.01913  1.29613e-03
 10 -0.01977  1.62443e-03 | 11 -0.02048  1.86229e-03 | 12 -0.01656  2.13722e-03
 13 -0.01804  2.52237e-03 | 14 -0.02422  2.68861e-03 | 15 -0.02917  3.38927e-03
 16 -0.02704  3.51762e-03 | 17 -0.02600  4.10652e-03 | 18 -0.02056  5.20109e-03
 19 -0.02414  5.45700e-03 | 20 -0.01754  6.22014e-03 | 21 -0.00417  7.91040e-03
 22  0.01233  9.87657e-03 | 23  0.03347  1.22582e-02 | 24  0.02749  1.46118e-02
 25 -0.02061  9.85952e-03 | 26 -0.06631  6.73394e-03 | 27 -0.09559  5.22709e-03
 28 -0.10570  4.88235e-03 | 29 -0.10498  5.15055e-03 | 30 -0.09148  6.87651e-03
 31 -0.02727  1.66821e-02 | 32  0.00291  1.91829e-02 | 33  0.00232  2.14845e-02
 34 -0.02705  1.73739e-02 | 35 -0.08060  1.26431e-02 | 36  0.04208  3.38169e-02
 37 -0.14521  9.11240e-03 | 38  0.07793  4.74622e-02 | 39 -0.18556  5.57897e-03
 40 -0.00152  2.76398e-02 | 41 -0.07712  1.32944e-02 | 42 -0.02288  1.94425e-02
 43 -0.00118  2.30464e-02 | 44 -0.02341  2.02436e-02 | 45 -0.03680  1.80819e-02
 46 -0.04462  1.68410e-02 | 47 -0.06669  1.40869e-02 | 48 -1.92012 -1.02230e-02
 49 -0.06604  6.10263e-03 | 50 -0.05893  1.00718e-03 | 51  0.10277 -3.43899e-03
 52 -0.24517  1.23478e-04 | 53  0.01823  5.39237e-04 | 54 -0.15966  7.48783e-04
 55  0.02248 -9.30379e-04 | 56 -0.04468 -1.18888e-04 | 57 -0.05625 -6.03567e-04
 58  0.01119 -2.27851e-03 | 59  0.00906 -5.15040e-03 | 60  0.01440 -4.77346e-03
 61 -0.05900 -1.80375e-03 | 62 -0.01299 -2.96977e-03 | 63  0.01936 -6.13806e-03
 64 -0.12749 -2.02714e-03 | 65 -0.05323 -4.01649e-03 | 66 -0.04092 -5.60700e-03
 67 -0.12588 -2.84755e-03 | 68 -0.06470 -5.31802e-03 | 69 -0.04884 -7.01914e-03
 70  0.07165 -6.54723e-03 | 71 -1.84968  6.80627e-04 | 72 -0.12963 -8.75486e-04
 73 -0.10106 -4.66887e-04 | 74 -0.03038 -2.06363e-07 | 75 -0.02823 -4.90920e-06
 76 -0.02799  2.19089e-05 | 77 -0.62040  4.28061e-03 | 78 -0.19654  4.55563e-03
 79 -3.97915  5.97957e-05 | 80 -0.43502  2.47115e-02 | 81 -1.62665  1.85384e-03
 82 -0.21252 -6.30772e-03 | 83  1.00669  1.63108e-04 | 84  0.11724  5.90659e-04
 85  1.85665  9.25797e-03 | 86  0.75290  9.24310e-04 | 87 -49.99654 -2.84439e-07
 88 -1.03071  1.34232e-04 |
88 variables; iteration 760; function evaluation 909; phase 3
Function value 1.0721459e+02; maximum gradient component mag 2.8608e+01
Var    Value     Gradient |Var    Value     Gradient |Var    Value     Gradient
  1  0.04416  2.86077e+01 |  2 -0.00096  6.42997e-03 |  3 -0.00116  7.80616e-03
  4 -0.01716  8.27072e-03 |  5 -0.01741  1.01446e-02 |  6 -0.01772  1.23466e-02
  7 -0.01810  1.47941e-02 |  8 -0.01856  1.72938e-02 |  9 -0.01913  2.06519e-02
 10 -0.01977  2.40511e-02 | 11 -0.02048  2.96815e-02 | 12 -0.01656  3.47981e-02
 13 -0.01804  3.97872e-02 | 14 -0.02421  4.41529e-02 | 15 -0.02917  5.03307e-02
 16 -0.02705  5.47535e-02 | 17 -0.02600  6.56471e-02 | 18 -0.02057  7.92511e-02
 19 -0.02415  8.60511e-02 | 20 -0.01756  1.00104e-01 | 21 -0.00417  1.29579e-01
 22  0.01231  1.60308e-01 | 23  0.03353  2.24781e-01 | 24  0.02746  2.30662e-01
 25 -0.02060  1.75065e-01 | 26 -0.06631  1.28486e-01 | 27 -0.09560  1.05716e-01
 28 -0.10570  1.08330e-01 | 29 -0.10498  1.25249e-01 | 30 -0.09149  2.07589e-01
 31 -0.02724  4.93804e-01 | 32  0.00288  7.01072e-01 | 33  0.00232  7.52002e-01
 34 -0.02704  7.05980e-01 | 35 -0.08061  4.67823e-01 | 36  0.04208  1.41179e+00
 37 -0.14519  3.46339e-01 | 38  0.07793  1.92364e+00 | 39 -0.18556  2.47954e-01
 40 -0.00152  1.00587e+00 | 41 -0.07712  4.95491e-01 | 42 -0.02288  6.93083e-01
 43 -0.00118  8.37180e-01 | 44 -0.02341  7.80947e-01 | 45 -0.03680  7.13562e-01
 46 -0.04462  6.38196e-01 | 47 -0.06669  5.30216e-01 | 48 -1.92012 -3.69598e-01
 49 -0.06604  2.35055e-01 | 50 -0.05893  2.03084e-02 | 51  0.10277 -8.36270e-02
 52 -0.24516  6.13807e-03 | 53  0.01823  4.98955e-02 | 54 -0.15965  6.38495e-03
 55  0.02248 -3.03358e-02 | 56 -0.04469 -2.53806e-02 | 57 -0.05624 -4.12790e-02
 58  0.01118 -1.24037e-01 | 59  0.00907 -1.02922e-01 | 60  0.01439 -8.86266e-02
 61 -0.05898 -3.71263e-02 | 62 -0.01300 -8.63642e-02 | 63  0.01937 -8.62240e-02
 64 -0.12751 -3.88648e-02 | 65 -0.05322 -9.58597e-02 | 66 -0.04093 -1.35713e-01
 67 -0.12588 -7.87499e-02 | 68 -0.06470 -1.52332e-01 | 69 -0.04885 -1.59942e-01
 70  0.07165 -1.25724e-01 | 71 -1.84967 -3.92596e-03 | 72 -0.12963  7.70975e-04
 73 -0.10106 -3.68999e-03 | 74 -0.03038  2.71981e-04 | 75 -0.02823 -4.90265e-06
 76 -0.02799  3.49669e-04 | 77 -0.61967  1.46735e-01 | 78 -0.19768  9.88387e-02
 79 -4.04885 -2.32004e-04 | 80 -0.43519  1.19729e+00 | 81 -1.64159 -6.82965e-03
 82 -0.21283 -3.66699e-01 | 83  1.00666 -2.84539e-03 | 84  0.10251 -2.05656e-03
 85  1.85665  3.41565e-01 | 86  0.75290 -3.20295e-03 | 87 -49.99623  1.78299e-05
 88 -1.03093 -7.88550e-04 |
88 variables; iteration 780; function evaluation 930; phase 3
Function value 1.0721449e+02; maximum gradient component mag 1.4283e+01
Var    Value     Gradient |Var    Value     Gradient |Var    Value     Gradient
  1  0.04416  1.42835e+01 |  2 -0.00096  2.80593e-03 |  3 -0.00116  3.46526e-03
  4 -0.01716  3.75078e-03 |  5 -0.01741  4.41639e-03 |  6 -0.01772  5.51033e-03
  7 -0.01810  6.54995e-03 |  8 -0.01856  7.71003e-03 |  9 -0.01913  9.18168e-03
 10 -0.01977  1.06185e-02 | 11 -0.02048  1.34806e-02 | 12 -0.01656  1.57123e-02
 13 -0.01804  1.79440e-02 | 14 -0.02422  1.99962e-02 | 15 -0.02917  2.24371e-02
 16 -0.02705  2.42904e-02 | 17 -0.02600  2.94241e-02 | 18 -0.02056  3.54136e-02
 19 -0.02415  3.85294e-02 | 20 -0.01755  4.49762e-02 | 21 -0.00417  5.86398e-02
 22  0.01232  7.14548e-02 | 23  0.03350  1.00851e-01 | 24  0.02746  1.01665e-01
 25 -0.02061  7.81414e-02 | 26 -0.06631  5.72432e-02 | 27 -0.09559  4.69654e-02
 28 -0.10570  4.90805e-02 | 29 -0.10498  5.71244e-02 | 30 -0.09148  9.63112e-02
 31 -0.02727  2.30708e-01 | 32  0.00291  3.40426e-01 | 33  0.00232  3.61932e-01
 34 -0.02704  3.39662e-01 | 35 -0.08061  2.31557e-01 | 36  0.04208  6.98464e-01
 37 -0.14520  1.72168e-01 | 38  0.07793  9.50458e-01 | 39 -0.18556  1.15296e-01
 40 -0.00152  4.89892e-01 | 41 -0.07712  2.48695e-01 | 42 -0.02288  3.64887e-01
 43 -0.00118  4.47479e-01 | 44 -0.02341  4.08287e-01 | 45 -0.03680  3.68497e-01
 46 -0.04462  3.32684e-01 | 47 -0.06669  2.78727e-01 | 48 -1.92012 -1.96440e-01
 49 -0.06604  1.34701e-01 | 50 -0.05893  2.94495e-02 | 51  0.10277 -3.68874e-02
 52 -0.24516  1.89708e-03 | 53  0.01823  1.35680e-02 | 54 -0.15966  1.51701e-03
 55  0.02248 -1.98541e-02 | 56 -0.04468 -1.47171e-02 | 57 -0.05624 -1.91751e-02
 58  0.01118 -5.43398e-02 | 59  0.00906 -4.44749e-02 | 60  0.01439 -3.83643e-02
 61 -0.05899 -1.40324e-02 | 62 -0.01299 -3.56002e-02 | 63  0.01937 -3.68569e-02
 64 -0.12750 -1.74819e-02 | 65 -0.05322 -4.21419e-02 | 66 -0.04092 -6.24652e-02
 67 -0.12588 -3.37879e-02 | 68 -0.06470 -6.53854e-02 | 69 -0.04884 -7.00159e-02
 70  0.07165 -6.52313e-02 | 71 -1.84968  1.61506e-03 | 72 -0.12963 -3.16593e-03
 73 -0.10106 -2.87709e-03 | 74 -0.03038  9.89346e-05 | 75 -0.02823  1.51201e-05
 76 -0.02799  1.15008e-04 | 77 -0.61620  8.81681e-02 | 78 -0.20324  5.24278e-02
 79 -3.99977 -1.74496e-05 | 80 -0.43658  5.85769e-01 | 81 -1.69149 -9.99112e-03
 82 -0.21527 -1.89626e-01 | 83  1.00666 -2.36904e-03 | 84  0.10295 -2.27905e-04
 85  1.85665  1.69077e-01 | 86  0.75290  1.44016e-03 | 87 -49.99650  3.81208e-06
 88 -1.03093 -7.98958e-04 |
88 variables; iteration 800; function evaluation 953; phase 3
Function value 1.0721445e+02; maximum gradient component mag 1.6245e+01
Var    Value     Gradient |Var    Value     Gradient |Var    Value     Gradient
  1  0.04416  1.62445e+01 |  2 -0.00096  3.08128e-03 |  3 -0.00116  3.73959e-03
  4 -0.01716  3.93653e-03 |  5 -0.01741  4.85970e-03 |  6 -0.01772  5.85357e-03
  7 -0.01810  6.98108e-03 |  8 -0.01856  8.32142e-03 |  9 -0.01913  9.84404e-03
 10 -0.01977  1.18046e-02 | 11 -0.02048  1.39957e-02 | 12 -0.01656  1.62516e-02
 13 -0.01804  1.87689e-02 | 14 -0.02422  2.05000e-02 | 15 -0.02917  2.46208e-02
 16 -0.02704  2.64866e-02 | 17 -0.02600  3.10205e-02 | 18 -0.02055  3.87627e-02
 19 -0.02414  4.16083e-02 | 20 -0.01755  4.79953e-02 | 21 -0.00417  6.14036e-02
 22  0.01232  7.67772e-02 | 23  0.03348  1.04349e-01 | 24  0.02748  1.10812e-01
 25 -0.02061  8.31529e-02 | 26 -0.06631  6.22675e-02 | 27 -0.09559  5.31318e-02
 28 -0.10570  5.46647e-02 | 29 -0.10498  6.62299e-02 | 30 -0.09148  1.13573e-01
 31 -0.02728  2.73452e-01 | 32  0.00292  4.09642e-01 | 33  0.00231  4.34010e-01
 34 -0.02704  3.97259e-01 | 35 -0.08061  2.71621e-01 | 36  0.04208  8.12623e-01
 37 -0.14521  1.90794e-01 | 38  0.07793  1.08567e+00 | 39 -0.18556  1.26403e-01
 40 -0.00152  5.70507e-01 | 41 -0.07712  2.91176e-01 | 42 -0.02288  4.29633e-01
 43 -0.00118  5.27552e-01 | 44 -0.02341  4.61669e-01 | 45 -0.03680  4.09333e-01
 46 -0.04462  3.66846e-01 | 47 -0.06669  3.04690e-01 | 48 -1.92012 -2.16780e-01
 49 -0.06604  1.54016e-01 | 50 -0.05893  4.88127e-02 | 51  0.10277 -3.61743e-02
 52 -0.24517 -9.91007e-04 | 53  0.01823 -1.39436e-02 | 54 -0.15966 -4.24293e-03
 55  0.02248 -4.21919e-02 | 56 -0.04468 -3.08757e-02 | 57 -0.05625 -3.16192e-02
 58  0.01119 -6.37879e-02 | 59  0.00906 -5.76047e-02 | 60  0.01440 -5.19702e-02
 61 -0.05899 -2.63148e-02 | 62 -0.01299 -4.75347e-02 | 63  0.01937 -5.79542e-02
 64 -0.12750 -2.05650e-02 | 65 -0.05323 -4.40761e-02 | 66 -0.04092 -5.46793e-02
 67 -0.12588 -2.92765e-02 | 68 -0.06470 -5.07910e-02 | 69 -0.04884 -5.55468e-02
 70  0.07165 -7.33643e-02 | 71 -1.84968  7.20148e-03 | 72 -0.12963 -7.28622e-03
 73 -0.10106 -6.01287e-03 | 74 -0.03038  5.93888e-05 | 75 -0.02823 -2.28997e-05
 76 -0.02799  2.09943e-04 | 77 -0.61520  1.24282e-01 | 78 -0.20500  7.02609e-02
 79 -3.99364  9.78731e-06 | 80 -0.43878  5.87221e-01 | 81 -1.72471 -2.17133e-02
 82 -0.21917 -1.92108e-01 | 83  1.00668 -1.07133e-03 | 84  0.10302  9.24337e-06
 85  1.85665  1.95506e-01 | 86  0.75290  1.71791e-03 | 87 -49.99679 -9.65323e-06
 88 -1.03083 -3.74032e-04 |
88 variables; iteration 820; function evaluation 977; phase 3
Function value 1.0721443e+02; maximum gradient component mag 6.2348e+00
Var    Value     Gradient |Var    Value     Gradient |Var    Value     Gradient
  1  0.04416  6.23480e+00 |  2 -0.00096  1.13936e-03 |  3 -0.00116  1.38285e-03
  4 -0.01716  1.44429e-03 |  5 -0.01741  1.79440e-03 |  6 -0.01772  2.15505e-03
  7 -0.01810  2.56482e-03 |  8 -0.01856  3.06177e-03 |  9 -0.01913  3.61429e-03
 10 -0.01977  4.37355e-03 | 11 -0.02048  5.19819e-03 | 12 -0.01656  5.99635e-03
 13 -0.01804  6.89506e-03 | 14 -0.02422  7.56422e-03 | 15 -0.02917  9.23824e-03
 16 -0.02704  9.68941e-03 | 17 -0.02600  1.13444e-02 | 18 -0.02056  1.42348e-02
 19 -0.02414  1.51892e-02 | 20 -0.01755  1.74290e-02 | 21 -0.00417  2.24727e-02
 22  0.01233  2.81294e-02 | 23  0.03348  3.81922e-02 | 24  0.02748  4.04538e-02
 25 -0.02061  3.05523e-02 | 26 -0.06631  2.28318e-02 | 27 -0.09559  1.94040e-02
 28 -0.10570  2.01139e-02 | 29 -0.10498  2.45377e-02 | 30 -0.09148  4.23969e-02
 31 -0.02728  1.02970e-01 | 32  0.00292  1.56031e-01 | 33  0.00232  1.65803e-01
 34 -0.02704  1.53707e-01 | 35 -0.08061  1.05887e-01 | 36  0.04208  3.17565e-01
 37 -0.14521  7.49961e-02 | 38  0.07793  4.24717e-01 | 39 -0.18556  4.95441e-02
 40 -0.00152  2.22726e-01 | 41 -0.07712  1.13404e-01 | 42 -0.02288  1.65934e-01
 43 -0.00118  2.03178e-01 | 44 -0.02341  1.78002e-01 | 45 -0.03680  1.57700e-01
 46 -0.04462  1.41382e-01 | 47 -0.06669  1.17500e-01 | 48 -1.92012 -8.36104e-02
 49 -0.06604  5.84872e-02 | 50 -0.05893  1.79524e-02 | 51  0.10277 -1.27887e-02
 52 -0.24517 -8.35418e-05 | 53  0.01823 -3.02160e-03 | 54 -0.15966 -8.38173e-04
 55  0.02248 -1.50120e-02 | 56 -0.04468 -1.17335e-02 | 57 -0.05625 -1.21337e-02
 58  0.01119 -2.52331e-02 | 59  0.00906 -2.25520e-02 | 60  0.01440 -1.99468e-02
 61 -0.05899 -9.68342e-03 | 62 -0.01299 -1.82647e-02 | 63  0.01936 -2.25462e-02
 64 -0.12749 -8.22674e-03 | 65 -0.05323 -1.77886e-02 | 66 -0.04092 -2.28284e-02
 67 -0.12588 -1.22534e-02 | 68 -0.06470 -2.14703e-02 | 69 -0.04884 -2.36909e-02
 70  0.07165 -2.98085e-02 | 71 -1.84968  2.83351e-03 | 72 -0.12963 -2.85315e-03
 73 -0.10106 -2.44336e-03 | 74 -0.03038  2.97239e-05 | 75 -0.02823 -5.32836e-06
 76 -0.02799  1.01953e-04 | 77 -0.61522  4.74330e-02 | 78 -0.20496  2.76913e-02
 79 -3.99279  1.33499e-05 | 80 -0.44085  2.30727e-01 | 81 -1.74270 -1.27393e-02
 82 -0.22293 -7.40205e-02 | 83  1.00668 -4.86528e-04 | 84  0.10302 -1.37962e-06
 85  1.85665  7.60368e-02 | 86  0.75290  9.94145e-04 | 87 -49.99667 -5.45183e-06
 88 -1.03078 -1.80573e-04 |
88 variables; iteration 840; function evaluation 1004; phase 3
Function value 1.0721443e+02; maximum gradient component mag 9.4632e-01
Var    Value     Gradient |Var    Value     Gradient |Var    Value     Gradient
  1  0.04416  9.46318e-01 |  2 -0.00096  1.85787e-04 |  3 -0.00116  2.26428e-04
  4 -0.01716  2.39641e-04 |  5 -0.01741  2.89324e-04 |  6 -0.01772  3.53274e-04
  7 -0.01810  4.18967e-04 |  8 -0.01856  5.04256e-04 |  9 -0.01913  5.97278e-04
 10 -0.01977  7.25907e-04 | 11 -0.02048  8.71807e-04 | 12 -0.01656  9.91212e-04
 13 -0.01804  1.14969e-03 | 14 -0.02422  1.24663e-03 | 15 -0.02917  1.59866e-03
 16 -0.02704  1.62141e-03 | 17 -0.02600  1.87209e-03 | 18 -0.02056  2.40189e-03
 19 -0.02414  2.53239e-03 | 20 -0.01754  2.87808e-03 | 21 -0.00417  3.73626e-03
 22  0.01233  4.64906e-03 | 23  0.03347  6.20976e-03 | 24  0.02748  6.51219e-03
 25 -0.02061  4.93469e-03 | 26 -0.06631  3.62402e-03 | 27 -0.09559  3.04064e-03
 28 -0.10570  3.12618e-03 | 29 -0.10498  3.79763e-03 | 30 -0.09148  6.45056e-03
 31 -0.02728  1.53066e-02 | 32  0.00292  2.39232e-02 | 33  0.00232  2.48681e-02
 34 -0.02704  2.31075e-02 | 35 -0.08061  1.60760e-02 | 36  0.04208  4.78554e-02
 37 -0.14521  1.13205e-02 | 38  0.07793  6.42785e-02 | 39 -0.18556  7.56896e-03
 40 -0.00152  3.40607e-02 | 41 -0.07712  1.74872e-02 | 42 -0.02288  2.50160e-02
 43 -0.00118  3.08945e-02 | 44 -0.02341  2.69045e-02 | 45 -0.03680  2.36739e-02
 46 -0.04462  2.12114e-02 | 47 -0.06669  1.76147e-02 | 48 -1.92012 -1.25908e-02
 49 -0.06604  8.60729e-03 | 50 -0.05893  2.56729e-03 | 51  0.10277 -1.99377e-03
 52 -0.24517  3.79034e-05 | 53  0.01823 -3.46907e-04 | 54 -0.15966 -8.67447e-05
 55  0.02248 -2.35000e-03 | 56 -0.04468 -1.87509e-03 | 57 -0.05625 -1.90613e-03
 58  0.01119 -4.11866e-03 | 59  0.00906 -3.82007e-03 | 60  0.01440 -3.28181e-03
 61 -0.05900 -1.56226e-03 | 62 -0.01299 -2.76668e-03 | 63  0.01936 -3.51965e-03
 64 -0.12749 -1.24609e-03 | 65 -0.05323 -2.74432e-03 | 66 -0.04092 -3.55990e-03
 67 -0.12588 -1.95402e-03 | 68 -0.06470 -3.51226e-03 | 69 -0.04884 -3.92131e-03
 70  0.07165 -4.62175e-03 | 71 -1.84968  4.43738e-04 | 72 -0.12963 -4.20871e-04
 73 -0.10106 -3.80652e-04 | 74 -0.03038  6.05398e-06 | 75 -0.02823 -2.43432e-06
 76 -0.02799  1.50756e-05 | 77 -0.61548  6.61189e-03 | 78 -0.20449  5.10052e-03
 79 -3.99275  1.30294e-05 | 80 -0.44257  3.63198e-02 | 81 -1.75356 -2.32594e-03
 82 -0.22612 -1.18310e-02 | 83  1.00669 -1.16054e-04 | 84  0.10302  6.67345e-06
 85  1.85665  1.15408e-02 | 86  0.75290  3.75252e-04 | 87 -49.99658 -1.57342e-06
 88 -1.03075 -5.38445e-05 |
88 variables; iteration 860; function evaluation 1031; phase 3
Function value 1.0721443e+02; maximum gradient component mag 4.1337e-01
Var    Value     Gradient |Var    Value     Gradient |Var    Value     Gradient
  1  0.04416  4.13367e-01 |  2 -0.00096  4.11216e-05 |  3 -0.00116  4.80219e-05
  4 -0.01716  9.54089e-05 |  5 -0.01741  1.57704e-05 |  6 -0.01772  6.33592e-05
  7 -0.01810 -1.33256e-06 |  8 -0.01856  1.36697e-04 |  9 -0.01913  7.03372e-05
 10 -0.01977  2.57730e-04 | 11 -0.02048  2.86893e-04 | 12 -0.01656  2.70572e-04
 13 -0.01804  3.07889e-04 | 14 -0.02422  2.84066e-04 | 15 -0.02917  7.03047e-04
 16 -0.02704  5.16005e-04 | 17 -0.02600  4.00071e-04 | 18 -0.02056  8.20144e-04
 19 -0.02414  6.47459e-04 | 20 -0.01754  6.29285e-04 | 21 -0.00416  1.01432e-03
 22  0.01233  9.36779e-04 | 23  0.03347  1.11219e-03 | 24  0.02748  1.02560e-03
 25 -0.02061  9.47651e-04 | 26 -0.06631  4.77375e-04 | 27 -0.09559  3.72874e-04
 28 -0.10570  4.62447e-04 | 29 -0.10498  9.83451e-04 | 30 -0.09148  2.03105e-03
 31 -0.02728  5.49184e-03 | 32  0.00292  1.10665e-02 | 33  0.00232  1.19789e-02
 34 -0.02704  1.21876e-02 | 35 -0.08061  9.73429e-03 | 36  0.04208  2.98956e-02
 37 -0.14521  5.71382e-03 | 38  0.07793  3.19140e-02 | 39 -0.18556  4.52860e-03
 40 -0.00152  2.17279e-02 | 41 -0.07712  1.22743e-02 | 42 -0.02288  1.61000e-02
 43 -0.00118  1.82640e-02 | 44 -0.02341  1.15984e-02 | 45 -0.03680  7.61323e-03
 46 -0.04462  7.79320e-03 | 47 -0.06669  7.33256e-03 | 48 -1.92012 -4.34544e-03
 49 -0.06604 -6.83271e-04 | 50 -0.05893 -2.16984e-03 | 51  0.10277 -1.39574e-03
 52 -0.24517  1.65429e-04 | 53  0.01823  9.16689e-05 | 54 -0.15966 -3.22880e-04
 55  0.02248 -1.77994e-03 | 56 -0.04468 -1.14013e-03 | 57 -0.05625 -1.06221e-03
 58  0.01119 -3.50858e-03 | 59  0.00906 -3.89814e-03 | 60  0.01440 -3.06050e-03
 61 -0.05900 -2.34672e-03 | 62 -0.01299 -3.00560e-03 | 63  0.01936 -3.48174e-03
 64 -0.12749 -8.17998e-04 | 65 -0.05323 -1.65079e-03 | 66 -0.04092 -1.72978e-03
 67 -0.12588 -1.64963e-03 | 68 -0.06470 -3.25289e-03 | 69 -0.04884 -2.82451e-03
 70  0.07165 -1.20323e-03 | 71 -1.84968 -3.44683e-04 | 72 -0.12963  8.11220e-04
 73 -0.10106  4.38374e-04 | 74 -0.03038 -2.61009e-05 | 75 -0.02823  6.92068e-06
 76 -0.02799 -4.22305e-05 | 77 -0.61560  1.15532e-03 | 78 -0.20428  2.04769e-03
 79 -3.99215  1.52348e-05 | 80 -0.44322  1.93088e-02 | 81 -1.75707 -1.45762e-03
 82 -0.22734 -5.96833e-03 | 83  1.00669 -1.65791e-05 | 84  0.10302  6.84077e-06
 85  1.85665  7.02423e-03 | 86  0.75290  4.69098e-04 | 87 -49.99657 -1.32022e-06
 88 -1.03075 -5.09861e-05 |
88 variables; iteration 880; function evaluation 1059; phase 3
Function value 1.0721442e+02; maximum gradient component mag 1.2699e+01
Var    Value     Gradient |Var    Value     Gradient |Var    Value     Gradient
  1  0.04416  1.26993e+01 |  2 -0.00096  1.94898e-03 |  3 -0.00116  2.39001e-03
  4 -0.01716  2.65076e-03 |  5 -0.01741  3.11432e-03 |  6 -0.01772  3.81927e-03
  7 -0.01810  4.56540e-03 |  8 -0.01856  5.48257e-03 |  9 -0.01913  6.50103e-03
 10 -0.01977  7.57499e-03 | 11 -0.02048  8.80549e-03 | 12 -0.01656  1.06674e-02
 13 -0.01804  1.22863e-02 | 14 -0.02422  1.32251e-02 | 15 -0.02917  1.50978e-02
 16 -0.02704  1.78570e-02 | 17 -0.02600  2.04834e-02 | 18 -0.02056  2.57807e-02
 19 -0.02414  2.80030e-02 | 20 -0.01754  3.29195e-02 | 21 -0.00416  4.18018e-02
 22  0.01233  5.19367e-02 | 23  0.03347  6.94509e-02 | 24  0.02748  7.63759e-02
 25 -0.02061  5.75449e-02 | 26 -0.06631  4.45227e-02 | 27 -0.09559  3.95863e-02
 28 -0.10570  4.10851e-02 | 29 -0.10498  5.13142e-02 | 30 -0.09148  9.10167e-02
 31 -0.02728  2.21529e-01 | 32  0.00291  3.33905e-01 | 33  0.00232  3.54345e-01
 34 -0.02704  3.09689e-01 | 35 -0.08061  2.10335e-01 | 36  0.04208  6.19235e-01
 37 -0.14521  1.38357e-01 | 38  0.07793  8.21009e-01 | 39 -0.18556  9.14590e-02
 40 -0.00152  4.36887e-01 | 41 -0.07712  2.30164e-01 | 42 -0.02288  3.50452e-01
 43 -0.00118  4.34562e-01 | 44 -0.02341  3.66212e-01 | 45 -0.03680  3.19910e-01
 46 -0.04462  2.87233e-01 | 47 -0.06669  2.35714e-01 | 48 -1.92012 -1.68549e-01
 49 -0.06604  1.31415e-01 | 50 -0.05893  5.50594e-02 | 51  0.10277 -3.69595e-02
 52 -0.24517 -4.14842e-03 | 53  0.01823 -3.82249e-02 | 54 -0.15966 -1.19840e-02
 55  0.02248 -5.10267e-02 | 56 -0.04468 -2.96721e-02 | 57 -0.05625 -2.60571e-02
 58  0.01119 -4.09262e-02 | 59  0.00906 -3.89004e-02 | 60  0.01440 -3.77604e-02
 61 -0.05900 -2.32763e-02 | 62 -0.01299 -3.39607e-02 | 63  0.01936 -4.09070e-02
 64 -0.12749 -1.17466e-02 | 65 -0.05323 -2.32165e-02 | 66 -0.04092 -2.20651e-02
 67 -0.12588 -1.08322e-02 | 68 -0.06470 -1.65325e-02 | 69 -0.04884 -1.72142e-02
 70  0.07165 -4.21866e-02 | 71 -1.84968  6.52739e-03 | 72 -0.12963 -6.51451e-03
 73 -0.10106 -3.81888e-03 | 74 -0.03038 -4.38580e-05 | 75 -0.02823 -1.28776e-05
 76 -0.02799 -8.23039e-05 | 77 -0.61115  1.10518e-01 | 78 -0.21301  5.16914e-02
 79 -3.99954 -4.24001e-06 | 80 -0.44358  4.26428e-01 | 81 -1.75885 -3.05229e-02
 82 -0.22800 -1.45163e-01 | 83  1.00669 -2.59033e-04 | 84  0.10303  3.30807e-05
 85  1.85665  1.50788e-01 | 86  0.75290 -3.00821e-04 | 87 -49.99648  5.76796e-06
 88 -1.03073 -5.33034e-06 |
88 variables; iteration 900; function evaluation 1083; phase 3
Function value 1.0721441e+02; maximum gradient component mag 1.6036e+00
Var    Value     Gradient |Var    Value     Gradient |Var    Value     Gradient
  1  0.04416  1.60360e+00 |  2 -0.00096  5.10657e-04 |  3 -0.00116  6.22454e-04
  4 -0.01716  8.06259e-04 |  5 -0.01741  7.55711e-04 |  6 -0.01772  1.07803e-03
  7 -0.01810  1.15097e-03 |  8 -0.01856  1.50977e-03 |  9 -0.01913  1.85774e-03
 10 -0.01977  2.11928e-03 | 11 -0.02048  2.31712e-03 | 12 -0.01657  2.90542e-03
 13 -0.01804  3.52301e-03 | 14 -0.02422  3.39536e-03 | 15 -0.02917  4.32892e-03
 16 -0.02704  5.74544e-03 | 17 -0.02600  5.72833e-03 | 18 -0.02055  8.15029e-03
 19 -0.02414  8.61715e-03 | 20 -0.01754  9.98365e-03 | 21 -0.00416  1.26951e-02
 22  0.01233  1.40528e-02 | 23  0.03347  1.88053e-02 | 24  0.02748  1.99576e-02
 25 -0.02061  1.43584e-02 | 26 -0.06631  1.04058e-02 | 27 -0.09559  9.36766e-03
 28 -0.10570  8.76374e-03 | 29 -0.10498  1.13109e-02 | 30 -0.09148  1.86667e-02
 31 -0.02728  3.98324e-02 | 32  0.00291  5.66477e-02 | 33  0.00232  5.88256e-02
 34 -0.02704  4.84023e-02 | 35 -0.08061  2.83618e-02 | 36  0.04208  7.59761e-02
 37 -0.14522  1.23348e-02 | 38  0.07793  9.93870e-02 | 39 -0.18556  1.61029e-02
 40 -0.00152  6.33659e-02 | 41 -0.07712  3.14934e-02 | 42 -0.02288  3.30340e-02
 43 -0.00118  4.18396e-02 | 44 -0.02341  3.67029e-02 | 45 -0.03680  3.28180e-02
 46 -0.04462  2.61258e-02 | 47 -0.06669  1.38467e-02 | 48 -1.92012 -7.95093e-03
 49 -0.06604  2.67732e-03 | 50 -0.05893 -5.56323e-03 | 51  0.10277 -1.90163e-02
 52 -0.24517 -6.19414e-04 | 53  0.01823 -8.19196e-03 | 54 -0.15967 -6.03166e-03
 55  0.02249 -1.34244e-02 | 56 -0.04468 -5.63540e-03 | 57 -0.05625 -6.49993e-03
 58  0.01119 -1.42815e-02 | 59  0.00905 -1.67383e-02 | 60  0.01440 -1.50495e-02
 61 -0.05900 -1.11398e-02 | 62 -0.01299 -9.62026e-03 | 63  0.01936 -7.78045e-03
 64 -0.12749 -2.72439e-04 | 65 -0.05323 -1.70288e-03 | 66 -0.04092  2.35670e-03
 67 -0.12588 -1.59007e-03 | 68 -0.06471 -4.70482e-03 | 69 -0.04884 -1.66661e-03
 70  0.07165  6.82927e-03 | 71 -1.84968 -3.05092e-03 | 72 -0.12963  2.56892e-03
 73 -0.10106  1.04634e-03 | 74 -0.03038  6.24477e-06 | 75 -0.02823 -5.42211e-05
 76 -0.02799 -9.93016e-05 | 77 -0.60590  1.73426e-03 | 78 -0.22644  1.42967e-03
 79 -4.00748 -1.38841e-05 | 80 -0.44392  6.29489e-02 | 81 -1.76053 -5.70168e-03
 82 -0.22865 -1.88199e-02 | 83  1.00670  5.39607e-04 | 84  0.10304  8.58821e-05
 85  1.85665  2.02693e-02 | 86  0.75290 -2.47446e-05 | 87 -49.99641  6.77071e-06
 88 -1.03071  1.21807e-04 |
88 variables; iteration 920; function evaluation 1106; phase 3
Function value 1.0721440e+02; maximum gradient component mag 6.9601e+00
Var    Value     Gradient |Var    Value     Gradient |Var    Value     Gradient
  1  0.04416  6.96005e+00 |  2 -0.00096  1.13188e-03 |  3 -0.00116  1.38184e-03
  4 -0.01716  1.52362e-03 |  5 -0.01741  1.81330e-03 |  6 -0.01772  2.20362e-03
  7 -0.01810  2.65118e-03 |  8 -0.01856  3.15092e-03 |  9 -0.01913  3.71873e-03
 10 -0.01977  4.35590e-03 | 11 -0.02048  5.06131e-03 | 12 -0.01656  6.13800e-03
 13 -0.01804  7.06475e-03 | 14 -0.02422  7.63017e-03 | 15 -0.02917  8.65121e-03
 16 -0.02704  1.01836e-02 | 17 -0.02600  1.17984e-02 | 18 -0.02056  1.47048e-02
 19 -0.02414  1.60181e-02 | 20 -0.01754  1.88395e-02 | 21 -0.00417  2.38248e-02
 22  0.01233  2.98277e-02 | 23  0.03347  3.97613e-02 | 24  0.02748  4.36697e-02
 25 -0.02061  3.27812e-02 | 26 -0.06631  2.52879e-02 | 27 -0.09559  2.23227e-02
 28 -0.10570  2.30868e-02 | 29 -0.10498  2.84975e-02 | 30 -0.09148  5.01089e-02
 31 -0.02728  1.21348e-01 | 32  0.00291  1.82004e-01 | 33  0.00232  1.92733e-01
 34 -0.02704  1.68300e-01 | 35 -0.08061  1.14154e-01 | 36  0.04208  3.36449e-01
 37 -0.14521  7.57586e-02 | 38  0.07793  4.46921e-01 | 39 -0.18556  4.96003e-02
 40 -0.00152  2.37191e-01 | 41 -0.07712  1.24869e-01 | 42 -0.02288  1.91004e-01
 43 -0.00118  2.37064e-01 | 44 -0.02341  2.00612e-01 | 45 -0.03680  1.75668e-01
 46 -0.04462  1.57646e-01 | 47 -0.06669  1.29614e-01 | 48 -1.92012 -9.25181e-02
 49 -0.06604  7.22743e-02 | 50 -0.05893  3.03715e-02 | 51  0.10277 -1.90767e-02
 52 -0.24517 -2.18334e-03 | 53  0.01823 -1.99098e-02 | 54 -0.15966 -6.04878e-03
 55  0.02248 -2.70134e-02 | 56 -0.04468 -1.58617e-02 | 57 -0.05625 -1.39796e-02
 58  0.01119 -2.21164e-02 | 59  0.00906 -2.09225e-02 | 60  0.01440 -2.05210e-02
 61 -0.05900 -1.23030e-02 | 62 -0.01299 -1.84494e-02 | 63  0.01936 -2.25476e-02
 64 -0.12749 -6.73872e-03 | 65 -0.05323 -1.33509e-02 | 66 -0.04092 -1.32538e-02
 67 -0.12588 -6.32911e-03 | 68 -0.06470 -9.58796e-03 | 69 -0.04884 -1.01299e-02
 70  0.07165 -2.43954e-02 | 71 -1.84968  3.73121e-03 | 72 -0.12963 -3.70909e-03
 73 -0.10106 -2.21444e-03 | 74 -0.03038 -1.77932e-05 | 75 -0.02823 -1.25728e-05
 76 -0.02799 -2.53205e-05 | 77 -0.60196  6.22282e-02 | 78 -0.24021  1.56753e-02
 79 -4.01232 -1.78978e-06 | 80 -0.44387  2.34314e-01 | 81 -1.76030 -1.73842e-02
 82 -0.22856 -7.94501e-02 | 83  1.00669 -1.74418e-04 | 84  0.10302  1.05297e-05
 85  1.85665  8.20476e-02 | 86  0.75290 -5.62825e-05 | 87 -49.99652  2.44837e-06
 88 -1.03074 -8.76214e-06 |
88 variables; iteration 940; function evaluation 1131; phase 3
Function value 1.0721439e+02; maximum gradient component mag 1.6739e+00
Var    Value     Gradient |Var    Value     Gradient |Var    Value     Gradient
  1  0.04416  1.67388e+00 |  2 -0.00096  2.80817e-04 |  3 -0.00116  3.44646e-04
  4 -0.01716  3.71085e-04 |  5 -0.01741  4.53062e-04 |  6 -0.01772  5.44965e-04
  7 -0.01810  6.56705e-04 |  8 -0.01856  7.82633e-04 |  9 -0.01913  9.22116e-04
 10 -0.01977  1.08149e-03 | 11 -0.02048  1.25330e-03 | 12 -0.01656  1.52107e-03
 13 -0.01804  1.74421e-03 | 14 -0.02422  1.90058e-03 | 15 -0.02918  2.13761e-03
 16 -0.02704  2.49000e-03 | 17 -0.02600  2.91641e-03 | 18 -0.02056  3.60355e-03
 19 -0.02414  3.93319e-03 | 20 -0.01754  4.63747e-03 | 21 -0.00417  5.85892e-03
 22  0.01233  7.38570e-03 | 23  0.03347  9.84111e-03 | 24  0.02749  1.08253e-02
 25 -0.02061  8.08998e-03 | 26 -0.06631  6.24391e-03 | 27 -0.09559  5.47780e-03
 28 -0.10570  5.65281e-03 | 29 -0.10498  6.90005e-03 | 30 -0.09148  1.19937e-02
 31 -0.02727  2.90503e-02 | 32  0.00291  4.33250e-02 | 33  0.00232  4.57119e-02
 34 -0.02704  3.99019e-02 | 35 -0.08061  2.70810e-02 | 36  0.04208  7.99250e-02
 37 -0.14521  1.81985e-02 | 38  0.07793  1.06472e-01 | 39 -0.18556  1.16756e-02
 40 -0.00152  5.62882e-02 | 41 -0.07712  2.96353e-02 | 42 -0.02288  4.57853e-02
 43 -0.00118  5.69016e-02 | 44 -0.02341  4.83898e-02 | 45 -0.03680  4.25028e-02
 46 -0.04462  3.82272e-02 | 47 -0.06669  3.15685e-02 | 48 -1.92012 -2.25133e-02
 49 -0.06604  1.76273e-02 | 50 -0.05893  7.57028e-03 | 51  0.10277 -4.15768e-03
 52 -0.24517 -5.13708e-04 | 53  0.01823 -4.54594e-03 | 54 -0.15966 -1.27290e-03
 55  0.02248 -6.10921e-03 | 56 -0.04468 -3.59996e-03 | 57 -0.05625 -3.17060e-03
 58  0.01119 -4.97573e-03 | 59  0.00906 -4.68249e-03 | 60  0.01440 -4.68543e-03
 61 -0.05900 -2.74769e-03 | 62 -0.01299 -4.29873e-03 | 63  0.01936 -5.40684e-03
 64 -0.12749 -1.68471e-03 | 65 -0.05323 -3.27685e-03 | 66 -0.04092 -3.41944e-03
 67 -0.12588 -1.52209e-03 | 68 -0.06470 -2.27035e-03 | 69 -0.04884 -2.50930e-03
 70  0.07165 -6.34624e-03 | 71 -1.84968  1.02798e-03 | 72 -0.12963 -1.03731e-03
 73 -0.10106 -6.14952e-04 | 74 -0.03038 -4.66560e-06 | 75 -0.02823 -1.20995e-06
 76 -0.02799 -4.48303e-07 | 77 -0.59898  1.53262e-02 | 78 -0.25472  3.07673e-03
 79 -4.02499  8.18220e-07 | 80 -0.44386  5.60932e-02 | 81 -1.76026 -4.13720e-03
 82 -0.22855 -1.90754e-02 | 83  1.00669 -5.78842e-05 | 84  0.10302 -1.24003e-06
 85  1.85665  1.95097e-02 | 86  0.75290  4.63204e-06 | 87 -49.99654  3.38937e-07
 88 -1.03074 -3.35633e-06 |
88 variables; iteration 960; function evaluation 1157; phase 3
Function value 1.0721438e+02; maximum gradient component mag 8.5717e+00
Var    Value     Gradient |Var    Value     Gradient |Var    Value     Gradient
  1  0.04416  8.57171e+00 |  2 -0.00096  1.43689e-03 |  3 -0.00116  1.77506e-03
  4 -0.01716  1.89900e-03 |  5 -0.01741  2.31973e-03 |  6 -0.01772  2.79034e-03
  7 -0.01810  3.36141e-03 |  8 -0.01856  4.01200e-03 |  9 -0.01913  4.72542e-03
 10 -0.01977  5.53059e-03 | 11 -0.02048  6.41979e-03 | 12 -0.01656  7.77942e-03
 13 -0.01804  8.93881e-03 | 14 -0.02422  9.74420e-03 | 15 -0.02918  1.07903e-02
 16 -0.02704  1.27336e-02 | 17 -0.02600  1.49732e-02 | 18 -0.02056  1.83952e-02
 19 -0.02414  2.01479e-02 | 20 -0.01754  2.37976e-02 | 21 -0.00417  2.99680e-02
 22  0.01233  3.79330e-02 | 23  0.03347  5.05012e-02 | 24  0.02749  5.56631e-02
 25 -0.02061  4.15865e-02 | 26 -0.06631  3.20878e-02 | 27 -0.09559  2.81406e-02
 28 -0.10570  2.90537e-02 | 29 -0.10498  3.53858e-02 | 30 -0.09148  6.15260e-02
 31 -0.02727  1.49031e-01 | 32  0.00291  2.22345e-01 | 33  0.00232  2.34701e-01
 34 -0.02704  2.05132e-01 | 35 -0.08061  1.39103e-01 | 36  0.04208  4.10880e-01
 37 -0.14521  9.39336e-02 | 38  0.07793  5.47187e-01 | 39 -0.18556  6.01916e-02
 40 -0.00152  2.88058e-01 | 41 -0.07712  1.51049e-01 | 42 -0.02288  2.33352e-01
 43 -0.00118  2.89051e-01 | 44 -0.02341  2.46455e-01 | 45 -0.03680  2.16996e-01
 46 -0.04462  1.95325e-01 | 47 -0.06669  1.61563e-01 | 48 -1.92012 -1.15033e-01
 49 -0.06604  8.99999e-02 | 50 -0.05893  3.79920e-02 | 51  0.10277 -2.16493e-02
 52 -0.24517 -2.55466e-03 | 53  0.01823 -2.27034e-02 | 54 -0.15966 -6.50548e-03
 55  0.02248 -3.09962e-02 | 56 -0.04468 -1.80063e-02 | 57 -0.05625 -1.61506e-02
 58  0.01119 -2.56555e-02 | 59  0.00906 -2.40371e-02 | 60  0.01440 -2.40220e-02
 61 -0.05900 -1.40309e-02 | 62 -0.01299 -2.21439e-02 | 63  0.01936 -2.75665e-02
 64 -0.12749 -8.67621e-03 | 65 -0.05323 -1.71553e-02 | 66 -0.04092 -1.80310e-02
 67 -0.12588 -7.99929e-03 | 68 -0.06471 -1.21139e-02 | 69 -0.04884 -1.31979e-02
 70  0.07165 -3.20793e-02 | 71 -1.84968  4.97480e-03 | 72 -0.12963 -5.09979e-03
 73 -0.10106 -2.98131e-03 | 74 -0.03038 -1.82662e-05 | 75 -0.02823 -1.29721e-05
 76 -0.02799 -4.07174e-06 | 77 -0.59652  7.79291e-02 | 78 -0.27170  9.61024e-03
 79 -4.08208  3.76809e-05 | 80 -0.44388  2.89953e-01 | 81 -1.76035 -2.16353e-02
 82 -0.22858 -9.80551e-02 | 83  1.00669 -3.16431e-04 | 84  0.10301 -5.13847e-06
 85  1.85665  1.00052e-01 | 86  0.75290 -1.30102e-04 | 87 -49.99656  4.69557e-07
 88 -1.03074 -8.85558e-06 |
88 variables; iteration 980; function evaluation 1197; phase 3
Function value 1.0699790e+02; maximum gradient component mag 2.1972e+03
Var    Value     Gradient |Var    Value     Gradient |Var    Value     Gradient
  1  0.04412  2.19721e+03 |  2 -0.00106  7.79691e-01 |  3 -0.00121  9.74881e-01
  4 -0.01742  9.96538e-01 |  5 -0.01765  1.23159e+00 |  6 -0.01789  1.51679e+00
  7 -0.01830  1.82212e+00 |  8 -0.01861  2.22606e+00 |  9 -0.01917  2.63957e+00
 10 -0.01958  3.16089e+00 | 11 -0.02012  3.71899e+00 | 12 -0.01683  4.29761e+00
 13 -0.01775  5.10209e+00 | 14 -0.02431  5.43073e+00 | 15 -0.02893  6.16356e+00
 16 -0.02682  7.24580e+00 | 17 -0.02617  8.33857e+00 | 18 -0.02025  1.04535e+01
 19 -0.02423  1.12504e+01 | 20 -0.01784  1.31243e+01 | 21 -0.00395  1.66042e+01
 22  0.01204  2.03733e+01 | 23  0.03385  2.66225e+01 | 24  0.02659  2.75711e+01
 25 -0.02050  1.99272e+01 | 26 -0.06645  1.43134e+01 | 27 -0.09583  1.16514e+01
 28 -0.10578  1.11776e+01 | 29 -0.10467  1.24797e+01 | 30 -0.09159  1.81098e+01
 31 -0.02679  3.79958e+01 | 32  0.00260  4.91960e+01 | 33  0.00109  4.40170e+01
 34 -0.02573  3.10963e+01 | 35 -0.08261  2.08889e+01 | 36  0.04219  6.22685e+01
 37 -0.14481  1.42711e+01 | 38  0.07712  8.76488e+01 | 39 -0.17920  7.05440e+00
 40 -0.00242  5.18476e+01 | 41 -0.07701  3.20439e+01 | 42 -0.02349  6.20778e+01
 43 -0.00158  8.40814e+01 | 44 -0.02371  6.93180e+01 | 45 -0.03719  5.81795e+01
 46 -0.04528  5.39155e+01 | 47 -0.06696  4.69737e+01 | 48 -1.91984 -3.40598e+01
 49 -0.06650  3.09812e+01 | 50 -0.05933  2.16274e+01 | 51  0.10271 -1.00355e+00
 52 -0.24446 -1.76108e+00 | 53  0.01776 -1.80204e+01 | 54 -0.15890 -3.00039e+00
 55  0.02228 -1.20442e+01 | 56 -0.04422 -6.99915e+00 | 57 -0.05673 -3.82315e+00
 58  0.01140 -1.55574e+00 | 59  0.00844 -3.46407e+00 | 60  0.01447 -5.02412e+00
 61 -0.06035 -3.02369e+00 | 62 -0.01232 -3.04732e+00 | 63  0.01886 -6.88662e+00
 64 -0.12836 -1.73842e+00 | 65 -0.05291  4.25273e-01 | 66 -0.04145  2.50915e+00
 67 -0.12598  3.48639e+00 | 68 -0.06530  7.77365e+00 | 69 -0.04899  6.11830e+00
 70  0.07165 -1.24276e+01 | 71 -1.84811  5.51459e+00 | 72 -0.12946 -4.41052e+00
 73 -0.10126 -2.19062e+00 | 74 -0.03027 -5.42829e-04 | 75 -0.02830 -2.27075e-02
 76 -0.02774  5.55446e-02 | 77 -0.57903  2.88896e+01 | 78 -0.95067 -4.03160e-02
 79 -5.14863 -2.15895e-01 | 80 -0.45178  4.29141e+01 | 81 -1.77382  3.04142e-01
 82 -0.24485 -2.11574e+01 | 83  1.00640 -7.61940e-02 | 84  0.09124 -2.29766e-02
 85  1.85665  1.83621e+01 | 86  0.75290  7.23620e-02 | 87 -49.98197  7.46184e-04
 88 -1.03513 -2.29542e-02 |
88 variables; iteration 1000; function evaluation 1220; phase 3
Function value 1.0684804e+02; maximum gradient component mag 1.1303e+02
Var    Value     Gradient |Var    Value     Gradient |Var    Value     Gradient
  1  0.04398  1.13027e+02 |  2 -0.00097  1.49611e-02 |  3 -0.00117  1.79027e-02
  4 -0.01717  1.82252e-02 |  5 -0.01743  2.31562e-02 |  6 -0.01775  2.66866e-02
  7 -0.01813  3.19982e-02 |  8 -0.01860  3.79762e-02 |  9 -0.01916  4.49259e-02
 10 -0.01981  5.41359e-02 | 11 -0.02053  6.23274e-02 | 12 -0.01665  7.24974e-02
 13 -0.01813  8.38737e-02 | 14 -0.02428  9.30612e-02 | 15 -0.02922  1.04653e-01
 16 -0.02712  1.21216e-01 | 17 -0.02610  1.44605e-01 | 18 -0.02075  1.72235e-01
 19 -0.02424  1.92431e-01 | 20 -0.01766  2.25508e-01 | 21 -0.00429  2.89939e-01
 22  0.01235  3.81502e-01 | 23  0.03365  5.01904e-01 | 24  0.02803  5.91856e-01
 25 -0.02035  4.64647e-01 | 26 -0.06620  3.69809e-01 | 27 -0.09550  3.36342e-01
 28 -0.10562  3.55704e-01 | 29 -0.10498  4.50626e-01 | 30 -0.09113  8.32126e-01
 31 -0.02620  2.06461e+00 | 32  0.00298  3.13746e+00 | 33  0.00050  3.37017e+00
 34 -0.02514  3.10434e+00 | 35 -0.08343  2.03531e+00 | 36  0.04257  6.08955e+00
 37 -0.14611  1.37496e+00 | 38  0.07697  7.87820e+00 | 39 -0.17521  1.01761e+00
 40 -0.00304  4.10455e+00 | 41 -0.07603  2.13103e+00 | 42 -0.02369  3.01001e+00
 43 -0.00125  3.65313e+00 | 44 -0.02385  3.12699e+00 | 45 -0.03704  2.76082e+00
 46 -0.04533  2.43846e+00 | 47 -0.06689  1.96624e+00 | 48 -1.91997 -1.36359e+00
 49 -0.06639  9.71645e-01 | 50 -0.05922  2.97138e-01 | 51  0.10284 -4.00414e-01
 52 -0.24506 -2.03766e-02 | 53  0.01769 -1.52653e-01 | 54 -0.15930 -5.80291e-02
 55  0.02265 -3.96448e-01 | 56 -0.04475 -2.60747e-01 | 57 -0.05622 -2.62559e-01
 58  0.01115 -4.62786e-01 | 59  0.00896 -3.78926e-01 | 60  0.01408 -3.43601e-01
 61 -0.06005 -1.82457e-01 | 62 -0.01222 -3.36776e-01 | 63  0.01892 -3.89643e-01
 64 -0.12855 -1.29569e-01 | 65 -0.05273 -2.91106e-01 | 66 -0.04134 -3.27959e-01
 67 -0.12629 -1.73468e-01 | 68 -0.06523 -2.88131e-01 | 69 -0.04887 -2.94607e-01
 70  0.07166 -4.28497e-01 | 71 -1.84812  3.22577e-02 | 72 -0.12984 -3.17767e-02
 73 -0.10067 -2.83647e-02 | 74 -0.03027  2.78562e-04 | 75 -0.02821 -1.19561e-03
 76 -0.02797  1.56742e-04 | 77 -0.57863  2.15325e+00 | 78 -1.35602  2.82531e-03
 79 -5.01661  5.69162e-03 | 80 -0.45362  4.28221e+00 | 81 -1.79322 -7.68209e-01
 82 -0.24780 -1.20425e+00 | 83  1.00669 -3.31650e-03 | 84  0.10224 -3.28827e-03
 85  1.85680  1.43090e+00 | 86  0.75290  6.19734e-03 | 87 -50.02255 -3.72348e-04
 88 -1.03095 -1.58152e-03 |
88 variables; iteration 1020; function evaluation 1240; phase 3
Function value 1.0684790e+02; maximum gradient component mag 4.1923e+00
Var    Value     Gradient |Var    Value     Gradient |Var    Value     Gradient
  1  0.04398  4.19230e+00 |  2 -0.00098 -1.08829e-03 |  3 -0.00117 -1.51874e-03
  4 -0.01717 -1.51094e-03 |  5 -0.01743 -1.65514e-03 |  6 -0.01774 -2.21057e-03
  7 -0.01812 -2.60804e-03 |  8 -0.01859 -3.60204e-03 |  9 -0.01916 -3.72394e-03
 10 -0.01981 -4.99619e-03 | 11 -0.02053 -6.78632e-03 | 12 -0.01663 -5.43277e-03
 13 -0.01812 -8.14837e-03 | 14 -0.02428 -7.81143e-03 | 15 -0.02922 -8.97911e-03
 16 -0.02711 -1.09005e-02 | 17 -0.02610 -1.27290e-02 | 18 -0.02073 -1.69423e-02
 19 -0.02424 -1.79168e-02 | 20 -0.01763 -1.97538e-02 | 21 -0.00428 -2.54218e-02
 22  0.01237 -1.89147e-02 | 23  0.03372 -3.20629e-02 | 24  0.02796 -2.43626e-02
 25 -0.02039 -6.24655e-03 | 26 -0.06621  2.31699e-03 | 27 -0.09550  6.21542e-03
 28 -0.10562  1.28669e-02 | 29 -0.10498  2.09859e-02 | 30 -0.09113  5.95029e-02
 31 -0.02621  1.49819e-01 | 32  0.00299  2.52187e-01 | 33  0.00049  2.79118e-01
 34 -0.02511  2.09608e-01 | 35 -0.08346  1.29204e-01 | 36  0.04259  3.16642e-01
 37 -0.14613  5.53158e-02 | 38  0.07698  3.55303e-01 | 39 -0.17520  4.72906e-02
 40 -0.00304  1.84226e-01 | 41 -0.07603  9.99279e-02 | 42 -0.02369  1.06741e-01
 43 -0.00125  1.12864e-01 | 44 -0.02385  6.49909e-02 | 45 -0.03704  5.08489e-02
 46 -0.04534  3.34738e-02 | 47 -0.06689  2.00964e-02 | 48 -1.91997 -4.18693e-03
 49 -0.06639  1.28251e-03 | 50 -0.05922 -4.08327e-03 | 51  0.10284 -7.19693e-03
 52 -0.24504  5.09039e-04 | 53  0.01771  6.76193e-03 | 54 -0.15932  6.91415e-04
 55  0.02266 -2.65656e-02 | 56 -0.04474 -2.61688e-02 | 57 -0.05621 -2.08732e-02
 58  0.01116 -3.18460e-02 | 59  0.00896 -2.90245e-03 | 60  0.01410  5.88654e-03
 61 -0.06006  9.07899e-03 | 62 -0.01221  2.08488e-04 | 63  0.01893  5.98416e-03
 64 -0.12854 -1.69329e-03 | 65 -0.05272 -1.10341e-02 | 66 -0.04134 -2.17027e-02
 67 -0.12629 -1.45080e-02 | 68 -0.06522 -2.33994e-02 | 69 -0.04888 -2.72263e-02
 70  0.07168 -2.78396e-02 | 71 -1.84814  2.09552e-03 | 72 -0.12983 -2.37582e-04
 73 -0.10067 -2.42180e-03 | 74 -0.03027  1.94862e-04 | 75 -0.02821  2.19954e-04
 76 -0.02797 -1.90696e-05 | 77 -0.57863  1.28818e-01 | 78 -1.40153  3.66470e-05
 79 -5.01674  3.52831e-04 | 80 -0.45349  1.52068e-01 | 81 -1.79269 -2.94768e-02
 82 -0.24764 -4.17596e-02 | 83  1.00666 -1.36243e-03 | 84  0.10308  1.99023e-04
 85  1.85680  6.87546e-02 | 86  0.75290  2.25269e-03 | 87 -49.99616  3.20500e-05
 88 -1.03061 -5.52687e-06 |
88 variables; iteration 1040; function evaluation 1263; phase 3
Function value 1.0684788e+02; maximum gradient component mag 7.7606e+00
Var    Value     Gradient |Var    Value     Gradient |Var    Value     Gradient
  1  0.04398  7.76063e+00 |  2 -0.00098  4.49282e-04 |  3 -0.00117  5.81386e-04
  4 -0.01717  6.63624e-04 |  5 -0.01743  6.23718e-04 |  6 -0.01775  8.93545e-04
  7 -0.01813  1.10042e-03 |  8 -0.01859  1.22269e-03 |  9 -0.01916  1.50313e-03
 10 -0.01981  1.56630e-03 | 11 -0.02053  2.25400e-03 | 12 -0.01664  2.47853e-03
 13 -0.01812  3.07719e-03 | 14 -0.02428  3.26693e-03 | 15 -0.02922  3.40634e-03
 16 -0.02712  3.96214e-03 | 17 -0.02610  4.99662e-03 | 18 -0.02073  6.05482e-03
 19 -0.02424  6.73423e-03 | 20 -0.01764  7.99109e-03 | 21 -0.00428  1.03653e-02
 22  0.01232  1.29990e-02 | 23  0.03375  1.97039e-02 | 24  0.02798  2.30252e-02
 25 -0.02040  1.83436e-02 | 26 -0.06621  1.58567e-02 | 27 -0.09550  1.55317e-02
 28 -0.10562  1.79759e-02 | 29 -0.10498  2.43507e-02 | 30 -0.09115  4.79617e-02
 31 -0.02619  1.26244e-01 | 32  0.00299  1.97592e-01 | 33  0.00046  2.17097e-01
 34 -0.02508  2.12273e-01 | 35 -0.08350  1.40009e-01 | 36  0.04259  4.34974e-01
 37 -0.14613  1.00243e-01 | 38  0.07698  5.74107e-01 | 39 -0.17521  7.42306e-02
 40 -0.00303  2.92683e-01 | 41 -0.07604  1.48696e-01 | 42 -0.02369  2.10206e-01
 43 -0.00125  2.55260e-01 | 44 -0.02385  2.27340e-01 | 45 -0.03704  2.05865e-01
 46 -0.04533  1.82411e-01 | 47 -0.06689  1.48436e-01 | 48 -1.91997 -1.02181e-01
 49 -0.06639  7.12779e-02 | 50 -0.05922  1.53782e-02 | 51  0.10284 -3.06938e-02
 52 -0.24505 -4.32131e-04 | 53  0.01770 -3.84735e-03 | 54 -0.15933 -5.79317e-03
 55  0.02266 -2.51303e-02 | 56 -0.04473 -1.17548e-02 | 57 -0.05622 -1.38124e-02
 58  0.01117 -2.76411e-02 | 59  0.00895 -2.44947e-02 | 60  0.01410 -2.13811e-02
 61 -0.06007 -1.06940e-02 | 62 -0.01221 -1.95554e-02 | 63  0.01893 -1.85495e-02
 64 -0.12853 -6.88011e-03 | 65 -0.05272 -1.91845e-02 | 66 -0.04134 -2.18282e-02
 67 -0.12629 -1.26544e-02 | 68 -0.06523 -2.28545e-02 | 69 -0.04888 -2.10293e-02
 70  0.07167 -1.38418e-02 | 71 -1.84815 -3.05237e-03 | 72 -0.12984  8.05424e-04
 73 -0.10066  2.27708e-04 | 74 -0.03027 -2.56315e-05 | 75 -0.02821 -5.28197e-05
 76 -0.02797 -6.23597e-05 | 77 -0.57863  1.17114e-01 | 78 -1.40219 -2.36961e-05
 79 -5.01675  2.49656e-04 | 80 -0.44928  3.30250e-01 | 81 -1.78185 -4.77321e-02
 82 -0.23894 -9.56961e-02 | 83  1.00668 -1.07539e-04 | 84  0.10301 -1.17475e-05
 85  1.85680  1.00188e-01 | 86  0.75290 -4.81217e-05 | 87 -49.99643  1.66668e-05
 88 -1.03063 -3.94408e-05 |
88 variables; iteration 1060; function evaluation 1288; phase 3
Function value 1.0684787e+02; maximum gradient component mag 2.9761e+00
Var    Value     Gradient |Var    Value     Gradient |Var    Value     Gradient
  1  0.04398  2.97605e+00 |  2 -0.00098  2.73536e-04 |  3 -0.00117  3.77594e-04
  4 -0.01717  3.99075e-04 |  5 -0.01743  4.27407e-04 |  6 -0.01775  5.58324e-04
  7 -0.01813  6.78827e-04 |  8 -0.01859  8.14936e-04 |  9 -0.01916  9.82648e-04
 10 -0.01981  1.12693e-03 | 11 -0.02053  1.43352e-03 | 12 -0.01664  1.58483e-03
 13 -0.01812  1.97841e-03 | 14 -0.02428  2.07400e-03 | 15 -0.02922  2.26454e-03
 16 -0.02712  2.60806e-03 | 17 -0.02610  3.21033e-03 | 18 -0.02073  3.94743e-03
 19 -0.02424  4.36960e-03 | 20 -0.01764  5.13874e-03 | 21 -0.00428  6.57508e-03
 22  0.01233  7.97485e-03 | 23  0.03375  1.16374e-02 | 24  0.02798  1.30244e-02
 25 -0.02040  9.82942e-03 | 26 -0.06621  8.00443e-03 | 27 -0.09550  7.40513e-03
 28 -0.10562  8.05952e-03 | 29 -0.10498  1.03129e-02 | 30 -0.09115  1.88228e-02
 31 -0.02619  4.75280e-02 | 32  0.00299  7.13874e-02 | 33  0.00046  7.58711e-02
 34 -0.02508  7.36878e-02 | 35 -0.08350  4.89772e-02 | 36  0.04259  1.56451e-01
 37 -0.14613  3.66481e-02 | 38  0.07698  2.12173e-01 | 39 -0.17521  2.77319e-02
 40 -0.00303  1.08696e-01 | 41 -0.07604  5.52696e-02 | 42 -0.02369  7.96418e-02
 43 -0.00125  9.81711e-02 | 44 -0.02385  8.77515e-02 | 45 -0.03704  7.88970e-02
 46 -0.04533  6.96424e-02 | 47 -0.06689  5.69504e-02 | 48 -1.91997 -3.92297e-02
 49 -0.06639  2.75843e-02 | 50 -0.05922  6.86565e-03 | 51  0.10284 -1.06551e-02
 52 -0.24505 -2.82580e-04 | 53  0.01770 -3.03396e-03 | 54 -0.15933 -2.36047e-03
 55  0.02266 -8.39632e-03 | 56 -0.04473 -3.68211e-03 | 57 -0.05622 -4.53840e-03
 58  0.01117 -9.39729e-03 | 59  0.00895 -8.97333e-03 | 60  0.01410 -7.45419e-03
 61 -0.06007 -3.56038e-03 | 62 -0.01221 -6.54288e-03 | 63  0.01893 -6.14455e-03
 64 -0.12853 -2.18904e-03 | 65 -0.05272 -5.85597e-03 | 66 -0.04134 -6.95687e-03
 67 -0.12629 -4.01183e-03 | 68 -0.06523 -7.52340e-03 | 69 -0.04888 -7.34222e-03
 70  0.07167 -5.66552e-03 | 71 -1.84815 -1.02672e-03 | 72 -0.12984  4.30105e-04
 73 -0.10066  3.71954e-04 | 74 -0.03027 -2.15522e-05 | 75 -0.02821 -3.58601e-05
 76 -0.02797 -5.78350e-06 | 77 -0.57863  4.36627e-02 | 78 -1.40212 -9.84767e-06
 79 -5.01675  8.41807e-05 | 80 -0.44575  1.21453e-01 | 81 -1.77000 -1.31367e-02
 82 -0.23196 -3.72570e-02 | 83  1.00668  2.14756e-05 | 84  0.10301 -1.12257e-05
 85  1.85680  3.64210e-02 | 86  0.75290 -3.02323e-04 | 87 -49.99660  7.35261e-06
 88 -1.03063 -1.78951e-05 |
88 variables; iteration 1080; function evaluation 1313; phase 3
Function value 1.0684787e+02; maximum gradient component mag 2.1210e+00
Var    Value     Gradient |Var    Value     Gradient |Var    Value     Gradient
  1  0.04398  2.12097e+00 |  2 -0.00098  3.36031e-04 |  3 -0.00117  4.07126e-04
  4 -0.01717  4.44134e-04 |  5 -0.01743  5.38193e-04 |  6 -0.01775  6.54773e-04
  7 -0.01813  7.69435e-04 |  8 -0.01859  9.31320e-04 |  9 -0.01916  1.11261e-03
 10 -0.01981  1.31120e-03 | 11 -0.02053  1.48904e-03 | 12 -0.01664  1.81466e-03
 13 -0.01812  2.07629e-03 | 14 -0.02428  2.26640e-03 | 15 -0.02922  2.53929e-03
 16 -0.02712  2.99594e-03 | 17 -0.02610  3.48511e-03 | 18 -0.02073  4.30402e-03
 19 -0.02424  4.71775e-03 | 20 -0.01764  5.57169e-03 | 21 -0.00428  7.06868e-03
 22  0.01233  8.98553e-03 | 23  0.03374  1.20266e-02 | 24  0.02798  1.33454e-02
 25 -0.02040  1.00831e-02 | 26 -0.06621  7.80988e-03 | 27 -0.09550  6.89262e-03
 28 -0.10562  7.12902e-03 | 29 -0.10498  8.77903e-03 | 30 -0.09115  1.54406e-02
 31 -0.02619  3.76908e-02 | 32  0.00299  5.60663e-02 | 33  0.00046  5.90826e-02
 34 -0.02508  5.45973e-02 | 35 -0.08350  3.54030e-02 | 36  0.04259  1.07611e-01
 37 -0.14613  2.47017e-02 | 38  0.07698  1.43655e-01 | 39 -0.17521  1.86435e-02
 40 -0.00303  7.50821e-02 | 41 -0.07604  3.90472e-02 | 42 -0.02369  5.61912e-02
 43 -0.00125  6.83724e-02 | 44 -0.02385  5.92311e-02 | 45 -0.03704  5.26312e-02
 46 -0.04533  4.62442e-02 | 47 -0.06689  3.73966e-02 | 48 -1.91997 -2.61445e-02
 49 -0.06639  1.91379e-02 | 50 -0.05922  6.02543e-03 | 51  0.10284 -6.27533e-03
 52 -0.24505 -3.05486e-04 | 53  0.01770 -2.81393e-03 | 54 -0.15933 -1.28114e-03
 55  0.02266 -6.39383e-03 | 56 -0.04473 -3.58884e-03 | 57 -0.05622 -3.87576e-03
 58  0.01117 -7.82210e-03 | 59  0.00895 -7.42376e-03 | 60  0.01410 -7.02142e-03
 61 -0.06007 -4.03035e-03 | 62 -0.01220 -6.39371e-03 | 63  0.01893 -7.21811e-03
 64 -0.12853 -2.45627e-03 | 65 -0.05272 -5.86564e-03 | 66 -0.04134 -6.32377e-03
 67 -0.12629 -3.39374e-03 | 68 -0.06523 -5.80127e-03 | 69 -0.04888 -5.73435e-03
 70  0.07167 -6.94579e-03 | 71 -1.84814  1.68115e-04 | 72 -0.12984 -4.54266e-05
 73 -0.10066 -1.51097e-04 | 74 -0.03027  1.17640e-06 | 75 -0.02821 -7.78150e-06
 76 -0.02797  7.41074e-06 | 77 -0.57863  3.14060e-02 | 78 -1.40206 -3.13062e-06
 79 -5.01675  7.62896e-05 | 80 -0.44388  8.02677e-02 | 81 -1.76214 -7.15774e-03
 82 -0.22839 -2.50361e-02 | 83  1.00668 -7.46442e-05 | 84  0.10302  6.96824e-07
 85  1.85680  2.59594e-02 | 86  0.75290  1.67661e-05 | 87 -49.99674  1.69444e-07
 88 -1.03063 -3.50505e-06 |
  ic > imax  in fminim is answer attained ?
Var    Value     Gradient |Var    Value     Gradient |Var    Value     Gradient
  1  0.04398 -1.91653e-04 |  2 -0.00098 -1.11860e-08 |  3 -0.00117 -1.57994e-08
  4 -0.01717 -1.59938e-08 |  5 -0.01743 -1.38970e-08 |  6 -0.01775 -2.35216e-08
  7 -0.01813 -2.81560e-08 |  8 -0.01859 -3.22737e-08 |  9 -0.01916 -4.44193e-08
 10 -0.01981 -3.80627e-08 | 11 -0.02053 -6.65581e-08 | 12 -0.01664 -6.37641e-08
 13 -0.01812 -8.82934e-08 | 14 -0.02428 -9.03727e-08 | 15 -0.02922 -9.28176e-08
 16 -0.02712 -1.04177e-07 | 17 -0.02610 -1.40150e-07 | 18 -0.02073 -1.68866e-07
 19 -0.02424 -1.87127e-07 | 20 -0.01764 -2.18707e-07 | 21 -0.00428 -2.80564e-07
 22  0.01233 -3.17327e-07 | 23  0.03374 -5.16278e-07 | 24  0.02798 -5.77690e-07
 25 -0.02040 -4.32999e-07 | 26 -0.06621 -3.71574e-07 | 27 -0.09550 -3.65547e-07
 28 -0.10562 -4.25802e-07 | 29 -0.10498 -5.72231e-07 | 30 -0.09115 -1.10620e-06
 31 -0.02619 -2.91451e-06 | 32  0.00299 -4.50731e-06 | 33  0.00046 -4.93373e-06
 34 -0.02508 -4.97855e-06 | 35 -0.08350 -3.29018e-06 | 36  0.04259 -1.04868e-05
 37 -0.14613 -2.43064e-06 | 38  0.07698 -1.37245e-05 | 39 -0.17521 -1.78070e-06
 40 -0.00303 -7.04951e-06 | 41 -0.07604 -3.57617e-06 | 42 -0.02369 -5.14194e-06
 43 -0.00125 -6.38421e-06 | 44 -0.02385 -5.83999e-06 | 45 -0.03704 -5.33358e-06
 46 -0.04533 -4.76446e-06 | 47 -0.06689 -3.95104e-06 | 48 -1.91997  2.76699e-06
 49 -0.06639 -1.92910e-06 | 50 -0.05922 -3.69855e-07 | 51  0.10284  8.71670e-07
 52 -0.24505  1.21799e-08 | 53  0.01770  1.15178e-07 | 54 -0.15933  1.78332e-07
 55  0.02266  6.30995e-07 | 56 -0.04473  2.43011e-07 | 57 -0.05622  3.13527e-07
 58  0.01117  6.05199e-07 | 59  0.00895  5.32840e-07 | 60  0.01410  4.35870e-07
 61 -0.06007  2.01285e-07 | 62 -0.01220  4.17794e-07 | 63  0.01893  3.42446e-07
 64 -0.12853  1.23678e-07 | 65 -0.05272  3.66182e-07 | 66 -0.04134  4.50668e-07
 67 -0.12629  2.72971e-07 | 68 -0.06523  5.05899e-07 | 69 -0.04888  4.37360e-07
 70  0.07167  1.41933e-07 | 71 -1.84814  1.07663e-07 | 72 -0.12984  1.42492e-08
 73 -0.10066  3.21906e-09 | 74 -0.03027  1.81892e-09 | 75 -0.02821  1.37871e-09
 76 -0.02797  2.71378e-09 | 77 -0.57863 -2.80308e-06 | 78 -1.40207  8.12229e-10
 79 -5.01675 -5.16260e-09 | 80 -0.44353 -8.06309e-06 | 81 -1.76047  6.99485e-07
 82 -0.22772  2.49627e-06 | 83  1.00668 -3.79551e-09 | 84  0.10302  1.14331e-09
 85  1.85680 -2.39370e-06 | 86  0.75290  1.30496e-08 | 87 -49.99674 -7.36539e-10
 88 -1.03063  1.56232e-09 |
Function minimizer not making progress ... is minimum attained?
Minimprove criterion = 0.0000e+00

 - final statistics:
88 variables; iteration 1095; function evaluation 1357
Function value 1.0685e+02; maximum gradient component mag -1.9165e-04
Exit code = 1;  converg criter 1.0000e-04
Var    Value     Gradient |Var    Value     Gradient |Var    Value     Gradient
  1  0.04398 -1.91653e-04 |  2 -0.00098 -1.11860e-08 |  3 -0.00117 -1.57994e-08
  4 -0.01717 -1.59938e-08 |  5 -0.01743 -1.38970e-08 |  6 -0.01775 -2.35216e-08
  7 -0.01813 -2.81560e-08 |  8 -0.01859 -3.22737e-08 |  9 -0.01916 -4.44193e-08
 10 -0.01981 -3.80627e-08 | 11 -0.02053 -6.65581e-08 | 12 -0.01664 -6.37641e-08
 13 -0.01812 -8.82934e-08 | 14 -0.02428 -9.03727e-08 | 15 -0.02922 -9.28176e-08
 16 -0.02712 -1.04177e-07 | 17 -0.02610 -1.40150e-07 | 18 -0.02073 -1.68866e-07
 19 -0.02424 -1.87127e-07 | 20 -0.01764 -2.18707e-07 | 21 -0.00428 -2.80564e-07
 22  0.01233 -3.17327e-07 | 23  0.03374 -5.16278e-07 | 24  0.02798 -5.77690e-07
 25 -0.02040 -4.32999e-07 | 26 -0.06621 -3.71574e-07 | 27 -0.09550 -3.65547e-07
 28 -0.10562 -4.25802e-07 | 29 -0.10498 -5.72231e-07 | 30 -0.09115 -1.10620e-06
 31 -0.02619 -2.91451e-06 | 32  0.00299 -4.50731e-06 | 33  0.00046 -4.93373e-06
 34 -0.02508 -4.97855e-06 | 35 -0.08350 -3.29018e-06 | 36  0.04259 -1.04868e-05
 37 -0.14613 -2.43064e-06 | 38  0.07698 -1.37245e-05 | 39 -0.17521 -1.78070e-06
 40 -0.00303 -7.04951e-06 | 41 -0.07604 -3.57617e-06 | 42 -0.02369 -5.14194e-06
 43 -0.00125 -6.38421e-06 | 44 -0.02385 -5.83999e-06 | 45 -0.03704 -5.33358e-06
 46 -0.04533 -4.76446e-06 | 47 -0.06689 -3.95104e-06 | 48 -1.91997  2.76699e-06
 49 -0.06639 -1.92910e-06 | 50 -0.05922 -3.69855e-07 | 51  0.10284  8.71670e-07
 52 -0.24505  1.21799e-08 | 53  0.01770  1.15178e-07 | 54 -0.15933  1.78332e-07
 55  0.02266  6.30995e-07 | 56 -0.04473  2.43011e-07 | 57 -0.05622  3.13527e-07
 58  0.01117  6.05199e-07 | 59  0.00895  5.32840e-07 | 60  0.01410  4.35870e-07
 61 -0.06007  2.01285e-07 | 62 -0.01220  4.17794e-07 | 63  0.01893  3.42446e-07
 64 -0.12853  1.23678e-07 | 65 -0.05272  3.66182e-07 | 66 -0.04134  4.50668e-07
 67 -0.12629  2.72971e-07 | 68 -0.06523  5.05899e-07 | 69 -0.04888  4.37360e-07
 70  0.07167  1.41933e-07 | 71 -1.84814  1.07663e-07 | 72 -0.12984  1.42492e-08
 73 -0.10066  3.21906e-09 | 74 -0.03027  1.81892e-09 | 75 -0.02821  1.37871e-09
 76 -0.02797  2.71378e-09 | 77 -0.57863 -2.80308e-06 | 78 -1.40207  8.12229e-10
 79 -5.01675 -5.16260e-09 | 80 -0.44353 -8.06309e-06 | 81 -1.76047  6.99485e-07
 82 -0.22772  2.49627e-06 | 83  1.00668 -3.79551e-09 | 84  0.10302  1.14331e-09
 85  1.85680 -2.39370e-06 | 86  0.75290  1.30496e-08 | 87 -49.99674 -7.36539e-10
 88 -1.03063  1.56232e-09 |

Initial statistics: 89 variables; iteration 0; function evaluation 0; phase 4
Function value 1.0684787e+02; maximum gradient component mag -1.9165e-04
Var    Value     Gradient |Var    Value     Gradient |Var    Value     Gradient
  1  0.04398 -1.91652e-04 |  2 -0.00098 -1.11860e-08 |  3 -0.00117 -1.57995e-08
  4 -0.01717 -1.59939e-08 |  5 -0.01743 -1.38971e-08 |  6 -0.01775 -2.35217e-08
  7 -0.01813 -2.81561e-08 |  8 -0.01859 -3.22738e-08 |  9 -0.01916 -4.44194e-08
 10 -0.01981 -3.80628e-08 | 11 -0.02053 -6.65583e-08 | 12 -0.01664 -6.37644e-08
 13 -0.01812 -8.82936e-08 | 14 -0.02428 -9.03730e-08 | 15 -0.02922 -9.28179e-08
 16 -0.02712 -1.04177e-07 | 17 -0.02610 -1.40150e-07 | 18 -0.02073 -1.68867e-07
 19 -0.02424 -1.87128e-07 | 20 -0.01764 -2.18708e-07 | 21 -0.00428 -2.80565e-07
 22  0.01233 -3.17328e-07 | 23  0.03374 -5.16279e-07 | 24  0.02798 -5.77690e-07
 25 -0.02040 -4.32999e-07 | 26 -0.06621 -3.71574e-07 | 27 -0.09550 -3.65546e-07
 28 -0.10562 -4.25801e-07 | 29 -0.10498 -5.72229e-07 | 30 -0.09115 -1.10619e-06
 31 -0.02619 -2.91450e-06 | 32  0.00299 -4.50728e-06 | 33  0.00046 -4.93371e-06
 34 -0.02508 -4.97853e-06 | 35 -0.08350 -3.29016e-06 | 36  0.04259 -1.04868e-05
 37 -0.14613 -2.43062e-06 | 38  0.07698 -1.37244e-05 | 39 -0.17521 -1.78069e-06
 40 -0.00303 -7.04948e-06 | 41 -0.07604 -3.57615e-06 | 42 -0.02369 -5.14191e-06
 43 -0.00125 -6.38418e-06 | 44 -0.02385 -5.83996e-06 | 45 -0.03704 -5.33356e-06
 46 -0.04533 -4.76444e-06 | 47 -0.06689 -3.95102e-06 | 48 -0.08003 -2.76697e-06
 49 -0.06639 -1.92910e-06 | 50 -0.05922 -3.69858e-07 | 51  0.10284  8.71665e-07
 52 -0.24505  1.21796e-08 | 53  0.01770  1.15175e-07 | 54 -0.15933  1.78331e-07
 55  0.02266  6.30991e-07 | 56 -0.04473  2.43009e-07 | 57 -0.05622  3.13525e-07
 58  0.01117  6.05196e-07 | 59  0.00895  5.32838e-07 | 60  0.01410  4.35868e-07
 61 -0.06007  2.01283e-07 | 62 -0.01220  4.17792e-07 | 63  0.01893  3.42444e-07
 64 -0.12853  1.23678e-07 | 65 -0.05272  3.66180e-07 | 66 -0.04134  4.50666e-07
 67 -0.12629  2.72970e-07 | 68 -0.06523  5.05898e-07 | 69 -0.04888  4.37358e-07
 70  0.07167  1.41930e-07 | 71 -0.15186 -1.07663e-07 | 72 -0.12984  1.42487e-08
 73 -0.10066  3.21870e-09 | 74 -0.03027  1.81892e-09 | 75 -0.02821  1.37871e-09
 76 -0.02797  2.71378e-09 | 77  0.00000  0.00000e+00 | 78 -0.57863 -2.80302e-06
 79 -0.59793 -8.12228e-10 | 80 -0.98325  5.16264e-09 | 81 -0.44353 -8.06306e-06
 82 -0.23953 -6.99483e-07 | 83 -0.22772  2.49626e-06 | 84  0.99332  3.79239e-09
 85  0.10302  1.14331e-09 | 86  0.14320  2.39369e-06 | 87  0.75290  1.30397e-08
 88 -0.00326  7.36539e-10 | 89 -0.96937 -1.56231e-09 |
Warning: the following parameters had issues
  selparm[3] is within 0.1% of lower bound: -4.00000e+00 < -3.99723e+00 < 1.20000e+01
  selparm[13] is within 0.1% of upper bound: 2.00000e+01 < 6.99986e+01 < 7.00000e+01
  selparm[21] is within 0.1% of lower bound: -4.00000e+00 < -3.99074e+00 < 1.20000e+01


 - final statistics:
89 variables; iteration 1; function evaluation 2
Function value 1.0685e+02; maximum gradient component mag -3.4370e-06
Exit code = 1;  converg criter 1.0000e-04
Var    Value     Gradient |Var    Value     Gradient |Var    Value     Gradient
  1  0.04398  2.36657e-06 |  2 -0.00098  5.01722e-08 |  3 -0.00117  5.94473e-08
  4 -0.01717  6.50962e-08 |  5 -0.01743  8.45793e-08 |  6 -0.01775  9.54304e-08
  7 -0.01813  1.14727e-07 |  8 -0.01859  1.38209e-07 |  9 -0.01916  1.57402e-07
 10 -0.01981  1.98326e-07 | 11 -0.02053  2.08395e-07 | 12 -0.01664  2.68787e-07
 13 -0.01812  2.93793e-07 | 14 -0.02428  3.25544e-07 | 15 -0.02922  3.71297e-07
 16 -0.02712  4.42813e-07 | 17 -0.02610  4.99891e-07 | 18 -0.02073  6.20162e-07
 19 -0.02424  6.75974e-07 | 20 -0.01764  7.97549e-07 | 21 -0.00428  9.97489e-07
 22  0.01233  1.28346e-06 | 23  0.03374  1.58989e-06 | 24  0.02798  1.68819e-06
 25 -0.02040  1.21244e-06 | 26 -0.06621  8.43406e-07 | 27 -0.09550  6.47478e-07
 28 -0.10562  5.58781e-07 | 29 -0.10498  5.41858e-07 | 30 -0.09115  6.36027e-07
 31 -0.02619  9.08064e-07 | 32  0.00299  6.80310e-07 | 33  0.00046  7.96070e-08
 34 -0.02508 -7.55734e-07 | 35 -0.08350 -6.68882e-07 | 36  0.04259 -2.75350e-06
 37 -0.14613 -6.90592e-07 | 38  0.07698 -3.43701e-06 | 39 -0.17521 -4.30970e-07
 40 -0.00303 -1.33586e-06 | 41 -0.07604 -4.63207e-07 | 42 -0.02369 -3.72897e-07
 43 -0.00125 -3.50924e-07 | 44 -0.02385 -6.96898e-07 | 45 -0.03704 -8.11532e-07
 46 -0.04533 -7.13993e-07 | 47 -0.06689 -5.46848e-07 | 48 -0.08003 -3.20998e-07
 49 -0.06639 -3.84628e-08 | 50 -0.05922  3.96455e-07 | 51  0.10284  3.26050e-07
 52 -0.24505 -5.35593e-08 | 53  0.01770 -4.98323e-07 | 54 -0.15933  1.15396e-08
 55  0.02266 -8.75812e-08 | 56 -0.04473 -1.75017e-07 | 57 -0.05622 -6.89120e-08
 58  0.01117 -1.76947e-08 | 59  0.00895 -6.50520e-08 | 60  0.01410 -1.75216e-07
 61 -0.06007 -1.50582e-07 | 62 -0.01220 -1.11199e-07 | 63  0.01893 -3.05083e-07
 64 -0.12853 -7.98315e-08 | 65 -0.05272 -2.09256e-08 | 66 -0.04134  4.93443e-08
 67 -0.12629  7.90517e-08 | 68 -0.06523  2.08748e-07 | 69 -0.04888  1.24685e-07
 70  0.07167 -5.93155e-07 | 71 -0.15186 -2.26234e-07 | 72 -0.12984 -1.01586e-07
 73 -0.10066 -5.90174e-08 | 74 -0.03027  1.51899e-09 | 75 -0.02821  1.24191e-09
 76 -0.02797  2.58672e-09 | 77  0.00000  0.00000e+00 | 78 -0.57863 -9.59997e-08
 79 -0.59793 -5.13694e-10 | 80 -0.98325 -1.49812e-09 | 81 -0.44353 -1.67112e-06
 82 -0.23953 -2.34484e-07 | 83 -0.22772  2.93256e-07 | 84  0.99332  9.71551e-09
 85  0.10302  1.16486e-09 | 86  0.14320  3.90267e-07 | 87  0.75290  1.29872e-08
 88 -0.00326  7.16842e-10 | 89 -0.96937 -1.13142e-09 |
Estimating row 1 out of 89 for hessian
Estimating row 2 out of 89 for hessian
Estimating row 3 out of 89 for hessian
Estimating row 4 out of 89 for hessian
Estimating row 5 out of 89 for hessian
Estimating row 6 out of 89 for hessian
Estimating row 7 out of 89 for hessian
Estimating row 8 out of 89 for hessian
Estimating row 9 out of 89 for hessian
Estimating row 10 out of 89 for hessian
Estimating row 11 out of 89 for hessian
Estimating row 12 out of 89 for hessian
Estimating row 13 out of 89 for hessian
Estimating row 14 out of 89 for hessian
Estimating row 15 out of 89 for hessian
Estimating row 16 out of 89 for hessian
Estimating row 17 out of 89 for hessian
Estimating row 18 out of 89 for hessian
Estimating row 19 out of 89 for hessian
Estimating row 20 out of 89 for hessian
Estimating row 21 out of 89 for hessian
Estimating row 22 out of 89 for hessian
Estimating row 23 out of 89 for hessian
Estimating row 24 out of 89 for hessian
Estimating row 25 out of 89 for hessian
Estimating row 26 out of 89 for hessian
Estimating row 27 out of 89 for hessian
Estimating row 28 out of 89 for hessian
Estimating row 29 out of 89 for hessian
Estimating row 30 out of 89 for hessian
Estimating row 31 out of 89 for hessian
Estimating row 32 out of 89 for hessian
Estimating row 33 out of 89 for hessian
Estimating row 34 out of 89 for hessian
Estimating row 35 out of 89 for hessian
Estimating row 36 out of 89 for hessian
Estimating row 37 out of 89 for hessian
Estimating row 38 out of 89 for hessian
Estimating row 39 out of 89 for hessian
Estimating row 40 out of 89 for hessian
Estimating row 41 out of 89 for hessian
Estimating row 42 out of 89 for hessian
Estimating row 43 out of 89 for hessian
Estimating row 44 out of 89 for hessian
Estimating row 45 out of 89 for hessian
Estimating row 46 out of 89 for hessian
Estimating row 47 out of 89 for hessian
Estimating row 48 out of 89 for hessian
Estimating row 49 out of 89 for hessian
Estimating row 50 out of 89 for hessian
Estimating row 51 out of 89 for hessian
Estimating row 52 out of 89 for hessian
Estimating row 53 out of 89 for hessian
Estimating row 54 out of 89 for hessian
Estimating row 55 out of 89 for hessian
Estimating row 56 out of 89 for hessian
Estimating row 57 out of 89 for hessian
Estimating row 58 out of 89 for hessian
Estimating row 59 out of 89 for hessian
Estimating row 60 out of 89 for hessian
Estimating row 61 out of 89 for hessian
Estimating row 62 out of 89 for hessian
Estimating row 63 out of 89 for hessian
Estimating row 64 out of 89 for hessian
Estimating row 65 out of 89 for hessian
Estimating row 66 out of 89 for hessian
Estimating row 67 out of 89 for hessian
Estimating row 68 out of 89 for hessian
Estimating row 69 out of 89 for hessian
Estimating row 70 out of 89 for hessian
Estimating row 71 out of 89 for hessian
Estimating row 72 out of 89 for hessian
Estimating row 73 out of 89 for hessian
Estimating row 74 out of 89 for hessian
Estimating row 75 out of 89 for hessian
Estimating row 76 out of 89 for hessian
Estimating row 77 out of 89 for hessian
Estimating row 78 out of 89 for hessian
Estimating row 79 out of 89 for hessian
Estimating row 80 out of 89 for hessian
Estimating row 81 out of 89 for hessian
Estimating row 82 out of 89 for hessian
Estimating row 83 out of 89 for hessian
Estimating row 84 out of 89 for hessian
Estimating row 85 out of 89 for hessian
Estimating row 86 out of 89 for hessian
Estimating row 87 out of 89 for hessian
Estimating row 88 out of 89 for hessian
Estimating row 89 out of 89 for hessian
size of file gradfil1.tmp = 0
size of file gradfil2.tmp = 0
size of file varssave.tmp = 0
size of file cmpdiff.tmp = 0
