
Initial statistics: 75 variables; iteration 0; function evaluation 0; phase 1
Function value nan; maximum gradient component mag -5.1259e+06
Var    Value     Gradient |Var    Value     Gradient |Var    Value     Gradient
  1 -0.24495 -5.12588e+06 |  2 -0.04304 -8.46428e+04 |  3  0.02118 -1.56298e+05
  4  0.03143 -1.70867e+05 |  5 -0.05216 -9.92863e+04 |  6 -0.04482 -9.31448e+04
  7  0.00886 -1.09494e+05 |  8 -0.01381 -7.11502e+04 |  9  0.00933 -7.54209e+04
 10 -0.00502 -5.95839e+04 | 11  0.02833 -7.48700e+04 | 12  0.04373 -7.01862e+04
 13  0.03541 -6.49983e+04 | 14 -0.00476 -4.94893e+04 | 15  0.03469 -5.93225e+04
 16  0.03618 -6.98615e+04 | 17 -0.03034 -3.74770e+04 | 18 -0.00235 -3.69231e+04
 19  0.05199  5.67021e+04 | 20  0.02037  8.13274e+04 | 21 -0.01304  3.89389e+04
 22 -0.04975  3.54561e+04 | 23 -0.02713  3.51780e+04 | 24 -0.02193  3.30616e+04
 25  0.01395  4.14623e+04 | 26 -0.00024  2.49822e+04 | 27 -0.04889  8.23677e+03
 28  0.04811  3.40900e+04 | 29  0.02464  1.62798e+04 | 30 -0.02458 -8.90314e+03
 31 -0.04518 -1.74310e+04 | 32  0.02383 -1.03339e+04 | 33  0.00988 -2.72417e+04
 34  0.01645 -7.71561e+04 | 35 -0.03953 -6.26617e+04 | 36 -0.05135 -5.71460e+04
 37  0.04709 -7.65843e+04 | 38  0.00828 -5.96593e+04 | 39 -0.03763 -5.02981e+04
 40  0.00545 -7.39759e+04 | 41 -0.01253 -6.28872e+04 | 42  0.04244 -8.72971e+04
 43 -0.05014 -5.56504e+04 | 44 -0.01782 -7.24424e+04 | 45  0.00272 -7.12385e+04
 46  0.03003 -8.14351e+04 | 47 -0.01799 -6.37338e+04 | 48  0.01393 -8.16503e+04
 49  0.01659 -1.01370e+05 | 50  0.01921 -4.77605e+04 | 51 -0.02680  1.02355e+05
 52  0.04595 -2.56622e+03 | 53  0.03932 -5.22901e+04 | 54 -0.03874 -3.16822e+04
 55  0.04153 -8.54226e+03 | 56  0.04293 -2.50245e+03 | 57  0.04075 -1.41631e+04
 58 -0.02641 -2.30331e+04 | 59 -0.00324 -2.90420e+04 | 60  0.01127 -2.82375e+04
 61 -0.01791 -2.09077e+04 | 62  0.04740 -1.90741e+04 | 63  0.00297 -2.50368e+04
 64  0.02050 -2.30917e+04 | 65  0.00262 -1.00381e+04 | 66  0.04849  1.50547e+04
 67 -0.02925  1.41192e+04 | 68 -0.02932  3.21111e+04 | 69  0.02476  7.56504e+04
 70 -0.03990  6.37365e+04 | 71  0.02655  1.23107e+05 | 72 -0.00915  1.15048e+05
 73 -0.04898  2.12774e+04 | 74  0.02879  1.81980e+02 | 75  0.01268  1.77771e+02
  ic > imax  in fminim is answer attained ?
Var    Value     Gradient |Var    Value     Gradient |Var    Value     Gradient
  1 -0.24066 -4.71181e+06 |  2 -0.04296 -8.11776e+04 |  3  0.02131 -1.55908e+05
  4  0.03157 -1.73841e+05 |  5 -0.05208 -1.02728e+05 |  6 -0.04474 -9.70141e+04
  7  0.00895 -1.14145e+05 |  8 -0.01375 -7.46894e+04 |  9  0.00940 -7.92352e+04
 10 -0.00497 -6.26940e+04 | 11  0.02840 -7.86135e+04 | 12  0.04379 -7.37457e+04
 13  0.03547 -6.83661e+04 | 14 -0.00472 -5.21373e+04 | 15  0.03474 -6.24834e+04
 16  0.03624 -7.34822e+04 | 17 -0.03031 -3.95863e+04 | 18 -0.00232 -3.91023e+04
 19  0.05195  5.71127e+04 | 20  0.02030  8.34476e+04 | 21 -0.01307  4.10339e+04
 22 -0.04978  3.93945e+04 | 23 -0.02716  3.97598e+04 | 24 -0.02195  3.73383e+04
 25  0.01392  4.63134e+04 | 26 -0.00026  2.95947e+04 | 27 -0.04890  1.15570e+04
 28  0.04808  3.92305e+04 | 29  0.02463  2.07427e+04 | 30 -0.02457 -5.23324e+03
 31 -0.04517 -1.42623e+04 | 32  0.02384 -5.98929e+03 | 33  0.00990 -2.44815e+04
 34  0.01652 -7.72015e+04 | 35 -0.03948 -6.27803e+04 | 36 -0.05130 -5.66547e+04
 37  0.04716 -7.79866e+04 | 38  0.00833 -6.11368e+04 | 39 -0.03759 -5.14877e+04
 40  0.00552 -7.46975e+04 | 41 -0.01247 -6.28335e+04 | 42  0.04251 -8.67049e+04
 43 -0.05010 -5.55872e+04 | 44 -0.01776 -7.25209e+04 | 45  0.00278 -7.09977e+04
 46  0.03010 -8.22401e+04 | 47 -0.01794 -6.41779e+04 | 48  0.01400 -8.12702e+04
 49  0.01668 -1.00488e+05 | 50  0.01925 -4.32545e+04 | 51 -0.02688  1.08366e+05
 52  0.04595  1.20013e+03 | 53  0.03936 -5.00049e+04 | 54 -0.03871 -2.98169e+04
 55  0.04154 -5.36663e+03 | 56  0.04293  6.97887e+02 | 57  0.04076 -1.07551e+04
 58 -0.02639 -2.03724e+04 | 59 -0.00322 -2.61180e+04 | 60  0.01129 -2.52306e+04
 61 -0.01789 -1.83194e+04 | 62  0.04741 -1.56250e+04 | 63  0.00299 -2.26067e+04
 64  0.02052 -2.00921e+04 | 65  0.00263 -7.45661e+03 | 66  0.04848  1.85963e+04
 67 -0.02926  1.69780e+04 | 68 -0.02935  3.51653e+04 | 69  0.02470  7.94777e+04
 70 -0.03995  6.64516e+04 | 71  0.02645  1.26804e+05 | 72 -0.00925  1.18144e+05
 73 -0.04899  2.19117e+04 | 74  0.02879  1.83463e+02 | 75  0.01268  1.79238e+02
Function minimizer not making progress ... is minimum attained?
Minimprove criterion = 0.0000e+00

 - final statistics:
75 variables; iteration 2; function evaluation 37
Function value nan; maximum gradient component mag -4.7118e+06
Exit code = 1;  converg criter 1.0000e+01
Var    Value     Gradient |Var    Value     Gradient |Var    Value     Gradient
  1 -0.24066 -4.71181e+06 |  2 -0.04296 -8.11776e+04 |  3  0.02131 -1.55908e+05
  4  0.03157 -1.73841e+05 |  5 -0.05208 -1.02728e+05 |  6 -0.04474 -9.70141e+04
  7  0.00895 -1.14145e+05 |  8 -0.01375 -7.46894e+04 |  9  0.00940 -7.92352e+04
 10 -0.00497 -6.26940e+04 | 11  0.02840 -7.86135e+04 | 12  0.04379 -7.37457e+04
 13  0.03547 -6.83661e+04 | 14 -0.00472 -5.21373e+04 | 15  0.03474 -6.24834e+04
 16  0.03624 -7.34822e+04 | 17 -0.03031 -3.95863e+04 | 18 -0.00232 -3.91023e+04
 19  0.05195  5.71127e+04 | 20  0.02030  8.34476e+04 | 21 -0.01307  4.10339e+04
 22 -0.04978  3.93945e+04 | 23 -0.02716  3.97598e+04 | 24 -0.02195  3.73383e+04
 25  0.01392  4.63134e+04 | 26 -0.00026  2.95947e+04 | 27 -0.04890  1.15570e+04
 28  0.04808  3.92305e+04 | 29  0.02463  2.07427e+04 | 30 -0.02457 -5.23324e+03
 31 -0.04517 -1.42623e+04 | 32  0.02384 -5.98929e+03 | 33  0.00990 -2.44815e+04
 34  0.01652 -7.72015e+04 | 35 -0.03948 -6.27803e+04 | 36 -0.05130 -5.66547e+04
 37  0.04716 -7.79866e+04 | 38  0.00833 -6.11368e+04 | 39 -0.03759 -5.14877e+04
 40  0.00552 -7.46975e+04 | 41 -0.01247 -6.28335e+04 | 42  0.04251 -8.67049e+04
 43 -0.05010 -5.55872e+04 | 44 -0.01776 -7.25209e+04 | 45  0.00278 -7.09977e+04
 46  0.03010 -8.22401e+04 | 47 -0.01794 -6.41779e+04 | 48  0.01400 -8.12702e+04
 49  0.01668 -1.00488e+05 | 50  0.01925 -4.32545e+04 | 51 -0.02688  1.08366e+05
 52  0.04595  1.20013e+03 | 53  0.03936 -5.00049e+04 | 54 -0.03871 -2.98169e+04
 55  0.04154 -5.36663e+03 | 56  0.04293  6.97887e+02 | 57  0.04076 -1.07551e+04
 58 -0.02639 -2.03724e+04 | 59 -0.00322 -2.61180e+04 | 60  0.01129 -2.52306e+04
 61 -0.01789 -1.83194e+04 | 62  0.04741 -1.56250e+04 | 63  0.00299 -2.26067e+04
 64  0.02052 -2.00921e+04 | 65  0.00263 -7.45661e+03 | 66  0.04848  1.85963e+04
 67 -0.02926  1.69780e+04 | 68 -0.02935  3.51653e+04 | 69  0.02470  7.94777e+04
 70 -0.03995  6.64516e+04 | 71  0.02645  1.26804e+05 | 72 -0.00925  1.18144e+05
 73 -0.04899  2.19117e+04 | 74  0.02879  1.83463e+02 | 75  0.01268  1.79238e+02

Initial statistics: 75 variables; iteration 0; function evaluation 0; phase 2
Function value nan; maximum gradient component mag -4.7118e+06
Var    Value     Gradient |Var    Value     Gradient |Var    Value     Gradient
  1 -0.24066 -4.71181e+06 |  2 -0.04296 -8.11776e+04 |  3  0.02131 -1.55908e+05
  4  0.03157 -1.73841e+05 |  5 -0.05208 -1.02728e+05 |  6 -0.04474 -9.70141e+04
  7  0.00895 -1.14145e+05 |  8 -0.01375 -7.46894e+04 |  9  0.00940 -7.92352e+04
 10 -0.00497 -6.26940e+04 | 11  0.02840 -7.86135e+04 | 12  0.04379 -7.37457e+04
 13  0.03547 -6.83661e+04 | 14 -0.00472 -5.21373e+04 | 15  0.03474 -6.24834e+04
 16  0.03624 -7.34822e+04 | 17 -0.03031 -3.95863e+04 | 18 -0.00232 -3.91023e+04
 19  0.05195  5.71127e+04 | 20  0.02030  8.34476e+04 | 21 -0.01307  4.10339e+04
 22 -0.04978  3.93945e+04 | 23 -0.02716  3.97598e+04 | 24 -0.02195  3.73383e+04
 25  0.01392  4.63134e+04 | 26 -0.00026  2.95947e+04 | 27 -0.04890  1.15570e+04
 28  0.04808  3.92305e+04 | 29  0.02463  2.07427e+04 | 30 -0.02457 -5.23324e+03
 31 -0.04517 -1.42623e+04 | 32  0.02384 -5.98929e+03 | 33  0.00990 -2.44815e+04
 34  0.01652 -7.72015e+04 | 35 -0.03948 -6.27803e+04 | 36 -0.05130 -5.66547e+04
 37  0.04716 -7.79866e+04 | 38  0.00833 -6.11368e+04 | 39 -0.03759 -5.14877e+04
 40  0.00552 -7.46975e+04 | 41 -0.01247 -6.28335e+04 | 42  0.04251 -8.67049e+04
 43 -0.05010 -5.55872e+04 | 44 -0.01776 -7.25209e+04 | 45  0.00278 -7.09977e+04
 46  0.03010 -8.22401e+04 | 47 -0.01794 -6.41779e+04 | 48  0.01400 -8.12702e+04
 49  0.01668 -1.00488e+05 | 50  0.01925 -4.32545e+04 | 51 -0.02688  1.08366e+05
 52  0.04595  1.20013e+03 | 53  0.03936 -5.00049e+04 | 54 -0.03871 -2.98169e+04
 55  0.04154 -5.36663e+03 | 56  0.04293  6.97887e+02 | 57  0.04076 -1.07551e+04
 58 -0.02639 -2.03724e+04 | 59 -0.00322 -2.61180e+04 | 60  0.01129 -2.52306e+04
 61 -0.01789 -1.83194e+04 | 62  0.04741 -1.56250e+04 | 63  0.00299 -2.26067e+04
 64  0.02052 -2.00921e+04 | 65  0.00263 -7.45661e+03 | 66  0.04848  1.85963e+04
 67 -0.02926  1.69780e+04 | 68 -0.02935  3.51653e+04 | 69  0.02470  7.94777e+04
 70 -0.03995  6.64516e+04 | 71  0.02645  1.26804e+05 | 72 -0.00925  1.18144e+05
 73 -0.04899  2.19117e+04 | 74  0.02879  1.83463e+02 | 75  0.01268  1.79238e+02
  ic > imax  in fminim is answer attained ?
Var    Value     Gradient |Var    Value     Gradient |Var    Value     Gradient
  1 -0.23601 -4.33656e+06 |  2 -0.04288 -7.78651e+04 |  3  0.02147 -1.55456e+05
  4  0.03174 -1.76941e+05 |  5 -0.05198 -1.06495e+05 |  6 -0.04465 -1.01300e+05
  7  0.00906 -1.19305e+05 |  8 -0.01367 -7.86745e+04 |  9  0.00948 -8.35376e+04
 10 -0.00491 -6.62140e+04 | 11  0.02848 -8.28304e+04 | 12  0.04386 -7.77622e+04
 13  0.03554 -7.21755e+04 | 14 -0.00467 -5.51431e+04 | 15  0.03480 -6.60700e+04
 16  0.03631 -7.75785e+04 | 17 -0.03027 -4.19946e+04 | 18 -0.00228 -4.15967e+04
 19  0.05189  5.74583e+04 | 20  0.02022  8.57455e+04 | 21 -0.01311  4.33234e+04
 22 -0.04982  4.37085e+04 | 23 -0.02720  4.47825e+04 | 24 -0.02199  4.20267e+04
 25  0.01387  5.16267e+04 | 26 -0.00029  3.46623e+04 | 27 -0.04891  1.52164e+04
 28  0.04804  4.48689e+04 | 29  0.02461  2.56544e+04 | 30 -0.02457 -1.16186e+03
 31 -0.04515 -1.07294e+04 | 32  0.02384 -1.17199e+03 | 33  0.00993 -2.13691e+04
 34  0.01659 -7.70603e+04 | 35 -0.03942 -6.27585e+04 | 36 -0.05125 -5.59690e+04
 37  0.04724 -7.93828e+04 | 38  0.00839 -6.26704e+04 | 39 -0.03754 -5.27183e+04
 40  0.00559 -7.53231e+04 | 41 -0.01241 -6.26167e+04 | 42  0.04260 -8.58327e+04
 43 -0.05004 -5.53797e+04 | 44 -0.01769 -7.24358e+04 | 45  0.00285 -7.05668e+04
 46  0.03018 -8.29547e+04 | 47 -0.01787 -6.45340e+04 | 48  0.01408 -8.06973e+04
 49  0.01678 -9.93604e+04 | 50  0.01929 -3.82479e+04 | 51 -0.02699  1.14937e+05
 52  0.04595  5.30471e+03 | 53  0.03941 -4.75012e+04 | 54 -0.03868 -2.77635e+04
 55  0.04154 -1.93329e+03 | 56  0.04293  4.16568e+03 | 57  0.04077 -7.04021e+03
 58 -0.02637 -1.74404e+04 | 59 -0.00319 -2.29062e+04 | 60  0.01132 -2.19433e+04
 61 -0.01787 -1.54777e+04 | 62  0.04743 -1.18727e+04 | 63  0.00302 -1.99613e+04
 64  0.02054 -1.68217e+04 | 65  0.00263 -4.66162e+03 | 66  0.04846  2.24057e+04
 67 -0.02928  2.00584e+04 | 68 -0.02938  3.84499e+04 | 69  0.02462  8.35677e+04
 70 -0.04002  6.93540e+04 | 71  0.02632  1.30747e+05 | 72 -0.00937  1.21447e+05
 73 -0.04902  2.25986e+04 | 74  0.02879  1.85053e+02 | 75  0.01268  1.80811e+02
Function minimizer not making progress ... is minimum attained?
Minimprove criterion = 0.0000e+00

 - final statistics:
75 variables; iteration 2; function evaluation 37
Function value nan; maximum gradient component mag -4.3366e+06
Exit code = 1;  converg criter 1.0000e+01
Var    Value     Gradient |Var    Value     Gradient |Var    Value     Gradient
  1 -0.23601 -4.33656e+06 |  2 -0.04288 -7.78651e+04 |  3  0.02147 -1.55456e+05
  4  0.03174 -1.76941e+05 |  5 -0.05198 -1.06495e+05 |  6 -0.04465 -1.01300e+05
  7  0.00906 -1.19305e+05 |  8 -0.01367 -7.86745e+04 |  9  0.00948 -8.35376e+04
 10 -0.00491 -6.62140e+04 | 11  0.02848 -8.28304e+04 | 12  0.04386 -7.77622e+04
 13  0.03554 -7.21755e+04 | 14 -0.00467 -5.51431e+04 | 15  0.03480 -6.60700e+04
 16  0.03631 -7.75785e+04 | 17 -0.03027 -4.19946e+04 | 18 -0.00228 -4.15967e+04
 19  0.05189  5.74583e+04 | 20  0.02022  8.57455e+04 | 21 -0.01311  4.33234e+04
 22 -0.04982  4.37085e+04 | 23 -0.02720  4.47825e+04 | 24 -0.02199  4.20267e+04
 25  0.01387  5.16267e+04 | 26 -0.00029  3.46623e+04 | 27 -0.04891  1.52164e+04
 28  0.04804  4.48689e+04 | 29  0.02461  2.56544e+04 | 30 -0.02457 -1.16186e+03
 31 -0.04515 -1.07294e+04 | 32  0.02384 -1.17199e+03 | 33  0.00993 -2.13691e+04
 34  0.01659 -7.70603e+04 | 35 -0.03942 -6.27585e+04 | 36 -0.05125 -5.59690e+04
 37  0.04724 -7.93828e+04 | 38  0.00839 -6.26704e+04 | 39 -0.03754 -5.27183e+04
 40  0.00559 -7.53231e+04 | 41 -0.01241 -6.26167e+04 | 42  0.04260 -8.58327e+04
 43 -0.05004 -5.53797e+04 | 44 -0.01769 -7.24358e+04 | 45  0.00285 -7.05668e+04
 46  0.03018 -8.29547e+04 | 47 -0.01787 -6.45340e+04 | 48  0.01408 -8.06973e+04
 49  0.01678 -9.93604e+04 | 50  0.01929 -3.82479e+04 | 51 -0.02699  1.14937e+05
 52  0.04595  5.30471e+03 | 53  0.03941 -4.75012e+04 | 54 -0.03868 -2.77635e+04
 55  0.04154 -1.93329e+03 | 56  0.04293  4.16568e+03 | 57  0.04077 -7.04021e+03
 58 -0.02637 -1.74404e+04 | 59 -0.00319 -2.29062e+04 | 60  0.01132 -2.19433e+04
 61 -0.01787 -1.54777e+04 | 62  0.04743 -1.18727e+04 | 63  0.00302 -1.99613e+04
 64  0.02054 -1.68217e+04 | 65  0.00263 -4.66162e+03 | 66  0.04846  2.24057e+04
 67 -0.02928  2.00584e+04 | 68 -0.02938  3.84499e+04 | 69  0.02462  8.35677e+04
 70 -0.04002  6.93540e+04 | 71  0.02632  1.30747e+05 | 72 -0.00937  1.21447e+05
 73 -0.04902  2.25986e+04 | 74  0.02879  1.85053e+02 | 75  0.01268  1.80811e+02

Initial statistics: 92 variables; iteration 0; function evaluation 0; phase 3
Function value 5.3507283e+06; maximum gradient component mag -4.3366e+06
Var    Value     Gradient |Var    Value     Gradient |Var    Value     Gradient
  1 -0.23601 -4.33656e+06 |  2 -0.00845 -3.63678e+04 |  3 -0.04288 -7.78651e+04
  4  0.02147 -1.55456e+05 |  5  0.03174 -1.76941e+05 |  6 -0.05198 -1.06495e+05
  7 -0.04465 -1.01300e+05 |  8  0.00906 -1.19305e+05 |  9 -0.01367 -7.86745e+04
 10  0.00948 -8.35376e+04 | 11 -0.00491 -6.62140e+04 | 12  0.02848 -8.28304e+04
 13  0.04386 -7.77622e+04 | 14  0.03554 -7.21755e+04 | 15 -0.00467 -5.51431e+04
 16  0.03480 -6.60700e+04 | 17  0.03631 -7.75785e+04 | 18 -0.03027 -4.19946e+04
 19 -0.00228 -4.15967e+04 | 20  0.05189  5.74583e+04 | 21  0.02022  8.57455e+04
 22 -0.01311  4.33234e+04 | 23 -0.04982  4.37085e+04 | 24 -0.02720  4.47825e+04
 25 -0.02199  4.20267e+04 | 26  0.01387  5.16267e+04 | 27 -0.00029  3.46623e+04
 28 -0.04891  1.52164e+04 | 29  0.04804  4.48689e+04 | 30  0.02461  2.56544e+04
 31 -0.02457 -1.16186e+03 | 32 -0.04515 -1.07294e+04 | 33  0.02384 -1.17199e+03
 34  0.00993 -2.13691e+04 | 35  0.01659 -7.70603e+04 | 36 -0.03942 -6.27585e+04
 37 -0.05125 -5.59690e+04 | 38  0.04724 -7.93828e+04 | 39  0.00839 -6.26704e+04
 40 -0.03754 -5.27183e+04 | 41  0.00559 -7.53231e+04 | 42 -0.01241 -6.26167e+04
 43  0.04260 -8.58327e+04 | 44 -0.05004 -5.53797e+04 | 45 -0.01769 -7.24358e+04
 46  0.00285 -7.05668e+04 | 47  0.03018 -8.29547e+04 | 48 -0.01787 -6.45340e+04
 49  0.01408 -8.06973e+04 | 50  0.01678 -9.93604e+04 | 51  0.01929 -3.82479e+04
 52 -0.02699  1.14937e+05 | 53  0.04595  5.30471e+03 | 54  0.03941 -4.75012e+04
 55 -0.03868 -2.77635e+04 | 56  0.04154 -1.93329e+03 | 57  0.04293  4.16568e+03
 58  0.04077 -7.04021e+03 | 59 -0.02637 -1.74404e+04 | 60 -0.00319 -2.29062e+04
 61  0.01132 -2.19433e+04 | 62 -0.01787 -1.54777e+04 | 63  0.04743 -1.18727e+04
 64  0.00302 -1.99613e+04 | 65  0.02054 -1.68217e+04 | 66  0.00263 -4.66162e+03
 67  0.04846  2.24057e+04 | 68 -0.02928  2.00584e+04 | 69 -0.02938  3.84499e+04
 70  0.02462  8.35677e+04 | 71 -0.04002  6.93540e+04 | 72  0.02632  1.30747e+05
 73 -0.00937  1.21447e+05 | 74 -0.04902  2.25986e+04 | 75  0.02879  1.85053e+02
 76  0.01268  1.80811e+02 | 77 -0.28703  1.51536e+06 | 78 -0.99265 -2.47336e-01
 79 -0.06145 -1.22854e+06 | 80  0.29284 -1.78774e+01 | 81 -0.12667  1.46138e+05
 82 -0.34004  1.62750e+00 | 83  0.06992 -1.97768e+05 | 84  0.30436  7.90589e+01
 85 -0.25016 -5.64166e+05 | 86 -0.22700  6.82305e+03 | 87  0.09484  5.31548e+05
 88  0.89612  3.44412e+04 | 89 -0.81294 -2.22639e+02 | 90 -0.00008 -3.65942e-07
 91  0.03425 -2.94157e-02 | 92  0.89612  1.90685e-02 |

Intermediate statistics: 92 variables; iteration 20; function evaluation 36; phase 3
Function value -7.9518484e+01; maximum gradient component mag 4.6232e+01
Var    Value     Gradient |Var    Value     Gradient |Var    Value     Gradient
  1  0.20047 -1.13864e+01 |  2 -0.00066 -3.65418e-01 |  3 -0.00767 -2.11198e+00
  4 -0.00826  1.63927e+00 |  5 -0.00627  2.09481e+00 |  6 -0.02257 -1.91978e+00
  7 -0.02110 -1.59665e+00 |  8 -0.01059  9.25452e-01 |  9 -0.01485 -1.57571e-01
 10 -0.01022  9.12730e-01 | 11 -0.01284  2.16423e-01 | 12 -0.00595  1.81149e+00
 13 -0.00239  2.58502e+00 | 14 -0.00371  2.16695e+00 | 15 -0.01143  1.96195e-01
 16 -0.00214  2.19666e+00 | 17 -0.00040  2.32516e+00 | 18 -0.01308 -1.05079e+00
 19 -0.00446  4.36676e-01 | 20  0.01222  3.58429e+00 | 21  0.00743  1.85511e+00
 22  0.00207  7.00706e-03 | 23 -0.00441 -2.01870e+00 | 24  0.00521 -6.56287e-01
 25  0.01026 -1.28609e-01 | 26  0.02555  2.58980e+00 | 27  0.02380  2.47389e+00
 28  0.01058  5.19890e-01 | 29  0.04860  8.72719e+00 | 30  0.03899  8.17126e+00
 31  0.01781  4.93748e+00 | 32  0.00117  1.91393e+00 | 33  0.00058  1.88004e+00
 34 -0.02328 -2.77417e+00 | 35 -0.02769 -1.72419e+00 | 36 -0.03860  1.93894e-01
 37  0.08482  3.05533e+01 | 38 -0.10908 -1.83652e+01 | 39 -0.05929 -2.27922e+00
 40 -0.03328 -3.35295e-01 | 41 -0.02808 -3.55645e-01 | 42 -0.03000 -1.76948e+00
 43 -0.02785 -1.97292e+00 | 44 -0.03656 -3.78976e+00 | 45 -0.04059 -3.23417e+00
 46 -0.03778 -1.74888e+00 | 47 -0.00711  2.13420e+00 | 48  0.03824  3.07461e+00
 49  0.01410 -6.44725e+00 | 50 -0.03666 -2.06770e+01 | 51 -0.01700 -2.37287e+01
 52 -0.06099 -2.13990e+01 | 53 -0.03060 -1.42107e+01 | 54 -0.00528  1.67528e+00
 55  0.00396  2.11087e+01 | 56  0.03344  3.43198e+01 | 57  0.03104  2.76614e+01
 58  0.00234  1.68652e+01 | 59 -0.01942  1.94934e+01 | 60  0.01292  3.43409e+01
 61  0.04019  3.27423e+01 | 62 -0.02308  6.48964e+00 | 63 -0.04737 -1.26121e+01
 64 -0.02011 -2.64663e+01 | 65 -0.04664 -2.72075e+01 | 66 -0.06374 -1.68903e+01
 67 -0.01274  6.21845e+00 | 68  0.05411  1.98652e+01 | 69 -0.00992  1.19514e+01
 70 -0.10481 -1.01903e+01 | 71 -0.09881 -1.23457e+01 | 72 -0.06050 -7.30447e+00
 73 -0.01713  1.69086e-01 | 74 -0.02225 -1.32093e+00 | 75 -0.00748  2.31038e+00
 76 -0.01061  1.53398e+00 | 77 -0.33991 -1.80686e+01 | 78 -0.97816 -9.05046e-02
 79  0.00092  4.62324e+01 | 80  0.17554  1.35635e+00 | 81 -0.23727  2.57912e+01
 82 -0.33649  1.62331e-01 | 83 -0.01643 -1.18234e+01 | 84  0.43792  5.58950e+00
 85  0.43648 -3.58242e+00 | 86  0.09697  4.86459e-04 | 87  0.41282  3.79973e+00
 88  1.20445 -9.44334e-03 | 89 -0.81206 -1.03275e-02 | 90 -0.00008  1.68815e-05
 91  0.03423  1.69106e-04 | 92  0.89440  1.87539e-02 |
92 variables; iteration 40; function evaluation 60; phase 3
Function value -8.8389948e+01; maximum gradient component mag -1.7356e+02
Var    Value     Gradient |Var    Value     Gradient |Var    Value     Gradient
  1  0.19817 -3.41926e+00 |  2 -0.00193 -6.02667e-01 |  3 -0.00404 -1.14129e+00
  4 -0.01374  3.81511e-01 |  5 -0.01288  5.67982e-01 |  6 -0.01854 -8.46217e-01
  7 -0.01773 -6.81602e-01 |  8 -0.01383  2.34727e-01 |  9 -0.01512 -1.23377e-01
 10 -0.01337  2.58213e-01 | 11 -0.01408  3.42153e-02 | 12 -0.01216  4.44381e-01
 13 -0.01142  5.60281e-01 | 14 -0.01151  4.57626e-01 | 15 -0.01262  8.86787e-02
 16 -0.01112  2.94309e-01 | 17 -0.01097  1.34828e-01 | 18 -0.00906  2.18799e-01
 19 -0.00737  1.61739e-01 | 20 -0.00900 -6.92054e-01 | 21 -0.00364 -6.98282e-02
 22  0.00188  4.82922e-01 | 23  0.00800  1.12179e+00 | 24  0.00703  3.98554e-01
 25  0.00717  1.13594e-01 | 26  0.00518 -2.68660e-01 | 27  0.00229 -5.33154e-01
 28 -0.00169 -7.68834e-01 | 29 -0.00973 -1.83794e+00 | 30 -0.01211 -1.49172e+00
 31 -0.00384  1.51918e+00 | 32  0.00020  3.36104e+00 | 33 -0.00441  2.13437e+00
 34 -0.01578 -3.25837e-01 | 35 -0.01723  5.33646e-01 | 36 -0.06724 -9.42940e+00
 37  0.00521  4.69493e+00 | 38 -0.01023 -1.98774e+00 | 39 -0.05513 -2.55370e+00
 40 -0.04083 -8.02331e-01 | 41 -0.03659 -1.04800e+00 | 42 -0.03253 -1.07703e+00
 43 -0.02365  3.04009e-01 | 44 -0.02304  7.33186e-01 | 45 -0.03021  5.90022e-01
 46 -0.04082 -1.97238e+00 | 47 -0.01126 -1.31235e+00 | 48 -0.00221 -7.66530e+00
 49 -0.00355 -6.11415e+00 | 50 -0.02288 -1.01952e+00 | 51 -0.02186 -2.98082e+00
 52 -0.06973 -7.91340e+00 | 53 -0.02420 -1.27332e+01 | 54 -0.03568 -2.01556e+01
 55 -0.02960 -1.77009e+01 | 56 -0.00094 -7.22934e+00 | 57  0.01114  1.08658e+01
 58  0.02184  2.37880e+01 | 59 -0.04391  8.24814e+00 | 60 -0.01212  1.03483e+01
 61  0.01564  1.81326e+00 | 62 -0.05178 -5.11785e+00 | 63 -0.03734 -4.21917e-01
 64 -0.02966 -5.34765e+00 | 65 -0.04006 -1.38633e+00 | 66 -0.04717  2.50128e+00
 67 -0.04098  5.91272e-01 | 68  0.02625 -2.38709e+00 | 69 -0.03031  5.95582e+00
 70 -0.08024  1.05984e+01 | 71 -0.08760  1.61452e+00 | 72 -0.04619  3.49062e-01
 73 -0.01618  6.51110e-01 | 74 -0.02231 -1.14733e+00 | 75 -0.01616  3.65817e-01
 76 -0.01740  6.13280e-02 | 77 -0.33680 -1.73559e+02 | 78 -0.84387 -1.31306e-02
 79 -0.05436  8.44429e+00 | 80  0.05405 -4.34382e+00 | 81 -0.22785  7.02686e+00
 82 -0.27715 -2.50254e-02 | 83 -0.01321 -8.08350e-01 | 84  0.38857 -2.12920e-01
 85  0.44202 -3.61437e+00 | 86  0.19172  9.58052e-04 | 87  0.22754  6.30431e+00
 88  1.62065 -2.13121e-03 | 89 -0.79216 -9.26778e-03 | 90 -0.00013  2.62115e-05
 91  0.03388  1.67356e-04 | 92  0.85819  1.38655e-02 |
92 variables; iteration 60; function evaluation 91; phase 3
Function value -8.9842449e+01; maximum gradient component mag 6.4879e+01
Var    Value     Gradient |Var    Value     Gradient |Var    Value     Gradient
  1  0.18182 -3.38945e+00 |  2 -0.00106 -3.56735e-01 |  3 -0.00084 -3.22346e-01
  4 -0.01646 -2.55198e-01 |  5 -0.01622 -2.21215e-01 |  6 -0.01525 -1.43369e-02
  7 -0.01463  9.81926e-02 |  8 -0.01461  5.77958e-02 |  9 -0.01409  1.34100e-01
 10 -0.01439  5.42018e-03 | 11 -0.01439 -5.52179e-02 | 12 -0.01617 -5.46794e-01
 13 -0.01760 -9.59084e-01 | 14 -0.01773 -1.07523e+00 | 15 -0.01527 -5.93113e-01
 16 -0.01799 -1.39774e+00 | 17 -0.01758 -1.48665e+00 | 18 -0.01119 -3.34274e-01
 19 -0.01088 -6.86617e-01 | 20 -0.00734 -3.34584e-01 | 21 -0.00386 -9.77757e-02
 22 -0.00287 -4.67209e-01 | 23 -0.00295 -1.03292e+00 | 24  0.00426  5.55862e-02
 25  0.00508  1.88156e-02 | 26  0.00777  7.01850e-01 | 27  0.00505  5.80877e-01
 28  0.00042  2.66510e-01 | 29 -0.00415 -1.13971e-01 | 30 -0.00478  4.25024e-01
 31 -0.00863  2.37828e-01 | 32 -0.01173 -1.13219e-01 | 33 -0.01431 -8.38475e-01
 34 -0.01097  1.03382e+00 | 35 -0.03158 -1.40016e+00 | 36 -0.04292 -9.39019e-01
 37 -0.01544 -1.55392e+00 | 38  0.01073  3.23617e+00 | 39 -0.04235  1.74845e+00
 40 -0.03999  2.34313e-01 | 41 -0.03557  1.56752e-01 | 42 -0.03074  4.21259e-01
 43 -0.03028 -3.08797e-01 | 44 -0.02898  4.87410e-01 | 45 -0.03744  1.93733e-01
 46 -0.03881  6.83519e-01 | 47 -0.01554  1.55739e+00 | 48  0.01818  4.39866e+00
 49  0.00777  6.24921e+00 | 50 -0.02137  5.11829e+00 | 51 -0.01551  4.26387e+00
 52 -0.06155  9.95610e-01 | 53 -0.01509  4.78507e+00 | 54 -0.01699  2.40174e+00
 55 -0.00751  2.50687e+00 | 56  0.00432 -2.07026e+00 | 57  0.01149 -2.09139e+00
 58  0.00470 -3.29808e+00 | 59 -0.02955 -2.24258e+00 | 60 -0.02519 -7.19513e+00
 61  0.01945 -9.00550e+00 | 62 -0.03732 -4.17447e+00 | 63 -0.04300 -2.62141e+00
 64 -0.01456 -7.54120e-01 | 65 -0.03282  2.80015e-01 | 66 -0.04964 -6.49880e-01
 67 -0.04250 -1.01998e+00 | 68  0.04378 -9.56771e-01 | 69 -0.03928 -2.27666e+00
 70 -0.09343 -1.37403e+00 | 71 -0.07838  4.13891e-01 | 72 -0.04386 -5.96080e-01
 73 -0.01641  4.66408e-01 | 74 -0.01731  6.21350e-02 | 75 -0.01650  2.51290e-01
 76 -0.01670  2.02227e-01 | 77 -0.33691  6.48793e+01 | 78 -0.73633 -6.28590e-03
 79 -0.06062  5.22979e+00 | 80  0.06130  1.77760e+00 | 81 -0.24647  1.07917e+01
 82 -0.23764  4.86768e-01 | 83 -0.03240 -7.21995e-01 | 84  0.42821  2.06230e+00
 85  0.59319 -1.83419e+00 | 86  0.22164  1.13105e-03 | 87  0.24002  2.04005e+00
 88  1.62731 -2.08358e-03 | 89 -0.80853 -1.01207e-02 | 90 -0.00038  5.41755e-05
 91  0.03267  1.61350e-04 | 92  0.76962  8.30237e-03 |
92 variables; iteration 80; function evaluation 127; phase 3
Function value -9.0409064e+01; maximum gradient component mag -5.1657e+01
Var    Value     Gradient |Var    Value     Gradient |Var    Value     Gradient
  1  0.13752 -8.49557e+00 |  2  0.00050 -5.36006e-02 |  3 -0.00063 -3.62783e-01
  4 -0.01676 -4.22571e-01 |  5 -0.01671 -4.46745e-01 |  6 -0.01774 -7.38898e-01
  7 -0.01757 -7.44532e-01 |  8 -0.01595 -4.02425e-01 |  9 -0.01615 -5.08109e-01
 10 -0.01507 -3.08096e-01 | 11 -0.01512 -3.85296e-01 | 12 -0.01317  1.79434e-02
 13 -0.01217  1.81793e-01 | 14 -0.01216  9.03701e-02 | 15 -0.01209 -9.52741e-03
 16 -0.01078  1.37268e-01 | 17 -0.00932  2.79072e-01 | 18 -0.00871  5.97231e-02
 19 -0.00826 -2.73562e-01 | 20 -0.00276  4.95111e-01 | 21 -0.00317 -1.46387e-01
 22  0.00084  1.08545e-01 | 23  0.00300 -2.62829e-02 | 24  0.00936  8.25041e-01
 25  0.00261 -7.27130e-01 | 26  0.00653  2.20994e-01 | 27 -0.00066 -7.85460e-01
 28 -0.00387 -7.79948e-01 | 29 -0.00229  2.00958e-01 | 30 -0.00257  8.63950e-01
 31 -0.00991 -5.31335e-02 | 32 -0.01063  2.99978e-01 | 33 -0.01093  3.69605e-01
 34 -0.01966 -4.19073e-01 | 35 -0.02749 -2.08638e-01 | 36 -0.03595 -2.36440e-01
 37 -0.02041 -8.49126e-01 | 38 -0.00807 -4.65312e-01 | 39 -0.04967 -1.17216e-01
 40 -0.04361 -3.33322e-01 | 41 -0.03104  1.45577e+00 | 42 -0.03275 -2.75214e-01
 43 -0.02717  1.97491e-01 | 44 -0.02948 -1.59011e-01 | 45 -0.03748 -3.82044e-01
 46 -0.04562 -1.75844e+00 | 47 -0.01667 -4.49146e-01 | 48  0.01673 -2.02300e+00
 49  0.00895 -3.61906e+00 | 50 -0.02609 -2.91479e+00 | 51 -0.01802 -1.62569e+00
 52 -0.05721  9.05886e-01 | 53 -0.02326  1.02432e-01 | 54 -0.01610 -4.66983e-01
 55 -0.01415 -1.08522e+00 | 56  0.00926 -8.79546e-01 | 57  0.00731 -1.04299e+00
 58  0.01010 -1.66757e-01 | 59 -0.03596  2.64425e-02 | 60 -0.01879  3.41084e+00
 61  0.02351  4.31954e+00 | 62 -0.03376  3.06632e+00 | 63 -0.04421  2.45056e+00
 64 -0.01458  2.45633e+00 | 65 -0.03392 -6.16091e-01 | 66 -0.05101 -2.14159e+00
 67 -0.04398 -5.22813e-01 | 68  0.03659  1.64817e+00 | 69 -0.03006  2.43850e+00
 70 -0.09257  1.13752e+00 | 71 -0.08443  6.24774e-01 | 72 -0.04327  1.23118e+00
 73 -0.01897 -4.56567e-02 | 74 -0.01848 -3.30593e-02 | 75 -0.01958 -3.16976e-01
 76 -0.01938 -2.68705e-01 | 77 -0.33815 -5.16565e+01 | 78 -0.54077 -1.78001e-02
 79 -0.06209 -6.82365e-01 | 80  0.09597 -2.10881e+00 | 81 -0.31164  3.57850e+00
 82 -0.33831  1.65178e-01 | 83 -0.09238  3.20346e+00 | 84  0.56737  1.38487e+00
 85  0.97282 -3.55888e-02 | 86  0.16640  8.37196e-04 | 87  0.25363  2.38820e+00
 88  1.95495 -2.22711e-04 | 89 -0.41199  5.74017e-03 | 90 -0.00198  8.90823e-05
 91  0.02944 -3.25151e-03 | 92  0.49153  3.06464e-03 |
92 variables; iteration 100; function evaluation 158; phase 3
Function value -9.0579984e+01; maximum gradient component mag 3.4364e+01
Var    Value     Gradient |Var    Value     Gradient |Var    Value     Gradient
  1  0.15805 -4.90704e+00 |  2  0.00008 -1.17992e-01 |  3  0.00013 -1.31499e-01
  4 -0.01479  1.06209e-01 |  5 -0.01447  1.54614e-01 |  6 -0.01555 -1.43590e-01
  7 -0.01498 -4.40495e-02 |  8 -0.01464 -6.28095e-03 |  9 -0.01422  4.42403e-02
 10 -0.01403  3.45218e-02 | 11 -0.01494 -2.44325e-01 | 12 -0.01388 -4.96740e-02
 13 -0.01468 -3.11931e-01 | 14 -0.01319 -4.00010e-02 | 15 -0.01254  5.94516e-03
 16 -0.01285 -2.21459e-01 | 17 -0.01139 -6.51900e-02 | 18 -0.00978 -3.84814e-02
 19 -0.00786 -2.24086e-02 | 20 -0.00626 -1.12277e-01 | 21 -0.00210  2.76204e-01
 22  0.00011  1.64379e-01 | 23  0.00233  7.06217e-02 | 24  0.00352 -1.03048e-01
 25  0.00578  1.52061e-01 | 26  0.00427 -2.63542e-02 | 27  0.00253  1.93316e-02
 28 -0.00166 -2.51016e-01 | 29 -0.00326 -4.32290e-02 | 30 -0.00611 -4.65112e-02
 31 -0.00889  3.62822e-03 | 32 -0.01148 -9.16852e-02 | 33 -0.01251 -9.44111e-02
 34 -0.01804  1.32687e-01 | 35 -0.02701  1.15186e-01 | 36 -0.03344 -3.79404e-02
 37 -0.01397 -4.10346e-01 | 38 -0.00430  1.34581e-01 | 39 -0.04742  6.44545e-02
 40 -0.04162 -8.56067e-02 | 41 -0.03644 -3.14141e-01 | 42 -0.03096  1.89020e-02
 43 -0.02822 -2.09888e-01 | 44 -0.02877 -6.59996e-03 | 45 -0.03615  2.11618e-02
 46 -0.03858  3.47500e-01 | 47 -0.01858 -1.05081e-01 | 48  0.01494 -2.99864e-02
 49  0.01043  5.55721e-02 | 50 -0.02344  1.26560e-01 | 51 -0.01737  1.33050e-01
 52 -0.05854  2.29244e-02 | 53 -0.02320 -1.14655e-01 | 54 -0.01541 -1.52948e-01
 55 -0.01125  3.64728e-02 | 56  0.00977  1.89225e-01 | 57  0.00970  3.55400e-01
 58  0.00862  2.13164e-01 | 59 -0.03224  8.88106e-02 | 60 -0.02276 -6.18192e-01
 61  0.02222 -7.21135e-01 | 62 -0.03451 -3.13987e-01 | 63 -0.04476 -3.41966e-01
 64 -0.01740 -1.63253e-01 | 65 -0.03098  2.84781e-01 | 66 -0.04531  5.46350e-01
 67 -0.04135  2.02838e-01 | 68  0.03683  6.89599e-02 | 69 -0.03180  5.15095e-02
 70 -0.09091  2.92856e-01 | 71 -0.08337  1.24194e-01 | 72 -0.04596  1.02424e-01
 73 -0.01641  4.32392e-01 | 74 -0.01806 -4.87424e-02 | 75 -0.01875 -2.28308e-01
 76 -0.01866 -2.06156e-01 | 77 -0.33859  3.43635e+01 | 78 -0.46684  2.35421e-02
 79 -0.06112 -1.07528e+00 | 80  0.10783  1.11804e+00 | 81 -0.32552  4.03991e+00
 82 -0.36933  7.91857e-02 | 83 -0.11511 -1.25940e+00 | 84  0.59759  1.26048e+00
 85  0.81669 -6.56541e-01 | 86  0.18519  9.36742e-04 | 87  0.25211  9.95971e-01
 88  2.06699  3.31817e-04 | 89 -0.49653 -2.15297e-04 | 90 -0.00292  3.10337e-05
 91  0.05242 -1.79098e-04 | 92  0.47769  2.93182e-03 |
92 variables; iteration 120; function evaluation 189; phase 3
Function value -9.0636711e+01; maximum gradient component mag 1.7647e+01
Var    Value     Gradient |Var    Value     Gradient |Var    Value     Gradient
  1  0.16215 -5.31074e+00 |  2 -0.00005 -1.46693e-01 |  3 -0.00002 -1.65555e-01
  4 -0.01615 -2.25001e-01 |  5 -0.01525 -3.24115e-02 |  6 -0.01535 -9.00353e-02
  7 -0.01446  8.81969e-02 |  8 -0.01512 -1.16309e-01 |  9 -0.01529 -2.09092e-01
 10 -0.01512 -2.22148e-01 | 11 -0.01425 -6.83330e-02 | 12 -0.01393 -5.07862e-02
 13 -0.01386 -1.01234e-01 | 14 -0.01338 -7.03888e-02 | 15 -0.01298 -7.96376e-02
 16 -0.01244 -1.03538e-01 | 17 -0.01167 -1.06570e-01 | 18 -0.00997 -5.61147e-02
 19 -0.00816 -6.10061e-02 | 20 -0.00571  4.42806e-02 | 21 -0.00291  1.37346e-01
 22 -0.00045  8.78667e-02 | 23  0.00213  7.85327e-02 | 24  0.00394  3.99939e-02
 25  0.00511  8.04440e-02 | 26  0.00418  2.54714e-02 | 27  0.00211  9.74958e-03
 28 -0.00099 -2.28065e-02 | 29 -0.00329  3.82282e-02 | 30 -0.00616  2.66854e-02
 31 -0.00930 -3.21379e-02 | 32 -0.01106 -4.26289e-02 | 33 -0.01050  7.85432e-05
 34 -0.01390  5.66492e-02 | 35 -0.02150  8.44649e-02 | 36 -0.03366 -1.38361e-02
 37 -0.01966 -4.32608e-01 | 38 -0.00577 -4.14007e-02 | 39 -0.04797 -2.85116e-02
 40 -0.04145 -5.61744e-02 | 41 -0.03545 -1.23563e-01 | 42 -0.03076 -1.47829e-02
 43 -0.02736 -7.89825e-02 | 44 -0.02837 -2.92901e-02 | 45 -0.03546 -1.46557e-02
 46 -0.03833  4.04494e-02 | 47 -0.01611 -1.04349e-01 | 48  0.01740  5.40046e-03
 49  0.00857  4.51235e-02 | 50 -0.02460  2.70807e-02 | 51 -0.01667  1.25398e-01
 52 -0.05865  1.64378e-01 | 53 -0.02283 -3.15505e-02 | 54 -0.01466 -2.12629e-01
 55 -0.01292 -1.93997e-01 | 56  0.00788 -8.17554e-02 | 57  0.00891  1.00417e-01
 58  0.00998  1.86815e-01 | 59 -0.03268  7.45404e-02 | 60 -0.02265 -1.79513e-01
 61  0.02454 -1.85676e-01 | 62 -0.03435 -1.37922e-01 | 63 -0.04375 -1.32128e-01
 64 -0.01502 -2.95165e-02 | 65 -0.03276 -3.22095e-02 | 66 -0.04973  6.94675e-02
 67 -0.04618  2.54187e-02 | 68  0.03812 -3.14023e-02 | 69 -0.02717  4.36455e-02
 70 -0.09046  2.60145e-01 | 71 -0.08397  1.77952e-01 | 72 -0.04603  1.72806e-01
 73 -0.01726  1.94249e-01 | 74 -0.01786 -1.17708e-02 | 75 -0.01790 -2.97797e-02
 76 -0.01836 -1.43541e-01 | 77 -0.33959  1.76474e+01 | 78 -0.54263 -9.94279e-04
 79 -0.06236 -1.45846e+00 | 80  0.12856  5.27485e-01 | 81 -0.32602 -4.54381e-02
 82 -0.39194  4.73340e-02 | 83 -0.12149 -5.51131e-01 | 84  0.54295 -1.40937e-01
 85  0.79975 -7.07071e-01 | 86  0.19858  1.00912e-03 | 87  0.25118  7.32934e-01
 88  2.28279  1.49523e-03 | 89 -0.42993  7.71539e-04 | 90 -0.00416 -2.01917e-05
 91  0.07972 -5.00558e-04 | 92  0.33573  1.82966e-03 |
92 variables; iteration 140; function evaluation 211; phase 3
Function value -9.0785100e+01; maximum gradient component mag 3.7637e+01
Var    Value     Gradient |Var    Value     Gradient |Var    Value     Gradient
  1  0.18343 -3.48293e+00 |  2  0.00071  5.79527e-02 |  3 -0.00018 -1.82393e-01
  4 -0.01658 -3.07736e-01 |  5 -0.01563 -1.00070e-01 |  6 -0.01528 -4.46492e-02
  7 -0.01495  4.00863e-03 |  8 -0.01565 -2.07584e-01 |  9 -0.01561 -2.43929e-01
 10 -0.01539 -2.38100e-01 | 11 -0.01443 -5.50000e-02 | 12 -0.01422 -5.91984e-02
 13 -0.01399 -6.53614e-02 | 14 -0.01368 -7.06321e-02 | 15 -0.01328 -7.42688e-02
 16 -0.01278 -9.64166e-02 | 17 -0.01183 -4.74218e-02 | 18 -0.01019 -4.10802e-03
 19 -0.00828  2.29712e-02 | 20 -0.00605  8.57567e-02 | 21 -0.00376  7.55902e-02
 22 -0.00164 -3.26276e-02 | 23  0.00160  1.14786e-01 | 24  0.00355  1.12154e-01
 25  0.00400 -5.85637e-03 | 26  0.00388  7.23760e-02 | 27  0.00205  5.96087e-02
 28 -0.00061  6.40048e-02 | 29 -0.00291  7.95609e-02 | 30 -0.00576  4.30293e-02
 31 -0.00842  7.67959e-02 | 32 -0.01018  5.58335e-02 | 33 -0.01000  3.09156e-02
 34 -0.01390  1.12044e-01 | 35 -0.02121  5.28813e-01 | 36 -0.03115  7.98802e-01
 37 -0.01530 -4.69991e-01 | 38 -0.00821 -1.04255e+00 | 39 -0.04662 -1.05590e-01
 40 -0.04034 -5.84467e-02 | 41 -0.03402 -3.22412e-02 | 42 -0.02989 -7.18979e-02
 43 -0.02631 -7.85780e-02 | 44 -0.02725  2.46051e-02 | 45 -0.03474 -3.96893e-02
 46 -0.03823 -1.45552e-01 | 47 -0.01550  4.63936e-02 | 48  0.01700  1.92807e-01
 49  0.00818  3.42888e-01 | 50 -0.02409  8.24733e-02 | 51 -0.01675  1.18640e-01
 52 -0.05701  1.16559e-01 | 53 -0.02297 -2.18464e-01 | 54 -0.01407 -3.21515e-01
 55 -0.01183 -3.37369e-02 | 56  0.00862 -4.13322e-02 | 57  0.00932 -1.39336e-01
 58  0.00945  3.83046e-02 | 59 -0.03243 -2.73889e-02 | 60 -0.02143  7.10962e-03
 61  0.02444  1.10982e-01 | 62 -0.03344  9.54326e-02 | 63 -0.04321 -1.69736e-01
 64 -0.01504 -2.46411e-01 | 65 -0.03178 -1.76753e-01 | 66 -0.04942 -2.91915e-01
 67 -0.04482 -2.19516e-01 | 68  0.03893  4.90823e-02 | 69 -0.02556  5.50755e-01
 70 -0.09006 -7.81950e-03 | 71 -0.08389 -1.99668e-01 | 72 -0.04619 -4.29277e-02
 73 -0.01734  9.31653e-02 | 74 -0.01712  9.26028e-02 | 75 -0.01739  1.98662e-02
 76 -0.01734  3.07420e-02 | 77 -0.34671  3.76368e+01 | 78 -0.35545  2.82160e-01
 79 -0.06900 -2.97032e+00 | 80  0.22316  3.19301e+00 | 81 -0.32637  3.18728e+00
 82 -1.51575 -5.88726e-03 | 83 -0.12023 -1.42472e+00 | 84  0.54879  5.95245e-01
 85  0.85036 -4.83186e-01 | 86  0.46364  2.80182e-03 | 87  0.25601  5.38361e-01
 88  5.67989 -1.72817e-03 | 89 -0.51984  2.17542e-03 | 90  0.00239  1.17787e-05
 91 -0.13685 -2.42156e-03 | 92  2.09306  4.62561e-04 |
92 variables; iteration 160; function evaluation 234; phase 3
Function value -9.0826215e+01; maximum gradient component mag 3.6727e+00
Var    Value     Gradient |Var    Value     Gradient |Var    Value     Gradient
  1  0.19192 -3.29825e+00 |  2  0.00034 -2.69302e-02 |  3  0.00031 -5.55165e-02
  4 -0.01581 -1.12367e-01 |  5 -0.01582 -1.38453e-01 |  6 -0.01547 -7.94526e-02
  7 -0.01533 -7.97625e-02 |  8 -0.01521 -8.83616e-02 |  9 -0.01488 -5.21859e-02
 10 -0.01470 -5.65242e-02 | 11 -0.01449 -5.34739e-02 | 12 -0.01432 -6.59943e-02
 13 -0.01407 -6.47869e-02 | 14 -0.01371 -5.62132e-02 | 15 -0.01325 -4.44355e-02
 16 -0.01271 -5.48992e-02 | 17 -0.01200 -6.15800e-02 | 18 -0.01044 -3.35410e-02
 19 -0.00863 -2.96146e-02 | 20 -0.00640  3.66200e-02 | 21 -0.00393  7.10197e-02
 22 -0.00150  3.38923e-02 | 23  0.00105  3.90930e-02 | 24  0.00295  2.99243e-02
 25  0.00404  4.04966e-02 | 26  0.00360  4.47585e-02 | 27  0.00188  4.09187e-02
 28 -0.00085  1.33580e-02 | 29 -0.00301  4.52539e-02 | 30 -0.00573  2.57080e-02
 31 -0.00860  1.45207e-03 | 32 -0.01028 -1.88801e-02 | 33 -0.00970 -7.02212e-03
 34 -0.01319 -2.11748e-02 | 35 -0.02060 -5.72630e-02 | 36 -0.03086 -2.46932e-02
 37 -0.01519 -1.87881e-02 | 38 -0.00816 -8.68471e-02 | 39 -0.04617 -5.16522e-02
 40 -0.04000 -3.92868e-02 | 41 -0.03381 -7.14226e-02 | 42 -0.02943 -4.90506e-02
 43 -0.02590 -7.49029e-02 | 44 -0.02708 -4.16973e-02 | 45 -0.03434 -5.62366e-02
 46 -0.03746 -4.57302e-02 | 47 -0.01543 -6.34121e-02 | 48  0.01694 -3.75861e-02
 49  0.00783 -3.47785e-02 | 50 -0.02408 -7.07663e-02 | 51 -0.01652 -3.31735e-02
 52 -0.05700  7.50188e-02 | 53 -0.02289 -2.41513e-03 | 54 -0.01338 -1.34458e-02
 55 -0.01209  4.31346e-03 | 56  0.00853  1.27788e-02 | 57  0.00962 -1.24468e-02
 58  0.00946 -3.38566e-02 | 59 -0.03207 -1.98340e-02 | 60 -0.02162 -3.23685e-02
 61  0.02467 -1.60693e-02 | 62 -0.03325 -6.61915e-03 | 63 -0.04287 -7.04100e-03
 64 -0.01474 -2.18304e-02 | 65 -0.03172 -1.60498e-02 | 66 -0.04926  1.43131e-03
 67 -0.04514  4.06898e-03 | 68  0.03921 -3.50281e-03 | 69 -0.02500  1.86861e-02
 70 -0.08924  4.73121e-02 | 71 -0.08348  4.63376e-02 | 72 -0.04617  8.78869e-02
 73 -0.01720  1.09533e-01 | 74 -0.01734  1.45674e-02 | 75 -0.01740 -6.23829e-03
 76 -0.01737  1.98961e-04 | 77 -0.34801  3.67266e+00 | 78 -0.34684  9.90719e-03
 79 -0.06996 -1.00491e+00 | 80  0.23264  1.21521e-01 | 81 -0.32708  7.77508e-02
 82 -1.45255  9.58209e-04 | 83 -0.11887 -1.44634e-01 | 84  0.54365 -1.81861e-02
 85  0.86267 -4.28001e-01 | 86  0.55396  3.72503e-03 | 87  0.25699  3.63640e-01
 88  6.93247  2.94575e-02 | 89 -0.55638 -1.06615e-03 | 90  0.00224  1.12764e-05
 91 -0.15831 -1.08555e-03 | 92  2.00888  4.38271e-05 |
92 variables; iteration 180; function evaluation 254; phase 3
Function value -9.0827631e+01; maximum gradient component mag -3.3179e+00
Var    Value     Gradient |Var    Value     Gradient |Var    Value     Gradient
  1  0.19214 -3.31795e+00 |  2  0.00034 -2.72632e-02 |  3  0.00029 -6.18044e-02
  4 -0.01584 -1.19272e-01 |  5 -0.01581 -1.36062e-01 |  6 -0.01546 -7.78750e-02
  7 -0.01530 -7.11250e-02 |  8 -0.01523 -9.39839e-02 |  9 -0.01492 -6.02467e-02
 10 -0.01474 -6.43962e-02 | 11 -0.01449 -5.31621e-02 | 12 -0.01432 -6.41474e-02
 13 -0.01406 -6.36549e-02 | 14 -0.01370 -5.44793e-02 | 15 -0.01326 -4.46358e-02
 16 -0.01272 -5.69379e-02 | 17 -0.01200 -6.12573e-02 | 18 -0.01043 -3.22193e-02
 19 -0.00864 -3.03124e-02 | 20 -0.00639  3.88908e-02 | 21 -0.00394  6.75504e-02
 22 -0.00150  3.31438e-02 | 23  0.00104  3.71852e-02 | 24  0.00297  3.23337e-02
 25  0.00403  3.73672e-02 | 26  0.00360  4.37752e-02 | 27  0.00187  3.76287e-02
 28 -0.00083  1.49133e-02 | 29 -0.00302  4.03128e-02 | 30 -0.00573  2.32860e-02
 31 -0.00860 -3.35338e-04 | 32 -0.01025 -1.37217e-02 | 33 -0.00969 -7.28991e-03
 34 -0.01317 -2.37927e-02 | 35 -0.02058 -8.08931e-02 | 36 -0.03074 -6.17734e-02
 37 -0.01516  5.03146e-04 | 38 -0.00847 -5.46387e-02 | 39 -0.04612 -4.90956e-02
 40 -0.04000 -3.91083e-02 | 41 -0.03378 -6.55264e-02 | 42 -0.02942 -4.95232e-02
 43 -0.02588 -7.18622e-02 | 44 -0.02707 -4.31854e-02 | 45 -0.03432 -5.56895e-02
 46 -0.03747 -4.87383e-02 | 47 -0.01545 -6.22615e-02 | 48  0.01692 -3.92001e-02
 49  0.00784 -4.76434e-02 | 50 -0.02405 -6.98036e-02 | 51 -0.01652 -3.54677e-02
 52 -0.05695  8.49014e-02 | 53 -0.02292  1.12588e-02 | 54 -0.01338 -2.43133e-02
 55 -0.01209 -1.99353e-04 | 56  0.00852  2.01312e-03 | 57  0.00964 -9.67865e-03
 58  0.00948 -3.25377e-02 | 59 -0.03204 -2.12489e-02 | 60 -0.02164 -2.66696e-02
 61  0.02467 -2.14757e-02 | 62 -0.03321 -1.19687e-02 | 63 -0.04287 -2.76016e-03
 64 -0.01474 -1.03687e-02 | 65 -0.03168 -8.61556e-03 | 66 -0.04925 -2.61950e-03
 67 -0.04512  1.25521e-02 | 68  0.03919  4.72924e-03 | 69 -0.02493  1.13059e-02
 70 -0.08921  5.09728e-02 | 71 -0.08349  5.48377e-02 | 72 -0.04619  9.38980e-02
 73 -0.01723  1.01115e-01 | 74 -0.01733  1.66452e-02 | 75 -0.01739 -4.65721e-03
 76 -0.01739 -3.48446e-03 | 77 -0.34869  1.33753e+00 | 78 -0.38863 -5.37882e-03
 79 -0.07068 -9.25115e-01 | 80  0.24123 -8.07251e-02 | 81 -0.32714  9.65147e-02
 82 -1.49507 -2.51704e-03 | 83 -0.11883 -1.40263e-01 | 84  0.54377 -9.75366e-03
 85  0.86259 -4.29024e-01 | 86  0.57966  4.04558e-03 | 87  0.25703  3.87401e-01
 88  6.93046  2.86012e-02 | 89 -0.24622  8.67537e-04 | 90 -0.00260 -1.27364e-05
 91  0.35362  1.80222e-03 | 92  2.01586  7.82715e-05 |
92 variables; iteration 200; function evaluation 275; phase 3
Function value -9.0833330e+01; maximum gradient component mag -3.2796e+00
Var    Value     Gradient |Var    Value     Gradient |Var    Value     Gradient
  1  0.19425 -3.27959e+00 |  2  0.00033 -2.79746e-02 |  3  0.00029 -5.94622e-02
  4 -0.01584 -1.18009e-01 |  5 -0.01581 -1.33012e-01 |  6 -0.01548 -8.05285e-02
  7 -0.01532 -7.57722e-02 |  8 -0.01523 -9.02429e-02 |  9 -0.01493 -6.03890e-02
 10 -0.01475 -6.38462e-02 | 11 -0.01449 -4.96644e-02 | 12 -0.01432 -6.17696e-02
 13 -0.01405 -5.77254e-02 | 14 -0.01372 -5.36641e-02 | 15 -0.01326 -4.09992e-02
 16 -0.01271 -4.89950e-02 | 17 -0.01200 -5.76156e-02 | 18 -0.01046 -3.19773e-02
 19 -0.00867 -3.16122e-02 | 20 -0.00639  4.49625e-02 | 21 -0.00398  6.48909e-02
 22 -0.00154  3.22501e-02 | 23  0.00099  3.26314e-02 | 24  0.00294  3.44170e-02
 25  0.00397  3.03921e-02 | 26  0.00356  3.82754e-02 | 27  0.00181  2.37333e-02
 28 -0.00083  1.05401e-02 | 29 -0.00301  3.46113e-02 | 30 -0.00569  2.00658e-02
 31 -0.00853 -1.21612e-03 | 32 -0.01014 -7.49876e-03 | 33 -0.00955  7.65168e-04
 34 -0.01302 -1.78600e-02 | 35 -0.02026 -6.22031e-02 | 36 -0.02984 -5.54037e-02
 37 -0.01482 -3.54153e-02 | 38 -0.01042 -5.48807e-02 | 39 -0.04584 -4.90992e-02
 40 -0.03996 -3.94136e-02 | 41 -0.03366 -5.48618e-02 | 42 -0.02934 -4.65058e-02
 43 -0.02577 -6.32718e-02 | 44 -0.02699 -4.26778e-02 | 45 -0.03420 -5.54743e-02
 46 -0.03742 -5.44731e-02 | 47 -0.01555 -6.41085e-02 | 48  0.01685 -5.54670e-02
 49  0.00794 -7.46071e-02 | 50 -0.02394 -8.20831e-02 | 51 -0.01653 -3.60537e-02
 52 -0.05666  8.68685e-02 | 53 -0.02323  4.46080e-03 | 54 -0.01314 -3.20242e-02
 55 -0.01221 -2.00283e-02 | 56  0.00850  1.56151e-03 | 57  0.00972  6.71656e-03
 58  0.00951 -3.43202e-03 | 59 -0.03189 -1.18242e-02 | 60 -0.02176 -1.02834e-02
 61  0.02465 -1.00808e-02 | 62 -0.03290 -7.31683e-03 | 63 -0.04290 -2.40073e-03
 64 -0.01475 -9.18060e-03 | 65 -0.03145 -1.00856e-02 | 66 -0.04918 -4.15857e-03
 67 -0.04508  1.96837e-02 | 68  0.03901  1.53421e-02 | 69 -0.02436  2.71192e-02
 70 -0.08899  6.80562e-02 | 71 -0.08363  5.48015e-02 | 72 -0.04637  1.01413e-01
 73 -0.01725  9.07754e-02 | 74 -0.01731  1.72287e-02 | 75 -0.01735  7.00983e-04
 76 -0.01735 -1.87655e-04 | 77 -0.35258 -8.07816e-01 | 78 -0.46003 -3.20945e-03
 79 -0.07476 -9.10911e-01 | 80  0.27261 -5.59111e-02 | 81 -0.32775  1.14867e-01
 82 -1.37154  4.03509e-03 | 83 -0.11905 -1.50595e-01 | 84  0.54423  4.05750e-03
 85  0.86325 -4.26033e-01 | 86  0.77800  8.64003e-03 | 87  0.25723  4.03151e-01
 88  6.92019  2.48994e-02 | 89 -0.40891 -3.40115e-04 | 90 -0.00848 -3.51712e-05
 91  0.09875 -2.14782e-05 | 92  2.01103  5.44592e-05 |
92 variables; iteration 220; function evaluation 299; phase 3
Function value -9.0848444e+01; maximum gradient component mag -3.0778e+00
Var    Value     Gradient |Var    Value     Gradient |Var    Value     Gradient
  1  0.19873 -3.07781e+00 |  2  0.00034 -2.54444e-02 |  3  0.00026 -6.53671e-02
  4 -0.01587 -1.21331e-01 |  5 -0.01575 -1.16367e-01 |  6 -0.01546 -7.17048e-02
  7 -0.01526 -5.67270e-02 |  8 -0.01525 -9.17133e-02 |  9 -0.01500 -7.14965e-02
 10 -0.01480 -7.04794e-02 | 11 -0.01450 -4.67718e-02 | 12 -0.01431 -5.24563e-02
 13 -0.01406 -5.10191e-02 | 14 -0.01372 -4.47559e-02 | 15 -0.01329 -3.90370e-02
 16 -0.01275 -4.83482e-02 | 17 -0.01203 -5.15054e-02 | 18 -0.01049 -2.76652e-02
 19 -0.00872 -3.04980e-02 | 20 -0.00646  4.41150e-02 | 21 -0.00408  5.77866e-02
 22 -0.00163  2.85475e-02 | 23  0.00089  2.91897e-02 | 24  0.00286  3.49630e-02
 25  0.00387  2.46851e-02 | 26  0.00349  3.43118e-02 | 27  0.00176  1.92627e-02
 28 -0.00082  1.04875e-02 | 29 -0.00296  3.58225e-02 | 30 -0.00560  2.49936e-02
 31 -0.00847 -5.56186e-03 | 32 -0.01001 -6.60898e-04 | 33 -0.00945 -1.03865e-03
 34 -0.01292 -1.39147e-02 | 35 -0.02008 -3.21614e-02 | 36 -0.02927 -2.05537e-02
 37 -0.01428 -5.14606e-02 | 38 -0.01131 -6.68551e-02 | 39 -0.04555 -3.97708e-02
 40 -0.03980 -3.21305e-02 | 41 -0.03347 -4.29834e-02 | 42 -0.02917 -4.07462e-02
 43 -0.02559 -4.99382e-02 | 44 -0.02684 -3.87415e-02 | 45 -0.03401 -4.30255e-02
 46 -0.03729 -5.49662e-02 | 47 -0.01554 -6.02164e-02 | 48  0.01679 -5.23037e-02
 49  0.00792 -7.01461e-02 | 50 -0.02384 -8.98642e-02 | 51 -0.01653 -4.31049e-02
 52 -0.05638  8.03283e-02 | 53 -0.02333  6.29117e-03 | 54 -0.01293 -1.42116e-02
 55 -0.01216 -8.00015e-03 | 56  0.00856  4.10095e-03 | 57  0.00982 -8.49696e-03
 58  0.00947 -1.20742e-02 | 59 -0.03176 -1.57450e-02 | 60 -0.02169  2.12205e-03
 61  0.02465  5.98542e-03 | 62 -0.03267  1.58637e-02 | 63 -0.04281  1.09676e-02
 64 -0.01471 -3.65471e-03 | 65 -0.03127 -1.16667e-02 | 66 -0.04910 -1.70329e-02
 67 -0.04493  1.28473e-02 | 68  0.03905  2.44479e-02 | 69 -0.02399  5.38465e-02
 70 -0.08877  7.57430e-02 | 71 -0.08361  5.09908e-02 | 72 -0.04644  9.42897e-02
 73 -0.01725  7.83775e-02 | 74 -0.01726  1.76611e-02 | 75 -0.01731 -2.48693e-05
 76 -0.01734 -6.67034e-03 | 77 -0.35465 -5.90662e-01 | 78 -0.31793  2.04489e-02
 79 -0.07685 -9.25460e-01 | 80  0.28067  1.70112e-01 | 81 -0.32810  2.60073e-01
 82 -1.42435  2.30602e-03 | 83 -0.11908 -1.85907e-01 | 84  0.54471  5.04981e-02
 85  0.86947 -4.00959e-01 | 86  0.59559  4.26165e-03 | 87  0.25775  3.65115e-01
 88  6.84891  1.29837e-02 | 89 -0.20423  1.22448e-03 | 90  0.15145  7.61824e-04
 91  0.26791  8.75422e-04 | 92  1.80721 -9.81590e-04 |
92 variables; iteration 240; function evaluation 336; phase 3
Function value -9.0884724e+01; maximum gradient component mag -2.4845e+00
Var    Value     Gradient |Var    Value     Gradient |Var    Value     Gradient
  1  0.21179 -2.48455e+00 |  2  0.00034 -1.88712e-02 |  3  0.00028 -5.21333e-02
  4 -0.01588 -1.17248e-01 |  5 -0.01560 -7.17213e-02 |  6 -0.01543 -5.46815e-02
  7 -0.01523 -3.82123e-02 |  8 -0.01523 -7.25898e-02 |  9 -0.01510 -8.18673e-02
 10 -0.01492 -8.31843e-02 | 11 -0.01452 -3.29701e-02 | 12 -0.01435 -4.30440e-02
 13 -0.01410 -3.96000e-02 | 14 -0.01382 -4.73587e-02 | 15 -0.01338 -3.59207e-02
 16 -0.01280 -3.36510e-02 | 17 -0.01215 -4.90511e-02 | 18 -0.01058 -1.63737e-02
 19 -0.00884 -2.21398e-02 | 20 -0.00666  3.58023e-02 | 21 -0.00428  5.38618e-02
 22 -0.00183  2.98369e-02 | 23  0.00065  2.77348e-02 | 24  0.00264  4.12411e-02
 25  0.00366  2.96606e-02 | 26  0.00330  3.33251e-02 | 27  0.00162  1.49499e-02
 28 -0.00084  1.37413e-02 | 29 -0.00304  9.97987e-03 | 30 -0.00556  1.62240e-02
 31 -0.00837 -4.19024e-03 | 32 -0.00985  7.07538e-03 | 33 -0.00934 -1.21451e-02
 34 -0.01265 -1.26634e-03 | 35 -0.01973 -2.63537e-02 | 36 -0.02859 -2.79708e-02
 37 -0.01365 -1.14331e-01 | 38 -0.01160 -2.38102e-02 | 39 -0.04508 -1.54969e-02
 40 -0.03945 -2.43704e-02 | 41 -0.03313 -3.77033e-02 | 42 -0.02882 -3.10222e-02
 43 -0.02525 -4.19227e-02 | 44 -0.02654 -2.89850e-02 | 45 -0.03373 -3.25353e-02
 46 -0.03700 -3.56497e-02 | 47 -0.01540 -2.74158e-02 | 48  0.01676  4.64255e-02
 49  0.00775  7.26251e-02 | 50 -0.02370  3.24552e-02 | 51 -0.01640  6.41267e-02
 52 -0.05600  1.05103e-01 | 53 -0.02330  9.73295e-03 | 54 -0.01272 -6.59175e-02
 55 -0.01202 -7.76241e-02 | 56  0.00861 -6.22646e-02 | 57  0.01001 -1.00420e-02
 58  0.00943  1.71816e-02 | 59 -0.03159 -1.98071e-02 | 60 -0.02157 -6.06986e-02
 61  0.02467 -1.10706e-01 | 62 -0.03251 -8.28016e-02 | 63 -0.04270 -7.56593e-02
 64 -0.01459 -5.19071e-02 | 65 -0.03108 -2.74287e-02 | 66 -0.04896  3.59003e-04
 67 -0.04474  6.12171e-03 | 68  0.03932 -1.81182e-02 | 69 -0.02347 -6.74844e-03
 70 -0.08843  2.80919e-02 | 71 -0.08345  3.24029e-02 | 72 -0.04645  7.81122e-02
 73 -0.01718  7.22267e-02 | 74 -0.01714  2.27374e-02 | 75 -0.01721 -8.39314e-04
 76 -0.01726 -1.30084e-02 | 77 -0.35609 -1.25792e+00 | 78 -0.23440  1.81187e-01
 79 -0.07808 -7.33877e-01 | 80  0.25671  1.88796e-01 | 81 -0.32851  1.81887e-01
 82 -1.22510  8.41431e-03 | 83 -0.11885 -9.66443e-02 | 84  0.54424  4.11353e-02
 85  0.88538 -3.40451e-01 | 86  0.04583 -5.31494e-02 | 87  0.25906  2.58153e-01
 88  6.92084  2.51053e-02 | 89 -0.16468  1.61047e-03 | 90  0.38620  2.18008e-03
 91  0.19763 -4.13290e-04 | 92  2.03856  1.90501e-04 |
92 variables; iteration 260; function evaluation 361; phase 3
Function value -9.0942318e+01; maximum gradient component mag 2.5104e+01
Var    Value     Gradient |Var    Value     Gradient |Var    Value     Gradient
  1  0.23381 -1.70848e+00 |  2  0.00028 -2.72934e-02 |  3  0.00020 -6.46920e-02
  4 -0.01562 -4.58462e-02 |  5 -0.01568 -8.05265e-02 |  6 -0.01540 -3.66916e-02
  7 -0.01516 -6.19246e-03 |  8 -0.01525 -6.43830e-02 |  9 -0.01491 -1.95222e-02
 10 -0.01474 -2.07930e-02 | 11 -0.01462 -3.49752e-02 | 12 -0.01435 -1.76420e-02
 13 -0.01415 -2.80192e-02 | 14 -0.01374  8.44482e-04 | 15 -0.01343 -1.87368e-02
 16 -0.01298 -4.46718e-02 | 17 -0.01216 -1.71524e-02 | 18 -0.01080 -2.90529e-02
 19 -0.00900 -2.07624e-02 | 20 -0.00692  1.91328e-02 | 21 -0.00462  2.12189e-02
 22 -0.00218  2.14329e-03 | 23  0.00030  4.86702e-03 | 24  0.00221  4.33911e-03
 25  0.00327 -2.85974e-03 | 26  0.00302  1.10218e-02 | 27  0.00149  3.93076e-03
 28 -0.00090 -2.73468e-03 | 29 -0.00291  1.90022e-02 | 30 -0.00549 -1.04695e-03
 31 -0.00822 -9.64912e-03 | 32 -0.00978 -2.00286e-02 | 33 -0.00904  1.09557e-02
 34 -0.01253 -2.09830e-03 | 35 -0.01958  9.35490e-02 | 36 -0.02859  1.44267e-01
 37 -0.01220 -1.20125e-01 | 38 -0.01049 -1.00519e-01 | 39 -0.04460  8.91577e-03
 40 -0.03892 -7.10317e-03 | 41 -0.03258 -1.02222e-02 | 42 -0.02829 -4.82671e-03
 43 -0.02473 -1.36651e-02 | 44 -0.02610 -7.35031e-03 | 45 -0.03331 -7.31059e-03
 46 -0.03651 -2.12092e-02 | 47 -0.01487 -9.27804e-03 | 48  0.01680  1.17408e-02
 49  0.00728  5.62834e-02 | 50 -0.02360 -2.84490e-02 | 51 -0.01635  3.64307e-02
 52 -0.05565  2.70226e-02 | 53 -0.02298 -1.12817e-02 | 54 -0.01236 -3.85808e-02
 55 -0.01167 -6.29055e-02 | 56  0.00896 -8.01271e-03 | 57  0.01020 -8.92221e-02
 58  0.00911 -8.05911e-02 | 59 -0.03146 -3.27098e-02 | 60 -0.02099 -2.14593e-02
 61  0.02486  4.36901e-02 | 62 -0.03238  3.13898e-02 | 63 -0.04219  1.55640e-02
 64 -0.01430 -3.42665e-02 | 65 -0.03092 -2.39612e-02 | 66 -0.04896 -6.88323e-03
 67 -0.04438  6.55149e-04 | 68  0.03994  4.32575e-02 | 69 -0.02309  1.22577e-01
 70 -0.08800  4.28769e-02 | 71 -0.08310  4.95537e-03 | 72 -0.04623  6.00316e-02
 73 -0.01719  3.51352e-02 | 74 -0.01711 -2.59859e-03 | 75 -0.01706  4.07115e-03
 76 -0.01712 -1.04869e-02 | 77 -0.35530  2.51039e+01 | 78 -0.19660  7.93775e+00
 79 -0.07675 -8.69156e-01 | 80  0.17215  1.86940e+00 | 81 -0.32884  6.92230e-02
 82 -1.33429  5.00781e-03 | 83 -0.11913 -1.18327e-01 | 84  0.54326 -1.55358e-02
 85  0.92820 -1.87723e-01 | 86  0.05287 -4.56434e-04 | 87  0.26132  2.57668e-01
 88  6.65970  5.30632e-03 | 89 -0.75537  1.31219e-02 | 90 -0.89201 -1.83345e-02
 91 -0.25614 -1.33681e-03 | 92  2.10854  5.41224e-04 |
92 variables; iteration 280; function evaluation 387; phase 3
Function value -9.1024181e+01; maximum gradient component mag 8.0404e+01
Var    Value     Gradient |Var    Value     Gradient |Var    Value     Gradient
  1  0.30242 -5.76350e-01 |  2  0.00027 -1.85933e-02 |  3  0.00032 -2.12317e-02
  4 -0.01563 -3.39524e-02 |  5 -0.01544 -6.36284e-03 |  6 -0.01538 -1.50031e-02
  7 -0.01518  6.67424e-03 |  8 -0.01514 -1.47398e-02 |  9 -0.01507 -3.28536e-02
 10 -0.01494 -4.04111e-02 | 11 -0.01463 -6.95163e-03 | 12 -0.01445 -9.44442e-03
 13 -0.01423 -9.27906e-03 | 14 -0.01395 -1.15388e-02 | 15 -0.01357 -9.01214e-03
 16 -0.01303 -7.90526e-03 | 17 -0.01235 -7.14506e-03 | 18 -0.01093 -5.15597e-04
 19 -0.00920 -3.16182e-03 | 20 -0.00725  1.10278e-02 | 21 -0.00497  1.71816e-02
 22 -0.00250  1.33182e-02 | 23 -0.00004  2.22228e-02 | 24  0.00180  1.47119e-02
 25  0.00290  1.20613e-02 | 26  0.00262  3.22689e-03 | 27  0.00120 -3.21711e-03
 28 -0.00099  3.49784e-03 | 29 -0.00301 -9.43821e-04 | 30 -0.00544 -1.03944e-03
 31 -0.00807  6.23050e-03 | 32 -0.00957  5.43779e-03 | 33 -0.00888  1.58090e-02
 34 -0.01213  5.10953e-02 | 35 -0.01885  2.18089e-01 | 36 -0.02778  2.54832e-01
 37 -0.01144 -3.28250e-01 | 38 -0.00919 -2.24315e-01 | 39 -0.04409 -1.64068e-02
 40 -0.03824 -6.74609e-03 | 41 -0.03194 -1.27153e-02 | 42 -0.02767 -7.05928e-03
 43 -0.02407  4.52103e-04 | 44 -0.02549  1.57968e-02 | 45 -0.03281  9.63687e-03
 46 -0.03601 -6.37316e-03 | 47 -0.01456  2.72419e-03 | 48  0.01669  8.81196e-02
 49  0.00673  1.64746e-01 | 50 -0.02349  9.41622e-02 | 51 -0.01605  1.57133e-01
 52 -0.05516  2.69947e-02 | 53 -0.02263 -4.68734e-02 | 54 -0.01212 -1.01683e-01
 55 -0.01114 -9.51284e-02 | 56  0.00916 -3.16769e-02 | 57  0.01044  5.75250e-03
 58  0.00924  1.37458e-01 | 59 -0.03134  8.66574e-03 | 60 -0.02061 -1.09257e-01
 61  0.02495 -9.63552e-02 | 62 -0.03223 -7.05103e-02 | 63 -0.04194 -1.21912e-01
 64 -0.01409 -1.27841e-01 | 65 -0.03071 -4.31908e-02 | 66 -0.04873 -3.23948e-03
 67 -0.04402 -7.00478e-02 | 68  0.04063 -8.06325e-02 | 69 -0.02235  9.57453e-02
 70 -0.08737  1.45302e-02 | 71 -0.08269 -4.14484e-02 | 72 -0.04614 -3.43657e-04
 73 -0.01707  1.76452e-02 | 74 -0.01690 -1.65777e-04 | 75 -0.01687  2.50256e-03
 76 -0.01696 -1.84293e-02 | 77 -0.35428  8.04039e+01 | 78 -0.18272  3.30380e+01
 79 -0.07503 -7.64725e-01 | 80  0.03111  1.77200e+00 | 81 -0.32933  1.45746e-01
 82 -1.48358 -1.40898e-03 | 83 -0.11880 -3.85833e-02 | 84  0.54250  3.78461e-02
 85  0.94803 -1.11906e-01 | 86  0.04423 -4.70905e-02 | 87  0.26342  1.23242e-01
 88  6.61419  4.53315e-03 | 89 -0.45053 -2.58505e-03 | 90  0.46570  2.82008e-03
 91 -0.46631 -2.82920e-03 | 92  1.98656 -6.63398e-05 |
92 variables; iteration 300; function evaluation 408; phase 3
Function value -9.1050390e+01; maximum gradient component mag 1.5236e+01
Var    Value     Gradient |Var    Value     Gradient |Var    Value     Gradient
  1  0.36453 -2.37716e-01 |  2  0.00034  2.39032e-03 |  3  0.00037 -6.58483e-03
  4 -0.01564 -3.30344e-02 |  5 -0.01540  6.66143e-03 |  6 -0.01535 -1.40409e-03
  7 -0.01521  6.44879e-03 |  8 -0.01516 -1.31831e-02 |  9 -0.01510 -3.26315e-02
 10 -0.01493 -3.12748e-02 | 11 -0.01465 -2.20914e-03 | 12 -0.01447 -4.27462e-03
 13 -0.01425 -3.46985e-03 | 14 -0.01400 -1.05165e-02 | 15 -0.01363 -9.16962e-03
 16 -0.01308 -4.34713e-03 | 17 -0.01245 -1.32970e-02 | 18 -0.01098  5.80870e-03
 19 -0.00928 -2.71252e-04 | 20 -0.00737  5.81769e-03 | 21 -0.00510  1.32053e-02
 22 -0.00265  7.60244e-03 | 23 -0.00027  3.70022e-03 | 24  0.00166  1.89075e-02
 25  0.00274  1.30945e-02 | 26  0.00253  1.56995e-02 | 27  0.00114  8.44509e-03
 28 -0.00104  8.32182e-03 | 29 -0.00307 -7.27448e-03 | 30 -0.00541  7.27875e-03
 31 -0.00813 -7.36710e-03 | 32 -0.00952  9.96937e-03 | 33 -0.00890 -6.64715e-03
 34 -0.01193  2.89310e-02 | 35 -0.01873  3.44084e-02 | 36 -0.02774  3.13187e-02
 37 -0.01113 -1.07247e-01 | 38 -0.00823 -4.71178e-02 | 39 -0.04387 -5.19793e-04
 40 -0.03796 -1.41397e-04 | 41 -0.03167 -5.69126e-03 | 42 -0.02740 -2.17704e-03
 43 -0.02385 -7.78299e-03 | 44 -0.02534 -7.34129e-03 | 45 -0.03266 -4.79522e-03
 46 -0.03584 -6.97505e-03 | 47 -0.01444 -7.97409e-03 | 48  0.01655  3.18411e-02
 49  0.00653  6.48590e-02 | 50 -0.02348  5.51660e-02 | 51 -0.01596  6.89581e-02
 52 -0.05506  2.88378e-02 | 53 -0.02239  4.62329e-03 | 54 -0.01203 -4.12099e-02
 55 -0.01092 -4.91354e-02 | 56  0.00919 -5.00562e-02 | 57  0.01067  3.28676e-02
 58  0.00909  5.68135e-02 | 59 -0.03127  1.18179e-02 | 60 -0.02030 -2.05160e-02
 61  0.02495 -7.49291e-02 | 62 -0.03218 -5.23300e-02 | 63 -0.04182 -7.15521e-02
 64 -0.01395 -3.69352e-02 | 65 -0.03072 -1.98804e-02 | 66 -0.04866 -4.87255e-03
 67 -0.04389 -3.09292e-02 | 68  0.04103 -4.08381e-02 | 69 -0.02231 -2.15171e-02
 70 -0.08718 -9.57994e-03 | 71 -0.08242  5.90442e-03 | 72 -0.04603 -8.97165e-04
 73 -0.01703  1.34789e-02 | 74 -0.01679  1.04649e-02 | 75 -0.01684 -6.31917e-03
 76 -0.01688 -1.33246e-02 | 77 -0.35315  1.52360e+01 | 78 -0.18151  6.53061e+00
 79 -0.07360 -1.56057e-01 | 80 -0.08455  1.37783e-01 | 81 -0.32937  1.29909e-01
 82 -1.45871  5.33299e-04 | 83 -0.11877 -2.88475e-02 | 84  0.54207  3.27172e-02
 85  0.96498 -4.12311e-02 | 86  0.10120  5.04154e-04 | 87  0.26406 -2.33138e-02
 88  5.48954 -3.24695e-03 | 89  0.75870  7.85148e-03 | 90 -0.56231 -3.82574e-03
 91  0.01431  1.27881e-04 | 92  1.96544 -1.70724e-04 |
92 variables; iteration 320; function evaluation 428; phase 3
Function value -9.1063221e+01; maximum gradient component mag 2.4602e+01
Var    Value     Gradient |Var    Value     Gradient |Var    Value     Gradient
  1  0.43941 -8.41457e-02 |  2  0.00030 -6.33207e-03 |  3  0.00038 -2.33082e-03
  4 -0.01553 -4.03079e-03 |  5 -0.01540  9.63876e-03 |  6 -0.01535 -1.22255e-03
  7 -0.01523  2.86092e-03 |  8 -0.01510  5.01574e-03 |  9 -0.01501 -6.35838e-03
 10 -0.01485 -6.18091e-03 | 11 -0.01465  1.61524e-03 | 12 -0.01448 -1.99805e-04
 13 -0.01427 -1.50223e-03 | 14 -0.01400 -4.39009e-03 | 15 -0.01362  1.67148e-04
 16 -0.01308  1.89080e-03 | 17 -0.01242 -1.31825e-03 | 18 -0.01104 -4.36425e-04
 19 -0.00931 -1.61184e-03 | 20 -0.00743 -5.89569e-04 | 21 -0.00518  2.58419e-03
 22 -0.00270  4.35326e-03 | 23 -0.00035 -3.41048e-03 | 24  0.00150 -6.21442e-03
 25  0.00265  3.75967e-04 | 26  0.00243 -9.03665e-04 | 27  0.00109 -7.06496e-04
 28 -0.00110 -7.77078e-03 | 29 -0.00298  5.64628e-03 | 30 -0.00540  2.15045e-03
 31 -0.00805  1.14403e-03 | 32 -0.00951  1.09913e-03 | 33 -0.00879  2.27571e-03
 34 -0.01191  1.40645e-02 | 35 -0.01852  6.37750e-02 | 36 -0.02741  8.43748e-02
 37 -0.01082 -7.26423e-02 | 38 -0.00836 -6.13381e-02 | 39 -0.04375  1.29700e-04
 40 -0.03786  7.70418e-05 | 41 -0.03155 -3.28836e-03 | 42 -0.02728  1.27217e-03
 43 -0.02371  1.68928e-03 | 44 -0.02519  6.89027e-03 | 45 -0.03251  9.52149e-03
 46 -0.03569  8.38790e-03 | 47 -0.01430  8.10544e-03 | 48  0.01655  2.33977e-02
 49  0.00647  4.34331e-02 | 50 -0.02343  2.76154e-02 | 51 -0.01596  1.99091e-02
 52 -0.05494 -7.17244e-03 | 53 -0.02242 -2.95913e-02 | 54 -0.01190 -1.22638e-02
 55 -0.01081  1.36424e-02 | 56  0.00937  2.17885e-02 | 57  0.01061 -4.70834e-03
 58  0.00908  1.91869e-02 | 59 -0.03116  6.99127e-03 | 60 -0.02031 -4.35623e-02
 61  0.02505 -2.86589e-02 | 62 -0.03207 -1.30521e-02 | 63 -0.04169 -3.56219e-02
 64 -0.01393 -4.52921e-02 | 65 -0.03063 -1.78056e-02 | 66 -0.04862  9.13617e-03
 67 -0.04378  9.94605e-03 | 68  0.04110  1.70985e-02 | 69 -0.02199  4.67400e-02
 70 -0.08702  8.32509e-03 | 71 -0.08244 -2.14803e-02 | 72 -0.04604 -5.68627e-03
 73 -0.01704  2.82690e-03 | 74 -0.01681 -2.24276e-03 | 75 -0.01678  2.03898e-03
 76 -0.01680 -2.63149e-03 | 77 -0.35350  2.46023e+01 | 78 -0.17934  1.10665e+01
 79 -0.07384 -1.27177e-01 | 80 -0.17414  1.14312e-01 | 81 -0.32963 -4.48924e-03
 82 -1.40823  2.90555e-03 | 83 -0.11881  1.82779e-02 | 84  0.54193  4.94726e-03
 85  0.97007 -1.72307e-02 | 86  0.13997  7.01388e-04 | 87  0.26443  1.09827e-02
 88  6.59817  4.29790e-03 | 89  0.05751  4.20779e-04 | 90 -0.47482 -2.90240e-03
 91 -0.15418 -8.00627e-04 | 92  1.99475 -2.58870e-05 |
92 variables; iteration 340; function evaluation 448; phase 3
Function value -9.1068404e+01; maximum gradient component mag 1.6275e+01
Var    Value     Gradient |Var    Value     Gradient |Var    Value     Gradient
  1  0.49932 -3.76070e-02 |  2  0.00032 -2.53866e-03 |  3  0.00037 -4.87387e-03
  4 -0.01554 -7.45033e-03 |  5 -0.01542  5.30051e-03 |  6 -0.01535  1.73047e-03
  7 -0.01521  9.32948e-03 |  8 -0.01514 -3.23466e-03 |  9 -0.01502 -9.61504e-03
 10 -0.01487 -9.62193e-03 | 11 -0.01467 -7.71696e-04 | 12 -0.01448  1.08828e-03
 13 -0.01427 -1.13251e-03 | 14 -0.01399 -9.57391e-04 | 15 -0.01364 -2.66678e-03
 16 -0.01312 -4.06871e-03 | 17 -0.01244 -3.09709e-03 | 18 -0.01104  4.30677e-04
 19 -0.00933 -8.54755e-04 | 20 -0.00745 -5.07133e-04 | 21 -0.00520  1.04016e-03
 22 -0.00274  4.36703e-04 | 23 -0.00036 -2.38190e-03 | 24  0.00151  9.41348e-04
 25  0.00263  1.23458e-03 | 26  0.00242  2.85191e-03 | 27  0.00109  2.01262e-03
 28 -0.00108  1.34074e-04 | 29 -0.00302 -5.91967e-04 | 30 -0.00541  1.58523e-03
 31 -0.00808 -3.08383e-03 | 32 -0.00953  1.07169e-03 | 33 -0.00883 -7.21215e-04
 34 -0.01194  1.21405e-02 | 35 -0.01869  3.27761e-02 | 36 -0.02787  4.10293e-02
 37 -0.01076 -5.09463e-02 | 38 -0.00733 -2.74687e-02 | 39 -0.04380  1.88956e-03
 40 -0.03779  2.93762e-03 | 41 -0.03150  1.32569e-03 | 42 -0.02725  2.73585e-03
 43 -0.02368  9.47861e-04 | 44 -0.02519  1.24566e-03 | 45 -0.03254  1.68834e-03
 46 -0.03569 -8.53362e-04 | 47 -0.01424 -6.43002e-03 | 48  0.01655 -6.57370e-03
 49  0.00633  5.64411e-03 | 50 -0.02348  5.20716e-03 | 51 -0.01594  1.66013e-02
 52 -0.05500  1.49923e-03 | 53 -0.02222 -6.12389e-03 | 54 -0.01196 -1.15175e-02
 55 -0.01075 -8.38764e-03 | 56  0.00935 -6.14649e-03 | 57  0.01068  1.09405e-02
 58  0.00902  2.01904e-02 | 59 -0.03125  7.50680e-03 | 60 -0.02011 -9.42096e-03
 61  0.02503 -2.04780e-02 | 62 -0.03220 -9.61200e-03 | 63 -0.04163 -2.17031e-02
 64 -0.01387 -1.60643e-02 | 65 -0.03072 -5.28037e-03 | 66 -0.04865  9.17969e-03
 67 -0.04376  3.02735e-03 | 68  0.04130  1.73715e-02 | 69 -0.02227  2.17687e-02
 70 -0.08705  8.47581e-03 | 71 -0.08228  4.17644e-03 | 72 -0.04592 -1.92662e-03
 73 -0.01703  2.14034e-03 | 74 -0.01678  1.76645e-03 | 75 -0.01678 -7.86630e-04
 76 -0.01681 -6.29210e-03 | 77 -0.35180  1.62751e+01 | 78 -0.18264  6.41607e+00
 79 -0.07201 -7.39358e-02 | 80 -0.26837  2.31920e-02 | 81 -0.32939  5.63528e-03
 82 -1.44105  1.54369e-03 | 83 -0.11879  1.81095e-03 | 84  0.54173  3.21242e-03
 85  0.97233 -5.25631e-03 | 86  0.17395  8.79492e-04 | 87  0.26455 -5.39365e-03
 88  5.87245 -6.37996e-04 | 89 -0.26142 -1.25651e-03 | 90  0.06616  3.27688e-04
 91 -0.02502 -1.97327e-04 | 92  1.98967 -5.09682e-05 |
92 variables; iteration 360; function evaluation 469; phase 3
Function value -9.1070807e+01; maximum gradient component mag -4.9392e+00
Var    Value     Gradient |Var    Value     Gradient |Var    Value     Gradient
  1  0.64691 -6.76130e-03 |  2  0.00033  9.98484e-04 |  3  0.00038 -7.58607e-04
  4 -0.01553 -3.35328e-03 |  5 -0.01545 -8.35316e-04 |  6 -0.01535  4.50997e-04
  7 -0.01524  1.63853e-03 |  8 -0.01514 -2.84479e-03 |  9 -0.01500 -3.11445e-03
 10 -0.01484 -3.18873e-03 | 11 -0.01467 -7.64354e-04 | 12 -0.01449 -1.62385e-04
 13 -0.01427 -2.97706e-04 | 14 -0.01400 -2.73948e-04 | 15 -0.01364 -1.44623e-03
 16 -0.01311 -1.81828e-03 | 17 -0.01244 -1.57488e-03 | 18 -0.01105  7.09698e-04
 19 -0.00933  2.82336e-04 | 20 -0.00745  5.21863e-04 | 21 -0.00522  6.23782e-04
 22 -0.00275 -3.11672e-04 | 23 -0.00037  5.85258e-04 | 24  0.00150  3.14999e-03
 25  0.00261  1.59163e-03 | 26  0.00241  2.64801e-03 | 27  0.00108  2.24850e-03
 28 -0.00107  3.35332e-03 | 29 -0.00303 -1.10313e-03 | 30 -0.00541  1.32692e-03
 31 -0.00807 -9.22690e-04 | 32 -0.00953  1.20657e-03 | 33 -0.00881 -1.50369e-03
 34 -0.01192 -1.55535e-03 | 35 -0.01866 -1.66963e-02 | 36 -0.02780 -2.29253e-02
 37 -0.01072  9.55465e-03 | 38 -0.00745  1.65305e-02 | 39 -0.04376  4.09193e-04
 40 -0.03778  5.33374e-04 | 41 -0.03148  6.66836e-04 | 42 -0.02723 -3.81759e-04
 43 -0.02366 -6.55089e-04 | 44 -0.02517 -2.41660e-03 | 45 -0.03253 -3.04655e-03
 46 -0.03568 -2.74776e-03 | 47 -0.01425 -4.10761e-03 | 48  0.01654 -7.31027e-03
 49  0.00633 -1.16840e-02 | 50 -0.02348 -4.52215e-03 | 51 -0.01593 -2.39079e-03
 52 -0.05497  6.01590e-03 | 53 -0.02223  7.74131e-03 | 54 -0.01193  1.06790e-03
 55 -0.01076 -4.72574e-03 | 56  0.00935 -9.56185e-03 | 57  0.01069  7.40924e-03
 58  0.00901  7.09869e-04 | 59 -0.03124  1.06947e-03 | 60 -0.02010  1.07966e-02
 61  0.02504 -2.88823e-03 | 62 -0.03218 -2.92316e-03 | 63 -0.04162  2.14676e-03
 64 -0.01386  9.08462e-03 | 65 -0.03069  3.11627e-03 | 66 -0.04865  4.16962e-04
 67 -0.04376  4.47441e-04 | 68  0.04130  4.78528e-04 | 69 -0.02221 -1.28779e-02
 70 -0.08702 -5.16580e-04 | 71 -0.08228  8.48880e-03 | 72 -0.04592  1.40863e-03
 73 -0.01703  7.85869e-04 | 74 -0.01678  1.93311e-03 | 75 -0.01678 -1.07338e-03
 76 -0.01678 -1.58209e-03 | 77 -0.35212 -4.93922e+00 | 78 -0.18180 -2.13851e+00
 79 -0.07235  3.89090e-02 | 80 -0.44150 -2.61152e-03 | 81 -0.32946  6.19372e-03
 82 -1.46441  1.63709e-04 | 83 -0.11883 -2.27900e-03 | 84  0.54170  2.22759e-03
 85  0.97307 -1.12116e-03 | 86  0.23504  1.21504e-03 | 87  0.26462 -9.25226e-03
 88  5.95167 -2.38953e-04 | 89  0.20159  1.04715e-03 | 90  0.12665  6.33392e-04
 91 -0.01129 -7.03862e-05 | 92  1.99312 -3.39620e-05 |
92 variables; iteration 380; function evaluation 489; phase 3
Function value -9.1071100e+01; maximum gradient component mag 9.6700e-01
Var    Value     Gradient |Var    Value     Gradient |Var    Value     Gradient
  1  0.68602 -4.45568e-03 |  2  0.00032 -8.69511e-04 |  3  0.00038 -1.27315e-04
  4 -0.01551  8.26249e-04 |  5 -0.01544  1.24231e-03 |  6 -0.01536  3.32315e-06
  7 -0.01525  2.04879e-04 |  8 -0.01513  1.03258e-03 |  9 -0.01499  4.50707e-04
 10 -0.01483  1.26409e-03 | 11 -0.01467  3.94683e-04 | 12 -0.01449  1.40995e-04
 13 -0.01427 -1.69798e-04 | 14 -0.01400 -1.21763e-04 | 15 -0.01363  3.30524e-04
 16 -0.01311  3.52880e-04 | 17 -0.01244  3.26303e-04 | 18 -0.01106 -5.74096e-04
 19 -0.00933 -5.89473e-04 | 20 -0.00745 -4.27427e-04 | 21 -0.00522 -6.07488e-04
 22 -0.00275 -2.75130e-05 | 23 -0.00037 -8.57031e-04 | 24  0.00149 -2.03337e-03
 25  0.00260 -1.13822e-03 | 26  0.00239 -1.75888e-03 | 27  0.00107 -1.51720e-03
 28 -0.00109 -1.94220e-03 | 29 -0.00301  2.92872e-04 | 30 -0.00541 -7.46202e-04
 31 -0.00805  9.64960e-05 | 32 -0.00952 -6.32440e-04 | 33 -0.00879  7.13646e-04
 34 -0.01192  1.54564e-05 | 35 -0.01862  4.69517e-03 | 36 -0.02769  7.13902e-03
 37 -0.01066  1.48612e-04 | 38 -0.00769 -2.81401e-03 | 39 -0.04374  3.55201e-04
 40 -0.03778  1.75324e-04 | 41 -0.03148  1.47756e-04 | 42 -0.02723  6.24307e-04
 43 -0.02366  5.98770e-04 | 44 -0.02516  1.33785e-03 | 45 -0.03251  1.32215e-03
 46 -0.03566  1.27949e-03 | 47 -0.01424  7.56389e-04 | 48  0.01655  4.92985e-05
 49  0.00634 -1.22021e-04 | 50 -0.02347 -1.07360e-03 | 51 -0.01594 -1.63330e-03
 52 -0.05494 -1.96894e-03 | 53 -0.02227 -2.65846e-03 | 54 -0.01191  7.53145e-04
 55 -0.01076  4.01680e-03 | 56  0.00937  4.84222e-03 | 57  0.01067 -2.67268e-03
 58  0.00902 -1.14618e-03 | 59 -0.03121 -2.26628e-04 | 60 -0.02015 -3.37675e-03
 61  0.02505  1.20314e-03 | 62 -0.03214  1.72901e-03 | 63 -0.04161  1.61302e-04
 64 -0.01387 -2.50621e-03 | 65 -0.03067 -6.07057e-04 | 66 -0.04865  1.70272e-03
 67 -0.04375  3.11663e-03 | 68  0.04126  4.27085e-03 | 69 -0.02213  6.29971e-03
 70 -0.08701  1.81374e-03 | 71 -0.08231 -1.69168e-03 | 72 -0.04595 -8.83762e-05
 73 -0.01704 -3.78088e-04 | 74 -0.01679 -8.19768e-04 | 75 -0.01677  6.34406e-04
 76 -0.01677  2.78046e-04 | 77 -0.35253  9.67001e-01 | 78 -0.18083  4.04361e-01
 79 -0.07276 -5.71786e-03 | 80 -0.48516 -2.99846e-03 | 81 -0.32953 -1.17848e-02
 82 -1.46591  5.96401e-05 | 83 -0.11884  3.90510e-03 | 84  0.54172 -3.24629e-03
 85  0.97325 -2.75223e-04 | 86  0.24501  1.27208e-03 | 87  0.26465  9.60789e-03
 88  6.00140  6.91523e-06 | 89 -0.01365 -4.97493e-05 | 90  0.00445  2.19670e-05
 91 -0.01058 -6.56582e-05 | 92  2.00232  1.14481e-05 |
92 variables; iteration 400; function evaluation 514; phase 3
Function value -9.1071268e+01; maximum gradient component mag -1.9240e-01
Var    Value     Gradient |Var    Value     Gradient |Var    Value     Gradient
  1  0.70382 -3.71054e-03 |  2  0.00032 -7.85771e-05 |  3  0.00038 -6.77575e-05
  4 -0.01552 -6.64130e-05 |  5 -0.01544 -5.55340e-05 |  6 -0.01536 -8.98698e-05
  7 -0.01525 -8.21375e-05 |  8 -0.01513 -2.52838e-05 |  9 -0.01499 -3.26645e-05
 10 -0.01483  2.98173e-05 | 11 -0.01467 -2.43637e-05 | 12 -0.01449 -5.45891e-05
 13 -0.01427 -6.69618e-05 | 14 -0.01400 -5.80961e-05 | 15 -0.01363 -1.79697e-05
 16 -0.01311 -1.79445e-05 | 17 -0.01244 -3.31178e-05 | 18 -0.01106 -6.60402e-05
 19 -0.00933 -6.55358e-05 | 20 -0.00745  2.38800e-05 | 21 -0.00522  3.93604e-05
 22 -0.00275  3.58727e-05 | 23 -0.00037 -9.35794e-06 | 24  0.00149 -8.38144e-05
 25  0.00261 -3.13222e-05 | 26  0.00240 -6.46350e-05 | 27  0.00107 -6.14633e-05
 28 -0.00108 -1.01321e-04 | 29 -0.00302  7.29299e-05 | 30 -0.00541 -9.30566e-07
 31 -0.00806  3.41503e-05 | 32 -0.00952 -2.27304e-05 | 33 -0.00879  3.02455e-05
 34 -0.01191 -2.51890e-04 | 35 -0.01863 -6.31975e-04 | 36 -0.02770 -6.79995e-04
 37 -0.01066  1.17779e-03 | 38 -0.00770  5.30576e-04 | 39 -0.04374 -2.07106e-05
 40 -0.03778 -4.76865e-05 | 41 -0.03148 -7.07482e-05 | 42 -0.02723 -3.09575e-05
 43 -0.02366 -5.17736e-05 | 44 -0.02516 -6.32977e-06 | 45 -0.03251 -8.13393e-06
 46 -0.03567  8.55538e-05 | 47 -0.01425  1.20720e-04 | 48  0.01654  1.36929e-04
 49  0.00634 -1.71755e-04 | 50 -0.02347 -1.03957e-04 | 51 -0.01594 -4.24479e-04
 52 -0.05494  8.85750e-05 | 53 -0.02227  2.22995e-05 | 54 -0.01191  2.56841e-04
 55 -0.01077  4.41327e-04 | 56  0.00937  2.95184e-04 | 57  0.01068 -2.72057e-04
 58  0.00901 -4.72140e-04 | 59 -0.03121 -1.59506e-04 | 60 -0.02014 -5.59772e-05
 61  0.02505  7.98296e-05 | 62 -0.03215  7.09506e-05 | 63 -0.04162  2.37394e-04
 64 -0.01387  1.36271e-04 | 65 -0.03067  3.48347e-05 | 66 -0.04865 -3.20149e-05
 67 -0.04375  3.23650e-04 | 68  0.04126  1.31156e-04 | 69 -0.02214 -1.16008e-04
 70 -0.08701  3.59345e-05 | 71 -0.08231 -2.41899e-05 | 72 -0.04595  1.38335e-04
 73 -0.01703  7.84425e-05 | 74 -0.01678 -4.17828e-05 | 75 -0.01677  3.82234e-05
 76 -0.01677  2.08315e-05 | 77 -0.35256 -1.92395e-01 | 78 -0.18074 -7.35144e-02
 79 -0.07280  1.00838e-03 | 80 -0.50097 -3.15119e-03 | 81 -0.32953 -5.12631e-04
 82 -1.46662  7.63969e-06 | 83 -0.11884  1.21782e-04 | 84  0.54174 -1.71973e-04
 85  0.97320 -4.72456e-04 | 86  0.05422 -7.18778e-05 | 87  0.26464  9.86016e-04
 88  6.00523  2.58338e-05 | 89 -0.00313  9.31856e-08 | 90 -0.00014 -6.79416e-07
 91  0.00227 -1.74986e-06 | 92  2.00009  4.29745e-07 |
92 variables; iteration 420; function evaluation 543; phase 3
Function value -9.1071651e+01; maximum gradient component mag 5.0016e+00
Var    Value     Gradient |Var    Value     Gradient |Var    Value     Gradient
  1  0.75580 -2.22842e-03 |  2  0.00030 -5.61425e-03 |  3  0.00038 -1.03382e-03
  4 -0.01549  5.35859e-03 |  5 -0.01541  8.86709e-03 |  6 -0.01535  7.64309e-04
  7 -0.01524  3.08670e-03 |  8 -0.01510  7.12436e-03 |  9 -0.01498  2.49194e-03
 10 -0.01481  5.30172e-03 | 11 -0.01466  2.55792e-03 | 12 -0.01448  1.60022e-03
 13 -0.01427 -3.58050e-04 | 14 -0.01400 -2.27739e-04 | 15 -0.01362  2.33101e-03
 16 -0.01310  2.33721e-03 | 17 -0.01243  2.22830e-03 | 18 -0.01106 -2.85260e-03
 19 -0.00934 -2.88638e-03 | 20 -0.00746 -2.63204e-03 | 21 -0.00522 -3.08195e-03
 22 -0.00274  3.55469e-04 | 23 -0.00038 -5.52403e-03 | 24  0.00145 -1.18286e-02
 25  0.00260 -6.07979e-03 | 26  0.00238 -9.26217e-03 | 27  0.00106 -8.07623e-03
 28 -0.00111 -1.18781e-02 | 29 -0.00298  2.23783e-03 | 30 -0.00540 -3.66946e-03
 31 -0.00803  6.76657e-04 | 32 -0.00951 -2.98498e-03 | 33 -0.00876  4.05401e-03
 34 -0.01190  9.59403e-04 | 35 -0.01852  2.75150e-02 | 36 -0.02745  4.19504e-02
 37 -0.01058  2.81729e-03 | 38 -0.00819 -2.08465e-02 | 39 -0.04369  1.85569e-03
 40 -0.03779  1.01694e-03 | 41 -0.03148  2.65887e-04 | 42 -0.02721  4.05953e-03
 43 -0.02365  3.23132e-03 | 44 -0.02513  7.83719e-03 | 45 -0.03247  8.67530e-03
 46 -0.03563  9.87358e-03 | 47 -0.01425  8.38612e-03 | 48  0.01655  8.31609e-03
 49  0.00638  9.85499e-03 | 50 -0.02344  2.06297e-03 | 51 -0.01596 -7.01832e-03
 52 -0.05489 -1.24315e-02 | 53 -0.02236 -1.80860e-02 | 54 -0.01186  3.44927e-03
 55 -0.01077  2.38569e-02 | 56  0.00940  2.75778e-02 | 57  0.01063 -1.58110e-02
 58  0.00904 -7.05573e-03 | 59 -0.03115 -1.15147e-03 | 60 -0.02023 -2.25573e-02
 61  0.02507  1.80399e-03 | 62 -0.03206  7.11041e-03 | 63 -0.04162 -2.71599e-03
 64 -0.01389 -1.65181e-02 | 65 -0.03061 -4.95947e-03 | 66 -0.04863  7.54761e-03
 67 -0.04374  1.61688e-02 | 68  0.04119  1.92974e-02 | 69 -0.02195  3.32671e-02
 70 -0.08696  7.68334e-03 | 71 -0.08238 -1.27377e-02 | 72 -0.04601 -2.40480e-03
 73 -0.01704 -2.08560e-03 | 74 -0.01680 -5.01006e-03 | 75 -0.01676  3.52162e-03
 76 -0.01677  5.15395e-04 | 77 -0.35336  5.00159e+00 | 78 -0.17894  2.43736e+00
 79 -0.07363 -2.48231e-02 | 80 -0.29065  2.59218e-03 | 81 -0.32968 -5.92223e-02
 82 -1.46098  4.00201e-04 | 83 -0.11887  2.20237e-02 | 84  0.54176 -1.52509e-02
 85  0.97356  1.20506e-03 | 86  0.05271 -3.10025e-04 | 87  0.26470  5.06854e-02
 88  5.97177 -1.39385e-04 | 89 -0.02547 -1.15213e-04 | 90  0.02230  1.10089e-04
 91 -0.04479 -2.27838e-04 | 92  2.01372  6.77268e-05 |
92 variables; iteration 440; function evaluation 567; phase 3
Function value -9.1072141e+01; maximum gradient component mag 5.0257e+00
Var    Value     Gradient |Var    Value     Gradient |Var    Value     Gradient
  1  1.00048 -2.04536e-04 |  2  0.00033  2.71758e-04 |  3  0.00039  4.66527e-04
  4 -0.01551  4.63750e-04 |  5 -0.01545 -8.79238e-04 |  6 -0.01536 -2.97529e-04
  7 -0.01526 -1.00700e-03 |  8 -0.01513  1.22648e-05 |  9 -0.01499  7.38520e-04
 10 -0.01483  7.32812e-04 | 11 -0.01467 -1.06251e-04 | 12 -0.01449 -2.25514e-04
 13 -0.01427  1.12728e-05 | 14 -0.01400  2.29845e-05 | 15 -0.01363  7.99505e-05
 16 -0.01311  1.59563e-04 | 17 -0.01244  4.89939e-05 | 18 -0.01106 -4.24276e-05
 19 -0.00933 -1.25875e-05 | 20 -0.00746 -4.51883e-06 | 21 -0.00522 -7.96401e-05
 22 -0.00275 -1.42479e-04 | 23 -0.00037  9.91855e-05 | 24  0.00149  3.64232e-05
 25  0.00260 -1.36106e-04 | 26  0.00240 -1.80811e-04 | 27  0.00107 -2.06577e-04
 28 -0.00108 -1.15976e-05 | 29 -0.00302 -2.71271e-04 | 30 -0.00541 -3.10831e-04
 31 -0.00806 -2.16908e-04 | 32 -0.00952 -2.77837e-04 | 33 -0.00879  3.22608e-04
 34 -0.01191  2.31806e-03 | 35 -0.01862  8.99539e-03 | 36 -0.02769  1.09832e-02
 37 -0.01066 -1.26738e-02 | 38 -0.00770 -7.62461e-03 | 39 -0.04373 -6.60812e-05
 40 -0.03778  8.03817e-05 | 41 -0.03147  1.82415e-04 | 42 -0.02723  6.38643e-05
 43 -0.02366  2.78290e-04 | 44 -0.02516  3.29753e-04 | 45 -0.03251  2.87839e-04
 46 -0.03567 -7.66366e-04 | 47 -0.01425 -1.15273e-03 | 48  0.01654 -1.13330e-03
 49  0.00634  1.76744e-03 | 50 -0.02347  2.66555e-04 | 51 -0.01594  3.95329e-03
 52 -0.05494 -8.81682e-04 | 53 -0.02227 -1.24831e-03 | 54 -0.01191 -2.60455e-03
 55 -0.01077 -2.73458e-03 | 56  0.00937 -8.61156e-05 | 57  0.01068  5.93521e-04
 58  0.00901  3.81050e-03 | 59 -0.03121  9.10368e-04 | 60 -0.02014 -2.04030e-03
 61  0.02505  9.02271e-05 | 62 -0.03214 -3.22700e-05 | 63 -0.04162 -2.56028e-03
 64 -0.01387 -3.63467e-03 | 65 -0.03066 -1.19578e-03 | 66 -0.04865  7.14438e-04
 67 -0.04375 -1.48904e-03 | 68  0.04127  8.93084e-04 | 69 -0.02213  5.33947e-03
 70 -0.08700  1.11775e-03 | 71 -0.08231 -9.27149e-04 | 72 -0.04595 -2.24756e-04
 73 -0.01703 -6.26007e-05 | 74 -0.01678 -1.57853e-05 | 75 -0.01677 -5.55061e-05
 76 -0.01677  4.60282e-04 | 77 -0.35258  5.02565e+00 | 78 -0.18085  2.13668e+00
 79 -0.07282 -2.48422e-02 | 80 -0.25350  9.05336e-03 | 81 -0.32954 -1.95861e-04
 82 -1.46698 -1.82245e-05 | 83 -0.11885 -1.44165e-04 | 84  0.54174 -8.15375e-05
 85  0.97328 -1.30302e-05 | 86  0.06558  3.04312e-04 | 87  0.26465 -2.31071e-04
 88  6.00050  2.44638e-06 | 89 -0.00167 -2.89344e-06 | 90  0.00122  6.02523e-06
 91  0.00058 -1.54923e-06 | 92  2.00032  1.58795e-06 |
92 variables; iteration 460; function evaluation 591; phase 3
Function value -9.1072205e+01; maximum gradient component mag 4.8675e+00
Var    Value     Gradient |Var    Value     Gradient |Var    Value     Gradient
  1  0.96864 -1.39091e-04 |  2  0.00033  7.07052e-04 |  3  0.00039  3.79098e-04
  4 -0.01552 -5.88965e-05 |  5 -0.01545 -1.61276e-03 |  6 -0.01536 -3.47699e-04
  7 -0.01526 -1.05503e-03 |  8 -0.01513 -7.12668e-04 |  9 -0.01499  3.97084e-04
 10 -0.01483  9.48935e-05 | 11 -0.01467 -3.79250e-04 | 12 -0.01449 -3.18749e-04
 13 -0.01427  2.42586e-05 | 14 -0.01400  1.35094e-04 | 15 -0.01363 -1.88246e-04
 16 -0.01311 -1.81336e-04 | 17 -0.01244 -1.73853e-04 | 18 -0.01106  2.08073e-04
 19 -0.00933  2.57843e-04 | 20 -0.00745  2.22432e-04 | 21 -0.00522  2.46969e-04
 22 -0.00276 -2.15968e-04 | 23 -0.00037  5.48394e-04 | 24  0.00149  1.10974e-03
 25  0.00261  4.39875e-04 | 26  0.00240  7.72132e-04 | 27  0.00107  6.88536e-04
 28 -0.00108  1.10664e-03 | 29 -0.00302 -3.71217e-04 | 30 -0.00541  1.42502e-04
 31 -0.00806 -2.26506e-04 | 32 -0.00952  5.04169e-05 | 33 -0.00880 -5.85904e-05
 34 -0.01191  1.84069e-03 | 35 -0.01863  4.90794e-03 | 36 -0.02770  5.40979e-03
 37 -0.01066 -1.03714e-02 | 38 -0.00768 -4.37953e-03 | 39 -0.04373 -9.63478e-05
 40 -0.03778  4.49117e-05 | 41 -0.03147  1.62173e-04 | 42 -0.02723 -2.75779e-04
 43 -0.02366 -3.42290e-05 | 44 -0.02517 -4.67264e-04 | 45 -0.03251 -5.43004e-04
 46 -0.03567 -1.47614e-03 | 47 -0.01425 -1.65268e-03 | 48  0.01654 -1.56249e-03
 49  0.00634  6.65686e-04 | 50 -0.02347  2.99055e-04 | 51 -0.01594  4.14806e-03
 52 -0.05494  5.81741e-04 | 53 -0.02227  7.81914e-04 | 54 -0.01191 -2.40310e-03
 55 -0.01077 -4.31457e-03 | 56  0.00936 -2.64633e-03 | 57  0.01068  1.81645e-03
 58  0.00901  3.52960e-03 | 59 -0.03122  7.86795e-04 | 60 -0.02013  2.63513e-04
 61  0.02505 -3.51626e-04 | 62 -0.03215 -8.15438e-04 | 63 -0.04162 -2.10113e-03
 64 -0.01387 -1.73766e-03 | 65 -0.03067 -6.97131e-04 | 66 -0.04865 -1.57316e-04
 67 -0.04375 -2.50658e-03 | 68  0.04127 -6.32573e-04 | 69 -0.02214  1.61689e-03
 70 -0.08701  2.38302e-04 | 71 -0.08231  3.45398e-04 | 72 -0.04594  2.25490e-05
 73 -0.01703  2.10612e-04 | 74 -0.01678  4.06715e-04 | 75 -0.01677 -3.82348e-04
 76 -0.01677  2.76732e-04 | 77 -0.35255  4.86749e+00 | 78 -0.18129  2.04543e+00
 79 -0.07279 -1.76926e-02 | 80 -0.20011  1.70409e-02 | 81 -0.32953  5.61358e-03
 82 -1.46764 -6.66221e-05 | 83 -0.11885 -2.20222e-03 | 84  0.54174  1.35588e-03
 85  0.97325 -1.55981e-04 | 86  0.05492  9.17526e-07 | 87  0.26464 -5.21999e-03
 88  6.00378  1.86723e-05 | 89  0.00214  1.59513e-05 | 90 -0.00024 -1.20880e-06
 91  0.00498  1.99684e-05 | 92  1.99898 -5.02145e-06 |
92 variables; iteration 480; function evaluation 617; phase 3
Function value -9.1072244e+01; maximum gradient component mag 2.3721e+00
Var    Value     Gradient |Var    Value     Gradient |Var    Value     Gradient
  1  0.99325 -1.54901e-05 |  2  0.00032  1.40381e-04 |  3  0.00038  6.42333e-05
  4 -0.01552 -2.67893e-05 |  5 -0.01544 -3.33679e-04 |  6 -0.01536 -6.59248e-05
  7 -0.01525 -1.90474e-04 |  8 -0.01513 -1.61465e-04 |  9 -0.01499  6.51774e-05
 10 -0.01483 -5.10663e-06 | 11 -0.01467 -8.60418e-05 | 12 -0.01449 -5.75784e-05
 13 -0.01427  5.91693e-06 | 14 -0.01400  3.41685e-05 | 15 -0.01363 -4.46200e-05
 16 -0.01311 -5.46063e-05 | 17 -0.01244 -4.55916e-05 | 18 -0.01106  4.51644e-05
 19 -0.00933  5.52276e-05 | 20 -0.00746  4.34751e-05 | 21 -0.00522  5.69994e-05
 22 -0.00275 -4.99179e-05 | 23 -0.00037  8.96315e-05 | 24  0.00149  2.31417e-04
 25  0.00260  9.09185e-05 | 26  0.00240  1.79626e-04 | 27  0.00107  1.52099e-04
 28 -0.00108  2.13152e-04 | 29 -0.00302 -9.83771e-05 | 30 -0.00541  1.15439e-05
 31 -0.00806 -1.01666e-04 | 32 -0.00952 -1.92244e-05 | 33 -0.00879  2.28385e-05
 34 -0.01191  8.36987e-04 | 35 -0.01863  2.66303e-03 | 36 -0.02770  3.17115e-03
 37 -0.01066 -4.47706e-03 | 38 -0.00768 -2.43996e-03 | 39 -0.04373 -1.66944e-05
 40 -0.03778  4.66386e-05 | 41 -0.03147  6.70624e-05 | 42 -0.02723 -1.04271e-05
 43 -0.02366  4.29276e-05 | 44 -0.02516 -2.14822e-05 | 45 -0.03251 -3.09930e-05
 46 -0.03567 -3.80839e-04 | 47 -0.01425 -5.11892e-04 | 48  0.01654 -4.30383e-04
 49  0.00634  6.24721e-04 | 50 -0.02347  2.41637e-04 | 51 -0.01594  1.54564e-03
 52 -0.05494 -6.36523e-05 | 53 -0.02227 -2.00676e-04 | 54 -0.01191 -9.79199e-04
 55 -0.01077 -1.32417e-03 | 56  0.00937 -5.83968e-04 | 57  0.01068  5.61560e-04
 58  0.00901  1.46835e-03 | 59 -0.03122  4.07337e-04 | 60 -0.02014 -3.67300e-04
 61  0.02505 -2.58855e-04 | 62 -0.03215 -2.28558e-04 | 63 -0.04162 -1.01159e-03
 64 -0.01387 -1.05197e-03 | 65 -0.03067 -3.89879e-04 | 66 -0.04865  1.46405e-04
 67 -0.04375 -7.51977e-04 | 68  0.04127  3.44914e-05 | 69 -0.02214  1.27010e-03
 70 -0.08700  2.54241e-04 | 71 -0.08231 -7.25241e-05 | 72 -0.04595 -9.09274e-05
 73 -0.01703  4.95001e-05 | 74 -0.01678  9.03876e-05 | 75 -0.01677 -8.88082e-05
 76 -0.01677  3.44483e-05 | 77 -0.35254  2.37212e+00 | 78 -0.18172  9.87509e-01
 79 -0.07278 -8.04949e-03 | 80 -0.15976  1.13047e-02 | 81 -0.32953  1.28136e-03
 82 -1.46690 -1.25523e-05 | 83 -0.11884 -4.76897e-04 | 84  0.54174  3.24354e-04
 85  0.97328 -2.75137e-05 | 86  0.05387 -1.14853e-04 | 87  0.26465 -1.22087e-03
 88  6.00074  3.67484e-06 | 89 -0.00044  3.18739e-06 | 90 -0.00006 -3.01078e-07
 91  0.00172  4.05114e-06 | 92  1.99975 -1.23917e-06 |
92 variables; iteration 500; function evaluation 639; phase 3
Function value -9.1072265e+01; maximum gradient component mag 3.2782e+00
Var    Value     Gradient |Var    Value     Gradient |Var    Value     Gradient
  1  0.99777  3.48756e-05 |  2  0.00032 -9.93851e-05 |  3  0.00038 -9.05158e-05
  4 -0.01552 -1.44827e-04 |  5 -0.01544  3.41585e-04 |  6 -0.01535  1.32273e-04
  7 -0.01525  2.49201e-04 |  8 -0.01513  1.48970e-04 |  9 -0.01499 -1.65918e-04
 10 -0.01483 -2.61143e-04 | 11 -0.01467  7.68842e-05 | 12 -0.01449  8.32110e-05
 13 -0.01427  5.59618e-05 | 14 -0.01400 -1.05628e-04 | 15 -0.01363  8.19407e-05
 16 -0.01311  9.18005e-05 | 17 -0.01244  3.71709e-05 | 18 -0.01106  2.67152e-06
 19 -0.00933  6.92593e-06 | 20 -0.00746  6.65911e-06 | 21 -0.00522 -1.36520e-05
 22 -0.00275  1.30705e-04 | 23 -0.00037 -1.10476e-04 | 24  0.00149 -1.55789e-04
 25  0.00260 -3.30320e-05 | 26  0.00240 -6.30544e-05 | 27  0.00107 -1.53388e-04
 28 -0.00108 -2.86697e-04 | 29 -0.00302  2.79544e-05 | 30 -0.00541 -8.12270e-05
 31 -0.00806 -1.30736e-04 | 32 -0.00952 -8.62384e-05 | 33 -0.00879  4.09839e-05
 34 -0.01191  1.09750e-03 | 35 -0.01863  4.33564e-03 | 36 -0.02770  5.32801e-03
 37 -0.01066 -5.90085e-03 | 38 -0.00769 -4.43276e-03 | 39 -0.04373 -2.44725e-04
 40 -0.03778 -1.53157e-05 | 41 -0.03148 -3.08590e-05 | 42 -0.02723  1.06202e-04
 43 -0.02366  8.25743e-05 | 44 -0.02516  2.96449e-04 | 45 -0.03251  3.46347e-04
 46 -0.03567  3.57534e-05 | 47 -0.01425 -2.49095e-05 | 48  0.01654  2.54244e-04
 49  0.00634  1.97342e-03 | 50 -0.02347  7.16003e-04 | 51 -0.01594  1.31136e-03
 52 -0.05494 -9.07373e-04 | 53 -0.02227 -1.57274e-03 | 54 -0.01191 -1.27881e-03
 55 -0.01077 -8.94533e-04 | 56  0.00937  2.20974e-04 | 57  0.01068  2.61228e-04
 58  0.00901  1.76147e-03 | 59 -0.03121  6.77857e-04 | 60 -0.02014 -1.36246e-03
 61  0.02505 -5.08745e-04 | 62 -0.03215 -3.91444e-05 | 63 -0.04162 -1.28765e-03
 64 -0.01387 -1.61756e-03 | 65 -0.03067 -4.82732e-04 | 66 -0.04865  3.53414e-04
 67 -0.04375 -6.86195e-04 | 68  0.04127 -9.57273e-05 | 69 -0.02214  2.27861e-03
 70 -0.08700  4.77587e-04 | 71 -0.08231 -6.20414e-04 | 72 -0.04595 -3.57043e-04
 73 -0.01703 -5.54794e-05 | 74 -0.01678  2.61531e-05 | 75 -0.01677  5.40034e-05
 76 -0.01677 -6.93576e-05 | 77 -0.35255  3.27817e+00 | 78 -0.18212  1.35176e+00
 79 -0.07278 -1.15416e-02 | 80 -0.13084  2.00443e-02 | 81 -0.32953  1.75250e-04
 82 -1.46657  1.13297e-05 | 83 -0.11884  1.14649e-04 | 84  0.54174  2.66288e-04
 85  0.97330  9.86610e-05 | 86  0.05528  3.19301e-05 | 87  0.26465  7.07446e-04
 88  5.99993 -3.46114e-07 | 89 -0.00055  2.63888e-06 | 90 -0.00085 -4.21023e-06
 91  0.00127  1.82246e-06 | 92  2.00011  5.48345e-07 |
92 variables; iteration 520; function evaluation 663; phase 3
Function value -9.1072283e+01; maximum gradient component mag -7.7905e-01
Var    Value     Gradient |Var    Value     Gradient |Var    Value     Gradient
  1  0.99422 -8.62849e-06 |  2  0.00032  2.00389e-05 |  3  0.00038 -1.33794e-05
  4 -0.01552 -3.06964e-05 |  5 -0.01544 -8.72005e-05 |  6 -0.01536 -4.32922e-06
  7 -0.01525  1.77606e-05 |  8 -0.01513 -3.89022e-05 |  9 -0.01499 -1.23575e-05
 10 -0.01483 -1.62678e-04 | 11 -0.01467 -3.18459e-05 | 12 -0.01449 -9.67411e-06
 13 -0.01427  9.76034e-06 | 14 -0.01400  8.43158e-06 | 15 -0.01363 -2.11145e-05
 16 -0.01311 -3.21247e-05 | 17 -0.01244 -1.57089e-05 | 18 -0.01106  2.43356e-05
 19 -0.00933  3.77428e-05 | 20 -0.00746  2.58373e-05 | 21 -0.00522  4.29516e-05
 22 -0.00275 -3.00946e-06 | 23 -0.00037  4.39306e-05 | 24  0.00149  9.47301e-05
 25  0.00260  5.60441e-05 | 26  0.00240  1.03893e-04 | 27  0.00107  1.00384e-04
 28 -0.00108  9.14585e-05 | 29 -0.00302  2.16955e-05 | 30 -0.00541  5.84324e-05
 31 -0.00806  2.50367e-05 | 32 -0.00952  3.79682e-05 | 33 -0.00879 -7.25253e-05
 34 -0.01191 -2.38890e-04 | 35 -0.01863 -1.13420e-03 | 36 -0.02770 -1.46929e-03
 37 -0.01066  1.27924e-03 | 38 -0.00769  9.77924e-04 | 39 -0.04373 -1.40723e-05
 40 -0.03778 -1.77952e-05 | 41 -0.03148 -2.20675e-05 | 42 -0.02723 -4.41653e-05
 43 -0.02366 -5.62776e-05 | 44 -0.02516 -1.06196e-04 | 45 -0.03251 -1.04064e-04
 46 -0.03567  9.13957e-06 | 47 -0.01425  9.22706e-05 | 48  0.01654  1.07326e-04
 49  0.00634 -2.39176e-04 | 50 -0.02347  3.51248e-05 | 51 -0.01594 -2.80119e-04
 52 -0.05494  1.85624e-04 | 53 -0.02227  3.00129e-04 | 54 -0.01191  2.35583e-04
 55 -0.01077  6.34324e-05 | 56  0.00937 -2.20755e-04 | 57  0.01068  2.67100e-05
 58  0.00901 -3.55998e-04 | 59 -0.03122 -1.27548e-04 | 60 -0.02014  3.55078e-04
 61  0.02505 -4.32118e-05 | 62 -0.03215 -8.47224e-05 | 63 -0.04162  2.76493e-04
 64 -0.01387  4.92260e-04 | 65 -0.03067  1.87548e-04 | 66 -0.04865 -1.94902e-04
 67 -0.04375 -1.94423e-06 | 68  0.04127 -2.74292e-04 | 69 -0.02214 -7.90550e-04
 70 -0.08700 -1.73648e-04 | 71 -0.08231  1.79958e-04 | 72 -0.04595  6.51835e-05
 73 -0.01703  4.68012e-05 | 74 -0.01678  4.67675e-05 | 75 -0.01677 -1.91939e-05
 76 -0.01677 -2.02660e-05 | 77 -0.35255 -7.79053e-01 | 78 -0.18267 -3.14929e-01
 79 -0.07278  2.68467e-03 | 80 -0.09932 -6.61874e-03 | 81 -0.32953  6.00040e-04
 82 -1.46681 -6.05783e-06 | 83 -0.11884 -2.06478e-04 | 84  0.54174  2.37385e-04
 85  0.97328 -1.07692e-05 | 86  0.05475 -1.53244e-05 | 87  0.26465 -3.68385e-04
 88  6.00041  1.99959e-06 | 89 -0.00056  2.57645e-06 | 90 -0.00024 -1.16878e-06
 91  0.00159  3.41271e-06 | 92  1.99988 -5.92998e-07 |
92 variables; iteration 540; function evaluation 686; phase 3
Function value -9.1072293e+01; maximum gradient component mag 2.0980e+00
Var    Value     Gradient |Var    Value     Gradient |Var    Value     Gradient
  1  0.99441 -7.20960e-06 |  2  0.00032  1.41266e-04 |  3  0.00038 -2.87098e-05
  4 -0.01552 -2.14196e-04 |  5 -0.01544 -1.79495e-04 |  6 -0.01536 -1.19247e-05
  7 -0.01525 -2.02841e-05 |  8 -0.01513 -2.33236e-04 |  9 -0.01499 -1.59316e-04
 10 -0.01483 -1.82666e-04 | 11 -0.01467 -7.63358e-05 | 12 -0.01449 -2.89599e-05
 13 -0.01427  1.75573e-06 | 14 -0.01400  8.94439e-06 | 15 -0.01363 -8.04009e-05
 16 -0.01311 -8.92115e-05 | 17 -0.01244 -8.12805e-05 | 18 -0.01106  7.58993e-05
 19 -0.00933  7.79081e-05 | 20 -0.00746  5.12788e-05 | 21 -0.00522  9.74421e-05
 22 -0.00275 -2.44576e-05 | 23 -0.00037  1.19791e-04 | 24  0.00149  3.06855e-04
 25  0.00261  1.52157e-04 | 26  0.00240  2.53760e-04 | 27  0.00107  2.10028e-04
 28 -0.00108  2.63329e-04 | 29 -0.00302 -1.14527e-04 | 30 -0.00541  4.94639e-05
 31 -0.00806 -1.11725e-04 | 32 -0.00952  2.81520e-05 | 33 -0.00879 -1.39656e-05
 34 -0.01191  9.33692e-04 | 35 -0.01863  2.79558e-03 | 36 -0.02770  3.28238e-03
 37 -0.01066 -4.86322e-03 | 38 -0.00768 -2.62848e-03 | 39 -0.04373 -2.83021e-05
 40 -0.03778  5.73085e-05 | 41 -0.03148  5.14764e-05 | 42 -0.02723 -7.87564e-06
 43 -0.02366  3.34098e-05 | 44 -0.02516 -2.15324e-05 | 45 -0.03251 -2.57909e-05
 46 -0.03567 -3.76635e-04 | 47 -0.01425 -4.92397e-04 | 48  0.01654 -2.81968e-04
 49  0.00634  9.63094e-04 | 50 -0.02347  4.64645e-04 | 51 -0.01594  1.76677e-03
 52 -0.05494  1.00521e-05 | 53 -0.02227 -2.44467e-04 | 54 -0.01191 -1.13521e-03
 55 -0.01077 -1.51466e-03 | 56  0.00937 -7.88228e-04 | 57  0.01068  7.16677e-04
 58  0.00901  1.65738e-03 | 59 -0.03122  4.66298e-04 | 60 -0.02014 -4.45104e-04
 61  0.02505 -6.00075e-04 | 62 -0.03215 -4.36420e-04 | 63 -0.04162 -1.26178e-03
 64 -0.01387 -1.15482e-03 | 65 -0.03067 -4.42329e-04 | 66 -0.04865  1.34177e-04
 67 -0.04375 -8.95501e-04 | 68  0.04127 -1.28910e-04 | 69 -0.02214  1.18400e-03
 70 -0.08700  2.25345e-04 | 71 -0.08231 -2.91789e-05 | 72 -0.04595 -1.36678e-04
 73 -0.01703  9.51560e-05 | 74 -0.01678  1.41289e-04 | 75 -0.01677 -1.08903e-04
 76 -0.01677 -7.09703e-05 | 77 -0.35254  2.09804e+00 | 78 -0.18322  8.43252e-01
 79 -0.07278 -8.44540e-03 | 80 -0.07364  1.97889e-02 | 81 -0.32953  1.99549e-03
 82 -1.46701 -2.05912e-05 | 83 -0.11884 -6.82890e-04 | 84  0.54174  4.57644e-04
 85  0.97327 -3.70433e-05 | 86  0.05456 -3.40733e-05 | 87  0.26465 -1.43296e-03
 88  6.00128  6.33554e-06 | 89  0.00051  7.86070e-06 | 90 -0.00065 -3.21201e-06
 91  0.00298  1.01998e-05 | 92  1.99958 -2.06606e-06 |
92 variables; iteration 560; function evaluation 710; phase 3
Function value -9.1072299e+01; maximum gradient component mag 1.6496e+00
Var    Value     Gradient |Var    Value     Gradient |Var    Value     Gradient
  1  0.99411 -9.48579e-06 |  2  0.00032 -1.01379e-04 |  3  0.00038 -1.21593e-04
  4 -0.01552 -8.12408e-05 |  5 -0.01544  2.51294e-04 |  6 -0.01536  6.94617e-05
  7 -0.01525  2.63435e-04 |  8 -0.01513  3.78127e-05 |  9 -0.01499 -1.68241e-04
 10 -0.01483 -1.92524e-04 | 11 -0.01467  3.13234e-05 | 12 -0.01449  5.73935e-05
 13 -0.01427 -6.30232e-06 | 14 -0.01400 -7.92977e-06 | 15 -0.01363 -1.59898e-05
 16 -0.01311 -3.41929e-05 | 17 -0.01244 -1.07624e-05 | 18 -0.01106 -8.58628e-06
 19 -0.00933 -1.66264e-05 | 20 -0.00746 -2.65027e-05 | 21 -0.00522  1.52222e-06
 22 -0.00275  1.65836e-05 | 23 -0.00037 -7.66091e-05 | 24  0.00149 -9.61527e-05
 25  0.00260 -3.12489e-05 | 26  0.00240 -4.07672e-05 | 27  0.00107 -3.87036e-05
 28 -0.00108 -1.35547e-04 | 29 -0.00302 -1.05490e-05 | 30 -0.00541 -4.67766e-05
 31 -0.00806 -6.55313e-05 | 32 -0.00952 -5.28126e-05 | 33 -0.00879  5.45511e-05
 34 -0.01191  7.37885e-04 | 35 -0.01863  2.86465e-03 | 36 -0.02770  3.65559e-03
 37 -0.01066 -3.65308e-03 | 38 -0.00768 -2.61994e-03 | 39 -0.04373  4.36824e-05
 40 -0.03778  7.56664e-05 | 41 -0.03148  4.78106e-05 | 42 -0.02722  1.25150e-04
 43 -0.02366  1.09040e-04 | 44 -0.02516  2.23599e-04 | 45 -0.03251  2.34397e-04
 46 -0.03567  1.82788e-05 | 47 -0.01425 -1.60421e-04 | 48  0.01654  5.40996e-05
 49  0.00634  1.03890e-03 | 50 -0.02347  4.19838e-04 | 51 -0.01594  1.04542e-03
 52 -0.05494 -4.06025e-04 | 53 -0.02227 -8.20008e-04 | 54 -0.01191 -8.11481e-04
 55 -0.01077 -4.31189e-04 | 56  0.00937  1.83570e-04 | 57  0.01068  2.17274e-04
 58  0.00901  1.16575e-03 | 59 -0.03121  4.20969e-04 | 60 -0.02014 -9.66114e-04
 61  0.02505 -4.96619e-04 | 62 -0.03215 -1.18619e-04 | 63 -0.04162 -1.06800e-03
 64 -0.01387 -1.31340e-03 | 65 -0.03067 -4.41683e-04 | 66 -0.04865  4.06468e-04
 67 -0.04375 -2.14183e-04 | 68  0.04127  3.72018e-04 | 69 -0.02214  1.73285e-03
 70 -0.08700  3.68449e-04 | 71 -0.08231 -3.22640e-04 | 72 -0.04595 -2.05437e-04
 73 -0.01703  2.32055e-05 | 74 -0.01678 -2.04047e-05 | 75 -0.01677  3.01506e-05
 76 -0.01677 -1.18639e-04 | 77 -0.35254  1.64958e+00 | 78 -0.18381  6.52489e-01
 79 -0.07278 -7.01191e-03 | 80 -0.05181  1.83790e-02 | 81 -0.32953 -1.96995e-04
 82 -1.46669  2.66436e-06 | 83 -0.11884  1.46624e-04 | 84  0.54173 -2.67232e-05
 85  0.97328  1.06163e-05 | 86  0.05556  5.30273e-05 | 87  0.26465  3.68134e-04
 88  5.99988 -5.75985e-07 | 89 -0.00088  9.97307e-07 | 90 -0.00034 -1.68337e-06
 91  0.00122  1.58555e-06 | 92  1.99999 -2.63630e-08 |
92 variables; iteration 580; function evaluation 735; phase 3
Function value -9.1072302e+01; maximum gradient component mag 6.5352e-01
Var    Value     Gradient |Var    Value     Gradient |Var    Value     Gradient
  1  0.99762  3.12889e-05 |  2  0.00032 -4.35779e-05 |  3  0.00038 -3.98995e-05
  4 -0.01552 -5.93196e-06 |  5 -0.01544  7.70173e-05 |  6 -0.01536  2.17578e-05
  7 -0.01525  9.16808e-05 |  8 -0.01513  2.89950e-05 |  9 -0.01499 -3.71672e-05
 10 -0.01483 -8.52974e-05 | 11 -0.01467  8.53165e-06 | 12 -0.01449  1.96791e-05
 13 -0.01427  1.41018e-06 | 14 -0.01400  1.12175e-06 | 15 -0.01363 -3.60712e-06
 16 -0.01311 -1.14057e-05 | 17 -0.01244 -1.26188e-07 | 18 -0.01106 -4.80035e-06
 19 -0.00933 -6.48440e-06 | 20 -0.00746 -8.65088e-06 | 21 -0.00522 -8.31515e-07
 22 -0.00275  4.24600e-06 | 23 -0.00037 -3.66402e-05 | 24  0.00149 -4.47915e-05
 25  0.00260 -1.79405e-05 | 26  0.00240 -1.95504e-05 | 27  0.00107 -1.73444e-05
 28 -0.00108 -6.02269e-05 | 29 -0.00302 -3.85759e-06 | 30 -0.00541 -2.26607e-05
 31 -0.00806 -2.81855e-05 | 32 -0.00952 -2.88172e-05 | 33 -0.00879  2.05631e-05
 34 -0.01191  3.06274e-04 | 35 -0.01863  1.20448e-03 | 36 -0.02770  1.54318e-03
 37 -0.01066 -1.53025e-03 | 38 -0.00768 -1.09811e-03 | 39 -0.04373  2.01432e-05
 40 -0.03778  3.02288e-05 | 41 -0.03148  2.18317e-05 | 42 -0.02722  5.10105e-05
 43 -0.02366  4.48169e-05 | 44 -0.02516  9.08289e-05 | 45 -0.03251  9.53755e-05
 46 -0.03567  2.56743e-06 | 47 -0.01425 -7.65014e-05 | 48  0.01654  1.06161e-05
 49  0.00634  4.05219e-04 | 50 -0.02347  1.58441e-04 | 51 -0.01594  4.26654e-04
 52 -0.05494 -1.80870e-04 | 53 -0.02227 -3.40570e-04 | 54 -0.01191 -3.32363e-04
 55 -0.01077 -1.79919e-04 | 56  0.00937  8.74779e-05 | 57  0.01068  8.10888e-05
 58  0.00901  4.81715e-04 | 59 -0.03122  1.74360e-04 | 60 -0.02014 -3.96213e-04
 61  0.02505 -1.76280e-04 | 62 -0.03215 -3.04910e-05 | 63 -0.04161 -4.29508e-04
 64 -0.01387 -5.44610e-04 | 65 -0.03067 -1.79134e-04 | 66 -0.04865  1.74099e-04
 67 -0.04375 -8.53381e-05 | 68  0.04127  1.65380e-04 | 69 -0.02214  7.37361e-04
 70 -0.08700  1.55830e-04 | 71 -0.08231 -1.39811e-04 | 72 -0.04595 -8.17402e-05
 73 -0.01703  7.28950e-06 | 74 -0.01678 -1.18824e-05 | 75 -0.01677  1.54371e-05
 76 -0.01677 -3.73946e-05 | 77 -0.35254  6.53515e-01 | 78 -0.18428  2.55838e-01
 79 -0.07278 -2.95124e-03 | 80 -0.03624  8.16574e-03 | 81 -0.32953 -1.37665e-04
 82 -1.46671  1.45632e-06 | 83 -0.11884  7.77063e-05 | 84  0.54173  8.21404e-08
 85  0.97328  6.80547e-06 | 86  0.05509  1.56175e-05 | 87  0.26465  1.66473e-04
 88  5.99992 -3.84384e-07 | 89 -0.00107  6.45612e-08 | 90 -0.00009 -4.60713e-07
 91  0.00093  1.75768e-07 | 92  2.00001  5.48711e-08 |
92 variables; iteration 600; function evaluation 758; phase 3
Function value -9.1072304e+01; maximum gradient component mag 3.5219e-01
Var    Value     Gradient |Var    Value     Gradient |Var    Value     Gradient
  1  0.99445 -6.90606e-06 |  2  0.00032 -2.07055e-05 |  3  0.00038 -2.36155e-05
  4 -0.01552 -1.36648e-05 |  5 -0.01544  5.07407e-05 |  6 -0.01536  1.37249e-05
  7 -0.01525  5.08046e-05 |  8 -0.01513  8.92061e-06 |  9 -0.01499 -3.09739e-05
 10 -0.01483 -3.23898e-05 | 11 -0.01467  6.51872e-06 | 12 -0.01449  1.16942e-05
 13 -0.01427 -1.30753e-06 | 14 -0.01400 -1.27320e-06 | 15 -0.01363 -2.23349e-06
 16 -0.01311 -6.10180e-06 | 17 -0.01244 -1.67464e-06 | 18 -0.01106 -2.73562e-06
 19 -0.00933 -4.90717e-06 | 20 -0.00746 -6.40112e-06 | 21 -0.00522 -1.60491e-06
 22 -0.00275  2.92845e-06 | 23 -0.00037 -1.89716e-05 | 24  0.00149 -2.34629e-05
 25  0.00260 -9.18920e-06 | 26  0.00240 -1.18360e-05 | 27  0.00107 -1.20072e-05
 28 -0.00108 -3.21409e-05 | 29 -0.00302 -4.12883e-06 | 30 -0.00541 -1.27577e-05
 31 -0.00806 -1.73707e-05 | 32 -0.00952 -1.39520e-05 | 33 -0.00879  1.51027e-05
 34 -0.01191  1.76873e-04 | 35 -0.01863  6.88999e-04 | 36 -0.02770  8.77202e-04
 37 -0.01066 -8.81353e-04 | 38 -0.00768 -6.25703e-04 | 39 -0.04373  9.73429e-06
 40 -0.03778  1.75947e-05 | 41 -0.03148  1.21174e-05 | 42 -0.02722  2.89215e-05
 43 -0.02366  2.60169e-05 | 44 -0.02516  5.12321e-05 | 45 -0.03251  5.39943e-05
 46 -0.03567 -4.25791e-07 | 47 -0.01425 -4.29732e-05 | 48  0.01654 -9.58630e-08
 49  0.00634  2.36223e-04 | 50 -0.02347  8.93812e-05 | 51 -0.01594  2.50433e-04
 52 -0.05494 -9.67005e-05 | 53 -0.02227 -1.88550e-04 | 54 -0.01191 -1.92961e-04
 55 -0.01077 -1.08277e-04 | 56  0.00937  4.28010e-05 | 57  0.01068  4.85476e-05
 58  0.00901  2.75059e-04 | 59 -0.03122  9.89918e-05 | 60 -0.02014 -2.23365e-04
 61  0.02505 -1.03767e-04 | 62 -0.03215 -2.27040e-05 | 63 -0.04161 -2.48593e-04
 64 -0.01387 -3.11202e-04 | 65 -0.03067 -1.06295e-04 | 66 -0.04865  9.51585e-05
 67 -0.04375 -5.16267e-05 | 68  0.04127  9.76513e-05 | 69 -0.02214  4.20458e-04
 70 -0.08700  8.93751e-05 | 71 -0.08231 -7.82404e-05 | 72 -0.04595 -4.73443e-05
 73 -0.01703  2.75286e-06 | 74 -0.01678 -5.65309e-06 | 75 -0.01677  6.31382e-06
 76 -0.01677 -2.25977e-05 | 77 -0.35254  3.52189e-01 | 78 -0.18471  1.36573e-01
 79 -0.07278 -1.69013e-03 | 80 -0.02363  4.86522e-03 | 81 -0.32953 -6.03313e-05
 82 -1.46672  6.99990e-07 | 83 -0.11884  3.79911e-05 | 84  0.54173 -1.15259e-05
 85  0.97328  3.29592e-06 | 86  0.05491  1.87077e-07 | 87  0.26465  8.13237e-05
 88  5.99997 -1.56723e-07 | 89 -0.00107  8.91811e-08 | 90 -0.00005 -2.64358e-07
 91  0.00092  1.34178e-07 | 92  2.00000  1.45147e-08 |
92 variables; iteration 620; function evaluation 782; phase 3
Function value -9.1072304e+01; maximum gradient component mag 1.0869e-01
Var    Value     Gradient |Var    Value     Gradient |Var    Value     Gradient
  1  0.99472 -4.76161e-06 |  2  0.00032 -2.07963e-06 |  3  0.00038  2.93997e-07
  4 -0.01552  4.41427e-06 |  5 -0.01544  1.57283e-08 |  6 -0.01536 -4.54507e-07
  7 -0.01525  1.28434e-07 |  8 -0.01513  3.17397e-06 |  9 -0.01499  3.61334e-06
 10 -0.01483 -2.36544e-09 | 11 -0.01467  2.15665e-07 | 12 -0.01449  9.51106e-08
 13 -0.01427  9.74469e-08 | 14 -0.01400  6.98422e-07 | 15 -0.01363  5.02452e-07
 16 -0.01311  2.91344e-07 | 17 -0.01244  8.76238e-07 | 18 -0.01106 -1.08758e-06
 19 -0.00933 -9.76039e-07 | 20 -0.00746 -7.74315e-07 | 21 -0.00522 -1.31231e-06
 22 -0.00275 -9.45646e-07 | 23 -0.00037 -2.36774e-06 | 24  0.00149 -4.50685e-06
 25  0.00260 -3.31555e-06 | 26  0.00240 -4.39944e-06 | 27  0.00107 -3.95678e-06
 28 -0.00108 -5.82911e-06 | 29 -0.00302 -2.66640e-06 | 30 -0.00541 -5.46548e-06
 31 -0.00806 -4.35941e-06 | 32 -0.00952 -5.88967e-06 | 33 -0.00879  5.50898e-06
 34 -0.01191  5.22827e-05 | 35 -0.01863  2.09902e-04 | 36 -0.02770  2.65215e-04
 37 -0.01066 -2.78007e-04 | 38 -0.00768 -1.87295e-04 | 39 -0.04373  1.52401e-06
 40 -0.03778  3.57716e-06 | 41 -0.03148  4.34216e-06 | 42 -0.02723  5.62797e-06
 43 -0.02366  7.45687e-06 | 44 -0.02516  1.28616e-05 | 45 -0.03251  1.23654e-05
 46 -0.03567 -8.02638e-06 | 47 -0.01425 -2.09298e-05 | 48  0.01654 -1.34979e-05
 49  0.00634  5.41949e-05 | 50 -0.02347  1.38127e-05 | 51 -0.01594  7.79829e-05
 52 -0.05494 -2.82761e-05 | 53 -0.02227 -4.80876e-05 | 54 -0.01191 -5.87950e-05
 55 -0.01077 -4.28856e-05 | 56  0.00937  1.04133e-05 | 57  0.01068  1.43959e-05
 58  0.00901  8.62438e-05 | 59 -0.03122  2.79625e-05 | 60 -0.02014 -5.82910e-05
 61  0.02505 -1.18585e-05 | 62 -0.03215  8.39711e-07 | 63 -0.04161 -6.52095e-05
 64 -0.01387 -8.96149e-05 | 65 -0.03067 -2.95350e-05 | 66 -0.04865  2.65827e-05
 67 -0.04375 -2.21404e-05 | 68  0.04127  2.63276e-05 | 69 -0.02214  1.27653e-04
 70 -0.08700  2.69800e-05 | 71 -0.08231 -2.30766e-05 | 72 -0.04595 -1.06434e-05
 73 -0.01703 -7.63994e-07 | 74 -0.01678 -1.96499e-06 | 75 -0.01677  1.37801e-06
 76 -0.01677  8.91917e-07 | 77 -0.35254  1.08689e-01 | 78 -0.18509  4.17507e-02
 79 -0.07278 -5.47654e-04 | 80 -0.01366  1.62160e-03 | 81 -0.32953 -2.30949e-05
 82 -1.46672  2.48236e-07 | 83 -0.11884  7.85215e-06 | 84  0.54173 -3.68038e-06
 85  0.97328  2.96367e-07 | 86  0.05493  1.65707e-06 | 87  0.26465  1.43473e-05
 88  5.99998 -7.68364e-08 | 89 -0.00110 -8.97981e-08 | 90  0.00001  3.31140e-08
 91  0.00087 -1.14106e-07 | 92  2.00001  2.47993e-08 |
92 variables; iteration 640; function evaluation 806; phase 3
Function value -9.1072304e+01; maximum gradient component mag 2.3271e-02
Var    Value     Gradient |Var    Value     Gradient |Var    Value     Gradient
  1  0.99526 -2.03671e-07 |  2  0.00032 -3.45731e-07 |  3  0.00038  1.98632e-07
  4 -0.01552  8.01892e-07 |  5 -0.01544  1.77941e-07 |  6 -0.01536 -7.22367e-08
  7 -0.01525 -1.92794e-07 |  8 -0.01513  6.92018e-07 |  9 -0.01499  7.07267e-07
 10 -0.01483  4.81184e-07 | 11 -0.01467  1.60027e-07 | 12 -0.01449  9.60126e-10
 13 -0.01427  8.04305e-09 | 14 -0.01400  1.53693e-09 | 15 -0.01363  2.07482e-07
 16 -0.01311  2.53347e-07 | 17 -0.01244  2.32693e-07 | 18 -0.01106 -2.52609e-07
 19 -0.00933 -2.43471e-07 | 20 -0.00746 -1.81926e-07 | 21 -0.00522 -3.73503e-07
 22 -0.00275 -1.18445e-07 | 23 -0.00037 -3.99448e-07 | 24  0.00149 -1.02496e-06
 25  0.00260 -7.63164e-07 | 26  0.00240 -1.17188e-06 | 27  0.00107 -1.14572e-06
 28 -0.00108 -1.35218e-06 | 29 -0.00302 -6.59702e-07 | 30 -0.00541 -1.31940e-06
 31 -0.00806 -9.39301e-07 | 32 -0.00952 -1.28751e-06 | 33 -0.00879  1.28639e-06
 34 -0.01191  1.14756e-05 | 35 -0.01863  4.64696e-05 | 36 -0.02770  5.84435e-05
 37 -0.01066 -6.17007e-05 | 38 -0.00768 -4.15890e-05 | 39 -0.04373  7.04025e-08
 40 -0.03778  6.75125e-07 | 41 -0.03148  8.91721e-07 | 42 -0.02723  1.16774e-06
 43 -0.02366  1.64071e-06 | 44 -0.02516  2.91177e-06 | 45 -0.03251  2.75391e-06
 46 -0.03567 -1.83173e-06 | 47 -0.01425 -4.55476e-06 | 48  0.01654 -3.19726e-06
 49  0.00634  1.20196e-05 | 50 -0.02347  2.63894e-06 | 51 -0.01594  1.69130e-05
 52 -0.05494 -6.41748e-06 | 53 -0.02227 -1.08292e-05 | 54 -0.01191 -1.30671e-05
 55 -0.01077 -9.54931e-06 | 56  0.00937  2.45792e-06 | 57  0.01068  3.10179e-06
 58  0.00901  1.92073e-05 | 59 -0.03122  6.14654e-06 | 60 -0.02014 -1.28355e-05
 61  0.02505 -2.10935e-06 | 62 -0.03215  4.13101e-07 | 63 -0.04161 -1.39553e-05
 64 -0.01387 -1.94803e-05 | 65 -0.03067 -6.37322e-06 | 66 -0.04865  5.78436e-06
 67 -0.04375 -5.17761e-06 | 68  0.04127  5.34475e-06 | 69 -0.02214  2.80729e-05
 70 -0.08700  5.99553e-06 | 71 -0.08231 -5.15499e-06 | 72 -0.04595 -2.33340e-06
 73 -0.01703 -3.01272e-07 | 74 -0.01678 -4.04156e-07 | 75 -0.01677  3.12314e-07
 76 -0.01677  3.30735e-07 | 77 -0.35254  2.32715e-02 | 78 -0.18531  8.87943e-03
 79 -0.07278 -1.22399e-04 | 80 -0.00830  3.66976e-04 | 81 -0.32953 -5.45362e-06
 82 -1.46673  6.05730e-08 | 83 -0.11884  1.69064e-06 | 84  0.54173 -1.12894e-06
 85  0.97328  6.42222e-08 | 86  0.05491  1.38810e-07 | 87  0.26465  3.81957e-06
 88  6.00000 -1.87811e-08 | 89 -0.00109 -2.26050e-08 | 90  0.00000  9.29186e-09
 91  0.00089 -2.85806e-08 | 92  2.00000  6.07071e-09 |

 - final statistics:
92 variables; iteration 646; function evaluation 812
Function value -9.1072e+01; maximum gradient component mag -2.4882e-05
Exit code = 1;  converg criter 1.0000e-04
Var    Value     Gradient |Var    Value     Gradient |Var    Value     Gradient
  1  0.99528  3.18865e-09 |  2  0.00032  2.79326e-08 |  3  0.00038  9.48659e-09
  4 -0.01552 -1.63284e-08 |  5 -0.01544 -4.95104e-08 |  6 -0.01536 -9.00356e-09
  7 -0.01525 -3.17867e-08 |  8 -0.01513 -3.38106e-08 |  9 -0.01499 -7.44745e-11
 10 -0.01483  7.31066e-09 | 11 -0.01467 -1.32203e-08 | 12 -0.01449 -9.28799e-09
 13 -0.01427 -1.04597e-10 | 14 -0.01400  2.77563e-09 | 15 -0.01363 -7.83687e-09
 16 -0.01311 -8.62329e-09 | 17 -0.01244 -9.74247e-09 | 18 -0.01106  9.05005e-09
 19 -0.00933  9.77532e-09 | 20 -0.00746  7.39182e-09 | 21 -0.00522  1.10339e-08
 22 -0.00275 -5.92865e-09 | 23 -0.00037  1.74493e-08 | 24  0.00149  4.43931e-08
 25  0.00260  2.09377e-08 | 26  0.00240  3.70774e-08 | 27  0.00107  3.18487e-08
 28 -0.00108  4.50396e-08 | 29 -0.00302 -8.17025e-09 | 30 -0.00541  1.45786e-08
 31 -0.00806 -6.71446e-09 | 32 -0.00952  1.05677e-08 | 33 -0.00879 -8.74071e-09
 34 -0.01191  1.88907e-09 | 35 -0.01863 -1.01465e-07 | 36 -0.02770 -1.57339e-07
 37 -0.01066 -7.10667e-09 | 38 -0.00768  8.72111e-08 | 39 -0.04373 -5.87852e-09
 40 -0.03778 -1.25265e-09 | 41 -0.03148 -4.41730e-10 | 42 -0.02723 -1.48814e-08
 43 -0.02366 -1.15507e-08 | 44 -0.02516 -3.50891e-08 | 45 -0.03251 -3.41852e-08
 46 -0.03567 -3.73633e-08 | 47 -0.01425 -2.45613e-08 | 48  0.01654 -3.13640e-08
 49  0.00634 -3.55167e-08 | 50 -0.02347  9.49146e-09 | 51 -0.01594  5.17877e-08
 52 -0.05494  5.99327e-08 | 53 -0.02227  8.94354e-08 | 54 -0.01191 -3.73635e-09
 55 -0.01077 -9.88860e-08 | 56  0.00937 -1.15143e-07 | 57  0.01068  4.69660e-08
 58  0.00901  8.25033e-09 | 59 -0.03122 -7.73388e-09 | 60 -0.02014  8.35064e-08
 61  0.02505 -1.65625e-08 | 62 -0.03215 -4.01935e-08 | 63 -0.04161 -9.69195e-10
 64 -0.01387  5.40200e-08 | 65 -0.03067  1.12230e-08 | 66 -0.04865 -4.45143e-08
 67 -0.04375 -5.59079e-08 | 68  0.04127 -5.06020e-08 | 69 -0.02214 -1.11007e-07
 70 -0.08700 -2.52792e-08 | 71 -0.08231  4.34907e-08 | 72 -0.04595  1.19034e-08
 73 -0.01703  8.56468e-09 | 74 -0.01678  1.82176e-08 | 75 -0.01677 -1.74253e-08
 76 -0.01677  3.69521e-09 | 77 -0.35254 -2.48824e-05 | 78 -0.18532 -9.02277e-06
 79 -0.07278  1.22505e-07 | 80 -0.00801 -3.74794e-07 | 81 -0.32953  2.55948e-07
 82 -1.46673 -2.91601e-09 | 83 -0.11884 -8.96128e-08 | 84  0.54173  5.19386e-08
 85  0.97328 -4.19777e-09 | 86  0.05491 -5.93137e-09 | 87  0.26465 -2.19264e-07
 88  6.00000  8.57679e-10 | 89 -0.00108  7.87228e-10 | 90 -0.00000 -1.39952e-10
 91  0.00090  9.54975e-10 | 92  2.00000 -2.34529e-10 |
Warning: the following parameters had issues
  SR_parm[1] is within 0.1% of upper bound: 1.00000e-04 < 1.99997e+01 < 2.00000e+01
  selparm[13] is within 0.1% of upper bound: 2.00000e+01 < 8.29723e+01 < 8.30000e+01


 - final statistics:
93 variables; iteration 0; function evaluation 0
Function value -9.1072e+01; maximum gradient component mag -2.4882e-05
Exit code = 0;  converg criter 1.0000e-04
Var    Value     Gradient |Var    Value     Gradient |Var    Value     Gradient
  1  0.99528  3.18864e-09 |  2  0.00032  2.79326e-08 |  3  0.00038  9.48660e-09
  4 -0.01552 -1.63284e-08 |  5 -0.01544 -4.95104e-08 |  6 -0.01536 -9.00356e-09
  7 -0.01525 -3.17867e-08 |  8 -0.01513 -3.38106e-08 |  9 -0.01499 -7.44749e-11
 10 -0.01483  7.31067e-09 | 11 -0.01467 -1.32203e-08 | 12 -0.01449 -9.28798e-09
 13 -0.01427 -1.04591e-10 | 14 -0.01400  2.77564e-09 | 15 -0.01363 -7.83687e-09
 16 -0.01311 -8.62327e-09 | 17 -0.01244 -9.74247e-09 | 18 -0.01106  9.05005e-09
 19 -0.00933  9.77532e-09 | 20 -0.00746  7.39183e-09 | 21 -0.00522  1.10339e-08
 22 -0.00275 -5.92864e-09 | 23 -0.00037  1.74493e-08 | 24  0.00149  4.43932e-08
 25  0.00260  2.09377e-08 | 26  0.00240  3.70774e-08 | 27  0.00107  3.18487e-08
 28 -0.00108  4.50396e-08 | 29 -0.00302 -8.17023e-09 | 30 -0.00541  1.45787e-08
 31 -0.00806 -6.71445e-09 | 32 -0.00952  1.05677e-08 | 33 -0.00879 -8.74071e-09
 34 -0.01191  1.88909e-09 | 35 -0.01863 -1.01465e-07 | 36 -0.02770 -1.57339e-07
 37 -0.01066 -7.10668e-09 | 38 -0.00768  8.72111e-08 | 39 -0.04373 -5.87852e-09
 40 -0.03778 -1.25265e-09 | 41 -0.03148 -4.41732e-10 | 42 -0.02723 -1.48814e-08
 43 -0.02366 -1.15507e-08 | 44 -0.02516 -3.50891e-08 | 45 -0.03251 -3.41852e-08
 46 -0.03567 -3.73633e-08 | 47 -0.01425 -2.45614e-08 | 48  0.01654 -3.13640e-08
 49  0.00634 -3.55167e-08 | 50 -0.02347  9.49147e-09 | 51 -0.01594  5.17876e-08
 52 -0.05494  5.99325e-08 | 53 -0.02227  8.94354e-08 | 54 -0.01191 -3.73632e-09
 55 -0.01077 -9.88860e-08 | 56  0.00937 -1.15142e-07 | 57  0.01068  4.69660e-08
 58  0.00901  8.25036e-09 | 59 -0.03122 -7.73386e-09 | 60 -0.02014  8.35064e-08
 61  0.02505 -1.65625e-08 | 62 -0.03215 -4.01935e-08 | 63 -0.04161 -9.69187e-10
 64 -0.01387  5.40200e-08 | 65 -0.03067  1.12230e-08 | 66 -0.04865 -4.45143e-08
 67 -0.04375 -5.59079e-08 | 68  0.04127 -5.06020e-08 | 69 -0.02214 -1.11007e-07
 70 -0.08700 -2.52792e-08 | 71 -0.08231  4.34907e-08 | 72 -0.04595  1.19034e-08
 73 -0.01703  8.56468e-09 | 74 -0.01678  1.82176e-08 | 75 -0.01677 -1.74253e-08
 76 -0.01677  3.69522e-09 | 77  0.00000  0.00000e+00 | 78 -0.35254 -2.48824e-05
 79 -0.18532 -9.02277e-06 | 80 -0.07278  1.22505e-07 | 81 -0.00801 -3.74794e-07
 82 -0.32953  2.55948e-07 | 83 -0.53327  2.91601e-09 | 84 -0.11884 -8.96128e-08
 85  0.54173  5.19387e-08 | 86  0.97328 -4.19777e-09 | 87  0.05491 -5.93137e-09
 88  0.26465 -2.19264e-07 | 89 -0.00000 -8.57679e-10 | 90 -0.00108  7.87228e-10
 91 -0.00000 -1.39952e-10 | 92  0.00090  9.54975e-10 | 93  0.00000  2.34529e-10
Estimating row 1 out of 93 for hessian
Estimating row 2 out of 93 for hessian
Estimating row 3 out of 93 for hessian
Estimating row 4 out of 93 for hessian
Estimating row 5 out of 93 for hessian
Estimating row 6 out of 93 for hessian
Estimating row 7 out of 93 for hessian
Estimating row 8 out of 93 for hessian
Estimating row 9 out of 93 for hessian
Estimating row 10 out of 93 for hessian
Estimating row 11 out of 93 for hessian
Estimating row 12 out of 93 for hessian
Estimating row 13 out of 93 for hessian
Estimating row 14 out of 93 for hessian
Estimating row 15 out of 93 for hessian
Estimating row 16 out of 93 for hessian
Estimating row 17 out of 93 for hessian
Estimating row 18 out of 93 for hessian
Estimating row 19 out of 93 for hessian
Estimating row 20 out of 93 for hessian
Estimating row 21 out of 93 for hessian
Estimating row 22 out of 93 for hessian
Estimating row 23 out of 93 for hessian
Estimating row 24 out of 93 for hessian
Estimating row 25 out of 93 for hessian
Estimating row 26 out of 93 for hessian
Estimating row 27 out of 93 for hessian
Estimating row 28 out of 93 for hessian
Estimating row 29 out of 93 for hessian
Estimating row 30 out of 93 for hessian
Estimating row 31 out of 93 for hessian
Estimating row 32 out of 93 for hessian
Estimating row 33 out of 93 for hessian
Estimating row 34 out of 93 for hessian
Estimating row 35 out of 93 for hessian
Estimating row 36 out of 93 for hessian
Estimating row 37 out of 93 for hessian
Estimating row 38 out of 93 for hessian
Estimating row 39 out of 93 for hessian
Estimating row 40 out of 93 for hessian
Estimating row 41 out of 93 for hessian
Estimating row 42 out of 93 for hessian
Estimating row 43 out of 93 for hessian
Estimating row 44 out of 93 for hessian
Estimating row 45 out of 93 for hessian
Estimating row 46 out of 93 for hessian
Estimating row 47 out of 93 for hessian
Estimating row 48 out of 93 for hessian
Estimating row 49 out of 93 for hessian
Estimating row 50 out of 93 for hessian
Estimating row 51 out of 93 for hessian
Estimating row 52 out of 93 for hessian
Estimating row 53 out of 93 for hessian
Estimating row 54 out of 93 for hessian
Estimating row 55 out of 93 for hessian
Estimating row 56 out of 93 for hessian
Estimating row 57 out of 93 for hessian
Estimating row 58 out of 93 for hessian
Estimating row 59 out of 93 for hessian
Estimating row 60 out of 93 for hessian
Estimating row 61 out of 93 for hessian
Estimating row 62 out of 93 for hessian
Estimating row 63 out of 93 for hessian
Estimating row 64 out of 93 for hessian
Estimating row 65 out of 93 for hessian
Estimating row 66 out of 93 for hessian
Estimating row 67 out of 93 for hessian
Estimating row 68 out of 93 for hessian
Estimating row 69 out of 93 for hessian
Estimating row 70 out of 93 for hessian
Estimating row 71 out of 93 for hessian
Estimating row 72 out of 93 for hessian
Estimating row 73 out of 93 for hessian
Estimating row 74 out of 93 for hessian
Estimating row 75 out of 93 for hessian
Estimating row 76 out of 93 for hessian
Estimating row 77 out of 93 for hessian
Estimating row 78 out of 93 for hessian
Estimating row 79 out of 93 for hessian
Estimating row 80 out of 93 for hessian
Estimating row 81 out of 93 for hessian
Estimating row 82 out of 93 for hessian
Estimating row 83 out of 93 for hessian
Estimating row 84 out of 93 for hessian
Estimating row 85 out of 93 for hessian
Estimating row 86 out of 93 for hessian
Estimating row 87 out of 93 for hessian
Estimating row 88 out of 93 for hessian
Estimating row 89 out of 93 for hessian
Estimating row 90 out of 93 for hessian
Estimating row 91 out of 93 for hessian
Estimating row 92 out of 93 for hessian
Estimating row 93 out of 93 for hessian
size of file gradfil1.tmp = 0
size of file gradfil2.tmp = 0
size of file varssave.tmp = 0
size of file cmpdiff.tmp = 0
