
Initial statistics: 75 variables; iteration 0; function evaluation 0; phase 1
Function value 4.0605554e+06; maximum gradient component mag -1.0106e+07
Var    Value     Gradient |Var    Value     Gradient |Var    Value     Gradient
  1 -0.19398 -1.01063e+07 |  2  0.00000 -4.49221e+04 |  3  0.00000 -4.11667e+04
  4  0.00000 -3.59589e+04 |  5  0.00000 -2.98900e+04 |  6  0.00000 -2.88565e+04
  7  0.00000 -3.65174e+04 |  8  0.00000 -7.75177e+04 |  9  0.00000 -1.11010e+05
 10  0.00000 -1.26797e+05 | 11  0.00000 -1.21674e+05 | 12  0.00000 -1.20954e+05
 13  0.00000 -1.24508e+05 | 14  0.00000 -1.21545e+05 | 15  0.00000 -1.21882e+05
 16  0.00000 -1.17031e+05 | 17  0.00000 -1.15186e+05 | 18  0.00000 -1.10346e+05
 19  0.00000 -1.12855e+05 | 20  0.00000  8.43926e+04 | 21  0.00000  1.28714e+05
 22  0.00000  1.29433e+05 | 23  0.00000  1.12702e+05 | 24  0.00000  1.02517e+05
 25  0.00000  8.25217e+04 | 26  0.00000  7.36891e+04 | 27  0.00000  6.24069e+04
 28  0.00000  5.99783e+04 | 29  0.00000  3.56586e+04 | 30  0.00000  2.82862e+04
 31  0.00000  2.97783e+04 | 32  0.00000  2.76670e+04 | 33  0.00000 -1.05057e+05
 34  0.00000 -1.11790e+05 | 35  0.00000 -7.09785e+04 | 36  0.00000 -1.30241e+05
 37  0.00000 -1.31659e+05 | 38  0.00000 -1.26927e+05 | 39  0.00000 -1.28170e+05
 40  0.00000 -9.28125e+04 | 41  0.00000 -9.11075e+04 | 42  0.00000 -9.37682e+04
 43  0.00000 -1.11279e+05 | 44  0.00000 -1.13142e+05 | 45  0.00000 -1.46079e+05
 46  0.00000 -1.71849e+05 | 47  0.00000 -1.40297e+05 | 48  0.00000 -1.00209e+05
 49  0.00000 -8.76548e+04 | 50  0.00000 -5.88685e+04 | 51  0.00000 -1.11135e+05
 52  0.00000 -1.57540e+05 | 53  0.00000 -1.40085e+05 | 54  0.00000 -1.35529e+05
 55  0.00000 -1.11752e+05 | 56  0.00000 -8.69583e+04 | 57  0.00000 -8.89044e+04
 58  0.00000 -9.09705e+04 | 59  0.00000 -8.34282e+04 | 60  0.00000 -9.86427e+04
 61  0.00000 -1.04761e+05 | 62  0.00000 -9.07156e+04 | 63  0.00000 -9.59730e+04
 64  0.00000 -1.12078e+05 | 65  0.00000 -9.78009e+04 | 66  0.00000 -8.95541e+04
 67  0.00000 -6.73871e+04 | 68  0.00000 -5.51603e+04 | 69  0.00000 -3.28075e+04
 70  0.00000 -1.66492e+04 | 71  0.00000  4.87520e+03 | 72  0.00000  2.62444e+04
 73  0.00000 -2.07830e+05 | 74  0.00000 -5.56375e+04 | 75  0.00000  1.33451e+02

Intermediate statistics: 75 variables; iteration 20; function evaluation 37; phase 1
Function value 7.5782116e+02; maximum gradient component mag -3.2112e+02
Var    Value     Gradient |Var    Value     Gradient |Var    Value     Gradient
  1  0.07777 -2.60705e+02 |  2 -0.04465 -1.13199e+01 |  3 -0.05558 -1.02064e+01
  4 -0.04381 -7.61515e+00 |  5 -0.02985 -4.59792e+00 |  6 -0.02175 -3.06211e+00
  7 -0.02466 -4.12021e+00 |  8 -0.07332 -1.55842e+01 |  9 -0.11048 -2.41243e+01
 10 -0.12117 -2.65965e+01 | 11 -0.10121 -2.22652e+01 | 12 -0.08679 -1.90103e+01
 13 -0.07757 -1.67331e+01 | 14 -0.05687 -1.16409e+01 | 15 -0.03855 -6.79903e+00
 16 -0.01016  8.50325e-01 | 17  0.01626  8.54815e+00 | 18  0.04120  1.66872e+01
 19  0.05580  2.23588e+01 | 20  0.32587  1.07176e+02 | 21  0.35179  1.39059e+02
 22  0.30934  1.44862e+02 | 23  0.24454  1.32237e+02 | 24  0.17784  1.12269e+02
 25  0.10649  8.50435e+01 | 26  0.03853  5.86110e+01 | 27 -0.02327  3.46743e+01
 28 -0.06769  1.85460e+01 | 29 -0.09900  6.28533e+00 | 30 -0.07413  1.44270e+01
 31  0.07931  9.91684e+01 | 32  0.11678  1.33748e+02 | 33 -0.03127  1.73602e+01
 34  0.04653 -1.15566e+01 | 35  0.16030 -9.64772e+01 | 36 -0.04128 -5.20328e+01
 37  0.02569 -1.07439e+02 | 38  0.09000 -6.73388e+01 | 39 -0.16644 -3.16214e+01
 40 -0.06128  5.99500e+00 | 41  0.08995  8.18267e+01 | 42  0.01527  9.62803e+01
 43  0.02858  1.54990e+02 | 44  0.00505 -1.49808e+01 | 45 -0.43946 -8.27614e+01
 46 -0.72027 -6.02206e+01 | 47  0.04242 -4.06364e+01 | 48 -0.01313  1.73626e+01
 49  0.06080 -5.15737e+01 | 50  0.11190  2.84365e+01 | 51 -0.15990 -4.53431e+01
 52  0.02305 -3.50144e+01 | 53  0.06154  3.89979e+01 | 54  0.12153 -1.14811e+01
 55 -0.12150 -5.87765e+01 | 56 -0.20024 -6.29980e+01 | 57  0.19374 -2.07383e+02
 58 -0.03937 -6.01195e+01 | 59 -0.22937 -5.86835e+01 | 60  0.10886  7.30787e+01
 61  0.11202  2.62554e+02 | 62 -0.09492  4.80434e+01 | 63 -0.00820  9.80325e+01
 64  0.07286 -1.37562e+00 | 65 -0.12862 -6.87284e+01 | 66 -0.24860 -7.16757e+01
 67  0.01997 -8.96576e+01 | 68  0.20176 -3.21120e+02 | 69 -0.19008 -6.31032e+01
 70 -0.49743 -7.78050e+01 | 71 -0.13623 -4.88608e+01 | 72  0.16766  3.44697e+01
 73 -0.31900 -6.29416e+01 | 74 -0.09601 -1.96898e+01 | 75 -0.02013 -1.26177e+00
75 variables; iteration 40; function evaluation 59; phase 1
Function value 7.1713677e+02; maximum gradient component mag -4.4182e+02
Var    Value     Gradient |Var    Value     Gradient |Var    Value     Gradient
  1  0.09342 -4.41816e+02 |  2  0.00377  3.57135e-01 |  3 -0.02191 -2.07276e+00
  4 -0.02336 -2.57626e+00 |  5 -0.02501 -3.15573e+00 |  6 -0.02596 -3.60595e+00
  7 -0.02571 -3.81541e+00 |  8 -0.02058 -2.94413e+00 |  9 -0.01699 -2.51569e+00
 10 -0.01656 -2.89278e+00 | 11 -0.02045 -4.08969e+00 | 12 -0.02539 -5.31633e+00
 13 -0.03106 -6.60963e+00 | 14 -0.03926 -8.40480e+00 | 15 -0.04708 -1.02509e+01
 16 -0.05613 -1.23686e+01 | 17 -0.06380 -1.42498e+01 | 18 -0.06964 -1.53942e+01
 19 -0.07152 -1.58018e+01 | 20  0.33781  2.39565e+01 | 21  0.25500  4.24117e+01
 22  0.12870  3.64935e+01 | 23  0.10288  4.20032e+01 | 24  0.03557  3.11116e+01
 25 -0.03903  1.27175e+01 | 26 -0.10363 -3.56925e+00 | 27 -0.15554 -1.59806e+01
 28 -0.18634 -2.18456e+01 | 29 -0.19810 -2.28534e+01 | 30 -0.20981 -2.73368e+01
 31 -0.04536  5.82185e+01 | 32  0.09213  2.87817e+02 | 33 -0.05027  7.83550e+01
 34 -0.29984 -5.36457e+01 | 35  0.11482  3.75202e+02 | 36 -0.11817  5.94217e+01
 37  0.03164  2.36649e+02 | 38 -0.07365  2.39456e+01 | 39 -0.06881  7.47095e+01
 40 -0.09763 -3.99560e+01 | 41 -0.00618 -3.22234e+02 | 42 -0.12053 -1.87331e+02
 43 -0.05293 -1.71567e+02 | 44 -0.09205 -9.28513e+01 | 45 -0.14015 -1.19622e+02
 46 -1.46522  7.94130e+01 | 47 -0.04630 -7.07912e+01 | 48 -0.06201 -1.01350e+02
 49 -0.05450 -1.21681e+02 | 50  0.03261  2.49414e+02 | 51 -0.01397  2.36090e+02
 52 -0.12564  4.56390e+00 | 53 -0.04373 -5.34573e+01 | 54  0.05944 -3.08147e+02
 55 -0.31781 -8.56589e+01 | 56 -0.38499 -8.05075e+01 | 57  0.13311 -2.02391e+02
 58 -0.23960 -6.54740e+01 | 59 -0.17944 -7.59817e+01 | 60  0.05851 -2.70361e+02
 61 -0.03105 -1.89588e+02 | 62 -0.16638 -8.83494e+01 | 63 -0.04335 -8.30405e+01
 64 -0.11499  1.44249e+00 | 65 -0.02124  2.27210e+02 | 66 -0.14922  3.90786e+01
 67 -0.15009 -1.31560e+01 | 68  0.11734 -9.40790e+00 | 69 -0.11307  1.69104e+01
 70 -1.44344  7.10408e+01 | 71 -0.08640  6.75902e+01 | 72  0.06402  1.12227e+02
 73  0.04921  1.77133e+01 | 74 -0.01890  9.51049e-02 | 75 -0.02778 -2.08612e+00
75 variables; iteration 60; function evaluation 85; phase 1
Function value 6.7145990e+02; maximum gradient component mag -4.4978e+02
Var    Value     Gradient |Var    Value     Gradient |Var    Value     Gradient
  1  0.07907 -1.97917e+02 |  2  0.01933  3.91349e+00 |  3 -0.02284 -2.43221e+00
  4 -0.02534 -3.15396e+00 |  5 -0.02827 -3.99130e+00 |  6 -0.02903 -4.33409e+00
  7 -0.02615 -3.85460e+00 |  8 -0.00465  9.01407e-01 |  9  0.01480  4.96975e+00
 10  0.02315  6.31316e+00 | 11  0.01411  3.97763e+00 | 12  0.00515  1.88924e+00
 13 -0.00142  4.10068e-01 | 14 -0.01321 -2.20179e+00 | 15 -0.02418 -4.83428e+00
 16 -0.04100 -8.79533e+00 | 17 -0.05624 -1.24683e+01 | 18 -0.06086 -1.34289e+01
 19 -0.06102 -1.35252e+01 | 20  0.31416  2.97740e+01 | 21  0.31187  4.42617e+01
 22  0.10204  2.96001e+01 | 23  0.08824  3.58254e+01 | 24 -0.06480 -4.47804e+00
 25 -0.01529  2.03042e+01 | 26 -0.05201  1.55936e+01 | 27 -0.12334 -5.65282e+00
 28 -0.12228  1.61925e+00 | 29 -0.08928  2.33400e+01 | 30 -0.12122  2.57523e+00
 31 -0.01390  4.70584e+01 | 32  0.07543  9.36936e+01 | 33 -0.04419 -1.29155e+01
 34 -0.16122 -5.90560e+01 | 35  0.10581 -7.87046e+01 | 36 -0.08098 -1.33017e+01
 37  0.01605 -3.21291e+01 | 38 -0.04178 -6.03474e+01 | 39 -0.07496  1.47052e+01
 40 -0.13623 -2.12387e+01 | 41  0.02406 -7.80150e+01 | 42 -0.05164 -3.97772e+01
 43 -0.05749  6.44340e+01 | 44 -0.10276  6.78864e+01 | 45 -0.07542  4.97272e+01
 46 -1.25268  5.39030e+01 | 47 -0.04725  1.27421e+02 | 48 -0.04482  5.79368e+01
 49 -0.00374 -6.23680e+01 | 50  0.01318  1.02794e+02 | 51 -0.04074  8.21746e+01
 52 -0.05742  2.62545e+01 | 53 -0.04253  1.74896e+00 | 54  0.07157 -1.63592e+02
 55 -0.31501 -8.13920e+01 | 56 -0.22799 -9.13524e+01 | 57  0.12625 -4.49776e+02
 58 -0.18316 -7.64286e+01 | 59 -0.13819 -6.85771e+01 | 60  0.06602 -8.11091e+01
 61 -0.00830 -7.49832e+01 | 62 -0.17003 -5.32523e+01 | 63 -0.02270 -5.17398e+01
 64 -0.09634 -2.99862e+01 | 65 -0.05306  7.62592e+01 | 66 -0.13362  4.19195e+01
 67 -0.06376  8.05412e+01 | 68  0.11832  2.05832e+02 | 69 -0.08156  4.23422e+01
 70 -1.32589  6.36983e+01 | 71 -0.07993  3.26597e+01 | 72  0.01657  3.93590e+01
 73  0.02632  1.15740e+01 | 74  0.02959  1.19418e+01 | 75 -0.03336 -3.55058e+00
Maximum number of function evaluations exceeded

 - final statistics:
75 variables; iteration 73; function evaluation 100
Function value 6.3346e+02; maximum gradient component mag -3.8656e+02
Exit code = 3;  converg criter 1.0000e+01
Var    Value     Gradient |Var    Value     Gradient |Var    Value     Gradient
  1  0.06774 -3.86557e+02 |  2 -0.02269 -6.19257e+00 |  3  0.00594  4.51635e+00
  4 -0.00559  1.60757e+00 |  5 -0.01289 -3.04047e-01 |  6 -0.01074  3.10741e-03
  7 -0.00044  2.17407e+00 |  8  0.03430  9.80138e+00 |  9 -0.00671  1.02200e-01
 10 -0.02079 -3.43969e+00 | 11 -0.00786 -6.82310e-01 | 12 -0.02659 -4.88920e+00
 13 -0.02668 -4.75800e+00 | 14 -0.02860 -4.99321e+00 | 15 -0.02415 -3.90973e+00
 16 -0.00053  1.52661e+00 | 17  0.04694  1.18611e+01 | 18  0.01871  6.05253e+00
 19  0.03111  8.99116e+00 | 20  0.40501  4.95189e+01 | 21  0.26044  6.07859e+01
 22  0.00127  7.61531e+00 | 23 -0.05858 -5.47534e+00 | 24  0.06743  4.51370e+01
 25 -0.12592 -1.80591e+01 | 26 -0.08273  2.52476e+00 | 27 -0.11937 -5.02564e+00
 28 -0.10630  6.65257e+00 | 29 -0.09652  1.35760e+01 | 30 -0.02727  3.78376e+01
 31 -0.00640  1.47933e+01 | 32  0.06671  3.62578e+01 | 33 -0.10701 -8.35744e+00
 34  0.00021  4.20034e+01 | 35  0.11128  1.73497e+02 | 36 -0.04944  8.66407e-01
 37 -0.01342 -1.07134e+02 | 38 -0.00202 -1.40922e+02 | 39 -0.12482 -3.26656e+01
 40 -0.07833  6.78450e-01 | 41  0.02673  9.15159e+00 | 42  0.00118  1.55618e+01
 43 -0.08057  3.49199e+01 | 44 -0.11613  2.34883e+01 | 45 -0.03754 -2.71447e-01
 46 -1.19825  4.46613e+01 | 47 -0.05877  1.35468e+01 | 48 -0.07219  3.28107e+01
 49  0.06259  2.78154e+01 | 50 -0.01584  6.16265e+01 | 51 -0.06895  1.55724e+01
 52  0.00217  2.79260e+01 | 53 -0.07646  5.77732e-01 | 54  0.08206 -3.14237e+01
 55 -0.17456 -6.44466e+01 | 56 -0.21044 -6.82245e+01 | 57  0.13105 -1.13481e+02
 58 -0.11929 -3.98392e+01 | 59 -0.04118 -5.68811e+01 | 60  0.03657 -1.56812e+02
 61  0.01423 -1.92456e+02 | 62 -0.20909 -6.65501e+01 | 63  0.01823 -1.29006e+02
 64 -0.09755 -1.14877e+02 | 65 -0.09602 -9.44097e+01 | 66 -0.13502 -3.58329e+01
 67 -0.01198  6.94045e+01 | 68  0.11008  2.13174e+02 | 69 -0.01596  1.30150e+02
 70 -1.55361  6.82400e+01 | 71 -0.11658  8.01820e+00 | 72  0.02262  3.35181e+01
 73  0.09146  2.73245e+01 | 74 -0.07172 -1.30293e+01 | 75 -0.04933 -7.57725e+00

Initial statistics: 75 variables; iteration 0; function evaluation 0; phase 2
Function value 6.3346010e+02; maximum gradient component mag -3.8656e+02
Var    Value     Gradient |Var    Value     Gradient |Var    Value     Gradient
  1  0.06774 -3.86557e+02 |  2 -0.02269 -6.19257e+00 |  3  0.00594  4.51635e+00
  4 -0.00559  1.60757e+00 |  5 -0.01289 -3.04047e-01 |  6 -0.01074  3.10741e-03
  7 -0.00044  2.17407e+00 |  8  0.03430  9.80138e+00 |  9 -0.00671  1.02200e-01
 10 -0.02079 -3.43969e+00 | 11 -0.00786 -6.82310e-01 | 12 -0.02659 -4.88920e+00
 13 -0.02668 -4.75800e+00 | 14 -0.02860 -4.99321e+00 | 15 -0.02415 -3.90973e+00
 16 -0.00053  1.52661e+00 | 17  0.04694  1.18611e+01 | 18  0.01871  6.05253e+00
 19  0.03111  8.99116e+00 | 20  0.40501  4.95189e+01 | 21  0.26044  6.07859e+01
 22  0.00127  7.61531e+00 | 23 -0.05858 -5.47534e+00 | 24  0.06743  4.51370e+01
 25 -0.12592 -1.80591e+01 | 26 -0.08273  2.52476e+00 | 27 -0.11937 -5.02564e+00
 28 -0.10630  6.65257e+00 | 29 -0.09652  1.35760e+01 | 30 -0.02727  3.78376e+01
 31 -0.00640  1.47933e+01 | 32  0.06671  3.62578e+01 | 33 -0.10701 -8.35744e+00
 34  0.00021  4.20034e+01 | 35  0.11128  1.73497e+02 | 36 -0.04944  8.66407e-01
 37 -0.01342 -1.07134e+02 | 38 -0.00202 -1.40922e+02 | 39 -0.12482 -3.26656e+01
 40 -0.07833  6.78450e-01 | 41  0.02673  9.15159e+00 | 42  0.00118  1.55618e+01
 43 -0.08057  3.49199e+01 | 44 -0.11613  2.34883e+01 | 45 -0.03754 -2.71447e-01
 46 -0.80175 -4.46613e+01 | 47 -0.05877  1.35468e+01 | 48 -0.07219  3.28107e+01
 49  0.06259  2.78154e+01 | 50 -0.01584  6.16265e+01 | 51 -0.06895  1.55724e+01
 52  0.00217  2.79260e+01 | 53 -0.07646  5.77732e-01 | 54  0.08206 -3.14237e+01
 55 -0.17456 -6.44466e+01 | 56 -0.21044 -6.82245e+01 | 57  0.13105 -1.13481e+02
 58 -0.11929 -3.98392e+01 | 59 -0.04118 -5.68811e+01 | 60  0.03657 -1.56812e+02
 61  0.01423 -1.92456e+02 | 62 -0.20909 -6.65501e+01 | 63  0.01823 -1.29006e+02
 64 -0.09755 -1.14877e+02 | 65 -0.09602 -9.44097e+01 | 66 -0.13502 -3.58329e+01
 67 -0.01198  6.94045e+01 | 68  0.11008  2.13174e+02 | 69 -0.01596  1.30150e+02
 70 -0.44639 -6.82400e+01 | 71 -0.11658  8.01820e+00 | 72  0.02262  3.35181e+01
 73  0.09146  2.73245e+01 | 74 -0.07172 -1.30293e+01 | 75 -0.04933 -7.57725e+00

Intermediate statistics: 75 variables; iteration 20; function evaluation 25; phase 2
Function value 5.4737523e+02; maximum gradient component mag 1.6501e+02
Var    Value     Gradient |Var    Value     Gradient |Var    Value     Gradient
  1  0.06754 -1.37886e+02 |  2  0.01634  3.47173e+00 |  3 -0.02247 -2.09603e+00
  4 -0.01558 -5.07584e-01 |  5 -0.01073  5.75742e-01 |  6 -0.01050  5.34898e-01
  7 -0.01410 -4.26146e-01 |  8 -0.02919 -4.12834e+00 |  9 -0.00689  1.09013e+00
 10  0.00241  3.17251e+00 | 11 -0.00201  2.12961e+00 | 12  0.00727  4.51840e+00
 13  0.00718  4.82223e+00 | 14  0.00793  5.38273e+00 | 15  0.00700  5.45064e+00
 16 -0.00157  3.65091e+00 | 17 -0.01632  1.53497e-01 | 18 -0.00396  3.66983e+00
 19 -0.00524  3.78859e+00 | 20  0.54084  1.30190e+02 | 21 -0.02295  1.60745e+00
 22 -0.01307  6.81997e+00 | 23 -0.00376  1.32090e+01 | 24 -0.08797 -9.97356e+00
 25 -0.01730  2.01855e+01 | 26 -0.06828  6.52529e+00 | 27 -0.07609  9.88301e+00
 28 -0.09995  3.99550e+00 | 29 -0.09843  3.93628e+00 | 30 -0.06620  3.65908e+00
 31  0.09679  1.58922e+01 | 32  0.00669  1.32424e+01 | 33 -0.04549  2.17966e+01
 34  0.13302  4.14239e+01 | 35  0.00255 -4.06221e+01 | 36 -0.02356 -2.60184e+01
 37  0.11243 -3.01257e+00 | 38 -0.05486 -8.11336e+01 | 39 -0.06765 -1.82387e+01
 40 -0.12080 -2.01782e+01 | 41  0.05137  8.00926e+01 | 42  0.08009  1.65013e+02
 43 -0.18610 -1.58737e+01 | 44 -0.14614  1.05618e+01 | 45 -0.00410  1.36606e+02
 46 -0.10979  2.41644e+01 | 47 -0.08184  2.62326e+01 | 48 -0.13193 -2.08232e+01
 49  0.13102 -1.28091e+02 | 50 -0.12305 -4.14153e+01 | 51  0.00045 -5.77939e+01
 52  0.01262 -5.06886e+01 | 53  0.02226 -2.91938e+01 | 54  0.04973 -2.33896e+01
 55 -0.03424 -9.34859e+00 | 56  0.02924 -3.18669e+01 | 57  0.08266 -8.12687e+01
 58  0.02920 -4.30760e+01 | 59  0.01121 -2.22805e+01 | 60  0.00263 -2.12138e+01
 61  0.08180  1.23800e+01 | 62 -0.04109  3.10115e+01 | 63 -0.09600 -1.69066e+00
 64  0.05003 -1.78825e+01 | 65 -0.15958 -4.28901e+01 | 66 -0.11576 -3.25075e+01
 67  0.01559 -9.32357e+00 | 68  0.14573 -6.14101e+01 | 69 -0.07012  9.99951e+00
 70 -0.06987  4.91092e+01 | 71 -0.09596 -4.57350e-01 | 72 -0.04589 -5.57775e+00
 73 -0.07526 -1.43169e+01 | 74  0.01161  6.89781e+00 | 75 -0.00030  3.97870e+00
75 variables; iteration 40; function evaluation 50; phase 2
Function value 5.3183448e+02; maximum gradient component mag -1.3506e+02
Var    Value     Gradient |Var    Value     Gradient |Var    Value     Gradient
  1  0.08146 -1.35064e+02 |  2 -0.00511 -1.73758e+00 |  3 -0.01152  5.40135e-01
  4 -0.01379 -1.16207e-01 |  5 -0.01516 -5.73108e-01 |  6 -0.01460 -5.88529e-01
  7 -0.01242 -2.41640e-01 |  8 -0.00526  1.24896e+00 |  9 -0.01385 -9.91450e-01
 10 -0.01655 -1.85306e+00 | 11 -0.01430 -1.45330e+00 | 12 -0.01826 -2.31934e+00
 13 -0.01898 -2.33803e+00 | 14 -0.01973 -2.32194e+00 | 15 -0.01888 -2.02579e+00
 16 -0.01364 -7.06339e-01 | 17 -0.00199  1.93892e+00 | 18 -0.00800  7.53287e-01
 19 -0.00428  1.72521e+00 | 20  0.52224  5.00552e+01 | 21  0.04992  1.69654e+01
 22 -0.00895  4.56929e+00 | 23 -0.01538  5.78840e+00 | 24 -0.05203 -1.48906e+00
 25 -0.03642  9.03094e+00 | 26 -0.06868  3.87991e+00 | 27 -0.08180  5.58625e+00
 28 -0.09419  5.77990e+00 | 29 -0.08757  9.66899e+00 | 30 -0.04681  1.63717e+01
 31  0.08112  3.72648e+01 | 32  0.03465  3.47122e+01 | 33 -0.09375 -4.74715e-01
 34  0.12317  2.49744e+01 | 35  0.02775 -5.20382e+01 | 36 -0.02868 -4.33613e+01
 37  0.08506 -6.40591e+01 | 38 -0.02297 -7.98892e+01 | 39 -0.07660 -2.04926e+01
 40 -0.10861 -2.85724e+01 | 41  0.03735 -1.85140e+01 | 42  0.05766  2.80054e+01
 43 -0.12738 -5.10339e+00 | 44 -0.13690  2.28708e+00 | 45 -0.02666  6.08262e+01
 46 -0.11876 -1.17582e+00 | 47 -0.09149  1.93751e+01 | 48 -0.10664  2.83227e+00
 49  0.12097  2.58175e+01 | 50 -0.08934 -5.37923e+00 | 51 -0.01444 -5.11730e-01
 52  0.02360 -6.92658e+00 | 53 -0.00051 -1.22682e+01 | 54  0.05214 -1.37547e+01
 55 -0.02717 -6.07308e+00 | 56 -0.00765 -2.25241e+01 | 57  0.09816 -4.07235e+01
 58  0.01216 -9.25451e+00 | 59 -0.00970  1.02866e+00 | 60  0.03127  3.99321e-01
 61  0.05925  2.12778e+00 | 62 -0.03896  1.54176e+01 | 63 -0.08152 -1.31451e+01
 64  0.02328 -3.86658e+01 | 65 -0.10946 -2.76866e+01 | 66 -0.10011 -1.59756e+01
 67 -0.01187  3.97642e+00 | 68  0.14681  2.93430e+00 | 69 -0.06449  3.11301e+01
 70 -0.11492  3.36527e+01 | 71 -0.07275  2.58741e+01 | 72 -0.01197  1.37749e+01
 73  0.00350  5.13061e+00 | 74 -0.02523 -2.17634e+00 | 75 -0.02045 -9.81952e-01
75 variables; iteration 60; function evaluation 79; phase 2
Function value 5.2247697e+02; maximum gradient component mag -7.1376e+01
Var    Value     Gradient |Var    Value     Gradient |Var    Value     Gradient
  1  0.12247 -7.13760e+01 |  2 -0.00099 -7.34744e-01 |  3 -0.00526  2.05911e+00
  4 -0.00674  1.58661e+00 |  5 -0.00733  1.31301e+00 |  6 -0.00757  1.10490e+00
  7 -0.01045  2.44900e-01 |  8 -0.02617 -3.67074e+00 |  9 -0.01377 -9.54899e-01
 10 -0.00431  9.96282e-01 | 11 -0.01123 -7.53013e-01 | 12 -0.00517  6.95315e-01
 13 -0.00936 -1.27798e-01 | 14 -0.01192 -5.51021e-01 | 15 -0.00622  8.04576e-01
 16 -0.00462  1.14297e+00 | 17 -0.00155  1.61863e+00 | 18  0.00391  2.99394e+00
 19  0.00161  2.44127e+00 | 20  0.52260  3.37966e+01 | 21  0.03593  1.23575e+01
 22 -0.01242  2.71302e+00 | 23 -0.04244 -2.68073e+00 | 24 -0.02919  5.05941e+00
 25 -0.05203  3.06159e+00 | 26 -0.07347  1.93069e+00 | 27 -0.09269  1.14234e+00
 28 -0.10671  2.31598e-01 | 29 -0.10389  1.25002e+00 | 30 -0.05019  1.00514e+01
 31  0.05402  1.12619e+01 | 32  0.04596  2.56153e+01 | 33 -0.05572  9.80481e+00
 34  0.08877  1.85602e+01 | 35  0.05019 -1.68628e+01 | 36  0.00909 -1.78325e+00
 37  0.03756 -8.05498e+00 | 38  0.01180 -1.87985e+01 | 39 -0.11700 -8.85756e+00
 40 -0.09334 -1.68705e+01 | 41  0.02771 -5.45747e+01 | 42  0.02664 -4.38730e+01
 43 -0.10153 -1.27410e+01 | 44 -0.12797 -7.79539e+00 | 45 -0.07836  4.28164e+00
 46 -0.08756  5.76742e+00 | 47 -0.12162  6.75994e+00 | 48 -0.08735  5.84314e+00
 49  0.10416 -1.88254e+01 | 50 -0.05773 -2.08669e+00 | 51 -0.03490 -1.74377e+01
 52  0.01573 -1.83595e+01 | 53  0.00117 -4.92710e+00 | 54  0.05306  6.04026e+00
 55 -0.05203 -2.81743e+00 | 56 -0.01476 -2.97798e+00 | 57  0.10653  1.31047e+01
 58 -0.02054 -5.25354e+00 | 59 -0.01944 -2.39738e+00 | 60  0.03651 -8.70009e+00
 61  0.05294 -2.84960e+01 | 62 -0.07342 -1.36348e+01 | 63 -0.07630 -1.79066e+01
 64  0.01358 -5.92879e+00 | 65 -0.09034  1.15006e+00 | 66 -0.11408 -3.56868e+00
 67 -0.03603  1.73725e+01 | 68  0.15279  6.88980e+01 | 69 -0.07859  1.91020e+01
 70 -0.17152 -1.12127e+01 | 71 -0.08217 -1.47494e+00 | 72 -0.02069  6.90156e-01
 73  0.00157  4.51074e+00 | 74 -0.02796 -2.88587e+00 | 75 -0.02235 -1.48446e+00
Maximum number of function evaluations exceeded

 - final statistics:
75 variables; iteration 73; function evaluation 100
Function value 5.2023e+02; maximum gradient component mag -4.1278e+01
Exit code = 3;  converg criter 1.0000e+01
Var    Value     Gradient |Var    Value     Gradient |Var    Value     Gradient
  1  0.14492 -4.12782e+01 |  2  0.00634  1.04762e+00 |  3 -0.01011  8.89279e-01
  4 -0.01001  8.07927e-01 |  5 -0.00972  7.54280e-01 |  6 -0.00993  5.59304e-01
  7 -0.01125  7.61268e-02 |  8 -0.01682 -1.43560e+00 |  9 -0.00928  1.24930e-01
 10 -0.00949 -1.83109e-01 | 11 -0.00496  7.04178e-01 | 12 -0.00673  3.07234e-01
 13 -0.00425  9.86141e-01 | 14 -0.00459  1.03748e+00 | 15 -0.00537  8.14392e-01
 16 -0.00548  6.70479e-01 | 17 -0.01046 -7.81507e-01 | 18 -0.00250  1.03722e+00
 19  0.00555  2.71298e+00 | 20  0.53892  1.06493e+01 | 21 -0.00459  1.60485e+00
 22 -0.00075  4.50319e+00 | 23 -0.05392 -6.90096e+00 | 24 -0.05173 -3.29937e+00
 25 -0.06772 -3.74513e+00 | 26 -0.06848  2.03143e+00 | 27 -0.09285 -7.08361e-01
 28 -0.10158  4.09308e-01 | 29 -0.10831 -2.87202e+00 | 30 -0.06406  7.46531e-01
 31  0.06953 -1.51252e+00 | 32  0.04351  4.32003e+00 | 33 -0.04710  4.34508e+00
 34  0.07891  2.50472e+01 | 35  0.09028  1.60326e+01 | 36 -0.03048 -1.18721e+00
 37  0.04577  5.50254e+00 | 38  0.02235  8.30429e+00 | 39 -0.12620 -2.09940e+00
 40 -0.09669 -5.32530e-01 | 41  0.04580 -8.02957e+00 | 42  0.01528 -1.90418e+01
 43 -0.08290 -7.57619e+00 | 44 -0.12172 -1.47144e+01 | 45 -0.09947 -2.31756e+01
 46 -0.06573 -1.15362e+01 | 47 -0.14048 -1.38643e+01 | 48 -0.08842 -4.08221e+00
 49  0.11470 -3.11220e+01 | 50 -0.08234 -1.26436e+01 | 51 -0.02028 -1.60118e+01
 52  0.02104 -8.76535e+00 | 53  0.00560  9.98894e+00 | 54  0.05995  3.51571e+01
 55 -0.04714  9.32460e+00 | 56 -0.00306  8.13449e+00 | 57  0.10694  1.87328e+01
 58 -0.00839 -2.13048e+00 | 59 -0.01332 -1.83237e+00 | 60  0.03308 -5.00852e+00
 61  0.06411 -4.12886e+00 | 62 -0.06983 -5.79836e-01 | 63 -0.06837 -6.78383e+00
 64  0.01647  4.83725e+00 | 65 -0.09056  3.27057e+00 | 66 -0.09859  3.19683e+00
 67 -0.03469  1.06367e+01 | 68  0.15962  4.47562e+00 | 69 -0.10131 -2.78435e+00
 70 -0.14123 -3.57548e+00 | 71 -0.07120 -1.31742e+00 | 72 -0.03130 -3.46278e+00
 73 -0.00643  2.41698e+00 | 74 -0.02400 -2.00470e+00 | 75 -0.02137 -1.33762e+00

Initial statistics: 84 variables; iteration 0; function evaluation 0; phase 3
Function value 5.2023058e+02; maximum gradient component mag 4.0807e+02
Var    Value     Gradient |Var    Value     Gradient |Var    Value     Gradient
  1  0.14492 -4.12782e+01 |  2  0.00000 -4.12483e-01 |  3  0.00634  1.04762e+00
  4 -0.01011  8.89279e-01 |  5 -0.01001  8.07927e-01 |  6 -0.00972  7.54280e-01
  7 -0.00993  5.59304e-01 |  8 -0.01125  7.61268e-02 |  9 -0.01682 -1.43560e+00
 10 -0.00928  1.24930e-01 | 11 -0.00949 -1.83109e-01 | 12 -0.00496  7.04178e-01
 13 -0.00673  3.07234e-01 | 14 -0.00425  9.86141e-01 | 15 -0.00459  1.03748e+00
 16 -0.00537  8.14392e-01 | 17 -0.00548  6.70479e-01 | 18 -0.01046 -7.81507e-01
 19 -0.00250  1.03722e+00 | 20  0.00555  2.71298e+00 | 21  0.53892  1.06493e+01
 22 -0.00459  1.60485e+00 | 23 -0.00075  4.50319e+00 | 24 -0.05392 -6.90096e+00
 25 -0.05173 -3.29937e+00 | 26 -0.06772 -3.74513e+00 | 27 -0.06848  2.03143e+00
 28 -0.09285 -7.08361e-01 | 29 -0.10158  4.09308e-01 | 30 -0.10831 -2.87202e+00
 31 -0.06406  7.46531e-01 | 32  0.06953 -1.51252e+00 | 33  0.04351  4.32003e+00
 34 -0.04710  4.34508e+00 | 35  0.07891  2.50472e+01 | 36  0.09028  1.60326e+01
 37 -0.03048 -1.18721e+00 | 38  0.04577  5.50254e+00 | 39  0.02235  8.30429e+00
 40 -0.12620 -2.09940e+00 | 41 -0.09669 -5.32530e-01 | 42  0.04580 -8.02957e+00
 43  0.01528 -1.90418e+01 | 44 -0.08290 -7.57619e+00 | 45 -0.12172 -1.47144e+01
 46 -0.09947 -2.31756e+01 | 47 -0.06573 -1.15362e+01 | 48 -0.14048 -1.38643e+01
 49 -0.08842 -4.08221e+00 | 50  0.11470 -3.11220e+01 | 51 -0.08234 -1.26436e+01
 52 -0.02028 -1.60118e+01 | 53  0.02104 -8.76535e+00 | 54  0.00560  9.98894e+00
 55  0.05995  3.51571e+01 | 56 -0.04714  9.32460e+00 | 57 -0.00306  8.13449e+00
 58  0.10694  1.87328e+01 | 59 -0.00839 -2.13048e+00 | 60 -0.01332 -1.83237e+00
 61  0.03308 -5.00852e+00 | 62  0.06411 -4.12886e+00 | 63 -0.06983 -5.79836e-01
 64 -0.06837 -6.78383e+00 | 65  0.01647  4.83725e+00 | 66 -0.09056  3.27057e+00
 67 -0.09859  3.19683e+00 | 68 -0.03469  1.06367e+01 | 69  0.15962  4.47562e+00
 70 -0.10131 -2.78435e+00 | 71 -0.14123 -3.57548e+00 | 72 -0.07120 -1.31742e+00
 73 -0.03130 -3.46278e+00 | 74 -0.00643  2.41698e+00 | 75 -0.02400 -2.00470e+00
 76 -0.02137 -1.33762e+00 | 77 -0.38722  3.33578e+00 | 78 -0.03301  1.14753e+01
 79 -0.10660  4.08067e+02 | 80  0.07752  1.21480e+02 | 81  0.56731  1.68960e-01
 82  0.19047 -2.00191e+00 | 83 -0.38722 -5.20284e+00 | 84  0.07752  9.87644e-01

Intermediate statistics: 84 variables; iteration 20; function evaluation 29; phase 3
Function value 4.4234406e+02; maximum gradient component mag -5.3630e+02
Var    Value     Gradient |Var    Value     Gradient |Var    Value     Gradient
  1  0.19959 -4.88815e+01 |  2  0.00304  5.24847e-01 |  3 -0.00288 -9.64263e-01
  4 -0.01806 -7.88924e-01 |  5 -0.01742 -6.74462e-01 |  6 -0.01682 -5.77960e-01
  7 -0.01553 -3.18540e-01 |  8 -0.01289  2.65692e-01 |  9 -0.00558  1.97695e+00
 10 -0.01169  4.38437e-01 | 11 -0.00937  9.41565e-01 | 12 -0.01241  2.09956e-01
 13 -0.01031  9.12410e-01 | 14 -0.01354  4.73766e-01 | 15 -0.01429  7.56914e-01
 16 -0.01348  1.39456e+00 | 17 -0.01269  2.04667e+00 | 18 -0.00526  4.25490e+00
 19 -0.01283  3.01144e+00 | 20 -0.01882  2.04830e+00 | 21  0.61884  2.15359e+02
 22 -0.01641  5.26232e+00 | 23 -0.02953  3.62375e+00 | 24 -0.00458  1.46884e+01
 25 -0.02727  1.11417e+01 | 26 -0.04412  1.03926e+01 | 27 -0.06892  7.19480e+00
 28 -0.08896  6.25177e+00 | 29 -0.11171  4.06028e+00 | 30 -0.13976 -6.27549e-01
 31 -0.17277 -1.01696e+01 | 32 -0.18439 -1.87676e+01 | 33  0.09698  8.50930e+01
 34 -0.07197 -3.15930e+01 | 35  0.06261 -2.77556e+02 | 36  0.07658 -5.18406e+02
 37  0.00411 -2.63704e+02 | 38  0.13992 -5.36303e+02 | 39 -0.01683 -1.74919e+02
 40 -0.00744 -1.13662e+02 | 41  0.00970 -4.60074e+01 | 42 -0.17999 -5.20863e+01
 43  0.10771 -2.43660e+01 | 44 -0.08349 -4.61798e+01 | 45 -0.10507 -4.03818e+01
 46 -0.12462 -1.48780e+01 | 47 -0.07155  3.43836e+01 | 48 -0.07386  2.99943e+01
 49 -0.28055 -4.46723e+01 | 50  0.11097 -1.28711e+02 | 51 -0.05451  8.22301e+00
 52  0.11751  3.71999e+02 | 53 -0.22299 -2.64839e+01 | 54  0.12264  5.16610e+02
 55  0.04391  1.44825e+02 | 56  0.03958  5.51319e+01 | 57  0.02213 -2.24976e+01
 58  0.07731 -1.28518e+02 | 59  0.06411 -1.19419e+02 | 60  0.07821 -1.51971e+02
 61 -0.19605 -6.15698e+01 | 62  0.11562  3.79271e+01 | 63  0.06240  1.98508e+02
 64 -0.09841  1.89708e+01 | 65  0.02671 -6.17593e+01 | 66 -0.06837 -4.11604e+01
 67 -0.12562  1.07074e+01 | 68  0.03295  3.41442e+02 | 69  0.10818  3.87899e+02
 70  0.14501  2.51773e+02 | 71 -0.14375  4.71174e+00 | 72 -0.06029  2.36141e+00
 73 -0.05535 -1.46126e+01 | 74 -0.02418 -2.30454e+00 | 75 -0.00562  2.19870e+00
 76 -0.00821  1.55148e+00 | 77 -0.54844 -3.96308e+01 | 78 -0.41322  5.41017e+00
 79 -0.30787  1.05017e+02 | 80 -0.12103  8.49812e+01 | 81  0.54020  3.63414e-01
 82  0.24811 -6.39035e-02 | 83  0.11727 -2.15447e+02 | 84 -0.14715  9.54914e+01
84 variables; iteration 40; function evaluation 55; phase 3
Function value 4.3356215e+02; maximum gradient component mag -4.1946e+02
Var    Value     Gradient |Var    Value     Gradient |Var    Value     Gradient
  1  0.15270 -3.16376e+01 |  2  0.00339  5.14938e-01 |  3 -0.00431 -1.42632e+00
  4 -0.01931 -1.22135e+00 |  5 -0.01863 -1.12884e+00 |  6 -0.01803 -1.07197e+00
  7 -0.01656 -8.22287e-01 |  8 -0.01337 -1.76147e-01 |  9 -0.00413  1.89240e+00
 10 -0.01244 -2.48948e-01 | 11 -0.00983  1.90750e-01 | 12 -0.01409 -9.48203e-01
 13 -0.01140 -2.83101e-01 | 14 -0.01570 -1.11906e+00 | 15 -0.01671 -1.10099e+00
 16 -0.01605 -7.93605e-01 | 17 -0.01543 -5.41499e-01 | 18 -0.00606  1.59935e+00
 19 -0.01699 -7.33718e-01 | 20 -0.02611 -2.78498e+00 | 21  0.61096  6.79762e+01
 22 -0.02162 -2.98386e-01 | 23 -0.03692 -2.63434e+00 | 24 -0.00080  1.00094e+01
 25 -0.02710  5.99190e+00 | 26 -0.04454  5.61032e+00 | 27 -0.06805  3.97207e+00
 28 -0.08793  4.34627e+00 | 29 -0.10862  4.90063e+00 | 30 -0.13964  1.32145e+00
 31 -0.17196 -5.44479e+00 | 32 -0.25434 -3.75216e+01 | 33  0.09827  1.47149e+02
 34  0.00850 -4.29966e+00 | 35 -0.04494 -6.84982e+01 | 36  0.14486 -3.43840e+02
 37 -0.01284 -6.82171e+01 | 38  0.16766 -2.53433e+02 | 39 -0.01470 -1.35837e+02
 40 -0.11530 -5.87874e+01 | 41  0.07471  1.04096e+02 | 42 -0.26447 -4.45132e+01
 43  0.10212  1.15293e+02 | 44 -0.03833 -1.52787e-01 | 45 -0.08855  3.31806e+00
 46 -0.10142  3.42601e+01 | 47 -0.07837  5.17901e+01 | 48 -0.06159  2.79416e+01
 49 -0.27798 -4.92016e+01 | 50  0.08184 -1.05866e+02 | 51  0.03466 -3.01377e+01
 52  0.10995  2.50278e+02 | 53 -0.27755 -5.40877e+01 | 54  0.11905  2.33644e+02
 55  0.03049  3.32617e+01 | 56  0.06608 -6.19167e+00 | 57 -0.00437 -1.50830e+01
 58  0.11059 -1.48457e+02 | 59 -0.01033 -7.54540e+01 | 60  0.13221 -4.26923e+01
 61 -0.27177 -5.64352e+01 | 62  0.11816  4.66535e+01 | 63  0.06589  8.07944e+01
 64 -0.05684  5.37249e+00 | 65 -0.01536 -7.29083e+01 | 66  0.01148 -6.30928e+01
 67 -0.21204 -3.15641e+01 | 68  0.01855  2.40386e+02 | 69  0.09991  3.29064e+02
 70  0.15755 -1.25348e+01 | 71 -0.16523 -3.73431e+01 | 72 -0.06939 -1.93344e+01
 73 -0.00340 -1.18283e+01 | 74 -0.02612 -2.50866e+00 | 75 -0.00255  2.94950e+00
 76 -0.00579  2.14261e+00 | 77 -0.57236 -4.19460e+02 | 78 -0.61948  3.86590e+00
 79 -0.33381 -5.47472e+01 | 80 -0.07474  5.88531e+01 | 81  0.35078  4.05027e-01
 82  0.60384  1.33628e-02 | 83  0.10015 -2.18401e+02 | 84 -0.22855  7.05798e+01
84 variables; iteration 60; function evaluation 82; phase 3
Function value 3.8008326e+02; maximum gradient component mag -1.1198e+03
Var    Value     Gradient |Var    Value     Gradient |Var    Value     Gradient
  1  0.26436 -1.19154e+01 |  2  0.00029 -3.89624e-01 |  3  0.01451  2.96084e+00
  4 -0.00370  2.36861e+00 |  5 -0.00489  1.94479e+00 |  6 -0.00571  1.58110e+00
  7 -0.00738  9.81685e-01 |  8 -0.01037  3.41911e-02 |  9 -0.01513 -1.36490e+00
 10 -0.00884 -2.35880e-01 | 11 -0.00721 -2.74229e-01 | 12 -0.00948 -1.17756e+00
 13 -0.00886 -1.18392e+00 | 14 -0.01396 -2.34680e+00 | 15 -0.01467 -2.53659e+00
 16 -0.01420 -2.72985e+00 | 17 -0.01198 -2.69996e+00 | 18  0.01955  2.97072e+00
 19 -0.00931 -3.32930e+00 | 20 -0.03228 -8.66063e+00 | 21  0.52816 -9.88497e+01
 22 -0.03464 -9.15071e+00 | 23 -0.03983 -9.11278e+00 | 24 -0.01278 -5.01369e-01
 25  0.00399  9.08000e+00 | 26 -0.03005  6.56886e+00 | 27 -0.10250 -9.41627e+00
 28 -0.10408 -4.44644e-01 | 29 -0.13768 -2.97033e+00 | 30 -0.18428 -1.12877e+01
 31 -0.17091  5.88222e+00 | 32 -0.09940  4.69946e+01 | 33  0.01478  2.40503e+01
 34 -0.07547 -4.14189e+01 | 35 -0.01138 -7.50230e+01 | 36  0.09538 -2.76539e+02
 37 -0.02246 -1.15294e+02 | 38  0.10299 -2.92579e+02 | 39  0.01704 -1.86702e+02
 40 -0.12281 -8.67171e+01 | 41 -0.02460 -2.52250e+01 | 42 -0.12750 -3.61610e+00
 43  0.05309  7.20128e+01 | 44 -0.09305 -3.18781e+01 | 45 -0.12563 -1.10710e+01
 46 -0.14889  1.78946e+01 | 47 -0.13032  2.36467e+01 | 48 -0.15470  9.39846e+00
 49 -0.14850  6.94159e+01 | 50  0.05382  7.11925e+01 | 51 -0.03481 -7.09199e+01
 52  0.06371  7.54841e+01 | 53 -0.14862 -3.53557e+01 | 54  0.06222  2.03492e+02
 55  0.03386  8.57447e+01 | 56  0.01278 -1.85023e+01 | 57 -0.05195 -2.31694e+01
 58  0.07693 -5.89033e+01 | 59 -0.00259 -7.28711e+01 | 60  0.05689 -6.35571e+01
 61 -0.09315 -1.39055e+01 | 62  0.07180  3.50771e+01 | 63  0.02172  1.68249e+01
 64 -0.16918 -2.67986e+01 | 65 -0.00296 -2.71683e+01 | 66 -0.07592 -1.83376e+01
 67 -0.14435  1.49171e+01 | 68 -0.05183  1.99114e+02 | 69  0.07520  4.24919e+02
 70  0.10949  8.74703e+01 | 71 -0.08867  3.08334e+01 | 72 -0.12588  1.82743e+01
 73 -0.01194  3.89965e+01 | 74  0.02663  1.05578e+01 | 75 -0.03562 -4.83792e+00
 76 -0.02858 -3.12595e+00 | 77 -0.56159  1.64393e+02 | 78 -0.70673 -5.86639e+00
 79 -0.37024 -1.11979e+03 | 80 -0.26166  1.55990e+02 | 81 -1.19211  1.76110e+00
 82  6.01888  5.92066e-05 | 83  0.16983 -4.41181e+02 | 84 -0.10197  1.39735e+02
84 variables; iteration 80; function evaluation 117; phase 3
Function value 2.7798415e+02; maximum gradient component mag 2.6156e+02
Var    Value     Gradient |Var    Value     Gradient |Var    Value     Gradient
  1  0.13408 -2.19789e+01 |  2  0.04558  1.05123e+01 |  3  0.02160  4.65327e+00
  4 -0.00119  2.98101e+00 |  5 -0.00753  1.34242e+00 |  6 -0.01279 -6.28662e-02
  7 -0.01150  6.78950e-02 |  8  0.00364  3.44094e+00 |  9  0.01184  5.07982e+00
 10  0.00341  2.79573e+00 | 11  0.01526  5.14162e+00 | 12 -0.01358 -1.73245e+00
 13 -0.00243  7.95030e-01 | 14 -0.02966 -5.34375e+00 | 15 -0.03669 -6.89496e+00
 16 -0.02612 -4.52852e+00 | 17 -0.01091 -1.21798e+00 | 18  0.06916  1.53281e+01
 19  0.00395  1.59179e+00 | 20 -0.01187 -2.09796e+00 | 21  0.56124 -2.68778e+01
 22 -0.02047 -3.07457e+00 | 23  0.00378  4.56177e+00 | 24 -0.05775 -8.42405e+00
 25 -0.11515 -2.09182e+01 | 26 -0.02588  1.20666e+01 | 27 -0.07069  4.93564e+00
 28 -0.13245 -9.16613e+00 | 29 -0.16237 -1.04564e+01 | 30 -0.12990  2.20471e+01
 31 -0.17781  6.37261e+00 | 32 -0.19833 -8.51169e+00 | 33 -0.03075  2.27851e+01
 34  0.06561 -4.96257e+00 | 35 -0.04716  3.85840e+01 | 36  0.16888  8.12217e+01
 37 -0.07309 -3.67357e+01 | 38  0.14714 -1.35771e+02 | 39  0.07721 -1.02016e+02
 40 -0.07775 -6.89870e+01 | 41 -0.02625 -8.31127e+01 | 42 -0.11526 -4.04857e+01
 43  0.03688 -2.37888e+01 | 44  0.00656 -3.54009e+00 | 45 -0.11839 -1.69336e+01
 46 -0.13815 -7.31330e+00 | 47 -0.11681 -6.15928e+00 | 48 -0.09822 -6.39098e+00
 49 -0.15335  1.29448e+01 | 50  0.02645  2.47924e+02 | 51  0.10934  2.61564e+02
 52  0.02250  2.01928e+02 | 53  0.01397  5.08941e+01 | 54  0.05914  9.69656e+01
 55  0.02018 -2.03512e+01 | 56  0.08562 -5.85123e+01 | 57 -0.06868 -4.19516e+01
 58  0.07782 -7.67597e+01 | 59  0.07829 -4.57335e+01 | 60  0.07016 -8.14823e+01
 61 -0.05116 -4.79216e+01 | 62  0.07530 -4.76953e+01 | 63  0.06992 -4.11058e+01
 64 -0.07267 -1.46170e+01 | 65 -0.03246 -4.00319e+01 | 66  0.00553 -2.21315e+01
 67 -0.08561  3.24267e+00 | 68 -0.09305 -1.23988e+01 | 69  0.03281  7.46121e+01
 70  0.16988  8.23521e+01 | 71 -0.06528 -4.18273e+00 | 72 -0.11608 -1.09732e+01
 73 -0.01111 -4.16645e+00 | 74 -0.01752 -4.64952e-01 | 75  0.00114  4.02280e+00
 76  0.00034  3.80498e+00 | 77 -0.56944 -2.45594e+02 | 78 -0.94126  6.88781e-01
 79 -0.40018  2.04629e+02 | 80 -0.32605  1.05967e-02 | 81 -2.53411 -1.31122e+00
 82  9.76338  4.39144e-01 | 83  0.21809 -1.35318e+00 | 84 -0.27649  4.34496e-01
84 variables; iteration 100; function evaluation 143; phase 3
Function value 2.1144591e+02; maximum gradient component mag -1.9755e+02
Var    Value     Gradient |Var    Value     Gradient |Var    Value     Gradient
  1  0.08136 -7.39422e+01 |  2 -0.03085 -7.79197e+00 |  3  0.10084  2.37173e+01
  4 -0.01411  3.09194e-02 |  5 -0.06674 -1.27993e+01 |  6 -0.03997 -6.48735e+00
  7 -0.02107 -2.10135e+00 |  8 -0.00739  9.96541e-01 |  9 -0.05960 -1.15666e+01
 10 -0.07200 -1.45713e+01 | 11 -0.11264 -2.40220e+01 | 12  0.02763  8.61019e+00
 13 -0.01058 -4.84708e-02 | 14 -0.01800 -1.43018e+00 | 15 -0.04461 -7.45729e+00
 16  0.10754  2.87181e+01 | 17  0.05439  1.69521e+01 | 18 -0.05169 -8.71569e+00
 19 -0.08119 -1.54285e+01 | 20  0.01715  9.21627e+00 | 21  0.52558  1.21012e+02
 22 -0.04533 -4.31270e+00 | 23 -0.04253 -1.11909e+00 | 24 -0.01724  1.06887e+01
 25 -0.01036  2.02691e+01 | 26 -0.10580 -7.94205e+00 | 27 -0.13573 -1.11023e+01
 28 -0.11389  1.00646e+01 | 29 -0.13852  1.32287e+01 | 30 -0.21597 -1.28648e+01
 31 -0.20372  1.82212e+00 | 32 -0.24008 -1.84921e+01 | 33 -0.15754 -7.07616e+00
 34  0.10161 -5.80796e+01 | 35 -0.15128 -3.56561e+01 | 36  0.16487 -1.96370e+02
 37 -0.10188 -8.37603e+01 | 38  0.15762 -1.11699e+02 | 39  0.09528 -1.27709e+01
 40 -0.02390 -1.97066e+01 | 41 -0.04476 -2.37280e+01 | 42 -0.05957 -2.59564e+00
 43 -0.02513 -8.25398e+01 | 44 -0.01666 -9.61442e+01 | 45 -0.08186 -4.46039e+01
 46 -0.17416 -3.38200e+01 | 47 -0.14436 -2.44287e+01 | 48 -0.10382 -8.61366e-01
 49 -0.10638  1.46728e+01 | 50 -0.03511  4.88983e+01 | 51  0.11288 -1.97554e+02
 52 -0.04599  1.70239e+01 | 53  0.06996  7.07829e+01 | 54  0.01996  7.12030e+01
 55  0.03028  1.54685e-01 | 56  0.08844  5.20591e+01 | 57 -0.03581 -3.24031e+01
 58  0.03835 -6.95445e+01 | 59  0.08936  6.58135e+01 | 60  0.06893  1.06249e+02
 61  0.01184  7.22533e+01 | 62  0.03773  1.12613e+02 | 63  0.09495  1.68974e+02
 64 -0.05180  4.62777e+01 | 65 -0.09132 -8.21001e+00 | 66  0.01822  2.35268e+01
 67 -0.12863 -1.39686e+01 | 68 -0.10943 -6.19988e+01 | 69 -0.03727 -6.79400e+01
 70  0.15050 -2.52445e+00 | 71  0.02794  5.57376e+01 | 72 -0.10062  3.71921e+01
 73 -0.04340  1.41523e+01 | 74 -0.02632 -2.50702e+00 | 75 -0.00214  3.41194e+00
 76  0.08534  2.46815e+01 | 77 -0.56126  7.12679e+01 | 78 -1.17152  1.63217e-01
 79 -0.48636  1.54902e+02 | 80 -0.52327 -3.39779e-03 | 81 -1.85639  5.19289e+00
 82 10.39990 -2.20637e-03 | 83  0.26437 -6.34964e+01 | 84 -0.40739  1.03081e+01
84 variables; iteration 120; function evaluation 168; phase 3
Function value 1.7508267e+02; maximum gradient component mag 1.5510e+02
Var    Value     Gradient |Var    Value     Gradient |Var    Value     Gradient
  1  0.05212 -5.05357e+01 |  2 -0.00775 -2.56830e+00 |  3  0.00540  4.57915e-01
  4  0.02242  8.25854e+00 |  5 -0.06522 -1.27787e+01 |  6  0.02975  9.49020e+00
  7 -0.05195 -9.92191e+00 |  8 -0.00213  1.54093e+00 |  9 -0.00659  2.30305e-01
 10 -0.02140 -3.45981e+00 | 11 -0.02637 -4.87697e+00 | 12  0.00867  2.65988e+00
 13 -0.01629 -2.96495e+00 | 14 -0.00111  5.46968e-01 | 15  0.00167  1.25900e+00
 16  0.02021  5.17443e+00 | 17 -0.03285 -6.61573e+00 | 18 -0.01539 -3.28684e+00
 19 -0.02265 -4.87391e+00 | 20 -0.02629 -6.03268e+00 | 21  0.50918 -4.69497e+01
 22  0.00584  2.04559e+00 | 23 -0.01902 -1.23925e+00 | 24 -0.02614  1.45996e-01
 25 -0.04919 -1.75488e+00 | 26 -0.08307 -5.83795e+00 | 27 -0.09970 -2.32145e+00
 28 -0.12514 -4.27518e-01 | 29 -0.15476  4.91842e-01 | 30 -0.19989 -7.08173e+00
 31 -0.21270 -3.83879e+00 | 32 -0.21449 -3.54818e+00 | 33 -0.23481 -2.60418e+01
 34  0.11505 -1.60542e+01 | 35 -0.19713 -5.89747e+01 | 36  0.13212 -1.17785e+00
 37  0.10111 -1.36827e+00 | 38  0.11158 -1.20337e+01 | 39  0.13320  6.37134e+00
 40 -0.03515 -1.82651e+01 | 41 -0.01256 -3.61050e+01 | 42 -0.08056 -1.84494e+01
 43 -0.04753 -7.42810e+01 | 44  0.02732 -2.74604e+01 | 45 -0.08889 -4.22043e+01
 46 -0.11948 -2.20444e+01 | 47 -0.15909 -4.19579e+01 | 48 -0.11253 -2.68823e+01
 49 -0.08306  4.67759e+00 | 50 -0.08305  4.19271e+01 | 51  0.13887  9.54224e+01
 52 -0.08080 -1.57333e+01 | 53  0.07323  2.54480e+01 | 54 -0.00127  3.23440e+01
 55  0.05711  5.79090e+01 | 56  0.06830  1.32583e+01 | 57  0.00145 -2.65861e+00
 58  0.04735  9.07255e-01 | 59  0.07844 -1.41793e+01 | 60  0.06284  6.71054e+00
 61  0.04009  3.45072e+01 | 62 -0.00469  8.79189e+00 | 63  0.10346  6.34503e+01
 64 -0.06830  2.08527e+00 | 65 -0.04857  2.61625e+01 | 66  0.01157  1.89040e+01
 67 -0.12208  3.29740e-01 | 68 -0.06358  2.03091e+01 | 69 -0.05297 -1.54563e+00
 70  0.14290  7.99453e+01 | 71  0.05648 -3.15913e+01 | 72 -0.13136 -1.42050e+00
 73 -0.04940 -2.88629e+00 | 74 -0.01600  6.18286e-01 | 75 -0.00957  1.73115e+00
 76 -0.02336 -1.71212e+00 | 77 -0.55116  1.55101e+02 | 78 -1.46617  1.29513e+01
 79 -0.53615  2.68397e+01 | 80 -0.55899 -1.42627e-01 | 81 -1.81974  7.88446e+00
 82 10.62622  4.72126e-03 | 83  0.28607  1.05554e-02 | 84 -0.39904  1.92462e-03
84 variables; iteration 140; function evaluation 189; phase 3
Function value 1.4353733e+02; maximum gradient component mag 2.9124e+02
Var    Value     Gradient |Var    Value     Gradient |Var    Value     Gradient
  1  0.02134  2.91244e+02 |  2  0.00023 -9.04029e-01 |  3 -0.00389 -2.04725e+00
  4 -0.01041  1.58137e-01 |  5 -0.01054 -5.82012e-02 |  6 -0.01078 -3.18812e-01
  7 -0.01344 -1.15686e+00 |  8 -0.00377  8.35601e-01 |  9 -0.00562  1.45062e-01
 10  0.00062  1.26216e+00 | 11 -0.00210  3.66387e-01 | 12 -0.00534 -5.69416e-01
 13  0.00175  1.06695e+00 | 14 -0.00505 -7.14637e-02 | 15 -0.00388  5.43220e-01
 16 -0.01424 -1.67037e+00 | 17 -0.00783 -9.03747e-02 | 18 -0.00491  2.03019e-01
 19  0.00428  2.73809e+00 | 20  0.00476  2.92440e+00 | 21  0.43832  3.66364e+01
 22 -0.02076 -6.75943e-02 | 23 -0.02695  1.39569e+00 | 24 -0.04369  5.71014e-01
 25 -0.05736  1.42094e+00 | 26 -0.07976  1.26576e+00 | 27 -0.10279  2.98137e+00
 28 -0.13217  2.08332e+00 | 29 -0.16296  8.67980e-01 | 30 -0.19224  1.49414e+00
 31 -0.21281  2.30533e-01 | 32 -0.22742 -6.35912e+00 | 33 -0.23187 -1.78551e+01
 34  0.08102  5.49651e+01 | 35 -0.00615  4.16525e+01 | 36  0.08154  3.58262e+01
 37  0.09350  4.26486e+01 | 38  0.08716  1.85325e+01 | 39  0.11920  6.45613e+01
 40 -0.00720  1.76861e+01 | 41  0.00218 -5.41420e+00 | 42 -0.07149  6.52978e+00
 43  0.00691 -5.60834e+00 | 44 -0.00054 -3.36970e+01 | 45 -0.01831 -1.34399e+01
 46 -0.09767 -1.41424e+01 | 47 -0.09553 -8.49761e+00 | 48 -0.09619 -1.20412e+01
 49 -0.05164  8.09603e+00 | 50 -0.12868 -7.41426e+01 | 51  0.10943 -5.95187e+01
 52 -0.01624 -3.51724e+00 | 53  0.02876 -1.28404e+01 | 54 -0.00685  1.33069e+01
 55  0.02166 -2.97485e+00 | 56  0.04672 -3.10535e+01 | 57 -0.01096 -2.42363e+01
 58  0.02537 -1.61926e+00 | 59  0.05735 -1.64951e+01 | 60  0.05270 -3.94161e+00
 61  0.01272  1.40313e+00 | 62 -0.00049  2.70746e+01 | 63  0.06432 -1.20700e+01
 64 -0.03254 -1.46815e+01 | 65 -0.08660 -2.18921e+00 | 66 -0.00025  2.18402e+01
 67 -0.10360  1.23308e+01 | 68 -0.08775  1.45151e+01 | 69 -0.05319  1.77371e+01
 70  0.08976  3.49135e+01 | 71  0.06169  7.48840e+00 | 72 -0.14999  9.02120e+00
 73 -0.07297  2.81271e+00 | 74 -0.02198  1.01910e+00 | 75 -0.02864 -1.91989e+00
 76 -0.01763  7.02642e-01 | 77 -0.54098  2.08323e+01 | 78 -1.61342 -5.56399e-01
 79 -0.58032  1.45437e+01 | 80 -0.61162 -4.49422e-03 | 81 -1.98454  6.93938e+00
 82  9.98723  1.99200e-01 | 83  0.30052 -5.11092e-02 | 84 -0.34584  1.45619e-02
84 variables; iteration 160; function evaluation 210; phase 3
Function value 9.5564486e+01; maximum gradient component mag 1.0422e+04
Var    Value     Gradient |Var    Value     Gradient |Var    Value     Gradient
  1  0.02302  1.04217e+04 |  2  0.00010  6.83809e+00 |  3  0.00125  8.55381e+00
  4 -0.01584  8.61043e+00 |  5 -0.00627  1.33447e+01 |  6 -0.01674  1.16473e+01
  7 -0.01140  1.55109e+01 |  8 -0.00769  1.91781e+01 |  9 -0.00903  2.12018e+01
 10 -0.00656  2.49575e+01 | 11 -0.00752  2.73979e+01 | 12 -0.00684  3.07157e+01
 13 -0.00997  3.34773e+01 | 14 -0.01536  3.48719e+01 | 15 -0.01958  3.76118e+01
 16 -0.02765  3.79453e+01 | 17 -0.02355  4.50468e+01 | 18 -0.01893  5.68140e+01
 19 -0.02702  5.82781e+01 | 20 -0.03457  5.96485e+01 | 21  0.24915  6.81147e+02
 22 -0.03789  7.05683e+01 | 23 -0.04907  5.80878e+01 | 24 -0.06351  5.10362e+01
 25 -0.07479  4.60579e+01 | 26 -0.08767  4.35971e+01 | 27 -0.11046  3.62314e+01
 28 -0.12206  3.18518e+01 | 29 -0.13472  2.66609e+01 | 30 -0.16030  2.03996e+01
 31 -0.16461  2.23753e+01 | 32 -0.19494  5.35075e+00 | 33 -0.13115  8.01178e+01
 34  0.03879  3.97847e+02 | 35 -0.02813  1.94692e+02 | 36  0.01491  2.06616e+02
 37  0.02060  2.23108e+02 | 38  0.04026  3.24200e+02 | 39  0.06226  2.44149e+02
 40 -0.01580  8.08638e+01 | 41 -0.00102  1.40352e+02 | 42 -0.01710  2.02191e+02
 43  0.01333  2.00343e+02 | 44 -0.00023  8.05599e+01 | 45 -0.02002 -7.86049e+00
 46 -0.02663  1.57126e+02 | 47 -0.06207  9.11653e+01 | 48 -0.05933  1.19117e+02
 49 -0.05495  5.31720e+01 | 50 -0.07589 -1.00761e+02 | 51  0.04604 -8.94571e+00
 52 -0.03388  8.78845e-01 | 53 -0.04884 -1.29508e+01 | 54 -0.07349 -2.47486e+01
 55 -0.04575 -1.49632e+01 | 56 -0.01533  4.05489e+01 | 57 -0.06150 -1.57908e+01
 58 -0.02901  4.99843e+01 | 59 -0.00001  6.93605e+01 | 60  0.00219  1.07038e+02
 61 -0.02482  1.00878e+02 | 62 -0.06078  3.75493e+01 | 63  0.00325  8.46290e+01
 64 -0.04741  6.33280e+01 | 65 -0.11920  1.42216e+01 | 66 -0.04566  1.14405e+02
 67 -0.11294  5.48126e+01 | 68 -0.10727  5.97328e+01 | 69 -0.09928  2.55210e+01
 70  0.00265  7.32693e+01 | 71 -0.00931 -3.73530e+01 | 72 -0.20469 -2.12226e+01
 73 -0.12229  5.74891e+00 | 74 -0.04845  2.58019e+00 | 75 -0.04681 -5.86403e-02
 76 -0.04361  3.29725e-01 | 77 -0.54167  2.59487e+02 | 78 -1.60510  3.97449e+01
 79 -0.61156 -1.37977e+02 | 80 -0.69432 -6.03173e-03 | 81 -2.16218 -2.01276e+01
 82 10.02546  3.32029e+01 | 83  0.32986 -6.97223e+00 | 84 -0.32231  7.94667e-01
84 variables; iteration 180; function evaluation 233; phase 3
Function value 8.7033971e+00; maximum gradient component mag -1.3648e+03
Var    Value     Gradient |Var    Value     Gradient |Var    Value     Gradient
  1  0.03498 -1.36479e+03 |  2 -0.02783 -4.02022e+00 |  3 -0.02183 -1.86480e+00
  4 -0.02654  1.37439e+00 |  5 -0.03645 -7.32050e-01 |  6 -0.02416  3.51820e+00
  7 -0.03672  6.97510e-01 |  8 -0.03250  2.83618e+00 |  9 -0.03218  3.91188e+00
 10 -0.02819  6.17731e+00 | 11 -0.03662  4.49609e+00 | 12 -0.04708  1.43249e+00
 13 -0.03956  5.36504e+00 | 14 -0.04297  6.43773e+00 | 15 -0.05261  5.45081e+00
 16 -0.04651  9.06214e+00 | 17 -0.07462  2.79396e-02 | 18 -0.08472 -2.02155e+00
 19 -0.08750 -7.58457e-01 | 20 -0.06076  1.12141e+01 | 21  0.13191  1.44356e+02
 22 -0.04609  2.07067e+01 | 23 -0.06451  1.11972e+01 | 24 -0.03711  2.52766e+01
 25 -0.05977  1.55651e+01 | 26 -0.05836  1.77242e+01 | 27 -0.07233  1.33444e+01
 28 -0.06983  1.60115e+01 | 29 -0.07409  2.05538e+01 | 30 -0.10078  2.23098e+01
 31 -0.12623  1.63052e+01 | 32 -0.10606  2.49454e+01 | 33 -0.15447 -1.42834e+01
 34  0.02665 -6.61558e+01 | 35 -0.05848 -1.32279e+02 | 36 -0.01094 -7.86594e+01
 37 -0.00911 -1.24065e+02 | 38  0.00503 -1.33565e+02 | 39  0.02944 -1.58057e+02
 40 -0.03718 -6.89172e+01 | 41 -0.02514 -5.05972e+01 | 42 -0.03736 -4.46618e+01
 43 -0.01055 -4.23146e+01 | 44 -0.01947  8.79491e+01 | 45 -0.03178  4.18901e+01
 46 -0.03977  4.55521e+01 | 47 -0.07228 -4.25392e+01 | 48 -0.07654 -8.53018e+01
 49 -0.06846  9.48519e+01 | 50 -0.08106  5.78460e+01 | 51  0.01875  1.21446e+02
 52 -0.05924 -3.35258e+01 | 53 -0.08458 -5.18168e+01 | 54 -0.09975  3.01524e+00
 55 -0.07443 -3.06193e+01 | 56 -0.04982 -5.44391e+01 | 57 -0.08300 -3.02250e+01
 58 -0.05769 -2.39308e+01 | 59 -0.02566 -1.90822e+01 | 60 -0.02668 -5.48947e+01
 61 -0.05275 -2.22144e+01 | 62 -0.08208 -1.14340e+01 | 63 -0.02809 -7.10193e+01
 64 -0.07320 -1.78266e+01 | 65 -0.12632  4.19520e+01 | 66 -0.07337  3.42283e+01
 67 -0.13338 -2.79360e+01 | 68 -0.12494 -1.15663e+01 | 69 -0.12407 -6.60803e+01
 70 -0.03316 -3.47750e+01 | 71 -0.04409 -6.99551e+01 | 72 -0.21571 -1.42356e+01
 73 -0.14872 -6.17901e+00 | 74 -0.06801  1.93427e+00 | 75 -0.06972 -8.18104e-01
 76 -0.07413 -2.52642e+00 | 77 -0.54402 -1.66675e+02 | 78 -1.63364 -2.42433e+01
 79 -0.59623 -1.95466e+02 | 80 -0.66417 -5.39230e-03 | 81 -2.25526  2.22055e+01
 82 10.33353  3.05818e-02 | 83  0.37233 -1.03423e+02 | 84 -0.37236  2.15330e+01
84 variables; iteration 200; function evaluation 256; phase 3
Function value -5.3013498e+00; maximum gradient component mag 2.4620e+04
Var    Value     Gradient |Var    Value     Gradient |Var    Value     Gradient
  1  0.03370  2.46198e+04 |  2 -0.00250  2.23979e+01 |  3 -0.00571  2.55547e+01
  4 -0.01225  3.15060e+01 |  5 -0.01753  3.44736e+01 |  6 -0.01589  4.17444e+01
  7 -0.01835  4.74827e+01 |  8 -0.01894  5.51469e+01 |  9 -0.02524  5.93330e+01
 10 -0.01926  7.33934e+01 | 11 -0.02583  7.76710e+01 | 12 -0.02460  8.87139e+01
 13 -0.02784  9.78733e+01 | 14 -0.02695  1.10356e+02 | 15 -0.04911  9.88772e+01
 16 -0.03257  1.33874e+02 | 17 -0.04940  1.25460e+02 | 18 -0.05841  1.34386e+02
 19 -0.05286  1.56358e+02 | 20 -0.06086  1.57038e+02 | 21  0.11687  7.89302e+02
 22 -0.04537  2.01070e+02 | 23 -0.05273  1.72895e+02 | 24 -0.04491  1.93966e+02
 25 -0.05400  1.79204e+02 | 26 -0.05847  1.81081e+02 | 27 -0.06861  1.77281e+02
 28 -0.06673  1.82990e+02 | 29 -0.07290  1.71578e+02 | 30 -0.10658  1.31663e+02
 31 -0.13163  9.96946e+01 | 32 -0.13086  9.85948e+01 | 33 -0.14102  1.01470e+02
 34  0.03145  8.35520e+02 | 35 -0.05654  4.70963e+02 | 36 -0.01138  6.72385e+02
 37 -0.00790  7.23134e+02 | 38  0.00598  7.67914e+02 | 39  0.02972  8.89044e+02
 40 -0.03963  4.98099e+02 | 41 -0.02554  4.80001e+02 | 42 -0.03510  4.04793e+02
 43 -0.00511  5.03887e+02 | 44 -0.02081  4.06672e+02 | 45 -0.03003  3.58537e+02
 46 -0.04025  3.15900e+02 | 47 -0.06953  2.70267e+02 | 48 -0.07083  2.85672e+02
 49 -0.06919  2.18529e+02 | 50 -0.07827  1.37917e+02 | 51  0.02057  8.95724e+01
 52 -0.06050  2.89686e+01 | 53 -0.08037 -7.50516e+00 | 54 -0.10376  9.44470e+00
 55 -0.07147 -4.80804e+00 | 56 -0.04496  2.00046e+01 | 57 -0.08377 -6.13938e+00
 58 -0.05303 -2.35465e+01 | 59 -0.02387 -7.26812e+01 | 60 -0.02175 -5.74538e+01
 61 -0.05302 -5.62056e+01 | 62 -0.08046 -2.92883e+01 | 63 -0.02332 -6.06375e+01
 64 -0.07190 -9.21119e+00 | 65 -0.12706  1.23276e+01 | 66 -0.07019  9.77106e-01
 67 -0.12831 -8.61632e+00 | 68 -0.11959 -4.32983e+00 | 69 -0.11668 -5.91770e+01
 70 -0.02905 -6.59829e+01 | 71 -0.04210 -2.65605e+00 | 72 -0.22793 -1.68065e+00
 73 -0.13980 -1.52200e+01 | 74 -0.07730 -2.31916e+00 | 75 -0.06253  2.05248e-01
 76 -0.06192 -2.08133e-01 | 77 -0.54980  1.24118e+03 | 78 -1.62661  1.53715e+02
 79 -0.53921  6.50193e+02 | 80 -0.52246 -1.42125e+00 | 81 -2.31357 -2.22954e+02
 82 10.36839  2.21411e+01 | 83  0.38765 -2.08385e-02 | 84 -0.47296 -2.88540e-03
84 variables; iteration 220; function evaluation 278; phase 3
Function value -1.0450504e+01; maximum gradient component mag -1.6473e+02
Var    Value     Gradient |Var    Value     Gradient |Var    Value     Gradient
  1  0.03164 -1.51644e+02 |  2 -0.00324  4.17240e-01 |  3 -0.00325  6.35283e-01
  4 -0.01921  6.75938e-01 |  5 -0.01891  1.00687e+00 |  6 -0.02133  6.58129e-01
  7 -0.02126  9.91820e-01 |  8 -0.02397  6.15533e-01 |  9 -0.02393  9.88275e-01
 10 -0.02431  1.25429e+00 | 11 -0.02683  9.32470e-01 | 12 -0.02888 -2.12395e-02
 13 -0.02886  7.29777e-01 | 14 -0.03197  1.43549e+00 | 15 -0.03991  8.01595e-01
 16 -0.04383  2.17691e-01 | 17 -0.05181 -1.52709e+00 | 18 -0.04933 -5.39128e-01
 19 -0.05060  1.19400e+00 | 20 -0.05416  5.63778e-01 | 21  0.13031  7.64979e+01
 22 -0.04454  4.52250e+00 | 23 -0.05503  4.90456e-01 | 24 -0.06020 -1.17671e+00
 25 -0.06111 -2.13963e+00 | 26 -0.05622 -2.35209e+00 | 27 -0.05400 -5.49432e+00
 28 -0.05096 -7.09043e+00 | 29 -0.06828 -3.37742e+00 | 30 -0.10843  1.41860e+00
 31 -0.13369  2.14909e+00 | 32 -0.13625  7.85048e-01 | 33 -0.13817 -9.77534e+00
 34  0.03381 -1.35269e+01 | 35 -0.05738  4.99878e+00 | 36 -0.00796 -5.82343e+00
 37 -0.00636 -1.69187e+01 | 38  0.00741 -1.26887e+01 | 39  0.03383 -1.07918e+01
 40 -0.03971  4.25585e+00 | 41 -0.02230 -5.72231e-01 | 42 -0.03344 -9.16816e+00
 43 -0.00337 -1.29168e+01 | 44 -0.01824 -1.94540e+01 | 45 -0.02819 -2.18830e+01
 46 -0.03805 -1.46927e+01 | 47 -0.06702 -7.98619e+00 | 48 -0.06935 -6.99424e+00
 49 -0.06687 -1.24334e+01 | 50 -0.07521 -1.90608e+00 | 51  0.02328  9.18317e+00
 52 -0.05881  1.98658e+00 | 53 -0.07602 -3.23644e+00 | 54 -0.10421 -6.27897e+00
 55 -0.06646 -2.57108e+00 | 56 -0.04408 -2.29322e+00 | 57 -0.07953 -5.34708e-01
 58 -0.05043  1.17786e-01 | 59 -0.01945  1.95745e+00 | 60 -0.01965  8.03959e-01
 61 -0.04894 -1.39682e+00 | 62 -0.07865  1.81875e+00 | 63 -0.01875  9.02323e-01
 64 -0.07037 -7.24780e-01 | 65 -0.12637  4.32728e-01 | 66 -0.06813  1.30558e-01
 67 -0.12456  2.56615e+00 | 68 -0.12051  1.53231e+00 | 69 -0.10953  1.36326e+01
 70 -0.02598 -1.73919e+00 | 71 -0.04186 -1.15092e+00 | 72 -0.22515 -4.81517e-01
 73 -0.13661 -7.36763e+00 | 74 -0.07149 -6.88193e-01 | 75 -0.06209  1.72723e-01
 76 -0.06059 -2.45760e-02 | 77 -0.55571 -5.18925e+01 | 78 -1.50193 -3.23378e+00
 79 -0.53795 -1.64726e+02 | 80 -0.51243  4.48791e-01 | 81 -2.33797 -7.46627e+00
 82 10.38943  6.74951e+00 | 83  0.38662 -1.98733e-02 | 84 -0.48512 -2.99813e-03
84 variables; iteration 240; function evaluation 300; phase 3
Function value -1.3313059e+01; maximum gradient component mag -7.2796e+03
Var    Value     Gradient |Var    Value     Gradient |Var    Value     Gradient
  1  0.03458 -7.27962e+03 |  2 -0.00452 -5.04290e-02 |  3 -0.00588 -2.20897e-01
  4 -0.02131 -6.25978e-02 |  5 -0.02279 -2.38138e-01 |  6 -0.02339 -1.66737e-01
  7 -0.02557 -4.84643e-01 |  8 -0.02679 -5.37617e-01 |  9 -0.02724 -3.76737e-01
 10 -0.02774 -2.31580e-01 | 11 -0.03025 -6.23650e-01 | 12 -0.03237 -1.76646e+00
 13 -0.03219 -1.07233e+00 | 14 -0.03759 -9.77094e-01 | 15 -0.04414 -1.23757e+00
 16 -0.05348 -3.62512e+00 | 17 -0.05508 -3.67810e+00 | 18 -0.04560 -1.08333e+00
 19 -0.05767 -2.62769e+00 | 20 -0.05227 -8.27671e-01 | 21  0.06795  4.02935e+01
 22 -0.04691  1.08847e+00 | 23 -0.05614 -2.13955e+00 | 24 -0.05595 -2.24969e+00
 25 -0.05607 -3.31876e+00 | 26 -0.05003 -4.48341e+00 | 27 -0.03839 -8.57495e+00
 28 -0.01959 -1.09230e+01 | 29 -0.05416 -5.70901e+00 | 30 -0.11427 -4.09839e+00
 31 -0.14028 -4.63445e+00 | 32 -0.14252 -7.29717e+00 | 33 -0.11355 -2.01794e+01
 34  0.02564 -2.85301e+02 | 35 -0.06267 -1.58828e+02 | 36 -0.01610 -2.89250e+02
 37 -0.01374 -2.98449e+02 | 38  0.00005 -3.11228e+02 | 39  0.02737 -3.50205e+02
 40 -0.04300 -1.58434e+02 | 41 -0.02709 -1.60804e+02 | 42 -0.03459 -1.21052e+02
 43 -0.00693 -1.38427e+02 | 44 -0.02239 -1.09619e+02 | 45 -0.03186 -8.55510e+01
 46 -0.04046 -7.39320e+01 | 47 -0.07063 -5.89102e+01 | 48 -0.07281 -4.99788e+01
 49 -0.07043 -4.85729e+01 | 50 -0.07911 -5.72770e+01 | 51  0.01634 -1.11739e+02
 52 -0.06445 -6.13345e+01 | 53 -0.08284 -4.10981e+01 | 54 -0.11210 -4.03875e+01
 55 -0.07346 -4.23682e+01 | 56 -0.05112 -4.49109e+01 | 57 -0.08568 -3.33930e+01
 58 -0.05667 -4.74052e+01 | 59 -0.02626 -6.58225e+01 | 60 -0.02554 -6.30918e+01
 61 -0.05499 -5.62154e+01 | 62 -0.08540 -3.95447e+01 | 63 -0.02532 -4.40799e+01
 64 -0.07519 -2.98757e+01 | 65 -0.13141 -2.04973e+01 | 66 -0.07417 -3.08707e+01
 67 -0.12894 -2.04048e+01 | 68 -0.12456 -1.80222e+01 | 69 -0.11585 -5.91472e+00
 70 -0.03348 -5.69448e+00 | 71 -0.05055 -1.10472e+01 | 72 -0.22569  4.31188e+00
 73 -0.14230 -2.16178e+00 | 74 -0.07833 -4.10110e-01 | 75 -0.06958 -2.27967e-01
 76 -0.06675 -1.82014e-01 | 77 -0.56585 -1.26492e+03 | 78 -1.32038 -3.31139e+01
 79 -0.53727 -7.68167e+02 | 80 -0.45473  6.04681e+00 | 81 -2.30492  1.19975e+02
 82 10.71165 -2.60909e+00 | 83  0.39736 -1.41357e-02 | 84 -0.46265 -2.79305e-03
84 variables; iteration 260; function evaluation 322; phase 3
Function value -2.1658164e+01; maximum gradient component mag -5.9082e+03
Var    Value     Gradient |Var    Value     Gradient |Var    Value     Gradient
  1  0.03077 -5.90822e+03 |  2 -0.00718 -2.16249e+00 |  3 -0.00803 -2.48380e+00
  4 -0.02473 -2.72898e+00 |  5 -0.02489 -2.89824e+00 |  6 -0.02693 -3.53753e+00
  7 -0.02708 -3.74645e+00 |  8 -0.02816 -4.20118e+00 |  9 -0.02742 -4.25315e+00
 10 -0.02851 -4.76990e+00 | 11 -0.02976 -5.33664e+00 | 12 -0.03318 -7.38136e+00
 13 -0.02950 -6.65958e+00 | 14 -0.03962 -7.97577e+00 | 15 -0.04050 -7.39396e+00
 16 -0.05509 -1.13710e+01 | 17 -0.04600 -9.75387e+00 | 18 -0.03127 -8.27073e+00
 19 -0.02967 -6.66432e+00 | 20 -0.05105 -1.16559e+01 | 21  0.01072  9.04248e-02
 22 -0.05078 -1.17078e+01 | 23 -0.05417 -1.23176e+01 | 24 -0.06135 -1.48765e+01
 25 -0.05572 -1.59868e+01 | 26 -0.05470 -2.19273e+01 | 27 -0.02709 -3.67653e+01
 28  0.01454 -6.21825e+01 | 29 -0.03090 -3.31941e+01 | 30 -0.09456 -7.88053e+00
 31 -0.12586 -3.62778e+00 | 32 -0.12400 -6.00738e+00 | 33 -0.13169 -2.45373e+01
 34  0.03191 -6.55330e+01 | 35 -0.07462 -6.70908e+01 | 36 -0.01132 -1.35594e+02
 37 -0.01695 -1.59459e+02 | 38  0.00168 -1.87834e+02 | 39  0.02805 -2.54091e+02
 40 -0.04727 -1.48961e+02 | 41 -0.02091 -1.26522e+02 | 42 -0.02675 -1.12498e+02
 43 -0.00109 -1.17917e+02 | 44 -0.01947 -1.12091e+02 | 45 -0.02844 -8.61887e+01
 46 -0.03643 -7.90282e+01 | 47 -0.06696 -6.00983e+01 | 48 -0.07001 -5.43549e+01
 49 -0.06718 -4.69574e+01 | 50 -0.06841 -3.45611e+01 | 51  0.01587 -7.93158e+01
 52 -0.06688 -3.58205e+01 | 53 -0.08334 -3.07816e+01 | 54 -0.10945 -1.31661e+01
 55 -0.07196 -3.38244e+01 | 56 -0.05219 -4.74416e+01 | 57 -0.08730 -3.64573e+01
 58 -0.05230 -3.58850e+01 | 59 -0.02295 -4.75502e+01 | 60 -0.02433 -5.37717e+01
 61 -0.05408 -4.79501e+01 | 62 -0.08173 -3.38680e+01 | 63 -0.02383 -5.86130e+01
 64 -0.07691 -3.54256e+01 | 65 -0.12518 -9.08221e+00 | 66 -0.07007 -1.83258e+01
 67 -0.12528 -2.14107e+01 | 68 -0.11615 -2.11133e+01 | 69 -0.10584 -2.23325e+00
 70 -0.02862 -8.51780e-01 | 71 -0.05534 -8.77411e+00 | 72 -0.23287 -1.31839e-02
 73 -0.13065 -6.67284e+00 | 74 -0.07879 -3.71022e-01 | 75 -0.06996  2.87014e-01
 76 -0.06754  2.34479e-01 | 77 -0.56882 -2.06167e+03 | 78 -0.78790  2.43929e+01
 79 -0.51555 -1.34015e+03 | 80 -0.38301  1.40156e+02 | 81 -2.30844  7.25032e+01
 82 11.36270  1.73834e+00 | 83  0.41569 -8.68980e-02 | 84 -0.59649 -4.27421e-03
84 variables; iteration 280; function evaluation 344; phase 3
Function value -2.8386186e+01; maximum gradient component mag 2.5279e+03
Var    Value     Gradient |Var    Value     Gradient |Var    Value     Gradient
  1  0.03159  2.52792e+03 |  2 -0.01349  1.15315e+01 |  3 -0.01595  1.34620e+01
  4 -0.03268  1.39601e+01 |  5 -0.03554  1.60437e+01 |  6 -0.03281  2.08651e+01
  7 -0.04090  2.12390e+01 |  8 -0.04082  2.56263e+01 |  9 -0.04767  2.67185e+01
 10 -0.04742  3.15213e+01 | 11 -0.05484  3.19971e+01 | 12 -0.05473  3.66069e+01
 13 -0.05941  3.89827e+01 | 14 -0.06106  4.24963e+01 | 15 -0.06932  4.28962e+01
 16 -0.06555  5.15087e+01 | 17 -0.07842  4.76066e+01 | 18 -0.09184  4.55626e+01
 19 -0.09712  4.43169e+01 | 20 -0.08484  5.68285e+01 | 21  0.03378  2.10789e+02
 22 -0.07520  6.20055e+01 | 23 -0.07708  5.22994e+01 | 24 -0.05637  7.08333e+01
 25 -0.06405  6.41327e+01 | 26 -0.06161  7.33800e+01 | 27 -0.04755  1.03771e+02
 28  0.07488  3.35077e+02 | 29 -0.03201  1.36577e+02 | 30 -0.11455  6.07770e+01
 31 -0.13739  4.02047e+01 | 32 -0.13075  3.66795e+01 | 33 -0.09949  4.60855e+01
 34  0.02502  1.03351e+02 | 35 -0.07763  2.70285e+01 | 36 -0.01876 -3.63098e+01
 37 -0.02660 -6.12661e+01 | 38 -0.00482 -7.97369e+01 | 39  0.01979 -1.08178e+02
 40 -0.04532 -4.55862e+01 | 41 -0.02312 -4.22252e+01 | 42 -0.02293 -2.76366e+01
 43 -0.00195 -2.30887e+01 | 44 -0.02094 -8.48628e+00 | 45 -0.03020 -6.04395e+00
 46 -0.03609 -6.15578e+00 | 47 -0.06796  8.35292e+00 | 48 -0.07123  1.52209e+01
 49 -0.06850  1.46833e+01 | 50 -0.06730  7.20116e+00 | 51  0.00901 -5.33954e+01
 52 -0.07278 -3.17393e+01 | 53 -0.09034 -2.56249e+01 | 54 -0.11669 -1.83190e+01
 55 -0.07755 -2.58630e+01 | 56 -0.05920 -3.17992e+01 | 57 -0.09255 -2.10346e+01
 58 -0.05604 -2.09674e+01 | 59 -0.02767 -2.91533e+01 | 60 -0.02862 -2.40227e+01
 61 -0.05834 -2.12927e+01 | 62 -0.08517 -1.09506e+01 | 63 -0.02945 -3.42894e+01
 64 -0.07953 -1.62674e+01 | 65 -0.12826 -1.06952e+01 | 66 -0.07359 -9.34139e+00
 67 -0.12459 -3.98719e+00 | 68 -0.11499 -1.21620e+01 | 69 -0.10714 -1.69761e+01
 70 -0.03534 -1.78187e+01 | 71 -0.06282 -5.28910e+00 | 72 -0.24277 -4.51157e+00
 73 -0.12916 -1.42462e+00 | 74 -0.08726 -1.21897e-01 | 75 -0.07934  8.86352e-02
 76 -0.07705 -8.01123e-02 | 77 -0.56549 -5.24645e+02 | 78 -0.60094  1.71787e+01
 79 -0.50590 -2.15297e+02 | 80 -0.39490  7.26629e+00 | 81 -2.31439 -2.11052e-01
 82 11.44222 -2.67691e+00 | 83  0.40733 -1.18763e-02 | 84 -0.58761 -4.15169e-03
84 variables; iteration 300; function evaluation 366; phase 3
Function value -3.0754881e+01; maximum gradient component mag 5.8576e+03
Var    Value     Gradient |Var    Value     Gradient |Var    Value     Gradient
  1  0.03008  5.85762e+03 |  2 -0.01323  7.05243e+00 |  3 -0.01489  8.45782e+00
  4 -0.03226  8.50382e+00 |  5 -0.03203  1.08313e+01 |  6 -0.03716  1.14150e+01
  7 -0.03786  1.38833e+01 |  8 -0.04263  1.49202e+01 |  9 -0.04453  1.72463e+01
 10 -0.04803  1.88932e+01 | 11 -0.05112  2.06963e+01 | 12 -0.05408  2.23901e+01
 13 -0.05555  2.53505e+01 | 14 -0.05524  2.89024e+01 | 15 -0.06611  2.71939e+01
 16 -0.07026  2.87456e+01 | 17 -0.07623  2.94549e+01 | 18 -0.07001  3.97195e+01
 19 -0.07830  3.66108e+01 | 20 -0.08753  3.25572e+01 | 21  0.04857  1.68373e+02
 22 -0.07226  3.96615e+01 | 23 -0.08769  2.36805e+01 | 24 -0.07374  2.98601e+01
 25 -0.07871  2.52826e+01 | 26 -0.08997  2.17743e+01 | 27 -0.08926  3.14068e+01
 28  0.10242  3.02992e+02 | 29 -0.06764  6.75231e+01 | 30 -0.12257  3.67204e+01
 31 -0.13147  3.03060e+01 | 32 -0.12117  2.94946e+01 | 33 -0.11350  2.45226e+01
 34  0.02746  2.65159e+02 | 35 -0.08012  1.09528e+02 | 36 -0.01591  1.75510e+02
 37 -0.02568  1.39929e+02 | 38 -0.00369  1.40453e+02 | 39  0.02151  1.58838e+02
 40 -0.04454  8.45824e+01 | 41 -0.02114  8.33008e+01 | 42 -0.02117  7.42341e+01
 43 -0.00049  8.57816e+01 | 44 -0.01970  7.73392e+01 | 45 -0.02905  6.34234e+01
 46 -0.03494  5.51897e+01 | 47 -0.06690  4.50784e+01 | 48 -0.06950  4.58088e+01
 49 -0.06723  3.20844e+01 | 50 -0.06564  1.51058e+01 | 51  0.01036  7.09301e+00
 52 -0.07260  6.48089e+00 | 53 -0.08921  8.77890e-01 | 54 -0.11582  3.75822e+00
 55 -0.07530 -1.64731e+00 | 56 -0.05746 -2.84254e+00 | 57 -0.09088 -1.09512e+00
 58 -0.05415 -3.07815e+00 | 59 -0.02603 -7.86549e+00 | 60 -0.02798 -6.97342e+00
 61 -0.05680 -5.05829e-01 | 62 -0.08493 -3.28906e+00 | 63 -0.02680  3.49885e+00
 64 -0.07961  2.02590e+00 | 65 -0.12690 -1.49562e+00 | 66 -0.07199 -1.11748e+00
 67 -0.12489 -7.77695e-01 | 68 -0.11357  1.82264e+00 | 69 -0.10552 -1.91089e-01
 70 -0.03306 -4.21176e+00 | 71 -0.06450 -3.80256e+00 | 72 -0.23949  7.78874e-01
 73 -0.12700  2.84250e+00 | 74 -0.08453 -5.77839e-02 | 75 -0.07933 -1.75659e-01
 76 -0.07562  2.55570e-02 | 77 -0.56068  3.22414e+02 | 78 -0.57780 -1.76240e+01
 79 -0.49814  7.75574e+01 | 80 -0.36787 -3.86242e+01 | 81 -2.32567  4.07993e+01
 82 11.55610  1.77103e+00 | 83  0.41107 -1.96217e-02 | 84 -0.65500 -5.21792e-03
84 variables; iteration 320; function evaluation 389; phase 3
Function value -3.2709216e+01; maximum gradient component mag 9.8379e+03
Var    Value     Gradient |Var    Value     Gradient |Var    Value     Gradient
  1  0.02876  9.83788e+03 |  2 -0.01557  1.30408e+01 |  3 -0.01634  1.59876e+01
  4 -0.03429  1.60786e+01 |  5 -0.03435  1.97518e+01 |  6 -0.04465  1.91545e+01
  7 -0.04192  2.48358e+01 |  8 -0.04799  2.65645e+01 |  9 -0.04915  3.09760e+01
 10 -0.05166  3.47308e+01 | 11 -0.05395  3.85938e+01 | 12 -0.05710  4.19320e+01
 13 -0.05988  4.58489e+01 | 14 -0.06829  4.47549e+01 | 15 -0.06521  5.36968e+01
 16 -0.07753  5.12743e+01 | 17 -0.06586  6.87894e+01 | 18 -0.05629  9.10497e+01
 19 -0.06221  8.93727e+01 | 20 -0.07738  7.74203e+01 | 21  0.04571  2.69898e+02
 22 -0.06306  8.66795e+01 | 23 -0.06437  7.29438e+01 | 24 -0.07234  6.12788e+01
 25 -0.07531  5.38478e+01 | 26 -0.08933  4.44706e+01 | 27 -0.12755  2.87758e+01
 28  0.11478  6.74351e+02 | 29 -0.11832  7.88718e+01 | 30 -0.10535  9.28457e+01
 31 -0.12297  6.69935e+01 | 32 -0.12014  5.54296e+01 | 33 -0.11181  5.07445e+01
 34  0.03050  3.96840e+02 | 35 -0.08348  1.34133e+02 | 36 -0.01282  2.36712e+02
 37 -0.02415  1.95476e+02 | 38 -0.00193  1.97583e+02 | 39  0.02335  2.38882e+02
 40 -0.04403  1.33919e+02 | 41 -0.01875  1.57516e+02 | 42 -0.01903  1.42921e+02
 43  0.00166  1.58641e+02 | 44 -0.01797  1.33164e+02 | 45 -0.02714  1.16042e+02
 46 -0.03299  1.02295e+02 | 47 -0.06502  6.63506e+01 | 48 -0.06798  5.17831e+01
 49 -0.06531  3.91900e+01 | 50 -0.06302  3.43500e+01 | 51  0.01237 -9.91495e+00
 52 -0.07197 -1.53122e+00 | 53 -0.08697 -6.87397e+00 | 54 -0.11420  1.18585e+00
 55 -0.07288 -4.42107e+00 | 56 -0.05575 -7.44665e+00 | 57 -0.08926 -4.67285e+00
 58 -0.05179 -7.99689e+00 | 59 -0.02350 -1.12282e+01 | 60 -0.02609 -1.52593e+01
 61 -0.05484 -8.69030e+00 | 62 -0.08289 -1.21600e+01 | 63 -0.02473 -1.40845e+01
 64 -0.07799 -5.50568e+00 | 65 -0.12497 -5.95213e+00 | 66 -0.06908  1.87467e+00
 67 -0.12295 -1.42671e+00 | 68 -0.11052 -2.67802e+00 | 69 -0.10287 -1.08580e+01
 70 -0.03019 -1.23791e+01 | 71 -0.06322 -9.51749e+00 | 72 -0.24190 -4.66305e+00
 73 -0.12302 -1.57901e+00 | 74 -0.08166  3.24031e-01 | 75 -0.07862 -2.47903e-01
 76 -0.07543 -1.51367e-01 | 77 -0.56232  6.26707e+02 | 78 -0.60212 -2.87352e+01
 79 -0.49150  5.80664e+01 | 80 -0.38003 -3.54435e+01 | 81 -2.36361  4.04287e+00
 82 11.69610 -6.14292e+00 | 83  0.40891 -1.39808e-02 | 84 -0.73362 -7.06410e-03
84 variables; iteration 340; function evaluation 411; phase 3
Function value -3.4181350e+01; maximum gradient component mag 9.9032e+03
Var    Value     Gradient |Var    Value     Gradient |Var    Value     Gradient
  1  0.02872  9.90324e+03 |  2 -0.01090  8.98325e+00 |  3 -0.01252  1.06712e+01
  4 -0.03063  1.05320e+01 |  5 -0.02963  1.34767e+01 |  6 -0.03499  1.42433e+01
  7 -0.03547  1.72102e+01 |  8 -0.03926  1.90448e+01 |  9 -0.03889  2.29346e+01
 10 -0.04247  2.50726e+01 | 11 -0.04507  2.76840e+01 | 12 -0.04882  2.98046e+01
 13 -0.05179  3.25379e+01 | 14 -0.05100  3.68970e+01 | 15 -0.05474  3.97124e+01
 16 -0.06865  3.57589e+01 | 17 -0.07367  3.75142e+01 | 18 -0.07353  4.51262e+01
 19 -0.06633  5.32555e+01 | 20 -0.07716  4.74416e+01 | 21  0.03597  1.69790e+02
 22 -0.05754  5.69696e+01 | 23 -0.08861  2.67203e+01 | 24 -0.10958  1.13839e+01
 25 -0.09941  1.39636e+01 | 26 -0.11093  1.04397e+01 | 27 -0.11861  1.67475e+01
 28  0.12807  6.20216e+02 | 29 -0.16631  2.72740e+01 | 30 -0.13561  4.79951e+01
 31 -0.13355  4.39188e+01 | 32 -0.11425  4.93334e+01 | 33 -0.10784  5.17524e+01
 34  0.03185  4.77309e+02 | 35 -0.08537  1.80586e+02 | 36 -0.01340  3.13003e+02
 37 -0.02538  2.73358e+02 | 38 -0.00210  2.95007e+02 | 39  0.02308  3.48337e+02
 40 -0.04474  1.84041e+02 | 41 -0.01850  1.97643e+02 | 42 -0.01853  1.67151e+02
 43  0.00250  1.83611e+02 | 44 -0.01780  1.36634e+02 | 45 -0.02702  1.08669e+02
 46 -0.03263  8.91684e+01 | 47 -0.06441  6.66247e+01 | 48 -0.06773  5.93140e+01
 49 -0.06464  5.17851e+01 | 50 -0.06287  3.32588e+01 | 51  0.01288  1.50773e+01
 52 -0.07364  3.66730e+00 | 53 -0.08621  1.83907e+00 | 54 -0.11667 -2.28914e+00
 55 -0.07265 -1.10215e+00 | 56 -0.05614  1.15624e+00 | 57 -0.08990  1.66003e+00
 58 -0.05143  2.57859e+00 | 59 -0.02336  3.11376e+00 | 60 -0.02562  5.29183e+00
 61 -0.05528  2.98317e+00 | 62 -0.08240  4.16103e+00 | 63 -0.02452  3.29360e+00
 64 -0.07858  3.11578e+00 | 65 -0.12380  2.95937e+00 | 66 -0.06908  3.44707e+00
 67 -0.12209  3.77298e+00 | 68 -0.10962  1.77668e+00 | 69 -0.10182 -2.22455e+00
 70 -0.02989 -8.54877e+00 | 71 -0.06515 -4.71384e+00 | 72 -0.24075 -1.45243e+00
 73 -0.12213 -8.60796e-01 | 74 -0.08390  2.43753e-02 | 75 -0.07903 -1.67037e-01
 76 -0.07562 -1.87844e-02 | 77 -0.56449  9.80229e+02 | 78 -0.63309 -3.44971e+01
 79 -0.48287  3.27595e+01 | 80 -0.36017 -2.75755e+01 | 81 -2.42055  3.74657e+00
 82 11.80050 -6.79488e+00 | 83  0.39426 -5.47288e-03 | 84 -0.85410 -1.34618e-02
84 variables; iteration 360; function evaluation 433; phase 3
Function value -3.5634539e+01; maximum gradient component mag -2.5676e+03
Var    Value     Gradient |Var    Value     Gradient |Var    Value     Gradient
  1  0.02881 -2.56757e+03 |  2 -0.01025  3.84254e-01 |  3 -0.01117  6.52164e-01
  4 -0.02833  4.28548e-01 |  5 -0.02918  7.89970e-01 |  6 -0.03233  5.47013e-01
  7 -0.03307  1.04029e+00 |  8 -0.03551  1.11591e+00 |  9 -0.03859  1.02981e+00
 10 -0.04149  1.00617e+00 | 11 -0.04289  1.44467e+00 | 12 -0.04522  1.58779e+00
 13 -0.04895  1.38013e+00 | 14 -0.05477  5.41991e-01 | 15 -0.05082  3.19899e+00
 16 -0.04330  6.86624e+00 | 17 -0.05160  5.31832e+00 | 18 -0.08364 -4.29745e+00
 19 -0.10738 -1.12391e+01 | 20 -0.03862  1.32999e+01 | 21  0.00718  3.26679e+01
 22 -0.09173 -6.37251e+00 | 23 -0.06672  6.02922e-01 | 24 -0.07935 -3.88927e+00
 25 -0.09208 -8.19706e+00 | 26 -0.09224 -7.43200e+00 | 27 -0.13891 -2.08838e+01
 28  0.13339  8.36724e+01 | 29 -0.16406 -1.91105e+01 | 30 -0.18544 -1.91604e+01
 31 -0.14024 -4.23285e+00 | 32 -0.14548 -7.74179e+00 | 33 -0.09571  4.77859e-01
 34  0.03329 -1.39392e+02 | 35 -0.08863 -5.78312e+01 | 36 -0.01300 -1.32997e+02
 37 -0.02543 -1.18730e+02 | 38 -0.00253 -1.33265e+02 | 39  0.02360 -1.38818e+02
 40 -0.04592 -6.64210e+01 | 41 -0.01845 -6.24235e+01 | 42 -0.01875 -5.10415e+01
 43  0.00263 -4.71318e+01 | 44 -0.01786 -3.04216e+01 | 45 -0.02717 -2.15220e+01
 46 -0.03270 -1.91720e+01 | 47 -0.06430 -1.42310e+01 | 48 -0.06776 -1.12373e+01
 49 -0.06461 -9.38484e+00 | 50 -0.06315 -1.19311e+01 | 51  0.01338 -3.10520e+01
 52 -0.07407 -1.45804e+01 | 53 -0.08610 -1.22800e+01 | 54 -0.11707 -8.79909e+00
 55 -0.07243 -1.34083e+01 | 56 -0.05606 -1.49135e+01 | 57 -0.09008 -1.13165e+01
 58 -0.05127 -1.35458e+01 | 59 -0.02316 -1.83457e+01 | 60 -0.02562 -1.67337e+01
 61 -0.05519 -1.30924e+01 | 62 -0.08262 -8.97963e+00 | 63 -0.02417 -1.63322e+01
 64 -0.07897 -1.18368e+01 | 65 -0.12379 -6.86819e+00 | 66 -0.06887 -1.22712e+01
 67 -0.12252 -7.85883e+00 | 68 -0.10950 -7.48763e+00 | 69 -0.10209 -9.12983e+00
 70 -0.02940 -9.25973e+00 | 71 -0.06594 -7.43611e+00 | 72 -0.24131 -2.10860e+00
 73 -0.12200 -2.50660e+00 | 74 -0.08427 -7.69572e-02 | 75 -0.07796  8.74242e-02
 76 -0.07526  6.82499e-02 | 77 -0.56580 -7.71757e+02 | 78 -0.67934  2.00816e+01
 79 -0.47822 -3.18041e+02 | 80 -0.30677  4.33287e+01 | 81 -2.47699  4.31326e+01
 82 11.85812  1.07794e+01 | 83  0.35830 -1.08285e-01 | 84 -0.95108 -4.06328e-02
84 variables; iteration 380; function evaluation 459; phase 3
Function value -3.9232591e+01; maximum gradient component mag 5.4403e+03
Var    Value     Gradient |Var    Value     Gradient |Var    Value     Gradient
  1  0.02771  5.44030e+03 |  2 -0.01099  6.89585e-01 |  3 -0.01215  9.88882e-01
  4 -0.02928  8.04394e-01 |  5 -0.03131  9.51187e-01 |  6 -0.03248  1.39399e+00
  7 -0.03487  1.57002e+00 |  8 -0.03687  1.93877e+00 |  9 -0.03725  2.86305e+00
 10 -0.04076  2.85427e+00 | 11 -0.04136  3.78631e+00 | 12 -0.04319  4.31923e+00
 13 -0.04251  5.90916e+00 | 14 -0.04194  7.48334e+00 | 15 -0.04182  9.33346e+00
 16 -0.03813  1.23242e+01 | 17 -0.04761  1.05711e+01 | 18 -0.05770  8.61210e+00
 19 -0.06026  8.58394e+00 | 20 -0.05281  1.15927e+01 | 21 -0.01784  2.58329e+01
 22 -0.06904  3.30824e+00 | 23 -0.07535 -4.28488e-01 | 24 -0.05900  4.81974e+00
 25 -0.07466 -1.16889e+00 | 26 -0.09726 -7.65884e+00 | 27 -0.16942 -2.69517e+01
 28  0.13369  1.55315e+02 | 29 -0.23850 -3.50400e+01 | 30 -0.15665 -5.48721e+00
 31 -0.12890  7.78361e+00 | 32 -0.11961  1.11324e+01 | 33 -0.10572  1.85450e+01
 34  0.03548  2.88673e+02 | 35 -0.08977  1.14562e+02 | 36 -0.01191  2.39698e+02
 37 -0.02375  2.22836e+02 | 38 -0.00030  2.45411e+02 | 39  0.02527  2.91995e+02
 40 -0.04599  1.43729e+02 | 41 -0.01791  1.52838e+02 | 42 -0.01859  1.28527e+02
 43  0.00351  1.34446e+02 | 44 -0.01695  9.46236e+01 | 45 -0.02636  7.05013e+01
 46 -0.03217  5.59577e+01 | 47 -0.06342  3.76817e+01 | 48 -0.06686  2.82994e+01
 49 -0.06353  2.21221e+01 | 50 -0.06213  1.00775e+01 | 51  0.01584  1.25517e+01
 52 -0.07348  3.07026e+00 | 53 -0.08293  7.89117e+00 | 54 -0.11587  2.51299e+00
 55 -0.06961  7.38184e+00 | 56 -0.05381  7.68227e+00 | 57 -0.08824  4.95485e+00
 58 -0.04904  1.08065e+01 | 59 -0.02096  1.53725e+01 | 60 -0.02367  1.57759e+01
 61 -0.05352  1.17698e+01 | 62 -0.08046  1.18844e+01 | 63 -0.02191  1.37919e+01
 64 -0.07757  9.66686e+00 | 65 -0.12231  8.24739e+00 | 66 -0.06669  1.32439e+01
 67 -0.12152  7.98408e+00 | 68 -0.10814  5.69952e+00 | 69 -0.10020  1.30099e+00
 70 -0.02659 -4.69924e-01 | 71 -0.06408  2.00513e+00 | 72 -0.24037  3.31152e-01
 73 -0.11943  4.74056e+00 | 74 -0.07906  4.73248e-01 | 75 -0.07590 -3.63181e-02
 76 -0.07336 -6.53033e-02 | 77 -0.56705  6.76261e+02 | 78 -0.77619 -1.08767e+01
 79 -0.47627  1.54394e+01 | 80 -0.30133 -3.40775e+01 | 81 -2.57942  5.66519e+00
 82 11.87254 -1.21413e+01 | 83  0.34344 -1.92100e+01 | 84 -1.04551  4.21905e-02
84 variables; iteration 400; function evaluation 483; phase 3
Function value -4.1059631e+01; maximum gradient component mag 6.1709e+03
Var    Value     Gradient |Var    Value     Gradient |Var    Value     Gradient
  1  0.02907  6.17092e+03 |  2 -0.00980  4.31090e+00 |  3 -0.01166  5.03003e+00
  4 -0.02853  5.09594e+00 |  5 -0.02810  6.72317e+00 |  6 -0.03037  7.64597e+00
  7 -0.03067  9.42249e+00 |  8 -0.03475  1.00323e+01 |  9 -0.03667  1.15146e+01
 10 -0.03507  1.44480e+01 | 11 -0.04266  1.37684e+01 | 12 -0.04016  1.71978e+01
 13 -0.04956  1.58734e+01 | 14 -0.04864  1.87547e+01 | 15 -0.05238  2.03922e+01
 16 -0.04089  2.98089e+01 | 17 -0.03889  3.48510e+01 | 18 -0.06808  2.31158e+01
 19 -0.10542  6.41511e+00 | 20 -0.04500  3.88465e+01 | 21 -0.03214  4.71243e+01
 22 -0.06817  2.37791e+01 | 23 -0.02427  4.65475e+01 | 24 -0.08034  1.53714e+01
 25 -0.05926  2.51223e+01 | 26 -0.06700  2.31685e+01 | 27 -0.12565  7.00464e-01
 28  0.11877  2.75528e+02 | 29 -0.17167 -3.96276e+00 | 30 -0.13630  1.76203e+01
 31 -0.13050  2.15287e+01 | 32 -0.12356  2.26155e+01 | 33 -0.11289  3.20439e+01
 34  0.03267  3.89727e+02 | 35 -0.08667  1.42225e+02 | 36 -0.01560  2.55089e+02
 37 -0.02480  2.17802e+02 | 38 -0.00115  2.42286e+02 | 39  0.02350  2.66928e+02
 40 -0.04650  1.36058e+02 | 41 -0.02076  1.42006e+02 | 42 -0.02187  1.17965e+02
 43  0.00057  1.24618e+02 | 44 -0.01892  9.71170e+01 | 45 -0.02825  7.78192e+01
 46 -0.03438  6.26837e+01 | 47 -0.06568  4.56630e+01 | 48 -0.06859  4.16272e+01
 49 -0.06581  3.20256e+01 | 50 -0.06478  1.66992e+01 | 51  0.01418 -3.61058e+00
 52 -0.07231 -8.27474e+00 | 53 -0.08516 -1.00491e+01 | 54 -0.11518 -7.57139e+00
 55 -0.07202 -1.22909e+01 | 56 -0.05447 -1.17602e+01 | 57 -0.08922 -1.12566e+01
 58 -0.05128 -8.62924e+00 | 59 -0.02293 -1.02768e+01 | 60 -0.02521 -1.15774e+01
 61 -0.05485 -8.65325e+00 | 62 -0.08196 -2.68809e+00 | 63 -0.02370 -8.92590e+00
 64 -0.07854 -8.81565e+00 | 65 -0.12410 -2.01706e+00 | 66 -0.06935 -7.91153e+00
 67 -0.12331 -4.23887e+00 | 68 -0.11145 -4.23046e+00 | 69 -0.10331 -8.29064e+00
 70 -0.02926 -1.62983e+01 | 71 -0.06219 -1.17313e+01 | 72 -0.24187 -5.06788e+00
 73 -0.12404 -6.16047e+00 | 74 -0.08508 -1.00940e+00 | 75 -0.07470  2.50773e-01
 76 -0.07267  9.14599e-02 | 77 -0.56583  6.04660e+02 | 78 -0.71070 -1.48930e+01
 79 -0.48917  1.38899e+02 | 80 -0.30679 -6.74089e+01 | 81 -2.53337 -2.84577e+01
 82 11.69787 -1.10520e+01 | 83  0.37784 -1.39675e-02 | 84 -0.85795 -1.38389e-02
84 variables; iteration 420; function evaluation 505; phase 3
Function value -4.2025968e+01; maximum gradient component mag 1.5147e+03
Var    Value     Gradient |Var    Value     Gradient |Var    Value     Gradient
  1  0.02960  1.51468e+03 |  2 -0.00905  8.54795e-01 |  3 -0.01040  1.04154e+00
  4 -0.02696  1.00263e+00 |  5 -0.02844  1.23688e+00 |  6 -0.03022  1.44113e+00
  7 -0.03225  1.64767e+00 |  8 -0.03449  1.84897e+00 |  9 -0.03648  2.16934e+00
 10 -0.03970  2.12663e+00 | 11 -0.04009  2.97816e+00 | 12 -0.04386  2.65262e+00
 13 -0.04584  3.17155e+00 | 14 -0.04878  3.35012e+00 | 15 -0.05172  3.79656e+00
 16 -0.05608  3.48022e+00 | 17 -0.05873  4.09619e+00 | 18 -0.05872  5.74254e+00
 19 -0.06390  4.85405e+00 | 20 -0.07732  1.08275e-01 | 21 -0.02497  2.01614e+01
 22 -0.05158  8.59352e+00 | 23 -0.06246  3.52806e+00 | 24 -0.05248  6.91591e+00
 25 -0.06579  1.61653e+00 | 26 -0.08252 -3.61882e+00 | 27 -0.10929 -1.15356e+01
 28  0.11519  6.93972e+01 | 29 -0.16904 -2.15459e+01 | 30 -0.12259  2.65694e+00
 31 -0.13213  2.71839e+00 | 32 -0.12759  2.35689e+00 | 33 -0.11589  1.73822e+00
 34  0.03082  4.62084e+01 | 35 -0.08778  1.65702e+01 | 36 -0.01693  4.27821e+01
 37 -0.02581  4.34382e+01 | 38 -0.00272  5.65025e+01 | 39  0.02230  7.36063e+01
 40 -0.04789  4.00956e+01 | 41 -0.02203  4.58863e+01 | 42 -0.02302  4.12606e+01
 43 -0.00068  5.18507e+01 | 44 -0.02028  3.94930e+01 | 45 -0.02954  3.14474e+01
 46 -0.03560  2.76505e+01 | 47 -0.06697  2.14173e+01 | 48 -0.07009  1.66397e+01
 49 -0.06714  1.41339e+01 | 50 -0.06575  9.81269e+00 | 51  0.01247  5.90247e+00
 52 -0.07306  2.64636e+00 | 53 -0.08671  8.90950e-01 | 54 -0.11565  2.66619e+00
 55 -0.07336  1.38633e+00 | 56 -0.05602 -4.27508e-01 | 57 -0.09018 -1.75588e+00
 58 -0.05278 -2.16587e+00 | 59 -0.02430 -7.70040e-01 | 60 -0.02645  7.51931e-01
 61 -0.05591  8.30131e-01 | 62 -0.08346  3.36938e-01 | 63 -0.02514  1.58127e-01
 64 -0.07936 -6.93414e-01 | 65 -0.12571  4.14851e-01 | 66 -0.07046  7.46581e-01
 67 -0.12438  3.20887e-01 | 68 -0.11253  3.53872e-01 | 69 -0.10414 -1.06540e+00
 70 -0.03049 -3.94833e+00 | 71 -0.06348 -2.31138e+00 | 72 -0.24070 -1.03765e+00
 73 -0.12536 -2.05336e+00 | 74 -0.08385 -4.71587e-01 | 75 -0.07596  9.97199e-02
 76 -0.07359  1.13456e-02 | 77 -0.56538  1.51247e+01 | 78 -0.67636 -9.22856e-01
 79 -0.49175 -1.79725e+02 | 80 -0.33139  7.96537e+00 | 81 -2.51100 -2.68911e+00
 82 11.62090 -1.60573e+00 | 83  0.38572 -1.00733e-02 | 84 -0.80461 -9.91060e-03
84 variables; iteration 440; function evaluation 527; phase 3
Function value -4.2433073e+01; maximum gradient component mag -2.1687e+03
Var    Value     Gradient |Var    Value     Gradient |Var    Value     Gradient
  1  0.02945 -2.16871e+03 |  2 -0.00901 -1.59476e+00 |  3 -0.01028 -1.84413e+00
  4 -0.02676 -2.00078e+00 |  5 -0.02813 -2.26521e+00 |  6 -0.03037 -2.76165e+00
  7 -0.03170 -3.02331e+00 |  8 -0.03448 -3.65521e+00 |  9 -0.03600 -3.96660e+00
 10 -0.03875 -4.59983e+00 | 11 -0.04089 -5.07858e+00 | 12 -0.04205 -5.47950e+00
 13 -0.04509 -6.12174e+00 | 14 -0.04600 -6.09335e+00 | 15 -0.05033 -6.95889e+00
 16 -0.05058 -7.19836e+00 | 17 -0.05859 -8.94235e+00 | 18 -0.05865 -9.28248e+00
 19 -0.05767 -8.65599e+00 | 20 -0.05986 -9.39306e+00 | 21 -0.02757 -1.73508e+00
 22 -0.06418 -1.05719e+01 | 23 -0.06812 -1.15209e+01 | 24 -0.05407 -8.63154e+00
 25 -0.06034 -1.01734e+01 | 26 -0.09334 -1.72953e+01 | 27 -0.14810 -2.98805e+01
 28  0.11564 -2.86436e+01 | 29 -0.14927 -2.63533e+01 | 30 -0.12508 -8.75992e+00
 31 -0.13012 -5.31290e+00 | 32 -0.11403 -3.23518e+00 | 33 -0.12530 -1.29719e+01
 34  0.03141 -1.08841e+02 | 35 -0.08909 -4.10722e+01 | 36 -0.01678 -8.25299e+01
 37 -0.02607 -7.28271e+01 | 38 -0.00286 -7.76690e+01 | 39  0.02228 -8.95719e+01
 40 -0.04837 -4.36559e+01 | 41 -0.02183 -4.49647e+01 | 42 -0.02266 -3.74857e+01
 43 -0.00037 -3.84148e+01 | 44 -0.02019 -2.82798e+01 | 45 -0.02944 -2.20425e+01
 46 -0.03542 -1.84275e+01 | 47 -0.06678 -1.41086e+01 | 48 -0.06998 -1.13517e+01
 49 -0.06693 -1.03796e+01 | 50 -0.06545 -8.43228e+00 | 51  0.01264 -8.84753e+00
 52 -0.07385 -4.60334e+00 | 53 -0.08637 -2.86026e+00 | 54 -0.11654 -2.65810e+00
 55 -0.07312 -2.48946e+00 | 56 -0.05620 -2.88100e+00 | 57 -0.09031 -2.42925e+00
 58 -0.05249 -2.87144e+00 | 59 -0.02410 -3.17716e+00 | 60 -0.02637 -2.07542e+00
 61 -0.05595 -2.42988e+00 | 62 -0.08334 -1.41282e+00 | 63 -0.02503 -3.31530e+00
 64 -0.07946 -2.32167e+00 | 65 -0.12547 -1.24670e+00 | 66 -0.07016 -2.05186e+00
 67 -0.12412 -1.29628e+00 | 68 -0.11195 -1.66592e+00 | 69 -0.10360 -7.15616e-01
 70 -0.03006  2.71663e-01 | 71 -0.06443  4.68612e-02 | 72 -0.24068  7.36181e-02
 73 -0.12446  2.21302e-02 | 74 -0.08208  5.45168e-02 | 75 -0.07658  2.03399e-02
 76 -0.07384  2.06323e-02 | 77 -0.56541 -5.26341e+02 | 78 -0.67049  1.44572e+01
 79 -0.48778 -3.65861e+02 | 80 -0.32483  4.97441e+01 | 81 -2.51857  1.88926e+01
 82 11.64694  3.86315e+00 | 83  0.38509 -9.94228e-03 | 84 -0.81520 -1.05143e-02
84 variables; iteration 460; function evaluation 548; phase 3
Function value -4.3181319e+01; maximum gradient component mag 1.0011e+04
Var    Value     Gradient |Var    Value     Gradient |Var    Value     Gradient
  1  0.02990  1.00110e+04 |  2 -0.00793  9.45425e+00 |  3 -0.00898  1.13253e+01
  4 -0.02604  1.15875e+01 |  5 -0.02601  1.41998e+01 |  6 -0.02957  1.57261e+01
  7 -0.03036  1.86703e+01 |  8 -0.03342  2.09383e+01 |  9 -0.03453  2.42985e+01
 10 -0.03720  2.70512e+01 | 11 -0.03872  3.04667e+01 | 12 -0.04337  3.23905e+01
 13 -0.04679  3.52524e+01 | 14 -0.05039  3.73508e+01 | 15 -0.05222  4.18761e+01
 16 -0.05441  4.65097e+01 | 17 -0.05626  5.17362e+01 | 18 -0.04000  7.43896e+01
 19 -0.05532  6.49393e+01 | 20 -0.06089  6.07981e+01 | 21 -0.04305  7.51583e+01
 22 -0.06470  5.23298e+01 | 23 -0.04811  5.96237e+01 | 24 -0.07956  3.52895e+01
 25 -0.08955  2.59725e+01 | 26 -0.11663  1.29250e+01 | 27 -0.13612  1.36552e+01
 28  0.11410  6.01032e+02 | 29 -0.13022  5.96927e+01 | 30 -0.12130  6.66113e+01
 31 -0.13099  5.08167e+01 | 32 -0.13188  4.10859e+01 | 33 -0.11079  5.73479e+01
 34  0.03092  4.36040e+02 | 35 -0.09129  1.55675e+02 | 36 -0.01762  2.79690e+02
 37 -0.02741  2.53351e+02 | 38 -0.00441  2.70932e+02 | 39  0.02156  3.29227e+02
 40 -0.05028  1.64008e+02 | 41 -0.02212  1.90287e+02 | 42 -0.02298  1.67293e+02
 43 -0.00059  1.96328e+02 | 44 -0.02081  1.52015e+02 | 45 -0.03000  1.27132e+02
 46 -0.03585  1.08451e+02 | 47 -0.06717  8.34720e+01 | 48 -0.07066  7.21633e+01
 49 -0.06735  6.11555e+01 | 50 -0.06600  4.03063e+01 | 51  0.01196  2.38090e+01
 52 -0.07568  3.88040e+00 | 53 -0.08707  1.60494e+00 | 54 -0.11857 -3.46198e+00
 55 -0.07404 -8.19282e-01 | 56 -0.05750  1.33127e+00 | 57 -0.09152  2.97984e+00
 58 -0.05325  4.54617e+00 | 59 -0.02478  5.81285e+00 | 60 -0.02720  5.54665e+00
 61 -0.05693  3.55284e+00 | 62 -0.08399  6.32431e+00 | 63 -0.02594  3.48252e+00
 64 -0.08044  3.24175e+00 | 65 -0.12592  3.94898e+00 | 66 -0.07073  4.82441e+00
 67 -0.12446  4.43606e+00 | 68 -0.11198  3.25372e+00 | 69 -0.10371  2.30662e+00
 70 -0.03077 -5.68642e+00 | 71 -0.06632 -3.65389e+00 | 72 -0.24190 -4.38315e-01
 73 -0.12451 -9.35174e-01 | 74 -0.08477 -3.43884e-01 | 75 -0.07786 -1.02277e-01
 76 -0.07479 -2.12583e-02 | 77 -0.56556  1.13271e+03 | 78 -0.64703 -3.49037e+01
 79 -0.48303  1.80513e+02 | 80 -0.31636 -8.06207e+01 | 81 -2.51569 -6.82468e+01
 82 11.64541 -1.76734e+01 | 83  0.38088 -1.12549e-02 | 84 -0.81803 -1.06873e-02
84 variables; iteration 480; function evaluation 571; phase 3
Function value -4.6073868e+01; maximum gradient component mag -1.1529e+03
Var    Value     Gradient |Var    Value     Gradient |Var    Value     Gradient
  1  0.02991 -1.15294e+03 |  2 -0.00919  2.84551e+00 |  3 -0.00974  3.65837e+00
  4 -0.02660  3.65722e+00 |  5 -0.02757  4.50308e+00 |  6 -0.02943  5.19443e+00
  7 -0.03156  5.93476e+00 |  8 -0.03266  7.13523e+00 |  9 -0.03413  8.33060e+00
 10 -0.03653  9.25815e+00 | 11 -0.03828  1.04584e+01 | 12 -0.04231  1.08343e+01
 13 -0.04443  1.21746e+01 | 14 -0.05052  1.17367e+01 | 15 -0.04934  1.48533e+01
 16 -0.05106  1.67967e+01 | 17 -0.03281  2.86468e+01 | 18 -0.05464  2.14474e+01
 19 -0.06680  1.72183e+01 | 20 -0.02907  3.65355e+01 | 21 -0.06981  1.46655e+01
 22 -0.08846  4.32084e+00 | 23 -0.05467  1.64093e+01 | 24 -0.13149 -1.32616e+01
 25 -0.08682  3.50291e+00 | 26 -0.07383  1.39818e+01 | 27 -0.07728  2.22384e+01
 28  0.10953  2.69838e+02 | 29 -0.11744  2.59071e+01 | 30 -0.13067  2.37685e+01
 31 -0.13522  1.97414e+01 | 32 -0.12024  2.14870e+01 | 33 -0.11846  1.90922e+01
 34  0.03287  1.32938e+02 | 35 -0.09836  2.79997e+01 | 36 -0.01636 -1.65911e+01
 37 -0.02901 -4.71223e+01 | 38 -0.00507 -8.01068e+01 | 39  0.02174 -1.11742e+02
 40 -0.05367 -5.98501e+01 | 41 -0.02211 -5.24452e+01 | 42 -0.02378 -4.75391e+01
 43 -0.00061 -5.52144e+01 | 44 -0.02152 -4.30866e+01 | 45 -0.03101 -3.45173e+01
 46 -0.03670 -3.17432e+01 | 47 -0.06761 -2.68669e+01 | 48 -0.07110 -2.03962e+01
 49 -0.06778 -2.87983e+01 | 50 -0.06678 -3.62793e+01 | 51  0.01272 -8.42963e+01
 52 -0.07985 -4.90448e+01 | 53 -0.08619 -3.79019e+01 | 54 -0.12249 -3.30993e+01
 55 -0.07336 -4.29335e+01 | 56 -0.05807 -4.43347e+01 | 57 -0.09288 -3.29720e+01
 58 -0.05297 -3.88263e+01 | 59 -0.02488 -5.05927e+01 | 60 -0.02773 -4.63749e+01
 61 -0.05804 -3.76482e+01 | 62 -0.08457 -2.24921e+01 | 63 -0.02566 -4.09945e+01
 64 -0.08244 -2.74429e+01 | 65 -0.12649 -1.78455e+01 | 66 -0.07045 -2.74961e+01
 67 -0.12618 -1.79678e+01 | 68 -0.11189 -1.73405e+01 | 69 -0.10422 -1.63965e+01
 70 -0.03004 -2.22836e+01 | 71 -0.06949 -1.52849e+01 | 72 -0.24834 -6.45353e+00
 73 -0.12294 -5.45398e+00 | 74 -0.08663 -9.21297e-01 | 75 -0.07718  9.82463e-02
 76 -0.07455  8.74717e-02 | 77 -0.56442 -4.30341e+02 | 78 -0.65197  1.29471e+01
 79 -0.46763 -3.15446e+02 | 80 -0.25645  4.47908e+01 | 81 -2.49236 -8.24019e+00
 82 11.50972 -1.51257e+00 | 83  0.34569 -8.87820e+00 | 84 -0.75867  3.18874e-02
84 variables; iteration 500; function evaluation 595; phase 3
Function value -4.8808995e+01; maximum gradient component mag 8.5028e+03
Var    Value     Gradient |Var    Value     Gradient |Var    Value     Gradient
  1  0.02861  8.50279e+03 |  2 -0.00741  1.22543e+01 |  3 -0.00939  1.42958e+01
  4 -0.02510  1.52300e+01 |  5 -0.02703  1.76945e+01 |  6 -0.02817  2.08488e+01
  7 -0.03153  2.34346e+01 |  8 -0.03148  2.79823e+01 |  9 -0.03520  3.09793e+01
 10 -0.03806  3.45319e+01 | 11 -0.03801  3.99452e+01 | 12 -0.03824  4.57601e+01
 13 -0.04121  5.01744e+01 | 14 -0.04529  5.29536e+01 | 15 -0.04518  6.04375e+01
 16 -0.05515  6.01748e+01 | 17 -0.06651  5.85831e+01 | 18 -0.05683  7.80989e+01
 19 -0.05371  8.64465e+01 | 20 -0.01443  1.32014e+02 | 21 -0.09256  4.96126e+01
 22 -0.03601  9.12117e+01 | 23 -0.09191  3.56042e+01 | 24 -0.10383  2.44206e+01
 25 -0.13456  6.50782e+00 | 26 -0.11396  2.78058e+01 | 27 -0.01463  2.14391e+02
 28  0.11337  7.38054e+02 | 29 -0.14166  6.55332e+01 | 30 -0.14504  5.60103e+01
 31 -0.13629  5.19570e+01 | 32 -0.13185  4.31298e+01 | 33 -0.11888  4.73503e+01
 34  0.04083  3.07621e+02 | 35 -0.12627  4.71876e+01 | 36 -0.00714  1.32763e+02
 37 -0.03442  7.38225e+01 | 38 -0.00203  1.10626e+02 | 39  0.02402  1.47023e+02
 40 -0.05965  6.46457e+01 | 41 -0.01964  1.11113e+02 | 42 -0.02279  1.07944e+02
 43  0.00226  1.46746e+02 | 44 -0.02065  1.19234e+02 | 45 -0.03052  1.02895e+02
 46 -0.03596  9.47728e+01 | 47 -0.06569  7.91359e+01 | 48 -0.07035  6.77203e+01
 49 -0.06594  5.69245e+01 | 50 -0.06529  4.19576e+01 | 51  0.01615  3.03688e+01
 52 -0.08496  1.16835e+01 | 53 -0.08359  5.12906e+00 | 54 -0.12546  3.01620e+00
 55 -0.06987  2.22165e+00 | 56 -0.05770  1.38902e+00 | 57 -0.09310  2.25367e+00
 58 -0.05026  1.70660e+00 | 59 -0.02218 -6.13678e-01 | 60 -0.02694 -1.01037e+00
 61 -0.05692 -6.10197e-01 | 62 -0.08490 -2.46249e+00 | 63 -0.02225  1.49405e+00
 64 -0.08471  1.77922e+00 | 65 -0.12485  9.49094e-01 | 66 -0.06728  6.22560e-01
 67 -0.12671  1.30785e+00 | 68 -0.10826  2.40856e+00 | 69 -0.10107 -1.49987e-01
 70 -0.02481 -1.32602e+01 | 71 -0.07734 -5.40347e+00 | 72 -0.24603 -7.19123e-01
 73 -0.11799 -9.45683e-01 | 74 -0.08150 -2.46019e-01 | 75 -0.07581 -6.34308e-03
 76 -0.07368 -7.92459e-02 | 77 -0.56418  5.25532e+02 | 78 -0.68771 -1.67141e+01
 79 -0.43516  2.78003e+01 | 80 -0.19669 -6.84058e+01 | 81 -2.48568 -1.13826e+02
 82 11.44817 -9.50038e+00 | 83  0.35670 -1.87025e-01 | 84 -0.63535 -4.83436e-03
84 variables; iteration 520; function evaluation 617; phase 3
Function value -5.0721630e+01; maximum gradient component mag 6.2355e+02
Var    Value     Gradient |Var    Value     Gradient |Var    Value     Gradient
  1  0.02932  6.23545e+02 |  2 -0.00737  4.14150e+00 |  3 -0.00986  4.55360e+00
  4 -0.02447  5.30380e+00 |  5 -0.02724  5.80355e+00 |  6 -0.02555  7.88230e+00
  7 -0.02770  8.92467e+00 |  8 -0.03249  9.19200e+00 |  9 -0.03005  1.21799e+01
 10 -0.03297  1.33359e+01 | 11 -0.03178  1.61961e+01 | 12 -0.03525  1.73533e+01
 13 -0.03637  1.97283e+01 | 14 -0.02807  2.62929e+01 | 15 -0.03957  2.42007e+01
 16 -0.04259  2.58131e+01 | 17 -0.08055  1.07803e+01 | 18 -0.07056  1.91492e+01
 19 -0.02838  4.42052e+01 | 20 -0.07673  1.68797e+01 | 21 -0.11654 -2.03758e+00
 22 -0.04661  2.72262e+01 | 23 -0.12662 -9.26037e+00 | 24 -0.06838  1.44661e+01
 25 -0.09685  2.58322e+00 | 26 -0.14008 -1.01227e+01 | 27 -0.00196  1.03793e+02
 28  0.10467  2.99572e+02 | 29 -0.12293  2.77788e+01 | 30 -0.13590  2.31370e+01
 31 -0.13505  2.05806e+01 | 32 -0.11970  2.10818e+01 | 33 -0.12594  1.07088e+01
 34  0.04180  3.20004e-01 | 35 -0.14282 -2.80016e+01 | 36 -0.00633 -5.63220e+01
 37 -0.03845 -6.08870e+01 | 38 -0.00384 -6.46875e+01 | 39  0.02216 -7.00995e+01
 40 -0.06355 -3.27465e+01 | 41 -0.02131 -2.06959e+01 | 42 -0.02420 -4.20676e+00
 43  0.00140  7.98888e+00 | 44 -0.02250  8.72156e+00 | 45 -0.03261  6.29697e+00
 46 -0.03761  8.55641e+00 | 47 -0.06708  3.71374e+00 | 48 -0.07226  6.00009e-01
 49 -0.06722 -6.20479e+00 | 50 -0.06722 -1.44997e+01 | 51  0.01584 -2.72017e+01
 52 -0.09235 -2.06917e+01 | 53 -0.08299 -1.43657e+01 | 54 -0.13289 -1.47270e+01
 55 -0.07006 -1.28773e+01 | 56 -0.06036 -1.38769e+01 | 57 -0.09604 -1.08230e+01
 58 -0.05149 -1.37589e+01 | 59 -0.02339 -1.57961e+01 | 60 -0.02908 -1.45675e+01
 61 -0.05868 -8.07138e+00 | 62 -0.08752 -1.06499e+01 | 63 -0.02325 -8.91686e+00
 64 -0.08809 -5.28995e+00 | 65 -0.12654 -5.69030e+00 | 66 -0.06812 -7.50989e+00
 67 -0.12930 -5.41820e+00 | 68 -0.10876 -3.58319e+00 | 69 -0.10226  2.44139e-01
 70 -0.02469  2.11635e+00 | 71 -0.08401 -1.24748e+00 | 72 -0.24844 -9.75009e-01
 73 -0.11826 -1.96773e+00 | 74 -0.08256 -2.24887e-01 | 75 -0.07661  7.35763e-02
 76 -0.07452 -5.00590e-03 | 77 -0.56459 -4.08832e+01 | 78 -0.69597 -1.23034e-01
 79 -0.42039 -1.92417e+02 | 80 -0.17334  2.37788e+01 | 81 -2.47930 -2.47528e+01
 82 11.34455 -1.32977e+00 | 83  0.41218 -3.18059e-02 | 84 -0.42525 -2.42004e-03
84 variables; iteration 540; function evaluation 647; phase 3
Function value -7.3134868e+01; maximum gradient component mag 5.6301e+03
Var    Value     Gradient |Var    Value     Gradient |Var    Value     Gradient
  1  0.02862  5.63014e+03 |  2 -0.00189  5.35608e+00 |  3 -0.00128  6.72081e+00
  4 -0.01658  7.30698e+00 |  5 -0.01840  8.16317e+00 |  6 -0.01649  1.04058e+01
  7 -0.01982  1.11518e+01 |  8 -0.01681  1.43131e+01 |  9 -0.02017  1.54128e+01
 10 -0.02329  1.66749e+01 | 11 -0.02281  1.95041e+01 | 12 -0.02372  2.15730e+01
 13 -0.01895  2.76132e+01 | 14 -0.02106  3.06707e+01 | 15 -0.02590  3.24836e+01
 16 -0.03678  2.97589e+01 | 17 -0.06569  1.87196e+01 | 18 -0.02459  4.64090e+01
 19  0.01328  7.75951e+01 | 20 -0.11798  1.16054e-01 | 21 -0.11496  4.31112e-01
 22 -0.05212  2.88989e+01 | 23 -0.11582 -1.31364e+00 | 24 -0.04215  4.02554e+01
 25 -0.06368  3.16849e+01 | 26 -0.11807  1.13831e+01 | 27  0.00257  1.62731e+02
 28  0.08081  4.25852e+02 | 29 -0.15284  4.04460e+01 | 30 -0.14155  4.76224e+01
 31 -0.14375  3.59124e+01 | 32 -0.12458  3.71436e+01 | 33 -0.11253  3.79648e+01
 34  0.05346  4.73597e+02 | 35 -0.17219  6.29396e+01 | 36  0.00499  2.29111e+02
 37 -0.03760  8.78461e+01 | 38 -0.00028  1.12985e+02 | 39  0.02166  8.37827e+01
 40 -0.08065  1.75677e-01 | 41 -0.02252  3.50366e+01 | 42 -0.03307  3.10511e+01
 43 -0.00119  5.99398e+01 | 44 -0.02403  4.48845e+01 | 45 -0.03317  4.59319e+01
 46 -0.04046  4.42568e+01 | 47 -0.06721  3.71345e+01 | 48 -0.07431  3.29084e+01
 49 -0.06746  2.69017e+01 | 50 -0.06868  1.66531e+01 | 51  0.02095  3.65396e+01
 52 -0.09974  6.55707e+00 | 53 -0.07650  2.80100e+00 | 54 -0.13300  1.94390e+00
 55 -0.06547  5.33201e+00 | 56 -0.05821  8.63084e+00 | 57 -0.09594  4.73340e+00
 58 -0.04859  1.98961e+00 | 59 -0.02064  1.37665e+00 | 60 -0.02771  3.10920e+00
 61 -0.05886  3.00918e+00 | 62 -0.08512  1.41434e+00 | 63 -0.01967 -2.49299e+00
 64 -0.09278  1.07572e+00 | 65 -0.12434  2.42488e+00 | 66 -0.06608 -4.32429e+00
 67 -0.13288 -1.04791e+00 | 68 -0.10681 -1.88362e+00 | 69 -0.10090 -1.14414e+01
 70 -0.01650 -1.13746e+01 | 71 -0.08912 -7.74242e-01 | 72 -0.24465 -6.27300e-01
 73 -0.11479 -1.71217e+00 | 74 -0.07435 -2.14896e-01 | 75 -0.06977 -1.18358e-01
 76 -0.06760 -7.51389e-02 | 77 -0.56740  5.27314e+02 | 78 -0.80551 -7.43675e+00
 79 -0.40458  8.38909e+00 | 80 -0.16306 -3.95431e+01 | 81 -2.47907 -1.00721e+02
 82 11.11028 -7.54191e-01 | 83  0.51477 -6.19615e+00 | 84 -0.30675  2.55445e+00
84 variables; iteration 560; function evaluation 667; phase 3
Function value -7.8404084e+01; maximum gradient component mag 5.9931e+03
Var    Value     Gradient |Var    Value     Gradient |Var    Value     Gradient
  1  0.02780  5.99308e+03 |  2 -0.00628  1.08743e+01 |  3 -0.00709  1.30930e+01
  4 -0.02101  1.46582e+01 |  5 -0.02382  1.65915e+01 |  6 -0.02134  2.10772e+01
  7 -0.02621  2.29236e+01 |  8 -0.02521  2.78145e+01 |  9 -0.02760  3.15269e+01
 10 -0.02535  3.80664e+01 | 11 -0.02915  4.15646e+01 | 12 -0.02998  4.66863e+01
 13 -0.02988  5.40224e+01 | 14 -0.03560  5.71207e+01 | 15 -0.03725  6.44919e+01
 16 -0.03519  7.46011e+01 | 17 -0.04285  7.70572e+01 | 18 -0.02244  1.10559e+02
 19 -0.01738  1.24049e+02 | 20 -0.06206  7.58099e+01 | 21 -0.13102  2.21623e+01
 22 -0.04333  9.12095e+01 | 23 -0.04984  8.60088e+01 | 24 -0.03358  1.13891e+02
 25 -0.05066  9.85234e+01 | 26 -0.06986  8.91567e+01 | 27  0.01571  2.58215e+02
 28  0.05575  3.98816e+02 | 29 -0.13095  6.56496e+01 | 30 -0.13346  6.35460e+01
 31 -0.13436  5.42336e+01 | 32 -0.12419  5.03943e+01 | 33 -0.09161  6.16609e+01
 34  0.05843  1.89620e+02 | 35 -0.21475 -8.54793e+00 | 36  0.01262 -4.97420e+00
 37 -0.04053 -3.53944e+01 | 38  0.00334 -2.58159e+01 | 39  0.02024 -2.38567e+01
 40 -0.07758 -1.64348e+00 | 41 -0.02290  2.61503e+01 | 42 -0.03239  4.65248e+01
 43  0.00083  9.26831e+01 | 44 -0.02299  9.58449e+01 | 45 -0.03310  9.25162e+01
 46 -0.04030  9.30495e+01 | 47 -0.06581  8.19292e+01 | 48 -0.07425  6.76185e+01
 49 -0.06570  5.85911e+01 | 50 -0.06865  2.20439e+01 | 51  0.02455  1.53430e+01
 52 -0.10563  7.83160e+00 | 53 -0.07214 -6.52084e+00 | 54 -0.13773 -5.86653e+00
 55 -0.06111 -1.18209e+01 | 56 -0.05867 -1.46412e+01 | 57 -0.09538 -8.93882e+00
 58 -0.04655 -1.78734e+01 | 59 -0.01787 -1.82267e+01 | 60 -0.02760 -1.88761e+01
 61 -0.05728 -8.57444e+00 | 62 -0.08544 -1.27225e+01 | 63 -0.01649 -1.60214e+01
 64 -0.09503 -3.33779e+00 | 65 -0.12354 -6.02421e+00 | 66 -0.06301 -8.90760e+00
 67 -0.13459 -4.03725e+00 | 68 -0.10403 -4.21139e+00 | 69 -0.09845 -7.72408e+00
 70 -0.01067 -2.45360e+01 | 71 -0.09921 -1.75978e+01 | 72 -0.23862 -4.07593e+00
 73 -0.11198 -7.76452e+00 | 74 -0.07473 -9.02520e-01 | 75 -0.06599  3.11216e-01
 76 -0.06516  7.42981e-02 | 77 -0.56808  4.12965e+02 | 78 -0.89449 -2.89976e+00
 79 -0.38555  1.25602e+02 | 80 -0.12341 -5.24315e+01 | 81 -2.47722  1.12157e+01
 82 10.78084 -1.37668e-01 | 83  0.57363  3.74513e+00 | 84 -0.27962  6.71653e-02
84 variables; iteration 580; function evaluation 689; phase 3
Function value -8.6926970e+01; maximum gradient component mag 2.9776e+03
Var    Value     Gradient |Var    Value     Gradient |Var    Value     Gradient
  1  0.02802  2.97756e+03 |  2  0.00111  5.22454e+00 |  3  0.00197  6.50222e+00
  4 -0.01395  6.86239e+00 |  5 -0.01435  7.98552e+00 |  6 -0.01481  9.27564e+00
  7 -0.01462  1.09880e+01 |  8 -0.01561  1.25258e+01 |  9 -0.01397  1.52085e+01
 10 -0.01324  1.78022e+01 | 11 -0.01653  1.90236e+01 | 12 -0.01125  2.28623e+01
 13 -0.01720  2.42478e+01 | 14 -0.02146  2.72126e+01 | 15 -0.02352  3.10534e+01
 16 -0.02974  3.02892e+01 | 17 -0.03007  3.30348e+01 | 18 -0.02220  4.12152e+01
 19 -0.00815  5.68540e+01 | 20 -0.02139  4.89506e+01 | 21 -0.10902  2.59706e+00
 22 -0.03581  3.86275e+01 | 23 -0.06151  2.44919e+01 | 24 -0.06957  2.40640e+01
 25 -0.05643  3.71713e+01 | 26 -0.06081  4.82802e+01 | 27 -0.00262  1.40947e+02
 28  0.03758  2.51928e+02 | 29 -0.14724  2.67562e+01 | 30 -0.14569  2.57188e+01
 31 -0.13755  2.57645e+01 | 32 -0.11870  3.06274e+01 | 33 -0.04291  5.91576e+01
 34  0.05677  6.60681e+01 | 35 -0.22085 -2.38690e+01 | 36  0.02678 -2.14854e+00
 37 -0.04758 -3.52478e+01 | 38  0.00772 -2.70548e+01 | 39  0.01443 -2.73567e+01
 40 -0.08526 -8.84078e+00 | 41 -0.02718  4.92798e+00 | 42 -0.04224  1.24689e+01
 43 -0.00307  4.02507e+01 | 44 -0.02521  4.34043e+01 | 45 -0.03575  4.35301e+01
 46 -0.04583  4.36498e+01 | 47 -0.06831  4.07861e+01 | 48 -0.07794  3.38967e+01
 49 -0.06836  3.29575e+01 | 50 -0.07030  3.33707e+01 | 51  0.02634  2.94748e+01
 52 -0.10851  1.65096e+01 | 53 -0.06853  2.37364e+00 | 54 -0.13358  4.91578e+00
 55 -0.05930  1.64941e+00 | 56 -0.05613  1.63013e+00 | 57 -0.09620 -3.71516e-01
 58 -0.04459  3.66779e-01 | 59 -0.01707  2.31634e+00 | 60 -0.02673  1.27993e+00
 61 -0.05787  3.18628e-01 | 62 -0.08429 -5.61256e+00 | 63 -0.01395 -4.20082e+00
 64 -0.10034 -3.28977e+00 | 65 -0.12198 -1.58083e+00 | 66 -0.06302 -1.10345e+00
 67 -0.13771  1.96769e+00 | 68 -0.10497 -6.45336e-01 | 69 -0.09803 -5.58059e+00
 70 -0.00586 -1.15682e+01 | 71 -0.09846 -4.06896e+00 | 72 -0.23628 -6.83700e-01
 73 -0.11086 -1.51943e+00 | 74 -0.06536 -6.97383e-02 | 75 -0.06149 -5.44089e-02
 76 -0.05951  4.17288e-02 | 77 -0.56900  1.91695e+01 | 78 -0.93211 -2.52552e-01
 79 -0.38896  2.62691e+01 | 80 -0.15519 -1.52802e+01 | 81 -2.48289  2.59811e+01
 82 10.63013 -1.13420e+00 | 83  0.59432 -4.78967e-01 | 84 -0.49578  3.80139e-02
84 variables; iteration 600; function evaluation 711; phase 3
Function value -8.9129009e+01; maximum gradient component mag -2.7242e+03
Var    Value     Gradient |Var    Value     Gradient |Var    Value     Gradient
  1  0.02706 -2.72416e+03 |  2  0.00158 -1.60810e+00 |  3  0.00052 -2.25305e+00
  4 -0.01371 -2.00153e+00 |  5 -0.01473 -2.71356e+00 |  6 -0.01045 -2.34663e+00
  7 -0.01444 -3.88183e+00 |  8 -0.01444 -4.64891e+00 |  9 -0.01240 -5.12312e+00
 10 -0.01265 -6.17724e+00 | 11 -0.00903 -6.64190e+00 | 12 -0.00914 -9.35215e+00
 13 -0.00197 -9.05759e+00 | 14 -0.01884 -1.08432e+01 | 15 -0.02208 -1.16339e+01
 16 -0.02746 -1.59099e+01 | 17 -0.02296 -1.88739e+01 | 18 -0.00464 -2.33290e+01
 19 -0.02629 -2.26536e+01 | 20  0.01707 -2.27259e+01 | 21 -0.10904 -3.40384e+01
 22 -0.02826 -2.57885e+01 | 23 -0.04317 -2.75408e+01 | 24 -0.02647 -2.90414e+01
 25 -0.05599 -3.00520e+01 | 26 -0.06951 -2.94366e+01 | 27 -0.05288 -2.03521e+01
 28  0.01828  1.75053e+01 | 29 -0.09739 -4.54725e+00 | 30 -0.13235 -1.12535e+01
 31 -0.13094 -1.16323e+01 | 32 -0.11099 -1.27812e+01 | 33 -0.02903 -3.84188e+01
 34  0.05710 -1.10442e+02 | 35 -0.22978 -4.43795e+01 | 36  0.03647 -1.50563e+02
 37 -0.05701 -1.17275e+02 | 38  0.01653 -1.47422e+02 | 39  0.01197 -1.50523e+02
 40 -0.08380 -6.06124e+01 | 41 -0.02744 -7.55595e+01 | 42 -0.04423 -5.51274e+01
 43 -0.00286 -8.92310e+01 | 44 -0.02528 -7.46126e+01 | 45 -0.03507 -6.64753e+01
 46 -0.04908 -7.20826e+01 | 47 -0.06806 -4.90219e+01 | 48 -0.07829 -3.20156e+01
 49 -0.06845 -3.15773e+01 | 50 -0.06988  2.07268e+00 | 51  0.03089  1.57850e+00
 52 -0.11809 -2.95401e+00 | 53 -0.05900  1.12387e+01 | 54 -0.14002  1.44233e+00
 55 -0.05261  2.22156e+01 | 56 -0.05484  2.56772e+01 | 57 -0.09260  2.09734e+01
 58 -0.04194  2.55089e+01 | 59 -0.01439  3.45552e+01 | 60 -0.02428  3.44519e+01
 61 -0.05672  2.59311e+01 | 62 -0.08026  1.69570e+01 | 63 -0.01213  3.05925e+01
 64 -0.09746  2.58133e+01 | 65 -0.12163  1.28717e+01 | 66 -0.06040  2.01248e+01
 67 -0.13783  1.38793e+01 | 68 -0.10389  1.02511e+01 | 69 -0.09459  1.14075e+01
 70 -0.00184  2.58657e+01 | 71 -0.09404  3.36638e+01 | 72 -0.23599  5.55347e+00
 73 -0.10804  4.81807e+00 | 74 -0.05994  2.70449e-01 | 75 -0.05840 -2.20887e-01
 76 -0.05616 -3.03610e-02 | 77 -0.56896 -7.47831e+02 | 78 -0.93913  2.23408e+00
 79 -0.38832 -1.58700e+02 | 80 -0.19468  3.27634e+00 | 81 -2.50829  9.34391e+00
 82 10.43221  6.64001e-01 | 83  0.60627 -7.22993e+00 | 84 -0.46066  1.08195e+00
84 variables; iteration 620; function evaluation 733; phase 3
Function value -9.1948474e+01; maximum gradient component mag 9.8283e+02
Var    Value     Gradient |Var    Value     Gradient |Var    Value     Gradient
  1  0.02598  9.82831e+02 |  2 -0.00004  2.38647e+00 |  3 -0.00014  2.84787e+00
  4 -0.01598  3.03561e+00 |  5 -0.01757  3.19010e+00 |  6 -0.01683  4.06986e+00
  7 -0.01899  4.22835e+00 |  8 -0.01762  5.49576e+00 |  9 -0.01826  6.28005e+00
 10 -0.02057  6.62370e+00 | 11 -0.01844  8.43093e+00 | 12 -0.01418  9.93968e+00
 13 -0.01699  1.11422e+01 | 14 -0.02171  1.29231e+01 | 15 -0.03642  1.06175e+01
 16 -0.02518  1.54566e+01 | 17 -0.01054  2.22751e+01 | 18 -0.00958  2.33067e+01
 19 -0.02388  2.24822e+01 | 20 -0.01670  2.61312e+01 | 21 -0.10946 -9.52684e+00
 22 -0.01009  2.99489e+01 | 23 -0.00961  3.11767e+01 | 24 -0.04158  1.89707e+01
 25 -0.02847  2.81508e+01 | 26 -0.02285  3.92530e+01 | 27 -0.07981  2.22229e+01
 28  0.00978  1.12667e+02 | 29 -0.12752  1.56385e+01 | 30 -0.11373  2.83195e+01
 31 -0.13145  1.70215e+01 | 32 -0.10937  2.37946e+01 | 33 -0.00699  5.03012e+01
 34  0.04599  1.03492e+02 | 35 -0.19497 -1.35557e+00 | 36  0.03769  1.61684e+01
 37 -0.06239 -2.31887e+01 | 38  0.01912 -3.09953e+01 | 39  0.01372 -5.62516e+01
 40 -0.10176 -3.65919e+01 | 41 -0.01951 -2.43665e+01 | 42 -0.04929 -2.23479e+01
 43  0.00063 -1.46791e+01 | 44 -0.02632 -1.99466e+00 | 45 -0.03560 -9.28753e-04
 46 -0.04830 -6.50528e-01 | 47 -0.06737  7.26718e+00 | 48 -0.07917  9.52700e+00
 49 -0.06662  4.20325e+00 | 50 -0.07041  3.91402e+00 | 51  0.03334  1.23149e+00
 52 -0.12955  1.97486e+00 | 53 -0.05537 -1.17143e+00 | 54 -0.14663 -1.14654e+00
 55 -0.04892 -4.49407e+00 | 56 -0.05730 -2.74970e+00 | 57 -0.09539 -5.20693e+00
 58 -0.03862 -4.93566e+00 | 59 -0.01432 -8.28790e+00 | 60 -0.02458 -6.52155e+00
 61 -0.05838 -4.77133e+00 | 62 -0.07994 -4.28650e+00 | 63 -0.00888 -8.48149e+00
 64 -0.10988 -4.92061e+00 | 65 -0.11403 -2.03624e+00 | 66 -0.06035 -4.17226e+00
 67 -0.14220 -1.50029e+00 | 68 -0.09857 -1.70582e+00 | 69 -0.09552 -5.65658e+00
 70  0.00408 -2.93991e+00 | 71 -0.11404  5.59131e+00 | 72 -0.22281  1.48284e+00
 73 -0.10471  3.14825e-01 | 74 -0.06023  1.06376e-01 | 75 -0.05772 -2.19504e-02
 76 -0.05629 -1.04292e-02 | 77 -0.56789  9.93777e+01 | 78 -1.01858  2.65273e-01
 79 -0.37938  9.77846e+01 | 80 -0.23395 -1.02033e+01 | 81 -2.55243  3.56635e+00
 82 10.30399  2.91685e+00 | 83  0.61420 -1.11438e+01 | 84 -0.44891  2.15248e+00
84 variables; iteration 640; function evaluation 753; phase 3
Function value -9.2975827e+01; maximum gradient component mag -3.4913e+02
Var    Value     Gradient |Var    Value     Gradient |Var    Value     Gradient
  1  0.02508 -3.49133e+02 |  2 -0.00259 -2.94823e-01 |  3 -0.00326 -4.01961e-01
  4 -0.01874 -2.78348e-01 |  5 -0.01995 -5.03390e-01 |  6 -0.01890 -1.55341e-01
  7 -0.02051 -4.61195e-01 |  8 -0.02175 -6.67289e-01 |  9 -0.02067 -2.76912e-01
 10 -0.02259 -6.39881e-01 | 11 -0.02171 -2.89194e-01 | 12 -0.01526  2.79119e-01
 13 -0.01611  7.49836e-01 | 14 -0.02793 -2.72183e-01 | 15 -0.02919  8.86141e-01
 16 -0.02624  5.70839e-01 | 17 -0.01433  2.75217e+00 | 18 -0.00361  3.34247e+00
 19 -0.03003 -3.55177e-02 | 20 -0.01489  3.40097e+00 | 21 -0.09406 -1.74864e+01
 22 -0.02961 -2.21726e+00 | 23 -0.01313  3.43199e-01 | 24 -0.01244 -1.94017e+00
 25 -0.00556 -2.24624e+00 | 26 -0.01804 -3.34011e+00 | 27 -0.10333 -1.65395e+01
 28  0.00764  3.55747e+01 | 29 -0.13724 -1.20978e+01 | 30 -0.12927 -4.41539e+00
 31 -0.12551 -1.53153e+00 | 32 -0.12068 -3.51549e+00 | 33  0.01287 -1.62859e+01
 34  0.03510 -2.38197e+01 | 35 -0.17649 -1.45538e+01 | 36  0.03947 -2.86576e+01
 37 -0.06564 -2.51906e+01 | 38  0.02311 -2.77399e+01 | 39  0.01052 -2.74884e+01
 40 -0.08860 -1.29748e+01 | 41 -0.02258 -1.44126e+01 | 42 -0.04571 -9.13579e+00
 43  0.00193 -1.00926e+01 | 44 -0.02568 -4.58974e+00 | 45 -0.03485 -3.12996e+00
 46 -0.04660  1.84541e+00 | 47 -0.06642 -6.80148e-02 | 48 -0.07873  7.91061e-01
 49 -0.06492  4.02327e+00 | 50 -0.06942  4.34479e+00 | 51  0.03510  6.81593e+00
 52 -0.13371  2.62603e+00 | 53 -0.05208  1.73226e+00 | 54 -0.15127 -8.96220e-02
 55 -0.04521  2.34237e+00 | 56 -0.05917  2.86226e+00 | 57 -0.09236  3.29285e+00
 58 -0.03781  2.54040e+00 | 59 -0.01320  4.30632e+00 | 60 -0.02328  6.99248e+00
 61 -0.05827  2.95850e+00 | 62 -0.07834  2.60887e+00 | 63 -0.00780  5.47960e+00
 64 -0.10962  2.92352e+00 | 65 -0.11288  9.89250e-01 | 66 -0.05875  3.88184e+00
 67 -0.14279  2.30884e-01 | 68 -0.09628  2.64165e-01 | 69 -0.09468 -6.76233e-01
 70  0.00679  1.34597e+00 | 71 -0.11991 -1.53435e-01 | 72 -0.21731  1.71178e-01
 73 -0.10270  6.00291e-01 | 74 -0.05988  1.20675e-01 | 75 -0.05769 -3.91194e-02
 76 -0.05617 -4.90415e-03 | 77 -0.56690  1.88165e+02 | 78 -1.04977  7.37228e-01
 79 -0.38090 -6.07672e+01 | 80 -0.28154  3.92108e+00 | 81 -2.58324  1.59113e+01
 82 10.24622 -2.84721e+00 | 83  0.60218 -9.36645e+00 | 84 -0.54844  1.03490e+00
84 variables; iteration 660; function evaluation 773; phase 3
Function value -9.3413186e+01; maximum gradient component mag 5.3845e+01
Var    Value     Gradient |Var    Value     Gradient |Var    Value     Gradient
  1  0.02549  5.36177e+01 |  2 -0.00228  7.07619e-01 |  3 -0.00271  8.46112e-01
  4 -0.01836  9.93307e-01 |  5 -0.01878  1.18891e+00 |  6 -0.01890  1.50185e+00
  7 -0.02068  1.42520e+00 |  8 -0.02404  9.61904e-01 |  9 -0.02154  2.12330e+00
 10 -0.02120  2.74378e+00 | 11 -0.02075  3.43527e+00 | 12 -0.01590  4.24171e+00
 13 -0.01304  6.31919e+00 | 14 -0.02736  4.67854e+00 | 15 -0.03684  3.83355e+00
 16 -0.02133  8.39401e+00 | 17 -0.02596  6.88111e+00 | 18 -0.03071  4.75215e+00
 19 -0.02937  8.61561e+00 | 20 -0.03166  7.66314e+00 | 21 -0.09102 -1.11269e+01
 22 -0.02618  8.35889e+00 | 23 -0.01782  1.03616e+01 | 24 -0.00265  1.42336e+01
 25  0.00522  1.57170e+01 | 26 -0.02177  9.54833e+00 | 27 -0.10190 -8.38490e+00
 28  0.00644  5.38447e+01 | 29 -0.14305 -8.67759e+00 | 30 -0.12993  1.10791e+00
 31 -0.12598  4.37008e+00 | 32 -0.11417  5.44011e+00 | 33  0.01626 -4.43387e+00
 34  0.02805 -2.03957e+01 | 35 -0.16135 -1.00162e+01 | 36  0.03617 -3.51280e+01
 37 -0.06456 -2.49712e+01 | 38  0.02157 -3.32595e+01 | 39  0.00932 -3.50838e+01
 40 -0.08866 -1.42145e+01 | 41 -0.02279 -1.98507e+01 | 42 -0.04686 -1.90887e+01
 43  0.00177 -4.02484e+00 | 44 -0.02640  1.12700e+01 | 45 -0.03496  1.74133e+01
 46 -0.04660  1.88253e+01 | 47 -0.06662  1.05714e+01 | 48 -0.07963  3.52309e+00
 49 -0.06514  9.45678e+00 | 50 -0.06996  6.48106e+00 | 51  0.03410 -5.83531e-01
 52 -0.13588 -9.34624e-01 | 53 -0.05278 -4.73514e-02 | 54 -0.15409 -1.30484e+00
 55 -0.04592 -1.14110e+00 | 56 -0.06179  8.84300e-01 | 57 -0.09173  6.50899e+00
 58 -0.03961 -2.23799e-01 | 59 -0.01429  6.31812e-01 | 60 -0.02382  5.39784e+00
 61 -0.06001 -4.10990e-01 | 62 -0.07849  1.79299e+00 | 63 -0.00959  6.55847e-01
 64 -0.10959  3.99675e+00 | 65 -0.11318  2.40100e+00 | 66 -0.06033  2.61309e+00
 67 -0.14191  2.10127e+00 | 68 -0.09690 -8.22932e-01 | 69 -0.09573 -4.73399e+00
 70  0.00553 -8.79563e+00 | 71 -0.12263 -5.36242e+00 | 72 -0.21595 -9.33826e-01
 73 -0.10420 -2.75540e+00 | 74 -0.06182 -3.51599e-03 | 75 -0.05849  4.93072e-02
 76 -0.05713  3.71842e-02 | 77 -0.56787  2.42307e+01 | 78 -1.07732  3.57764e-01
 79 -0.38137 -2.21550e+01 | 80 -0.29498  2.42563e-01 | 81 -2.59086  1.60213e+01
 82 10.23686 -2.95114e+00 | 83  0.61124 -3.23284e-02 | 84 -0.59916 -4.18633e-03
84 variables; iteration 680; function evaluation 793; phase 3
Function value -9.3715961e+01; maximum gradient component mag -2.6334e+02
Var    Value     Gradient |Var    Value     Gradient |Var    Value     Gradient
  1  0.02509 -2.63335e+02 |  2 -0.00247 -1.70264e-01 |  3 -0.00273 -1.58229e-01
  4 -0.01856 -1.17639e-01 |  5 -0.01927 -2.01824e-01 |  6 -0.01958 -1.81416e-01
  7 -0.02009 -1.98521e-01 |  8 -0.02100 -3.10034e-01 |  9 -0.02083 -1.42394e-01
 10 -0.02209 -3.32493e-01 | 11 -0.02360 -5.95230e-01 | 12 -0.01922 -4.94136e-01
 13 -0.02093 -2.76349e-01 | 14 -0.03105 -9.71071e-01 | 15 -0.03235  1.10180e-01
 16 -0.02928 -7.57807e-02 | 17 -0.02599  6.69995e-02 | 18 -0.03430 -3.51667e+00
 19 -0.04877 -4.70041e+00 | 20 -0.02236  1.91408e+00 | 21 -0.08154 -1.40468e+01
 22 -0.03268 -2.36251e+00 | 23 -0.00791  2.31216e+00 | 24 -0.00046  1.32784e+00
 25  0.01052  1.67078e+00 | 26 -0.01612 -1.56109e+00 | 27 -0.10789 -1.61636e+01
 28  0.00426  3.85314e+01 | 29 -0.14207 -1.18581e+01 | 30 -0.12663 -1.11177e+00
 31 -0.12808 -7.13470e-02 | 32 -0.12732 -2.21852e+00 | 33  0.02410 -1.45231e+00
 34  0.02076 -6.57041e-01 | 35 -0.14351  2.69323e+00 | 36  0.03446 -1.36222e+01
 37 -0.06272 -4.17266e+00 | 38  0.02214 -6.94416e+00 | 39  0.00892 -1.14786e+01
 40 -0.08815 -5.07779e+00 | 41 -0.02265 -7.63207e+00 | 42 -0.04548 -4.20349e+00
 43  0.00280 -7.56108e+00 | 44 -0.02686 -8.81585e+00 | 45 -0.03440 -8.50654e+00
 46 -0.04670 -6.43583e+00 | 47 -0.06576 -1.98864e+00 | 48 -0.07956 -5.07819e+00
 49 -0.06464 -4.46889e+00 | 50 -0.06957 -1.38286e+00 | 51  0.03494 -3.44484e+00
 52 -0.13955 -1.73443e+00 | 53 -0.05142  4.34943e-02 | 54 -0.15564  1.76182e+00
 55 -0.04475  6.43559e-01 | 56 -0.06209 -3.66235e-01 | 57 -0.09361 -2.24731e-01
 58 -0.03780  4.18852e-01 | 59 -0.01410 -1.23172e+00 | 60 -0.02445 -1.02979e+00
 61 -0.05876 -9.20405e-01 | 62 -0.07973 -1.66661e+00 | 63 -0.00786 -3.24284e+00
 64 -0.11420 -2.90588e+00 | 65 -0.11000 -1.32408e+00 | 66 -0.06059 -1.64696e+00
 67 -0.14231 -7.92389e-01 | 68 -0.09535 -1.19451e+00 | 69 -0.09514 -1.23617e+00
 70  0.00636  8.91896e-01 | 71 -0.12527  1.63058e+00 | 72 -0.21408  1.81696e-01
 73 -0.10292 -8.24398e-01 | 74 -0.06230 -3.02099e-02 | 75 -0.05892  9.86046e-03
 76 -0.05754 -8.40976e-04 | 77 -0.56790 -6.52969e+01 | 78 -1.10896 -9.39466e-02
 79 -0.38204  1.15809e+01 | 80 -0.32433 -1.54755e+00 | 81 -2.60953  1.75003e+01
 82 10.21373 -4.72862e+00 | 83  0.61223 -3.02854e-02 | 84 -0.74386 -7.38167e-03
84 variables; iteration 700; function evaluation 815; phase 3
Function value -9.4129452e+01; maximum gradient component mag 1.0218e+03
Var    Value     Gradient |Var    Value     Gradient |Var    Value     Gradient
  1  0.02501  1.02184e+03 |  2 -0.00127  7.00788e-01 |  3 -0.00190  7.38002e-01
  4 -0.01850  6.23854e-01 |  5 -0.01818  9.42664e-01 |  6 -0.01979  7.91011e-01
  7 -0.01953  1.15973e+00 |  8 -0.01875  1.70091e+00 |  9 -0.01886  2.04026e+00
 10 -0.02009  2.10079e+00 | 11 -0.02344  1.59331e+00 | 12 -0.01894  2.09116e+00
 13 -0.02573  1.19574e+00 | 14 -0.02685  3.12178e+00 | 15 -0.03744  1.84438e+00
 16 -0.03488  2.13168e+00 | 17 -0.03343  2.45064e+00 | 18 -0.03337  1.71235e+00
 19 -0.03063  5.53676e+00 | 20 -0.03016  5.39001e+00 | 21 -0.06866 -6.71293e+00
 22 -0.02340  5.78928e+00 | 23 -0.01239  7.54350e+00 | 24 -0.02493  1.67655e+00
 25  0.01617  9.32741e+00 | 26 -0.00035  6.04723e+00 | 27 -0.13158 -2.10680e+01
 28 -0.00650  3.61520e+01 | 29 -0.12429 -3.86668e+00 | 30 -0.12712  1.40816e+00
 31 -0.13090  2.27509e+00 | 32 -0.12521  3.49977e+00 | 33  0.03036  1.69971e+01
 34  0.01089 -6.31076e-01 | 35 -0.13192  9.80478e+00 | 36  0.03484  2.83975e+01
 37 -0.06847  1.28168e+01 | 38  0.02395  3.68839e+01 | 39  0.00789  4.20089e+01
 40 -0.08936  1.76952e+01 | 41 -0.02200  2.77688e+01 | 42 -0.04707  1.92913e+01
 43  0.00327  3.16695e+01 | 44 -0.02793  1.97588e+01 | 45 -0.03484  1.53506e+01
 46 -0.04678  1.46983e+01 | 47 -0.06669  1.03844e+01 | 48 -0.08004  1.29902e+01
 49 -0.06462  1.88702e+01 | 50 -0.06998  1.26947e+01 | 51  0.03488  1.60832e+01
 52 -0.14244  4.27991e+00 | 53 -0.05046  5.16818e+00 | 54 -0.15956  2.60485e+00
 55 -0.04369  5.63311e+00 | 56 -0.06354  6.83403e+00 | 57 -0.09438  2.31528e+00
 58 -0.03747  4.67596e+00 | 59 -0.01470  4.16056e+00 | 60 -0.02482  4.63639e+00
 61 -0.05928  3.08481e+00 | 62 -0.08051  2.82913e-01 | 63 -0.00762  5.54200e+00
 64 -0.11687  5.79649e-01 | 65 -0.10901  9.16887e-01 | 66 -0.06115  4.16310e+00
 67 -0.14346  1.90049e+00 | 68 -0.09443  2.51931e+00 | 69 -0.09584  3.01982e-01
 70  0.00704  2.05467e+00 | 71 -0.13006  1.80462e+00 | 72 -0.21055  4.43133e-01
 73 -0.10299 -8.17222e-01 | 74 -0.06312 -1.81508e-01 | 75 -0.05914  4.60236e-03
 76 -0.05775 -4.37938e-03 | 77 -0.56738  9.04045e+01 | 78 -1.16665  1.48986e+00
 79 -0.38431  3.58398e+02 | 80 -0.37527 -2.22615e+01 | 81 -2.63977  1.17671e+01
 82 10.19138 -4.53134e-01 | 83  0.63812 -4.95308e-04 | 84 -0.76952 -8.29392e-03
84 variables; iteration 720; function evaluation 837; phase 3
Function value -9.5144887e+01; maximum gradient component mag -8.2144e+02
Var    Value     Gradient |Var    Value     Gradient |Var    Value     Gradient
  1  0.02455 -8.21440e+02 |  2 -0.00140  2.87566e+00 |  3 -0.00172  3.43716e+00
  4 -0.01965  3.08797e+00 |  5 -0.01669  4.70001e+00 |  6 -0.02167  4.15942e+00
  7 -0.02010  5.63328e+00 |  8 -0.02149  6.36347e+00 |  9 -0.01991  8.14006e+00
 10 -0.02431  8.10989e+00 | 11 -0.02926  7.93716e+00 | 12 -0.01471  1.34903e+01
 13 -0.02118  1.35894e+01 | 14 -0.03031  1.37641e+01 | 15 -0.04160  1.28321e+01
 16 -0.02257  2.21578e+01 | 17 -0.01842  2.61772e+01 | 18 -0.01107  3.14912e+01
 19 -0.02211  3.10870e+01 | 20 -0.03798  2.39841e+01 | 21 -0.04444  2.08980e+01
 22 -0.03905  2.28697e+01 | 23 -0.01787  3.28045e+01 | 24 -0.03110  2.69141e+01
 25 -0.03105  2.69729e+01 | 26  0.02414  6.03356e+01 | 27 -0.09576  6.93563e+00
 28 -0.02123  6.10206e+01 | 29 -0.12319  9.35792e+00 | 30 -0.11762  1.79589e+01
 31 -0.13005  1.11914e+01 | 32 -0.13560  3.27725e+00 | 33  0.03285  1.88061e+00
 34  0.01051 -2.83139e+01 | 35 -0.13870 -1.05264e+01 | 36  0.03980 -1.11037e+02
 37 -0.08743 -4.44888e+01 | 38  0.03444 -9.63845e+01 | 39 -0.00439 -7.17981e+01
 40 -0.07406 -2.04323e+01 | 41 -0.02697 -3.36212e+01 | 42 -0.04477 -2.38577e+01
 43  0.00376 -3.80192e+01 | 44 -0.02776 -3.26570e+01 | 45 -0.03576 -4.70309e+01
 46 -0.04719 -3.51363e+01 | 47 -0.06562 -2.37733e+01 | 48 -0.08184 -2.43215e+01
 49 -0.06348 -1.95594e+01 | 50 -0.07065 -2.25876e+01 | 51  0.03618 -3.16445e+01
 52 -0.14999 -3.79318e+00 | 53 -0.04683 -1.40930e+01 | 54 -0.16920 -6.47540e+00
 55 -0.03881 -1.62180e+01 | 56 -0.06917 -1.65425e+01 | 57 -0.09099 -1.02695e+01
 58 -0.03712 -1.55542e+01 | 59 -0.01456 -2.17839e+01 | 60 -0.02420 -1.73030e+01
 61 -0.06100 -1.36000e+01 | 62 -0.07783 -1.37837e+01 | 63 -0.00842 -2.17785e+01
 64 -0.11763 -2.98167e+00 | 65 -0.10646 -8.39297e+00 | 66 -0.06242 -1.10668e+01
 67 -0.14185  7.17667e-01 | 68 -0.09235 -6.92949e+00 | 69 -0.09696 -1.44695e+01
 70  0.01034 -1.59836e+01 | 71 -0.14291 -9.99557e+00 | 72 -0.20073 -3.22275e+00
 73 -0.10291 -6.31015e+00 | 74 -0.06262 -9.41985e-02 | 75 -0.05910 -2.94196e-02
 76 -0.05735  6.08050e-02 | 77 -0.56539 -2.70443e+02 | 78 -1.29518 -5.52073e+00
 79 -0.38293 -1.90754e+02 | 80 -0.37546  1.08146e+01 | 81 -2.66867  1.39478e+01
 82 10.16618 -5.21153e+00 | 83  0.71620 -6.91637e-02 | 84 -0.70549 -6.29915e-03
84 variables; iteration 740; function evaluation 865; phase 3
Function value -9.6356237e+01; maximum gradient component mag -6.3206e+02
Var    Value     Gradient |Var    Value     Gradient |Var    Value     Gradient
  1  0.02454 -6.32064e+02 |  2 -0.00255  3.30374e-01 |  3 -0.00318  3.51099e-01
  4 -0.01905  4.15472e-01 |  5 -0.01968  4.68387e-01 |  6 -0.02006  6.16463e-01
  7 -0.02072  7.21665e-01 |  8 -0.02328  3.56660e-01 |  9 -0.02340  6.59409e-01
 10 -0.02446  7.34507e-01 | 11 -0.02379  1.28659e+00 | 12 -0.02144  1.16361e+00
 13 -0.02294  1.66249e+00 | 14 -0.03002  1.90155e+00 | 15 -0.03425  2.44506e+00
 16 -0.02803  3.66186e+00 | 17 -0.02560  4.21802e+00 | 18 -0.04142 -1.14337e+00
 19 -0.05803 -3.57211e+00 | 20 -0.02883  4.81955e+00 | 21 -0.02680  4.51909e+00
 22 -0.04322 -1.08936e+00 | 23 -0.03318  2.57732e-01 | 24 -0.04200 -4.34485e+00
 25 -0.02546 -3.35132e+00 | 26  0.03706  8.04138e+00 | 27 -0.07054 -7.04565e+00
 28 -0.02892  2.27121e+01 | 29 -0.11890 -2.76860e+00 | 30 -0.13214 -2.17654e+00
 31 -0.13363 -1.52727e+00 | 32 -0.13303 -4.16146e+00 | 33  0.04041 -2.73300e+01
 34 -0.00504 -4.84548e+01 | 35 -0.12319 -9.01797e+00 | 36  0.03800 -6.16994e+01
 37 -0.09665 -2.82590e+01 | 38  0.03460 -5.05037e+01 | 39 -0.00365 -3.41788e+01
 40 -0.08223 -1.44062e+01 | 41 -0.02281 -1.93068e+01 | 42 -0.04758 -1.63940e+01
 43  0.00549 -1.74756e+01 | 44 -0.03094 -1.75009e+01 | 45 -0.03394 -1.61489e+01
 46 -0.04733 -1.26810e+01 | 47 -0.06621 -1.00122e+01 | 48 -0.08120 -7.39066e+00
 49 -0.06465 -1.19008e+01 | 50 -0.06972 -4.23378e+00 | 51  0.03498 -8.50784e-01
 52 -0.15475  1.76312e+00 | 53 -0.04763  7.14943e-01 | 54 -0.17313  1.50993e+00
 55 -0.03923  2.55482e+00 | 56 -0.07199  2.66601e+00 | 57 -0.09235  2.06486e+00
 58 -0.03785  3.52209e+00 | 59 -0.01567  6.22337e+00 | 60 -0.02548  5.17499e+00
 61 -0.06288  3.42819e+00 | 62 -0.07863  3.76138e+00 | 63 -0.00884  6.37807e+00
 64 -0.12320  3.55296e+00 | 65 -0.10428  2.71977e+00 | 66 -0.06364  3.52382e+00
 67 -0.14417  1.78771e+00 | 68 -0.09168  2.69502e+00 | 69 -0.09664  8.45458e-01
 70  0.00829  3.77646e+00 | 71 -0.14642  9.98225e-01 | 72 -0.20128  3.06105e-01
 73 -0.10205  1.06729e-01 | 74 -0.06419 -4.49089e-02 | 75 -0.06078 -1.43449e-02
 76 -0.05927  2.39676e-03 | 77 -0.56120 -6.60426e+01 | 78 -1.39528 -8.43283e-01
 79 -0.38297 -1.17129e+02 | 80 -0.39382  6.31361e+00 | 81 -2.70687  1.57663e+01
 82 10.15070 -2.13508e+00 | 83  0.75301  1.23394e+01 | 84 -0.83448  9.59800e-01
84 variables; iteration 760; function evaluation 885; phase 3
Function value -9.7848094e+01; maximum gradient component mag 3.6433e+02
Var    Value     Gradient |Var    Value     Gradient |Var    Value     Gradient
  1  0.02260 -1.40576e+02 |  2 -0.00466  1.77786e+00 |  3 -0.00450  2.39683e+00
  4 -0.02078  2.47215e+00 |  5 -0.02084  3.14017e+00 |  6 -0.02285  3.34835e+00
  7 -0.02407  3.87168e+00 |  8 -0.02144  5.64454e+00 |  9 -0.02567  5.44161e+00
 10 -0.02705  6.14995e+00 | 11 -0.03231  5.67004e+00 | 12 -0.02506  8.50112e+00
 13 -0.02958  8.73209e+00 | 14 -0.04201  6.98997e+00 | 15 -0.04289  9.09402e+00
 16 -0.04543  9.00045e+00 | 17 -0.04480  1.07458e+01 | 18 -0.04733  1.10440e+01
 19 -0.05500  1.06088e+01 | 20 -0.06103  8.67362e+00 | 21 -0.01226  2.92429e+01
 22 -0.04976  1.19034e+01 | 23 -0.04707  1.17518e+01 | 24  0.02043  3.82575e+01
 25 -0.01302  1.91005e+01 | 26  0.04382  3.77019e+01 | 27 -0.06961  4.23056e+00
 28 -0.04016  3.09771e+01 | 29 -0.11018  7.86627e+00 | 30 -0.13127  3.43737e+00
 31 -0.13760 -3.95094e-01 | 32 -0.13632 -5.64691e+00 | 33  0.04967 -4.60847e+01
 34 -0.01898 -4.56995e+01 | 35 -0.10852 -1.78149e+00 | 36  0.04135 -1.92101e+01
 37 -0.12541 -1.00366e+01 | 38  0.04796  2.61442e+01 | 39 -0.01827  1.52383e+01
 40 -0.06479  2.26451e+01 | 41 -0.02511  2.52552e+01 | 42 -0.04397  1.27219e+01
 43  0.01042  2.53769e+01 | 44 -0.03333 -2.68858e+00 | 45 -0.02986  6.10572e-01
 46 -0.04542 -2.82395e+00 | 47 -0.06503 -9.42173e+00 | 48 -0.07818 -8.77550e-02
 49 -0.06356 -2.08379e+01 | 50 -0.06550 -9.70183e+00 | 51  0.03728 -2.46588e+01
 52 -0.16607 -3.53525e+00 | 53 -0.04075 -1.06914e+01 | 54 -0.19221 -7.58673e+00
 55 -0.02953 -1.72771e+01 | 56 -0.08143 -1.93845e+01 | 57 -0.08661 -1.72878e+01
 58 -0.03448 -1.86891e+01 | 59 -0.01568 -2.14668e+01 | 60 -0.02097 -1.70071e+01
 61 -0.06725 -2.07414e+01 | 62 -0.07182 -1.51115e+01 | 63 -0.00708 -3.01649e+01
 64 -0.13196 -1.50756e+01 | 65 -0.09414 -1.27684e+01 | 66 -0.06401 -1.28237e+01
 67 -0.14289 -1.28506e+01 | 68 -0.08595 -1.52750e+01 | 69 -0.09403 -1.37093e+01
 70  0.01153 -2.83309e+01 | 71 -0.15987 -4.87205e+00 | 72 -0.18880 -4.72958e+00
 73 -0.09934 -6.27560e+00 | 74 -0.06498 -9.96393e-02 | 75 -0.06070  1.46256e-01
 76 -0.05969  4.79461e-02 | 77 -0.54873 -6.35981e+01 | 78 -1.55167 -2.71833e+00
 79 -0.38277  3.64326e+02 | 80 -0.42650 -2.52210e+01 | 81 -2.82146  2.46038e+01
 82 10.16038 -4.59331e+00 | 83  0.75203 -1.18831e+00 | 84 -1.30933 -9.16435e-01
84 variables; iteration 780; function evaluation 906; phase 3
Function value -1.0341430e+02; maximum gradient component mag -1.4245e+02
Var    Value     Gradient |Var    Value     Gradient |Var    Value     Gradient
  1  0.02324 -1.42445e+02 |  2 -0.00367 -3.48199e-01 |  3 -0.00423 -4.03179e-01
  4 -0.02083 -5.65849e-01 |  5 -0.02083 -4.71779e-01 |  6 -0.02360 -1.07550e+00
  7 -0.02360 -9.75188e-01 |  8 -0.02494 -1.21314e+00 |  9 -0.02816 -1.93129e+00
 10 -0.02963 -2.20268e+00 | 11 -0.02971 -2.12931e+00 | 12 -0.03419 -3.82504e+00
 13 -0.03704 -4.17672e+00 | 14 -0.03936 -3.75282e+00 | 15 -0.04490 -4.58173e+00
 16 -0.04413 -5.19310e+00 | 17 -0.04839 -6.46863e+00 | 18 -0.05297 -8.25691e+00
 19 -0.05286 -6.98492e+00 | 20 -0.06392 -1.01070e+01 | 21 -0.02998 -2.59770e+00
 22 -0.05547 -9.55783e+00 | 23 -0.06043 -1.22820e+01 | 24 -0.02086 -8.65453e+00
 25  0.00384 -1.14874e+01 | 26  0.05440 -1.19561e+01 | 27 -0.05431 -8.64932e+00
 28 -0.02938  2.13130e+01 | 29 -0.12190 -1.85012e+00 | 30 -0.13723 -2.10620e+00
 31 -0.13720 -2.31326e+00 | 32 -0.12455 -2.35277e+00 | 33  0.04881 -4.39471e+00
 34 -0.02284 -5.35055e+00 | 35 -0.11515  2.43332e+00 | 36  0.03520  1.83013e+01
 37 -0.10976 -6.22658e-01 | 38  0.03995  2.02971e+01 | 39 -0.01312  1.52060e+00
 40 -0.06978  7.84627e+00 | 41 -0.02631  2.38729e+00 | 42 -0.04170  3.66268e+00
 43  0.00735  2.37039e+00 | 44 -0.03082 -5.48964e+00 | 45 -0.03212 -7.13101e+00
 46 -0.04435 -4.59351e+00 | 47 -0.06434 -8.74247e+00 | 48 -0.08004 -7.53232e+00
 49 -0.06210 -1.07530e+01 | 50 -0.06798 -8.44692e+00 | 51  0.03590  1.62092e+00
 52 -0.16266  5.78157e-01 | 53 -0.04531  1.60641e+00 | 54 -0.18384  1.10414e+00
 55 -0.03527  2.17608e+00 | 56 -0.07761  3.15479e+00 | 57 -0.08949  2.64064e+00
 58 -0.03685  2.36995e+00 | 59 -0.01577  2.65172e+00 | 60 -0.02426  3.82722e+00
 61 -0.06419  8.77659e-01 | 62 -0.07681  2.47750e+00 | 63 -0.00827  5.78024e+00
 64 -0.12640  3.45122e+00 | 65 -0.09885  2.91489e+00 | 66 -0.06433  4.65937e+00
 67 -0.14058  2.68680e+00 | 68 -0.08866  1.53247e+00 | 69 -0.09471  1.34842e+00
 70  0.00818 -3.59314e-01 | 71 -0.15505  1.96433e+00 | 72 -0.19418  2.89159e-01
 73 -0.10022 -9.51389e-01 | 74 -0.06634  8.85837e-02 | 75 -0.06387 -1.30097e-01
 76 -0.06203 -4.79658e-02 | 77 -0.54795 -1.17489e+01 | 78 -1.55035  3.15545e+00
 79 -0.38117  9.20045e+01 | 80 -0.39328 -9.15264e+00 | 81 -2.81223  3.57905e+00
 82 10.36727  8.05588e-01 | 83  0.75291  8.24763e+00 | 84 -1.19592 -8.05784e-01
84 variables; iteration 800; function evaluation 926; phase 3
Function value -1.0363692e+02; maximum gradient component mag -1.8536e+03
Var    Value     Gradient |Var    Value     Gradient |Var    Value     Gradient
  1  0.02296 -1.85358e+03 |  2 -0.00430 -1.24675e+00 |  3 -0.00536 -1.57021e+00
  4 -0.02121 -1.59248e+00 |  5 -0.02300 -2.11056e+00 |  6 -0.02272 -2.14483e+00
  7 -0.02492 -2.80320e+00 |  8 -0.02664 -3.36247e+00 |  9 -0.02777 -3.80161e+00
 10 -0.02951 -4.39856e+00 | 11 -0.02978 -4.67797e+00 | 12 -0.03169 -6.08777e+00
 13 -0.03274 -6.33569e+00 | 14 -0.03926 -7.11252e+00 | 15 -0.04261 -7.67303e+00
 16 -0.04271 -9.00542e+00 | 17 -0.04187 -9.59028e+00 | 18 -0.04910 -1.24962e+01
 19 -0.05704 -1.31702e+01 | 20 -0.05317 -1.30650e+01 | 21 -0.03141 -1.01168e+01
 22 -0.04940 -1.46501e+01 | 23 -0.03329 -1.45814e+01 | 24 -0.03757 -2.10895e+01
 25 -0.00286 -2.79301e+01 | 26  0.05882 -4.49387e+01 | 27 -0.06118 -2.45585e+01
 28 -0.03070  2.26178e+00 | 29 -0.12380 -1.07210e+01 | 30 -0.13377 -7.60840e+00
 31 -0.13825 -9.03372e+00 | 32 -0.12474 -1.05964e+01 | 33  0.05060 -6.45231e+01
 34 -0.02397 -5.25524e+01 | 35 -0.11175 -2.14643e+01 | 36  0.03637 -6.80840e+01
 37 -0.10853 -3.14502e+01 | 38  0.03973 -6.59747e+01 | 39 -0.00877 -4.96179e+01
 40 -0.07651 -2.65466e+01 | 41 -0.02225 -3.33458e+01 | 42 -0.04360 -2.57251e+01
 43  0.00814 -4.38680e+01 | 44 -0.03039 -3.25102e+01 | 45 -0.03110 -3.19318e+01
 46 -0.04480 -2.85713e+01 | 47 -0.06293 -2.64731e+01 | 48 -0.08075 -2.47572e+01
 49 -0.06074 -1.51492e+01 | 50 -0.06783 -1.15238e+01 | 51  0.03684 -5.96935e+00
 52 -0.16211 -2.90698e-01 | 53 -0.04414  3.25259e+00 | 54 -0.18348  1.59387e+00
 55 -0.03413  6.09481e+00 | 56 -0.07685  3.08606e+00 | 57 -0.08857  2.15639e+00
 58 -0.03628  3.73186e+00 | 59 -0.01442  4.18098e+00 | 60 -0.02432  2.39894e+00
 61 -0.06205  1.64526e+00 | 62 -0.07735  5.51995e-01 | 63 -0.00673  2.60466e+00
 64 -0.12691 -1.33335e-02 | 65 -0.09807 -1.55205e-01 | 66 -0.06325  1.16180e+00
 67 -0.14125 -1.01800e-02 | 68 -0.08729  1.81272e+00 | 69 -0.09486  1.11576e+00
 70  0.00965  7.08598e+00 | 71 -0.15449  2.33768e+00 | 72 -0.19379  8.30763e-01
 73 -0.09918  9.17231e-01 | 74 -0.06619 -3.74349e-02 | 75 -0.06255  2.43152e-02
 76 -0.06118 -5.32995e-03 | 77 -0.54812 -8.82108e+01 | 78 -1.55338 -5.10959e+00
 79 -0.38165 -5.22251e+02 | 80 -0.39794  3.53644e+01 | 81 -2.81208  7.04613e+00
 82 10.36610 -1.27352e+00 | 83  0.75290  1.60256e+00 | 84 -1.07529 -3.81163e-01
84 variables; iteration 820; function evaluation 948; phase 3
Function value -1.0384286e+02; maximum gradient component mag -1.1245e+03
Var    Value     Gradient |Var    Value     Gradient |Var    Value     Gradient
  1  0.02306 -1.12448e+03 |  2 -0.00435 -7.51060e-01 |  3 -0.00507 -8.91932e-01
  4 -0.02116 -9.37866e-01 |  5 -0.02219 -1.15620e+00 |  6 -0.02325 -1.38502e+00
  7 -0.02459 -1.68526e+00 |  8 -0.02626 -2.07445e+00 |  9 -0.02801 -2.48584e+00
 10 -0.02910 -2.73894e+00 | 11 -0.03161 -3.35647e+00 | 12 -0.03001 -3.68369e+00
 13 -0.03473 -4.56647e+00 | 14 -0.03994 -4.88676e+00 | 15 -0.04275 -5.06481e+00
 16 -0.04551 -6.71558e+00 | 17 -0.04605 -7.21532e+00 | 18 -0.04451 -7.79941e+00
 19 -0.04968 -7.78122e+00 | 20 -0.05430 -9.41452e+00 | 21 -0.04121 -7.42769e+00
 22 -0.03796 -7.86842e+00 | 23 -0.03873 -1.02435e+01 | 24 -0.05735 -1.79874e+01
 25  0.01058 -1.79402e+01 | 26  0.05003 -2.52748e+01 | 27 -0.04573 -1.42908e+01
 28 -0.03483  1.10589e+01 | 29 -0.11677 -3.49812e+00 | 30 -0.13467 -3.71443e+00
 31 -0.13787 -4.96275e+00 | 32 -0.12532 -5.60929e+00 | 33  0.05062 -2.62550e+01
 34 -0.02420 -3.21988e+01 | 35 -0.11583 -1.19973e+01 | 36  0.03769 -3.07873e+01
 37 -0.11855 -2.16336e+01 | 38  0.04225 -3.09607e+01 | 39 -0.01298 -3.11968e+01
 40 -0.07275 -1.48960e+01 | 41 -0.02373 -1.96870e+01 | 42 -0.04338 -1.75708e+01
 43  0.00834 -2.52964e+01 | 44 -0.03111 -2.03481e+01 | 45 -0.03103 -1.90501e+01
 46 -0.04512 -1.78666e+01 | 47 -0.06320 -1.37071e+01 | 48 -0.08047 -1.22708e+01
 49 -0.06140 -1.05186e+01 | 50 -0.06764 -7.61808e+00 | 51  0.03647 -4.02698e+00
 52 -0.16341  2.62095e-01 | 53 -0.04433  1.88951e-01 | 54 -0.18578 -4.96560e-01
 55 -0.03394  3.97587e-01 | 56 -0.07830  3.65646e-01 | 57 -0.08828  8.47349e-01
 58 -0.03675  5.90687e-02 | 59 -0.01473 -2.33324e-01 | 60 -0.02463 -6.47642e-01
 61 -0.06276 -4.41588e-01 | 62 -0.07732 -1.19114e+00 | 63 -0.00707 -1.94794e+00
 64 -0.12840 -1.54241e+00 | 65 -0.09721 -1.31535e+00 | 66 -0.06415 -2.55036e+00
 67 -0.14072 -1.68565e+00 | 68 -0.08767 -1.22116e+00 | 69 -0.09450  1.03703e-01
 70  0.00926  1.34193e+00 | 71 -0.15689  8.89217e-01 | 72 -0.19313  2.82097e-01
 73 -0.09933 -8.37285e-02 | 74 -0.06631  2.76570e-02 | 75 -0.06301 -1.00772e-02
 76 -0.06148  1.64488e-03 | 77 -0.54530 -8.04424e+01 | 78 -1.57999 -5.53426e+00
 79 -0.37917 -2.74838e+02 | 80 -0.36869  2.07966e+01 | 81 -2.82650  6.02013e+00
 82 10.34788 -1.32730e+00 | 83  0.75286 -1.20209e+00 | 84 -1.03214 -1.11030e-01
84 variables; iteration 840; function evaluation 968; phase 3
Function value -1.0414932e+02; maximum gradient component mag -8.1340e+02
Var    Value     Gradient |Var    Value     Gradient |Var    Value     Gradient
  1  0.02314 -8.13401e+02 |  2 -0.00490 -5.33216e-01 |  3 -0.00528 -5.20608e-01
  4 -0.02119 -4.97107e-01 |  5 -0.02205 -5.90037e-01 |  6 -0.02314 -7.32882e-01
  7 -0.02442 -9.13559e-01 |  8 -0.02638 -1.26029e+00 |  9 -0.02743 -1.37270e+00
 10 -0.02885 -1.57174e+00 | 11 -0.03171 -2.15198e+00 | 12 -0.03083 -2.46553e+00
 13 -0.03432 -2.92091e+00 | 14 -0.04136 -3.63411e+00 | 15 -0.04365 -3.52010e+00
 16 -0.04552 -4.73187e+00 | 17 -0.04638 -5.04453e+00 | 18 -0.04399 -5.03144e+00
 19 -0.05058 -5.38923e+00 | 20 -0.05139 -6.02165e+00 | 21 -0.05907 -8.80542e+00
 22 -0.05213 -8.14036e+00 | 23 -0.05023 -9.78635e+00 | 24 -0.02436 -9.73552e+00
 25  0.01927 -1.24958e+01 | 26  0.03458 -1.66923e+01 | 27 -0.03078 -7.89047e+00
 28 -0.03889  1.34303e+01 | 29 -0.11504 -8.22029e-01 | 30 -0.13466 -1.88324e+00
 31 -0.13810 -3.22758e+00 | 32 -0.12556 -3.31674e+00 | 33  0.05234 -1.34849e+01
 34 -0.03040 -2.92306e+01 | 35 -0.10965 -9.51827e+00 | 36  0.03670 -3.42826e+01
 37 -0.12319 -2.44533e+01 | 38  0.04327 -3.68639e+01 | 39 -0.01566 -3.62359e+01
 40 -0.07100 -1.82550e+01 | 41 -0.02499 -2.46734e+01 | 42 -0.04276 -1.82108e+01
 43  0.00833 -2.18327e+01 | 44 -0.03171 -1.66243e+01 | 45 -0.03133 -1.40678e+01
 46 -0.04521 -1.08614e+01 | 47 -0.06347 -6.20429e+00 | 48 -0.08065 -6.04329e+00
 49 -0.06182 -5.96784e+00 | 50 -0.06757 -2.97465e+00 | 51  0.03607  6.10916e-01
 52 -0.16548  7.44552e-01 | 53 -0.04495  2.64862e+00 | 54 -0.18631  2.13211e+00
 55 -0.03393  2.72906e+00 | 56 -0.08019 -5.81715e-01 | 57 -0.08816  1.93787e+00
 58 -0.03705  2.57656e+00 | 59 -0.01519  2.02582e+00 | 60 -0.02528  3.42561e+00
 61 -0.06307  4.63704e+00 | 62 -0.07785  1.21897e+00 | 63 -0.00761  5.16533e+00
 64 -0.12878  3.48677e+00 | 65 -0.09723  2.48727e+00 | 66 -0.06453  1.11316e+00
 67 -0.14124  2.04198e-01 | 68 -0.08724  1.34099e+00 | 69 -0.09505  1.46796e-01
 70  0.00912  3.19636e+00 | 71 -0.16083  7.74377e-01 | 72 -0.19224  4.37177e-01
 73 -0.09931  8.98659e-02 | 74 -0.06640  1.10886e-01 | 75 -0.06375 -8.71462e-02
 76 -0.06205 -3.53611e-02 | 77 -0.54131 -6.58648e+01 | 78 -1.60683 -4.59948e+00
 79 -0.37592 -1.40297e+02 | 80 -0.33783  1.10093e+01 | 81 -2.84833  4.67369e+00
 82 10.32875 -8.23236e-01 | 83  0.75272 -2.04658e+00 | 84 -0.88648  5.65310e-01
84 variables; iteration 860; function evaluation 988; phase 3
Function value -1.0424115e+02; maximum gradient component mag -4.1750e+02
Var    Value     Gradient |Var    Value     Gradient |Var    Value     Gradient
  1  0.02287 -4.17501e+02 |  2 -0.00455  1.01699e+00 |  3 -0.00550  1.17157e+00
  4 -0.02170  1.21494e+00 |  5 -0.02255  1.46788e+00 |  6 -0.02390  1.64403e+00
  7 -0.02453  2.08214e+00 |  8 -0.02669  2.15330e+00 |  9 -0.02756  2.64491e+00
 10 -0.03021  2.65499e+00 | 11 -0.03116  3.20020e+00 | 12 -0.02938  3.94036e+00
 13 -0.03432  3.66840e+00 | 14 -0.03862  4.23475e+00 | 15 -0.04277  4.61776e+00
 16 -0.04316  4.82777e+00 | 17 -0.04249  6.12281e+00 | 18 -0.04282  6.74772e+00
 19 -0.04902  6.67023e+00 | 20 -0.04730  7.19830e+00 | 21 -0.05950  2.35470e+00
 22 -0.04451  6.28034e+00 | 23 -0.03926  6.37155e+00 | 24 -0.02265  8.69062e+00
 25  0.01322  1.37601e+01 | 26  0.03911  1.71856e+01 | 27 -0.03959  7.80462e+00
 28 -0.04025  2.79641e+01 | 29 -0.11461  6.34784e+00 | 30 -0.13459  3.61089e+00
 31 -0.13586  2.45080e+00 | 32 -0.12527  6.80851e-01 | 33  0.05245 -1.55897e+01
 34 -0.02810 -3.96080e+01 | 35 -0.11056 -1.60655e+01 | 36  0.03839 -5.78454e+01
 37 -0.12361 -3.03982e+01 | 38  0.04456 -5.49496e+01 | 39 -0.01572 -4.70580e+01
 40 -0.07055 -2.21990e+01 | 41 -0.02448 -2.47692e+01 | 42 -0.04298 -1.71318e+01
 43  0.00870 -1.78175e+01 | 44 -0.03127 -1.23423e+01 | 45 -0.03099 -8.58812e+00
 46 -0.04502 -6.44268e+00 | 47 -0.06333 -4.96620e+00 | 48 -0.08025 -3.41690e+00
 49 -0.06131 -2.00688e+00 | 50 -0.06739 -3.31944e+00 | 51  0.03702 -3.09545e+00
 52 -0.16590 -8.79862e-01 | 53 -0.04355 -1.72766e-01 | 54 -0.18668 -3.05081e-02
 55 -0.03294 -4.54707e-01 | 56 -0.07888 -2.18461e+00 | 57 -0.08804 -8.59124e-01
 58 -0.03584 -2.33846e-01 | 59 -0.01492 -1.20657e+00 | 60 -0.02373  4.04591e-01
 61 -0.06386 -5.13711e-01 | 62 -0.07572  4.55316e-01 | 63 -0.00707  4.67257e-01
 64 -0.12893 -5.71036e-03 | 65 -0.09625  5.75503e-01 | 66 -0.06416  8.01260e-01
 67 -0.14016  7.45002e-01 | 68 -0.08740  4.39458e-01 | 69 -0.09377  1.10015e+00
 70  0.00988  2.11319e+00 | 71 -0.15850  1.66003e+00 | 72 -0.19291  4.40725e-01
 73 -0.09821  1.04544e+00 | 74 -0.06577  4.96304e-02 | 75 -0.06247  2.38479e-02
 76 -0.06106  1.09994e-02 | 77 -0.54147 -5.93419e+01 | 78 -1.60427 -3.22997e+00
 79 -0.37663 -6.72604e+01 | 80 -0.34340  2.59624e+00 | 81 -2.84940  4.50837e+00
 82 10.32790 -7.72939e-01 | 83  0.75271 -4.43216e+00 | 84 -0.90915  4.76687e-01
84 variables; iteration 880; function evaluation 1008; phase 3
Function value -1.0437361e+02; maximum gradient component mag -5.4102e+02
Var    Value     Gradient |Var    Value     Gradient |Var    Value     Gradient
  1  0.02283 -5.41022e+02 |  2 -0.00504 -1.95739e-01 |  3 -0.00587 -2.24224e-01
  4 -0.02192 -2.10526e-01 |  5 -0.02304 -2.82281e-01 |  6 -0.02407 -3.08342e-01
  7 -0.02504 -2.90592e-01 |  8 -0.02699 -5.07002e-01 |  9 -0.02842 -5.67387e-01
 10 -0.03048 -7.79662e-01 | 11 -0.03139 -6.80107e-01 | 12 -0.02980 -6.26982e-01
 13 -0.03278 -7.67016e-01 | 14 -0.03799 -8.05183e-01 | 15 -0.04238 -9.81436e-01
 16 -0.04088 -9.86273e-01 | 17 -0.04271 -1.29465e+00 | 18 -0.03994 -8.23848e-01
 19 -0.04755 -1.31855e+00 | 20 -0.04642 -1.42011e+00 | 21 -0.07057 -8.96380e+00
 22 -0.04182 -2.54175e+00 | 23 -0.03197 -2.61703e+00 | 24 -0.00599 -2.70245e+00
 25  0.00876 -8.37353e+00 | 26  0.02527 -1.21400e+01 | 27 -0.02596 -5.68182e+00
 28 -0.04139  1.25978e+01 | 29 -0.11819 -2.14706e+00 | 30 -0.13364 -9.91698e-01
 31 -0.13392 -3.10008e-01 | 32 -0.12505 -1.28031e+00 | 33  0.05194 -5.44543e+00
 34 -0.02522 -2.60484e+01 | 35 -0.11460 -8.51388e+00 | 36  0.03949 -2.37553e+01
 37 -0.12392 -2.16835e+01 | 38  0.04413 -2.14699e+01 | 39 -0.01379 -2.54168e+01
 40 -0.07346 -1.23136e+01 | 41 -0.02298 -1.36137e+01 | 42 -0.04408 -1.16746e+01
 43  0.00908 -1.26437e+01 | 44 -0.03127 -1.16415e+01 | 45 -0.03112 -9.10614e+00
 46 -0.04496 -5.76950e+00 | 47 -0.06333 -6.36068e+00 | 48 -0.08013 -5.20112e+00
 49 -0.06133 -3.17766e+00 | 50 -0.06720 -2.34236e+00 | 51  0.03729 -2.87354e+00
 52 -0.16617 -8.27262e-01 | 53 -0.04339 -2.57478e-01 | 54 -0.18629 -3.15221e-01
 55 -0.03291  2.10537e-01 | 56 -0.07804 -2.15174e-01 | 57 -0.08808 -1.48834e-01
 58 -0.03577  1.04672e-01 | 59 -0.01423  5.91056e-01 | 60 -0.02417 -3.90343e-02
 61 -0.06303  4.44356e-01 | 62 -0.07603  3.22575e-01 | 63 -0.00666  8.64768e-01
 64 -0.12882  1.69469e-01 | 65 -0.09649  3.48671e-01 | 66 -0.06353  8.47432e-01
 67 -0.14084  8.50291e-02 | 68 -0.08706  2.21950e-01 | 69 -0.09377  6.31362e-01
 70  0.01038  2.33890e+00 | 71 -0.15924  8.59374e-01 | 72 -0.19318  2.85450e-01
 73 -0.09776  1.23335e+00 | 74 -0.06514  9.50587e-02 | 75 -0.06207  3.07097e-02
 76 -0.06067  1.94243e-02 | 77 -0.54069 -4.40828e+01 | 78 -1.60571 -1.09517e+00
 79 -0.37385 -6.60829e+01 | 80 -0.31548  3.90381e+00 | 81 -2.84828  4.25850e+00
 82 10.32860 -3.87284e-01 | 83  0.75295  1.67202e+00 | 84 -0.99419 -2.30022e-01
84 variables; iteration 900; function evaluation 1030; phase 3
Function value -1.0446064e+02; maximum gradient component mag -2.6824e+02
Var    Value     Gradient |Var    Value     Gradient |Var    Value     Gradient
  1  0.02274 -2.68244e+02 |  2 -0.00488  8.83156e-01 |  3 -0.00574  1.05413e+00
  4 -0.02195  1.09331e+00 |  5 -0.02282  1.33224e+00 |  6 -0.02397  1.55349e+00
  7 -0.02527  1.79873e+00 |  8 -0.02631  2.17400e+00 |  9 -0.02782  2.47649e+00
 10 -0.02921  2.84927e+00 | 11 -0.03053  3.28613e+00 | 12 -0.03000  3.63131e+00
 13 -0.03221  4.19404e+00 | 14 -0.03742  4.49722e+00 | 15 -0.04098  5.08957e+00
 16 -0.03989  5.77212e+00 | 17 -0.04083  6.50549e+00 | 18 -0.04174  6.89354e+00
 19 -0.04782  6.88233e+00 | 20 -0.04671  7.13972e+00 | 21 -0.07163 -1.92963e+00
 22 -0.04233  6.73323e+00 | 23 -0.03211  8.40981e+00 | 24 -0.01873  9.34217e+00
 25  0.01936  1.44617e+01 | 26  0.02527  1.25315e+01 | 27 -0.02383  1.15993e+01
 28 -0.04428  2.44480e+01 | 29 -0.11919  3.34131e+00 | 30 -0.13334  3.50662e+00
 31 -0.13449  2.94738e+00 | 32 -0.12396  1.94647e+00 | 33  0.05150  1.06757e+00
 34 -0.02295 -2.69014e+01 | 35 -0.12024 -1.25557e+01 | 36  0.04083 -3.25349e+01
 37 -0.12829 -2.41058e+01 | 38  0.04504 -3.07987e+01 | 39 -0.01472 -3.04131e+01
 40 -0.07277 -1.40798e+01 | 41 -0.02301 -1.33603e+01 | 42 -0.04383 -1.06225e+01
 43  0.00915 -9.27309e+00 | 44 -0.03112 -5.62943e+00 | 45 -0.03105 -3.64233e+00
 46 -0.04497 -2.23874e+00 | 47 -0.06324 -2.49825e+00 | 48 -0.07996 -2.34364e+00
 49 -0.06136 -2.81515e+00 | 50 -0.06700 -2.77034e+00 | 51  0.03742 -7.47771e+00
 52 -0.16727 -1.99864e+00 | 53 -0.04294 -4.74083e+00 | 54 -0.18837 -2.69821e+00
 55 -0.03221 -5.15206e+00 | 56 -0.07875 -4.03844e+00 | 57 -0.08764 -3.21117e+00
 58 -0.03561 -4.55097e+00 | 59 -0.01430 -6.32114e+00 | 60 -0.02399 -5.41538e+00
 61 -0.06322 -3.99713e+00 | 62 -0.07593 -3.73412e+00 | 63 -0.00637 -5.78199e+00
 64 -0.13006 -2.96935e+00 | 65 -0.09553 -2.85464e+00 | 66 -0.06396 -4.03444e+00
 67 -0.14032 -1.65903e+00 | 68 -0.08699 -2.35099e+00 | 69 -0.09364 -1.71955e+00
 70  0.01058 -2.48263e+00 | 71 -0.16071 -6.24569e-01 | 72 -0.19186 -3.06898e-01
 73 -0.09810 -7.99972e-01 | 74 -0.06553 -1.31917e-02 | 75 -0.06224 -1.03705e-02
 76 -0.06077 -2.52444e-03 | 77 -0.53889 -3.48345e+01 | 78 -1.61293  5.39738e-01
 79 -0.37292 -9.39022e+00 | 80 -0.30864 -3.35035e+00 | 81 -2.85679  3.47582e+00
 82 10.32264  7.12151e-02 | 83  0.75291  2.53970e+00 | 84 -1.08372 -4.37397e-01
84 variables; iteration 920; function evaluation 1050; phase 3
Function value -1.0462419e+02; maximum gradient component mag -1.8758e+03
Var    Value     Gradient |Var    Value     Gradient |Var    Value     Gradient
  1  0.02256 -1.87580e+03 |  2 -0.00508 -1.97018e+00 |  3 -0.00606 -2.38137e+00
  4 -0.02229 -2.52683e+00 |  5 -0.02315 -2.94361e+00 |  6 -0.02445 -3.50332e+00
  7 -0.02627 -4.22223e+00 |  8 -0.02657 -4.62318e+00 |  9 -0.02886 -5.52026e+00
 10 -0.02865 -5.87655e+00 | 11 -0.03152 -6.96739e+00 | 12 -0.03076 -8.03440e+00
 13 -0.03392 -9.01170e+00 | 14 -0.03513 -8.87624e+00 | 15 -0.03858 -9.79613e+00
 16 -0.03944 -1.17356e+01 | 17 -0.04145 -1.33229e+01 | 18 -0.04477 -1.57814e+01
 19 -0.04988 -1.59165e+01 | 20 -0.04822 -1.63790e+01 | 21 -0.09322 -2.51725e+01
 22 -0.04422 -1.84408e+01 | 23 -0.03813 -2.12417e+01 | 24 -0.02277 -2.89016e+01
 25  0.04033 -4.81719e+01 | 26  0.01221 -4.78457e+01 | 27 -0.00882 -3.15978e+01
 28 -0.05095 -1.06146e+01 | 29 -0.12064 -1.37798e+01 | 30 -0.13383 -1.06999e+01
 31 -0.13258 -9.18700e+00 | 32 -0.11936 -9.79228e+00 | 33  0.05202 -4.27337e+01
 34 -0.02306 -3.53872e+01 | 35 -0.12303 -1.56224e+01 | 36  0.04072 -2.80279e+01
 37 -0.12742 -2.18273e+01 | 38  0.04401 -3.51726e+01 | 39 -0.01297 -3.37601e+01
 40 -0.07514 -2.00240e+01 | 41 -0.02154 -2.41209e+01 | 42 -0.04299 -1.94438e+01
 43  0.01014 -3.95828e+01 | 44 -0.03148 -3.40111e+01 | 45 -0.03013 -3.13993e+01
 46 -0.04475 -2.95152e+01 | 47 -0.06253 -2.84385e+01 | 48 -0.07957 -2.15322e+01
 49 -0.06088 -2.25118e+01 | 50 -0.06662 -1.37006e+01 | 51  0.03789 -1.34700e+01
 52 -0.17106 -4.35692e+00 | 53 -0.04297 -7.56893e-01 | 54 -0.18817  1.19885e+00
 55 -0.03223  2.58903e+00 | 56 -0.07901  1.49812e+00 | 57 -0.08771  2.15332e+00
 58 -0.03511  1.98734e+00 | 59 -0.01425  1.48617e-01 | 60 -0.02391  1.08445e+00
 61 -0.06336  1.09501e+00 | 62 -0.07567 -5.38474e-01 | 63 -0.00647  1.29273e+00
 64 -0.12945  1.26677e+00 | 65 -0.09550 -8.73445e-02 | 66 -0.06333 -7.49745e-01
 67 -0.14027 -3.73892e-01 | 68 -0.08620 -5.64371e-01 | 69 -0.09303 -1.12487e-01
 70  0.01050  2.21711e+00 | 71 -0.16328  1.20534e+00 | 72 -0.19187  1.93035e-01
 73 -0.09725 -1.15701e+00 | 74 -0.06597 -1.00766e-02 | 75 -0.06277 -3.19396e-02
 76 -0.06121  1.90952e-03 | 77 -0.53398 -6.34299e+01 | 78 -1.63939 -5.08443e+00
 79 -0.36616 -2.22279e+02 | 80 -0.26144  3.20827e+01 | 81 -2.88471  3.57557e+00
 82 10.30455 -7.50983e-01 | 83  0.75290  6.68720e-01 | 84 -1.04986 -2.16431e-01
84 variables; iteration 940; function evaluation 1072; phase 3
Function value -1.0503906e+02; maximum gradient component mag 2.0637e+02
Var    Value     Gradient |Var    Value     Gradient |Var    Value     Gradient
  1  0.02210  2.06371e+02 |  2 -0.00553 -2.26239e-01 |  3 -0.00658 -2.94702e-01
  4 -0.02272 -3.03499e-01 |  5 -0.02384 -3.62896e-01 |  6 -0.02492 -3.84786e-01
  7 -0.02620 -4.34953e-01 |  8 -0.02746 -4.52829e-01 |  9 -0.02910 -5.51034e-01
 10 -0.03075 -6.37207e-01 | 11 -0.03267 -7.90169e-01 | 12 -0.03243 -9.03528e-01
 13 -0.03528 -1.03046e+00 | 14 -0.03933 -9.24247e-01 | 15 -0.04135 -5.51428e-01
 16 -0.04089 -7.83271e-01 | 17 -0.04088 -5.13926e-01 | 18 -0.04303 -1.21803e+00
 19 -0.04931 -1.52590e+00 | 20 -0.04536 -6.87524e-01 | 21 -0.12404 -2.23011e+01
 22 -0.04624 -2.64630e+00 | 23 -0.03331 -9.31702e-01 | 24 -0.01557 -6.51771e-01
 25  0.04552  4.03889e+00 | 26  0.04095  2.46906e+00 | 27 -0.02812  4.13724e+00
 28 -0.06418  9.78218e+00 | 29 -0.12429 -3.58999e+00 | 30 -0.13109 -6.38394e-01
 31 -0.12907  8.97247e-01 | 32 -0.11601  2.83503e+00 | 33  0.05217  3.33064e+01
 34 -0.01631  1.63815e+01 | 35 -0.13108 -1.05733e+00 | 36  0.04140  3.57633e+01
 37 -0.11514 -8.96677e-02 | 38  0.04086  3.06074e+01 | 39 -0.00639  1.35489e+01
 40 -0.07935  7.63830e+00 | 41 -0.01843  1.30406e+01 | 42 -0.04235  9.21076e+00
 43  0.01145  1.20018e+01 | 44 -0.02893  5.97034e+00 | 45 -0.02956  3.92247e+00
 46 -0.04304  2.38481e+00 | 47 -0.06087  2.76711e+00 | 48 -0.07795  1.90485e+00
 49 -0.05935  4.54494e-01 | 50 -0.06545 -1.89435e+00 | 51  0.03928 -4.77758e+00
 52 -0.16803 -1.64420e+00 | 53 -0.04276 -2.51290e+00 | 54 -0.18500 -3.63616e-01
 55 -0.03200 -3.50982e+00 | 56 -0.07592 -3.17931e+00 | 57 -0.08729 -2.48511e+00
 58 -0.03407 -5.18094e+00 | 59 -0.01232 -5.16251e+00 | 60 -0.02298 -4.25570e+00
 61 -0.06160 -3.11618e+00 | 62 -0.07490 -3.00343e+00 | 63 -0.00475 -5.14517e+00
 64 -0.12796 -2.51032e+00 | 65 -0.09523 -2.43373e+00 | 66 -0.06085 -3.34116e+00
 67 -0.13966 -2.15009e+00 | 68 -0.08512 -2.31006e+00 | 69 -0.09134 -7.34248e-01
 70  0.01163 -3.56665e+00 | 71 -0.16130 -1.04786e+00 | 72 -0.19427 -4.46591e-01
 73 -0.09471  1.19501e-01 | 74 -0.06510  7.01033e-02 | 75 -0.06217 -2.14163e-02
 76 -0.06070 -1.34410e-03 | 77 -0.52919 -2.89055e+01 | 78 -1.66659  1.41046e-01
 79 -0.35867  7.86925e+01 | 80 -0.21066 -1.95337e+01 | 81 -2.93184  1.69518e+00
 82 10.28292 -6.12647e-01 | 83  0.75299  2.84063e+00 | 84 -1.02724 -5.58725e-02
84 variables; iteration 960; function evaluation 1092; phase 3
Function value -1.0513469e+02; maximum gradient component mag -1.3999e+02
Var    Value     Gradient |Var    Value     Gradient |Var    Value     Gradient
  1  0.02253 -1.39988e+02 |  2 -0.00532  7.40720e-01 |  3 -0.00632  8.62747e-01
  4 -0.02234  9.46430e-01 |  5 -0.02375  1.02467e+00 |  6 -0.02441  1.36279e+00
  7 -0.02604  1.49188e+00 |  8 -0.02732  1.77727e+00 |  9 -0.02879  2.06006e+00
 10 -0.03071  2.24821e+00 | 11 -0.03194  2.67381e+00 | 12 -0.03114  3.17852e+00
 13 -0.03394  3.50713e+00 | 14 -0.03904  3.68289e+00 | 15 -0.04127  4.54687e+00
 16 -0.04104  4.89120e+00 | 17 -0.04174  5.62891e+00 | 18 -0.04211  6.22954e+00
 19 -0.04760  6.27240e+00 | 20 -0.04356  7.49254e+00 | 21 -0.11822 -1.65893e+01
 22 -0.04489  5.46365e+00 | 23 -0.03420  7.97356e+00 | 24 -0.01694  1.15690e+01
 25  0.02980  2.21325e+01 | 26  0.04532  2.65387e+01 | 27 -0.02666  1.74511e+01
 28 -0.06070  2.03629e+01 | 29 -0.12239  2.07864e+00 | 30 -0.13245  2.50900e+00
 31 -0.13060  2.45865e+00 | 32 -0.11703  1.74135e+00 | 33  0.05113 -3.29279e+00
 34 -0.01672 -1.47442e+01 | 35 -0.12995 -1.62399e+01 | 36  0.03921 -3.34895e+01
 37 -0.10685 -1.77606e+01 | 38  0.03709 -3.16130e+01 | 39 -0.00291 -2.33583e+01
 40 -0.08554 -1.29328e+01 | 41 -0.01702 -1.14434e+01 | 42 -0.04420 -7.45502e+00
 43  0.01083 -6.65118e+00 | 44 -0.02947 -5.25581e+00 | 45 -0.03014 -4.04334e+00
 46 -0.04352 -2.89874e+00 | 47 -0.06150 -1.44911e+00 | 48 -0.07853 -2.04349e+00
 49 -0.06003 -2.56126e+00 | 50 -0.06617 -2.90028e+00 | 51  0.03845 -4.95772e+00
 52 -0.16672 -1.56395e+00 | 53 -0.04382 -2.53760e+00 | 54 -0.18424 -7.50062e-01
 55 -0.03352 -2.60147e+00 | 56 -0.07516 -1.30095e+00 | 57 -0.08890 -1.60290e+00
 58 -0.03457 -2.53218e+00 | 59 -0.01314 -2.41230e+00 | 60 -0.02349 -2.35338e+00
 61 -0.06203 -2.09197e+00 | 62 -0.07574 -1.67657e+00 | 63 -0.00568 -2.44319e+00
 64 -0.12665 -9.44281e-01 | 65 -0.09719 -1.32309e+00 | 66 -0.06105 -1.53172e+00
 67 -0.14043 -1.19203e+00 | 68 -0.08602 -1.17066e+00 | 69 -0.09228 -4.95091e-01
 70  0.01059 -1.34021e+00 | 71 -0.15913  1.29317e-01 | 72 -0.19593 -1.67379e-01
 73 -0.09594 -4.10711e-01 | 74 -0.06575 -5.79847e-03 | 75 -0.06232  1.55873e-02
 76 -0.06096  3.95010e-03 | 77 -0.53275 -5.25197e+01 | 78 -1.65160 -3.11779e+00
 79 -0.36017  2.74490e+01 | 80 -0.21539 -1.01562e+01 | 81 -2.90855  2.74977e+00
 82 10.29075 -1.59563e+00 | 83  0.75290 -1.40988e-01 | 84 -1.02625 -4.29800e-02
84 variables; iteration 980; function evaluation 1113; phase 3
Function value -1.0535439e+02; maximum gradient component mag 1.6141e+02
Var    Value     Gradient |Var    Value     Gradient |Var    Value     Gradient
  1  0.02251  1.61408e+02 |  2 -0.00535  7.69106e-01 |  3 -0.00627  9.20048e-01
  4 -0.02241  9.76423e-01 |  5 -0.02352  1.14102e+00 |  6 -0.02445  1.41459e+00
  7 -0.02608  1.55684e+00 |  8 -0.02703  1.94676e+00 |  9 -0.02880  2.15687e+00
 10 -0.03019  2.51402e+00 | 11 -0.03176  2.85424e+00 | 12 -0.03119  3.33815e+00
 13 -0.03430  3.58591e+00 | 14 -0.03843  4.05805e+00 | 15 -0.04161  4.62246e+00
 16 -0.03944  5.63259e+00 | 17 -0.04174  5.88011e+00 | 18 -0.04263  6.35251e+00
 19 -0.04767  6.51549e+00 | 20 -0.04490  7.33097e+00 | 21 -0.11748 -1.61649e+01
 22 -0.04467  6.02439e+00 | 23 -0.03434  8.70073e+00 | 24 -0.01474  1.38596e+01
 25  0.00274  1.66552e+01 | 26  0.06882  3.97753e+01 | 27 -0.03560  1.72880e+01
 28 -0.06792  1.92305e+01 | 29 -0.12174  3.46496e+00 | 30 -0.13166  3.91585e+00
 31 -0.12926  4.39257e+00 | 32 -0.11816  3.87746e+00 | 33  0.05228  2.09426e+01
 34 -0.01938  1.29691e+00 | 35 -0.12607 -7.85975e+00 | 36  0.03838 -6.56700e-01
 37 -0.10646 -8.45140e+00 | 38  0.03691 -1.52115e+00 | 39 -0.00286 -5.30530e+00
 40 -0.08548 -3.94389e+00 | 41 -0.01690  2.68259e+00 | 42 -0.04368  2.12864e+00
 43  0.01084  3.21278e+00 | 44 -0.02924  3.56294e-01 | 45 -0.03020  9.34727e-01
 46 -0.04308  1.71184e+00 | 47 -0.06146 -6.66200e-01 | 48 -0.07837 -2.55509e+00
 49 -0.05991 -1.72075e+00 | 50 -0.06599 -2.52697e+00 | 51  0.03834 -9.93014e+00
 52 -0.16676 -2.01803e+00 | 53 -0.04391 -6.69902e+00 | 54 -0.18588 -2.77339e+00
 55 -0.03318 -7.70473e+00 | 56 -0.07589 -6.35492e+00 | 57 -0.08859 -5.11763e+00
 58 -0.03473 -6.81046e+00 | 59 -0.01311 -9.07224e+00 | 60 -0.02381 -8.27222e+00
 61 -0.06171 -5.29417e+00 | 62 -0.07617 -4.98539e+00 | 63 -0.00564 -8.01011e+00
 64 -0.12670 -2.86744e+00 | 65 -0.09719 -3.89121e+00 | 66 -0.06103 -4.85457e+00
 67 -0.14024 -2.27078e+00 | 68 -0.08590 -3.09400e+00 | 69 -0.09249 -2.62719e+00
 70  0.01043 -2.90891e+00 | 71 -0.15940 -2.22462e-01 | 72 -0.19671 -3.60767e-01
 73 -0.09547  4.05110e-01 | 74 -0.06574  7.98772e-02 | 75 -0.06274 -8.19077e-03
 76 -0.06127  4.33454e-03 | 77 -0.52954 -4.25686e+01 | 78 -1.66587 -1.86479e+00
 79 -0.35921  4.82119e+01 | 80 -0.21025 -1.46020e+01 | 81 -2.92507  1.85140e+00
 82 10.28602 -6.34966e-01 | 83  0.75290  2.31574e-02 | 84 -1.02105  1.75341e-03
84 variables; iteration 1000; function evaluation 1134; phase 3
Function value -1.0561907e+02; maximum gradient component mag -4.5392e+02
Var    Value     Gradient |Var    Value     Gradient |Var    Value     Gradient
  1  0.02246 -4.53922e+02 |  2 -0.00523 -8.39671e-01 |  3 -0.00620 -1.01913e+00
  4 -0.02237 -1.07663e+00 |  5 -0.02345 -1.28244e+00 |  6 -0.02448 -1.47247e+00
  7 -0.02589 -1.75421e+00 |  8 -0.02705 -1.97012e+00 |  9 -0.02852 -2.26415e+00
 10 -0.03010 -2.58536e+00 | 11 -0.03142 -2.85147e+00 | 12 -0.03069 -3.16479e+00
 13 -0.03374 -3.61538e+00 | 14 -0.03778 -3.72799e+00 | 15 -0.04035 -3.89394e+00
 16 -0.03981 -4.66535e+00 | 17 -0.04071 -5.15427e+00 | 18 -0.04019 -5.79376e+00
 19 -0.04435 -5.62938e+00 | 20 -0.04203 -5.48497e+00 | 21 -0.10649 -2.13158e+01
 22 -0.04393 -7.57897e+00 | 23 -0.03826 -7.99441e+00 | 24 -0.03291 -1.02898e+01
 25 -0.04377 -1.61819e+01 | 26  0.09491 -1.46954e+01 | 27 -0.03934 -5.96755e+00
 28 -0.08154 -1.20975e+00 | 29 -0.12230 -6.13564e+00 | 30 -0.13091 -3.82731e+00
 31 -0.12877 -2.62632e+00 | 32 -0.11574 -1.84491e+00 | 33  0.05462  4.10831e+00
 34 -0.02611 -1.90487e+00 | 35 -0.11519 -4.98796e+00 | 36  0.03485  4.46532e+00
 37 -0.09714 -4.39538e+00 | 38  0.03347 -8.02928e-01 | 39 -0.00000 -4.46004e+00
 40 -0.08791 -4.14996e+00 | 41 -0.01594 -3.46431e+00 | 42 -0.04315 -3.96532e+00
 43  0.01121 -7.39535e+00 | 44 -0.02890 -7.44124e+00 | 45 -0.02992 -6.83006e+00
 46 -0.04262 -6.13755e+00 | 47 -0.06103 -6.22408e+00 | 48 -0.07784 -5.29413e+00
 49 -0.05966 -4.18821e+00 | 50 -0.06577 -2.50814e+00 | 51  0.03835 -2.83690e+00
 52 -0.16774 -7.41874e-01 | 53 -0.04460  2.73061e-01 | 54 -0.18543  5.47522e-01
 55 -0.03387  5.87724e-01 | 56 -0.07543  2.48467e-01 | 57 -0.08912  1.25532e-01
 58 -0.03482 -9.71052e-02 | 59 -0.01311  1.54527e-01 | 60 -0.02389  1.15542e-01
 61 -0.06198  3.08049e-02 | 62 -0.07632  3.63052e-01 | 63 -0.00566  1.12726e-01
 64 -0.12680 -1.67895e-01 | 65 -0.09721  1.61980e-01 | 66 -0.06084 -6.81766e-01
 67 -0.13988 -6.63354e-02 | 68 -0.08592  1.04946e-01 | 69 -0.09215  9.74920e-01
 70  0.00989  1.21758e+00 | 71 -0.16034  4.70801e-01 | 72 -0.19751  2.11957e-01
 73 -0.09525  3.85464e-01 | 74 -0.06655  3.72430e-02 | 75 -0.06337 -5.99023e-03
 76 -0.06192 -2.35995e-04 | 77 -0.52378 -4.20350e+01 | 78 -1.68770 -2.74809e+00
 79 -0.35521 -1.90896e+01 | 80 -0.18924 -6.36782e-01 | 81 -2.94194  1.58943e+00
 82 10.28214 -8.40193e-01 | 83  0.75286 -9.77315e-01 | 84 -1.03510 -8.35427e-02
84 variables; iteration 1020; function evaluation 1157; phase 3
Function value -1.0567460e+02; maximum gradient component mag -2.0021e+02
Var    Value     Gradient |Var    Value     Gradient |Var    Value     Gradient
  1  0.02219 -2.00212e+02 |  2 -0.00528 -7.65125e-01 |  3 -0.00622 -9.19413e-01
  4 -0.02228 -9.45118e-01 |  5 -0.02329 -1.11262e+00 |  6 -0.02450 -1.32599e+00
  7 -0.02594 -1.58909e+00 |  8 -0.02729 -1.82671e+00 |  9 -0.02823 -1.95310e+00
 10 -0.02982 -2.23993e+00 | 11 -0.03221 -2.73623e+00 | 12 -0.03081 -2.77265e+00
 13 -0.03489 -3.45420e+00 | 14 -0.03661 -2.98367e+00 | 15 -0.03988 -3.30821e+00
 16 -0.03817 -3.70258e+00 | 17 -0.03851 -3.98149e+00 | 18 -0.03907 -4.79516e+00
 19 -0.03960 -3.75305e+00 | 20 -0.04124 -4.58056e+00 | 21 -0.10461 -2.04085e+01
 22 -0.04450 -6.80620e+00 | 23 -0.04288 -7.68772e+00 | 24 -0.05180 -1.18958e+01
 25 -0.05595 -1.57735e+01 | 26  0.11153 -8.28354e+00 | 27 -0.05315 -6.60697e+00
 28 -0.09680 -5.50434e+00 | 29 -0.12434 -7.37424e+00 | 30 -0.12879 -4.04923e+00
 31 -0.12660 -3.10257e+00 | 32 -0.11183 -2.09020e+00 | 33  0.05611 -3.40535e+00
 34 -0.02729 -2.72862e+00 | 35 -0.11179 -5.06649e+00 | 36  0.03361 -2.88409e+00
 37 -0.09021 -6.12386e+00 | 38  0.03102 -5.22336e+00 | 39  0.00353 -7.58634e+00
 40 -0.09051 -4.95198e+00 | 41 -0.01464 -2.91708e+00 | 42 -0.04167  3.22239e-01
 43  0.01176 -1.30589e+00 | 44 -0.02751 -1.84209e+00 | 45 -0.02946  1.69136e+00
 46 -0.04132  3.29069e+00 | 47 -0.06026 -3.96141e-01 | 48 -0.07660 -6.22267e-01
 49 -0.05889  1.65174e+00 | 50 -0.06504  2.51474e+00 | 51  0.03910  9.17155e+00
 52 -0.16690  1.59971e+00 | 53 -0.04478  4.72916e+00 | 54 -0.18428  1.68075e+00
 55 -0.03401  5.91876e+00 | 56 -0.07369  5.34648e+00 | 57 -0.08886  4.84832e+00
 58 -0.03453  4.69885e+00 | 59 -0.01209  7.11802e+00 | 60 -0.02356  6.54687e+00
 61 -0.06097  4.11948e+00 | 62 -0.07640  3.54148e+00 | 63 -0.00482  6.38150e+00
 64 -0.12537  2.01095e+00 | 65 -0.09776  2.91422e+00 | 66 -0.05923  3.32656e+00
 67 -0.13969  1.81490e+00 | 68 -0.08532  2.36755e+00 | 69 -0.09153  1.65846e+00
 70  0.01013  4.34993e+00 | 71 -0.15877  2.03134e+00 | 72 -0.19973  7.34130e-01
 73 -0.09428  2.41850e-01 | 74 -0.06665  8.34041e-03 | 75 -0.06341 -7.14023e-03
 76 -0.06200 -4.80505e-03 | 77 -0.51727 -2.79886e+01 | 78 -1.70888 -3.94382e-01
 79 -0.34968 -6.27628e+00 | 80 -0.15879 -5.05671e+00 | 81 -2.97287  7.01750e-01
 82 10.27684 -1.03704e+00 | 83  0.75291  6.10112e-01 | 84 -1.04346 -1.13398e-01
84 variables; iteration 1040; function evaluation 1179; phase 3
Function value -1.0620531e+02; maximum gradient component mag 1.2082e+03
Var    Value     Gradient |Var    Value     Gradient |Var    Value     Gradient
  1  0.02247  1.20823e+03 |  2 -0.00547 -4.81287e-01 |  3 -0.00647 -5.89018e-01
  4 -0.02261 -6.17966e-01 |  5 -0.02387 -7.77354e-01 |  6 -0.02470 -8.10723e-01
  7 -0.02662 -1.10987e+00 |  8 -0.02706 -1.01064e+00 |  9 -0.02940 -1.39473e+00
 10 -0.03036 -1.40925e+00 | 11 -0.03330 -1.94748e+00 | 12 -0.03243 -2.00346e+00
 13 -0.03618 -2.48582e+00 | 14 -0.04135 -2.78729e+00 | 15 -0.04502 -3.00973e+00
 16 -0.04194 -2.67588e+00 | 17 -0.04320 -2.90877e+00 | 18 -0.04523 -3.76221e+00
 19 -0.05223 -4.26345e+00 | 20 -0.04844 -3.51008e+00 | 21 -0.06136 -7.57919e+00
 22 -0.04096 -3.07274e+00 | 23 -0.03239 -2.40891e+00 | 24 -0.03581 -5.96965e+00
 25 -0.02003 -6.36314e+00 | 26  0.09903  7.27608e+00 | 27 -0.07213 -6.81454e+00
 28 -0.08749  1.60906e+00 | 29 -0.11747 -8.64883e-01 | 30 -0.12963  1.02235e+00
 31 -0.12789  4.11211e+00 | 32 -0.11743  9.60985e+00 | 33  0.05474  1.04269e+02
 34 -0.02453  5.46099e+01 | 35 -0.11092  2.75464e+01 | 36  0.03421  1.11791e+02
 37 -0.08851  3.22136e+01 | 38  0.03135  9.30117e+01 | 39  0.00331  6.46798e+01
 40 -0.08850  2.68563e+01 | 41 -0.01634  4.40859e+01 | 42 -0.04230  3.11219e+01
 43  0.01035  4.15536e+01 | 44 -0.02710  2.60808e+01 | 45 -0.03014  2.22798e+01
 46 -0.04220  1.75543e+01 | 47 -0.06089  1.42597e+01 | 48 -0.07692  8.93983e+00
 49 -0.05959  6.30507e+00 | 50 -0.06561  1.59637e+00 | 51  0.03873 -2.30108e+00
 52 -0.16162 -7.73212e-01 | 53 -0.04536 -4.52171e+00 | 54 -0.17896 -9.24178e-01
 55 -0.03528 -5.81224e+00 | 56 -0.07140 -4.71344e+00 | 57 -0.08973 -4.07494e+00
 58 -0.03440 -5.52652e+00 | 59 -0.01233 -6.27645e+00 | 60 -0.02323 -5.69686e+00
 61 -0.06051 -4.79616e+00 | 62 -0.07628 -3.45202e+00 | 63 -0.00516 -6.54278e+00
 64 -0.12289 -2.46293e+00 | 65 -0.09948 -2.48659e+00 | 66 -0.05894 -3.53354e+00
 67 -0.14040 -2.06691e+00 | 68 -0.08612 -2.41532e+00 | 69 -0.09231 -3.04607e+00
 70  0.01025 -5.08515e+00 | 71 -0.15337 -1.11684e+00 | 72 -0.20088 -5.80867e-01
 73 -0.09511  3.29003e-01 | 74 -0.06546  8.86163e-02 | 75 -0.06253 -4.41825e-03
 76 -0.06111 -4.67334e-03 | 77 -0.52493  6.77222e-01 | 78 -1.68287  5.93689e+00
 79 -0.35775  1.11465e+02 | 80 -0.18906 -2.74038e+01 | 81 -2.93761  1.00143e+00
 82 10.28400  1.38644e+00 | 83  0.75297  2.84059e+00 | 84 -1.04877 -1.94487e-01
84 variables; iteration 1060; function evaluation 1199; phase 3
Function value -1.0636065e+02; maximum gradient component mag -6.0101e+02
Var    Value     Gradient |Var    Value     Gradient |Var    Value     Gradient
  1  0.02280 -6.01015e+02 |  2 -0.00524 -8.22227e-01 |  3 -0.00633 -1.02656e+00
  4 -0.02239 -1.06215e+00 |  5 -0.02366 -1.31330e+00 |  6 -0.02456 -1.47057e+00
  7 -0.02596 -1.74804e+00 |  8 -0.02752 -2.06553e+00 |  9 -0.02877 -2.30733e+00
 10 -0.03104 -2.80162e+00 | 11 -0.03196 -2.96557e+00 | 12 -0.03252 -3.58055e+00
 13 -0.03504 -3.91301e+00 | 14 -0.03992 -4.25235e+00 | 15 -0.04337 -4.60980e+00
 16 -0.04351 -5.43626e+00 | 17 -0.04402 -5.78255e+00 | 18 -0.04580 -6.93507e+00
 19 -0.05189 -7.22651e+00 | 20 -0.04850 -6.83117e+00 | 21 -0.05589 -9.43032e+00
 22 -0.04427 -7.62338e+00 | 23 -0.03725 -7.80692e+00 | 24 -0.02941 -9.92689e+00
 25 -0.02615 -1.39742e+01 | 26  0.10537 -1.53752e+01 | 27 -0.08215 -1.52140e+01
 28 -0.09960 -8.23778e+00 | 29 -0.11731 -6.36985e+00 | 30 -0.12746 -4.42366e+00
 31 -0.12708 -3.86844e+00 | 32 -0.11679 -3.76722e+00 | 33  0.05481 -1.03541e+01
 34 -0.02364 -1.02256e+01 | 35 -0.10718 -7.60655e+00 | 36  0.02972 -9.96643e+00
 37 -0.06887 -7.88905e+00 | 38  0.02206 -1.32314e+01 | 39  0.01161 -1.11584e+01
 40 -0.09732 -8.17247e+00 | 41 -0.01459 -8.10234e+00 | 42 -0.04211 -7.22533e+00
 43  0.00951 -1.05747e+01 | 44 -0.02518 -8.33620e+00 | 45 -0.03059 -7.89506e+00
 46 -0.04142 -6.70448e+00 | 47 -0.06081 -5.93934e+00 | 48 -0.07567 -4.26246e+00
 49 -0.05977 -3.30360e+00 | 50 -0.06544 -1.65729e+00 | 51  0.03850 -4.27867e-01
 52 -0.15536  2.33034e-01 | 53 -0.04768  1.35981e+00 | 54 -0.17272  4.97829e-01
 55 -0.03824  1.75936e+00 | 56 -0.06695  1.16108e+00 | 57 -0.09131  7.85509e-01
 58 -0.03475  1.04830e+00 | 59 -0.01178  7.10297e-01 | 60 -0.02342  6.94250e-01
 61 -0.05878  7.39669e-01 | 62 -0.07769  5.44841e-01 | 63 -0.00511  1.78136e+00
 64 -0.11806  6.56227e-01 | 65 -0.10344  3.69632e-01 | 66 -0.05716  1.28423e+00
 67 -0.13984  6.58054e-01 | 68 -0.08789  6.62810e-01 | 69 -0.09174  9.18743e-01
 70  0.00900  2.29380e+00 | 71 -0.14565  7.12765e-01 | 72 -0.20736  2.94735e-01
 73 -0.09578  1.41776e-01 | 74 -0.06583 -2.77887e-02 | 75 -0.06240  1.35209e-02
 76 -0.06103  3.30660e-03 | 77 -0.52294 -4.24562e+01 | 78 -1.68839 -2.36988e+00
 79 -0.35301 -9.42783e+01 | 80 -0.14411  1.40799e+01 | 81 -2.94071  1.61984e+00
 82 10.28370 -4.71726e-01 | 83  0.75294  1.08907e+00 | 84 -1.01848  2.22509e-02
84 variables; iteration 1080; function evaluation 1220; phase 3
Function value -1.0667696e+02; maximum gradient component mag 3.7871e+01
Var    Value     Gradient |Var    Value     Gradient |Var    Value     Gradient
  1  0.02267  3.06517e+01 |  2 -0.00642  3.81171e-01 |  3 -0.00747  4.70975e-01
  4 -0.02336  5.78139e-01 |  5 -0.02481  6.17808e-01 |  6 -0.02532  9.62419e-01
  7 -0.02805  7.54345e-01 |  8 -0.02845  1.24038e+00 |  9 -0.03086  1.21012e+00
 10 -0.03036  2.04469e+00 | 11 -0.03482  1.46974e+00 | 12 -0.03339  2.16023e+00
 13 -0.03789  1.87077e+00 | 14 -0.04092  2.53114e+00 | 15 -0.04547  2.56201e+00
 16 -0.04597  2.70372e+00 | 17 -0.04635  3.50941e+00 | 18 -0.04875  3.47338e+00
 19 -0.05434  3.42262e+00 | 20 -0.05222  4.11604e+00 | 21 -0.05797  1.72876e+00
 22 -0.04434  5.34029e+00 | 23 -0.03407  7.37175e+00 | 24 -0.01577  1.10113e+01
 25  0.00552  1.34296e+01 | 26  0.09363  3.78710e+01 | 27 -0.07552 -1.22915e+00
 28 -0.10988 -3.16156e+00 | 29 -0.11425  1.30494e+00 | 30 -0.12695  1.52615e+00
 31 -0.12704  1.74380e+00 | 32 -0.11921  1.34071e+00 | 33  0.05800  3.92200e+00
 34 -0.03240 -1.16277e+01 | 35 -0.09335 -6.55562e+00 | 36  0.02619 -2.25340e+01
 37 -0.06057 -9.26624e+00 | 38  0.01887 -2.35739e+01 | 39  0.01444 -2.29986e+01
 40 -0.10337 -1.57173e+01 | 41 -0.01304 -1.39000e+01 | 42 -0.04270 -4.76429e+00
 43  0.00978  8.65600e-02 | 44 -0.02515  3.28052e+00 | 45 -0.03048  4.54981e+00
 46 -0.04151  5.67661e+00 | 47 -0.06056  6.90602e+00 | 48 -0.07563  3.52993e+00
 49 -0.05967  2.11192e+00 | 50 -0.06536  1.05098e+00 | 51  0.03883  1.92877e+00
 52 -0.15598  5.24478e-02 | 53 -0.04764 -2.67320e+00 | 54 -0.17246 -5.10408e-01
 55 -0.03811 -2.59810e+00 | 56 -0.06663 -4.29380e-01 | 57 -0.09121 -2.97603e-01
 58 -0.03459 -4.36600e-01 | 59 -0.01149  1.11827e+00 | 60 -0.02329  1.35292e+00
 61 -0.05894  8.85650e-01 | 62 -0.07717  6.19904e-01 | 63 -0.00501  7.05030e-02
 64 -0.11823  5.36332e-01 | 65 -0.10311  1.89525e-01 | 66 -0.05692 -1.66210e-01
 67 -0.14022  1.54112e-01 | 68 -0.08728  3.16425e-01 | 69 -0.09208 -1.97439e+00
 70  0.00953 -3.01871e-01 | 71 -0.14668 -1.31227e-02 | 72 -0.20727 -1.31409e-01
 73 -0.09539 -4.15698e-01 | 74 -0.06556 -1.03680e-02 | 75 -0.06239 -2.30465e-02
 76 -0.06099 -2.07090e-02 | 77 -0.51755 -3.08857e+01 | 78 -1.70586  3.68673e-01
 79 -0.35204 -2.84589e+01 | 80 -0.14001 -1.63153e+00 | 81 -2.94908  1.40958e+00
 82 10.28249 -5.06098e-01 | 83  0.75298  2.75110e+00 | 84 -1.02674 -6.16017e-02
84 variables; iteration 1100; function evaluation 1241; phase 3
Function value -1.0688583e+02; maximum gradient component mag -4.7724e+02
Var    Value     Gradient |Var    Value     Gradient |Var    Value     Gradient
  1  0.02283 -4.77236e+02 |  2 -0.00631 -3.87858e-01 |  3 -0.00738 -4.55532e-01
  4 -0.02348 -4.55540e-01 |  5 -0.02478 -5.59661e-01 |  6 -0.02589 -5.89477e-01
  7 -0.02751 -7.23499e-01 |  8 -0.02901 -8.01180e-01 |  9 -0.03065 -8.94764e-01
 10 -0.03224 -9.58361e-01 | 11 -0.03419 -1.11510e+00 | 12 -0.03422 -1.27354e+00
 13 -0.03662 -1.29523e+00 | 14 -0.04163 -1.45992e+00 | 15 -0.04479 -1.37044e+00
 16 -0.04553 -1.82864e+00 | 17 -0.04620 -1.67779e+00 | 18 -0.04525 -1.43339e+00
 19 -0.05025 -1.37506e+00 | 20 -0.05033 -1.71079e+00 | 21 -0.06580 -6.82815e+00
 22 -0.04602 -2.48638e+00 | 23 -0.03876 -2.54838e+00 | 24 -0.02304 -3.03398e+00
 25  0.02171 -1.93441e+00 | 26  0.07959 -2.13427e+00 | 27 -0.04617 -5.08357e+00
 28 -0.11827 -1.25811e+01 | 29 -0.11562 -4.87969e+00 | 30 -0.12655 -2.87392e+00
 31 -0.12778 -2.53081e+00 | 32 -0.12155 -3.45097e+00 | 33  0.06035 -2.30017e+01
 34 -0.04215 -2.49901e+01 | 35 -0.08385 -8.06174e+00 | 36  0.02377 -2.69589e+01
 37 -0.06033 -1.10968e+01 | 38  0.01903 -1.99613e+01 | 39  0.01210 -1.61951e+01
 40 -0.09774 -6.67700e+00 | 41 -0.01517 -1.03870e+01 | 42 -0.04233 -7.59359e+00
 43  0.00933 -1.03474e+01 | 44 -0.02564 -7.60442e+00 | 45 -0.03094 -6.87376e+00
 46 -0.04195 -5.56980e+00 | 47 -0.06106 -3.81707e+00 | 48 -0.07594 -2.58416e+00
 49 -0.06009 -2.15093e+00 | 50 -0.06575 -8.76277e-01 | 51  0.03845  1.35102e+00
 52 -0.15766  7.50941e-01 | 53 -0.04789  1.74683e+00 | 54 -0.17450  1.01310e+00
 55 -0.03804  2.47600e+00 | 56 -0.06768  1.98982e+00 | 57 -0.09144  1.59618e+00
 58 -0.03505  2.01550e+00 | 59 -0.01193  2.55853e+00 | 60 -0.02395  1.88933e+00
 61 -0.05949  1.36867e+00 | 62 -0.07780  1.20666e+00 | 63 -0.00530  2.11889e+00
 64 -0.11940  9.77786e-01 | 65 -0.10331  8.21674e-01 | 66 -0.05732  1.26874e+00
 67 -0.14073  4.93275e-01 | 68 -0.08785  6.62031e-01 | 69 -0.09217  5.82388e-01
 70  0.00900  1.47842e+00 | 71 -0.14812  5.17201e-01 | 72 -0.20793  1.50575e-01
 73 -0.09548  3.53710e-01 | 74 -0.06579  1.08584e-02 | 75 -0.06263 -2.94722e-03
 76 -0.06123 -2.10710e-03 | 77 -0.51247 -2.90880e+01 | 78 -1.71945 -2.26116e-02
 79 -0.35102 -6.76335e+01 | 80 -0.13686  9.63170e+00 | 81 -2.94063  1.89452e+00
 82 10.28473 -8.86671e-01 | 83  0.75297  3.22941e+00 | 84 -1.05217 -2.35924e-01
84 variables; iteration 1120; function evaluation 1262; phase 3
Function value -1.0707396e+02; maximum gradient component mag -3.9705e+02
Var    Value     Gradient |Var    Value     Gradient |Var    Value     Gradient
  1  0.02260 -3.97046e+02 |  2 -0.00604 -1.51857e+00 |  3 -0.00706 -1.80732e+00
  4 -0.02325 -1.90742e+00 |  5 -0.02447 -2.26490e+00 |  6 -0.02587 -2.68224e+00
  7 -0.02710 -3.07230e+00 |  8 -0.02893 -3.62129e+00 |  9 -0.03047 -4.11921e+00
 10 -0.03257 -4.75877e+00 | 11 -0.03365 -5.18049e+00 | 12 -0.03401 -6.03370e+00
 13 -0.03656 -6.61891e+00 | 14 -0.04201 -7.26102e+00 | 15 -0.04493 -7.71880e+00
 16 -0.04482 -8.77920e+00 | 17 -0.04586 -9.58259e+00 | 18 -0.04745 -1.10932e+01
 19 -0.05233 -1.11612e+01 | 20 -0.05262 -1.18561e+01 | 21 -0.05485 -1.34591e+01
 22 -0.04462 -1.27501e+01 | 23 -0.03773 -1.42954e+01 | 24 -0.01018 -1.79162e+01
 25  0.02195 -2.67252e+01 | 26  0.06993 -3.95903e+01 | 27 -0.03131 -1.75977e+01
 28 -0.13195 -2.25386e+01 | 29 -0.10882 -8.33777e+00 | 30 -0.12650 -6.71132e+00
 31 -0.12693 -4.82785e+00 | 32 -0.11801 -2.76722e+00 | 33  0.05698  1.57909e+01
 34 -0.02901  7.38370e+00 | 35 -0.10018  8.51089e+00 | 36  0.02956  2.85232e+01
 37 -0.07038  1.02527e+01 | 38  0.02339  1.88041e+01 | 39  0.00961  1.22947e+01
 40 -0.09655  2.84367e+00 | 41 -0.01492  3.60250e+00 | 42 -0.04317  5.33406e-02
 43  0.01012 -2.76030e+00 | 44 -0.02630 -3.93914e+00 | 45 -0.03069 -3.70341e+00
 46 -0.04249 -4.43367e+00 | 47 -0.06095 -4.81432e+00 | 48 -0.07634 -3.08375e+00
 49 -0.05983 -1.82970e+00 | 50 -0.06580 -9.53293e-01 | 51  0.03928  1.34568e+00
 52 -0.16198  3.73687e-01 | 53 -0.04625  1.81845e+00 | 54 -0.17757  7.24896e-01
 55 -0.03626  2.00789e+00 | 56 -0.06886  1.39867e+00 | 57 -0.09081  1.28086e+00
 58 -0.03431  2.00151e+00 | 59 -0.01171  1.81764e+00 | 60 -0.02374  1.72285e+00
 61 -0.05985  1.50683e+00 | 62 -0.07709  9.94549e-01 | 63 -0.00466  1.91563e+00
 64 -0.12188  6.30304e-01 | 65 -0.10153  7.15758e-01 | 66 -0.05740  1.09586e+00
 67 -0.14127  2.58075e-01 | 68 -0.08698  7.76376e-01 | 69 -0.09178  8.63179e-01
 70  0.01028  1.66698e+00 | 71 -0.15227  5.72826e-01 | 72 -0.20552  2.71805e-01
 73 -0.09473  4.20503e-02 | 74 -0.06521 -8.35877e-03 | 75 -0.06198  6.82323e-03
 76 -0.06064  2.79758e-03 | 77 -0.50885 -1.90689e+01 | 78 -1.73114  1.13765e+00
 79 -0.34888 -3.97242e+01 | 80 -0.13451  5.11884e+00 | 81 -2.92794  1.78747e+00
 82 10.28859  5.79461e-01 | 83  0.75290 -9.33179e-02 | 84 -1.02164 -2.30989e-02
84 variables; iteration 1140; function evaluation 1282; phase 3
Function value -1.0708616e+02; maximum gradient component mag -2.1231e+02
Var    Value     Gradient |Var    Value     Gradient |Var    Value     Gradient
  1  0.02262 -2.12306e+02 |  2 -0.00600 -3.34090e-01 |  3 -0.00703 -3.96532e-01
  4 -0.02321 -4.17128e-01 |  5 -0.02435 -4.85342e-01 |  6 -0.02564 -5.65527e-01
  7 -0.02706 -6.49391e-01 |  8 -0.02861 -7.44896e-01 |  9 -0.03025 -8.43932e-01
 10 -0.03193 -9.39517e-01 | 11 -0.03371 -1.05351e+00 | 12 -0.03348 -1.16008e+00
 13 -0.03627 -1.27824e+00 | 14 -0.04100 -1.35306e+00 | 15 -0.04494 -1.48582e+00
 16 -0.04460 -1.65601e+00 | 17 -0.04613 -1.77237e+00 | 18 -0.04647 -1.91700e+00
 19 -0.05180 -1.89899e+00 | 20 -0.05136 -2.06174e+00 | 21 -0.05697 -4.43394e+00
 22 -0.04394 -1.96305e+00 | 23 -0.03554 -1.79445e+00 | 24 -0.01534 -1.41636e+00
 25  0.02460 -1.14078e+00 | 26  0.07049 -5.48200e-01 | 27 -0.03372 -1.41342e+00
 28 -0.13153 -1.60092e+01 | 29 -0.10994 -2.34654e+00 | 30 -0.12569 -1.74256e+00
 31 -0.12675 -1.34607e+00 | 32 -0.11754 -1.19786e+00 | 33  0.05623 -2.04467e+00
 34 -0.02650 -6.46743e+00 | 35 -0.10337 -2.50367e+00 | 36  0.03013 -3.69549e+00
 37 -0.07043 -2.44722e+00 | 38  0.02329 -3.82359e+00 | 39  0.00980 -3.99620e+00
 40 -0.09678 -2.54659e+00 | 41 -0.01493 -2.88128e+00 | 42 -0.04315 -2.73776e+00
 43  0.01003 -3.56365e+00 | 44 -0.02612 -2.87865e+00 | 45 -0.03080 -2.59389e+00
 46 -0.04248 -2.38431e+00 | 47 -0.06092 -1.88676e+00 | 48 -0.07632 -1.61067e+00
 49 -0.05988 -1.40871e+00 | 50 -0.06580 -8.54415e-01 | 51  0.03930 -1.82333e-01
 52 -0.16145 -1.61391e-02 | 53 -0.04635  1.32786e-01 | 54 -0.17691  1.04607e-01
 55 -0.03645  1.73829e-01 | 56 -0.06848  1.68760e-01 | 57 -0.09091  1.29313e-01
 58 -0.03431  2.05095e-01 | 59 -0.01162  2.38571e-01 | 60 -0.02366  2.16951e-01
 61 -0.05984  1.78893e-01 | 62 -0.07697  1.47545e-01 | 63 -0.00468  1.97958e-01
 64 -0.12155  6.83776e-02 | 65 -0.10170  7.04649e-02 | 66 -0.05736  7.66793e-02
 67 -0.14109  3.98538e-02 | 68 -0.08714  4.58838e-02 | 69 -0.09171  1.08259e-01
 70  0.01030  3.16117e-01 | 71 -0.15173  1.71532e-01 | 72 -0.20599  4.51465e-02
 73 -0.09468  7.91486e-02 | 74 -0.06505  3.24678e-03 | 75 -0.06190 -6.60278e-05
 76 -0.06054  7.47389e-04 | 77 -0.50961 -2.34390e+01 | 78 -1.72942  4.75986e-01
 79 -0.34865 -3.09183e+01 | 80 -0.13203  2.39043e+00 | 81 -2.92760  1.86409e+00
 82 10.28827  1.52282e-01 | 83  0.75290 -1.04971e-01 | 84 -1.01824  1.49308e-02
84 variables; iteration 1160; function evaluation 1302; phase 3
Function value -1.0714400e+02; maximum gradient component mag -1.6060e+03
Var    Value     Gradient |Var    Value     Gradient |Var    Value     Gradient
  1  0.02243 -1.60600e+03 |  2 -0.00606 -3.10029e-01 |  3 -0.00705 -3.52668e-01
  4 -0.02358 -4.61059e-01 |  5 -0.02389 -3.00647e-01 |  6 -0.02665 -7.48197e-01
  7 -0.02656 -4.21531e-01 |  8 -0.02874 -6.64779e-01 |  9 -0.03109 -9.30458e-01
 10 -0.03117 -5.67696e-01 | 11 -0.03403 -9.43106e-01 | 12 -0.03198 -5.40537e-01
 13 -0.03642 -1.08813e+00 | 14 -0.03928 -6.11865e-01 | 15 -0.04430 -1.00918e+00
 16 -0.04658 -1.88596e+00 | 17 -0.04637 -1.48219e+00 | 18 -0.04567 -1.30434e+00
 19 -0.05145 -1.43056e+00 | 20 -0.05053 -1.52927e+00 | 21 -0.05184 -2.88470e+00
 22 -0.04530 -2.47876e+00 | 23 -0.03937 -3.41824e+00 | 24 -0.01214 -2.89953e+00
 25  0.03937 -5.24210e+00 | 26  0.06085 -1.13163e+01 | 27 -0.03536 -8.16578e+00
 28 -0.12775 -1.83329e+01 | 29 -0.11193 -7.16604e+00 | 30 -0.12375 -5.72487e+00
 31 -0.12514 -7.26094e+00 | 32 -0.11588 -1.30632e+01 | 33  0.05692 -1.20902e+02
 34 -0.02589 -7.78260e+01 | 35 -0.10701 -3.89872e+01 | 36  0.03285 -1.07411e+02
 37 -0.07557 -4.47175e+01 | 38  0.02571 -8.47356e+01 | 39  0.00915 -7.05101e+01
 40 -0.09806 -3.00443e+01 | 41 -0.01397 -4.74681e+01 | 42 -0.04353 -3.30730e+01
 43  0.01081 -4.55499e+01 | 44 -0.02594 -2.85401e+01 | 45 -0.03055 -2.73929e+01
 46 -0.04267 -2.46185e+01 | 47 -0.06033 -1.79278e+01 | 48 -0.07630 -1.32721e+01
 49 -0.05957 -1.16687e+01 | 50 -0.06548 -3.54288e+00 | 51  0.04011  3.78225e+00
 52 -0.16366  1.30852e+00 | 53 -0.04550  6.68522e+00 | 54 -0.17755  2.52132e+00
 55 -0.03557  7.88911e+00 | 56 -0.06850  5.76819e+00 | 57 -0.09090  5.14844e+00
 58 -0.03334  9.20141e+00 | 59 -0.01123  1.01423e+01 | 60 -0.02329  9.29288e+00
 61 -0.05976  8.26477e+00 | 62 -0.07628  6.96793e+00 | 63 -0.00403  1.01952e+01
 64 -0.12302  3.50002e+00 | 65 -0.10024  5.46029e+00 | 66 -0.05739  7.73752e+00
 67 -0.14020  5.10897e+00 | 68 -0.08675  5.45464e+00 | 69 -0.09092  4.59391e+00
 70  0.01144  9.75579e+00 | 71 -0.15536  1.32512e+00 | 72 -0.20463  1.38399e+00
 73 -0.09369  2.38900e+00 | 74 -0.06454  9.96593e-03 | 75 -0.06156 -2.83660e-02
 76 -0.06012 -1.74013e-03 | 77 -0.51092 -5.13074e+01 | 78 -1.72458 -5.55618e+00
 79 -0.34363 -1.34414e+02 | 80 -0.11482  3.85350e+01 | 81 -2.93806  2.19385e+00
 82 10.28550 -1.37229e+00 | 83  0.75301  4.19526e+00 | 84 -1.03926 -1.44693e-01
84 variables; iteration 1180; function evaluation 1323; phase 3
Function value -1.0720075e+02; maximum gradient component mag -3.4345e+02
Var    Value     Gradient |Var    Value     Gradient |Var    Value     Gradient
  1  0.02251 -3.43452e+02 |  2 -0.00621 -3.47277e-01 |  3 -0.00727 -4.12500e-01
  4 -0.02347 -4.35809e-01 |  5 -0.02465 -5.05223e-01 |  6 -0.02600 -5.92808e-01
  7 -0.02742 -6.70281e-01 |  8 -0.02916 -8.07998e-01 |  9 -0.03079 -8.94650e-01
 10 -0.03260 -1.01245e+00 | 11 -0.03431 -1.09789e+00 | 12 -0.03435 -1.27845e+00
 13 -0.03707 -1.37951e+00 | 14 -0.04207 -1.53697e+00 | 15 -0.04607 -1.68111e+00
 16 -0.04593 -1.86627e+00 | 17 -0.04779 -2.04302e+00 | 18 -0.04874 -2.30954e+00
 19 -0.05397 -2.32617e+00 | 20 -0.05317 -2.39089e+00 | 21 -0.05381 -3.42095e+00
 22 -0.04508 -2.25556e+00 | 23 -0.03621 -2.19239e+00 | 24 -0.01433 -2.16642e+00
 25  0.04076 -1.93652e+00 | 26  0.05665 -5.32861e+00 | 27 -0.03018 -2.89899e+00
 28 -0.11863 -1.30978e+01 | 29 -0.10945 -2.60102e+00 | 30 -0.12548 -1.92063e+00
 31 -0.12699 -1.66400e+00 | 32 -0.11797 -1.74480e+00 | 33  0.05774 -6.45238e+00
 34 -0.02939 -1.11894e+01 | 35 -0.10368 -4.08189e+00 | 36  0.03185 -8.18976e+00
 37 -0.07739 -5.63304e+00 | 38  0.02638 -7.70827e+00 | 39  0.00734 -8.21054e+00
 40 -0.09562 -4.25871e+00 | 41 -0.01473 -5.61932e+00 | 42 -0.04331 -5.05293e+00
 43  0.01097 -6.84648e+00 | 44 -0.02674 -5.13519e+00 | 45 -0.03057 -4.77250e+00
 46 -0.04258 -4.44820e+00 | 47 -0.06058 -3.66378e+00 | 48 -0.07666 -2.90561e+00
 49 -0.05955 -2.69298e+00 | 50 -0.06574 -1.87052e+00 | 51  0.03975 -1.68952e+00
 52 -0.16520 -2.62306e-01 | 53 -0.04560 -2.65431e-01 | 54 -0.17936 -5.44946e-02
 55 -0.03546 -2.24794e-01 | 56 -0.06988 -2.89390e-01 | 57 -0.09091 -2.71543e-01
 58 -0.03373 -2.61678e-01 | 59 -0.01164 -4.41543e-01 | 60 -0.02352 -5.05007e-01
 61 -0.06056 -3.52763e-01 | 62 -0.07636 -2.33354e-01 | 63 -0.00453 -5.00039e-01
 64 -0.12355 -2.75584e-01 | 65 -0.10034 -3.26852e-01 | 66 -0.05765 -2.85365e-01
 67 -0.14106 -1.56591e-01 | 68 -0.08646 -1.90027e-01 | 69 -0.09109  1.54391e-01
 70  0.01087  3.27577e-01 | 71 -0.15674  1.05281e-01 | 72 -0.20431  4.44056e-02
 73 -0.09396  1.64324e-01 | 74 -0.06503  4.61855e-03 | 75 -0.06190  5.46254e-04
 76 -0.06057 -9.05856e-05 | 77 -0.51368 -2.90016e+01 | 78 -1.71704  1.35500e-02
 79 -0.34256 -2.26825e+01 | 80 -0.11556  5.04102e+00 | 81 -2.93837  1.63036e+00
 82 10.28567  1.29512e-01 | 83  0.75290  5.41977e-02 | 84 -1.01902  3.72851e-03
84 variables; iteration 1200; function evaluation 1344; phase 3
Function value -1.0725973e+02; maximum gradient component mag -4.1582e+01
Var    Value     Gradient |Var    Value     Gradient |Var    Value     Gradient
  1  0.02255 -4.15816e+01 |  2 -0.00622  4.53880e-02 |  3 -0.00728  5.64028e-02
  4 -0.02349  5.54020e-02 |  5 -0.02467  7.75578e-02 |  6 -0.02609  7.63429e-02
  7 -0.02752  1.12471e-01 |  8 -0.02910  1.47678e-01 |  9 -0.03088  1.62566e-01
 10 -0.03269  1.91146e-01 | 11 -0.03459  2.11660e-01 | 12 -0.03436  3.11882e-01
 13 -0.03730  3.27065e-01 | 14 -0.04194  4.02992e-01 | 15 -0.04599  4.28186e-01
 16 -0.04578  5.24466e-01 | 17 -0.04761  6.23452e-01 | 18 -0.04854  7.23521e-01
 19 -0.05368  7.63791e-01 | 20 -0.05327  7.16808e-01 | 21 -0.05287  1.24087e-01
 22 -0.04538  1.21419e+00 | 23 -0.03695  1.70911e+00 | 24 -0.01821  2.85588e+00
 25  0.02368  5.53483e+00 | 26  0.06959  8.22530e+00 | 27 -0.03126  2.88759e+00
 28 -0.11827 -1.00855e+01 | 29 -0.10975  1.38518e-01 | 30 -0.12574  2.89674e-01
 31 -0.12702  4.12976e-01 | 32 -0.11755  6.04412e-01 | 33  0.05889  4.84755e+00
 34 -0.03284 -6.75614e+00 | 35 -0.10294 -2.02594e+00 | 36  0.03165 -3.19019e+00
 37 -0.08037 -3.50312e+00 | 38  0.02688 -2.91235e+00 | 39  0.00634 -3.78624e+00
 40 -0.09598 -2.13292e+00 | 41 -0.01452 -1.52257e+00 | 42 -0.04332 -1.56847e+00
 43  0.01144 -8.28778e-01 | 44 -0.02725 -6.46290e-01 | 45 -0.03057 -3.71475e-01
 46 -0.04260 -3.47813e-01 | 47 -0.06046 -9.74172e-02 | 48 -0.07688 -2.80150e-01
 49 -0.05950 -3.95318e-01 | 50 -0.06583 -6.34292e-01 | 51  0.03974 -1.42063e+00
 52 -0.16834 -4.55087e-01 | 53 -0.04564 -8.74130e-01 | 54 -0.18187 -3.21793e-01
 55 -0.03519 -9.40654e-01 | 56 -0.07120 -6.64607e-01 | 57 -0.09121 -5.38224e-01
 58 -0.03377 -8.43048e-01 | 59 -0.01195 -1.08665e+00 | 60 -0.02383 -9.83474e-01
 61 -0.06133 -7.47478e-01 | 62 -0.07648 -7.23245e-01 | 63 -0.00475 -1.05866e+00
 64 -0.12513 -4.20489e-01 | 65 -0.09979 -4.65838e-01 | 66 -0.05805 -6.66881e-01
 67 -0.14128 -3.25645e-01 | 68 -0.08624 -4.55306e-01 | 69 -0.09107 -4.09800e-01
 70  0.01070 -7.73082e-01 | 71 -0.16063 -1.26109e-01 | 72 -0.20400 -8.69476e-02
 73 -0.09371 -8.30464e-02 | 74 -0.06549  5.56229e-03 | 75 -0.06238 -1.13982e-03
 76 -0.06104  9.71440e-04 | 77 -0.51196 -2.32161e+01 | 78 -1.72161  1.48097e+00
 79 -0.33784  7.94710e+00 | 80 -0.10347 -1.52946e+00 | 81 -2.94795  1.28258e+00
 82 10.28407  3.97034e-01 | 83  0.75290 -2.06291e-01 | 84 -1.01875  1.14523e-02
84 variables; iteration 1220; function evaluation 1364; phase 3
Function value -1.0726553e+02; maximum gradient component mag -1.3486e+02
Var    Value     Gradient |Var    Value     Gradient |Var    Value     Gradient
  1  0.02256 -1.34864e+02 |  2 -0.00618 -1.22980e-01 |  3 -0.00725 -1.47240e-01
  4 -0.02343 -1.49541e-01 |  5 -0.02464 -1.77632e-01 |  6 -0.02596 -1.97968e-01
  7 -0.02744 -2.26378e-01 |  8 -0.02904 -2.55286e-01 |  9 -0.03079 -2.94130e-01
 10 -0.03257 -3.22784e-01 | 11 -0.03439 -3.49498e-01 | 12 -0.03423 -3.53908e-01
 13 -0.03713 -4.02113e-01 | 14 -0.04184 -4.04716e-01 | 15 -0.04585 -4.54400e-01
 16 -0.04562 -4.82902e-01 | 17 -0.04744 -4.95262e-01 | 18 -0.04836 -5.56502e-01
 19 -0.05345 -5.30679e-01 | 20 -0.05291 -5.94707e-01 | 21 -0.05259 -1.26526e+00
 22 -0.04528 -3.25290e-01 | 23 -0.03699 -4.04093e-02 | 24 -0.01942  3.28586e-01
 25  0.01627  9.74239e-01 | 26  0.07439  3.23576e+00 | 27 -0.03259  2.86758e-01
 28 -0.11836 -1.11168e+01 | 29 -0.11023 -1.00966e+00 | 30 -0.12594 -6.41715e-01
 31 -0.12706 -4.40735e-01 | 32 -0.11750 -2.77528e-01 | 33  0.05883  1.37477e+00
 34 -0.03316 -7.94117e+00 | 35 -0.10270 -2.56081e+00 | 36  0.03145 -4.71010e+00
 37 -0.08056 -4.34616e+00 | 38  0.02689 -4.38230e+00 | 39  0.00618 -5.42646e+00
 40 -0.09569 -2.69426e+00 | 41 -0.01462 -2.75377e+00 | 42 -0.04327 -2.54154e+00
 43  0.01137 -2.46013e+00 | 44 -0.02731 -1.93097e+00 | 45 -0.03058 -1.43219e+00
 46 -0.04260 -1.27997e+00 | 47 -0.06051 -9.24096e-01 | 48 -0.07691 -8.71431e-01
 49 -0.05954 -6.40867e-01 | 50 -0.06584 -4.59611e-01 | 51  0.03960 -3.23506e-01
 52 -0.16812 -9.76985e-02 | 53 -0.04576 -1.89344e-01 | 54 -0.18196 -6.67692e-02
 55 -0.03527 -2.43439e-01 | 56 -0.07133 -1.47118e-01 | 57 -0.09122 -1.31133e-01
 58 -0.03388 -2.30380e-01 | 59 -0.01206 -3.53999e-01 | 60 -0.02389 -1.90752e-01
 61 -0.06138 -1.67412e-01 | 62 -0.07656 -2.26498e-01 | 63 -0.00486 -2.68237e-01
 64 -0.12507 -6.88302e-02 | 65 -0.09987 -1.41336e-01 | 66 -0.05813 -2.41692e-01
 67 -0.14131 -1.43606e-01 | 68 -0.08627 -1.46098e-01 | 69 -0.09119 -7.28933e-02
 70  0.01055 -1.84043e-01 | 71 -0.16050 -4.68712e-03 | 72 -0.20396 -2.72164e-02
 73 -0.09381 -3.01312e-02 | 74 -0.06564  7.40197e-04 | 75 -0.06248  6.32427e-04
 76 -0.06114  8.74956e-04 | 77 -0.51166 -2.40874e+01 | 78 -1.72268  1.11709e+00
 79 -0.33850 -1.46079e-01 | 80 -0.10598  4.42442e-01 | 81 -2.94787  1.30233e+00
 82 10.28407  3.37870e-01 | 83  0.75290 -1.03688e-01 | 84 -1.01930  7.29091e-03
84 variables; iteration 1240; function evaluation 1384; phase 3
Function value -1.0742284e+02; maximum gradient component mag 7.7208e+01
Var    Value     Gradient |Var    Value     Gradient |Var    Value     Gradient
  1  0.02248  7.72078e+01 |  2 -0.00620  2.62878e-01 |  3 -0.00724  3.21338e-01
  4 -0.02347  3.27144e-01 |  5 -0.02468  3.90240e-01 |  6 -0.02598  4.76189e-01
  7 -0.02757  5.31600e-01 |  8 -0.02913  6.39927e-01 |  9 -0.03079  7.60511e-01
 10 -0.03276  8.22062e-01 | 11 -0.03464  9.31110e-01 | 12 -0.03460  1.08762e+00
 13 -0.03746  1.21857e+00 | 14 -0.04231  1.29861e+00 | 15 -0.04635  1.41890e+00
 16 -0.04611  1.66244e+00 | 17 -0.04771  1.97078e+00 | 18 -0.04864  2.25549e+00
 19 -0.05402  2.23300e+00 | 20 -0.05365  2.25236e+00 | 21 -0.05462  1.32049e+00
 22 -0.04616  2.90235e+00 | 23 -0.03670  4.05459e+00 | 24 -0.01900  5.89078e+00
 25  0.01800  9.53356e+00 | 26  0.07582  1.75463e+01 | 27 -0.03822  4.65895e+00
 28 -0.11003 -5.58093e+00 | 29 -0.11003  1.79034e+00 | 30 -0.12583  1.53738e+00
 31 -0.12709  1.50217e+00 | 32 -0.11787  1.71728e+00 | 33  0.05918  9.65388e+00
 34 -0.03314 -5.88923e+00 | 35 -0.10384 -2.94044e+00 | 36  0.03173 -8.63716e+00
 37 -0.08220 -7.11317e+00 | 38  0.02683 -7.41856e+00 | 39  0.00640 -7.97410e+00
 40 -0.09768 -3.57998e+00 | 41 -0.01386 -2.87518e+00 | 42 -0.04390 -1.90639e+00
 43  0.01171  3.21303e-01 | 44 -0.02763  4.93267e-01 | 45 -0.03060  1.28163e+00
 46 -0.04282  1.75376e+00 | 47 -0.06050  2.08352e+00 | 48 -0.07693  1.54847e+00
 49 -0.05957  1.07316e+00 | 50 -0.06595 -3.65652e-03 | 51  0.03983  6.95368e-01
 52 -0.17118 -2.09120e-01 | 53 -0.04548 -1.91103e-01 | 54 -0.18472 -1.05666e-01
 55 -0.03456 -1.70820e-01 | 56 -0.07224 -4.46551e-02 | 57 -0.09098 -1.93266e-01
 58 -0.03405 -2.43671e-01 | 59 -0.01197  3.33386e-01 | 60 -0.02434 -3.85088e-01
 61 -0.06194 -3.93397e-01 | 62 -0.07647  3.06431e-02 | 63 -0.00478 -1.75090e-01
 64 -0.12670 -2.85073e-01 | 65 -0.09936 -1.56100e-01 | 66 -0.05815  3.44557e-01
 67 -0.14197  8.45062e-02 | 68 -0.08603 -2.76380e-02 | 69 -0.09137  7.01895e-02
 70  0.01072  5.08795e-02 | 71 -0.16293  2.80239e-01 | 72 -0.20436 -4.42906e-02
 73 -0.09324  9.85738e-02 | 74 -0.06578  2.28096e-03 | 75 -0.06260  4.96491e-03
 76 -0.06130  5.38585e-04 | 77 -0.49875 -1.54294e+01 | 78 -1.75876  1.29136e+00
 79 -0.33720  1.55764e+01 | 80 -0.10376 -5.18957e+00 | 81 -2.87370  3.37632e+00
 82 10.31356  2.10063e-01 | 83  0.75290  3.54335e-02 | 84 -1.02328 -2.65300e-02
84 variables; iteration 1260; function evaluation 1404; phase 3
Function value -1.0742648e+02; maximum gradient component mag -3.2265e+01
Var    Value     Gradient |Var    Value     Gradient |Var    Value     Gradient
  1  0.02241 -3.22650e+01 |  2 -0.00623 -3.08911e-01 |  3 -0.00731 -3.68454e-01
  4 -0.02350 -3.88167e-01 |  5 -0.02471 -4.57056e-01 |  6 -0.02611 -5.47529e-01
  7 -0.02754 -6.15782e-01 |  8 -0.02919 -7.16053e-01 |  9 -0.03101 -8.40514e-01
 10 -0.03290 -9.69304e-01 | 11 -0.03472 -1.07165e+00 | 12 -0.03473 -1.21358e+00
 13 -0.03771 -1.37081e+00 | 14 -0.04265 -1.51092e+00 | 15 -0.04642 -1.59056e+00
 16 -0.04624 -1.75777e+00 | 17 -0.04773 -1.79640e+00 | 18 -0.04880 -2.05333e+00
 19 -0.05416 -2.16707e+00 | 20 -0.05396 -2.38872e+00 | 21 -0.05505 -3.49846e+00
 22 -0.04650 -2.30293e+00 | 23 -0.03711 -1.91539e+00 | 24 -0.01931 -2.14993e+00
 25  0.02142 -2.05537e+00 | 26  0.07612 -2.67029e+00 | 27 -0.04054 -3.84961e+00
 28 -0.11015 -9.65642e+00 | 29 -0.11006 -1.74847e+00 | 30 -0.12577 -1.20444e+00
 31 -0.12682 -6.22257e-01 | 32 -0.11783  1.72976e-01 | 33  0.05969  1.16436e+01
 34 -0.03410 -2.14598e+00 | 35 -0.10251  1.42367e+00 | 36  0.03157  9.47101e+00
 37 -0.08144  5.73306e-01 | 38  0.02673  7.60944e+00 | 39  0.00660  3.01958e+00
 40 -0.09754  3.90907e-01 | 41 -0.01380  2.28171e+00 | 42 -0.04366  9.87317e-01
 43  0.01185  1.78658e+00 | 44 -0.02750  6.68151e-01 | 45 -0.03045  6.60285e-01
 46 -0.04276  1.89549e-01 | 47 -0.06029  4.11583e-01 | 48 -0.07684 -1.57534e-01
 49 -0.05942 -1.61568e-01 | 50 -0.06579 -2.57090e-01 | 51  0.03997  5.91653e-01
 52 -0.17113  1.95937e-02 | 53 -0.04541  2.99647e-01 | 54 -0.18462  1.29343e-01
 55 -0.03442  1.31736e-01 | 56 -0.07219 -1.09475e-01 | 57 -0.09091  7.66034e-03
 58 -0.03383  1.24028e-01 | 59 -0.01195 -1.45358e-02 | 60 -0.02417 -1.49192e-02
 61 -0.06183 -1.32757e-02 | 62 -0.07640 -3.76756e-02 | 63 -0.00465 -7.56129e-02
 64 -0.12663 -6.34697e-02 | 65 -0.09922 -9.61325e-02 | 66 -0.05801  6.56883e-02
 67 -0.14189 -3.61451e-02 | 68 -0.08586 -1.41601e-01 | 69 -0.09126 -1.26355e-01
 70  0.01086 -8.74415e-02 | 71 -0.16321  2.74421e-01 | 72 -0.20414  2.97572e-02
 73 -0.09313 -5.80981e-02 | 74 -0.06578 -5.15515e-04 | 75 -0.06259  3.49259e-03
 76 -0.06129  5.80276e-04 | 77 -0.49805 -1.42983e+01 | 78 -1.76075  1.16876e+00
 79 -0.33662  1.24211e+01 | 80 -0.10200 -2.92741e+00 | 81 -2.87681  3.40997e+00
 82 10.31132  1.01421e-01 | 83  0.75291  2.43352e-01 | 84 -1.02329 -2.77592e-02
84 variables; iteration 1280; function evaluation 1426; phase 3
Function value -1.0789808e+02; maximum gradient component mag -2.4915e+03
Var    Value     Gradient |Var    Value     Gradient |Var    Value     Gradient
  1  0.02261 -2.49150e+03 |  2 -0.00602 -9.34181e-02 |  3 -0.00653  2.83348e-02
  4 -0.02276  1.09946e-02 |  5 -0.02347  1.18831e-01 |  6 -0.02523 -1.27336e-02
  7 -0.02587  1.88376e-01 |  8 -0.02863 -1.44209e-01 |  9 -0.03028 -1.51948e-01
 10 -0.03126  4.94871e-02 | 11 -0.03359 -1.05718e-01 | 12 -0.03351 -1.69183e-01
 13 -0.03612 -1.14431e-01 | 14 -0.04244 -5.30488e-01 | 15 -0.04559 -2.84931e-01
 16 -0.04423  3.79575e-02 | 17 -0.04735 -3.94808e-01 | 18 -0.04852 -5.80594e-01
 19 -0.05319 -3.47261e-01 | 20 -0.05327 -6.74984e-01 | 21 -0.05070 -8.09065e-01
 22 -0.04556 -6.64310e-01 | 23 -0.03672 -5.88778e-01 | 24 -0.01600 -6.15484e-01
 25  0.06151  2.89442e+00 | 26  0.03064 -3.80057e+00 | 27 -0.03567 -2.69866e+00
 28 -0.09012 -3.94903e+00 | 29 -0.10973 -2.30344e+00 | 30 -0.12620 -3.12577e+00
 31 -0.12619 -4.06359e+00 | 32 -0.11690 -8.34498e+00 | 33  0.05648 -8.19086e+01
 34 -0.02551 -5.22435e+01 | 35 -0.10530 -3.25242e+01 | 36  0.03021 -1.26868e+02
 37 -0.06986 -5.91068e+01 | 38  0.02137 -1.17711e+02 | 39  0.01070 -1.03807e+02
 40 -0.10236 -4.01972e+01 | 41 -0.01450 -7.16760e+01 | 42 -0.04430 -4.73443e+01
 43  0.01015 -8.06692e+01 | 44 -0.02676 -5.97810e+01 | 45 -0.03164 -5.69099e+01
 46 -0.04390 -4.85221e+01 | 47 -0.06103 -4.11517e+01 | 48 -0.07695 -3.50693e+01
 49 -0.06040 -3.71435e+01 | 50 -0.06665 -2.47638e+01 | 51  0.04020 -2.66452e+01
 52 -0.16930 -3.89508e+00 | 53 -0.04569 -5.46764e+00 | 54 -0.18324 -1.42636e+00
 55 -0.03456 -2.37638e+00 | 56 -0.07071 -4.61392e+00 | 57 -0.09053 -1.72021e+00
 58 -0.03442 -1.25492e+00 | 59 -0.01151 -3.87695e+00 | 60 -0.02463 -6.27749e+00
 61 -0.06166 -5.60867e+00 | 62 -0.07650 -3.69985e+00 | 63 -0.00437 -1.02065e+01
 64 -0.12647 -6.07389e+00 | 65 -0.10086 -5.03460e+00 | 66 -0.05714 -3.67325e+00
 67 -0.14358 -2.27398e+00 | 68 -0.08700 -2.74756e+00 | 69 -0.09206 -5.79891e-01
 70  0.01116  2.32852e+00 | 71 -0.15834  1.23599e+00 | 72 -0.20795  4.18463e-03
 73 -0.09352  1.90790e-01 | 74 -0.06449  7.87671e-02 | 75 -0.06143  5.37018e-02
 76 -0.06027  2.34654e-02 | 77 -0.48035 -5.38787e+01 | 78 -1.80013 -1.38989e+01
 79 -0.34118 -1.92110e+02 | 80 -0.10528  6.15365e+01 | 81 -2.96087  1.58292e+00
 82 10.27879 -2.89361e+00 | 83  0.75288 -6.31683e-01 | 84 -1.02090 -1.91350e-02
84 variables; iteration 1300; function evaluation 1447; phase 3
Function value -1.0796878e+02; maximum gradient component mag 2.2689e+02
Var    Value     Gradient |Var    Value     Gradient |Var    Value     Gradient
  1  0.02295  2.26885e+02 |  2 -0.00568  2.79694e-01 |  3 -0.00666  3.37273e-01
  4 -0.02283  3.55778e-01 |  5 -0.02396  4.25322e-01 |  6 -0.02524  4.96826e-01
  7 -0.02660  5.94640e-01 |  8 -0.02817  6.80794e-01 |  9 -0.02981  7.87725e-01
 10 -0.03154  8.96860e-01 | 11 -0.03337  1.00272e+00 | 12 -0.03276  1.19422e+00
 13 -0.03569  1.31794e+00 | 14 -0.04102  1.34926e+00 | 15 -0.04507  1.52679e+00
 16 -0.04453  1.79998e+00 | 17 -0.04624  1.98808e+00 | 18 -0.04647  2.34166e+00
 19 -0.05231  2.37609e+00 | 20 -0.05115  2.54689e+00 | 21 -0.04781  2.79108e+00
 22 -0.04243  3.12363e+00 | 23 -0.03307  3.61293e+00 | 24 -0.00993  5.30849e+00
 25  0.04657  9.72856e+00 | 26  0.02250  2.43848e+00 | 27 -0.02238  5.60825e+00
 28 -0.08200  2.81030e+00 | 29 -0.10988  1.88412e+00 | 30 -0.12663  1.49617e+00
 31 -0.12804  1.44483e+00 | 32 -0.11810  1.53003e+00 | 33  0.05533  5.12967e+00
 34 -0.02422  1.66886e+00 | 35 -0.10867  7.56438e-01 | 36  0.03014  2.58145e+00
 37 -0.07051  1.55531e+00 | 38  0.02064  4.47706e+00 | 39  0.01024  4.47662e+00
 40 -0.10280  1.70552e+00 | 41 -0.01496  3.66621e+00 | 42 -0.04565  3.18757e+00
 43  0.00964  5.59283e+00 | 44 -0.02736  4.40069e+00 | 45 -0.03220  4.26952e+00
 46 -0.04448  3.80736e+00 | 47 -0.06185  3.54398e+00 | 48 -0.07734  2.24847e+00
 49 -0.06104  1.57159e+00 | 50 -0.06715  7.59073e-01 | 51  0.03953  9.91735e-01
 52 -0.16853  8.90401e-02 | 53 -0.04689 -1.34598e-01 | 54 -0.18161 -1.13018e-01
 55 -0.03608 -6.36789e-01 | 56 -0.06980 -7.28423e-01 | 57 -0.09206 -5.15187e-01
 58 -0.03494 -4.48508e-01 | 59 -0.01214 -5.77295e-01 | 60 -0.02527 -5.94865e-01
 61 -0.06188 -4.88056e-01 | 62 -0.07753 -3.63459e-01 | 63 -0.00500 -6.84699e-01
 64 -0.12591 -4.39635e-01 | 65 -0.10208 -4.42339e-01 | 66 -0.05766 -7.05334e-02
 67 -0.14414 -2.41202e-02 | 68 -0.08784 -3.74930e-01 | 69 -0.09276 -4.06287e-01
 70  0.01067 -1.00521e+00 | 71 -0.15893 -1.34178e-01 | 72 -0.20855 -1.34065e-01
 73 -0.09437 -1.98263e-01 | 74 -0.06487 -9.15590e-03 | 75 -0.06163  8.02085e-03
 76 -0.06038  8.28135e-04 | 77 -0.47724  1.27317e+00 | 78 -1.80731  1.08922e+00
 79 -0.34132  1.89925e+01 | 80 -0.10335 -5.15139e+00 | 81 -2.96528  9.11266e-01
 82 10.27787 -5.67750e-01 | 83  0.75290 -5.11532e-03 | 84 -1.01945 -4.09417e-03
84 variables; iteration 1320; function evaluation 1469; phase 3
Function value -1.0805715e+02; maximum gradient component mag -2.4461e+03
Var    Value     Gradient |Var    Value     Gradient |Var    Value     Gradient
  1  0.02309 -2.44614e+03 |  2 -0.00564 -1.10007e+00 |  3 -0.00653 -1.29116e+00
  4 -0.02266 -1.35181e+00 |  5 -0.02375 -1.59728e+00 |  6 -0.02511 -1.91410e+00
  7 -0.02627 -2.18148e+00 |  8 -0.02798 -2.58730e+00 |  9 -0.02981 -3.02981e+00
 10 -0.03116 -3.35168e+00 | 11 -0.03316 -3.84790e+00 | 12 -0.03252 -4.39123e+00
 13 -0.03597 -5.00815e+00 | 14 -0.04082 -5.29545e+00 | 15 -0.04483 -5.80275e+00
 16 -0.04420 -6.58161e+00 | 17 -0.04533 -7.24780e+00 | 18 -0.04602 -8.42427e+00
 19 -0.05168 -8.59780e+00 | 20 -0.05087 -9.19829e+00 | 21 -0.04732 -9.88284e+00
 22 -0.04283 -1.07271e+01 | 23 -0.03267 -1.22647e+01 | 24 -0.01096 -1.73522e+01
 25  0.02253 -2.74855e+01 | 26  0.04296 -3.76346e+01 | 27 -0.02336 -2.11782e+01
 28 -0.08372 -1.34834e+01 | 29 -0.11110 -1.06893e+01 | 30 -0.12724 -1.03898e+01
 31 -0.12820 -1.21135e+01 | 32 -0.11733 -1.83171e+01 | 33  0.05489 -1.39554e+02
 34 -0.02498 -7.65349e+01 | 35 -0.10987 -3.83435e+01 | 36  0.02980 -1.19036e+02
 37 -0.07238 -5.09078e+01 | 38  0.02069 -9.54362e+01 | 39  0.00950 -8.44323e+01
 40 -0.10303 -3.25927e+01 | 41 -0.01524 -6.12256e+01 | 42 -0.04584 -4.33918e+01
 43  0.00934 -6.86327e+01 | 44 -0.02781 -4.93554e+01 | 45 -0.03248 -4.53662e+01
 46 -0.04482 -3.89841e+01 | 47 -0.06215 -3.29526e+01 | 48 -0.07769 -2.38559e+01
 49 -0.06136 -2.00327e+01 | 50 -0.06745 -1.01362e+01 | 51  0.03907 -3.82593e+00
 52 -0.16967  4.78028e-01 | 53 -0.04728  5.41645e+00 | 54 -0.18323  2.37220e+00
 55 -0.03620  8.76600e+00 | 56 -0.07084  6.03044e+00 | 57 -0.09222  5.43274e+00
 58 -0.03544  8.18126e+00 | 59 -0.01267  8.80353e+00 | 60 -0.02577  7.65060e+00
 61 -0.06244  5.69044e+00 | 62 -0.07801  5.03288e+00 | 63 -0.00546  7.99678e+00
 64 -0.12679  2.59362e+00 | 65 -0.10218  3.42351e+00 | 66 -0.05818  4.21633e+00
 67 -0.14480  1.63994e+00 | 68 -0.08797  3.19150e+00 | 69 -0.09339  3.40657e+00
 70  0.01017  9.19755e+00 | 71 -0.16023  2.30308e+00 | 72 -0.20859  1.23567e+00
 73 -0.09475  1.18747e+00 | 74 -0.06526  1.96504e-02 | 75 -0.06211  5.47856e-03
 76 -0.06082  5.82520e-03 | 77 -0.47391 -3.73910e+01 | 78 -1.81337 -1.24166e+01
 79 -0.34140 -1.84850e+02 | 80 -0.10547  6.08041e+01 | 81 -2.98136  6.56784e-01
 82 10.27639 -2.73360e+00 | 83  0.75289 -3.10820e-01 | 84 -1.01913  1.00812e-02
84 variables; iteration 1340; function evaluation 1490; phase 3
Function value -1.0808782e+02; maximum gradient component mag 1.6959e+02
Var    Value     Gradient |Var    Value     Gradient |Var    Value     Gradient
  1  0.02307  1.69586e+02 |  2 -0.00558  1.60946e-01 |  3 -0.00654  1.93757e-01
  4 -0.02271  2.05824e-01 |  5 -0.02382  2.45018e-01 |  6 -0.02506  2.90112e-01
  7 -0.02645  3.39179e-01 |  8 -0.02799  3.84360e-01 |  9 -0.02960  4.48437e-01
 10 -0.03127  5.21405e-01 | 11 -0.03304  5.84339e-01 | 12 -0.03261  6.65684e-01
 13 -0.03550  7.40962e-01 | 14 -0.04063  7.88921e-01 | 15 -0.04471  8.69812e-01
 16 -0.04423  9.94558e-01 | 17 -0.04584  1.11490e+00 | 18 -0.04629  1.26219e+00
 19 -0.05199  1.29514e+00 | 20 -0.05103  1.36378e+00 | 21 -0.04799  1.48277e+00
 22 -0.04342  1.57695e+00 | 23 -0.03499  1.82845e+00 | 24 -0.01623  2.53327e+00
 25  0.02281  4.19263e+00 | 26  0.05174  5.03572e+00 | 27 -0.03128  2.80031e+00
 28 -0.08491  1.71624e+00 | 29 -0.11122  1.23392e+00 | 30 -0.12702  1.05641e+00
 31 -0.12805  1.04248e+00 | 32 -0.11788  1.22726e+00 | 33  0.05557  6.44905e+00
 34 -0.02653  2.99665e+00 | 35 -0.10743  1.35852e+00 | 36  0.02903  4.05002e+00
 37 -0.07073  1.84687e+00 | 38  0.01995  3.81052e+00 | 39  0.01002  3.47746e+00
 40 -0.10323  1.40033e+00 | 41 -0.01500  2.82378e+00 | 42 -0.04576  2.21469e+00
 43  0.00946  3.76337e+00 | 44 -0.02771  2.86388e+00 | 45 -0.03238  2.64687e+00
 46 -0.04454  2.26176e+00 | 47 -0.06208  2.09032e+00 | 48 -0.07752  1.57906e+00
 49 -0.06126  1.39527e+00 | 50 -0.06732  7.96100e-01 | 51  0.03905  6.87704e-01
 52 -0.16942  4.52160e-02 | 53 -0.04732 -8.64711e-02 | 54 -0.18312 -7.91849e-02
 55 -0.03631 -2.67295e-01 | 56 -0.07070 -1.85378e-01 | 57 -0.09226 -1.21738e-01
 58 -0.03548 -2.02651e-01 | 59 -0.01260 -2.29031e-01 | 60 -0.02577 -1.64639e-01
 61 -0.06233 -1.30395e-01 | 62 -0.07803 -1.07260e-01 | 63 -0.00549 -2.25004e-01
 64 -0.12643 -6.72328e-02 | 65 -0.10224 -6.95161e-02 | 66 -0.05816 -9.66880e-02
 67 -0.14448 -5.98069e-02 | 68 -0.08799 -8.44530e-02 | 69 -0.09329 -1.36674e-01
 70  0.01007 -4.42371e-01 | 71 -0.16001 -1.01695e-01 | 72 -0.20867 -5.64399e-02
 73 -0.09468 -6.34081e-02 | 74 -0.06543 -3.27034e-03 | 75 -0.06222 -1.91646e-03
 76 -0.06093 -1.70313e-03 | 77 -0.47438  2.60720e+00 | 78 -1.81283  7.81016e-01
 79 -0.34158  1.18879e+01 | 80 -0.10620 -4.09024e+00 | 81 -2.99231 -5.00608e-02
 82 10.27698  4.19272e-02 | 83  0.75290 -4.85216e-03 | 84 -1.01966 -2.11575e-04
  ic > imax  in fminim is answer attained ?
Var    Value     Gradient |Var    Value     Gradient |Var    Value     Gradient
  1  0.02307  5.58563e-04 |  2 -0.00557  4.38200e-07 |  3 -0.00654  6.32926e-07
  4 -0.02272  6.29764e-07 |  5 -0.02383  7.77899e-07 |  6 -0.02508  5.72427e-07
  7 -0.02646  9.98720e-07 |  8 -0.02798  1.49325e-06 |  9 -0.02960  5.16274e-07
 10 -0.03131  1.01956e-06 | 11 -0.03307  3.15266e-07 | 12 -0.03262  1.51274e-06
 13 -0.03552  1.06950e-06 | 14 -0.04062  2.38945e-06 | 15 -0.04470  1.42750e-06
 16 -0.04422  2.63545e-06 | 17 -0.04585  1.68398e-06 | 18 -0.04625  3.30544e-06
 19 -0.05196  2.69427e-06 | 20 -0.05097  3.47260e-06 | 21 -0.04798  2.38149e-06
 22 -0.04340  4.08733e-06 | 23 -0.03510  3.60458e-06 | 24 -0.01665  4.22144e-06
 25  0.01977  6.89643e-06 | 26  0.05414  5.05923e-06 | 27 -0.03159  1.14925e-06
 28 -0.08517 -3.99957e-07 | 29 -0.11133 -1.91247e-07 | 30 -0.12708 -1.20128e-06
 31 -0.12807 -2.95267e-06 | 32 -0.11788 -6.27005e-06 | 33  0.05568 -7.45640e-05
 34 -0.02693 -3.71724e-05 | 35 -0.10723 -1.35545e-05 | 36  0.02895 -2.15526e-05
 37 -0.07089 -1.42371e-06 | 38  0.01996  9.90389e-06 | 39  0.00996  8.64554e-06
 40 -0.10323  5.08252e-06 | 41 -0.01498  1.67204e-05 | 42 -0.04573  2.01792e-05
 43  0.00949  2.93194e-05 | 44 -0.02775  1.88914e-05 | 45 -0.03237  2.28681e-05
 46 -0.04451  2.35346e-05 | 47 -0.06207  1.46686e-05 | 48 -0.07754  1.13560e-05
 49 -0.06126  1.86886e-05 | 50 -0.06732  1.47131e-05 | 51  0.03902  3.56927e-05
 52 -0.16956  8.56084e-06 | 53 -0.04735  1.10164e-05 | 54 -0.18327  2.22999e-06
 55 -0.03633  8.94646e-06 | 56 -0.07080  6.30632e-06 | 57 -0.09230  7.74591e-06
 58 -0.03550  1.22013e-05 | 59 -0.01264  1.04162e-05 | 60 -0.02580  1.09488e-05
 61 -0.06237  1.01242e-05 | 62 -0.07807  6.18764e-06 | 63 -0.00551  8.25006e-06
 64 -0.12651  1.78366e-06 | 65 -0.10222  5.25081e-06 | 66 -0.05820  7.19024e-06
 67 -0.14446  3.36627e-06 | 68 -0.08799  5.46395e-06 | 69 -0.09329  1.23424e-06
 70  0.01002  3.33303e-06 | 71 -0.16023  1.07244e-06 | 72 -0.20864  4.25436e-07
 73 -0.09469 -1.08926e-06 | 74 -0.06549  4.84622e-08 | 75 -0.06228  6.34117e-08
 76 -0.06099  4.34493e-08 | 77 -0.47474  2.00718e-05 | 78 -1.81217  5.02946e-06
 79 -0.34130  5.01974e-05 | 80 -0.10556 -1.55622e-05 | 81 -2.99141 -1.55576e-07
 82 10.27715  8.77013e-07 | 83  0.75290  9.94688e-07 | 84 -1.01972 -2.07959e-08
Function minimizer not making progress ... is minimum attained?
Minimprove criterion = 0.0000e+00

 - final statistics:
84 variables; iteration 1358; function evaluation 1537
Function value -1.0809e+02; maximum gradient component mag 5.5856e-04
Exit code = 1;  converg criter 1.0000e-04
Var    Value     Gradient |Var    Value     Gradient |Var    Value     Gradient
  1  0.02307  5.58563e-04 |  2 -0.00557  4.38200e-07 |  3 -0.00654  6.32926e-07
  4 -0.02272  6.29764e-07 |  5 -0.02383  7.77899e-07 |  6 -0.02508  5.72427e-07
  7 -0.02646  9.98720e-07 |  8 -0.02798  1.49325e-06 |  9 -0.02960  5.16274e-07
 10 -0.03131  1.01956e-06 | 11 -0.03307  3.15266e-07 | 12 -0.03262  1.51274e-06
 13 -0.03552  1.06950e-06 | 14 -0.04062  2.38945e-06 | 15 -0.04470  1.42750e-06
 16 -0.04422  2.63545e-06 | 17 -0.04585  1.68398e-06 | 18 -0.04625  3.30544e-06
 19 -0.05196  2.69427e-06 | 20 -0.05097  3.47260e-06 | 21 -0.04798  2.38149e-06
 22 -0.04340  4.08733e-06 | 23 -0.03510  3.60458e-06 | 24 -0.01665  4.22144e-06
 25  0.01977  6.89643e-06 | 26  0.05414  5.05923e-06 | 27 -0.03159  1.14925e-06
 28 -0.08517 -3.99957e-07 | 29 -0.11133 -1.91247e-07 | 30 -0.12708 -1.20128e-06
 31 -0.12807 -2.95267e-06 | 32 -0.11788 -6.27005e-06 | 33  0.05568 -7.45640e-05
 34 -0.02693 -3.71724e-05 | 35 -0.10723 -1.35545e-05 | 36  0.02895 -2.15526e-05
 37 -0.07089 -1.42371e-06 | 38  0.01996  9.90389e-06 | 39  0.00996  8.64554e-06
 40 -0.10323  5.08252e-06 | 41 -0.01498  1.67204e-05 | 42 -0.04573  2.01792e-05
 43  0.00949  2.93194e-05 | 44 -0.02775  1.88914e-05 | 45 -0.03237  2.28681e-05
 46 -0.04451  2.35346e-05 | 47 -0.06207  1.46686e-05 | 48 -0.07754  1.13560e-05
 49 -0.06126  1.86886e-05 | 50 -0.06732  1.47131e-05 | 51  0.03902  3.56927e-05
 52 -0.16956  8.56084e-06 | 53 -0.04735  1.10164e-05 | 54 -0.18327  2.22999e-06
 55 -0.03633  8.94646e-06 | 56 -0.07080  6.30632e-06 | 57 -0.09230  7.74591e-06
 58 -0.03550  1.22013e-05 | 59 -0.01264  1.04162e-05 | 60 -0.02580  1.09488e-05
 61 -0.06237  1.01242e-05 | 62 -0.07807  6.18764e-06 | 63 -0.00551  8.25006e-06
 64 -0.12651  1.78366e-06 | 65 -0.10222  5.25081e-06 | 66 -0.05820  7.19024e-06
 67 -0.14446  3.36627e-06 | 68 -0.08799  5.46395e-06 | 69 -0.09329  1.23424e-06
 70  0.01002  3.33303e-06 | 71 -0.16023  1.07244e-06 | 72 -0.20864  4.25436e-07
 73 -0.09469 -1.08926e-06 | 74 -0.06549  4.84622e-08 | 75 -0.06228  6.34117e-08
 76 -0.06099  4.34493e-08 | 77 -0.47474  2.00718e-05 | 78 -1.81217  5.02946e-06
 79 -0.34130  5.01974e-05 | 80 -0.10556 -1.55622e-05 | 81 -2.99141 -1.55576e-07
 82 10.27715  8.77013e-07 | 83  0.75290  9.94688e-07 | 84 -1.01972 -2.07959e-08

Initial statistics: 85 variables; iteration 0; function evaluation 0; phase 4
Function value -1.0808885e+02; maximum gradient component mag 5.5857e-04
Var    Value     Gradient |Var    Value     Gradient |Var    Value     Gradient
  1  0.02307  5.58569e-04 |  2 -0.00557  4.38203e-07 |  3 -0.00654  6.32929e-07
  4 -0.02272  6.29767e-07 |  5 -0.02383  7.77903e-07 |  6 -0.02508  5.72432e-07
  7 -0.02646  9.98726e-07 |  8 -0.02798  1.49325e-06 |  9 -0.02960  5.16282e-07
 10 -0.03131  1.01957e-06 | 11 -0.03307  3.15277e-07 | 12 -0.03262  1.51276e-06
 13 -0.03552  1.06951e-06 | 14 -0.04062  2.38947e-06 | 15 -0.04470  1.42752e-06
 16 -0.04422  2.63547e-06 | 17 -0.04585  1.68400e-06 | 18 -0.04625  3.30546e-06
 19 -0.05196  2.69429e-06 | 20 -0.05097  3.47262e-06 | 21 -0.04798  2.38152e-06
 22 -0.04340  4.08736e-06 | 23 -0.03510  3.60461e-06 | 24 -0.01665  4.22148e-06
 25  0.01977  6.89650e-06 | 26  0.05414  5.05933e-06 | 27 -0.03159  1.14930e-06
 28 -0.08517 -3.99925e-07 | 29 -0.11133 -1.91223e-07 | 30 -0.12708 -1.20126e-06
 31 -0.12807 -2.95265e-06 | 32 -0.11788 -6.27002e-06 | 33  0.05568 -7.45638e-05
 34 -0.02693 -3.71723e-05 | 35 -0.10723 -1.35545e-05 | 36  0.02895 -2.15524e-05
 37 -0.07089 -1.42361e-06 | 38  0.01996  9.90409e-06 | 39  0.00996  8.64573e-06
 40 -0.10323  5.08259e-06 | 41 -0.01498  1.67205e-05 | 42 -0.04573  2.01793e-05
 43  0.00949  2.93196e-05 | 44 -0.02775  1.88915e-05 | 45 -0.03237  2.28682e-05
 46 -0.04451  2.35346e-05 | 47 -0.06207  1.46687e-05 | 48 -0.07754  1.13560e-05
 49 -0.06126  1.86887e-05 | 50 -0.06732  1.47132e-05 | 51  0.03902  3.56927e-05
 52 -0.16956  8.56084e-06 | 53 -0.04735  1.10164e-05 | 54 -0.18327  2.22999e-06
 55 -0.03633  8.94646e-06 | 56 -0.07080  6.30633e-06 | 57 -0.09230  7.74591e-06
 58 -0.03550  1.22013e-05 | 59 -0.01264  1.04162e-05 | 60 -0.02580  1.09488e-05
 61 -0.06237  1.01241e-05 | 62 -0.07807  6.18763e-06 | 63 -0.00551  8.25004e-06
 64 -0.12651  1.78366e-06 | 65 -0.10222  5.25081e-06 | 66 -0.05820  7.19024e-06
 67 -0.14446  3.36627e-06 | 68 -0.08799  5.46395e-06 | 69 -0.09329  1.23424e-06
 70  0.01002  3.33302e-06 | 71 -0.16023  1.07244e-06 | 72 -0.20864  4.25434e-07
 73 -0.09469 -1.08926e-06 | 74 -0.06549  4.84622e-08 | 75 -0.06228  6.34116e-08
 76 -0.06099  4.34492e-08 | 77  0.00000  0.00000e+00 | 78 -0.47474  2.00719e-05
 79 -0.18783 -5.02949e-06 | 80 -0.34130  5.01979e-05 | 81 -0.10556 -1.55623e-05
 82  0.99141  1.55576e-07 | 83 -0.27715 -8.77017e-07 | 84  0.75290  9.94689e-07
 85 -0.98028  2.07959e-08 |
Warning: the following parameters had issues
  selparm[13] is within 0.1% of upper bound: 2.00000e+01 < 6.49979e+01 < 6.50000e+01
  selparm[21] is within 0.1% of lower bound: -4.00000e+00 < -3.99616e+00 < 1.20000e+01


 - final statistics:
85 variables; iteration 1; function evaluation 3
Function value -1.0809e+02; maximum gradient component mag -9.8356e-05
Exit code = 1;  converg criter 1.0000e-04
Var    Value     Gradient |Var    Value     Gradient |Var    Value     Gradient
  1  0.02307 -2.75392e-05 |  2 -0.00557  2.71012e-08 |  3 -0.00654  1.41458e-07
  4 -0.02272  1.11000e-07 |  5 -0.02383  1.63566e-07 |  6 -0.02508 -1.51292e-07
  7 -0.02646  1.51646e-07 |  8 -0.02798  5.09372e-07 |  9 -0.02960 -6.16984e-07
 10 -0.03131 -2.71515e-07 | 11 -0.03307 -1.14377e-06 | 12 -0.03262 -1.66613e-07
 13 -0.03552 -7.96865e-07 | 14 -0.04062  3.85185e-07 | 15 -0.04470 -7.80176e-07
 16 -0.04422  1.19376e-07 | 17 -0.04585 -1.12480e-06 | 18 -0.04625  8.73158e-08
 19 -0.05196 -5.99283e-07 | 20 -0.05097 -1.50894e-08 | 21 -0.04798 -1.37786e-06
 22 -0.04340  7.01845e-08 | 23 -0.03510 -1.00475e-06 | 24 -0.01665 -2.12762e-06
 25  0.01977 -2.72988e-06 | 26  0.05414 -8.82842e-06 | 27 -0.03159 -6.04988e-06
 28 -0.08517 -4.81586e-06 | 29 -0.11133 -3.48575e-06 | 30 -0.12708 -4.11074e-06
 31 -0.12807 -5.96001e-06 | 32 -0.11788 -1.01236e-05 | 33  0.05568 -9.83561e-05
 34 -0.02693 -4.91337e-05 | 35 -0.10723 -1.96904e-05 | 36  0.02895 -4.09369e-05
 37 -0.07089 -1.02215e-05 | 38  0.01996 -7.52148e-06 | 39  0.00996 -7.22474e-06
 40 -0.10323 -1.14677e-06 | 41 -0.01498  4.54039e-06 | 42 -0.04573  1.10874e-05
 43  0.00949  1.44503e-05 | 44 -0.02775  7.87956e-06 | 45 -0.03237  1.26375e-05
 46 -0.04451  1.47186e-05 | 47 -0.06207  6.93020e-06 | 48 -0.07754  5.59107e-06
 49 -0.06126  1.35592e-05 | 50 -0.06732  1.17769e-05 | 51  0.03902  3.30657e-05
 52 -0.16956  8.32342e-06 | 53 -0.04735  1.12017e-05 | 54 -0.18327  2.42537e-06
 55 -0.03633  9.71456e-06 | 56 -0.07080  6.84150e-06 | 57 -0.09230  8.16770e-06
 58 -0.03550  1.28176e-05 | 59 -0.01264  1.10834e-05 | 60 -0.02580  1.14579e-05
 61 -0.06237  1.05024e-05 | 62 -0.07807  6.55941e-06 | 63 -0.00551  8.78974e-06
 64 -0.12651  1.91386e-06 | 65 -0.10222  5.38495e-06 | 66 -0.05820  7.30552e-06
 67 -0.14446  3.40644e-06 | 68 -0.08799  5.67495e-06 | 69 -0.09329  1.71398e-06
 70  0.01002  4.81357e-06 | 71 -0.16023  1.39135e-06 | 72 -0.20864  5.86576e-07
 73 -0.09469 -9.10297e-07 | 74 -0.06549  5.34968e-08 | 75 -0.06228  6.73925e-08
 76 -0.06099  4.71115e-08 | 77  0.00000  0.00000e+00 | 78 -0.47474  1.12287e-05
 79 -0.18783 -2.13872e-06 | 80 -0.34130  6.74246e-06 | 81 -0.10556 -1.30603e-06
 82  0.99141  1.33699e-07 | 83 -0.27715 -4.93059e-07 | 84  0.75290  9.94645e-07
 85 -0.98028  2.04532e-08 |
Estimating row 1 out of 85 for hessian
Estimating row 2 out of 85 for hessian
Estimating row 3 out of 85 for hessian
Estimating row 4 out of 85 for hessian
Estimating row 5 out of 85 for hessian
Estimating row 6 out of 85 for hessian
Estimating row 7 out of 85 for hessian
Estimating row 8 out of 85 for hessian
Estimating row 9 out of 85 for hessian
Estimating row 10 out of 85 for hessian
Estimating row 11 out of 85 for hessian
Estimating row 12 out of 85 for hessian
Estimating row 13 out of 85 for hessian
Estimating row 14 out of 85 for hessian
Estimating row 15 out of 85 for hessian
Estimating row 16 out of 85 for hessian
Estimating row 17 out of 85 for hessian
Estimating row 18 out of 85 for hessian
Estimating row 19 out of 85 for hessian
Estimating row 20 out of 85 for hessian
Estimating row 21 out of 85 for hessian
Estimating row 22 out of 85 for hessian
Estimating row 23 out of 85 for hessian
Estimating row 24 out of 85 for hessian
Estimating row 25 out of 85 for hessian
Estimating row 26 out of 85 for hessian
Estimating row 27 out of 85 for hessian
Estimating row 28 out of 85 for hessian
Estimating row 29 out of 85 for hessian
Estimating row 30 out of 85 for hessian
Estimating row 31 out of 85 for hessian
Estimating row 32 out of 85 for hessian
Estimating row 33 out of 85 for hessian
Estimating row 34 out of 85 for hessian
Estimating row 35 out of 85 for hessian
Estimating row 36 out of 85 for hessian
Estimating row 37 out of 85 for hessian
Estimating row 38 out of 85 for hessian
Estimating row 39 out of 85 for hessian
Estimating row 40 out of 85 for hessian
Estimating row 41 out of 85 for hessian
Estimating row 42 out of 85 for hessian
Estimating row 43 out of 85 for hessian
Estimating row 44 out of 85 for hessian
Estimating row 45 out of 85 for hessian
Estimating row 46 out of 85 for hessian
Estimating row 47 out of 85 for hessian
Estimating row 48 out of 85 for hessian
Estimating row 49 out of 85 for hessian
Estimating row 50 out of 85 for hessian
Estimating row 51 out of 85 for hessian
Estimating row 52 out of 85 for hessian
Estimating row 53 out of 85 for hessian
Estimating row 54 out of 85 for hessian
Estimating row 55 out of 85 for hessian
Estimating row 56 out of 85 for hessian
Estimating row 57 out of 85 for hessian
Estimating row 58 out of 85 for hessian
Estimating row 59 out of 85 for hessian
Estimating row 60 out of 85 for hessian
Estimating row 61 out of 85 for hessian
Estimating row 62 out of 85 for hessian
Estimating row 63 out of 85 for hessian
Estimating row 64 out of 85 for hessian
Estimating row 65 out of 85 for hessian
Estimating row 66 out of 85 for hessian
Estimating row 67 out of 85 for hessian
Estimating row 68 out of 85 for hessian
Estimating row 69 out of 85 for hessian
Estimating row 70 out of 85 for hessian
Estimating row 71 out of 85 for hessian
Estimating row 72 out of 85 for hessian
Estimating row 73 out of 85 for hessian
Estimating row 74 out of 85 for hessian
Estimating row 75 out of 85 for hessian
Estimating row 76 out of 85 for hessian
Estimating row 77 out of 85 for hessian
Estimating row 78 out of 85 for hessian
Estimating row 79 out of 85 for hessian
Estimating row 80 out of 85 for hessian
Estimating row 81 out of 85 for hessian
Estimating row 82 out of 85 for hessian
Estimating row 83 out of 85 for hessian
Estimating row 84 out of 85 for hessian
Estimating row 85 out of 85 for hessian
size of file gradfil1.tmp = 0
size of file gradfil2.tmp = 0
size of file varssave.tmp = 0
size of file cmpdiff.tmp = 0
