
Initial statistics: 75 variables; iteration 0; function evaluation 0; phase 1
Function value nan; maximum gradient component mag -8.4826e+06
Var    Value     Gradient |Var    Value     Gradient |Var    Value     Gradient
  1 -0.28974 -8.48260e+06 |  2  0.04950 -1.13962e+05 |  3 -0.02365 -9.23144e+04
  4 -0.03100 -8.93591e+04 |  5  0.02540 -1.09761e+05 |  6 -0.01450 -8.59089e+04
  7 -0.00814 -8.20551e+04 |  8  0.03994 -9.10301e+04 |  9  0.01662 -7.15141e+04
 10 -0.01553 -5.44227e+04 | 11 -0.01074 -5.67477e+04 | 12  0.04148 -6.51177e+04
 13 -0.00369 -4.64579e+04 | 14 -0.00619 -4.80294e+04 | 15  0.00475 -4.69706e+04
 16 -0.03345 -4.64133e+04 | 17 -0.01276 -5.02276e+04 | 18 -0.00538 -3.93176e+04
 19  0.04261  3.61662e+04 | 20  0.02457  6.30302e+04 | 21  0.00560  4.92599e+04
 22 -0.05054  2.07232e+04 | 23 -0.02508  1.98998e+04 | 24  0.01507  2.72246e+04
 25  0.05001  2.73677e+04 | 26 -0.04613 -1.04103e+03 | 27 -0.01005 -1.05412e+04
 28 -0.01332 -2.38748e+04 | 29 -0.05133 -2.35429e+04 | 30  0.00982 -2.97392e+04
 31 -0.00636 -2.72093e+04 | 32 -0.00928 -6.26883e+04 | 33  0.01512 -8.61767e+04
 34  0.05025 -9.66565e+04 | 35 -0.03632 -5.72515e+04 | 36 -0.04588 -5.46722e+04
 37  0.00403 -6.96333e+04 | 38  0.04640 -9.90434e+04 | 39 -0.00483 -8.05879e+04
 40 -0.05020 -6.15563e+04 | 41  0.02611 -1.07077e+05 | 42 -0.03791 -7.60232e+04
 43 -0.04388 -8.37037e+04 | 44 -0.01853 -9.56999e+04 | 45 -0.00504 -1.04324e+05
 46  0.00499 -1.14815e+05 | 47 -0.01301 -1.18040e+05 | 48 -0.01110 -1.19359e+05
 49 -0.03782 -8.04583e+04 | 50 -0.03011 -7.92947e+04 | 51 -0.00631 -1.42529e+04
 52 -0.03550 -7.60339e+04 | 53  0.03907 -1.22788e+05 | 54 -0.01504 -9.43211e+04
 55 -0.05078 -7.51355e+04 | 56  0.04908 -1.07145e+05 | 57 -0.03271 -7.56011e+04
 58 -0.04562 -7.25564e+04 | 59  0.01412 -9.61209e+04 | 60 -0.00402 -8.79225e+04
 61  0.00284 -8.15171e+04 | 62  0.04185 -9.76598e+04 | 63 -0.02053 -8.40216e+04
 64 -0.03543 -7.86704e+04 | 65 -0.00020 -8.67537e+04 | 66 -0.00505 -7.74165e+04
 67 -0.04186 -6.00549e+04 | 68  0.02329 -5.72577e+04 | 69 -0.04443 -3.76959e+04
 70 -0.01152 -2.31143e+04 | 71  0.00475  2.53782e+03 | 72 -0.01819  1.13500e+04
 73 -0.04612  1.28325e+03 | 74 -0.03841  1.49171e+02 | 75  0.02922  1.66166e+02
  ic > imax  in fminim is answer attained ?
Var    Value     Gradient |Var    Value     Gradient |Var    Value     Gradient
  1 -0.28974 -8.48260e+06 |  2  0.04950 -1.13962e+05 |  3 -0.02365 -9.23144e+04
  4 -0.03100 -8.93591e+04 |  5  0.02540 -1.09761e+05 |  6 -0.01450 -8.59089e+04
  7 -0.00814 -8.20551e+04 |  8  0.03994 -9.10301e+04 |  9  0.01662 -7.15141e+04
 10 -0.01553 -5.44227e+04 | 11 -0.01074 -5.67477e+04 | 12  0.04148 -6.51177e+04
 13 -0.00369 -4.64579e+04 | 14 -0.00619 -4.80294e+04 | 15  0.00475 -4.69706e+04
 16 -0.03345 -4.64133e+04 | 17 -0.01276 -5.02276e+04 | 18 -0.00538 -3.93176e+04
 19  0.04261  3.61662e+04 | 20  0.02457  6.30302e+04 | 21  0.00560  4.92599e+04
 22 -0.05054  2.07232e+04 | 23 -0.02508  1.98998e+04 | 24  0.01507  2.72246e+04
 25  0.05001  2.73677e+04 | 26 -0.04613 -1.04103e+03 | 27 -0.01005 -1.05412e+04
 28 -0.01332 -2.38748e+04 | 29 -0.05133 -2.35429e+04 | 30  0.00982 -2.97392e+04
 31 -0.00636 -2.72093e+04 | 32 -0.00928 -6.26883e+04 | 33  0.01512 -8.61767e+04
 34  0.05025 -9.66565e+04 | 35 -0.03632 -5.72515e+04 | 36 -0.04588 -5.46722e+04
 37  0.00403 -6.96333e+04 | 38  0.04640 -9.90434e+04 | 39 -0.00483 -8.05879e+04
 40 -0.05020 -6.15563e+04 | 41  0.02611 -1.07077e+05 | 42 -0.03791 -7.60232e+04
 43 -0.04388 -8.37037e+04 | 44 -0.01853 -9.56999e+04 | 45 -0.00504 -1.04324e+05
 46  0.00499 -1.14815e+05 | 47 -0.01301 -1.18040e+05 | 48 -0.01110 -1.19359e+05
 49 -0.03782 -8.04583e+04 | 50 -0.03011 -7.92947e+04 | 51 -0.00631 -1.42529e+04
 52 -0.03550 -7.60339e+04 | 53  0.03907 -1.22788e+05 | 54 -0.01504 -9.43211e+04
 55 -0.05078 -7.51355e+04 | 56  0.04908 -1.07145e+05 | 57 -0.03271 -7.56011e+04
 58 -0.04562 -7.25564e+04 | 59  0.01412 -9.61209e+04 | 60 -0.00402 -8.79225e+04
 61  0.00284 -8.15171e+04 | 62  0.04185 -9.76598e+04 | 63 -0.02053 -8.40216e+04
 64 -0.03543 -7.86704e+04 | 65 -0.00020 -8.67537e+04 | 66 -0.00505 -7.74165e+04
 67 -0.04186 -6.00549e+04 | 68  0.02329 -5.72577e+04 | 69 -0.04443 -3.76959e+04
 70 -0.01152 -2.31143e+04 | 71  0.00475  2.53782e+03 | 72 -0.01819  1.13500e+04
 73 -0.04612  1.28325e+03 | 74 -0.03841  1.49171e+02 | 75  0.02922  1.66166e+02
Function minimizer not making progress ... is minimum attained?
Minimprove criterion = 0.0000e+00

 - final statistics:
75 variables; iteration 1; function evaluation 30
Function value nan; maximum gradient component mag -8.4826e+06
Exit code = 1;  converg criter 1.0000e+01
Var    Value     Gradient |Var    Value     Gradient |Var    Value     Gradient
  1 -0.28974 -8.48260e+06 |  2  0.04950 -1.13962e+05 |  3 -0.02365 -9.23144e+04
  4 -0.03100 -8.93591e+04 |  5  0.02540 -1.09761e+05 |  6 -0.01450 -8.59089e+04
  7 -0.00814 -8.20551e+04 |  8  0.03994 -9.10301e+04 |  9  0.01662 -7.15141e+04
 10 -0.01553 -5.44227e+04 | 11 -0.01074 -5.67477e+04 | 12  0.04148 -6.51177e+04
 13 -0.00369 -4.64579e+04 | 14 -0.00619 -4.80294e+04 | 15  0.00475 -4.69706e+04
 16 -0.03345 -4.64133e+04 | 17 -0.01276 -5.02276e+04 | 18 -0.00538 -3.93176e+04
 19  0.04261  3.61662e+04 | 20  0.02457  6.30302e+04 | 21  0.00560  4.92599e+04
 22 -0.05054  2.07232e+04 | 23 -0.02508  1.98998e+04 | 24  0.01507  2.72246e+04
 25  0.05001  2.73677e+04 | 26 -0.04613 -1.04103e+03 | 27 -0.01005 -1.05412e+04
 28 -0.01332 -2.38748e+04 | 29 -0.05133 -2.35429e+04 | 30  0.00982 -2.97392e+04
 31 -0.00636 -2.72093e+04 | 32 -0.00928 -6.26883e+04 | 33  0.01512 -8.61767e+04
 34  0.05025 -9.66565e+04 | 35 -0.03632 -5.72515e+04 | 36 -0.04588 -5.46722e+04
 37  0.00403 -6.96333e+04 | 38  0.04640 -9.90434e+04 | 39 -0.00483 -8.05879e+04
 40 -0.05020 -6.15563e+04 | 41  0.02611 -1.07077e+05 | 42 -0.03791 -7.60232e+04
 43 -0.04388 -8.37037e+04 | 44 -0.01853 -9.56999e+04 | 45 -0.00504 -1.04324e+05
 46  0.00499 -1.14815e+05 | 47 -0.01301 -1.18040e+05 | 48 -0.01110 -1.19359e+05
 49 -0.03782 -8.04583e+04 | 50 -0.03011 -7.92947e+04 | 51 -0.00631 -1.42529e+04
 52 -0.03550 -7.60339e+04 | 53  0.03907 -1.22788e+05 | 54 -0.01504 -9.43211e+04
 55 -0.05078 -7.51355e+04 | 56  0.04908 -1.07145e+05 | 57 -0.03271 -7.56011e+04
 58 -0.04562 -7.25564e+04 | 59  0.01412 -9.61209e+04 | 60 -0.00402 -8.79225e+04
 61  0.00284 -8.15171e+04 | 62  0.04185 -9.76598e+04 | 63 -0.02053 -8.40216e+04
 64 -0.03543 -7.86704e+04 | 65 -0.00020 -8.67537e+04 | 66 -0.00505 -7.74165e+04
 67 -0.04186 -6.00549e+04 | 68  0.02329 -5.72577e+04 | 69 -0.04443 -3.76959e+04
 70 -0.01152 -2.31143e+04 | 71  0.00475  2.53782e+03 | 72 -0.01819  1.13500e+04
 73 -0.04612  1.28325e+03 | 74 -0.03841  1.49171e+02 | 75  0.02922  1.66166e+02

Initial statistics: 75 variables; iteration 0; function evaluation 0; phase 2
Function value nan; maximum gradient component mag -8.4826e+06
Var    Value     Gradient |Var    Value     Gradient |Var    Value     Gradient
  1 -0.28974 -8.48260e+06 |  2  0.04950 -1.13962e+05 |  3 -0.02365 -9.23144e+04
  4 -0.03100 -8.93591e+04 |  5  0.02540 -1.09761e+05 |  6 -0.01450 -8.59089e+04
  7 -0.00814 -8.20551e+04 |  8  0.03994 -9.10301e+04 |  9  0.01662 -7.15141e+04
 10 -0.01553 -5.44227e+04 | 11 -0.01074 -5.67477e+04 | 12  0.04148 -6.51177e+04
 13 -0.00369 -4.64579e+04 | 14 -0.00619 -4.80294e+04 | 15  0.00475 -4.69706e+04
 16 -0.03345 -4.64133e+04 | 17 -0.01276 -5.02276e+04 | 18 -0.00538 -3.93176e+04
 19  0.04261  3.61662e+04 | 20  0.02457  6.30302e+04 | 21  0.00560  4.92599e+04
 22 -0.05054  2.07232e+04 | 23 -0.02508  1.98998e+04 | 24  0.01507  2.72246e+04
 25  0.05001  2.73677e+04 | 26 -0.04613 -1.04103e+03 | 27 -0.01005 -1.05412e+04
 28 -0.01332 -2.38748e+04 | 29 -0.05133 -2.35429e+04 | 30  0.00982 -2.97392e+04
 31 -0.00636 -2.72093e+04 | 32 -0.00928 -6.26883e+04 | 33  0.01512 -8.61767e+04
 34  0.05025 -9.66565e+04 | 35 -0.03632 -5.72515e+04 | 36 -0.04588 -5.46722e+04
 37  0.00403 -6.96333e+04 | 38  0.04640 -9.90434e+04 | 39 -0.00483 -8.05879e+04
 40 -0.05020 -6.15563e+04 | 41  0.02611 -1.07077e+05 | 42 -0.03791 -7.60232e+04
 43 -0.04388 -8.37037e+04 | 44 -0.01853 -9.56999e+04 | 45 -0.00504 -1.04324e+05
 46  0.00499 -1.14815e+05 | 47 -0.01301 -1.18040e+05 | 48 -0.01110 -1.19359e+05
 49 -0.03782 -8.04583e+04 | 50 -0.03011 -7.92947e+04 | 51 -0.00631 -1.42529e+04
 52 -0.03550 -7.60339e+04 | 53  0.03907 -1.22788e+05 | 54 -0.01504 -9.43211e+04
 55 -0.05078 -7.51355e+04 | 56  0.04908 -1.07145e+05 | 57 -0.03271 -7.56011e+04
 58 -0.04562 -7.25564e+04 | 59  0.01412 -9.61209e+04 | 60 -0.00402 -8.79225e+04
 61  0.00284 -8.15171e+04 | 62  0.04185 -9.76598e+04 | 63 -0.02053 -8.40216e+04
 64 -0.03543 -7.86704e+04 | 65 -0.00020 -8.67537e+04 | 66 -0.00505 -7.74165e+04
 67 -0.04186 -6.00549e+04 | 68  0.02329 -5.72577e+04 | 69 -0.04443 -3.76959e+04
 70 -0.01152 -2.31143e+04 | 71  0.00475  2.53782e+03 | 72 -0.01819  1.13500e+04
 73 -0.04612  1.28325e+03 | 74 -0.03841  1.49171e+02 | 75  0.02922  1.66166e+02
  ic > imax  in fminim is answer attained ?
Var    Value     Gradient |Var    Value     Gradient |Var    Value     Gradient
  1 -0.28974 -8.48260e+06 |  2  0.04950 -1.13962e+05 |  3 -0.02365 -9.23144e+04
  4 -0.03100 -8.93591e+04 |  5  0.02540 -1.09761e+05 |  6 -0.01450 -8.59089e+04
  7 -0.00814 -8.20551e+04 |  8  0.03994 -9.10301e+04 |  9  0.01662 -7.15141e+04
 10 -0.01553 -5.44227e+04 | 11 -0.01074 -5.67477e+04 | 12  0.04148 -6.51177e+04
 13 -0.00369 -4.64579e+04 | 14 -0.00619 -4.80294e+04 | 15  0.00475 -4.69706e+04
 16 -0.03345 -4.64133e+04 | 17 -0.01276 -5.02276e+04 | 18 -0.00538 -3.93176e+04
 19  0.04261  3.61662e+04 | 20  0.02457  6.30302e+04 | 21  0.00560  4.92599e+04
 22 -0.05054  2.07232e+04 | 23 -0.02508  1.98998e+04 | 24  0.01507  2.72246e+04
 25  0.05001  2.73677e+04 | 26 -0.04613 -1.04103e+03 | 27 -0.01005 -1.05412e+04
 28 -0.01332 -2.38748e+04 | 29 -0.05133 -2.35429e+04 | 30  0.00982 -2.97392e+04
 31 -0.00636 -2.72093e+04 | 32 -0.00928 -6.26883e+04 | 33  0.01512 -8.61767e+04
 34  0.05025 -9.66565e+04 | 35 -0.03632 -5.72515e+04 | 36 -0.04588 -5.46722e+04
 37  0.00403 -6.96333e+04 | 38  0.04640 -9.90434e+04 | 39 -0.00483 -8.05879e+04
 40 -0.05020 -6.15563e+04 | 41  0.02611 -1.07077e+05 | 42 -0.03791 -7.60232e+04
 43 -0.04388 -8.37037e+04 | 44 -0.01853 -9.56999e+04 | 45 -0.00504 -1.04324e+05
 46  0.00499 -1.14815e+05 | 47 -0.01301 -1.18040e+05 | 48 -0.01110 -1.19359e+05
 49 -0.03782 -8.04583e+04 | 50 -0.03011 -7.92947e+04 | 51 -0.00631 -1.42529e+04
 52 -0.03550 -7.60339e+04 | 53  0.03907 -1.22788e+05 | 54 -0.01504 -9.43211e+04
 55 -0.05078 -7.51355e+04 | 56  0.04908 -1.07145e+05 | 57 -0.03271 -7.56011e+04
 58 -0.04562 -7.25564e+04 | 59  0.01412 -9.61209e+04 | 60 -0.00402 -8.79225e+04
 61  0.00284 -8.15171e+04 | 62  0.04185 -9.76598e+04 | 63 -0.02053 -8.40216e+04
 64 -0.03543 -7.86704e+04 | 65 -0.00020 -8.67537e+04 | 66 -0.00505 -7.74165e+04
 67 -0.04186 -6.00549e+04 | 68  0.02329 -5.72577e+04 | 69 -0.04443 -3.76959e+04
 70 -0.01152 -2.31143e+04 | 71  0.00475  2.53782e+03 | 72 -0.01819  1.13500e+04
 73 -0.04612  1.28325e+03 | 74 -0.03841  1.49171e+02 | 75  0.02922  1.66166e+02
Function minimizer not making progress ... is minimum attained?
Minimprove criterion = 0.0000e+00

 - final statistics:
75 variables; iteration 1; function evaluation 30
Function value nan; maximum gradient component mag -8.4826e+06
Exit code = 1;  converg criter 1.0000e+01
Var    Value     Gradient |Var    Value     Gradient |Var    Value     Gradient
  1 -0.28974 -8.48260e+06 |  2  0.04950 -1.13962e+05 |  3 -0.02365 -9.23144e+04
  4 -0.03100 -8.93591e+04 |  5  0.02540 -1.09761e+05 |  6 -0.01450 -8.59089e+04
  7 -0.00814 -8.20551e+04 |  8  0.03994 -9.10301e+04 |  9  0.01662 -7.15141e+04
 10 -0.01553 -5.44227e+04 | 11 -0.01074 -5.67477e+04 | 12  0.04148 -6.51177e+04
 13 -0.00369 -4.64579e+04 | 14 -0.00619 -4.80294e+04 | 15  0.00475 -4.69706e+04
 16 -0.03345 -4.64133e+04 | 17 -0.01276 -5.02276e+04 | 18 -0.00538 -3.93176e+04
 19  0.04261  3.61662e+04 | 20  0.02457  6.30302e+04 | 21  0.00560  4.92599e+04
 22 -0.05054  2.07232e+04 | 23 -0.02508  1.98998e+04 | 24  0.01507  2.72246e+04
 25  0.05001  2.73677e+04 | 26 -0.04613 -1.04103e+03 | 27 -0.01005 -1.05412e+04
 28 -0.01332 -2.38748e+04 | 29 -0.05133 -2.35429e+04 | 30  0.00982 -2.97392e+04
 31 -0.00636 -2.72093e+04 | 32 -0.00928 -6.26883e+04 | 33  0.01512 -8.61767e+04
 34  0.05025 -9.66565e+04 | 35 -0.03632 -5.72515e+04 | 36 -0.04588 -5.46722e+04
 37  0.00403 -6.96333e+04 | 38  0.04640 -9.90434e+04 | 39 -0.00483 -8.05879e+04
 40 -0.05020 -6.15563e+04 | 41  0.02611 -1.07077e+05 | 42 -0.03791 -7.60232e+04
 43 -0.04388 -8.37037e+04 | 44 -0.01853 -9.56999e+04 | 45 -0.00504 -1.04324e+05
 46  0.00499 -1.14815e+05 | 47 -0.01301 -1.18040e+05 | 48 -0.01110 -1.19359e+05
 49 -0.03782 -8.04583e+04 | 50 -0.03011 -7.92947e+04 | 51 -0.00631 -1.42529e+04
 52 -0.03550 -7.60339e+04 | 53  0.03907 -1.22788e+05 | 54 -0.01504 -9.43211e+04
 55 -0.05078 -7.51355e+04 | 56  0.04908 -1.07145e+05 | 57 -0.03271 -7.56011e+04
 58 -0.04562 -7.25564e+04 | 59  0.01412 -9.61209e+04 | 60 -0.00402 -8.79225e+04
 61  0.00284 -8.15171e+04 | 62  0.04185 -9.76598e+04 | 63 -0.02053 -8.40216e+04
 64 -0.03543 -7.86704e+04 | 65 -0.00020 -8.67537e+04 | 66 -0.00505 -7.74165e+04
 67 -0.04186 -6.00549e+04 | 68  0.02329 -5.72577e+04 | 69 -0.04443 -3.76959e+04
 70 -0.01152 -2.31143e+04 | 71  0.00475  2.53782e+03 | 72 -0.01819  1.13500e+04
 73 -0.04612  1.28325e+03 | 74 -0.03841  1.49171e+02 | 75  0.02922  1.66166e+02

Initial statistics: 92 variables; iteration 0; function evaluation 0; phase 3
Function value 5.4390678e+06; maximum gradient component mag -8.4826e+06
Var    Value     Gradient |Var    Value     Gradient |Var    Value     Gradient
  1 -0.28974 -8.48260e+06 |  2 -0.00805 -6.79471e+04 |  3  0.04950 -1.13962e+05
  4 -0.02365 -9.23145e+04 |  5 -0.03100 -8.93591e+04 |  6  0.02540 -1.09761e+05
  7 -0.01450 -8.59089e+04 |  8 -0.00814 -8.20551e+04 |  9  0.03994 -9.10301e+04
 10  0.01662 -7.15141e+04 | 11 -0.01553 -5.44227e+04 | 12 -0.01074 -5.67477e+04
 13  0.04148 -6.51177e+04 | 14 -0.00369 -4.64579e+04 | 15 -0.00619 -4.80294e+04
 16  0.00475 -4.69706e+04 | 17 -0.03345 -4.64133e+04 | 18 -0.01276 -5.02276e+04
 19 -0.00538 -3.93176e+04 | 20  0.04261  3.61662e+04 | 21  0.02457  6.30302e+04
 22  0.00560  4.92599e+04 | 23 -0.05054  2.07232e+04 | 24 -0.02508  1.98998e+04
 25  0.01507  2.72246e+04 | 26  0.05001  2.73677e+04 | 27 -0.04613 -1.04103e+03
 28 -0.01005 -1.05412e+04 | 29 -0.01332 -2.38748e+04 | 30 -0.05133 -2.35429e+04
 31  0.00982 -2.97392e+04 | 32 -0.00636 -2.72093e+04 | 33 -0.00928 -6.26883e+04
 34  0.01512 -8.61767e+04 | 35  0.05025 -9.66565e+04 | 36 -0.03632 -5.72515e+04
 37 -0.04588 -5.46722e+04 | 38  0.00403 -6.96333e+04 | 39  0.04640 -9.90434e+04
 40 -0.00483 -8.05879e+04 | 41 -0.05020 -6.15563e+04 | 42  0.02611 -1.07077e+05
 43 -0.03791 -7.60232e+04 | 44 -0.04388 -8.37037e+04 | 45 -0.01853 -9.56999e+04
 46 -0.00504 -1.04324e+05 | 47  0.00499 -1.14815e+05 | 48 -0.01301 -1.18040e+05
 49 -0.01110 -1.19359e+05 | 50 -0.03782 -8.04583e+04 | 51 -0.03011 -7.92947e+04
 52 -0.00631 -1.42529e+04 | 53 -0.03550 -7.60339e+04 | 54  0.03907 -1.22788e+05
 55 -0.01504 -9.43211e+04 | 56 -0.05078 -7.51355e+04 | 57  0.04908 -1.07145e+05
 58 -0.03271 -7.56011e+04 | 59 -0.04562 -7.25564e+04 | 60  0.01412 -9.61209e+04
 61 -0.00402 -8.79225e+04 | 62  0.00284 -8.15171e+04 | 63  0.04185 -9.76598e+04
 64 -0.02053 -8.40216e+04 | 65 -0.03543 -7.86704e+04 | 66 -0.00020 -8.67537e+04
 67 -0.00505 -7.74165e+04 | 68 -0.04186 -6.00549e+04 | 69  0.02329 -5.72577e+04
 70 -0.04443 -3.76959e+04 | 71 -0.01152 -2.31143e+04 | 72  0.00475  2.53782e+03
 73 -0.01819  1.13500e+04 | 74 -0.04612  1.28325e+03 | 75 -0.03841  1.49171e+02
 76  0.02922  1.66166e+02 | 77 -0.37188 -9.04259e+05 | 78 -0.33691  5.14007e+01
 79 -0.01749  8.31009e+05 | 80  0.28978  1.06187e+03 | 81 -0.06235 -5.13569e+05
 82 -0.99265 -2.46936e-01 | 83  0.08039  1.06165e+06 | 84  0.89612  2.24642e+03
 85 -0.18847  9.30719e+05 | 86 -0.15855  1.59192e+03 | 87  0.04408 -1.19279e+06
 88  0.89612  1.58938e+03 | 89 -0.41867 -3.65165e+04 | 90  0.02001  9.89592e-05
 91  0.12110  1.09709e+04 | 92  0.89612  1.90685e-02 |

Intermediate statistics: 92 variables; iteration 20; function evaluation 50; phase 3
Function value 2.5520306e+00; maximum gradient component mag 2.2330e+02
Var    Value     Gradient |Var    Value     Gradient |Var    Value     Gradient
  1  0.51617 -1.06186e-01 |  2 -0.00217 -7.33279e-01 |  3  0.00500  8.57871e-01
  4 -0.00792  1.76259e+00 |  5 -0.00740  1.89672e+00 |  6 -0.00444  2.45795e+00
  7 -0.00662  2.01567e+00 |  8 -0.00635  2.04416e+00 |  9  0.00007  3.45551e+00
 10 -0.00057  3.32640e+00 | 11 -0.00439  2.43876e+00 | 12 -0.00396  2.47294e+00
 13  0.00326  4.00198e+00 | 14 -0.00371  2.34028e+00 | 15 -0.00310  2.38474e+00
 16 -0.00111  2.72932e+00 | 17 -0.00438  1.87754e+00 | 18  0.00113  2.73793e+00
 19  0.00350  2.78272e+00 | 20 -0.00453  2.83819e-01 | 21 -0.01082 -1.64562e+00
 22 -0.00796 -1.56102e+00 | 23  0.00288  3.13196e-01 | 24  0.01195  1.57569e+00
 25  0.01301  1.33863e+00 | 26  0.00716  1.31124e-01 | 27  0.03670  6.96945e+00
 28  0.02567  5.92787e+00 | 29  0.02668  7.52846e+00 | 30  0.03380  9.88111e+00
 31  0.01353  3.90128e+00 | 32 -0.00830 -2.61905e+00 | 33 -0.02909 -6.73675e+00
 34 -0.05727 -9.99182e+00 | 35 -0.06521 -9.40948e+00 | 36  0.29426  3.46025e+01
 37  0.04365  1.81480e+01 | 38 -0.26569 -1.83903e+01 | 39 -0.26033 -3.89004e+01
 40 -0.05758 -4.83257e+00 | 41 -0.02831  3.53273e-01 | 42 -0.02571 -9.36203e-01
 43 -0.00022  4.55050e+00 | 44  0.01389  8.22844e+00 | 45  0.02015  1.05534e+01
 46  0.02648  1.39670e+01 | 47 -0.00589  1.10889e+01 | 48  0.03553  1.91480e+01
 49  0.02348  1.27331e+01 | 50  0.03993  1.47173e+01 | 51 -0.07692 -9.13116e+00
 52 -0.01658 -1.54893e+01 | 53 -0.10361 -2.16288e+01 | 54 -0.07715 -3.29064e+01
 55 -0.03059 -2.76471e+01 | 56  0.00937 -2.23579e+01 | 57 -0.04125 -2.98437e+01
 58  0.04303  9.30828e+00 | 59  0.08235  3.38191e+01 | 60 -0.06349 -8.21963e+00
 61 -0.06477 -3.92928e+00 | 62  0.07926  4.78303e+01 | 63 -0.02396  1.00242e+01
 64 -0.07371 -6.92357e+00 | 65 -0.00809 -2.18081e+00 | 66 -0.06921 -2.45958e+01
 67 -0.06235 -2.75308e+01 | 68 -0.04944 -1.36465e+01 | 69  0.02870  6.95540e+00
 70  0.07069  5.36818e+01 | 71 -0.08672  6.17644e+00 | 72 -0.10602 -3.94719e+00
 73 -0.03977  3.70806e-01 | 74 -0.01930 -9.76236e-02 | 75 -0.01688 -2.32203e-02
 76 -0.01555  1.31702e-01 | 77 -0.59017  2.23297e+02 | 78 -0.33379  5.37168e+00
 79 -0.47820  7.33463e-02 | 80  0.15796  2.54903e+01 | 81 -1.27096  5.18367e+01
 82 -0.92804 -2.73164e-02 | 83  1.01676 -6.91027e-02 | 84  1.04674 -1.92040e+00
 85  0.06769  8.07113e+01 | 86  0.04608 -1.05314e-03 | 87 -0.05133 -1.23512e+02
 88  2.77839  9.75012e-03 | 89 -0.55613 -3.77675e-03 | 90  0.01997  9.87087e-05
 91  0.15387  7.77781e-04 | 92  0.88794  1.76348e-02 |
92 variables; iteration 40; function evaluation 83; phase 3
Function value -1.7826335e+01; maximum gradient component mag 4.0658e+02
Var    Value     Gradient |Var    Value     Gradient |Var    Value     Gradient
  1  0.57039 -7.17560e-02 |  2 -0.01107 -1.78754e+00 |  3 -0.00048  3.41063e-02
  4 -0.01194  1.34008e+00 |  5 -0.01029  1.64754e+00 |  6 -0.00607  2.18140e+00
  7 -0.00665  2.09999e+00 |  8 -0.00522  2.27286e+00 |  9  0.00041  3.45599e+00
 10  0.00118  3.64017e+00 | 11 -0.00096  3.08036e+00 | 12 -0.00072  3.10747e+00
 13  0.00169  3.94536e+00 | 14 -0.00142  2.87951e+00 | 15 -0.00136  2.86191e+00
 16 -0.00206  2.84828e+00 | 17 -0.00162  2.45810e+00 | 18 -0.00174  2.54294e+00
 19 -0.00248  2.12229e+00 | 20 -0.01988 -1.40881e+00 | 21 -0.02238 -2.82063e+00
 22 -0.02190 -3.07684e+00 | 23 -0.01945 -2.93909e+00 | 24 -0.01452 -2.30208e+00
 25  0.02116  2.91572e+00 | 26  0.01917  3.57245e+00 | 27  0.02717  4.23710e+00
 28  0.02792  6.08529e+00 | 29  0.02234  6.87191e+00 | 30  0.00843  7.00616e+00
 31 -0.00166  3.74802e+00 | 32 -0.01047 -4.12614e-02 | 33 -0.00806 -7.11544e-02
 34 -0.03294 -3.03115e+00 | 35 -0.09038 -1.67676e+01 | 36  0.24908 -3.78942e+01
 37 -0.06720 -8.67560e+00 | 38 -0.24635  1.23850e+01 | 39 -0.16992 -3.82928e+00
 40 -0.04978  1.36575e+00 | 41 -0.02405  4.55209e+00 | 42 -0.01589  4.39181e+00
 43  0.00322  8.87173e+00 | 44  0.01640  1.20559e+01 | 45  0.02151  1.38111e+01
 46  0.02862  1.61199e+01 | 47  0.00363  1.26292e+01 | 48  0.05275  1.60439e+01
 49  0.02427 -2.56987e-01 | 50 -0.00355 -7.12015e-01 | 51 -0.08477 -9.89022e+00
 52 -0.01012  5.63136e+00 | 53 -0.07581  1.15488e+00 | 54 -0.03328 -4.37532e+00
 55 -0.01178  5.00336e+00 | 56 -0.02404 -8.47142e+00 | 57  0.00296 -8.48588e+00
 58  0.01366 -3.62129e+00 | 59  0.03553  4.32196e-01 | 60 -0.02587 -2.28528e-01
 61 -0.02274  1.07162e+01 | 62  0.04780  1.09560e+01 | 63 -0.02905 -7.40443e+00
 64 -0.06883 -1.03139e+01 | 65  0.00088 -6.62400e+00 | 66 -0.08142 -2.22309e+01
 67 -0.07189 -2.17647e+01 | 68 -0.04018 -3.36066e+00 | 69  0.04338 -2.39959e-01
 70  0.00882  5.19998e+00 | 71 -0.06357  9.02292e+00 | 72 -0.06981  1.81337e+01
 73 -0.04489  8.47219e-01 | 74 -0.01355  1.32177e+00 | 75 -0.01705  1.91763e-01
 76 -0.01392  3.04535e-01 | 77 -0.58924  4.06579e+02 | 78 -0.44711  6.40397e-01
 79 -0.76166 -6.39213e-03 | 80  0.19141  4.71353e+01 | 81 -1.27407  7.92223e+01
 82 -0.81083 -9.69031e-03 | 83  1.81503 -8.01978e-03 | 84  0.65604 -1.36705e+01
 85 -0.08763  5.65647e+01 | 86  0.04026 -4.25657e+01 | 87 -0.05160 -1.06491e+02
 88  2.84278  7.26156e-03 | 89 -0.69626 -6.06677e-03 | 90  0.01983  9.77756e-05
 91  0.18779  9.54356e-04 | 92  0.86197  1.39369e-02 |
92 variables; iteration 60; function evaluation 111; phase 3
Function value -2.8447863e+01; maximum gradient component mag -2.2640e+01
Var    Value     Gradient |Var    Value     Gradient |Var    Value     Gradient
  1  0.56115 -7.74645e-02 |  2 -0.00057 -2.67618e-01 |  3 -0.00104 -3.96300e-01
  4 -0.01268  6.54308e-01 |  5 -0.01197  8.08630e-01 |  6 -0.01387  3.20747e-01
  7 -0.01218  7.10889e-01 |  8 -0.01213  6.90799e-01 |  9 -0.01220  6.39942e-01
 10 -0.01067  9.71170e-01 | 11 -0.01011  1.06502e+00 | 12 -0.01015  1.00945e+00
 13 -0.01038  9.01983e-01 | 14 -0.01067  7.72662e-01 | 15 -0.01074  6.99308e-01
 16 -0.01091  5.91632e-01 | 17 -0.01067  5.21425e-01 | 18 -0.00836  7.26839e-01
 19 -0.00545  9.60587e-01 | 20 -0.00458  6.65472e-01 | 21 -0.00264  4.96680e-01
 22  0.00519  1.51663e+00 | 23  0.01789  3.39391e+00 | 24  0.02532  4.05826e+00
 25  0.00714 -2.26103e-01 | 26 -0.00593 -3.17339e+00 | 27  0.01060  1.39874e-01
 28  0.01830  2.17878e+00 | 29  0.00288 -1.58526e-02 | 30  0.01657  4.43735e+00
 31 -0.02555 -3.49798e+00 | 32 -0.03568 -5.02854e+00 | 33 -0.01041  1.39720e+00
 34  0.00368  6.64415e+00 | 35 -0.01704  2.65837e+00 | 36  0.27928 -2.66730e-01
 37 -0.01444 -2.45384e+00 | 38 -0.22999  2.35754e+00 | 39 -0.15865 -8.01935e-01
 40 -0.03519  1.56727e+00 | 41 -0.02423  9.22644e-01 | 42 -0.02939 -2.63140e+00
 43 -0.01538 -5.47013e-01 | 44 -0.01331 -5.82115e-01 | 45 -0.00928  2.54129e-01
 46 -0.01370 -4.42189e-01 | 47 -0.01902  2.57201e+00 | 48 -0.01331 -2.75230e+00
 49 -0.03540 -1.04875e+01 | 50  0.02504 -3.96947e-01 | 51 -0.07418 -6.86562e+00
 52 -0.00375 -2.47917e+00 | 53 -0.09642 -1.17131e+01 | 54 -0.03545 -1.02541e+01
 55 -0.00691 -3.63057e+00 | 56 -0.04064 -1.22170e+01 | 57  0.03720 -3.12855e+00
 58 -0.03712 -1.60596e+01 | 59  0.03650 -2.40097e+00 | 60 -0.02360  1.15616e+00
 61 -0.03194  3.56855e+00 | 62  0.03643  1.17660e+01 | 63 -0.03370  2.47665e+00
 64 -0.05590  2.54091e+00 | 65 -0.02113  7.48196e+00 | 66 -0.03729  4.82374e+00
 67 -0.04062  9.82947e-01 | 68 -0.04982  5.16675e-01 | 69  0.03840  8.94955e+00
 70  0.02052  1.43795e+01 | 71 -0.11148 -6.31265e+00 | 72 -0.12407 -9.47275e+00
 73 -0.05716 -4.50839e+00 | 74 -0.01302  9.83294e-01 | 75 -0.01513  4.28117e-01
 76 -0.01830 -3.66450e-01 | 77 -0.59242  6.40446e+00 | 78 -0.54035  6.42392e-04
 79 -0.62963 -9.27592e-04 | 80  0.19457  1.34037e+00 | 81 -1.28214  5.13486e+00
 82 -0.65412 -5.19187e-03 | 83  1.68838 -4.00240e-03 | 84  0.71442  4.07609e-02
 85 -0.04366 -1.52615e+00 | 86  0.03778 -1.04298e+01 | 87  0.05089 -2.26398e+01
 88  1.86367  7.85415e-02 | 89 -0.69677 -6.08895e-03 | 90  0.01940  9.57374e-05
 91  0.19003  9.66658e-04 | 92  0.80229  9.78720e-03 |
92 variables; iteration 80; function evaluation 147; phase 3
Function value -3.1022528e+01; maximum gradient component mag -1.2004e+01
Var    Value     Gradient |Var    Value     Gradient |Var    Value     Gradient
  1  0.53996 -1.09686e-01 |  2  0.00266  5.89424e-01 |  3  0.00365  8.17113e-01
  4 -0.01424  3.25767e-01 |  5 -0.01487  1.50343e-01 |  6 -0.01383  3.83444e-01
  7 -0.01552 -5.88075e-02 |  8 -0.01596 -1.96431e-01 |  9 -0.01486  3.45261e-02
 10 -0.01607 -3.03039e-01 | 11 -0.01747 -6.89545e-01 | 12 -0.01715 -6.56153e-01
 13 -0.01468 -1.09799e-01 | 14 -0.01579 -4.43788e-01 | 15 -0.01508 -3.34199e-01
 16 -0.01435 -2.41470e-01 | 17 -0.01308 -8.39972e-02 | 18 -0.01502 -8.98181e-01
 19 -0.01112 -4.21845e-01 | 20 -0.00596  2.70768e-01 | 21 -0.00977 -1.20477e+00
 22 -0.00585 -1.03172e+00 | 23 -0.00098 -7.47039e-01 | 24  0.00280 -6.98451e-01
 25  0.00976  5.18291e-02 | 26  0.01353  4.23894e-01 | 27  0.01151  5.73068e-02
 28  0.00439 -8.44063e-01 | 29  0.00554  2.95621e-01 | 30 -0.00496 -4.70753e-01
 31 -0.00955  2.04940e-01 | 32 -0.01118  9.48631e-01 | 33 -0.01445  2.35956e-01
 34 -0.02615 -1.32147e+00 | 35 -0.02469  9.30158e-01 | 36  0.25883 -1.12830e+00
 37  0.01101  7.29939e-01 | 38 -0.23570  8.24480e-01 | 39 -0.15972 -1.17236e-01
 40 -0.03917  1.24129e-01 | 41 -0.03044 -4.66172e-01 | 42 -0.02406 -7.29087e-01
 43 -0.01530  2.22423e-01 | 44 -0.01451  1.06766e-01 | 45 -0.01553  4.54621e-03
 46 -0.01898 -1.22484e-02 | 47 -0.04024 -6.71165e-01 | 48 -0.01523 -1.58352e-01
 49  0.00034 -8.64705e-01 | 50  0.02422 -1.63792e+00 | 51 -0.04911  4.15792e-01
 52 -0.00286  1.94576e-01 | 53 -0.06475  2.04318e+00 | 54 -0.01712  1.85377e+00
 55 -0.01177  2.06198e+00 | 56 -0.00225  3.39539e+00 | 57  0.02642  1.70279e+00
 58  0.01246  2.12746e+00 | 59  0.03015 -2.88831e-01 | 60 -0.02205 -7.21923e-01
 61 -0.03029 -4.03474e-01 | 62  0.01959 -2.01500e+00 | 63 -0.02942 -8.37780e-01
 64 -0.05164  7.83723e-01 | 65 -0.02913 -4.56987e-01 | 66 -0.03309  1.46697e-02
 67 -0.02189  1.23785e+00 | 68 -0.03439  3.86723e-01 | 69  0.04063 -4.30732e-01
 70 -0.00799 -3.24210e+00 | 71 -0.08936 -5.94268e-02 | 72 -0.09455  1.52103e+00
 73 -0.04160 -8.38119e-02 | 74 -0.01947 -6.96348e-01 | 75 -0.01792 -3.07348e-01
 76 -0.01699 -8.68087e-02 | 77 -0.59465 -8.86901e+00 | 78 -0.59353 -5.52251e-03
 79 -0.49713  1.55697e-02 | 80  0.20677 -1.12227e+00 | 81 -1.28899  7.61200e-01
 82 -0.61140 -4.59562e-03 | 83  1.41976 -4.13611e-03 | 84  0.79396 -2.41017e+00
 85  0.01195 -1.20040e+01 | 86  0.03624 -2.85451e-01 | 87  0.09453  9.57174e+00
 88  2.00012  6.04465e-07 | 89 -0.61608 -4.56198e-03 | 90  0.01829  9.02891e-05
 91  0.17523  8.87288e-04 | 92  0.69736  6.10277e-03 |
92 variables; iteration 100; function evaluation 184; phase 3
Function value -3.2685380e+01; maximum gradient component mag 4.7661e+01
Var    Value     Gradient |Var    Value     Gradient |Var    Value     Gradient
  1  0.64040 -2.74117e-02 |  2  0.00195  4.12972e-01 |  3 -0.00098 -3.23912e-01
  4 -0.01566 -2.57310e-02 |  5 -0.01672 -3.08124e-01 |  6 -0.01645 -2.68530e-01
  7 -0.01770 -6.06674e-01 |  8 -0.01557 -1.19457e-01 |  9 -0.01297  4.78984e-01
 10 -0.01407  1.69082e-01 | 11 -0.01421  9.40110e-02 | 12 -0.02158 -1.74341e+00
 13 -0.01733 -7.60566e-01 | 14 -0.02032 -1.54791e+00 | 15 -0.01580 -5.18707e-01
 16 -0.01273  1.63987e-01 | 17 -0.01107  4.37084e-01 | 18 -0.00818  7.83742e-01
 19 -0.01161 -4.56486e-01 | 20 -0.00633  2.90692e-01 | 21 -0.00617 -2.48609e-01
 22 -0.00069  3.04260e-01 | 23  0.00127  3.02571e-02 | 24  0.00444  7.04898e-02
 25  0.00595 -9.25668e-02 | 26  0.00601 -2.16130e-01 | 27  0.00497 -1.90530e-01
 28  0.00373  1.61645e-01 | 29  0.00001  8.73212e-02 | 30 -0.00261  3.07345e-01
 31 -0.00604  2.21779e-01 | 32 -0.00710  3.36016e-01 | 33 -0.01123 -2.78161e-01
 34 -0.02100 -2.83111e-01 | 35 -0.03291 -9.34117e-01 | 36  0.25427  1.14176e+00
 37  0.01287  5.71978e-02 | 38 -0.23587  3.92219e-01 | 39 -0.15767  8.37718e-01
 40 -0.03904  2.59362e-01 | 41 -0.02674  8.87313e-01 | 42 -0.02243  3.93111e-02
 43 -0.01659  2.31896e-01 | 44 -0.01631  6.78013e-02 | 45 -0.01392  1.01173e+00
 46 -0.02363 -2.45353e-01 | 47 -0.04195  1.42797e-01 | 48 -0.01579  1.59145e+00
 49  0.00512  2.58055e+00 | 50  0.03174  3.86816e+00 | 51 -0.04893  1.16980e+00
 52 -0.00254  2.86689e-01 | 53 -0.07147 -8.61128e-01 | 54 -0.02196 -1.48707e+00
 55 -0.01483 -1.68581e+00 | 56 -0.00447 -1.30854e+00 | 57  0.02842 -2.17651e+00
 58  0.00819 -1.18434e+00 | 59  0.03229 -3.16773e-01 | 60 -0.02477 -1.04536e+00
 61 -0.03619 -1.54516e+00 | 62  0.01274 -2.27197e+00 | 63 -0.03028 -5.17768e-01
 64 -0.05714 -1.20036e+00 | 65 -0.02763 -8.04549e-01 | 66 -0.02804 -7.66553e-01
 67 -0.01391  8.72716e-01 | 68 -0.03136 -1.32067e-01 | 69  0.02861 -1.77373e+00
 70 -0.00418  6.50173e-01 | 71 -0.08863  8.59627e-01 | 72 -0.09622  2.63466e-01
 73 -0.03931  3.45941e-01 | 74 -0.01337  8.47699e-01 | 75 -0.01486  4.57333e-01
 76 -0.01136  1.31096e+00 | 77 -0.58586  4.76605e+01 | 78 -0.50914  4.60195e-02
 79 -1.42785 -3.06199e-01 | 80  0.13135  5.62514e+00 | 81 -1.28253  2.57760e+00
 82 -0.27409  7.88949e-03 | 83  2.79121  9.23135e-03 | 84  1.09670  9.58179e-01
 85  0.31319 -3.24839e+00 | 86  0.02586 -7.40646e-03 | 87  0.17650  4.98919e+00
 88  2.32126  1.73528e-03 | 89 -0.45417 -2.72018e-03 | 90  0.01015  5.01117e-05
 91  0.15788  7.95639e-04 | 92  0.14515  7.28978e-04 |
92 variables; iteration 120; function evaluation 226; phase 3
Function value -3.4345580e+01; maximum gradient component mag 7.8971e+01
Var    Value     Gradient |Var    Value     Gradient |Var    Value     Gradient
  1  0.68272 -1.90224e-02 |  2  0.00249 -2.63423e-02 |  3 -0.00160 -3.49952e-01
  4 -0.01643 -2.12536e-01 |  5 -0.01713  2.60528e-01 |  6 -0.01399  8.60263e-01
  7 -0.01212 -1.26259e-01 |  8 -0.01732 -3.03340e-01 |  9 -0.01802 -1.49749e+00
 10 -0.01188  1.20360e+00 | 11 -0.01721 -6.81239e-01 | 12 -0.01273  3.53590e-01
 13 -0.01319  1.36733e-01 | 14 -0.00929  1.00506e+00 | 15 -0.01256  2.40508e-01
 16 -0.01474 -3.09694e-01 | 17 -0.01550 -6.53333e-01 | 18 -0.01451 -7.99247e-01
 19 -0.00838  1.02590e-01 | 20 -0.00728 -1.80006e-01 | 21 -0.00291  1.58349e-01
 22 -0.00242 -3.75727e-01 | 23 -0.00028 -5.43062e-01 | 24  0.00313 -3.31157e-01
 25  0.00603 -7.30533e-02 | 26  0.00687  9.22031e-02 | 27  0.00396 -2.33782e-01
 28  0.00162 -2.21500e-01 | 29 -0.00020 -1.35408e-01 | 30 -0.00520 -6.79053e-01
 31 -0.00421  1.05220e-01 | 32 -0.00629  1.51784e-01 | 33 -0.00562  8.11624e-01
 34 -0.01651  8.23469e-01 | 35 -0.02031  2.19797e+00 | 36  0.25293  6.22191e-01
 37  0.01438  2.70230e+00 | 38 -0.23880 -1.09886e+00 | 39 -0.16350 -2.14150e+00
 40 -0.03914  1.24744e-01 | 41 -0.03063 -7.54544e-01 | 42 -0.01873  1.51784e-01
 43 -0.01478 -3.11148e-01 | 44 -0.01404 -5.55395e-01 | 45 -0.01637 -9.77019e-01
 46 -0.01761 -3.59610e-01 | 47 -0.03688 -2.76103e-01 | 48 -0.02008 -1.99341e+00
 49 -0.00361 -2.79720e+00 | 50  0.02547 -3.14778e+00 | 51 -0.04718  2.18741e-01
 52 -0.00197  1.33122e-01 | 53 -0.06314  2.37612e+00 | 54 -0.01692  1.44245e+00
 55 -0.01230  1.22314e+00 | 56 -0.00318  2.35793e+00 | 57  0.02904  2.34603e+00
 58  0.01139  2.42993e+00 | 59  0.03180  1.88833e+00 | 60 -0.01978  1.62568e+00
 61 -0.02954  1.26410e+00 | 62  0.02081  1.81968e-01 | 63 -0.03169 -8.00194e-01
 64 -0.05236  6.68578e-01 | 65 -0.02949 -3.58090e-01 | 66 -0.02892  1.12699e+00
 67 -0.02249  2.46388e-01 | 68 -0.03463 -3.18663e-01 | 69  0.03997  1.12873e-01
 70 -0.00557 -1.09423e+00 | 71 -0.09014 -1.45288e-01 | 72 -0.09683  1.77368e-01
 73 -0.04084 -3.51818e-02 | 74 -0.01464  4.24989e-01 | 75 -0.02321 -1.57755e+00
 76 -0.02194 -1.25651e+00 | 77 -0.58286  7.89708e+01 | 78 -0.35568  3.01227e+00
 79 -0.89100  9.44374e-02 | 80  0.07658  1.07076e+01 | 81 -1.28267  3.25514e+00
 82 -0.26608 -3.27430e-02 | 83  2.53397  3.48465e-03 | 84  1.19073  1.62292e+00
 85  0.50689 -6.10232e+00 | 86  0.01861 -3.95336e+01 | 87  0.21093  6.03491e+00
 88  2.72559  6.85254e-03 | 89 -1.82471  8.57654e-04 | 90  0.00402  1.98923e-05
 91  0.47787  2.94051e-03 | 92 -0.19286 -9.82345e-04 |
92 variables; iteration 140; function evaluation 248; phase 3
Function value -3.5632248e+01; maximum gradient component mag 3.6152e+01
Var    Value     Gradient |Var    Value     Gradient |Var    Value     Gradient
  1  0.76909 -6.81463e-03 |  2  0.00024 -2.93755e-02 |  3  0.00058  1.48380e-02
  4 -0.01549 -8.46676e-03 |  5 -0.01537  5.44514e-03 |  6 -0.01537  9.37520e-03
  7 -0.01520  1.54244e-02 |  8 -0.01518 -1.35563e-02 |  9 -0.01482 -6.37896e-03
 10 -0.01504 -2.12387e-02 | 11 -0.01461 -6.66559e-03 | 12 -0.01436  2.85608e-02
 13 -0.01422  3.01162e-04 | 14 -0.01388  4.24889e-02 | 15 -0.01374  3.68756e-03
 16 -0.01333 -3.53114e-02 | 17 -0.01273 -1.91168e-02 | 18 -0.01114 -7.10737e-02
 19 -0.00900 -1.09914e-02 | 20 -0.00683 -5.22261e-03 | 21 -0.00402  2.37721e-02
 22 -0.00122 -1.60648e-03 | 23  0.00153 -1.51159e-02 | 24  0.00360 -1.42937e-02
 25  0.00514  3.13840e-02 | 26  0.00486 -1.00109e-02 | 27  0.00381  2.24739e-02
 28  0.00138 -1.72893e-02 | 29 -0.00068 -8.71460e-03 | 30 -0.00299 -4.24537e-02
 31 -0.00554  5.91020e-03 | 32 -0.00766  1.68079e-02 | 33 -0.01098 -3.06130e-02
 34 -0.02217 -4.83153e-02 | 35 -0.03107 -9.66176e-03 | 36  0.24373  5.56978e-02
 37  0.02473 -3.14960e-02 | 38 -0.23531  9.74594e-03 | 39 -0.15835 -2.04563e-02
 40 -0.03863 -2.98925e-03 | 41 -0.02851 -5.12961e-02 | 42 -0.02076  4.21461e-03
 43 -0.01562 -1.42319e-02 | 44 -0.01469  6.82611e-04 | 45 -0.01627 -5.20203e-02
 46 -0.02079  2.21205e-02 | 47 -0.04051 -7.87309e-03 | 48 -0.01838 -2.43889e-02
 49  0.00172  1.42143e-02 | 50  0.03105  3.59927e-02 | 51 -0.04847  1.09969e-02
 52 -0.00209 -4.42366e-02 | 53 -0.06927  1.66025e-02 | 54 -0.02018  3.77616e-02
 55 -0.01225 -5.85110e-02 | 56 -0.00324 -6.29449e-02 | 57  0.03153 -7.42970e-02
 58  0.00978  1.53534e-01 | 59  0.03050  1.96532e-01 | 60 -0.02427  2.55473e-02
 61 -0.03562 -7.48733e-03 | 62  0.01272  9.02067e-02 | 63 -0.03240  8.22199e-02
 64 -0.05596  3.51871e-02 | 65 -0.02805 -4.40928e-02 | 66 -0.02590 -7.56088e-02
 67 -0.01521 -3.78997e-02 | 68 -0.03076 -9.73943e-02 | 69  0.03130 -6.38599e-02
 70 -0.00745  9.04089e-02 | 71 -0.08973  8.39384e-02 | 72 -0.09614  5.52753e-02
 73 -0.04014  6.02412e-04 | 74 -0.01679 -5.25386e-02 | 75 -0.01667 -4.39938e-02
 76 -0.01676 -5.92524e-02 | 77 -0.57844  3.61520e+01 | 78 -0.43103  3.72801e-02
 79 -0.99270 -2.15980e-01 | 80 -0.05275  2.03134e-01 | 81 -1.30199 -1.76902e-01
 82 -0.58017 -3.14643e-03 | 83  3.09695 -2.78943e-02 | 84  0.96438 -4.07491e-02
 85  0.71658 -4.48535e-01 | 86  0.00743 -7.01722e-04 | 87  0.23058  3.26149e-01
 88  2.25789  1.55233e-03 | 89 -2.91252 -1.68171e-02 | 90 -0.00395 -2.15570e-05
 91  0.54735  3.84890e-03 | 92 -0.38896 -2.27911e-03 |
92 variables; iteration 160; function evaluation 269; phase 3
Function value -3.5664315e+01; maximum gradient component mag -1.9347e+01
Var    Value     Gradient |Var    Value     Gradient |Var    Value     Gradient
  1  0.77400 -6.29786e-03 |  2  0.00035  2.91660e-03 |  3  0.00039 -1.09022e-03
  4 -0.01554 -7.17835e-03 |  5 -0.01541 -4.91651e-03 |  6 -0.01531 -5.78873e-03
  7 -0.01519 -2.31913e-03 |  8 -0.01510 -3.27563e-03 |  9 -0.01505 -1.38580e-02
 10 -0.01475 -7.61733e-03 | 11 -0.01470 -9.42959e-03 | 12 -0.01447 -5.31527e-03
 13 -0.01424 -8.55334e-03 | 14 -0.01397 -5.48416e-03 | 15 -0.01377 -8.18182e-03
 16 -0.01329 -1.05133e-02 | 17 -0.01279 -1.02052e-02 | 18 -0.01126 -1.80950e-02
 19 -0.00912 -8.29791e-03 | 20 -0.00688  1.05134e-02 | 21 -0.00422  1.83878e-02
 22 -0.00144  1.78954e-02 | 23  0.00128  1.03995e-02 | 24  0.00348  1.44095e-02
 25  0.00495  1.74985e-02 | 26  0.00499  2.04840e-02 | 27  0.00377  7.96578e-03
 28  0.00166  1.54804e-02 | 29 -0.00030  1.32497e-02 | 30 -0.00262  1.09812e-02
 31 -0.00520  1.65437e-02 | 32 -0.00770  9.21160e-03 | 33 -0.01105  4.65625e-03
 34 -0.02219  1.45853e-02 | 35 -0.03095  1.87906e-02 | 36  0.24245 -3.44796e-02
 37  0.02606 -3.47401e-02 | 38 -0.23548 -4.25122e-04 | 39 -0.15864 -1.52640e-02
 40 -0.03843 -5.65441e-03 | 41 -0.02825 -3.90212e-03 | 42 -0.02070 -1.11043e-02
 43 -0.01548 -7.81380e-03 | 44 -0.01467 -8.56696e-03 | 45 -0.01626 -1.98761e-02
 46 -0.02103 -2.35118e-02 | 47 -0.04069 -2.04047e-02 | 48 -0.01841 -1.77021e-02
 49  0.00152 -2.67832e-02 | 50  0.03124 -2.85656e-02 | 51 -0.04826 -4.99540e-03
 52 -0.00194  1.85306e-02 | 53 -0.06914 -2.50843e-03 | 54 -0.02030  2.42413e-03
 55 -0.01208  1.08987e-02 | 56 -0.00304  3.56989e-02 | 57  0.03234  6.07257e-02
 58  0.00968 -1.63014e-02 | 59  0.03001 -6.42631e-02 | 60 -0.02427 -2.38146e-02
 61 -0.03570 -1.47373e-02 | 62  0.01193 -4.05241e-02 | 63 -0.03271 -1.97482e-02
 64 -0.05598  1.50813e-02 | 65 -0.02770  6.04214e-02 | 66 -0.02503  8.39878e-02
 67 -0.01454  5.29705e-02 | 68 -0.03030  3.41731e-02 | 69  0.03096  1.60162e-02
 70 -0.00810 -4.36800e-02 | 71 -0.08968 -3.52728e-03 | 72 -0.09597  2.27390e-02
 73 -0.04008  1.37786e-02 | 74 -0.01664 -5.05028e-03 | 75 -0.01680 -3.94733e-03
 76 -0.01671 -3.75581e-03 | 77 -0.57847 -1.93473e+01 | 78 -0.36406 -1.74100e-01
 79 -0.99543 -2.34638e-01 | 80 -0.08056 -1.88639e-01 | 81 -1.30271 -1.55938e-01
 82 -0.34500  1.51059e-03 | 83  3.01497 -1.26926e-01 | 84  0.98575  1.81227e-02
 85  0.86029 -1.96930e-01 | 86 -0.00176 -2.69002e-04 | 87  0.23880  2.12029e-01
 88  2.60946  4.58987e-03 | 89 -2.97474 -8.46228e-02 | 90 -0.00380 -1.84331e-05
 91  0.89526  2.11121e-02 | 92 -0.12164 -5.67916e-04 |
92 variables; iteration 180; function evaluation 289; phase 3
Function value -3.5665554e+01; maximum gradient component mag 1.3882e+00
Var    Value     Gradient |Var    Value     Gradient |Var    Value     Gradient
  1  0.77477 -6.28306e-03 |  2  0.00034  2.84007e-03 |  3  0.00038 -3.88518e-03
  4 -0.01554 -6.87889e-03 |  5 -0.01546 -6.22705e-03 |  6 -0.01539 -1.05064e-02
  7 -0.01528 -8.13780e-03 |  8 -0.01516 -1.00789e-02 |  9 -0.01504 -1.52641e-02
 10 -0.01489 -1.72435e-02 | 11 -0.01472 -1.08932e-02 | 12 -0.01454 -9.68740e-03
 13 -0.01437 -1.70760e-02 | 14 -0.01409 -9.85367e-03 | 15 -0.01385 -1.15001e-02
 16 -0.01335 -1.38087e-02 | 17 -0.01279 -1.06599e-02 | 18 -0.01124 -1.42077e-02
 19 -0.00915 -9.05909e-03 | 20 -0.00689  6.20468e-03 | 21 -0.00419  1.92762e-02
 22 -0.00139  2.16499e-02 | 23  0.00134  1.80424e-02 | 24  0.00353  1.92454e-02
 25  0.00496  1.82991e-02 | 26  0.00500  1.89397e-02 | 27  0.00383  1.47911e-02
 28  0.00169  1.47929e-02 | 29 -0.00025  1.25496e-02 | 30 -0.00260  1.01642e-02
 31 -0.00520  1.10056e-02 | 32 -0.00761  8.34151e-03 | 33 -0.01103 -1.20851e-05
 34 -0.02228 -7.10481e-03 | 35 -0.03104  1.43023e-03 | 36  0.24278  2.38321e-03
 37  0.02545 -8.07450e-03 | 38 -0.23549 -1.86490e-02 | 39 -0.15861 -3.33690e-02
 40 -0.03847 -1.28491e-02 | 41 -0.02828 -9.26170e-03 | 42 -0.02069 -1.40742e-02
 43 -0.01548 -9.69664e-03 | 44 -0.01468 -1.18631e-02 | 45 -0.01624 -2.04519e-02
 46 -0.02104 -2.40733e-02 | 47 -0.04070 -2.44065e-02 | 48 -0.01840 -2.12439e-02
 49  0.00160 -2.19698e-02 | 50  0.03124 -1.44182e-02 | 51 -0.04832 -1.92208e-02
 52 -0.00200  3.88495e-03 | 53 -0.06914 -1.06922e-02 | 54 -0.02031 -1.22690e-02
 55 -0.01219  1.61465e-03 | 56 -0.00305  2.64149e-03 | 57  0.03200  5.87413e-03
 58  0.00977  4.50389e-04 | 59  0.03023 -5.05166e-03 | 60 -0.02429 -3.42931e-03
 61 -0.03567  5.44095e-04 | 62  0.01220  1.27071e-02 | 63 -0.03259  6.80089e-03
 64 -0.05598  7.85108e-03 | 65 -0.02785  1.36906e-02 | 66 -0.02534  1.70315e-02
 67 -0.01478  1.03448e-02 | 68 -0.03047  1.42164e-02 | 69  0.03106  2.77033e-02
 70 -0.00772  3.02425e-02 | 71 -0.08964  1.47603e-02 | 72 -0.09603  1.12752e-02
 73 -0.04007  1.25877e-02 | 74 -0.01666 -1.77226e-03 | 75 -0.01670 -1.02812e-04
 76 -0.01667 -4.89759e-03 | 77 -0.57846  1.38823e+00 | 78 -0.36567  6.29441e-03
 79 -0.99544 -2.15134e-01 | 80 -0.08019  9.16795e-03 | 81 -1.29780 -1.54959e-01
 82 -0.35890  7.32709e-04 | 83  3.01643 -1.20523e-01 | 84  0.98439 -5.88160e-03
 85  0.86830 -1.89346e-01 | 86 -0.00225 -2.68881e-04 | 87  0.23911  2.70003e-01
 88  2.82618  1.11776e-02 | 89 -2.97278 -7.34310e-02 | 90  0.00258  1.29109e-05
 91  0.89018  1.78513e-02 | 92  0.09620  4.88640e-04 |
92 variables; iteration 200; function evaluation 315; phase 3
Function value -3.5671581e+01; maximum gradient component mag 1.1308e+00
Var    Value     Gradient |Var    Value     Gradient |Var    Value     Gradient
  1  0.77443 -6.31550e-03 |  2  0.00034  4.04040e-03 |  3  0.00039 -4.76250e-04
  4 -0.01553 -5.31133e-03 |  5 -0.01546 -5.77546e-03 |  6 -0.01537 -6.63246e-03
  7 -0.01527 -6.50935e-03 |  8 -0.01515 -7.26312e-03 |  9 -0.01503 -1.10911e-02
 10 -0.01487 -1.03503e-02 | 11 -0.01471 -1.00893e-02 | 12 -0.01454 -9.46497e-03
 13 -0.01435 -1.14406e-02 | 14 -0.01408 -8.33342e-03 | 15 -0.01384 -9.24500e-03
 16 -0.01334 -9.71388e-03 | 17 -0.01278 -8.81848e-03 | 18 -0.01123 -9.96358e-03
 19 -0.00915 -7.99800e-03 | 20 -0.00689  6.68120e-03 | 21 -0.00421  1.48875e-02
 22 -0.00141  1.73329e-02 | 23  0.00130  1.28553e-02 | 24  0.00350  1.42343e-02
 25  0.00495  1.45204e-02 | 26  0.00501  1.73691e-02 | 27  0.00382  9.48656e-03
 28  0.00171  1.33152e-02 | 29 -0.00023  1.14425e-02 | 30 -0.00258  8.22351e-03
 31 -0.00515  1.21634e-02 | 32 -0.00756  9.46239e-03 | 33 -0.01098 -8.42270e-04
 34 -0.02222 -6.35519e-03 | 35 -0.03101 -2.45154e-03 | 36  0.24294 -7.80214e-03
 37  0.02511 -5.81388e-03 | 38 -0.23553 -9.59100e-03 | 39 -0.15859 -1.06192e-02
 40 -0.03848 -6.69311e-03 | 41 -0.02826 -4.04950e-03 | 42 -0.02064 -5.93877e-03
 43 -0.01544 -5.36537e-03 | 44 -0.01463 -6.00813e-03 | 45 -0.01617 -1.01480e-02
 46 -0.02097 -1.23476e-02 | 47 -0.04062 -1.08694e-02 | 48 -0.01834 -5.98420e-03
 49  0.00164 -1.78052e-03 | 50  0.03112  1.27615e-03 | 51 -0.04837 -3.30131e-03
 52 -0.00207  1.01664e-02 | 53 -0.06915 -7.02281e-03 | 54 -0.02030 -7.95760e-03
 55 -0.01220 -4.05550e-03 | 56 -0.00313 -6.23785e-03 | 57  0.03190 -2.28362e-03
 58  0.00976 -5.05015e-03 | 59  0.03029 -5.55970e-03 | 60 -0.02422 -2.03853e-03
 61 -0.03558 -1.10863e-03 | 62  0.01240  4.96330e-03 | 63 -0.03251  2.18936e-03
 64 -0.05597 -3.31120e-03 | 65 -0.02789 -3.21256e-03 | 66 -0.02555 -7.48970e-04
 67 -0.01506  3.96367e-03 | 68 -0.03060  5.34974e-03 | 69  0.03129  1.18570e-02
 70 -0.00756  1.22693e-02 | 71 -0.08965  1.46983e-02 | 72 -0.09610  1.69769e-02
 73 -0.04012  1.41539e-02 | 74 -0.01667  2.22264e-03 | 75 -0.01670 -1.72888e-03
 76 -0.01666 -1.05284e-03 | 77 -0.57846  1.13079e+00 | 78 -0.36295  8.70489e-03
 79 -1.01666 -1.87916e-01 | 80 -0.08238  1.10228e-02 | 81 -1.28912  5.40072e-02
 82 -0.35131  1.04673e-05 | 83  3.01858 -1.02919e-01 | 84  0.98496  9.67585e-03
 85  0.88768 -1.54669e-01 | 86 -0.00354 -2.80818e-04 | 87  0.23967  2.26522e-01
 88  2.64459  5.08339e-03 | 89 -2.96894 -6.48507e-02 | 90  0.00394  1.92942e-05
 91  0.87574  1.57462e-02 | 92  0.15127  7.53306e-04 |
92 variables; iteration 220; function evaluation 335; phase 3
Function value -3.5671654e+01; maximum gradient component mag -1.4205e+00
Var    Value     Gradient |Var    Value     Gradient |Var    Value     Gradient
  1  0.77455 -6.30849e-03 |  2  0.00035  5.85766e-03 |  3  0.00039 -6.34790e-04
  4 -0.01553 -4.01360e-03 |  5 -0.01546 -7.47830e-03 |  6 -0.01538 -7.67204e-03
  7 -0.01528 -1.05284e-02 |  8 -0.01516 -9.56060e-03 |  9 -0.01502 -8.40638e-03
 10 -0.01488 -1.31694e-02 | 11 -0.01471 -1.09467e-02 | 12 -0.01455 -1.42441e-02
 13 -0.01436 -1.37488e-02 | 14 -0.01410 -1.49308e-02 | 15 -0.01385 -1.18002e-02
 16 -0.01333 -8.46471e-03 | 17 -0.01279 -9.88385e-03 | 18 -0.01121 -3.25135e-03
 19 -0.00915 -8.78405e-03 | 20 -0.00689  9.58018e-03 | 21 -0.00421  1.71126e-02
 22 -0.00140  2.21658e-02 | 23  0.00131  1.46712e-02 | 24  0.00351  1.66216e-02
 25  0.00495  1.39722e-02 | 26  0.00500  1.52480e-02 | 27  0.00381  7.35495e-03
 28  0.00171  1.37442e-02 | 29 -0.00023  8.52904e-03 | 30 -0.00258  7.36783e-03
 31 -0.00516  1.09973e-02 | 32 -0.00755  1.24184e-02 | 33 -0.01097  4.76536e-03
 34 -0.02221  5.12661e-04 | 35 -0.03099  5.13342e-03 | 36  0.24295 -1.18319e-04
 37  0.02511 -1.37417e-02 | 38 -0.23553 -9.71685e-03 | 39 -0.15858 -6.87207e-03
 40 -0.03847 -2.29304e-03 | 41 -0.02826 -1.64323e-03 | 42 -0.02063 -4.23003e-03
 43 -0.01544 -6.70032e-03 | 44 -0.01465 -1.18964e-02 | 45 -0.01617 -8.39961e-03
 46 -0.02099 -1.76927e-02 | 47 -0.04062 -1.04755e-02 | 48 -0.01834 -8.79881e-03
 49  0.00161 -1.23258e-02 | 50  0.03113 -2.49884e-04 | 51 -0.04838 -2.08542e-03
 52 -0.00205  2.11990e-02 | 53 -0.06914 -1.41459e-03 | 54 -0.02031 -1.51406e-02
 55 -0.01222 -8.97475e-03 | 56 -0.00312  4.59181e-03 | 57  0.03190  1.59217e-02
 58  0.00975  1.53979e-02 | 59  0.03033  4.24023e-02 | 60 -0.02422  9.40474e-03
 61 -0.03557 -2.46031e-03 | 62  0.01236 -2.64326e-02 | 63 -0.03251 -1.05276e-02
 64 -0.05598 -1.04066e-02 | 65 -0.02790 -1.12630e-02 | 66 -0.02555 -3.62634e-03
 67 -0.01506 -3.00714e-03 | 68 -0.03061 -1.17860e-03 | 69  0.03129  1.59364e-03
 70 -0.00758 -1.58158e-02 | 71 -0.08966  3.00765e-03 | 72 -0.09611  8.55606e-03
 73 -0.04012  1.48836e-02 | 74 -0.01666  4.89086e-03 | 75 -0.01668  6.16331e-03
 76 -0.01663  8.33548e-03 | 77 -0.57846 -1.42053e+00 | 78 -0.36250 -2.34221e-02
 79 -1.01676 -1.91425e-01 | 80 -0.08279 -2.27676e-02 | 81 -1.28905  6.35384e-02
 82 -0.35047 -2.06382e-06 | 83  3.01926 -1.00302e-01 | 84  0.98482  4.96187e-03
 85  0.88803 -1.53664e-01 | 86 -0.00354 -2.78640e-04 | 87  0.23967  2.17754e-01
 88  2.67329  5.62265e-03 | 89 -2.96899 -6.41361e-02 | 90 -0.00028 -2.41987e-06
 91  0.87111  1.52272e-02 | 92 -0.00729 -4.44292e-05 |
92 variables; iteration 240; function evaluation 357; phase 3
Function value -3.5672678e+01; maximum gradient component mag 1.7132e+01
Var    Value     Gradient |Var    Value     Gradient |Var    Value     Gradient
  1  0.77649 -6.19554e-03 |  2  0.00035  2.03781e-03 |  3  0.00039 -1.60341e-03
  4 -0.01553 -5.42145e-03 |  5 -0.01547 -6.26104e-03 |  6 -0.01538 -8.21657e-03
  7 -0.01529 -6.78065e-03 |  8 -0.01516 -6.64373e-03 |  9 -0.01501 -1.04379e-02
 10 -0.01489 -1.30289e-02 | 11 -0.01471 -8.54372e-03 | 12 -0.01456 -9.14071e-03
 13 -0.01436 -1.35168e-02 | 14 -0.01411 -9.90582e-03 | 15 -0.01385 -1.02268e-02
 16 -0.01334 -1.11117e-02 | 17 -0.01279 -7.08588e-03 | 18 -0.01122 -1.15985e-02
 19 -0.00916 -8.48542e-03 | 20 -0.00688  5.27759e-03 | 21 -0.00421  1.45367e-02
 22 -0.00140  1.61009e-02 | 23  0.00131  1.09126e-02 | 24  0.00351  1.22635e-02
 25  0.00494  1.32930e-02 | 26  0.00500  1.69893e-02 | 27  0.00381  6.79132e-03
 28  0.00170  1.07439e-02 | 29 -0.00024  8.66566e-03 | 30 -0.00259  4.26592e-03
 31 -0.00515  8.60555e-03 | 32 -0.00754  6.44667e-03 | 33 -0.01098 -6.38264e-03
 34 -0.02221 -1.17802e-02 | 35 -0.03098 -9.05191e-03 | 36  0.24295 -1.51292e-03
 37  0.02509  5.52976e-02 | 38 -0.23553 -2.26521e-02 | 39 -0.15858 -2.40687e-02
 40 -0.03846 -5.97565e-03 | 41 -0.02826 -4.41245e-03 | 42 -0.02063 -6.58909e-03
 43 -0.01545 -5.34881e-03 | 44 -0.01465 -5.30795e-03 | 45 -0.01617 -1.12624e-02
 46 -0.02099 -1.22455e-02 | 47 -0.04062 -1.31344e-02 | 48 -0.01834 -8.73759e-03
 49  0.00161 -3.26414e-03 | 50  0.03113  6.69517e-03 | 51 -0.04837 -5.42186e-03
 52 -0.00206  1.31870e-02 | 53 -0.06913 -1.92964e-03 | 54 -0.02031 -8.74734e-03
 55 -0.01223 -5.83051e-03 | 56 -0.00314 -3.42709e-03 | 57  0.03190 -3.35726e-03
 58  0.00977 -1.50066e-03 | 59  0.03037 -3.52207e-03 | 60 -0.02423 -1.60553e-03
 61 -0.03558 -7.38089e-03 | 62  0.01235 -8.51407e-03 | 63 -0.03251  3.32319e-04
 64 -0.05597 -5.46155e-03 | 65 -0.02790 -8.93064e-03 | 66 -0.02555 -6.68958e-03
 67 -0.01505  5.24101e-03 | 68 -0.03060  7.38963e-03 | 69  0.03129  1.15578e-02
 70 -0.00758  2.59211e-02 | 71 -0.08965  2.20749e-02 | 72 -0.09610  1.66145e-02
 73 -0.04012  1.34098e-02 | 74 -0.01667 -6.85853e-04 | 75 -0.01667  4.09993e-04
 76 -0.01663 -1.92914e-03 | 77 -0.57846  1.71319e+01 | 78 -0.33766  3.44145e-01
 79 -1.01637 -1.75916e-01 | 80 -0.11930  1.42124e-01 | 81 -1.28914  6.52513e-02
 82 -0.35169 -6.33749e-05 | 83  3.02088 -9.47551e-02 | 84  0.98476  1.49985e-03
 85  0.89123 -1.49140e-01 | 86 -0.00203 -1.72828e-04 | 87  0.23974  2.13841e-01
 88  2.68157  5.17775e-03 | 89 -2.96588 -5.81210e-02 | 90 -0.01780 -8.92238e-05
 91  0.86451  1.45372e-02 | 92  0.00057  3.02021e-05 |
92 variables; iteration 260; function evaluation 379; phase 3
Function value -3.5674824e+01; maximum gradient component mag 1.6643e+01
Var    Value     Gradient |Var    Value     Gradient |Var    Value     Gradient
  1  0.78077 -5.91574e-03 |  2  0.00034  5.87454e-04 |  3  0.00039 -1.76148e-03
  4 -0.01553 -4.65942e-03 |  5 -0.01546 -3.34849e-03 |  6 -0.01537 -6.44641e-03
  7 -0.01527 -3.02162e-03 |  8 -0.01515 -4.16078e-03 |  9 -0.01501 -1.05219e-02
 10 -0.01487 -9.47335e-03 | 11 -0.01470 -5.74665e-03 | 12 -0.01454 -3.14241e-03
 13 -0.01435 -9.66876e-03 | 14 -0.01409 -3.63053e-03 | 15 -0.01384 -6.25270e-03
 16 -0.01333 -9.82118e-03 | 17 -0.01278 -5.17513e-03 | 18 -0.01122 -1.27153e-02
 19 -0.00915 -5.01583e-03 | 20 -0.00690  1.73197e-03 | 21 -0.00422  9.85915e-03
 22 -0.00142  8.81289e-03 | 23  0.00129  7.54368e-03 | 24  0.00349  8.56672e-03
 25  0.00494  1.13823e-02 | 26  0.00500  1.34302e-02 | 27  0.00382  9.61158e-03
 28  0.00171  8.98478e-03 | 29 -0.00022  1.05966e-02 | 30 -0.00257  6.00327e-03
 31 -0.00515  6.38616e-03 | 32 -0.00756  4.52058e-04 | 33 -0.01098 -9.79169e-03
 34 -0.02222 -1.65853e-02 | 35 -0.03100 -1.55389e-02 | 36  0.24294 -5.20905e-03
 37  0.02507  9.77574e-02 | 38 -0.23552 -2.87533e-02 | 39 -0.15858 -3.88208e-02
 40 -0.03847 -8.35578e-03 | 41 -0.02826 -4.04087e-03 | 42 -0.02063 -6.36461e-03
 43 -0.01543 -1.06500e-03 | 44 -0.01463  4.38373e-04 | 45 -0.01617 -8.28551e-03
 46 -0.02097 -4.58997e-03 | 47 -0.04062 -1.05867e-02 | 48 -0.01834 -4.13676e-03
 49  0.00164  8.87809e-03 | 50  0.03112  1.71019e-02 | 51 -0.04837 -3.73671e-03
 52 -0.00207  1.35167e-02 | 53 -0.06914 -3.16897e-03 | 54 -0.02030  5.95295e-04
 55 -0.01221  8.08075e-04 | 56 -0.00312  1.10181e-02 | 57  0.03190 -1.24001e-02
 58  0.00976 -2.58682e-02 | 59  0.03030 -5.97031e-02 | 60 -0.02422 -7.68942e-03
 61 -0.03557 -6.17378e-03 | 62  0.01239  8.44835e-03 | 63 -0.03251  2.01114e-03
 64 -0.05597 -9.37753e-03 | 65 -0.02788 -1.52055e-02 | 66 -0.02555 -8.81375e-03
 67 -0.01505  8.16722e-03 | 68 -0.03061  7.58506e-03 | 69  0.03129  1.58818e-02
 70 -0.00756  5.19809e-02 | 71 -0.08965  2.54473e-02 | 72 -0.09610  1.57417e-02
 73 -0.04013  9.20170e-03 | 74 -0.01667 -2.64493e-03 | 75 -0.01669 -2.62863e-03
 76 -0.01665 -7.65519e-03 | 77 -0.57846  1.66430e+01 | 78 -0.32297  4.76241e-01
 79 -1.01554 -1.52548e-01 | 80 -0.19551  3.90280e-03 | 81 -1.28919  6.88299e-02
 82 -0.35103  3.19778e-06 | 83  3.02274 -8.50560e-02 | 84  0.98477  9.15163e-04
 85  0.89915 -1.33286e-01 | 86  0.00166 -5.44932e-05 | 87  0.23996  2.07009e-01
 88  2.61693  4.31341e-03 | 89 -2.96414 -5.40590e-02 | 90  0.02116  1.55650e-04
 91  0.84833  1.26798e-02 | 92 -0.00401  3.03031e-05 |
92 variables; iteration 280; function evaluation 404; phase 3
Function value -3.5824969e+01; maximum gradient component mag 6.1986e+00
Var    Value     Gradient |Var    Value     Gradient |Var    Value     Gradient
  1  0.87443 -2.31087e-03 |  2  0.00036  1.25653e-03 |  3  0.00041 -1.51848e-03
  4 -0.01548 -8.19966e-04 |  5 -0.01540 -2.32577e-04 |  6 -0.01530  6.50856e-04
  7 -0.01519  2.96724e-04 |  8 -0.01505  2.77148e-04 |  9 -0.01491 -2.00473e-03
 10 -0.01472  1.29686e-03 | 11 -0.01455 -1.02435e-03 | 12 -0.01434 -1.14832e-03
 13 -0.01408  1.20044e-04 | 14 -0.01376  6.58861e-04 | 15 -0.01342  1.51215e-03
 16 -0.01291  2.68935e-03 | 17 -0.01219  3.84666e-03 | 18 -0.01063  1.06409e-03
 19 -0.00870  7.90077e-04 | 20 -0.00662  1.69856e-03 | 21 -0.00417 -3.84927e-04
 22 -0.00157 -1.77688e-03 | 23  0.00093 -2.33201e-03 | 24  0.00292 -4.08433e-03
 25  0.00413 -5.63860e-03 | 26  0.00406 -7.75804e-03 | 27  0.00286 -6.75838e-03
 28  0.00084 -8.94836e-03 | 29 -0.00103 -7.53430e-03 | 30 -0.00315 -9.15992e-03
 31 -0.00549 -2.98374e-03 | 32 -0.00775 -3.08288e-03 | 33 -0.01101 -5.14132e-03
 34 -0.02213 -4.68039e-03 | 35 -0.03092 -1.43394e-03 | 36  0.24383  2.07752e-02
 37  0.02526  4.28649e-02 | 38 -0.23520 -8.22971e-03 | 39 -0.15828 -1.35340e-02
 40 -0.03809  1.24138e-03 | 41 -0.02796  1.94901e-04 | 42 -0.02044 -1.50971e-03
 43 -0.01537 -1.85099e-03 | 44 -0.01468 -1.99680e-03 | 45 -0.01628 -3.73645e-03
 46 -0.02110 -3.36239e-03 | 47 -0.04072 -5.07418e-03 | 48 -0.01842 -3.26440e-03
 49  0.00161 -2.41069e-03 | 50  0.03103 -1.59872e-03 | 51 -0.04838 -3.49523e-03
 52 -0.00213 -5.27992e-03 | 53 -0.06912  1.33210e-03 | 54 -0.02028 -9.41758e-04
 55 -0.01219  4.23890e-03 | 56 -0.00312  1.90481e-03 | 57  0.03192  3.58464e-03
 58  0.00979  5.09813e-03 | 59  0.03029 -2.63074e-03 | 60 -0.02421  2.48914e-03
 61 -0.03556  1.50474e-03 | 62  0.01240  3.38020e-03 | 63 -0.03251 -4.78491e-04
 64 -0.05595 -4.48677e-04 | 65 -0.02787 -2.39189e-03 | 66 -0.02552  5.34897e-04
 67 -0.01502  2.93368e-03 | 68 -0.03057  4.82371e-03 | 69  0.03127  3.23537e-03
 70 -0.00756  1.00810e-02 | 71 -0.08966  3.77643e-03 | 72 -0.09610  7.12200e-04
 73 -0.04015 -9.68090e-04 | 74 -0.01667 -5.58510e-05 | 75 -0.01671 -2.67392e-03
 76 -0.01666 -8.46913e-04 | 77 -0.57846  6.19857e+00 | 78 -0.32424  1.78242e-01
 79 -1.01032 -1.12477e-02 | 80 -1.82287 -1.61970e-02 | 81 -1.29017 -3.11155e-02
 82 -0.35689 -3.50064e-05 | 83  3.16524 -1.16339e-02 | 84  0.98454  6.71987e-04
 85  0.94684 -2.20946e-02 | 86  0.09540  4.69376e-04 | 87  0.24148  4.86723e-02
 88  2.12574  6.50167e-04 | 89 -2.74405 -7.31576e-03 | 90  1.82890 -8.25506e-04
 91  0.11484  6.78237e-04 | 92  0.01224  6.29230e-05 |
92 variables; iteration 300; function evaluation 424; phase 3
Function value -3.5825259e+01; maximum gradient component mag 7.9347e-01
Var    Value     Gradient |Var    Value     Gradient |Var    Value     Gradient
  1  0.87829 -2.22055e-03 |  2  0.00036  4.60333e-04 |  3  0.00042 -1.16081e-04
  4 -0.01548 -6.14472e-04 |  5 -0.01540 -6.93533e-04 |  6 -0.01530 -7.45616e-04
  7 -0.01519 -6.88672e-04 |  8 -0.01506 -7.02847e-04 |  9 -0.01490 -1.14474e-03
 10 -0.01473 -1.14712e-03 | 11 -0.01454 -1.07856e-03 | 12 -0.01434 -1.16742e-03
 13 -0.01409 -1.26700e-03 | 14 -0.01377 -1.01791e-03 | 15 -0.01343 -9.72595e-04
 16 -0.01292 -8.88860e-04 | 17 -0.01221 -6.09169e-04 | 18 -0.01064 -1.00033e-03
 19 -0.00871 -8.79438e-04 | 20 -0.00662  9.32968e-04 | 21 -0.00416  1.56985e-03
 22 -0.00156  1.76709e-03 | 23  0.00094  1.06133e-03 | 24  0.00293  1.08242e-03
 25  0.00415  1.08893e-03 | 26  0.00408  1.43462e-03 | 27  0.00287  1.42117e-04
 28  0.00087  6.74147e-04 | 29 -0.00101  5.25226e-04 | 30 -0.00313  1.38455e-04
 31 -0.00549  9.36470e-04 | 32 -0.00774  6.88311e-04 | 33 -0.01101 -6.48847e-04
 34 -0.02213 -9.23902e-04 | 35 -0.03092 -5.19520e-04 | 36  0.24382  4.23764e-04
 37  0.02524  3.42273e-03 | 38 -0.23521 -1.87110e-03 | 39 -0.15828 -2.03290e-03
 40 -0.03809 -5.09252e-04 | 41 -0.02796 -2.64880e-04 | 42 -0.02044 -7.45450e-04
 43 -0.01536 -7.74374e-04 | 44 -0.01467 -8.49855e-04 | 45 -0.01627 -1.48168e-03
 46 -0.02109 -1.76672e-03 | 47 -0.04071 -1.70465e-03 | 48 -0.01841 -1.10116e-03
 49  0.00160 -1.09036e-03 | 50  0.03103 -9.59136e-04 | 51 -0.04839 -9.90236e-04
 52 -0.00213  9.96210e-05 | 53 -0.06913 -9.68639e-04 | 54 -0.02028 -1.31252e-03
 55 -0.01220 -3.92987e-04 | 56 -0.00313 -1.95442e-03 | 57  0.03191  6.49883e-04
 58  0.00978  1.45140e-03 | 59  0.03031  2.48377e-03 | 60 -0.02421  6.23483e-04
 61 -0.03557 -3.60960e-04 | 62  0.01239 -5.41497e-04 | 63 -0.03250  4.34102e-04
 64 -0.05596 -2.12547e-04 | 65 -0.02787 -1.62249e-04 | 66 -0.02553  2.30001e-04
 67 -0.01503  1.09280e-03 | 68 -0.03059  1.22046e-03 | 69  0.03128  1.42821e-03
 70 -0.00756  1.24463e-03 | 71 -0.08965  2.04469e-03 | 72 -0.09611  1.79229e-03
 73 -0.04015  1.33138e-03 | 74 -0.01667  1.77631e-04 | 75 -0.01670 -1.86080e-04
 76 -0.01666 -1.82569e-05 | 77 -0.57846  7.93471e-01 | 78 -0.32851  2.28887e-02
 79 -1.01052 -1.88739e-02 | 80 -1.85147 -4.90236e-03 | 81 -1.28968  6.93504e-03
 82 -0.35523 -2.22253e-06 | 83  3.18247 -1.06624e-02 | 84  0.98453  8.06274e-04
 85  0.94956 -1.68689e-02 | 86  0.09701  4.76662e-04 | 87  0.24150  2.59753e-02
 88  2.11773  5.72073e-04 | 89 -2.71762 -6.60189e-03 | 90  2.04992  2.89332e-04
 91  0.30530  1.64268e-03 | 92  0.00158 -2.08707e-06 |
92 variables; iteration 320; function evaluation 446; phase 3
Function value -3.5825354e+01; maximum gradient component mag 4.2419e+00
Var    Value     Gradient |Var    Value     Gradient |Var    Value     Gradient
  1  0.88105 -2.15351e-03 |  2  0.00035  6.87730e-05 |  3  0.00042 -6.58886e-05
  4 -0.01548 -1.03399e-03 |  5 -0.01540 -9.88765e-04 |  6 -0.01531 -6.98886e-04
  7 -0.01519 -3.50052e-04 |  8 -0.01505 -2.85466e-04 |  9 -0.01490 -1.17520e-03
 10 -0.01473 -1.30578e-03 | 11 -0.01454 -1.05888e-03 | 12 -0.01434 -1.18752e-03
 13 -0.01409 -1.55632e-03 | 14 -0.01377 -1.13505e-03 | 15 -0.01343 -1.31250e-03
 16 -0.01293 -1.44766e-03 | 17 -0.01220 -1.63430e-04 | 18 -0.01066 -2.73367e-03
 19 -0.00872 -1.40942e-03 | 20 -0.00662  1.08596e-03 | 21 -0.00416  1.58005e-03
 22 -0.00156  1.28295e-03 | 23  0.00094  2.58869e-04 | 24  0.00293  2.66335e-04
 25  0.00415  1.00393e-03 | 26  0.00409  2.17057e-03 | 27  0.00287 -8.33276e-04
 28  0.00086 -1.90891e-04 | 29 -0.00101  3.88514e-04 | 30 -0.00313 -1.03875e-03
 31 -0.00549  1.01831e-03 | 32 -0.00774  2.21700e-04 | 33 -0.01102 -2.84565e-03
 34 -0.02213 -2.39114e-03 | 35 -0.03092 -9.81615e-04 | 36  0.24381 -1.09632e-03
 37  0.02524  1.62991e-02 | 38 -0.23521 -5.48660e-03 | 39 -0.15828 -5.39705e-03
 40 -0.03809 -8.04888e-04 | 41 -0.02796 -6.49352e-04 | 42 -0.02044 -1.17420e-03
 43 -0.01536 -1.23850e-03 | 44 -0.01466 -6.42683e-04 | 45 -0.01628 -2.86096e-03
 46 -0.02109 -2.10276e-03 | 47 -0.04071 -3.00380e-03 | 48 -0.01841 -1.58880e-03
 49  0.00162 -1.42990e-03 | 50  0.03102 -3.44032e-03 | 51 -0.04838 -1.60056e-03
 52 -0.00213 -1.89067e-03 | 53 -0.06913 -1.35387e-03 | 54 -0.02028 -1.21468e-03
 55 -0.01220 -1.44171e-03 | 56 -0.00315 -9.22744e-03 | 57  0.03192  4.33865e-04
 58  0.00979  4.39948e-03 | 59  0.03031  5.40542e-03 | 60 -0.02421  8.82223e-04
 61 -0.03557 -2.53432e-03 | 62  0.01239 -4.23108e-03 | 63 -0.03250  1.29515e-03
 64 -0.05595  1.12723e-03 | 65 -0.02786  1.80860e-03 | 66 -0.02553  1.96428e-03
 67 -0.01503  5.04509e-03 | 68 -0.03058  4.14549e-03 | 69  0.03128  4.05692e-03
 70 -0.00755  6.31944e-03 | 71 -0.08965  6.16569e-03 | 72 -0.09610  4.08079e-03
 73 -0.04015  1.09064e-03 | 74 -0.01668 -9.29192e-04 | 75 -0.01670 -1.12572e-03
 76 -0.01666 -1.01628e-03 | 77 -0.57846  4.24187e+00 | 78 -0.33616  9.26924e-02
 79 -1.01050 -1.77352e-02 | 80 -1.87663 -3.72397e-02 | 81 -1.28970  7.15803e-03
 82 -0.35508 -2.04813e-06 | 83  3.19414 -9.98707e-03 | 84  0.98451  7.98475e-04
 85  0.94982 -1.63552e-02 | 86  0.09866  4.84803e-04 | 87  0.24151  2.59059e-02
 88  2.10908  5.57651e-04 | 89 -2.72423 -6.82705e-03 | 90  2.05209  2.15063e-04
 91  0.30546  1.58699e-03 | 92  0.00276  6.37721e-06 |
92 variables; iteration 340; function evaluation 470; phase 3
Function value -3.5825431e+01; maximum gradient component mag 1.5245e+00
Var    Value     Gradient |Var    Value     Gradient |Var    Value     Gradient
  1  0.88076 -2.16381e-03 |  2  0.00036  3.78026e-04 |  3  0.00042 -1.15670e-04
  4 -0.01548 -5.77193e-04 |  5 -0.01540 -6.74178e-04 |  6 -0.01531 -7.71180e-04
  7 -0.01519 -7.23192e-04 |  8 -0.01506 -7.43194e-04 |  9 -0.01490 -1.14946e-03
 10 -0.01473 -1.18178e-03 | 11 -0.01454 -1.05021e-03 | 12 -0.01434 -1.09059e-03
 13 -0.01409 -1.33041e-03 | 14 -0.01377 -1.03502e-03 | 15 -0.01343 -1.05695e-03
 16 -0.01292 -1.06254e-03 | 17 -0.01221 -8.25320e-04 | 18 -0.01065 -1.11882e-03
 19 -0.00871 -9.07658e-04 | 20 -0.00663  7.21124e-04 | 21 -0.00416  1.53086e-03
 22 -0.00156  1.75480e-03 | 23  0.00094  1.18728e-03 | 24  0.00294  1.32271e-03
 25  0.00415  1.42393e-03 | 26  0.00408  1.77365e-03 | 27  0.00288  7.39641e-04
 28  0.00087  1.17923e-03 | 29 -0.00101  1.02079e-03 | 30 -0.00313  5.65345e-04
 31 -0.00549  1.08449e-03 | 32 -0.00774  7.67419e-04 | 33 -0.01101 -5.43546e-04
 34 -0.02213 -1.07432e-03 | 35 -0.03092 -6.54740e-04 | 36  0.24381 -6.54622e-04
 37  0.02523  4.28789e-03 | 38 -0.23521 -2.06900e-03 | 39 -0.15828 -2.41206e-03
 40 -0.03809 -6.47042e-04 | 41 -0.02796 -3.82107e-04 | 42 -0.02044 -6.67926e-04
 43 -0.01536 -6.07782e-04 | 44 -0.01467 -6.74976e-04 | 45 -0.01627 -1.18208e-03
 46 -0.02109 -1.36878e-03 | 47 -0.04071 -1.36034e-03 | 48 -0.01841 -8.11681e-04
 49  0.00161 -4.77699e-04 | 50  0.03103  1.29410e-05 | 51 -0.04839 -5.91612e-04
 52 -0.00212  8.88601e-04 | 53 -0.06913 -6.13367e-04 | 54 -0.02028 -1.02405e-03
 55 -0.01220 -5.09438e-04 | 56 -0.00312 -1.29403e-03 | 57  0.03191  9.30952e-05
 58  0.00978  4.74488e-04 | 59  0.03030  8.89732e-04 | 60 -0.02421  3.10465e-04
 61 -0.03557 -5.36004e-04 | 62  0.01240 -7.05839e-04 | 63 -0.03250  6.27577e-05
 64 -0.05596 -6.84995e-04 | 65 -0.02787 -9.32793e-04 | 66 -0.02553 -4.13579e-04
 67 -0.01503  8.47151e-04 | 68 -0.03059  9.15207e-04 | 69  0.03128  1.28760e-03
 70 -0.00756  1.97925e-03 | 71 -0.08965  2.13784e-03 | 72 -0.09611  1.76300e-03
 73 -0.04015  1.34306e-03 | 74 -0.01667  1.41723e-04 | 75 -0.01669 -1.02672e-04
 76 -0.01666 -7.29128e-05 | 77 -0.57846  1.52452e+00 | 78 -0.34700  2.93194e-02
 79 -1.01054 -1.85989e-02 | 80 -1.89827 -1.97170e-02 | 81 -1.28969  7.32579e-03
 82 -0.35520 -4.65146e-06 | 83  3.18337 -1.06791e-02 | 84  0.98449  6.41080e-04
 85  0.95011 -1.60148e-02 | 86  0.10020  4.92450e-04 | 87  0.24151  2.39150e-02
 88  2.11115  5.58313e-04 | 89 -2.69615 -6.02031e-03 | 90  1.98715 -8.50405e-05
 91  0.29947  1.58821e-03 | 92  0.00131  4.31468e-06 |
92 variables; iteration 360; function evaluation 492; phase 3
Function value -3.5825487e+01; maximum gradient component mag 3.1742e-01
Var    Value     Gradient |Var    Value     Gradient |Var    Value     Gradient
  1  0.88402 -2.08014e-03 |  2  0.00036  3.71374e-04 |  3  0.00042 -1.26015e-04
  4 -0.01548 -5.47495e-04 |  5 -0.01540 -6.51174e-04 |  6 -0.01531 -7.49255e-04
  7 -0.01519 -7.35381e-04 |  8 -0.01506 -7.52772e-04 |  9 -0.01490 -1.10308e-03
 10 -0.01473 -1.18716e-03 | 11 -0.01454 -1.01040e-03 | 12 -0.01434 -1.04977e-03
 13 -0.01409 -1.29390e-03 | 14 -0.01377 -1.02084e-03 | 15 -0.01343 -1.02050e-03
 16 -0.01292 -1.01363e-03 | 17 -0.01221 -8.19335e-04 | 18 -0.01064 -1.01117e-03
 19 -0.00871 -8.51287e-04 | 20 -0.00663  7.17350e-04 | 21 -0.00416  1.52522e-03
 22 -0.00156  1.74993e-03 | 23  0.00094  1.20988e-03 | 24  0.00294  1.35682e-03
 25  0.00415  1.39442e-03 | 26  0.00408  1.66262e-03 | 27  0.00288  8.07217e-04
 28  0.00087  1.19840e-03 | 29 -0.00101  1.02306e-03 | 30 -0.00313  6.42613e-04
 31 -0.00549  1.16072e-03 | 32 -0.00774  9.69056e-04 | 33 -0.01101 -1.54179e-04
 34 -0.02213 -6.39855e-04 | 35 -0.03092 -1.78264e-04 | 36  0.24382 -2.71545e-04
 37  0.02523 -1.18494e-04 | 38 -0.23521 -1.17188e-03 | 39 -0.15828 -1.27498e-03
 40 -0.03809 -5.98576e-04 | 41 -0.02796 -4.17587e-04 | 42 -0.02044 -6.76530e-04
 43 -0.01536 -6.37052e-04 | 44 -0.01467 -7.63213e-04 | 45 -0.01627 -1.20230e-03
 46 -0.02109 -1.51467e-03 | 47 -0.04071 -1.35356e-03 | 48 -0.01841 -8.43059e-04
 49  0.00160 -4.61589e-04 | 50  0.03103  3.77766e-05 | 51 -0.04839 -4.01899e-04
 52 -0.00212  1.05031e-03 | 53 -0.06913 -4.94933e-04 | 54 -0.02028 -9.04932e-04
 55 -0.01220 -6.94264e-04 | 56 -0.00311 -4.84532e-04 | 57  0.03191  1.03960e-04
 58  0.00978  1.10565e-04 | 59  0.03030  7.85969e-05 | 60 -0.02421 -1.48657e-04
 61 -0.03556 -3.37854e-04 | 62  0.01240 -3.13255e-04 | 63 -0.03250  8.56006e-05
 64 -0.05596 -2.56227e-04 | 65 -0.02787 -1.70443e-04 | 66 -0.02553  2.04528e-04
 67 -0.01503  7.08550e-04 | 68 -0.03059  6.96778e-04 | 69  0.03128  1.19063e-03
 70 -0.00756  1.05663e-03 | 71 -0.08966  1.52977e-03 | 72 -0.09611  1.67323e-03
 73 -0.04015  1.44866e-03 | 74 -0.01667  1.34982e-04 | 75 -0.01669 -1.55175e-05
 76 -0.01666 -1.83707e-05 | 77 -0.57846  3.17419e-01 | 78 -0.36028  6.12041e-03
 79 -1.01054 -1.82152e-02 | 80 -1.91509 -7.65478e-03 | 81 -1.28970  6.92904e-03
 82 -0.35508  2.32095e-06 | 83  3.20056 -9.59794e-03 | 84  0.98448  5.75662e-04
 85  0.95039 -1.55661e-02 | 86  0.10151  4.98664e-04 | 87  0.24151  2.27083e-02
 88  2.10913  5.42722e-04 | 89 -2.71695 -6.61999e-03 | 90  2.00626  2.77562e-05
 91  0.28652  1.51635e-03 | 92  0.00017  1.04756e-06 |
92 variables; iteration 380; function evaluation 514; phase 3
Function value -3.5825523e+01; maximum gradient component mag 3.4036e+00
Var    Value     Gradient |Var    Value     Gradient |Var    Value     Gradient
  1  0.88445 -2.07295e-03 |  2  0.00035  1.78718e-04 |  3  0.00042 -1.00012e-04
  4 -0.01548 -7.53887e-04 |  5 -0.01540 -7.73994e-04 |  6 -0.01531 -7.21248e-04
  7 -0.01519 -5.19002e-04 |  8 -0.01506 -5.08818e-04 |  9 -0.01490 -1.14423e-03
 10 -0.01473 -1.21519e-03 | 11 -0.01454 -9.93138e-04 | 12 -0.01434 -1.02800e-03
 13 -0.01409 -1.40335e-03 | 14 -0.01377 -1.01349e-03 | 15 -0.01343 -1.14775e-03
 16 -0.01292 -1.27252e-03 | 17 -0.01221 -5.48048e-04 | 18 -0.01065 -1.89224e-03
 19 -0.00871 -1.10358e-03 | 20 -0.00663  7.73285e-04 | 21 -0.00416  1.46558e-03
 22 -0.00156  1.42729e-03 | 23  0.00094  7.25424e-04 | 24  0.00293  8.31541e-04
 25  0.00415  1.24695e-03 | 26  0.00408  1.95013e-03 | 27  0.00288  1.60045e-04
 28  0.00087  6.17900e-04 | 29 -0.00101  8.11591e-04 | 30 -0.00313 -9.82787e-05
 31 -0.00549  9.95484e-04 | 32 -0.00774  4.44587e-04 | 33 -0.01101 -1.63074e-03
 34 -0.02213 -1.78535e-03 | 35 -0.03092 -9.39369e-04 | 36  0.24381 -9.81760e-04
 37  0.02524  1.12861e-02 | 38 -0.23521 -3.88311e-03 | 39 -0.15828 -4.19084e-03
 40 -0.03809 -7.39184e-04 | 41 -0.02796 -5.20400e-04 | 42 -0.02044 -8.53212e-04
 43 -0.01536 -7.89993e-04 | 44 -0.01467 -5.29350e-04 | 45 -0.01627 -1.82249e-03
 46 -0.02109 -1.47587e-03 | 47 -0.04071 -1.97753e-03 | 48 -0.01841 -1.07570e-03
 49  0.00161 -6.77715e-04 | 50  0.03103 -1.00799e-03 | 51 -0.04839 -9.34768e-04
 52 -0.00212 -2.79522e-05 | 53 -0.06913 -7.01303e-04 | 54 -0.02028 -9.40052e-04
 55 -0.01220 -9.23121e-04 | 56 -0.00312 -4.34046e-03 | 57  0.03191  1.90217e-04
 58  0.00978  1.86428e-03 | 59  0.03030  1.97793e-03 | 60 -0.02421  4.41370e-04
 61 -0.03557 -1.58909e-03 | 62  0.01240 -2.47880e-03 | 63 -0.03250  4.45053e-04
 64 -0.05596 -1.18281e-04 | 65 -0.02787 -1.19910e-04 | 66 -0.02553  3.65391e-04
 67 -0.01503  2.63039e-03 | 68 -0.03059  2.28093e-03 | 69  0.03128  2.51741e-03
 70 -0.00756  4.39571e-03 | 71 -0.08965  3.97869e-03 | 72 -0.09611  2.66055e-03
 73 -0.04015  1.14176e-03 | 74 -0.01667 -3.96193e-04 | 75 -0.01669 -5.49175e-04
 76 -0.01666 -5.80379e-04 | 77 -0.57846  3.40360e+00 | 78 -0.37486  3.25264e-02
 79 -1.01052 -1.75313e-02 | 80 -1.92716 -5.24042e-02 | 81 -1.28970  6.95145e-03
 82 -0.35511 -1.45846e-06 | 83  3.19753 -9.81670e-03 | 84  0.98449  6.08573e-04
 85  0.95048 -1.54141e-02 | 86  0.10262  5.04210e-04 | 87  0.24151  2.39244e-02
 88  2.10573  5.25545e-04 | 89 -2.70327 -6.21305e-03 | 90  1.99183 -4.91991e-05
 91  0.28707  1.52243e-03 | 92  0.00123  6.63257e-06 |
92 variables; iteration 400; function evaluation 537; phase 3
Function value -3.5825547e+01; maximum gradient component mag 2.1002e+00
Var    Value     Gradient |Var    Value     Gradient |Var    Value     Gradient
  1  0.88578 -2.04256e-03 |  2  0.00036  3.73942e-04 |  3  0.00042 -1.23072e-04
  4 -0.01548 -5.01646e-04 |  5 -0.01540 -6.13687e-04 |  6 -0.01531 -7.36183e-04
  7 -0.01519 -7.40788e-04 |  8 -0.01506 -7.62640e-04 |  9 -0.01490 -1.07182e-03
 10 -0.01473 -1.14699e-03 | 11 -0.01454 -9.84260e-04 | 12 -0.01434 -1.01689e-03
 13 -0.01409 -1.25415e-03 | 14 -0.01377 -9.97179e-04 | 15 -0.01343 -9.93929e-04
 16 -0.01292 -9.85611e-04 | 17 -0.01221 -8.62555e-04 | 18 -0.01064 -9.08829e-04
 19 -0.00871 -8.19331e-04 | 20 -0.00663  6.36493e-04 | 21 -0.00416  1.45154e-03
 22 -0.00156  1.70725e-03 | 23  0.00094  1.21339e-03 | 24  0.00294  1.36202e-03
 25  0.00415  1.36499e-03 | 26  0.00408  1.56522e-03 | 27  0.00288  8.36213e-04
 28  0.00087  1.17782e-03 | 29 -0.00101  9.21369e-04 | 30 -0.00313  5.51363e-04
 31 -0.00549  8.71576e-04 | 32 -0.00774  6.16480e-04 | 33 -0.01101 -4.86145e-04
 34 -0.02213 -1.12346e-03 | 35 -0.03092 -7.81677e-04 | 36  0.24381 -6.58830e-04
 37  0.02523  6.49055e-03 | 38 -0.23521 -2.31200e-03 | 39 -0.15828 -2.93153e-03
 40 -0.03809 -5.46155e-04 | 41 -0.02796 -3.40668e-04 | 42 -0.02044 -5.62618e-04
 43 -0.01536 -5.00668e-04 | 44 -0.01467 -6.57889e-04 | 45 -0.01627 -9.48186e-04
 46 -0.02109 -1.15852e-03 | 47 -0.04071 -1.15788e-03 | 48 -0.01841 -8.21275e-04
 49  0.00160 -5.71625e-04 | 50  0.03103  6.06936e-04 | 51 -0.04839 -5.41077e-04
 52 -0.00212  1.36416e-03 | 53 -0.06913 -2.89463e-04 | 54 -0.02028 -9.97025e-04
 55 -0.01220 -2.19082e-04 | 56 -0.00311  5.22211e-05 | 57  0.03191  4.72227e-04
 58  0.00978  3.25889e-04 | 59  0.03030  6.61383e-04 | 60 -0.02421  4.58689e-04
 61 -0.03556 -6.01444e-04 | 62  0.01240 -1.13182e-03 | 63 -0.03251 -4.23768e-04
 64 -0.05596 -1.30696e-03 | 65 -0.02787 -1.88973e-03 | 66 -0.02553 -1.00423e-03
 67 -0.01503  3.79266e-04 | 68 -0.03059  6.64370e-04 | 69  0.03128  9.82858e-04
 70 -0.00756  1.96708e-03 | 71 -0.08966  1.76144e-03 | 72 -0.09611  1.25947e-03
 73 -0.04015  1.18869e-03 | 74 -0.01667  2.00472e-04 | 75 -0.01669  5.22378e-05
 76 -0.01666  3.82457e-05 | 77 -0.57846  2.10018e+00 | 78 -0.39470  1.33696e-02
 79 -1.01053 -1.77581e-02 | 80 -1.93765 -3.76743e-02 | 81 -1.28970  6.94113e-03
 82 -0.35512 -1.95326e-07 | 83  3.20045 -9.65320e-03 | 84  0.98448  5.52642e-04
 85  0.95065 -1.50541e-02 | 86  0.10381  5.09589e-04 | 87  0.24151  2.17118e-02
 88  2.10688  5.31293e-04 | 89 -2.69995 -6.15575e-03 | 90  2.00169  8.67095e-07
 91  0.27941  1.47609e-03 | 92  0.00007  9.32905e-07 |
92 variables; iteration 420; function evaluation 562; phase 3
Function value -3.5825558e+01; maximum gradient component mag -1.0234e+00
Var    Value     Gradient |Var    Value     Gradient |Var    Value     Gradient
  1  0.88691 -2.01417e-03 |  2  0.00036  3.62459e-04 |  3  0.00042 -1.17750e-04
  4 -0.01548 -5.13110e-04 |  5 -0.01540 -6.16856e-04 |  6 -0.01531 -7.23131e-04
  7 -0.01519 -7.10135e-04 |  8 -0.01506 -7.27801e-04 |  9 -0.01490 -1.05750e-03
 10 -0.01473 -1.12883e-03 | 11 -0.01454 -9.69631e-04 | 12 -0.01434 -1.00697e-03
 13 -0.01409 -1.23645e-03 | 14 -0.01377 -9.77009e-04 | 15 -0.01343 -9.75871e-04
 16 -0.01292 -9.66972e-04 | 17 -0.01221 -7.98574e-04 | 18 -0.01064 -9.35225e-04
 19 -0.00871 -8.02561e-04 | 20 -0.00663  6.83020e-04 | 21 -0.00416  1.46969e-03
 22 -0.00156  1.71145e-03 | 23  0.00094  1.21374e-03 | 24  0.00294  1.36824e-03
 25  0.00415  1.41655e-03 | 26  0.00408  1.68414e-03 | 27  0.00288  9.08425e-04
 28  0.00087  1.31261e-03 | 29 -0.00101  1.15573e-03 | 30 -0.00313  8.41113e-04
 31 -0.00549  1.32632e-03 | 32 -0.00774  1.19448e-03 | 33 -0.01101  2.02069e-04
 34 -0.02213 -2.31549e-04 | 35 -0.03092  2.06313e-04 | 36  0.24381 -3.37611e-04
 37  0.02523 -5.01933e-03 | 38 -0.23521 -1.92827e-04 | 39 -0.15828  3.98495e-05
 40 -0.03809 -6.11696e-04 | 41 -0.02796 -4.14605e-04 | 42 -0.02044 -6.66635e-04
 43 -0.01536 -6.23493e-04 | 44 -0.01467 -7.43080e-04 | 45 -0.01627 -1.13058e-03
 46 -0.02109 -1.53589e-03 | 47 -0.04071 -1.21729e-03 | 48 -0.01841 -6.62644e-04
 49  0.00160 -1.73227e-04 | 50  0.03103 -1.20625e-04 | 51 -0.04839 -1.21316e-04
 52 -0.00212  9.73875e-04 | 53 -0.06913 -6.19483e-04 | 54 -0.02028 -7.66702e-04
 55 -0.01220 -8.68967e-04 | 56 -0.00311 -5.48469e-04 | 57  0.03191 -4.35466e-04
 58  0.00978 -4.11845e-04 | 59  0.03030 -4.61219e-04 | 60 -0.02421 -5.09941e-04
 61 -0.03556 -1.82516e-05 | 62  0.01240  4.12590e-04 | 63 -0.03251  2.71616e-04
 64 -0.05596  2.17313e-04 | 65 -0.02787  6.03342e-04 | 66 -0.02553  6.29891e-04
 67 -0.01503  6.00372e-04 | 68 -0.03059  4.25590e-04 | 69  0.03128  1.03558e-03
 70 -0.00756  4.25814e-04 | 71 -0.08966  1.18774e-03 | 72 -0.09611  1.79894e-03
 73 -0.04015  1.56060e-03 | 74 -0.01667  1.62875e-04 | 75 -0.01669  3.21211e-06
 76 -0.01666  1.23677e-06 | 77 -0.57846 -1.02336e+00 | 78 -0.41459 -5.41100e-03
 79 -1.01052 -1.74799e-02 | 80 -1.94413  1.22471e-02 | 81 -1.28970  6.75755e-03
 82 -0.35513 -3.57438e-07 | 83  3.20288 -9.52303e-03 | 84  0.98448  5.61971e-04
 85  0.95074 -1.49050e-02 | 86  0.10480  5.14759e-04 | 87  0.24151  2.17454e-02
 88  2.10542  5.22319e-04 | 89 -2.69608 -6.05123e-03 | 90  2.00088 -8.63695e-06
 91  0.27674  1.46234e-03 | 92  0.00011  1.60816e-06 |
92 variables; iteration 440; function evaluation 587; phase 3
Function value -3.5825560e+01; maximum gradient component mag -1.8090e-01
Var    Value     Gradient |Var    Value     Gradient |Var    Value     Gradient
  1  0.88777 -1.99488e-03 |  2  0.00036  3.66834e-04 |  3  0.00042 -1.18784e-04
  4 -0.01548 -4.97155e-04 |  5 -0.01540 -6.03468e-04 |  6 -0.01531 -7.16326e-04
  7 -0.01519 -7.13776e-04 |  8 -0.01506 -7.33182e-04 |  9 -0.01490 -1.04609e-03
 10 -0.01473 -1.11451e-03 | 11 -0.01454 -9.61580e-04 | 12 -0.01434 -9.98163e-04
 13 -0.01409 -1.22032e-03 | 14 -0.01377 -9.69431e-04 | 15 -0.01343 -9.63749e-04
 16 -0.01292 -9.50149e-04 | 17 -0.01221 -8.12600e-04 | 18 -0.01064 -8.91317e-04
 19 -0.00871 -7.90518e-04 | 20 -0.00663  6.58774e-04 | 21 -0.00416  1.44338e-03
 22 -0.00156  1.69339e-03 | 23  0.00094  1.20812e-03 | 24  0.00294  1.35909e-03
 25  0.00415  1.38499e-03 | 26  0.00408  1.61892e-03 | 27  0.00288  8.88982e-04
 28  0.00087  1.26861e-03 | 29 -0.00101  1.07528e-03 | 30 -0.00313  7.62498e-04
 31 -0.00549  1.17976e-03 | 32 -0.00774  1.02045e-03 | 33 -0.01101  3.38877e-05
 34 -0.02213 -4.60772e-04 | 35 -0.03092 -7.07750e-05 | 36  0.24381 -4.07632e-04
 37  0.02523 -1.87848e-03 | 38 -0.23521 -7.35836e-04 | 39 -0.15828 -7.54786e-04
 40 -0.03809 -5.81576e-04 | 41 -0.02796 -3.84588e-04 | 42 -0.02044 -6.24640e-04
 43 -0.01536 -5.76950e-04 | 44 -0.01467 -7.15058e-04 | 45 -0.01627 -1.04662e-03
 46 -0.02109 -1.40789e-03 | 47 -0.04071 -1.17017e-03 | 48 -0.01841 -6.95987e-04
 49  0.00160 -2.89558e-04 | 50  0.03103  1.08365e-04 | 51 -0.04839 -2.39868e-04
 52 -0.00212  1.08343e-03 | 53 -0.06913 -5.14424e-04 | 54 -0.02028 -8.24716e-04
 55 -0.01220 -6.52482e-04 | 56 -0.00311 -2.72204e-04 | 57  0.03191 -1.55096e-04
 58  0.00978 -2.20618e-04 | 59  0.03030 -1.59294e-04 | 60 -0.02421 -2.28541e-04
 61 -0.03556 -1.47798e-04 | 62  0.01240  2.92442e-05 | 63 -0.03251  6.53913e-05
 64 -0.05596 -2.26655e-04 | 65 -0.02787 -1.23795e-04 | 66 -0.02553  1.47743e-04
 67 -0.01503  4.78423e-04 | 68 -0.03059  4.53044e-04 | 69  0.03128  9.68156e-04
 70 -0.00756  7.65292e-04 | 71 -0.08966  1.26997e-03 | 72 -0.09611  1.58545e-03
 73 -0.04015  1.43498e-03 | 74 -0.01667  1.87699e-04 | 75 -0.01669  2.86082e-05
 76 -0.01666  2.73825e-05 | 77 -0.57846 -1.80899e-01 | 78 -0.43043 -2.12489e-03
 79 -1.01051 -1.73207e-02 | 80 -1.94758 -1.94518e-03 | 81 -1.28970  6.73719e-03
 82 -0.35513 -2.76324e-07 | 83  3.20476 -9.42551e-03 | 84  0.98448  5.53811e-04
 85  0.95079 -1.47328e-02 | 86  0.10551  5.17979e-04 | 87  0.24151  2.14070e-02
 88  2.10408  5.17950e-04 | 89 -2.69330 -6.00534e-03 | 90  1.99954 -3.42594e-06
 91  0.27506  1.44497e-03 | 92  0.00024  1.29618e-06 |
92 variables; iteration 460; function evaluation 610; phase 3
Function value -3.5825563e+01; maximum gradient component mag 1.6970e+00
Var    Value     Gradient |Var    Value     Gradient |Var    Value     Gradient
  1  0.88891 -1.96638e-03 |  2  0.00036  3.68770e-04 |  3  0.00042 -1.20077e-04
  4 -0.01548 -4.74176e-04 |  5 -0.01540 -5.84489e-04 |  6 -0.01531 -7.07899e-04
  7 -0.01519 -7.19888e-04 |  8 -0.01506 -7.41925e-04 |  9 -0.01490 -1.02972e-03
 10 -0.01473 -1.09909e-03 | 11 -0.01454 -9.48464e-04 | 12 -0.01434 -9.81559e-04
 13 -0.01409 -1.20074e-03 | 14 -0.01377 -9.60071e-04 | 15 -0.01343 -9.50820e-04
 16 -0.01292 -9.35194e-04 | 17 -0.01221 -8.39361e-04 | 18 -0.01064 -8.38655e-04
 19 -0.00871 -7.78732e-04 | 20 -0.00663  6.12180e-04 | 21 -0.00416  1.39806e-03
 22 -0.00156  1.65680e-03 | 23  0.00094  1.18909e-03 | 24  0.00294  1.33392e-03
 25  0.00415  1.32451e-03 | 26  0.00408  1.50275e-03 | 27  0.00288  8.36635e-04
 28  0.00087  1.16661e-03 | 29 -0.00101  9.07667e-04 | 30 -0.00313  5.76672e-04
 31 -0.00549  8.68437e-04 | 32 -0.00774  6.40715e-04 | 33 -0.01101 -3.76510e-04
 34 -0.02213 -9.93970e-04 | 35 -0.03092 -6.82861e-04 | 36  0.24381 -5.97672e-04
 37  0.02523  5.25537e-03 | 38 -0.23521 -2.01213e-03 | 39 -0.15828 -2.56768e-03
 40 -0.03809 -5.24633e-04 | 41 -0.02796 -3.26753e-04 | 42 -0.02044 -5.42127e-04
 43 -0.01536 -4.83235e-04 | 44 -0.01467 -6.47780e-04 | 45 -0.01627 -8.94777e-04
 46 -0.02109 -1.13597e-03 | 47 -0.04071 -1.09348e-03 | 48 -0.01841 -7.75583e-04
 49  0.00160 -5.31389e-04 | 50  0.03103  5.86131e-04 | 51 -0.04839 -4.89761e-04
 52 -0.00212  1.32507e-03 | 53 -0.06913 -2.89540e-04 | 54 -0.02028 -9.50324e-04
 55 -0.01220 -2.17530e-04 | 56 -0.00311  1.90028e-04 | 57  0.03191  4.21424e-04
 58  0.00978  2.16961e-04 | 59  0.03030  5.18710e-04 | 60 -0.02421  3.80958e-04
 61 -0.03556 -4.89753e-04 | 62  0.01240 -9.12829e-04 | 63 -0.03251 -3.85807e-04
 64 -0.05596 -1.19067e-03 | 65 -0.02787 -1.70232e-03 | 66 -0.02553 -8.94269e-04
 67 -0.01503  2.90337e-04 | 68 -0.03059  5.64434e-04 | 69  0.03128  8.86813e-04
 70 -0.00756  1.66594e-03 | 71 -0.08966  1.55771e-03 | 72 -0.09611  1.18714e-03
 73 -0.04015  1.17074e-03 | 74 -0.01667  2.17048e-04 | 75 -0.01669  6.89593e-05
 76 -0.01666  6.04025e-05 | 77 -0.57846  1.69702e+00 | 78 -0.44913  1.55595e-03
 79 -1.01051 -1.70990e-02 | 80 -1.95043 -3.52179e-02 | 81 -1.28970  6.71095e-03
 82 -0.35513 -1.04417e-07 | 83  3.20750 -9.28257e-03 | 84  0.98448  5.34402e-04
 85  0.95092 -1.44760e-02 | 86  0.10635  5.22365e-04 | 87  0.24152  2.08508e-02
 88  2.10300  5.11781e-04 | 89 -2.69083 -5.94160e-03 | 90  2.00132  4.62994e-06
 91  0.27093  1.41894e-03 | 92  0.00012  7.31384e-07 |
92 variables; iteration 480; function evaluation 635; phase 3
Function value -3.5825618e+01; maximum gradient component mag 4.1814e+00
Var    Value     Gradient |Var    Value     Gradient |Var    Value     Gradient
  1  0.89530 -1.80503e-03 |  2  0.00036  3.57517e-04 |  3  0.00042 -1.14646e-04
  4 -0.01548 -4.12634e-04 |  5 -0.01540 -5.24056e-04 |  6 -0.01531 -6.56658e-04
  7 -0.01519 -6.89822e-04 |  8 -0.01506 -7.14272e-04 |  9 -0.01490 -9.47153e-04
 10 -0.01473 -1.01232e-03 | 11 -0.01454 -8.77898e-04 | 12 -0.01434 -9.07007e-04
 13 -0.01409 -1.10154e-03 | 14 -0.01377 -8.92296e-04 | 15 -0.01343 -8.73775e-04
 16 -0.01292 -8.50714e-04 | 17 -0.01221 -8.26587e-04 | 18 -0.01064 -6.97264e-04
 19 -0.00871 -7.12932e-04 | 20 -0.00663  5.18614e-04 | 21 -0.00417  1.25663e-03
 22 -0.00156  1.51591e-03 | 23  0.00094  1.09545e-03 | 24  0.00294  1.21940e-03
 25  0.00415  1.15144e-03 | 26  0.00408  1.23587e-03 | 27  0.00288  6.98823e-04
 28  0.00087  9.44009e-04 | 29 -0.00101  6.01428e-04 | 30 -0.00313  2.74233e-04
 31 -0.00549  3.69659e-04 | 32 -0.00774  6.26686e-05 | 33 -0.01101 -9.28050e-04
 34 -0.02213 -1.68385e-03 | 35 -0.03092 -1.51373e-03 | 36  0.24381 -7.60216e-04
 37  0.02523  1.49877e-02 | 38 -0.23521 -3.68089e-03 | 39 -0.15828 -4.96671e-03
 40 -0.03809 -4.07183e-04 | 41 -0.02796 -2.18010e-04 | 42 -0.02044 -3.91134e-04
 43 -0.01536 -3.23871e-04 | 44 -0.01467 -5.22606e-04 | 45 -0.01627 -6.25823e-04
 46 -0.02109 -6.94125e-04 | 47 -0.04071 -9.22966e-04 | 48 -0.01841 -8.48010e-04
 49  0.00160 -8.61723e-04 | 50  0.03103  1.22507e-03 | 51 -0.04839 -8.36874e-04
 52 -0.00212  1.57718e-03 | 53 -0.06913  3.70162e-05 | 54 -0.02028 -1.09046e-03
 55 -0.01220  4.11731e-04 | 56 -0.00311  8.46734e-04 | 57  0.03191  1.24884e-03
 58  0.00978  8.52121e-04 | 59  0.03030  1.49249e-03 | 60 -0.02421  1.23698e-03
 61 -0.03556 -9.24270e-04 | 62  0.01240 -2.14930e-03 | 63 -0.03251 -9.82888e-04
 64 -0.05596 -2.48238e-03 | 65 -0.02787 -3.83466e-03 | 66 -0.02553 -2.31853e-03
 67 -0.01503 -1.54207e-05 | 68 -0.03059  6.79491e-04 | 69  0.03128  7.04388e-04
 70 -0.00756  2.75651e-03 | 71 -0.08966  1.83939e-03 | 72 -0.09611  5.29761e-04
 73 -0.04015  7.26918e-04 | 74 -0.01667  2.58174e-04 | 75 -0.01669  1.26570e-04
 76 -0.01666  1.15400e-04 | 77 -0.57846  4.18144e+00 | 78 -0.52539 -1.44416e-03
 79 -1.01047 -1.58206e-02 | 80 -1.95534 -8.26541e-02 | 81 -1.28971  6.24873e-03
 82 -0.35516  1.27503e-08 | 83  3.22108 -8.57209e-03 | 84  0.98448  4.83877e-04
 85  0.95139 -1.33189e-02 | 86  0.11054  5.44568e-04 | 87  0.24152  1.89531e-02
 88  2.09605  4.74065e-04 | 89 -2.67032 -5.49373e-03 | 90  2.00022  1.19927e-05
 91  0.25536  1.30477e-03 | 92  0.00014 -1.31168e-08 |
92 variables; iteration 500; function evaluation 657; phase 3
Function value -3.5825642e+01; maximum gradient component mag 4.3443e+00
Var    Value     Gradient |Var    Value     Gradient |Var    Value     Gradient
  1  0.90237 -1.66432e-03 |  2  0.00035  2.30252e-05 |  3  0.00042 -6.96772e-05
  4 -0.01548 -7.52367e-04 |  5 -0.01540 -7.06583e-04 |  6 -0.01530 -5.70634e-04
  7 -0.01519 -2.90683e-04 |  8 -0.01506 -2.68871e-04 |  9 -0.01490 -9.70346e-04
 10 -0.01473 -1.03812e-03 | 11 -0.01454 -8.03882e-04 | 12 -0.01434 -8.21266e-04
 13 -0.01409 -1.22234e-03 | 14 -0.01377 -8.27521e-04 | 15 -0.01343 -1.02581e-03
 16 -0.01292 -1.21416e-03 | 17 -0.01221 -2.87948e-04 | 18 -0.01065 -2.12695e-03
 19 -0.00871 -1.06793e-03 | 20 -0.00663  6.74935e-04 | 21 -0.00417  1.17347e-03
 22 -0.00156  9.72184e-04 | 23  0.00094  3.05206e-04 | 24  0.00293  3.68991e-04
 25  0.00415  9.37957e-04 | 26  0.00408  1.78340e-03 | 27  0.00288 -2.61495e-04
 28  0.00087  1.41217e-04 | 29 -0.00101  5.32277e-04 | 30 -0.00313 -5.49018e-04
 31 -0.00549  7.25083e-04 | 32 -0.00774  5.99702e-05 | 33 -0.01101 -2.23621e-03
 34 -0.02213 -2.15354e-03 | 35 -0.03092 -1.20859e-03 | 36  0.24381 -1.17721e-03
 37  0.02524  1.61130e-02 | 38 -0.23521 -4.84146e-03 | 39 -0.15828 -5.20202e-03
 40 -0.03809 -7.01423e-04 | 41 -0.02796 -5.16521e-04 | 42 -0.02044 -8.44253e-04
 43 -0.01536 -7.68998e-04 | 44 -0.01467 -3.14147e-04 | 45 -0.01627 -1.94119e-03
 46 -0.02109 -1.24702e-03 | 47 -0.04071 -2.08202e-03 | 48 -0.01841 -1.09778e-03
 49  0.00161 -7.49078e-04 | 50  0.03103 -1.46016e-03 | 51 -0.04839 -1.11232e-03
 52 -0.00212 -6.42171e-04 | 53 -0.06913 -6.50440e-04 | 54 -0.02028 -7.78048e-04
 55 -0.01220 -9.00339e-04 | 56 -0.00312 -5.68410e-03 | 57  0.03191  3.09668e-04
 58  0.00978  2.57657e-03 | 59  0.03030  2.54922e-03 | 60 -0.02421  6.42423e-04
 61 -0.03557 -2.09411e-03 | 62  0.01239 -3.41776e-03 | 63 -0.03250  5.69177e-04
 64 -0.05595  6.94335e-05 | 65 -0.02787  9.06107e-05 | 66 -0.02553  5.76914e-04
 67 -0.01503  3.36752e-03 | 68 -0.03059  2.88437e-03 | 69  0.03128  2.94940e-03
 70 -0.00756  5.64680e-03 | 71 -0.08965  4.70421e-03 | 72 -0.09611  2.77466e-03
 73 -0.04015  7.66129e-04 | 74 -0.01667 -6.79552e-04 | 75 -0.01670 -7.77980e-04
 76 -0.01666 -8.39580e-04 | 77 -0.57846  4.34434e+00 | 78 -0.58369 -3.19396e-03
 79 -1.01042 -1.41460e-02 | 80 -1.95642 -8.44520e-02 | 81 -1.28971  5.88726e-03
 82 -0.35511  4.31619e-07 | 83  3.24197 -7.76739e-03 | 84  0.98448  4.91848e-04
 85  0.95183 -1.26295e-02 | 86  0.11420  5.59799e-04 | 87  0.24153  2.06400e-02
 88  2.08652  4.23629e-04 | 89 -2.66441 -5.46765e-03 | 90  1.99527 -3.00233e-05
 91  0.24183  1.24627e-03 | 92  0.00122  7.66920e-06 |
92 variables; iteration 520; function evaluation 678; phase 3
Function value -3.5829221e+01; maximum gradient component mag 5.3411e+00
Var    Value     Gradient |Var    Value     Gradient |Var    Value     Gradient
  1  1.13760  2.66953e-03 |  2  0.00035 -1.04821e-03 |  3  0.00042  6.65309e-05
  4 -0.01548 -1.05814e-03 |  5 -0.01540 -6.41378e-04 |  6 -0.01530  1.44138e-04
  7 -0.01519  1.00162e-03 |  8 -0.01505  1.14326e-03 |  9 -0.01490 -2.87905e-04
 10 -0.01472 -2.89223e-04 | 11 -0.01454  5.36519e-05 | 12 -0.01433  1.01863e-04
 13 -0.01408 -7.44200e-04 | 14 -0.01376 -1.26510e-04 | 15 -0.01342 -8.38255e-04
 16 -0.01292 -1.55276e-03 | 17 -0.01220  1.12098e-03 | 18 -0.01064 -4.73132e-03
 19 -0.00871 -1.37061e-03 | 20 -0.00663  1.95025e-04 | 21 -0.00417 -7.94162e-05
 22 -0.00157 -1.35564e-03 | 23  0.00093 -2.02463e-03 | 24  0.00293 -2.00390e-03
 25  0.00414  1.23717e-04 | 26  0.00408  2.34578e-03 | 27  0.00288 -1.98422e-03
 28  0.00087 -1.66417e-03 | 29 -0.00101  3.37760e-04 | 30 -0.00313 -2.29777e-03
 31 -0.00549  9.09851e-04 | 32 -0.00774 -5.46165e-04 | 33 -0.01101 -4.88692e-03
 34 -0.02213 -2.92302e-03 | 35 -0.03092 -4.87181e-04 | 36  0.24381 -4.79910e-03
 37  0.02525  2.20947e-02 | 38 -0.23521 -7.21827e-03 | 39 -0.15828 -6.00115e-03
 40 -0.03809 -1.04653e-03 | 41 -0.02796 -1.12130e-03 | 42 -0.02043 -1.32606e-03
 43 -0.01536 -1.18088e-03 | 44 -0.01467  7.06358e-04 | 45 -0.01627 -3.61194e-03
 46 -0.02108 -1.02682e-03 | 47 -0.04071 -3.28661e-03 | 48 -0.01841 -9.63314e-04
 49  0.00161 -2.44075e-05 | 50  0.03103 -6.85045e-03 | 51 -0.04839 -9.58309e-04
 52 -0.00213 -5.53884e-03 | 53 -0.06913 -1.38502e-03 | 54 -0.02028  9.50972e-04
 55 -0.01220 -2.48068e-03 | 56 -0.00312 -1.80489e-02 | 57  0.03191 -2.06548e-03
 58  0.00978  5.69605e-03 | 59  0.03030  4.42423e-03 | 60 -0.02421 -4.10910e-04
 61 -0.03557 -4.67302e-03 | 62  0.01239 -6.99892e-03 | 63 -0.03250  2.85905e-03
 64 -0.05595  4.69204e-03 | 65 -0.02787  6.99753e-03 | 66 -0.02553  5.68131e-03
 67 -0.01503  1.01124e-02 | 68 -0.03059  7.04794e-03 | 69  0.03128  6.64156e-03
 70 -0.00756  1.29241e-02 | 71 -0.08966  1.03321e-02 | 72 -0.09611  6.59246e-03
 73 -0.04016 -1.61720e-04 | 74 -0.01667 -2.86882e-03 | 75 -0.01670 -2.59939e-03
 76 -0.01666 -2.91569e-03 | 77 -0.57846  5.34105e+00 | 78 -0.51600  4.42631e-04
 79 -1.00999  1.57278e-03 | 80 -1.95503 -9.39973e-02 | 81 -1.28978  2.33163e-03
 82 -0.35528 -5.96023e-06 | 83  3.82715 -8.58063e-04 | 84  0.98445  8.04971e-06
 85  0.95746  1.58554e-04 | 86  0.22114  1.11479e-03 | 87  0.24158  2.90748e-03
 88  2.00112 -4.50304e-05 | 89 -2.03998 -2.60155e-04 | 90  1.99825 -8.07130e-05
 91  0.00976 -2.78921e-05 | 92  0.00102  2.06706e-05 |
92 variables; iteration 540; function evaluation 703; phase 3
Function value -3.5829467e+01; maximum gradient component mag 7.3228e+00
Var    Value     Gradient |Var    Value     Gradient |Var    Value     Gradient
  1  1.13578  2.59086e-03 |  2  0.00035 -1.00592e-04 |  3  0.00042  5.07198e-05
  4 -0.01548 -1.40682e-04 |  5 -0.01540 -9.16124e-05 |  6 -0.01530  2.74670e-06
  7 -0.01519  1.11735e-04 |  8 -0.01505  1.28752e-04 |  9 -0.01490 -4.38452e-05
 10 -0.01472 -8.80243e-05 | 11 -0.01454 -1.97594e-05 | 12 -0.01433 -1.92925e-05
 13 -0.01408 -1.36971e-04 | 14 -0.01376 -5.92563e-05 | 15 -0.01342 -1.52575e-04
 16 -0.01292 -2.48404e-04 | 17 -0.01221  7.77713e-05 | 18 -0.01064 -6.50469e-04
 19 -0.00871 -2.42482e-04 | 20 -0.00663 -1.45811e-05 | 21 -0.00417 -2.03888e-05
 22 -0.00157 -1.88781e-04 | 23  0.00094 -3.19323e-04 | 24  0.00293 -3.55818e-04
 25  0.00414 -1.60643e-04 | 26  0.00407  3.26128e-05 | 27  0.00288 -5.83054e-04
 28  0.00087 -6.47660e-04 | 29 -0.00101 -5.41651e-04 | 30 -0.00313 -1.03916e-03
 31 -0.00550 -8.41257e-04 | 32 -0.00775 -1.32105e-03 | 33 -0.01100 -2.23455e-03
 34 -0.02213 -2.31922e-03 | 35 -0.03092 -2.15761e-03 | 36  0.24381 -1.00485e-03
 37  0.02524  2.75314e-02 | 38 -0.23521 -5.53703e-03 | 39 -0.15828 -7.11444e-03
 40 -0.03809  1.04111e-05 | 41 -0.02796  2.13797e-05 | 42 -0.02043  3.89567e-05
 43 -0.01536  6.57917e-05 | 44 -0.01467  2.82388e-04 | 45 -0.01627 -2.04293e-04
 46 -0.02108  5.99234e-04 | 47 -0.04070 -4.16598e-04 | 48 -0.01841 -4.79086e-04
 49  0.00160 -9.02910e-04 | 50  0.03103  3.71468e-04 | 51 -0.04839 -1.19021e-03
 52 -0.00213 -2.07526e-04 | 53 -0.06913  3.67760e-04 | 54 -0.02028 -4.08427e-04
 55 -0.01220  9.37026e-04 | 56 -0.00311 -1.84252e-03 | 57  0.03191  1.74736e-03
 58  0.00978  2.66747e-03 | 59  0.03030  3.34952e-03 | 60 -0.02421  2.02364e-03
 61 -0.03556 -1.91067e-03 | 62  0.01240 -4.12791e-03 | 63 -0.03251 -7.83893e-04
 64 -0.05596 -2.31964e-03 | 65 -0.02787 -3.93137e-03 | 66 -0.02553 -2.42598e-03
 67 -0.01503  1.16768e-03 | 68 -0.03059  1.68762e-03 | 69  0.03128  1.01099e-03
 70 -0.00756  4.95104e-03 | 71 -0.08966  2.78590e-03 | 72 -0.09611 -1.30969e-04
 73 -0.04016 -8.12970e-04 | 74 -0.01667 -3.58192e-04 | 75 -0.01669 -3.18580e-04
 76 -0.01665 -3.52986e-04 | 77 -0.57846  7.32279e+00 | 78 -0.42648  2.44705e-02
 79 -1.01002 -9.05199e-04 | 80 -1.94678 -1.24596e-01 | 81 -1.28979  6.86756e-04
 82 -0.35533 -7.55519e-07 | 83  3.83023 -8.71413e-04 | 84  0.98445  2.32132e-05
 85  0.95723 -9.29319e-04 | 86  0.21828  1.09725e-03 | 87  0.24158  1.75938e-03
 88  2.00658  1.98306e-05 | 89 -2.06547 -3.34684e-04 | 90  2.00193 -1.27575e-05
 91  0.01813  6.88443e-05 | 92 -0.00029  2.51309e-06 |
92 variables; iteration 560; function evaluation 725; phase 3
Function value -3.5829548e+01; maximum gradient component mag 2.3679e+00
Var    Value     Gradient |Var    Value     Gradient |Var    Value     Gradient
  1  1.13626  2.60383e-03 |  2  0.00035  6.58613e-05 |  3  0.00042  2.89377e-05
  4 -0.01548  2.87376e-05 |  5 -0.01540  1.45758e-05 |  6 -0.01530 -5.21533e-06
  7 -0.01519 -3.25891e-05 |  8 -0.01506 -4.32450e-05 |  9 -0.01490 -2.72468e-05
 10 -0.01472 -3.19937e-05 | 11 -0.01454 -3.98571e-05 | 12 -0.01433 -3.58982e-05
 13 -0.01408 -3.14948e-05 | 14 -0.01376 -3.42132e-05 | 15 -0.01342 -2.47460e-05
 16 -0.01292 -1.62414e-05 | 17 -0.01221 -7.45606e-05 | 18 -0.01064  5.02247e-05
 19 -0.00871 -1.83378e-05 | 20 -0.00663 -1.23135e-05 | 21 -0.00417  2.54934e-05
 22 -0.00157  6.06507e-05 | 23  0.00094  5.36504e-05 | 24  0.00293  4.77194e-05
 25  0.00414 -7.90253e-07 | 26  0.00407 -3.81452e-05 | 27  0.00288 -3.78372e-05
 28  0.00087 -4.72294e-05 | 29 -0.00101 -1.45912e-04 | 30 -0.00312 -1.72768e-04
 31 -0.00550 -3.06668e-04 | 32 -0.00775 -4.04981e-04 | 33 -0.01100 -4.76561e-04
 34 -0.02213 -6.66032e-04 | 35 -0.03092 -7.55536e-04 | 36  0.24381 -1.22752e-04
 37  0.02524  8.63796e-03 | 38 -0.23521 -1.58372e-03 | 39 -0.15828 -2.22564e-03
 40 -0.03809  6.08840e-05 | 41 -0.02796  7.59872e-05 | 42 -0.02043  9.13878e-05
 43 -0.01536  9.81890e-05 | 44 -0.01467  4.76775e-05 | 45 -0.01627  1.40613e-04
 46 -0.02108  2.48035e-04 | 47 -0.04070  3.24856e-05 | 48 -0.01841 -1.30852e-04
 49  0.00160 -3.15966e-04 | 50  0.03103  6.10074e-04 | 51 -0.04839 -3.30503e-04
 52 -0.00212  3.60453e-04 | 53 -0.06913  2.66043e-04 | 54 -0.02028 -1.98797e-04
 55 -0.01220  5.22299e-04 | 56 -0.00311  6.02878e-04 | 57  0.03191  7.94552e-04
 58  0.00978  6.00679e-04 | 59  0.03030  9.11530e-04 | 60 -0.02421  8.01454e-04
 61 -0.03556 -3.60315e-04 | 62  0.01240 -1.05630e-03 | 63 -0.03251 -4.85163e-04
 64 -0.05596 -1.15326e-03 | 65 -0.02787 -1.90218e-03 | 66 -0.02553 -1.23514e-03
 67 -0.01503 -2.27457e-04 | 68 -0.03059  1.62646e-04 | 69  0.03128 -5.06135e-05
 70 -0.00756  1.03722e-03 | 71 -0.08966  3.88421e-04 | 72 -0.09611 -4.22109e-04
 73 -0.04016 -2.31291e-04 | 74 -0.01667  7.07740e-05 | 75 -0.01669  5.51629e-05
 76 -0.01665  5.70226e-05 | 77 -0.57846  2.36792e+00 | 78 -0.39006  1.56515e-02
 79 -1.01002 -1.24119e-03 | 80 -1.93560 -3.71607e-02 | 81 -1.28979  5.31354e-04
 82 -0.35533  5.46677e-08 | 83  3.83124 -8.66005e-04 | 84  0.98445  2.29046e-05
 85  0.95722 -9.89021e-04 | 86  0.21772  1.09414e-03 | 87  0.24158  1.31874e-03
 88  2.00706  2.83644e-05 | 89 -2.06395 -3.25762e-04 | 90  2.00250  2.57034e-06
 91  0.01868  7.19563e-05 | 92 -0.00048 -4.77471e-07 |
92 variables; iteration 580; function evaluation 750; phase 3
Function value -3.5829591e+01; maximum gradient component mag 3.9005e+00
Var    Value     Gradient |Var    Value     Gradient |Var    Value     Gradient
  1  1.13666  2.61156e-03 |  2  0.00035  2.16827e-05 |  3  0.00042  3.58621e-05
  4 -0.01548 -1.90508e-05 |  5 -0.01540 -2.41301e-05 |  6 -0.01530 -1.12759e-05
  7 -0.01519 -1.41876e-05 |  8 -0.01505  2.96662e-07 |  9 -0.01490 -1.51595e-05
 10 -0.01472 -4.32107e-05 | 11 -0.01454 -3.09477e-05 | 12 -0.01433 -4.82257e-05
 13 -0.01408 -6.33797e-05 | 14 -0.01376 -6.72214e-05 | 15 -0.01342 -6.51996e-05
 16 -0.01292 -5.74538e-05 | 17 -0.01221 -4.66737e-05 | 18 -0.01064 -6.93016e-05
 19 -0.00871 -6.40793e-05 | 20 -0.00663  1.04522e-06 | 21 -0.00417  4.56666e-05
 22 -0.00157  5.70532e-05 | 23  0.00094  3.91189e-06 | 24  0.00293  3.93549e-06
 25  0.00414 -6.61135e-05 | 26  0.00408 -2.18558e-04 | 27  0.00288 -9.89481e-05
 28  0.00087 -2.23824e-04 | 29 -0.00101 -3.12215e-04 | 30 -0.00313 -4.27565e-04
 31 -0.00550 -5.05188e-04 | 32 -0.00775 -6.47984e-04 | 33 -0.01100 -8.83748e-04
 34 -0.02213 -1.01239e-03 | 35 -0.03092 -1.03160e-03 | 36  0.24381 -2.89965e-04
 37  0.02524  1.39112e-02 | 38 -0.23521 -2.60980e-03 | 39 -0.15828 -3.69546e-03
 40 -0.03809  9.57595e-05 | 41 -0.02796  8.70696e-05 | 42 -0.02043  1.35683e-04
 43 -0.01536  1.03401e-04 | 44 -0.01467  8.98430e-05 | 45 -0.01627  1.39877e-04
 46 -0.02108  4.19985e-04 | 47 -0.04070  4.60167e-05 | 48 -0.01841 -1.64933e-04
 49  0.00160 -5.15797e-04 | 50  0.03103  6.92199e-04 | 51 -0.04839 -6.27111e-04
 52 -0.00213  3.18527e-04 | 53 -0.06913  2.45810e-04 | 54 -0.02028 -2.64231e-04
 55 -0.01220  7.57087e-04 | 56 -0.00311  3.70098e-04 | 57  0.03191  1.25762e-03
 58  0.00978  1.09271e-03 | 59  0.03030  1.51542e-03 | 60 -0.02421  1.16132e-03
 61 -0.03557 -7.76844e-04 | 62  0.01240 -1.87856e-03 | 63 -0.03251 -6.93663e-04
 64 -0.05596 -1.74626e-03 | 65 -0.02787 -2.86021e-03 | 66 -0.02553 -1.78982e-03
 67 -0.01503  6.49761e-05 | 68 -0.03059  5.32420e-04 | 69  0.03128  2.53077e-04
 70 -0.00756  1.95188e-03 | 71 -0.08966  8.79774e-04 | 72 -0.09611 -5.29639e-04
 73 -0.04016 -4.49385e-04 | 74 -0.01667 -1.55260e-06 | 75 -0.01669  2.76644e-06
 76 -0.01666  1.13678e-05 | 77 -0.57846  3.90046e+00 | 78 -0.36760  4.41877e-02
 79 -1.01002 -1.21097e-03 | 80 -1.92172 -5.30705e-02 | 81 -1.28979  5.05681e-04
 82 -0.35531 -1.85868e-07 | 83  3.83202 -8.63083e-04 | 84  0.98445  2.75493e-05
 85  0.95724 -1.01800e-03 | 86  0.21721  1.09071e-03 | 87  0.24158  1.64071e-03
 88  2.00587  2.77213e-05 | 89 -2.06320 -3.21907e-04 | 90  2.00051  1.04014e-06
 91  0.01787  7.61835e-05 | 92 -0.00009 -6.21144e-08 |
92 variables; iteration 600; function evaluation 775; phase 3
Function value -3.5829613e+01; maximum gradient component mag 6.3837e-01
Var    Value     Gradient |Var    Value     Gradient |Var    Value     Gradient
  1  1.13682  2.61493e-03 |  2  0.00035  4.17007e-05 |  3  0.00042  3.31386e-05
  4 -0.01548 -3.45842e-06 |  5 -0.01540 -6.85621e-06 |  6 -0.01530 -3.52569e-06
  7 -0.01519 -6.35694e-06 |  8 -0.01505 -9.95246e-06 |  9 -0.01490 -3.10045e-05
 10 -0.01472 -3.68776e-05 | 11 -0.01454 -3.70525e-05 | 12 -0.01433 -3.56819e-05
 13 -0.01408 -4.49171e-05 | 14 -0.01376 -3.30591e-05 | 15 -0.01342 -3.62983e-05
 16 -0.01292 -3.91438e-05 | 17 -0.01221 -2.50073e-05 | 18 -0.01064 -4.79732e-05
 19 -0.00871 -3.63861e-05 | 20 -0.00663  2.47978e-05 | 21 -0.00417  5.40260e-05
 22 -0.00157  6.26016e-05 | 23  0.00094  3.62417e-05 | 24  0.00293  3.66138e-05
 25  0.00414  3.55117e-05 | 26  0.00408  4.77660e-05 | 27  0.00288 -1.11302e-05
 28  0.00087  4.75008e-06 | 29 -0.00101 -6.72161e-06 | 30 -0.00313 -4.45079e-05
 31 -0.00550 -2.25717e-05 | 32 -0.00775 -6.24753e-05 | 33 -0.01100 -1.46068e-04
 34 -0.02213 -1.83975e-04 | 35 -0.03092 -1.63754e-04 | 36  0.24381 -8.06878e-06
 37  0.02524  2.26621e-03 | 38 -0.23521 -4.67150e-04 | 39 -0.15828 -6.11264e-04
 40 -0.03809  7.03687e-06 | 41 -0.02796  1.13239e-05 | 42 -0.02043  1.40152e-05
 43 -0.01536  5.23351e-06 | 44 -0.01467  4.09118e-06 | 45 -0.01627 -2.42822e-05
 46 -0.02108  1.32811e-05 | 47 -0.04070 -4.67389e-05 | 48 -0.01841 -4.92954e-05
 49  0.00160 -7.97696e-05 | 50  0.03103  9.57924e-05 | 51 -0.04839 -9.90605e-05
 52 -0.00213  7.13644e-05 | 53 -0.06913  4.16857e-05 | 54 -0.02028 -5.25328e-05
 55 -0.01220  1.00462e-04 | 56 -0.00311 -2.59686e-05 | 57  0.03191  2.23513e-04
 58  0.00978  2.33554e-04 | 59  0.03030  3.02607e-04 | 60 -0.02421  2.14793e-04
 61 -0.03557 -1.11483e-04 | 62  0.01240 -2.81832e-04 | 63 -0.03251 -5.00868e-05
 64 -0.05596 -2.21751e-04 | 65 -0.02787 -3.80617e-04 | 66 -0.02553 -2.17945e-04
 67 -0.01503  7.31617e-05 | 68 -0.03059  1.42777e-04 | 69  0.03128  1.15578e-04
 70 -0.00756  3.77221e-04 | 71 -0.08966  2.34928e-04 | 72 -0.09611  8.32027e-06
 73 -0.04016 -7.08792e-06 | 74 -0.01667  2.35407e-06 | 75 -0.01669 -1.45445e-05
 76 -0.01666 -1.01739e-05 | 77 -0.57846  6.38373e-01 | 78 -0.35300  8.93658e-03
 79 -1.01002 -1.22119e-03 | 80 -1.90673 -7.87044e-03 | 81 -1.28979  4.71206e-04
 82 -0.35531 -4.65104e-08 | 83  3.83223 -8.62146e-04 | 84  0.98445  3.05224e-05
 85  0.95724 -1.04001e-03 | 86  0.21665  1.08758e-03 | 87  0.24158  1.68001e-03
 88  2.00566  2.73946e-05 | 89 -2.06293 -3.20333e-04 | 90  2.00005 -8.94756e-07
 91  0.01806  7.97760e-05 | 92 -0.00000  1.35998e-07 |
92 variables; iteration 620; function evaluation 802; phase 3
Function value -3.5829624e+01; maximum gradient component mag 1.7446e+00
Var    Value     Gradient |Var    Value     Gradient |Var    Value     Gradient
  1  1.13685  2.61570e-03 |  2  0.00035  4.32890e-05 |  3  0.00042  3.26472e-05
  4 -0.01548  1.41984e-06 |  5 -0.01540 -4.24085e-06 |  6 -0.01530 -4.66643e-06
  7 -0.01519 -1.17649e-05 |  8 -0.01505 -1.54697e-05 |  9 -0.01490 -2.89498e-05
 10 -0.01472 -3.85941e-05 | 11 -0.01454 -3.69981e-05 | 12 -0.01433 -3.63567e-05
 13 -0.01408 -4.57677e-05 | 14 -0.01376 -3.77580e-05 | 15 -0.01342 -3.93399e-05
 16 -0.01292 -4.09022e-05 | 17 -0.01221 -3.93001e-05 | 18 -0.01064 -3.85954e-05
 19 -0.00871 -4.01953e-05 | 20 -0.00663  9.37375e-06 | 21 -0.00417  4.09205e-05
 22 -0.00157  5.21051e-05 | 23  0.00094  2.56462e-05 | 24  0.00293  2.22898e-05
 25  0.00414  6.51194e-06 | 26  0.00408 -3.70073e-06 | 27  0.00288 -5.15192e-05
 28  0.00087 -5.79609e-05 | 29 -0.00101 -1.01599e-04 | 30 -0.00313 -1.60134e-04
 31 -0.00549 -1.93799e-04 | 32 -0.00775 -2.79158e-04 | 33 -0.01100 -4.04621e-04
 34 -0.02213 -5.04352e-04 | 35 -0.03092 -5.19591e-04 | 36  0.24381 -1.07168e-04
 37  0.02524  6.44715e-03 | 38 -0.23521 -1.23573e-03 | 39 -0.15828 -1.68517e-03
 40 -0.03809  3.41072e-05 | 41 -0.02796  4.15262e-05 | 42 -0.02043  5.20385e-05
 43 -0.01536  4.81076e-05 | 44 -0.01467  3.72782e-05 | 45 -0.01627  3.87886e-05
 46 -0.02108  1.50762e-04 | 47 -0.04070 -2.68920e-05 | 48 -0.01841 -1.04820e-04
 49  0.00160 -2.30113e-04 | 50  0.03103  3.37736e-04 | 51 -0.04839 -2.62746e-04
 52 -0.00213  1.86001e-04 | 53 -0.06913  1.51659e-04 | 54 -0.02028 -1.36274e-04
 55 -0.01220  3.30682e-04 | 56 -0.00311  1.53947e-04 | 57  0.03191  5.66719e-04
 58  0.00978  5.27793e-04 | 59  0.03030  7.36438e-04 | 60 -0.02421  5.69700e-04
 61 -0.03557 -3.25848e-04 | 62  0.01240 -8.43062e-04 | 63 -0.03251 -2.86290e-04
 64 -0.05596 -7.56308e-04 | 65 -0.02787 -1.25702e-03 | 66 -0.02553 -7.90000e-04
 67 -0.01503  1.06572e-05 | 68 -0.03059  2.41585e-04 | 69  0.03128  1.04111e-04
 70 -0.00756  9.20954e-04 | 71 -0.08966  4.43939e-04 | 72 -0.09611 -1.90000e-04
 73 -0.04016 -1.52712e-04 | 74 -0.01667  1.14607e-05 | 75 -0.01669  1.64953e-07
 76 -0.01666  1.71907e-06 | 77 -0.57846  1.74464e+00 | 78 -0.34346  3.23286e-02
 79 -1.01002 -1.22044e-03 | 80 -1.89220 -1.78986e-02 | 81 -1.28979  4.96593e-04
 82 -0.35531 -3.72654e-08 | 83  3.83208 -8.62911e-04 | 84  0.98445  2.76049e-05
 85  0.95726 -1.02198e-03 | 86  0.21611  1.08433e-03 | 87  0.24158  1.55518e-03
 88  2.00562  2.76223e-05 | 89 -2.06317 -3.21250e-04 | 90  2.00034  4.58144e-07
 91  0.01695  7.69078e-05 | 92 -0.00002 -2.67855e-08 |
92 variables; iteration 640; function evaluation 828; phase 3
Function value -3.5829628e+01; maximum gradient component mag 2.7209e-01
Var    Value     Gradient |Var    Value     Gradient |Var    Value     Gradient
  1  1.13690  2.61635e-03 |  2  0.00035  4.48919e-05 |  3  0.00042  3.20837e-05
  4 -0.01548  4.71570e-06 |  5 -0.01540 -2.02410e-06 |  6 -0.01530 -4.80314e-06
  7 -0.01519 -1.41734e-05 |  8 -0.01505 -1.81986e-05 |  9 -0.01490 -2.77339e-05
 10 -0.01472 -3.76210e-05 | 11 -0.01454 -3.55733e-05 | 12 -0.01433 -3.43529e-05
 13 -0.01408 -4.29022e-05 | 14 -0.01376 -3.55360e-05 | 15 -0.01342 -3.52455e-05
 16 -0.01292 -3.50309e-05 | 17 -0.01221 -3.88488e-05 | 18 -0.01064 -2.18429e-05
 19 -0.00871 -2.82225e-05 | 20 -0.00663  1.87511e-05 | 21 -0.00417  5.72751e-05
 22 -0.00157  7.76293e-05 | 23  0.00094  6.19439e-05 | 24  0.00293  6.90600e-05
 25  0.00414  6.18740e-05 | 26  0.00408  6.28002e-05 | 27  0.00288  4.38568e-05
 28  0.00087  5.95467e-05 | 29 -0.00101  3.93495e-05 | 30 -0.00313  2.28907e-05
 31 -0.00549  2.47379e-05 | 32 -0.00775  4.74796e-06 | 33 -0.01100 -3.51825e-05
 34 -0.02213 -7.66495e-05 | 35 -0.03092 -6.29421e-05 | 36  0.24381 -2.70905e-05
 37  0.02524  1.01195e-03 | 38 -0.23521 -2.15670e-04 | 39 -0.15828 -2.93135e-04
 40 -0.03809  2.75566e-06 | 41 -0.02796  5.43971e-06 | 42 -0.02043  1.32527e-05
 43 -0.01536  5.75720e-06 | 44 -0.01467 -6.99913e-06 | 45 -0.01627 -4.39024e-06
 46 -0.02108 -4.93195e-06 | 47 -0.04070 -1.58283e-05 | 48 -0.01841 -2.02819e-05
 49  0.00160 -2.66156e-05 | 50  0.03103  1.03199e-04 | 51 -0.04839 -2.99018e-05
 52 -0.00213  1.09656e-04 | 53 -0.06913  3.18379e-05 | 54 -0.02028 -2.44978e-05
 55 -0.01220  6.83532e-05 | 56 -0.00311  1.06044e-04 | 57  0.03191  1.29911e-04
 58  0.00978  7.81526e-05 | 59  0.03030  1.13627e-04 | 60 -0.02421  1.14806e-04
 61 -0.03557 -2.79987e-05 | 62  0.01240 -1.09184e-04 | 63 -0.03251 -3.67765e-05
 64 -0.05596 -1.36692e-04 | 65 -0.02787 -2.30989e-04 | 66 -0.02553 -1.26667e-04
 67 -0.01503  9.79520e-06 | 68 -0.03059  5.52637e-05 | 69  0.03128  6.12955e-05
 70 -0.00756  1.78076e-04 | 71 -0.08966  1.07647e-04 | 72 -0.09611  1.56151e-05
 73 -0.04016  3.40228e-05 | 74 -0.01667  1.76164e-05 | 75 -0.01669  7.72041e-06
 76 -0.01666  8.11635e-06 | 77 -0.57846  2.72090e-01 | 78 -0.33716  5.60968e-03
 79 -1.01002 -1.22992e-03 | 80 -1.87906 -2.46560e-03 | 81 -1.28979  5.08663e-04
 82 -0.35531 -2.13775e-08 | 83  3.83204 -8.63475e-04 | 84  0.98445  2.63832e-05
 85  0.95726 -1.01371e-03 | 86  0.21564  1.08171e-03 | 87  0.24158  1.49847e-03
 88  2.00559  2.76734e-05 | 89 -2.06319 -3.21729e-04 | 90  2.00015  1.01746e-06
 91  0.01689  7.55130e-05 | 92 -0.00001 -9.20568e-08 |
92 variables; iteration 660; function evaluation 855; phase 3
Function value -3.5829629e+01; maximum gradient component mag 7.7930e-02
Var    Value     Gradient |Var    Value     Gradient |Var    Value     Gradient
  1  1.13695  2.61784e-03 |  2  0.00035  4.18353e-05 |  3  0.00042  3.26124e-05
  4 -0.01548  3.29490e-07 |  5 -0.01540 -4.64662e-06 |  6 -0.01530 -4.15128e-06
  7 -0.01519 -9.85952e-06 |  8 -0.01505 -1.34042e-05 |  9 -0.01490 -2.88893e-05
 10 -0.01472 -3.79134e-05 | 11 -0.01454 -3.55060e-05 | 12 -0.01433 -3.41259e-05
 13 -0.01408 -4.44932e-05 | 14 -0.01376 -3.45817e-05 | 15 -0.01342 -3.65203e-05
 16 -0.01292 -3.83681e-05 | 17 -0.01221 -3.14843e-05 | 18 -0.01064 -3.70475e-05
 19 -0.00871 -3.11398e-05 | 20 -0.00663  2.36263e-05 | 21 -0.00417  5.97844e-05
 22 -0.00157  7.53872e-05 | 23  0.00094  5.67916e-05 | 24  0.00293  6.40074e-05
 25  0.00414  6.52090e-05 | 26  0.00408  7.68005e-05 | 27  0.00288  4.19337e-05
 28  0.00087  6.30076e-05 | 29 -0.00101  5.53399e-05 | 30 -0.00313  3.52554e-05
 31 -0.00549  5.85443e-05 | 32 -0.00775  4.31701e-05 | 33 -0.01100 -1.91349e-06
 34 -0.02213 -2.45061e-05 | 35 -0.03092  3.53146e-06 | 36  0.24381 -1.20202e-05
 37  0.02524  2.85264e-04 | 38 -0.23521 -9.16855e-05 | 39 -0.15828 -1.07465e-04
 40 -0.03809 -4.83229e-06 | 41 -0.02796 -2.66804e-06 | 42 -0.02043  2.36475e-06
 43 -0.01536 -6.22770e-06 | 44 -0.01467 -1.14319e-05 | 45 -0.01627 -2.82545e-05
 46 -0.02108 -3.49318e-05 | 47 -0.04070 -3.04288e-05 | 48 -0.01841 -1.27553e-05
 49  0.00160  6.75453e-07 | 50  0.03103  3.45868e-05 | 51 -0.04839 -4.61474e-06
 52 -0.00213  6.80134e-05 | 53 -0.06913  4.52527e-06 | 54 -0.02028 -7.29460e-06
 55 -0.01220  1.52419e-05 | 56 -0.00311  1.10278e-05 | 57  0.03191  6.17838e-05
 58  0.00978  4.42395e-05 | 59  0.03030  4.94914e-05 | 60 -0.02421  4.73524e-05
 61 -0.03557 -1.18059e-06 | 62  0.01240 -2.10180e-05 | 63 -0.03251  2.01231e-05
 64 -0.05596 -1.92618e-05 | 65 -0.02787 -4.09609e-05 | 66 -0.02553  6.51522e-07
 67 -0.01503  5.36480e-05 | 68 -0.03059  5.92295e-05 | 69  0.03128  8.53552e-05
 70 -0.00756  1.08912e-04 | 71 -0.08966  9.87643e-05 | 72 -0.09611  7.24220e-05
 73 -0.04016  6.03648e-05 | 74 -0.01667  7.47691e-06 | 75 -0.01669 -3.58091e-06
 76 -0.01666 -2.80158e-06 | 77 -0.57846  7.79304e-02 | 78 -0.33390  1.73145e-03
 79 -1.01002 -1.22426e-03 | 80 -1.87046 -5.80598e-04 | 81 -1.28979  5.01239e-04
 82 -0.35531 -3.75334e-08 | 83  3.83209 -8.63194e-04 | 84  0.98445  2.75406e-05
 85  0.95726 -1.01996e-03 | 86  0.21535  1.08008e-03 | 87  0.24158  1.55418e-03
 88  2.00556  2.74417e-05 | 89 -2.06311 -3.21297e-04 | 90  1.99994 -3.22578e-07
 91  0.01709  7.65682e-05 | 92  0.00001  1.71289e-08 |
92 variables; iteration 680; function evaluation 875; phase 3
Function value -3.5829629e+01; maximum gradient component mag 6.0128e-02
Var    Value     Gradient |Var    Value     Gradient |Var    Value     Gradient
  1  1.13710  2.62373e-03 |  2  0.00035  7.90146e-06 |  3  0.00042  3.76535e-05
  4 -0.01548 -4.68303e-05 |  5 -0.01540 -3.28694e-05 |  6 -0.01530  2.03985e-06
  7 -0.01519  3.54760e-05 |  8 -0.01505  3.68033e-05 |  9 -0.01490 -4.28923e-05
 10 -0.01472 -4.25737e-05 | 11 -0.01454 -3.63220e-05 | 12 -0.01433 -3.31635e-05
 13 -0.01408 -6.51387e-05 | 14 -0.01376 -2.79469e-05 | 15 -0.01342 -5.56257e-05
 16 -0.01292 -8.20898e-05 | 17 -0.01221  3.75605e-05 | 18 -0.01064 -2.12304e-04
 19 -0.00871 -7.66286e-05 | 20 -0.00663  5.55623e-05 | 21 -0.00417  6.17575e-05
 22 -0.00157  1.83082e-05 | 23  0.00094 -4.05797e-05 | 24  0.00293 -4.47227e-05
 25  0.00414  3.01766e-05 | 26  0.00408  1.35576e-04 | 27  0.00288 -9.55340e-05
 28  0.00087 -4.99059e-05 | 29 -0.00101  3.53992e-05 | 30 -0.00313 -7.62593e-05
 31 -0.00549  1.08614e-04 | 32 -0.00775  5.17583e-05 | 33 -0.01101 -1.56372e-04
 34 -0.02213 -7.39592e-05 | 35 -0.03092  5.43236e-05 | 36  0.24381  1.99717e-05
 37  0.02524  2.37402e-04 | 38 -0.23521 -2.04654e-04 | 39 -0.15828 -9.81427e-05
 40 -0.03809 -4.15827e-05 | 41 -0.02796 -3.83451e-05 | 42 -0.02043 -5.54204e-05
 43 -0.01536 -6.76791e-05 | 44 -0.01467  4.82035e-06 | 45 -0.01627 -2.05871e-04
 46 -0.02108 -1.25079e-04 | 47 -0.04070 -1.89002e-04 | 48 -0.01841 -4.97164e-05
 49  0.00160  9.08856e-06 | 50  0.03103 -3.24119e-04 | 51 -0.04839 -5.49479e-05
 52 -0.00213 -2.34230e-04 | 53 -0.06913 -9.86635e-05 | 54 -0.02028  1.91245e-05
 55 -0.01220 -1.67255e-04 | 56 -0.00311 -8.50789e-04 | 57  0.03191 -4.74001e-05
 58  0.00978  2.84626e-04 | 59  0.03030  2.04031e-04 | 60 -0.02421 -3.01130e-05
 61 -0.03557 -1.27036e-04 | 62  0.01240 -1.09889e-04 | 63 -0.03251  2.53356e-04
 64 -0.05596  3.30027e-04 | 65 -0.02787  4.92854e-04 | 66 -0.02553  3.89017e-04
 67 -0.01503  4.82608e-04 | 68 -0.03059  3.38147e-04 | 69  0.03128  3.73976e-04
 70 -0.00756  4.04105e-04 | 71 -0.08966  4.50288e-04 | 72 -0.09611  3.63246e-04
 73 -0.04016  7.78849e-05 | 74 -0.01667 -1.01713e-04 | 75 -0.01669 -1.24547e-04
 76 -0.01666 -1.20946e-04 | 77 -0.57846  6.01278e-02 | 78 -0.33365  1.06172e-03
 79 -1.01001 -1.15082e-03 | 80 -1.86973 -3.30763e-04 | 81 -1.28979  4.25437e-04
 82 -0.35531 -1.78336e-07 | 83  3.83253 -8.59737e-04 | 84  0.98445  3.84130e-05
 85  0.95724 -1.08248e-03 | 86  0.21535  1.07999e-03 | 87  0.24158  2.14555e-03
 88  2.00517  2.46975e-05 | 89 -2.06253 -3.16976e-04 | 90  1.99778 -1.53862e-05
 91  0.01856  8.72668e-05 | 92  0.00017  1.22135e-06 |
92 variables; iteration 700; function evaluation 900; phase 3
Function value -3.5829742e+01; maximum gradient component mag -3.0542e+00
Var    Value     Gradient |Var    Value     Gradient |Var    Value     Gradient
  1  1.14194  2.73147e-03 |  2  0.00035  1.20125e-06 |  3  0.00042  3.95962e-05
  4 -0.01548 -4.38830e-05 |  5 -0.01540 -2.71646e-05 |  6 -0.01530  1.53956e-05
  7 -0.01519  5.14331e-05 |  8 -0.01505  5.45523e-05 |  9 -0.01490 -2.77897e-05
 10 -0.01472 -2.36967e-05 | 11 -0.01454 -2.04451e-05 | 12 -0.01433 -1.75513e-05
 13 -0.01408 -4.50512e-05 | 14 -0.01376 -7.52869e-06 | 15 -0.01342 -3.37602e-05
 16 -0.01292 -5.87371e-05 | 17 -0.01220  7.79047e-05 | 18 -0.01064 -1.96720e-04
 19 -0.00871 -4.60061e-05 | 20 -0.00663  8.48237e-05 | 21 -0.00417  8.20122e-05
 22 -0.00157  4.02516e-05 | 23  0.00093 -1.89602e-06 | 24  0.00293  1.11413e-05
 25  0.00414  1.17720e-04 | 26  0.00408  2.70747e-04 | 27  0.00287  6.54686e-05
 28  0.00087  1.67990e-04 | 29 -0.00101  3.38846e-04 | 30 -0.00313  3.10137e-04
 31 -0.00549  6.25723e-04 | 32 -0.00774  7.19781e-04 | 33 -0.01101  6.85969e-04
 34 -0.02213  9.48903e-04 | 35 -0.03092  1.16988e-03 | 36  0.24381  2.78682e-04
 37  0.02525 -1.28124e-02 | 38 -0.23521  2.22859e-03 | 39 -0.15828  3.26255e-03
 40 -0.03809 -1.13917e-04 | 41 -0.02796 -1.20964e-04 | 42 -0.02043 -1.51746e-04
 43 -0.01536 -1.77392e-04 | 44 -0.01467 -8.84253e-05 | 45 -0.01627 -3.43425e-04
 46 -0.02108 -5.08128e-04 | 47 -0.04071 -1.90806e-04 | 48 -0.01841  1.58618e-04
 49  0.00161  5.03563e-04 | 50  0.03103 -9.94629e-04 | 51 -0.04839  4.79846e-04
 52 -0.00213 -5.25797e-04 | 53 -0.06913 -4.22764e-04 | 54 -0.02028  2.95425e-04
 55 -0.01220 -8.38252e-04 | 56 -0.00312 -1.21678e-03 | 57  0.03191 -1.10774e-03
 58  0.00978 -7.10039e-04 | 59  0.03030 -1.21702e-03 | 60 -0.02421 -1.13091e-03
 61 -0.03557  5.61721e-04 | 62  0.01239  1.64226e-03 | 63 -0.03250  9.25926e-04
 64 -0.05595  1.91560e-03 | 65 -0.02787  3.10599e-03 | 66 -0.02553  2.08779e-03
 67 -0.01503  5.98380e-04 | 68 -0.03059 -3.22190e-05 | 69  0.03128  3.40880e-04
 70 -0.00756 -1.32995e-03 | 71 -0.08966 -2.79545e-04 | 72 -0.09611  9.14448e-04
 73 -0.04016  5.11306e-04 | 74 -0.01667 -1.14948e-04 | 75 -0.01670 -1.39474e-04
 76 -0.01666 -1.33277e-04 | 77 -0.57846 -3.05422e+00 | 78 -0.33220 -7.27156e-02
 79 -1.01000 -9.49301e-04 | 80 -1.86511  2.22856e-02 | 81 -1.28980  3.36098e-04
 82 -0.35531 -1.51477e-07 | 83  3.85526 -7.53398e-04 | 84  0.98445  3.71233e-05
 85  0.95715 -1.01102e-03 | 86  0.05903 -4.65091e-04 | 87  0.24158  2.04568e-03
 88  2.00117  1.81406e-05 | 89 -2.04379 -2.41405e-04 | 90  1.98343 -1.70765e-05
 91  0.02576  7.16708e-05 | 92  0.00138  1.40349e-06 |
92 variables; iteration 720; function evaluation 922; phase 3
Function value -3.5829744e+01; maximum gradient component mag 2.7920e-01
Var    Value     Gradient |Var    Value     Gradient |Var    Value     Gradient
  1  1.14006  2.70370e-03 |  2  0.00035  3.79133e-05 |  3  0.00042  3.28437e-05
  4 -0.01548  8.53066e-06 |  5 -0.01540  3.25905e-06 |  6 -0.01530  4.72262e-06
  7 -0.01519 -3.15356e-06 |  8 -0.01505 -6.02520e-06 |  9 -0.01490 -1.54693e-05
 10 -0.01472 -2.63330e-05 | 11 -0.01454 -2.38139e-05 | 12 -0.01433 -2.34732e-05
 13 -0.01408 -3.17266e-05 | 14 -0.01376 -2.63379e-05 | 15 -0.01342 -2.67189e-05
 16 -0.01292 -2.78139e-05 | 17 -0.01221 -2.34386e-05 | 18 -0.01064 -2.40799e-05
 19 -0.00871 -2.29304e-05 | 20 -0.00663  1.27833e-05 | 21 -0.00417  3.93149e-05
 22 -0.00157  5.33915e-05 | 23  0.00094  4.17582e-05 | 24  0.00293  4.67643e-05
 25  0.00414  4.13056e-05 | 26  0.00408  4.90331e-05 | 27  0.00288  2.37720e-05
 28  0.00087  3.74088e-05 | 29 -0.00101  2.68731e-05 | 30 -0.00313  6.00742e-06
 31 -0.00549  1.30328e-05 | 32 -0.00775 -8.67443e-06 | 33 -0.01100 -5.37128e-05
 34 -0.02213 -8.41812e-05 | 35 -0.03092 -7.00349e-05 | 36  0.24381 -2.48133e-05
 37  0.02524  1.12107e-03 | 38 -0.23521 -2.32373e-04 | 39 -0.15828 -3.03384e-04
 40 -0.03809  6.87336e-06 | 41 -0.02796  9.92500e-06 | 42 -0.02043  1.72826e-05
 43 -0.01536  1.06050e-05 | 44 -0.01467  5.90439e-06 | 45 -0.01627 -1.72594e-06
 46 -0.02108  9.26017e-06 | 47 -0.04070 -1.26418e-05 | 48 -0.01841 -1.07457e-05
 49  0.00160 -1.79442e-05 | 50  0.03103  8.86474e-05 | 51 -0.04839 -3.34707e-05
 52 -0.00213  8.22117e-05 | 53 -0.06913  3.19354e-05 | 54 -0.02028 -1.80743e-05
 55 -0.01220  6.48308e-05 | 56 -0.00311  4.71219e-05 | 57  0.03191  1.25120e-04
 58  0.00978  9.57518e-05 | 59  0.03030  1.28610e-04 | 60 -0.02421  1.16250e-04
 61 -0.03557 -4.27618e-05 | 62  0.01240 -1.33076e-04 | 63 -0.03251 -2.65966e-05
 64 -0.05596 -1.22679e-04 | 65 -0.02787 -2.10049e-04 | 66 -0.02553 -1.13643e-04
 67 -0.01503  3.76619e-05 | 68 -0.03059  7.55223e-05 | 69  0.03128  7.22325e-05
 70 -0.00756  2.13451e-04 | 71 -0.08966  1.30052e-04 | 72 -0.09611  2.00175e-05
 73 -0.04016  1.87928e-05 | 74 -0.01667  7.08447e-06 | 75 -0.01669  1.69251e-06
 76 -0.01666  9.36459e-08 | 77 -0.57846  2.79202e-01 | 78 -0.33352  6.42076e-03
 79 -1.01001 -1.04217e-03 | 80 -1.86937 -2.15183e-03 | 81 -1.28979  4.33534e-04
 82 -0.35531  8.44677e-09 | 83  3.84987 -7.68486e-04 | 84  0.98445  2.24924e-05
 85  0.95729 -9.40908e-04 | 86  0.05708 -4.04216e-05 | 87  0.24158  1.30627e-03
 88  2.00446  2.21056e-05 | 89 -2.04990 -2.55761e-04 | 90  1.99998 -2.01220e-08
 91  0.01371  6.04138e-05 | 92  0.00001 -2.31561e-08 |
92 variables; iteration 740; function evaluation 944; phase 3
Function value -3.5829744e+01; maximum gradient component mag 2.7048e-03
Var    Value     Gradient |Var    Value     Gradient |Var    Value     Gradient
  1  1.14007  2.70484e-03 |  2  0.00035  3.81401e-05 |  3  0.00042  3.29538e-05
  4 -0.01548  8.20864e-06 |  5 -0.01540  3.26475e-06 |  6 -0.01530  5.39250e-06
  7 -0.01519 -2.53446e-06 |  8 -0.01505 -5.47958e-06 |  9 -0.01490 -1.56659e-05
 10 -0.01472 -2.50998e-05 | 11 -0.01454 -2.39820e-05 | 12 -0.01433 -2.35320e-05
 13 -0.01408 -3.08809e-05 | 14 -0.01376 -2.53056e-05 | 15 -0.01342 -2.57004e-05
 16 -0.01292 -2.64345e-05 | 17 -0.01221 -2.15082e-05 | 18 -0.01064 -2.32827e-05
 19 -0.00871 -2.11757e-05 | 20 -0.00663  1.63885e-05 | 21 -0.00417  4.30291e-05
 22 -0.00157  5.79664e-05 | 23  0.00094  4.72229e-05 | 24  0.00293  5.38379e-05
 25  0.00414  5.12281e-05 | 26  0.00408  6.25160e-05 | 27  0.00288  3.93974e-05
 28  0.00087  5.81685e-05 | 29 -0.00101  5.41637e-05 | 30 -0.00313  4.06058e-05
 31 -0.00549  5.95671e-05 | 32 -0.00775  5.09479e-05 | 33 -0.01100  2.08846e-05
 34 -0.02213  5.55085e-06 | 35 -0.03092  2.76265e-05 | 36  0.24381 -4.43476e-06
 37  0.02524 -2.71347e-05 | 38 -0.23521 -1.82590e-05 | 39 -0.15828 -9.63681e-06
 40 -0.03809  9.09395e-08 | 41 -0.02796  1.86897e-06 | 42 -0.02043  8.05942e-06
 43 -0.01536 -2.16138e-07 | 44 -0.01467 -3.89633e-06 | 45 -0.01627 -1.48992e-05
 46 -0.02108 -2.61649e-05 | 47 -0.04070 -1.38825e-05 | 48 -0.01841  5.79361e-06
 49  0.00160  2.20450e-05 | 50  0.03103  2.80177e-05 | 51 -0.04839  1.18630e-05
 52 -0.00213  5.50686e-05 | 53 -0.06913  2.47981e-06 | 54 -0.02028  4.41214e-06
 55 -0.01220  7.93534e-06 | 56 -0.00311  1.67254e-05 | 57  0.03191  3.60447e-05
 58  0.00978  1.44161e-05 | 59  0.03030  1.36514e-05 | 60 -0.02421  2.21620e-05
 61 -0.03557  1.95628e-05 | 62  0.01240  2.38434e-05 | 63 -0.03251  3.30049e-05
 64 -0.05596  1.56261e-05 | 65 -0.02787  1.73054e-05 | 66 -0.02553  3.46102e-05
 67 -0.01503  4.54376e-05 | 68 -0.03059  4.20773e-05 | 69  0.03128  6.66435e-05
 70 -0.00756  5.36022e-05 | 71 -0.08966  6.33980e-05 | 72 -0.09611  6.67070e-05
 73 -0.04016  5.75165e-05 | 74 -0.01667  7.11477e-06 | 75 -0.01669 -2.34427e-07
 76 -0.01666 -5.35683e-07 | 77 -0.57846 -5.66090e-04 | 78 -0.33443 -4.35356e-05
 79 -1.01001 -1.04173e-03 | 80 -1.87198  1.27270e-06 | 81 -1.28979  4.35194e-04
 82 -0.35531  1.83878e-09 | 83  3.84996 -7.67723e-04 | 84  0.98445  2.33094e-05
 85  0.95729 -9.42853e-04 | 86  0.05691 -5.74319e-05 | 87  0.24158  1.31248e-03
 88  2.00448  2.20893e-05 | 89 -2.04980 -2.54869e-04 | 90  2.00000 -3.94456e-08
 91  0.01374  6.03992e-05 | 92  0.00000  4.54756e-09 |
92 variables; iteration 760; function evaluation 970; phase 3
Function value -3.5829745e+01; maximum gradient component mag 2.0644e+00
Var    Value     Gradient |Var    Value     Gradient |Var    Value     Gradient
  1  1.14044  2.71289e-03 |  2  0.00035  9.30515e-06 |  3  0.00042  9.93149e-06
  4 -0.01548 -1.65574e-06 |  5 -0.01540  1.93358e-05 |  6 -0.01530  2.30215e-05
  7 -0.01519  4.44255e-05 |  8 -0.01505  2.93825e-05 |  9 -0.01490 -5.94346e-05
 10 -0.01472 -1.60824e-05 | 11 -0.01454 -2.41857e-05 | 12 -0.01433  7.30030e-06
 13 -0.01408 -3.67352e-05 | 14 -0.01376  4.24127e-06 | 15 -0.01342 -3.37573e-05
 16 -0.01292 -7.06303e-05 | 17 -0.01221  4.22189e-06 | 18 -0.01064 -1.62177e-04
 19 -0.00871 -6.47217e-05 | 20 -0.00663 -1.85903e-05 | 21 -0.00417 -1.97765e-05
 22 -0.00157 -2.83146e-05 | 23  0.00094 -4.26375e-05 | 24  0.00293 -4.88729e-05
 25  0.00414 -2.71847e-05 | 26  0.00408  9.13989e-07 | 27  0.00288 -1.06879e-04
 28  0.00087 -1.26219e-04 | 29 -0.00101 -1.39137e-04 | 30 -0.00313 -2.40073e-04
 31 -0.00549 -2.38674e-04 | 32 -0.00774 -3.28946e-04 | 33 -0.01100 -5.64704e-04
 34 -0.02213 -6.00533e-04 | 35 -0.03092 -6.39778e-04 | 36  0.24381 -3.70119e-04
 37  0.02525  8.19055e-03 | 38 -0.23521 -1.57772e-03 | 39 -0.15828 -2.09604e-03
 40 -0.03809  4.53255e-05 | 41 -0.02796  4.07578e-05 | 42 -0.02043  1.25917e-05
 43 -0.01536  3.24027e-05 | 44 -0.01467  9.70749e-05 | 45 -0.01627 -3.95133e-05
 46 -0.02108  1.89639e-04 | 47 -0.04070 -8.11927e-05 | 48 -0.01841 -1.81451e-04
 49  0.00160 -3.42177e-04 | 50  0.03103  2.51530e-04 | 51 -0.04839 -2.49190e-04
 52 -0.00213  9.05738e-05 | 53 -0.06913  2.06575e-04 | 54 -0.02028 -1.37466e-04
 55 -0.01220  4.35511e-04 | 56 -0.00311  1.20856e-04 | 57  0.03191  7.04176e-04
 58  0.00978  8.42712e-04 | 59  0.03030  1.12073e-03 | 60 -0.02421  7.22541e-04
 61 -0.03557 -4.92979e-04 | 62  0.01239 -1.28699e-03 | 63 -0.03251 -3.96893e-04
 64 -0.05596 -8.91401e-04 | 65 -0.02787 -1.50723e-03 | 66 -0.02553 -8.85018e-04
 67 -0.01503  1.24319e-04 | 68 -0.03059  3.50844e-04 | 69  0.03128  1.39227e-04
 70 -0.00756  1.41267e-03 | 71 -0.08966  6.64938e-04 | 72 -0.09611 -1.86382e-04
 73 -0.04016 -2.21558e-04 | 74 -0.01667 -4.66012e-05 | 75 -0.01669 -6.62821e-05
 76 -0.01666 -1.14742e-04 | 77 -0.57846  2.06441e+00 | 78 -0.33557  4.43553e-02
 79 -1.01001 -8.78060e-04 | 80 -1.87505 -1.76894e-02 | 81 -1.28979  6.27285e-04
 82 -0.35530 -2.28515e-07 | 83  3.85167 -7.53502e-04 | 84  0.98445  7.63931e-06
 85  0.95731 -8.68786e-04 | 86  0.05492 -3.49973e-04 | 87  0.24158  1.10110e-03
 88  2.00389  1.79133e-05 | 89 -2.04790 -2.41404e-04 | 90  1.99805 -1.50467e-05
 91  0.01187  4.72196e-05 | 92  0.00018  1.21871e-06 |
92 variables; iteration 780; function evaluation 994; phase 3
Function value -3.5829906e+01; maximum gradient component mag 8.4296e+00
Var    Value     Gradient |Var    Value     Gradient |Var    Value     Gradient
  1  1.07041  1.14400e-03 |  2  0.00035 -1.42855e-04 |  3  0.00042  3.15552e-06
  4 -0.01548 -9.44348e-05 |  5 -0.01540 -7.01222e-05 |  6 -0.01530 -2.61061e-05
  7 -0.01519  8.52944e-05 |  8 -0.01505  1.13755e-04 |  9 -0.01490 -2.99831e-05
 10 -0.01473 -1.51504e-04 | 11 -0.01454  2.71975e-05 | 12 -0.01433  3.36942e-05
 13 -0.01408 -1.54292e-04 | 14 -0.01376 -7.67534e-05 | 15 -0.01342 -1.52327e-04
 16 -0.01292 -2.61926e-04 | 17 -0.01220  9.51603e-05 | 18 -0.01064 -5.72977e-04
 19 -0.00871 -1.94697e-04 | 20 -0.00663 -5.57143e-05 | 21 -0.00417 -7.14674e-05
 22 -0.00157 -2.20081e-04 | 23  0.00093 -3.28944e-04 | 24  0.00293 -3.45627e-04
 25  0.00414 -2.18916e-04 | 26  0.00408 -7.21237e-05 | 27  0.00288 -5.70123e-04
 28  0.00087 -6.62519e-04 | 29 -0.00101 -6.15648e-04 | 30 -0.00313 -1.07094e-03
 31 -0.00549 -1.06440e-03 | 32 -0.00774 -1.45129e-03 | 33 -0.01101 -2.33042e-03
 34 -0.02213 -2.42843e-03 | 35 -0.03092 -2.36209e-03 | 36  0.24381 -1.10433e-03
 37  0.02525  3.07725e-02 | 38 -0.23521 -6.14723e-03 | 39 -0.15828 -7.87977e-03
 40 -0.03809  1.17349e-04 | 41 -0.02796  1.16298e-04 | 42 -0.02043  9.01425e-05
 43 -0.01536  1.45218e-04 | 44 -0.01467  3.38543e-04 | 45 -0.01627 -1.09179e-04
 46 -0.02108  7.53019e-04 | 47 -0.04071 -3.13115e-04 | 48 -0.01841 -5.50997e-04
 49  0.00160 -9.78690e-04 | 50  0.03103  9.14254e-04 | 51 -0.04839 -9.52572e-04
 52 -0.00213  4.00663e-04 | 53 -0.06912  6.79596e-04 | 54 -0.02028 -4.71593e-04
 55 -0.01220  9.96823e-04 | 56 -0.00311 -7.99488e-04 | 57  0.03191  1.88835e-03
 58  0.00978  2.47533e-03 | 59  0.03030  3.25318e-03 | 60 -0.02421  2.23893e-03
 61 -0.03557 -2.23981e-03 | 62  0.01239 -5.24615e-03 | 63 -0.03250 -1.44819e-03
 64 -0.05596 -3.11643e-03 | 65 -0.02787 -5.12034e-03 | 66 -0.02553 -3.13504e-03
 67 -0.01503  9.35542e-04 | 68 -0.03059  1.52260e-03 | 69  0.03128  9.13082e-04
 70 -0.00755  5.83468e-03 | 71 -0.08966  2.90835e-03 | 72 -0.09611 -3.38502e-04
 73 -0.04016 -9.15944e-04 | 74 -0.01667 -3.70373e-04 | 75 -0.01669 -1.47936e-04
 76 -0.01666 -3.31216e-04 | 77 -0.57846  8.42965e+00 | 78 -0.35219  1.29845e-01
 79 -1.00999 -3.21168e-04 | 80 -1.90579 -9.92459e-02 | 81 -1.28979  1.64248e-04
 82 -0.35529  1.71677e-07 | 83  3.93978 -2.84153e-04 | 84  0.98444 -5.62767e-05
 85  0.95753 -3.84077e-04 | 86  0.05487 -2.65801e-04 | 87  0.24158  1.61774e-04
 88  2.00046  5.72192e-06 | 89 -2.01094 -7.40313e-05 | 90  1.99959  2.55631e-06
 91  0.00692  2.64635e-05 | 92  0.00046  1.05084e-06 |
92 variables; iteration 800; function evaluation 1016; phase 3
Function value -3.5829948e+01; maximum gradient component mag -3.6108e-01
Var    Value     Gradient |Var    Value     Gradient |Var    Value     Gradient
  1  1.00898  1.28924e-04 |  2  0.00035  2.15937e-05 |  3  0.00042  1.38808e-06
  4 -0.01548  1.48604e-05 |  5 -0.01540  1.08613e-05 |  6 -0.01530  1.79025e-06
  7 -0.01519 -1.11036e-05 |  8 -0.01505 -1.49658e-05 |  9 -0.01490  4.81680e-07
 10 -0.01472  1.01934e-05 | 11 -0.01454 -5.18991e-06 | 12 -0.01433 -4.72373e-06
 13 -0.01408  1.41584e-05 | 14 -0.01376  5.34826e-06 | 15 -0.01342  1.49334e-05
 16 -0.01292  2.75457e-05 | 17 -0.01221 -1.37993e-05 | 18 -0.01064  6.92861e-05
 19 -0.00871  1.97089e-05 | 20 -0.00663  4.26004e-06 | 21 -0.00417  4.91520e-06
 22 -0.00157  2.60856e-05 | 23  0.00094  3.55974e-05 | 24  0.00293  3.41717e-05
 25  0.00414  5.29957e-06 | 26  0.00407 -2.33015e-05 | 27  0.00288  3.72245e-05
 28  0.00087  3.93023e-05 | 29 -0.00101  1.60422e-05 | 30 -0.00313  6.08648e-05
 31 -0.00550  3.37150e-05 | 32 -0.00775  6.43319e-05 | 33 -0.01100  1.37319e-04
 34 -0.02213  1.24004e-04 | 35 -0.03092  9.61534e-05 | 36  0.24381  1.05621e-04
 37  0.02525 -1.38867e-03 | 38 -0.23521  3.08282e-04 | 39 -0.15828  3.58023e-04
 40 -0.03809  8.89155e-06 | 41 -0.02796  1.00707e-05 | 42 -0.02043  9.07269e-06
 43 -0.01536  3.51373e-06 | 44 -0.01467 -2.05283e-05 | 45 -0.01627  3.62247e-05
 46 -0.02108 -2.15995e-05 | 47 -0.04070  4.23168e-05 | 48 -0.01841  2.84324e-05
 49  0.00160  2.75496e-05 | 50  0.03103  2.75006e-05 | 51 -0.04839  3.84172e-05
 52 -0.00213  2.87400e-05 | 53 -0.06913 -1.73885e-05 | 54 -0.02028  2.42236e-06
 55 -0.01220 -3.41074e-06 | 56 -0.00311  2.07338e-04 | 57  0.03191 -2.93152e-05
 58  0.00978 -1.22945e-04 | 59  0.03030 -1.25300e-04 | 60 -0.02421 -6.62000e-05
 61 -0.03557  1.38334e-04 | 62  0.01240  2.77255e-04 | 63 -0.03251  3.29369e-05
 64 -0.05596  7.06930e-05 | 65 -0.02787  1.19555e-04 | 66 -0.02553  6.05619e-05
 67 -0.01503 -1.39975e-04 | 68 -0.03059 -1.24659e-04 | 69  0.03128 -1.00265e-04
 70 -0.00756 -3.67093e-04 | 71 -0.08966 -2.17481e-04 | 72 -0.09611 -5.72781e-05
 73 -0.04016  3.70256e-05 | 74 -0.01667  4.75321e-05 | 75 -0.01669  2.76632e-05
 76 -0.01666  4.10049e-05 | 77 -0.57846 -3.61078e-01 | 78 -0.35842 -5.84125e-03
 79 -1.00998 -7.99220e-05 | 80 -1.91307  4.00999e-03 | 81 -1.28980 -8.87884e-07
 82 -0.35536  5.25748e-08 | 83  3.98041 -3.76732e-05 | 84  0.98445  8.30326e-06
 85  0.95768 -6.40628e-05 | 86  0.05732 -2.22740e-05 | 87  0.24158  1.07300e-04
 88  2.00033  1.99244e-06 | 89 -2.00114 -1.25903e-05 | 90  2.00012  1.00138e-06
 91  0.00165  4.47778e-06 | 92 -0.00003 -2.07498e-07 |
92 variables; iteration 820; function evaluation 1043; phase 3
Function value -3.5829958e+01; maximum gradient component mag 1.3928e+00
Var    Value     Gradient |Var    Value     Gradient |Var    Value     Gradient
  1  1.00198 -2.55745e-06 |  2  0.00035 -6.61486e-06 |  3  0.00042 -3.18735e-07
  4 -0.01548 -1.00309e-05 |  5 -0.01540  1.97427e-06 |  6 -0.01530  1.10713e-05
  7 -0.01519  2.10260e-05 |  8 -0.01505  1.50377e-05 |  9 -0.01490 -8.29827e-06
 10 -0.01472  1.16634e-05 | 11 -0.01454 -3.76531e-06 | 12 -0.01433  3.04814e-06
 13 -0.01408  2.97079e-06 | 14 -0.01376  7.69940e-06 | 15 -0.01342 -8.33810e-06
 16 -0.01292 -1.71235e-05 | 17 -0.01221 -5.92175e-06 | 18 -0.01064 -6.82325e-05
 19 -0.00871 -3.09291e-05 | 20 -0.00663 -2.11371e-05 | 21 -0.00417 -3.01642e-05
 22 -0.00157 -4.19194e-05 | 23  0.00094 -4.23717e-05 | 24  0.00293 -5.21410e-05
 25  0.00414 -2.53841e-05 | 26  0.00407 -4.75923e-06 | 27  0.00288 -7.73436e-05
 28  0.00087 -9.07965e-05 | 29 -0.00101 -9.83750e-05 | 30 -0.00313 -1.59439e-04
 31 -0.00550 -1.66243e-04 | 32 -0.00775 -2.54488e-04 | 33 -0.01100 -3.69832e-04
 34 -0.02213 -4.14837e-04 | 35 -0.03092 -4.34634e-04 | 36  0.24381 -2.18521e-04
 37  0.02525  5.01756e-03 | 38 -0.23521 -9.52088e-04 | 39 -0.15828 -1.28806e-03
 40 -0.03809  3.04516e-06 | 41 -0.02796  1.06873e-05 | 42 -0.02043  1.00213e-05
 43 -0.01536  2.35340e-05 | 44 -0.01467  5.25862e-05 | 45 -0.01627  1.52585e-05
 46 -0.02108  1.42455e-04 | 47 -0.04070 -3.28221e-05 | 48 -0.01841 -7.80527e-05
 49  0.00160 -1.94797e-04 | 50  0.03103  1.29314e-04 | 51 -0.04839 -2.44773e-04
 52 -0.00213 -3.71911e-05 | 53 -0.06913  8.07348e-05 | 54 -0.02028 -8.55145e-05
 55 -0.01220  2.67599e-04 | 56 -0.00311 -1.26690e-04 | 57  0.03191  3.99628e-04
 58  0.00978  5.05409e-04 | 59  0.03030  6.62777e-04 | 60 -0.02421  4.17947e-04
 61 -0.03557 -2.73231e-04 | 62  0.01239 -6.30055e-04 | 63 -0.03251 -1.68708e-04
 64 -0.05596 -4.85153e-04 | 65 -0.02787 -8.32508e-04 | 66 -0.02553 -5.40468e-04
 67 -0.01503  5.22081e-05 | 68 -0.03059  2.20463e-04 | 69  0.03128  4.28408e-05
 70 -0.00756  6.79732e-04 | 71 -0.08966  3.44920e-04 | 72 -0.09611 -1.55610e-04
 73 -0.04016 -1.77005e-04 | 74 -0.01667 -2.06239e-05 | 75 -0.01669 -4.52006e-05
 76 -0.01666 -3.83991e-05 | 77 -0.57846  1.39276e+00 | 78 -0.35193  2.09750e-02
 79 -1.00997  8.70541e-05 | 80 -1.90533 -1.65921e-02 | 81 -1.28979  1.83473e-04
 82 -0.35535 -2.52639e-07 | 83  3.98302 -2.19650e-05 | 84  0.98445  8.23844e-06
 85  0.95778  6.54672e-05 | 86  0.05811 -9.83919e-06 | 87  0.24158 -1.49453e-04
 88  1.99889 -1.83794e-06 | 89 -2.00295 -1.59436e-05 | 90  1.99471 -1.11994e-05
 91 -0.00485 -1.09851e-05 | 92  0.00027  5.21899e-07 |
92 variables; iteration 840; function evaluation 1067; phase 3
Function value -3.5829968e+01; maximum gradient component mag 6.8324e-01
Var    Value     Gradient |Var    Value     Gradient |Var    Value     Gradient
  1  1.00667  8.68886e-05 |  2  0.00035 -2.75439e-05 |  3  0.00042  3.31196e-06
  4 -0.01548 -2.27379e-05 |  5 -0.01540 -1.78950e-05 |  6 -0.01530 -2.92547e-06
  7 -0.01519  1.51570e-05 |  8 -0.01505  2.20893e-05 |  9 -0.01490  1.36736e-06
 10 -0.01472 -1.65142e-05 | 11 -0.01454  5.27008e-06 | 12 -0.01433  1.41877e-06
 13 -0.01408 -2.27726e-05 | 14 -0.01376 -1.23711e-05 | 15 -0.01342 -2.48175e-05
 16 -0.01292 -4.06020e-05 | 17 -0.01221  1.84432e-05 | 18 -0.01064 -1.01680e-04
 19 -0.00871 -3.17504e-05 | 20 -0.00663 -2.98979e-06 | 21 -0.00417 -2.96996e-06
 22 -0.00157 -3.33460e-05 | 23  0.00094 -5.01466e-05 | 24  0.00293 -4.93955e-05
 25  0.00414 -8.11132e-06 | 26  0.00407  3.36437e-05 | 27  0.00288 -6.06369e-05
 28  0.00087 -6.47067e-05 | 29 -0.00101 -3.28392e-05 | 30 -0.00313 -1.05372e-04
 31 -0.00549 -6.50504e-05 | 32 -0.00775 -1.21993e-04 | 33 -0.01101 -2.42548e-04
 34 -0.02213 -2.33614e-04 | 35 -0.03092 -1.88943e-04 | 36  0.24381 -1.34229e-04
 37  0.02525  2.56988e-03 | 38 -0.23521 -5.53105e-04 | 39 -0.15828 -6.69387e-04
 40 -0.03809 -1.32666e-05 | 41 -0.02796 -1.12275e-05 | 42 -0.02043 -7.16361e-06
 43 -0.01536 -3.22840e-07 | 44 -0.01467  3.50988e-05 | 45 -0.01627 -4.47228e-05
 46 -0.02108  4.89756e-05 | 47 -0.04070 -6.19694e-05 | 48 -0.01841 -3.76295e-05
 49  0.00160 -4.34137e-05 | 50  0.03103  3.37041e-06 | 51 -0.04839 -9.25435e-05
 52 -0.00213 -3.31699e-05 | 53 -0.06913  3.11976e-05 | 54 -0.02028 -1.60630e-05
 55 -0.01220  2.03833e-05 | 56 -0.00311 -3.38655e-04 | 57  0.03191  8.46377e-05
 58  0.00978  2.21783e-04 | 59  0.03030  2.26479e-04 | 60 -0.02421  1.37531e-04
 61 -0.03557 -2.25556e-04 | 62  0.01239 -4.49722e-04 | 63 -0.03251 -5.23973e-05
 64 -0.05596 -1.52512e-04 | 65 -0.02787 -2.59076e-04 | 66 -0.02553 -1.52312e-04
 67 -0.01503  2.06201e-04 | 68 -0.03059  2.06313e-04 | 69  0.03128  1.56997e-04
 70 -0.00756  5.85887e-04 | 71 -0.08966  3.49406e-04 | 72 -0.09611  6.27098e-05
 73 -0.04016 -7.11151e-05 | 74 -0.01667 -6.80370e-05 | 75 -0.01669 -4.24619e-05
 76 -0.01666 -5.58207e-05 | 77 -0.57846  6.83243e-01 | 78 -0.34302  1.23452e-02
 79 -1.00998  3.39561e-05 | 80 -1.89138 -7.09940e-03 | 81 -1.28980  2.20865e-05
 82 -0.35535 -3.72463e-08 | 83  3.98565 -2.26579e-06 | 84  0.98445 -4.90794e-06
 85  0.95773  2.02691e-05 | 86  0.05729 -1.12511e-05 | 87  0.24158 -2.79362e-05
 88  1.99951 -1.10542e-06 | 89 -1.99992 -2.16866e-06 | 90  1.99869 -1.02492e-06
 91 -0.00060 -1.28127e-06 | 92  0.00011  2.29227e-07 |
92 variables; iteration 860; function evaluation 1090; phase 3
Function value -3.5829972e+01; maximum gradient component mag 9.1236e-01
Var    Value     Gradient |Var    Value     Gradient |Var    Value     Gradient
  1  1.00240  1.35024e-06 |  2  0.00035 -1.92062e-05 |  3  0.00042  1.23471e-06
  4 -0.01548 -1.69635e-05 |  5 -0.01540 -1.06895e-05 |  6 -0.01530  1.97943e-06
  7 -0.01519  1.43833e-05 |  8 -0.01505  1.65821e-05 |  9 -0.01490 -2.47223e-06
 10 -0.01472 -4.15689e-06 | 11 -0.01454  1.16500e-06 | 12 -0.01433  9.39680e-07
 13 -0.01408 -1.33349e-05 | 14 -0.01376 -4.96031e-06 | 15 -0.01342 -1.75381e-05
 16 -0.01292 -3.03121e-05 | 17 -0.01221  7.30557e-06 | 18 -0.01064 -8.23331e-05
 19 -0.00871 -2.93312e-05 | 20 -0.00663 -9.99775e-06 | 21 -0.00417 -1.21788e-05
 22 -0.00157 -3.58251e-05 | 23  0.00094 -4.77392e-05 | 24  0.00293 -5.05157e-05
 25  0.00414 -1.73776e-05 | 26  0.00407  1.26477e-05 | 27  0.00288 -6.87843e-05
 28  0.00087 -7.72034e-05 | 29 -0.00101 -6.29846e-05 | 30 -0.00313 -1.29273e-04
 31 -0.00550 -1.10773e-04 | 32 -0.00775 -1.78464e-04 | 33 -0.01100 -2.89597e-04
 34 -0.02213 -3.06075e-04 | 35 -0.03092 -2.88759e-04 | 36  0.24381 -1.58242e-04
 37  0.02525  3.56180e-03 | 38 -0.23521 -7.10760e-04 | 39 -0.15828 -9.20102e-04
 40 -0.03809 -4.81628e-06 | 41 -0.02796 -2.42557e-06 | 42 -0.02043  3.65042e-06
 43 -0.01536  1.15659e-05 | 44 -0.01467  3.89343e-05 | 45 -0.01627 -1.70720e-05
 46 -0.02108  8.59814e-05 | 47 -0.04070 -4.86296e-05 | 48 -0.01841 -5.62387e-05
 49  0.00160 -1.07575e-04 | 50  0.03103  5.55846e-05 | 51 -0.04839 -1.54695e-04
 52 -0.00213 -2.95640e-05 | 53 -0.06913  5.61727e-05 | 54 -0.02028 -4.51421e-05
 55 -0.01220  1.21500e-04 | 56 -0.00311 -2.32602e-04 | 57  0.03191  2.17990e-04
 58  0.00978  3.36737e-04 | 59  0.03030  4.04556e-04 | 60 -0.02421  2.53962e-04
 61 -0.03557 -2.39790e-04 | 62  0.01239 -5.16094e-04 | 63 -0.03251 -1.01554e-04
 64 -0.05596 -2.93443e-04 | 65 -0.02787 -5.00217e-04 | 66 -0.02553 -3.12730e-04
 67 -0.01503  1.38379e-04 | 68 -0.03059  2.06369e-04 | 69  0.03128  1.02087e-04
 70 -0.00756  6.06061e-04 | 71 -0.08966  3.38930e-04 | 72 -0.09611 -3.40927e-05
 73 -0.04016 -1.14708e-04 | 74 -0.01667 -4.65563e-05 | 75 -0.01669 -4.10879e-05
 76 -0.01666 -4.48676e-05 | 77 -0.57846  9.12358e-01 | 78 -0.33737  1.92140e-02
 79 -1.00998  6.26730e-05 | 80 -1.87956 -8.06124e-03 | 81 -1.28980  7.81016e-05
 82 -0.35536 -1.22664e-07 | 83  3.98655 -3.01450e-06 | 84  0.98445 -1.66736e-06
 85  0.95771  4.18493e-05 | 86  0.05750 -5.08130e-06 | 87  0.24158 -7.69143e-05
 88  1.99985 -1.62178e-06 | 89 -1.99903 -3.77691e-06 | 90  1.99957 -4.42638e-06
 91  0.00037 -5.05297e-06 | 92  0.00003  3.58323e-07 |
92 variables; iteration 880; function evaluation 1114; phase 3
Function value -3.5829973e+01; maximum gradient component mag -8.8832e-03
Var    Value     Gradient |Var    Value     Gradient |Var    Value     Gradient
  1  1.00255  3.61877e-07 |  2  0.00035 -6.19576e-07 |  3  0.00042  3.80133e-08
  4 -0.01548 -5.49119e-07 |  5 -0.01540 -3.28421e-07 |  6 -0.01530  9.19100e-08
  7 -0.01519  5.03727e-07 |  8 -0.01505  5.68830e-07 |  9 -0.01490 -7.71275e-08
 10 -0.01472 -7.75544e-08 | 11 -0.01454  6.40771e-08 | 12 -0.01433  7.69705e-08
 13 -0.01408 -3.62814e-07 | 14 -0.01376 -6.88075e-08 | 15 -0.01342 -4.71628e-07
 16 -0.01292 -8.62479e-07 | 17 -0.01221  3.93945e-07 | 18 -0.01064 -2.51255e-06
 19 -0.00871 -6.96805e-07 | 20 -0.00663  2.34750e-08 | 21 -0.00417  5.54377e-08
 22 -0.00157 -5.59673e-07 | 23  0.00094 -7.32637e-07 | 24  0.00293 -5.65027e-07
 25  0.00414  8.82325e-07 | 26  0.00407  2.30658e-06 | 27  0.00288  1.29690e-07
 28  0.00087  5.05193e-07 | 29 -0.00101  1.78986e-06 | 30 -0.00313  6.41476e-07
 31 -0.00550  2.55752e-06 | 32 -0.00775  2.08896e-06 | 33 -0.01100  5.72018e-07
 34 -0.02213  1.90545e-06 | 35 -0.03092  3.47291e-06 | 36  0.24381 -2.83782e-06
 37  0.02525 -3.56243e-05 | 38 -0.23521  5.11242e-06 | 39 -0.15828  8.80937e-06
 40 -0.03809 -1.08717e-06 | 41 -0.02796 -1.13010e-06 | 42 -0.02043 -1.07255e-06
 43 -0.01536 -9.38096e-07 | 44 -0.01467  4.39269e-08 | 45 -0.01627 -2.09698e-06
 46 -0.02108 -1.71528e-06 | 47 -0.04070 -1.56295e-06 | 48 -0.01841  4.59947e-07
 49  0.00160  2.08084e-06 | 50  0.03103 -5.56838e-06 | 51 -0.04839  1.22669e-06
 52 -0.00213 -3.85426e-06 | 53 -0.06913 -1.85091e-06 | 54 -0.02028  1.67524e-06
 55 -0.01220 -3.56496e-06 | 56 -0.00311 -1.05660e-05 | 57  0.03191 -5.05933e-06
 58  0.00978 -8.79514e-07 | 59  0.03030 -3.56299e-06 | 60 -0.02421 -4.42440e-06
 61 -0.03557  3.25780e-07 | 62  0.01239  3.62357e-06 | 63 -0.03251  4.14142e-06
 64 -0.05596  8.34086e-06 | 65 -0.02787  1.32490e-05 | 66 -0.02553  9.02069e-06
 67 -0.01503  5.30841e-06 | 68 -0.03059  2.09736e-06 | 69  0.03128  2.69448e-06
 70 -0.00756 -5.76541e-07 | 71 -0.08966  2.26135e-06 | 72 -0.09611  5.09365e-06
 73 -0.04016  1.43967e-06 | 74 -0.01667 -1.51209e-06 | 75 -0.01669 -1.38617e-06
 76 -0.01666 -1.49355e-06 | 77 -0.57846 -8.88319e-03 | 78 -0.33426 -2.07276e-04
 79 -1.00998  1.97157e-06 | 80 -1.87150  7.03379e-05 | 81 -1.28980  2.79089e-06
 82 -0.35536 -4.31822e-09 | 83  3.98690 -1.10549e-07 | 84  0.98445 -3.74368e-08
 85  0.95770  1.47185e-06 | 86  0.05754 -1.81102e-07 | 87  0.24158 -2.71211e-06
 88  2.00007 -5.61973e-08 | 89 -1.99852 -1.33754e-07 | 90  2.00020 -1.59768e-07
 91  0.00109 -1.81670e-07 | 92 -0.00002  1.24189e-08 |

 - final statistics:
92 variables; iteration 887; function evaluation 1121
Function value -3.5830e+01; maximum gradient component mag -7.0228e-06
Exit code = 1;  converg criter 1.0000e-04
Var    Value     Gradient |Var    Value     Gradient |Var    Value     Gradient
  1  1.00256 -7.17896e-09 |  2  0.00035 -1.19840e-09 |  3  0.00042  1.75323e-10
  4 -0.01548 -8.73706e-10 |  5 -0.01540 -8.26339e-10 |  6 -0.01530 -3.71398e-10
  7 -0.01519  4.31569e-10 |  8 -0.01505  8.10754e-10 |  9 -0.01490  2.36594e-10
 10 -0.01472 -1.22160e-09 | 11 -0.01454  3.92186e-10 | 12 -0.01433  1.91481e-10
 13 -0.01408 -1.07957e-09 | 14 -0.01376 -6.55149e-10 | 15 -0.01342 -1.01393e-09
 16 -0.01292 -1.66487e-09 | 17 -0.01221  1.01259e-09 | 18 -0.01064 -3.63874e-09
 19 -0.00871 -8.93276e-10 | 20 -0.00663  3.50921e-10 | 21 -0.00417  5.55540e-10
 22 -0.00157 -5.07803e-10 | 23  0.00094 -1.15984e-09 | 24  0.00293 -8.57881e-10
 25  0.00414  6.59685e-10 | 26  0.00407  2.40786e-09 | 27  0.00288 -4.88508e-10
 28  0.00087 -1.74943e-10 | 29 -0.00101  1.69438e-09 | 30 -0.00313 -1.12625e-10
 31 -0.00550  2.23097e-09 | 32 -0.00775  2.02108e-09 | 33 -0.01100 -9.23085e-10
 34 -0.02213  1.19577e-09 | 35 -0.03092  3.94862e-09 | 36  0.24381 -2.23949e-09
 37  0.02525 -2.51916e-08 | 38 -0.23521  1.21262e-09 | 39 -0.15828  6.15909e-09
 40 -0.03809 -8.77393e-10 | 41 -0.02796 -9.78955e-10 | 42 -0.02043 -9.90722e-10
 43 -0.01536 -9.17476e-10 | 44 -0.01467  4.13176e-10 | 45 -0.01627 -2.98613e-09
 46 -0.02108 -1.76278e-09 | 47 -0.04070 -2.11918e-09 | 48 -0.01841  4.99407e-10
 49  0.00160  3.44265e-09 | 50  0.03103 -4.51337e-09 | 51 -0.04839  2.98236e-09
 52 -0.00213 -1.30885e-09 | 53 -0.06913 -1.33911e-09 | 54 -0.02028  1.84339e-09
 55 -0.01220 -6.70368e-09 | 56 -0.00311 -1.40878e-08 | 57  0.03191 -7.87323e-09
 58  0.00978 -3.13440e-09 | 59  0.03030 -6.59974e-09 | 60 -0.02421 -5.72177e-09
 61 -0.03557 -3.31179e-09 | 62  0.01239 -3.84288e-09 | 63 -0.03251  2.58638e-09
 64 -0.05596  7.52268e-09 | 65 -0.02787  1.27610e-08 | 66 -0.02553  9.00760e-09
 67 -0.01503  8.75906e-09 | 68 -0.03059  3.75153e-09 | 69  0.03128  6.27427e-09
 70 -0.00756  8.59086e-09 | 71 -0.08966  7.14706e-09 | 72 -0.09611  8.22276e-09
 73 -0.04016  1.85692e-09 | 74 -0.01667 -2.95337e-09 | 75 -0.01669 -1.00584e-09
 76 -0.01666 -2.05863e-09 | 77 -0.57846 -7.02284e-06 | 78 -0.33418 -1.61053e-07
 79 -1.00998 -5.91575e-10 | 80 -1.87125  5.79964e-08 | 81 -1.28980 -2.16857e-09
 82 -0.35536  2.60689e-12 | 83  3.98678  1.31492e-10 | 84  0.98445 -4.71856e-10
 85  0.95771 -5.19757e-10 | 86  0.05752  4.46712e-10 | 87  0.24158 -1.27273e-13
 88  2.00000 -4.40065e-13 | 89 -1.99869  5.65868e-11 | 90  2.00000  1.54222e-10
 91  0.00087  1.59209e-10 | 92 -0.00000 -5.72064e-13 |

Initial statistics: 93 variables; iteration 0; function evaluation 0; phase 4
Function value -3.5829973e+01; maximum gradient component mag -1.4824e-04
Var    Value     Gradient |Var    Value     Gradient |Var    Value     Gradient
  1  0.99744  1.87012e-08 |  2  0.00035  6.18134e-09 |  3  0.00042 -1.26320e-10
  4 -0.01548  5.79785e-09 |  5 -0.01540  2.93179e-09 |  6 -0.01530 -1.83266e-09
  7 -0.01519 -5.90040e-09 |  8 -0.01505 -6.07072e-09 |  9 -0.01490  1.63904e-09
 10 -0.01472 -9.62454e-10 | 11 -0.01454  7.62933e-11 | 12 -0.01433 -3.99322e-10
 13 -0.01408  3.32729e-09 | 14 -0.01376  2.49859e-10 | 15 -0.01342  5.15115e-09
 16 -0.01292  9.41584e-09 | 17 -0.01221 -2.39981e-09 | 18 -0.01064  2.85567e-08
 19 -0.00871  9.59738e-09 | 20 -0.00663  2.79313e-09 | 21 -0.00417  3.55135e-09
 22 -0.00157  1.08938e-08 | 23  0.00094  1.33933e-08 | 24  0.00293  1.34628e-08
 25  0.00414 -8.73270e-10 | 26  0.00407 -1.39442e-08 | 27  0.00288  1.34799e-08
 28  0.00087  1.33893e-08 | 29 -0.00101  5.11057e-09 | 30 -0.00313  2.41939e-08
 31 -0.00550  1.15880e-08 | 32 -0.00775  2.94473e-08 | 33 -0.01100  5.89912e-08
 34 -0.02213  5.75394e-08 | 35 -0.03092  4.85698e-08 | 36  0.24381  5.08874e-08
 37  0.02525 -6.01426e-07 | 38 -0.23521  1.26116e-07 | 39 -0.15828  1.57323e-07
 40 -0.03809  6.75387e-09 | 41 -0.02796  6.30226e-09 | 42 -0.02043  4.74180e-09
 43 -0.01536  2.14012e-09 | 44 -0.01467 -8.22372e-09 | 45 -0.01627  1.24781e-08
 46 -0.02108 -1.08399e-08 | 47 -0.04070  1.75098e-08 | 48 -0.01841  1.06468e-08
 49  0.00160  1.69586e-08 | 50  0.03103  1.71232e-08 | 51 -0.04839  3.19250e-08
 52 -0.00213  3.06192e-08 | 53 -0.06913 -2.50330e-09 | 54 -0.02028  2.33411e-09
 55 -0.01220 -1.61843e-08 | 56 -0.00311  9.59474e-08 | 57  0.03191 -2.98253e-08
 58  0.00978 -7.55854e-08 | 59  0.03030 -7.93216e-08 | 60 -0.02421 -3.79123e-08
 61 -0.03557  4.48987e-08 | 62  0.01239  8.34885e-08 | 63 -0.03251 -3.29585e-10
 64 -0.05596  2.33929e-08 | 65 -0.02787  4.63571e-08 | 66 -0.02553  2.57783e-08
 67 -0.01503 -5.00770e-08 | 68 -0.03059 -5.31507e-08 | 69  0.03128 -2.90538e-08
 70 -0.00756 -1.15303e-07 | 71 -0.08966 -7.72699e-08 | 72 -0.09611 -1.11122e-08
 73 -0.04016  1.94594e-08 | 74 -0.01667  1.49350e-08 | 75 -0.01669  1.67179e-08
 76 -0.01666  1.63464e-08 | 77  0.00000  0.00000e+00 | 78 -0.57846 -1.48238e-04
 79 -0.33418 -3.31923e-06 | 80 -0.99002  2.88827e-08 | 81 -0.12875 -1.16758e-06
 82 -0.71020  4.13346e-08 | 83 -0.35536  6.20848e-11 | 84 -0.01322  1.73352e-09
 85  0.98445 -3.51531e-10 | 86  0.95771 -2.06451e-08 | 87  0.05752  3.27659e-09
 88  0.24158  3.65021e-08 | 89 -0.00000 -7.51096e-10 | 90 -0.00131 -1.89730e-09
 91 -0.00000 -2.42004e-09 | 92  0.00087  2.72169e-09 | 93 -0.00000 -1.67383e-10
Warning: the following parameters had issues
  SR_parm[1] is within 0.1% of upper bound: 1.00000e-04 < 1.99999e+01 < 2.00000e+01
  selparm[3] is within 0.1% of lower bound: -4.00000e+00 < -3.99902e+00 < 1.20000e+01
  selparm[10] is within 0.1% of upper bound: -1.50000e+01 < 5.99687e+00 < 6.00000e+00
  selparm[13] is within 1% of upper bound: 2.00000e+01 < 8.29305e+01 < 8.30000e+01


 - final statistics:
93 variables; iteration 1; function evaluation 2
Function value -3.5830e+01; maximum gradient component mag 8.8563e-07
Exit code = 1;  converg criter 1.0000e-04
Var    Value     Gradient |Var    Value     Gradient |Var    Value     Gradient
  1  0.99744  1.87011e-08 |  2  0.00035  6.16653e-09 |  3  0.00042 -1.45120e-10
  4 -0.01548  5.77621e-09 |  5 -0.01540  2.90400e-09 |  6 -0.01530 -1.86828e-09
  7 -0.01519 -5.94629e-09 |  8 -0.01505 -6.13004e-09 |  9 -0.01490  1.56200e-09
 10 -0.01472 -1.06191e-09 | 11 -0.01454 -5.22793e-11 | 12 -0.01433 -5.65500e-10
 13 -0.01408  3.11226e-09 | 14 -0.01376 -2.81419e-11 | 15 -0.01342  4.79122e-09
 16 -0.01292  8.94943e-09 | 17 -0.01221 -3.00449e-09 | 18 -0.01064  2.77655e-08
 19 -0.00871  8.56174e-09 | 20 -0.00663  1.42867e-09 | 21 -0.00417  1.75356e-09
 22 -0.00157  8.52130e-09 | 23  0.00094  1.02642e-08 | 24  0.00293  9.35119e-09
 25  0.00414 -6.24290e-09 | 26  0.00407 -2.08855e-08 | 27  0.00288  4.59035e-09
 28  0.00087  2.09024e-09 | 29 -0.00101 -9.24988e-09 | 30 -0.00313  5.98240e-09
 31 -0.00550 -1.14745e-08 | 32 -0.00775 -2.55379e-10 | 33 -0.01100  2.12927e-08
 34 -0.02213  1.28506e-08 | 35 -0.03092  3.28930e-11 | 36  0.24381  4.16043e-08
 37  0.02525 -3.13952e-08 | 38 -0.23521  1.99331e-08 | 39 -0.15828  1.15214e-08
 40 -0.03809  1.01586e-08 | 41 -0.02796  1.01773e-08 | 42 -0.02043  9.08979e-09
 43 -0.01536  6.99540e-09 | 44 -0.01467 -3.60832e-09 | 45 -0.01627  1.81613e-08
 46 -0.02108  6.08694e-09 | 47 -0.04070  1.73083e-08 | 48 -0.01841  1.92660e-09
 49  0.00160 -4.28954e-09 | 50  0.03103  4.43173e-08 | 51 -0.04839  8.12268e-09
 52 -0.00213  4.08396e-08 | 53 -0.06913  1.11773e-08 | 54 -0.02028 -9.47716e-09
 55 -0.01220  1.24146e-08 | 56 -0.00311  1.06779e-07 | 57  0.03191  1.61528e-08
 58  0.00978 -3.04783e-08 | 59  0.03030 -1.57701e-08 | 60 -0.02421  9.98646e-09
 61 -0.03557  1.44750e-08 | 62  0.01239  7.05353e-09 | 63 -0.03251 -2.80529e-08
 64 -0.05596 -4.35715e-08 | 65 -0.02787 -6.42980e-08 | 66 -0.02553 -4.61178e-08
 67 -0.01503 -5.29667e-08 | 68 -0.03059 -3.55716e-08 | 69  0.03128 -2.67260e-08
 70 -0.00756 -3.91396e-08 | 71 -0.08966 -4.42830e-08 | 72 -0.09611 -3.44553e-08
 73 -0.04016 -7.43851e-11 | 74 -0.01667  1.49345e-08 | 75 -0.01669  1.67173e-08
 76 -0.01666  1.63458e-08 | 77  0.00000  0.00000e+00 | 78 -0.57846  8.85626e-07
 79 -0.33418 -1.23458e-07 | 80 -0.99002  2.90187e-08 | 81 -0.12875 -4.13018e-08
 82 -0.71020  4.13337e-08 | 83 -0.35536  6.20701e-11 | 84 -0.01322  1.73352e-09
 85  0.98445 -3.51706e-10 | 86  0.95771 -2.06450e-08 | 87  0.05752  3.27659e-09
 88  0.24158  3.64938e-08 | 89 -0.00000 -7.51096e-10 | 90 -0.00131 -1.89732e-09
 91 -0.00000 -2.42004e-09 | 92  0.00087  2.72171e-09 | 93 -0.00000 -1.67383e-10
Estimating row 1 out of 93 for hessian
Estimating row 2 out of 93 for hessian
Estimating row 3 out of 93 for hessian
Estimating row 4 out of 93 for hessian
Estimating row 5 out of 93 for hessian
Estimating row 6 out of 93 for hessian
Estimating row 7 out of 93 for hessian
Estimating row 8 out of 93 for hessian
Estimating row 9 out of 93 for hessian
Estimating row 10 out of 93 for hessian
Estimating row 11 out of 93 for hessian
Estimating row 12 out of 93 for hessian
Estimating row 13 out of 93 for hessian
Estimating row 14 out of 93 for hessian
Estimating row 15 out of 93 for hessian
Estimating row 16 out of 93 for hessian
Estimating row 17 out of 93 for hessian
Estimating row 18 out of 93 for hessian
Estimating row 19 out of 93 for hessian
Estimating row 20 out of 93 for hessian
Estimating row 21 out of 93 for hessian
Estimating row 22 out of 93 for hessian
Estimating row 23 out of 93 for hessian
Estimating row 24 out of 93 for hessian
Estimating row 25 out of 93 for hessian
Estimating row 26 out of 93 for hessian
Estimating row 27 out of 93 for hessian
Estimating row 28 out of 93 for hessian
Estimating row 29 out of 93 for hessian
Estimating row 30 out of 93 for hessian
Estimating row 31 out of 93 for hessian
Estimating row 32 out of 93 for hessian
Estimating row 33 out of 93 for hessian
Estimating row 34 out of 93 for hessian
Estimating row 35 out of 93 for hessian
Estimating row 36 out of 93 for hessian
Estimating row 37 out of 93 for hessian
Estimating row 38 out of 93 for hessian
Estimating row 39 out of 93 for hessian
Estimating row 40 out of 93 for hessian
Estimating row 41 out of 93 for hessian
Estimating row 42 out of 93 for hessian
Estimating row 43 out of 93 for hessian
Estimating row 44 out of 93 for hessian
Estimating row 45 out of 93 for hessian
Estimating row 46 out of 93 for hessian
Estimating row 47 out of 93 for hessian
Estimating row 48 out of 93 for hessian
Estimating row 49 out of 93 for hessian
Estimating row 50 out of 93 for hessian
Estimating row 51 out of 93 for hessian
Estimating row 52 out of 93 for hessian
Estimating row 53 out of 93 for hessian
Estimating row 54 out of 93 for hessian
Estimating row 55 out of 93 for hessian
Estimating row 56 out of 93 for hessian
Estimating row 57 out of 93 for hessian
Estimating row 58 out of 93 for hessian
Estimating row 59 out of 93 for hessian
Estimating row 60 out of 93 for hessian
Estimating row 61 out of 93 for hessian
Estimating row 62 out of 93 for hessian
Estimating row 63 out of 93 for hessian
Estimating row 64 out of 93 for hessian
Estimating row 65 out of 93 for hessian
Estimating row 66 out of 93 for hessian
Estimating row 67 out of 93 for hessian
Estimating row 68 out of 93 for hessian
Estimating row 69 out of 93 for hessian
Estimating row 70 out of 93 for hessian
Estimating row 71 out of 93 for hessian
Estimating row 72 out of 93 for hessian
Estimating row 73 out of 93 for hessian
Estimating row 74 out of 93 for hessian
Estimating row 75 out of 93 for hessian
Estimating row 76 out of 93 for hessian
Estimating row 77 out of 93 for hessian
Estimating row 78 out of 93 for hessian
Estimating row 79 out of 93 for hessian
Estimating row 80 out of 93 for hessian
Estimating row 81 out of 93 for hessian
Estimating row 82 out of 93 for hessian
Estimating row 83 out of 93 for hessian
Estimating row 84 out of 93 for hessian
Estimating row 85 out of 93 for hessian
Estimating row 86 out of 93 for hessian
Estimating row 87 out of 93 for hessian
Estimating row 88 out of 93 for hessian
Estimating row 89 out of 93 for hessian
Estimating row 90 out of 93 for hessian
Estimating row 91 out of 93 for hessian
Estimating row 92 out of 93 for hessian
Estimating row 93 out of 93 for hessian
size of file gradfil1.tmp = 0
size of file gradfil2.tmp = 0
size of file varssave.tmp = 0
size of file cmpdiff.tmp = 0
