
Initial statistics: 72 variables; iteration 0; function evaluation 0; phase 1
Function value 4.1149427e+06; maximum gradient component mag -1.0448e+07
Var    Value     Gradient |Var    Value     Gradient |Var    Value     Gradient
  1 -0.19398 -1.04484e+07 |  2  0.00000 -5.01762e+04 |  3  0.00000 -4.48570e+04
  4  0.00000 -3.80852e+04 |  5  0.00000 -2.89538e+04 |  6  0.00000 -2.63976e+04
  7  0.00000 -1.39932e+04 |  8  0.00000 -5.23796e+04 |  9  0.00000 -9.20077e+04
 10  0.00000 -1.11340e+05 | 11  0.00000 -1.10137e+05 | 12  0.00000 -1.10143e+05
 13  0.00000 -1.15045e+05 | 14  0.00000 -1.12520e+05 | 15  0.00000 -1.12733e+05
 16  0.00000 -1.09246e+05 | 17  0.00000 -1.07163e+05 | 18  0.00000 -1.03625e+05
 19  0.00000 -1.02743e+05 | 20  0.00000  1.00202e+05 | 21  0.00000  1.33746e+05
 22  0.00000  1.32559e+05 | 23  0.00000  1.16264e+05 | 24  0.00000  1.06538e+05
 25  0.00000  8.72787e+04 | 26  0.00000  7.82568e+04 | 27  0.00000  6.73294e+04
 28  0.00000  6.55388e+04 | 29  0.00000  4.08418e+04 | 30  0.00000  3.49634e+04
 31  0.00000  3.73542e+04 | 32  0.00000  3.50259e+04 | 33  0.00000 -1.04220e+05
 34  0.00000 -1.00112e+05 | 35  0.00000 -5.67193e+04 | 36  0.00000 -1.26151e+05
 37  0.00000 -1.21783e+05 | 38  0.00000 -1.16940e+05 | 39  0.00000 -1.17920e+05
 40  0.00000 -8.08713e+04 | 41  0.00000 -7.87831e+04 | 42  0.00000 -7.91449e+04
 43  0.00000 -9.72801e+04 | 44  0.00000 -9.93099e+04 | 45  0.00000 -1.37109e+05
 46  0.00000 -1.60537e+05 | 47  0.00000 -1.29045e+05 | 48  0.00000 -1.04799e+05
 49  0.00000 -1.10226e+05 | 50  0.00000 -8.70048e+04 | 51  0.00000 -1.36667e+05
 52  0.00000 -2.17743e+05 | 53  0.00000 -1.49421e+05 | 54  0.00000 -1.54191e+05
 55  0.00000 -1.32839e+05 | 56  0.00000 -1.12679e+05 | 57  0.00000 -1.14242e+05
 58  0.00000 -1.15181e+05 | 59  0.00000 -1.08218e+05 | 60  0.00000 -1.23185e+05
 61  0.00000 -1.28854e+05 | 62  0.00000 -1.14859e+05 | 63  0.00000 -1.20875e+05
 64  0.00000 -1.35970e+05 | 65  0.00000 -1.21618e+05 | 66  0.00000 -1.15030e+05
 67  0.00000 -9.45776e+04 | 68  0.00000 -8.35598e+04 | 69  0.00000 -6.20606e+04
 70  0.00000 -4.66394e+04 | 71  0.00000 -2.59356e+04 | 72  0.00000 -7.28652e+04

Intermediate statistics: 72 variables; iteration 20; function evaluation 37; phase 1
Function value 7.2781691e+02; maximum gradient component mag -7.7507e+02
Var    Value     Gradient |Var    Value     Gradient |Var    Value     Gradient
  1  0.04800 -7.75073e+02 |  2 -0.05682 -1.43908e+01 |  3 -0.06421 -1.24181e+01
  4 -0.05135 -9.61099e+00 |  5 -0.03437 -5.96382e+00 |  6 -0.02569 -4.39805e+00
  7 -0.00202  4.27745e-01 |  8 -0.04967 -1.07273e+01 |  9 -0.09846 -2.18831e+01
 10 -0.11732 -2.61955e+01 | 11 -0.10634 -2.39711e+01 | 12 -0.09691 -2.19730e+01
 13 -0.09404 -2.12441e+01 | 14 -0.07857 -1.76237e+01 | 15 -0.06480 -1.41408e+01
 16 -0.04326 -8.47157e+00 | 17 -0.02167 -2.33601e+00 | 18 -0.00348  3.74884e+00
 19  0.00998  8.73507e+00 | 20  0.25311  7.46986e+01 | 21  0.25546  9.20025e+01
 22  0.21988  9.91699e+01 | 23  0.17314  9.85910e+01 | 24  0.12685  9.38879e+01
 25  0.07291  7.94681e+01 | 26  0.01536  5.93518e+01 | 27 -0.05081  3.15268e+01
 28 -0.10740  7.71341e+00 | 29 -0.13970 -7.61945e+00 | 30 -0.07267  3.79355e+00
 31  0.04862 -2.23499e+01 | 32  0.02521 -5.74578e+01 | 33 -0.07077 -4.47744e+01
 34  0.01569 -6.80535e+01 | 35  0.09417 -8.53007e+01 | 36 -0.03580 -6.20727e+01
 37  0.00717 -1.00661e+02 | 38 -0.03424 -3.48796e+01 | 39  0.02466  2.49084e+01
 40 -0.23535 -6.52043e+01 | 41 -0.00587 -2.11781e+02 | 42  0.03661 -1.08449e+02
 43 -0.16895  2.63753e+01 | 44 -0.00338  4.01336e+02 | 45 -0.00990  1.25183e+02
 46 -0.58317 -7.69186e+01 | 47 -0.19958 -1.18222e+02 | 48 -0.16263 -7.56825e+01
 49  0.20073 -6.81913e+02 | 50 -0.08989 -4.09368e+01 | 51  0.08958  1.14780e+02
 52  0.03852  1.27947e+02 | 53  0.10022  2.28677e+02 | 54  0.14040  1.35122e+02
 55 -0.20981 -4.89095e+01 | 56  0.02860 -2.88536e+01 | 57  0.19637  2.15559e+01
 58  0.05037 -2.81699e+01 | 59 -0.18719 -5.02132e+01 | 60  0.12873  3.06136e+01
 61  0.11949  1.91916e+02 | 62  0.00549  1.19762e+02 | 63  0.02486  1.09173e+02
 64  0.02972  4.27934e+01 | 65  0.05047 -6.27871e-01 | 66 -0.18423 -5.46907e+01
 67 -0.04167 -5.58976e+01 | 68  0.22930 -2.00977e+02 | 69  0.00014 -2.74232e+01
 70 -0.10276 -2.45080e+01 | 71 -0.05334 -9.56716e+00 | 72 -0.11810 -2.49693e+01
72 variables; iteration 40; function evaluation 61; phase 1
Function value 6.8527191e+02; maximum gradient component mag 3.9719e+02
Var    Value     Gradient |Var    Value     Gradient |Var    Value     Gradient
  1  0.04919  1.01803e+02 |  2 -0.04122 -1.07689e+01 |  3 -0.05597 -1.05725e+01
  4 -0.04595 -8.45779e+00 |  5 -0.03257 -5.68146e+00 |  6 -0.02522 -4.44219e+00
  7 -0.00613 -6.95337e-01 |  8 -0.04203 -9.22855e+00 |  9 -0.07898 -1.78168e+01
 10 -0.09302 -2.12277e+01 | 11 -0.08437 -1.96467e+01 | 12 -0.07720 -1.82835e+01
 13 -0.07553 -1.79870e+01 | 14 -0.06448 -1.56533e+01 | 15 -0.05506 -1.36428e+01
 16 -0.04014 -1.03553e+01 | 17 -0.02477 -6.99594e+00 | 18 -0.01239 -3.75110e+00
 19 -0.00288 -1.25245e+00 | 20  0.20866  2.76987e+01 | 21  0.22104  3.80886e+01
 22  0.17737  4.75812e+01 | 23  0.13414  5.42352e+01 | 24  0.10816  6.53863e+01
 25  0.05099  5.75379e+01 | 26 -0.01514  3.89253e+01 | 27 -0.07490  1.96074e+01
 28 -0.10630  1.09208e+01 | 29 -0.13760 -3.50258e+00 | 30 -0.11621 -7.98739e+00
 31  0.03772  2.27139e-01 | 32 -0.01013 -7.61152e+00 | 33 -0.00785  1.29357e+01
 34 -0.04432 -3.49983e+01 | 35  0.06915 -4.50782e+01 | 36 -0.06559 -2.69493e+01
 37  0.03055 -3.14647e+01 | 38 -0.07210 -2.36248e+01 | 39 -0.03559  5.81593e+01
 40 -0.16765 -8.49912e+00 | 41  0.02459  1.06353e+02 | 42 -0.00149  1.91943e+02
 43 -0.12253  1.37758e+02 | 44 -0.03220  3.97188e+02 | 45 -0.04433  1.55752e+02
 46 -0.67277 -6.56003e+01 | 47 -0.12118 -4.65687e+01 | 48 -0.15373  6.57173e+00
 49  0.18311 -2.20429e+02 | 50 -0.09937 -5.30206e+01 | 51  0.03397 -1.67978e+01
 52  0.03777  5.48782e+01 | 53  0.08372  1.26324e+02 | 54  0.10017  9.56052e+00
 55 -0.22494 -5.70549e+01 | 56  0.06487 -1.05639e+02 | 57  0.14019 -1.63261e+02
 58  0.05797 -1.24414e+02 | 59 -0.19110 -6.09711e+01 | 60  0.11522 -1.12641e+02
 61  0.08148 -2.02774e+01 | 62 -0.04249  3.47827e+00 | 63  0.02245  7.62334e+00
 64 -0.00774 -2.31547e+01 | 65  0.02382  1.89142e+00 | 66 -0.10735 -2.86056e+01
 67 -0.07578 -1.97929e+01 | 68  0.21244 -7.24039e+00 | 69 -0.05576 -2.37343e+01
 70 -0.09646 -2.23733e+01 | 71 -0.04817 -8.02708e+00 | 72 -0.09606 -1.95581e+01
72 variables; iteration 60; function evaluation 92; phase 1
Function value 6.4291176e+02; maximum gradient component mag 2.3313e+02
Var    Value     Gradient |Var    Value     Gradient |Var    Value     Gradient
  1  0.04345  6.61662e+01 |  2 -0.01993 -5.93894e+00 |  3 -0.00808  5.57307e-01
  4 -0.00923 -2.35577e-02 |  5 -0.00935 -4.41920e-01 |  6 -0.00649 -2.80406e-01
  7 -0.00341 -1.97868e-01 |  8  0.00801  1.52075e+00 |  9 -0.00561 -2.18558e+00
 10 -0.03586 -9.30233e+00 | 11 -0.04880 -1.24949e+01 | 12 -0.05427 -1.39108e+01
 13 -0.06350 -1.60441e+01 | 14 -0.05713 -1.50237e+01 | 15 -0.03919 -1.19699e+01
 16  0.02015 -2.24772e+00 | 17 -0.05045 -1.53644e+01 | 18  0.02823 -2.69788e+00
 19 -0.03580 -1.31472e+01 | 20  0.14476  2.71115e+00 | 21  0.21679  1.62035e+00
 22  0.11126  1.58191e+01 | 23  0.07922  2.38914e+01 | 24  0.03879  2.84196e+01
 25  0.00106  3.05729e+01 | 26 -0.01085  4.37332e+01 | 27 -0.05510  3.54511e+01
 28 -0.06815  3.99426e+01 | 29 -0.07957  3.48492e+01 | 30 -0.05397  2.51465e+01
 31 -0.00384 -1.12800e+01 | 32 -0.02301 -2.08393e+01 | 33 -0.05971  2.74801e+00
 34 -0.00167 -3.54457e+00 | 35  0.01536  2.08245e+01 | 36 -0.04348  3.00866e+01
 37  0.01496  6.77957e+01 | 38 -0.04949  4.54218e+01 | 39 -0.10934  3.90888e+01
 40 -0.08224  8.00689e+01 | 41 -0.00664  1.51944e+02 | 42  0.00583  2.33131e+02
 43 -0.10432  1.28884e+02 | 44 -0.09091  1.28174e+02 | 45 -0.04823 -2.47264e+01
 46 -0.47915 -8.19769e+01 | 47 -0.09819 -7.80117e+01 | 48 -0.22991 -1.39641e+01
 49  0.15795  1.50395e+02 | 50 -0.01212  9.58284e-01 | 51  0.00096 -5.79180e+01
 52 -0.04162 -9.01724e+01 | 53  0.06073 -1.18473e+02 | 54  0.06212 -7.94233e+01
 55 -0.10342 -3.61428e+01 | 56  0.05814 -3.36634e+01 | 57  0.08596 -2.92079e+01
 58  0.06410 -1.85137e+01 | 59 -0.07569 -2.17112e+01 | 60  0.05980  1.15195e+01
 61  0.08988  9.54776e+00 | 62 -0.14007 -2.87382e+01 | 63 -0.00833 -2.49830e+01
 64  0.00599 -7.72349e+01 | 65 -0.02124 -9.09957e+01 | 66 -0.14368 -7.83892e+01
 67 -0.08790 -7.19171e+01 | 68  0.17218 -9.55925e+01 | 69  0.01591 -9.05439e-01
 70 -0.00601  5.64007e+00 | 71 -0.00908  2.01982e+00 | 72  0.00124  4.53480e+00
Maximum number of function evaluations exceeded

 - final statistics:
72 variables; iteration 68; function evaluation 100
Function value 6.3515e+02; maximum gradient component mag -1.3564e+02
Exit code = 3;  converg criter 1.0000e+01
Var    Value     Gradient |Var    Value     Gradient |Var    Value     Gradient
  1  0.04215  4.16550e+01 |  2 -0.01474 -4.79486e+00 |  3 -0.05302 -1.01380e+01
  4 -0.04280 -7.94340e+00 |  5 -0.03374 -6.10771e+00 |  6 -0.02502 -4.47358e+00
  7 -0.01976 -3.76547e+00 |  8  0.02858  5.97131e+00 |  9  0.02099  3.46995e+00
 10 -0.00557 -2.83541e+00 | 11 -0.02483 -7.34045e+00 | 12 -0.03120 -8.98022e+00
 13 -0.04307 -1.16435e+01 | 14 -0.03606 -1.05402e+01 | 15 -0.01929 -7.88741e+00
 16 -0.10041 -2.44084e+01 | 17 -0.01835 -9.42120e+00 | 18  0.03895 -1.02863e+00
 19 -0.00997 -8.72077e+00 | 20  0.16839  2.00673e+00 | 21  0.20793  5.15859e+00
 22  0.11883  1.83367e+01 | 23  0.05788  2.03878e+01 | 24  0.01212  2.06929e+01
 25 -0.00183  3.09676e+01 | 26 -0.03178  3.37609e+01 | 27 -0.06609  3.05962e+01
 28 -0.07828  3.56365e+01 | 29 -0.07452  4.19639e+01 | 30 -0.02927  4.59021e+01
 31 -0.01290 -4.74128e+00 | 32 -0.02373 -1.44544e+01 | 33 -0.07306  8.22297e+00
 34  0.00871  4.26638e+01 | 35  0.00475  7.80404e+01 | 36 -0.02175  8.73947e+01
 37  0.00157  8.91412e+01 | 38 -0.04053  6.72497e+01 | 39 -0.11475  3.63030e+01
 40 -0.07325  7.54446e+01 | 41 -0.01249  8.15017e+01 | 42  0.00661  1.20796e+02
 43 -0.11149  7.35654e+01 | 44 -0.10964  8.44475e+01 | 45 -0.03501  2.38733e+01
 46 -0.43087 -7.90957e+01 | 47 -0.09541 -4.15456e+01 | 48 -0.23331 -1.49008e+01
 49  0.15290  5.39920e+01 | 50 -0.00293 -1.30161e+01 | 51 -0.00723 -6.33618e+01
 52 -0.04364 -9.34312e+01 | 53  0.06352 -1.35636e+02 | 54  0.05167 -9.72458e+01
 55 -0.09215 -4.17267e+01 | 56  0.05571 -4.25963e+01 | 57  0.07923 -1.64752e+01
 58  0.06801  1.06110e+01 | 59 -0.06164 -9.13546e+00 | 60  0.04476  2.11018e+01
 61  0.09490  1.74837e+01 | 62 -0.13201 -2.62036e+01 | 63 -0.04269 -1.71800e+01
 64  0.03114 -4.17972e+01 | 65 -0.03689 -4.83701e+01 | 66 -0.17561 -6.31542e+01
 67 -0.04540 -6.58522e+01 | 68  0.16629 -1.28696e+02 | 69 -0.00995 -2.46372e+01
 70 -0.02015 -3.89751e+00 | 71 -0.00849  2.17124e+00 | 72 -0.03786 -5.06332e+00

Initial statistics: 72 variables; iteration 0; function evaluation 0; phase 2
Function value 6.3515461e+02; maximum gradient component mag -1.3564e+02
Var    Value     Gradient |Var    Value     Gradient |Var    Value     Gradient
  1  0.04215  4.16550e+01 |  2 -0.01474 -4.79486e+00 |  3 -0.05302 -1.01380e+01
  4 -0.04280 -7.94340e+00 |  5 -0.03374 -6.10771e+00 |  6 -0.02502 -4.47358e+00
  7 -0.01976 -3.76547e+00 |  8  0.02858  5.97131e+00 |  9  0.02099  3.46995e+00
 10 -0.00557 -2.83541e+00 | 11 -0.02483 -7.34045e+00 | 12 -0.03120 -8.98022e+00
 13 -0.04307 -1.16435e+01 | 14 -0.03606 -1.05402e+01 | 15 -0.01929 -7.88741e+00
 16 -0.10041 -2.44084e+01 | 17 -0.01835 -9.42120e+00 | 18  0.03895 -1.02863e+00
 19 -0.00997 -8.72077e+00 | 20  0.16839  2.00673e+00 | 21  0.20793  5.15859e+00
 22  0.11883  1.83367e+01 | 23  0.05788  2.03878e+01 | 24  0.01212  2.06929e+01
 25 -0.00183  3.09676e+01 | 26 -0.03178  3.37609e+01 | 27 -0.06609  3.05962e+01
 28 -0.07828  3.56365e+01 | 29 -0.07452  4.19639e+01 | 30 -0.02927  4.59021e+01
 31 -0.01290 -4.74128e+00 | 32 -0.02373 -1.44544e+01 | 33 -0.07306  8.22297e+00
 34  0.00871  4.26638e+01 | 35  0.00475  7.80404e+01 | 36 -0.02175  8.73947e+01
 37  0.00157  8.91412e+01 | 38 -0.04053  6.72497e+01 | 39 -0.11475  3.63030e+01
 40 -0.07325  7.54446e+01 | 41 -0.01249  8.15017e+01 | 42  0.00661  1.20796e+02
 43 -0.11149  7.35654e+01 | 44 -0.10964  8.44475e+01 | 45 -0.03501  2.38733e+01
 46 -0.43087 -7.90957e+01 | 47 -0.09541 -4.15456e+01 | 48 -0.23331 -1.49008e+01
 49  0.15290  5.39920e+01 | 50 -0.00293 -1.30161e+01 | 51 -0.00723 -6.33618e+01
 52 -0.04364 -9.34312e+01 | 53  0.06352 -1.35636e+02 | 54  0.05167 -9.72458e+01
 55 -0.09215 -4.17267e+01 | 56  0.05571 -4.25963e+01 | 57  0.07923 -1.64752e+01
 58  0.06801  1.06110e+01 | 59 -0.06164 -9.13546e+00 | 60  0.04476  2.11018e+01
 61  0.09490  1.74837e+01 | 62 -0.13201 -2.62036e+01 | 63 -0.04269 -1.71800e+01
 64  0.03114 -4.17972e+01 | 65 -0.03689 -4.83701e+01 | 66 -0.17561 -6.31542e+01
 67 -0.04540 -6.58522e+01 | 68  0.16629 -1.28696e+02 | 69 -0.00995 -2.46372e+01
 70 -0.02015 -3.89751e+00 | 71 -0.00849  2.17124e+00 | 72 -0.03786 -5.06332e+00

Intermediate statistics: 72 variables; iteration 20; function evaluation 26; phase 2
Function value 5.8704954e+02; maximum gradient component mag -2.3196e+02
Var    Value     Gradient |Var    Value     Gradient |Var    Value     Gradient
  1  0.07432 -2.31956e+02 |  2  0.00871  1.11339e+00 |  3 -0.00226  2.24908e+00
  4 -0.00329  1.80510e+00 |  5 -0.00379  1.45484e+00 |  6 -0.00385  1.17473e+00
  7 -0.00276  1.11387e+00 |  8 -0.00882 -6.30107e-01 |  9 -0.00394  6.14748e-02
 10  0.00449  1.42288e+00 | 11  0.01049  2.40733e+00 | 12  0.01292  2.95224e+00
 13  0.01565  3.71521e+00 | 14  0.01598  3.93157e+00 | 15  0.01791  4.02136e+00
 16  0.03366  6.72844e+00 | 17  0.03221  5.48101e+00 | 18  0.03779  6.53000e+00
 19  0.04346  7.24742e+00 | 20  0.19322  2.70777e+01 | 21  0.30640  4.13315e+01
 22  0.03016  1.26571e+01 | 23 -0.01827  5.87108e+00 | 24 -0.04959  3.22486e+00
 25 -0.08205 -5.40793e-01 | 26 -0.10868 -2.63592e+00 | 27 -0.12966 -3.37981e+00
 28 -0.15006 -6.56627e+00 | 29 -0.16194 -1.20553e+01 | 30 -0.16201 -2.56733e+01
 31  0.01242 -3.93362e+01 | 32 -0.01156 -5.60379e+01 | 33 -0.11802 -4.26434e+01
 34 -0.00312 -7.48080e+01 | 35  0.02098 -5.64342e+01 | 36 -0.06704 -2.75452e+01
 37 -0.00114 -3.72189e+01 | 38 -0.06147 -4.34095e+01 | 39 -0.12583 -3.43972e+01
 40 -0.17464 -4.20508e+01 | 41  0.00159 -5.83520e+01 | 42 -0.03373 -2.46387e+01
 43 -0.13593  1.26586e+01 | 44 -0.15846  3.82286e+01 | 45 -0.07902  1.19461e+02
 46 -0.16103  2.68303e+01 | 47 -0.18483  2.93048e+01 | 48 -0.21691  5.86085e-01
 49  0.15509 -1.98763e+02 | 50 -0.04761 -5.65437e+01 | 51 -0.03774 -3.38139e+01
 52  0.04948 -3.71555e+00 | 53  0.03184  2.99428e+01 | 54  0.05757  4.16497e+01
 55 -0.03477  2.04177e+01 | 56  0.03961  3.71274e+01 | 57  0.10337  2.96208e+01
 58  0.01595  7.47757e+00 | 59  0.00972  1.11996e+01 | 60  0.04260  3.02600e+00
 61  0.07263 -1.45137e+00 | 62 -0.05842  6.71626e+00 | 63 -0.03867  1.78281e+01
 64  0.02347  4.90639e+01 | 65 -0.06333  3.55218e+01 | 66 -0.07202  2.69415e+01
 67 -0.02915  2.68913e+01 | 68  0.15943  3.71323e+01 | 69  0.04217  3.81624e+00
 70 -0.01841  1.23482e+00 | 71 -0.01801 -3.96935e-01 | 72 -0.01149  1.18222e+00
72 variables; iteration 40; function evaluation 48; phase 2
Function value 5.8255660e+02; maximum gradient component mag -1.7171e+02
Var    Value     Gradient |Var    Value     Gradient |Var    Value     Gradient
  1  0.07765 -1.71709e+02 |  2  0.00166 -4.58039e-01 |  3 -0.01676 -1.10040e+00
  4 -0.01468 -7.72182e-01 |  5 -0.01265 -4.91762e-01 |  6 -0.01056 -2.42614e-01
  7 -0.00869 -9.85386e-02 |  8 -0.00269  9.29338e-01 |  9 -0.00184  7.01992e-01
 10 -0.00162  2.57705e-01 | 11 -0.00121  5.45854e-02 | 12 -0.00104  8.63446e-02
 13 -0.00176  4.08936e-02 | 14 -0.00094  3.04556e-01 | 15  0.00233  7.42138e-01
 16  0.00450  8.09267e-01 | 17  0.01348  2.00603e+00 | 18  0.01306  1.96368e+00
 19  0.02467  4.08368e+00 | 20  0.14891  2.46138e+01 | 21  0.33248  4.26095e+01
 22  0.00489  6.54765e+00 | 23  0.00170  1.21585e+01 | 24 -0.02635  1.15151e+01
 25 -0.05512  1.00267e+01 | 26 -0.09177  4.63413e+00 | 27 -0.12068  1.15825e+00
 28 -0.13901 -3.52927e-01 | 29 -0.14286 -9.04050e-01 | 30 -0.10208  3.65460e+00
 31  0.00086  5.77792e+00 | 32 -0.00824  4.16601e+00 | 33 -0.08755 -7.10661e+00
 34 -0.00297 -3.26917e+01 | 35  0.02339 -4.59671e+01 | 36 -0.06563 -3.24578e+01
 37 -0.00065 -3.93188e+01 | 38 -0.05686 -2.76914e+01 | 39 -0.13669 -1.52951e+01
 40 -0.14895 -1.21670e+01 | 41  0.00934  1.51499e+01 | 42 -0.04689 -3.76627e+00
 43 -0.11171  2.04850e+01 | 44 -0.16441  1.16176e+01 | 45 -0.08774  3.60951e+01
 46 -0.16021 -1.43866e+01 | 47 -0.18506  8.69046e+00 | 48 -0.20917  2.03964e+00
 49  0.15676 -3.50348e+00 | 50 -0.00962  1.51482e+01 | 51 -0.01783  1.22411e+01
 52  0.03217 -6.82452e+00 | 53  0.04412  1.79417e+00 | 54  0.06167  1.01797e+01
 55 -0.02055  5.54881e+00 | 56  0.03211 -3.44122e+00 | 57  0.10790 -2.21794e+01
 58  0.03456 -1.23614e+01 | 59 -0.00554 -1.18790e+01 | 60  0.04847 -1.71735e+01
 61  0.08420 -1.77274e+01 | 62 -0.06952 -7.98111e+00 | 63 -0.02834 -6.69965e+00
 64  0.02280 -1.46077e+01 | 65 -0.05506  2.01201e-01 | 66 -0.07902 -5.85633e+00
 67 -0.03303  2.72449e+00 | 68  0.17169  4.57939e-01 | 69  0.02472 -7.03268e+00
 70 -0.02033 -1.42862e+00 | 71 -0.01492  2.83749e-01 | 72 -0.01891 -7.14682e-01
72 variables; iteration 60; function evaluation 77; phase 2
Function value 5.7837490e+02; maximum gradient component mag -2.1422e+02
Var    Value     Gradient |Var    Value     Gradient |Var    Value     Gradient
  1  0.08844 -2.14216e+02 |  2  0.00387  7.16430e-02 |  3 -0.01116  2.36725e-01
  4 -0.01094  1.14064e-01 |  5 -0.01057 -9.68860e-03 |  6 -0.00977 -7.56723e-02
  7 -0.00827 -3.48071e-02 |  8 -0.00474  4.06790e-01 |  9 -0.00059  8.94921e-01
 10  0.00015  5.14210e-01 | 11 -0.00084 -5.87406e-02 | 12  0.00003  3.04297e-02
 13  0.00065  1.53718e-01 | 14  0.00464  9.28555e-01 | 15  0.00832  1.18803e+00
 16  0.00180 -8.45710e-01 | 17  0.01244  3.09865e-01 | 18  0.02093  1.58031e+00
 19  0.01854  4.45176e-01 | 20  0.05684  6.63927e+00 | 21  0.36138  1.51770e+00
 22  0.00506  2.49537e+00 | 23 -0.02363  5.65018e-01 | 24 -0.04927 -2.44820e-01
 25 -0.07430 -1.05567e+00 | 26 -0.09255  7.89738e-01 | 27 -0.10935  3.10386e+00
 28 -0.13159  3.53857e-01 | 29 -0.12935  2.81279e+00 | 30 -0.09850  2.58498e+00
 31  0.00640  5.47715e+00 | 32 -0.01036  6.64555e+00 | 33 -0.08818 -1.49252e+00
 34  0.00510 -4.09430e+00 | 35  0.02935 -8.95042e+00 | 36 -0.06658 -2.15201e+01
 37 -0.00053 -2.92349e+01 | 38 -0.06123 -2.69795e+01 | 39 -0.12053 -1.39559e+01
 40 -0.14734 -2.66775e+01 | 41 -0.00844 -5.26868e+01 | 42 -0.02498 -5.01595e+01
 43 -0.13547 -2.36965e+01 | 44 -0.15476 -2.12088e+01 | 45 -0.12921 -2.69529e+01
 46 -0.11477  1.40670e+00 | 47 -0.20978  5.00751e+00 | 48 -0.22186  4.40712e-01
 49  0.16530  5.42315e+01 | 50 -0.02005  8.35399e+00 | 51 -0.01267  4.54977e+00
 52  0.03436 -5.26918e+00 | 53  0.06009  1.11765e+01 | 54  0.06233  2.64348e+00
 55 -0.03163 -3.11070e+00 | 56  0.04286  7.28727e+00 | 57  0.12005  1.08816e+01
 58  0.02227  7.29030e-01 | 59 -0.00105  3.61440e+00 | 60  0.06763  1.45046e+01
 61  0.07987  9.76455e+00 | 62 -0.05484  2.45641e+00 | 63 -0.03127  3.41884e+00
 64  0.03557  1.08352e+01 | 65 -0.06376  5.55712e+00 | 66 -0.06745  6.00094e-01
 67 -0.02622  3.40640e+00 | 68  0.17303  4.68108e+00 | 69  0.04949  2.87631e+00
 70 -0.01091  2.57456e+00 | 71 -0.01561  2.17591e-02 | 72 -0.01596 -8.57436e-02
Maximum number of function evaluations exceeded

 - final statistics:
72 variables; iteration 75; function evaluation 100
Function value 5.7729e+02; maximum gradient component mag -1.5431e+02
Exit code = 3;  converg criter 1.0000e+01
Var    Value     Gradient |Var    Value     Gradient |Var    Value     Gradient
  1  0.09392 -1.54310e+02 |  2  0.00164 -3.91481e-01 |  3 -0.01881 -1.52199e+00
  4 -0.01424 -5.85847e-01 |  5 -0.01247 -3.53944e-01 |  6 -0.01200 -4.72883e-01
  7 -0.01023 -3.34366e-01 |  8 -0.00619  2.67525e-01 |  9 -0.00433  2.88156e-01
 10 -0.00139  4.50639e-01 | 11 -0.00034  3.58042e-01 | 12  0.00093  5.63415e-01
 13  0.00044  4.65519e-01 | 14 -0.00220 -1.61119e-01 | 15  0.00373  6.67793e-01
 16  0.00825  9.78251e-01 | 17  0.00528 -4.96261e-01 | 18  0.01486  1.14306e+00
 19  0.02076  1.67536e+00 | 20  0.00652 -1.18974e+00 | 21  0.37970  5.85065e+00
 22 -0.01028 -3.07536e-01 | 23 -0.02302  1.20345e+00 | 24 -0.05095 -5.40501e-01
 25 -0.06854  9.07596e-01 | 26 -0.08834  2.13994e+00 | 27 -0.12221 -2.99204e+00
 28 -0.12671  1.74691e+00 | 29 -0.13201  2.39819e-01 | 30 -0.09800  5.93296e-01
 31  0.01032  2.42389e+00 | 32 -0.01042  7.03620e+00 | 33 -0.08091  3.34011e+00
 34  0.01493  3.53420e+00 | 35  0.02010 -1.59034e-01 | 36 -0.03826 -3.10335e+00
 37 -0.00651 -7.23232e+00 | 38 -0.05221 -7.23406e+00 | 39 -0.13098 -6.70814e+00
 40 -0.13041 -1.09029e+01 | 41 -0.00749 -2.39950e+01 | 42 -0.02481 -2.68334e+01
 43 -0.13396 -1.46017e+01 | 44 -0.14027 -1.29627e+01 | 45 -0.14742 -3.48935e+01
 46 -0.10247 -5.71319e+00 | 47 -0.23099 -1.19660e+01 | 48 -0.21006  8.96462e-01
 49  0.16906 -5.30061e-02 | 50 -0.01707  6.19044e+00 | 51 -0.01329  1.07899e+01
 52  0.05216  1.25558e+01 | 53  0.05381  2.07763e+01 | 54  0.07000  1.73562e+01
 55 -0.01559  6.73628e+00 | 56  0.04475  6.59984e+00 | 57  0.11959  1.74215e+00
 58  0.03769  2.53976e-01 | 59  0.00876 -3.14591e+00 | 60  0.05723 -1.03646e+01
 61  0.09278 -9.65447e+00 | 62 -0.05419 -1.54100e+00 | 63 -0.03222 -1.84702e+00
 64  0.04323  3.62900e+00 | 65 -0.06539  8.95441e-01 | 66 -0.05949  8.40662e-01
 67 -0.02859  2.41654e+00 | 68  0.18263  3.57428e+00 | 69  0.04011 -1.46826e+00
 70 -0.01147  1.25165e+00 | 71 -0.01568 -6.67610e-02 | 72 -0.01391  3.54371e-01

Initial statistics: 81 variables; iteration 0; function evaluation 0; phase 3
Function value 5.7729283e+02; maximum gradient component mag 5.5334e+02
Var    Value     Gradient |Var    Value     Gradient |Var    Value     Gradient
  1  0.09392 -1.54310e+02 |  2  0.00000 -6.55916e-01 |  3  0.00164 -3.91481e-01
  4 -0.01881 -1.52199e+00 |  5 -0.01424 -5.85847e-01 |  6 -0.01247 -3.53944e-01
  7 -0.01200 -4.72883e-01 |  8 -0.01023 -3.34366e-01 |  9 -0.00619  2.67525e-01
 10 -0.00433  2.88156e-01 | 11 -0.00139  4.50639e-01 | 12 -0.00034  3.58042e-01
 13  0.00093  5.63415e-01 | 14  0.00044  4.65519e-01 | 15 -0.00220 -1.61119e-01
 16  0.00373  6.67793e-01 | 17  0.00825  9.78251e-01 | 18  0.00528 -4.96261e-01
 19  0.01486  1.14306e+00 | 20  0.02076  1.67536e+00 | 21  0.00652 -1.18974e+00
 22  0.37970  5.85065e+00 | 23 -0.01028 -3.07536e-01 | 24 -0.02302  1.20345e+00
 25 -0.05095 -5.40501e-01 | 26 -0.06854  9.07596e-01 | 27 -0.08834  2.13994e+00
 28 -0.12221 -2.99204e+00 | 29 -0.12671  1.74691e+00 | 30 -0.13201  2.39819e-01
 31 -0.09800  5.93296e-01 | 32  0.01032  2.42389e+00 | 33 -0.01042  7.03620e+00
 34 -0.08091  3.34011e+00 | 35  0.01493  3.53420e+00 | 36  0.02010 -1.59034e-01
 37 -0.03826 -3.10335e+00 | 38 -0.00651 -7.23232e+00 | 39 -0.05221 -7.23406e+00
 40 -0.13098 -6.70814e+00 | 41 -0.13041 -1.09029e+01 | 42 -0.00749 -2.39950e+01
 43 -0.02481 -2.68334e+01 | 44 -0.13396 -1.46017e+01 | 45 -0.14027 -1.29627e+01
 46 -0.14742 -3.48935e+01 | 47 -0.10247 -5.71319e+00 | 48 -0.23099 -1.19660e+01
 49 -0.21006  8.96462e-01 | 50  0.16906 -5.30061e-02 | 51 -0.01707  6.19044e+00
 52 -0.01329  1.07899e+01 | 53  0.05216  1.25558e+01 | 54  0.05381  2.07763e+01
 55  0.07000  1.73562e+01 | 56 -0.01559  6.73628e+00 | 57  0.04475  6.59984e+00
 58  0.11959  1.74215e+00 | 59  0.03769  2.53976e-01 | 60  0.00876 -3.14591e+00
 61  0.05723 -1.03646e+01 | 62  0.09278 -9.65447e+00 | 63 -0.05419 -1.54100e+00
 64 -0.03222 -1.84702e+00 | 65  0.04323  3.62900e+00 | 66 -0.06539  8.95441e-01
 67 -0.05949  8.40662e-01 | 68 -0.02859  2.41654e+00 | 69  0.18263  3.57428e+00
 70  0.04011 -1.46826e+00 | 71 -0.01147  1.25165e+00 | 72 -0.01568 -6.67610e-02
 73 -0.01391  3.54371e-01 | 74 -0.38722 -1.11840e+01 | 75 -0.03301  5.48307e+00
 76 -0.10660  1.02181e+02 | 77  0.07752  5.53342e+02 | 78  0.05795 -4.11036e+00
 79  0.07752 -2.12233e+00 | 80 -0.38722 -7.75453e+00 | 81  0.07752  1.12434e+00

Intermediate statistics: 81 variables; iteration 20; function evaluation 29; phase 3
Function value 4.9877122e+02; maximum gradient component mag -2.5595e+02
Var    Value     Gradient |Var    Value     Gradient |Var    Value     Gradient
  1  0.15142  7.91897e+01 |  2  0.00581  8.88331e-01 |  3  0.00460  4.86063e-01
  4 -0.00435  2.12394e+00 |  5 -0.00949  7.40908e-01 |  6 -0.01026  3.79886e-01
  7 -0.00874  5.24797e-01 |  8 -0.00862  2.92326e-01 |  9 -0.01118 -6.11102e-01
 10 -0.00988 -6.73323e-01 | 11 -0.00910 -9.35182e-01 | 12 -0.00678 -7.66365e-01
 13 -0.00741 -9.92105e-01 | 14 -0.00653 -8.01834e-01 | 15 -0.00244  6.92932e-02
 16 -0.00592 -1.05941e+00 | 17 -0.00565 -1.40667e+00 | 18  0.00706  5.73583e-01
 19 -0.00123 -1.33979e+00 | 20 -0.00048 -1.66033e+00 | 21  0.01855  1.95974e+00
 22  0.43900 -4.67914e+00 | 23 -0.00175  1.75293e+00 | 24 -0.02251  8.80955e-01
 25 -0.03562  3.24423e+00 | 26 -0.06032  2.59210e+00 | 27 -0.08580  2.27110e+00
 28 -0.10311  5.76607e+00 | 29 -0.13210  2.51834e+00 | 30 -0.14948  9.07906e-01
 31 -0.15474 -5.67902e+00 | 32 -0.13232 -1.99410e+01 | 33  0.03255  2.82169e+01
 34 -0.11904  3.49923e+01 | 35  0.04107  1.28146e+02 | 36  0.02328 -5.06996e+00
 37 -0.08270 -3.51490e+01 | 38  0.07243  1.22837e+02 | 39 -0.11777  1.01810e+01
 40 -0.06729  3.84528e+01 | 41 -0.16521  1.43362e+01 | 42  0.02385  2.54162e+02
 43 -0.07059  3.92292e+01 | 44 -0.05895  3.78497e+01 | 45 -0.23016 -2.65289e+01
 46 -0.11925  3.00577e+01 | 47 -0.13553  2.33208e+01 | 48 -0.18625  3.11570e+01
 49 -0.19658  5.54567e+01 | 50  0.19306  9.93121e+01 | 51 -0.27258 -5.38973e+01
 52  0.10499  4.99007e+01 | 53  0.07595  7.73052e+01 | 54  0.02266 -3.54928e+00
 55  0.12503  3.34533e+01 | 56  0.01139  1.06132e+01 | 57  0.06638 -4.61433e+01
 58  0.11877 -7.76256e+01 | 59  0.06893 -2.84683e+01 | 60  0.09392 -3.31885e+01
 61 -0.01193 -6.93249e+01 | 62  0.12473 -2.13963e+02 | 63  0.00148 -6.84145e+01
 64 -0.06720 -6.36437e+01 | 65  0.06241 -6.12639e+01 | 66 -0.05028  3.55910e+01
 67 -0.00380  5.94982e+01 | 68  0.01781 -1.88582e+01 | 69  0.14188 -2.22024e+02
 70  0.13431 -9.88410e+01 | 71 -0.10540 -2.28996e+01 | 72 -0.01339  2.64585e-01
 73 -0.01550 -3.01131e-01 | 74 -0.50468 -1.83777e+01 | 75 -0.14925  6.49302e+00
 76 -0.22929 -2.55951e+02 | 77 -0.17696  1.23791e+02 | 78  0.11990 -1.72116e+00
 79  0.13673  1.63016e-01 | 80 -0.07485 -1.28644e+02 | 81 -0.03437  7.27154e+01
81 variables; iteration 40; function evaluation 51; phase 3
Function value 4.9269168e+02; maximum gradient component mag 1.8873e+02
Var    Value     Gradient |Var    Value     Gradient |Var    Value     Gradient
  1  0.15632  5.80238e+01 |  2  0.00554  7.46448e-01 |  3  0.00477  4.38077e-01
  4 -0.00575  1.69178e+00 |  5 -0.00952  6.22112e-01 |  6 -0.00990  3.37689e-01
  7 -0.00848  4.33233e-01 |  8 -0.00806  2.41329e-01 |  9 -0.00950 -4.37733e-01
 10 -0.00793 -4.91429e-01 | 11 -0.00651 -6.76248e-01 | 12 -0.00419 -5.82886e-01
 13 -0.00437 -7.73069e-01 | 14 -0.00373 -7.01704e-01 | 15 -0.00095 -2.19412e-01
 16 -0.00203 -9.57085e-01 | 17  0.00015 -1.10742e+00 | 18  0.01046 -8.36905e-03
 19  0.00822 -9.12498e-01 | 20  0.01251 -9.44570e-01 | 21  0.02124  7.14989e-02
 22  0.42792 -4.18368e+01 | 23  0.00133 -2.39086e-01 | 24 -0.01992 -9.64405e-01
 25 -0.03539  9.17526e-01 | 26 -0.06072  5.07886e-01 | 27 -0.08616  6.75613e-01
 28 -0.10344  4.60103e+00 | 29 -0.12965  3.11270e+00 | 30 -0.14508  2.61652e+00
 31 -0.14897 -3.82255e+00 | 32 -0.12050 -1.84471e+01 | 33  0.02671  1.88193e+01
 34 -0.12993  2.69842e+01 | 35  0.04079  1.34710e+02 | 36  0.01998 -1.87652e+00
 37 -0.08974 -3.46126e+01 | 38  0.07211  1.50501e+02 | 39 -0.12932  1.31627e+01
 40 -0.06430  4.45506e+01 | 41 -0.17187  5.54950e+00 | 42  0.01636  1.88731e+02
 43 -0.07818  1.69883e+01 | 44 -0.06076  3.44149e+01 | 45 -0.22295 -2.48569e+01
 46 -0.13164  6.99900e+00 | 47 -0.13581  3.18602e+00 | 48 -0.20287  6.91214e+00
 49 -0.19025  5.20040e+01 | 50  0.18923  1.95740e+01 | 51 -0.24390 -5.04879e+01
 52  0.09806  7.17243e+00 | 53  0.07134  4.53595e+01 | 54  0.02381 -1.32439e+01
 55  0.11722  1.57132e+01 | 56  0.02732  1.65257e+00 | 57  0.03179 -5.58148e+01
 58  0.13589 -3.22988e+01 | 59  0.04722 -4.75860e+00 | 60  0.09069  1.73079e+00
 61  0.01364 -5.37206e+01 | 62  0.10583 -1.46193e+02 | 63  0.02540 -2.83252e+01
 64 -0.07664 -4.02690e+01 | 65  0.05752 -1.99603e+01 | 66 -0.04937  4.83421e+01
 67 -0.01049  6.20530e+01 | 68  0.01703 -1.58487e+01 | 69  0.13848 -1.87989e+02
 70  0.13710 -6.56007e+01 | 71 -0.09630 -2.01843e+01 | 72 -0.01388  1.13138e-01
 73 -0.01556 -2.96416e-01 | 74 -0.55817  3.07475e+01 | 75 -0.55366 -3.36294e+00
 76 -0.22407 -7.22662e+01 | 77 -0.16273  9.67657e+01 | 78  0.68499 -6.00614e-01
 79  0.63947  1.43654e-02 | 80 -0.05844 -1.26585e+02 | 81 -0.06346  6.97103e+01
81 variables; iteration 60; function evaluation 78; phase 3
Function value 4.7073263e+02; maximum gradient component mag 4.0599e+02
Var    Value     Gradient |Var    Value     Gradient |Var    Value     Gradient
  1  0.11871  1.08383e+02 |  2 -0.00904 -2.84128e+00 |  3 -0.00656 -2.39373e+00
  4 -0.03353 -5.10959e+00 |  5 -0.02412 -3.04388e+00 |  6 -0.02167 -2.69306e+00
  7 -0.02280 -3.23395e+00 |  8 -0.02106 -3.15711e+00 |  9 -0.01416 -1.97723e+00
 10 -0.01329 -2.29041e+00 | 11 -0.01109 -2.44255e+00 | 12 -0.01111 -3.05526e+00
 13 -0.00827 -2.84476e+00 | 14 -0.00725 -3.03228e+00 | 15 -0.00731 -3.56735e+00
 16 -0.00289 -3.71743e+00 | 17 -0.01159 -6.48330e+00 | 18 -0.02377 -1.00593e+01
 19 -0.05514 -1.65930e+01 | 20 -0.09195 -2.43379e+01 | 21 -0.02856 -1.41852e+01
 22  0.42541 -1.68993e+02 | 23 -0.03428 -1.39055e+01 | 24 -0.00963 -6.36849e+00
 25 -0.04857 -8.86442e+00 | 26 -0.04329 -2.38097e-02 | 27 -0.13815 -2.07294e+01
 28 -0.09073  6.75147e+00 | 29 -0.09897  1.84977e+01 | 30 -0.12687  1.88412e+01
 31 -0.05401  7.77715e+01 | 32 -0.06990  1.17889e+01 | 33  0.00051 -3.79009e+01
 34 -0.06304 -5.17356e+00 | 35  0.00888 -1.18012e+02 | 36  0.05611 -2.51539e+02
 37 -0.12879 -8.89869e+01 | 38  0.07842 -2.47596e+01 | 39 -0.05431  4.95353e+00
 40 -0.10394 -2.83808e+01 | 41 -0.14872  1.54798e+01 | 42  0.02238  3.60066e+02
 43 -0.02154  2.26440e+02 | 44 -0.08198  9.03647e+01 | 45 -0.21971 -1.16272e+01
 46 -0.11508  4.56752e+01 | 47 -0.13260 -6.41146e+00 | 48 -0.21169 -2.10159e+01
 49 -0.21776  2.77913e+01 | 50  0.18749  4.05990e+02 | 51 -0.03562  8.66712e+01
 52  0.07837  1.38373e+02 | 53  0.08073  9.95041e+01 | 54  0.01614  3.48003e+00
 55  0.12905 -1.06515e+01 | 56 -0.03490 -3.01329e+01 | 57  0.07994 -1.10266e+02
 58  0.10415 -1.74778e+02 | 59  0.07761 -1.40596e+02 | 60  0.05511 -1.13926e+02
 61  0.03730 -1.02902e+02 | 62  0.11128 -2.04981e+02 | 63  0.01568 -8.46264e+01
 64 -0.12779 -4.99643e+01 | 65  0.07553  1.28114e+02 | 66 -0.01237  1.80742e+02
 67 -0.00306  1.18887e+02 | 68 -0.03034 -1.27650e+01 | 69  0.15701 -4.98295e+01
 70  0.13328  3.97897e+01 | 71  0.08360  4.29947e+01 | 72 -0.01666 -4.21968e-01
 73 -0.01302  3.49538e-01 | 74 -0.54015 -5.71706e+01 | 75 -0.27865  7.02358e+00
 76 -0.21916  1.06659e+02 | 77 -0.11717  7.04074e+01 | 78  2.87400  2.41034e+00
 79  2.21113  1.08069e-03 | 80  0.13991 -2.40509e+02 | 81 -0.09597  1.27888e+02
81 variables; iteration 80; function evaluation 112; phase 3
Function value 4.0703578e+02; maximum gradient component mag -3.5787e+02
Var    Value     Gradient |Var    Value     Gradient |Var    Value     Gradient
  1  0.04839  2.71694e+02 |  2  0.03077  7.59605e+00 |  3  0.00575  1.22794e+00
  4  0.06070  1.81555e+01 |  5 -0.03476 -5.08104e+00 |  6 -0.06893 -1.33822e+01
  7 -0.12214 -2.58537e+01 |  8 -0.19798 -4.22240e+01 |  9 -0.14887 -3.19054e+01
 10 -0.07630 -1.52586e+01 | 11 -0.00091  2.91649e+00 | 12  0.03272  1.13078e+01
 13 -0.02162 -1.23954e+00 | 14 -0.00596  3.47917e+00 | 15  0.02853  1.34561e+01
 16  0.04474  1.88539e+01 | 17  0.04672  2.08078e+01 | 18  0.04845  2.25740e+01
 19 -0.05625 -5.52713e+00 | 20  0.05436  2.91573e+01 | 21  0.02844  2.36636e+01
 22  0.43001  3.25933e+02 | 23  0.04788  4.43210e+01 | 24 -0.14053 -2.05612e+01
 25 -0.02077  3.12597e+01 | 26 -0.05832  2.31140e+01 | 27 -0.02510  5.85936e+01
 28 -0.14155  3.03480e+00 | 29 -0.22062 -2.18549e+01 | 30 -0.28000 -3.52766e+01
 31 -0.23175 -1.02006e+01 | 32 -0.08362  8.66056e+01 | 33  0.07623  1.94163e+02
 34 -0.10530 -2.02390e+00 | 35  0.03997 -1.72365e+02 | 36  0.07106 -3.01330e+02
 37 -0.07957 -1.00114e+02 | 38  0.11604 -8.01735e+01 | 39 -0.07334 -3.24478e+01
 40 -0.04198 -3.81476e+01 | 41 -0.07966  1.24513e+01 | 42  0.02945  4.96141e+01
 43 -0.03448 -6.31387e+00 | 44 -0.01756  8.40581e+01 | 45 -0.13417  3.71363e+01
 46 -0.10986  6.54091e+01 | 47 -0.06940  1.29009e+02 | 48 -0.13789  5.38938e+01
 49 -0.20306  3.76968e+01 | 50  0.20767  2.16772e+02 | 51 -0.12941 -1.91565e+01
 52  0.11027  7.37304e+01 | 53  0.08909  8.87235e+01 | 54  0.03767 -1.23765e+01
 55  0.12848 -4.13631e+01 | 56  0.03621 -3.33400e+01 | 57  0.04992 -8.59771e+01
 58  0.14838 -1.12198e+02 | 59  0.07718 -9.24775e+01 | 60  0.06331 -6.13616e+01
 61  0.08566 -7.10011e+00 | 62  0.11803 -1.06801e+02 | 63  0.02731 -6.80310e+01
 64 -0.04486 -6.54850e+01 | 65  0.07166 -9.63391e+01 | 66 -0.04904  1.54222e+01
 67  0.02242  8.30130e+01 | 68  0.00398  3.01836e+01 | 69  0.17426  3.15395e+01
 70  0.13460 -1.00779e+01 | 71 -0.09017 -1.89440e+01 | 72 -0.01294  3.62351e-01
 73 -0.03754 -5.69709e+00 | 74 -0.54798 -1.95872e+00 | 75 -0.40975 -2.76208e+00
 76 -0.23564 -3.57871e+02 | 77 -0.18853  1.20156e+02 | 78  4.96931 -9.60011e-02
 79  2.83107  1.15564e-02 | 80  0.20926 -2.41754e+02 | 81 -0.19072  1.05955e+02
81 variables; iteration 100; function evaluation 145; phase 3
Function value 3.5116979e+02; maximum gradient component mag -4.3221e+02
Var    Value     Gradient |Var    Value     Gradient |Var    Value     Gradient
  1  0.04192 -4.32212e+02 |  2 -0.00287 -1.55281e+00 |  3  0.02854  5.77250e+00
  4 -0.00511  1.54446e+00 |  5  0.00989  4.89730e+00 |  6 -0.04190 -7.53031e+00
  7  0.00630  3.52384e+00 |  8  0.01269  4.62971e+00 |  9  0.01084  3.79127e+00
 10 -0.02754 -5.29028e+00 | 11  0.04466  9.87808e+00 | 12 -0.02046 -4.50488e+00
 13  0.03069  6.31764e+00 | 14  0.00025  1.24104e-01 | 15  0.02073  4.74191e+00
 16 -0.01211 -2.63548e+00 | 17  0.02340  4.28112e+00 | 18  0.02675  3.77184e+00
 19  0.02737  4.00447e+00 | 20  0.00702 -2.77090e-01 | 21  0.04226  6.82528e+00
 22  0.33646  3.84356e+01 | 23 -0.01889  8.81914e-01 | 24  0.00682  1.55517e+01
 25 -0.05090  5.63918e+00 | 26 -0.08470  2.98282e+00 | 27 -0.13489 -6.79344e+00
 28 -0.14929 -7.24038e-01 | 29 -0.18447 -2.00912e+00 | 30 -0.21539 -1.50197e+00
 31 -0.22986 -3.93978e+00 | 32 -0.21421 -1.70328e+01 | 33  0.04800 -3.45888e+01
 34 -0.14193 -1.24896e+01 | 35  0.02069 -2.82153e+01 | 36  0.02953 -4.28864e+00
 37 -0.01721 -8.27415e-02 | 38  0.06189 -7.16337e+01 | 39 -0.09532 -5.33161e+01
 40 -0.03238 -6.85083e+01 | 41 -0.11906 -5.68142e+01 | 42 -0.01450 -1.54054e+02
 43 -0.01897 -1.45587e+02 | 44 -0.06567 -1.00401e+02 | 45 -0.13078 -6.40692e+01
 46 -0.11819 -6.89430e+01 | 47 -0.11610 -5.46197e+01 | 48 -0.12419 -1.56309e+01
 49 -0.23482  3.74972e+00 | 50  0.16332  3.92659e+01 | 51 -0.10205 -7.16449e+00
 52  0.06607  1.40507e+01 | 53  0.02511  3.56816e+01 | 54  0.02989  2.23361e+01
 55  0.07230  3.80760e+01 | 56  0.01127  4.05204e+01 | 57  0.02176 -9.11044e+00
 58  0.10129 -7.73991e+00 | 59  0.03410 -1.32140e+01 | 60  0.06035  4.89300e+01
 61 -0.00424  4.27895e+01 | 62  0.10580  1.15942e+02 | 63 -0.04381  2.77370e+01
 64 -0.03898  3.23445e+01 | 65  0.03642  5.86330e+01 | 66 -0.07893  2.07562e+01
 67 -0.04612  1.62334e+01 | 68 -0.01181  2.80310e+01 | 69  0.12531  6.37266e+01
 70  0.09561  2.55798e+01 | 71 -0.03413  1.10873e+00 | 72 -0.03426 -4.18953e+00
 73 -0.02123 -1.15198e+00 | 74 -0.49520 -1.86317e+01 | 75  0.09064  8.09930e-01
 76 -0.24336 -9.06944e+01 | 77 -0.25288  8.80755e+01 | 78  5.00254 -5.27034e-01
 79  3.06659 -2.98585e-02 | 80  0.20552 -1.01060e-01 | 81 -0.34535  3.32334e-03
81 variables; iteration 120; function evaluation 171; phase 3
Function value 2.8601175e+02; maximum gradient component mag 1.9413e+03
Var    Value     Gradient |Var    Value     Gradient |Var    Value     Gradient
  1  0.00628  1.63384e+03 |  2  0.03124  1.26537e+01 |  3 -0.02340 -1.84213e+00
  4 -0.01842  4.31965e+00 |  5  0.01561  1.55723e+01 |  6 -0.00003  1.22242e+01
  7  0.02180  2.11309e+01 |  8 -0.08541 -1.08534e+01 |  9  0.04542  3.53787e+01
 10 -0.07743 -5.91732e+00 | 11  0.00365  2.52332e+01 | 12  0.04664  4.89921e+01
 13  0.01045  3.67753e+01 | 14  0.01925  4.76425e+01 | 15 -0.07393  8.55252e+00
 16 -0.06493  1.71424e+01 | 17  0.13642  2.03456e+02 | 18  0.13107  2.22022e+02
 19 -0.02473  6.37090e+01 | 20  0.07897  1.92930e+02 | 21  0.02898  1.44299e+02
 22  0.18220  5.11083e+02 | 23 -0.04800  7.95527e+01 | 24 -0.05766  7.46118e+01
 25 -0.07634  6.30650e+01 | 26 -0.09193  5.74690e+01 | 27 -0.10194  5.21876e+01
 28 -0.15497  1.41917e+01 | 29 -0.18987 -4.62756e+00 | 30 -0.23402 -2.18648e+01
 31 -0.21776 -1.54809e+01 | 32 -0.22318 -3.17190e+01 | 33  0.06969 -5.40037e+02
 34 -0.10023 -2.51025e+02 | 35 -0.01298 -7.57263e+02 | 36  0.01657 -9.27102e+02
 37 -0.03830 -5.15047e+02 | 38  0.03898 -3.49855e+02 | 39  0.04370  4.94510e+02
 40 -0.11048  6.64219e+01 | 41  0.03612  5.42491e+02 | 42 -0.07195 -6.57526e+01
 43  0.06831  5.30294e+02 | 44 -0.10746 -5.48288e+01 | 45 -0.00928  3.85221e+00
 46 -0.04138 -2.57774e+02 | 47 -0.11292 -4.10341e+02 | 48 -0.03827 -4.62012e+02
 49 -0.19241 -2.29994e+00 | 50  0.12478 -3.78593e+01 | 51 -0.06897 -1.22861e+00
 52  0.00601  9.47768e+01 | 53 -0.01989  2.06719e+02 | 54 -0.00029  2.51839e+02
 55  0.02242  1.51503e+02 | 56 -0.04921  6.48946e+01 | 57  0.00802  1.48068e+02
 58  0.03680  1.78996e+02 | 59  0.04747  2.63189e+02 | 60 -0.00621  1.56836e+02
 61 -0.00850  1.84598e+02 | 62  0.04466  1.39562e+02 | 63 -0.01696  1.15658e+01
 64 -0.14227 -6.10090e+01 | 65  0.01036 -1.20659e+02 | 66 -0.12054 -4.32015e+01
 67 -0.04459  1.11846e+01 | 68 -0.08624  1.92881e+01 | 69  0.08873  2.98293e+02
 70  0.02278  4.54568e+00 | 71 -0.11489 -1.99969e+01 | 72 -0.04365 -4.44059e+00
 73 -0.01817  1.65545e+00 | 74 -0.36251 -1.46438e+00 | 75  1.89974 -1.52983e+01
 76 -0.26771  1.94134e+03 | 77 -0.57895 -4.13388e+01 | 78  5.50401 -8.26169e+00
 79  3.47079 -4.13443e-03 | 80  0.16391 -1.85617e-01 | 81 -0.94416 -3.56115e-02
81 variables; iteration 140; function evaluation 195; phase 3
Function value 1.2906510e+02; maximum gradient component mag 5.5269e+04
Var    Value     Gradient |Var    Value     Gradient |Var    Value     Gradient
  1  0.01535  5.52691e+04 |  2 -0.02054  7.57037e+00 |  3 -0.01242  1.31713e+01
  4 -0.03103  1.30996e+01 |  5 -0.03644  1.42249e+01 |  6 -0.04062  1.61785e+01
  7 -0.02667  2.69374e+01 |  8 -0.04680  2.22726e+01 |  9 -0.04522  2.83828e+01
 10 -0.04621  3.37509e+01 | 11 -0.02622  5.35880e+01 | 12 -0.03140  5.77317e+01
 13 -0.01945  7.67537e+01 | 14 -0.02889  8.06842e+01 | 15 -0.04667  7.91152e+01
 16 -0.04718  9.31749e+01 | 17  0.07734  3.36806e+02 | 18  0.03725  2.77062e+02
 19 -0.05850  1.28629e+02 | 20  0.05680  3.98661e+02 | 21 -0.02004  2.26525e+02
 22  0.08122  5.35175e+02 | 23 -0.06726  1.48913e+02 | 24 -0.07184  1.40112e+02
 25 -0.04875  1.76085e+02 | 26 -0.07851  1.30363e+02 | 27 -0.11482  7.92292e+01
 28 -0.11816  6.91333e+01 | 29 -0.12081  6.64406e+01 | 30 -0.12624  9.38790e+01
 31 -0.13632  1.50803e+02 | 32 -0.18679  1.83511e+02 | 33  0.06205  2.74109e+03
 34 -0.12322  8.14389e+02 | 35 -0.02700  1.88386e+03 | 36  0.00064  2.59563e+03
 37 -0.05295  1.58547e+03 | 38  0.01185  2.42791e+03 | 39  0.03186  2.80997e+03
 40 -0.20904  2.23534e+02 | 41  0.01873  2.41312e+03 | 42 -0.03436  1.27289e+03
 43  0.02489  2.09068e+03 | 44 -0.06233  7.83964e+02 | 45 -0.02268  1.05814e+03
 46 -0.04560  5.59127e+02 | 47 -0.10480  2.48914e+02 | 48 -0.02793  3.11538e+02
 49 -0.36905 -2.57163e+01 | 50  0.09141 -2.97168e+01 | 51 -0.06842  2.68515e+01
 52 -0.03340  5.59322e+01 | 53 -0.04982 -4.12105e+01 | 54 -0.10653 -1.47389e+02
 55  0.00817 -5.47250e+01 | 56 -0.08357 -9.05258e-01 | 57 -0.04988  1.69358e+01
 58  0.02097  9.80463e+01 | 59 -0.01517  2.77721e+01 | 60 -0.00621  4.35736e+01
 61 -0.08965 -8.63931e+00 | 62  0.01782 -6.14308e+00 | 63 -0.06259 -1.53696e+01
 64 -0.11835  8.96848e+00 | 65 -0.02495  1.95854e+01 | 66 -0.12923 -3.87516e+01
 67 -0.09643 -2.30208e+01 | 68 -0.07436  3.58542e+01 | 69  0.01088 -3.57714e+01
 70  0.00874 -3.43725e+01 | 71 -0.06378 -3.95898e-01 | 72 -0.03202  1.12673e+00
 73 -0.03133  8.71958e-01 | 74 -0.34674  1.00346e+03 | 75  1.21865  1.31112e-01
 76 -0.27118  5.22911e+04 | 77 -0.77561 -2.39290e+02 | 78  5.60922 -7.99947e+02
 79  3.66593 -9.98275e+01 | 80  0.15388 -2.36493e+00 | 81 -1.30441  5.75732e-03
81 variables; iteration 160; function evaluation 216; phase 3
Function value 6.1886497e+01; maximum gradient component mag 5.1179e+03
Var    Value     Gradient |Var    Value     Gradient |Var    Value     Gradient
  1  0.01525  5.11791e+03 |  2 -0.02212  1.31697e+01 |  3 -0.02323  1.64130e+01
  4 -0.04140  1.66080e+01 |  5 -0.04713  1.82960e+01 |  6 -0.04846  2.24204e+01
  7 -0.05141  2.63130e+01 |  8 -0.05704  2.91932e+01 |  9 -0.06512  3.08156e+01
 10 -0.06035  4.03657e+01 | 11 -0.05319  5.30633e+01 | 12 -0.07587  4.42877e+01
 13 -0.04471  7.86587e+01 | 14 -0.04843  8.73273e+01 | 15 -0.06385  8.66608e+01
 16 -0.06240  1.03361e+02 | 17  0.04207  3.20258e+02 | 18  0.02252  3.08009e+02
 19 -0.06656  1.49838e+02 | 20  0.02529  3.75395e+02 | 21 -0.05018  2.09785e+02
 22  0.07262  5.97468e+02 | 23 -0.07792  1.61153e+02 | 24 -0.07331  1.66354e+02
 25 -0.03876  2.33767e+02 | 26 -0.06053  1.92800e+02 | 27 -0.07581  1.50102e+02
 28 -0.08549  1.04233e+02 | 29 -0.05229  7.71351e+01 | 30 -0.03154  5.81621e+01
 31 -0.10014  1.18035e+02 | 32 -0.15952  1.59690e+02 | 33  0.05110  1.32114e+03
 34 -0.11534  2.60970e+02 | 35 -0.03145  2.27286e+02 | 36  0.00732  1.38434e+02
 37 -0.05225 -9.31851e+01 | 38  0.01697 -2.98743e+02 | 39  0.01688 -1.33034e+02
 40 -0.08923 -3.05550e+02 | 41 -0.00945 -1.51799e+02 | 42  0.00161 -2.95143e+02
 43 -0.00339 -3.13592e+02 | 44 -0.02695 -1.01191e+02 | 45 -0.03280  8.61427e+01
 46 -0.03215  7.62085e+01 | 47 -0.09792  6.03082e+01 | 48 -0.02910 -7.72196e+01
 49 -0.28730 -2.68536e+00 | 50  0.08764 -2.78345e+02 | 51 -0.07991 -1.09943e+02
 52 -0.02934 -1.31587e+02 | 53 -0.09421 -8.63080e+01 | 54 -0.04583 -6.67721e+01
 55 -0.02621 -1.18662e+02 | 56 -0.06126 -8.54362e+01 | 57 -0.06408 -1.49421e+02
 58  0.00607 -1.97976e+02 | 59 -0.00067 -1.33004e+02 | 60 -0.02651 -1.17452e+02
 61 -0.07407 -5.11135e+01 | 62  0.00984 -7.29769e+01 | 63 -0.05879 -6.19976e+01
 64 -0.12025 -3.14303e+01 | 65 -0.03022 -9.19034e+01 | 66 -0.13765 -7.79963e+01
 67 -0.07858 -4.59077e+01 | 68 -0.09590 -3.53025e+01 | 69  0.00719 -5.45170e+01
 70  0.00994  4.00532e-01 | 71 -0.10117 -7.00422e+00 | 72 -0.03120  2.20755e+00
 73 -0.03252  1.38563e+00 | 74 -0.36740  7.65450e+01 | 75  1.01163 -1.59935e-01
 76 -0.27171 -1.41007e+03 | 77 -0.95870  9.10245e-01 | 78  5.50087  6.78823e+01
 79  4.03774  2.66868e+02 | 80  0.17286 -4.98022e-02 | 81 -1.46248  3.53540e-03
81 variables; iteration 180; function evaluation 241; phase 3
Function value 8.3732365e+00; maximum gradient component mag -8.7993e+04
Var    Value     Gradient |Var    Value     Gradient |Var    Value     Gradient
  1  0.00968 -8.79930e+04 |  2 -0.04001 -1.08653e+02 |  3 -0.03989 -1.28291e+02
  4 -0.06791 -1.25568e+02 |  5 -0.06543 -1.48431e+02 |  6 -0.06640 -1.71749e+02
  7 -0.06603 -1.99659e+02 |  8 -0.06426 -2.33229e+02 |  9 -0.06573 -2.64929e+02
 10 -0.04931 -3.36312e+02 | 11 -0.06262 -3.45513e+02 | 12 -0.05723 -4.05661e+02
 13 -0.04132 -5.05646e+02 | 14 -0.06474 -4.67871e+02 | 15 -0.08417 -4.59833e+02
 16 -0.05574 -6.50889e+02 | 17  0.03083 -1.47568e+03 | 18  0.01031 -1.41504e+03
 19 -0.07779 -7.68873e+02 | 20  0.01950 -1.74249e+03 | 21 -0.05168 -1.06734e+03
 22  0.07318 -2.77715e+03 | 23 -0.07081 -8.81471e+02 | 24 -0.04548 -1.04928e+03
 25 -0.02893 -1.21173e+03 | 26 -0.06484 -9.84724e+02 | 27 -0.06373 -1.06861e+03
 28 -0.04392 -1.34882e+03 | 29 -0.00066 -1.95402e+03 | 30  0.02207 -2.33669e+03
 31 -0.05914 -1.04989e+03 | 32 -0.14369 -4.29030e+02 | 33  0.05049 -1.95968e+03
 34 -0.10766 -6.69540e+02 | 35 -0.01015 -1.11460e+03 | 36  0.01651 -1.31277e+03
 37 -0.03557 -9.61602e+02 | 38  0.03514 -1.69423e+03 | 39  0.01253 -1.50600e+03
 40 -0.03335 -1.37842e+03 | 41 -0.01387 -1.35653e+03 | 42  0.01833 -1.41476e+03
 43  0.01367 -8.73458e+02 | 44 -0.00240 -6.22496e+02 | 45 -0.03544 -4.17108e+02
 46  0.00691 -1.82378e+01 | 47 -0.09909 -4.41024e+01 | 48 -0.00910 -1.37812e+02
 49 -0.22780  2.17191e+01 | 50  0.09125 -2.09738e+02 | 51 -0.04778 -6.21206e+01
 52 -0.04069 -5.42179e+01 | 53 -0.05073  3.13331e+01 | 54 -0.06125  4.00347e+01
 55 -0.00187  5.65939e+01 | 56 -0.07629 -2.58030e+01 | 57 -0.04439 -7.39768e+01
 58  0.01667 -1.47849e+02 | 59 -0.00230 -1.76693e+02 | 60  0.00214 -2.40502e+02
 61 -0.08676 -1.91245e+02 | 62  0.00576 -3.24445e+02 | 63 -0.03032 -1.31230e+02
 64 -0.10365 -5.49820e+01 | 65 -0.04639 -5.84186e+01 | 66 -0.06223  9.13473e+01
 67 -0.09243  1.64711e+01 | 68 -0.07074 -7.81789e+00 | 69  0.01279 -4.82167e+01
 70  0.00728 -2.72120e+01 | 71 -0.05218  7.94609e+00 | 72 -0.04841 -1.53474e+00
 73 -0.03780  4.70203e-01 | 74 -0.44266 -8.96648e+02 | 75  0.89931  3.30497e-02
 76 -0.27148 -8.24527e+04 | 77 -1.13410 -1.98251e+02 | 78  5.38778  3.32028e+02
 79  4.05727  1.07056e+03 | 80  0.20869 -1.75164e-01 | 81 -1.39971  4.32814e-03
81 variables; iteration 200; function evaluation 264; phase 3
Function value -1.6620237e+01; maximum gradient component mag 1.1058e+04
Var    Value     Gradient |Var    Value     Gradient |Var    Value     Gradient
  1  0.01772  1.10576e+04 |  2 -0.02401  7.41251e+00 |  3 -0.01708  1.26545e+01
  4 -0.04653  8.40910e+00 |  5 -0.04131  1.34858e+01 |  6 -0.04414  1.59098e+01
  7 -0.04905  1.77687e+01 |  8 -0.04493  2.42519e+01 |  9 -0.05777  2.27318e+01
 10 -0.02963  4.40918e+01 | 11 -0.05621  3.41121e+01 | 12 -0.03931  5.16320e+01
 13 -0.04418  5.51167e+01 | 14 -0.07053  4.29723e+01 | 15 -0.07662  4.66278e+01
 16 -0.05945  6.97223e+01 | 17 -0.00576  1.45240e+02 | 18 -0.01911  1.43185e+02
 19 -0.09476  6.60120e+01 | 20 -0.00168  1.94200e+02 | 21 -0.07631  9.76221e+01
 22  0.04107  2.92873e+02 | 23 -0.08094  8.84074e+01 | 24 -0.06709  1.02753e+02
 25 -0.05445  1.22718e+02 | 26 -0.07301  1.11975e+02 | 27 -0.08145  1.10871e+02
 28 -0.06211  1.46495e+02 | 29 -0.01255  2.38161e+02 | 30  0.00362  3.05584e+02
 31 -0.09889  1.56059e+02 | 32 -0.18458  5.70863e+01 | 33  0.03338  1.30257e+02
 34 -0.11156  5.27967e+01 | 35 -0.02546  1.71433e+02 | 36 -0.00607  1.78250e+02
 37 -0.04761  1.59277e+02 | 38  0.01815  2.43743e+02 | 39 -0.01195  2.74437e+02
 40 -0.04560  1.36338e+02 | 41 -0.03286  2.31741e+02 | 42  0.00420  2.02272e+02
 43 -0.00384  2.00763e+02 | 44 -0.02493  1.07981e+02 | 45 -0.03826  5.46834e+01
 46 -0.02222  4.84050e+01 | 47 -0.10694  3.03009e-01 | 48 -0.02846  7.52803e+00
 49 -0.26231  1.30977e+00 | 50  0.08332  7.48781e+01 | 51 -0.09808  8.87437e+00
 52 -0.03345  3.68951e+01 | 53 -0.08571 -6.74950e+00 | 54 -0.06605 -1.58330e+01
 55 -0.02841 -1.57872e+01 | 56 -0.08119  1.24659e+01 | 57 -0.05909  1.27218e+01
 58  0.00061  2.17986e+01 | 59 -0.01424  2.18802e+01 | 60 -0.01827  3.05841e+01
 61 -0.08140  1.69589e+01 | 62 -0.00364  5.27750e+01 | 63 -0.05511  3.51227e+01
 64 -0.11890  2.37819e+01 | 65 -0.04680  3.70089e+01 | 66 -0.11073  2.19637e+01
 67 -0.09261  2.18383e+01 | 68 -0.08652  9.99429e+00 | 69 -0.00001 -2.53941e-02
 70 -0.00388  2.97420e+00 | 71 -0.09271 -2.76264e+00 | 72 -0.04367  6.45294e-02
 73 -0.04212 -1.75990e-01 | 74 -0.46557  1.17694e+02 | 75  0.94979  3.92055e-02
 76 -0.27071  9.90441e+03 | 77 -1.21086  5.02469e+01 | 78  5.36741 -9.23495e+01
 79  4.02057 -9.03140e+01 | 80  0.22046 -9.98101e+00 | 81 -1.33050  4.73350e-03
81 variables; iteration 220; function evaluation 297; phase 3
Function value -9.4764025e+01; maximum gradient component mag 3.4422e+04
Var    Value     Gradient |Var    Value     Gradient |Var    Value     Gradient
  1  0.01784  3.44222e+04 |  2 -0.02969  2.80960e+01 |  3 -0.02036  4.08712e+01
  4 -0.06137  2.85829e+01 |  5 -0.02333  6.23641e+01 |  6 -0.05059  5.30184e+01
  7 -0.03102  8.14755e+01 |  8 -0.02768  1.00199e+02 |  9 -0.04394  9.91885e+01
 10 -0.02051  1.46800e+02 | 11 -0.03283  1.50495e+02 | 12 -0.02134  1.93561e+02
 13 -0.01122  2.39892e+02 | 14 -0.05259  1.82806e+02 | 15 -0.06816  1.79075e+02
 16 -0.06832  2.04744e+02 | 17 -0.01910  3.72441e+02 | 18 -0.03496  3.63664e+02
 19 -0.09483  2.26112e+02 | 20 -0.02357  4.63576e+02 | 21 -0.05818  3.65525e+02
 22  0.02477  7.24271e+02 | 23 -0.06679  3.24546e+02 | 24 -0.06935  3.13313e+02
 25 -0.06182  3.45678e+02 | 26 -0.09349  2.90657e+02 | 27 -0.09252  3.38898e+02
 28 -0.05054  5.89478e+02 | 29  0.00482  1.07161e+03 | 30  0.00333  1.27275e+03
 31 -0.14898  3.94352e+02 | 32 -0.20614  2.45175e+02 | 33  0.04756  2.50086e+03
 34 -0.12529  6.89209e+02 | 35 -0.01579  1.37762e+03 | 36 -0.01428  1.24137e+03
 37 -0.06579  6.51339e+02 | 38  0.03313  8.29771e+02 | 39 -0.03862  2.74484e+02
 40 -0.03872  3.40358e+01 | 41 -0.04203 -1.03203e+02 | 42  0.01034 -1.33172e+02
 43 -0.00735 -5.52846e+01 | 44 -0.02842  3.05508e+01 | 45 -0.03203  1.20129e+02
 46 -0.02485  7.04954e+01 | 47 -0.09941  9.76361e+01 | 48 -0.03221  1.34082e+02
 49 -0.23212  9.96856e+00 | 50  0.08197  2.42302e+01 | 51 -0.09763 -3.79633e+00
 52 -0.03867 -1.44411e+01 | 53 -0.07915 -1.53771e+01 | 54 -0.07017 -1.79021e+01
 55 -0.02585 -3.59558e+00 | 56 -0.08474 -9.97690e+00 | 57 -0.06185 -3.64748e+01
 58  0.00066 -3.33782e+01 | 59 -0.01398 -2.66559e+01 | 60 -0.02113 -3.42442e+01
 61 -0.07860 -2.37161e+01 | 62 -0.00772 -1.87141e+01 | 63 -0.05063 -5.98375e-01
 64 -0.12623 -1.64519e+01 | 65 -0.04594 -2.86955e+01 | 66 -0.11559 -1.77628e+01
 67 -0.08939 -1.32704e+01 | 68 -0.08854 -2.92114e+01 | 69 -0.00063 -1.61645e+01
 70 -0.00406  2.72755e+01 | 71 -0.08073  5.82575e+00 | 72 -0.04402  2.44351e-01
 73 -0.04187  4.36492e-02 | 74 -0.47977  2.93400e+02 | 75  0.77299  2.14146e-05
 76 -0.26944  2.35725e+04 | 77 -1.33298  2.80065e+02 | 78  5.38007 -9.79644e+01
 79  3.97875 -1.03175e+02 | 80  0.24082 -7.73907e+02 | 81 -1.26375 -1.40508e+01
81 variables; iteration 240; function evaluation 320; phase 3
Function value -1.0039261e+02; maximum gradient component mag 1.4763e+04
Var    Value     Gradient |Var    Value     Gradient |Var    Value     Gradient
  1  0.01905  1.47633e+04 |  2 -0.00516  1.76834e+01 |  3 -0.00486  2.16922e+01
  4 -0.02142  2.27377e+01 |  5 -0.03193  2.25495e+01 |  6 -0.03241  2.73636e+01
  7 -0.03501  3.17995e+01 |  8 -0.03078  4.08540e+01 |  9 -0.03213  4.75842e+01
 10 -0.02688  5.95817e+01 | 11 -0.03741  6.07357e+01 | 12 -0.02947  7.74697e+01
 13 -0.02867  8.88782e+01 | 14 -0.05489  7.43555e+01 | 15 -0.06578  7.55478e+01
 16 -0.05998  9.35808e+01 | 17 -0.03497  1.42631e+02 | 18 -0.03783  1.55720e+02
 19 -0.09029  9.62514e+01 | 20 -0.02518  2.03604e+02 | 21 -0.06560  1.45274e+02
 22  0.00308  2.70483e+02 | 23 -0.07282  1.31003e+02 | 24 -0.06430  1.44985e+02
 25 -0.06453  1.51462e+02 | 26 -0.08826  1.33652e+02 | 27 -0.08406  1.56849e+02
 28 -0.04791  2.46504e+02 | 29  0.00066  4.01901e+02 | 30 -0.01020  4.39206e+02
 31 -0.14849  1.43132e+02 | 32 -0.19632  8.82854e+01 | 33  0.04141  7.35482e+02
 34 -0.13489  1.90998e+02 | 35 -0.01703  4.06712e+02 | 36 -0.02107  3.37196e+02
 37 -0.07300  1.99020e+02 | 38  0.03110  4.43670e+02 | 39 -0.05128  1.93918e+02
 40 -0.04600  1.69915e+02 | 41 -0.03954  2.01776e+02 | 42  0.00104  1.88009e+02
 43 -0.01110  1.74478e+02 | 44 -0.03577  9.57717e+01 | 45 -0.03947  9.72723e+01
 46 -0.03255  7.62380e+01 | 47 -0.10277  3.70959e+01 | 48 -0.04242  4.24074e+01
 49 -0.20800  3.19856e+00 | 50  0.07774 -1.15834e+01 | 51 -0.10930 -4.27491e+00
 52 -0.04208 -7.05464e+00 | 53 -0.08945 -7.42531e+00 | 54 -0.06871 -7.61868e+00
 55 -0.03208 -1.38252e+01 | 56 -0.09103 -8.74007e+00 | 57 -0.05923 -8.86841e+00
 58 -0.00481 -1.29048e+01 | 59 -0.01832 -1.37111e+01 | 60 -0.02862 -9.89181e+00
 61 -0.08214 -2.98575e+00 | 62 -0.00834 -3.38068e-01 | 63 -0.06414 -4.60426e+00
 64 -0.12529 -5.46068e+00 | 65 -0.05071 -6.78270e+00 | 66 -0.11797 -4.34922e-01
 67 -0.09788 -9.54322e-01 | 68 -0.08952 -1.75198e+00 | 69 -0.00092 -2.02980e+00
 70 -0.01350 -3.21751e+00 | 71 -0.09035 -9.67537e-01 | 72 -0.04473  1.78657e-02
 73 -0.04266 -9.17088e-02 | 74 -0.42583  1.70473e+02 | 75  0.80646  4.25882e-03
 76 -0.26892  1.05050e+04 | 77 -1.33354  1.41840e+02 | 78  5.36550 -4.80655e+01
 79  3.97140 -3.21797e+01 | 80  0.24395 -2.41557e+01 | 81 -1.22405 -3.71286e-02
81 variables; iteration 260; function evaluation 342; phase 3
Function value -1.0228331e+02; maximum gradient component mag -1.3206e+04
Var    Value     Gradient |Var    Value     Gradient |Var    Value     Gradient
  1  0.01790 -1.32062e+04 |  2 -0.00448 -9.01195e+00 |  3 -0.01110 -1.18480e+01
  4 -0.02544 -1.21685e+01 |  5 -0.02698 -1.43916e+01 |  6 -0.02601 -1.65572e+01
  7 -0.03016 -1.97178e+01 |  8 -0.03074 -2.27576e+01 |  9 -0.03703 -2.65641e+01
 10 -0.02683 -2.96110e+01 | 11 -0.03517 -3.38882e+01 | 12 -0.03947 -3.83400e+01
 13 -0.04126 -4.26417e+01 | 14 -0.04409 -4.72841e+01 | 15 -0.05346 -5.19725e+01
 16 -0.05741 -5.74957e+01 | 17 -0.02422 -7.38676e+01 | 18 -0.04860 -7.41634e+01
 19 -0.06365 -7.48988e+01 | 20 -0.03893 -8.86142e+01 | 21 -0.05757 -8.52500e+01
 22 -0.01432 -1.04731e+02 | 23 -0.06610 -8.27592e+01 | 24 -0.06205 -8.76054e+01
 25 -0.05661 -9.69473e+01 | 26 -0.08748 -9.68702e+01 | 27 -0.07994 -1.17413e+02
 28 -0.04525 -1.73495e+02 | 29  0.00362 -2.84889e+02 | 30 -0.01650 -2.57134e+02
 31 -0.15114 -9.61060e+01 | 32 -0.18858 -7.33072e+01 | 33  0.04026 -4.72407e+02
 34 -0.13826 -1.46125e+02 | 35 -0.01661 -4.07509e+02 | 36 -0.02394 -4.35179e+02
 37 -0.06392 -3.14612e+02 | 38  0.02660 -6.44474e+02 | 39 -0.05463 -3.42347e+02
 40 -0.04235 -3.36229e+02 | 41 -0.04396 -2.88360e+02 | 42  0.00195 -3.18812e+02
 43 -0.01618 -2.02483e+02 | 44 -0.03572 -1.27425e+02 | 45 -0.04112 -8.27796e+01
 46 -0.03875 -5.89099e+01 | 47 -0.09802 -3.25269e+01 | 48 -0.05276 -3.77760e+01
 49 -0.16192 -1.47807e+01 | 50  0.07535 -2.44913e+01 | 51 -0.11516 -1.01549e+00
 52 -0.04212 -1.00053e+00 | 53 -0.09342 -4.31892e+00 | 54 -0.06449  2.74761e+00
 55 -0.03362  1.82541e+00 | 56 -0.09012  1.80600e+00 | 57 -0.05662 -1.86538e+00
 58 -0.00512  3.49875e+00 | 59 -0.01789  8.59463e+00 | 60 -0.03293  6.57574e+00
 61 -0.07997  4.90336e+00 | 62 -0.00749  6.67486e+00 | 63 -0.07019  8.75706e-01
 64 -0.12312  1.76413e+00 | 65 -0.05018  3.11296e+00 | 66 -0.12192  1.53638e+00
 67 -0.09807  3.04099e+00 | 68 -0.08707  3.51672e+00 | 69  0.00163  5.72579e+00
 70 -0.01607  1.70004e+00 | 71 -0.08975 -2.99589e-01 | 72 -0.04404  1.40950e-02
 73 -0.04158  4.29155e-02 | 74 -0.38229 -2.07655e+02 | 75  0.89163  2.60815e-02
 76 -0.26772 -9.67630e+03 | 77 -1.34789 -1.73078e+02 | 78  5.36484  1.94267e+01
 79  3.96603  7.04738e+01 | 80  0.24587 -1.05468e+01 | 81 -1.23516  5.85384e-03
81 variables; iteration 280; function evaluation 367; phase 3
Function value -1.0402659e+02; maximum gradient component mag 1.7198e+04
Var    Value     Gradient |Var    Value     Gradient |Var    Value     Gradient
  1  0.01804  1.71980e+04 |  2 -0.00823  2.12936e+01 |  3 -0.00510  2.75441e+01
  4 -0.01784  3.07706e+01 |  5 -0.03301  2.89026e+01 |  6 -0.02125  4.19488e+01
  7 -0.03742  3.98095e+01 |  8 -0.03036  5.26323e+01 |  9 -0.03585  5.79757e+01
 10 -0.04321  6.18572e+01 | 11 -0.04135  7.38769e+01 | 12 -0.05177  7.60942e+01
 13 -0.03461  1.05818e+02 | 14 -0.04234  1.11004e+02 | 15 -0.05136  1.16205e+02
 16 -0.05655  1.25500e+02 | 17 -0.04923  1.57026e+02 | 18 -0.04785  1.78027e+02
 19 -0.06664  1.59660e+02 | 20 -0.04426  2.12312e+02 | 21 -0.05508  2.00465e+02
 22 -0.02997  2.47431e+02 | 23 -0.05975  1.92057e+02 | 24 -0.06472  1.92941e+02
 25 -0.05562  2.32085e+02 | 26 -0.05630  2.70932e+02 | 27 -0.06360  2.82769e+02
 28 -0.04683  3.60484e+02 | 29  0.00216  5.92601e+02 | 30 -0.02792  5.28163e+02
 31 -0.13906  2.18677e+02 | 32 -0.16693  1.76126e+02 | 33  0.03616  9.67135e+02
 34 -0.13248  2.47762e+02 | 35 -0.01848  4.86182e+02 | 36 -0.02395  4.00081e+02
 37 -0.06195  2.27178e+02 | 38  0.02296  3.04532e+02 | 39 -0.04801  1.42115e+02
 40 -0.04747  7.52969e+01 | 41 -0.04245  7.60932e+01 | 42  0.00271  1.12107e+02
 43 -0.01937  3.30601e+01 | 44 -0.03381  6.96444e+01 | 45 -0.04184  5.07362e+01
 46 -0.03918  4.61389e+01 | 47 -0.09752  2.89383e+01 | 48 -0.05622  4.06470e+01
 49 -0.14559  1.32340e+01 | 50  0.07244  3.46251e+01 | 51 -0.11372  4.88184e+00
 52 -0.04409  1.69095e+00 | 53 -0.08985  1.76502e+00 | 54 -0.06663 -1.22487e+00
 55 -0.03424 -1.55456e+00 | 56 -0.09185 -9.28116e-01 | 57 -0.05608 -2.53699e+00
 58 -0.00577 -4.91935e+00 | 59 -0.01908 -4.25744e+00 | 60 -0.03283 -4.51946e+00
 61 -0.07942 -4.82904e+00 | 62 -0.00944 -1.02917e+01 | 63 -0.06964 -4.18021e+00
 64 -0.12299 -3.46810e+00 | 65 -0.05095 -5.70668e+00 | 66 -0.12250 -3.78301e+00
 67 -0.09745 -2.58411e+00 | 68 -0.08489 -2.66603e+00 | 69  0.00058 -7.92916e+00
 70 -0.01727 -2.69969e+00 | 71 -0.08959 -6.80202e-03 | 72 -0.04436  2.09992e-02
 73 -0.04206 -5.45576e-03 | 74 -0.39496  2.05492e+02 | 75  0.95502  4.24505e-02
 76 -0.26724  1.13690e+04 | 77 -1.35283  2.24830e+02 | 78  5.41001 -6.19321e+01
 79  3.93270 -3.00633e+01 | 80  0.24629 -8.60829e+00 | 81 -1.23768  6.91652e-03
81 variables; iteration 300; function evaluation 388; phase 3
Function value -1.0520263e+02; maximum gradient component mag 1.8223e+03
Var    Value     Gradient |Var    Value     Gradient |Var    Value     Gradient
  1  0.01809  1.82225e+03 |  2 -0.00723  4.67623e+00 |  3 -0.00666  6.14970e+00
  4 -0.02147  6.92282e+00 |  5 -0.02579  7.11468e+00 |  6 -0.03074  7.26026e+00
  7 -0.02679  1.06430e+01 |  8 -0.03072  1.15482e+01 |  9 -0.03035  1.42454e+01
 10 -0.03237  1.62133e+01 | 11 -0.04023  1.59368e+01 | 12 -0.03987  1.93361e+01
 13 -0.04560  1.99630e+01 | 14 -0.04208  2.53017e+01 | 15 -0.04473  2.86189e+01
 16 -0.04544  3.27139e+01 | 17 -0.05249  3.42508e+01 | 18 -0.05085  3.97917e+01
 19 -0.05588  3.99558e+01 | 20 -0.05015  4.64889e+01 | 21 -0.06597  3.75356e+01
 22 -0.05266  4.46563e+01 | 23 -0.05954  4.19312e+01 | 24 -0.06635  4.04115e+01
 25 -0.06462  4.69821e+01 | 26 -0.05112  6.81361e+01 | 27 -0.05458  7.11050e+01
 28 -0.04891  7.72139e+01 | 29  0.00132  1.23282e+02 | 30 -0.03726  9.07023e+01
 31 -0.12214  4.53738e+01 | 32 -0.16428  2.98824e+01 | 33  0.03195  1.24028e+02
 34 -0.13217  2.89181e+01 | 35 -0.01986  2.01024e+01 | 36 -0.02640 -2.09179e+01
 37 -0.05985 -3.20687e+01 | 38  0.01934 -1.13138e+02 | 39 -0.04953 -5.47304e+01
 40 -0.04997 -8.35052e+01 | 41 -0.04090 -3.33779e+01 | 42 -0.00229 -5.63074e+01
 43 -0.01896 -1.59339e+01 | 44 -0.03829 -1.15163e+00 | 45 -0.04236  1.72403e+01
 46 -0.04352  2.09786e+01 | 47 -0.09741  2.51697e+01 | 48 -0.06073  3.60013e+01
 49 -0.13555  7.37093e+00 | 50  0.06999  9.17043e+00 | 51 -0.11895 -2.20163e+00
 52 -0.04495 -4.26283e+00 | 53 -0.09454 -5.32853e+00 | 54 -0.06566 -4.89167e+00
 55 -0.03665 -9.18723e+00 | 56 -0.09299 -5.71488e+00 | 57 -0.05636 -7.55714e+00
 58 -0.00710 -7.80214e+00 | 59 -0.02108 -7.53890e+00 | 60 -0.03597 -5.16930e+00
 61 -0.08048 -3.89010e+00 | 62 -0.00991 -5.03850e+00 | 63 -0.07427 -4.03385e+00
 64 -0.12365 -2.94953e+00 | 65 -0.05227 -5.32093e+00 | 66 -0.12545 -4.41116e+00
 67 -0.09913 -3.16120e+00 | 68 -0.08594 -3.10425e+00 | 69  0.00032 -4.37432e+00
 70 -0.02006 -2.17401e+00 | 71 -0.09184 -5.75781e-01 | 72 -0.04447  2.79706e-02
 73 -0.04230 -1.49150e-02 | 74 -0.37090  1.28415e+01 | 75  0.96815  6.23944e-02
 76 -0.26649  1.08572e+03 | 77 -1.36503  2.51284e+01 | 78  5.44778 -3.37976e+00
 79  3.89905  2.26228e+01 | 80  0.24715 -6.18041e+00 | 81 -1.26462  5.69302e-03
81 variables; iteration 320; function evaluation 412; phase 3
Function value -1.0588324e+02; maximum gradient component mag -2.5024e+03
Var    Value     Gradient |Var    Value     Gradient |Var    Value     Gradient
  1  0.01872 -2.50239e+03 |  2 -0.00575 -2.09173e+00 |  3 -0.00411 -1.87758e+00
  4 -0.02297 -2.67023e+00 |  5 -0.02232 -2.74169e+00 |  6 -0.02613 -3.90965e+00
  7 -0.02282 -3.45496e+00 |  8 -0.02723 -4.85221e+00 |  9 -0.03076 -6.08765e+00
 10 -0.02599 -5.47800e+00 | 11 -0.03484 -7.96550e+00 | 12 -0.02956 -7.47689e+00
 13 -0.04942 -1.22980e+01 | 14 -0.04227 -1.15223e+01 | 15 -0.03992 -1.17506e+01
 16 -0.04489 -1.37396e+01 | 17 -0.06891 -1.92863e+01 | 18 -0.06158 -1.88914e+01
 19 -0.05256 -1.80294e+01 | 20 -0.06817 -2.11116e+01 | 21 -0.07208 -2.19914e+01
 22 -0.06084 -1.98284e+01 | 23 -0.05869 -2.00520e+01 | 24 -0.06845 -2.25228e+01
 25 -0.07152 -2.45813e+01 | 26 -0.03335 -2.50685e+01 | 27 -0.04354 -3.05147e+01
 28 -0.05704 -3.68958e+01 | 29 -0.00426 -5.47779e+01 | 30 -0.03673 -4.56605e+01
 31 -0.11663 -2.00005e+01 | 32 -0.16924 -1.51903e+01 | 33  0.03156 -7.23389e+01
 34 -0.13375 -1.53769e+01 | 35 -0.02063 -4.74695e+01 | 36 -0.02642 -4.99551e+01
 37 -0.06360 -4.34899e+01 | 38  0.02008 -9.71825e+01 | 39 -0.05202 -4.51403e+01
 40 -0.04909 -6.86118e+01 | 41 -0.04313 -4.87911e+01 | 42 -0.00180 -6.88663e+01
 43 -0.01967 -5.11257e+01 | 44 -0.03846 -3.84586e+01 | 45 -0.04305 -2.73726e+01
 46 -0.04304 -2.61873e+01 | 47 -0.09844 -1.11514e+01 | 48 -0.06044 -1.48011e+01
 49 -0.14086 -1.63400e+00 | 50  0.06954 -1.79380e+00 | 51 -0.11779  5.22250e-01
 52 -0.04624  9.65457e-01 | 53 -0.09409  4.87311e-01 | 54 -0.06770  7.24553e-02
 55 -0.03695 -1.56206e-02 | 56 -0.09415 -5.46485e-02 | 57 -0.05760 -9.12454e-02
 58 -0.00801  7.82836e-01 | 59 -0.02160  5.46003e-01 | 60 -0.03614  7.08826e-01
 61 -0.08157 -1.65781e-01 | 62 -0.01103  3.19312e-01 | 63 -0.07390  5.74667e-02
 64 -0.12463  4.85955e-02 | 65 -0.05326  2.86128e-01 | 66 -0.12512 -1.12342e-01
 67 -0.09999  4.65986e-01 | 68 -0.08699  2.23811e-01 | 69 -0.00091 -8.00780e-01
 70 -0.02058 -9.76550e-01 | 71 -0.09180 -2.95299e-01 | 72 -0.04496  3.29353e-03
 73 -0.04264 -1.83168e-02 | 74 -0.37982 -4.13493e+01 | 75  0.94843  3.97549e-02
 76 -0.26633 -1.58485e+03 | 77 -1.38204 -3.87975e+01 | 78  5.47377  7.19477e+00
 79  3.85199  1.72709e+01 | 80  0.24553 -3.42739e+01 | 81 -1.32774 -9.14321e-01
81 variables; iteration 340; function evaluation 433; phase 3
Function value -1.0603049e+02; maximum gradient component mag 2.3389e+02
Var    Value     Gradient |Var    Value     Gradient |Var    Value     Gradient
  1  0.01853  2.33894e+02 |  2 -0.00619  6.44492e-01 |  3 -0.00558  1.21713e+00
  4 -0.02108  1.44456e+00 |  5 -0.02327  1.34313e+00 |  6 -0.02307  1.96220e+00
  7 -0.02998  6.81228e-01 |  8 -0.02848  1.79822e+00 |  9 -0.03265  1.36827e+00
 10 -0.02827  3.49177e+00 | 11 -0.03758  1.60942e+00 | 12 -0.03473  3.42288e+00
 13 -0.04134  2.30903e+00 | 14 -0.04204  3.10330e+00 | 15 -0.04046  5.03412e+00
 16 -0.04386  5.02043e+00 | 17 -0.06736 -1.42285e+00 | 18 -0.05754  2.83633e+00
 19 -0.05897  3.09109e+00 | 20 -0.05851  3.81399e+00 | 21 -0.06679  1.15875e+00
 22 -0.07500 -1.99087e+00 | 23 -0.06023  3.45956e+00 | 24 -0.06954  1.09165e+00
 25 -0.06699  3.48617e+00 | 26 -0.03620  1.80209e+01 | 27 -0.03408  1.84661e+01
 28 -0.05400  7.23538e+00 | 29 -0.00952  1.36382e+01 | 30 -0.03277  1.52118e+01
 31 -0.11991  1.12639e+01 | 32 -0.16685  7.01485e+00 | 33  0.03209  3.93222e+01
 34 -0.13388  1.18398e+01 | 35 -0.02012  1.42665e+01 | 36 -0.02599  8.77239e+00
 37 -0.06407 -4.51676e-01 | 38  0.02158 -1.58506e+01 | 39 -0.05433 -1.86779e+01
 40 -0.04659 -1.65485e+01 | 41 -0.04399 -1.54746e+01 | 42 -0.00104 -1.70449e+01
 43 -0.01933 -7.73059e+00 | 44 -0.03794 -2.21935e+00 | 45 -0.04286  3.13940e+00
 46 -0.04236  4.95506e+00 | 47 -0.09840  2.75384e+00 | 48 -0.05949  3.65705e+00
 49 -0.14216 -4.92876e-01 | 50  0.07025 -1.81192e+00 | 51 -0.11781 -1.49974e-01
 52 -0.04570 -1.24322e+00 | 53 -0.09399 -1.00290e+00 | 54 -0.06709 -2.42002e-01
 55 -0.03657 -1.29640e+00 | 56 -0.09367 -8.35303e-01 | 57 -0.05718 -1.55089e+00
 58 -0.00770 -2.39724e+00 | 59 -0.02097 -1.92406e+00 | 60 -0.03604 -2.22910e+00
 61 -0.08086 -7.73330e-01 | 62 -0.01067 -2.06615e+00 | 63 -0.07345 -1.39039e+00
 64 -0.12417 -6.99093e-01 | 65 -0.05294 -1.53910e+00 | 66 -0.12443 -5.00499e-01
 67 -0.09978 -4.70288e-01 | 68 -0.08670 -5.21008e-02 | 69 -0.00049  2.29112e-01
 70 -0.02006  2.96006e-01 | 71 -0.09039  2.39357e-01 | 72 -0.04484  8.14431e-03
 73 -0.04241  1.38946e-02 | 74 -0.37966  1.49581e-01 | 75  0.94904  3.96241e-02
 76 -0.26623  1.81704e+02 | 77 -1.38780  4.69209e+00 | 78  5.47591 -4.67002e-02
 79  3.84508  1.02534e+01 | 80  0.24583 -1.24625e+01 | 81 -1.29114 -7.69929e-02
81 variables; iteration 360; function evaluation 455; phase 3
Function value -1.0615528e+02; maximum gradient component mag 4.0620e+03
Var    Value     Gradient |Var    Value     Gradient |Var    Value     Gradient
  1  0.01850  4.06201e+03 |  2 -0.00647  4.94085e+00 |  3 -0.00705  6.07585e+00
  4 -0.02425  6.11042e+00 |  5 -0.02342  7.94595e+00 |  6 -0.02500  9.26466e+00
  7 -0.02770  1.04308e+01 |  8 -0.03032  1.18219e+01 |  9 -0.03329  1.32649e+01
 10 -0.02917  1.77103e+01 | 11 -0.03645  1.77368e+01 | 12 -0.03396  2.22189e+01
 13 -0.04076  2.24284e+01 | 14 -0.04356  2.46968e+01 | 15 -0.04910  2.63315e+01
 16 -0.04692  3.17581e+01 | 17 -0.06196  2.85625e+01 | 18 -0.05662  3.57911e+01
 19 -0.05280  4.11814e+01 | 20 -0.05812  3.99711e+01 | 21 -0.06564  3.58604e+01
 22 -0.08468  2.31080e+01 | 23 -0.06125  3.92413e+01 | 24 -0.06189  4.34152e+01
 25 -0.05723  5.38788e+01 | 26 -0.04345  7.83286e+01 | 27 -0.04026  8.95200e+01
 28 -0.04358  8.95411e+01 | 29 -0.01386  1.23944e+02 | 30 -0.03159  1.27571e+02
 31 -0.11770  7.01133e+01 | 32 -0.16963  4.23078e+01 | 33  0.03208  2.24701e+02
 34 -0.13342  6.03130e+01 | 35 -0.02020  1.11120e+02 | 36 -0.02613  9.23498e+01
 37 -0.06311  5.33894e+01 | 38  0.02069  6.71027e+01 | 39 -0.05259  3.56424e+01
 40 -0.04761  2.57533e+01 | 41 -0.04354  2.87470e+01 | 42 -0.00097  3.80071e+01
 43 -0.01958  2.65770e+01 | 44 -0.03766  2.44539e+01 | 45 -0.04291  1.87706e+01
 46 -0.04241  1.48567e+01 | 47 -0.09821  6.71749e+00 | 48 -0.05995  3.41539e+00
 49 -0.14011 -3.40240e-01 | 50  0.06982 -3.56585e+00 | 51 -0.11699  9.53852e-01
 52 -0.04569 -1.29786e+00 | 53 -0.09414 -3.32793e+00 | 54 -0.06694 -2.89908e+00
 55 -0.03676 -4.90710e+00 | 56 -0.09370 -2.66712e+00 | 57 -0.05712 -2.55340e+00
 58 -0.00763 -2.19870e+00 | 59 -0.02104 -1.62036e+00 | 60 -0.03595 -1.59254e+00
 61 -0.08077 -1.64831e-01 | 62 -0.01064 -2.12293e-01 | 63 -0.07355 -8.33657e-01
 64 -0.12401 -5.15987e-01 | 65 -0.05294 -6.74409e-01 | 66 -0.12442  3.98364e-02
 67 -0.09959  1.07351e-01 | 68 -0.08644  1.92688e-01 | 69 -0.00042  9.89227e-01
 70 -0.02015  4.65177e-01 | 71 -0.09069  1.65832e-01 | 72 -0.04494 -1.46556e-02
 73 -0.04249 -4.75277e-03 | 74 -0.38064  5.17678e+01 | 75  0.96502  5.65653e-02
 76 -0.26623  2.38800e+03 | 77 -1.38514  5.97681e+01 | 78  5.47692 -8.80434e+00
 79  3.84092  3.93381e+00 | 80  0.24732 -5.62164e+00 | 81 -1.22465  8.49036e-03
81 variables; iteration 380; function evaluation 476; phase 3
Function value -1.0627605e+02; maximum gradient component mag 2.1754e+03
Var    Value     Gradient |Var    Value     Gradient |Var    Value     Gradient
  1  0.01859  2.17540e+03 |  2 -0.00606  2.38291e+00 |  3 -0.00621  3.10417e+00
  4 -0.02249  3.24115e+00 |  5 -0.02593  3.15498e+00 |  6 -0.02492  4.50020e+00
  7 -0.02686  5.11613e+00 |  8 -0.02913  5.75154e+00 |  9 -0.03034  6.83780e+00
 10 -0.03356  7.35584e+00 | 11 -0.03390  8.96179e+00 | 12 -0.03816  9.32783e+00
 13 -0.04143  9.96722e+00 | 14 -0.04002  1.25523e+01 | 15 -0.04528  1.30899e+01
 16 -0.04730  1.45864e+01 | 17 -0.05861  1.26653e+01 | 18 -0.06201  1.33821e+01
 19 -0.05709  1.71352e+01 | 20 -0.06453  1.50313e+01 | 21 -0.05600  1.95069e+01
 22 -0.08087  7.69088e+00 | 23 -0.05429  2.07290e+01 | 24 -0.05628  2.19208e+01
 25 -0.06450  2.09443e+01 | 26 -0.05674  3.08542e+01 | 27 -0.03868  4.48796e+01
 28 -0.03650  4.53315e+01 | 29 -0.01405  5.41739e+01 | 30 -0.03302  5.31468e+01
 31 -0.11992  3.01986e+01 | 32 -0.16722  2.02641e+01 | 33  0.03234  1.17218e+02
 34 -0.13401  3.39297e+01 | 35 -0.02006  6.35405e+01 | 36 -0.02632  5.75270e+01
 37 -0.06344  3.82345e+01 | 38  0.02068  5.08700e+01 | 39 -0.05196  3.89023e+01
 40 -0.04825  2.29070e+01 | 41 -0.04322  3.16541e+01 | 42 -0.00123  3.22924e+01
 43 -0.01890  2.96337e+01 | 44 -0.03812  1.75075e+01 | 45 -0.04283  1.55850e+01
 46 -0.04225  9.86654e+00 | 47 -0.09849  4.38751e+00 | 48 -0.05901  1.23275e+00
 49 -0.14470 -2.99204e-01 | 50  0.07060 -2.39860e+00 | 51 -0.11743  2.38997e-01
 52 -0.04571 -1.03030e+00 | 53 -0.09394 -1.27485e+00 | 54 -0.06727 -1.46962e+00
 55 -0.03643 -2.85113e+00 | 56 -0.09364 -1.62206e+00 | 57 -0.05736 -2.10724e+00
 58 -0.00763 -2.58504e+00 | 59 -0.02100 -2.12923e+00 | 60 -0.03577 -1.89213e+00
 61 -0.08122 -1.08193e+00 | 62 -0.01055 -2.02756e+00 | 63 -0.07323 -1.38305e+00
 64 -0.12439 -7.78541e-01 | 65 -0.05288 -1.92467e+00 | 66 -0.12441 -8.28054e-01
 67 -0.09984 -6.06443e-01 | 68 -0.08708 -3.55321e-01 | 69 -0.00055 -7.06345e-01
 70 -0.01986 -4.53841e-01 | 71 -0.09077 -8.89865e-03 | 72 -0.04487 -1.08186e-03
 73 -0.04242  8.72587e-03 | 74 -0.37997  3.14994e+01 | 75  0.93888  3.27587e-02
 76 -0.26643  1.25856e+03 | 77 -1.38360  3.03629e+01 | 78  5.47825 -6.42136e+00
 79  3.83496  1.67704e+00 | 80  0.24887 -3.09732e+00 | 81 -1.17094  1.14139e-02
81 variables; iteration 400; function evaluation 496; phase 3
Function value -1.0632515e+02; maximum gradient component mag -5.4850e+01
Var    Value     Gradient |Var    Value     Gradient |Var    Value     Gradient
  1  0.01852 -3.63696e+01 |  2 -0.00703 -6.16073e-01 |  3 -0.00748 -5.45443e-01
  4 -0.02366 -5.74170e-01 |  5 -0.02484 -6.62240e-01 |  6 -0.02579 -6.63081e-01
  7 -0.02822 -1.01796e+00 |  8 -0.02923 -9.83890e-01 |  9 -0.03099 -1.12735e+00
 10 -0.03551 -1.97852e+00 | 11 -0.03482 -1.43941e+00 | 12 -0.03947 -2.33491e+00
 13 -0.03888 -1.83828e+00 | 14 -0.04192 -2.30532e+00 | 15 -0.04499 -2.53030e+00
 16 -0.04888 -3.31007e+00 | 17 -0.05549 -4.70618e+00 | 18 -0.05568 -4.51047e+00
 19 -0.05179 -3.22015e+00 | 20 -0.06742 -7.40628e+00 | 21 -0.05365 -3.55824e+00
 22 -0.08151 -1.12581e+01 | 23 -0.05637 -4.43930e+00 | 24 -0.05775 -4.77451e+00
 25 -0.05806 -4.77962e+00 | 26 -0.05942 -5.17553e+00 | 27 -0.04459 -3.26743e+00
 28 -0.03347 -6.24409e+00 | 29 -0.01246 -1.39240e+01 | 30 -0.03254 -1.42205e+01
 31 -0.12285 -5.72585e+00 | 32 -0.16495 -2.33474e+00 | 33  0.03304 -4.28853e+00
 34 -0.13517 -2.14485e+00 | 35 -0.01938  3.97380e-01 | 36 -0.02581  4.70701e+00
 37 -0.06454  5.22697e+00 | 38  0.02186  1.84698e+01 | 39 -0.05248  1.98450e+01
 40 -0.04768  6.88146e+00 | 41 -0.04306  1.81499e+01 | 42 -0.00076  1.32466e+01
 43 -0.01855  1.20803e+01 | 44 -0.03763  6.93581e+00 | 45 -0.04271  5.30288e+00
 46 -0.04158  3.06987e+00 | 47 -0.09853  6.43995e-01 | 48 -0.05775  9.66965e-02
 49 -0.14847 -6.61649e-01 | 50  0.07154 -8.71177e-01 | 51 -0.11741  2.77750e-01
 52 -0.04530 -1.73985e-02 | 53 -0.09365 -5.95517e-02 | 54 -0.06722 -2.37827e-01
 55 -0.03584 -2.00343e-01 | 56 -0.09332  1.33521e-01 | 57 -0.05722  2.08458e-01
 58 -0.00729  2.55535e-01 | 59 -0.02061  1.40267e-01 | 60 -0.03533 -3.36962e-02
 61 -0.08120  1.62174e-01 | 62 -0.01014 -1.86610e-02 | 63 -0.07261 -1.17728e-01
 64 -0.12444  9.23499e-02 | 65 -0.05245 -3.80555e-01 | 66 -0.12407 -3.35834e-01
 67 -0.09968 -2.54123e-01 | 68 -0.08735 -1.89846e-01 | 69 -0.00031 -1.74168e-01
 70 -0.01927 -6.37735e-02 | 71 -0.09039  3.16545e-02 | 72 -0.04478 -1.39402e-03
 73 -0.04237  2.38885e-03 | 74 -0.37997  3.81415e+00 | 75  0.92334  2.68398e-02
 76 -0.26657 -5.48503e+01 | 77 -1.38368 -1.33215e+00 | 78  5.47907 -7.20938e-01
 79  3.83467  3.68122e+00 | 80  0.24985 -2.18347e+00 | 81 -1.13876  1.41776e-02
81 variables; iteration 420; function evaluation 516; phase 3
Function value -1.0635128e+02; maximum gradient component mag -7.0251e+02
Var    Value     Gradient |Var    Value     Gradient |Var    Value     Gradient
  1  0.01849 -7.02515e+02 |  2 -0.00696 -1.05596e+00 |  3 -0.00829 -1.30132e+00
  4 -0.02351 -1.12090e+00 |  5 -0.02573 -1.58468e+00 |  6 -0.02700 -1.79637e+00
  7 -0.02851 -2.05701e+00 |  8 -0.02897 -2.05235e+00 |  9 -0.03193 -2.67927e+00
 10 -0.03596 -3.56265e+00 | 11 -0.03582 -3.40153e+00 | 12 -0.04043 -4.47335e+00
 13 -0.04279 -5.00454e+00 | 14 -0.04160 -4.61849e+00 | 15 -0.04235 -4.51995e+00
 16 -0.04947 -6.37915e+00 | 17 -0.05516 -7.79226e+00 | 18 -0.05914 -8.88016e+00
 19 -0.05054 -6.75829e+00 | 20 -0.06429 -1.02007e+01 | 21 -0.05574 -8.14528e+00
 22 -0.07884 -1.37627e+01 | 23 -0.05291 -7.68970e+00 | 24 -0.05406 -8.32477e+00
 25 -0.05915 -9.97154e+00 | 26 -0.05753 -1.07868e+01 | 27 -0.05169 -1.24860e+01
 28 -0.03128 -1.61912e+01 | 29 -0.01031 -2.82887e+01 | 30 -0.03395 -2.97095e+01
 31 -0.12357 -1.41877e+01 | 32 -0.16137 -7.16683e+00 | 33  0.03288 -3.60163e+01
 34 -0.13449 -1.01635e+01 | 35 -0.01939 -2.28244e+01 | 36 -0.02548 -1.76058e+01
 37 -0.06494 -1.17151e+01 | 38  0.02235 -1.59566e+01 | 39 -0.05284  4.81066e-02
 40 -0.04712 -7.35692e+00 | 41 -0.04324  3.25716e+00 | 42 -0.00051  1.50098e-01
 43 -0.01825  6.12539e+00 | 44 -0.03756  2.60588e+00 | 45 -0.04253  4.39866e+00
 46 -0.04128  3.14618e+00 | 47 -0.09853  1.69175e+00 | 48 -0.05711  1.65732e+00
 49 -0.15060  2.05292e-02 | 50  0.07200  1.48959e+00 | 51 -0.11729  5.66164e-01
 52 -0.04512  2.71363e-01 | 53 -0.09360  2.78367e-02 | 54 -0.06713 -1.19273e-01
 55 -0.03562 -4.52300e-01 | 56 -0.09315 -4.73122e-02 | 57 -0.05721 -7.33008e-02
 58 -0.00716 -2.82216e-01 | 59 -0.02043 -2.63224e-01 | 60 -0.03512 -3.14379e-01
 61 -0.08122  4.02385e-03 | 62 -0.00998 -2.43231e-01 | 63 -0.07224 -1.14307e-01
 64 -0.12455 -1.95631e-02 | 65 -0.05228 -1.93086e-01 | 66 -0.12377  6.46277e-02
 67 -0.09965 -1.54761e-02 | 68 -0.08750 -1.44669e-01 | 69 -0.00024 -3.20938e-01
 70 -0.01900 -2.56247e-01 | 71 -0.09037 -3.34886e-02 | 72 -0.04476 -4.68077e-03
 73 -0.04236 -2.21161e-03 | 74 -0.38011 -6.56084e+00 | 75  0.91564  2.47915e-02
 76 -0.26667 -5.03168e+02 | 77 -1.38260 -1.17184e+01 | 78  5.47877  1.03879e-01
 79  3.83526  4.59369e+00 | 80  0.25043 -1.80000e+00 | 81 -1.12955  1.52166e-02
81 variables; iteration 440; function evaluation 536; phase 3
Function value -1.0640092e+02; maximum gradient component mag 3.1750e+03
Var    Value     Gradient |Var    Value     Gradient |Var    Value     Gradient
  1  0.01846  3.17504e+03 |  2 -0.00723  2.98432e+00 |  3 -0.00715  3.95263e+00
  4 -0.02379  4.04360e+00 |  5 -0.02555  4.64756e+00 |  6 -0.02532  6.03201e+00
  7 -0.02844  6.54178e+00 |  8 -0.03111  7.33282e+00 |  9 -0.03137  9.08708e+00
 10 -0.03588  9.46518e+00 | 11 -0.03583  1.16346e+01 | 12 -0.03880  1.28909e+01
 13 -0.03991  1.48037e+01 | 14 -0.04183  1.66321e+01 | 15 -0.04303  1.94622e+01
 16 -0.04711  2.06600e+01 | 17 -0.05541  2.04877e+01 | 18 -0.05731  2.25350e+01
 19 -0.05246  2.71877e+01 | 20 -0.06512  2.23295e+01 | 21 -0.05500  2.84716e+01
 22 -0.07515  1.71842e+01 | 23 -0.05247  3.05383e+01 | 24 -0.05574  3.15767e+01
 25 -0.05606  3.54341e+01 | 26 -0.05727  4.17042e+01 | 27 -0.06133  4.36638e+01
 28 -0.03332  6.55064e+01 | 29 -0.00447  8.60891e+01 | 30 -0.03847  6.82882e+01
 31 -0.12107  3.77065e+01 | 32 -0.16100  2.96191e+01 | 33  0.03247  1.42664e+02
 34 -0.13458  3.55584e+01 | 35 -0.01936  8.37568e+01 | 36 -0.02596  7.96286e+01
 37 -0.06401  5.32954e+01 | 38  0.02164  9.60270e+01 | 39 -0.05246  5.76499e+01
 40 -0.04752  4.65139e+01 | 41 -0.04312  5.20303e+01 | 42 -0.00074  5.69487e+01
 43 -0.01866  4.42126e+01 | 44 -0.03762  3.08881e+01 | 45 -0.04266  2.49094e+01
 46 -0.04178  1.94817e+01 | 47 -0.09832  9.31000e+00 | 48 -0.05832  7.14193e+00
 49 -0.14594  8.23358e-01 | 50  0.07119 -3.25035e+00 | 51 -0.11735 -9.47853e-01
 52 -0.04527 -1.64640e+00 | 53 -0.09357 -1.37925e+00 | 54 -0.06709 -1.73288e+00
 55 -0.03591 -2.02263e+00 | 56 -0.09331 -1.24305e+00 | 57 -0.05707 -1.73876e+00
 58 -0.00730 -2.34417e+00 | 59 -0.02060 -1.82551e+00 | 60 -0.03538 -1.71080e+00
 61 -0.08100 -1.07823e+00 | 62 -0.01018 -1.96964e+00 | 63 -0.07272 -1.23546e+00
 64 -0.12424 -7.12868e-01 | 65 -0.05247 -1.79793e+00 | 66 -0.12414 -1.10608e+00
 67 -0.09954 -8.58158e-01 | 68 -0.08702 -7.68312e-01 | 69 -0.00025 -9.70990e-01
 70 -0.01935 -4.15801e-01 | 71 -0.09063 -4.94477e-02 | 72 -0.04476  9.07625e-04
 73 -0.04236  2.89572e-03 | 74 -0.37994  4.80114e+01 | 75  0.93478  3.04488e-02
 76 -0.26673  1.96776e+03 | 77 -1.37336  4.44671e+01 | 78  5.47891 -8.45274e+00
 79  3.83181 -1.02175e+00 | 80  0.25193 -1.12495e+00 | 81 -1.10421  1.90042e-02
81 variables; iteration 460; function evaluation 556; phase 3
Function value -1.0644765e+02; maximum gradient component mag 9.6584e+02
Var    Value     Gradient |Var    Value     Gradient |Var    Value     Gradient
  1  0.01854  9.65841e+02 |  2 -0.00621  1.19552e+00 |  3 -0.00694  1.52013e+00
  4 -0.02345  1.51460e+00 |  5 -0.02477  1.77266e+00 |  6 -0.02594  2.16068e+00
  7 -0.02813  2.35156e+00 |  8 -0.02913  2.97199e+00 |  9 -0.03013  3.68194e+00
 10 -0.03426  3.50330e+00 | 11 -0.03423  4.67789e+00 | 12 -0.03567  5.51125e+00
 13 -0.03942  5.51293e+00 | 14 -0.03974  6.79049e+00 | 15 -0.04423  7.07804e+00
 16 -0.04697  7.61666e+00 | 17 -0.05793  5.53710e+00 | 18 -0.05691  7.37272e+00
 19 -0.05261  1.01254e+01 | 20 -0.06295  7.00288e+00 | 21 -0.05409  1.08764e+01
 22 -0.06888  4.66615e+00 | 23 -0.05286  1.14724e+01 | 24 -0.05825  1.04476e+01
 25 -0.05894  1.18883e+01 | 26 -0.06245  1.35002e+01 | 27 -0.05873  1.65435e+01
 28 -0.04395  2.21870e+01 | 29  0.00294  3.73804e+01 | 30 -0.04284  2.15120e+01
 31 -0.11833  1.38667e+01 | 32 -0.16308  1.01288e+01 | 33  0.03217  4.91257e+01
 34 -0.13457  1.08841e+01 | 35 -0.01954  2.30555e+01 | 36 -0.02639  1.71386e+01
 37 -0.06394  9.80546e+00 | 38  0.02151  1.68686e+01 | 39 -0.05351  9.30106e+00
 40 -0.04708  5.66372e+00 | 41 -0.04376  8.80359e+00 | 42 -0.00083  1.18005e+01
 43 -0.01927  8.52562e+00 | 44 -0.03771  9.57841e+00 | 45 -0.04296  8.60103e+00
 46 -0.04219  9.41010e+00 | 47 -0.09843  5.32120e+00 | 48 -0.05914  6.14397e+00
 49 -0.14350  1.30293e+00 | 50  0.07052  1.08950e+00 | 51 -0.11726  1.55147e-01
 52 -0.04565 -2.78503e-01 | 53 -0.09360 -3.76989e-01 | 54 -0.06725 -5.73263e-01
 55 -0.03628 -6.96473e-01 | 56 -0.09353 -2.76043e-01 | 57 -0.05718 -4.19305e-01
 58 -0.00754 -5.75571e-01 | 59 -0.02091 -6.60787e-01 | 60 -0.03571 -7.35789e-01
 61 -0.08102 -3.33067e-01 | 62 -0.01052 -6.59619e-01 | 63 -0.07308 -3.80786e-01
 64 -0.12436 -2.99541e-01 | 65 -0.05275 -6.45606e-01 | 66 -0.12441 -5.08730e-01
 67 -0.09973 -4.77317e-01 | 68 -0.08690 -3.76010e-01 | 69 -0.00044 -3.89599e-01
 70 -0.01975 -1.82511e-01 | 71 -0.09074  1.30029e-02 | 72 -0.04481  1.22466e-03
 73 -0.04241  1.84959e-03 | 74 -0.37990  1.35431e+01 | 75  0.94037  3.38624e-02
 76 -0.26680  6.21296e+02 | 77 -1.36620  1.37280e+01 | 78  5.47990 -1.92188e+00
 79  3.83233  1.97002e+00 | 80  0.25285 -8.60324e-01 | 81 -1.11214  1.76365e-02
81 variables; iteration 480; function evaluation 576; phase 3
Function value -1.0646307e+02; maximum gradient component mag -1.6386e+02
Var    Value     Gradient |Var    Value     Gradient |Var    Value     Gradient
  1  0.01851 -1.63860e+02 |  2 -0.00617 -7.51078e-01 |  3 -0.00739 -9.45771e-01
  4 -0.02329 -9.26922e-01 |  5 -0.02474 -1.16508e+00 |  6 -0.02615 -1.37580e+00
  7 -0.02789 -1.65562e+00 |  8 -0.02957 -1.91403e+00 |  9 -0.03092 -2.07768e+00
 10 -0.03395 -2.65235e+00 | 11 -0.03441 -2.58058e+00 | 12 -0.03666 -2.97275e+00
 13 -0.03898 -3.43014e+00 | 14 -0.04079 -3.73334e+00 | 15 -0.04460 -4.31783e+00
 16 -0.04575 -4.56427e+00 | 17 -0.05545 -6.94330e+00 | 18 -0.05474 -6.76244e+00
 19 -0.05173 -5.95986e+00 | 20 -0.05903 -7.85344e+00 | 21 -0.05605 -7.16578e+00
 22 -0.06674 -9.96376e+00 | 23 -0.05359 -6.86216e+00 | 24 -0.05593 -7.73228e+00
 25 -0.06085 -9.21647e+00 | 26 -0.06178 -1.01553e+01 | 27 -0.06284 -1.22146e+01
 28 -0.04794 -1.33568e+01 | 29  0.00551 -1.69533e+01 | 30 -0.04181 -1.85861e+01
 31 -0.11960 -8.21345e+00 | 32 -0.16455 -4.54828e+00 | 33  0.03257 -1.03839e+01
 34 -0.13458 -1.12208e+00 | 35 -0.01944  4.85340e+00 | 36 -0.02623  1.06400e+01
 37 -0.06397  9.70165e+00 | 38  0.02171  2.39354e+01 | 39 -0.05344  1.43805e+01
 40 -0.04691  1.21503e+01 | 41 -0.04361  1.31362e+01 | 42 -0.00078  1.30070e+01
 43 -0.01896  9.27030e+00 | 44 -0.03769  4.99379e+00 | 45 -0.04274  3.31291e+00
 46 -0.04200  1.84005e+00 | 47 -0.09834  6.71786e-01 | 48 -0.05890  6.69148e-01
 49 -0.14388 -2.40868e-01 | 50  0.07068  2.99181e-01 | 51 -0.11710  5.11195e-02
 52 -0.04550  8.70014e-02 | 53 -0.09344 -7.71809e-02 | 54 -0.06718 -1.30683e-02
 55 -0.03616 -1.86659e-01 | 56 -0.09344 -1.02933e-01 | 57 -0.05713 -1.65760e-01
 58 -0.00745 -1.96038e-01 | 59 -0.02080 -8.79435e-02 | 60 -0.03548 -7.63335e-02
 61 -0.08098 -2.17994e-02 | 62 -0.01043 -2.93102e-02 | 63 -0.07286 -3.23236e-02
 64 -0.12424  1.17051e-02 | 65 -0.05268 -5.16974e-04 | 66 -0.12416  2.05702e-02
 67 -0.09964 -3.08759e-02 | 68 -0.08681 -4.20833e-02 | 69 -0.00040 -4.98579e-02
 70 -0.01957  2.57197e-03 | 71 -0.09077 -5.48468e-03 | 72 -0.04481 -5.65107e-04
 73 -0.04240  9.92209e-04 | 74 -0.38090  1.60651e+00 | 75  0.93857  3.31164e-02
 76 -0.26696 -6.53084e+01 | 77 -1.35957 -1.39775e+00 | 78  5.48023 -7.23859e-03
 79  3.83158  1.92702e+00 | 80  0.25383 -6.43310e-01 | 81 -1.09978  1.98597e-02
81 variables; iteration 500; function evaluation 596; phase 3
Function value -1.0647085e+02; maximum gradient component mag -8.8932e+02
Var    Value     Gradient |Var    Value     Gradient |Var    Value     Gradient
  1  0.01846 -8.89322e+02 |  2 -0.00640 -9.70379e-01 |  3 -0.00722 -1.09592e+00
  4 -0.02357 -1.20209e+00 |  5 -0.02427 -1.29129e+00 |  6 -0.02592 -1.60746e+00
  7 -0.02754 -1.90577e+00 |  8 -0.02917 -2.20908e+00 |  9 -0.03121 -2.61279e+00
 10 -0.03315 -2.97441e+00 | 11 -0.03521 -3.39044e+00 | 12 -0.03730 -3.82202e+00
 13 -0.03952 -4.33397e+00 | 14 -0.04138 -4.74079e+00 | 15 -0.04400 -5.11554e+00
 16 -0.04809 -6.22043e+00 | 17 -0.05565 -8.11507e+00 | 18 -0.05672 -8.49885e+00
 19 -0.05260 -7.53123e+00 | 20 -0.05971 -9.36110e+00 | 21 -0.05520 -8.36438e+00
 22 -0.06409 -1.05757e+01 | 23 -0.05377 -8.35907e+00 | 24 -0.05573 -9.23281e+00
 25 -0.05714 -1.00676e+01 | 26 -0.06046 -1.19372e+01 | 27 -0.06325 -1.47753e+01
 28 -0.05121 -1.72230e+01 | 29  0.00589 -2.31686e+01 | 30 -0.04045 -2.36058e+01
 31 -0.12153 -1.22060e+01 | 32 -0.16314 -7.61569e+00 | 33  0.03230 -3.58056e+01
 34 -0.13417 -9.48007e+00 | 35 -0.01955 -2.20499e+01 | 36 -0.02632 -2.01960e+01
 37 -0.06360 -1.39904e+01 | 38  0.02149 -2.50912e+01 | 39 -0.05352 -1.20934e+01
 40 -0.04684 -1.33998e+01 | 41 -0.04366 -1.10632e+01 | 42 -0.00087 -1.39169e+01
 43 -0.01909 -9.11265e+00 | 44 -0.03779 -7.68698e+00 | 45 -0.04273 -5.20394e+00
 46 -0.04229 -4.87559e+00 | 47 -0.09819 -2.09280e+00 | 48 -0.05935 -2.03662e+00
 49 -0.14225 -2.92221e-01 | 50  0.07042  5.39572e-01 | 51 -0.11698  2.84151e-01
 52 -0.04565  3.06178e-01 | 53 -0.09339  3.01127e-01 | 54 -0.06713  2.67654e-01
 55 -0.03622  2.78409e-01 | 56 -0.09345  2.08617e-01 | 57 -0.05701  2.36570e-01
 58 -0.00748  2.43028e-01 | 59 -0.02085  1.82176e-01 | 60 -0.03563  1.97032e-01
 61 -0.08089  1.26116e-01 | 62 -0.01046  1.51432e-01 | 63 -0.07306  1.25319e-01
 64 -0.12419  8.69574e-02 | 65 -0.05271  1.19023e-01 | 66 -0.12428  8.96313e-02
 67 -0.09966  5.71672e-02 | 68 -0.08668  5.54093e-02 | 69 -0.00035  3.44477e-02
 70 -0.01970  2.71508e-02 | 71 -0.09079 -1.16892e-03 | 72 -0.04479  7.91144e-04
 73 -0.04239  4.48028e-04 | 74 -0.37943 -1.23818e+01 | 75  0.94189  3.51492e-02
 76 -0.26698 -5.81376e+02 | 77 -1.35614 -1.20304e+01 | 78  5.48060  1.70846e+00
 79  3.83149  3.01260e+00 | 80  0.25435 -5.60103e-01 | 81 -1.10268  1.92909e-02
81 variables; iteration 520; function evaluation 617; phase 3
Function value -1.0647471e+02; maximum gradient component mag -1.2291e+03
Var    Value     Gradient |Var    Value     Gradient |Var    Value     Gradient
  1  0.01843 -1.22913e+03 |  2 -0.00622 -1.57072e+00 |  3 -0.00764 -1.97224e+00
  4 -0.02370 -2.05184e+00 |  5 -0.02456 -2.33634e+00 |  6 -0.02617 -2.81661e+00
  7 -0.02753 -3.25363e+00 |  8 -0.02924 -3.80174e+00 |  9 -0.03170 -4.55080e+00
 10 -0.03363 -5.16626e+00 | 11 -0.03561 -5.84630e+00 | 12 -0.03754 -6.56020e+00
 13 -0.03955 -7.32867e+00 | 14 -0.04138 -8.08040e+00 | 15 -0.04459 -8.99337e+00
 16 -0.04838 -1.03854e+01 | 17 -0.05431 -1.22533e+01 | 18 -0.05537 -1.30933e+01
 19 -0.05392 -1.32085e+01 | 20 -0.05939 -1.47002e+01 | 21 -0.05551 -1.42121e+01
 22 -0.06432 -1.58844e+01 | 23 -0.05147 -1.39596e+01 | 24 -0.05493 -1.54831e+01
 25 -0.05741 -1.70935e+01 | 26 -0.06426 -2.05161e+01 | 27 -0.05893 -2.33726e+01
 28 -0.05299 -2.85933e+01 | 29  0.00543 -4.28890e+01 | 30 -0.03913 -3.82241e+01
 31 -0.12290 -1.96851e+01 | 32 -0.16232 -1.22351e+01 | 33  0.03222 -5.68409e+01
 34 -0.13400 -1.32999e+01 | 35 -0.01951 -2.73021e+01 | 36 -0.02639 -2.22883e+01
 37 -0.06328 -1.24743e+01 | 38  0.02136 -2.03665e+01 | 39 -0.05332 -8.19971e+00
 40 -0.04692 -1.04121e+01 | 41 -0.04354 -7.80291e+00 | 42 -0.00088 -1.12690e+01
 43 -0.01909 -8.01622e+00 | 44 -0.03777 -7.35283e+00 | 45 -0.04270 -5.52690e+00
 46 -0.04233 -5.56612e+00 | 47 -0.09812 -2.43047e+00 | 48 -0.05943 -2.09621e+00
 49 -0.14170 -4.99534e-01 | 50  0.07038  5.95131e-01 | 51 -0.11694  3.66623e-01
 52 -0.04563  4.82981e-01 | 53 -0.09339  2.96906e-01 | 54 -0.06704  3.65654e-01
 55 -0.03622  4.35055e-01 | 56 -0.09340  3.22404e-01 | 57 -0.05694  3.81152e-01
 58 -0.00744  6.07888e-01 | 59 -0.02083  4.53057e-01 | 60 -0.03564  4.12056e-01
 61 -0.08083  2.41285e-01 | 62 -0.01041  3.61785e-01 | 63 -0.07311  1.99394e-01
 64 -0.12410  2.03839e-01 | 65 -0.05268  3.29878e-01 | 66 -0.12428  1.88259e-01
 67 -0.09962  1.93754e-01 | 68 -0.08659  2.06396e-01 | 69 -0.00030  2.07359e-01
 70 -0.01970  1.20778e-01 | 71 -0.09073  2.36560e-02 | 72 -0.04478 -7.99203e-05
 73 -0.04238  7.52100e-04 | 74 -0.37899 -1.50893e+01 | 75  0.93788  3.30760e-02
 76 -0.26700 -7.90997e+02 | 77 -1.35435 -1.63183e+01 | 78  5.48063  2.18074e+00
 79  3.83126  2.99823e+00 | 80  0.25471 -5.07861e-01 | 81 -1.10225  1.93745e-02
81 variables; iteration 540; function evaluation 638; phase 3
Function value -1.0650621e+02; maximum gradient component mag -2.7075e+02
Var    Value     Gradient |Var    Value     Gradient |Var    Value     Gradient
  1  0.01834 -2.70747e+02 |  2 -0.00687  2.56853e-01 |  3 -0.00747  4.53745e-01
  4 -0.02392  4.09933e-01 |  5 -0.02539  4.39328e-01 |  6 -0.02666  5.81432e-01
  7 -0.02946  3.65872e-01 |  8 -0.02968  9.11620e-01 |  9 -0.03204  9.14300e-01
 10 -0.03549  6.44864e-01 | 11 -0.03591  1.28662e+00 | 12 -0.03739  1.68290e+00
 13 -0.04152  1.23632e+00 | 14 -0.04471  1.14159e+00 | 15 -0.04810  1.33422e+00
 16 -0.04584  3.00634e+00 | 17 -0.05093  2.62258e+00 | 18 -0.05624  1.79196e+00
 19 -0.05293  3.59870e+00 | 20 -0.05742  2.64942e+00 | 21 -0.05281  4.47092e+00
 22 -0.06211  9.63527e-01 | 23 -0.05513  3.56397e+00 | 24 -0.05712  3.36894e+00
 25 -0.05998  3.20856e+00 | 26 -0.06301  3.50198e+00 | 27 -0.05881  4.62672e+00
 28 -0.04464  6.51708e+00 | 29  0.00084  1.28099e+01 | 30 -0.03841  6.81967e+00
 31 -0.12148  4.18780e+00 | 32 -0.16001  3.99932e+00 | 33  0.03163  4.30458e+00
 34 -0.13303  7.24557e-01 | 35 -0.01950 -9.09298e+00 | 36 -0.02648 -1.76205e+01
 37 -0.06259 -1.44775e+01 | 38  0.02117 -3.82148e+01 | 39 -0.05321 -2.16680e+01
 40 -0.04681 -2.32997e+01 | 41 -0.04333 -1.98531e+01 | 42 -0.00091 -2.57266e+01
 43 -0.01911 -1.67069e+01 | 44 -0.03767 -1.16245e+01 | 45 -0.04258 -8.09394e+00
 46 -0.04240 -6.69558e+00 | 47 -0.09788 -3.86908e+00 | 48 -0.05992 -5.30439e+00
 49 -0.13913 -1.48147e+00 | 50  0.07000 -4.64718e+00 | 51 -0.11655 -4.60451e-01
 52 -0.04566 -5.82766e-01 | 53 -0.09319 -2.61549e-01 | 54 -0.06689  1.59225e-02
 55 -0.03629  2.55580e-02 | 56 -0.09332  1.59760e-01 | 57 -0.05676  2.17786e-01
 58 -0.00740  5.14927e-01 | 59 -0.02078  4.46112e-01 | 60 -0.03565  3.24162e-01
 61 -0.08053  3.74919e-01 | 62 -0.01043  6.49373e-01 | 63 -0.07317  3.18174e-01
 64 -0.12381  2.42652e-01 | 65 -0.05267  1.94795e-01 | 66 -0.12428  2.92066e-02
 67 -0.09941  1.79195e-01 | 68 -0.08619  2.22465e-01 | 69 -0.00020  3.56618e-01
 70 -0.01979  1.51297e-01 | 71 -0.09064  9.27170e-02 | 72 -0.04479 -4.72412e-03
 73 -0.04237  2.29582e-03 | 74 -0.37920 -8.67800e+00 | 75  0.90780  2.29362e-02
 76 -0.26708 -2.22205e+02 | 77 -1.34643 -4.31080e+00 | 78  5.48082 -4.45161e-01
 79  3.82928  1.44399e+00 | 80  0.25656 -3.18461e-01 | 81 -1.12469  1.58242e-02
81 variables; iteration 560; function evaluation 659; phase 3
Function value -1.0652925e+02; maximum gradient component mag -4.8400e+02
Var    Value     Gradient |Var    Value     Gradient |Var    Value     Gradient
  1  0.01832 -4.84001e+02 |  2 -0.00675 -4.49893e-01 |  3 -0.00800 -5.69296e-01
  4 -0.02412 -5.79683e-01 |  5 -0.02554 -7.10687e-01 |  6 -0.02708 -8.41599e-01
  7 -0.02876 -9.80521e-01 |  8 -0.03059 -1.13630e+00 |  9 -0.03254 -1.30087e+00
 10 -0.03509 -1.59633e+00 | 11 -0.03693 -1.70172e+00 | 12 -0.03969 -2.04428e+00
 13 -0.04147 -2.14562e+00 | 14 -0.04381 -2.36508e+00 | 15 -0.04751 -2.69636e+00
 16 -0.04915 -2.77816e+00 | 17 -0.05096 -2.72929e+00 | 18 -0.05374 -3.17868e+00
 19 -0.05539 -3.37449e+00 | 20 -0.05741 -3.74835e+00 | 21 -0.05693 -3.55063e+00
 22 -0.05722 -3.84499e+00 | 23 -0.05697 -3.80093e+00 | 24 -0.05626 -3.66211e+00
 25 -0.05791 -4.17137e+00 | 26 -0.06325 -5.99646e+00 | 27 -0.05772 -6.70490e+00
 28 -0.04039 -8.17158e+00 | 29 -0.00271 -1.32827e+01 | 30 -0.03704 -1.27936e+01
 31 -0.11924 -4.31600e+00 | 32 -0.16315 -3.23151e+00 | 33  0.03194 -2.38082e+01
 34 -0.13327 -6.06969e+00 | 35 -0.01947 -1.45049e+01 | 36 -0.02624 -1.40162e+01
 37 -0.06296 -9.06395e+00 | 38  0.02144 -1.64635e+01 | 39 -0.05347 -9.11935e+00
 40 -0.04650 -7.22297e+00 | 41 -0.04352 -7.35030e+00 | 42 -0.00073 -7.87888e+00
 43 -0.01913 -6.01123e+00 | 44 -0.03756 -3.93410e+00 | 45 -0.04259 -3.18249e+00
 46 -0.04231 -2.47704e+00 | 47 -0.09788 -1.12973e+00 | 48 -0.05962 -1.07549e+00
 49 -0.14015 -7.54969e-02 | 50  0.07027  1.84606e-01 | 51 -0.11660  4.45484e-02
 52 -0.04560  1.27649e-01 | 53 -0.09321  9.14126e-02 | 54 -0.06687  1.40616e-01
 55 -0.03615  1.85419e-01 | 56 -0.09325  1.10536e-01 | 57 -0.05673  1.26456e-01
 58 -0.00736  1.92392e-01 | 59 -0.02072  1.65458e-01 | 60 -0.03560  1.62401e-01
 61 -0.08060  1.03924e-01 | 62 -0.01034  1.76046e-01 | 63 -0.07306  1.18214e-01
 64 -0.12393  7.90023e-02 | 65 -0.05259  1.76044e-01 | 66 -0.12420  8.68496e-02
 67 -0.09948  9.68633e-02 | 68 -0.08634  8.26813e-02 | 69 -0.00017  8.69903e-02
 70 -0.01965  3.48125e-02 | 71 -0.09076  4.73677e-04 | 72 -0.04475 -6.22268e-05
 73 -0.04236  5.43214e-05 | 74 -0.37815 -6.78956e+00 | 75  0.86743  1.70989e-02
 76 -0.26726 -3.35457e+02 | 77 -1.33916 -6.30440e+00 | 78  5.48226  1.73383e+00
 79  3.82835  1.81006e+00 | 80  0.25826 -2.10847e-01 | 81 -1.15477  1.26619e-02
81 variables; iteration 580; function evaluation 679; phase 3
Function value -1.0653608e+02; maximum gradient component mag 1.1157e+02
Var    Value     Gradient |Var    Value     Gradient |Var    Value     Gradient
  1  0.01832  1.11571e+02 |  2 -0.00670 -4.24951e-02 |  3 -0.00793 -7.76754e-02
  4 -0.02399 -4.52886e-02 |  5 -0.02576 -1.78160e-01 |  6 -0.02689 -9.53275e-02
  7 -0.02906 -2.45607e-01 |  8 -0.03089 -2.68082e-01 |  9 -0.03225 -1.27961e-01
 10 -0.03527 -4.03957e-01 | 11 -0.03714 -3.45684e-01 | 12 -0.04019 -5.94353e-01
 13 -0.04311 -8.37435e-01 | 14 -0.04362 -3.22833e-01 | 15 -0.04680 -2.78102e-01
 16 -0.04968 -4.69175e-01 | 17 -0.05042  2.32624e-01 | 18 -0.05392 -1.92289e-01
 19 -0.05423  2.08989e-01 | 20 -0.05915 -9.40672e-01 | 21 -0.05758 -2.74864e-01
 22 -0.05711 -4.26274e-01 | 23 -0.05733 -3.56947e-01 | 24 -0.05736 -1.53909e-01
 25 -0.05857 -1.61700e-01 | 26 -0.06110 -5.55635e-01 | 27 -0.05517 -3.10424e-01
 28 -0.03930 -7.68490e-01 | 29 -0.00536 -3.09921e+00 | 30 -0.03448 -3.09579e+00
 31 -0.12129  2.45068e-01 | 32 -0.16450  4.98519e-01 | 33  0.03237  4.56950e+00
 34 -0.13370  2.09094e+00 | 35 -0.01938  6.75550e+00 | 36 -0.02616  7.54310e+00
 37 -0.06308  5.72164e+00 | 38  0.02156  1.21757e+01 | 39 -0.05336  5.46981e+00
 40 -0.04657  5.98084e+00 | 41 -0.04337  5.66705e+00 | 42 -0.00072  5.32915e+00
 43 -0.01897  4.04273e+00 | 44 -0.03756  1.76790e+00 | 45 -0.04249  1.57972e+00
 46 -0.04221  5.27989e-01 | 47 -0.09786  5.15064e-01 | 48 -0.05948  4.48747e-01
 49 -0.14042  1.52505e-01 | 50  0.07035 -3.38153e-02 | 51 -0.11652 -5.83242e-02
 52 -0.04553 -3.10016e-02 | 53 -0.09311 -1.70953e-02 | 54 -0.06688 -6.85320e-02
 55 -0.03609 -5.25561e-02 | 56 -0.09322 -3.92927e-02 | 57 -0.05673 -9.27841e-02
 58 -0.00731 -1.23698e-01 | 59 -0.02066 -7.99830e-02 | 60 -0.03550 -4.59061e-02
 61 -0.08057 -6.28050e-02 | 62 -0.01031 -6.60411e-02 | 63 -0.07292  5.34734e-02
 64 -0.12389  8.05446e-03 | 65 -0.05255 -6.59631e-02 | 66 -0.12412 -7.43464e-02
 67 -0.09941 -3.85441e-02 | 68 -0.08630 -1.30719e-02 | 69 -0.00015 -5.62345e-02
 70 -0.01957 -1.68719e-03 | 71 -0.09070  1.50497e-02 | 72 -0.04475 -1.30020e-03
 73 -0.04235  9.17005e-04 | 74 -0.37897  2.87995e+00 | 75  0.84739  1.50511e-02
 76 -0.26727  8.93347e+01 | 77 -1.33905  1.72864e+00 | 78  5.48330  3.21055e-02
 79  3.82610  2.78315e-01 | 80  0.25831 -2.07637e-01 | 81 -1.18426  1.05470e-02
81 variables; iteration 600; function evaluation 699; phase 3
Function value -1.0653928e+02; maximum gradient component mag -3.5989e+02
Var    Value     Gradient |Var    Value     Gradient |Var    Value     Gradient
  1  0.01835 -3.59893e+02 |  2 -0.00677 -3.47762e-01 |  3 -0.00792 -4.19270e-01
  4 -0.02406 -4.27934e-01 |  5 -0.02549 -5.35966e-01 |  6 -0.02696 -6.20855e-01
  7 -0.02859 -7.11989e-01 |  8 -0.03051 -8.52076e-01 |  9 -0.03247 -9.78244e-01
 10 -0.03490 -1.20113e+00 | 11 -0.03668 -1.23998e+00 | 12 -0.03944 -1.53349e+00
 13 -0.04132 -1.60533e+00 | 14 -0.04340 -1.69645e+00 | 15 -0.04689 -1.90893e+00
 16 -0.04920 -2.11108e+00 | 17 -0.05186 -2.22410e+00 | 18 -0.05408 -2.44343e+00
 19 -0.05568 -2.57509e+00 | 20 -0.05776 -2.93225e+00 | 21 -0.05805 -2.92113e+00
 22 -0.05806 -3.15330e+00 | 23 -0.05785 -3.06072e+00 | 24 -0.05833 -3.16803e+00
 25 -0.05914 -3.31386e+00 | 26 -0.05943 -3.54138e+00 | 27 -0.05452 -4.22806e+00
 28 -0.03986 -5.99828e+00 | 29 -0.00605 -1.03980e+01 | 30 -0.03352 -9.42763e+00
 31 -0.12235 -3.83127e+00 | 32 -0.16419 -2.65820e+00 | 33  0.03233 -1.69385e+01
 34 -0.13374 -4.69836e+00 | 35 -0.01944 -1.07202e+01 | 36 -0.02620 -1.00784e+01
 37 -0.06317 -6.59942e+00 | 38  0.02150 -1.18303e+01 | 39 -0.05332 -5.59482e+00
 40 -0.04665 -5.94503e+00 | 41 -0.04345 -4.84048e+00 | 42 -0.00073 -6.29799e+00
 43 -0.01901 -4.17530e+00 | 44 -0.03757 -3.16988e+00 | 45 -0.04258 -2.32051e+00
 46 -0.04218 -1.85464e+00 | 47 -0.09796 -8.55912e-01 | 48 -0.05936 -7.71029e-01
 49 -0.14122 -1.72993e-01 | 50  0.07042 -1.59845e-01 | 51 -0.11662 -3.78962e-03
 52 -0.04556  3.60408e-02 | 53 -0.09323  2.82564e-02 | 54 -0.06693  9.40075e-02
 55 -0.03611  8.52114e-02 | 56 -0.09325  7.19695e-02 | 57 -0.05681  7.27343e-02
 58 -0.00735  1.14236e-01 | 59 -0.02070  1.07450e-01 | 60 -0.03554  8.35200e-02
 61 -0.08068  6.37200e-02 | 62 -0.01033  9.39964e-02 | 63 -0.07295  6.63929e-02
 64 -0.12400  5.12467e-02 | 65 -0.05258  7.35616e-02 | 66 -0.12415  3.15489e-02
 67 -0.09950  4.58498e-02 | 68 -0.08647  4.73280e-02 | 69 -0.00021  5.31872e-02
 70 -0.01958  2.96305e-02 | 71 -0.09072  3.92706e-03 | 72 -0.04476  2.81098e-04
 73 -0.04237  1.91808e-04 | 74 -0.37878 -5.03573e+00 | 75  0.84175  1.51131e-02
 76 -0.26726 -2.63510e+02 | 77 -1.34056 -4.94888e+00 | 78  5.48343  4.86154e-01
 79  3.82586  5.44959e-01 | 80  0.25798 -2.24394e-01 | 81 -1.20005  9.66414e-03
81 variables; iteration 620; function evaluation 720; phase 3
Function value -1.0654192e+02; maximum gradient component mag 3.7687e+02
Var    Value     Gradient |Var    Value     Gradient |Var    Value     Gradient
  1  0.01837  3.76865e+02 |  2 -0.00675  1.67068e-01 |  3 -0.00785  2.08801e-01
  4 -0.02416  1.93022e-01 |  5 -0.02542  2.49761e-01 |  6 -0.02681  3.23549e-01
  7 -0.02852  3.69005e-01 |  8 -0.03032  4.35905e-01 |  9 -0.03225  5.09206e-01
 10 -0.03442  5.58810e-01 | 11 -0.03670  6.04171e-01 | 12 -0.03894  6.97407e-01
 13 -0.04124  7.49221e-01 | 14 -0.04367  8.21034e-01 | 15 -0.04709  9.23853e-01
 16 -0.04914  1.12800e+00 | 17 -0.05175  1.43652e+00 | 18 -0.05403  1.52838e+00
 19 -0.05605  1.49298e+00 | 20 -0.05709  1.64547e+00 | 21 -0.05788  1.62288e+00
 22 -0.05605  1.86605e+00 | 23 -0.05810  1.41981e+00 | 24 -0.05843  1.67460e+00
 25 -0.05925  2.02659e+00 | 26 -0.06066  2.46823e+00 | 27 -0.05573  3.12505e+00
 28 -0.03993  4.02629e+00 | 29 -0.00588  5.01123e+00 | 30 -0.03263  5.29431e+00
 31 -0.12380  3.07243e+00 | 32 -0.16454  2.73015e+00 | 33  0.03250  1.58470e+01
 34 -0.13386  5.25509e+00 | 35 -0.01942  1.41325e+01 | 36 -0.02621  1.49214e+01
 37 -0.06320  1.12210e+01 | 38  0.02150  1.94688e+01 | 39 -0.05320  1.09523e+01
 40 -0.04671  9.42719e+00 | 41 -0.04343  8.90152e+00 | 42 -0.00070  9.50643e+00
 43 -0.01897  6.95898e+00 | 44 -0.03755  4.57763e+00 | 45 -0.04258  3.47911e+00
 46 -0.04209  2.75120e+00 | 47 -0.09801  1.35077e+00 | 48 -0.05923  1.52295e+00
 49 -0.14166  2.15491e-01 | 50  0.07047  2.23913e-01 | 51 -0.11653 -1.32352e-02
 52 -0.04555 -1.29062e-01 | 53 -0.09319 -1.66472e-01 | 54 -0.06697 -1.59436e-01
 55 -0.03610 -2.45785e-01 | 56 -0.09325 -1.05524e-01 | 57 -0.05686 -1.28313e-01
 58 -0.00735 -1.66674e-01 | 59 -0.02069 -1.32526e-01 | 60 -0.03548 -8.52011e-02
 61 -0.08070 -4.61833e-02 | 62 -0.01034 -7.99697e-02 | 63 -0.07286 -6.52350e-02
 64 -0.12402 -4.74725e-02 | 65 -0.05259 -1.25902e-01 | 66 -0.12411 -9.58896e-02
 67 -0.09949 -6.94978e-02 | 68 -0.08651 -5.05600e-02 | 69 -0.00024 -6.19060e-02
 70 -0.01954 -5.69353e-02 | 71 -0.09073 -4.12635e-03 | 72 -0.04476  7.39591e-04
 73 -0.04237  3.13784e-04 | 74 -0.37942  6.80916e+00 | 75  0.82274  1.34739e-02
 76 -0.26735  2.56029e+02 | 77 -1.33683  4.77397e+00 | 78  5.48355 -1.00282e+00
 79  3.82520 -6.11665e-01 | 80  0.25866 -1.90875e-01 | 81 -1.21428  8.97672e-03
81 variables; iteration 640; function evaluation 747; phase 3
Function value -1.0655905e+02; maximum gradient component mag 6.1237e+02
Var    Value     Gradient |Var    Value     Gradient |Var    Value     Gradient
  1  0.01835  6.12370e+02 |  2 -0.00654  3.03690e-01 |  3 -0.00799  2.73117e-01
  4 -0.02406  3.25869e-01 |  5 -0.02534  3.96784e-01 |  6 -0.02690  4.53420e-01
  7 -0.02838  5.88038e-01 |  8 -0.03037  6.30968e-01 |  9 -0.03262  6.45250e-01
 10 -0.03368  1.04575e+00 | 11 -0.03655  9.55865e-01 | 12 -0.03859  1.14304e+00
 13 -0.04094  1.21534e+00 | 14 -0.04315  1.38508e+00 | 15 -0.04679  1.46707e+00
 16 -0.04937  1.52916e+00 | 17 -0.05361  1.34491e+00 | 18 -0.05530  1.63124e+00
 19 -0.05562  2.15194e+00 | 20 -0.05828  1.75957e+00 | 21 -0.05762  2.19024e+00
 22 -0.05920  1.27763e+00 | 23 -0.05583  2.59584e+00 | 24 -0.05714  2.50967e+00
 25 -0.05850  2.64423e+00 | 26 -0.05851  3.51948e+00 | 27 -0.05655  3.38972e+00
 28 -0.03813  5.55157e+00 | 29 -0.00863  6.28112e+00 | 30 -0.02956  8.16517e+00
 31 -0.12701  3.08458e+00 | 32 -0.16589  2.98982e+00 | 33  0.03262  2.10060e+01
 34 -0.13393  7.33900e+00 | 35 -0.01941  2.16229e+01 | 36 -0.02645  2.36952e+01
 37 -0.06285  1.89634e+01 | 38  0.02131  3.71202e+01 | 39 -0.05339  1.86935e+01
 40 -0.04666  1.97762e+01 | 41 -0.04348  1.73888e+01 | 42 -0.00083  2.00923e+01
 43 -0.01919  1.34597e+01 | 44 -0.03760  9.59517e+00 | 45 -0.04264  6.84079e+00
 46 -0.04239  5.24636e+00 | 47 -0.09792  2.27858e+00 | 48 -0.05986  1.84869e+00
 49 -0.13939  2.22458e-01 | 50  0.07003 -3.40783e-01 | 51 -0.11633 -8.44316e-02
 52 -0.04569 -2.52973e-01 | 53 -0.09310 -2.43228e-01 | 54 -0.06691 -2.06138e-01
 55 -0.03625 -3.38787e-01 | 56 -0.09328 -2.12165e-01 | 57 -0.05677 -3.32706e-01
 58 -0.00742 -4.17529e-01 | 59 -0.02077 -3.30413e-01 | 60 -0.03564 -2.78045e-01
 61 -0.08056 -1.67441e-01 | 62 -0.01044 -2.71493e-01 | 63 -0.07309 -1.68516e-01
 64 -0.12389 -9.41622e-02 | 65 -0.05268 -1.05398e-01 | 66 -0.12422 -9.50129e-02
 67 -0.09949 -1.61004e-01 | 68 -0.08626 -1.34908e-01 | 69 -0.00023 -1.07571e-01
 70 -0.01970 -4.53027e-02 | 71 -0.09085 -9.33365e-03 | 72 -0.04475  1.26653e-03
 73 -0.04236  9.43083e-04 | 74 -0.37896  1.16751e+01 | 75  0.71707  1.21584e-02
 76 -0.26748  4.79292e+02 | 77 -1.32534  8.38754e+00 | 78  5.51356 -1.09066e+00
 79  3.79201 -2.66033e-01 | 80  0.26324 -7.41679e-02 | 81 -1.31129  5.90407e-03
81 variables; iteration 660; function evaluation 767; phase 3
Function value -1.0656144e+02; maximum gradient component mag -3.0832e+02
Var    Value     Gradient |Var    Value     Gradient |Var    Value     Gradient
  1  0.01837 -3.08317e+02 |  2 -0.00657 -5.40746e-01 |  3 -0.00776 -6.70077e-01
  4 -0.02398 -7.13153e-01 |  5 -0.02523 -8.30669e-01 |  6 -0.02678 -9.98591e-01
  7 -0.02837 -1.15082e+00 |  8 -0.03021 -1.35112e+00 |  9 -0.03227 -1.59245e+00
 10 -0.03379 -1.66619e+00 | 11 -0.03636 -2.02423e+00 | 12 -0.03834 -2.22355e+00
 13 -0.04079 -2.57394e+00 | 14 -0.04326 -2.91215e+00 | 15 -0.04671 -3.25312e+00
 16 -0.04907 -3.64996e+00 | 17 -0.05344 -4.45345e+00 | 18 -0.05532 -4.78256e+00
 19 -0.05604 -4.82300e+00 | 20 -0.05771 -5.19371e+00 | 21 -0.05763 -5.19518e+00
 22 -0.05791 -5.48433e+00 | 23 -0.05644 -5.22951e+00 | 24 -0.05725 -5.67411e+00
 25 -0.05864 -6.32108e+00 | 26 -0.06160 -7.75821e+00 | 27 -0.05567 -8.45196e+00
 28 -0.03785 -9.74985e+00 | 29 -0.00815 -1.51154e+01 | 30 -0.03049 -1.27255e+01
 31 -0.12594 -6.50202e+00 | 32 -0.16609 -4.26330e+00 | 33  0.03252 -1.74574e+01
 34 -0.13386 -3.21746e+00 | 35 -0.01946 -4.17336e+00 | 36 -0.02648 -1.12990e+00
 37 -0.06286  9.83619e-01 | 38  0.02127  4.68357e+00 | 39 -0.05346  1.77578e+00
 40 -0.04665  3.07025e+00 | 41 -0.04355  1.48025e+00 | 42 -0.00085  1.94115e+00
 43 -0.01925 -1.39652e-02 | 44 -0.03763 -1.67162e-01 | 45 -0.04266 -7.69180e-01
 46 -0.04245 -8.49421e-01 | 47 -0.09794 -5.82128e-01 | 48 -0.05998 -5.37319e-01
 49 -0.13904 -2.28526e-01 | 50  0.06991 -7.57555e-02 | 51 -0.11629  6.74679e-02
 52 -0.04575  9.73300e-02 | 53 -0.09308  3.55569e-02 | 54 -0.06697  1.08434e-01
 55 -0.03630  1.12059e-01 | 56 -0.09333  7.81163e-02 | 57 -0.05679  1.13406e-01
 58 -0.00746  1.96930e-01 | 59 -0.02082  1.69541e-01 | 60 -0.03566  1.68171e-01
 61 -0.08057  1.18410e-01 | 62 -0.01051  2.18700e-01 | 63 -0.07314  1.15712e-01
 64 -0.12389  8.98740e-02 | 65 -0.05274  2.02401e-01 | 66 -0.12425  9.63468e-02
 67 -0.09951  6.45417e-02 | 68 -0.08623  6.01353e-02 | 69 -0.00028  1.09480e-01
 70 -0.01975  5.63786e-02 | 71 -0.09088  2.29042e-03 | 72 -0.04477  4.03220e-04
 73 -0.04237  5.38416e-04 | 74 -0.37924 -2.76987e+00 | 75  0.70141  1.51373e-02
 76 -0.26752 -1.79425e+02 | 77 -1.32241 -3.08572e+00 | 78  5.51458  1.08304e+00
 79  3.79122  8.75877e-01 | 80  0.26394 -6.51375e-02 | 81 -1.32148  5.68303e-03
81 variables; iteration 680; function evaluation 788; phase 3
Function value -1.0657631e+02; maximum gradient component mag -6.1163e+02
Var    Value     Gradient |Var    Value     Gradient |Var    Value     Gradient
  1  0.01833 -6.11634e+02 |  2 -0.00706 -1.35679e+00 |  3 -0.00801 -1.56209e+00
  4 -0.02436 -1.68824e+00 |  5 -0.02585 -2.03012e+00 |  6 -0.02704 -2.29858e+00
  7 -0.02923 -2.81368e+00 |  8 -0.03061 -3.14059e+00 |  9 -0.03238 -3.57373e+00
 10 -0.03474 -4.14229e+00 | 11 -0.03716 -4.76316e+00 | 12 -0.03913 -5.30942e+00
 13 -0.04121 -5.89853e+00 | 14 -0.04412 -6.71073e+00 | 15 -0.04733 -7.39889e+00
 16 -0.04975 -8.26922e+00 | 17 -0.05249 -9.18185e+00 | 18 -0.05478 -1.01015e+01
 19 -0.05640 -1.07360e+01 | 20 -0.05687 -1.11246e+01 | 21 -0.05733 -1.14856e+01
 22 -0.05607 -1.12953e+01 | 23 -0.05713 -1.20086e+01 | 24 -0.05787 -1.29589e+01
 25 -0.05866 -1.42798e+01 | 26 -0.05911 -1.66565e+01 | 27 -0.05463 -1.93927e+01
 28 -0.03770 -2.38100e+01 | 29 -0.00874 -3.47026e+01 | 30 -0.02991 -3.01715e+01
 31 -0.12630 -1.37516e+01 | 32 -0.16587 -8.48214e+00 | 33  0.03263 -3.42763e+01
 34 -0.13354 -5.59160e+00 | 35 -0.01934 -4.67845e+00 | 36 -0.02642  3.50634e+00
 37 -0.06276  6.11102e+00 | 38  0.02141  1.57362e+01 | 39 -0.05333  7.49354e+00
 40 -0.04651  8.97262e+00 | 41 -0.04343  5.98214e+00 | 42 -0.00075  6.09080e+00
 43 -0.01907  3.02658e+00 | 44 -0.03753  5.51480e-01 | 45 -0.04252 -6.42411e-01
 46 -0.04229 -1.22494e+00 | 47 -0.09785 -9.82125e-01 | 48 -0.05980 -9.72037e-01
 49 -0.13917 -2.24141e-01 | 50  0.07001  2.24444e-01 | 51 -0.11594 -5.98853e-02
 52 -0.04567  2.10828e-01 | 53 -0.09283  2.48354e-01 | 54 -0.06694  2.77527e-01
 55 -0.03615  4.55865e-01 | 56 -0.09319  1.81679e-01 | 57 -0.05672  1.75400e-01
 58 -0.00737  2.17489e-01 | 59 -0.02069  2.03858e-01 | 60 -0.03550  1.80304e-01
 61 -0.08049  9.71399e-02 | 62 -0.01043  2.96813e-01 | 63 -0.07291  2.39750e-01
 64 -0.12380  1.70784e-01 | 65 -0.05267  2.21417e-01 | 66 -0.12408  1.26924e-01
 67 -0.09942  1.34548e-01 | 68 -0.08616  1.26178e-01 | 69 -0.00023  4.01874e-02
 70 -0.01957  1.25274e-02 | 71 -0.09082  8.68679e-04 | 72 -0.04474  9.50411e-04
 73 -0.04236 -1.48330e-03 | 74 -0.37981 -4.66550e+00 | 75  0.47213  8.90476e-02
 76 -0.26787 -4.14219e+02 | 77 -1.30218 -6.34310e+00 | 78  5.53437  1.60144e+00
 79  3.76183  4.80538e-01 | 80  0.26998 -4.09853e-01 | 81 -1.55021 -6.72349e-02
81 variables; iteration 700; function evaluation 809; phase 3
Function value -1.0660152e+02; maximum gradient component mag 6.9776e+03
Var    Value     Gradient |Var    Value     Gradient |Var    Value     Gradient
  1  0.01836  6.97759e+03 |  2 -0.00633  6.15690e+00 |  3 -0.00796  7.19371e+00
  4 -0.02444  7.52487e+00 |  5 -0.02593  8.87999e+00 |  6 -0.02682  1.07167e+01
  7 -0.02907  1.23502e+01 |  8 -0.03070  1.44769e+01 |  9 -0.03256  1.67642e+01
 10 -0.03530  1.88459e+01 | 11 -0.03713  2.15698e+01 | 12 -0.04015  2.40581e+01
 13 -0.04197  2.70330e+01 | 14 -0.04356  3.05089e+01 | 15 -0.04686  3.40488e+01
 16 -0.04961  3.75338e+01 | 17 -0.05369  4.13726e+01 | 18 -0.05549  4.53472e+01
 19 -0.05543  4.91277e+01 | 20 -0.05819  5.02719e+01 | 21 -0.05595  5.36443e+01
 22 -0.06019  4.88510e+01 | 23 -0.05519  5.51190e+01 | 24 -0.05466  5.99649e+01
 25 -0.05601  6.55748e+01 | 26 -0.06007  7.44184e+01 | 27 -0.05498  8.97497e+01
 28 -0.04250  1.12905e+02 | 29 -0.00276  1.76321e+02 | 30 -0.03473  1.56000e+02
 31 -0.12360  8.12058e+01 | 32 -0.16528  5.94653e+01 | 33  0.03259  3.21518e+02
 34 -0.13357  9.17608e+01 | 35 -0.01930  2.21781e+02 | 36 -0.02649  2.09711e+02
 37 -0.06304  1.45285e+02 | 38  0.02156  2.54826e+02 | 39 -0.05345  1.23603e+02
 40 -0.04654  1.21388e+02 | 41 -0.04349  1.05313e+02 | 42 -0.00079  1.19587e+02
 43 -0.01895  8.60083e+01 | 44 -0.03765  6.00807e+01 | 45 -0.04261  4.80367e+01
 46 -0.04227  3.86946e+01 | 47 -0.09802  1.98372e+01 | 48 -0.05942  1.92159e+01
 49 -0.14106  5.02219e+00 | 50  0.07031  1.11695e-01 | 51 -0.11604 -1.25645e+00
 52 -0.04562 -2.64229e+00 | 53 -0.09300 -1.86282e+00 | 54 -0.06693 -2.28609e+00
 55 -0.03607 -2.97464e+00 | 56 -0.09312 -1.91502e+00 | 57 -0.05682 -2.61995e+00
 58 -0.00735 -3.46949e+00 | 59 -0.02067 -2.98275e+00 | 60 -0.03550 -2.44389e+00
 61 -0.08065 -1.71893e+00 | 62 -0.01034 -2.92838e+00 | 63 -0.07286 -1.73356e+00
 64 -0.12400 -1.06577e+00 | 65 -0.05261 -1.84741e+00 | 66 -0.12413 -1.09845e+00
 67 -0.09958 -1.12966e+00 | 68 -0.08648 -7.94573e-01 | 69 -0.00025 -1.25871e+00
 70 -0.01945 -6.00004e-01 | 71 -0.09068 -2.81452e-02 | 72 -0.04471 -1.82568e-03
 73 -0.04234 -2.19006e-03 | 74 -0.37923  1.09145e+02 | 75  0.31684 -5.98542e-01
 76 -0.26800  5.46961e+03 | 77 -1.29695  7.97492e+01 | 78  5.54747 -1.59496e+01
 79  3.73778 -5.96605e+00 | 80  0.27275 -8.39626e-01 | 81 -1.57288 -1.62591e-01
81 variables; iteration 720; function evaluation 832; phase 3
Function value -1.0681664e+02; maximum gradient component mag 7.4971e+03
Var    Value     Gradient |Var    Value     Gradient |Var    Value     Gradient
  1  0.01788  7.49706e+03 |  2 -0.00775  2.07127e+00 |  3 -0.00840  2.66321e+00
  4 -0.02440  2.88065e+00 |  5 -0.02599  3.34416e+00 |  6 -0.02784  3.86344e+00
  7 -0.02977  4.48943e+00 |  8 -0.03168  5.24172e+00 |  9 -0.03375  6.05196e+00
 10 -0.03670  6.64754e+00 | 11 -0.03835  7.79133e+00 | 12 -0.04170  8.46583e+00
 13 -0.04292  9.85236e+00 | 14 -0.04526  1.10201e+01 | 15 -0.04935  1.20798e+01
 16 -0.05112  1.37073e+01 | 17 -0.04980  1.73679e+01 | 18 -0.05284  1.83873e+01
 19 -0.05668  1.83453e+01 | 20 -0.05487  2.06397e+01 | 21 -0.05621  2.07843e+01
 22 -0.05192  2.19531e+01 | 23 -0.05654  2.07426e+01 | 24 -0.05366  2.38100e+01
 25 -0.05454  2.61577e+01 | 26 -0.06009  2.84410e+01 | 27 -0.05479  3.54468e+01
 28 -0.04778  4.32102e+01 | 29 -0.00035  8.07674e+01 | 30 -0.03644  7.55496e+01
 31 -0.12070  4.86127e+01 | 32 -0.16413  4.07579e+01 | 33  0.03149  2.68743e+02
 34 -0.13267  9.67777e+01 | 35 -0.01909  2.80294e+02 | 36 -0.02701  3.08536e+02
 37 -0.05992  2.40441e+02 | 38  0.02002  4.59379e+02 | 39 -0.05250  2.43127e+02
 40 -0.04696  2.44757e+02 | 41 -0.04240  2.19878e+02 | 42 -0.00138  2.49816e+02
 43 -0.02001  1.68578e+02 | 44 -0.03759  1.15772e+02 | 45 -0.04237  8.29005e+01
 46 -0.04377  5.88695e+01 | 47 -0.09719  2.77120e+01 | 48 -0.06309  2.28727e+01
 49 -0.12493  9.10868e+00 | 50  0.06734  6.12252e+00 | 51 -0.11453  5.03405e-01
 52 -0.04603 -4.36908e-02 | 53 -0.09174 -1.63071e-01 | 54 -0.06627 -8.52543e-01
 55 -0.03666 -1.23596e+00 | 56 -0.09307 -7.81433e-01 | 57 -0.05550 -7.69944e-01
 58 -0.00737 -1.37486e+00 | 59 -0.02079 -1.16945e+00 | 60 -0.03603 -1.49349e+00
 61 -0.07912 -8.46686e-01 | 62 -0.01077 -1.87330e+00 | 63 -0.07382 -8.41958e-01
 64 -0.12250 -6.91942e-01 | 65 -0.05294 -1.27261e+00 | 66 -0.12450 -5.71451e-01
 67 -0.09864 -3.93633e-01 | 68 -0.08417 -7.64227e-01 | 69  0.00013 -8.98684e-01
 70 -0.02041 -3.98900e-01 | 71 -0.09119 -2.24326e-02 | 72 -0.04453 -4.80929e-03
 73 -0.04227 -4.17848e-03 | 74 -0.38199  1.53631e+02 | 75  0.13384 -8.64619e+00
 76 -0.26811  6.47594e+03 | 77 -1.25052  7.73500e+01 | 78  5.56006 -2.05878e+01
 79  3.70850 -8.06326e+00 | 80  0.28085 -1.52313e-01 | 81 -1.59478 -3.34686e-02
81 variables; iteration 740; function evaluation 857; phase 3
Function value -1.0746218e+02; maximum gradient component mag -1.2389e+03
Var    Value     Gradient |Var    Value     Gradient |Var    Value     Gradient
  1  0.01739 -1.23891e+03 |  2 -0.00660  4.62560e+00 |  3 -0.00708  5.72788e+00
  4 -0.02503  5.50636e+00 |  5 -0.02555  6.82258e+00 |  6 -0.02827  7.64384e+00
  7 -0.03060  8.78813e+00 |  8 -0.03127  1.07157e+01 |  9 -0.03420  1.20256e+01
 10 -0.03410  1.46327e+01 | 11 -0.03781  1.59477e+01 | 12 -0.04038  1.79381e+01
 13 -0.04291  1.98566e+01 | 14 -0.04627  2.16854e+01 | 15 -0.05026  2.39895e+01
 16 -0.05135  2.74155e+01 | 17 -0.04978  3.34757e+01 | 18 -0.05326  3.54611e+01
 19 -0.05710  3.60909e+01 | 20 -0.05253  4.14932e+01 | 21 -0.05681  4.02131e+01
 22 -0.04830  4.43972e+01 | 23 -0.05708  4.08254e+01 | 24 -0.05538  4.53438e+01
 25 -0.05167  5.40761e+01 | 26 -0.06199  5.74866e+01 | 27 -0.05735  7.23519e+01
 28 -0.04315  1.00596e+02 | 29 -0.00711  1.68082e+02 | 30 -0.03212  1.68844e+02
 31 -0.12127  8.82367e+01 | 32 -0.16313  6.07266e+01 | 33  0.02947  2.90829e+02
 34 -0.13249  6.70043e+01 | 35 -0.01908  8.69124e+01 | 36 -0.02806  1.13024e+01
 37 -0.05705 -6.20233e+01 | 38  0.01827 -2.00423e+02 | 39 -0.05244 -1.75895e+02
 40 -0.04755 -2.47280e+02 | 41 -0.04155 -2.84121e+02 | 42 -0.00266 -3.74730e+02
 43 -0.02239 -3.04671e+02 | 44 -0.03796 -2.21955e+02 | 45 -0.04289 -1.82970e+02
 46 -0.04611 -1.31792e+02 | 47 -0.09801 -7.06208e+01 | 48 -0.06704 -7.24205e+01
 49 -0.10922 -3.37655e+01 | 50  0.06251 -3.28623e+01 | 51 -0.11340 -4.57562e+00
 52 -0.04682 -3.43541e+00 | 53 -0.09008  8.03821e-01 | 54 -0.06625  1.53006e+00
 55 -0.03774  3.15951e+00 | 56 -0.09330  2.55467e+00 | 57 -0.05426  3.24603e+00
 58 -0.00771  2.63373e+00 | 59 -0.02158  1.12373e+00 | 60 -0.03692 -1.19429e-01
 61 -0.07774  2.80714e+00 | 62 -0.01181  4.02072e+00 | 63 -0.07518  2.67562e-01
 64 -0.12156 -1.49080e+00 | 65 -0.05372 -6.92985e-01 | 66 -0.12570 -2.43575e+00
 67 -0.09799 -3.98838e+00 | 68 -0.08181 -2.68290e+00 | 69 -0.00025  2.12699e+00
 70 -0.02222  1.07003e+00 | 71 -0.09218 -4.31293e-02 | 72 -0.04425 -3.00294e-02
 73 -0.04255 -5.99390e-02 | 74 -0.39777 -1.46406e+02 | 75  0.00201  4.88549e+01
 76 -0.26804 -4.30005e+02 | 77 -1.18473 -3.20589e+00 | 78  5.57981 -9.84109e+00
 79  3.65073 -1.80629e+00 | 80  0.29262 -9.00241e-03 | 81 -1.44753  3.70734e-03
81 variables; iteration 760; function evaluation 882; phase 3
Function value -1.0882863e+02; maximum gradient component mag 6.1362e+03
Var    Value     Gradient |Var    Value     Gradient |Var    Value     Gradient
  1  0.01617  6.13615e+03 |  2 -0.00741  5.90251e+00 |  3 -0.00837  7.14603e+00
  4 -0.02517  7.36642e+00 |  5 -0.02666  8.71557e+00 |  6 -0.02849  1.02089e+01
  7 -0.03029  1.19809e+01 |  8 -0.03248  1.38547e+01 |  9 -0.03450  1.60179e+01
 10 -0.03558  1.87467e+01 | 11 -0.03929  2.05972e+01 | 12 -0.04133  2.34683e+01
 13 -0.04207  2.69159e+01 | 14 -0.04662  2.88511e+01 | 15 -0.05071  3.19252e+01
 16 -0.05205  3.62686e+01 | 17 -0.04212  4.96112e+01 | 18 -0.04789  5.09032e+01
 19 -0.05862  4.71285e+01 | 20 -0.04675  5.92653e+01 | 21 -0.05644  5.39194e+01
 22 -0.03490  6.94892e+01 | 23 -0.05830  5.37053e+01 | 24 -0.05475  5.98303e+01
 25 -0.05257  6.80374e+01 | 26 -0.06533  6.80931e+01 | 27 -0.06127  8.13739e+01
 28 -0.03557  1.20734e+02 | 29 -0.01594  1.60112e+02 | 30 -0.02305  1.78771e+02
 31 -0.12349  8.09414e+01 | 32 -0.16618  5.44390e+01 | 33  0.02914  2.89784e+02
 34 -0.13565  7.61246e+01 | 35 -0.01760  1.69579e+02 | 36 -0.03028  1.43304e+02
 37 -0.05140  1.07643e+02 | 38  0.01595  1.68264e+02 | 39 -0.05159  9.70572e+01
 40 -0.04801  9.06259e+01 | 41 -0.03987  8.71322e+01 | 42 -0.00405  1.02600e+02
 43 -0.02452  6.57432e+01 | 44 -0.03938  5.47075e+01 | 45 -0.04350  3.88074e+01
 46 -0.05012  2.60409e+01 | 47 -0.09917  8.12267e+00 | 48 -0.06855  2.96567e+00
 49 -0.10313  1.34161e-01 | 50  0.06086 -1.07823e+01 | 51 -0.11423 -1.28539e+00
 52 -0.04573 -1.28407e+00 | 53 -0.09064 -1.18111e-01 | 54 -0.06421 -1.21606e+00
 55 -0.03702 -1.34352e+00 | 56 -0.09232 -8.79102e-01 | 57 -0.05152 -2.14327e-01
 58 -0.00718 -5.12198e-01 | 59 -0.02159  7.51797e-03 | 60 -0.03781 -3.84248e-01
 61 -0.07786  1.83920e-01 | 62 -0.01084 -1.78196e-01 | 63 -0.07682 -3.67308e-01
 64 -0.12112 -1.03641e+00 | 65 -0.05398 -1.17713e+00 | 66 -0.12709 -4.73741e-01
 67 -0.09811 -1.96040e-01 | 68 -0.08220 -4.59049e-01 | 69  0.00019  3.75983e-01
 70 -0.02301  6.50722e-02 | 71 -0.09050 -1.22308e-01 | 72 -0.04273  6.47430e-04
 73 -0.04179 -5.30302e-03 | 74 -0.40567  1.91773e+02 | 75 -0.12596 -4.10742e+01
 76 -0.26812  4.39944e+03 | 77 -1.08876  1.74732e+01 | 78  5.59670 -2.44496e+01
 79  3.58393 -3.67471e+00 | 80  0.30794 -7.26378e-02 | 81 -0.84176 -1.23734e-02
81 variables; iteration 780; function evaluation 908; phase 3
Function value -1.0934831e+02; maximum gradient component mag 5.1943e+03
Var    Value     Gradient |Var    Value     Gradient |Var    Value     Gradient
  1  0.01569  5.19425e+03 |  2 -0.00600  7.60024e+00 |  3 -0.00821  8.69576e+00
  4 -0.02567  8.77358e+00 |  5 -0.02625  1.07233e+01 |  6 -0.02792  1.26037e+01
  7 -0.02970  1.47646e+01 |  8 -0.03227  1.68973e+01 |  9 -0.03407  1.96016e+01
 10 -0.03509  2.28714e+01 | 11 -0.04008  2.45736e+01 | 12 -0.04080  2.86670e+01
 13 -0.04323  3.17857e+01 | 14 -0.04766  3.42792e+01 | 15 -0.05183  3.78893e+01
 16 -0.05476  4.19678e+01 | 17 -0.04532  5.67029e+01 | 18 -0.04345  6.45848e+01
 19 -0.06077  5.55547e+01 | 20 -0.03942  7.77353e+01 | 21 -0.05773  6.44316e+01
 22 -0.02837  8.98085e+01 | 23 -0.05605  6.78374e+01 | 24 -0.05273  7.43228e+01
 25 -0.05874  7.55911e+01 | 26 -0.06052  8.59851e+01 | 27 -0.05932  9.67118e+01
 28 -0.03793  1.31031e+02 | 29 -0.01934  1.65653e+02 | 30 -0.01622  1.88684e+02
 31 -0.12809  6.56065e+01 | 32 -0.16473  3.68564e+01 | 33  0.02926  1.07438e+02
 34 -0.13498  1.78017e+01 | 35 -0.01787  1.48686e+01 | 36 -0.02948  1.63587e+01
 37 -0.05198  1.96686e+01 | 38  0.01691  8.18301e+01 | 39 -0.05314  6.68858e+01
 40 -0.04649  8.85245e+01 | 41 -0.04025  8.94256e+01 | 42 -0.00391  1.29831e+02
 43 -0.02490  9.73351e+01 | 44 -0.03995  7.80714e+01 | 45 -0.04392  5.87508e+01
 46 -0.05202  4.24095e+01 | 47 -0.09812  1.45920e+01 | 48 -0.06829  2.89135e-01
 49 -0.10844  1.33231e+00 | 50  0.06316 -3.45622e+01 | 51 -0.11633 -6.62482e+00
 52 -0.04428 -8.38027e+00 | 53 -0.09275 -3.43530e+00 | 54 -0.06211 -4.14260e+00
 55 -0.03631 -6.63507e+00 | 56 -0.09112 -3.62533e+00 | 57 -0.05027 -2.35846e+00
 58 -0.00712 -2.86519e+00 | 59 -0.02071 -5.91617e-01 | 60 -0.03893 -1.26025e+00
 61 -0.07805 -1.09264e-01 | 62 -0.00948 -2.78685e+00 | 63 -0.07751 -1.94048e+00
 64 -0.12200 -1.66756e+00 | 65 -0.05351 -2.80064e+00 | 66 -0.12810 -1.06623e+00
 67 -0.09939 -5.24150e-01 | 68 -0.08508 -5.08033e-01 | 69  0.00103  5.67442e-01
 70 -0.02290 -6.02376e-01 | 71 -0.08797 -2.17479e-01 | 72 -0.04244 -2.82564e-02
 73 -0.04137  1.84778e-02 | 74 -0.40609  2.47046e+02 | 75 -0.18382 -4.40139e+01
 76 -0.26855  4.07954e+03 | 77 -1.04562  7.75824e+00 | 78  5.60489 -2.05053e+01
 79  3.53440 -2.03796e+00 | 80  0.31436 -1.54242e+00 | 81 -0.28401  6.91832e-01
81 variables; iteration 800; function evaluation 930; phase 3
Function value -1.0996327e+02; maximum gradient component mag -4.3300e+03
Var    Value     Gradient |Var    Value     Gradient |Var    Value     Gradient
  1  0.01578 -4.33001e+03 |  2 -0.00737 -2.92220e+00 |  3 -0.00830 -3.41855e+00
  4 -0.02385 -3.45511e+00 |  5 -0.02578 -4.24494e+00 |  6 -0.02747 -5.03112e+00
  7 -0.02873 -5.77132e+00 |  8 -0.03085 -6.77318e+00 |  9 -0.03334 -7.91322e+00
 10 -0.03498 -8.89459e+00 | 11 -0.03701 -1.00573e+01 | 12 -0.03930 -1.14025e+01
 13 -0.04128 -1.26173e+01 | 14 -0.04440 -1.42322e+01 | 15 -0.04822 -1.59002e+01
 16 -0.04993 -1.75959e+01 | 17 -0.04957 -1.92525e+01 | 18 -0.05217 -2.11540e+01
 19 -0.05686 -2.29071e+01 | 20 -0.05141 -2.33503e+01 | 21 -0.05692 -2.47700e+01
 22 -0.03970 -2.32269e+01 | 23 -0.05596 -2.64017e+01 | 24 -0.05610 -2.85473e+01
 25 -0.05651 -3.21813e+01 | 26 -0.05544 -3.86358e+01 | 27 -0.05241 -4.59685e+01
 28 -0.02482 -6.17989e+01 | 29 -0.03786 -7.33027e+01 | 30 -0.00884 -9.16653e+01
 31 -0.13409 -4.13823e+01 | 32 -0.16167 -3.42021e+01 | 33  0.02912 -1.92722e+02
 34 -0.13703 -6.03264e+01 | 35 -0.01850 -1.67528e+02 | 36 -0.02987 -1.67055e+02
 37 -0.05345 -1.37055e+02 | 38  0.01720 -2.14378e+02 | 39 -0.05491 -1.05544e+02
 40 -0.04643 -9.55484e+01 | 41 -0.04073 -7.88748e+01 | 42 -0.00464 -7.79734e+01
 43 -0.02563 -5.26147e+01 | 44 -0.04138 -3.66218e+01 | 45 -0.04479 -2.94226e+01
 46 -0.05465 -2.21535e+01 | 47 -0.09776 -1.07794e+01 | 48 -0.06700 -7.55493e+00
 49 -0.12209 -6.16125e+00 | 50  0.06660  9.70699e+00 | 51 -0.12007  2.73886e+00
 52 -0.04307  3.87286e+00 | 53 -0.09601  2.53574e+00 | 54 -0.06107  2.86116e+00
 55 -0.03575  3.14253e+00 | 56 -0.09038  2.07285e+00 | 57 -0.05046  2.93121e+00
 58 -0.00752  4.12513e+00 | 59 -0.02079  3.16265e+00 | 60 -0.04006  2.65225e+00
 61 -0.08009  1.61775e+00 | 62 -0.00844  3.21052e+00 | 63 -0.07821  2.23047e+00
 64 -0.12423  1.31224e+00 | 65 -0.05355  2.32681e+00 | 66 -0.12954  1.15089e+00
 67 -0.10189  1.21099e+00 | 68 -0.08983  5.38376e-01 | 69  0.00081  9.26913e-01
 70 -0.02273  9.17058e-01 | 71 -0.08374  7.19749e-02 | 72 -0.04204  9.88957e-03
 73 -0.04126 -6.19485e-04 | 74 -0.40856 -3.30046e+02 | 75 -0.23566  6.46338e+01
 76 -0.26910 -3.44698e+03 | 77 -1.00597 -5.08956e-01 | 78  5.61534  4.62754e+01
 79  3.42749  2.87973e+00 | 80  0.32496 -1.64244e+00 | 81 -0.28400  1.28646e-01
81 variables; iteration 820; function evaluation 953; phase 3
Function value -1.1004474e+02; maximum gradient component mag -2.9371e+02
Var    Value     Gradient |Var    Value     Gradient |Var    Value     Gradient
  1  0.01590 -2.93712e+02 |  2 -0.00705  2.95706e-02 |  3 -0.00806  8.36331e-02
  4 -0.02422  1.00195e-01 |  5 -0.02567  9.09154e-02 |  6 -0.02715  1.22804e-01
  7 -0.02893  1.29947e-01 |  8 -0.03077  1.54086e-01 |  9 -0.03260  2.16446e-01
 10 -0.03452  2.95311e-01 | 11 -0.03684  2.81572e-01 | 12 -0.03877  3.81813e-01
 13 -0.04123  3.31631e-01 | 14 -0.04327  4.34066e-01 | 15 -0.04659  4.80758e-01
 16 -0.04941  2.96995e-01 | 17 -0.05388 -1.41602e-01 | 18 -0.05454  1.69367e-01
 19 -0.05628 -2.97256e-02 | 20 -0.05815 -3.81022e-01 | 21 -0.05889 -6.36934e-01
 22 -0.06127 -1.67988e+00 | 23 -0.05568  1.47895e-01 | 24 -0.05322  9.30438e-01
 25 -0.04945  2.19304e+00 | 26 -0.04736  3.02146e+00 | 27 -0.04469  2.88316e+00
 28 -0.02656  2.93079e+00 | 29 -0.03826 -8.38835e+00 | 30 -0.01332  1.71899e+00
 31 -0.12562 -5.63502e-01 | 32 -0.16306 -5.81750e-01 | 33  0.02878 -7.53643e+00
 34 -0.13707 -3.08760e+00 | 35 -0.01856 -9.53335e+00 | 36 -0.03022 -1.27146e+01
 37 -0.05328 -1.28089e+01 | 38  0.01695 -2.80233e+01 | 39 -0.05489 -1.67594e+01
 40 -0.04664 -1.78281e+01 | 41 -0.04091 -1.69537e+01 | 42 -0.00475 -1.76497e+01
 43 -0.02567 -1.19314e+01 | 44 -0.04146 -6.41599e+00 | 45 -0.04491 -4.09933e+00
 46 -0.05450 -1.19711e+00 | 47 -0.09797  7.90536e-02 | 48 -0.06721  1.87618e+00
 49 -0.12165  1.54423e+00 | 50  0.06625  1.52400e+00 | 51 -0.11998  2.86560e-01
 52 -0.04332  3.81352e-01 | 53 -0.09608  4.43369e-01 | 54 -0.06141  3.13977e-01
 55 -0.03594  4.91040e-01 | 56 -0.09066  3.35128e-01 | 57 -0.05072  5.79964e-01
 58 -0.00772  7.84350e-01 | 59 -0.02095  6.51469e-01 | 60 -0.04017  5.94233e-01
 61 -0.08020  4.40784e-01 | 62 -0.00869  7.21387e-01 | 63 -0.07836  4.74350e-01
 64 -0.12429  2.71822e-01 | 65 -0.05377  5.34712e-01 | 66 -0.12958  3.20032e-01
 67 -0.10201  4.53568e-01 | 68 -0.08977  4.52008e-01 | 69  0.00060  6.14133e-01
 70 -0.02295  3.83094e-01 | 71 -0.08405  6.60683e-02 | 72 -0.04216 -9.45805e-04
 73 -0.04134 -1.20606e-03 | 74 -0.40885 -2.48547e+00 | 75 -0.23447  4.95393e+00
 76 -0.26909 -8.78086e+01 | 77 -1.01338  1.00714e-01 | 78  5.61831 -6.04855e-01
 79  3.37498 -6.12724e-02 | 80  0.32650 -4.46732e+00 | 81 -0.34582  1.68804e-01
81 variables; iteration 840; function evaluation 983; phase 3
Function value -1.1118826e+02; maximum gradient component mag 1.1072e+03
Var    Value     Gradient |Var    Value     Gradient |Var    Value     Gradient
  1  0.01590  1.00432e+03 |  2 -0.00667  2.20548e-01 |  3 -0.00770  2.90762e-01
  4 -0.02397  2.88322e-01 |  5 -0.02539  3.08877e-01 |  6 -0.02661  4.37570e-01
  7 -0.02876  3.72491e-01 |  8 -0.03043  4.77286e-01 |  9 -0.03216  6.07878e-01
 10 -0.03438  6.42716e-01 | 11 -0.03629  7.94849e-01 | 12 -0.03855  8.45781e-01
 13 -0.04101  8.55642e-01 | 14 -0.04252  1.18009e+00 | 15 -0.04572  1.33351e+00
 16 -0.04812  1.36906e+00 | 17 -0.05622 -1.23807e-01 | 18 -0.05447  1.04799e+00
 19 -0.05529  1.21966e+00 | 20 -0.05950  1.75277e-01 | 21 -0.05836  5.55488e-01
 22 -0.06704 -2.44775e+00 | 23 -0.05432  1.85980e+00 | 24 -0.04995  3.50192e+00
 25 -0.05881  1.10100e+00 | 26 -0.04254  7.25014e+00 | 27 -0.03279  9.56133e+00
 28 -0.04130  2.86363e+00 | 29 -0.03452 -9.52866e-01 | 30 -0.01023  1.92591e+01
 31 -0.13430  4.64970e+00 | 32 -0.15861  8.87643e+00 | 33  0.02893  4.81822e+01
 34 -0.13743  1.63374e+01 | 35 -0.01817  4.87658e+01 | 36 -0.03085  4.66542e+01
 37 -0.05306  3.97319e+01 | 38  0.01723  6.67717e+01 | 39 -0.05562  3.36436e+01
 40 -0.04649  3.57973e+01 | 41 -0.04096  3.03219e+01 | 42 -0.00468  3.37127e+01
 43 -0.02573  2.01201e+01 | 44 -0.04149  1.33375e+01 | 45 -0.04483  7.20538e+00
 46 -0.05441  4.70352e+00 | 47 -0.09795  6.47151e-01 | 48 -0.06716 -1.02156e+00
 49 -0.12190 -4.67681e-01 | 50  0.06627 -2.91745e+00 | 51 -0.12005 -5.41960e-01
 52 -0.04320 -8.84527e-01 | 53 -0.09628 -6.55722e-01 | 54 -0.06134 -5.50156e-01
 55 -0.03599 -7.51501e-01 | 56 -0.09064 -4.36204e-01 | 57 -0.05074 -5.32468e-01
 58 -0.00779 -8.54120e-01 | 59 -0.02090 -4.93081e-01 | 60 -0.04024 -6.59563e-01
 61 -0.08019 -1.95808e-01 | 62 -0.00871 -7.38206e-01 | 63 -0.07842 -7.71564e-01
 64 -0.12429 -4.68077e-01 | 65 -0.05386 -6.72898e-01 | 66 -0.12958 -1.54380e-01
 67 -0.10208 -2.05192e-01 | 68 -0.08993 -2.57560e-01 | 69  0.00054 -1.32558e-01
 70 -0.02299 -5.54472e-03 | 71 -0.08417 -1.16253e-02 | 72 -0.04219 -1.69905e-03
 73 -0.04132  8.98866e-03 | 74 -0.41087  1.34610e+02 | 75 -0.24638 -1.86746e+01
 76 -0.26910  1.10716e+03 | 77 -1.00628  5.14950e-01 | 78  5.61947 -1.75790e+01
 79  3.34908 -7.34175e-01 | 80  0.33115 -1.04029e+01 | 81 -0.99118 -4.83770e-02
81 variables; iteration 860; function evaluation 1008; phase 3
Function value -1.1130789e+02; maximum gradient component mag -7.6038e+02
Var    Value     Gradient |Var    Value     Gradient |Var    Value     Gradient
  1  0.01573 -7.60375e+02 |  2 -0.00716 -1.13859e+00 |  3 -0.00831 -1.34574e+00
  4 -0.02471 -1.46557e+00 |  5 -0.02549 -1.57130e+00 |  6 -0.02755 -1.98969e+00
  7 -0.02857 -2.13530e+00 |  8 -0.03077 -2.58158e+00 |  9 -0.03296 -3.02976e+00
 10 -0.03389 -3.14511e+00 | 11 -0.03710 -3.86488e+00 | 12 -0.03780 -3.99272e+00
 13 -0.04106 -4.75143e+00 | 14 -0.04347 -5.33860e+00 | 15 -0.04678 -5.93426e+00
 16 -0.04944 -6.73813e+00 | 17 -0.05240 -7.55099e+00 | 18 -0.05324 -8.01177e+00
 19 -0.05512 -8.67560e+00 | 20 -0.05401 -8.65649e+00 | 21 -0.05771 -9.77931e+00
 22 -0.05025 -8.25543e+00 | 23 -0.05618 -1.01634e+01 | 24 -0.06196 -1.22489e+01
 25 -0.05510 -1.20960e+01 | 26 -0.05528 -1.40161e+01 | 27 -0.02833 -1.28724e+01
 28 -0.04947 -2.08657e+01 | 29 -0.02173 -3.07844e+01 | 30 -0.02059 -2.75060e+01
 31 -0.12043 -1.21421e+01 | 32 -0.16177 -9.52046e+00 | 33  0.02818 -4.43411e+01
 34 -0.13682 -9.85109e+00 | 35 -0.01828 -1.88576e+01 | 36 -0.03091 -4.89376e+00
 37 -0.05204 -3.39881e+00 | 38  0.01636  2.61383e+00 | 39 -0.05491  4.42851e+00
 40 -0.04702  2.61497e-01 | 41 -0.04045 -1.89057e+00 | 42 -0.00524 -4.11246e+00
 43 -0.02610 -4.24194e+00 | 44 -0.04168 -5.79186e+00 | 45 -0.04482 -5.81695e+00
 46 -0.05505 -5.68476e+00 | 47 -0.09807 -4.01041e+00 | 48 -0.06849 -4.34989e+00
 49 -0.11579 -3.45223e+00 | 50  0.06464 -2.18591e+00 | 51 -0.11938 -1.17284e-01
 52 -0.04350  1.02089e-01 | 53 -0.09561  1.57821e-01 | 54 -0.06128  2.91853e-01
 55 -0.03636  2.75269e-01 | 56 -0.09075  1.40943e-01 | 57 -0.05032  3.44303e-01
 58 -0.00785  4.42985e-01 | 59 -0.02119  4.37105e-01 | 60 -0.04040  2.46990e-01
 61 -0.07967  3.04802e-01 | 62 -0.00907  3.37658e-01 | 63 -0.07893  1.54853e-01
 64 -0.12366  1.22678e-01 | 65 -0.05416  5.21078e-02 | 66 -0.12986  5.00181e-02
 67 -0.10174 -6.93265e-03 | 68 -0.08875  4.00706e-02 | 69  0.00056  4.43408e-01
 70 -0.02352  2.48987e-01 | 71 -0.08454  5.93079e-02 | 72 -0.04220  1.67755e-03
 73 -0.04136 -7.53071e-04 | 74 -0.41365 -3.35590e+01 | 75 -0.26347  9.09022e+00
 76 -0.26885 -3.80451e+01 | 77 -1.00376  3.05221e-01 | 78  5.61684  2.70972e-01
 79  3.39951 -7.15928e-02 | 80  0.33119  1.69487e+01 | 81 -0.98576  1.16850e-01
81 variables; iteration 880; function evaluation 1031; phase 3
Function value -1.1137506e+02; maximum gradient component mag 8.4276e+02
Var    Value     Gradient |Var    Value     Gradient |Var    Value     Gradient
  1  0.01579  4.65943e+02 |  2 -0.00679  9.72163e-01 |  3 -0.00805  1.13435e+00
  4 -0.02444  1.15285e+00 |  5 -0.02545  1.46723e+00 |  6 -0.02732  1.62795e+00
  7 -0.02822  2.15321e+00 |  8 -0.03040  2.38205e+00 |  9 -0.03258  2.67589e+00
 10 -0.03398  3.27030e+00 | 11 -0.03672  3.51766e+00 | 12 -0.03818  4.22163e+00
 13 -0.04040  4.66357e+00 | 14 -0.04270  5.18651e+00 | 15 -0.04581  5.87011e+00
 16 -0.04803  6.48230e+00 | 17 -0.04998  7.64591e+00 | 18 -0.05245  7.93600e+00
 19 -0.05434  8.07630e+00 | 20 -0.05716  7.66375e+00 | 21 -0.05779  7.57528e+00
 22 -0.05844  6.90497e+00 | 23 -0.05852  7.51505e+00 | 24 -0.05599  9.19212e+00
 25 -0.05318  1.15311e+01 | 26 -0.04249  1.78551e+01 | 27 -0.04193  1.80595e+01
 28 -0.05419  1.09929e+01 | 29 -0.01591  1.87934e+01 | 30 -0.02035  2.32138e+01
 31 -0.12638  5.50772e+00 | 32 -0.15939  4.13396e+00 | 33  0.02831  6.74130e+00
 34 -0.13730 -1.35312e+00 | 35 -0.01826 -9.14968e+00 | 36 -0.03105 -5.29631e+00
 37 -0.05224 -6.55938e+00 | 38  0.01640 -3.17641e+00 | 39 -0.05505  2.48137e+00
 40 -0.04708  1.63705e+00 | 41 -0.04055  2.91871e+00 | 42 -0.00530  4.95664e+00
 43 -0.02608  6.49267e+00 | 44 -0.04178  4.04972e+00 | 45 -0.04486  4.76113e+00
 46 -0.05505  3.63283e+00 | 47 -0.09817  2.51788e+00 | 48 -0.06845  2.57391e+00
 49 -0.11625 -8.96165e-01 | 50  0.06467 -1.12171e+00 | 51 -0.11950 -3.28885e-01
 52 -0.04354 -5.70676e-01 | 53 -0.09567 -2.42348e-01 | 54 -0.06137 -2.90926e-01
 55 -0.03643 -5.93244e-01 | 56 -0.09082 -2.27761e-01 | 57 -0.05043 -2.66418e-02
 58 -0.00792 -3.48577e-01 | 59 -0.02125 -3.90312e-01 | 60 -0.04043 -5.54128e-01
 61 -0.07979 -3.04310e-01 | 62 -0.00913 -6.56159e-01 | 63 -0.07894 -4.24977e-01
 64 -0.12379 -2.96582e-01 | 65 -0.05420 -6.07389e-01 | 66 -0.12995 -4.31250e-01
 67 -0.10183 -5.29092e-01 | 68 -0.08885 -3.05139e-01 | 69  0.00046 -1.13259e-01
 70 -0.02353  1.43623e-01 | 71 -0.08448  9.49869e-02 | 72 -0.04221  1.02114e-03
 73 -0.04137 -1.13730e-03 | 74 -0.41402  5.68527e+01 | 75 -0.26508 -5.46231e+00
 76 -0.26887  8.42761e+02 | 77 -1.00761  4.78282e-01 | 78  5.61764 -9.88196e+00
 79  3.38512 -4.94660e-01 | 80  0.33119  1.65863e+01 | 81 -0.98371  1.71621e-01
81 variables; iteration 900; function evaluation 1054; phase 3
Function value -1.1149639e+02; maximum gradient component mag 9.4016e+02
Var    Value     Gradient |Var    Value     Gradient |Var    Value     Gradient
  1  0.01583  9.40162e+02 |  2 -0.00704  3.15389e+00 |  3 -0.00829  3.75303e+00
  4 -0.02466  3.92528e+00 |  5 -0.02558  4.79797e+00 |  6 -0.02728  5.60054e+00
  7 -0.02885  6.61403e+00 |  8 -0.03099  7.59310e+00 |  9 -0.03274  8.83864e+00
 10 -0.03460  1.01601e+01 | 11 -0.03726  1.13398e+01 | 12 -0.03852  1.32128e+01
 13 -0.04101  1.45276e+01 | 14 -0.04311  1.62865e+01 | 15 -0.04635  1.81968e+01
 16 -0.04891  2.00101e+01 | 17 -0.05223  2.23067e+01 | 18 -0.05300  2.46409e+01
 19 -0.05476  2.56827e+01 | 20 -0.05418  2.76039e+01 | 21 -0.05501  2.77728e+01
 22 -0.05156  2.89009e+01 | 23 -0.05350  2.95285e+01 | 24 -0.05620  3.00338e+01
 25 -0.05428  3.46439e+01 | 26 -0.04946  4.38081e+01 | 27 -0.05297  4.61930e+01
 28 -0.04156  5.65996e+01 | 29 -0.01276  7.53847e+01 | 30 -0.02831  7.00048e+01
 31 -0.11631  3.30619e+01 | 32 -0.16057  1.95090e+01 | 33  0.02823  6.49298e+01
 34 -0.13721  6.83265e+00 | 35 -0.01811 -1.14498e+01 | 36 -0.03123 -3.26547e+01
 37 -0.05244 -3.82003e+01 | 38  0.01672 -7.97911e+01 | 39 -0.05529 -4.38721e+01
 40 -0.04689 -4.49124e+01 | 41 -0.04070 -3.72505e+01 | 42 -0.00512 -3.64890e+01
 43 -0.02596 -1.88656e+01 | 44 -0.04181 -9.37847e+00 | 45 -0.04491 -2.61775e+00
 46 -0.05507  1.32036e+00 | 47 -0.09803  1.95536e+00 | 48 -0.06788  2.81124e+00
 49 -0.11954  9.30187e-01 | 50  0.06560 -6.79375e-01 | 51 -0.11994 -3.96964e-01
 52 -0.04323 -8.69787e-01 | 53 -0.09612 -6.33902e-01 | 54 -0.06122 -7.70140e-01
 55 -0.03616 -1.01339e+00 | 56 -0.09064 -6.78962e-01 | 57 -0.05053 -9.12296e-01
 58 -0.00785 -1.15967e+00 | 59 -0.02109 -1.05849e+00 | 60 -0.04038 -8.53184e-01
 61 -0.08009 -6.07448e-01 | 62 -0.00884 -1.06744e+00 | 63 -0.07875 -6.05897e-01
 64 -0.12413 -3.74791e-01 | 65 -0.05406 -6.73391e-01 | 66 -0.12992 -3.33784e-01
 67 -0.10212 -3.35771e-01 | 68 -0.08967 -2.82931e-01 | 69  0.00053 -4.93324e-01
 70 -0.02329 -2.48336e-01 | 71 -0.08414 -2.48594e-02 | 72 -0.04215  1.17663e-03
 73 -0.04132  8.11783e-04 | 74 -0.41388  5.52319e+01 | 75 -0.26751 -5.92706e+00
 76 -0.26901  9.05561e+02 | 77 -1.00811  5.01114e-01 | 78  5.61698 -4.09612e+00
 79  3.39792 -1.49442e-01 | 80  0.33118  1.08367e+01 | 81 -0.98937  1.97696e-02
81 variables; iteration 920; function evaluation 1074; phase 3
Function value -1.1155269e+02; maximum gradient component mag -7.7165e+02
Var    Value     Gradient |Var    Value     Gradient |Var    Value     Gradient
  1  0.01594 -7.71653e+02 |  2 -0.00681  1.57885e+00 |  3 -0.00801  1.87503e+00
  4 -0.02415  2.00440e+00 |  5 -0.02552  2.36078e+00 |  6 -0.02715  2.75189e+00
  7 -0.02869  3.27680e+00 |  8 -0.03054  3.80260e+00 |  9 -0.03265  4.33331e+00
 10 -0.03504  4.84572e+00 | 11 -0.03664  5.69676e+00 | 12 -0.03942  6.24381e+00
 13 -0.04070  7.24427e+00 | 14 -0.04278  8.14028e+00 | 15 -0.04610  9.07443e+00
 16 -0.04761  1.02908e+01 | 17 -0.05067  1.14523e+01 | 18 -0.05417  1.15972e+01
 19 -0.05413  1.26826e+01 | 20 -0.05838  1.17640e+01 | 21 -0.05566  1.31181e+01
 22 -0.05512  1.28087e+01 | 23 -0.05552  1.34897e+01 | 24 -0.05254  1.57888e+01
 25 -0.04580  2.05032e+01 | 26 -0.05606  1.88828e+01 | 27 -0.05160  2.32231e+01
 28 -0.04632  2.65958e+01 | 29 -0.00790  4.03961e+01 | 30 -0.03164  3.18499e+01
 31 -0.11552  1.50049e+01 | 32 -0.15884  8.04677e+00 | 33  0.02816  9.61098e+00
 34 -0.13752 -9.64679e+00 | 35 -0.01809 -5.39433e+01 | 36 -0.03130 -7.51167e+01
 37 -0.05302 -7.18283e+01 | 38  0.01706 -1.33722e+02 | 39 -0.05570 -7.36514e+01
 40 -0.04676 -7.42218e+01 | 41 -0.04094 -6.67908e+01 | 42 -0.00503 -7.30030e+01
 43 -0.02591 -4.83486e+01 | 44 -0.04190 -3.35139e+01 | 45 -0.04494 -2.36376e+01
 46 -0.05502 -1.59829e+01 | 47 -0.09810 -7.05479e+00 | 48 -0.06743 -4.31414e+00
 49 -0.12214 -2.09272e+00 | 50  0.06610  2.25913e+00 | 51 -0.12014  7.34495e-01
 52 -0.04315  6.35555e-01 | 53 -0.09641  1.65576e-01 | 54 -0.06135  2.22733e-01
 55 -0.03611  3.94660e-01 | 56 -0.09066  3.47720e-01 | 57 -0.05079  2.17546e-01
 58 -0.00792  1.26036e-01 | 59 -0.02112 -2.00781e-01 | 60 -0.04036 -1.06361e-01
 61 -0.08045 -9.14610e-02 | 62 -0.00882  2.98630e-02 | 63 -0.07860 -4.45010e-02
 64 -0.12455 -1.22040e-01 | 65 -0.05408 -9.95096e-02 | 66 -0.13003 -2.41444e-01
 67 -0.10242 -4.13455e-01 | 68 -0.09031 -3.33077e-01 | 69  0.00038 -3.54105e-01
 70 -0.02320 -3.21930e-02 | 71 -0.08382  2.32161e-02 | 72 -0.04217  8.05050e-04
 73 -0.04133  2.73650e-03 | 74 -0.41583 -1.17721e+02 | 75 -0.28069  1.96582e+01
 76 -0.26910 -6.18338e+02 | 77 -1.00768  5.10621e-02 | 78  5.61770  1.46019e+01
 79  3.38542  7.75495e-01 | 80  0.33116 -3.04628e+00 | 81 -0.99064 -2.29201e-02
81 variables; iteration 940; function evaluation 1095; phase 3
Function value -1.1158545e+02; maximum gradient component mag -1.0434e+03
Var    Value     Gradient |Var    Value     Gradient |Var    Value     Gradient
  1  0.01590 -1.04344e+03 |  2 -0.00661 -6.84481e-01 |  3 -0.00776 -8.28385e-01
  4 -0.02408 -9.08742e-01 |  5 -0.02570 -1.15397e+00 |  6 -0.02687 -1.26140e+00
  7 -0.02874 -1.53047e+00 |  8 -0.03055 -1.77076e+00 |  9 -0.03234 -2.00252e+00
 10 -0.03494 -2.42529e+00 | 11 -0.03672 -2.64421e+00 | 12 -0.03957 -3.16272e+00
 13 -0.04143 -3.44464e+00 | 14 -0.04346 -3.77204e+00 | 15 -0.04709 -4.26065e+00
 16 -0.04902 -4.68872e+00 | 17 -0.05160 -5.16854e+00 | 18 -0.05359 -5.74995e+00
 19 -0.05415 -5.95626e+00 | 20 -0.05538 -6.40629e+00 | 21 -0.05449 -6.39456e+00
 22 -0.05683 -7.29673e+00 | 23 -0.05327 -6.90917e+00 | 24 -0.05035 -6.99145e+00
 25 -0.05022 -8.01954e+00 | 26 -0.05482 -1.03660e+01 | 27 -0.04631 -1.02706e+01
 28 -0.05571 -1.46487e+01 | 29 -0.00276 -1.87432e+01 | 30 -0.03481 -2.05783e+01
 31 -0.11322 -9.96214e+00 | 32 -0.15788 -7.29976e+00 | 33  0.02803 -3.93396e+01
 34 -0.13721 -1.14151e+01 | 35 -0.01799 -2.78925e+01 | 36 -0.03117 -2.78139e+01
 37 -0.05313 -2.28015e+01 | 38  0.01737 -3.96593e+01 | 39 -0.05585 -2.42136e+01
 40 -0.04650 -2.43398e+01 | 41 -0.04094 -2.43176e+01 | 42 -0.00483 -2.79983e+01
 43 -0.02590 -2.15584e+01 | 44 -0.04172 -1.52040e+01 | 45 -0.04488 -1.26025e+01
 46 -0.05491 -9.40089e+00 | 47 -0.09798 -4.96442e+00 | 48 -0.06722 -4.59862e+00
 49 -0.12291 -1.02073e+00 | 50  0.06636 -3.10109e-02 | 51 -0.12010  2.16536e-01
 52 -0.04294  5.91605e-01 | 53 -0.09639  4.65469e-01 | 54 -0.06124  5.42474e-01
 55 -0.03597  5.87694e-01 | 56 -0.09058  3.52216e-01 | 57 -0.05071  4.65711e-01
 58 -0.00788  5.29680e-01 | 59 -0.02095  4.85159e-01 | 60 -0.04029  3.43905e-01
 61 -0.08044  3.07902e-01 | 62 -0.00873  4.75085e-01 | 63 -0.07843  3.39878e-01
 64 -0.12456  2.36460e-01 | 65 -0.05405  3.58901e-01 | 66 -0.12997  2.10138e-01
 67 -0.10243  2.81837e-01 | 68 -0.09053  2.42670e-01 | 69  0.00044  3.87650e-01
 70 -0.02308  1.94846e-01 | 71 -0.08366  1.04742e-02 | 72 -0.04214  1.71786e-03
 73 -0.04131  3.58890e-03 | 74 -0.41829 -7.48815e+01 | 75 -0.29931  1.28134e+01
 76 -0.26913 -8.16291e+02 | 77 -1.00395  1.88236e-01 | 78  5.61822  8.72515e+00
 79  3.37565  3.50472e-01 | 80  0.33115 -1.00362e+01 | 81 -0.99184 -6.91859e-02
81 variables; iteration 960; function evaluation 1115; phase 3
Function value -1.1159815e+02; maximum gradient component mag -3.5828e+02
Var    Value     Gradient |Var    Value     Gradient |Var    Value     Gradient
  1  0.01594 -3.58282e+02 |  2 -0.00695  2.78604e-01 |  3 -0.00793  3.82885e-01
  4 -0.02361  5.44076e-01 |  5 -0.02547  4.77245e-01 |  6 -0.02679  6.16162e-01
  7 -0.02899  5.70299e-01 |  8 -0.03050  7.64756e-01 |  9 -0.03248  8.69206e-01
 10 -0.03527  7.82262e-01 | 11 -0.03665  1.13320e+00 | 12 -0.03980  9.97759e-01
 13 -0.04133  1.29069e+00 | 14 -0.04388  1.36042e+00 | 15 -0.04734  1.50981e+00
 16 -0.04870  1.92867e+00 | 17 -0.05194  2.05572e+00 | 18 -0.05305  2.37015e+00
 19 -0.05315  2.79783e+00 | 20 -0.05489  2.52659e+00 | 21 -0.05371  2.88594e+00
 22 -0.05609  1.68264e+00 | 23 -0.05318  2.70047e+00 | 24 -0.05179  3.14787e+00
 25 -0.05090  3.63965e+00 | 26 -0.05222  3.95244e+00 | 27 -0.05215  4.53828e+00
 28 -0.05257  3.99085e+00 | 29 -0.00176  1.22487e+01 | 30 -0.03634  4.25408e+00
 31 -0.11251  3.12480e+00 | 32 -0.15741  1.38365e+00 | 33  0.02806 -6.05868e+00
 34 -0.13713 -4.24272e+00 | 35 -0.01802 -1.64650e+01 | 36 -0.03109 -2.20336e+01
 37 -0.05346 -2.10038e+01 | 38  0.01762 -4.11171e+01 | 39 -0.05602 -2.61622e+01
 40 -0.04638 -2.45914e+01 | 41 -0.04103 -2.33823e+01 | 42 -0.00474 -2.57019e+01
 43 -0.02580 -1.81128e+01 | 44 -0.04171 -1.10416e+01 | 45 -0.04488 -8.04728e+00
 46 -0.05481 -4.87077e+00 | 47 -0.09796 -1.71164e+00 | 48 -0.06687 -1.52554e+00
 49 -0.12455 -4.15583e-01 | 50  0.06676  1.16335e+00 | 51 -0.12027  2.69684e-01
 52 -0.04283  3.65420e-01 | 53 -0.09653  2.54914e-01 | 54 -0.06126  2.40330e-01
 55 -0.03586  4.03965e-01 | 56 -0.09053  2.70021e-01 | 57 -0.05080  3.15545e-01
 58 -0.00784  4.05647e-01 | 59 -0.02090  2.77102e-01 | 60 -0.04021  2.03309e-01
 61 -0.08059  1.13224e-01 | 62 -0.00862  1.85731e-01 | 63 -0.07831  1.28188e-01
 64 -0.12471  9.32741e-02 | 65 -0.05399  1.19827e-01 | 66 -0.12993  6.54525e-02
 67 -0.10254  6.75259e-02 | 68 -0.09084  3.62790e-02 | 69  0.00043  9.07754e-02
 70 -0.02294  1.48723e-01 | 71 -0.08339  4.43782e-02 | 72 -0.04213  6.20743e-04
 73 -0.04132 -3.91648e-04 | 74 -0.41838 -1.11074e+01 | 75 -0.30023  4.15283e+00
 76 -0.26919 -2.97784e+02 | 77 -1.00512  2.28030e-01 | 78  5.61818  3.10789e+00
 79  3.37668  1.06337e-01 | 80  0.33114 -1.16970e+01 | 81 -0.99161 -6.03520e-02
81 variables; iteration 980; function evaluation 1135; phase 3
Function value -1.1163929e+02; maximum gradient component mag -9.4607e+02
Var    Value     Gradient |Var    Value     Gradient |Var    Value     Gradient
  1  0.01602 -9.46066e+02 |  2 -0.00697 -1.18648e+00 |  3 -0.00814 -1.41731e+00
  4 -0.02433 -1.49097e+00 |  5 -0.02569 -1.76792e+00 |  6 -0.02726 -2.08657e+00
  7 -0.02901 -2.44978e+00 |  8 -0.03090 -2.85157e+00 |  9 -0.03287 -3.28117e+00
 10 -0.03498 -3.73761e+00 | 11 -0.03714 -4.23485e+00 | 12 -0.03945 -4.80726e+00
 13 -0.04148 -5.33986e+00 | 14 -0.04377 -5.95621e+00 | 15 -0.04725 -6.64795e+00
 16 -0.04935 -7.39628e+00 | 17 -0.05224 -8.29800e+00 | 18 -0.05367 -9.01138e+00
 19 -0.05468 -9.55012e+00 | 20 -0.05479 -9.93786e+00 | 21 -0.05429 -1.01921e+01
 22 -0.05221 -1.00722e+01 | 23 -0.05175 -1.08504e+01 | 24 -0.05031 -1.17993e+01
 25 -0.05010 -1.34115e+01 | 26 -0.05084 -1.58210e+01 | 27 -0.06020 -1.91520e+01
 28 -0.05190 -2.12794e+01 | 29  0.00212 -3.08948e+01 | 30 -0.04052 -3.11962e+01
 31 -0.10935 -1.45920e+01 | 32 -0.15886 -1.02466e+01 | 33  0.02850 -4.55441e+01
 34 -0.13706 -1.08148e+01 | 35 -0.01779 -2.23571e+01 | 36 -0.03088 -1.64676e+01
 37 -0.05368 -1.10123e+01 | 38  0.01790 -1.45995e+01 | 39 -0.05543 -7.01758e+00
 40 -0.04656 -7.35138e+00 | 41 -0.04090 -7.44918e+00 | 42 -0.00438 -9.13114e+00
 43 -0.02529 -7.66495e+00 | 44 -0.04138 -6.24484e+00 | 45 -0.04456 -5.82609e+00
 46 -0.05378 -4.75632e+00 | 47 -0.09812 -2.80167e+00 | 48 -0.06640 -2.46311e+00
 49 -0.12422 -7.28538e-01 | 50  0.06671  3.64564e-01 | 51 -0.11968  2.11016e-01
 52 -0.04285  4.61034e-01 | 53 -0.09598  3.27251e-01 | 54 -0.06164  4.22746e-01
 55 -0.03582  5.00764e-01 | 56 -0.09070  3.21982e-01 | 57 -0.05106  4.52852e-01
 58 -0.00768  5.89612e-01 | 59 -0.02088  5.19868e-01 | 60 -0.03969  4.33713e-01
 61 -0.08054  3.31541e-01 | 62 -0.00877  5.49063e-01 | 63 -0.07782  2.95885e-01
 64 -0.12455  1.91552e-01 | 65 -0.05393  3.35895e-01 | 66 -0.12957  1.74165e-01
 67 -0.10216  1.98476e-01 | 68 -0.09029  1.64972e-01 | 69  0.00036  2.76579e-01
 70 -0.02273  1.13987e-01 | 71 -0.08430  4.45143e-04 | 72 -0.04221  2.41216e-05
 73 -0.04138  1.47401e-04 | 74 -0.42085 -7.59432e+01 | 75 -0.31030  1.18274e+01
 76 -0.26919 -7.15180e+02 | 77 -1.01163 -1.44396e-01 | 78  5.61741  8.40942e+00
 79  3.39116  3.31354e-01 | 80  0.33116 -5.05273e-01 | 81 -0.98961  6.06516e-03
81 variables; iteration 1000; function evaluation 1155; phase 3
Function value -1.1164518e+02; maximum gradient component mag -6.4334e+02
Var    Value     Gradient |Var    Value     Gradient |Var    Value     Gradient
  1  0.01604 -6.43340e+02 |  2 -0.00689 -9.90759e-01 |  3 -0.00812 -1.20116e+00
  4 -0.02445 -1.30093e+00 |  5 -0.02570 -1.50596e+00 |  6 -0.02721 -1.76426e+00
  7 -0.02893 -2.06543e+00 |  8 -0.03087 -2.42063e+00 |  9 -0.03280 -2.77610e+00
 10 -0.03491 -3.16140e+00 | 11 -0.03721 -3.62188e+00 | 12 -0.03937 -4.07219e+00
 13 -0.04139 -4.52016e+00 | 14 -0.04374 -5.06098e+00 | 15 -0.04706 -5.60773e+00
 16 -0.04942 -6.31282e+00 | 17 -0.05210 -7.02343e+00 | 18 -0.05298 -7.49102e+00
 19 -0.05444 -8.06195e+00 | 20 -0.05467 -8.39983e+00 | 21 -0.05470 -8.72993e+00
 22 -0.05211 -8.47021e+00 | 23 -0.05226 -9.26022e+00 | 24 -0.05159 -1.01958e+01
 25 -0.05000 -1.13137e+01 | 26 -0.05238 -1.36845e+01 | 27 -0.05509 -1.58526e+01
 28 -0.05689 -1.87241e+01 | 29  0.00426 -2.52173e+01 | 30 -0.04228 -2.67305e+01
 31 -0.10827 -1.17609e+01 | 32 -0.15887 -8.26640e+00 | 33  0.02854 -3.53761e+01
 34 -0.13708 -7.69694e+00 | 35 -0.01775 -1.36861e+01 | 36 -0.03084 -7.43369e+00
 37 -0.05384 -3.21157e+00 | 38  0.01803  2.00715e-01 | 39 -0.05541  1.49498e+00
 40 -0.04655  1.45643e+00 | 41 -0.04091  7.62108e-01 | 42 -0.00431  1.45533e-01
 43 -0.02519 -8.01262e-01 | 44 -0.04136 -1.78819e+00 | 45 -0.04451 -2.29165e+00
 46 -0.05363 -2.29873e+00 | 47 -0.09814 -1.61757e+00 | 48 -0.06622 -1.53740e+00
 49 -0.12480 -5.98506e-01 | 50  0.06683 -3.64237e-01 | 51 -0.11965  2.94932e-02
 52 -0.04281  1.46726e-01 | 53 -0.09597  1.38138e-01 | 54 -0.06169  2.11204e-01
 55 -0.03580  2.12312e-01 | 56 -0.09071  1.68773e-01 | 57 -0.05113  2.79358e-01
 58 -0.00767  4.06933e-01 | 59 -0.02086  3.75821e-01 | 60 -0.03960  3.40443e-01
 61 -0.08059  2.78698e-01 | 62 -0.00877  4.63097e-01 | 63 -0.07771  2.43153e-01
 64 -0.12460  1.61237e-01 | 65 -0.05392  2.78428e-01 | 66 -0.12954  1.22197e-01
 67 -0.10218  1.41654e-01 | 68 -0.09037  1.34995e-01 | 69  0.00033  2.17042e-01
 70 -0.02267  6.48670e-02 | 71 -0.08433 -4.02984e-03 | 72 -0.04222 -8.81310e-04
 73 -0.04139  1.42067e-04 | 74 -0.42181 -4.00965e+01 | 75 -0.31751  7.22318e+00
 76 -0.26921 -4.48817e+02 | 77 -1.01139 -2.30725e-02 | 78  5.61750  4.72005e+00
 79  3.38936  1.37730e-01 | 80  0.33117  1.31164e+00 | 81 -0.98897  2.56067e-02
81 variables; iteration 1020; function evaluation 1176; phase 3
Function value -1.1165091e+02; maximum gradient component mag -1.4603e+03
Var    Value     Gradient |Var    Value     Gradient |Var    Value     Gradient
  1  0.01612 -1.46033e+03 |  2 -0.00704 -2.00665e+00 |  3 -0.00821 -2.39518e+00
  4 -0.02446 -2.53913e+00 |  5 -0.02552 -2.92858e+00 |  6 -0.02720 -3.49104e+00
  7 -0.02873 -4.04171e+00 |  8 -0.03085 -4.76724e+00 |  9 -0.03289 -5.50830e+00
 10 -0.03496 -6.26303e+00 | 11 -0.03708 -7.09676e+00 | 12 -0.03935 -8.03080e+00
 13 -0.04178 -9.01828e+00 | 14 -0.04416 -1.00699e+01 | 15 -0.04762 -1.12069e+01
 16 -0.05050 -1.26152e+01 | 17 -0.05197 -1.38440e+01 | 18 -0.05403 -1.51814e+01
 19 -0.05416 -1.59151e+01 | 20 -0.05496 -1.67824e+01 | 21 -0.05394 -1.71622e+01
 22 -0.05074 -1.68995e+01 | 23 -0.05187 -1.83942e+01 | 24 -0.05261 -2.03032e+01
 25 -0.05021 -2.25887e+01 | 26 -0.05092 -2.64897e+01 | 27 -0.05555 -3.00828e+01
 28 -0.05852 -3.44210e+01 | 29  0.00567 -5.45261e+01 | 30 -0.04314 -4.91048e+01
 31 -0.10812 -2.56443e+01 | 32 -0.15907 -1.78167e+01 | 33  0.02885 -7.98306e+01
 34 -0.13707 -1.87383e+01 | 35 -0.01771 -3.79358e+01 | 36 -0.03062 -2.51998e+01
 37 -0.05432 -1.52991e+01 | 38  0.01837 -1.75212e+01 | 39 -0.05523 -5.66630e+00
 40 -0.04658 -6.79070e+00 | 41 -0.04094 -5.91939e+00 | 42 -0.00405 -7.58919e+00
 43 -0.02487 -5.92348e+00 | 44 -0.04120 -5.23765e+00 | 45 -0.04436 -4.71052e+00
 46 -0.05306 -3.89099e+00 | 47 -0.09820 -2.18623e+00 | 48 -0.06557 -1.21075e+00
 49 -0.12672 -1.03232e-01 | 50  0.06728  1.30468e+00 | 51 -0.11958  3.80842e-01
 52 -0.04272  6.82116e-01 | 53 -0.09592  3.75856e-01 | 54 -0.06188  4.93311e-01
 55 -0.03566  5.91456e-01 | 56 -0.09075  4.33912e-01 | 57 -0.05137  6.64811e-01
 58 -0.00758  9.76642e-01 | 59 -0.02079  8.52771e-01 | 60 -0.03931  7.49471e-01
 61 -0.08076  5.47043e-01 | 62 -0.00875  9.53274e-01 | 63 -0.07733  5.44059e-01
 64 -0.12473  3.52646e-01 | 65 -0.05383  6.25350e-01 | 66 -0.12932  3.41264e-01
 67 -0.10213  4.24666e-01 | 68 -0.09053  3.86384e-01 | 69  0.00028  6.00489e-01
 70 -0.02242  2.57541e-01 | 71 -0.08443  2.18495e-02 | 72 -0.04223  1.94953e-04
 73 -0.04143 -1.69893e-03 | 74 -0.42277 -1.42290e+02 | 75 -0.32202  1.81677e+01
 76 -0.26928 -1.30729e+03 | 77 -1.01581 -6.25818e-01 | 78  5.61733  1.49818e+01
 79  3.39313  6.62790e-01 | 80  0.33117  5.89311e+00 | 81 -0.98733  7.16803e-02
81 variables; iteration 1040; function evaluation 1198; phase 3
Function value -1.1168706e+02; maximum gradient component mag 3.2717e+03
Var    Value     Gradient |Var    Value     Gradient |Var    Value     Gradient
  1  0.01620  3.27173e+03 |  2 -0.00684  3.28780e+00 |  3 -0.00806  3.91285e+00
  4 -0.02459  4.04468e+00 |  5 -0.02574  4.86381e+00 |  6 -0.02727  5.73751e+00
  7 -0.02911  6.68331e+00 |  8 -0.03071  7.86483e+00 |  9 -0.03272  9.04916e+00
 10 -0.03460  1.03888e+01 | 11 -0.03704  1.16740e+01 | 12 -0.03893  1.33368e+01
 13 -0.04123  1.47459e+01 | 14 -0.04388  1.62794e+01 | 15 -0.04705  1.82409e+01
 16 -0.04968  2.00494e+01 | 17 -0.05264  2.25428e+01 | 18 -0.05390  2.47121e+01
 19 -0.05428  2.64977e+01 | 20 -0.05478  2.78665e+01 | 21 -0.05474  2.85204e+01
 22 -0.05380  2.83037e+01 | 23 -0.05248  3.08124e+01 | 24 -0.05278  3.29296e+01
 25 -0.05314  3.65101e+01 | 26 -0.05145  4.44260e+01 | 27 -0.05039  5.12485e+01
 28 -0.05311  5.50179e+01 | 29 -0.00154  1.02649e+02 | 30 -0.03581  8.56006e+01
 31 -0.11281  5.00805e+01 | 32 -0.16042  3.43028e+01 | 33  0.02929  1.65970e+02
 34 -0.13738  4.47105e+01 | 35 -0.01783  1.04412e+02 | 36 -0.03057  8.75868e+01
 37 -0.05486  6.32978e+01 | 38  0.01864  9.47944e+01 | 39 -0.05562  4.53292e+01
 40 -0.04639  4.27845e+01 | 41 -0.04124  3.64201e+01 | 42 -0.00394  3.93917e+01
 43 -0.02481  2.64476e+01 | 44 -0.04125  1.88243e+01 | 45 -0.04445  1.47448e+01
 46 -0.05300  1.11847e+01 | 47 -0.09825  5.44957e+00 | 48 -0.06501  3.87130e+00
 49 -0.12988 -2.41790e-01 | 50  0.06792 -2.44477e+00 | 51 -0.12010 -8.10014e-01
 52 -0.04263 -1.43745e+00 | 53 -0.09633 -9.56454e-01 | 54 -0.06191 -1.19273e+00
 55 -0.03556 -1.44866e+00 | 56 -0.09073 -9.09821e-01 | 57 -0.05155 -1.16266e+00
 58 -0.00762 -1.51352e+00 | 59 -0.02073 -1.28806e+00 | 60 -0.03935 -1.04108e+00
 61 -0.08106 -7.69767e-01 | 62 -0.00862 -1.35346e+00 | 63 -0.07722 -8.49471e-01
 64 -0.12507 -6.17094e-01 | 65 -0.05375 -1.04106e+00 | 66 -0.12932 -5.79477e-01
 67 -0.10237 -6.37526e-01 | 68 -0.09116 -5.58852e-01 | 69  0.00023 -7.67965e-01
 70 -0.02230 -4.13170e-01 | 71 -0.08424 -5.14071e-02 | 72 -0.04224 -1.96077e-03
 73 -0.04143 -2.07850e-03 | 74 -0.42112  3.73155e+02 | 75 -0.30890 -4.16689e+01
 76 -0.26936  3.13446e+03 | 77 -1.02265  2.62266e+00 | 78  5.61742 -3.71123e+01
 79  3.39172 -1.93154e+00 | 80  0.33116 -1.07607e+00 | 81 -0.98962  6.21783e-03
81 variables; iteration 1060; function evaluation 1219; phase 3
Function value -1.1170824e+02; maximum gradient component mag -6.3217e+02
Var    Value     Gradient |Var    Value     Gradient |Var    Value     Gradient
  1  0.01624 -5.88671e+02 |  2 -0.00709 -3.14869e-01 |  3 -0.00824 -3.64437e-01
  4 -0.02455 -4.05836e-01 |  5 -0.02562 -3.96056e-01 |  6 -0.02740 -5.30706e-01
  7 -0.02883 -5.33221e-01 |  8 -0.03093 -6.87386e-01 |  9 -0.03293 -7.94285e-01
 10 -0.03466 -7.96860e-01 | 11 -0.03717 -1.00352e+00 | 12 -0.03892 -1.00025e+00
 13 -0.04132 -1.20172e+00 | 14 -0.04357 -1.33516e+00 | 15 -0.04702 -1.49991e+00
 16 -0.04928 -1.71399e+00 | 17 -0.05179 -1.78973e+00 | 18 -0.05335 -1.95322e+00
 19 -0.05534 -2.35520e+00 | 20 -0.05455 -2.05318e+00 | 21 -0.05555 -2.47199e+00
 22 -0.05141 -1.65984e+00 | 23 -0.05383 -2.60802e+00 | 24 -0.05453 -3.24888e+00
 25 -0.05414 -3.69469e+00 | 26 -0.05155 -3.70516e+00 | 27 -0.04817 -4.04276e+00
 28 -0.05196 -7.50325e+00 | 29 -0.00508 -8.52951e+00 | 30 -0.03124 -1.06449e+01
 31 -0.11721 -5.74316e+00 | 32 -0.16109 -5.08918e+00 | 33  0.02974 -2.63287e+01
 34 -0.13779 -8.93477e+00 | 35 -0.01772 -2.55107e+01 | 36 -0.03045 -2.38645e+01
 37 -0.05491 -1.95253e+01 | 38  0.01865 -3.20282e+01 | 39 -0.05524 -1.45964e+01
 40 -0.04660 -1.56696e+01 | 41 -0.04108 -1.29836e+01 | 42 -0.00386 -1.40486e+01
 43 -0.02457 -8.23462e+00 | 44 -0.04112 -6.15831e+00 | 45 -0.04427 -3.94865e+00
 46 -0.05249 -2.56937e+00 | 47 -0.09834 -1.04783e+00 | 48 -0.06502  7.38421e-02
 49 -0.12840  3.47434e-01 | 50  0.06759  5.97884e-01 | 51 -0.11960  7.91598e-02
 52 -0.04278  1.53002e-01 | 53 -0.09589  5.69544e-02 | 54 -0.06219  1.41534e-01
 55 -0.03562  1.42819e-01 | 56 -0.09088  1.06240e-01 | 57 -0.05169  1.21275e-01
 58 -0.00755  1.65121e-01 | 59 -0.02080  1.27920e-01 | 60 -0.03910  9.59603e-02
 61 -0.08094  6.19112e-02 | 62 -0.00881  8.89948e-02 | 63 -0.07703  4.66992e-02
 64 -0.12485  6.16907e-02 | 65 -0.05378  9.89600e-02 | 66 -0.12910  7.37240e-02
 67 -0.10209  8.21955e-02 | 68 -0.09058  9.12656e-02 | 69  0.00015  6.60557e-02
 70 -0.02225  3.57859e-02 | 71 -0.08475  4.96442e-03 | 72 -0.04228  6.08583e-04
 73 -0.04148 -5.28228e-04 | 74 -0.42182 -7.99428e+01 | 75 -0.30843  1.16685e+01
 76 -0.26932 -6.32168e+02 | 77 -1.02873 -5.76122e-01 | 78  5.61661  9.73757e+00
 79  3.40614  5.04587e-01 | 80  0.33118  8.79855e+00 | 81 -0.98780  5.87475e-02
81 variables; iteration 1080; function evaluation 1241; phase 3
Function value -1.1173033e+02; maximum gradient component mag -6.1319e+01
Var    Value     Gradient |Var    Value     Gradient |Var    Value     Gradient
  1  0.01616 -2.12376e+01 |  2 -0.00697  5.33251e-01 |  3 -0.00809  6.53333e-01
  4 -0.02444  6.55683e-01 |  5 -0.02560  8.37086e-01 |  6 -0.02729  9.43171e-01
  7 -0.02884  1.15749e+00 |  8 -0.03073  1.33217e+00 |  9 -0.03280  1.50539e+00
 10 -0.03458  1.81622e+00 | 11 -0.03702  1.96904e+00 | 12 -0.03884  2.34602e+00
 13 -0.04121  2.53018e+00 | 14 -0.04368  2.75278e+00 | 15 -0.04705  3.07531e+00
 16 -0.04920  3.41768e+00 | 17 -0.05175  3.98346e+00 | 18 -0.05342  4.29472e+00
 19 -0.05501  4.35078e+00 | 20 -0.05498  4.79803e+00 | 21 -0.05559  4.64495e+00
 22 -0.05223  5.35159e+00 | 23 -0.05454  4.78145e+00 | 24 -0.05522  4.74390e+00
 25 -0.05499  5.29581e+00 | 26 -0.05213  7.30373e+00 | 27 -0.04665  9.43412e+00
 28 -0.04330  8.83656e+00 | 29 -0.01539  1.06043e+01 | 30 -0.02319  1.29430e+01
 31 -0.12310  2.98620e+00 | 32 -0.16121  1.38209e+00 | 33  0.02973  4.75561e-01
 34 -0.13804 -2.87737e+00 | 35 -0.01775 -1.35195e+01 | 36 -0.03060 -1.59773e+01
 37 -0.05448 -1.44689e+01 | 38  0.01839 -2.57267e+01 | 39 -0.05537 -1.26654e+01
 40 -0.04655 -1.27758e+01 | 41 -0.04102 -1.06869e+01 | 42 -0.00405 -1.07327e+01
 43 -0.02486 -5.80453e+00 | 44 -0.04122 -3.42173e+00 | 45 -0.04437 -1.59551e+00
 46 -0.05298 -4.31419e-01 | 47 -0.09825 -1.35977e-01 | 48 -0.06548  2.57970e-02
 49 -0.12720 -2.87641e-01 | 50  0.06732 -5.38254e-01 | 51 -0.11971 -1.57989e-01
 52 -0.04278 -2.43880e-01 | 53 -0.09601 -1.70678e-01 | 54 -0.06198 -1.46445e-01
 55 -0.03571 -2.02489e-01 | 56 -0.09081 -1.21886e-01 | 57 -0.05148 -1.85300e-01
 58 -0.00763 -2.67780e-01 | 59 -0.02083 -2.42836e-01 | 60 -0.03934 -2.24492e-01
 61 -0.08085 -1.47645e-01 | 62 -0.00880 -2.57706e-01 | 63 -0.07733 -1.79107e-01
 64 -0.12480 -1.03486e-01 | 65 -0.05387 -1.99235e-01 | 66 -0.12932 -1.14592e-01
 67 -0.10219 -1.41365e-01 | 68 -0.09061 -9.69406e-02 | 69  0.00019 -1.35100e-01
 70 -0.02245 -7.52903e-02 | 71 -0.08453 -7.42187e-03 | 72 -0.04226 -3.37055e-04
 73 -0.04145 -1.64605e-04 | 74 -0.42232 -1.64925e+01 | 75 -0.31728  4.14208e+00
 76 -0.26929 -6.13189e+01 | 77 -1.02258  4.44870e-02 | 78  5.61692  2.81399e+00
 79  3.40083  1.36558e-01 | 80  0.33117  3.94310e+00 | 81 -0.98893  2.49962e-02
81 variables; iteration 1100; function evaluation 1262; phase 3
Function value -1.1173823e+02; maximum gradient component mag -5.5223e+02
Var    Value     Gradient |Var    Value     Gradient |Var    Value     Gradient
  1  0.01617 -5.52232e+02 |  2 -0.00696 -6.09962e-01 |  3 -0.00813 -7.30307e-01
  4 -0.02449 -8.07649e-01 |  5 -0.02569 -9.09452e-01 |  6 -0.02733 -1.09716e+00
  7 -0.02894 -1.24628e+00 |  8 -0.03087 -1.46890e+00 |  9 -0.03299 -1.72882e+00
 10 -0.03481 -1.88905e+00 | 11 -0.03718 -2.19960e+00 | 12 -0.03912 -2.42308e+00
 13 -0.04143 -2.73770e+00 | 14 -0.04397 -3.12862e+00 | 15 -0.04725 -3.45262e+00
 16 -0.04920 -3.78754e+00 | 17 -0.05240 -4.32477e+00 | 18 -0.05380 -4.65637e+00
 19 -0.05467 -4.88767e+00 | 20 -0.05522 -5.11432e+00 | 21 -0.05603 -5.52743e+00
 22 -0.05312 -5.09003e+00 | 23 -0.05439 -5.84356e+00 | 24 -0.05346 -6.27222e+00
 25 -0.05323 -7.11888e+00 | 26 -0.05388 -8.57592e+00 | 27 -0.04956 -9.32582e+00
 28 -0.03601 -1.07997e+01 | 29 -0.02018 -1.87340e+01 | 30 -0.02133 -1.59912e+01
 31 -0.12356 -8.92729e+00 | 32 -0.16127 -6.32876e+00 | 33  0.02975 -2.80720e+01
 34 -0.13804 -7.29207e+00 | 35 -0.01771 -1.67325e+01 | 36 -0.03058 -1.34203e+01
 37 -0.05454 -9.13717e+00 | 38  0.01848 -1.21898e+01 | 39 -0.05538 -5.09368e+00
 40 -0.04652 -5.52289e+00 | 41 -0.04100 -5.00427e+00 | 42 -0.00401 -6.06919e+00
 43 -0.02482 -3.80229e+00 | 44 -0.04120 -3.12669e+00 | 45 -0.04433 -2.14624e+00
 46 -0.05292 -1.14276e+00 | 47 -0.09824 -4.36046e-01 | 48 -0.06534  5.13849e-01
 49 -0.12765  1.92129e-02 | 50  0.06742  1.85534e-01 | 51 -0.11969 -2.35929e-02
 52 -0.04272 -8.29665e-02 | 53 -0.09603 -7.08084e-02 | 54 -0.06197  5.19257e-03
 55 -0.03568 -3.09479e-02 | 56 -0.09079  6.64097e-02 | 57 -0.05150  1.49250e-01
 58 -0.00761  2.62374e-01 | 59 -0.02081  1.57093e-01 | 60 -0.03929  1.46985e-01
 61 -0.08089  1.50035e-01 | 62 -0.00878  2.66174e-01 | 63 -0.07726  1.21943e-01
 64 -0.12485  7.58533e-02 | 65 -0.05386  1.19167e-01 | 66 -0.12932  1.51213e-02
 67 -0.10222 -1.56203e-03 | 68 -0.09071  5.91207e-02 | 69  0.00018  1.86892e-01
 70 -0.02240  1.39931e-01 | 71 -0.08440  3.30980e-02 | 72 -0.04227 -8.46598e-04
 73 -0.04146 -1.24623e-03 | 74 -0.42337 -5.56505e+01 | 75 -0.32698  8.25090e+00
 76 -0.26930 -5.47863e+02 | 77 -1.02108 -3.19676e-01 | 78  5.61707  5.95496e+00
 79  3.39811  2.52050e-01 | 80  0.33117  3.57811e+00 | 81 -0.98879  2.73205e-02
81 variables; iteration 1120; function evaluation 1284; phase 3
Function value -1.1179915e+02; maximum gradient component mag -5.4479e+03
Var    Value     Gradient |Var    Value     Gradient |Var    Value     Gradient
  1  0.01619 -5.42269e+03 |  2 -0.00680 -3.31510e+00 |  3 -0.00808 -3.99644e+00
  4 -0.02446 -4.26412e+00 |  5 -0.02559 -4.98953e+00 |  6 -0.02719 -5.89339e+00
  7 -0.02874 -6.86066e+00 |  8 -0.03050 -7.95964e+00 |  9 -0.03262 -9.20944e+00
 10 -0.03433 -1.04152e+01 | 11 -0.03692 -1.19140e+01 | 12 -0.03867 -1.33982e+01
 13 -0.04101 -1.49434e+01 | 14 -0.04379 -1.67620e+01 | 15 -0.04694 -1.86188e+01
 16 -0.04930 -2.07404e+01 | 17 -0.05231 -2.32942e+01 | 18 -0.05353 -2.52983e+01
 19 -0.05433 -2.67220e+01 | 20 -0.05508 -2.80232e+01 | 21 -0.05548 -2.87867e+01
 22 -0.05382 -2.86855e+01 | 23 -0.05472 -3.07131e+01 | 24 -0.05374 -3.35469e+01
 25 -0.05254 -3.81277e+01 | 26 -0.04700 -4.64158e+01 | 27 -0.05552 -5.36301e+01
 28 -0.04394 -6.78234e+01 | 29 -0.01316 -1.03847e+02 | 30 -0.02289 -1.12863e+02
 31 -0.12497 -5.75808e+01 | 32 -0.16089 -4.68778e+01 | 33  0.03002 -2.52103e+02
 34 -0.13834 -7.54612e+01 | 35 -0.01762 -2.03539e+02 | 36 -0.03048 -1.89954e+02
 37 -0.05481 -1.49435e+02 | 38  0.01872 -2.45169e+02 | 39 -0.05534 -1.22639e+02
 40 -0.04649 -1.20132e+02 | 41 -0.04098 -1.05551e+02 | 42 -0.00389 -1.13710e+02
 43 -0.02468 -7.51777e+01 | 44 -0.04113 -5.15585e+01 | 45 -0.04423 -3.83162e+01
 46 -0.05270 -2.71146e+01 | 47 -0.09826 -1.42531e+01 | 48 -0.06507 -1.30200e+01
 49 -0.12854 -4.64367e+00 | 50  0.06758 -2.12613e+00 | 51 -0.11950  4.25525e-01
 52 -0.04262  1.34584e+00 | 53 -0.09593  1.01923e+00 | 54 -0.06206  1.40807e+00
 55 -0.03560  1.70967e+00 | 56 -0.09080  1.09518e+00 | 57 -0.05159  1.41452e+00
 58 -0.00759  1.84826e+00 | 59 -0.02078  1.58345e+00 | 60 -0.03913  1.33646e+00
 61 -0.08098  9.65689e-01 | 62 -0.00878  1.80421e+00 | 63 -0.07707  1.04356e+00
 64 -0.12492  7.23905e-01 | 65 -0.05387  1.21645e+00 | 66 -0.12929  5.47126e-01
 67 -0.10225  5.44152e-01 | 68 -0.09084  4.99146e-01 | 69  0.00013  8.29628e-01
 70 -0.02231  3.90156e-01 | 71 -0.08447  3.08995e-02 | 72 -0.04226  2.81891e-03
 73 -0.04146  1.00307e-03 | 74 -0.42618 -8.43383e+02 | 75 -0.35400  7.81714e+01
 76 -0.26933 -5.44793e+03 | 77 -1.02319 -4.43285e+00 | 78  5.61724  7.14755e+01
 79  3.39606  3.77734e+00 | 80  0.33117  2.65496e+00 | 81 -0.98844  3.66209e-02
81 variables; iteration 1140; function evaluation 1306; phase 3
Function value -1.1185145e+02; maximum gradient component mag -1.2627e+03
Var    Value     Gradient |Var    Value     Gradient |Var    Value     Gradient
  1  0.01613 -1.26273e+03 |  2 -0.00697 -1.16619e+00 |  3 -0.00817 -1.40161e+00
  4 -0.02429 -1.45875e+00 |  5 -0.02568 -1.73485e+00 |  6 -0.02723 -2.04579e+00
  7 -0.02901 -2.40937e+00 |  8 -0.03086 -2.79572e+00 |  9 -0.03287 -3.22851e+00
 10 -0.03495 -3.66802e+00 | 11 -0.03713 -4.16333e+00 | 12 -0.03936 -4.71281e+00
 13 -0.04145 -5.23533e+00 | 14 -0.04381 -5.86017e+00 | 15 -0.04721 -6.52553e+00
 16 -0.04940 -7.27335e+00 | 17 -0.05175 -8.02386e+00 | 18 -0.05348 -8.78841e+00
 19 -0.05466 -9.34747e+00 | 20 -0.05468 -9.68254e+00 | 21 -0.05475 -1.00201e+01
 22 -0.05395 -1.01248e+01 | 23 -0.05330 -1.07281e+01 | 24 -0.05322 -1.17946e+01
 25 -0.05392 -1.34411e+01 | 26 -0.05359 -1.55992e+01 | 27 -0.04786 -1.70534e+01
 28 -0.04805 -2.09277e+01 | 29 -0.00716 -3.11895e+01 | 30 -0.03204 -3.07389e+01
 31 -0.11394 -1.46186e+01 | 32 -0.16061 -1.10472e+01 | 33  0.02916 -5.07081e+01
 34 -0.13782 -1.35817e+01 | 35 -0.01761 -3.40228e+01 | 36 -0.03077 -3.09260e+01
 37 -0.05427 -2.42636e+01 | 38  0.01842 -4.10905e+01 | 39 -0.05543 -2.16953e+01
 40 -0.04649 -2.26980e+01 | 41 -0.04092 -2.13069e+01 | 42 -0.00410 -2.46667e+01
 43 -0.02500 -1.80385e+01 | 44 -0.04124 -1.33229e+01 | 45 -0.04436 -1.10427e+01
 46 -0.05321 -8.30117e+00 | 47 -0.09822 -4.48631e+00 | 48 -0.06561 -3.89351e+00
 49 -0.12702 -5.30318e-01 | 50  0.06722  1.76430e-01 | 51 -0.11958  1.50864e-01
 52 -0.04261  4.76138e-01 | 53 -0.09604  2.88628e-01 | 54 -0.06188  4.49149e-01
 55 -0.03572  5.36069e-01 | 56 -0.09077  3.26906e-01 | 57 -0.05140  4.22391e-01
 58 -0.00769  5.67752e-01 | 59 -0.02084  5.45882e-01 | 60 -0.03937  4.75960e-01
 61 -0.08090  3.41989e-01 | 62 -0.00882  6.18347e-01 | 63 -0.07740  3.12350e-01
 64 -0.12486  2.32216e-01 | 65 -0.05402  4.11767e-01 | 66 -0.12954  2.24586e-01
 67 -0.10235  2.64769e-01 | 68 -0.09086  1.99818e-01 | 69  0.00014  2.64976e-01
 70 -0.02253  7.26957e-02 | 71 -0.08439 -2.48806e-02 | 72 -0.04226  6.98758e-04
 73 -0.04145  5.33929e-04 | 74 -0.42765 -1.91397e+02 | 75 -0.37518  1.74448e+01
 76 -0.26929 -1.22673e+03 | 77 -1.01715 -6.44100e-01 | 78  5.61760  1.34987e+01
 79  3.38812  6.09408e-01 | 80  0.33116  4.27629e-02 | 81 -0.98977 -1.71779e-03
81 variables; iteration 1160; function evaluation 1326; phase 3
Function value -1.1185940e+02; maximum gradient component mag -6.3011e+02
Var    Value     Gradient |Var    Value     Gradient |Var    Value     Gradient
  1  0.01613 -6.30108e+02 |  2 -0.00694 -6.83516e-01 |  3 -0.00814 -8.26237e-01
  4 -0.02429 -8.55490e-01 |  5 -0.02565 -1.01630e+00 |  6 -0.02718 -1.19358e+00
  7 -0.02895 -1.41072e+00 |  8 -0.03080 -1.63685e+00 |  9 -0.03279 -1.88960e+00
 10 -0.03496 -2.16916e+00 | 11 -0.03706 -2.43948e+00 | 12 -0.03935 -2.77996e+00
 13 -0.04142 -3.07976e+00 | 14 -0.04367 -3.42884e+00 | 15 -0.04713 -3.83339e+00
 16 -0.04919 -4.24473e+00 | 17 -0.05200 -4.73328e+00 | 18 -0.05368 -5.18918e+00
 19 -0.05470 -5.48969e+00 | 20 -0.05523 -5.74218e+00 | 21 -0.05490 -5.87467e+00
 22 -0.05373 -5.90730e+00 | 23 -0.05312 -6.23755e+00 | 24 -0.05218 -6.75493e+00
 25 -0.05157 -7.58948e+00 | 26 -0.05188 -8.97985e+00 | 27 -0.05303 -1.06438e+01
 28 -0.04971 -1.28279e+01 | 29 -0.00392 -1.72901e+01 | 30 -0.03403 -1.85098e+01
 31 -0.11374 -8.37883e+00 | 32 -0.15921 -6.14158e+00 | 33  0.02903 -2.81897e+01
 34 -0.13774 -7.02153e+00 | 35 -0.01759 -1.61063e+01 | 36 -0.03078 -1.33812e+01
 37 -0.05434 -9.84862e+00 | 38  0.01848 -1.59498e+01 | 39 -0.05545 -8.28838e+00
 40 -0.04647 -8.63713e+00 | 41 -0.04093 -8.05265e+00 | 42 -0.00408 -9.35981e+00
 43 -0.02498 -6.92830e+00 | 44 -0.04124 -5.09872e+00 | 45 -0.04435 -4.29836e+00
 46 -0.05319 -3.30574e+00 | 47 -0.09823 -1.75704e+00 | 48 -0.06553 -1.52573e+00
 49 -0.12736 -6.84051e-02 | 50  0.06729  5.14516e-01 | 51 -0.11956  1.66952e-01
 52 -0.04257  3.27977e-01 | 53 -0.09604  1.82482e-01 | 54 -0.06189  2.44269e-01
 55 -0.03570  2.95476e-01 | 56 -0.09076  1.68657e-01 | 57 -0.05142  2.07672e-01
 58 -0.00768  2.95010e-01 | 59 -0.02083  2.79423e-01 | 60 -0.03935  2.64187e-01
 61 -0.08093  1.83609e-01 | 62 -0.00882  3.57789e-01 | 63 -0.07735  2.07035e-01
 64 -0.12490  1.46128e-01 | 65 -0.05402  2.51868e-01 | 66 -0.12955  1.37337e-01
 67 -0.10239  1.61022e-01 | 68 -0.09093  1.26003e-01 | 69  0.00013  1.63122e-01
 70 -0.02251  4.66510e-02 | 71 -0.08431 -8.38895e-03 | 72 -0.04226  5.71228e-04
 73 -0.04145  2.20248e-04 | 74 -0.42836 -8.43573e+01 | 75 -0.38398  8.22027e+00
 76 -0.26930 -6.15213e+02 | 77 -1.01659 -2.48517e-01 | 78  5.61768  6.06437e+00
 79  3.38680  2.33066e-01 | 80  0.33116 -1.36708e-01 | 81 -0.98976 -1.39854e-03
81 variables; iteration 1180; function evaluation 1351; phase 3
Function value -1.1189110e+02; maximum gradient component mag 1.6136e+03
Var    Value     Gradient |Var    Value     Gradient |Var    Value     Gradient
  1  0.01612  1.61363e+03 |  2 -0.00694  3.45805e+00 |  3 -0.00788  4.20529e+00
  4 -0.02415  4.42488e+00 |  5 -0.02592  5.10681e+00 |  6 -0.02741  6.04135e+00
  7 -0.02901  7.12538e+00 |  8 -0.03091  8.27030e+00 |  9 -0.03287  9.53938e+00
 10 -0.03495  1.08797e+01 | 11 -0.03709  1.23582e+01 | 12 -0.03930  1.39867e+01
 13 -0.04132  1.55957e+01 | 14 -0.04337  1.74939e+01 | 15 -0.04667  1.95199e+01
 16 -0.04918  2.15152e+01 | 17 -0.05225  2.41155e+01 | 18 -0.05289  2.67235e+01
 19 -0.05598  2.71438e+01 | 20 -0.05480  2.94885e+01 | 21 -0.05388  3.06725e+01
 22 -0.05250  3.06672e+01 | 23 -0.05388  3.17119e+01 | 24 -0.05419  3.38435e+01
 25 -0.05182  3.91083e+01 | 26 -0.04911  4.74420e+01 | 27 -0.05546  4.81639e+01
 28 -0.04992  5.57691e+01 | 29 -0.00331  9.36807e+01 | 30 -0.03436  7.52347e+01
 31 -0.11389  3.94010e+01 | 32 -0.15812  2.49610e+01 | 33  0.02888  8.86161e+01
 34 -0.13779  1.49596e+01 | 35 -0.01750  1.36626e+01 | 36 -0.03086 -6.25730e+00
 37 -0.05423 -1.38103e+01 | 38  0.01849 -3.66252e+01 | 39 -0.05545 -2.12360e+01
 40 -0.04644 -2.05280e+01 | 41 -0.04090 -1.67005e+01 | 42 -0.00410 -1.50970e+01
 43 -0.02499 -6.21195e+00 | 44 -0.04125 -9.43163e-01 | 45 -0.04435  2.26110e+00
 46 -0.05319  4.51176e+00 | 47 -0.09827  2.32194e+00 | 48 -0.06549  1.81099e+00
 49 -0.12746 -9.24809e-01 | 50  0.06728 -3.06287e+00 | 51 -0.11959 -7.65876e-01
 52 -0.04249 -1.37822e+00 | 53 -0.09608 -9.02215e-01 | 54 -0.06185 -9.88663e-01
 55 -0.03572 -1.14952e+00 | 56 -0.09074 -6.92408e-01 | 57 -0.05141 -9.35733e-01
 58 -0.00771 -1.32758e+00 | 59 -0.02081 -1.09238e+00 | 60 -0.03938 -1.05630e+00
 61 -0.08091 -6.35464e-01 | 62 -0.00884 -1.28332e+00 | 63 -0.07737 -8.59411e-01
 64 -0.12492 -6.20216e-01 | 65 -0.05409 -1.08137e+00 | 66 -0.12959 -5.28222e-01
 67 -0.10246 -6.20590e-01 | 68 -0.09099 -4.37038e-01 | 69  0.00010 -3.93108e-01
 70 -0.02253 -9.51472e-02 | 71 -0.08413  3.61836e-02 | 72 -0.04227 -1.67816e-03
 73 -0.04145  1.68776e-03 | 74 -0.43036  2.10259e+02 | 75 -0.41220 -1.31114e+01
 76 -0.26930  1.41720e+03 | 77 -1.01523  9.14685e-01 | 78  5.61770 -8.20639e+00
 79  3.38679 -3.37729e-01 | 80  0.33116 -1.05643e+00 | 81 -0.98987 -1.57976e-03
81 variables; iteration 1200; function evaluation 1373; phase 3
Function value -1.1193984e+02; maximum gradient component mag -5.8222e+02
Var    Value     Gradient |Var    Value     Gradient |Var    Value     Gradient
  1  0.01613 -5.82217e+02 |  2 -0.00694 -3.34116e-01 |  3 -0.00811 -3.98770e-01
  4 -0.02432 -4.21493e-01 |  5 -0.02567 -4.96728e-01 |  6 -0.02721 -5.85724e-01
  7 -0.02895 -6.87318e-01 |  8 -0.03080 -7.96818e-01 |  9 -0.03278 -9.20593e-01
 10 -0.03487 -1.04484e+00 | 11 -0.03705 -1.18647e+00 | 12 -0.03923 -1.33819e+00
 13 -0.04138 -1.48851e+00 | 14 -0.04370 -1.67480e+00 | 15 -0.04709 -1.86536e+00
 16 -0.04920 -2.06454e+00 | 17 -0.05205 -2.28958e+00 | 18 -0.05365 -2.50005e+00
 19 -0.05462 -2.62790e+00 | 20 -0.05519 -2.74317e+00 | 21 -0.05523 -2.88536e+00
 22 -0.05381 -2.83684e+00 | 23 -0.05399 -3.13560e+00 | 24 -0.05340 -3.40792e+00
 25 -0.05327 -3.90312e+00 | 26 -0.05261 -4.41966e+00 | 27 -0.05066 -5.03847e+00
 28 -0.04141 -6.00805e+00 | 29 -0.01424 -1.05096e+01 | 30 -0.02537 -9.37029e+00
 31 -0.12007 -5.75081e+00 | 32 -0.15970 -4.42779e+00 | 33  0.02936 -2.38719e+01
 34 -0.13824 -7.41412e+00 | 35 -0.01747 -2.07391e+01 | 36 -0.03079 -2.01076e+01
 37 -0.05428 -1.63161e+01 | 38  0.01854 -2.78511e+01 | 39 -0.05538 -1.44982e+01
 40 -0.04647 -1.46526e+01 | 41 -0.04084 -1.33221e+01 | 42 -0.00405 -1.48049e+01
 43 -0.02495 -1.01726e+01 | 44 -0.04118 -7.10424e+00 | 45 -0.04426 -5.45390e+00
 46 -0.05307 -3.83692e+00 | 47 -0.09825 -2.03449e+00 | 48 -0.06549 -1.74948e+00
 49 -0.12714 -4.87620e-01 | 50  0.06720 -9.98606e-02 | 51 -0.11939  5.95745e-02
 52 -0.04251  1.82826e-01 | 53 -0.09594  1.29837e-01 | 54 -0.06194  1.87568e-01
 55 -0.03572  2.36173e-01 | 56 -0.09079  1.51928e-01 | 57 -0.05146  1.93632e-01
 58 -0.00769  2.52708e-01 | 59 -0.02086  2.18541e-01 | 60 -0.03927  1.80098e-01
 61 -0.08094  1.37299e-01 | 62 -0.00889  2.42329e-01 | 63 -0.07729  1.28169e-01
 64 -0.12490  8.93531e-02 | 65 -0.05411  1.52036e-01 | 66 -0.12960  7.55068e-02
 67 -0.10241  8.00874e-02 | 68 -0.09093  7.06260e-02 | 69  0.00005  1.20731e-01
 70 -0.02253  5.18971e-02 | 71 -0.08436  1.46432e-03 | 72 -0.04229  8.74031e-05
 73 -0.04147  1.04749e-04 | 74 -0.43189 -1.27331e+02 | 75 -0.43505  8.52755e+00
 76 -0.26929 -5.81417e+02 | 77 -1.01774 -2.58727e-01 | 78  5.61767  7.43294e+00
 79  3.38727  3.29409e-01 | 80  0.33116  8.20334e-02 | 81 -0.98963  1.28540e-03
81 variables; iteration 1220; function evaluation 1396; phase 3
Function value -1.1195370e+02; maximum gradient component mag 9.5351e+02
Var    Value     Gradient |Var    Value     Gradient |Var    Value     Gradient
  1  0.01614  9.53506e+02 |  2 -0.00691  2.16895e+00 |  3 -0.00790  2.64224e+00
  4 -0.02445  2.69618e+00 |  5 -0.02582  3.19382e+00 |  6 -0.02736  3.77206e+00
  7 -0.02876  4.52070e+00 |  8 -0.03091  5.15737e+00 |  9 -0.03267  6.01509e+00
 10 -0.03476  6.85685e+00 | 11 -0.03697  7.76013e+00 | 12 -0.03915  8.79151e+00
 13 -0.04134  9.75201e+00 | 14 -0.04322  1.10291e+01 | 15 -0.04649  1.23222e+01
 16 -0.04937  1.33756e+01 | 17 -0.05197  1.51865e+01 | 18 -0.05357  1.65067e+01
 19 -0.05514  1.72078e+01 | 20 -0.05505  1.83783e+01 | 21 -0.05539  1.86094e+01
 22 -0.05259  1.92735e+01 | 23 -0.05414  1.97099e+01 | 24 -0.05310  2.16362e+01
 25 -0.05171  2.47340e+01 | 26 -0.05360  2.80503e+01 | 27 -0.05095  3.28527e+01
 28 -0.04749  3.69626e+01 | 29 -0.00791  5.92461e+01 | 30 -0.02974  5.33021e+01
 31 -0.11729  2.52614e+01 | 32 -0.15926  1.63414e+01 | 33  0.02923  6.12405e+01
 34 -0.13820  1.03610e+01 | 35 -0.01747  1.03555e+01 | 36 -0.03077 -3.07596e+00
 37 -0.05440 -1.07038e+01 | 38  0.01858 -2.81279e+01 | 39 -0.05538 -1.74333e+01
 40 -0.04650 -1.92984e+01 | 41 -0.04085 -1.74102e+01 | 42 -0.00406 -1.88606e+01
 43 -0.02493 -1.13491e+01 | 44 -0.04123 -6.85711e+00 | 45 -0.04425 -3.38605e+00
 46 -0.05308 -1.59621e+00 | 47 -0.09828 -1.26629e-03 | 48 -0.06547  6.79578e-01
 49 -0.12721 -6.15151e-03 | 50  0.06719 -6.82016e-01 | 51 -0.11935 -1.30696e-01
 52 -0.04252 -2.38469e-01 | 53 -0.09589 -1.48074e-02 | 54 -0.06198 -1.27809e-01
 55 -0.03573 -1.53993e-01 | 56 -0.09081 -6.21595e-02 | 57 -0.05148 -5.25706e-02
 58 -0.00770 -1.36843e-01 | 59 -0.02088 -1.99536e-01 | 60 -0.03926 -2.02812e-01
 61 -0.08096 -1.83652e-01 | 62 -0.00893 -3.61747e-01 | 63 -0.07727 -1.24773e-01
 64 -0.12493 -1.15597e-01 | 65 -0.05414 -2.29215e-01 | 66 -0.12963 -1.47820e-01
 67 -0.10244 -1.23086e-01 | 68 -0.09093 -1.79081e-02 | 69  0.00002 -1.53560e-02
 70 -0.02252  7.21736e-02 | 71 -0.08429  3.83584e-02 | 72 -0.04229  3.36972e-04
 73 -0.04148 -6.94012e-04 | 74 -0.43256  1.21563e+02 | 75 -0.44665 -5.78308e+00
 76 -0.26929  8.04844e+02 | 77 -1.01824  6.46260e-01 | 78  5.61760 -4.56129e+00
 79  3.38892 -1.97956e-01 | 80  0.33116  3.80953e-01 | 81 -0.98918  1.81565e-02
81 variables; iteration 1240; function evaluation 1417; phase 3
Function value -1.1197250e+02; maximum gradient component mag 4.9455e+02
Var    Value     Gradient |Var    Value     Gradient |Var    Value     Gradient
  1  0.01615  4.41017e+02 |  2 -0.00683 -1.31447e-01 |  3 -0.00809 -1.86454e-01
  4 -0.02421 -1.74044e-01 |  5 -0.02568 -2.40495e-01 |  6 -0.02718 -2.72621e-01
  7 -0.02891 -3.21223e-01 |  8 -0.03067 -3.45506e-01 |  9 -0.03279 -4.42331e-01
 10 -0.03488 -4.98823e-01 | 11 -0.03705 -5.65926e-01 | 12 -0.03935 -6.64554e-01
 13 -0.04136 -7.02433e-01 | 14 -0.04372 -8.08594e-01 | 15 -0.04720 -9.19440e-01
 16 -0.04887 -8.78485e-01 | 17 -0.05214 -1.08774e+00 | 18 -0.05356 -1.13188e+00
 19 -0.05443 -1.14671e+00 | 20 -0.05539 -1.30442e+00 | 21 -0.05555 -1.44541e+00
 22 -0.05345 -1.19718e+00 | 23 -0.05357 -1.38584e+00 | 24 -0.05264 -1.43356e+00
 25 -0.05101 -1.34041e+00 | 26 -0.05437 -2.67773e+00 | 27 -0.05026 -2.53310e+00
 28 -0.04847 -4.63676e+00 | 29 -0.00769 -5.26849e+00 | 30 -0.02953 -6.27403e+00
 31 -0.11810 -3.42740e+00 | 32 -0.15827 -1.61391e+00 | 33  0.02913 -4.82928e+00
 34 -0.13815  1.19348e+00 | 35 -0.01744  1.11698e+01 | 36 -0.03081  1.77285e+01
 37 -0.05441  1.86047e+01 | 38  0.01863  4.15796e+01 | 39 -0.05545  2.47685e+01
 40 -0.04645  2.79242e+01 | 41 -0.04087  2.67553e+01 | 42 -0.00404  3.13409e+01
 43 -0.02495  2.24257e+01 | 44 -0.04120  1.59078e+01 | 45 -0.04425  1.26431e+01
 46 -0.05305  9.01912e+00 | 47 -0.09830  5.23767e+00 | 48 -0.06543  5.20497e+00
 49 -0.12737  1.26267e+00 | 50  0.06720  9.23308e-01 | 51 -0.11936 -3.22266e-02
 52 -0.04249 -3.02887e-01 | 53 -0.09590 -1.60673e-01 | 54 -0.06200 -3.41866e-01
 55 -0.03574 -3.57877e-01 | 56 -0.09081 -1.22134e-01 | 57 -0.05151 -9.83897e-02
 58 -0.00771 -8.44068e-02 | 59 -0.02089 -1.57123e-01 | 60 -0.03924 -1.43094e-01
 61 -0.08100 -1.51188e-01 | 62 -0.00894 -3.06774e-01 | 63 -0.07727 -1.46580e-01
 64 -0.12497 -1.12341e-01 | 65 -0.05416 -1.29032e-01 | 66 -0.12966 -1.05060e-01
 67 -0.10247 -1.23830e-01 | 68 -0.09100 -8.73896e-02 | 69 -0.00001 -1.19878e-01
 70 -0.02253  1.08637e-02 | 71 -0.08428  3.49482e-02 | 72 -0.04230 -2.17313e-03
 73 -0.04148 -1.04477e-03 | 74 -0.43363  1.88306e+02 | 75 -0.46746 -8.11125e+00
 76 -0.26930  4.94548e+02 | 77 -1.01879  4.40041e-01 | 78  5.61775 -4.74420e+00
 79  3.38594 -3.05521e-01 | 80  0.33116 -3.68138e-01 | 81 -0.98974 -3.30825e-03
81 variables; iteration 1260; function evaluation 1439; phase 3
Function value -1.1198729e+02; maximum gradient component mag -6.1758e+02
Var    Value     Gradient |Var    Value     Gradient |Var    Value     Gradient
  1  0.01613 -6.17580e+02 |  2 -0.00695 -8.62301e-01 |  3 -0.00813 -1.03223e+00
  4 -0.02435 -1.09381e+00 |  5 -0.02571 -1.29394e+00 |  6 -0.02726 -1.52503e+00
  7 -0.02897 -1.78109e+00 |  8 -0.03084 -2.07009e+00 |  9 -0.03284 -2.39062e+00
 10 -0.03493 -2.71846e+00 | 11 -0.03712 -3.08874e+00 | 12 -0.03931 -3.49395e+00
 13 -0.04147 -3.88468e+00 | 14 -0.04375 -4.33634e+00 | 15 -0.04715 -4.83230e+00
 16 -0.04925 -5.36329e+00 | 17 -0.05208 -5.99272e+00 | 18 -0.05367 -6.52894e+00
 19 -0.05481 -6.93709e+00 | 20 -0.05528 -7.23830e+00 | 21 -0.05510 -7.43605e+00
 22 -0.05375 -7.40125e+00 | 23 -0.05365 -7.92464e+00 | 24 -0.05339 -8.68314e+00
 25 -0.05374 -9.87499e+00 | 26 -0.05316 -1.13877e+01 | 27 -0.05048 -1.27280e+01
 28 -0.04026 -1.49380e+01 | 29 -0.01470 -2.30275e+01 | 30 -0.02581 -2.14526e+01
 31 -0.11894 -1.04408e+01 | 32 -0.15978 -7.25140e+00 | 33  0.02932 -3.08180e+01
 34 -0.13832 -6.99484e+00 | 35 -0.01739 -1.38329e+01 | 36 -0.03081 -9.41205e+00
 37 -0.05428 -5.57156e+00 | 38  0.01861 -6.33132e+00 | 39 -0.05535 -2.64160e+00
 40 -0.04645 -2.59781e+00 | 41 -0.04080 -2.73513e+00 | 42 -0.00402 -3.67495e+00
 43 -0.02493 -3.28696e+00 | 44 -0.04116 -3.01506e+00 | 45 -0.04421 -2.91940e+00
 46 -0.05301 -2.55608e+00 | 47 -0.09827 -1.46348e+00 | 48 -0.06544 -1.21200e+00
 49 -0.12718 -3.04851e-01 | 50  0.06718  2.86647e-01 | 51 -0.11929  1.28988e-01
 52 -0.04245  2.82890e-01 | 53 -0.09589  2.03229e-01 | 54 -0.06197  2.59673e-01
 55 -0.03572  3.15351e-01 | 56 -0.09079  2.08458e-01 | 57 -0.05148  2.83773e-01
 58 -0.00770  3.84587e-01 | 59 -0.02087  3.18781e-01 | 60 -0.03921  2.78400e-01
 61 -0.08097  1.98716e-01 | 62 -0.00893  3.43663e-01 | 63 -0.07725  1.98460e-01
 64 -0.12493  1.32685e-01 | 65 -0.05417  2.30830e-01 | 66 -0.12964  1.12767e-01
 67 -0.10246  1.27631e-01 | 68 -0.09098  1.15732e-01 | 69  0.00000  1.61253e-01
 70 -0.02253  7.06847e-02 | 71 -0.08437  4.16845e-03 | 72 -0.04230 -9.40773e-05
 73 -0.04148 -1.54901e-04 | 74 -0.43444 -1.30030e+02 | 75 -0.48511  6.52573e+00
 76 -0.26929 -5.72032e+02 | 77 -1.01926 -2.93940e-01 | 78  5.61776  5.86952e+00
 79  3.38554  2.19254e-01 | 80  0.33116 -8.93772e-02 | 81 -0.98962  6.22271e-04
81 variables; iteration 1280; function evaluation 1459; phase 3
Function value -1.1200575e+02; maximum gradient component mag -1.5145e+03
Var    Value     Gradient |Var    Value     Gradient |Var    Value     Gradient
  1  0.01614 -1.51066e+03 |  2 -0.00693 -7.72893e-01 |  3 -0.00811 -9.27600e-01
  4 -0.02430 -9.73485e-01 |  5 -0.02566 -1.15385e+00 |  6 -0.02720 -1.35897e+00
  7 -0.02894 -1.59548e+00 |  8 -0.03081 -1.85811e+00 |  9 -0.03276 -2.13252e+00
 10 -0.03490 -2.43898e+00 | 11 -0.03704 -2.75845e+00 | 12 -0.03929 -3.13201e+00
 13 -0.04140 -3.47322e+00 | 14 -0.04360 -3.85482e+00 | 15 -0.04704 -4.30583e+00
 16 -0.04915 -4.78195e+00 | 17 -0.05203 -5.35234e+00 | 18 -0.05365 -5.83722e+00
 19 -0.05522 -6.31209e+00 | 20 -0.05487 -6.36051e+00 | 21 -0.05480 -6.56607e+00
 22 -0.05334 -6.50604e+00 | 23 -0.05362 -7.07252e+00 | 24 -0.05354 -7.80810e+00
 25 -0.05220 -8.51679e+00 | 26 -0.05250 -1.00382e+01 | 27 -0.05199 -1.15877e+01
 28 -0.04543 -1.37580e+01 | 29 -0.00934 -2.00311e+01 | 30 -0.02910 -2.04702e+01
 31 -0.11720 -1.11893e+01 | 32 -0.15903 -9.13553e+00 | 33  0.02919 -5.18658e+01
 34 -0.13824 -1.68590e+01 | 35 -0.01736 -5.00997e+01 | 36 -0.03084 -5.12812e+01
 37 -0.05429 -4.33681e+01 | 38  0.01863 -7.73366e+01 | 39 -0.05535 -4.18030e+01
 40 -0.04646 -4.36518e+01 | 41 -0.04080 -4.08730e+01 | 42 -0.00401 -4.66209e+01
 43 -0.02493 -3.29460e+01 | 44 -0.04116 -2.36305e+01 | 45 -0.04422 -1.85851e+01
 46 -0.05301 -1.34756e+01 | 47 -0.09828 -7.20813e+00 | 48 -0.06543 -6.29647e+00
 49 -0.12726 -1.75721e+00 | 50  0.06719 -3.51104e-01 | 51 -0.11927  2.03547e-01
 52 -0.04242  6.18857e-01 | 53 -0.09589  4.49127e-01 | 54 -0.06197  6.57668e-01
 55 -0.03572  7.91416e-01 | 56 -0.09080  4.98426e-01 | 57 -0.05149  6.65744e-01
 58 -0.00770  8.83368e-01 | 59 -0.02087  7.58250e-01 | 60 -0.03920  6.52150e-01
 61 -0.08099  4.90137e-01 | 62 -0.00894  8.68028e-01 | 63 -0.07724  4.78455e-01
 64 -0.12494  3.23620e-01 | 65 -0.05420  5.25767e-01 | 66 -0.12966  2.63807e-01
 67 -0.10248  2.93755e-01 | 68 -0.09101  2.73677e-01 | 69 -0.00001  4.60539e-01
 70 -0.02253  2.00134e-01 | 71 -0.08438  6.73034e-03 | 72 -0.04230  5.04038e-04
 73 -0.04148  4.32835e-04 | 74 -0.43517 -5.06104e+02 | 75 -0.50271  2.05983e+01
 76 -0.26930 -1.51448e+03 | 77 -1.02025 -1.00319e+00 | 78  5.61774  1.82321e+01
 79  3.38590  8.74216e-01 | 80  0.33116 -1.28753e-01 | 81 -0.98963  2.10173e-03
81 variables; iteration 1300; function evaluation 1482; phase 3
Function value -1.1201582e+02; maximum gradient component mag 2.0204e+02
Var    Value     Gradient |Var    Value     Gradient |Var    Value     Gradient
  1  0.01615  2.02040e+02 |  2 -0.00688  5.49526e-03 |  3 -0.00807 -1.96619e-04
  4 -0.02436 -2.08315e-02 |  5 -0.02568 -1.44591e-02 |  6 -0.02720 -9.21819e-03
  7 -0.02899 -3.14033e-02 |  8 -0.03080 -2.02642e-02 |  9 -0.03282 -3.71907e-02
 10 -0.03487 -2.50211e-02 | 11 -0.03707 -3.73646e-02 | 12 -0.03921 -2.50158e-02
 13 -0.04139 -3.97946e-02 | 14 -0.04384 -9.64711e-02 | 15 -0.04718 -8.63667e-02
 16 -0.04911 -3.00877e-02 | 17 -0.05188  2.09032e-02 | 18 -0.05352 -4.45502e-03
 19 -0.05452  3.27681e-04 | 20 -0.05559 -1.42854e-01 | 21 -0.05538 -1.47760e-01
 22 -0.05381 -5.34401e-02 | 23 -0.05373 -8.77200e-02 | 24 -0.05291 -1.53144e-02
 25 -0.05278 -7.64546e-02 | 26 -0.05330 -1.44031e-01 | 27 -0.05127  1.70582e-01
 28 -0.04238  7.22806e-01 | 29 -0.01266  6.35507e-01 | 30 -0.02672  2.93785e+00
 31 -0.11875  1.69029e+00 | 32 -0.15949  2.05276e+00 | 33  0.02932  1.50109e+01
 34 -0.13839  4.92563e+00 | 35 -0.01734  1.32304e+01 | 36 -0.03084  1.15474e+01
 37 -0.05432  8.87498e+00 | 38  0.01867  1.40214e+01 | 39 -0.05537  6.50690e+00
 40 -0.04644  6.03553e+00 | 41 -0.04081  4.69369e+00 | 42 -0.00399  4.43399e+00
 43 -0.02492  2.19880e+00 | 44 -0.04113  1.13493e+00 | 45 -0.04421  2.78114e-01
 46 -0.05295  9.32537e-02 | 47 -0.09831 -1.87847e-01 | 48 -0.06537  2.42431e-02
 49 -0.12738  3.45877e-02 | 50  0.06720 -3.03699e-02 | 51 -0.11926 -2.61532e-02
 52 -0.04241 -4.23783e-02 | 53 -0.09588 -2.86842e-02 | 54 -0.06200  7.06454e-03
 55 -0.03573 -8.38228e-03 | 56 -0.09081  3.42804e-02 | 57 -0.05152  7.23976e-02
 58 -0.00771  1.02104e-01 | 59 -0.02087  8.44766e-02 | 60 -0.03918  4.71369e-02
 61 -0.08101  6.07696e-02 | 62 -0.00895  1.02384e-01 | 63 -0.07722  2.35737e-02
 64 -0.12496  1.43108e-02 | 65 -0.05421  5.54456e-02 | 66 -0.12966  1.77227e-02
 67 -0.10249  1.15466e-02 | 68 -0.09103  3.98182e-02 | 69 -0.00003  1.05028e-01
 70 -0.02251  7.54694e-02 | 71 -0.08436  1.52225e-02 | 72 -0.04231 -8.02021e-04
 73 -0.04149  2.28444e-04 | 74 -0.43577  8.42180e+01 | 75 -0.51800 -2.35930e+00
 76 -0.26930  1.98561e+02 | 77 -1.02158  2.49332e-01 | 78  5.61778 -2.86048e+00
 79  3.38530 -1.97779e-01 | 80  0.33116 -3.34725e-01 | 81 -0.98968 -7.55921e-04
81 variables; iteration 1320; function evaluation 1502; phase 3
Function value -1.1202659e+02; maximum gradient component mag -9.6434e+02
Var    Value     Gradient |Var    Value     Gradient |Var    Value     Gradient
  1  0.01614 -9.64336e+02 |  2 -0.00692 -1.05344e+00 |  3 -0.00812 -1.27081e+00
  4 -0.02435 -1.34527e+00 |  5 -0.02571 -1.59254e+00 |  6 -0.02723 -1.86986e+00
  7 -0.02899 -2.19667e+00 |  8 -0.03086 -2.55542e+00 |  9 -0.03280 -2.93351e+00
 10 -0.03495 -3.35062e+00 | 11 -0.03711 -3.79699e+00 | 12 -0.03934 -4.30100e+00
 13 -0.04145 -4.77538e+00 | 14 -0.04371 -5.32274e+00 | 15 -0.04712 -5.93143e+00
 16 -0.04926 -6.59932e+00 | 17 -0.05209 -7.38106e+00 | 18 -0.05367 -8.03544e+00
 19 -0.05482 -8.53120e+00 | 20 -0.05516 -8.88612e+00 | 21 -0.05498 -9.13157e+00
 22 -0.05341 -9.05427e+00 | 23 -0.05334 -9.72441e+00 | 24 -0.05266 -1.05817e+01
 25 -0.05222 -1.18868e+01 | 26 -0.05258 -1.40352e+01 | 27 -0.05361 -1.63970e+01
 28 -0.04439 -1.92093e+01 | 29 -0.00881 -2.88960e+01 | 30 -0.03024 -2.86602e+01
 31 -0.11583 -1.41433e+01 | 32 -0.15925 -1.02976e+01 | 33  0.02917 -4.76233e+01
 34 -0.13827 -1.21170e+01 | 35 -0.01732 -2.78961e+01 | 36 -0.03085 -2.26295e+01
 37 -0.05431 -1.57477e+01 | 38  0.01869 -2.26687e+01 | 39 -0.05535 -1.06369e+01
 40 -0.04644 -1.01259e+01 | 41 -0.04079 -9.25024e+00 | 42 -0.00399 -1.04465e+01
 43 -0.02491 -7.67116e+00 | 44 -0.04114 -5.95646e+00 | 45 -0.04419 -5.14093e+00
 46 -0.05296 -4.05443e+00 | 47 -0.09830 -2.32234e+00 | 48 -0.06537 -2.05581e+00
 49 -0.12739 -6.19874e-01 | 50  0.06721 -2.26291e-02 | 51 -0.11923  9.99973e-02
 52 -0.04239  2.79205e-01 | 53 -0.09586  1.92610e-01 | 54 -0.06199  2.86778e-01
 55 -0.03572  3.45210e-01 | 56 -0.09080  2.36315e-01 | 57 -0.05151  3.29261e-01
 58 -0.00770  4.53002e-01 | 59 -0.02087  4.00753e-01 | 60 -0.03917  3.39248e-01
 61 -0.08101  2.47405e-01 | 62 -0.00895  4.23691e-01 | 63 -0.07721  2.33272e-01
 64 -0.12496  1.63090e-01 | 65 -0.05422  2.77969e-01 | 66 -0.12967  1.40272e-01
 67 -0.10250  1.47927e-01 | 68 -0.09105  1.37599e-01 | 69 -0.00003  2.20412e-01
 70 -0.02251  1.00418e-01 | 71 -0.08437  6.60780e-03 | 72 -0.04230 -1.71241e-04
 73 -0.04149  1.37482e-04 | 74 -0.43636 -2.92021e+02 | 75 -0.53563  1.00896e+01
 76 -0.26930 -9.12101e+02 | 77 -1.02233 -6.42977e-01 | 78  5.61778  1.04930e+01
 79  3.38510  4.48638e-01 | 80  0.33116 -1.00186e-01 | 81 -0.98969 -1.32449e-03
81 variables; iteration 1340; function evaluation 1523; phase 3
Function value -1.1203697e+02; maximum gradient component mag -8.9475e+02
Var    Value     Gradient |Var    Value     Gradient |Var    Value     Gradient
  1  0.01613 -8.94751e+02 |  2 -0.00704 -1.04781e+00 |  3 -0.00811 -1.22163e+00
  4 -0.02428 -1.28072e+00 |  5 -0.02571 -1.53647e+00 |  6 -0.02731 -1.82257e+00
  7 -0.02895 -2.10806e+00 |  8 -0.03076 -2.43780e+00 |  9 -0.03280 -2.82571e+00
 10 -0.03486 -3.20798e+00 | 11 -0.03701 -3.63498e+00 | 12 -0.03917 -4.10342e+00
 13 -0.04133 -4.56700e+00 | 14 -0.04366 -5.11095e+00 | 15 -0.04709 -5.70201e+00
 16 -0.04921 -6.33272e+00 | 17 -0.05220 -7.12059e+00 | 18 -0.05372 -7.72956e+00
 19 -0.05485 -8.19569e+00 | 20 -0.05509 -8.49466e+00 | 21 -0.05491 -8.71774e+00
 22 -0.05360 -8.68328e+00 | 23 -0.05392 -9.37678e+00 | 24 -0.05372 -1.02615e+01
 25 -0.05321 -1.14712e+01 | 26 -0.05320 -1.34909e+01 | 27 -0.04968 -1.52435e+01
 28 -0.04314 -1.86793e+01 | 29 -0.01277 -2.81265e+01 | 30 -0.02658 -2.72139e+01
 31 -0.11873 -1.36784e+01 | 32 -0.15934 -9.74429e+00 | 33  0.02931 -4.43333e+01
 34 -0.13841 -1.09908e+01 | 35 -0.01731 -2.42579e+01 | 36 -0.03081 -1.84116e+01
 37 -0.05429 -1.28320e+01 | 38  0.01869 -1.89552e+01 | 39 -0.05529 -9.02644e+00
 40 -0.04645 -9.16205e+00 | 41 -0.04074 -8.40915e+00 | 42 -0.00398 -9.73662e+00
 43 -0.02490 -7.14882e+00 | 44 -0.04112 -5.58296e+00 | 45 -0.04416 -4.77863e+00
 46 -0.05293 -3.82605e+00 | 47 -0.09828 -2.18300e+00 | 48 -0.06537 -2.12284e+00
 49 -0.12727 -5.91243e-01 | 50  0.06719  6.15629e-02 | 51 -0.11918  1.17743e-01
 52 -0.04237  3.39908e-01 | 53 -0.09583  2.23902e-01 | 54 -0.06199  3.03092e-01
 55 -0.03571  3.67048e-01 | 56 -0.09080  2.11782e-01 | 57 -0.05151  2.53143e-01
 58 -0.00770  3.24743e-01 | 59 -0.02087  3.07148e-01 | 60 -0.03914  2.54297e-01
 61 -0.08100  1.79917e-01 | 62 -0.00896  3.17777e-01 | 63 -0.07719  2.02960e-01
 64 -0.12494  1.43980e-01 | 65 -0.05423  2.24444e-01 | 66 -0.12967  1.31721e-01
 67 -0.10249  1.60734e-01 | 68 -0.09103  1.25507e-01 | 69 -0.00004  1.37115e-01
 70 -0.02251  4.20102e-02 | 71 -0.08442 -7.07403e-03 | 72 -0.04231  8.16706e-04
 73 -0.04149  3.68133e-04 | 74 -0.43696 -2.91631e+02 | 75 -0.55477  8.99623e+00
 76 -0.26930 -8.48340e+02 | 77 -1.02364 -6.36841e-01 | 78  5.61781  9.76938e+00
 79  3.38477  4.17878e-01 | 80  0.33116  1.57165e-01 | 81 -0.98956  2.01187e-03
81 variables; iteration 1360; function evaluation 1547; phase 3
Function value -1.1204696e+02; maximum gradient component mag 3.3618e+02
Var    Value     Gradient |Var    Value     Gradient |Var    Value     Gradient
  1  0.01613  3.27369e+02 |  2 -0.00709 -4.47628e-02 |  3 -0.00814 -1.48757e-02
  4 -0.02417  3.20360e-02 |  5 -0.02575 -2.69644e-02 |  6 -0.02736 -4.91077e-02
  7 -0.02898 -2.11587e-02 |  8 -0.03085 -2.61879e-02 |  9 -0.03283 -3.16190e-02
 10 -0.03495 -3.71543e-02 | 11 -0.03702 -1.42480e-02 | 12 -0.03927 -2.91943e-02
 13 -0.04138 -2.52374e-02 | 14 -0.04354  4.56263e-03 | 15 -0.04701 -2.00670e-02
 16 -0.04934 -8.41188e-02 | 17 -0.05210 -2.85197e-02 | 18 -0.05365 -2.44969e-02
 19 -0.05455  1.28917e-02 | 20 -0.05503  5.19346e-02 | 21 -0.05526 -8.84746e-02
 22 -0.05348  6.60292e-02 | 23 -0.05386 -1.11458e-01 | 24 -0.05283  2.16242e-02
 25 -0.05252  2.60559e-02 | 26 -0.05159  4.09935e-01 | 27 -0.05348 -2.94200e-01
 28 -0.04465  5.04793e-01 | 29 -0.00901  1.84786e+00 | 30 -0.02993  1.73129e+00
 31 -0.11607  1.92712e+00 | 32 -0.15891  1.89828e+00 | 33  0.02914  1.32538e+01
 34 -0.13827  5.16128e+00 | 35 -0.01728  1.66978e+01 | 36 -0.03084  1.79108e+01
 37 -0.05423  1.46710e+01 | 38  0.01867  2.40650e+01 | 39 -0.05528  1.22466e+01
 40 -0.04645  1.15587e+01 | 41 -0.04072  1.02857e+01 | 42 -0.00399  1.08329e+01
 43 -0.02491  7.17350e+00 | 44 -0.04112  4.73988e+00 | 45 -0.04416  3.45202e+00
 46 -0.05295  2.30533e+00 | 47 -0.09828  1.16011e+00 | 48 -0.06540  8.99895e-01
 49 -0.12710  3.66333e-01 | 50  0.06715  2.39833e-01 | 51 -0.11916 -6.29121e-03
 52 -0.04235 -4.28899e-03 | 53 -0.09582 -4.55861e-02 | 54 -0.06198 -5.67847e-02
 55 -0.03571 -5.62179e-02 | 56 -0.09080 -9.12509e-02 | 57 -0.05149 -1.57825e-01
 58 -0.00769 -1.78277e-01 | 59 -0.02087 -1.13288e-01 | 60 -0.03913 -5.01067e-02
 61 -0.08100 -7.41611e-02 | 62 -0.00897 -1.01988e-01 | 63 -0.07720 -3.51522e-02
 64 -0.12493 -1.76917e-02 | 65 -0.05425 -3.75770e-02 | 66 -0.12969  1.86046e-02
 67 -0.10249  5.04147e-02 | 68 -0.09101  6.82592e-03 | 69 -0.00004 -1.18434e-01
 70 -0.02252 -9.77761e-02 | 71 -0.08446 -2.86897e-02 | 72 -0.04230  9.04883e-04
 73 -0.04149 -5.47049e-04 | 74 -0.43748  1.73291e+02 | 75 -0.57382 -4.01743e+00
 76 -0.26929  3.36177e+02 | 77 -1.02460  3.82604e-01 | 78  5.61782 -5.48069e+00
 79  3.38430 -3.34854e-01 | 80  0.33116  2.90877e-02 | 81 -0.98958  2.21039e-03
81 variables; iteration 1380; function evaluation 1570; phase 3
Function value -1.1205660e+02; maximum gradient component mag -2.5671e+02
Var    Value     Gradient |Var    Value     Gradient |Var    Value     Gradient
  1  0.01618 -1.96418e+02 |  2 -0.00667  6.79070e-01 |  3 -0.00809  7.33012e-01
  4 -0.02470  6.67554e-01 |  5 -0.02552  9.55545e-01 |  6 -0.02694  1.15182e+00
  7 -0.02889  1.27251e+00 |  8 -0.03069  1.49340e+00 |  9 -0.03276  1.68790e+00
 10 -0.03480  1.93978e+00 | 11 -0.03714  2.14669e+00 | 12 -0.03925  2.45847e+00
 13 -0.04137  2.74003e+00 | 14 -0.04393  2.96109e+00 | 15 -0.04723  3.33260e+00
 16 -0.04868  3.94359e+00 | 17 -0.05231  4.17750e+00 | 18 -0.05362  4.63580e+00
 19 -0.05467  4.88698e+00 | 20 -0.05524  5.12927e+00 | 21 -0.05516  5.20240e+00
 22 -0.05398  5.15233e+00 | 23 -0.05390  5.45436e+00 | 24 -0.05334  5.92793e+00
 25 -0.05334  6.55496e+00 | 26 -0.05327  7.93408e+00 | 27 -0.05004  1.00106e+01
 28 -0.04533  1.11664e+01 | 29 -0.00979  1.74613e+01 | 30 -0.02937  1.57852e+01
 31 -0.11627  7.54158e+00 | 32 -0.15950  3.81473e+00 | 33  0.02922  7.41403e+00
 34 -0.13845 -2.21943e+00 | 35 -0.01730 -1.73662e+01 | 36 -0.03086 -2.50266e+01
 37 -0.05449 -2.36826e+01 | 38  0.01877 -4.31959e+01 | 39 -0.05540 -2.33525e+01
 40 -0.04645 -2.37124e+01 | 41 -0.04082 -2.18281e+01 | 42 -0.00397 -2.44295e+01
 43 -0.02489 -1.70528e+01 | 44 -0.04114 -1.21597e+01 | 45 -0.04419 -9.66979e+00
 46 -0.05288 -7.36486e+00 | 47 -0.09836 -4.28438e+00 | 48 -0.06525 -4.11657e+00
 49 -0.12793 -1.70865e+00 | 50  0.06725 -1.06957e+00 | 51 -0.11918  7.35807e-02
 52 -0.04240  1.74342e-01 | 53 -0.09585  2.56736e-01 | 54 -0.06209  2.95993e-01
 55 -0.03574  3.70759e-01 | 56 -0.09085  3.32686e-01 | 57 -0.05160  4.73552e-01
 58 -0.00774  5.09415e-01 | 59 -0.02089  3.62031e-01 | 60 -0.03917  1.58305e-01
 61 -0.08108  2.29337e-01 | 62 -0.00901  3.20805e-01 | 63 -0.07716  1.40931e-01
 64 -0.12506  9.46094e-02 | 65 -0.05428  1.72287e-01 | 66 -0.12972  1.61592e-02
 67 -0.10259 -6.92668e-02 | 68 -0.09118  3.13497e-02 | 69 -0.00011  3.46984e-01
 70 -0.02251  2.24933e-01 | 71 -0.08425  7.00833e-02 | 72 -0.04233 -2.33051e-03
 73 -0.04150  2.55679e-03 | 74 -0.43802 -2.11464e+02 | 75 -0.59519  5.17390e+00
 76 -0.26931 -2.56706e+02 | 77 -1.02778 -1.74341e-01 | 78  5.61787  6.37934e+00
 79  3.38363  3.07106e-01 | 80  0.33116  2.58005e-01 | 81 -0.98968  4.18957e-04
81 variables; iteration 1400; function evaluation 1591; phase 3
Function value -1.1206271e+02; maximum gradient component mag -5.7779e+02
Var    Value     Gradient |Var    Value     Gradient |Var    Value     Gradient
  1  0.01613 -5.77786e+02 |  2 -0.00696 -7.43617e-01 |  3 -0.00810 -8.80601e-01
  4 -0.02423 -9.09173e-01 |  5 -0.02568 -1.10481e+00 |  6 -0.02723 -1.30299e+00
  7 -0.02892 -1.51299e+00 |  8 -0.03082 -1.77218e+00 |  9 -0.03274 -2.02708e+00
 10 -0.03489 -2.32123e+00 | 11 -0.03702 -2.62066e+00 | 12 -0.03928 -2.98072e+00
 13 -0.04141 -3.30844e+00 | 14 -0.04356 -3.65878e+00 | 15 -0.04698 -4.08361e+00
 16 -0.04920 -4.56256e+00 | 17 -0.05193 -5.06314e+00 | 18 -0.05364 -5.54708e+00
 19 -0.05479 -5.89598e+00 | 20 -0.05525 -6.13401e+00 | 21 -0.05515 -6.31703e+00
 22 -0.05360 -6.22370e+00 | 23 -0.05376 -6.72552e+00 | 24 -0.05330 -7.31832e+00
 25 -0.05300 -8.19558e+00 | 26 -0.05335 -9.62752e+00 | 27 -0.05018 -1.06200e+01
 28 -0.04421 -1.29282e+01 | 29 -0.01147 -1.89318e+01 | 30 -0.02752 -1.77900e+01
 31 -0.11802 -8.87045e+00 | 32 -0.15915 -6.11699e+00 | 33  0.02925 -2.63550e+01
 34 -0.13846 -6.10293e+00 | 35 -0.01725 -1.24960e+01 | 36 -0.03087 -9.08243e+00
 37 -0.05423 -6.22179e+00 | 38  0.01868 -9.72095e+00 | 39 -0.05529 -5.09070e+00
 40 -0.04645 -5.72307e+00 | 41 -0.04072 -5.72334e+00 | 42 -0.00399 -7.11440e+00
 43 -0.02492 -5.48780e+00 | 44 -0.04112 -4.37926e+00 | 45 -0.04415 -3.71229e+00
 46 -0.05294 -2.92457e+00 | 47 -0.09829 -1.47899e+00 | 48 -0.06541 -1.13283e+00
 49 -0.12707 -6.68687e-02 | 50  0.06712  3.96107e-01 | 51 -0.11913  1.21111e-01
 52 -0.04235  2.98828e-01 | 53 -0.09580  1.94586e-01 | 54 -0.06200  2.52092e-01
 55 -0.03573  3.02553e-01 | 56 -0.09082  1.62445e-01 | 57 -0.05151  2.09294e-01
 58 -0.00771  2.97219e-01 | 59 -0.02089  2.71115e-01 | 60 -0.03913  2.66631e-01
 61 -0.08101  1.65016e-01 | 62 -0.00899  3.02100e-01 | 63 -0.07720  1.92333e-01
 64 -0.12494  1.35951e-01 | 65 -0.05428  2.22027e-01 | 66 -0.12972  1.34303e-01
 67 -0.10251  1.77296e-01 | 68 -0.09103  1.41177e-01 | 69 -0.00007  1.35189e-01
 70 -0.02254  4.24635e-02 | 71 -0.08445 -1.16573e-02 | 72 -0.04231  1.00372e-03
 73 -0.04150 -3.66236e-04 | 74 -0.43831 -2.25549e+02 | 75 -0.60921  5.12780e+00
 76 -0.26929 -5.43165e+02 | 77 -1.02744 -4.62581e-01 | 78  5.61781  4.95920e+00
 79  3.38456  1.79795e-01 | 80  0.33116 -1.56723e-01 | 81 -0.98960  1.08863e-03
81 variables; iteration 1420; function evaluation 1614; phase 3
Function value -1.1206991e+02; maximum gradient component mag -1.6507e+03
Var    Value     Gradient |Var    Value     Gradient |Var    Value     Gradient
  1  0.01615 -1.65067e+03 |  2 -0.00691 -1.21848e+00 |  3 -0.00808 -1.46024e+00
  4 -0.02432 -1.55039e+00 |  5 -0.02566 -1.83006e+00 |  6 -0.02719 -2.15499e+00
  7 -0.02891 -2.52067e+00 |  8 -0.03074 -2.92222e+00 |  9 -0.03274 -3.37570e+00
 10 -0.03480 -3.83527e+00 | 11 -0.03699 -4.35785e+00 | 12 -0.03915 -4.91765e+00
 13 -0.04128 -5.46669e+00 | 14 -0.04364 -6.12395e+00 | 15 -0.04703 -6.81894e+00
 16 -0.04917 -7.57979e+00 | 17 -0.05194 -8.46956e+00 | 18 -0.05343 -9.19389e+00
 19 -0.05475 -9.78899e+00 | 20 -0.05530 -1.02401e+01 | 21 -0.05516 -1.05090e+01
 22 -0.05385 -1.04633e+01 | 23 -0.05418 -1.12575e+01 | 24 -0.05379 -1.22431e+01
 25 -0.05336 -1.36808e+01 | 26 -0.05149 -1.57084e+01 | 27 -0.05125 -1.81741e+01
 28 -0.04459 -2.17259e+01 | 29 -0.01101 -3.21091e+01 | 30 -0.02775 -3.17498e+01
 31 -0.11805 -1.66717e+01 | 32 -0.15896 -1.27098e+01 | 33  0.02924 -6.54193e+01
 34 -0.13850 -1.91925e+01 | 35 -0.01725 -5.20295e+01 | 36 -0.03087 -4.94881e+01
 37 -0.05432 -3.98102e+01 | 38  0.01873 -6.74228e+01 | 39 -0.05533 -3.54481e+01
 40 -0.04645 -3.63202e+01 | 41 -0.04075 -3.39013e+01 | 42 -0.00398 -3.87349e+01
 43 -0.02491 -2.76075e+01 | 44 -0.04112 -2.01863e+01 | 45 -0.04415 -1.61564e+01
 46 -0.05291 -1.19893e+01 | 47 -0.09832 -6.43354e+00 | 48 -0.06534 -5.54706e+00
 49 -0.12738 -1.60475e+00 | 50  0.06716 -9.00231e-02 | 51 -0.11914  2.51053e-01
 52 -0.04235  6.75459e-01 | 53 -0.09582  5.01716e-01 | 54 -0.06203  6.98748e-01
 55 -0.03573  8.44731e-01 | 56 -0.09083  5.51504e-01 | 57 -0.05155  7.34006e-01
 58 -0.00772  9.63969e-01 | 59 -0.02090  8.04579e-01 | 60 -0.03913  6.73618e-01
 61 -0.08104  5.02085e-01 | 62 -0.00901  8.63476e-01 | 63 -0.07718  4.77098e-01
 64 -0.12499  3.26730e-01 | 65 -0.05429  5.45779e-01 | 66 -0.12973  2.64048e-01
 67 -0.10255  2.82601e-01 | 68 -0.09109  2.78002e-01 | 69 -0.00009  4.54983e-01
 70 -0.02253  2.03864e-01 | 71 -0.08440  1.54735e-02 | 72 -0.04232  6.70080e-06
 73 -0.04150  2.11681e-04 | 74 -0.43873 -8.55205e+02 | 75 -0.63030  1.61828e+01
 76 -0.26929 -1.61568e+03 | 77 -1.02981 -1.66503e+00 | 78  5.61784  1.96879e+01
 79  3.38406  9.23659e-01 | 80  0.33116 -1.89282e-02 | 81 -0.98963  6.94842e-04
81 variables; iteration 1440; function evaluation 1635; phase 3
Function value -1.1207535e+02; maximum gradient component mag -1.2671e+03
Var    Value     Gradient |Var    Value     Gradient |Var    Value     Gradient
  1  0.01614 -1.26713e+03 |  2 -0.00695 -1.25170e+00 |  3 -0.00809 -1.48912e+00
  4 -0.02430 -1.57290e+00 |  5 -0.02565 -1.86014e+00 |  6 -0.02720 -2.19576e+00
  7 -0.02895 -2.57651e+00 |  8 -0.03076 -2.98239e+00 |  9 -0.03277 -3.44479e+00
 10 -0.03484 -3.91628e+00 | 11 -0.03702 -4.44657e+00 | 12 -0.03921 -5.02625e+00
 13 -0.04133 -5.58451e+00 | 14 -0.04366 -6.24614e+00 | 15 -0.04705 -6.95278e+00
 16 -0.04917 -7.72992e+00 | 17 -0.05197 -8.64569e+00 | 18 -0.05356 -9.41161e+00
 19 -0.05478 -9.99771e+00 | 20 -0.05516 -1.04273e+01 | 21 -0.05506 -1.07202e+01
 22 -0.05361 -1.06591e+01 | 23 -0.05361 -1.14232e+01 | 24 -0.05301 -1.24196e+01
 25 -0.05250 -1.39068e+01 | 26 -0.05272 -1.63611e+01 | 27 -0.05213 -1.88319e+01
 28 -0.04581 -2.24718e+01 | 29 -0.00877 -3.34123e+01 | 30 -0.02975 -3.28279e+01
 31 -0.11645 -1.65837e+01 | 32 -0.15885 -1.20637e+01 | 33  0.02916 -5.72101e+01
 34 -0.13841 -1.50432e+01 | 35 -0.01724 -3.64730e+01 | 36 -0.03088 -3.10725e+01
 37 -0.05429 -2.31371e+01 | 38  0.01873 -3.63667e+01 | 39 -0.05530 -1.82940e+01
 40 -0.04645 -1.86231e+01 | 41 -0.04073 -1.74790e+01 | 42 -0.00397 -2.02019e+01
 43 -0.02490 -1.48064e+01 | 44 -0.04111 -1.12093e+01 | 45 -0.04415 -9.41162e+00
 46 -0.05290 -7.20555e+00 | 47 -0.09832 -4.09212e+00 | 48 -0.06536 -3.72101e+00
 49 -0.12725 -1.17686e+00 | 50  0.06714 -1.62284e-01 | 51 -0.11912  1.38611e-01
 52 -0.04233  4.32991e-01 | 53 -0.09580  2.90652e-01 | 54 -0.06202  4.38681e-01
 55 -0.03574  5.36395e-01 | 56 -0.09083  3.61260e-01 | 57 -0.05154  4.80320e-01
 58 -0.00772  6.44077e-01 | 59 -0.02089  5.84368e-01 | 60 -0.03912  4.87470e-01
 61 -0.08103  3.58431e-01 | 62 -0.00901  6.19311e-01 | 63 -0.07718  3.36645e-01
 64 -0.12497  2.28034e-01 | 65 -0.05430  3.80087e-01 | 66 -0.12974  1.92292e-01
 67 -0.10254  2.12372e-01 | 68 -0.09107  1.90965e-01 | 69 -0.00009  3.04318e-01
 70 -0.02253  1.24389e-01 | 71 -0.08444  2.27370e-03 | 72 -0.04232  1.25563e-04
 73 -0.04150  2.48484e-04 | 74 -0.43905 -6.38439e+02 | 75 -0.64828  1.09384e+01
 76 -0.26929 -1.20038e+03 | 77 -1.03133 -1.29127e+00 | 78  5.61780  1.42937e+01
 79  3.38490  6.42164e-01 | 80  0.33116  5.29678e-02 | 81 -0.98965 -4.38349e-04
81 variables; iteration 1460; function evaluation 1658; phase 3
Function value -1.1208234e+02; maximum gradient component mag -8.9311e+02
Var    Value     Gradient |Var    Value     Gradient |Var    Value     Gradient
  1  0.01614 -8.73856e+02 |  2 -0.00696 -2.31394e-01 |  3 -0.00811 -2.68612e-01
  4 -0.02430 -2.79675e-01 |  5 -0.02570 -3.42834e-01 |  6 -0.02726 -4.06408e-01
  7 -0.02895 -4.66641e-01 |  8 -0.03079 -5.34234e-01 |  9 -0.03279 -6.24561e-01
 10 -0.03487 -7.02297e-01 | 11 -0.03703 -7.95481e-01 | 12 -0.03921 -8.92870e-01
 13 -0.04134 -9.91737e-01 | 14 -0.04366 -1.12302e+00 | 15 -0.04707 -1.25457e+00
 16 -0.04921 -1.39513e+00 | 17 -0.05200 -1.51883e+00 | 18 -0.05359 -1.65958e+00
 19 -0.05470 -1.78140e+00 | 20 -0.05524 -1.84424e+00 | 21 -0.05512 -1.92140e+00
 22 -0.05356 -1.83401e+00 | 23 -0.05367 -2.05574e+00 | 24 -0.05303 -2.22137e+00
 25 -0.05264 -2.49504e+00 | 26 -0.05292 -2.97960e+00 | 27 -0.05169 -3.44795e+00
 28 -0.04519 -4.35779e+00 | 29 -0.00947 -6.35633e+00 | 30 -0.02927 -7.57664e+00
 31 -0.11663 -4.52227e+00 | 32 -0.15898 -4.35158e+00 | 33  0.02920 -2.86545e+01
 34 -0.13846 -1.04197e+01 | 35 -0.01722 -3.33784e+01 | 36 -0.03087 -3.54361e+01
 37 -0.05431 -3.06133e+01 | 38  0.01876 -5.50945e+01 | 39 -0.05531 -2.96612e+01
 40 -0.04644 -3.04832e+01 | 41 -0.04073 -2.80729e+01 | 42 -0.00396 -3.14204e+01
 43 -0.02489 -2.16584e+01 | 44 -0.04110 -1.51000e+01 | 45 -0.04413 -1.14897e+01
 46 -0.05287 -8.06175e+00 | 47 -0.09832 -4.18216e+00 | 48 -0.06532 -3.57278e+00
 49 -0.12738 -1.03798e+00 | 50  0.06717 -3.26113e-01 | 51 -0.11910  8.62638e-02
 52 -0.04231  3.11555e-01 | 53 -0.09580  2.32038e-01 | 54 -0.06203  3.47070e-01
 55 -0.03572  4.19011e-01 | 56 -0.09082  2.72383e-01 | 57 -0.05155  3.55206e-01
 58 -0.00771  4.57556e-01 | 59 -0.02089  3.85221e-01 | 60 -0.03910  3.17871e-01
 61 -0.08104  2.33749e-01 | 62 -0.00901  4.00803e-01 | 63 -0.07716  2.19193e-01
 64 -0.12498  1.47122e-01 | 65 -0.05430  2.40808e-01 | 66 -0.12973  1.19781e-01
 67 -0.10255  1.32326e-01 | 68 -0.09109  1.28904e-01 | 69 -0.00009  2.06731e-01
 70 -0.02252  8.63456e-02 | 71 -0.08442  2.04483e-03 | 72 -0.04232  2.13535e-04
 73 -0.04151  1.80177e-04 | 74 -0.43941 -5.97262e+02 | 75 -0.67126  8.90879e+00
 76 -0.26929 -8.93113e+02 | 77 -1.03374 -1.01912e+00 | 78  5.61777  1.20457e+01
 79  3.38533  5.71765e-01 | 80  0.33116 -5.26081e-02 | 81 -0.98961  1.95307e-03
81 variables; iteration 1480; function evaluation 1678; phase 3
Function value -1.1208657e+02; maximum gradient component mag -1.1788e+03
Var    Value     Gradient |Var    Value     Gradient |Var    Value     Gradient
  1  0.01614 -1.17885e+03 |  2 -0.00694 -8.39032e-01 |  3 -0.00811 -1.00461e+00
  4 -0.02432 -1.06082e+00 |  5 -0.02569 -1.25949e+00 |  6 -0.02723 -1.48249e+00
  7 -0.02895 -1.73414e+00 |  8 -0.03082 -2.01774e+00 |  9 -0.03279 -2.32203e+00
 10 -0.03489 -2.64445e+00 | 11 -0.03706 -3.00023e+00 | 12 -0.03926 -3.39357e+00
 13 -0.04140 -3.77209e+00 | 14 -0.04368 -4.20923e+00 | 15 -0.04707 -4.68874e+00
 16 -0.04923 -5.21758e+00 | 17 -0.05200 -5.81343e+00 | 18 -0.05361 -6.33661e+00
 19 -0.05480 -6.74319e+00 | 20 -0.05525 -7.02648e+00 | 21 -0.05508 -7.21819e+00
 22 -0.05359 -7.15071e+00 | 23 -0.05366 -7.70798e+00 | 24 -0.05313 -8.40347e+00
 25 -0.05272 -9.45045e+00 | 26 -0.05269 -1.11649e+01 | 27 -0.05253 -1.31693e+01
 28 -0.04295 -1.57544e+01 | 29 -0.01125 -2.45237e+01 | 30 -0.02808 -2.49454e+01
 31 -0.11739 -1.31372e+01 | 32 -0.15910 -1.02016e+01 | 33  0.02924 -5.28124e+01
 34 -0.13851 -1.53433e+01 | 35 -0.01721 -4.08557e+01 | 36 -0.03087 -3.77434e+01
 37 -0.05429 -2.96559e+01 | 38  0.01876 -4.89265e+01 | 39 -0.05530 -2.48955e+01
 40 -0.04643 -2.46455e+01 | 41 -0.04071 -2.22184e+01 | 42 -0.00396 -2.44178e+01
 43 -0.02489 -1.66682e+01 | 44 -0.04110 -1.16551e+01 | 45 -0.04412 -8.93398e+00
 46 -0.05288 -6.32635e+00 | 47 -0.09832 -3.27430e+00 | 48 -0.06532 -2.74248e+00
 49 -0.12733 -7.28126e-01 | 50  0.06716  2.27507e-03 | 51 -0.11909  1.24919e-01
 52 -0.04231  3.46311e-01 | 53 -0.09579  2.51031e-01 | 54 -0.06202  3.46137e-01
 55 -0.03572  4.21721e-01 | 56 -0.09082  2.70548e-01 | 57 -0.05154  3.55494e-01
 58 -0.00771  4.66581e-01 | 59 -0.02089  3.99012e-01 | 60 -0.03910  3.38816e-01
 61 -0.08104  2.46211e-01 | 62 -0.00901  4.34675e-01 | 63 -0.07716  2.42923e-01
 64 -0.12498  1.66589e-01 | 65 -0.05430  2.82872e-01 | 66 -0.12974  1.40287e-01
 67 -0.10255  1.55135e-01 | 68 -0.09109  1.44157e-01 | 69 -0.00009  2.27263e-01
 70 -0.02252  1.05109e-01 | 71 -0.08441  5.77218e-03 | 72 -0.04232  3.65536e-04
 73 -0.04151  1.41451e-04 | 74 -0.43965 -7.21102e+02 | 75 -0.68881  9.65672e+00
 76 -0.26929 -1.15272e+03 | 77 -1.03535 -1.40968e+00 | 78  5.61774  1.45259e+01
 79  3.38598  6.76477e-01 | 80  0.33116 -1.22707e-01 | 81 -0.98964 -2.45809e-04
81 variables; iteration 1500; function evaluation 1700; phase 3
Function value -1.1208992e+02; maximum gradient component mag -6.7858e+02
Var    Value     Gradient |Var    Value     Gradient |Var    Value     Gradient
  1  0.01614 -6.78583e+02 |  2 -0.00696 -6.23775e-01 |  3 -0.00811 -7.40619e-01
  4 -0.02429 -7.75033e-01 |  5 -0.02569 -9.31258e-01 |  6 -0.02724 -1.09657e+00
  7 -0.02894 -1.27763e+00 |  8 -0.03079 -1.48112e+00 |  9 -0.03278 -1.70991e+00
 10 -0.03486 -1.94265e+00 | 11 -0.03703 -2.20309e+00 | 12 -0.03921 -2.48621e+00
 13 -0.04135 -2.76436e+00 | 14 -0.04364 -3.09281e+00 | 15 -0.04705 -3.44825e+00
 16 -0.04921 -3.83880e+00 | 17 -0.05198 -4.25909e+00 | 18 -0.05358 -4.64328e+00
 19 -0.05476 -4.94951e+00 | 20 -0.05521 -5.14307e+00 | 21 -0.05513 -5.30955e+00
 22 -0.05364 -5.23610e+00 | 23 -0.05380 -5.68259e+00 | 24 -0.05326 -6.18328e+00
 25 -0.05291 -6.94501e+00 | 26 -0.05313 -8.21698e+00 | 27 -0.05098 -9.34300e+00
 28 -0.04410 -1.14976e+01 | 29 -0.01107 -1.74938e+01 | 30 -0.02795 -1.72282e+01
 31 -0.11761 -8.89209e+00 | 32 -0.15906 -6.57278e+00 | 33  0.02925 -3.17926e+01
 34 -0.13853 -8.60051e+00 | 35 -0.01721 -2.13045e+01 | 36 -0.03087 -1.84406e+01
 37 -0.05430 -1.38994e+01 | 38  0.01876 -2.21750e+01 | 39 -0.05530 -1.10840e+01
 40 -0.04643 -1.08943e+01 | 41 -0.04071 -9.80382e+00 | 42 -0.00395 -1.08934e+01
 43 -0.02488 -7.53962e+00 | 44 -0.04109 -5.40688e+00 | 45 -0.04412 -4.26974e+00
 46 -0.05286 -3.08943e+00 | 47 -0.09832 -1.65012e+00 | 48 -0.06531 -1.38032e+00
 49 -0.12735 -3.58256e-01 | 50  0.06716  9.31211e-02 | 51 -0.11909  8.54579e-02
 52 -0.04230  2.16645e-01 | 53 -0.09579  1.42596e-01 | 54 -0.06203  2.06374e-01
 55 -0.03572  2.49184e-01 | 56 -0.09082  1.55515e-01 | 57 -0.05155  1.92770e-01
 58 -0.00771  2.57547e-01 | 59 -0.02089  2.26149e-01 | 60 -0.03909  1.94351e-01
 61 -0.08105  1.39442e-01 | 62 -0.00901  2.47587e-01 | 63 -0.07715  1.38817e-01
 64 -0.12498  9.67876e-02 | 65 -0.05431  1.65528e-01 | 66 -0.12974  8.78776e-02
 67 -0.10255  9.71603e-02 | 68 -0.09110  8.63587e-02 | 69 -0.00010  1.10494e-01
 70 -0.02252  4.43035e-02 | 71 -0.08443 -9.20225e-04 | 72 -0.04232  2.52787e-04
 73 -0.04151  1.31315e-05 | 74 -0.43983 -4.04244e+02 | 75 -0.70273  5.06802e+00
 76 -0.26928 -6.54170e+02 | 77 -1.03694 -8.13460e-01 | 78  5.61774  7.98199e+00
 79  3.38608  3.44527e-01 | 80  0.33116 -6.57869e-02 | 81 -0.98962  3.41492e-04
81 variables; iteration 1520; function evaluation 1721; phase 3
Function value -1.1209377e+02; maximum gradient component mag -8.1886e+02
Var    Value     Gradient |Var    Value     Gradient |Var    Value     Gradient
  1  0.01614 -8.18863e+02 |  2 -0.00694 -3.97179e-01 |  3 -0.00810 -4.72209e-01
  4 -0.02432 -5.00325e-01 |  5 -0.02569 -5.95376e-01 |  6 -0.02723 -7.01371e-01
  7 -0.02895 -8.18135e-01 |  8 -0.03081 -9.49844e-01 |  9 -0.03278 -1.09445e+00
 10 -0.03488 -1.24417e+00 | 11 -0.03705 -1.41180e+00 | 12 -0.03924 -1.59355e+00
 13 -0.04137 -1.76895e+00 | 14 -0.04367 -1.98185e+00 | 15 -0.04707 -2.20965e+00
 16 -0.04919 -2.45165e+00 | 17 -0.05205 -2.72659e+00 | 18 -0.05364 -2.97119e+00
 19 -0.05473 -3.15894e+00 | 20 -0.05523 -3.27964e+00 | 21 -0.05510 -3.38815e+00
 22 -0.05354 -3.29983e+00 | 23 -0.05367 -3.61990e+00 | 24 -0.05306 -3.92988e+00
 25 -0.05263 -4.39954e+00 | 26 -0.05287 -5.21314e+00 | 27 -0.05207 -6.12486e+00
 28 -0.04436 -7.30727e+00 | 29 -0.01009 -1.11043e+01 | 30 -0.02887 -1.16782e+01
 31 -0.11684 -6.34604e+00 | 32 -0.15900 -5.30435e+00 | 33  0.02921 -3.02110e+01
 34 -0.13850 -9.79920e+00 | 35 -0.01720 -2.90236e+01 | 36 -0.03087 -2.92683e+01
 37 -0.05430 -2.45188e+01 | 38  0.01877 -4.31097e+01 | 39 -0.05529 -2.28982e+01
 40 -0.04643 -2.34047e+01 | 41 -0.04071 -2.15340e+01 | 42 -0.00395 -2.41218e+01
 43 -0.02488 -1.66816e+01 | 44 -0.04109 -1.17279e+01 | 45 -0.04412 -9.02490e+00
 46 -0.05286 -6.39177e+00 | 47 -0.09832 -3.37120e+00 | 48 -0.06531 -2.88485e+00
 49 -0.12735 -8.24666e-01 | 50  0.06716 -2.33009e-01 | 51 -0.11908  8.20256e-02
 52 -0.04230  2.78414e-01 | 53 -0.09578  2.11953e-01 | 54 -0.06203  3.06639e-01
 55 -0.03572  3.70526e-01 | 56 -0.09083  2.35223e-01 | 57 -0.05155  3.06921e-01
 58 -0.00771  3.97146e-01 | 59 -0.02089  3.35789e-01 | 60 -0.03908  2.79439e-01
 61 -0.08105  2.09932e-01 | 62 -0.00902  3.60866e-01 | 63 -0.07715  1.96543e-01
 64 -0.12498  1.35597e-01 | 65 -0.05431  2.26217e-01 | 66 -0.12975  1.14629e-01
 67 -0.10255  1.27446e-01 | 68 -0.09110  1.25571e-01 | 69 -0.00010  1.98122e-01
 70 -0.02252  8.39926e-02 | 71 -0.08443  3.81714e-03 | 72 -0.04232  1.81263e-04
 73 -0.04151  2.57952e-04 | 74 -0.44005 -6.03804e+02 | 75 -0.72189  6.63385e+00
 76 -0.26928 -8.18379e+02 | 77 -1.03903 -1.09505e+00 | 78  5.61770  1.05619e+01
 79  3.38659  4.90763e-01 | 80  0.33116 -1.75835e-02 | 81 -0.98962  1.02782e-03
81 variables; iteration 1540; function evaluation 1743; phase 3
Function value -1.1209782e+02; maximum gradient component mag -6.7349e+02
Var    Value     Gradient |Var    Value     Gradient |Var    Value     Gradient
  1  0.01615 -6.73493e+02 |  2 -0.00690 -5.81163e-01 |  3 -0.00809 -7.02705e-01
  4 -0.02438 -7.62974e-01 |  5 -0.02565 -8.77840e-01 |  6 -0.02718 -1.03200e+00
  7 -0.02892 -1.21544e+00 |  8 -0.03078 -1.41279e+00 |  9 -0.03276 -1.62900e+00
 10 -0.03487 -1.85674e+00 | 11 -0.03704 -2.10866e+00 | 12 -0.03925 -2.38517e+00
 13 -0.04137 -2.64665e+00 | 14 -0.04366 -2.95885e+00 | 15 -0.04705 -3.29371e+00
 16 -0.04913 -3.64462e+00 | 17 -0.05215 -4.11487e+00 | 18 -0.05371 -4.46830e+00
 19 -0.05466 -4.70240e+00 | 20 -0.05525 -4.92072e+00 | 21 -0.05513 -5.07139e+00
 22 -0.05360 -4.98580e+00 | 23 -0.05371 -5.40245e+00 | 24 -0.05311 -5.85655e+00
 25 -0.05274 -6.55688e+00 | 26 -0.05300 -7.71133e+00 | 27 -0.05153 -8.77593e+00
 28 -0.04469 -1.05439e+01 | 29 -0.01017 -1.54508e+01 | 30 -0.02872 -1.51567e+01
 31 -0.11702 -7.65972e+00 | 32 -0.15895 -5.66818e+00 | 33  0.02921 -2.77409e+01
 34 -0.13853 -7.75028e+00 | 35 -0.01719 -2.02028e+01 | 36 -0.03088 -1.84494e+01
 37 -0.05430 -1.43239e+01 | 38  0.01877 -2.33312e+01 | 39 -0.05529 -1.18893e+01
 40 -0.04644 -1.20884e+01 | 41 -0.04071 -1.12692e+01 | 42 -0.00395 -1.29354e+01
 43 -0.02489 -9.39575e+00 | 44 -0.04109 -7.10385e+00 | 45 -0.04412 -5.94781e+00
 46 -0.05285 -4.61150e+00 | 47 -0.09833 -2.68150e+00 | 48 -0.06531 -2.50313e+00
 49 -0.12734 -8.28792e-01 | 50  0.06715 -2.17887e-01 | 51 -0.11907  9.67944e-02
 52 -0.04231  2.57142e-01 | 53 -0.09577  1.97724e-01 | 54 -0.06205  2.72365e-01
 55 -0.03573  3.36544e-01 | 56 -0.09084  2.23190e-01 | 57 -0.05156  2.97586e-01
 58 -0.00772  3.85609e-01 | 59 -0.02090  3.26918e-01 | 60 -0.03909  2.59931e-01
 61 -0.08105  2.17422e-01 | 62 -0.00903  3.66259e-01 | 63 -0.07715  1.97642e-01
 64 -0.12499  1.39059e-01 | 65 -0.05433  2.26618e-01 | 66 -0.12976  1.03289e-01
 67 -0.10256  9.98240e-02 | 68 -0.09110  1.05194e-01 | 69 -0.00011  2.06986e-01
 70 -0.02253  8.88394e-02 | 71 -0.08442  1.12914e-02 | 72 -0.04233 -3.82756e-04
 73 -0.04151  5.60722e-04 | 74 -0.44028 -4.70113e+02 | 75 -0.74495  4.51637e+00
 76 -0.26928 -6.42769e+02 | 77 -1.04168 -9.15018e-01 | 78  5.61769  7.91631e+00
 79  3.38696  3.44503e-01 | 80  0.33116  1.79133e-01 | 81 -0.98962  6.45796e-04
81 variables; iteration 1560; function evaluation 1764; phase 3
Function value -1.1210140e+02; maximum gradient component mag -1.3479e+03
Var    Value     Gradient |Var    Value     Gradient |Var    Value     Gradient
  1  0.01614 -1.34787e+03 |  2 -0.00697 -9.35597e-01 |  3 -0.00814 -1.11804e+00
  4 -0.02428 -1.16340e+00 |  5 -0.02566 -1.38437e+00 |  6 -0.02718 -1.62655e+00
  7 -0.02896 -1.91703e+00 |  8 -0.03078 -2.21710e+00 |  9 -0.03277 -2.55999e+00
 10 -0.03487 -2.91422e+00 | 11 -0.03703 -3.30379e+00 | 12 -0.03919 -3.72854e+00
 13 -0.04132 -4.14318e+00 | 14 -0.04368 -4.64688e+00 | 15 -0.04707 -5.17440e+00
 16 -0.04927 -5.77130e+00 | 17 -0.05192 -6.39986e+00 | 18 -0.05344 -6.95483e+00
 19 -0.05494 -7.47648e+00 | 20 -0.05508 -7.71479e+00 | 21 -0.05514 -7.98193e+00
 22 -0.05370 -7.92440e+00 | 23 -0.05381 -8.53658e+00 | 24 -0.05301 -9.23596e+00
 25 -0.05271 -1.04036e+01 | 26 -0.05296 -1.23248e+01 | 27 -0.05211 -1.43436e+01
 28 -0.04383 -1.73031e+01 | 29 -0.01060 -2.65812e+01 | 30 -0.02850 -2.70437e+01
 31 -0.11708 -1.42528e+01 | 32 -0.15904 -1.10987e+01 | 33  0.02923 -5.76538e+01
 34 -0.13855 -1.69032e+01 | 35 -0.01719 -4.54345e+01 | 36 -0.03087 -4.24055e+01
 37 -0.05431 -3.39937e+01 | 38  0.01878 -5.78828e+01 | 39 -0.05529 -3.01955e+01
 40 -0.04644 -3.06276e+01 | 41 -0.04070 -2.78273e+01 | 42 -0.00395 -3.10702e+01
 43 -0.02488 -2.12021e+01 | 44 -0.04109 -1.47197e+01 | 45 -0.04411 -1.11848e+01
 46 -0.05285 -7.69738e+00 | 47 -0.09833 -3.90725e+00 | 48 -0.06530 -3.18863e+00
 49 -0.12740 -6.18185e-01 | 50  0.06717  2.19619e-01 | 51 -0.11907  1.79717e-01
 52 -0.04228  4.38995e-01 | 53 -0.09579  2.70757e-01 | 54 -0.06203  4.25258e-01
 55 -0.03572  4.96973e-01 | 56 -0.09083  3.10951e-01 | 57 -0.05156  3.90772e-01
 58 -0.00771  5.35322e-01 | 59 -0.02089  4.83607e-01 | 60 -0.03908  4.20271e-01
 61 -0.08106  3.17511e-01 | 62 -0.00902  5.69425e-01 | 63 -0.07714  3.03300e-01
 64 -0.12499  2.10883e-01 | 65 -0.05432  3.56837e-01 | 66 -0.12975  1.95776e-01
 67 -0.10257  2.21583e-01 | 68 -0.09112  2.08923e-01 | 69 -0.00011  3.22122e-01
 70 -0.02251  1.40750e-01 | 71 -0.08442  6.20572e-03 | 72 -0.04232  8.45464e-04
 73 -0.04151 -1.67672e-05 | 74 -0.44050 -1.02949e+03 | 75 -0.77027  8.26694e+00
 76 -0.26928 -1.33168e+03 | 77 -1.04447 -2.09303e+00 | 78  5.61762  1.60159e+01
 79  3.38807  7.61216e-01 | 80  0.33116 -3.01643e-02 | 81 -0.98962  4.24357e-04
81 variables; iteration 1580; function evaluation 1786; phase 3
Function value -1.1210437e+02; maximum gradient component mag -4.7377e+02
Var    Value     Gradient |Var    Value     Gradient |Var    Value     Gradient
  1  0.01614 -4.65071e+02 |  2 -0.00694 -1.81729e-01 |  3 -0.00812 -2.19281e-01
  4 -0.02430 -2.23089e-01 |  5 -0.02567 -2.70780e-01 |  6 -0.02720 -3.16199e-01
  7 -0.02894 -3.72935e-01 |  8 -0.03079 -4.30176e-01 |  9 -0.03277 -4.99946e-01
 10 -0.03487 -5.67945e-01 | 11 -0.03704 -6.43757e-01 | 12 -0.03923 -7.24329e-01
 13 -0.04136 -8.03694e-01 | 14 -0.04366 -9.06223e-01 | 15 -0.04707 -1.01398e+00
 16 -0.04918 -1.12008e+00 | 17 -0.05198 -1.21013e+00 | 18 -0.05357 -1.32474e+00
 19 -0.05476 -1.45039e+00 | 20 -0.05520 -1.46580e+00 | 21 -0.05513 -1.54642e+00
 22 -0.05358 -1.46017e+00 | 23 -0.05373 -1.66598e+00 | 24 -0.05314 -1.80991e+00
 25 -0.05278 -2.03889e+00 | 26 -0.05300 -2.43710e+00 | 27 -0.05166 -2.83685e+00
 28 -0.04452 -3.57581e+00 | 29 -0.01020 -5.49746e+00 | 30 -0.02874 -6.05284e+00
 31 -0.11695 -3.40292e+00 | 32 -0.15896 -2.96067e+00 | 33  0.02922 -1.75099e+01
 34 -0.13855 -5.80279e+00 | 35 -0.01718 -1.74455e+01 | 36 -0.03088 -1.76872e+01
 37 -0.05430 -1.50016e+01 | 38  0.01878 -2.67811e+01 | 39 -0.05529 -1.42961e+01
 40 -0.04644 -1.45832e+01 | 41 -0.04070 -1.32219e+01 | 42 -0.00395 -1.46252e+01
 43 -0.02488 -9.80215e+00 | 44 -0.04109 -6.61383e+00 | 45 -0.04411 -4.85308e+00
 46 -0.05285 -3.20682e+00 | 47 -0.09833 -1.57073e+00 | 48 -0.06530 -1.19538e+00
 49 -0.12736 -1.87945e-01 | 50  0.06715  2.37054e-02 | 51 -0.11906  4.86463e-02
 52 -0.04228  1.37868e-01 | 53 -0.09578  9.31304e-02 | 54 -0.06204  1.42399e-01
 55 -0.03573  1.68811e-01 | 56 -0.09083  1.01342e-01 | 57 -0.05156  1.27023e-01
 58 -0.00771  1.74853e-01 | 59 -0.02090  1.54267e-01 | 60 -0.03907  1.35201e-01
 61 -0.08106  1.03645e-01 | 62 -0.00902  1.83474e-01 | 63 -0.07715  9.80314e-02
 64 -0.12499  7.25465e-02 | 65 -0.05433  1.23002e-01 | 66 -0.12976  6.99340e-02
 67 -0.10257  8.50248e-02 | 68 -0.09111  8.71957e-02 | 69 -0.00012  1.31891e-01
 70 -0.02252  5.84042e-02 | 71 -0.08442  4.20546e-03 | 72 -0.04233  3.57988e-04
 73 -0.04151  4.13545e-05 | 74 -0.44066 -4.07301e+02 | 75 -0.79266  2.88412e+00
 76 -0.26927 -4.73765e+02 | 77 -1.04715 -7.57404e-01 | 78  5.61760  6.10604e+00
 79  3.38862  2.69160e-01 | 80  0.33116 -5.10054e-02 | 81 -0.98962  7.82494e-04
81 variables; iteration 1600; function evaluation 1809; phase 3
Function value -1.1210693e+02; maximum gradient component mag -5.7787e+02
Var    Value     Gradient |Var    Value     Gradient |Var    Value     Gradient
  1  0.01614 -5.63298e+02 |  2 -0.00693 -1.95350e-01 |  3 -0.00812 -2.38567e-01
  4 -0.02429 -2.39669e-01 |  5 -0.02568 -2.95089e-01 |  6 -0.02720 -3.42851e-01
  7 -0.02893 -4.03688e-01 |  8 -0.03078 -4.66506e-01 |  9 -0.03278 -5.44261e-01
 10 -0.03488 -6.17899e-01 | 11 -0.03705 -7.00773e-01 | 12 -0.03922 -7.86170e-01
 13 -0.04137 -8.76244e-01 | 14 -0.04367 -9.85307e-01 | 15 -0.04709 -1.10570e+00
 16 -0.04916 -1.20815e+00 | 17 -0.05197 -1.31213e+00 | 18 -0.05358 -1.44292e+00
 19 -0.05473 -1.56175e+00 | 20 -0.05522 -1.60099e+00 | 21 -0.05514 -1.68092e+00
 22 -0.05353 -1.57733e+00 | 23 -0.05375 -1.80948e+00 | 24 -0.05328 -1.99932e+00
 25 -0.05292 -2.25263e+00 | 26 -0.05304 -2.67128e+00 | 27 -0.05147 -3.08528e+00
 28 -0.04406 -3.92036e+00 | 29 -0.01078 -6.40408e+00 | 30 -0.02829 -6.87729e+00
 31 -0.11725 -4.01320e+00 | 32 -0.15896 -3.49626e+00 | 33  0.02922 -2.09990e+01
 34 -0.13857 -7.04829e+00 | 35 -0.01718 -2.14686e+01 | 36 -0.03088 -2.20055e+01
 37 -0.05429 -1.87917e+01 | 38  0.01878 -3.38079e+01 | 39 -0.05529 -1.81064e+01
 40 -0.04644 -1.84052e+01 | 41 -0.04069 -1.66128e+01 | 42 -0.00395 -1.82594e+01
 43 -0.02488 -1.20961e+01 | 44 -0.04109 -8.03034e+00 | 45 -0.04411 -5.76432e+00
 46 -0.05285 -3.68216e+00 | 47 -0.09833 -1.73115e+00 | 48 -0.06531 -1.18652e+00
 49 -0.12733 -5.97125e-02 | 50  0.06715  9.84698e-02 | 51 -0.11906  5.51524e-02
 52 -0.04228  1.51458e-01 | 53 -0.09578  1.09850e-01 | 54 -0.06204  1.64293e-01
 55 -0.03573  1.94690e-01 | 56 -0.09083  1.10980e-01 | 57 -0.05156  1.40500e-01
 58 -0.00771  1.95019e-01 | 59 -0.02090  1.65931e-01 | 60 -0.03907  1.47603e-01
 61 -0.08106  1.17617e-01 | 62 -0.00903  2.04092e-01 | 63 -0.07715  1.06566e-01
 64 -0.12499  8.22952e-02 | 65 -0.05433  1.41535e-01 | 66 -0.12977  8.34089e-02
 67 -0.10257  1.05823e-01 | 68 -0.09111  1.14917e-01 | 69 -0.00012  1.71242e-01
 70 -0.02252  7.93608e-02 | 71 -0.08441  8.03560e-03 | 72 -0.04233  4.26404e-04
 73 -0.04151  4.30568e-05 | 74 -0.44081 -5.17159e+02 | 75 -0.81714  3.06522e+00
 76 -0.26926 -5.77870e+02 | 77 -1.05007 -9.99642e-01 | 78  5.61754  7.44661e+00
 79  3.38958  3.42366e-01 | 80  0.33116 -8.22904e-02 | 81 -0.98962  8.81704e-04
81 variables; iteration 1620; function evaluation 1830; phase 3
Function value -1.1210902e+02; maximum gradient component mag -4.1592e+02
Var    Value     Gradient |Var    Value     Gradient |Var    Value     Gradient
  1  0.01614 -4.15916e+02 |  2 -0.00693 -3.58683e-01 |  3 -0.00814 -4.39013e-01
  4 -0.02426 -4.39845e-01 |  5 -0.02569 -5.43476e-01 |  6 -0.02722 -6.36607e-01
  7 -0.02894 -7.44658e-01 |  8 -0.03079 -8.61742e-01 |  9 -0.03279 -1.00108e+00
 10 -0.03489 -1.13763e+00 | 11 -0.03707 -1.29341e+00 | 12 -0.03925 -1.45622e+00
 13 -0.04140 -1.62233e+00 | 14 -0.04366 -1.80642e+00 | 15 -0.04711 -2.02671e+00
 16 -0.04917 -2.22951e+00 | 17 -0.05193 -2.44849e+00 | 18 -0.05359 -2.69069e+00
 19 -0.05470 -2.87125e+00 | 20 -0.05523 -2.98291e+00 | 21 -0.05514 -3.09510e+00
 22 -0.05347 -2.97502e+00 | 23 -0.05366 -3.29229e+00 | 24 -0.05318 -3.60705e+00
 25 -0.05280 -4.04959e+00 | 26 -0.05300 -4.79694e+00 | 27 -0.05188 -5.60483e+00
 28 -0.04424 -6.77169e+00 | 29 -0.01031 -1.03313e+01 | 30 -0.02872 -1.04257e+01
 31 -0.11692 -5.26447e+00 | 32 -0.15888 -3.90220e+00 | 33  0.02920 -1.89765e+01
 34 -0.13854 -5.06710e+00 | 35 -0.01717 -1.28839e+01 | 36 -0.03088 -1.14112e+01
 37 -0.05430 -8.98913e+00 | 38  0.01879 -1.51797e+01 | 39 -0.05529 -7.88793e+00
 40 -0.04643 -7.82298e+00 | 41 -0.04069 -6.98809e+00 | 42 -0.00395 -7.64095e+00
 43 -0.02488 -5.02710e+00 | 44 -0.04109 -3.35530e+00 | 45 -0.04411 -2.42696e+00
 46 -0.05285 -1.52554e+00 | 47 -0.09833 -6.77670e-01 | 48 -0.06530 -3.00503e-01
 49 -0.12735  1.29910e-01 | 50  0.06715  2.71138e-01 | 51 -0.11906  5.42692e-02
 52 -0.04227  1.20943e-01 | 53 -0.09577  8.14410e-02 | 54 -0.06204  1.13689e-01
 55 -0.03572  1.37069e-01 | 56 -0.09083  7.11350e-02 | 57 -0.05156  8.52457e-02
 58 -0.00771  1.18388e-01 | 59 -0.02090  1.03393e-01 | 60 -0.03907  9.13754e-02
 61 -0.08106  6.64857e-02 | 62 -0.00903  1.15591e-01 | 63 -0.07715  5.98525e-02
 64 -0.12499  5.51140e-02 | 65 -0.05434  1.03153e-01 | 66 -0.12977  6.97587e-02
 67 -0.10257  8.65981e-02 | 68 -0.09112  8.92253e-02 | 69 -0.00012  1.13714e-01
 70 -0.02252  5.87127e-02 | 71 -0.08441  6.28432e-03 | 72 -0.04232  4.98625e-04
 73 -0.04151  2.78101e-05 | 74 -0.44094 -3.33023e+02 | 75 -0.84081  1.68131e+00
 76 -0.26926 -4.07227e+02 | 77 -1.05303 -7.38675e-01 | 78  5.61749  4.81767e+00
 79  3.39059  1.94592e-01 | 80  0.33116 -2.05330e-01 | 81 -0.98964 -7.42614e-05
81 variables; iteration 1640; function evaluation 1853; phase 3
Function value -1.1211069e+02; maximum gradient component mag -7.3430e+01
Var    Value     Gradient |Var    Value     Gradient |Var    Value     Gradient
  1  0.01614 -7.34303e+01 |  2 -0.00693 -5.59650e-02 |  3 -0.00813 -7.63052e-02
  4 -0.02427 -6.08700e-02 |  5 -0.02568 -8.78193e-02 |  6 -0.02722 -1.04311e-01
  7 -0.02894 -1.20844e-01 |  8 -0.03080 -1.41391e-01 |  9 -0.03278 -1.63840e-01
 10 -0.03488 -1.85115e-01 | 11 -0.03707 -2.15892e-01 | 12 -0.03927 -2.43109e-01
 13 -0.04142 -2.71080e-01 | 14 -0.04362 -2.84157e-01 | 15 -0.04707 -3.32351e-01
 16 -0.04917 -3.57159e-01 | 17 -0.05196 -3.48880e-01 | 18 -0.05366 -4.22231e-01
 19 -0.05468 -4.42721e-01 | 20 -0.05528 -4.60223e-01 | 21 -0.05513 -4.90711e-01
 22 -0.05351 -3.82377e-01 | 23 -0.05363 -5.07049e-01 | 24 -0.05321 -5.95278e-01
 25 -0.05285 -6.56917e-01 | 26 -0.05303 -7.71921e-01 | 27 -0.05180 -9.04000e-01
 28 -0.04396 -1.00019e+00 | 29 -0.01067 -1.61748e+00 | 30 -0.02840 -1.49211e+00
 31 -0.11720 -7.61640e-01 | 32 -0.15891 -5.32898e-01 | 33  0.02923 -2.51203e+00
 34 -0.13856 -6.07712e-01 | 35 -0.01717 -1.84737e+00 | 36 -0.03087 -1.74389e+00
 37 -0.05432 -1.58072e+00 | 38  0.01880 -3.00021e+00 | 39 -0.05529 -1.68136e+00
 40 -0.04643 -1.75022e+00 | 41 -0.04070 -1.67565e+00 | 42 -0.00393 -1.91363e+00
 43 -0.02487 -1.35657e+00 | 44 -0.04108 -9.88697e-01 | 45 -0.04410 -7.85786e-01
 46 -0.05282 -5.63223e-01 | 47 -0.09834 -2.92282e-01 | 48 -0.06528 -2.01472e-01
 49 -0.12739 -8.70026e-02 | 50  0.06716  6.17924e-02 | 51 -0.11906  1.72609e-02
 52 -0.04227  4.34988e-02 | 53 -0.09577  2.62565e-02 | 54 -0.06205  3.64744e-02
 55 -0.03572  4.80670e-02 | 56 -0.09084  1.78057e-02 | 57 -0.05157  1.43468e-02
 58 -0.00771  1.10061e-02 | 59 -0.02090  1.23656e-02 | 60 -0.03906  6.11521e-03
 61 -0.08106 -5.33334e-03 | 62 -0.00903 -7.17236e-03 | 63 -0.07713 -7.49671e-03
 64 -0.12499  2.74628e-03 | 65 -0.05434  7.65428e-03 | 66 -0.12976  1.22517e-02
 67 -0.10257  9.43767e-03 | 68 -0.09111  5.98434e-03 | 69 -0.00012  5.11527e-03
 70 -0.02252  9.96057e-03 | 71 -0.08444 -1.49303e-04 | 72 -0.04233  3.70962e-04
 73 -0.04151  5.85691e-05 | 74 -0.44104 -7.09040e+01 | 75 -0.86381  3.37792e-01
 76 -0.26925 -7.25232e+01 | 77 -1.05639 -1.01749e-01 | 78  5.61743  9.58036e-01
 79  3.39177  6.66251e-04 | 80  0.33116 -1.17194e-01 | 81 -0.98963  3.20720e-04
81 variables; iteration 1660; function evaluation 1875; phase 3
Function value -1.1211182e+02; maximum gradient component mag -6.2363e+02
Var    Value     Gradient |Var    Value     Gradient |Var    Value     Gradient
  1  0.01614 -6.23634e+02 |  2 -0.00693 -5.66746e-01 |  3 -0.00812 -6.82689e-01
  4 -0.02430 -7.13282e-01 |  5 -0.02565 -8.43921e-01 |  6 -0.02720 -9.95926e-01
  7 -0.02894 -1.17085e+00 |  8 -0.03080 -1.36122e+00 |  9 -0.03276 -1.56453e+00
 10 -0.03486 -1.78311e+00 | 11 -0.03704 -2.02569e+00 | 12 -0.03925 -2.29332e+00
 13 -0.04138 -2.54530e+00 | 14 -0.04362 -2.83118e+00 | 15 -0.04703 -3.16045e+00
 16 -0.04920 -3.51942e+00 | 17 -0.05196 -3.89825e+00 | 18 -0.05362 -4.26730e+00
 19 -0.05475 -4.53973e+00 | 20 -0.05523 -4.71949e+00 | 21 -0.05513 -4.86952e+00
 22 -0.05358 -4.78079e+00 | 23 -0.05370 -5.18548e+00 | 24 -0.05318 -5.64629e+00
 25 -0.05285 -6.33532e+00 | 26 -0.05307 -7.46474e+00 | 27 -0.05176 -8.58544e+00
 28 -0.04396 -1.02724e+01 | 29 -0.01071 -1.55116e+01 | 30 -0.02835 -1.52965e+01
 31 -0.11722 -7.83678e+00 | 32 -0.15896 -5.81559e+00 | 33  0.02923 -2.81858e+01
 34 -0.13859 -7.60405e+00 | 35 -0.01716 -1.90337e+01 | 36 -0.03088 -1.65815e+01
 37 -0.05431 -1.26071e+01 | 38  0.01880 -2.02262e+01 | 39 -0.05528 -1.01945e+01
 40 -0.04643 -1.02546e+01 | 41 -0.04070 -9.46652e+00 | 42 -0.00394 -1.07148e+01
 43 -0.02487 -7.63813e+00 | 44 -0.04108 -5.63407e+00 | 45 -0.04410 -4.59816e+00
 46 -0.05282 -3.47325e+00 | 47 -0.09834 -1.92428e+00 | 48 -0.06529 -1.72874e+00
 49 -0.12737 -5.29467e-01 | 50  0.06716 -4.69204e-02 | 51 -0.11907  7.31855e-02
 52 -0.04227  2.15127e-01 | 53 -0.09577  1.47027e-01 | 54 -0.06205  2.09443e-01
 55 -0.03573  2.52611e-01 | 56 -0.09084  1.59712e-01 | 57 -0.05156  2.08884e-01
 58 -0.00771  2.76192e-01 | 59 -0.02090  2.49652e-01 | 60 -0.03906  2.09608e-01
 61 -0.08106  1.48629e-01 | 62 -0.00903  2.59396e-01 | 63 -0.07714  1.43656e-01
 64 -0.12499  1.02600e-01 | 65 -0.05434  1.71975e-01 | 66 -0.12977  9.25074e-02
 67 -0.10257  1.01012e-01 | 68 -0.09111  8.86518e-02 | 69 -0.00012  1.37015e-01
 70 -0.02252  5.80912e-02 | 71 -0.08445  6.15650e-04 | 72 -0.04233  2.99637e-04
 73 -0.04151  1.23932e-04 | 74 -0.44112 -5.38614e+02 | 75 -0.88510  1.81690e+00
 76 -0.26925 -5.93279e+02 | 77 -1.05919 -1.23885e+00 | 78  5.61737  6.98290e+00
 79  3.39272  3.07204e-01 | 80  0.33116  1.72356e-02 | 81 -0.98963 -7.32544e-05
81 variables; iteration 1680; function evaluation 1899; phase 3
Function value -1.1211275e+02; maximum gradient component mag -2.0514e+02
Var    Value     Gradient |Var    Value     Gradient |Var    Value     Gradient
  1  0.01615 -2.05135e+02 |  2 -0.00693 -1.26132e-01 |  3 -0.00810 -1.51082e-01
  4 -0.02432 -1.60660e-01 |  5 -0.02567 -1.89405e-01 |  6 -0.02721 -2.23042e-01
  7 -0.02893 -2.61002e-01 |  8 -0.03079 -3.03237e-01 |  9 -0.03276 -3.50165e-01
 10 -0.03486 -3.97283e-01 | 11 -0.03703 -4.51528e-01 | 12 -0.03923 -5.10433e-01
 13 -0.04136 -5.64570e-01 | 14 -0.04364 -6.34688e-01 | 15 -0.04704 -7.08981e-01
 16 -0.04917 -7.82765e-01 | 17 -0.05201 -8.45784e-01 | 18 -0.05361 -9.28849e-01
 19 -0.05474 -1.01379e+00 | 20 -0.05523 -1.02109e+00 | 21 -0.05512 -1.07780e+00
 22 -0.05361 -1.00104e+00 | 23 -0.05372 -1.16087e+00 | 24 -0.05315 -1.25773e+00
 25 -0.05280 -1.41271e+00 | 26 -0.05306 -1.69159e+00 | 27 -0.05175 -1.95989e+00
 28 -0.04420 -2.37536e+00 | 29 -0.01049 -3.63199e+00 | 30 -0.02851 -3.70178e+00
 31 -0.11711 -1.98282e+00 | 32 -0.15896 -1.59039e+00 | 33  0.02923 -8.48326e+00
 34 -0.13860 -2.56975e+00 | 35 -0.01716 -7.18493e+00 | 36 -0.03088 -6.86041e+00
 37 -0.05431 -5.57865e+00 | 38  0.01880 -9.48231e+00 | 39 -0.05529 -4.91236e+00
 40 -0.04643 -4.98236e+00 | 41 -0.04070 -4.54933e+00 | 42 -0.00394 -5.06062e+00
 43 -0.02487 -3.48207e+00 | 44 -0.04108 -2.45074e+00 | 45 -0.04410 -1.89092e+00
 46 -0.05282 -1.33502e+00 | 47 -0.09834 -7.00401e-01 | 48 -0.06528 -5.88838e-01
 49 -0.12737 -1.55705e-01 | 50  0.06716 -2.14306e-02 | 51 -0.11907  2.13590e-02
 52 -0.04227  6.47715e-02 | 53 -0.09577  4.77223e-02 | 54 -0.06205  6.86800e-02
 55 -0.03573  8.25281e-02 | 56 -0.09084  5.31819e-02 | 57 -0.05157  7.05639e-02
 58 -0.00771  9.21536e-02 | 59 -0.02090  7.88252e-02 | 60 -0.03906  6.57501e-02
 61 -0.08106  4.95960e-02 | 62 -0.00903  8.50672e-02 | 63 -0.07713  4.62134e-02
 64 -0.12499  3.20293e-02 | 65 -0.05434  5.30570e-02 | 66 -0.12977  2.67031e-02
 67 -0.10257  2.96107e-02 | 68 -0.09111  2.85877e-02 | 69 -0.00012  4.63952e-02
 70 -0.02252  2.05130e-02 | 71 -0.08444  1.15221e-03 | 72 -0.04233  3.05259e-05
 73 -0.04151  3.71717e-05 | 74 -0.44119 -2.02874e+02 | 75 -0.90726  5.51722e-01
 76 -0.26924 -2.01591e+02 | 77 -1.06230 -4.14235e-01 | 78  5.61732  2.57371e+00
 79  3.39375  8.68092e-02 | 80  0.33116  6.95003e-03 | 81 -0.98962  5.35196e-04
81 variables; iteration 1700; function evaluation 1926; phase 3
Function value -1.1211325e+02; maximum gradient component mag -2.7770e+02
Var    Value     Gradient |Var    Value     Gradient |Var    Value     Gradient
  1  0.01615 -2.77705e+02 |  2 -0.00693 -2.03010e-01 |  3 -0.00810 -2.43387e-01
  4 -0.02431 -2.57350e-01 |  5 -0.02567 -3.04531e-01 |  6 -0.02721 -3.58644e-01
  7 -0.02893 -4.19796e-01 |  8 -0.03079 -4.87808e-01 |  9 -0.03276 -5.62572e-01
 10 -0.03486 -6.39473e-01 | 11 -0.03703 -7.26272e-01 | 12 -0.03923 -8.21501e-01
 13 -0.04136 -9.10073e-01 | 14 -0.04364 -1.01904e+00 | 15 -0.04704 -1.13744e+00
 16 -0.04917 -1.26011e+00 | 17 -0.05201 -1.38065e+00 | 18 -0.05361 -1.51157e+00
 19 -0.05474 -1.62937e+00 | 20 -0.05523 -1.66644e+00 | 21 -0.05512 -1.73971e+00
 22 -0.05360 -1.66097e+00 | 23 -0.05372 -1.86443e+00 | 24 -0.05315 -2.02278e+00
 25 -0.05281 -2.27008e+00 | 26 -0.05307 -2.69878e+00 | 27 -0.05175 -3.11540e+00
 28 -0.04418 -3.75773e+00 | 29 -0.01051 -5.70412e+00 | 30 -0.02850 -5.72313e+00
 31 -0.11711 -3.00064e+00 | 32 -0.15895 -2.32433e+00 | 33  0.02923 -1.19009e+01
 34 -0.13861 -3.44728e+00 | 35 -0.01715 -9.25460e+00 | 36 -0.03088 -8.56774e+00
 37 -0.05432 -6.80727e+00 | 38  0.01881 -1.13396e+01 | 39 -0.05529 -5.81979e+00
 40 -0.04643 -5.87598e+00 | 41 -0.04070 -5.37694e+00 | 42 -0.00393 -6.01249e+00
 43 -0.02487 -4.18289e+00 | 44 -0.04108 -2.99145e+00 | 45 -0.04410 -2.35169e+00
 46 -0.05281 -1.70208e+00 | 47 -0.09834 -9.09634e-01 | 48 -0.06528 -7.81202e-01
 49 -0.12738 -2.24253e-01 | 50  0.06716 -1.84188e-02 | 51 -0.11907  3.28870e-02
 52 -0.04226  9.29807e-02 | 53 -0.09577  6.66749e-02 | 54 -0.06205  9.43413e-02
 55 -0.03573  1.14448e-01 | 56 -0.09084  7.39040e-02 | 57 -0.05157  9.71685e-02
 58 -0.00771  1.27662e-01 | 59 -0.02090  1.09832e-01 | 60 -0.03906  9.20493e-02
 61 -0.08106  6.80060e-02 | 62 -0.00903  1.17917e-01 | 63 -0.07713  6.50013e-02
 64 -0.12499  4.50609e-02 | 65 -0.05434  7.53466e-02 | 66 -0.12977  3.77607e-02
 67 -0.10257  4.10576e-02 | 68 -0.09111  3.88680e-02 | 69 -0.00012  6.21074e-02
 70 -0.02252  2.73506e-02 | 71 -0.08444  1.47138e-03 | 72 -0.04233  5.36004e-05
 73 -0.04151  5.55981e-05 | 74 -0.44124 -2.67653e+02 | 75 -0.92840  5.36200e-01
 76 -0.26923 -2.68661e+02 | 77 -1.06531 -5.99198e-01 | 78  5.61725  3.33259e+00
 79  3.39493  1.26131e-01 | 80  0.33116  1.74548e-03 | 81 -0.98962  4.79529e-04
81 variables; iteration 1720; function evaluation 1953; phase 3
Function value -1.1211337e+02; maximum gradient component mag -5.8288e+01
Var    Value     Gradient |Var    Value     Gradient |Var    Value     Gradient
  1  0.01615 -5.27475e+01 |  2 -0.00693 -3.73253e-02 |  3 -0.00810 -4.48695e-02
  4 -0.02431 -4.76595e-02 |  5 -0.02567 -5.65616e-02 |  6 -0.02721 -6.65844e-02
  7 -0.02893 -7.75758e-02 |  8 -0.03079 -9.02004e-02 |  9 -0.03276 -1.04639e-01
 10 -0.03486 -1.17759e-01 | 11 -0.03703 -1.34408e-01 | 12 -0.03923 -1.52129e-01
 13 -0.04136 -1.65816e-01 | 14 -0.04364 -1.89173e-01 | 15 -0.04704 -2.13308e-01
 16 -0.04917 -2.31947e-01 | 17 -0.05201 -2.24841e-01 | 18 -0.05361 -2.54702e-01
 19 -0.05474 -3.01659e-01 | 20 -0.05523 -2.73496e-01 | 21 -0.05512 -3.12623e-01
 22 -0.05360 -2.33929e-01 | 23 -0.05372 -3.45567e-01 | 24 -0.05315 -3.71943e-01
 25 -0.05282 -4.16480e-01 | 26 -0.05307 -5.13139e-01 | 27 -0.05176 -5.93023e-01
 28 -0.04417 -7.07403e-01 | 29 -0.01051 -1.07622e+00 | 30 -0.02850 -1.06034e+00
 31 -0.11711 -5.60831e-01 | 32 -0.15895 -4.50610e-01 | 33  0.02924 -2.28303e+00
 34 -0.13861 -6.59379e-01 | 35 -0.01715 -1.80600e+00 | 36 -0.03088 -1.64139e+00
 37 -0.05432 -1.33054e+00 | 38  0.01881 -2.21227e+00 | 39 -0.05529 -1.11625e+00
 40 -0.04643 -1.15287e+00 | 41 -0.04070 -1.05317e+00 | 42 -0.00393 -1.17735e+00
 43 -0.02487 -8.12084e-01 | 44 -0.04108 -5.82367e-01 | 45 -0.04410 -4.59514e-01
 46 -0.05281 -3.26385e-01 | 47 -0.09834 -1.76863e-01 | 48 -0.06528 -1.47103e-01
 49 -0.12738 -4.41903e-02 | 50  0.06716 -2.14115e-03 | 51 -0.11907  6.38091e-03
 52 -0.04226  1.80050e-02 | 53 -0.09577  1.25756e-02 | 54 -0.06205  1.81356e-02
 55 -0.03573  2.17376e-02 | 56 -0.09084  1.40423e-02 | 57 -0.05157  1.83165e-02
 58 -0.00771  2.41730e-02 | 59 -0.02090  2.07121e-02 | 60 -0.03905  1.74758e-02
 61 -0.08106  1.28788e-02 | 62 -0.00903  2.23326e-02 | 63 -0.07713  1.22911e-02
 64 -0.12499  8.73815e-03 | 65 -0.05434  1.44917e-02 | 66 -0.12977  7.31430e-03
 67 -0.10257  7.92363e-03 | 68 -0.09111  7.46459e-03 | 69 -0.00012  1.14195e-02
 70 -0.02252  5.08134e-03 | 71 -0.08444  2.52317e-04 | 72 -0.04233  1.10039e-05
 73 -0.04151  1.16936e-05 | 74 -0.44126 -5.82883e+01 | 75 -0.94241  8.44016e-02
 76 -0.26923 -5.21419e+01 | 77 -1.06735 -8.48478e-02 | 78  5.61721  6.96169e-01
 79  3.39575 -1.23993e-02 | 80  0.33116 -1.20708e-04 | 81 -0.98962  5.32349e-04
81 variables; iteration 1740; function evaluation 1974; phase 3
Function value -1.1211337e+02; maximum gradient component mag 1.4766e+01
Var    Value     Gradient |Var    Value     Gradient |Var    Value     Gradient
  1  0.01615  1.44624e+01 |  2 -0.00693 -1.46470e-02 |  3 -0.00810 -1.72842e-02
  4 -0.02431 -1.85107e-02 |  5 -0.02567 -2.19769e-02 |  6 -0.02721 -2.61226e-02
  7 -0.02893 -2.99766e-02 |  8 -0.03079 -3.49636e-02 |  9 -0.03276 -4.10362e-02
 10 -0.03486 -4.51908e-02 | 11 -0.03703 -5.16873e-02 | 12 -0.03923 -5.89813e-02
 13 -0.04136 -6.21409e-02 | 14 -0.04364 -7.36396e-02 | 15 -0.04704 -8.46632e-02
 16 -0.04917 -8.94260e-02 | 17 -0.05200 -6.34137e-02 | 18 -0.05361 -7.92650e-02
 19 -0.05474 -1.17234e-01 | 20 -0.05522 -7.93822e-02 | 21 -0.05512 -1.14019e-01
 22 -0.05360 -3.47264e-02 | 23 -0.05372 -1.34520e-01 | 24 -0.05315 -1.40821e-01
 25 -0.05282 -1.56761e-01 | 26 -0.05308 -2.06647e-01 | 27 -0.05176 -2.36306e-01
 28 -0.04418 -2.69953e-01 | 29 -0.01050 -3.83905e-01 | 30 -0.02851 -3.12451e-01
 31 -0.11711 -1.23222e-01 | 32 -0.15895 -6.50433e-02 | 33  0.02923  7.80019e-02
 34 -0.13861  1.52850e-01 | 35 -0.01715  7.12831e-01 | 36 -0.03088  9.64899e-01
 37 -0.05432  8.85867e-01 | 38  0.01881  1.73382e+00 | 39 -0.05529  9.94079e-01
 40 -0.04643  1.00334e+00 | 41 -0.04070  9.30734e-01 | 42 -0.00393  1.04078e+00
 43 -0.02487  7.15580e-01 | 44 -0.04108  4.83974e-01 | 45 -0.04410  3.51928e-01
 46 -0.05282  2.43668e-01 | 47 -0.09834  1.19796e-01 | 48 -0.06528  1.09625e-01
 49 -0.12738  3.60412e-02 | 50  0.06716  9.64816e-03 | 51 -0.11907 -3.26675e-03
 52 -0.04226 -7.21376e-03 | 53 -0.09577 -5.76855e-03 | 54 -0.06205 -7.93614e-03
 55 -0.03573 -1.10001e-02 | 56 -0.09084 -6.41914e-03 | 57 -0.05157 -7.44932e-03
 58 -0.00771 -8.59385e-03 | 59 -0.02090 -6.40246e-03 | 60 -0.03906 -5.28088e-03
 61 -0.08106 -4.04925e-03 | 62 -0.00903 -8.55272e-03 | 63 -0.07713 -4.29750e-03
 64 -0.12499 -2.10344e-03 | 65 -0.05434 -3.26329e-03 | 66 -0.12977 -4.21859e-04
 67 -0.10257  6.53868e-04 | 68 -0.09111  8.68949e-05 | 69 -0.00012 -3.73382e-03
 70 -0.02252 -2.42243e-03 | 71 -0.08444 -4.07810e-04 | 72 -0.04233 -1.33828e-05
 73 -0.04151 -5.76439e-06 | 74 -0.44127  1.44373e+01 | 75 -0.94495 -3.22158e-02
 76 -0.26923  1.47664e+01 | 77 -1.06770  8.04248e-02 | 78  5.61720 -1.71542e-01
 79  3.39589 -5.97593e-02 | 80  0.33116  4.14988e-03 | 81 -0.98962  4.42955e-04
81 variables; iteration 1760; function evaluation 1997; phase 3
Function value -1.1211390e+02; maximum gradient component mag -2.0553e+02
Var    Value     Gradient |Var    Value     Gradient |Var    Value     Gradient
  1  0.01614 -2.05526e+02 |  2 -0.00693 -3.49058e-01 |  3 -0.00809 -4.15305e-01
  4 -0.02431 -4.38163e-01 |  5 -0.02566 -5.19118e-01 |  6 -0.02720 -6.13056e-01
  7 -0.02892 -7.16399e-01 |  8 -0.03078 -8.32967e-01 |  9 -0.03275 -9.59876e-01
 10 -0.03485 -1.09171e+00 | 11 -0.03701 -1.23664e+00 | 12 -0.03922 -1.40170e+00
 13 -0.04134 -1.55378e+00 | 14 -0.04362 -1.73698e+00 | 15 -0.04702 -1.93748e+00
 16 -0.04917 -2.15382e+00 | 17 -0.05197 -2.37315e+00 | 18 -0.05358 -2.59371e+00
 19 -0.05474 -2.78085e+00 | 20 -0.05520 -2.86712e+00 | 21 -0.05512 -2.97398e+00
 22 -0.05357 -2.88539e+00 | 23 -0.05374 -3.17904e+00 | 24 -0.05315 -3.44066e+00
 25 -0.05283 -3.85918e+00 | 26 -0.05314 -4.57290e+00 | 27 -0.05179 -5.25749e+00
 28 -0.04424 -6.30949e+00 | 29 -0.01043 -9.37005e+00 | 30 -0.02857 -9.05034e+00
 31 -0.11703 -4.40259e+00 | 32 -0.15892 -3.03426e+00 | 33  0.02922 -1.27183e+01
 34 -0.13862 -2.71647e+00 | 35 -0.01715 -4.70450e+00 | 36 -0.03089 -2.37939e+00
 37 -0.05431 -7.64336e-01 | 38  0.01880  5.33286e-01 | 39 -0.05529  8.67561e-01
 40 -0.04643  1.12495e+00 | 41 -0.04070  1.13478e+00 | 42 -0.00394  1.30588e+00
 43 -0.02488  8.27537e-01 | 44 -0.04109  4.38998e-01 | 45 -0.04410  1.81369e-01
 46 -0.05284  1.59865e-02 | 47 -0.09834 -3.77213e-02 | 48 -0.06530  1.44388e-04
 49 -0.12736  7.01043e-02 | 50  0.06716  3.36084e-02 | 51 -0.11911  4.63035e-03
 52 -0.04225  3.95233e-02 | 53 -0.09579  2.99812e-02 | 54 -0.06204  3.82158e-02
 55 -0.03573  3.91971e-02 | 56 -0.09084  3.09306e-02 | 57 -0.05156  5.07124e-02
 58 -0.00771  7.64395e-02 | 59 -0.02090  7.44842e-02 | 60 -0.03907  6.54190e-02
 61 -0.08106  4.66958e-02 | 62 -0.00903  7.00737e-02 | 63 -0.07715  4.29341e-02
 64 -0.12499  3.50971e-02 | 65 -0.05434  6.39840e-02 | 66 -0.12979  4.17391e-02
 67 -0.10257  5.77251e-02 | 68 -0.09112  5.24532e-02 | 69 -0.00012  5.06191e-02
 70 -0.02253  1.42386e-02 | 71 -0.08443 -1.34710e-03 | 72 -0.04233 -2.82714e-05
 73 -0.04151 -2.58346e-05 | 74 -0.44128 -1.30177e+02 | 75 -0.95934  1.14897e-01
 76 -0.26920 -1.82164e+02 | 77 -1.07809 -4.88204e-01 | 78  5.61678  1.85193e+00
 79  3.40321  4.00531e-02 | 80  0.33116  1.26125e-02 | 81 -0.98964 -5.69532e-04
81 variables; iteration 1780; function evaluation 2020; phase 3
Function value -1.1211553e+02; maximum gradient component mag -1.8833e+02
Var    Value     Gradient |Var    Value     Gradient |Var    Value     Gradient
  1  0.01614 -1.88334e+02 |  2 -0.00691 -9.60790e-02 |  3 -0.00808 -1.14469e-01
  4 -0.02430 -1.22483e-01 |  5 -0.02565 -1.46661e-01 |  6 -0.02719 -1.71522e-01
  7 -0.02891 -2.00327e-01 |  8 -0.03076 -2.33023e-01 |  9 -0.03273 -2.68947e-01
 10 -0.03483 -3.05797e-01 | 11 -0.03699 -3.45830e-01 | 12 -0.03919 -3.91999e-01
 13 -0.04132 -4.32134e-01 | 14 -0.04360 -4.87002e-01 | 15 -0.04700 -5.43863e-01
 16 -0.04913 -6.00010e-01 | 17 -0.05198 -6.40743e-01 | 18 -0.05358 -7.05879e-01
 19 -0.05471 -7.74559e-01 | 20 -0.05522 -7.77526e-01 | 21 -0.05510 -8.21487e-01
 22 -0.05365 -7.56632e-01 | 23 -0.05374 -8.87425e-01 | 24 -0.05317 -9.56263e-01
 25 -0.05287 -1.07924e+00 | 26 -0.05319 -1.32547e+00 | 27 -0.05181 -1.57304e+00
 28 -0.04417 -1.98781e+00 | 29 -0.01049 -3.16890e+00 | 30 -0.02856 -3.34005e+00
 31 -0.11702 -1.82803e+00 | 32 -0.15887 -1.50446e+00 | 33  0.02920 -8.43879e+00
 34 -0.13865 -2.63990e+00 | 35 -0.01716 -7.50177e+00 | 36 -0.03089 -7.27953e+00
 37 -0.05430 -5.84087e+00 | 38  0.01879 -9.72455e+00 | 39 -0.05531 -4.87633e+00
 40 -0.04644 -4.73385e+00 | 41 -0.04070 -4.12250e+00 | 42 -0.00395 -4.38614e+00
 43 -0.02490 -2.87859e+00 | 44 -0.04110 -1.93791e+00 | 45 -0.04411 -1.43300e+00
 46 -0.05287 -9.61437e-01 | 47 -0.09834 -4.80454e-01 | 48 -0.06531 -3.68651e-01
 49 -0.12735 -8.88015e-02 | 50  0.06716 -1.59495e-02 | 51 -0.11917  1.33487e-02
 52 -0.04224  4.25896e-02 | 53 -0.09582  3.03247e-02 | 54 -0.06202  4.66535e-02
 55 -0.03573  5.86496e-02 | 56 -0.09085  4.30862e-02 | 57 -0.05155  5.95665e-02
 58 -0.00772  8.09045e-02 | 59 -0.02091  7.16762e-02 | 60 -0.03908  5.85639e-02
 61 -0.08107  4.16985e-02 | 62 -0.00902  6.96241e-02 | 63 -0.07718  3.64722e-02
 64 -0.12499  2.34154e-02 | 65 -0.05434  4.34756e-02 | 66 -0.12980  2.17976e-02
 67 -0.10258  2.45521e-02 | 68 -0.09113  2.33567e-02 | 69 -0.00011  3.52994e-02
 70 -0.02255  1.63527e-02 | 71 -0.08441  7.71110e-04 | 72 -0.04233 -6.14201e-05
 73 -0.04151  3.22187e-05 | 74 -0.44126 -1.79186e+02 | 75 -0.94395  2.66534e-01
 76 -0.26915 -1.81024e+02 | 77 -1.09351 -5.92944e-01 | 78  5.61599  2.63139e+00
 79  3.41610  1.07761e-01 | 80  0.33116  1.74152e-02 | 81 -0.98966 -7.43462e-04
81 variables; iteration 1800; function evaluation 2045; phase 3
Function value -1.1211606e+02; maximum gradient component mag -7.4855e+02
Var    Value     Gradient |Var    Value     Gradient |Var    Value     Gradient
  1  0.01614 -7.48545e+02 |  2 -0.00692 -6.56886e-01 |  3 -0.00808 -7.86027e-01
  4 -0.02429 -8.29377e-01 |  5 -0.02566 -9.85427e-01 |  6 -0.02719 -1.16003e+00
  7 -0.02891 -1.35711e+00 |  8 -0.03076 -1.57693e+00 |  9 -0.03273 -1.81659e+00
 10 -0.03483 -2.06896e+00 | 11 -0.03700 -2.34699e+00 | 12 -0.03920 -2.65562e+00
 13 -0.04132 -2.94666e+00 | 14 -0.04360 -3.29131e+00 | 15 -0.04701 -3.66957e+00
 16 -0.04914 -4.07651e+00 | 17 -0.05190 -4.52436e+00 | 18 -0.05353 -4.93653e+00
 19 -0.05473 -5.26280e+00 | 20 -0.05515 -5.45813e+00 | 21 -0.05512 -5.64042e+00
 22 -0.05348 -5.52398e+00 | 23 -0.05378 -6.01406e+00 | 24 -0.05321 -6.51876e+00
 25 -0.05292 -7.30624e+00 | 26 -0.05327 -8.63235e+00 | 27 -0.05186 -9.93776e+00
 28 -0.04417 -1.19610e+01 | 29 -0.01044 -1.79490e+01 | 30 -0.02859 -1.77427e+01
 31 -0.11699 -9.08112e+00 | 32 -0.15889 -6.78010e+00 | 33  0.02921 -3.31179e+01
 34 -0.13865 -9.05425e+00 | 35 -0.01716 -2.29244e+01 | 36 -0.03088 -2.03369e+01
 37 -0.05431 -1.56665e+01 | 38  0.01879 -2.56744e+01 | 39 -0.05531 -1.31227e+01
 40 -0.04644 -1.32864e+01 | 41 -0.04070 -1.22604e+01 | 42 -0.00395 -1.38873e+01
 43 -0.02489 -9.79356e+00 | 44 -0.04110 -7.11101e+00 | 45 -0.04411 -5.67160e+00
 46 -0.05286 -4.16014e+00 | 47 -0.09834 -2.23936e+00 | 48 -0.06531 -1.90630e+00
 49 -0.12736 -4.95028e-01 | 50  0.06717 -2.09023e-02 | 51 -0.11918  8.34587e-02
 52 -0.04224  2.50360e-01 | 53 -0.09582  1.86486e-01 | 54 -0.06202  2.58553e-01
 55 -0.03573  3.09734e-01 | 56 -0.09085  1.93989e-01 | 57 -0.05155  2.59582e-01
 58 -0.00771  3.48250e-01 | 59 -0.02091  3.01017e-01 | 60 -0.03908  2.57817e-01
 61 -0.08107  1.90906e-01 | 62 -0.00902  3.28760e-01 | 63 -0.07717  1.85852e-01
 64 -0.12499  1.31029e-01 | 65 -0.05434  2.18717e-01 | 66 -0.12980  1.13808e-01
 67 -0.10257  1.30994e-01 | 68 -0.09112  1.26204e-01 | 69 -0.00011  1.83722e-01
 70 -0.02255  7.66228e-02 | 71 -0.08441  3.92735e-03 | 72 -0.04233  1.62643e-04
 73 -0.04151  1.01812e-05 | 74 -0.44123 -6.65908e+02 | 75 -0.92658  1.36529e+00
 76 -0.26913 -6.98492e+02 | 77 -1.09936 -2.58123e+00 | 78  5.61558  7.39537e+00
 79  3.42238  3.94654e-01 | 80  0.33116 -3.55959e-02 | 81 -0.98967 -1.06698e-03
81 variables; iteration 1820; function evaluation 2071; phase 3
Function value -1.1211758e+02; maximum gradient component mag -3.6210e+02
Var    Value     Gradient |Var    Value     Gradient |Var    Value     Gradient
  1  0.01615 -3.62100e+02 |  2 -0.00690 -2.60486e-01 |  3 -0.00807 -3.13663e-01
  4 -0.02428 -3.30841e-01 |  5 -0.02563 -3.90882e-01 |  6 -0.02716 -4.60198e-01
  7 -0.02888 -5.40016e-01 |  8 -0.03074 -6.29333e-01 |  9 -0.03270 -7.23287e-01
 10 -0.03480 -8.22875e-01 | 11 -0.03696 -9.35535e-01 | 12 -0.03916 -1.05697e+00
 13 -0.04129 -1.17405e+00 | 14 -0.04355 -1.31018e+00 | 15 -0.04695 -1.46144e+00
 16 -0.04909 -1.62302e+00 | 17 -0.05196 -1.79935e+00 | 18 -0.05357 -1.96646e+00
 19 -0.05468 -2.09890e+00 | 20 -0.05522 -2.17058e+00 | 21 -0.05510 -2.24544e+00
 22 -0.05368 -2.18834e+00 | 23 -0.05377 -2.40448e+00 | 24 -0.05323 -2.60623e+00
 25 -0.05298 -2.93561e+00 | 26 -0.05330 -3.50556e+00 | 27 -0.05188 -4.09781e+00
 28 -0.04429 -5.08077e+00 | 29 -0.01026 -7.79133e+00 | 30 -0.02875 -8.03358e+00
 31 -0.11694 -4.21676e+00 | 32 -0.15890 -3.28596e+00 | 33  0.02923 -1.69029e+01
 34 -0.13870 -4.91462e+00 | 35 -0.01715 -1.32020e+01 | 36 -0.03087 -1.21563e+01
 37 -0.05437 -9.47487e+00 | 38  0.01882 -1.52094e+01 | 39 -0.05533 -7.49373e+00
 40 -0.04644 -7.14766e+00 | 41 -0.04072 -6.21551e+00 | 42 -0.00394 -6.56712e+00
 43 -0.02488 -4.36229e+00 | 44 -0.04109 -3.03105e+00 | 45 -0.04411 -2.34255e+00
 46 -0.05282 -1.66883e+00 | 47 -0.09836 -8.93925e-01 | 48 -0.06527 -7.56779e-01
 49 -0.12749 -2.32116e-01 | 50  0.06719  3.33155e-02 | 51 -0.11925  4.76966e-02
 52 -0.04223  1.13210e-01 | 53 -0.09584  7.46414e-02 | 54 -0.06204  1.05795e-01
 55 -0.03573  1.32047e-01 | 56 -0.09087  8.65852e-02 | 57 -0.05157  1.12146e-01
 58 -0.00771  1.46147e-01 | 59 -0.02091  1.32471e-01 | 60 -0.03907  1.06903e-01
 61 -0.08108  7.56451e-02 | 62 -0.00902  1.30793e-01 | 63 -0.07717  7.17540e-02
 64 -0.12500  5.03256e-02 | 65 -0.05433  8.69656e-02 | 66 -0.12980  4.59633e-02
 67 -0.10257  4.66236e-02 | 68 -0.09112  4.20516e-02 | 69 -0.00011  6.56044e-02
 70 -0.02255  3.28338e-02 | 71 -0.08443  1.89073e-03 | 72 -0.04233  6.61597e-05
 73 -0.04151  1.13891e-04 | 74 -0.44126 -3.41453e+02 | 75 -0.94304  5.25332e-01
 76 -0.26906 -3.34182e+02 | 77 -1.11680 -1.45812e+00 | 78  5.61467  4.51060e+00
 79  3.43576  2.48137e-01 | 80  0.33116  5.25436e-02 | 81 -0.98961  7.20338e-04
81 variables; iteration 1840; function evaluation 2092; phase 3
Function value -1.1211917e+02; maximum gradient component mag 1.3978e+02
Var    Value     Gradient |Var    Value     Gradient |Var    Value     Gradient
  1  0.01614  1.13315e+02 |  2 -0.00692 -6.17932e-02 |  3 -0.00804 -6.28760e-02
  4 -0.02429 -7.64087e-02 |  5 -0.02566 -9.42836e-02 |  6 -0.02720 -1.10612e-01
  7 -0.02888 -1.19957e-01 |  8 -0.03073 -1.38191e-01 |  9 -0.03271 -1.64134e-01
 10 -0.03480 -1.82556e-01 | 11 -0.03694 -2.02223e-01 | 12 -0.03914 -2.28546e-01
 13 -0.04126 -2.48318e-01 | 14 -0.04360 -3.00769e-01 | 15 -0.04699 -3.34851e-01
 16 -0.04911 -3.59954e-01 | 17 -0.05184 -3.32245e-01 | 18 -0.05344 -3.67027e-01
 19 -0.05472 -4.60156e-01 | 20 -0.05507 -3.90102e-01 | 21 -0.05511 -4.70235e-01
 22 -0.05330 -2.89712e-01 | 23 -0.05388 -5.29022e-01 | 24 -0.05326 -5.21265e-01
 25 -0.05302 -5.61247e-01 | 26 -0.05351 -6.91206e-01 | 27 -0.05206 -7.23962e-01
 28 -0.04421 -7.05439e-01 | 29 -0.01025 -5.30672e-01 | 30 -0.02877 -1.15791e-02
 31 -0.11683  3.59518e-01 | 32 -0.15888  5.29429e-01 | 33  0.02921  5.09760e+00
 34 -0.13874  2.18241e+00 | 35 -0.01715  7.70436e+00 | 36 -0.03087  8.35527e+00
 37 -0.05435  6.95904e+00 | 38  0.01880  1.14822e+01 | 39 -0.05533  5.60804e+00
 40 -0.04644  4.94554e+00 | 41 -0.04071  3.93711e+00 | 42 -0.00395  3.59147e+00
 43 -0.02490  2.05900e+00 | 44 -0.04111  1.23647e+00 | 45 -0.04412  8.40186e-01
 46 -0.05286  5.76934e-01 | 47 -0.09834  3.06333e-01 | 48 -0.06529  3.67649e-01
 49 -0.12743  2.65217e-01 | 50  0.06720 -4.03524e-02 | 51 -0.11933 -3.80552e-02
 52 -0.04221 -4.99992e-02 | 53 -0.09587 -1.34980e-02 | 54 -0.06201 -1.98421e-02
 55 -0.03574 -3.63989e-02 | 56 -0.09087 -2.66537e-02 | 57 -0.05154 -2.36862e-02
 58 -0.00771 -2.62153e-02 | 59 -0.02091 -3.57780e-02 | 60 -0.03909 -2.54674e-02
 61 -0.08107 -7.57668e-03 | 62 -0.00901 -2.55974e-02 | 63 -0.07720 -1.04485e-02
 64 -0.12499 -7.51218e-03 | 65 -0.05432 -1.52419e-02 | 66 -0.12982 -4.49090e-03
 67 -0.10256  1.27810e-02 | 68 -0.09113  2.07584e-02 | 69 -0.00009  1.14423e-02
 70 -0.02257 -1.22843e-04 | 71 -0.08439  1.56171e-03 | 72 -0.04233 -1.65887e-04
 73 -0.04151 -1.86290e-04 | 74 -0.44124  1.39777e+02 | 75 -0.93396 -2.53801e-01
 76 -0.26898  1.02747e+02 | 77 -1.13262  5.75549e-01 | 78  5.61346 -2.62762e+00
 79  3.45144 -2.70845e-01 | 80  0.33116 -3.65941e-02 | 81 -0.98965 -4.84360e-04
81 variables; iteration 1860; function evaluation 2113; phase 3
Function value -1.1212110e+02; maximum gradient component mag -3.8662e+02
Var    Value     Gradient |Var    Value     Gradient |Var    Value     Gradient
  1  0.01615 -3.86620e+02 |  2 -0.00690 -2.49892e-01 |  3 -0.00801 -2.82995e-01
  4 -0.02429 -3.17585e-01 |  5 -0.02564 -3.77205e-01 |  6 -0.02718 -4.43116e-01
  7 -0.02884 -5.04874e-01 |  8 -0.03069 -5.86782e-01 |  9 -0.03268 -6.82323e-01
 10 -0.03475 -7.70474e-01 | 11 -0.03688 -8.66363e-01 | 12 -0.03906 -9.76695e-01
 13 -0.04120 -1.08816e+00 | 14 -0.04355 -1.24200e+00 | 15 -0.04691 -1.37590e+00
 16 -0.04903 -1.51776e+00 | 17 -0.05196 -1.69831e+00 | 18 -0.05350 -1.82817e+00
 19 -0.05464 -1.95888e+00 | 20 -0.05520 -2.02255e+00 | 21 -0.05512 -2.09960e+00
 22 -0.05363 -2.01353e+00 | 23 -0.05390 -2.25849e+00 | 24 -0.05328 -2.39663e+00
 25 -0.05306 -2.68280e+00 | 26 -0.05349 -3.21520e+00 | 27 -0.05207 -3.77573e+00
 28 -0.04407 -4.61965e+00 | 29 -0.01038 -7.04328e+00 | 30 -0.02872 -7.12448e+00
 31 -0.11691 -3.78577e+00 | 32 -0.15890 -3.03428e+00 | 33  0.02923 -1.60356e+01
 34 -0.13882 -4.90656e+00 | 35 -0.01714 -1.34609e+01 | 36 -0.03087 -1.29507e+01
 37 -0.05440 -1.04794e+01 | 38  0.01882 -1.78470e+01 | 39 -0.05536 -9.30391e+00
 40 -0.04644 -9.38088e+00 | 41 -0.04073 -8.52783e+00 | 42 -0.00394 -9.48697e+00
 43 -0.02490 -6.46153e+00 | 44 -0.04111 -4.45155e+00 | 45 -0.04413 -3.33251e+00
 46 -0.05284 -2.25672e+00 | 47 -0.09836 -1.11735e+00 | 48 -0.06527 -7.93409e-01
 49 -0.12753 -5.27839e-02 | 50  0.06722 -2.21765e-02 | 51 -0.11943  2.48199e-02
 52 -0.04220  9.79261e-02 | 53 -0.09591  9.25028e-02 | 54 -0.06202  1.26925e-01
 55 -0.03574  1.45499e-01 | 56 -0.09089  9.91028e-02 | 57 -0.05156  1.42482e-01
 58 -0.00771  1.88185e-01 | 59 -0.02092  1.44852e-01 | 60 -0.03908  1.20286e-01
 61 -0.08109  1.02616e-01 | 62 -0.00901  1.60273e-01 | 63 -0.07721  9.33248e-02
 64 -0.12500  6.08541e-02 | 65 -0.05432  1.01053e-01 | 66 -0.12983  5.13972e-02
 67 -0.10256  7.17186e-02 | 68 -0.09113  8.16475e-02 | 69 -0.00009  1.11317e-01
 70 -0.02258  4.86357e-02 | 71 -0.08440  6.70638e-03 | 72 -0.04233 -2.73687e-04
 73 -0.04151 -8.74597e-06 | 74 -0.44125 -3.74913e+02 | 75 -0.93567  6.64186e-01
 76 -0.26888 -3.56017e+02 | 77 -1.15102 -2.11521e+00 | 78  5.61213  3.57211e+00
 79  3.46760  2.28173e-01 | 80  0.33116 -9.96229e-03 | 81 -0.98961  1.07190e-03
81 variables; iteration 1880; function evaluation 2138; phase 3
Function value -1.1212354e+02; maximum gradient component mag -1.0276e+03
Var    Value     Gradient |Var    Value     Gradient |Var    Value     Gradient
  1  0.01615 -1.02760e+03 |  2 -0.00688 -8.14917e-01 |  3 -0.00800 -9.64540e-01
  4 -0.02426 -1.03455e+00 |  5 -0.02561 -1.22468e+00 |  6 -0.02714 -1.44235e+00
  7 -0.02880 -1.67539e+00 |  8 -0.03064 -1.94646e+00 |  9 -0.03264 -2.25403e+00
 10 -0.03471 -2.56023e+00 | 11 -0.03684 -2.89695e+00 | 12 -0.03903 -3.27891e+00
 13 -0.04116 -3.64482e+00 | 14 -0.04349 -4.08560e+00 | 15 -0.04687 -4.54841e+00
 16 -0.04895 -5.03925e+00 | 17 -0.05186 -5.64906e+00 | 18 -0.05344 -6.13995e+00
 19 -0.05459 -6.51381e+00 | 20 -0.05512 -6.79277e+00 | 21 -0.05506 -6.98688e+00
 22 -0.05354 -6.88651e+00 | 23 -0.05389 -7.45107e+00 | 24 -0.05343 -8.07350e+00
 25 -0.05328 -9.04493e+00 | 26 -0.05377 -1.07067e+01 | 27 -0.05230 -1.24449e+01
 28 -0.04388 -1.51263e+01 | 29 -0.01036 -2.30251e+01 | 30 -0.02878 -2.30776e+01
 31 -0.11689 -1.20526e+01 | 32 -0.15880 -9.19794e+00 | 33  0.02922 -4.65318e+01
 34 -0.13888 -1.33138e+01 | 35 -0.01714 -3.49558e+01 | 36 -0.03086 -3.20160e+01
 37 -0.05444 -2.48052e+01 | 38  0.01883 -4.01526e+01 | 39 -0.05540 -2.00906e+01
 40 -0.04645 -1.95920e+01 | 41 -0.04075 -1.74252e+01 | 42 -0.00394 -1.89862e+01
 43 -0.02491 -1.29441e+01 | 44 -0.04112 -9.13261e+00 | 45 -0.04414 -7.10300e+00
 46 -0.05285 -5.13373e+00 | 47 -0.09837 -2.68205e+00 | 48 -0.06527 -2.15123e+00
 49 -0.12761 -4.70457e-01 | 50  0.06725  1.02672e-01 | 51 -0.11957  1.25552e-01
 52 -0.04217  3.31897e-01 | 53 -0.09597  2.49173e-01 | 54 -0.06201  3.32835e-01
 55 -0.03575  3.96586e-01 | 56 -0.09091  2.67486e-01 | 57 -0.05155  3.61385e-01
 58 -0.00771  4.75048e-01 | 59 -0.02093  3.98734e-01 | 60 -0.03910  3.31070e-01
 61 -0.08110  2.56060e-01 | 62 -0.00900  4.22918e-01 | 63 -0.07724  2.41083e-01
 64 -0.12500  1.64867e-01 | 65 -0.05431  2.83305e-01 | 66 -0.12985  1.44705e-01
 67 -0.10255  1.72231e-01 | 68 -0.09114  1.72616e-01 | 69 -0.00008  2.41965e-01
 70 -0.02260  1.01774e-01 | 71 -0.08439  8.96038e-03 | 72 -0.04233 -1.52067e-04
 73 -0.04151  2.76336e-04 | 74 -0.44124 -9.33641e+02 | 75 -0.93181  1.76410e+00
 76 -0.26873 -8.90033e+02 | 77 -1.17261 -6.35358e+00 | 78  5.61010  9.10973e+00
 79  3.48955  7.65537e-01 | 80  0.33116  1.09497e-02 | 81 -0.98963  1.98702e-04
81 variables; iteration 1900; function evaluation 2160; phase 3
Function value -1.1212642e+02; maximum gradient component mag -9.0512e+02
Var    Value     Gradient |Var    Value     Gradient |Var    Value     Gradient
  1  0.01615 -9.05121e+02 |  2 -0.00686 -8.13928e-01 |  3 -0.00800 -9.68941e-01
  4 -0.02423 -1.03127e+00 |  5 -0.02558 -1.22243e+00 |  6 -0.02710 -1.43992e+00
  7 -0.02878 -1.67787e+00 |  8 -0.03062 -1.95005e+00 |  9 -0.03261 -2.25439e+00
 10 -0.03468 -2.56305e+00 | 11 -0.03681 -2.90176e+00 | 12 -0.03901 -3.28515e+00
 13 -0.04112 -3.64655e+00 | 14 -0.04345 -4.08914e+00 | 15 -0.04684 -4.55587e+00
 16 -0.04892 -5.04426e+00 | 17 -0.05172 -5.62071e+00 | 18 -0.05333 -6.11520e+00
 19 -0.05461 -6.51929e+00 | 20 -0.05502 -6.75889e+00 | 21 -0.05508 -6.97881e+00
 22 -0.05330 -6.80459e+00 | 23 -0.05400 -7.43850e+00 | 24 -0.05349 -8.01827e+00
 25 -0.05335 -8.93785e+00 | 26 -0.05400 -1.05487e+01 | 27 -0.05271 -1.22280e+01
 28 -0.04388 -1.46455e+01 | 29 -0.01007 -2.18012e+01 | 30 -0.02906 -2.13495e+01
 31 -0.11665 -1.09049e+01 | 32 -0.15880 -8.13626e+00 | 33  0.02922 -3.92780e+01
 34 -0.13896 -1.06453e+01 | 35 -0.01714 -2.66374e+01 | 36 -0.03084 -2.34702e+01
 37 -0.05449 -1.80348e+01 | 38  0.01885 -2.97674e+01 | 39 -0.05542 -1.54210e+01
 40 -0.04645 -1.59831e+01 | 41 -0.04076 -1.50619e+01 | 42 -0.00394 -1.74866e+01
 43 -0.02491 -1.25574e+01 | 44 -0.04113 -9.19738e+00 | 45 -0.04415 -7.36023e+00
 46 -0.05284 -5.43072e+00 | 47 -0.09838 -2.90067e+00 | 48 -0.06524 -2.40939e+00
 49 -0.12773 -5.52436e-01 | 50  0.06730 -5.38114e-02 | 51 -0.11975  9.44831e-02
 52 -0.04213  3.00729e-01 | 53 -0.09604  2.32402e-01 | 54 -0.06200  3.19418e-01
 55 -0.03575  3.79701e-01 | 56 -0.09093  2.44359e-01 | 57 -0.05155  3.28775e-01
 58 -0.00770  4.33515e-01 | 59 -0.02093  3.62869e-01 | 60 -0.03909  3.09664e-01
 61 -0.08112  2.36297e-01 | 62 -0.00898  4.00746e-01 | 63 -0.07726  2.24118e-01
 64 -0.12500  1.56069e-01 | 65 -0.05430  2.63240e-01 | 66 -0.12986  1.34611e-01
 67 -0.10254  1.61658e-01 | 68 -0.09115  1.60942e-01 | 69 -0.00006  2.32919e-01
 70 -0.02262  9.51262e-02 | 71 -0.08438  6.05295e-03 | 72 -0.04233  9.13804e-05
 73 -0.04151  1.37936e-04 | 74 -0.44124 -8.16016e+02 | 75 -0.93307  1.51150e+00
 76 -0.26856 -7.59775e+02 | 77 -1.19521 -6.38660e+00 | 78  5.60739  5.59695e+00
 79  3.51424  4.94560e-01 | 80  0.33116 -2.97056e-03 | 81 -0.98965 -5.38054e-04
81 variables; iteration 1920; function evaluation 2181; phase 3
Function value -1.1212922e+02; maximum gradient component mag -4.1519e+02
Var    Value     Gradient |Var    Value     Gradient |Var    Value     Gradient
  1  0.01616 -3.85602e+02 |  2 -0.00684 -1.29520e-01 |  3 -0.00801 -1.58546e-01
  4 -0.02416 -1.51798e-01 |  5 -0.02552 -1.88712e-01 |  6 -0.02705 -2.24843e-01
  7 -0.02878 -2.71620e-01 |  8 -0.03059 -3.08417e-01 |  9 -0.03254 -3.53518e-01
 10 -0.03461 -4.00328e-01 | 11 -0.03679 -4.61778e-01 | 12 -0.03897 -5.18138e-01
 13 -0.04106 -5.63001e-01 | 14 -0.04341 -6.54947e-01 | 15 -0.04682 -7.36245e-01
 16 -0.04896 -8.08944e-01 | 17 -0.05163 -8.13188e-01 | 18 -0.05323 -8.77992e-01
 19 -0.05470 -1.04472e+00 | 20 -0.05503 -9.75039e-01 | 21 -0.05523 -1.09270e+00
 22 -0.05342 -8.85246e-01 | 23 -0.05418 -1.17388e+00 | 24 -0.05354 -1.16134e+00
 25 -0.05337 -1.24976e+00 | 26 -0.05401 -1.58164e+00 | 27 -0.05251 -2.03306e+00
 28 -0.04392 -2.64970e+00 | 29 -0.01032 -4.16489e+00 | 30 -0.02878 -4.33681e+00
 31 -0.11690 -2.62848e+00 | 32 -0.15879 -2.38454e+00 | 33  0.02924 -1.39904e+01
 34 -0.13905 -4.54029e+00 | 35 -0.01714 -1.37459e+01 | 36 -0.03081 -1.38497e+01
 37 -0.05455 -1.19512e+01 | 38  0.01886 -2.21679e+01 | 39 -0.05545 -1.20602e+01
 40 -0.04646 -1.28002e+01 | 41 -0.04078 -1.19905e+01 | 42 -0.00393 -1.35990e+01
 43 -0.02491 -9.30138e+00 | 44 -0.04113 -6.32553e+00 | 45 -0.04416 -4.69695e+00
 46 -0.05282 -3.10077e+00 | 47 -0.09839 -1.63220e+00 | 48 -0.06521 -1.42871e+00
 49 -0.12788 -3.88329e-01 | 50  0.06735 -4.73517e-01 | 51 -0.11995 -6.10137e-02
 52 -0.04208  1.77479e-02 | 53 -0.09611  2.79214e-02 | 54 -0.06199  6.28599e-02
 55 -0.03575  7.97846e-02 | 56 -0.09096  4.62273e-02 | 57 -0.05155  7.03278e-02
 58 -0.00769  1.12579e-01 | 59 -0.02094  1.10080e-01 | 60 -0.03909  1.11563e-01
 61 -0.08114  7.36415e-02 | 62 -0.00896  1.34529e-01 | 63 -0.07729  6.50094e-02
 64 -0.12500  4.99115e-02 | 65 -0.05428  9.28707e-02 | 66 -0.12988  5.72775e-02
 67 -0.10253  7.87698e-02 | 68 -0.09116  6.95278e-02 | 69 -0.00005  9.15065e-02
 70 -0.02264  2.29241e-02 | 71 -0.08439 -5.41519e-03 | 72 -0.04233  2.32152e-04
 73 -0.04151 -4.09541e-04 | 74 -0.44124 -4.15189e+02 | 75 -0.93298  7.69591e-01
 76 -0.26838 -3.36432e+02 | 77 -1.21484 -3.18912e+00 | 78  5.60462  1.93159e+00
 79  3.53637  1.70304e-01 | 80  0.33116 -5.68333e-02 | 81 -0.98967 -6.64077e-04
81 variables; iteration 1940; function evaluation 2202; phase 3
Function value -1.1213151e+02; maximum gradient component mag 2.8895e+02
Var    Value     Gradient |Var    Value     Gradient |Var    Value     Gradient
  1  0.01616  2.88948e+02 |  2 -0.00680  3.09866e-01 |  3 -0.00793  3.75449e-01
  4 -0.02415  3.93543e-01 |  5 -0.02549  4.63337e-01 |  6 -0.02701  5.46082e-01
  7 -0.02868  6.45509e-01 |  8 -0.03051  7.50020e-01 |  9 -0.03247  8.57046e-01
 10 -0.03454  9.81857e-01 | 11 -0.03665  1.12147e+00 | 12 -0.03884  1.26708e+00
 13 -0.04095  1.41573e+00 | 14 -0.04326  1.56309e+00 | 15 -0.04664  1.73645e+00
 16 -0.04873  1.95391e+00 | 17 -0.05163  2.21630e+00 | 18 -0.05321  2.42993e+00
 19 -0.05455  2.48506e+00 | 20 -0.05508  2.66828e+00 | 21 -0.05520  2.66121e+00
 22 -0.05383  2.73520e+00 | 23 -0.05423  2.79907e+00 | 24 -0.05375  3.13353e+00
 25 -0.05373  3.56415e+00 | 26 -0.05431  4.19126e+00 | 27 -0.05240  4.88896e+00
 28 -0.04352  6.02584e+00 | 29 -0.01075  9.13283e+00 | 30 -0.02849  9.65812e+00
 31 -0.11719  4.73473e+00 | 32 -0.15865  3.51605e+00 | 33  0.02922  1.65926e+01
 34 -0.13917  4.26502e+00 | 35 -0.01714  1.01379e+01 | 36 -0.03082  8.17950e+00
 37 -0.05458  5.51890e+00 | 38  0.01885  7.32284e+00 | 39 -0.05550  2.94782e+00
 40 -0.04647  2.17146e+00 | 41 -0.04080  1.49594e+00 | 42 -0.00395  1.06499e+00
 43 -0.02494  5.34683e-01 | 44 -0.04116  4.07251e-01 | 45 -0.04418  4.04348e-01
 46 -0.05286  3.77041e-01 | 47 -0.09840  2.64434e-01 | 48 -0.06524  3.65721e-01
 49 -0.12787  2.51465e-01 | 50  0.06735 -9.17507e-02 | 51 -0.12010 -4.76124e-02
 52 -0.04207 -8.30286e-02 | 53 -0.09618 -3.38968e-02 | 54 -0.06198 -4.83358e-02
 55 -0.03577 -6.90234e-02 | 56 -0.09099 -4.35309e-02 | 57 -0.05155 -5.20871e-02
 58 -0.00771 -7.39038e-02 | 59 -0.02096 -7.50653e-02 | 60 -0.03913 -6.73602e-02
 61 -0.08116 -4.22340e-02 | 62 -0.00897 -8.96634e-02 | 63 -0.07734 -5.00330e-02
 64 -0.12501 -3.22726e-02 | 65 -0.05429 -5.35338e-02 | 66 -0.12992 -2.27498e-02
 67 -0.10253 -1.20034e-02 | 68 -0.09117  1.24567e-03 | 69 -0.00004 -1.33490e-02
 70 -0.02268 -1.01636e-02 | 71 -0.08436  1.23696e-03 | 72 -0.04233 -1.54842e-04
 73 -0.04151  6.70123e-05 | 74 -0.44124  2.27282e+02 | 75 -0.93180 -4.27151e-01
 76 -0.26822  2.09802e+02 | 77 -1.22996  2.32339e+00 | 78  5.60220 -2.07682e+00
 79  3.55366 -3.39699e-01 | 80  0.33116 -2.74272e-02 | 81 -0.98966 -1.39969e-04
81 variables; iteration 1960; function evaluation 2223; phase 3
Function value -1.1213401e+02; maximum gradient component mag -1.1842e+03
Var    Value     Gradient |Var    Value     Gradient |Var    Value     Gradient
  1  0.01617 -1.18415e+03 |  2 -0.00675 -8.76934e-01 |  3 -0.00792 -1.05725e+00
  4 -0.02411 -1.11376e+00 |  5 -0.02542 -1.31545e+00 |  6 -0.02692 -1.54940e+00
  7 -0.02863 -1.82128e+00 |  8 -0.03047 -2.12129e+00 |  9 -0.03237 -2.43442e+00
 10 -0.03446 -2.78065e+00 | 11 -0.03661 -3.15836e+00 | 12 -0.03880 -3.57655e+00
 13 -0.04091 -3.97652e+00 | 14 -0.04311 -4.42214e+00 | 15 -0.04648 -4.92974e+00
 16 -0.04869 -5.49700e+00 | 17 -0.05156 -6.15143e+00 | 18 -0.05328 -6.71057e+00
 19 -0.05439 -7.08956e+00 | 20 -0.05515 -7.43283e+00 | 21 -0.05510 -7.61999e+00
 22 -0.05401 -7.59289e+00 | 23 -0.05409 -8.07525e+00 | 24 -0.05388 -8.74007e+00
 25 -0.05400 -9.76597e+00 | 26 -0.05448 -1.15244e+01 | 27 -0.05268 -1.35500e+01
 28 -0.04385 -1.68401e+01 | 29 -0.01003 -2.59042e+01 | 30 -0.02925 -2.62037e+01
 31 -0.11661 -1.39119e+01 | 32 -0.15855 -1.07005e+01 | 33  0.02919 -5.46416e+01
 34 -0.13923 -1.56487e+01 | 35 -0.01714 -4.16792e+01 | 36 -0.03082 -3.82346e+01
 37 -0.05464 -2.96357e+01 | 38  0.01887 -4.82372e+01 | 39 -0.05554 -2.39986e+01
 40 -0.04648 -2.32730e+01 | 41 -0.04083 -2.05598e+01 | 42 -0.00395 -2.20718e+01
 43 -0.02495 -1.48244e+01 | 44 -0.04118 -1.03282e+01 | 45 -0.04420 -7.96288e+00
 46 -0.05287 -5.70620e+00 | 47 -0.09842 -3.02986e+00 | 48 -0.06523 -2.63731e+00
 49 -0.12803 -7.53462e-01 | 50  0.06739 -4.70060e-02 | 51 -0.12029  1.13318e-01
 52 -0.04204  3.36466e-01 | 53 -0.09626  2.35747e-01 | 54 -0.06197  3.25652e-01
 55 -0.03578  3.98079e-01 | 56 -0.09102  2.56435e-01 | 57 -0.05156  3.43724e-01
 58 -0.00771  4.62577e-01 | 59 -0.02097  4.15649e-01 | 60 -0.03913  3.58520e-01
 61 -0.08118  2.55979e-01 | 62 -0.00896  4.50815e-01 | 63 -0.07738  2.52894e-01
 64 -0.12502  1.79905e-01 | 65 -0.05428  3.06228e-01 | 66 -0.12995  1.58412e-01
 67 -0.10253  1.77585e-01 | 68 -0.09119  1.60741e-01 | 69 -0.00003  2.38545e-01
 70 -0.02271  1.01119e-01 | 71 -0.08436  2.98993e-03 | 72 -0.04233  3.44436e-04
 73 -0.04151  1.67269e-04 | 74 -0.44123 -1.08178e+03 | 75 -0.93029  2.09366e+00
 76 -0.26805 -9.01800e+02 | 77 -1.24548 -1.06227e+01 | 78  5.59924  7.55685e+00
 79  3.57261  1.05874e+00 | 80  0.33116  1.38735e-02 | 81 -0.98968 -1.15536e-03
81 variables; iteration 1980; function evaluation 2245; phase 3
Function value -1.1213755e+02; maximum gradient component mag -9.6690e+02
Var    Value     Gradient |Var    Value     Gradient |Var    Value     Gradient
  1  0.01617 -9.66896e+02 |  2 -0.00674 -7.82948e-01 |  3 -0.00790 -9.41605e-01
  4 -0.02406 -9.85855e-01 |  5 -0.02538 -1.16859e+00 |  6 -0.02688 -1.37779e+00
  7 -0.02858 -1.61978e+00 |  8 -0.03042 -1.88790e+00 |  9 -0.03233 -2.17031e+00
 10 -0.03440 -2.47330e+00 | 11 -0.03652 -2.80424e+00 | 12 -0.03872 -3.17934e+00
 13 -0.04078 -3.51891e+00 | 14 -0.04303 -3.92695e+00 | 15 -0.04643 -4.38706e+00
 16 -0.04852 -4.85913e+00 | 17 -0.05119 -5.37987e+00 | 18 -0.05284 -5.85411e+00
 19 -0.05443 -6.31130e+00 | 20 -0.05473 -6.49075e+00 | 21 -0.05507 -6.74948e+00
 22 -0.05340 -6.56706e+00 | 23 -0.05438 -7.19914e+00 | 24 -0.05409 -7.72611e+00
 25 -0.05450 -8.63980e+00 | 26 -0.05564 -1.02636e+01 | 27 -0.05304 -1.18769e+01
 28 -0.04330 -1.46135e+01 | 29 -0.01024 -2.21648e+01 | 30 -0.02907 -2.18947e+01
 31 -0.11677 -1.15431e+01 | 32 -0.15850 -8.75280e+00 | 33  0.02921 -4.36998e+01
 34 -0.13937 -1.22624e+01 | 35 -0.01713 -3.21495e+01 | 36 -0.03079 -2.91871e+01
 37 -0.05471 -2.25238e+01 | 38  0.01889 -3.68336e+01 | 39 -0.05558 -1.83866e+01
 40 -0.04649 -1.81662e+01 | 41 -0.04085 -1.62323e+01 | 42 -0.00394 -1.78448e+01
 43 -0.02495 -1.22300e+01 | 44 -0.04119 -8.68957e+00 | 45 -0.04420 -6.83621e+00
 46 -0.05285 -4.97278e+00 | 47 -0.09844 -2.67551e+00 | 48 -0.06520 -2.26959e+00
 49 -0.12816 -6.07568e-01 | 50  0.06744  7.10521e-02 | 51 -0.12053  1.31328e-01
 52 -0.04199  3.36275e-01 | 53 -0.09634  2.41802e-01 | 54 -0.06196  3.21319e-01
 55 -0.03578  3.98251e-01 | 56 -0.09105  2.52758e-01 | 57 -0.05155  3.33501e-01
 58 -0.00770  4.43478e-01 | 59 -0.02098  3.86487e-01 | 60 -0.03914  3.30009e-01
 61 -0.08120  2.38122e-01 | 62 -0.00894  4.06357e-01 | 63 -0.07741  2.24997e-01
 64 -0.12502  1.60439e-01 | 65 -0.05426  2.77163e-01 | 66 -0.12997  1.47143e-01
 67 -0.10251  1.65892e-01 | 68 -0.09118  1.52468e-01 | 69 -0.00001  2.18073e-01
 70 -0.02274  8.98916e-02 | 71 -0.08435  3.52016e-03 | 72 -0.04233  1.37745e-04
 73 -0.04151  1.07150e-04 | 74 -0.44124 -8.78249e+02 | 75 -0.93175  1.66182e+00
 76 -0.26780 -7.03801e+02 | 77 -1.26558 -9.40731e+00 | 78  5.59367  4.80460e+00
 79  3.60248  7.61993e-01 | 80  0.33116  6.56591e-02 | 81 -0.98969 -1.44967e-03
81 variables; iteration 2000; function evaluation 2269; phase 3
Function value -1.1214069e+02; maximum gradient component mag -3.8142e+02
Var    Value     Gradient |Var    Value     Gradient |Var    Value     Gradient
  1  0.01618 -3.81419e+02 |  2 -0.00668 -2.69005e-01 |  3 -0.00781 -3.21899e-01
  4 -0.02403 -3.44077e-01 |  5 -0.02532 -4.03531e-01 |  6 -0.02681 -4.75645e-01
  7 -0.02848 -5.57638e-01 |  8 -0.03029 -6.51650e-01 |  9 -0.03221 -7.49809e-01
 10 -0.03427 -8.56607e-01 | 11 -0.03638 -9.70280e-01 | 12 -0.03857 -1.10189e+00
 13 -0.04068 -1.22394e+00 | 14 -0.04291 -1.36083e+00 | 15 -0.04627 -1.51936e+00
 16 -0.04843 -1.68558e+00 | 17 -0.05133 -1.87171e+00 | 18 -0.05302 -2.03871e+00
 19 -0.05428 -2.18289e+00 | 20 -0.05496 -2.25036e+00 | 21 -0.05504 -2.33167e+00
 22 -0.05389 -2.27923e+00 | 23 -0.05429 -2.47162e+00 | 24 -0.05423 -2.63934e+00
 25 -0.05471 -2.93909e+00 | 26 -0.05563 -3.48617e+00 | 27 -0.05321 -4.05471e+00
 28 -0.04343 -5.06465e+00 | 29 -0.01000 -7.69178e+00 | 30 -0.02941 -7.66006e+00
 31 -0.11651 -4.15053e+00 | 32 -0.15838 -3.20307e+00 | 33  0.02919 -1.64785e+01
 34 -0.13952 -4.79257e+00 | 35 -0.01714 -1.29475e+01 | 36 -0.03078 -1.20978e+01
 37 -0.05480 -9.57671e+00 | 38  0.01890 -1.61161e+01 | 39 -0.05565 -8.29203e+00
 40 -0.04650 -8.35805e+00 | 41 -0.04089 -7.61444e+00 | 42 -0.00395 -8.45909e+00
 43 -0.02498 -5.81054e+00 | 44 -0.04122 -4.06202e+00 | 45 -0.04423 -3.09973e+00
 46 -0.05286 -2.19294e+00 | 47 -0.09846 -1.11867e+00 | 48 -0.06519 -8.74943e-01
 49 -0.12832 -1.42486e-01 | 50  0.06749 -2.05637e-02 | 51 -0.12080  3.15930e-02
 52 -0.04195  1.10520e-01 | 53 -0.09646  9.19761e-02 | 54 -0.06195  1.22636e-01
 55 -0.03580  1.40559e-01 | 56 -0.09110  9.20083e-02 | 57 -0.05156  1.27385e-01
 58 -0.00771  1.64279e-01 | 59 -0.02100  1.39140e-01 | 60 -0.03916  1.16382e-01
 61 -0.08123  9.09408e-02 | 62 -0.00893  1.47317e-01 | 63 -0.07747  8.24658e-02
 64 -0.12503  6.01917e-02 | 65 -0.05426  1.02404e-01 | 66 -0.13001  5.53018e-02
 67 -0.10251  7.05675e-02 | 68 -0.09121  7.20562e-02 | 69 -0.00000  9.97609e-02
 70 -0.02279  4.13948e-02 | 71 -0.08433  3.03970e-03 | 72 -0.04233  5.20184e-05
 73 -0.04151  1.77805e-04 | 74 -0.44123 -3.57814e+02 | 75 -0.93010  6.97093e-01
 76 -0.26755 -2.73822e+02 | 77 -1.28281 -4.02030e+00 | 78  5.58853  1.81088e+00
 79  3.62586  3.13713e-01 | 80  0.33116  3.19445e-02 | 81 -0.98966 -3.29707e-04
81 variables; iteration 2020; function evaluation 2292; phase 3
Function value -1.1214327e+02; maximum gradient component mag -7.2803e+02
Var    Value     Gradient |Var    Value     Gradient |Var    Value     Gradient
  1  0.01619 -7.28027e+02 |  2 -0.00663 -4.65818e-01 |  3 -0.00775 -5.58118e-01
  4 -0.02396 -5.93090e-01 |  5 -0.02525 -6.99577e-01 |  6 -0.02673 -8.23860e-01
  7 -0.02839 -9.66823e-01 |  8 -0.03019 -1.12709e+00 |  9 -0.03208 -1.29479e+00
 10 -0.03414 -1.47994e+00 | 11 -0.03625 -1.68002e+00 | 12 -0.03843 -1.90435e+00
 13 -0.04054 -2.11746e+00 | 14 -0.04277 -2.35960e+00 | 15 -0.04612 -2.63100e+00
 16 -0.04831 -2.93165e+00 | 17 -0.05118 -3.26194e+00 | 18 -0.05295 -3.56397e+00
 19 -0.05418 -3.77746e+00 | 20 -0.05495 -3.93509e+00 | 21 -0.05504 -4.04391e+00
 22 -0.05390 -3.97096e+00 | 23 -0.05443 -4.27369e+00 | 24 -0.05454 -4.59620e+00
 25 -0.05514 -5.10112e+00 | 26 -0.05608 -5.99699e+00 | 27 -0.05353 -7.03922e+00
 28 -0.04296 -8.78545e+00 | 29 -0.01023 -1.35705e+01 | 30 -0.02937 -1.35377e+01
 31 -0.11650 -7.41819e+00 | 32 -0.15832 -5.83164e+00 | 33  0.02918 -3.05732e+01
 34 -0.13967 -9.10298e+00 | 35 -0.01715 -2.53270e+01 | 36 -0.03076 -2.41680e+01
 37 -0.05488 -1.93539e+01 | 38  0.01891 -3.29412e+01 | 39 -0.05570 -1.69890e+01
 40 -0.04651 -1.71148e+01 | 41 -0.04092 -1.55602e+01 | 42 -0.00395 -1.72395e+01
 43 -0.02499 -1.18092e+01 | 44 -0.04124 -8.25395e+00 | 45 -0.04425 -6.31818e+00
 46 -0.05286 -4.47347e+00 | 47 -0.09849 -2.32984e+00 | 48 -0.06517 -1.95249e+00
 49 -0.12848 -4.99552e-01 | 50  0.06753 -1.25676e-01 | 51 -0.12106  5.81438e-02
 52 -0.04191  2.08230e-01 | 53 -0.09657  1.57960e-01 | 54 -0.06194  2.23955e-01
 55 -0.03582  2.67266e-01 | 56 -0.09114  1.75073e-01 | 57 -0.05157  2.39044e-01
 58 -0.00771  3.16174e-01 | 59 -0.02102  2.72319e-01 | 60 -0.03918  2.32702e-01
 61 -0.08127  1.73013e-01 | 62 -0.00892  2.97687e-01 | 63 -0.07752  1.64767e-01
 64 -0.12504  1.15720e-01 | 65 -0.05425  1.94911e-01 | 66 -0.13005  9.90539e-02
 67 -0.10251  1.17211e-01 | 68 -0.09123  1.15079e-01 | 69  0.00001  1.73112e-01
 70 -0.02283  7.34647e-02 | 71 -0.08433  3.90959e-03 | 72 -0.04234  1.56934e-04
 73 -0.04152  1.27550e-04 | 74 -0.44123 -6.99614e+02 | 75 -0.92992  1.36266e+00
 76 -0.26730 -4.98698e+02 | 77 -1.29893 -8.15264e+00 | 78  5.58197  2.95072e+00
 79  3.65125  6.72886e-01 | 80  0.33116  3.33225e-02 | 81 -0.98965  4.72409e-05
81 variables; iteration 2040; function evaluation 2317; phase 3
Function value -1.1214542e+02; maximum gradient component mag -4.7789e+02
Var    Value     Gradient |Var    Value     Gradient |Var    Value     Gradient
  1  0.01620 -4.77886e+02 |  2 -0.00658 -4.56777e-01 |  3 -0.00769 -5.47651e-01
  4 -0.02390 -5.82265e-01 |  5 -0.02517 -6.85174e-01 |  6 -0.02663 -8.07084e-01
  7 -0.02828 -9.49159e-01 |  8 -0.03008 -1.11005e+00 |  9 -0.03194 -1.26946e+00
 10 -0.03401 -1.45593e+00 | 11 -0.03610 -1.65083e+00 | 12 -0.03829 -1.87581e+00
 13 -0.04038 -2.08455e+00 | 14 -0.04258 -2.31645e+00 | 15 -0.04592 -2.58219e+00
 16 -0.04815 -2.88643e+00 | 17 -0.05101 -3.20628e+00 | 18 -0.05281 -3.50803e+00
 19 -0.05407 -3.71358e+00 | 20 -0.05488 -3.87002e+00 | 21 -0.05501 -3.97304e+00
 22 -0.05398 -3.91578e+00 | 23 -0.05452 -4.19205e+00 | 24 -0.05477 -4.50906e+00
 25 -0.05560 -5.01760e+00 | 26 -0.05666 -5.90428e+00 | 27 -0.05400 -6.99118e+00
 28 -0.04301 -8.82836e+00 | 29 -0.00979 -1.36516e+01 | 30 -0.02991 -1.35102e+01
 31 -0.11603 -7.04959e+00 | 32 -0.15819 -5.23185e+00 | 33  0.02914 -2.49530e+01
 34 -0.13980 -6.60830e+00 | 35 -0.01716 -1.61868e+01 | 36 -0.03074 -1.36245e+01
 37 -0.05495 -9.74407e+00 | 38  0.01892 -1.45746e+01 | 39 -0.05576 -6.69356e+00
 40 -0.04653 -6.13443e+00 | 41 -0.04095 -5.17362e+00 | 42 -0.00396 -5.30493e+00
 43 -0.02501 -3.46778e+00 | 44 -0.04126 -2.43138e+00 | 45 -0.04428 -1.89484e+00
 46 -0.05287 -1.38447e+00 | 47 -0.09851 -7.28750e-01 | 48 -0.06515 -6.35850e-01
 49 -0.12864 -1.91158e-01 | 50  0.06758  1.20199e-01 | 51 -0.12134  6.28913e-02
 52 -0.04186  1.35435e-01 | 53 -0.09669  8.89806e-02 | 54 -0.06194  1.17077e-01
 55 -0.03584  1.39999e-01 | 56 -0.09119  8.85980e-02 | 57 -0.05158  1.18814e-01
 58 -0.00772  1.58051e-01 | 59 -0.02104  1.38763e-01 | 60 -0.03920  1.20448e-01
 61 -0.08130  8.72194e-02 | 62 -0.00891  1.56923e-01 | 63 -0.07758  8.97513e-02
 64 -0.12506  6.14818e-02 | 65 -0.05424  1.01526e-01 | 66 -0.13009  4.91907e-02
 67 -0.10250  5.24970e-02 | 68 -0.09125  4.36987e-02 | 69  0.00002  7.00136e-02
 70 -0.02288  3.44218e-02 | 71 -0.08431  1.91985e-03 | 72 -0.04234  1.41452e-04
 73 -0.04152  5.47133e-05 | 74 -0.44123 -3.99478e+02 | 75 -0.93211  7.53646e-01
 76 -0.26704 -3.01720e+02 | 77 -1.31415 -5.39286e+00 | 78  5.57419  1.75695e+00
 79  3.67667  4.43742e-01 | 80  0.33116  4.37875e-02 | 81 -0.98967 -8.52157e-04
81 variables; iteration 2060; function evaluation 2337; phase 3
Function value -1.1214645e+02; maximum gradient component mag -1.3175e+02
Var    Value     Gradient |Var    Value     Gradient |Var    Value     Gradient
  1  0.01620 -1.02286e+02 |  2 -0.00652  6.59350e-02 |  3 -0.00762  8.01715e-02
  4 -0.02383  7.90546e-02 |  5 -0.02509  9.96023e-02 |  6 -0.02654  1.17826e-01
  7 -0.02818  1.34180e-01 |  8 -0.02996  1.50802e-01 |  9 -0.03181  1.83901e-01
 10 -0.03386  2.00477e-01 | 11 -0.03595  2.29706e-01 | 12 -0.03812  2.54075e-01
 13 -0.04022  2.80724e-01 | 14 -0.04241  3.27256e-01 | 15 -0.04572  3.69094e-01
 16 -0.04797  3.89477e-01 | 17 -0.05103  4.16825e-01 | 18 -0.05278  4.57585e-01
 19 -0.05394  5.12212e-01 | 20 -0.05496  5.01660e-01 | 21 -0.05499  5.39497e-01
 22 -0.05441  4.54588e-01 | 23 -0.05457  5.87169e-01 | 24 -0.05494  6.36584e-01
 25 -0.05592  6.96966e-01 | 26 -0.05703  8.25048e-01 | 27 -0.05423  8.89866e-01
 28 -0.04301  9.29342e-01 | 29 -0.00966  1.02043e+00 | 30 -0.03013  5.16095e-01
 31 -0.11588 -2.46018e-03 | 32 -0.15802 -2.94843e-01 | 33  0.02911 -3.65831e+00
 34 -0.13994 -1.67421e+00 | 35 -0.01717 -5.83789e+00 | 36 -0.03073 -6.44215e+00
 37 -0.05503 -5.56461e+00 | 38  0.01893 -1.01806e+01 | 39 -0.05582 -5.39748e+00
 40 -0.04654 -5.44182e+00 | 41 -0.04099 -4.89538e+00 | 42 -0.00397 -5.24795e+00
 43 -0.02504 -3.40106e+00 | 44 -0.04129 -2.15736e+00 | 45 -0.04430 -1.43446e+00
 46 -0.05288 -8.81821e-01 | 47 -0.09853 -3.79925e-01 | 48 -0.06515 -3.09013e-01
 49 -0.12878 -7.13598e-02 | 50  0.06762 -9.57953e-02 | 51 -0.12159 -8.05741e-03
 52 -0.04183  5.16719e-04 | 53 -0.09679  1.19707e-02 | 54 -0.06193  8.46653e-03
 55 -0.03586  7.84711e-03 | 56 -0.09123  4.97937e-03 | 57 -0.05159  9.72757e-03
 58 -0.00773  7.92123e-03 | 59 -0.02107  2.96929e-03 | 60 -0.03922  5.06051e-03
 61 -0.08134  4.79767e-03 | 62 -0.00891  6.91182e-03 | 63 -0.07763  5.03326e-03
 64 -0.12507  2.46610e-03 | 65 -0.05424  1.56642e-03 | 66 -0.13013 -2.62119e-03
 67 -0.10250  2.13528e-03 | 68 -0.09127  6.06772e-03 | 69  0.00003  1.43621e-02
 70 -0.02292  6.53469e-03 | 71 -0.08430  7.28258e-04 | 72 -0.04235  6.93643e-05
 73 -0.04152  7.63130e-05 | 74 -0.44123 -1.31746e+02 | 75 -0.93195  2.49602e-01
 76 -0.26681 -7.46356e+01 | 77 -1.32623 -1.33870e+00 | 78  5.56682  3.66187e-01
 79  3.69721  1.84374e-01 | 80  0.33116  2.24171e-02 | 81 -0.98966 -3.00344e-04
81 variables; iteration 2080; function evaluation 2360; phase 3
Function value -1.1214668e+02; maximum gradient component mag -4.7265e+00
Var    Value     Gradient |Var    Value     Gradient |Var    Value     Gradient
  1  0.01621 -4.43621e+00 |  2 -0.00649  4.86374e-04 |  3 -0.00758  1.07428e-03
  4 -0.02377  1.09280e-03 |  5 -0.02504  2.30247e-03 |  6 -0.02648  2.38060e-03
  7 -0.02811  2.32491e-03 |  8 -0.02986  2.85866e-03 |  9 -0.03173  4.24056e-03
 10 -0.03375  3.79080e-03 | 11 -0.03582  4.51522e-03 | 12 -0.03797  6.50208e-03
 13 -0.04008  1.26773e-03 | 14 -0.04229  6.94882e-03 | 15 -0.04558  1.18329e-02
 16 -0.04780  5.28099e-03 | 17 -0.05096 -4.95543e-02 | 18 -0.05269 -3.76592e-02
 19 -0.05381  8.84925e-03 | 20 -0.05495 -5.45503e-02 | 21 -0.05494 -8.17124e-03
 22 -0.05450 -1.22340e-01 | 23 -0.05461  8.28581e-03 | 24 -0.05511 -2.11931e-04
 25 -0.05623 -4.29217e-03 | 26 -0.05747  3.17490e-02 | 27 -0.05457  3.89536e-02
 28 -0.04299  3.70652e-02 | 29 -0.00953  4.72565e-02 | 30 -0.03026 -1.60087e-02
 31 -0.11581 -2.05816e-02 | 32 -0.15793 -2.49001e-03 | 33  0.02910 -8.78140e-02
 34 -0.14003 -5.39454e-02 | 35 -0.01718 -1.77129e-01 | 36 -0.03072 -2.55019e-01
 37 -0.05508 -2.03007e-01 | 38  0.01893 -3.58745e-01 | 39 -0.05586 -2.29667e-01
 40 -0.04655 -1.77664e-01 | 41 -0.04101 -1.65839e-01 | 42 -0.00397 -1.60596e-01
 43 -0.02505 -1.08489e-01 | 44 -0.04130 -6.46284e-02 | 45 -0.04431 -3.75194e-02
 46 -0.05289 -2.51695e-02 | 47 -0.09855 -7.30133e-03 | 48 -0.06514 -8.51914e-03
 49 -0.12888 -6.74292e-04 | 50  0.06764  1.52942e-03 | 51 -0.12174  7.35183e-04
 52 -0.04181  2.57745e-04 | 53 -0.09686  1.52367e-04 | 54 -0.06193  8.34167e-05
 55 -0.03587  1.33534e-04 | 56 -0.09126  9.51576e-05 | 57 -0.05160 -1.67174e-04
 58 -0.00773 -2.53278e-04 | 59 -0.02108 -4.32289e-04 | 60 -0.03924 -1.14076e-04
 61 -0.08136 -1.17484e-04 | 62 -0.00891  9.59368e-06 | 63 -0.07766  1.35974e-04
 64 -0.12508 -1.68683e-04 | 65 -0.05424 -4.53097e-04 | 66 -0.13015 -4.29421e-04
 67 -0.10251 -5.45735e-04 | 68 -0.09129 -3.98011e-04 | 69  0.00003 -1.84639e-04
 70 -0.02295  2.53737e-04 | 71 -0.08430  1.11884e-04 | 72 -0.04235  5.70866e-06
 73 -0.04153  1.05638e-05 | 74 -0.44124 -3.34854e+00 | 75 -0.93703  2.89224e-03
 76 -0.26667 -4.72654e+00 | 77 -1.33344  8.99026e-03 | 78  5.56152  3.51237e-02
 79  3.71045  6.86138e-02 | 80  0.33116  5.88194e-03 | 81 -0.98964  3.63126e-04
81 variables; iteration 2100; function evaluation 2380; phase 3
Function value -1.1214668e+02; maximum gradient component mag -3.4152e+01
Var    Value     Gradient |Var    Value     Gradient |Var    Value     Gradient
  1  0.01621 -3.41518e+01 |  2 -0.00649 -2.02767e-02 |  3 -0.00759 -2.51457e-02
  4 -0.02377 -2.24675e-02 |  5 -0.02505 -3.03111e-02 |  6 -0.02649 -3.59575e-02
  7 -0.02811 -4.02190e-02 |  8 -0.02986 -4.50863e-02 |  9 -0.03173 -5.25383e-02
 10 -0.03374 -5.91304e-02 | 11 -0.03583 -6.92730e-02 | 12 -0.03796 -7.37213e-02
 13 -0.04008 -9.05092e-02 | 14 -0.04228 -9.21834e-02 | 15 -0.04557 -9.95279e-02
 16 -0.04780 -1.21850e-01 | 17 -0.05096 -1.90201e-01 | 18 -0.05270 -1.92700e-01
 19 -0.05381 -1.53821e-01 | 20 -0.05495 -2.23218e-01 | 21 -0.05494 -1.82823e-01
 22 -0.05451 -2.96820e-01 | 23 -0.05461 -1.73881e-01 | 24 -0.05511 -1.95255e-01
 25 -0.05623 -2.24140e-01 | 26 -0.05746 -2.26246e-01 | 27 -0.05456 -2.71350e-01
 28 -0.04300 -3.68342e-01 | 29 -0.00952 -5.89612e-01 | 30 -0.03027 -6.67389e-01
 31 -0.11580 -3.78190e-01 | 32 -0.15793 -2.88206e-01 | 33  0.02910 -1.59354e+00
 34 -0.14003 -4.94319e-01 | 35 -0.01718 -1.36585e+00 | 36 -0.03071 -1.35294e+00
 37 -0.05508 -1.05457e+00 | 38  0.01893 -1.69522e+00 | 39 -0.05586 -8.77479e-01
 40 -0.04655 -7.49257e-01 | 41 -0.04101 -6.35681e-01 | 42 -0.00397 -6.15939e-01
 43 -0.02505 -3.85489e-01 | 44 -0.04130 -2.58002e-01 | 45 -0.04431 -1.83075e-01
 46 -0.05289 -1.43583e-01 | 47 -0.09855 -6.29026e-02 | 48 -0.06514 -6.55334e-02
 49 -0.12888 -1.40547e-02 | 50  0.06764 -6.65910e-03 | 51 -0.12175 -1.19900e-03
 52 -0.04181  6.59735e-03 | 53 -0.09686  3.99086e-03 | 54 -0.06193  6.29442e-03
 55 -0.03587  9.38066e-03 | 56 -0.09126  5.19789e-03 | 57 -0.05160  6.03394e-03
 58 -0.00773  1.12914e-02 | 59 -0.02108  1.19478e-02 | 60 -0.03924  1.22404e-02
 61 -0.08136  2.95324e-03 | 62 -0.00891  7.75251e-03 | 63 -0.07766  6.68839e-03
 64 -0.12508  5.53402e-03 | 65 -0.05424  1.06697e-02 | 66 -0.13015  7.43933e-03
 67 -0.10251  8.06735e-03 | 68 -0.09129  5.23838e-03 | 69  0.00003  9.24283e-04
 70 -0.02295 -3.89954e-04 | 71 -0.08430 -1.11151e-03 | 72 -0.04235  3.08850e-05
 73 -0.04153 -5.96050e-05 | 74 -0.44124 -3.04005e+01 | 75 -0.93741  4.92419e-02
 76 -0.26667 -2.27979e+01 | 77 -1.33353 -3.59110e-01 | 78  5.56147  1.29832e-01
 79  3.71056  1.01248e-01 | 80  0.33116 -3.46914e-02 | 81 -0.98964  3.79861e-04
81 variables; iteration 2120; function evaluation 2401; phase 3
Function value -1.1214669e+02; maximum gradient component mag -2.7379e+00
Var    Value     Gradient |Var    Value     Gradient |Var    Value     Gradient
  1  0.01621 -1.30667e+00 |  2 -0.00649  2.42678e-03 |  3 -0.00758  3.18464e-03
  4 -0.02377  3.95538e-03 |  5 -0.02504  4.99638e-03 |  6 -0.02648  5.54346e-03
  7 -0.02810  6.38191e-03 |  8 -0.02985  7.74985e-03 |  9 -0.03172  9.85297e-03
 10 -0.03374  1.04267e-02 | 11 -0.03582  1.15644e-02 | 12 -0.03796  1.52011e-02
 13 -0.04007  1.01108e-02 | 14 -0.04228  1.79147e-02 | 15 -0.04557  2.41352e-02
 16 -0.04779  1.78219e-02 | 17 -0.05097 -3.84810e-02 | 18 -0.05270 -2.50154e-02
 19 -0.05381  2.51883e-02 | 20 -0.05496 -4.09217e-02 | 21 -0.05494  8.08050e-03
 22 -0.05453 -1.13618e-01 | 23 -0.05461  2.66172e-02 | 24 -0.05512  1.94685e-02
 25 -0.05624  1.67236e-02 | 26 -0.05747  5.91345e-02 | 27 -0.05457  7.09802e-02
 28 -0.04299  7.40255e-02 | 29 -0.00953  9.88653e-02 | 30 -0.03027  3.33577e-02
 31 -0.11581  4.09198e-03 | 32 -0.15792  1.75989e-02 | 33  0.02910  1.58241e-02
 34 -0.14004 -2.23085e-02 | 35 -0.01718 -8.56417e-02 | 36 -0.03071 -1.68002e-01
 37 -0.05508 -1.31336e-01 | 38  0.01893 -2.24377e-01 | 39 -0.05586 -1.58445e-01
 40 -0.04655 -9.15949e-02 | 41 -0.04101 -8.21916e-02 | 42 -0.00397 -5.69487e-02
 43 -0.02505 -3.18165e-02 | 44 -0.04131 -1.02584e-02 | 45 -0.04431  5.74288e-03
 46 -0.05289  4.06631e-03 | 47 -0.09855  8.85942e-03 | 48 -0.06514  4.82868e-03
 49 -0.12889  2.99250e-03 | 50  0.06764 -3.92859e-04 | 51 -0.12176 -6.25582e-04
 52 -0.04181 -1.47313e-03 | 53 -0.09687 -8.35656e-04 | 54 -0.06193 -1.33041e-03
 55 -0.03587 -1.30779e-03 | 56 -0.09126 -1.07753e-03 | 57 -0.05160 -1.72365e-03
 58 -0.00773 -1.96395e-03 | 59 -0.02108 -1.72933e-03 | 60 -0.03924 -1.11734e-03
 61 -0.08136 -1.72630e-03 | 62 -0.00891 -2.79418e-03 | 63 -0.07767 -1.16300e-03
 64 -0.12508 -8.02508e-04 | 65 -0.05424 -1.29242e-03 | 66 -0.13015 -3.68962e-04
 67 -0.10251 -4.90025e-04 | 68 -0.09129 -4.46184e-04 | 69  0.00003 -1.26721e-03
 70 -0.02295 -8.62683e-05 | 71 -0.08430  4.86975e-05 | 72 -0.04235  7.35415e-06
 73 -0.04153 -1.15663e-06 | 74 -0.44125 -3.16247e-01 | 75 -0.94390 -9.53771e-03
 76 -0.26665 -2.73788e+00 | 77 -1.33425  4.93448e-02 | 78  5.56132  3.31125e-02
 79  3.71093  6.95832e-02 | 80  0.33116 -4.25702e-05 | 81 -0.98964  4.10083e-04
81 variables; iteration 2140; function evaluation 2425; phase 3
Function value -1.1214706e+02; maximum gradient component mag -2.2781e+02
Var    Value     Gradient |Var    Value     Gradient |Var    Value     Gradient
  1  0.01621 -2.27808e+02 |  2 -0.00648 -1.77058e-01 |  3 -0.00758 -2.11625e-01
  4 -0.02377 -2.23465e-01 |  5 -0.02503 -2.64241e-01 |  6 -0.02648 -3.11924e-01
  7 -0.02810 -3.65754e-01 |  8 -0.02985 -4.25312e-01 |  9 -0.03172 -4.89461e-01
 10 -0.03373 -5.59004e-01 | 11 -0.03581 -6.35199e-01 | 12 -0.03795 -7.17139e-01
 13 -0.04006 -8.04975e-01 | 14 -0.04227 -8.92223e-01 | 15 -0.04556 -9.90595e-01
 16 -0.04778 -1.11046e+00 | 17 -0.05096 -1.30408e+00 | 18 -0.05269 -1.40123e+00
 19 -0.05380 -1.42976e+00 | 20 -0.05495 -1.56009e+00 | 21 -0.05494 -1.54596e+00
 22 -0.05453 -1.65179e+00 | 23 -0.05462 -1.60631e+00 | 24 -0.05513 -1.73359e+00
 25 -0.05626 -1.92156e+00 | 26 -0.05749 -2.20804e+00 | 27 -0.05457 -2.58871e+00
 28 -0.04297 -3.25715e+00 | 29 -0.00952 -4.93996e+00 | 30 -0.03028 -4.90962e+00
 31 -0.11582 -2.63550e+00 | 32 -0.15793 -1.98410e+00 | 33  0.02912 -9.92055e+00
 34 -0.14012 -2.80500e+00 | 35 -0.01716 -7.44725e+00 | 36 -0.03071 -6.90530e+00
 37 -0.05512 -5.35498e+00 | 38  0.01895 -8.90972e+00 | 39 -0.05589 -4.58376e+00
 40 -0.04655 -4.53887e+00 | 41 -0.04102 -4.14104e+00 | 42 -0.00396 -4.59938e+00
 43 -0.02505 -3.18428e+00 | 44 -0.04131 -2.25243e+00 | 45 -0.04432 -1.74606e+00
 46 -0.05288 -1.26211e+00 | 47 -0.09855 -6.61877e-01 | 48 -0.06512 -5.58608e-01
 49 -0.12895 -1.37548e-01 | 50  0.06768 -2.07352e-02 | 51 -0.12191  2.02823e-02
 52 -0.04177  6.70728e-02 | 53 -0.09692  5.07164e-02 | 54 -0.06192  7.10256e-02
 55 -0.03587  8.50789e-02 | 56 -0.09128  5.46901e-02 | 57 -0.05159  7.41139e-02
 58 -0.00772  9.89989e-02 | 59 -0.02108  8.52529e-02 | 60 -0.03924  7.28135e-02
 61 -0.08137  5.32866e-02 | 62 -0.00889  9.04246e-02 | 63 -0.07769  5.05614e-02
 64 -0.12508  3.55818e-02 | 65 -0.05422  6.01823e-02 | 66 -0.13017  3.15347e-02
 67 -0.10249  3.70919e-02 | 68 -0.09129  3.65239e-02 | 69  0.00005  5.32265e-02
 70 -0.02297  2.27289e-02 | 71 -0.08429  1.37819e-03 | 72 -0.04235  3.82328e-05
 73 -0.04152  3.02777e-05 | 74 -0.44127 -2.10970e+02 | 75 -0.95928  2.04461e-01
 76 -0.26650 -1.37740e+02 | 77 -1.34134 -2.83654e+00 | 78  5.56076  6.67749e-01
 79  3.71223  2.77195e-01 | 80  0.33116  2.91440e-03 | 81 -0.98964  3.83822e-04
81 variables; iteration 2160; function evaluation 2452; phase 3
Function value -1.1214918e+02; maximum gradient component mag -8.2012e+02
Var    Value     Gradient |Var    Value     Gradient |Var    Value     Gradient
  1  0.01620 -8.20123e+02 |  2 -0.00652 -6.01574e-01 |  3 -0.00762 -7.19666e-01
  4 -0.02382 -7.60784e-01 |  5 -0.02509 -9.01889e-01 |  6 -0.02655 -1.06346e+00
  7 -0.02817 -1.24562e+00 |  8 -0.02994 -1.44865e+00 |  9 -0.03182 -1.67091e+00
 10 -0.03384 -1.90516e+00 | 11 -0.03593 -2.16376e+00 | 12 -0.03808 -2.44878e+00
 13 -0.04018 -2.72788e+00 | 14 -0.04241 -3.04394e+00 | 15 -0.04573 -3.39236e+00
 16 -0.04792 -3.77527e+00 | 17 -0.05095 -4.25255e+00 | 18 -0.05270 -4.61948e+00
 19 -0.05392 -4.86932e+00 | 20 -0.05487 -5.10624e+00 | 21 -0.05495 -5.21049e+00
 22 -0.05419 -5.20001e+00 | 23 -0.05457 -5.47773e+00 | 24 -0.05497 -5.89183e+00
 25 -0.05596 -6.53445e+00 | 26 -0.05717 -7.65830e+00 | 27 -0.05433 -9.01307e+00
 28 -0.04298 -1.13390e+01 | 29 -0.00956 -1.73181e+01 | 30 -0.03015 -1.72290e+01
 31 -0.11601 -9.28728e+00 | 32 -0.15810 -7.15095e+00 | 33  0.02921 -3.64117e+01
 34 -0.14030 -1.04393e+01 | 35 -0.01709 -2.82872e+01 | 36 -0.03068 -2.63085e+01
 37 -0.05518 -2.04989e+01 | 38  0.01901 -3.40419e+01 | 39 -0.05594 -1.71658e+01
 40 -0.04653 -1.69411e+01 | 41 -0.04103 -1.51563e+01 | 42 -0.00393 -1.65868e+01
 43 -0.02504 -1.12742e+01 | 44 -0.04131 -7.89065e+00 | 45 -0.04432 -6.07959e+00
 46 -0.05287 -4.34841e+00 | 47 -0.09855 -2.27638e+00 | 48 -0.06508 -1.92157e+00
 49 -0.12907 -4.86476e-01 | 50  0.06779 -2.62949e-02 | 51 -0.12227  8.06809e-02
 52 -0.04165  2.45882e-01 | 53 -0.09702  1.78260e-01 | 54 -0.06184  2.46704e-01
 55 -0.03584  3.00308e-01 | 56 -0.09129  1.96612e-01 | 57 -0.05153  2.63960e-01
 58 -0.00767  3.52457e-01 | 59 -0.02106  3.05586e-01 | 60 -0.03922  2.60292e-01
 61 -0.08135  1.91747e-01 | 62 -0.00882  3.31886e-01 | 63 -0.07773  1.85652e-01
 64 -0.12504  1.31656e-01 | 65 -0.05416  2.24729e-01 | 66 -0.13019  1.14955e-01
 67 -0.10243  1.32501e-01 | 68 -0.09125  1.24909e-01 | 69  0.00013  1.81746e-01
 70 -0.02298  7.52479e-02 | 71 -0.08424  3.68704e-03 | 72 -0.04233  1.01535e-04
 73 -0.04151  9.07713e-05 | 74 -0.44128 -7.70039e+02 | 75 -0.96282  7.45216e-01
 76 -0.26611 -4.65715e+02 | 77 -1.35865 -1.09237e+01 | 78  5.56576  2.57945e+00
 79  3.69993  8.29629e-01 | 80  0.33116 -7.32617e-03 | 81 -0.98966 -5.52365e-05
81 variables; iteration 2180; function evaluation 2477; phase 3
Function value -1.1215058e+02; maximum gradient component mag -3.2587e+02
Var    Value     Gradient |Var    Value     Gradient |Var    Value     Gradient
  1  0.01619 -3.25871e+02 |  2 -0.00658 -2.39410e-01 |  3 -0.00769 -2.86854e-01
  4 -0.02388 -3.03095e-01 |  5 -0.02517 -3.59709e-01 |  6 -0.02664 -4.23944e-01
  7 -0.02828 -4.96424e-01 |  8 -0.03005 -5.77412e-01 |  9 -0.03195 -6.66409e-01
 10 -0.03398 -7.59289e-01 | 11 -0.03608 -8.62376e-01 | 12 -0.03825 -9.76733e-01
 13 -0.04034 -1.08455e+00 | 14 -0.04259 -1.21292e+00 | 15 -0.04593 -1.35379e+00
 16 -0.04810 -1.50245e+00 | 17 -0.05100 -1.66361e+00 | 18 -0.05275 -1.81601e+00
 19 -0.05405 -1.93935e+00 | 20 -0.05482 -2.00170e+00 | 21 -0.05497 -2.06772e+00
 22 -0.05390 -2.00581e+00 | 23 -0.05449 -2.18417e+00 | 24 -0.05475 -2.34609e+00
 25 -0.05557 -2.60001e+00 | 26 -0.05669 -3.06081e+00 | 27 -0.05398 -3.58651e+00
 28 -0.04304 -4.46844e+00 | 29 -0.00965 -6.76284e+00 | 30 -0.02997 -6.66267e+00
 31 -0.11623 -3.56535e+00 | 32 -0.15829 -2.74864e+00 | 33  0.02929 -1.39602e+01
 34 -0.14040 -3.98824e+00 | 35 -0.01704 -1.08299e+01 | 36 -0.03066 -1.00635e+01
 37 -0.05521 -7.90040e+00 | 38  0.01906 -1.32946e+01 | 39 -0.05595 -6.79361e+00
 40 -0.04651 -6.88213e+00 | 41 -0.04103 -6.28940e+00 | 42 -0.00391 -7.06883e+00
 43 -0.02502 -4.91742e+00 | 44 -0.04129 -3.50825e+00 | 45 -0.04432 -2.74814e+00
 46 -0.05285 -1.99571e+00 | 47 -0.09854 -1.05912e+00 | 48 -0.06506 -9.12744e-01
 49 -0.12911 -2.51878e-01 | 50  0.06786 -2.96258e-02 | 51 -0.12247  3.54323e-02
 52 -0.04156  1.07476e-01 | 53 -0.09707  7.71047e-02 | 54 -0.06179  1.08987e-01
 55 -0.03581  1.33044e-01 | 56 -0.09129  8.62343e-02 | 57 -0.05149  1.14312e-01
 58 -0.00763  1.50358e-01 | 59 -0.02104  1.29027e-01 | 60 -0.03920  1.08428e-01
 61 -0.08133  7.97584e-02 | 62 -0.00876  1.39233e-01 | 63 -0.07775  7.67635e-02
 64 -0.12500  5.34413e-02 | 65 -0.05411  8.99244e-02 | 66 -0.13019  4.45286e-02
 67 -0.10238  4.93098e-02 | 68 -0.09121  4.63614e-02 | 69  0.00020  7.32939e-02
 70 -0.02298  3.12721e-02 | 71 -0.08421  1.49801e-03 | 72 -0.04232  5.89623e-05
 73 -0.04149  4.62480e-05 | 74 -0.44125 -3.08308e+02 | 75 -0.94396  4.65751e-01
 76 -0.26588 -1.81283e+02 | 77 -1.36791 -4.44129e+00 | 78  5.57273  1.04054e+00
 79  3.68079  2.69883e-01 | 80  0.33116 -3.24168e-03 | 81 -0.98967 -2.02082e-04
81 variables; iteration 2200; function evaluation 2497; phase 3
Function value -1.1215065e+02; maximum gradient component mag -7.8443e+01
Var    Value     Gradient |Var    Value     Gradient |Var    Value     Gradient
  1  0.01619 -6.77179e+01 |  2 -0.00657 -5.76298e-03 |  3 -0.00768 -8.38849e-03
  4 -0.02387 -7.21110e-03 |  5 -0.02516 -9.50070e-03 |  6 -0.02663 -1.09576e-02
  7 -0.02827 -1.28872e-02 |  8 -0.03004 -1.55417e-02 |  9 -0.03194 -1.80927e-02
 10 -0.03397 -1.99971e-02 | 11 -0.03607 -2.31484e-02 | 12 -0.03824 -2.72565e-02
 13 -0.04033 -2.68100e-02 | 14 -0.04257 -3.11259e-02 | 15 -0.04591 -3.75830e-02
 16 -0.04808 -3.83331e-02 | 17 -0.05097 -1.32376e-02 | 18 -0.05273 -2.44873e-02
 19 -0.05404 -5.13261e-02 | 20 -0.05481 -2.06971e-02 | 21 -0.05497 -4.73148e-02
 22 -0.05388  1.28605e-02 | 23 -0.05451 -5.92836e-02 | 24 -0.05479 -6.02268e-02
 25 -0.05562 -6.69036e-02 | 26 -0.05676 -1.00308e-01 | 27 -0.05404 -1.24818e-01
 28 -0.04303 -1.63738e-01 | 29 -0.00963 -2.95457e-01 | 30 -0.03000 -3.58130e-01
 31 -0.11620 -2.66951e-01 | 32 -0.15828 -3.09102e-01 | 33  0.02929 -2.24249e+00
 34 -0.14040 -8.68810e-01 | 35 -0.01704 -2.99195e+00 | 36 -0.03066 -3.21863e+00
 37 -0.05521 -2.76083e+00 | 38  0.01906 -4.89116e+00 | 39 -0.05596 -2.52513e+00
 40 -0.04651 -2.53280e+00 | 41 -0.04103 -2.25048e+00 | 42 -0.00391 -2.44802e+00
 43 -0.02502 -1.65290e+00 | 44 -0.04129 -1.15721e+00 | 45 -0.04432 -8.95262e-01
 46 -0.05285 -6.54920e-01 | 47 -0.09854 -3.57526e-01 | 48 -0.06506 -3.44589e-01
 49 -0.12912 -1.41046e-01 | 50  0.06786 -1.61752e-04 | 51 -0.12247  1.75144e-02
 52 -0.04156  3.60058e-02 | 53 -0.09707  2.31994e-02 | 54 -0.06179  3.94907e-02
 55 -0.03582  4.61045e-02 | 56 -0.09129  2.65440e-02 | 57 -0.05149  3.15766e-02
 58 -0.00764  3.81295e-02 | 59 -0.02104  3.23295e-02 | 60 -0.03920  2.78486e-02
 61 -0.08134  1.74751e-02 | 62 -0.00877  3.51904e-02 | 63 -0.07775  1.78864e-02
 64 -0.12500  8.57898e-03 | 65 -0.05411  1.37129e-02 | 66 -0.13019  5.70116e-03
 67 -0.10238  1.41387e-03 | 68 -0.09121 -1.59638e-03 | 69  0.00019  4.55056e-03
 70 -0.02298  3.62752e-03 | 71 -0.08422 -4.78494e-04 | 72 -0.04232  6.07606e-05
 73 -0.04149  1.92258e-05 | 74 -0.44124 -7.84429e+01 | 75 -0.93382  1.43765e-01
 76 -0.26589 -4.04147e+01 | 77 -1.36778 -9.09683e-01 | 78  5.57202  2.18361e-01
 79  3.68287  5.90637e-02 | 80  0.33116 -1.04270e-02 | 81 -0.98967 -1.65772e-04
81 variables; iteration 2220; function evaluation 2522; phase 3
Function value -1.1215167e+02; maximum gradient component mag -5.2044e+02
Var    Value     Gradient |Var    Value     Gradient |Var    Value     Gradient
  1  0.01619 -5.20441e+02 |  2 -0.00654 -4.32687e-01 |  3 -0.00764 -5.16179e-01
  4 -0.02384 -5.48651e-01 |  5 -0.02512 -6.47870e-01 |  6 -0.02657 -7.63876e-01
  7 -0.02821 -8.95583e-01 |  8 -0.02998 -1.04145e+00 |  9 -0.03186 -1.20087e+00
 10 -0.03389 -1.36984e+00 | 11 -0.03598 -1.55482e+00 | 12 -0.03813 -1.75981e+00
 13 -0.04023 -1.96135e+00 | 14 -0.04247 -2.18986e+00 | 15 -0.04578 -2.43818e+00
 16 -0.04797 -2.71416e+00 | 17 -0.05104 -3.07406e+00 | 18 -0.05276 -3.33361e+00
 19 -0.05393 -3.50026e+00 | 20 -0.05492 -3.69080e+00 | 21 -0.05494 -3.75164e+00
 22 -0.05424 -3.77762e+00 | 23 -0.05449 -3.94199e+00 | 24 -0.05485 -4.24571e+00
 25 -0.05577 -4.70653e+00 | 26 -0.05687 -5.49559e+00 | 27 -0.05410 -6.43732e+00
 28 -0.04300 -8.03311e+00 | 29 -0.00958 -1.21286e+01 | 30 -0.03012 -1.19153e+01
 31 -0.11616 -6.30171e+00 | 32 -0.15822 -4.72681e+00 | 33  0.02929 -2.32543e+01
 34 -0.14055 -6.37822e+00 | 35 -0.01703 -1.66003e+01 | 36 -0.03065 -1.49536e+01
 37 -0.05528 -1.14358e+01 | 38  0.01907 -1.89128e+01 | 39 -0.05601 -9.60420e+00
 40 -0.04652 -9.66339e+00 | 41 -0.04106 -8.83996e+00 | 42 -0.00391 -9.93512e+00
 43 -0.02504 -6.91067e+00 | 44 -0.04132 -4.91250e+00 | 45 -0.04434 -3.83387e+00
 46 -0.05287 -2.76344e+00 | 47 -0.09856 -1.45867e+00 | 48 -0.06505 -1.20407e+00
 49 -0.12923 -2.64293e-01 | 50  0.06791 -3.87503e-02 | 51 -0.12275  4.35400e-02
 52 -0.04151  1.48745e-01 | 53 -0.09718  1.14215e-01 | 54 -0.06177  1.61885e-01
 55 -0.03583  1.89880e-01 | 56 -0.09133  1.23340e-01 | 57 -0.05148  1.69932e-01
 58 -0.00763  2.26050e-01 | 59 -0.02106  1.93225e-01 | 60 -0.03922  1.64545e-01
 61 -0.08135  1.25941e-01 | 62 -0.00875  2.10528e-01 | 63 -0.07781  1.16390e-01
 64 -0.12500  8.14981e-02 | 65 -0.05409  1.38135e-01 | 66 -0.13023  7.23269e-02
 67 -0.10237  8.82563e-02 | 68 -0.09122  8.89948e-02 | 69  0.00022  1.29464e-01
 70 -0.02302  5.39028e-02 | 71 -0.08419  3.90581e-03 | 72 -0.04232  4.29236e-05
 73 -0.04149  1.11799e-04 | 74 -0.44123 -4.69301e+02 | 75 -0.93250  8.79970e-01
 76 -0.26561 -2.76815e+02 | 77 -1.37837 -7.28025e+00 | 78  5.56873  1.65742e+00
 79  3.69205  4.79595e-01 | 80  0.33116  1.05657e-02 | 81 -0.98967  4.42623e-05
81 variables; iteration 2240; function evaluation 2546; phase 3
Function value -1.1215242e+02; maximum gradient component mag -7.6451e+02
Var    Value     Gradient |Var    Value     Gradient |Var    Value     Gradient
  1  0.01619 -7.64510e+02 |  2 -0.00654 -6.12356e-01 |  3 -0.00764 -7.32135e-01
  4 -0.02384 -7.75079e-01 |  5 -0.02512 -9.17893e-01 |  6 -0.02658 -1.08221e+00
  7 -0.02821 -1.26804e+00 |  8 -0.02998 -1.47497e+00 |  9 -0.03187 -1.70131e+00
 10 -0.03390 -1.93994e+00 | 11 -0.03599 -2.20236e+00 | 12 -0.03815 -2.49372e+00
 13 -0.04024 -2.77581e+00 | 14 -0.04248 -3.09979e+00 | 15 -0.04581 -3.45501e+00
 16 -0.04799 -3.84269e+00 | 17 -0.05097 -4.31668e+00 | 18 -0.05272 -4.69318e+00
 19 -0.05396 -4.95746e+00 | 20 -0.05485 -5.18737e+00 | 21 -0.05495 -5.30364e+00
 22 -0.05407 -5.27009e+00 | 23 -0.05452 -5.58206e+00 | 24 -0.05486 -6.00451e+00
 25 -0.05576 -6.65455e+00 | 26 -0.05691 -7.79332e+00 | 27 -0.05412 -9.13694e+00
 28 -0.04297 -1.14107e+01 | 29 -0.00957 -1.72577e+01 | 30 -0.03011 -1.69650e+01
 31 -0.11619 -9.01290e+00 | 32 -0.15826 -6.82501e+00 | 33  0.02933 -3.39317e+01
 34 -0.14068 -9.41683e+00 | 35 -0.01700 -2.49101e+01 | 36 -0.03063 -2.26632e+01
 37 -0.05533 -1.74536e+01 | 38  0.01910 -2.89690e+01 | 39 -0.05605 -1.46708e+01
 40 -0.04651 -1.47308e+01 | 41 -0.04108 -1.34032e+01 | 42 -0.00389 -1.49965e+01
 43 -0.02503 -1.03930e+01 | 44 -0.04132 -7.38911e+00 | 45 -0.04435 -5.77380e+00
 46 -0.05286 -4.17930e+00 | 47 -0.09857 -2.21120e+00 | 48 -0.06502 -1.86084e+00
 49 -0.12934 -4.51349e-01 | 50  0.06797 -5.68809e-02 | 51 -0.12299  7.00576e-02
 52 -0.04144  2.30168e-01 | 53 -0.09725  1.69978e-01 | 54 -0.06173  2.38196e-01
 55 -0.03582  2.86963e-01 | 56 -0.09135  1.87245e-01 | 57 -0.05146  2.53287e-01
 58 -0.00761  3.37746e-01 | 59 -0.02105  2.91476e-01 | 60 -0.03921  2.47790e-01
 61 -0.08136  1.84775e-01 | 62 -0.00871  3.16441e-01 | 63 -0.07784  1.75888e-01
 64 -0.12498  1.25066e-01 | 65 -0.05406  2.13064e-01 | 66 -0.13025  1.09898e-01
 67 -0.10234  1.29452e-01 | 68 -0.09121  1.24912e-01 | 69  0.00026  1.81661e-01
 70 -0.02304  7.43874e-02 | 71 -0.08417  3.94168e-03 | 72 -0.04231  9.57805e-05
 73 -0.04148  1.14381e-04 | 74 -0.44125 -7.01817e+02 | 75 -0.94381  1.07679e+00
 76 -0.26537 -3.93913e+02 | 77 -1.38735 -1.09667e+01 | 78  5.56828  2.36049e+00
 79  3.69321  6.88032e-01 | 80  0.33116  4.31546e-03 | 81 -0.98967 -1.54061e-04
81 variables; iteration 2260; function evaluation 2571; phase 3
Function value -1.1215342e+02; maximum gradient component mag -5.7611e+02
Var    Value     Gradient |Var    Value     Gradient |Var    Value     Gradient
  1  0.01619 -5.76113e+02 |  2 -0.00654 -4.43073e-01 |  3 -0.00764 -5.29857e-01
  4 -0.02384 -5.60669e-01 |  5 -0.02511 -6.63953e-01 |  6 -0.02657 -7.82882e-01
  7 -0.02821 -9.17592e-01 |  8 -0.02997 -1.06713e+00 |  9 -0.03186 -1.23076e+00
 10 -0.03388 -1.40345e+00 | 11 -0.03597 -1.59361e+00 | 12 -0.03813 -1.80424e+00
 13 -0.04023 -2.00845e+00 | 14 -0.04247 -2.24284e+00 | 15 -0.04579 -2.49971e+00
 16 -0.04797 -2.78031e+00 | 17 -0.05097 -3.12866e+00 | 18 -0.05271 -3.40036e+00
 19 -0.05394 -3.58784e+00 | 20 -0.05485 -3.76096e+00 | 21 -0.05494 -3.84104e+00
 22 -0.05410 -3.82654e+00 | 23 -0.05451 -4.04204e+00 | 24 -0.05487 -4.35164e+00
 25 -0.05578 -4.82224e+00 | 26 -0.05691 -5.64469e+00 | 27 -0.05411 -6.62007e+00
 28 -0.04297 -8.27471e+00 | 29 -0.00953 -1.25154e+01 | 30 -0.03014 -1.23362e+01
 31 -0.11623 -6.58360e+00 | 32 -0.15830 -5.01814e+00 | 33  0.02937 -2.52278e+01
 34 -0.14084 -7.07395e+00 | 35 -0.01697 -1.89913e+01 | 36 -0.03061 -1.74718e+01
 37 -0.05540 -1.35544e+01 | 38  0.01914 -2.26702e+01 | 39 -0.05611 -1.15236e+01
 40 -0.04651 -1.15882e+01 | 41 -0.04110 -1.05460e+01 | 42 -0.00388 -1.17946e+01
 43 -0.02504 -8.16549e+00 | 44 -0.04133 -5.79395e+00 | 45 -0.04436 -4.51790e+00
 46 -0.05285 -3.26908e+00 | 47 -0.09858 -1.73401e+00 | 48 -0.06500 -1.47236e+00
 49 -0.12948 -3.77731e-01 | 50  0.06805 -5.97519e-02 | 51 -0.12331  5.29772e-02
 52 -0.04136  1.74383e-01 | 53 -0.09736  1.29097e-01 | 54 -0.06169  1.83095e-01
 55 -0.03581  2.20259e-01 | 56 -0.09138  1.42995e-01 | 57 -0.05144  1.92648e-01
 58 -0.00759  2.55528e-01 | 59 -0.02105  2.19731e-01 | 60 -0.03921  1.87113e-01
 61 -0.08137  1.39144e-01 | 62 -0.00867  2.38972e-01 | 63 -0.07789  1.32031e-01
 64 -0.12497  9.29259e-02 | 65 -0.05403  1.58156e-01 | 66 -0.13028  8.13740e-02
 67 -0.10231  9.52011e-02 | 68 -0.09120  9.19232e-02 | 69  0.00031  1.35702e-01
 70 -0.02307  5.58902e-02 | 71 -0.08414  2.93793e-03 | 72 -0.04230  8.83288e-05
 73 -0.04148  9.24644e-05 | 74 -0.44123 -5.31276e+02 | 75 -0.93138  1.01431e+00
 76 -0.26505 -2.86590e+02 | 77 -1.39830 -8.49119e+00 | 78  5.56769  1.77928e+00
 79  3.69477  5.28666e-01 | 80  0.33116 -1.05209e-03 | 81 -0.98968 -8.03423e-05
81 variables; iteration 2280; function evaluation 2594; phase 3
Function value -1.1215433e+02; maximum gradient component mag -4.7266e+02
Var    Value     Gradient |Var    Value     Gradient |Var    Value     Gradient
  1  0.01619 -4.72656e+02 |  2 -0.00653 -3.81456e-01 |  3 -0.00764 -4.58036e-01
  4 -0.02382 -4.81485e-01 |  5 -0.02511 -5.73478e-01 |  6 -0.02657 -6.75772e-01
  7 -0.02820 -7.90364e-01 |  8 -0.02996 -9.19575e-01 |  9 -0.03185 -1.06182e+00
 10 -0.03388 -1.20958e+00 | 11 -0.03597 -1.37470e+00 | 12 -0.03813 -1.55605e+00
 13 -0.04022 -1.73239e+00 | 14 -0.04245 -1.93244e+00 | 15 -0.04578 -2.15537e+00
 16 -0.04796 -2.39843e+00 | 17 -0.05091 -2.68580e+00 | 18 -0.05267 -2.92434e+00
 19 -0.05395 -3.09772e+00 | 20 -0.05481 -3.23297e+00 | 21 -0.05494 -3.31456e+00
 22 -0.05404 -3.28258e+00 | 23 -0.05454 -3.49140e+00 | 24 -0.05488 -3.75062e+00
 25 -0.05580 -4.15522e+00 | 26 -0.05693 -4.86214e+00 | 27 -0.05410 -5.69031e+00
 28 -0.04300 -7.11280e+00 | 29 -0.00947 -1.06857e+01 | 30 -0.03018 -1.04685e+01
 31 -0.11625 -5.54746e+00 | 32 -0.15834 -4.20638e+00 | 33  0.02941 -2.10059e+01
 34 -0.14103 -5.85519e+00 | 35 -0.01693 -1.57057e+01 | 36 -0.03058 -1.43676e+01
 37 -0.05549 -1.10366e+01 | 38  0.01918 -1.80220e+01 | 39 -0.05617 -8.98059e+00
 40 -0.04650 -8.84427e+00 | 41 -0.04113 -7.93955e+00 | 42 -0.00387 -8.79684e+00
 43 -0.02504 -6.12235e+00 | 44 -0.04134 -4.44979e+00 | 45 -0.04438 -3.56691e+00
 46 -0.05285 -2.67315e+00 | 47 -0.09859 -1.43639e+00 | 48 -0.06497 -1.28393e+00
 49 -0.12963 -3.86648e-01 | 50  0.06813  5.48808e-02 | 51 -0.12367  7.35152e-02
 52 -0.04126  1.90360e-01 | 53 -0.09748  1.26340e-01 | 54 -0.06164  1.83468e-01
 55 -0.03580  2.21736e-01 | 56 -0.09141  1.39318e-01 | 57 -0.05141  1.83077e-01
 58 -0.00756  2.45914e-01 | 59 -0.02105  2.17250e-01 | 60 -0.03921  1.82984e-01
 61 -0.08138  1.26035e-01 | 62 -0.00863  2.24193e-01 | 63 -0.07795  1.26065e-01
 64 -0.12495  8.36630e-02 | 65 -0.05399  1.38399e-01 | 66 -0.13031  6.79400e-02
 67 -0.10227  6.77024e-02 | 68 -0.09119  5.66840e-02 | 69  0.00036  9.24269e-02
 70 -0.02310  4.18644e-02 | 71 -0.08412  1.37642e-04 | 72 -0.04230  9.88539e-05
 73 -0.04147 -6.29448e-05 | 74 -0.44124 -4.32305e+02 | 75 -0.93644  7.58343e-01
 76 -0.26469 -2.22793e+02 | 77 -1.40982 -7.05855e+00 | 78  5.56692  1.48464e+00
 79  3.69677  4.43422e-01 | 80  0.33116 -9.47840e-03 | 81 -0.98968 -6.01978e-05
81 variables; iteration 2300; function evaluation 2618; phase 3
Function value -1.1215521e+02; maximum gradient component mag -4.5733e+02
Var    Value     Gradient |Var    Value     Gradient |Var    Value     Gradient
  1  0.01619 -4.57333e+02 |  2 -0.00653 -3.40139e-01 |  3 -0.00763 -4.07890e-01
  4 -0.02382 -4.30548e-01 |  5 -0.02510 -5.10569e-01 |  6 -0.02656 -6.01646e-01
  7 -0.02819 -7.05082e-01 |  8 -0.02995 -8.20244e-01 |  9 -0.03184 -9.45790e-01
 10 -0.03386 -1.07899e+00 | 11 -0.03595 -1.22512e+00 | 12 -0.03811 -1.38711e+00
 13 -0.04020 -1.54406e+00 | 14 -0.04243 -1.72320e+00 | 15 -0.04576 -1.92120e+00
 16 -0.04794 -2.13860e+00 | 17 -0.05092 -2.40250e+00 | 18 -0.05268 -2.61417e+00
 19 -0.05391 -2.75926e+00 | 20 -0.05482 -2.89066e+00 | 21 -0.05492 -2.95506e+00
 22 -0.05407 -2.93958e+00 | 23 -0.05452 -3.11104e+00 | 24 -0.05488 -3.34878e+00
 25 -0.05581 -3.71294e+00 | 26 -0.05693 -4.35024e+00 | 27 -0.05410 -5.11497e+00
 28 -0.04298 -6.43603e+00 | 29 -0.00942 -9.74193e+00 | 30 -0.03024 -9.66210e+00
 31 -0.11628 -5.17360e+00 | 32 -0.15839 -3.97017e+00 | 33  0.02947 -2.01223e+01
 34 -0.14126 -5.66768e+00 | 35 -0.01689 -1.53971e+01 | 36 -0.03056 -1.42474e+01
 37 -0.05558 -1.10840e+01 | 38  0.01923 -1.86062e+01 | 39 -0.05624 -9.42822e+00
 40 -0.04649 -9.43297e+00 | 41 -0.04116 -8.51307e+00 | 42 -0.00385 -9.44329e+00
 43 -0.02504 -6.46718e+00 | 44 -0.04135 -4.54638e+00 | 45 -0.04439 -3.50818e+00
 46 -0.05284 -2.51548e+00 | 47 -0.09860 -1.32358e+00 | 48 -0.06494 -1.11734e+00
 49 -0.12980 -2.75079e-01 | 50  0.06823 -4.52382e-02 | 51 -0.12410  4.01504e-02
 52 -0.04115  1.35108e-01 | 53 -0.09763  9.88715e-02 | 54 -0.06159  1.40943e-01
 55 -0.03580  1.68482e-01 | 56 -0.09145  1.08098e-01 | 57 -0.05138  1.44937e-01
 58 -0.00753  1.94778e-01 | 59 -0.02106  1.69068e-01 | 60 -0.03921  1.46198e-01
 61 -0.08139  1.06800e-01 | 62 -0.00857  1.84603e-01 | 63 -0.07802  1.02751e-01
 64 -0.12493  7.36032e-02 | 65 -0.05394  1.26570e-01 | 66 -0.13035  6.65820e-02
 67 -0.10223  7.87417e-02 | 68 -0.09118  7.48856e-02 | 69  0.00042  1.03491e-01
 70 -0.02314  3.99138e-02 | 71 -0.08408  1.16584e-03 | 72 -0.04229  8.65073e-05
 73 -0.04146  7.82862e-05 | 74 -0.44123 -4.24228e+02 | 75 -0.93622  7.47143e-01
 76 -0.26426 -2.08732e+02 | 77 -1.42269 -7.13699e+00 | 78  5.56596  1.39570e+00
 79  3.69920  4.28606e-01 | 80  0.33116  1.83795e-03 | 81 -0.98969 -3.25862e-05
81 variables; iteration 2320; function evaluation 2643; phase 3
Function value -1.1215584e+02; maximum gradient component mag -2.5695e+02
Var    Value     Gradient |Var    Value     Gradient |Var    Value     Gradient
  1  0.01618 -2.56954e+02 |  2 -0.00652 -1.86969e-01 |  3 -0.00762 -2.24209e-01
  4 -0.02381 -2.36588e-01 |  5 -0.02509 -2.80323e-01 |  6 -0.02655 -3.30514e-01
  7 -0.02818 -3.87638e-01 |  8 -0.02994 -4.51082e-01 |  9 -0.03182 -5.19909e-01
 10 -0.03385 -5.92753e-01 | 11 -0.03594 -6.73631e-01 | 12 -0.03809 -7.62521e-01
 13 -0.04018 -8.48521e-01 | 14 -0.04242 -9.47535e-01 | 15 -0.04574 -1.05705e+00
 16 -0.04793 -1.17667e+00 | 17 -0.05089 -1.31646e+00 | 18 -0.05265 -1.43495e+00
 19 -0.05391 -1.51799e+00 | 20 -0.05480 -1.58590e+00 | 21 -0.05492 -1.62369e+00
 22 -0.05403 -1.60440e+00 | 23 -0.05453 -1.71049e+00 | 24 -0.05490 -1.84124e+00
 25 -0.05583 -2.03911e+00 | 26 -0.05696 -2.39065e+00 | 27 -0.05412 -2.81648e+00
 28 -0.04295 -3.56263e+00 | 29 -0.00939 -5.36560e+00 | 30 -0.03026 -5.33243e+00
 31 -0.11632 -2.86062e+00 | 32 -0.15844 -2.20597e+00 | 33  0.02952 -1.12239e+01
 34 -0.14148 -3.16641e+00 | 35 -0.01685 -8.65451e+00 | 36 -0.03053 -8.03348e+00
 37 -0.05567 -6.27705e+00 | 38  0.01928 -1.06102e+01 | 39 -0.05631 -5.39974e+00
 40 -0.04649 -5.43421e+00 | 41 -0.04119 -4.92074e+00 | 42 -0.00383 -5.47543e+00
 43 -0.02505 -3.74864e+00 | 44 -0.04136 -2.62594e+00 | 45 -0.04441 -2.01689e+00
 46 -0.05284 -1.43485e+00 | 47 -0.09862 -7.52569e-01 | 48 -0.06490 -6.27995e-01
 49 -0.12997 -1.47157e-01 | 50  0.06833 -3.89896e-02 | 51 -0.12452  1.84031e-02
 52 -0.04105  7.10513e-02 | 53 -0.09777  5.28183e-02 | 54 -0.06154  7.64921e-02
 55 -0.03579  9.03944e-02 | 56 -0.09149  5.79132e-02 | 57 -0.05135  7.84471e-02
 58 -0.00751  1.04943e-01 | 59 -0.02106  9.10228e-02 | 60 -0.03921  7.83030e-02
 61 -0.08140  5.80293e-02 | 62 -0.00852  9.91561e-02 | 63 -0.07808  5.44598e-02
 64 -0.12491  3.99001e-02 | 65 -0.05389  6.86075e-02 | 66 -0.13039  3.69919e-02
 67 -0.10219  4.48356e-02 | 68 -0.09116  4.32736e-02 | 69  0.00049  5.94590e-02
 70 -0.02318  2.27629e-02 | 71 -0.08404  7.40832e-04 | 72 -0.04228  6.00615e-05
 73 -0.04145  5.23920e-05 | 74 -0.44123 -2.39333e+02 | 75 -0.93352  4.41852e-01
 76 -0.26385 -1.13030e+02 | 77 -1.43415 -4.11899e+00 | 78  5.56485  7.53094e-01
 79  3.70197  2.34461e-01 | 80  0.33116  2.85214e-03 | 81 -0.98970  2.36813e-06
81 variables; iteration 2340; function evaluation 2666; phase 3
Function value -1.1215622e+02; maximum gradient component mag -2.5766e+02
Var    Value     Gradient |Var    Value     Gradient |Var    Value     Gradient
  1  0.01618 -2.57656e+02 |  2 -0.00652 -2.00249e-01 |  3 -0.00762 -2.39356e-01
  4 -0.02381 -2.53456e-01 |  5 -0.02509 -3.00447e-01 |  6 -0.02655 -3.54270e-01
  7 -0.02817 -4.14963e-01 |  8 -0.02994 -4.82580e-01 |  9 -0.03182 -5.56813e-01
 10 -0.03384 -6.34979e-01 | 11 -0.03593 -7.21188e-01 | 12 -0.03809 -8.16386e-01
 13 -0.04018 -9.09228e-01 | 14 -0.04242 -1.01517e+00 | 15 -0.04574 -1.13145e+00
 16 -0.04792 -1.25858e+00 | 17 -0.05090 -1.41590e+00 | 18 -0.05265 -1.53887e+00
 19 -0.05389 -1.62503e+00 | 20 -0.05480 -1.70185e+00 | 21 -0.05491 -1.74009e+00
 22 -0.05406 -1.73292e+00 | 23 -0.05451 -1.83317e+00 | 24 -0.05488 -1.97354e+00
 25 -0.05582 -2.19099e+00 | 26 -0.05696 -2.57226e+00 | 27 -0.05410 -3.02605e+00
 28 -0.04282 -3.80078e+00 | 29 -0.00943 -5.78143e+00 | 30 -0.03025 -5.72767e+00
 31 -0.11639 -3.05739e+00 | 32 -0.15850 -2.33174e+00 | 33  0.02957 -1.17457e+01
 34 -0.14168 -3.26165e+00 | 35 -0.01681 -8.79995e+00 | 36 -0.03051 -8.06232e+00
 37 -0.05575 -6.17561e+00 | 38  0.01932 -1.01944e+01 | 39 -0.05637 -5.05580e+00
 40 -0.04648 -4.96863e+00 | 41 -0.04121 -4.40930e+00 | 42 -0.00382 -4.81510e+00
 43 -0.02505 -3.26455e+00 | 44 -0.04137 -2.28861e+00 | 45 -0.04442 -1.77144e+00
 46 -0.05283 -1.27960e+00 | 47 -0.09863 -6.73705e-01 | 48 -0.06487 -5.66696e-01
 49 -0.13012 -1.41419e-01 | 50  0.06842  2.54489e-03 | 51 -0.12490  2.64419e-02
 52 -0.04095  7.79363e-02 | 53 -0.09789  5.57578e-02 | 54 -0.06148  7.50550e-02
 55 -0.03578  9.22934e-02 | 56 -0.09152  6.12145e-02 | 57 -0.05132  8.32243e-02
 58 -0.00748  1.10941e-01 | 59 -0.02106  9.64623e-02 | 60 -0.03921  8.28434e-02
 61 -0.08141  6.15079e-02 | 62 -0.00847  1.05409e-01 | 63 -0.07814  5.94214e-02
 64 -0.12489  4.16141e-02 | 65 -0.05385  7.08090e-02 | 66 -0.13042  3.61653e-02
 67 -0.10215  4.25424e-02 | 68 -0.09115  4.08182e-02 | 69  0.00054  5.97389e-02
 70 -0.02321  2.45596e-02 | 71 -0.08400  1.29619e-03 | 72 -0.04227  3.64648e-05
 73 -0.04144 -4.77387e-06 | 74 -0.44123 -2.35015e+02 | 75 -0.93707  4.06745e-01
 76 -0.26347 -1.07610e+02 | 77 -1.44405 -4.17389e+00 | 78  5.56461  8.21695e-01
 79  3.70258  2.54698e-01 | 80  0.33116 -1.78295e-02 | 81 -0.98970 -5.66555e-05
81 variables; iteration 2360; function evaluation 2690; phase 3
Function value -1.1215642e+02; maximum gradient component mag -9.0813e+01
Var    Value     Gradient |Var    Value     Gradient |Var    Value     Gradient
  1  0.01618 -9.08131e+01 |  2 -0.00651 -5.72649e-02 |  3 -0.00761 -6.83643e-02
  4 -0.02381 -7.24840e-02 |  5 -0.02508 -8.60281e-02 |  6 -0.02654 -1.01432e-01
  7 -0.02816 -1.18708e-01 |  8 -0.02993 -1.38136e-01 |  9 -0.03181 -1.59207e-01
 10 -0.03383 -1.81809e-01 | 11 -0.03592 -2.06353e-01 | 12 -0.03808 -2.33768e-01
 13 -0.04017 -2.60325e-01 | 14 -0.04240 -2.90421e-01 | 15 -0.04572 -3.23649e-01
 16 -0.04790 -3.60333e-01 | 17 -0.05088 -4.05274e-01 | 18 -0.05263 -4.40427e-01
 19 -0.05388 -4.65379e-01 | 20 -0.05479 -4.87025e-01 | 21 -0.05490 -4.98606e-01
 22 -0.05406 -4.96861e-01 | 23 -0.05452 -5.25874e-01 | 24 -0.05490 -5.66633e-01
 25 -0.05584 -6.31385e-01 | 26 -0.05698 -7.46716e-01 | 27 -0.05411 -8.89697e-01
 28 -0.04280 -1.14426e+00 | 29 -0.00941 -1.78249e+00 | 30 -0.03028 -1.82503e+00
 31 -0.11642 -1.00086e+00 | 32 -0.15853 -7.91538e-01 | 33  0.02961 -4.19979e+00
 34 -0.14185 -1.23146e+00 | 35 -0.01678 -3.50184e+00 | 36 -0.03049 -3.32682e+00
 37 -0.05582 -2.58748e+00 | 38  0.01936 -4.29241e+00 | 39 -0.05642 -2.09812e+00
 40 -0.04648 -2.00248e+00 | 41 -0.04124 -1.71285e+00 | 42 -0.00380 -1.78570e+00
 43 -0.02505 -1.15414e+00 | 44 -0.04138 -7.76537e-01 | 45 -0.04444 -5.78173e-01
 46 -0.05283 -4.00792e-01 | 47 -0.09864 -2.03963e-01 | 48 -0.06485 -1.74129e-01
 49 -0.13025 -5.10858e-02 | 50  0.06849  6.83453e-03 | 51 -0.12521  1.03997e-02
 52 -0.04087  2.68909e-02 | 53 -0.09800  1.81476e-02 | 54 -0.06144  2.27528e-02
 55 -0.03578  2.95913e-02 | 56 -0.09155  1.99255e-02 | 57 -0.05130  2.65785e-02
 58 -0.00746  3.62463e-02 | 59 -0.02106  3.15782e-02 | 60 -0.03921  2.67171e-02
 61 -0.08142  1.95181e-02 | 62 -0.00843  3.45161e-02 | 63 -0.07819  1.98897e-02
 64 -0.12487  1.44184e-02 | 65 -0.05382  2.44733e-02 | 66 -0.13045  1.16482e-02
 67 -0.10212  1.28936e-02 | 68 -0.09114  1.15751e-02 | 69  0.00059  1.74775e-02
 70 -0.02324  7.41797e-03 | 71 -0.08398  4.83416e-04 | 72 -0.04226 -9.91856e-07
 73 -0.04143 -1.09335e-06 | 74 -0.44123 -8.50656e+01 | 75 -0.93316  1.58609e-01
 76 -0.26316 -3.70309e+01 | 77 -1.45181 -1.49441e+00 | 78  5.56372  3.27453e-01
 79  3.70477  1.07682e-01 | 80  0.33116 -1.92705e-03 | 81 -0.98971 -3.83334e-05
81 variables; iteration 2380; function evaluation 2716; phase 3
Function value -1.1215649e+02; maximum gradient component mag -6.3413e+01
Var    Value     Gradient |Var    Value     Gradient |Var    Value     Gradient
  1  0.01618 -6.34130e+01 |  2 -0.00650 -4.72463e-02 |  3 -0.00760 -5.65379e-02
  4 -0.02380 -5.97914e-02 |  5 -0.02507 -7.08527e-02 |  6 -0.02652 -8.35485e-02
  7 -0.02815 -9.79397e-02 |  8 -0.02991 -1.13920e-01 |  9 -0.03179 -1.31386e-01
 10 -0.03381 -1.49829e-01 | 11 -0.03590 -1.70237e-01 | 12 -0.03805 -1.92705e-01
 13 -0.04014 -2.14586e-01 | 14 -0.04238 -2.39599e-01 | 15 -0.04570 -2.67128e-01
 16 -0.04788 -2.97316e-01 | 17 -0.05085 -3.34082e-01 | 18 -0.05261 -3.63455e-01
 19 -0.05386 -3.83855e-01 | 20 -0.05478 -4.02083e-01 | 21 -0.05490 -4.10972e-01
 22 -0.05406 -4.08857e-01 | 23 -0.05454 -4.32925e-01 | 24 -0.05493 -4.66111e-01
 25 -0.05590 -5.17135e-01 | 26 -0.05705 -6.06935e-01 | 27 -0.05415 -7.14951e-01
 28 -0.04276 -9.00056e-01 | 29 -0.00940 -1.36865e+00 | 30 -0.03030 -1.35590e+00
 31 -0.11643 -7.26857e-01 | 32 -0.15855 -5.57948e-01 | 33  0.02964 -2.83703e+00
 34 -0.14199 -7.93602e-01 | 35 -0.01675 -2.16985e+00 | 36 -0.03047 -2.00321e+00
 37 -0.05587 -1.54589e+00 | 38  0.01938 -2.58464e+00 | 39 -0.05647 -1.29448e+00
 40 -0.04648 -1.28633e+00 | 41 -0.04126 -1.15104e+00 | 42 -0.00379 -1.26796e+00
 43 -0.02505 -8.62806e-01 | 44 -0.04139 -6.04721e-01 | 45 -0.04445 -4.65941e-01
 46 -0.05282 -3.33356e-01 | 47 -0.09865 -1.74762e-01 | 48 -0.06483 -1.47154e-01
 49 -0.13036 -3.61066e-02 | 50  0.06855 -3.32693e-03 | 51 -0.12548  5.68338e-03
 52 -0.04080  1.86712e-02 | 53 -0.09809  1.33408e-02 | 54 -0.06141  1.91391e-02
 55 -0.03578  2.29358e-02 | 56 -0.09158  1.48421e-02 | 57 -0.05128  2.00535e-02
 58 -0.00744  2.67983e-02 | 59 -0.02106  2.32395e-02 | 60 -0.03922  1.98112e-02
 61 -0.08143  1.46752e-02 | 62 -0.00840  2.53155e-02 | 63 -0.07823  1.39780e-02
 64 -0.12486  1.00019e-02 | 65 -0.05379  1.70624e-02 | 66 -0.13048  8.81750e-03
 67 -0.10209  1.02982e-02 | 68 -0.09113  9.73452e-03 | 69  0.00063  1.40529e-02
 70 -0.02326  5.69308e-03 | 71 -0.08396  2.57138e-04 | 72 -0.04226  1.01796e-05
 73 -0.04143  9.98414e-06 | 74 -0.44123 -5.85311e+01 | 75 -0.93519  1.04075e-01
 76 -0.26290 -2.51757e+01 | 77 -1.45797 -1.06176e+00 | 78  5.56235  1.90740e-01
 79  3.70806  6.15296e-02 | 80  0.33116  1.00909e-03 | 81 -0.98971 -3.03582e-06
81 variables; iteration 2400; function evaluation 2739; phase 3
Function value -1.1215649e+02; maximum gradient component mag 7.7934e-01
Var    Value     Gradient |Var    Value     Gradient |Var    Value     Gradient
  1  0.01618  7.79337e-01 |  2 -0.00650  3.69188e-04 |  3 -0.00760  4.34325e-04
  4 -0.02379  4.60305e-04 |  5 -0.02507  5.02937e-04 |  6 -0.02652  6.03946e-04
  7 -0.02814  7.28575e-04 |  8 -0.02990  8.50088e-04 |  9 -0.03178  9.96328e-04
 10 -0.03381  1.10724e-03 | 11 -0.03589  1.26631e-03 | 12 -0.03805  1.44755e-03
 13 -0.04014  1.61335e-03 | 14 -0.04237  1.83460e-03 | 15 -0.04569  2.06408e-03
 16 -0.04787  2.33110e-03 | 17 -0.05085  2.48013e-03 | 18 -0.05260  2.77916e-03
 19 -0.05386  2.97243e-03 | 20 -0.05477  3.08350e-03 | 21 -0.05489  3.13722e-03
 22 -0.05406  2.91654e-03 | 23 -0.05454  3.32539e-03 | 24 -0.05494  3.63282e-03
 25 -0.05591  4.00263e-03 | 26 -0.05706  4.78794e-03 | 27 -0.05416  6.07097e-03
 28 -0.04274  8.73088e-03 | 29 -0.00939  1.30242e-02 | 30 -0.03031  1.38226e-02
 31 -0.11644  7.81847e-03 | 32 -0.15856  6.66793e-03 | 33  0.02964  3.81678e-02
 34 -0.14203  1.22446e-02 | 35 -0.01675  3.44046e-02 | 36 -0.03046  3.23392e-02
 37 -0.05589  2.57923e-02 | 38  0.01939  4.16352e-02 | 39 -0.05648  2.07342e-02
 40 -0.04648  1.96020e-02 | 41 -0.04126  1.66051e-02 | 42 -0.00379  1.69955e-02
 43 -0.02505  1.04897e-02 | 44 -0.04139  6.40526e-03 | 45 -0.04445  4.34849e-03
 46 -0.05282  2.44339e-03 | 47 -0.09865  9.39579e-04 | 48 -0.06482  5.25043e-04
 49 -0.13039 -8.04576e-04 | 50  0.06857 -5.71767e-04 | 51 -0.12555 -4.77604e-05
 52 -0.04078 -1.41525e-04 | 53 -0.09812  5.22835e-06 | 54 -0.06140 -1.39927e-04
 55 -0.03578 -3.83809e-05 | 56 -0.09159 -1.42598e-05 | 57 -0.05128 -1.99597e-05
 58 -0.00744 -1.14058e-05 | 59 -0.02106 -7.51841e-05 | 60 -0.03922 -1.01337e-05
 61 -0.08143 -8.28184e-05 | 62 -0.00839 -9.99531e-05 | 63 -0.07824 -3.55905e-05
 64 -0.12486 -5.22074e-05 | 65 -0.05378 -4.26678e-05 | 66 -0.13048 -7.34439e-05
 67 -0.10209 -9.45075e-05 | 68 -0.09113 -6.74703e-05 | 69  0.00064 -1.25142e-04
 70 -0.02327 -3.58189e-05 | 71 -0.08395  4.02643e-06 | 72 -0.04226 -9.77355e-07
 73 -0.04143 -1.31830e-06 | 74 -0.44123  7.40593e-01 | 75 -0.93399 -1.39766e-03
 76 -0.26283  3.21853e-01 | 77 -1.45970  1.35748e-02 | 78  5.56200 -1.90677e-03
 79  3.70891 -6.81268e-04 | 80  0.33116 -8.00502e-05 | 81 -0.98971 -2.06180e-06
  ic > imax  in fminim is answer attained ?
Var    Value     Gradient |Var    Value     Gradient |Var    Value     Gradient
  1  0.01618 -7.90645e-03 |  2 -0.00650 -2.03992e-06 |  3 -0.00760 -2.55997e-06
  4 -0.02379 -2.77253e-06 |  5 -0.02507 -3.29496e-06 |  6 -0.02652 -3.82144e-06
  7 -0.02814 -4.62414e-06 |  8 -0.02990 -5.50788e-06 |  9 -0.03178 -6.03839e-06
 10 -0.03381 -7.08021e-06 | 11 -0.03589 -8.12819e-06 | 12 -0.03805 -9.20937e-06
 13 -0.04014 -1.01225e-05 | 14 -0.04237 -1.11758e-05 | 15 -0.04569 -1.25182e-05
 16 -0.04787 -1.37953e-05 | 17 -0.05084 -1.58582e-05 | 18 -0.05261 -1.73005e-05
 19 -0.05386 -1.81120e-05 | 20 -0.05477 -1.92657e-05 | 21 -0.05489 -1.96640e-05
 22 -0.05406 -1.98012e-05 | 23 -0.05454 -2.06206e-05 | 24 -0.05494 -2.25407e-05
 25 -0.05591 -2.47499e-05 | 26 -0.05706 -2.91693e-05 | 27 -0.05416 -3.52971e-05
 28 -0.04274 -4.61947e-05 | 29 -0.00939 -7.44510e-05 | 30 -0.03031 -7.98438e-05
 31 -0.11644 -4.86658e-05 | 32 -0.15856 -4.35664e-05 | 33  0.02964 -2.67156e-04
 34 -0.14202 -8.59815e-05 | 35 -0.01675 -3.00270e-04 | 36 -0.03046 -3.25243e-04
 37 -0.05589 -2.78053e-04 | 38  0.01939 -5.09812e-04 | 39 -0.05648 -2.68195e-04
 40 -0.04648 -2.69110e-04 | 41 -0.04126 -2.42391e-04 | 42 -0.00379 -2.62817e-04
 43 -0.02505 -1.75653e-04 | 44 -0.04139 -1.19921e-04 | 45 -0.04445 -8.88015e-05
 46 -0.05282 -6.07663e-05 | 47 -0.09865 -3.30831e-05 | 48 -0.06482 -2.87654e-05
 49 -0.13039 -1.48318e-05 | 50  0.06857 -5.71038e-06 | 51 -0.12555  9.43719e-07
 52 -0.04078  2.62554e-06 | 53 -0.09811  2.61747e-06 | 54 -0.06140  3.14085e-06
 55 -0.03578  4.07065e-06 | 56 -0.09159  2.41852e-06 | 57 -0.05128  3.06947e-06
 58 -0.00744  3.78486e-06 | 59 -0.02106  2.66169e-06 | 60 -0.03922  2.30264e-06
 61 -0.08143  1.62269e-06 | 62 -0.00839  2.99818e-06 | 63 -0.07824  1.46936e-06
 64 -0.12486  1.07255e-06 | 65 -0.05378  1.97179e-06 | 66 -0.13048  7.93289e-07
 67 -0.10209  7.28774e-07 | 68 -0.09113  9.14947e-07 | 69  0.00064  1.58340e-06
 70 -0.02327  9.75411e-07 | 71 -0.08395  1.25188e-07 | 72 -0.04226  3.41950e-09
 73 -0.04143  7.97694e-10 | 74 -0.44123 -8.56520e-03 | 75 -0.93395  1.55357e-05
 76 -0.26283 -3.17823e-03 | 77 -1.45964 -1.35073e-04 | 78  5.56199  2.83831e-05
 79  3.70891  1.05006e-05 | 80  0.33116 -2.58181e-06 | 81 -0.98971  4.47904e-09
Function minimizer not making progress ... is minimum attained?
Minimprove criterion = 0.0000e+00

 - final statistics:
81 variables; iteration 2409; function evaluation 2778
Function value -1.1216e+02; maximum gradient component mag -8.5652e-03
Exit code = 1;  converg criter 1.0000e-04
Var    Value     Gradient |Var    Value     Gradient |Var    Value     Gradient
  1  0.01618 -7.90645e-03 |  2 -0.00650 -2.03992e-06 |  3 -0.00760 -2.55997e-06
  4 -0.02379 -2.77253e-06 |  5 -0.02507 -3.29496e-06 |  6 -0.02652 -3.82144e-06
  7 -0.02814 -4.62414e-06 |  8 -0.02990 -5.50788e-06 |  9 -0.03178 -6.03839e-06
 10 -0.03381 -7.08021e-06 | 11 -0.03589 -8.12819e-06 | 12 -0.03805 -9.20937e-06
 13 -0.04014 -1.01225e-05 | 14 -0.04237 -1.11758e-05 | 15 -0.04569 -1.25182e-05
 16 -0.04787 -1.37953e-05 | 17 -0.05084 -1.58582e-05 | 18 -0.05261 -1.73005e-05
 19 -0.05386 -1.81120e-05 | 20 -0.05477 -1.92657e-05 | 21 -0.05489 -1.96640e-05
 22 -0.05406 -1.98012e-05 | 23 -0.05454 -2.06206e-05 | 24 -0.05494 -2.25407e-05
 25 -0.05591 -2.47499e-05 | 26 -0.05706 -2.91693e-05 | 27 -0.05416 -3.52971e-05
 28 -0.04274 -4.61947e-05 | 29 -0.00939 -7.44510e-05 | 30 -0.03031 -7.98438e-05
 31 -0.11644 -4.86658e-05 | 32 -0.15856 -4.35664e-05 | 33  0.02964 -2.67156e-04
 34 -0.14202 -8.59815e-05 | 35 -0.01675 -3.00270e-04 | 36 -0.03046 -3.25243e-04
 37 -0.05589 -2.78053e-04 | 38  0.01939 -5.09812e-04 | 39 -0.05648 -2.68195e-04
 40 -0.04648 -2.69110e-04 | 41 -0.04126 -2.42391e-04 | 42 -0.00379 -2.62817e-04
 43 -0.02505 -1.75653e-04 | 44 -0.04139 -1.19921e-04 | 45 -0.04445 -8.88015e-05
 46 -0.05282 -6.07663e-05 | 47 -0.09865 -3.30831e-05 | 48 -0.06482 -2.87654e-05
 49 -0.13039 -1.48318e-05 | 50  0.06857 -5.71038e-06 | 51 -0.12555  9.43719e-07
 52 -0.04078  2.62554e-06 | 53 -0.09811  2.61747e-06 | 54 -0.06140  3.14085e-06
 55 -0.03578  4.07065e-06 | 56 -0.09159  2.41852e-06 | 57 -0.05128  3.06947e-06
 58 -0.00744  3.78486e-06 | 59 -0.02106  2.66169e-06 | 60 -0.03922  2.30264e-06
 61 -0.08143  1.62269e-06 | 62 -0.00839  2.99818e-06 | 63 -0.07824  1.46936e-06
 64 -0.12486  1.07255e-06 | 65 -0.05378  1.97179e-06 | 66 -0.13048  7.93289e-07
 67 -0.10209  7.28774e-07 | 68 -0.09113  9.14947e-07 | 69  0.00064  1.58340e-06
 70 -0.02327  9.75411e-07 | 71 -0.08395  1.25188e-07 | 72 -0.04226  3.41950e-09
 73 -0.04143  7.97694e-10 | 74 -0.44123 -8.56520e-03 | 75 -0.93395  1.55357e-05
 76 -0.26283 -3.17823e-03 | 77 -1.45964 -1.35073e-04 | 78  5.56199  2.83831e-05
 79  3.70891  1.05006e-05 | 80  0.33116 -2.58181e-06 | 81 -0.98971  4.47904e-09

Initial statistics: 85 variables; iteration 0; function evaluation 0; phase 4
Function value -1.1215649e+02; maximum gradient component mag -8.5647e-03
Var    Value     Gradient |Var    Value     Gradient |Var    Value     Gradient
  1  0.01618 -7.90590e-03 |  2 -0.00650 -2.03958e-06 |  3 -0.00760 -2.55957e-06
  4 -0.02379 -2.77211e-06 |  5 -0.02507 -3.29445e-06 |  6 -0.02652 -3.82084e-06
  7 -0.02814 -4.62344e-06 |  8 -0.02990 -5.50706e-06 |  9 -0.03178 -6.03745e-06
 10 -0.03381 -7.07914e-06 | 11 -0.03589 -8.12697e-06 | 12 -0.03805 -9.20800e-06
 13 -0.04014 -1.01210e-05 | 14 -0.04237 -1.11741e-05 | 15 -0.04569 -1.25163e-05
 16 -0.04787 -1.37932e-05 | 17 -0.05084 -1.58558e-05 | 18 -0.05261 -1.72979e-05
 19 -0.05386 -1.81092e-05 | 20 -0.05477 -1.92629e-05 | 21 -0.05489 -1.96611e-05
 22 -0.05406 -1.97983e-05 | 23 -0.05454 -2.06175e-05 | 24 -0.05494 -2.25373e-05
 25 -0.05591 -2.47462e-05 | 26 -0.05706 -2.91649e-05 | 27 -0.05416 -3.52920e-05
 28 -0.04274 -4.61883e-05 | 29 -0.00939 -7.44412e-05 | 30 -0.03031 -7.98340e-05
 31 -0.11644 -4.86604e-05 | 32 -0.15856 -4.35621e-05 | 33  0.02964 -2.67134e-04
 34 -0.14202 -8.59749e-05 | 35 -0.01675 -3.00251e-04 | 36 -0.03046 -3.25225e-04
 37 -0.05589 -2.78039e-04 | 38  0.01939 -5.09787e-04 | 39 -0.05648 -2.68182e-04
 40 -0.04648 -2.69097e-04 | 41 -0.04126 -2.42379e-04 | 42 -0.00379 -2.62804e-04
 43 -0.02505 -1.75644e-04 | 44 -0.04139 -1.19914e-04 | 45 -0.04445 -8.87965e-05
 46 -0.05282 -6.07627e-05 | 47 -0.09865 -3.30813e-05 | 48 -0.06482 -2.87638e-05
 49 -0.13039 -1.48314e-05 | 50  0.06857 -5.71028e-06 | 51 -0.12555  9.43661e-07
 52 -0.04078  2.62536e-06 | 53 -0.09811  2.61734e-06 | 54 -0.06140  3.14066e-06
 55 -0.03578  4.07043e-06 | 56 -0.09159  2.41837e-06 | 57 -0.05128  3.06928e-06
 58 -0.00744  3.78461e-06 | 59 -0.02106  2.66148e-06 | 60 -0.03922  2.30246e-06
 61 -0.08143  1.62256e-06 | 62 -0.00839  2.99795e-06 | 63 -0.07824  1.46923e-06
 64 -0.12486  1.07246e-06 | 65 -0.05378  1.97165e-06 | 66 -0.13048  7.93225e-07
 67 -0.10209  7.28706e-07 | 68 -0.09113  9.14884e-07 | 69  0.00064  1.58328e-06
 70 -0.02327  9.75359e-07 | 71 -0.08395  1.25184e-07 | 72 -0.04226  3.41940e-09
 73 -0.04143  7.97562e-10 | 74  0.00000  2.97134e-12 | 75  0.00000  5.18636e-18
 76  0.00000  0.00000e+00 | 77  0.00000  0.00000e+00 | 78 -0.44123 -8.56468e-03
 79 -0.93395  1.55347e-05 | 80 -0.26283 -3.17801e-03 | 81 -0.54036  1.35064e-04
 82  0.43801 -2.83816e-05 | 83 -0.29109  1.05000e-05 | 84  0.33116 -2.58181e-06
 85 -0.98971  4.47938e-09 |
  ic > imax  in fminim is answer attained ?
Var    Value     Gradient |Var    Value     Gradient |Var    Value     Gradient
  1  0.01618  6.57959e-04 |  2 -0.00650  4.56174e-06 |  3 -0.00760  5.34186e-06
  4 -0.02379  5.58443e-06 |  5 -0.02507  6.60912e-06 |  6 -0.02652  7.85715e-06
  7 -0.02814  9.06311e-06 |  8 -0.02990  1.04172e-05 |  9 -0.03178  1.23317e-05
 10 -0.03381  1.38703e-05 | 11 -0.03589  1.56699e-05 | 12 -0.03805  1.77360e-05
 13 -0.04014  1.98805e-05 | 14 -0.04237  2.23229e-05 | 15 -0.04569  2.48276e-05
 16 -0.04787  2.77550e-05 | 17 -0.05084  3.08287e-05 | 18 -0.05261  3.34761e-05
 19 -0.05386  3.55355e-05 | 20 -0.05477  3.68837e-05 | 21 -0.05489  3.77616e-05
 22 -0.05406  3.72953e-05 | 23 -0.05454  3.98493e-05 | 24 -0.05494  4.25065e-05
 25 -0.05591  4.73475e-05 | 26 -0.05706  5.52852e-05 | 27 -0.05416  6.37981e-05
 28 -0.04274  7.77069e-05 | 29 -0.00939  1.12940e-04 | 30 -0.03031  1.04294e-04
 31 -0.11644  4.95414e-05 | 32 -0.15856  3.12766e-05 | 33  0.02964  1.09782e-04
 34 -0.14202  1.84573e-05 | 35 -0.01675 -1.63899e-05 | 36 -0.03046 -6.43077e-05
 37 -0.05589 -7.70520e-05 | 38  0.01939 -1.73048e-04 | 39 -0.05648 -9.84827e-05
 40 -0.04648 -9.84498e-05 | 41 -0.04126 -8.77215e-05 | 42 -0.00379 -8.98457e-05
 43 -0.02505 -5.61196e-05 | 44 -0.04139 -3.49881e-05 | 45 -0.04445 -2.24647e-05
 46 -0.05282 -1.25852e-05 | 47 -0.09865 -7.45871e-06 | 48 -0.06482 -6.66323e-06
 49 -0.13039 -8.89780e-06 | 50  0.06857 -5.17122e-06 | 51 -0.12555  4.99289e-08
 52 -0.04078 -1.16101e-07 | 53 -0.09811  6.71631e-07 | 54 -0.06140  3.63245e-07
 55 -0.03578  7.17350e-07 | 56 -0.09159  2.63561e-07 | 57 -0.05128  1.83704e-07
 58 -0.00744 -4.99491e-08 | 59 -0.02106 -6.42534e-07 | 60 -0.03922 -4.92206e-07
 61 -0.08143 -4.36096e-07 | 62 -0.00839 -5.84420e-07 | 63 -0.07824 -5.01102e-07
 64 -0.12486 -3.03155e-07 | 65 -0.05378 -3.56125e-07 | 66 -0.13048 -3.75177e-07
 67 -0.10209 -5.87541e-07 | 68 -0.09113 -3.26969e-07 | 69  0.00064 -3.36770e-07
 70 -0.02327  1.55928e-07 | 71 -0.08395  8.12860e-08 | 72 -0.04226  2.05280e-09
 73 -0.04143 -4.36897e-10 | 74 -0.00000  2.97134e-12 | 75 -0.00000  5.18636e-18
 76  0.00000  0.00000e+00 | 77  0.00000  0.00000e+00 | 78 -0.44123 -6.72411e-04
 79 -0.93395  1.06144e-06 | 80 -0.26283  1.81907e-04 | 81 -0.54036 -8.52449e-06
 82  0.43801 -3.96510e-06 | 83 -0.29109  2.64094e-06 | 84  0.33116 -2.58253e-06
 85 -0.98971  5.50936e-09 |
Function minimizer not making progress ... is minimum attained?
Minimprove criterion = 0.0000e+00
Warning: the following parameters had issues
  selparm[3] is within 1% of lower bound: -4.0000e+00 < -3.9570e+00 < 1.2000e+01
  selparm[21] is within 0.1% of lower bound: -4.0000e+00 < -3.9990e+00 < 1.2000e+01


 - final statistics:
85 variables; iteration 2; function evaluation 33
Function value -1.1216e+02; maximum gradient component mag -6.7241e-04
Exit code = 1;  converg criter 1.0000e-04
Var    Value     Gradient |Var    Value     Gradient |Var    Value     Gradient
  1  0.01618  6.57959e-04 |  2 -0.00650  4.56174e-06 |  3 -0.00760  5.34186e-06
  4 -0.02379  5.58443e-06 |  5 -0.02507  6.60912e-06 |  6 -0.02652  7.85715e-06
  7 -0.02814  9.06311e-06 |  8 -0.02990  1.04172e-05 |  9 -0.03178  1.23317e-05
 10 -0.03381  1.38703e-05 | 11 -0.03589  1.56699e-05 | 12 -0.03805  1.77360e-05
 13 -0.04014  1.98805e-05 | 14 -0.04237  2.23229e-05 | 15 -0.04569  2.48276e-05
 16 -0.04787  2.77550e-05 | 17 -0.05084  3.08287e-05 | 18 -0.05261  3.34761e-05
 19 -0.05386  3.55355e-05 | 20 -0.05477  3.68837e-05 | 21 -0.05489  3.77616e-05
 22 -0.05406  3.72953e-05 | 23 -0.05454  3.98493e-05 | 24 -0.05494  4.25065e-05
 25 -0.05591  4.73475e-05 | 26 -0.05706  5.52852e-05 | 27 -0.05416  6.37981e-05
 28 -0.04274  7.77069e-05 | 29 -0.00939  1.12940e-04 | 30 -0.03031  1.04294e-04
 31 -0.11644  4.95414e-05 | 32 -0.15856  3.12766e-05 | 33  0.02964  1.09782e-04
 34 -0.14202  1.84573e-05 | 35 -0.01675 -1.63899e-05 | 36 -0.03046 -6.43077e-05
 37 -0.05589 -7.70520e-05 | 38  0.01939 -1.73048e-04 | 39 -0.05648 -9.84827e-05
 40 -0.04648 -9.84498e-05 | 41 -0.04126 -8.77215e-05 | 42 -0.00379 -8.98457e-05
 43 -0.02505 -5.61196e-05 | 44 -0.04139 -3.49881e-05 | 45 -0.04445 -2.24647e-05
 46 -0.05282 -1.25852e-05 | 47 -0.09865 -7.45871e-06 | 48 -0.06482 -6.66323e-06
 49 -0.13039 -8.89780e-06 | 50  0.06857 -5.17122e-06 | 51 -0.12555  4.99289e-08
 52 -0.04078 -1.16101e-07 | 53 -0.09811  6.71631e-07 | 54 -0.06140  3.63245e-07
 55 -0.03578  7.17350e-07 | 56 -0.09159  2.63561e-07 | 57 -0.05128  1.83704e-07
 58 -0.00744 -4.99491e-08 | 59 -0.02106 -6.42534e-07 | 60 -0.03922 -4.92206e-07
 61 -0.08143 -4.36096e-07 | 62 -0.00839 -5.84420e-07 | 63 -0.07824 -5.01102e-07
 64 -0.12486 -3.03155e-07 | 65 -0.05378 -3.56125e-07 | 66 -0.13048 -3.75177e-07
 67 -0.10209 -5.87541e-07 | 68 -0.09113 -3.26969e-07 | 69  0.00064 -3.36770e-07
 70 -0.02327  1.55928e-07 | 71 -0.08395  8.12860e-08 | 72 -0.04226  2.05280e-09
 73 -0.04143 -4.36897e-10 | 74 -0.00000  2.97134e-12 | 75 -0.00000  5.18636e-18
 76  0.00000  0.00000e+00 | 77  0.00000  0.00000e+00 | 78 -0.44123 -6.72411e-04
 79 -0.93395  1.06144e-06 | 80 -0.26283  1.81907e-04 | 81 -0.54036 -8.52449e-06
 82  0.43801 -3.96510e-06 | 83 -0.29109  2.64094e-06 | 84  0.33116 -2.58253e-06
 85 -0.98971  5.50936e-09 |
size of file gradfil1.tmp = 0
size of file gradfil2.tmp = 0
size of file varssave.tmp = 0
size of file cmpdiff.tmp = 0
