
Initial statistics: 74 variables; iteration 0; function evaluation 0; phase 1
Function value 4.1023921e+06; maximum gradient component mag -1.0299e+07
Var    Value     Gradient |Var    Value     Gradient |Var    Value     Gradient
  1 -0.19398 -1.02993e+07 |  2  0.00000 -5.01762e+04 |  3  0.00000 -4.48570e+04
  4  0.00000 -3.80852e+04 |  5  0.00000 -2.89538e+04 |  6  0.00000 -2.63976e+04
  7  0.00000 -1.39932e+04 |  8  0.00000 -5.23796e+04 |  9  0.00000 -9.20077e+04
 10  0.00000 -1.11340e+05 | 11  0.00000 -1.10137e+05 | 12  0.00000 -1.10143e+05
 13  0.00000 -1.15045e+05 | 14  0.00000 -1.12520e+05 | 15  0.00000 -1.12733e+05
 16  0.00000 -1.09246e+05 | 17  0.00000 -1.07163e+05 | 18  0.00000 -1.03625e+05
 19  0.00000 -1.02743e+05 | 20  0.00000  1.00202e+05 | 21  0.00000  1.33746e+05
 22  0.00000  1.32559e+05 | 23  0.00000  1.16264e+05 | 24  0.00000  1.06538e+05
 25  0.00000  8.72787e+04 | 26  0.00000  7.82568e+04 | 27  0.00000  6.73294e+04
 28  0.00000  6.55388e+04 | 29  0.00000  4.08418e+04 | 30  0.00000  3.49634e+04
 31  0.00000  3.73542e+04 | 32  0.00000  3.50258e+04 | 33  0.00000 -1.04240e+05
 34  0.00000 -1.00133e+05 | 35  0.00000 -5.67397e+04 | 36  0.00000 -1.26172e+05
 37  0.00000 -1.21804e+05 | 38  0.00000 -1.16961e+05 | 39  0.00000 -1.17940e+05
 40  0.00000 -8.08917e+04 | 41  0.00000 -7.88035e+04 | 42  0.00000 -7.91653e+04
 43  0.00000 -9.73005e+04 | 44  0.00000 -9.93303e+04 | 45  0.00000 -1.37129e+05
 46  0.00000 -1.60557e+05 | 47  0.00000 -1.29065e+05 | 48  0.00000 -1.04820e+05
 49  0.00000 -1.10247e+05 | 50  0.00000 -8.70358e+04 | 51  0.00000 -1.36699e+05
 52  0.00000 -2.17778e+05 | 53  0.00000 -1.49451e+05 | 54  0.00000 -1.54222e+05
 55  0.00000 -1.32870e+05 | 56  0.00000 -1.12710e+05 | 57  0.00000 -1.14273e+05
 58  0.00000 -1.15212e+05 | 59  0.00000 -1.08249e+05 | 60  0.00000 -1.23216e+05
 61  0.00000 -1.28885e+05 | 62  0.00000 -1.14890e+05 | 63  0.00000 -1.20906e+05
 64  0.00000 -1.36002e+05 | 65  0.00000 -1.21650e+05 | 66  0.00000 -1.15062e+05
 67  0.00000 -9.46088e+04 | 68  0.00000 -8.35910e+04 | 69  0.00000 -6.20912e+04
 70  0.00000 -4.65221e+04 | 71  0.00000 -2.53051e+04 | 72  0.00000 -1.74069e+03
 73  0.00000  8.02369e+03 | 74  0.00000 -8.02725e+02 |

Intermediate statistics: 74 variables; iteration 20; function evaluation 40; phase 1
Function value 6.1926847e+02; maximum gradient component mag -1.1497e+03
Var    Value     Gradient |Var    Value     Gradient |Var    Value     Gradient
  1  0.04192 -1.14968e+03 |  2 -0.01549 -4.74164e+00 |  3 -0.02772 -3.93182e+00
  4 -0.02274 -2.98998e+00 |  5 -0.01619 -1.75483e+00 |  6 -0.01222 -1.19677e+00
  7 -0.00291  4.95735e-01 |  8 -0.01766 -3.27077e+00 |  9 -0.03279 -7.07631e+00
 10 -0.03755 -8.55415e+00 | 11 -0.03252 -7.73908e+00 | 12 -0.02858 -6.95542e+00
 13 -0.02713 -6.57532e+00 | 14 -0.02065 -5.10458e+00 | 15 -0.01321 -3.62090e+00
 16 -0.00126 -1.25357e+00 | 17  0.01330  1.36658e+00 | 18  0.02521  4.12542e+00
 19  0.03689  6.60782e+00 | 20  0.19289  2.89553e+01 | 21  0.20498  3.98175e+01
 22  0.16738  4.89678e+01 | 23  0.10759  4.86198e+01 | 24  0.04937  4.24504e+01
 25 -0.00276  3.36537e+01 | 26 -0.04484  2.62691e+01 | 27 -0.08170  1.83946e+01
 28 -0.11071  1.08158e+01 | 29 -0.13503 -1.01435e-01 | 30 -0.11391 -4.18809e+00
 31  0.00569 -1.99850e+00 | 32  0.03626 -7.44364e+00 | 33 -0.14412 -2.84555e+01
 34  0.01700 -4.73216e+01 | 35  0.04489 -9.52671e+01 | 36 -0.09036 -6.53294e+01
 37  0.02392 -1.41866e+02 | 38 -0.01612 -1.19747e+02 | 39 -0.12921 -8.83598e+01
 40 -0.11859 -9.47300e+01 | 41  0.00009 -1.72534e+02 | 42  0.03021 -1.28734e+02
 43 -0.14076 -3.70777e+01 | 44 -0.12410 -1.36805e+01 | 45 -0.06236  1.49444e+01
 46 -0.10358  7.43896e+00 | 47 -0.17336  1.11676e+01 | 48 -0.14760  4.93406e+01
 49  0.15460  1.05366e+02 | 50  0.04495  4.51807e+01 | 51 -0.00985 -1.72584e+01
 52 -0.11538 -4.44969e+01 | 53  0.12658 -7.09206e+01 | 54  0.00609 -8.13493e+01
 55 -0.11420 -5.38533e+01 | 56  0.07628 -8.22287e+00 | 57  0.11200  9.37645e+01
 58  0.04969  4.43210e+01 | 59 -0.01189  2.91234e+00 | 60  0.03252  1.40231e+01
 61  0.11283  6.19922e+01 | 62 -0.08972  1.56206e+00 | 63 -0.07706  5.26829e+00
 64  0.06752  7.83937e+01 | 65 -0.08096  1.04795e+01 | 66 -0.09504 -4.11067e+00
 67 -0.01870  2.15180e+01 | 68  0.18444  6.86312e+01 | 69 -0.11557 -2.14147e+01
 70 -0.18206 -3.72399e+01 | 71 -0.05063 -2.77211e+01 | 72  0.02446 -4.06542e+00
 73 -0.01244  7.99702e-01 | 74 -0.01641 -1.54114e-01 |
74 variables; iteration 40; function evaluation 65; phase 1
Function value 6.1058085e+02; maximum gradient component mag -1.0355e+03
Var    Value     Gradient |Var    Value     Gradient |Var    Value     Gradient
  1  0.03750 -1.03547e+03 |  2 -0.00789 -3.15093e+00 |  3 -0.01666 -1.54069e+00
  4 -0.01375 -1.14154e+00 |  5 -0.00991 -6.01659e-01 |  6 -0.00740 -4.47833e-01
  7 -0.00184  2.97929e-01 |  8 -0.00951 -1.95453e+00 |  9 -0.01740 -4.26051e+00
 10 -0.01948 -5.34361e+00 | 11 -0.01624 -5.14066e+00 | 12 -0.01393 -4.91279e+00
 13 -0.01322 -4.90817e+00 | 14 -0.00987 -4.43395e+00 | 15 -0.00591 -4.16663e+00
 16  0.00003 -3.71198e+00 | 17  0.00700 -3.50966e+00 | 18  0.01200 -3.01149e+00
 19  0.01770 -2.62368e+00 | 20  0.25141 -3.30744e+00 | 21  0.17545  1.50157e+01
 22  0.07112  1.44365e+01 | 23  0.06946  2.51096e+01 | 24  0.02823  2.63838e+01
 25 -0.00664  2.72322e+01 | 26 -0.03648  2.82189e+01 | 27 -0.06661  2.59265e+01
 28 -0.09147  2.19856e+01 | 29 -0.10949  1.43890e+01 | 30 -0.08552  1.02251e+01
 31 -0.00458 -3.40465e+00 | 32  0.02871 -1.77687e+01 | 33 -0.10793 -2.29942e+01
 34 -0.00553 -3.42179e+01 | 35  0.04109 -5.71352e+00 | 36 -0.05518 -4.58609e+00
 37  0.01669 -1.59154e+01 | 38 -0.02857 -1.86630e+01 | 39 -0.10007 -2.45297e+01
 40 -0.10543 -2.20653e+01 | 41  0.00828 -4.45098e+01 | 42  0.01901 -7.12091e+01
 43 -0.10220 -5.30748e+01 | 44 -0.13391 -6.50962e+01 | 45 -0.07844 -9.08623e+01
 46 -0.10158 -4.96747e+01 | 47 -0.14648  1.65255e+01 | 48 -0.14272  5.60200e+01
 49  0.14457  7.78414e+01 | 50  0.04631  6.38388e+01 | 51 -0.03204  1.25258e+01
 52 -0.05400 -1.87732e+01 | 53  0.11084 -1.16022e+01 | 54 -0.02489 -4.57820e+01
 55 -0.04019 -2.77840e+01 | 56  0.07522  2.18371e+01 | 57  0.08074  2.64865e+01
 58  0.05645  3.17957e+00 | 59  0.00121 -1.55586e+01 | 60  0.01527 -1.81510e+01
 61  0.09396  2.53787e+01 | 62 -0.03205  3.01015e+01 | 63 -0.08226 -8.27537e+00
 64  0.05139 -4.94520e+01 | 65 -0.11172 -4.13621e+01 | 66 -0.07616 -3.40296e+01
 67 -0.01552 -1.54442e+01 | 68  0.16644 -3.03964e+01 | 69 -0.08124 -6.24006e+00
 70 -0.12689 -9.30194e+00 | 71 -0.07560 -1.44526e+01 | 72  0.01965  2.58910e+00
 73 -0.00983  1.62849e+00 | 74 -0.01177  1.13328e+00 |
74 variables; iteration 60; function evaluation 92; phase 1
Function value 6.0388924e+02; maximum gradient component mag -2.8681e+02
Var    Value     Gradient |Var    Value     Gradient |Var    Value     Gradient
  1  0.03745 -2.86815e+02 |  2 -0.01790 -5.06885e+00 |  3 -0.01804 -1.31448e+00
  4 -0.01520 -8.06634e-01 |  5 -0.01140 -1.13460e-01 |  6 -0.00953  8.04501e-02
  7 -0.00345  1.21848e+00 |  8 -0.01421 -1.56656e+00 |  9 -0.02531 -4.40629e+00
 10 -0.02829 -5.36797e+00 | 11 -0.02338 -4.34702e+00 | 12 -0.02013 -3.43942e+00
 13 -0.01994 -3.05218e+00 | 14 -0.01725 -2.00332e+00 | 15 -0.01650 -1.49587e+00
 16 -0.01667 -1.09206e+00 | 17 -0.01214  3.19379e-01 | 18 -0.00699  2.52445e+00
 19  0.00160  5.59808e+00 | 20  0.31119  8.90135e+01 | 21  0.15881  6.13228e+01
 22  0.08830  4.88158e+01 | 23  0.04324  4.28930e+01 | 24  0.00438  3.76337e+01
 25 -0.04666  2.43884e+01 | 26 -0.07000  2.39893e+01 | 27 -0.09215  2.29964e+01
 28 -0.10178  2.71976e+01 | 29 -0.11249  2.55990e+01 | 30 -0.09775  2.48434e+01
 31  0.00018  5.98103e+01 | 32  0.03136  8.21673e+01 | 33 -0.09859  1.18859e+01
 34 -0.00055  2.08063e+00 | 35  0.03773 -1.17062e+01 | 36 -0.05704 -1.91593e+01
 37  0.02099 -3.16494e+01 | 38 -0.04090 -1.58367e+01 | 39 -0.08121  3.33027e+00
 40 -0.10014  6.95201e+00 | 41  0.00325  2.73453e+01 | 42  0.02290  4.69857e+01
 43 -0.10452  1.66359e+01 | 44 -0.13607  1.06808e+01 | 45 -0.05975  4.71003e+01
 46 -0.09252  1.28766e+01 | 47 -0.19449 -7.20330e+00 | 48 -0.15630  4.09255e+01
 49  0.15503  9.57550e+01 | 50  0.02162  3.08181e+01 | 51 -0.01377 -3.71197e+00
 52 -0.03986 -3.91835e+01 | 53  0.10169 -9.03066e+01 | 54 -0.01217 -7.66844e+01
 55 -0.02056 -6.16685e+01 | 56  0.06442 -8.36140e+01 | 57  0.08031 -9.04202e+01
 58  0.04925 -5.13136e+01 | 59  0.02511 -2.84455e+01 | 60  0.00765 -3.58028e+01
 61  0.10112 -6.53095e+01 | 62 -0.07831 -2.24143e+01 | 63 -0.05095 -2.69376e+01
 64  0.04886 -6.68045e+01 | 65 -0.11067 -3.76045e+01 | 66 -0.05561 -2.69357e+01
 67 -0.02753 -2.18900e+01 | 68  0.16868 -6.95829e+01 | 69 -0.08765 -9.17372e+00
 70 -0.11848 -3.25299e+00 | 71 -0.04798 -3.68243e+00 | 72 -0.02290 -6.07846e+00
 73 -0.00736  2.22462e+00 | 74 -0.01062  1.40339e+00 |
Maximum number of function evaluations exceeded

 - final statistics:
74 variables; iteration 66; function evaluation 100
Function value 6.0280e+02; maximum gradient component mag -3.6192e+02
Exit code = 3;  converg criter 1.0000e+01
Var    Value     Gradient |Var    Value     Gradient |Var    Value     Gradient
  1  0.03698 -3.61919e+02 |  2 -0.00044 -9.83494e-01 |  3 -0.01793 -1.42681e+00
  4 -0.01543 -1.04114e+00 |  5 -0.01175 -4.31466e-01 |  6 -0.00915 -1.35156e-01
  7 -0.00437  6.02286e-01 |  8 -0.01451 -2.10159e+00 |  9 -0.02632 -5.15856e+00
 10 -0.03178 -6.76343e+00 | 11 -0.02769 -6.05996e+00 | 12 -0.02480 -5.38267e+00
 13 -0.02686 -5.64592e+00 | 14 -0.02781 -5.61617e+00 | 15 -0.02659 -5.21628e+00
 16 -0.01740 -2.96671e+00 | 17 -0.00636 -4.75510e-01 | 18 -0.00185  1.18702e+00
 19 -0.00277  1.53578e+00 | 20  0.31160  5.59802e+01 | 21  0.16285  4.85958e+01
 22  0.08994  3.99861e+01 | 23  0.04589  3.63879e+01 | 24 -0.00639  2.65705e+01
 25 -0.04314  2.12988e+01 | 26 -0.06960  1.98463e+01 | 27 -0.09376  1.81366e+01
 28 -0.10191  2.30106e+01 | 29 -0.11239  2.13149e+01 | 30 -0.09776  1.91094e+01
 31  0.00595  4.87348e+01 | 32  0.02951  6.35392e+01 | 33 -0.09495  9.68099e+00
 34  0.00479 -2.22346e+00 | 35  0.03587 -1.92316e+01 | 36 -0.05806 -1.97422e+01
 37  0.02746 -2.44196e+01 | 38 -0.04501 -1.49695e+01 | 39 -0.07893  5.59487e+00
 40 -0.09676  8.39929e+00 | 41  0.00577  2.00253e+01 | 42  0.02193  2.60014e+01
 43 -0.10635  7.86965e+00 | 44 -0.12191  1.19939e+01 | 45 -0.06584  2.96570e+01
 46 -0.08649  2.92463e+00 | 47 -0.19747 -1.27243e+01 | 48 -0.16152  3.45541e+01
 49  0.15802  1.10473e+02 | 50  0.01778  3.71976e+01 | 51 -0.00681  6.39576e+00
 52 -0.03547 -3.30205e+01 | 53  0.09920 -6.94719e+01 | 54 -0.00312 -6.69705e+01
 55 -0.01383 -5.34387e+01 | 56  0.06125 -7.65747e+01 | 57  0.08196 -8.58756e+01
 58  0.05194 -3.86716e+01 | 59  0.02921 -1.25331e+01 | 60  0.00540 -2.20185e+01
 61  0.10558 -4.31932e+01 | 62 -0.08786 -2.04202e+01 | 63 -0.04381 -2.06216e+01
 64  0.04709 -4.72060e+01 | 65 -0.09548 -2.85045e+01 | 66 -0.05618 -2.03313e+01
 67 -0.02816 -2.01661e+01 | 68  0.17009 -6.75189e+01 | 69 -0.08150 -5.95548e+00
 70 -0.12410 -4.26090e+00 | 71 -0.03928  5.39424e-01 | 72 -0.03160 -7.56736e+00
 73 -0.00496  2.79645e+00 | 74 -0.00631  2.44517e+00 |

Initial statistics: 74 variables; iteration 0; function evaluation 0; phase 2
Function value 6.0280414e+02; maximum gradient component mag -3.6192e+02
Var    Value     Gradient |Var    Value     Gradient |Var    Value     Gradient
  1  0.03698 -3.61919e+02 |  2 -0.00044 -9.83494e-01 |  3 -0.01793 -1.42681e+00
  4 -0.01543 -1.04114e+00 |  5 -0.01175 -4.31466e-01 |  6 -0.00915 -1.35156e-01
  7 -0.00437  6.02286e-01 |  8 -0.01451 -2.10159e+00 |  9 -0.02632 -5.15856e+00
 10 -0.03178 -6.76343e+00 | 11 -0.02769 -6.05996e+00 | 12 -0.02480 -5.38267e+00
 13 -0.02686 -5.64592e+00 | 14 -0.02781 -5.61617e+00 | 15 -0.02659 -5.21628e+00
 16 -0.01740 -2.96671e+00 | 17 -0.00636 -4.75510e-01 | 18 -0.00185  1.18702e+00
 19 -0.00277  1.53578e+00 | 20  0.31160  5.59802e+01 | 21  0.16285  4.85958e+01
 22  0.08994  3.99861e+01 | 23  0.04589  3.63879e+01 | 24 -0.00639  2.65705e+01
 25 -0.04314  2.12988e+01 | 26 -0.06960  1.98463e+01 | 27 -0.09376  1.81366e+01
 28 -0.10191  2.30106e+01 | 29 -0.11239  2.13149e+01 | 30 -0.09776  1.91094e+01
 31  0.00595  4.87348e+01 | 32  0.02951  6.35392e+01 | 33 -0.09495  9.68099e+00
 34  0.00479 -2.22346e+00 | 35  0.03587 -1.92316e+01 | 36 -0.05806 -1.97422e+01
 37  0.02746 -2.44196e+01 | 38 -0.04501 -1.49695e+01 | 39 -0.07893  5.59487e+00
 40 -0.09676  8.39929e+00 | 41  0.00577  2.00253e+01 | 42  0.02193  2.60014e+01
 43 -0.10635  7.86965e+00 | 44 -0.12191  1.19939e+01 | 45 -0.06584  2.96570e+01
 46 -0.08649  2.92463e+00 | 47 -0.19747 -1.27243e+01 | 48 -0.16152  3.45541e+01
 49  0.15802  1.10473e+02 | 50  0.01778  3.71976e+01 | 51 -0.00681  6.39576e+00
 52 -0.03547 -3.30205e+01 | 53  0.09920 -6.94719e+01 | 54 -0.00312 -6.69705e+01
 55 -0.01383 -5.34387e+01 | 56  0.06125 -7.65747e+01 | 57  0.08196 -8.58756e+01
 58  0.05194 -3.86716e+01 | 59  0.02921 -1.25331e+01 | 60  0.00540 -2.20185e+01
 61  0.10558 -4.31932e+01 | 62 -0.08786 -2.04202e+01 | 63 -0.04381 -2.06216e+01
 64  0.04709 -4.72060e+01 | 65 -0.09548 -2.85045e+01 | 66 -0.05618 -2.03313e+01
 67 -0.02816 -2.01661e+01 | 68  0.17009 -6.75189e+01 | 69 -0.08150 -5.95548e+00
 70 -0.12410 -4.26090e+00 | 71 -0.03928  5.39424e-01 | 72 -0.03160 -7.56736e+00
 73 -0.00496  2.79645e+00 | 74 -0.00631  2.44517e+00 |

Intermediate statistics: 74 variables; iteration 20; function evaluation 24; phase 2
Function value 5.8640470e+02; maximum gradient component mag -6.3379e+02
Var    Value     Gradient |Var    Value     Gradient |Var    Value     Gradient
  1  0.06189 -6.33793e+02 |  2  0.00453  3.27980e-01 |  3 -0.01099  3.93592e-01
  4 -0.01030  4.20204e-01 |  5 -0.00952  4.46272e-01 |  6 -0.00839  5.26535e-01
  7 -0.00713  6.02931e-01 |  8 -0.00441  9.84312e-01 |  9 -0.00134  1.39843e+00
 10  0.00156  1.72294e+00 | 11  0.00303  1.92992e+00 | 12  0.00328  2.19058e+00
 13  0.00316  2.53005e+00 | 14  0.00316  2.91882e+00 | 15  0.00472  3.39225e+00
 16  0.00726  4.04303e+00 | 17  0.01242  5.00639e+00 | 18  0.01429  5.98909e+00
 19  0.01661  6.98930e+00 | 20  0.37454  7.41844e+01 | 21  0.07841  2.83034e+01
 22  0.02354  1.88127e+01 | 23 -0.00779  1.55937e+01 | 24 -0.03863  1.20486e+01
 25 -0.06458  1.01155e+01 | 26 -0.08912  8.72034e+00 | 27 -0.11173  7.14154e+00
 28 -0.12683  6.35583e+00 | 29 -0.13145  4.22380e+00 | 30 -0.10162  8.92870e-01
 31  0.01997 -5.63282e+00 | 32 -0.02691 -1.07808e+01 | 33 -0.07806  2.87681e+00
 34  0.02339  7.61960e+00 | 35  0.00049 -1.22649e+01 | 36 -0.00996 -2.15704e+01
 37 -0.02594 -5.82867e+01 | 38 -0.02348 -4.71305e+01 | 39 -0.14656 -3.58269e+01
 40 -0.13922 -2.71748e+01 | 41  0.02161 -4.91261e+01 | 42 -0.04141 -5.96996e+01
 43 -0.09032 -3.01669e+01 | 44 -0.13688 -3.55527e+01 | 45 -0.12099 -6.54753e+01
 46 -0.10004 -7.13413e+01 | 47 -0.21140 -2.97834e+01 | 48 -0.21678 -1.18048e+01
 49  0.16206 -6.04920e+01 | 50 -0.01300  2.16025e+00 | 51 -0.01849  1.35885e+01
 52  0.03437  1.94241e+01 | 53  0.05896  3.88559e+01 | 54  0.04879  3.15989e+01
 55 -0.01618  3.09412e+01 | 56  0.04747  6.56390e+01 | 57  0.10660  1.01250e+02
 58  0.04349  6.36173e+01 | 59  0.00953  3.70006e+01 | 60  0.04705  1.62815e+01
 61  0.08256 -6.60875e+00 | 62 -0.05444 -3.70338e+00 | 63 -0.02582 -9.49312e+00
 64  0.02292 -3.09850e+01 | 65 -0.05208 -1.27064e+01 | 66 -0.08017 -2.15345e+01
 67 -0.01690 -3.57702e+01 | 68  0.17061 -1.82235e+02 | 69 -0.08518 -2.15247e+01
 70 -0.11527 -8.75314e+00 | 71 -0.05024 -7.01552e+00 | 72 -0.00165 -8.15616e-01
 73 -0.01646 -1.96673e-01 | 74 -0.01620 -1.48299e-01 |
74 variables; iteration 40; function evaluation 50; phase 2
Function value 5.8217799e+02; maximum gradient component mag -5.3970e+02
Var    Value     Gradient |Var    Value     Gradient |Var    Value     Gradient
  1  0.06720 -5.39700e+02 |  2  0.00267 -6.49208e-02 |  3 -0.01317 -7.91626e-02
  4 -0.01215  2.47430e-02 |  5 -0.01076  1.87499e-01 |  6 -0.00927  3.39650e-01
  7 -0.00725  5.79798e-01 |  8 -0.00724  3.11169e-01 |  9 -0.00751 -6.04238e-02
 10 -0.00672 -2.33595e-01 | 11 -0.00475  3.54669e-02 | 12 -0.00369  3.69640e-01
 13 -0.00379  5.70156e-01 | 14 -0.00369  8.31499e-01 | 15 -0.00271  1.04093e+00
 16 -0.00039  1.47895e+00 | 17  0.00355  1.93376e+00 | 18  0.00496  2.44180e+00
 19  0.00631  2.81741e+00 | 20  0.40790  4.26709e+01 | 21  0.01794  8.69816e+00
 22 -0.00509  6.75021e+00 | 23 -0.02777  5.29415e+00 | 24 -0.04904  4.37041e+00
 25 -0.06873  4.46080e+00 | 26 -0.09304  3.20129e+00 | 27 -0.11680  1.40215e+00
 28 -0.13119  1.51410e+00 | 29 -0.13158  3.04510e+00 | 30 -0.09763  6.80716e+00
 31  0.01914  2.56122e+01 | 32  0.00330  2.62008e+01 | 33 -0.08545  2.25592e+00
 34  0.03059 -2.01075e+01 | 35  0.00006 -4.15430e+01 | 36  0.00204 -3.62877e+01
 37 -0.01912 -6.10012e+01 | 38 -0.02512 -4.93559e+01 | 39 -0.13752 -3.32923e+01
 40 -0.13135 -2.85703e+01 | 41  0.02714 -8.68585e+01 | 42 -0.05233 -8.54610e+01
 43 -0.07914 -4.76946e+01 | 44 -0.13710 -4.24312e+01 | 45 -0.12097 -6.48536e+01
 46 -0.10191 -5.33571e+01 | 47 -0.18755 -9.17943e+00 | 48 -0.21769 -7.02761e+00
 49  0.17221  1.37968e+01 | 50 -0.00826  6.92018e+00 | 51 -0.00977  6.62728e+00
 52  0.04329 -3.20237e-01 | 53  0.06567  1.14517e+01 | 54  0.06247 -1.82486e+00
 55 -0.00703 -3.42488e+00 | 56  0.04366 -1.33263e+01 | 57  0.12013 -3.23529e+01
 58  0.04044 -1.30680e+01 | 59  0.01265 -5.25480e+00 | 60  0.05686 -1.63677e+00
 61  0.09653  8.71316e+00 | 62 -0.04832  6.50509e+00 | 63 -0.03504  5.14564e+00
 64  0.04881  2.14742e+01 | 65 -0.06885  9.93959e+00 | 66 -0.05191  2.03465e+01
 67 -0.02224  2.45843e+01 | 68  0.18911  1.35422e+02 | 69 -0.07776  1.76396e+01
 70 -0.12065  4.89163e+00 | 71 -0.03631  9.77532e+00 | 72 -0.00321  2.22094e+00
 73 -0.01426  2.22567e-01 | 74 -0.01436  1.63067e-01 |
74 variables; iteration 60; function evaluation 81; phase 2
Function value 5.8041743e+02; maximum gradient component mag -2.9748e+02
Var    Value     Gradient |Var    Value     Gradient |Var    Value     Gradient
  1  0.07866 -2.97476e+02 |  2 -0.00158 -1.10756e+00 |  3 -0.01550 -6.65176e-01
  4 -0.01618 -9.73673e-01 |  5 -0.01597 -1.09814e+00 |  6 -0.01325 -6.64695e-01
  7 -0.00990 -1.38478e-01 |  8 -0.00349  1.02906e+00 |  9 -0.00281  7.98810e-01
 10 -0.00456 -4.47838e-02 | 11 -0.00531 -4.99879e-01 | 12 -0.00777 -1.08496e+00
 13 -0.01025 -1.58718e+00 | 14 -0.01289 -2.15456e+00 | 15 -0.01069 -1.91425e+00
 16 -0.00515 -1.08327e+00 | 17 -0.00095 -9.76981e-01 | 18 -0.00015 -1.06711e+00
 19 -0.00965 -3.42682e+00 | 20  0.42609 -1.98860e+01 | 21 -0.02347 -5.00443e+00
 22 -0.01915 -1.45596e+00 | 23 -0.04333 -3.69963e+00 | 24 -0.05314 -1.68878e+00
 25 -0.07522 -2.54594e+00 | 26 -0.09845 -3.30015e+00 | 27 -0.09632  6.06047e+00
 28 -0.13389 -4.10387e+00 | 29 -0.12448  7.70303e-02 | 30 -0.09360 -3.37513e+00
 31  0.02783 -1.36897e+01 | 32 -0.00814 -1.18278e+01 | 33 -0.08467 -8.05854e+00
 34  0.04489 -1.53278e+01 | 35 -0.00636 -2.80787e+01 | 36  0.00850 -1.86439e+01
 37 -0.01828 -4.09084e+01 | 38 -0.02428 -2.86675e+01 | 39 -0.13697 -2.33795e+01
 40 -0.15395 -2.54909e+01 | 41  0.03890 -6.21864e+01 | 42 -0.07867 -6.78999e+01
 43 -0.07453 -2.89142e+01 | 44 -0.14614 -2.02599e+01 | 45 -0.10883 -2.20347e+01
 46 -0.10659 -9.95332e+00 | 47 -0.19829 -7.59370e-01 | 48 -0.20673  1.73831e+00
 49  0.17841  6.18399e+01 | 50 -0.00214  1.60723e+01 | 51 -0.01564  9.02328e+00
 52  0.06100  1.37114e+01 | 53  0.06283  2.44240e+01 | 54  0.07822  1.65235e+01
 55 -0.01560  5.02027e+00 | 56  0.05203  1.36973e+01 | 57  0.13366  2.05629e+01
 58  0.02889  6.93518e+00 | 59  0.03238  1.33804e+01 | 60  0.05751  1.32631e+01
 61  0.10659  2.51837e+01 | 62 -0.05667  4.90924e+00 | 63 -0.02139  8.46074e+00
 64  0.05282  1.36285e+01 | 65 -0.06316  3.70647e+00 | 66 -0.05654  5.95908e+00
 67 -0.00495  1.09101e+01 | 68  0.19319  2.91126e+01 | 69 -0.07651  3.97957e+00
 70 -0.10323  4.26664e+00 | 71 -0.03870  2.34741e+00 | 72  0.01284  4.54477e+00
 73 -0.02333 -2.11664e+00 | 74 -0.02173 -1.74666e+00 |
Maximum number of function evaluations exceeded

 - final statistics:
74 variables; iteration 72; function evaluation 100
Function value 5.7919e+02; maximum gradient component mag -2.4061e+02
Exit code = 3;  converg criter 1.0000e+01
Var    Value     Gradient |Var    Value     Gradient |Var    Value     Gradient
  1  0.08553 -2.40605e+02 |  2  0.00111 -7.22985e-01 |  3 -0.01411 -4.99824e-01
  4 -0.01307 -2.95128e-01 |  5 -0.01108  1.27072e-01 |  6 -0.00902  3.81879e-01
  7 -0.00786  2.64076e-01 |  8 -0.01386 -1.72948e+00 |  9 -0.01560 -2.06151e+00
 10 -0.00684 -3.26853e-01 | 11 -0.00088  5.15697e-01 | 12  0.00016  6.37380e-01
 13 -0.00106  4.65327e-01 | 14 -0.00193  3.10394e-01 | 15 -0.01141 -1.83204e+00
 16 -0.00455 -8.46226e-01 | 17 -0.00277 -1.33771e+00 | 18  0.00424  5.01063e-02
 19 -0.00219 -1.81902e+00 | 20  0.42837 -1.74958e+01 | 21 -0.01736 -3.61070e+00
 22 -0.02766 -3.52765e+00 | 23 -0.03103 -3.98198e-01 | 24 -0.05022 -7.88488e-01
 25 -0.07048 -9.73358e-01 | 26 -0.08886  3.36907e-01 | 27 -0.11976 -3.91021e+00
 28 -0.12457 -2.68172e-02 | 29 -0.13213 -3.00394e+00 | 30 -0.09687 -3.54253e+00
 31  0.04046 -9.42450e+00 | 32 -0.02876 -1.53115e+01 | 33 -0.07496 -6.78703e+00
 34  0.04547 -1.18100e+01 | 35  0.00010 -2.36668e+01 | 36 -0.00296 -1.54488e+01
 37 -0.00700 -3.26817e+01 | 38 -0.03195 -2.50858e+01 | 39 -0.13681 -2.18180e+01
 40 -0.14915 -2.54408e+01 | 41  0.03496 -7.38029e+01 | 42 -0.07840 -7.09001e+01
 43 -0.07918 -2.64436e+01 | 44 -0.14604 -1.51106e+01 | 45 -0.10881 -1.40128e+01
 46 -0.11116 -3.85646e+00 | 47 -0.20033  6.21585e-01 | 48 -0.19974  4.85736e+00
 49  0.17908  3.05615e+01 | 50 -0.00503  7.50369e+00 | 51 -0.00955  3.11547e+00
 52  0.05944 -2.78540e+00 | 53  0.06931  5.00400e+00 | 54  0.06895  1.95819e+00
 55 -0.00241  1.06085e+01 | 56  0.06432  2.51305e+01 | 57  0.11968  3.47655e+01
 58  0.05914  2.93692e+01 | 59  0.02192  2.04791e+01 | 60  0.05282  2.09453e+01
 61  0.11376  4.87835e+01 | 62 -0.05965  1.10548e+01 | 63 -0.02470  1.77818e+01
 64  0.05695  3.88547e+01 | 65 -0.06386  1.16545e+01 | 66 -0.04571  1.23863e+01
 67 -0.01925  1.40028e+00 | 68  0.19742 -6.63521e-01 | 69 -0.08263 -2.69945e+00
 70 -0.10720 -2.00558e+00 | 71 -0.03274 -1.95412e+00 | 72 -0.00033 -7.88862e-01
 73 -0.00922  1.25687e+00 | 74 -0.01004  1.06920e+00 |

Initial statistics: 83 variables; iteration 0; function evaluation 0; phase 3
Function value 5.7919148e+02; maximum gradient component mag 6.0487e+02
Var    Value     Gradient |Var    Value     Gradient |Var    Value     Gradient
  1  0.08553 -2.38674e+02 |  2  0.00000 -5.92543e-01 |  3  0.00111 -4.42620e-01
  4 -0.01411 -3.17336e-01 |  5 -0.01307 -2.22474e-01 |  6 -0.01108  6.73210e-02
  7 -0.00902  3.37479e-01 |  8 -0.00786  3.52573e-01 |  9 -0.01386 -1.33851e+00
 10 -0.01560 -2.07758e+00 | 11 -0.00684 -5.01341e-01 | 12 -0.00088  5.42490e-01
 13  0.00016  7.29495e-01 | 14 -0.00106  5.26294e-01 | 15 -0.00193  3.74498e-01
 16 -0.01141 -1.96673e+00 | 17 -0.00455 -8.36323e-01 | 18 -0.00277 -1.22845e+00
 19  0.00424 -3.12249e-02 | 20 -0.00219 -1.77190e+00 | 21  0.42837 -1.76047e+01
 22 -0.01736 -3.58737e+00 | 23 -0.02766 -3.44957e+00 | 24 -0.03103 -4.09150e-01
 25 -0.05022 -8.29998e-01 | 26 -0.07048 -9.74742e-01 | 27 -0.08886  3.15410e-01
 28 -0.11976 -3.96520e+00 | 29 -0.12457  2.10104e-02 | 30 -0.13213 -3.00957e+00
 31 -0.09687 -3.61071e+00 | 32  0.04046 -9.65560e+00 | 33 -0.02876 -1.55551e+01
 34 -0.07496 -6.76997e+00 | 35  0.04547 -1.19457e+01 | 36  0.00010 -2.35288e+01
 37 -0.00296 -1.52224e+01 | 38 -0.00700 -3.22248e+01 | 39 -0.03195 -2.46148e+01
 40 -0.13681 -2.15359e+01 | 41 -0.14915 -2.52066e+01 | 42  0.03496 -7.27460e+01
 43 -0.07840 -7.04659e+01 | 44 -0.07918 -2.59458e+01 | 45 -0.14604 -1.49090e+01
 46 -0.10881 -1.35621e+01 | 47 -0.11116 -3.63413e+00 | 48 -0.20033  7.16331e-01
 49 -0.19974  4.88153e+00 | 50  0.17908  2.93087e+01 | 51 -0.00503  7.16165e+00
 52 -0.00955  2.90869e+00 | 53  0.05944 -3.04519e+00 | 54  0.06931  4.90964e+00
 55  0.06895  1.92821e+00 | 56 -0.00241  1.07267e+01 | 57  0.06432  2.52680e+01
 58  0.11968  3.45649e+01 | 59  0.05914  2.92540e+01 | 60  0.02192  2.03904e+01
 61  0.05282  2.06880e+01 | 62  0.11376  4.86091e+01 | 63 -0.05965  1.10778e+01
 64 -0.02470  1.78818e+01 | 65  0.05695  3.89232e+01 | 66 -0.06386  1.16810e+01
 67 -0.04571  1.23540e+01 | 68 -0.01925  1.35600e+00 | 69  0.19742 -6.69428e-01
 70 -0.08263 -2.66489e+00 | 71 -0.10720 -2.02027e+00 | 72 -0.03274 -1.92154e+00
 73 -0.00033 -8.79102e-01 | 74 -0.00922  1.31942e+00 | 75 -0.01004  1.10988e+00
 76 -0.38722 -2.13721e+01 | 77 -0.03301  7.13052e+00 | 78 -0.10660  1.27844e+02
 79  0.07752  6.04868e+02 | 80  0.05795 -5.37560e+00 | 81  0.07752 -6.01527e-01
 82 -0.38722 -1.02861e+01 | 83  0.07752  1.74270e+00 |

Intermediate statistics: 83 variables; iteration 20; function evaluation 25; phase 3
Function value 4.9852454e+02; maximum gradient component mag 5.5429e+02
Var    Value     Gradient |Var    Value     Gradient |Var    Value     Gradient
  1  0.19419 -6.07238e+00 |  2  0.00265  1.73659e-01 |  3  0.00282  1.20555e-01
  4 -0.01314  7.90454e-02 |  5 -0.01278  4.55203e-02 |  6 -0.01258 -4.94936e-02
  7 -0.01222 -1.39385e-01 |  8 -0.01139 -1.50840e-01 |  9 -0.00818  3.54620e-01
 10 -0.00598  5.61487e-01 | 11 -0.00642  9.20607e-02 | 12 -0.00659 -2.06630e-01
 13 -0.00680 -2.76304e-01 | 14 -0.00707 -2.50509e-01 | 15 -0.00745 -2.24730e-01
 16 -0.00394  4.22315e-01 | 17 -0.00435  1.09813e-01 | 18 -0.00124  1.91483e-01
 19 -0.00222 -1.40909e-01 | 20  0.00104  2.54930e-01 | 21  0.47976 -8.33102e+00
 22 -0.00352  5.76808e-01 | 23 -0.01398  4.90398e-01 | 24 -0.03223 -6.38589e-01
 25 -0.04847 -6.96640e-01 | 26 -0.06842 -8.77305e-01 | 27 -0.09355 -1.85505e+00
 28 -0.11360 -6.29274e-01 | 29 -0.14169 -3.98963e+00 | 30 -0.15857 -5.05969e+00
 31 -0.16314 -8.60401e+00 | 32 -0.09317 -1.01296e+00 | 33  0.03520  7.91089e+00
 34 -0.11156 -3.81701e+00 | 35  0.02181 -2.76018e+01 | 36  0.03762 -3.59227e+01
 37 -0.04875 -3.86821e+01 | 38  0.04807 -4.12365e+01 | 39 -0.09797 -3.66050e+01
 40 -0.06224 -2.91732e+00 | 41 -0.12041 -1.12482e+01 | 42 -0.05901 -3.82235e+01
 43  0.00791  1.08316e+01 | 44 -0.11073 -1.91577e+01 | 45 -0.16605 -2.52087e+01
 46 -0.15511 -1.79373e+01 | 47 -0.11148  3.30786e+01 | 48 -0.18181  4.64084e+01
 49 -0.24568  3.35801e+01 | 50  0.19611  5.54290e+02 | 51 -0.16692 -9.62176e+00
 52  0.13368  1.40506e+02 | 53 -0.01040 -3.87515e+01 | 54  0.06496 -7.72717e+01
 55  0.12430 -5.61935e+01 | 56 -0.02157 -2.09538e+01 | 57  0.08761 -1.27617e+01
 58  0.11401  6.86688e+00 | 59  0.09238  3.71143e+01 | 60  0.07923  3.37865e+01
 61  0.00730 -6.15576e+00 | 62  0.14457 -2.27270e+01 | 63 -0.03127 -1.16308e+01
 64 -0.02239 -2.16890e+01 | 65  0.06894 -6.61392e+01 | 66 -0.08228 -2.63508e+01
 67 -0.01650 -1.97281e+01 | 68  0.00140 -2.29250e+01 | 69  0.16649 -1.75066e+02
 70  0.09187 -3.81339e+01 | 71 -0.11189  2.90321e+00 | 72  0.01807  3.03649e+01
 73 -0.03598 -2.23899e+00 | 74 -0.01583 -4.35570e-01 | 75 -0.01523 -3.55665e-01
 76 -0.44232  3.46467e+00 | 77 -0.07476  5.51805e+00 | 78 -0.23479 -4.09980e+02
 79 -0.14158  1.59423e+02 | 80  0.07938 -2.45719e+00 | 81  0.10635 -5.90507e-01
 82 -0.28427 -2.20953e+01 | 83  0.04830  1.19911e+01 |
83 variables; iteration 40; function evaluation 56; phase 3
Function value 4.7682505e+02; maximum gradient component mag 7.6705e+02
Var    Value     Gradient |Var    Value     Gradient |Var    Value     Gradient
  1  0.17956 -6.49975e+01 |  2  0.00806  1.56038e+00 |  3  0.00613  1.00304e+00
  4 -0.01147  5.68443e-01 |  5 -0.01274  1.65492e-01 |  6 -0.01661 -8.81889e-01
  7 -0.02015 -1.88367e+00 |  8 -0.02019 -2.07877e+00 |  9  0.00320  3.22667e+00
 10  0.01394  5.42460e+00 | 11 -0.00718  2.07357e-01 | 12 -0.02129 -3.25639e+00
 13 -0.02430 -3.89314e+00 | 14 -0.02235 -3.28013e+00 | 15 -0.02215 -2.95697e+00
 16  0.00932  4.40469e+00 | 17 -0.00753  4.74372e-01 | 18 -0.00237  1.34975e+00
 19 -0.02145 -2.86568e+00 | 20  0.00236  2.67455e+00 | 21  0.48732  4.36264e+01
 22  0.01838  8.65916e+00 | 23  0.00690  8.94379e+00 | 24 -0.03470  1.45980e+00
 25 -0.04322  3.80702e+00 | 26 -0.05944  5.12142e+00 | 27 -0.08529  3.98805e+00
 28 -0.10218  7.24766e+00 | 29 -0.13329  3.71181e+00 | 30 -0.15638  3.35677e+00
 31 -0.17298 -7.04560e-01 | 32 -0.08095  3.25361e+01 | 33  0.02843  3.43705e+01
 34 -0.03257 -9.83727e+00 | 35 -0.05061 -1.42909e+02 | 36  0.09012 -3.81765e+02
 37 -0.04644 -2.13483e+02 | 38  0.01554 -3.75901e+02 | 39  0.00257 -1.72184e+02
 40 -0.11764 -7.26100e+01 | 41 -0.08249 -2.32834e+00 | 42 -0.02631  3.68511e+01
 43  0.02266  1.90384e+01 | 44 -0.18467 -6.59238e+01 | 45 -0.11963 -7.76212e+01
 46 -0.25820 -6.62999e+01 | 47 -0.08474  3.25981e+01 | 48 -0.17208  2.66860e+01
 49 -0.25381 -8.69038e+00 | 50  0.18290 -4.36547e+02 | 51 -0.07327 -4.34408e+01
 52  0.14086 -5.39165e+01 | 53 -0.07941 -3.80739e+01 | 54  0.13153  1.70927e+02
 55  0.11291  9.73815e+01 | 56 -0.03402  1.87211e+01 | 57  0.13655  1.77538e+02
 58  0.08068  6.54306e+01 | 59  0.08815  2.46746e+02 | 60  0.17331  7.67054e+02
 61 -0.08008  3.93799e+01 | 62  0.14478  6.21925e+01 | 63 -0.00696  1.65605e+01
 64 -0.04485  3.35285e+01 | 65  0.10475  2.45407e+02 | 66 -0.08996  2.88262e+01
 67 -0.00620  1.59213e+01 | 68 -0.00237 -5.98991e+01 | 69  0.15811 -2.50140e+02
 70  0.12152  3.35318e+01 | 71 -0.10252  3.73378e+01 | 72  0.05245  1.51797e+02
 73 -0.09269 -1.10198e+01 | 74 -0.02866 -3.65420e+00 | 75 -0.02518 -2.87911e+00
 76 -0.56917 -4.84701e+02 | 77 -0.74468  5.73510e+00 | 78 -0.23687  2.05154e+02
 79 -0.13804  2.71133e+01 | 80  0.79148 -5.34622e-01 | 81  1.08144 -2.53842e-02
 82  0.10253 -2.75677e+02 | 83 -0.20223  9.43653e+01 |
83 variables; iteration 60; function evaluation 81; phase 3
Function value 4.5479394e+02; maximum gradient component mag -5.3735e+02
Var    Value     Gradient |Var    Value     Gradient |Var    Value     Gradient
  1  0.17047 -6.74805e+01 |  2  0.02103  4.64673e+00 |  3  0.01804  3.83734e+00
  4 -0.00127  3.01012e+00 |  5 -0.00283  2.55103e+00 |  6 -0.00902  9.51781e-01
  7 -0.01507 -6.53119e-01 |  8 -0.01538 -9.17180e-01 |  9  0.02303  7.89432e+00
 10  0.03480  1.02437e+01 | 11  0.00515  3.06674e+00 | 12 -0.01308 -1.33524e+00
 13 -0.01893 -2.59217e+00 | 14 -0.02062 -2.78344e+00 | 15 -0.02639 -3.82009e+00
 16  0.02148  7.50247e+00 | 17 -0.00441  1.40236e+00 | 18  0.00611  3.53829e+00
 19 -0.03061 -4.75009e+00 | 20  0.00610  4.10629e+00 | 21  0.46721  6.60520e+01
 22  0.00039  5.54604e+00 | 23 -0.05450 -6.05309e+00 | 24 -0.01289  1.07617e+01
 25 -0.04584  6.13676e+00 | 26 -0.06826  5.59973e+00 | 27 -0.09028  6.31520e+00
 28 -0.10466  1.13904e+01 | 29 -0.15328 -8.94911e-01 | 30 -0.13777  2.03213e+01
 31 -0.13674  2.73949e+01 | 32 -0.05014  6.71557e+01 | 33 -0.00112  3.23370e+01
 34 -0.03638 -2.54458e+01 | 35 -0.06945 -1.37693e+02 | 36  0.06481 -1.79639e+02
 37  0.02688 -1.47711e+02 | 38 -0.04672 -1.66947e+02 | 39  0.01017 -7.75720e+01
 40 -0.12884 -4.42681e+01 | 41 -0.09584 -4.61416e+00 | 42 -0.03632 -2.49486e+01
 43 -0.01242 -5.82697e+01 | 44 -0.14184 -4.86244e+01 | 45 -0.13134 -1.26039e+01
 46 -0.18340 -3.57714e+01 | 47 -0.12786 -4.54162e+01 | 48 -0.18713 -3.44259e+01
 49 -0.25614 -2.91982e+01 | 50  0.16343 -5.37350e+02 | 51  0.00981 -3.27031e+01
 52  0.09375 -1.12954e+02 | 53 -0.02648 -4.74260e+01 | 54  0.11662  1.86357e+02
 55  0.10371  1.14137e+02 | 56 -0.03791  1.59337e+01 | 57  0.10795  1.32624e+02
 58  0.10727  9.04458e+01 | 59  0.04992  1.15102e+02 | 60  0.13819  4.13539e+02
 61 -0.04437  4.70753e+01 | 62  0.14050  7.45930e+01 | 63 -0.04350  5.75686e+00
 64 -0.03357  3.19832e+01 | 65  0.08552  1.52744e+02 | 66 -0.08993  8.27367e+00
 67 -0.03495 -2.08888e+01 | 68 -0.01945 -2.88360e+01 | 69  0.17525 -1.52786e+01
 70  0.08505  5.84145e+01 | 71 -0.14907  2.33144e+00 | 72  0.03823  1.12001e+02
 73 -0.04355  5.38234e+00 | 74 -0.03768 -5.78893e+00 | 75 -0.03249 -4.59630e+00
 76 -0.56832 -3.36953e+02 | 77 -0.75225  4.17165e+00 | 78 -0.22824  3.83734e+02
 79 -0.12078 -1.44732e+00 | 80  1.96178  3.57735e+00 | 81  1.84856 -1.78015e+00
 82  0.12581 -2.32475e+02 | 83 -0.12654  1.16581e+02 |
83 variables; iteration 80; function evaluation 115; phase 3
Function value 4.1244230e+02; maximum gradient component mag -5.1496e+02
Var    Value     Gradient |Var    Value     Gradient |Var    Value     Gradient
  1  0.20536 -1.09495e+01 |  2 -0.03513 -9.03205e+00 |  3 -0.03677 -9.51714e+00
  4 -0.03258 -4.70074e+00 |  5 -0.00034  2.89499e+00 |  6  0.01217  5.65096e+00
  7 -0.01220 -3.47632e-01 |  8 -0.03078 -4.95690e+00 |  9 -0.01133 -6.99438e-01
 10 -0.02385 -3.96013e+00 | 11 -0.01920 -3.33603e+00 | 12 -0.00803 -1.20807e+00
 13 -0.01719 -3.30305e+00 | 14 -0.02555 -5.09821e+00 | 15 -0.04847 -1.01817e+01
 16  0.01260  3.05550e+00 | 17  0.09381  1.79480e+01 | 18 -0.02007 -5.36594e+00
 19  0.07794  1.25737e+01 | 20 -0.03567 -9.54793e+00 | 21  0.48119 -7.25425e+01
 22 -0.08844 -2.04577e+01 | 23 -0.07564 -1.64310e+01 | 24 -0.08700 -1.67921e+01
 25 -0.02180  5.55322e+00 | 26 -0.09325 -9.69014e+00 | 27 -0.12604 -1.29483e+01
 28 -0.14413 -1.03178e+01 | 29 -0.15101 -1.21460e+00 | 30 -0.17748  8.51295e-01
 31 -0.19373  3.97753e+00 | 32 -0.14672  2.68244e+01 | 33  0.01856  8.06991e+01
 34 -0.09618  1.87486e+01 | 35  0.01981  8.20821e+00 | 36  0.03543  1.42205e+01
 37  0.07629  3.76127e+01 | 38 -0.06365 -1.14213e+02 | 39  0.05150  6.94326e+00
 40 -0.13186 -5.88792e+01 | 41 -0.16674 -4.39937e+01 | 42 -0.01727  3.99846e+00
 43 -0.03786 -5.37355e+01 | 44 -0.08181 -4.83494e+01 | 45 -0.14611 -6.99591e+00
 46 -0.20574 -2.85711e+01 | 47 -0.13071 -9.61992e+00 | 48 -0.18060 -1.67957e+01
 49 -0.33690 -3.01120e+01 | 50  0.15645 -1.45971e+02 | 51  0.06532 -5.89330e+01
 52  0.08645 -3.82423e+01 | 53  0.07832 -1.53749e+01 | 54  0.06308  1.21004e+01
 55  0.13195  9.00520e+00 | 56  0.02102 -3.89361e+00 | 57  0.08667  2.11695e+01
 58  0.11781 -1.72178e+01 | 59  0.08604  3.19960e+00 | 60  0.11844  8.14361e+01
 61 -0.03469 -6.44529e+00 | 62  0.14966  5.51615e+01 | 63  0.02759  3.57169e+01
 64 -0.04470  2.36314e+01 | 65  0.07889  9.67705e+01 | 66 -0.04392  3.15690e+01
 67 -0.01695  1.03349e+01 | 68 -0.08729 -2.13999e+01 | 69  0.17203  1.41283e+02
 70  0.14354  1.07248e+02 | 71 -0.07038  3.86493e+01 | 72 -0.00086  3.18398e+01
 73 -0.03693 -1.49517e+00 | 74 -0.03971 -6.39166e+00 | 75 -0.03867 -6.18897e+00
 76 -0.55713 -1.68072e+01 | 77 -0.53992 -1.79503e+00 | 78 -0.31467  7.29583e+00
 79 -0.23830  3.38043e+01 | 80  0.10288 -8.71333e-01 | 81  1.43920 -3.05856e-02
 82  0.15535 -5.14961e+02 | 83 -0.14988  8.32436e+01 |
83 variables; iteration 100; function evaluation 141; phase 3
Function value 3.6494420e+02; maximum gradient component mag -2.5547e+02
Var    Value     Gradient |Var    Value     Gradient |Var    Value     Gradient
  1  0.23330 -1.64963e+01 |  2  0.03422  7.89217e+00 |  3  0.07705  1.78293e+01
  4  0.02869  1.01280e+01 |  5 -0.02380 -2.64513e+00 |  6 -0.10461 -2.19334e+01
  7 -0.03565 -5.84544e+00 |  8 -0.04345 -7.92562e+00 |  9 -0.01703 -1.93607e+00
 10  0.00635  3.19997e+00 | 11 -0.08257 -1.76334e+01 | 12  0.01341  4.03947e+00
 13  0.01127  3.65023e+00 | 14  0.08078  1.88383e+01 | 15 -0.05081 -1.00492e+01
 16  0.00860  3.55635e+00 | 17  0.01195  3.99963e+00 | 18 -0.00076  5.10825e-01
 19  0.01266  3.56303e+00 | 20 -0.02477 -4.88517e+00 | 21  0.45761  1.99100e+01
 22 -0.00226  2.29812e+00 | 23 -0.01990  1.10807e+00 | 24 -0.02199  5.51006e+00
 25 -0.06094 -4.37815e-01 | 26 -0.07713  1.77739e+00 | 27 -0.10256  2.30091e+00
 28 -0.13835 -5.65458e-01 | 29 -0.18098 -6.07707e+00 | 30 -0.20045 -9.67687e-02
 31 -0.22210 -1.60953e+00 | 32 -0.19068  3.80851e+00 | 33 -0.00202 -6.07388e+00
 34 -0.09606 -1.17722e+01 | 35  0.02467 -6.12016e+01 | 36  0.02692 -1.23555e+02
 37  0.06317 -1.93316e+02 | 38 -0.04983 -2.55466e+02 | 39  0.02429 -2.08564e+02
 40 -0.12137 -9.71356e+01 | 41 -0.13404 -5.45603e+01 | 42 -0.06359 -5.62779e+01
 43 -0.03825 -4.30948e+01 | 44 -0.07118 -2.87662e+00 | 45 -0.20392 -1.53070e+01
 46 -0.18022 -5.79500e-02 | 47 -0.16295 -4.87795e+00 | 48 -0.17312  1.68004e+01
 49 -0.28443  1.57692e+01 | 50  0.14840  1.29808e+02 | 51  0.07315  1.52452e+01
 52  0.07590  3.18513e+01 | 53  0.08464  8.55006e+01 | 54  0.05793  7.40561e+01
 55  0.12506  7.02953e+01 | 56  0.01680  2.55342e+01 | 57  0.08749  1.11428e+02
 58  0.11020  7.78528e+01 | 59  0.09064  7.26838e+01 | 60  0.10712  1.41549e+02
 61 -0.01739  2.40738e+01 | 62  0.14293  6.44411e+01 | 63  0.00709 -4.23729e+00
 64 -0.05151  2.50905e+00 | 65  0.06664  3.62068e+01 | 66 -0.06802  4.80424e+00
 67 -0.03246  2.88583e+01 | 68 -0.02376  3.09686e+01 | 69  0.13706 -1.38966e+01
 70  0.15010 -4.53759e+01 | 71 -0.11858 -7.87711e-01 | 72  0.00891  4.83508e+01
 73 -0.02661  5.42498e+00 | 74  0.03976  1.32457e+01 | 75 -0.04586 -7.88986e+00
 76 -0.54900 -3.17292e+01 | 77 -0.43786  6.65537e-01 | 78 -0.34084 -1.61498e+02
 79 -0.31604  4.29887e+01 | 80  0.01966 -2.37316e+00 | 81  1.45561 -3.24689e-02
 82  0.22385 -1.35032e+02 | 83 -0.17236  7.18288e+01 |
83 variables; iteration 120; function evaluation 165; phase 3
Function value 2.7159061e+02; maximum gradient component mag -2.8790e+02
Var    Value     Gradient |Var    Value     Gradient |Var    Value     Gradient
  1  0.07274 -2.87902e+02 |  2 -0.01045 -3.15681e+00 |  3  0.00153 -3.76009e-01
  4 -0.00073  2.87411e+00 |  5 -0.01551 -8.13412e-01 |  6  0.01016  5.11798e+00
  7 -0.01936 -2.06644e+00 |  8 -0.00470  1.16160e+00 |  9 -0.00271  1.33955e+00
 10 -0.01555 -1.94820e+00 | 11  0.00470  2.25749e+00 | 12  0.00216  1.33783e+00
 13  0.00050  1.04695e+00 | 14 -0.00649 -2.01485e-01 | 15  0.01067  4.07667e+00
 16 -0.00122  1.36737e+00 | 17 -0.00703 -5.25772e-02 | 18  0.00129  1.11643e+00
 19 -0.00116  9.89157e-01 | 20  0.00258  1.87432e+00 | 21  0.42146  4.16239e+01
 22 -0.01330  1.29964e+00 | 23 -0.03134  3.63849e-01 | 24 -0.04626  1.25145e+00
 25 -0.06443  2.33606e+00 | 26 -0.09745 -4.20720e-01 | 27 -0.12900 -1.08753e+00
 28 -0.16342 -1.46718e+00 | 29 -0.19885 -1.39044e+00 | 30 -0.23182 -2.07350e+00
 31 -0.24377 -5.77077e-01 | 32 -0.20930  5.60388e+00 | 33  0.02688  1.47441e+00
 34 -0.06473 -1.69105e+01 | 35  0.01877 -6.03032e+01 | 36  0.06943 -8.40164e+01
 37 -0.01460 -6.44094e+01 | 38  0.10067 -1.05803e+02 | 39 -0.06371 -6.13889e+01
 40 -0.02977 -7.15412e+01 | 41 -0.15094 -4.92670e+01 | 42 -0.04322 -1.10433e+02
 43 -0.05582 -1.48427e+02 | 44 -0.04935 -1.00705e+02 | 45 -0.17933 -5.52090e+01
 46 -0.14707 -6.23679e+01 | 47 -0.16909 -8.39351e+01 | 48 -0.13340 -4.51903e+01
 49 -0.29774 -2.66200e+00 | 50  0.14208  8.32774e+01 | 51  0.08266  1.27036e+01
 52  0.07440  1.16208e+01 | 53  0.06733  1.91147e+00 | 54  0.05138  2.22522e+01
 55  0.11578  3.77486e+01 | 56  0.02602  1.83311e+01 | 57  0.06888  6.54249e+01
 58  0.10497  5.96354e+01 | 59  0.09582  5.83249e+01 | 60  0.08499  6.68666e+01
 61 -0.00271  2.58776e+01 | 62  0.13013  9.47569e+01 | 63  0.02849  2.89519e+01
 64 -0.05885  7.83485e+00 | 65  0.05219  1.75143e+01 | 66 -0.05242  1.07947e+01
 67 -0.03667  2.55054e+01 | 68 -0.04694  2.61938e+01 | 69  0.13252  1.03501e+02
 70  0.15028  6.54648e+01 | 71 -0.11512  7.15425e+00 | 72 -0.01121  3.16662e+01
 73 -0.02240  4.05754e+00 | 74 -0.02258 -1.94020e+00 | 75 -0.00582  2.10686e+00
 76 -0.51128  1.12997e+01 | 77 -0.24726  9.86368e-01 | 78 -0.36307  2.57231e+01
 79 -0.43783  2.77650e+00 | 80  1.68231  3.57347e+00 | 81  1.83311 -4.98363e+00
 82  0.32697 -8.53686e+00 | 83 -0.31787  3.55449e-01 |
83 variables; iteration 140; function evaluation 190; phase 3
Function value 1.5721470e+02; maximum gradient component mag -6.3867e+03
Var    Value     Gradient |Var    Value     Gradient |Var    Value     Gradient
  1  0.01473 -6.38667e+03 |  2 -0.01051 -3.84309e+00 |  3 -0.01993 -6.25679e+00
  4 -0.02912 -4.70057e+00 |  5 -0.00843 -1.36225e-01 |  6  0.02005  5.99408e+00
  7  0.01692  4.87783e+00 |  8 -0.00383 -1.49669e-01 |  9 -0.00015  1.80802e-01
 10 -0.01917 -4.46934e+00 | 11  0.03697  6.31565e+00 | 12 -0.00123 -2.04374e+00
 13  0.02331  2.69870e+00 | 14 -0.01171 -3.68689e+00 | 15  0.02627  4.58732e+00
 16 -0.01606 -4.48278e+00 | 17 -0.00445 -2.80422e+00 | 18  0.03297  1.78355e+00
 19  0.02929  1.26395e+00 | 20  0.07235  5.56536e+00 | 21  0.24169 -6.84898e-01
 22 -0.01622 -5.97676e+00 | 23 -0.01817 -2.74868e+00 | 24 -0.05407 -6.47645e+00
 25 -0.06154 -1.49370e+00 | 26 -0.09826 -3.19167e+00 | 27 -0.13523 -5.70741e+00
 28 -0.16135 -4.60006e+00 | 29 -0.19480 -6.58484e+00 | 30 -0.23090 -1.14565e+01
 31 -0.23862 -1.22618e+01 | 32 -0.24342 -1.60092e+01 | 33  0.07920 -1.05122e+02
 34 -0.09824 -1.50721e+02 | 35  0.01634 -2.91259e+02 | 36  0.05247 -5.63080e+02
 37 -0.13760 -2.21410e+02 | 38  0.11614 -7.79385e+02 | 39 -0.14612 -1.71597e+02
 40 -0.00406 -2.74339e+02 | 41 -0.00163 -3.14247e+02 | 42 -0.12581 -3.15795e+02
 43  0.05081 -5.65892e+02 | 44 -0.07418 -2.75559e+02 | 45 -0.03091 -3.68135e+02
 46 -0.06642 -3.31802e+02 | 47 -0.09331 -1.44605e+02 | 48 -0.04195 -6.02141e+01
 49 -0.30436  2.32184e+00 | 50  0.11428  3.67979e+02 | 51  0.01725  2.95898e+01
 52  0.00977  2.82120e+01 | 53  0.00753  4.87368e+01 | 54 -0.01407  2.91405e+01
 55  0.04487  7.88238e+01 | 56 -0.01846  1.11632e+02 | 57  0.01723  1.92276e+02
 58  0.05064  1.00243e+02 | 59  0.03368  3.18209e+01 | 60  0.04273  8.95078e+01
 61 -0.04716  3.65081e+01 | 62  0.06604  1.03410e+02 | 63 -0.01036  3.05047e+01
 64 -0.08513  1.42915e+01 | 65  0.00167  2.12671e+01 | 66 -0.06858  2.64734e+01
 67 -0.06322  2.69490e+01 | 68 -0.08770  3.31243e+01 | 69  0.08174  2.31216e+02
 70  0.06122  6.47875e+01 | 71 -0.13738  3.33722e+01 | 72 -0.05230  7.45141e+01
 73 -0.06368  6.22695e+00 | 74 -0.03536 -3.26006e+00 | 75 -0.01256  1.95983e+00
 76 -0.45525 -9.30434e+01 | 77  1.45656 -3.80014e-02 | 78 -0.33030 -2.11065e+02
 79 -0.38906 -5.68037e-02 | 80  0.98323 -1.19573e+00 | 81  1.29320 -1.40864e+00
 82  0.38338 -1.91733e-02 | 83 -0.48592 -3.00528e-03 |
83 variables; iteration 160; function evaluation 223; phase 3
Function value 6.5049267e+01; maximum gradient component mag 2.6458e+04
Var    Value     Gradient |Var    Value     Gradient |Var    Value     Gradient
  1  0.01560  2.64576e+04 |  2  0.00631  2.32058e+01 |  3  0.00662  2.78652e+01
  4 -0.01879  2.51100e+01 |  5 -0.00942  3.48467e+01 |  6 -0.03660  2.68299e+01
  7 -0.01264  4.65274e+01 |  8 -0.01463  5.34219e+01 |  9 -0.00860  6.71716e+01
 10  0.00804  9.25239e+01 | 11 -0.00653  9.15559e+01 | 12 -0.01429  9.63965e+01
 13 -0.00199  1.24320e+02 | 14 -0.01810  1.20774e+02 | 15 -0.03214  1.20720e+02
 16 -0.00979  1.69452e+02 | 17 -0.00860  1.95861e+02 | 18 -0.00956  2.17598e+02
 19 -0.02435  2.08387e+02 | 20 -0.07216  1.44888e+02 | 21  0.11560  7.77485e+02
 22  0.00078  3.18019e+02 | 23 -0.02743  2.52636e+02 | 24 -0.03374  2.42925e+02
 25 -0.05322  2.05448e+02 | 26 -0.05968  2.00865e+02 | 27 -0.06852  1.82746e+02
 28 -0.08126  1.57024e+02 | 29 -0.10839  1.19882e+02 | 30 -0.13846  9.50320e+01
 31 -0.14610  9.17550e+01 | 32 -0.20351  5.65428e+01 | 33  0.07421  9.75804e+02
 34 -0.06998  3.17351e+02 | 35 -0.03856  3.32333e+02 | 36  0.04634  6.54654e+02
 37 -0.32872 -4.84774e+01 | 38  0.09762  1.29265e+03 | 39 -0.08713  2.90147e+02
 40 -0.02153  5.02491e+02 | 41 -0.01530  6.98128e+02 | 42  0.00258  6.09077e+02
 43  0.00466  5.55878e+02 | 44 -0.03211  3.16800e+02 | 45 -0.04321  2.81057e+02
 46 -0.02298  3.80810e+02 | 47 -0.12044  1.77506e+02 | 48 -0.01993  4.44332e+02
 49 -0.31410  1.82790e+01 | 50  0.07932 -5.26081e+00 | 51 -0.02832  1.20892e+01
 52 -0.04394  2.42840e+01 | 53 -0.05517  3.39858e+01 | 54 -0.05627  4.77248e+01
 55 -0.00420  5.97336e+01 | 56 -0.07213  4.11338e+01 | 57 -0.04029  6.94888e+01
 58  0.01477  8.55985e+01 | 59 -0.00529  7.02581e+01 | 60  0.00095  1.00697e+02
 61 -0.08857  2.06301e+01 | 62  0.01695  4.80596e+01 | 63 -0.04623  3.85785e+01
 64 -0.11701  3.45532e+01 | 65 -0.02743  4.69840e+01 | 66 -0.11558 -9.56221e+00
 67 -0.08561 -1.09239e+01 | 68 -0.09671 -7.79044e+00 | 69  0.01928 -1.91643e+01
 70  0.00902  1.36359e+01 | 71 -0.20779  2.71870e+00 | 72 -0.10900  3.30179e+00
 73 -0.07474 -6.31417e+00 | 74 -0.02307  2.26667e+00 | 75 -0.03359 -6.14159e-01
 76 -0.44249  2.61504e+03 | 77  2.50704  1.88170e+01 | 78 -0.26498  1.03810e+03
 79 -0.19610 -1.22418e+02 | 80  1.21129 -1.00514e+01 | 81  0.93068 -9.46751e-03
 82  0.40923 -7.91207e-02 | 83 -0.56659 -3.87853e-03 |
83 variables; iteration 180; function evaluation 247; phase 3
Function value 4.6877274e+01; maximum gradient component mag 4.6479e+04
Var    Value     Gradient |Var    Value     Gradient |Var    Value     Gradient
  1  0.01708  4.64787e+04 |  2 -0.00338  5.07857e+01 |  3 -0.00277  6.18638e+01
  4 -0.02100  6.36909e+01 |  5 -0.02358  7.39782e+01 |  6 -0.03112  8.10544e+01
  7 -0.02324  1.04772e+02 |  8 -0.02097  1.26174e+02 |  9 -0.02626  1.40018e+02
 10 -0.02266  1.67775e+02 | 11 -0.02312  1.92298e+02 | 12 -0.02177  2.22823e+02
 13 -0.02131  2.53398e+02 | 14 -0.03115  2.60702e+02 | 15 -0.04210  2.68762e+02
 16 -0.02361  3.55379e+02 | 17 -0.02313  4.05617e+02 | 18 -0.02718  4.37907e+02
 19 -0.04649  4.00389e+02 | 20 -0.06682  3.66309e+02 | 21  0.08947  1.41394e+03
 22 -0.01746  6.05804e+02 | 23 -0.02463  5.78544e+02 | 24 -0.03443  5.48694e+02
 25 -0.04286  5.27357e+02 | 26 -0.03925  5.81889e+02 | 27 -0.03313  6.23278e+02
 28 -0.04403  5.51638e+02 | 29 -0.08614  3.67526e+02 | 30 -0.12958  2.49474e+02
 31 -0.15024  2.02604e+02 | 32 -0.16667  2.18417e+02 | 33  0.06863  2.17064e+03
 34 -0.05854  8.07893e+02 | 35 -0.05255  7.25639e+02 | 36  0.04319  1.63433e+03
 37 -0.23863  6.72058e+01 | 38  0.09139  1.92597e+03 | 39 -0.09053  4.00782e+02
 40  0.00160  7.75670e+02 | 41 -0.05800  4.12997e+02 | 42  0.02373  8.84689e+02
 43 -0.01066  6.93911e+02 | 44 -0.01871  6.76774e+02 | 45 -0.04856  4.99189e+02
 46 -0.01742  5.52031e+02 | 47 -0.12949  1.74717e+02 | 48 -0.01627  3.35773e+02
 49 -0.32632  1.43300e+01 | 50  0.07030  6.11184e+01 | 51 -0.01720 -2.69668e+01
 52 -0.05890 -3.16902e+01 | 53 -0.05892 -2.01318e+01 | 54 -0.06437  1.54188e+01
 55 -0.00719 -2.27867e+00 | 56 -0.08636 -1.38564e+01 | 57 -0.03752  2.26931e+01
 58 -0.00403 -1.97410e+00 | 59  0.01216  1.64853e+00 | 60 -0.03335 -6.62657e+01
 61 -0.06708 -1.73465e+01 | 62  0.00481 -3.00234e+01 | 63 -0.04497 -2.17591e+01
 64 -0.11705 -7.62893e+00 | 65 -0.04522 -5.04851e+01 | 66 -0.09662 -1.39202e+01
 67 -0.09635 -2.35453e+01 | 68 -0.10298 -2.02593e+01 | 69  0.00990 -5.04594e+01
 70  0.00546 -5.08759e+01 | 71 -0.21521 -7.59419e+00 | 72 -0.11646  8.72914e+00
 73 -0.06621  3.35173e+00 | 74 -0.03137  8.41500e-01 | 75 -0.03212  3.21082e-01
 76 -0.44394  4.28233e+03 | 77  2.75551  4.87074e+00 | 78 -0.27533  1.27070e+03
 79 -0.16157 -6.16323e+02 | 80  0.81554  3.78134e+01 | 81  0.57320 -9.26268e+00
 82  0.42151 -6.33989e-01 | 83 -0.53047 -3.24790e-03 |
83 variables; iteration 200; function evaluation 270; phase 3
Function value 2.9383325e+01; maximum gradient component mag 6.5905e+04
Var    Value     Gradient |Var    Value     Gradient |Var    Value     Gradient
  1  0.02164  6.59051e+04 |  2 -0.00352  7.61787e+01 |  3 -0.00322  9.28095e+01
  4 -0.01771  1.00137e+02 |  5 -0.02789  1.08167e+02 |  6 -0.02940  1.27497e+02
  7 -0.02682  1.55642e+02 |  8 -0.01534  2.04669e+02 |  9 -0.02972  2.10609e+02
 10 -0.04072  2.21933e+02 | 11 -0.02800  2.89561e+02 | 12 -0.01689  3.68394e+02
 13 -0.02875  3.79404e+02 | 14 -0.03461  4.08448e+02 | 15 -0.04034  4.44275e+02
 16 -0.03901  5.05594e+02 | 17 -0.02545  6.46645e+02 | 18 -0.03526  6.64403e+02
 19 -0.04764  6.42310e+02 | 20 -0.05116  6.67479e+02 | 21  0.03151  1.38037e+03
 22 -0.03575  7.85723e+02 | 23 -0.04096  7.63795e+02 | 24 -0.05537  7.07537e+02
 25 -0.04318  8.38671e+02 | 26 -0.03995  9.57719e+02 | 27 -0.03011  1.07808e+03
 28 -0.02979  1.03696e+03 | 29 -0.08501  5.92013e+02 | 30 -0.11249  4.36257e+02
 31 -0.15382  2.82036e+02 | 32 -0.17078  3.02153e+02 | 33  0.06676  3.56448e+03
 34 -0.06806  1.25071e+03 | 35 -0.04074  1.41352e+03 | 36  0.01641  2.29971e+03
 37 -0.12982  5.12448e+02 | 38  0.07067  2.81763e+03 | 39 -0.07901  7.02936e+02
 40 -0.01378  1.10883e+03 | 41 -0.04448  7.76480e+02 | 42  0.00779  9.52200e+02
 43 -0.01529  6.41092e+02 | 44 -0.02775  4.85065e+02 | 45 -0.05591  2.92057e+02
 46 -0.02422  3.48921e+02 | 47 -0.13667  1.20544e+02 | 48 -0.02307  2.11123e+02
 49 -0.34981  4.33019e+00 | 50  0.05938  1.05031e+02 | 51 -0.03470 -1.42379e+00
 52 -0.05856  2.39350e+01 | 53 -0.06977 -2.32790e+01 | 54 -0.08672 -6.32969e+01
 55 -0.02106 -6.21550e+01 | 56 -0.08062 -2.82153e+01 | 57 -0.06674 -4.74656e+01
 58 -0.00655 -6.16738e+01 | 59 -0.01238 -5.23897e+01 | 60 -0.02858 -6.74771e+01
 61 -0.08596 -2.67728e+01 | 62 -0.01056 -4.45167e+01 | 63 -0.04822 -2.19711e+01
 64 -0.13590 -1.01505e+01 | 65 -0.05288 -3.07568e+01 | 66 -0.11335 -1.23054e+01
 67 -0.10176 -1.11920e+01 | 68 -0.11843 -9.44480e+00 | 69 -0.00425  1.69188e+00
 70 -0.00525 -4.39404e+01 | 71 -0.21213 -4.98593e+00 | 72 -0.13220 -1.23494e+00
 73 -0.07899 -9.60516e-01 | 74 -0.04147 -7.33693e-01 | 75 -0.03853 -4.19553e-01
 76 -0.44413  4.50222e+03 | 77  2.82918  2.41355e+00 | 78 -0.29936  8.57617e+02
 79 -0.23255 -3.16344e+02 | 80  0.23564  5.16140e+02 | 81  0.18821 -6.81548e+02
 82  0.43930 -2.67652e+01 | 83 -0.41457  1.32231e+00 |
83 variables; iteration 220; function evaluation 293; phase 3
Function value 1.7001363e+01; maximum gradient component mag 3.6486e+04
Var    Value     Gradient |Var    Value     Gradient |Var    Value     Gradient
  1  0.02103  3.64859e+04 |  2 -0.00331  4.96068e+01 |  3 -0.00792  5.69913e+01
  4 -0.02674  5.85498e+01 |  5 -0.02266  7.40874e+01 |  6 -0.02761  8.39460e+01
  7 -0.03338  9.40931e+01 |  8 -0.03066  1.15164e+02 |  9 -0.02204  1.48016e+02
 10 -0.02938  1.60990e+02 | 11 -0.03832  1.71939e+02 | 12 -0.01968  2.35964e+02
 13 -0.03313  2.38892e+02 | 14 -0.03675  2.63169e+02 | 15 -0.04361  2.84035e+02
 16 -0.04063  3.28984e+02 | 17 -0.02612  4.27412e+02 | 18 -0.03687  4.36456e+02
 19 -0.04929  4.24117e+02 | 20 -0.05031  4.55234e+02 | 21  0.06708  1.25950e+03
 22 -0.03994  5.22119e+02 | 23 -0.04827  4.84350e+02 | 24 -0.06019  4.45794e+02
 25 -0.05583  4.84751e+02 | 26 -0.05003  5.59024e+02 | 27 -0.03703  6.41452e+02
 28 -0.05028  5.48427e+02 | 29 -0.07811  4.02695e+02 | 30 -0.10742  3.07198e+02
 31 -0.12216  2.57003e+02 | 32 -0.16153  2.01695e+02 | 33  0.06771  1.72013e+03
 34 -0.07783  5.26733e+02 | 35 -0.03109  6.06878e+02 | 36  0.00338  8.14005e+02
 37 -0.09065  2.39556e+02 | 38  0.06017  1.09564e+03 | 39 -0.06408  3.67017e+02
 40 -0.02394  5.25524e+02 | 41 -0.03660  5.47028e+02 | 42  0.00257  6.47995e+02
 43 -0.01067  5.55511e+02 | 44 -0.03265  4.10673e+02 | 45 -0.05352  3.03150e+02
 46 -0.02429  3.61097e+02 | 47 -0.13886  6.57320e+01 | 48 -0.02377  1.38023e+02
 49 -0.34231 -1.20117e+00 | 50  0.06192 -1.00229e+02 | 51 -0.03225 -5.09243e+01
 52 -0.07227 -7.05541e+01 | 53 -0.05994 -6.21657e+01 | 54 -0.08907 -7.92415e+01
 55 -0.01883 -9.45641e+01 | 56 -0.08128 -5.04398e+01 | 57 -0.06887 -7.01699e+01
 58  0.00013 -7.04775e+01 | 59 -0.01590 -6.39604e+01 | 60 -0.02436 -6.57801e+01
 61 -0.08790 -3.22634e+01 | 62 -0.00600 -6.58143e+01 | 63 -0.05294 -4.56828e+01
 64 -0.12938 -2.68722e+01 | 65 -0.05419 -8.25538e+01 | 66 -0.10973 -3.57186e+01
 67 -0.10508 -2.81076e+01 | 68 -0.10540 -1.02336e+01 | 69 -0.00453 -4.72066e+01
 70 -0.00420 -4.79572e+01 | 71 -0.22238 -8.30110e+00 | 72 -0.13021 -1.49644e+00
 73 -0.07187  2.17806e+00 | 74 -0.04007 -5.37194e-01 | 75 -0.03150  1.18579e+00
 76 -0.44422  2.63783e+03 | 77  2.98372  2.22366e-01 | 78 -0.28031  2.98776e+02
 79 -0.26352 -4.62561e+00 | 80  0.22329  2.71482e+02 | 81  0.14736 -4.06349e+02
 82  0.44283  3.86884e+01 | 83 -0.37114  6.62779e-01 |
83 variables; iteration 240; function evaluation 315; phase 3
Function value -4.0982884e+00; maximum gradient component mag 8.9866e+03
Var    Value     Gradient |Var    Value     Gradient |Var    Value     Gradient
  1  0.01761  8.98663e+03 |  2  0.00228  1.45728e+01 |  3 -0.00219  1.58577e+01
  4 -0.02505  1.42591e+01 |  5 -0.00035  2.79210e+01 |  6 -0.01431  2.61799e+01
  7 -0.01627  3.01288e+01 |  8 -0.03062  2.83910e+01 |  9 -0.02333  3.82439e+01
 10 -0.01438  5.06978e+01 | 11 -0.02699  5.03734e+01 | 12 -0.00651  7.35422e+01
 13 -0.01476  7.74040e+01 | 14 -0.01580  8.88906e+01 | 15 -0.04636  7.39513e+01
 16 -0.01474  1.19231e+02 | 17 -0.02797  1.21462e+02 | 18 -0.00374  1.73565e+02
 19 -0.03054  1.49056e+02 | 20 -0.06957  1.10383e+02 | 21  0.10091  5.43685e+02
 22  0.00171  2.49818e+02 | 23 -0.03919  1.72787e+02 | 24 -0.04727  1.59434e+02
 25 -0.05974  1.39332e+02 | 26 -0.06789  1.27924e+02 | 27 -0.07524  1.09032e+02
 28 -0.07704  9.44480e+01 | 29 -0.08681  8.12554e+01 | 30 -0.12858  5.45499e+01
 31 -0.13734  5.44090e+01 | 32 -0.20032  1.80219e+01 | 33  0.07050  4.57333e+02
 34 -0.09916  7.47246e+01 | 35 -0.02580  1.66070e+01 | 36  0.01336  5.39129e+01
 37 -0.11902 -1.14636e+02 | 38  0.06861  2.96626e+01 | 39 -0.08480 -1.67047e+01
 40 -0.02237  5.05812e+00 | 41 -0.04804  6.92089e+01 | 42  0.00724  1.30180e+02
 43 -0.01111  1.54265e+02 | 44 -0.02911  1.88169e+02 | 45 -0.04817  1.74902e+02
 46 -0.02994  2.23731e+02 | 47 -0.11664  1.06508e+02 | 48 -0.02890  1.73214e+02
 49 -0.31494  7.31445e+00 | 50  0.08055  1.53292e+00 | 51 -0.04590 -1.45961e+01
 52 -0.03402 -9.76223e+00 | 53 -0.06866 -3.05754e+01 | 54 -0.05249 -2.84393e+01
 55 -0.01243 -7.37340e+01 | 56 -0.06675 -4.61575e+01 | 57 -0.05525 -5.88701e+01
 58  0.01512 -3.49796e+01 | 59 -0.00495 -1.38733e+01 | 60 -0.01114 -5.10979e+00
 61 -0.08117 -1.06051e+00 | 62  0.01481  1.98320e+01 | 63 -0.04952 -1.11217e+00
 64 -0.12384 -8.48568e+00 | 65 -0.03448 -1.81173e+01 | 66 -0.10977 -5.92152e+00
 67 -0.08974  8.28434e-01 | 68 -0.09767 -2.56002e+00 | 69  0.01890 -3.69796e+01
 70  0.00321 -3.82376e+01 | 71 -0.20517 -5.49839e+00 | 72 -0.11817 -1.23585e+01
 73 -0.06210 -2.63224e+00 | 74 -0.03361 -3.13828e-01 | 75 -0.03148 -7.29825e-02
 76 -0.44392  1.77387e+02 | 77  3.55476 -2.63279e-01 | 78 -0.26804  3.84654e+02
 79 -0.36890 -6.95044e+00 | 80  0.23572 -6.60571e+01 | 81  0.02893  8.15536e+01
 82  0.42758 -9.99982e-01 | 83 -0.38523  2.66639e-02 |
83 variables; iteration 260; function evaluation 339; phase 3
Function value -3.2337444e+01; maximum gradient component mag 5.2175e+04
Var    Value     Gradient |Var    Value     Gradient |Var    Value     Gradient
  1  0.01546  5.21750e+04 |  2 -0.01117  2.78403e+01 |  3 -0.01203  3.36642e+01
  4 -0.04426  2.70723e+01 |  5 -0.03436  3.94304e+01 |  6 -0.03304  4.86526e+01
  7 -0.03057  6.02853e+01 |  8 -0.05037  5.59953e+01 |  9 -0.02979  8.56906e+01
 10 -0.00836  1.24315e+02 | 11 -0.03013  1.15016e+02 | 12 -0.05578  1.00122e+02
 13 -0.01296  1.75832e+02 | 14 -0.03785  1.56908e+02 | 15 -0.06893  1.31775e+02
 16 -0.02939  2.21220e+02 | 17 -0.04650  2.18877e+02 | 18 -0.03439  2.75340e+02
 19 -0.05058  2.57623e+02 | 20 -0.19606  5.09047e+01 | 21  0.09886  1.10005e+03
 22 -0.00273  5.01039e+02 | 23 -0.03028  3.97967e+02 | 24 -0.01326  4.60627e+02
 25 -0.07258  2.68178e+02 | 26 -0.05677  3.15517e+02 | 27 -0.07831  2.53881e+02
 28 -0.06030  2.99006e+02 | 29  0.00321  5.92332e+02 | 30 -0.08136  4.05441e+02
 31 -0.10430  4.33849e+02 | 32 -0.16148  3.13571e+02 | 33  0.06346  2.39831e+03
 34 -0.10574  6.92153e+02 | 35 -0.02250  1.43145e+03 | 36  0.02075  2.32468e+03
 37 -0.17555  3.31859e+02 | 38  0.07462  3.30999e+03 | 39 -0.08983  8.18391e+02
 40 -0.02303  1.40872e+03 | 41 -0.03782  1.18989e+03 | 42  0.01059  1.49067e+03
 43 -0.00094  1.19884e+03 | 44 -0.02755  8.31651e+02 | 45 -0.03601  6.89848e+02
 46 -0.02361  6.54284e+02 | 47 -0.10279  3.01089e+02 | 48 -0.02679  3.65793e+02
 49 -0.29166  2.77014e+01 | 50  0.09283  6.97817e+01 | 51 -0.08671 -7.12461e+01
 52 -0.02015 -5.99533e+01 | 53 -0.07114 -5.39235e+01 | 54 -0.05721 -7.19221e+01
 55 -0.00734 -9.58403e+01 | 56 -0.07999 -5.34231e+01 | 57 -0.03957 -4.19627e+01
 58  0.01038 -8.01416e+01 | 59  0.00166 -1.07832e+02 | 60 -0.01993 -1.19997e+02
 61 -0.06500 -5.91023e+01 | 62  0.01001 -1.04003e+02 | 63 -0.04936 -6.63016e+01
 64 -0.11024 -3.75765e+01 | 65 -0.03701 -9.87016e+01 | 66 -0.10521 -5.05230e+01
 67 -0.08762 -3.71287e+01 | 68 -0.08543 -1.30204e+01 | 69  0.02086 -3.94446e+01
 70  0.00094 -3.31792e+01 | 71 -0.21326 -5.03725e+00 | 72 -0.10038  1.51160e+01
 73 -0.07170  3.55420e+00 | 74 -0.02645  2.15621e+00 | 75 -0.03461 -5.52389e-01
 76 -0.43975  9.25239e+02 | 77  4.01307 -1.70828e+02 | 78 -0.26848  1.45756e+04
 79 -0.50283 -3.01451e+02 | 80  0.33969  1.76395e+02 | 81 -0.04226 -1.42280e+02
 82  0.41302 -4.43244e-02 | 83 -0.51688 -3.31257e-03 |
83 variables; iteration 280; function evaluation 361; phase 3
Function value -7.0898999e+01; maximum gradient component mag 9.2554e+04
Var    Value     Gradient |Var    Value     Gradient |Var    Value     Gradient
  1  0.01289  9.25538e+04 |  2 -0.02656  7.03676e+01 |  3 -0.02558  8.67342e+01
  4 -0.04195  9.11617e+01 |  5 -0.05008  1.00250e+02 |  6 -0.04498  1.26640e+02
  7 -0.05367  1.37613e+02 |  8 -0.05806  1.55619e+02 |  9 -0.05054  1.96144e+02
 10 -0.02239  2.91000e+02 | 11 -0.06517  2.23394e+02 | 12 -0.08036  2.20132e+02
 13 -0.03946  3.59512e+02 | 14 -0.05966  3.33038e+02 | 15 -0.08506  2.99490e+02
 16 -0.05140  4.57959e+02 | 17 -0.05996  4.91977e+02 | 18 -0.05153  5.96976e+02
 19 -0.06181  5.88381e+02 | 20 -0.17624  2.27689e+02 | 21  0.10857  2.81784e+03
 22 -0.01623  1.05316e+03 | 23 -0.03512  8.78277e+02 | 24 -0.01563  1.01245e+03
 25 -0.08974  5.30675e+02 | 26 -0.06654  7.14212e+02 | 27 -0.07435  7.68449e+02
 28 -0.03102  1.31215e+03 | 29  0.06170  3.20019e+03 | 30 -0.07298  1.28193e+03
 31 -0.10353  1.06334e+03 | 32 -0.15209  7.20063e+02 | 33  0.06460  4.46715e+03
 34 -0.10418  1.20582e+03 | 35 -0.01251  2.40445e+03 | 36  0.01346  2.97012e+03
 37 -0.16753  5.09231e+02 | 38  0.07973  4.28560e+03 | 39 -0.09031  9.51599e+02
 40 -0.02323  1.54128e+03 | 41 -0.01730  1.50372e+03 | 42  0.00715  1.36622e+03
 43  0.01608  1.33770e+03 | 44 -0.02612  6.80708e+02 | 45 -0.02341  5.78629e+02
 46 -0.00912  5.45592e+02 | 47 -0.10206  2.46391e+02 | 48 -0.01020  3.54017e+02
 49 -0.30640  1.27365e+01 | 50  0.08643  2.05991e+01 | 51 -0.03298  1.72424e+01
 52 -0.05326 -5.36234e+01 | 53 -0.04812 -3.19356e+01 | 54 -0.07278 -4.67375e+01
 55 -0.00320 -3.79905e+01 | 56 -0.08163 -2.38647e+01 | 57 -0.04184  5.58493e+00
 58  0.01125  1.63206e+01 | 59 -0.00490  4.61471e+01 | 60  0.00348  1.05534e+02
 61 -0.08410  2.26636e+01 | 62  0.01166  4.80793e+01 | 63 -0.03946  3.17156e+01
 64 -0.11825  1.73688e+01 | 65 -0.03001  4.45156e+01 | 66 -0.10278  1.55605e+01
 67 -0.07989  1.54843e+01 | 68 -0.09090  4.33930e+00 | 69  0.01837  1.33132e+01
 70  0.00362 -3.69158e+00 | 71 -0.21273 -3.58929e+00 | 72 -0.10077  9.17925e+00
 73 -0.07998 -4.00320e+00 | 74 -0.03443  6.76446e-01 | 75 -0.03545 -2.73566e-01
 76 -0.43385  1.19750e+03 | 77  4.20627 -2.26663e+01 | 78 -0.27108  3.64062e+04
 79 -0.62798 -2.75398e+02 | 80  0.50582  2.84243e+02 | 81 -0.01979 -3.38651e+02
 82  0.41201 -1.73981e-03 | 83 -0.50186 -3.16007e-03 |
83 variables; iteration 300; function evaluation 383; phase 3
Function value -8.5057083e+01; maximum gradient component mag 1.7008e+04
Var    Value     Gradient |Var    Value     Gradient |Var    Value     Gradient
  1  0.01169  1.70085e+04 |  2 -0.01633  1.19270e+01 |  3 -0.01261  1.65454e+01
  4 -0.03397  1.53166e+01 |  5 -0.03331  1.92570e+01 |  6 -0.03929  2.07313e+01
  7 -0.04044  2.47340e+01 |  8 -0.05456  2.25775e+01 |  9 -0.04626  3.21731e+01
 10 -0.02454  5.15465e+01 | 11 -0.06162  3.39460e+01 | 12 -0.07809  2.94564e+01
 13 -0.04083  6.08973e+01 | 14 -0.06206  5.12247e+01 | 15 -0.08994  3.82636e+01
 16 -0.05727  7.18324e+01 | 17 -0.07615  6.70807e+01 | 18 -0.05584  9.87297e+01
 19 -0.06587  9.59293e+01 | 20 -0.19298  3.29134e+00 | 21  0.11854  5.93925e+02
 22 -0.01183  2.06984e+02 | 23 -0.03288  1.65941e+02 | 24 -0.01172  1.95930e+02
 25 -0.10768  6.66380e+01 | 26 -0.08043  1.02048e+02 | 27 -0.09396  1.04029e+02
 28 -0.02474  2.73130e+02 | 29  0.07202  8.15174e+02 | 30 -0.09403  2.68542e+02
 31 -0.11911  2.24811e+02 | 32 -0.15122  1.55719e+02 | 33  0.06766  9.89105e+02
 34 -0.10872  2.40632e+02 | 35 -0.00693  4.94573e+02 | 36  0.00576  5.56977e+02
 37 -0.11521  7.91532e+00 | 38  0.07401  6.65098e+02 | 39 -0.08512  9.72589e+01
 40 -0.01594  2.13846e+02 | 41 -0.02651  2.17936e+02 | 42  0.01740  2.13768e+02
 43  0.00782  2.33300e+02 | 44 -0.02046  1.18970e+02 | 45 -0.02248  1.15699e+02
 46 -0.01213  9.63589e+01 | 47 -0.09442  5.59848e+01 | 48 -0.01518  7.23655e+01
 49 -0.27614  4.04354e+00 | 50  0.09554  4.58344e+01 | 51 -0.07494  4.69681e+00
 52 -0.02577  9.97230e+00 | 53 -0.07118 -2.63471e+00 | 54 -0.05274  3.33745e+00
 55 -0.01143 -2.55782e+00 | 56 -0.07229 -4.70802e+00 | 57 -0.04408 -5.63014e+00
 58  0.01232 -1.97693e+00 | 59  0.00181  5.71024e+00 | 60 -0.01129 -5.01871e-02
 61 -0.06537  6.29174e+00 | 62  0.00892 -1.55996e+00 | 63 -0.04253 -1.18936e+00
 64 -0.11062 -7.35021e-01 | 65 -0.03343 -1.28168e+01 | 66 -0.09925 -3.64822e+00
 67 -0.08157 -3.32759e+00 | 68 -0.08234  4.84756e-01 | 69  0.02101  4.14039e+00
 70 -0.00107 -4.59536e+00 | 71 -0.20661 -3.55013e-01 | 72 -0.10181  2.60925e+00
 73 -0.06947  4.58537e-01 | 74 -0.03733  5.90905e-04 | 75 -0.03271  4.21614e-01
 76 -0.42717  2.08403e+02 | 77  4.41396 -3.30106e-01 | 78 -0.27047  9.59795e+03
 79 -0.70350 -7.56677e+01 | 80  0.72241 -4.82348e-01 | 81  0.06752  5.63161e+01
 82  0.40725 -3.57572e-04 | 83 -0.52177 -3.36415e-03 |
83 variables; iteration 320; function evaluation 407; phase 3
Function value -9.1188024e+01; maximum gradient component mag 8.1005e+04
Var    Value     Gradient |Var    Value     Gradient |Var    Value     Gradient
  1  0.00949  8.10049e+04 |  2 -0.01803  6.07048e+01 |  3 -0.01844  7.32852e+01
  4 -0.03551  7.62506e+01 |  5 -0.04213  8.48285e+01 |  6 -0.04681  9.62487e+01
  7 -0.04255  1.19558e+02 |  8 -0.05722  1.20802e+02 |  9 -0.04866  1.54289e+02
 10 -0.01537  2.41067e+02 | 11 -0.06140  1.77189e+02 | 12 -0.08831  1.53652e+02
 13 -0.03315  2.92472e+02 | 14 -0.05356  2.68865e+02 | 15 -0.08843  2.17931e+02
 16 -0.05094  3.46919e+02 | 17 -0.09711  2.63949e+02 | 18 -0.03666  5.15380e+02
 19 -0.06578  4.30484e+02 | 20 -0.25641  5.43178e+01 | 21  0.11406  2.29945e+03
 22  0.02440  1.16073e+03 | 23 -0.03109  7.28006e+02 | 24  0.01614  1.04783e+03
 25 -0.09743  3.79998e+02 | 26 -0.08498  4.33504e+02 | 27 -0.13064  3.20262e+02
 28 -0.01448  1.15200e+03 | 29  0.06937  2.71409e+03 | 30 -0.08311  9.46738e+02
 31 -0.10202  8.67032e+02 | 32 -0.14158  6.46112e+02 | 33  0.07014  4.07241e+03
 34 -0.11468  1.01871e+03 | 35  0.00412  2.66453e+03 | 36 -0.00431  2.64067e+03
 37 -0.07155  1.31846e+03 | 38  0.06847  3.97218e+03 | 39 -0.07197  1.08566e+03
 40 -0.01174  1.65524e+03 | 41 -0.02565  1.23769e+03 | 42  0.02449  1.43113e+03
 43  0.00882  9.93284e+02 | 44 -0.01404  6.14609e+02 | 45 -0.02013  4.52988e+02
 46 -0.00748  3.91568e+02 | 47 -0.09029  1.60430e+02 | 48 -0.01182  1.97743e+02
 49 -0.26334  1.04549e+01 | 50  0.09976  2.43130e+01 | 51 -0.07163 -6.52878e+00
 52 -0.02415 -1.19668e+01 | 53 -0.06209 -8.60535e+00 | 54 -0.05227 -2.39862e+01
 55 -0.00670 -3.48942e+01 | 56 -0.06898 -2.31996e+01 | 57 -0.04008 -2.88491e+01
 58  0.01708 -3.91776e+01 | 59  0.00196 -2.39190e+01 | 60 -0.00122 -3.85893e+00
 61 -0.06847 -1.56327e+01 | 62  0.01419 -2.66175e+01 | 63 -0.03829 -1.20451e+01
 64 -0.10885 -8.18866e+00 | 65 -0.02723 -1.76762e+01 | 66 -0.09855 -1.34726e+01
 67 -0.07547 -1.46372e+01 | 68 -0.07824 -1.99919e+01 | 69  0.02331 -4.24708e+01
 70  0.00462 -2.14581e+01 | 71 -0.20610 -6.20592e+00 | 72 -0.09887 -1.07640e+01
 73 -0.06511 -2.27351e+00 | 74 -0.03500  3.86239e-01 | 75 -0.03424 -9.52995e-02
 76 -0.42625  1.08836e+03 | 77  4.60225 -2.55712e-01 | 78 -0.27104  7.43795e+04
 79 -0.82257 -2.85374e+02 | 80  0.82435  9.99980e+01 | 81  0.05532 -5.75072e+02
 82  0.40445 -1.33764e-03 | 83 -0.50151 -3.15655e-03 |
83 variables; iteration 340; function evaluation 429; phase 3
Function value -1.0267861e+02; maximum gradient component mag 3.9065e+04
Var    Value     Gradient |Var    Value     Gradient |Var    Value     Gradient
  1  0.00914  3.45929e+04 |  2 -0.01504  4.29121e+01 |  3 -0.02076  4.82481e+01
  4 -0.03660  5.10075e+01 |  5 -0.03557  6.22430e+01 |  6 -0.04172  6.90294e+01
  7 -0.04301  8.08031e+01 |  8 -0.05880  7.93166e+01 |  9 -0.04525  1.08305e+02
 10 -0.04206  1.28227e+02 | 11 -0.06045  1.20292e+02 | 12 -0.06756  1.27127e+02
 13 -0.05290  1.65378e+02 | 14 -0.05900  1.72867e+02 | 15 -0.09466  1.36202e+02
 16 -0.04690  2.48986e+02 | 17 -0.09215  1.88685e+02 | 18 -0.03348  3.70549e+02
 19 -0.06470  3.03516e+02 | 20 -0.18121  9.88539e+01 | 21  0.11958  1.69744e+03
 22  0.02365  8.13599e+02 | 23 -0.03395  4.97860e+02 | 24  0.00351  6.65270e+02
 25 -0.07916  3.11705e+02 | 26 -0.08148  3.07891e+02 | 27 -0.15365  1.61917e+02
 28 -0.00489  7.95532e+02 | 29  0.07139  1.64156e+03 | 30 -0.10951  3.98721e+02
 31 -0.13935  2.90083e+02 | 32 -0.17662  1.89211e+02 | 33  0.07502  1.76421e+03
 34 -0.10032  4.17393e+02 | 35 -0.00240  5.47932e+02 | 36 -0.01542  5.02260e+02
 37 -0.03313  2.96043e+02 | 38  0.04832  4.81580e+02 | 39 -0.04048  2.42368e+02
 40 -0.02431  2.67775e+02 | 41 -0.02050  3.33292e+02 | 42  0.02087  4.30307e+02
 43  0.00845  4.62234e+02 | 44 -0.01750  3.55667e+02 | 45 -0.01946  3.48309e+02
 46 -0.01451  3.18432e+02 | 47 -0.08439  1.83408e+02 | 48 -0.02280  2.87933e+02
 49 -0.19208  2.77859e+01 | 50  0.10158  5.53898e+01 | 51 -0.09836 -2.18755e+01
 52 -0.01630 -4.25908e+01 | 53 -0.06769 -3.17541e+01 | 54 -0.04432 -3.11448e+01
 55 -0.01045 -5.09008e+01 | 56 -0.06668 -3.26470e+01 | 57 -0.03869 -5.20335e+01
 58  0.01726 -6.60908e+01 | 59  0.00545 -5.39780e+01 | 60 -0.01042 -5.44970e+01
 61 -0.05554 -2.36427e+01 | 62  0.01253 -4.96513e+01 | 63 -0.04308 -2.81490e+01
 64 -0.10258 -1.27609e+01 | 65 -0.02790 -2.21947e+01 | 66 -0.09989 -1.52539e+01
 67 -0.07489 -1.85021e+01 | 68 -0.07188 -2.25728e+01 | 69  0.02834 -4.51602e+01
 70 -0.00274 -4.32970e+01 | 71 -0.20406 -8.29991e+00 | 72 -0.08969 -7.42818e+00
 73 -0.07480 -3.41048e+00 | 74 -0.03950 -9.42312e-01 | 75 -0.03000  7.95843e-01
 76 -0.43482  3.61722e+02 | 77  4.54198 -1.47674e-01 | 78 -0.27060  3.90651e+04
 79 -0.93374 -6.61615e+01 | 80  0.90867  1.89576e+01 | 81  0.05072 -1.39283e+02
 82  0.41285 -8.23042e-03 | 83 -0.45127 -2.68799e-03 |
83 variables; iteration 360; function evaluation 453; phase 3
Function value -1.1615886e+02; maximum gradient component mag 5.6641e+04
Var    Value     Gradient |Var    Value     Gradient |Var    Value     Gradient
  1  0.01324  4.90203e+04 |  2 -0.01362  4.70940e+01 |  3 -0.01589  5.56328e+01
  4 -0.03070  5.97220e+01 |  5 -0.03548  6.78483e+01 |  6 -0.03625  8.06309e+01
  7 -0.03798  9.41705e+01 |  8 -0.04536  1.02849e+02 |  9 -0.03686  1.31754e+02
 10 -0.04063  1.46251e+02 | 11 -0.05406  1.46818e+02 | 12 -0.04691  1.81021e+02
 13 -0.04978  1.99110e+02 | 14 -0.04765  2.28516e+02 | 15 -0.06637  2.18886e+02
 16 -0.05544  2.75786e+02 | 17 -0.06323  2.99623e+02 | 18 -0.03798  4.25125e+02
 19 -0.06407  3.68837e+02 | 20 -0.07935  3.55132e+02 | 21  0.08249  1.47987e+03
 22 -0.01234  6.82210e+02 | 23 -0.05843  4.47584e+02 | 24 -0.04108  5.13651e+02
 25 -0.07023  4.02449e+02 | 26 -0.08411  3.95937e+02 | 27 -0.10283  3.89699e+02
 28 -0.01204  1.06631e+03 | 29  0.04878  1.98882e+03 | 30 -0.11204  5.83656e+02
 31 -0.11542  5.56925e+02 | 32 -0.12312  4.94636e+02 | 33  0.05703  2.18998e+03
 34 -0.12671  4.87061e+02 | 35  0.00351  1.23851e+03 | 36 -0.03919  8.47041e+02
 37 -0.03603  8.07914e+02 | 38  0.04014  1.42031e+03 | 39 -0.05816  5.84177e+02
 40 -0.02697  7.64524e+02 | 41 -0.03298  6.39861e+02 | 42  0.01552  8.28972e+02
 43 -0.00229  6.48550e+02 | 44 -0.02388  4.66449e+02 | 45 -0.02813  3.88402e+02
 46 -0.02172  3.57351e+02 | 47 -0.09064  1.80077e+02 | 48 -0.03487  2.27540e+02
 49 -0.17591  3.25122e+01 | 50  0.09039  3.25032e+01 | 51 -0.10583 -2.08965e+01
 52 -0.02548 -2.38617e+01 | 53 -0.07572 -1.87563e+01 | 54 -0.05402 -1.59303e+01
 55 -0.01980 -2.74840e+01 | 56 -0.07674 -1.88709e+01 | 57 -0.04713 -3.17568e+01
 58  0.00864 -3.76030e+01 | 59 -0.00586 -2.79324e+01 | 60 -0.01445 -2.23075e+01
 61 -0.06971 -1.75966e+01 | 62  0.00568 -2.43465e+01 | 63 -0.05511 -2.54791e+01
 64 -0.10835 -1.37426e+01 | 65 -0.03863 -2.60373e+01 | 66 -0.10698 -1.45619e+01
 67 -0.08442 -1.60856e+01 | 68 -0.07691 -1.39261e+01 | 69  0.01800 -2.89295e+01
 70 -0.01206 -2.48513e+01 | 71 -0.21038 -4.99116e+00 | 72 -0.09924 -6.71314e+00
 73 -0.08205 -2.80051e+00 | 74 -0.03789  4.48188e-02 | 75 -0.03538 -3.93431e-02
 76 -0.44616  5.57859e+02 | 77  4.27212 -4.10132e+00 | 78 -0.27046  5.66411e+04
 79 -0.94907 -7.70772e+01 | 80  0.69641  1.08605e+02 | 81 -0.04305 -1.75426e+02
 82  0.42478 -3.96225e-02 | 83 -0.38337 -1.14633e-03 |
83 variables; iteration 380; function evaluation 475; phase 3
Function value -1.2192421e+02; maximum gradient component mag 4.6003e+03
Var    Value     Gradient |Var    Value     Gradient |Var    Value     Gradient
  1  0.01434  4.60034e+03 |  2 -0.00313  1.17361e+01 |  3 -0.00608  1.31848e+01
  4 -0.02097  1.43796e+01 |  5 -0.02095  1.73905e+01 |  6 -0.02509  1.91459e+01
  7 -0.02839  2.15516e+01 |  8 -0.03045  2.48552e+01 |  9 -0.03248  2.85235e+01
 10 -0.02875  3.54924e+01 | 11 -0.03600  3.68667e+01 | 12 -0.04422  3.77450e+01
 13 -0.04221  4.48708e+01 | 14 -0.05288  4.40396e+01 | 15 -0.05962  4.66895e+01
 16 -0.04599  6.51804e+01 | 17 -0.05760  6.60460e+01 | 18 -0.06270  7.00699e+01
 19 -0.06217  7.69244e+01 | 20 -0.11628  3.87233e+01 | 21  0.06257  3.04742e+02
 22 -0.05337  1.03299e+02 | 23 -0.04019  1.17846e+02 | 24 -0.04370  1.14719e+02
 25 -0.08161  7.69054e+01 | 26 -0.06513  1.07845e+02 | 27 -0.06181  1.23803e+02
 28 -0.02729  1.95789e+02 | 29  0.02829  3.71188e+02 | 30 -0.10794  1.12818e+02
 31 -0.11507  7.09301e+01 | 32 -0.09360  3.89856e+01 | 33  0.04042  6.42281e+01
 34 -0.12328 -6.10579e+00 | 35 -0.00164 -7.89156e+01 | 36 -0.04535 -5.19857e+01
 37 -0.03484 -9.54446e+01 | 38  0.02790 -9.04803e+01 | 39 -0.05754 -4.34698e+01
 40 -0.03652 -3.98570e+01 | 41 -0.03202 -1.30031e+01 | 42  0.00828 -5.80380e+00
 43 -0.01084  8.81949e+00 | 44 -0.02933  2.47983e+01 | 45 -0.03125  3.70066e+01
 46 -0.03230  4.31935e+01 | 47 -0.08955  3.44648e+01 | 48 -0.05577  3.17771e+01
 49 -0.10693 -2.48144e+00 | 50  0.07383  1.05984e+01 | 51 -0.10080 -1.20717e+00
 52 -0.03522  8.49929e-01 | 53 -0.07534  2.06693e+00 | 54 -0.05851  2.93797e+00
 55 -0.02754  3.38492e+00 | 56 -0.08383  8.10859e-01 | 57 -0.04752 -2.12897e+00
 58  0.00268 -1.74047e+00 | 59 -0.01189 -3.74467e+00 | 60 -0.02254 -3.15105e+00
 61 -0.06767 -3.05040e+00 | 62 -0.00325 -4.56401e+00 | 63 -0.06183 -5.61805e+00
 64 -0.11032 -6.50814e+00 | 65 -0.04476 -7.53827e+00 | 66 -0.11370 -3.57099e+00
 67 -0.08641 -4.14313e+00 | 68 -0.07235 -4.90788e+00 | 69  0.01373 -2.52426e+00
 70 -0.02404  1.33002e+00 | 71 -0.21529 -1.02944e+00 | 72 -0.09873 -1.17541e+00
 73 -0.08538  5.11751e-01 | 74 -0.03916  8.05888e-02 | 75 -0.03641  4.67239e-03
 76 -0.44805 -8.51114e+00 | 77  4.29506  6.64326e-02 | 78 -0.26912  1.97013e+03
 79 -1.06253  4.89808e+00 | 80  0.77545  2.76631e+01 | 81 -0.07635 -5.63362e+01
 82  0.42844 -4.52363e-02 | 83 -0.36404 -3.68693e-04 |
83 variables; iteration 400; function evaluation 495; phase 3
Function value -1.2247807e+02; maximum gradient component mag 4.3869e+03
Var    Value     Gradient |Var    Value     Gradient |Var    Value     Gradient
  1  0.01387  4.38691e+03 |  2 -0.00690  5.03288e+00 |  3 -0.00927  5.62478e+00
  4 -0.02519  6.03680e+00 |  5 -0.02878  6.44268e+00 |  6 -0.03143  7.32251e+00
  7 -0.03087  9.49765e+00 |  8 -0.03410  1.05723e+01 |  9 -0.03256  1.36108e+01
 10 -0.02741  1.83520e+01 | 11 -0.04302  1.47299e+01 | 12 -0.04758  1.57123e+01
 13 -0.03432  2.50310e+01 | 14 -0.04521  2.33167e+01 | 15 -0.05573  2.20715e+01
 16 -0.05702  2.54984e+01 | 17 -0.06226  2.80219e+01 | 18 -0.06380  3.16400e+01
 19 -0.06103  3.68152e+01 | 20 -0.10481  1.57097e+01 | 21  0.06181  1.69960e+02
 22 -0.04394  5.76718e+01 | 23 -0.05314  4.99446e+01 | 24 -0.03305  6.46834e+01
 25 -0.09557  2.32690e+01 | 26 -0.06759  4.42385e+01 | 27 -0.03809  6.66749e+01
 28 -0.02945  7.77952e+01 | 29  0.02135  1.78357e+02 | 30 -0.10717  6.90361e+01
 31 -0.09685  6.97896e+01 | 32 -0.09537  5.12828e+01 | 33  0.03931  2.12988e+02
 34 -0.12361  5.08985e+01 | 35  0.00022  1.19050e+02 | 36 -0.04663  8.69289e+01
 37 -0.03233  6.64214e+01 | 38  0.02751  1.29069e+02 | 39 -0.05726  4.37857e+01
 40 -0.03567  5.86995e+01 | 41 -0.03082  5.81218e+01 | 42  0.00820  4.96884e+01
 43 -0.00996  4.69941e+01 | 44 -0.02916  2.42251e+01 | 45 -0.03019  2.23866e+01
 46 -0.03216  1.19442e+01 | 47 -0.08874  3.95483e+00 | 48 -0.05665 -2.65566e+00
 49 -0.10006 -2.81034e+00 | 50  0.07252 -1.69588e+01 | 51 -0.09865 -5.17179e+00
 52 -0.03529 -4.84184e+00 | 53 -0.07470 -2.80571e+00 | 54 -0.05797 -2.67956e+00
 55 -0.02765 -3.15714e+00 | 56 -0.08368 -1.99395e+00 | 57 -0.04638 -2.15642e+00
 58  0.00270 -2.77721e+00 | 59 -0.01124 -1.87560e+00 | 60 -0.02248 -1.64781e+00
 61 -0.06634 -1.09797e+00 | 62 -0.00325 -2.97613e+00 | 63 -0.06200 -2.78237e+00
 64 -0.10812 -1.32426e+00 | 65 -0.04474 -2.16773e+00 | 66 -0.11299 -8.48040e-01
 67 -0.08557 -7.94962e-01 | 68 -0.07045 -7.22733e-01 | 69  0.01412 -2.06595e+00
 70 -0.02488 -1.89484e+00 | 71 -0.21358 -5.02244e-01 | 72 -0.09737 -8.46318e-01
 73 -0.08695 -3.41590e-01 | 74 -0.03924  4.89468e-02 | 75 -0.03655 -2.13758e-02
 76 -0.44836  1.68980e+01 | 77  4.31264 -6.90932e-03 | 78 -0.26885  1.68924e+03
 79 -1.08643  6.07718e+00 | 80  0.79350  2.88348e+01 | 81 -0.07732 -6.65879e+01
 82  0.42869 -4.43514e-02 | 83 -0.35995 -3.18364e-04 |
83 variables; iteration 420; function evaluation 518; phase 3
Function value -1.2363869e+02; maximum gradient component mag 1.0851e+04
Var    Value     Gradient |Var    Value     Gradient |Var    Value     Gradient
  1  0.01411  1.08509e+04 |  2 -0.00686  1.52278e+01 |  3 -0.01104  1.69456e+01
  4 -0.02588  1.84757e+01 |  5 -0.02876  2.12193e+01 |  6 -0.02969  2.53440e+01
  7 -0.03009  3.03325e+01 |  8 -0.03319  3.44840e+01 |  9 -0.03724  3.84372e+01
 10 -0.03080  4.92062e+01 | 11 -0.04739  4.53683e+01 | 12 -0.03999  5.85030e+01
 13 -0.03904  6.76857e+01 | 14 -0.04571  7.10503e+01 | 15 -0.05226  7.55609e+01
 16 -0.05770  8.08462e+01 | 17 -0.07333  7.83756e+01 | 18 -0.06474  9.82866e+01
 19 -0.06086  1.11690e+02 | 20 -0.10643  7.14967e+01 | 21  0.05117  3.76807e+02
 22 -0.03456  1.74902e+02 | 23 -0.05113  1.47792e+02 | 24 -0.03465  1.76492e+02
 25 -0.07742  1.17767e+02 | 26 -0.06415  1.53346e+02 | 27 -0.05686  1.78339e+02
 28 -0.00794  3.01070e+02 | 29  0.00895  3.90088e+02 | 30 -0.10816  1.57223e+02
 31 -0.10490  1.51294e+02 | 32 -0.07098  1.60421e+02 | 33  0.03101  2.68735e+02
 34 -0.11811  5.42521e+01 | 35 -0.00075  9.03830e+01 | 36 -0.04736  5.97655e+01
 37 -0.03332  4.56183e+01 | 38  0.02668  1.58457e+02 | 39 -0.05929  6.56330e+01
 40 -0.03607  1.28204e+02 | 41 -0.03168  1.39228e+02 | 42  0.00725  1.92566e+02
 43 -0.01162  1.77402e+02 | 44 -0.02957  1.54775e+02 | 45 -0.03136  1.43590e+02
 46 -0.03324  1.37692e+02 | 47 -0.09009  7.44594e+01 | 48 -0.05784  8.99668e+01
 49 -0.09665  2.03071e+01 | 50  0.07042  8.41644e+00 | 51 -0.09969 -4.82138e+00
 52 -0.03655 -1.05206e+01 | 53 -0.07540 -7.50471e+00 | 54 -0.05861 -8.35641e+00
 55 -0.02914 -1.15306e+01 | 56 -0.08476 -6.18049e+00 | 57 -0.04651 -5.56369e+00
 58  0.00146 -1.14602e+01 | 59 -0.01201 -1.04945e+01 | 60 -0.02408 -1.19074e+01
 61 -0.06624 -7.85134e+00 | 62 -0.00473 -1.68020e+01 | 63 -0.06331 -9.89105e+00
 64 -0.10821 -5.68565e+00 | 65 -0.04598 -9.97203e+00 | 66 -0.11384 -4.30738e+00
 67 -0.08594 -4.42873e+00 | 68 -0.07042 -4.55930e+00 | 69  0.01354 -7.55421e+00
 70 -0.02741 -9.75756e+00 | 71 -0.21283 -7.75101e-01 | 72 -0.09778 -1.75908e+00
 73 -0.08689  1.41629e-01 | 74 -0.03981 -2.50877e-02 | 75 -0.03690 -4.78934e-02
 76 -0.44767  9.61070e+01 | 77  4.31294 -3.51439e-01 | 78 -0.26847  6.24397e+03
 79 -1.11316  3.07268e+01 | 80  0.82471  3.17387e+01 | 81 -0.07164 -7.50240e+01
 82  0.42963 -1.10327e-01 | 83 -0.35649  2.22979e-03 |
83 variables; iteration 440; function evaluation 542; phase 3
Function value -1.2605619e+02; maximum gradient component mag -6.4239e+03
Var    Value     Gradient |Var    Value     Gradient |Var    Value     Gradient
  1  0.01488 -6.42390e+03 |  2 -0.00386  4.22065e+00 |  3 -0.00586  4.65249e+00
  4 -0.02133  5.11214e+00 |  5 -0.01943  6.91600e+00 |  6 -0.02157  7.67472e+00
  7 -0.02495  8.17551e+00 |  8 -0.02386  1.03350e+01 |  9 -0.03189  9.49236e+00
 10 -0.02830  1.28399e+01 | 11 -0.03530  1.24467e+01 | 12 -0.04452  1.12523e+01
 13 -0.02866  2.03320e+01 | 14 -0.04297  1.69690e+01 | 15 -0.04989  1.70125e+01
 16 -0.05844  1.62735e+01 | 17 -0.07083  1.44550e+01 | 18 -0.05127  2.74790e+01
 19 -0.06306  2.39212e+01 | 20 -0.09246  1.19260e+01 | 21 -0.00010  7.22897e+01
 22 -0.00882  6.49918e+01 | 23 -0.06112  3.17646e+01 | 24 -0.01213  6.51637e+01
 25 -0.09052  1.73792e+01 | 26 -0.08295  2.36936e+01 | 27 -0.06823  3.36561e+01
 28 -0.00461  8.31339e+01 | 29  0.01391  1.10770e+02 | 30 -0.11653  1.81317e+01
 31 -0.13775 -1.01862e+01 | 32 -0.05208 -5.94172e+01 | 33  0.02368 -2.68929e+02
 34 -0.11461 -1.35435e+02 | 35 -0.00373 -4.45437e+02 | 36 -0.04800 -3.55355e+02
 37 -0.03383 -4.32859e+02 | 38  0.02377 -6.18007e+02 | 39 -0.06063 -3.00880e+02
 40 -0.03842 -3.12607e+02 | 41 -0.03370 -2.75383e+02 | 42  0.00472 -2.82222e+02
 43 -0.01457 -1.84227e+02 | 44 -0.03175 -1.23522e+02 | 45 -0.03329 -9.90311e+01
 46 -0.03669 -7.42804e+01 | 47 -0.09157 -3.97773e+01 | 48 -0.06197 -3.68159e+01
 49 -0.09267 -1.39735e+01 | 50  0.06644 -3.24117e+00 | 51 -0.10032  1.64846e+00
 52 -0.03924  3.76767e+00 | 53 -0.07715  3.51823e+00 | 54 -0.06044  4.03712e+00
 55 -0.03121  5.81886e+00 | 56 -0.08704  2.42689e+00 | 57 -0.04809  4.56919e+00
 58 -0.00042  6.65656e+00 | 59 -0.01455  5.37522e+00 | 60 -0.02634  4.67477e+00
 61 -0.06827  3.99231e+00 | 62 -0.00644  6.96972e+00 | 63 -0.06643  3.28521e+00
 64 -0.11008  2.52286e+00 | 65 -0.04774  4.60033e+00 | 66 -0.11670  1.85576e+00
 67 -0.08758  2.11281e+00 | 68 -0.07144  2.17506e+00 | 69  0.01175  6.49328e+00
 70 -0.03043  1.96740e+00 | 71 -0.21634  5.98635e-01 | 72 -0.09886  1.45833e+00
 73 -0.08811  3.46643e-01 | 74 -0.03966  9.42228e-02 | 75 -0.03728 -6.02797e-02
 76 -0.44083 -1.80372e+02 | 77  4.35282  5.13842e-01 | 78 -0.26762 -3.63162e+03
 79 -1.17831 -3.14284e+01 | 80  0.93090  7.48271e-01 | 81 -0.02288  8.12394e+00
 82  0.43012 -1.60482e-01 | 83 -0.34630  4.51227e-03 |
83 variables; iteration 460; function evaluation 564; phase 3
Function value -1.2701893e+02; maximum gradient component mag 5.4569e+02
Var    Value     Gradient |Var    Value     Gradient |Var    Value     Gradient
  1  0.01500  5.45692e+02 |  2 -0.00579  7.53014e-01 |  3 -0.00594  1.12167e+00
  4 -0.02165  1.29540e+00 |  5 -0.02456  9.99290e-01 |  6 -0.02560  1.27650e+00
  7 -0.02649  1.66064e+00 |  8 -0.02909  1.63117e+00 |  9 -0.03127  1.78278e+00
 10 -0.02570  4.26828e+00 | 11 -0.02754  4.65269e+00 | 12 -0.03910  2.06591e+00
 13 -0.03103  5.68476e+00 | 14 -0.03856  4.42860e+00 | 15 -0.04116  4.90088e+00
 16 -0.04943  3.51889e+00 | 17 -0.05895  1.99943e+00 | 18 -0.04822  7.16380e+00
 19 -0.05594  5.49302e+00 | 20 -0.08312 -2.97058e+00 | 21 -0.02623  1.93850e+01
 22 -0.01342  2.44679e+01 | 23 -0.05242  9.19101e+00 | 24 -0.01410  2.45210e+01
 25 -0.07661 -3.69756e-02 | 26 -0.08528 -4.24835e+00 | 27 -0.09929 -1.19413e+01
 28 -0.00299  1.85240e+00 | 29  0.02019  2.16659e+01 | 30 -0.11861 -9.33120e-01
 31 -0.13343 -3.54541e+00 | 32 -0.05915  9.93693e+00 | 33  0.02680 -1.04021e+01
 34 -0.12206 -9.84894e+00 | 35 -0.00107  1.46560e+01 | 36 -0.05169 -4.87364e+00
 37 -0.03026  1.49867e+01 | 38  0.02236  1.21646e+01 | 39 -0.05852  1.06760e+00
 40 -0.03962  7.36108e+00 | 41 -0.03335  1.36177e+01 | 42  0.00429  1.20381e+01
 43 -0.01460  1.66769e+01 | 44 -0.03195  1.60444e+01 | 45 -0.03335  1.73567e+01
 46 -0.03651  2.37322e+01 | 47 -0.09191  1.37781e+01 | 48 -0.06122  2.95612e+01
 49 -0.09496  4.58062e+00 | 50  0.06699  6.22696e+00 | 51 -0.10222 -6.30746e-01
 52 -0.03922 -2.16402e+00 | 53 -0.07840 -2.08713e+00 | 54 -0.06051 -2.85941e+00
 55 -0.03175 -3.77470e+00 | 56 -0.08691 -1.65745e+00 | 57 -0.04863 -2.32446e+00
 58 -0.00069 -3.65572e+00 | 59 -0.01494 -3.54009e+00 | 60 -0.02664 -1.96561e+00
 61 -0.06889 -1.50499e+00 | 62 -0.00666 -3.85271e+00 | 63 -0.06672 -2.69656e+00
 64 -0.11059 -1.46751e+00 | 65 -0.04801 -3.21859e+00 | 66 -0.11689 -2.14333e+00
 67 -0.08819 -2.52213e+00 | 68 -0.07209 -1.96159e+00 | 69  0.01133 -3.99470e+00
 70 -0.03064 -4.49644e+00 | 71 -0.21708 -8.46529e-01 | 72 -0.09955 -1.32094e+00
 73 -0.08849 -3.20715e-01 | 74 -0.04008 -4.01598e-03 | 75 -0.03715 -1.83826e-03
 76 -0.43685 -2.39293e+01 | 77  4.36456  1.19561e-01 | 78 -0.26739  8.97439e+00
 79 -1.21361  8.16265e-01 | 80  0.95983  8.53562e-01 | 81 -0.00110 -6.01680e+00
 82  0.43060 -7.36366e-02 | 83 -0.33737  1.28826e-03 |
83 variables; iteration 480; function evaluation 589; phase 3
Function value -1.2751487e+02; maximum gradient component mag 5.0604e+03
Var    Value     Gradient |Var    Value     Gradient |Var    Value     Gradient
  1  0.01482  5.06045e+03 |  2 -0.00728  6.00078e+00 |  3 -0.00763  7.44281e+00
  4 -0.02373  7.88603e+00 |  5 -0.02671  8.75644e+00 |  6 -0.02648  1.09697e+01
  7 -0.03026  1.20158e+01 |  8 -0.03088  1.44791e+01 |  9 -0.03106  1.74216e+01
 10 -0.03023  2.10190e+01 | 11 -0.03398  2.29126e+01 | 12 -0.04092  2.34882e+01
 13 -0.03666  2.96498e+01 | 14 -0.04214  3.11697e+01 | 15 -0.05137  3.11876e+01
 16 -0.04557  4.00542e+01 | 17 -0.05300  4.23445e+01 | 18 -0.04150  5.63305e+01
 19 -0.05452  5.12509e+01 | 20 -0.07368  4.18322e+01 | 21 -0.02244  8.78426e+01
 22 -0.01808  9.08789e+01 | 23 -0.05091  6.38030e+01 | 24 -0.03380  8.15809e+01
 25 -0.05733  6.44968e+01 | 26 -0.06738  6.22141e+01 | 27 -0.11284  3.21660e+01
 28  0.00553  1.62758e+02 | 29  0.01046  1.98236e+02 | 30 -0.10306  7.65599e+01
 31 -0.13486  4.52174e+01 | 32 -0.06423  8.16260e+01 | 33  0.02839  1.23789e+02
 34 -0.12050  3.22587e+01 | 35 -0.00190  7.86367e+01 | 36 -0.05082  5.20807e+01
 37 -0.02926  8.46257e+01 | 38  0.02147  9.96586e+01 | 39 -0.05646  6.03081e+01
 40 -0.04006  6.18633e+01 | 41 -0.03308  6.54172e+01 | 42  0.00451  7.84543e+01
 43 -0.01474  5.98096e+01 | 44 -0.03161  5.62431e+01 | 45 -0.03327  5.35936e+01
 46 -0.03666  5.34684e+01 | 47 -0.09166  3.06661e+01 | 48 -0.06161  3.97881e+01
 49 -0.09269  1.14828e+01 | 50  0.06658  3.01455e+00 | 51 -0.10113 -3.74177e-01
 52 -0.03909 -2.76070e+00 | 53 -0.07758 -2.14717e+00 | 54 -0.06011 -3.71789e+00
 55 -0.03149 -5.70991e+00 | 56 -0.08665 -3.30410e+00 | 57 -0.04808 -4.35840e+00
 58 -0.00036 -5.97722e+00 | 59 -0.01470 -5.37533e+00 | 60 -0.02634 -3.38008e+00
 61 -0.06836 -2.88585e+00 | 62 -0.00637 -6.22243e+00 | 63 -0.06673 -4.19750e+00
 64 -0.10997 -2.32591e+00 | 65 -0.04773 -4.07460e+00 | 66 -0.11674 -2.43523e+00
 67 -0.08765 -2.64922e+00 | 68 -0.07132 -2.44139e+00 | 69  0.01181 -5.44924e+00
 70 -0.03074 -6.10006e+00 | 71 -0.21650 -9.87530e-01 | 72 -0.09885 -1.40859e+00
 73 -0.08837 -3.10864e-01 | 74 -0.04006 -3.31558e-02 | 75 -0.03702 -2.13926e-03
 76 -0.43754  3.04728e+01 | 77  4.32841 -4.70896e-02 | 78 -0.26721  2.15039e+03
 79 -1.21467  2.59388e+01 | 80  0.94098  3.11277e+00 | 81 -0.00311 -2.52815e+01
 82  0.43220 -1.23885e-01 | 83 -0.32916  3.56533e-03 |
83 variables; iteration 500; function evaluation 612; phase 3
Function value -1.2822192e+02; maximum gradient component mag 4.1434e+03
Var    Value     Gradient |Var    Value     Gradient |Var    Value     Gradient
  1  0.01498  4.14342e+03 |  2 -0.00531  4.87549e+00 |  3 -0.00672  5.67440e+00
  4 -0.02186  6.30439e+00 |  5 -0.02362  7.22572e+00 |  6 -0.02717  7.75154e+00
  7 -0.02511  1.03590e+01 |  8 -0.02930  1.10419e+01 |  9 -0.03312  1.19843e+01
 10 -0.02961  1.58713e+01 | 11 -0.03002  1.85714e+01 | 12 -0.04086  1.70391e+01
 13 -0.03668  2.20860e+01 | 14 -0.03981  2.41840e+01 | 15 -0.04317  2.67340e+01
 16 -0.04507  3.01591e+01 | 17 -0.05386  3.07719e+01 | 18 -0.04288  4.19108e+01
 19 -0.05586  3.73961e+01 | 20 -0.05833  3.91643e+01 | 21 -0.02557  6.52691e+01
 22 -0.03066  6.00016e+01 | 23 -0.05199  4.63412e+01 | 24 -0.04428  5.41930e+01
 25 -0.05777  4.84862e+01 | 26 -0.07273  4.49413e+01 | 27 -0.10426  2.99767e+01
 28  0.01471  1.63350e+02 | 29 -0.00137  1.72130e+02 | 30 -0.10475  7.43718e+01
 31 -0.10382  7.33194e+01 | 32 -0.09169  7.04383e+01 | 33  0.03316  2.10374e+02
 34 -0.12501  5.20112e+01 | 35 -0.00266  1.26765e+02 | 36 -0.04995  8.00551e+01
 37 -0.03056  7.55206e+01 | 38  0.02110  7.56828e+01 | 39 -0.05723  3.73457e+01
 40 -0.04061  2.72836e+01 | 41 -0.03354  2.61710e+01 | 42  0.00359  2.60892e+01
 43 -0.01545  1.87815e+01 | 44 -0.03234  1.83914e+01 | 45 -0.03377  1.85354e+01
 46 -0.03799  1.25685e+01 | 47 -0.09194  8.24986e+00 | 48 -0.06325  2.07583e+00
 49 -0.09033  3.45128e+00 | 50  0.06529 -1.12104e+01 | 51 -0.10189 -3.68834e+00
 52 -0.03933 -4.45627e+00 | 53 -0.07821 -3.21437e+00 | 54 -0.06005 -2.46490e+00
 55 -0.03220 -4.41512e+00 | 56 -0.08695 -1.91231e+00 | 57 -0.04818 -2.57656e+00
 58 -0.00084 -3.15863e+00 | 59 -0.01513 -2.28844e+00 | 60 -0.02709 -1.08238e+00
 61 -0.06838 -9.19935e-01 | 62 -0.00699 -2.18012e+00 | 63 -0.06718 -5.04891e-01
 64 -0.11067 -7.77275e-01 | 65 -0.04794  7.58373e-01 | 66 -0.11774 -3.77053e-01
 67 -0.08769  1.97983e-01 | 68 -0.07124 -3.54514e-01 | 69  0.01155 -1.35350e+00
 70 -0.03164 -2.58913e+00 | 71 -0.21692 -4.40240e-01 | 72 -0.09901 -1.04642e+00
 73 -0.08821 -1.88561e-02 | 74 -0.04017 -6.25828e-02 | 75 -0.03697  9.83601e-03
 76 -0.43646  1.41934e+01 | 77  4.26765  2.06402e-02 | 78 -0.26691  1.79713e+03
 79 -1.21519  2.28908e+01 | 80  0.91595  3.90146e+00 | 81 -0.00226 -2.33875e+01
 82  0.43353 -1.87754e-01 | 83 -0.32161  6.50090e-03 |
83 variables; iteration 520; function evaluation 638; phase 3
Function value -1.2884616e+02; maximum gradient component mag 6.0987e+03
Var    Value     Gradient |Var    Value     Gradient |Var    Value     Gradient
  1  0.01509  6.09873e+03 |  2 -0.00581  6.88524e+00 |  3 -0.00592  8.52065e+00
  4 -0.02173  9.11059e+00 |  5 -0.02313  1.06598e+01 |  6 -0.02384  1.27404e+01
  7 -0.02429  1.52475e+01 |  8 -0.02888  1.64355e+01 |  9 -0.02854  1.98636e+01
 10 -0.03212  2.18060e+01 | 11 -0.03282  2.53687e+01 | 12 -0.03530  2.84642e+01
 13 -0.03796  3.15578e+01 | 14 -0.03834  3.63248e+01 | 15 -0.03965  4.15346e+01
 16 -0.04208  4.62729e+01 | 17 -0.04698  5.06302e+01 | 18 -0.04584  5.78443e+01
 19 -0.04889  6.03238e+01 | 20 -0.04648  6.64440e+01 | 21 -0.04883  6.69867e+01
 22 -0.04468  6.81077e+01 | 23 -0.05434  6.25203e+01 | 24 -0.05828  6.34150e+01
 25 -0.05142  7.71330e+01 | 26 -0.06259  7.93020e+01 | 27 -0.07268  7.85035e+01
 28  0.00190  1.94974e+02 | 29  0.00014  2.22141e+02 | 30 -0.10347  9.52782e+01
 31 -0.09436  9.89651e+01 | 32 -0.11174  6.61259e+01 | 33  0.03635  2.45766e+02
 34 -0.13073  4.53723e+01 | 35 -0.00179  1.31135e+02 | 36 -0.05259  6.46692e+01
 37 -0.02930  9.25800e+01 | 38  0.02010  1.04480e+02 | 39 -0.05801  5.99780e+01
 40 -0.04092  7.35930e+01 | 41 -0.03404  7.90483e+01 | 42  0.00281  9.66483e+01
 43 -0.01600  8.44700e+01 | 44 -0.03306  6.90979e+01 | 45 -0.03451  6.56737e+01
 46 -0.03886  5.88959e+01 | 47 -0.09274  3.29048e+01 | 48 -0.06377  3.48027e+01
 49 -0.08997  1.13127e+01 | 50  0.06475 -8.89289e+00 | 51 -0.10338 -5.09400e+00
 52 -0.03955 -6.80426e+00 | 53 -0.07884 -4.82094e+00 | 54 -0.06022 -4.75081e+00
 55 -0.03253 -6.70775e+00 | 56 -0.08743 -3.81930e+00 | 57 -0.04821 -5.05913e+00
 58 -0.00119 -5.98422e+00 | 59 -0.01561 -4.23137e+00 | 60 -0.02767 -2.28266e+00
 61 -0.06880 -2.22191e+00 | 62 -0.00714 -3.79734e+00 | 63 -0.06816 -1.62622e+00
 64 -0.11093 -1.29908e+00 | 65 -0.04821 -8.81941e-02 | 66 -0.11849 -1.06922e+00
 67 -0.08799 -6.25532e-01 | 68 -0.07147 -1.40552e+00 | 69  0.01149 -3.64965e+00
 70 -0.03267 -4.84942e+00 | 71 -0.21746 -8.77413e-01 | 72 -0.09912 -1.73683e+00
 73 -0.08874 -4.46827e-01 | 74 -0.03999 -4.14858e-02 | 75 -0.03701 -4.54968e-03
 76 -0.43287  4.78252e+01 | 77  4.19355 -6.22051e-01 | 78 -0.26631  2.41306e+03
 79 -1.24480  3.81091e+01 | 80  0.89467  5.79159e+00 | 81 -0.00342 -2.78022e+01
 82  0.43592 -2.62636e-01 | 83 -0.30379  1.08661e-02 |
83 variables; iteration 540; function evaluation 660; phase 3
Function value -1.2932868e+02; maximum gradient component mag 5.5348e+02
Var    Value     Gradient |Var    Value     Gradient |Var    Value     Gradient
  1  0.01517  1.71845e+02 |  2 -0.00424  9.88212e-01 |  3 -0.00581  9.51824e-01
  4 -0.02259  8.30575e-01 |  5 -0.02269  1.25203e+00 |  6 -0.02460  1.25004e+00
  7 -0.02754  1.01491e+00 |  8 -0.02409  2.63779e+00 |  9 -0.02876  2.03529e+00
 10 -0.03135  2.05384e+00 | 11 -0.03456  1.94632e+00 | 12 -0.03358  3.13346e+00
 13 -0.03710  3.07052e+00 | 14 -0.03826  3.78015e+00 | 15 -0.04122  4.07689e+00
 16 -0.04322  4.74748e+00 | 17 -0.04621  5.37188e+00 | 18 -0.04752  6.20488e+00
 19 -0.04753  7.20306e+00 | 20 -0.04789  7.88375e+00 | 21 -0.06120  3.51303e+00
 22 -0.05771  4.29301e+00 | 23 -0.05743  4.90923e+00 | 24 -0.06387  3.44778e+00
 25 -0.05303  8.83594e+00 | 26 -0.05279  1.08231e+01 | 27 -0.04141  1.34509e+01
 28 -0.00823  2.53220e+01 | 29 -0.00574  4.23714e+01 | 30 -0.09993  1.66599e+01
 31 -0.08954  1.63594e+01 | 32 -0.11169 -5.06535e+00 | 33  0.03448  4.26678e+00
 34 -0.12934 -5.57060e+00 | 35 -0.00217  4.85250e+00 | 36 -0.05358 -1.67317e+01
 37 -0.02906  1.24837e+01 | 38  0.01931 -8.59668e+00 | 39 -0.05842 -3.01472e-02
 40 -0.04166 -1.02106e+01 | 41 -0.03427 -6.72861e+00 | 42  0.00218 -1.83362e+01
 43 -0.01688 -1.67120e+01 | 44 -0.03366 -1.41306e+01 | 45 -0.03493 -1.09046e+01
 46 -0.03996 -1.49506e+01 | 47 -0.09298 -7.16089e+00 | 48 -0.06481 -1.38065e+01
 49 -0.08918 -2.41422e+00 | 50  0.06380 -4.29416e+00 | 51 -0.10327  4.04869e-01
 52 -0.04042  2.95778e-01 | 53 -0.07940  1.15554e-01 | 54 -0.06064  7.05606e-01
 55 -0.03291  8.79904e-01 | 56 -0.08807  6.58049e-01 | 57 -0.04826  1.20776e+00
 58 -0.00170  9.80834e-01 | 59 -0.01603  3.79705e-01 | 60 -0.02873 -1.08010e-01
 61 -0.06911  4.53493e-01 | 62 -0.00750  3.33824e-01 | 63 -0.06923  1.24116e-01
 64 -0.11112 -2.08139e-01 | 65 -0.04896 -5.61972e-01 | 66 -0.11872 -1.80187e-01
 67 -0.08868 -4.83586e-01 | 68 -0.07178 -2.84087e-01 | 69  0.01106  4.68569e-01
 70 -0.03352 -1.42758e-01 | 71 -0.21862 -1.42535e-01 | 72 -0.09936 -1.22056e-01
 73 -0.08806  6.54958e-02 | 74 -0.03985  5.93845e-03 | 75 -0.03706  5.87787e-03
 76 -0.42908 -3.82578e+01 | 77  4.12905  2.98105e+00 | 78 -0.26569  5.53479e+02
 79 -1.27019  1.17581e+01 | 80  0.89079  9.66119e-01 | 81 -0.00172  1.01810e+00
 82  0.43787 -3.40786e-01 | 83 -0.29927  1.61549e-02 |
83 variables; iteration 560; function evaluation 683; phase 3
Function value -1.2993276e+02; maximum gradient component mag 6.2969e+03
Var    Value     Gradient |Var    Value     Gradient |Var    Value     Gradient
  1  0.01491  6.29693e+03 |  2 -0.00532  5.01517e+00 |  3 -0.00598  6.07453e+00
  4 -0.02237  6.33781e+00 |  5 -0.02245  7.82823e+00 |  6 -0.02436  8.95063e+00
  7 -0.02651  1.01990e+01 |  8 -0.02654  1.24257e+01 |  9 -0.02911  1.39387e+01
 10 -0.03231  1.52980e+01 | 11 -0.03380  1.75712e+01 | 12 -0.03396  2.07262e+01
 13 -0.03714  2.25747e+01 | 14 -0.04039  2.46617e+01 | 15 -0.04152  2.84139e+01
 16 -0.04434  3.13887e+01 | 17 -0.04604  3.59512e+01 | 18 -0.04944  3.82958e+01
 19 -0.05006  4.09535e+01 | 20 -0.05161  4.21985e+01 | 21 -0.06730  3.31305e+01
 22 -0.06141  3.47567e+01 | 23 -0.06016  3.75253e+01 | 24 -0.06249  3.98884e+01
 25 -0.05669  5.12055e+01 | 26 -0.04992  7.01185e+01 | 27 -0.01751  1.10638e+02
 28 -0.00691  1.28745e+02 | 29 -0.01903  1.30114e+02 | 30 -0.09579  7.45034e+01
 31 -0.09203  8.35891e+01 | 32 -0.09144  7.17487e+01 | 33  0.03015  1.74154e+02
 34 -0.12682  4.76231e+01 | 35 -0.00109  1.65559e+02 | 36 -0.05541  8.58353e+01
 37 -0.02670  1.69662e+02 | 38  0.01828  1.81660e+02 | 39 -0.05706  1.21269e+02
 40 -0.04181  1.38241e+02 | 41 -0.03380  1.49151e+02 | 42  0.00232  1.71014e+02
 43 -0.01664  1.35032e+02 | 44 -0.03378  9.79116e+01 | 45 -0.03477  8.71684e+01
 46 -0.03987  6.58665e+01 | 47 -0.09306  3.66309e+01 | 48 -0.06401  3.50393e+01
 49 -0.09023  1.42354e+01 | 50  0.06467  1.09918e+01 | 51 -0.10487  5.14063e-01
 52 -0.04005 -1.06170e+00 | 53 -0.07970 -1.05326e+00 | 54 -0.06061 -3.00006e+00
 55 -0.03236 -1.95334e+00 | 56 -0.08809 -1.76139e+00 | 57 -0.04788 -1.58934e+00
 58 -0.00137 -1.66543e+00 | 59 -0.01594 -1.33412e+00 | 60 -0.02864 -5.11077e-01
 61 -0.06935  1.25313e-02 | 62 -0.00698 -1.04280e-01 | 63 -0.06918 -2.46112e-01
 64 -0.11144 -5.75924e-01 | 65 -0.04845 -1.14191e-01 | 66 -0.11885 -5.43640e-01
 67 -0.08865 -1.38274e+00 | 68 -0.07212 -1.47521e+00 | 69  0.01134 -1.97150e+00
 70 -0.03368 -1.57587e+00 | 71 -0.21872 -2.51381e-01 | 72 -0.09930 -4.55000e-01
 73 -0.08748 -1.76346e-02 | 74 -0.03936  7.19033e-02 | 75 -0.03725 -5.12367e-02
 76 -0.42591  8.07001e+01 | 77  4.05770 -6.50941e+00 | 78 -0.26508  2.17965e+03
 79 -1.30572  5.06233e+01 | 80  0.90580  3.42560e+00 | 81  0.00041 -1.59065e+01
 82  0.44010 -3.73071e-01 | 83 -0.29926  3.14041e-02 |
83 variables; iteration 580; function evaluation 707; phase 3
Function value -1.3091378e+02; maximum gradient component mag 8.3010e+03
Var    Value     Gradient |Var    Value     Gradient |Var    Value     Gradient
  1  0.01468  8.30100e+03 |  2 -0.00537  7.49114e+00 |  3 -0.00646  8.90869e+00
  4 -0.02166  9.73768e+00 |  5 -0.02276  1.15019e+01 |  6 -0.02430  1.34194e+01
  7 -0.02468  1.61039e+01 |  8 -0.02527  1.90829e+01 |  9 -0.02810  2.14215e+01
 10 -0.03032  2.41719e+01 | 11 -0.03264  2.72219e+01 | 12 -0.03346  3.14596e+01
 13 -0.03185  3.71532e+01 | 14 -0.03870  3.84917e+01 | 15 -0.03992  4.39625e+01
 16 -0.04478  4.71705e+01 | 17 -0.04123  5.77265e+01 | 18 -0.05201  5.58853e+01
 19 -0.04734  6.38485e+01 | 20 -0.04758  6.67566e+01 | 21 -0.07666  4.49718e+01
 22 -0.06645  5.00654e+01 | 23 -0.04991  6.69470e+01 | 24 -0.06006  6.40936e+01
 25 -0.05798  7.55174e+01 | 26 -0.05272  9.93968e+01 | 27 -0.03505  1.34727e+02
 28  0.00743  2.17266e+02 | 29 -0.02315  1.86905e+02 | 30 -0.09144  1.22197e+02
 31 -0.10897  1.14935e+02 | 32 -0.06901  1.60606e+02 | 33  0.02475  2.78971e+02
 34 -0.12280  8.56000e+01 | 35 -0.00143  2.31261e+02 | 36 -0.05427  1.24923e+02
 37 -0.02826  1.88690e+02 | 38  0.01977  2.33841e+02 | 39 -0.05936  1.30213e+02
 40 -0.04117  1.55739e+02 | 41 -0.03400  1.58426e+02 | 42  0.00230  1.79760e+02
 43 -0.01719  1.41939e+02 | 44 -0.03432  1.05791e+02 | 45 -0.03506  9.65305e+01
 46 -0.04047  7.34113e+01 | 47 -0.09344  4.05993e+01 | 48 -0.06351  3.15618e+01
 49 -0.09286  1.13169e+01 | 50  0.06557 -5.76112e+00 | 51 -0.10752 -4.48324e+00
 52 -0.03957 -6.36648e+00 | 53 -0.08142 -4.59666e+00 | 54 -0.06021 -5.30170e+00
 55 -0.03217 -5.93192e+00 | 56 -0.08801 -4.14867e+00 | 57 -0.04767 -5.11544e+00
 58 -0.00136 -6.56349e+00 | 59 -0.01585 -5.05455e+00 | 60 -0.02946 -6.08363e+00
 61 -0.07016 -3.76577e+00 | 62 -0.00665 -6.21317e+00 | 63 -0.06963 -3.50580e+00
 64 -0.11213 -2.26125e+00 | 65 -0.04855 -4.24275e+00 | 66 -0.11925 -2.10775e+00
 67 -0.08927 -2.86410e+00 | 68 -0.07354 -3.26953e+00 | 69  0.01123 -5.08375e+00
 70 -0.03408 -3.35773e+00 | 71 -0.21960 -6.90501e-01 | 72 -0.09991 -1.59460e+00
 73 -0.08687 -2.71892e-01 | 74 -0.03913  2.85489e-02 | 75 -0.03722 -4.38892e-02
 76 -0.42223  1.37242e+02 | 77  3.98822 -2.63586e+01 | 78 -0.26471  2.66558e+03
 79 -1.33379  7.05247e+01 | 80  0.93608  2.42715e+00 | 81  0.00812 -1.22466e+01
 82  0.44107 -7.37844e-02 | 83 -0.31181  4.34093e-02 |
83 variables; iteration 600; function evaluation 728; phase 3
Function value -1.3121977e+02; maximum gradient component mag 1.8934e+03
Var    Value     Gradient |Var    Value     Gradient |Var    Value     Gradient
  1  0.01454  1.89341e+03 |  2 -0.00534  1.15158e+00 |  3 -0.00625  1.37933e+00
  4 -0.02238  1.46456e+00 |  5 -0.02278  1.91974e+00 |  6 -0.02393  2.25663e+00
  7 -0.02623  2.34453e+00 |  8 -0.02633  3.14921e+00 |  9 -0.02699  3.88427e+00
 10 -0.02994  3.99138e+00 | 11 -0.03023  5.00159e+00 | 12 -0.02729  7.16893e+00
 13 -0.03773  5.02958e+00 | 14 -0.03633  6.86891e+00 | 15 -0.03611  8.60866e+00
 16 -0.04417  7.44104e+00 | 17 -0.04070  1.07744e+01 | 18 -0.04973  9.00717e+00
 19 -0.04712  1.12041e+01 | 20 -0.03966  1.50851e+01 | 21 -0.08676 -2.31528e+00
 22 -0.05532  8.72118e+00 | 23 -0.05311  1.06537e+01 | 24 -0.05648  1.07859e+01
 25 -0.05540  1.37003e+01 | 26 -0.05500  1.79055e+01 | 27 -0.05269  2.04888e+01
 28  0.01091  5.61196e+01 | 29 -0.01219  5.61799e+01 | 30 -0.10311  2.63504e+01
 31 -0.11366  3.28458e+01 | 32 -0.06731  6.15508e+01 | 33  0.02576  9.97061e+01
 34 -0.12228  3.36539e+01 | 35 -0.00226  7.92338e+01 | 36 -0.05222  3.74486e+01
 37 -0.02962  5.55414e+01 | 38  0.02084  5.23713e+01 | 39 -0.05992  3.05928e+01
 40 -0.04078  2.89121e+01 | 41 -0.03437  2.73351e+01 | 42  0.00272  2.85604e+01
 43 -0.01740  1.91840e+01 | 44 -0.03427  1.24054e+01 | 45 -0.03542  1.01422e+01
 46 -0.04062  6.34293e+00 | 47 -0.09364  3.03309e+00 | 48 -0.06299  4.10443e-01
 49 -0.09502 -3.30410e-01 | 50  0.06653  4.78652e-01 | 51 -0.10728  4.89308e-01
 52 -0.03930 -4.89221e-01 | 53 -0.08138 -1.07615e-01 | 54 -0.05980 -4.91461e-01
 55 -0.03152 -2.68844e-01 | 56 -0.08751 -7.96351e-02 | 57 -0.04731 -1.91461e-01
 58 -0.00083 -1.07263e-01 | 59 -0.01582 -1.40618e-01 | 60 -0.02904  2.05770e-01
 61 -0.07062 -1.62324e-01 | 62 -0.00594  1.68738e-01 | 63 -0.06939  2.38663e-01
 64 -0.11274 -1.66519e-01 | 65 -0.04798  3.42108e-01 | 66 -0.11952 -3.41244e-03
 67 -0.08941 -2.91584e-01 | 68 -0.07421 -8.05670e-01 | 69  0.01174 -8.71874e-01
 70 -0.03378 -9.35083e-01 | 71 -0.21966 -4.74288e-02 | 72 -0.09995 -1.46833e-01
 73 -0.08576  3.44046e-02 | 74 -0.03884  8.58372e-03 | 75 -0.03686 -2.56554e-03
 76 -0.42045  2.48919e+00 | 77  3.96897  7.27459e+00 | 78 -0.26479  6.31100e+02
 79 -1.34070  1.79659e+01 | 80  0.94770 -2.15445e-01 | 81  0.01266  1.66109e+01
 82  0.44049 -4.32106e-01 | 83 -0.32198  4.89200e-02 |
83 variables; iteration 620; function evaluation 748; phase 3
Function value -1.3153138e+02; maximum gradient component mag 4.5970e+03
Var    Value     Gradient |Var    Value     Gradient |Var    Value     Gradient
  1  0.01454  4.59705e+03 |  2 -0.00547  3.21650e+00 |  3 -0.00744  3.55014e+00
  4 -0.02185  4.27680e+00 |  5 -0.02265  5.12967e+00 |  6 -0.02603  5.34559e+00
  7 -0.02411  7.37142e+00 |  8 -0.02594  8.40150e+00 |  9 -0.02438  1.07476e+01
 10 -0.03443  9.12730e+00 | 11 -0.02972  1.29395e+01 | 12 -0.03411  1.36183e+01
 13 -0.03646  1.50952e+01 | 14 -0.03561  1.81655e+01 | 15 -0.03362  2.23444e+01
 16 -0.04330  2.12212e+01 | 17 -0.04376  2.50238e+01 | 18 -0.04884  2.56939e+01
 19 -0.04635  2.93094e+01 | 20 -0.03830  3.54319e+01 | 21 -0.09429  7.79541e+00
 22 -0.05213  2.71528e+01 | 23 -0.06304  2.36895e+01 | 24 -0.04469  3.72243e+01
 25 -0.05783  3.44304e+01 | 26 -0.05726  4.30951e+01 | 27 -0.04023  6.09659e+01
 28  0.00101  1.05224e+02 | 29 -0.00987  1.15539e+02 | 30 -0.09850  6.13544e+01
 31 -0.11064  6.39188e+01 | 32 -0.07453  9.90540e+01 | 33  0.02768  2.31078e+02
 34 -0.12467  7.07991e+01 | 35 -0.00256  1.79714e+02 | 36 -0.05174  1.14271e+02
 37 -0.03071  1.25854e+02 | 38  0.02072  1.56105e+02 | 39 -0.06025  7.79255e+01
 40 -0.04124  7.32438e+01 | 41 -0.03424  7.28580e+01 | 42  0.00250  7.54339e+01
 43 -0.01767  5.41684e+01 | 44 -0.03456  4.28569e+01 | 45 -0.03564  3.98121e+01
 46 -0.04103  3.04266e+01 | 47 -0.09379  1.89416e+01 | 48 -0.06314  1.37971e+01
 49 -0.09547  6.33963e+00 | 50  0.06644  1.85523e+00 | 51 -0.10703  1.85064e+00
 52 -0.03961 -1.99492e+00 | 53 -0.08169 -1.91942e+00 | 54 -0.05984 -3.08219e+00
 55 -0.03163 -4.37710e+00 | 56 -0.08760 -2.86178e+00 | 57 -0.04737 -4.29157e+00
 58 -0.00096 -5.94591e+00 | 59 -0.01597 -5.32104e+00 | 60 -0.02935 -4.43104e+00
 61 -0.07090 -3.41122e+00 | 62 -0.00593 -5.12101e+00 | 63 -0.06984 -3.03823e+00
 64 -0.11276 -1.87850e+00 | 65 -0.04822 -3.20617e+00 | 66 -0.11959 -1.30229e+00
 67 -0.08975 -1.67609e+00 | 68 -0.07446 -1.76609e+00 | 69  0.01157 -4.51784e+00
 70 -0.03399 -3.17164e+00 | 71 -0.22014 -5.65109e-01 | 72 -0.10011 -6.11710e-01
 73 -0.08556  1.51290e-02 | 74 -0.03890 -1.80665e-02 | 75 -0.03679  1.64930e-02
 76 -0.41912  7.30678e+01 | 77  3.96347 -1.18779e+01 | 78 -0.26471  1.47191e+03
 79 -1.34479  4.08822e+01 | 80  0.93584  2.05055e+00 | 81  0.00529 -1.34967e+01
 82  0.44158  3.69852e-01 | 83 -0.33076  4.95355e-02 |
83 variables; iteration 640; function evaluation 770; phase 3
Function value -1.3186839e+02; maximum gradient component mag 5.0445e+03
Var    Value     Gradient |Var    Value     Gradient |Var    Value     Gradient
  1  0.01451  5.04446e+03 |  2 -0.00489  1.56561e+00 |  3 -0.00538  1.97359e+00
  4 -0.02156  2.06960e+00 |  5 -0.02202  2.59302e+00 |  6 -0.01878  4.26901e+00
  7 -0.02534  3.24247e+00 |  8 -0.02490  4.33056e+00 |  9 -0.02358  5.80930e+00
 10 -0.02932  5.17613e+00 | 11 -0.03132  5.78250e+00 | 12 -0.02397  9.59363e+00
 13 -0.03604  6.98262e+00 | 14 -0.03439  9.10958e+00 | 15 -0.04326  7.76724e+00
 16 -0.04632  8.47967e+00 | 17 -0.03935  1.34890e+01 | 18 -0.04633  1.26025e+01
 19 -0.04637  1.38786e+01 | 20 -0.05440  1.14982e+01 | 21 -0.10464 -6.83817e+00
 22 -0.04489  1.54977e+01 | 23 -0.04599  1.65763e+01 | 24 -0.05292  1.51058e+01
 25 -0.05420  1.65120e+01 | 26 -0.05998  1.66032e+01 | 27 -0.03799  2.57435e+01
 28 -0.00157  4.26848e+01 | 29 -0.01107  5.42305e+01 | 30 -0.09497  3.35440e+01
 31 -0.11039  3.76744e+01 | 32 -0.07366  6.73626e+01 | 33  0.02667  1.80428e+02
 34 -0.12473  7.12849e+01 | 35 -0.00282  2.15699e+02 | 36 -0.05195  1.65957e+02
 37 -0.03174  1.94634e+02 | 38  0.02083  2.83842e+02 | 39 -0.06205  1.38096e+02
 40 -0.04082  1.55840e+02 | 41 -0.03479  1.41175e+02 | 42  0.00237  1.55729e+02
 43 -0.01817  1.10260e+02 | 44 -0.03512  8.05796e+01 | 45 -0.03621  6.75022e+01
 46 -0.04157  5.41081e+01 | 47 -0.09442  2.88203e+01 | 48 -0.06287  2.81040e+01
 49 -0.09772  1.02036e+01 | 50  0.06698 -1.71629e+00 | 51 -0.10936 -1.02458e+00
 52 -0.03936 -3.51805e+00 | 53 -0.08291 -2.23018e+00 | 54 -0.05975 -2.21770e+00
 55 -0.03159 -3.42304e+00 | 56 -0.08793 -2.41455e+00 | 57 -0.04723 -2.25890e+00
 58 -0.00122 -3.51098e+00 | 59 -0.01598 -2.14525e+00 | 60 -0.03013 -2.35539e+00
 61 -0.07122 -9.43694e-01 | 62 -0.00606 -2.44413e+00 | 63 -0.06983 -3.20148e-01
 64 -0.11396 -3.76879e-01 | 65 -0.04804  8.39885e-01 | 66 -0.12048  1.71923e-02
 67 -0.09016  1.95920e-01 | 68 -0.07570 -4.26573e-01 | 69  0.01158 -1.43329e+00
 70 -0.03457 -2.82489e+00 | 71 -0.22065 -4.25000e-01 | 72 -0.10055 -3.56032e-01
 73 -0.08583 -3.70438e-01 | 74 -0.03860  6.78365e-03 | 75 -0.03691 -1.24968e-02
 76 -0.41690  1.24204e+02 | 77  3.94521 -2.54839e+01 | 78 -0.26450  1.57887e+03
 79 -1.35846  4.61493e+01 | 80  0.93220  3.64432e+00 | 81 -0.00281 -3.39087e+01
 82  0.44228  1.19001e+00 | 83 -0.35373  4.02587e-02 |
83 variables; iteration 660; function evaluation 793; phase 3
Function value -1.3250185e+02; maximum gradient component mag 6.0035e+03
Var    Value     Gradient |Var    Value     Gradient |Var    Value     Gradient
  1  0.01402  6.00353e+03 |  2 -0.00601  6.75095e+00 |  3 -0.00693  8.10901e+00
  4 -0.02311  8.56702e+00 |  5 -0.02388  1.02957e+01 |  6 -0.02510  1.21621e+01
  7 -0.02580  1.45322e+01 |  8 -0.02782  1.67093e+01 |  9 -0.02849  1.97171e+01
 10 -0.03046  2.23698e+01 | 11 -0.02987  2.65931e+01 | 12 -0.03293  2.94748e+01
 13 -0.03376  3.35042e+01 | 14 -0.03609  3.72164e+01 | 15 -0.03882  4.15016e+01
 16 -0.04190  4.55693e+01 | 17 -0.04413  5.15468e+01 | 18 -0.04776  5.48051e+01
 19 -0.04588  6.01864e+01 | 20 -0.05094  5.88493e+01 | 21 -0.10704  2.19128e+01
 22 -0.04437  6.38523e+01 | 23 -0.05134  6.36748e+01 | 24 -0.04743  7.35383e+01
 25 -0.04932  8.09974e+01 | 26 -0.05010  9.43981e+01 | 27 -0.04330  1.10352e+02
 28  0.01141  1.95984e+02 | 29 -0.02729  1.52312e+02 | 30 -0.08588  1.03557e+02
 31 -0.10529  8.87462e+01 | 32 -0.07848  1.06047e+02 | 33  0.02809  2.21268e+02
 34 -0.12530  6.07517e+01 | 35 -0.00278  1.35849e+02 | 36 -0.05090  9.73117e+01
 37 -0.03217  9.03223e+01 | 38  0.02172  1.37347e+02 | 39 -0.06286  6.31945e+01
 40 -0.04028  6.93829e+01 | 41 -0.03463  6.65889e+01 | 42  0.00263  8.06588e+01
 43 -0.01858  6.37914e+01 | 44 -0.03534  5.75990e+01 | 45 -0.03659  5.49857e+01
 46 -0.04239  5.13529e+01 | 47 -0.09465  2.76488e+01 | 48 -0.06221  3.01604e+01
 49 -0.09984  9.62414e+00 | 50  0.06849  1.30362e+00 | 51 -0.11184 -1.74163e+00
 52 -0.03803 -3.34525e+00 | 53 -0.08362 -2.21110e+00 | 54 -0.05866 -3.47549e+00
 55 -0.03057 -3.85557e+00 | 56 -0.08704 -2.29003e+00 | 57 -0.04620 -3.25793e+00
 58 -0.00035 -4.64994e+00 | 59 -0.01575 -4.37555e+00 | 60 -0.02989 -3.43896e+00
 61 -0.07180 -3.51410e+00 | 62 -0.00458 -6.36205e+00 | 63 -0.07062 -4.16610e+00
 64 -0.11366 -2.68012e+00 | 65 -0.04768 -5.85757e+00 | 66 -0.12052 -2.67014e+00
 67 -0.09053 -3.15174e+00 | 68 -0.07639 -2.78840e+00 | 69  0.01223 -5.28734e+00
 70 -0.03419 -1.43898e+00 | 71 -0.22121 -4.20055e-01 | 72 -0.10049 -6.30230e-01
 73 -0.08301  2.40146e-01 | 74 -0.03813 -3.18827e-02 | 75 -0.03643  3.13923e-02
 76 -0.41394  1.44279e+02 | 77  3.90983 -3.11919e+01 | 78 -0.26394  1.65425e+03
 79 -1.38106  5.52252e+01 | 80  0.93536  3.70230e+00 | 81 -0.00245 -2.81827e+01
 82  0.44203  1.78203e+00 | 83 -0.39204  8.87050e-02 |
83 variables; iteration 680; function evaluation 813; phase 3
Function value -1.3275757e+02; maximum gradient component mag 5.7719e+03
Var    Value     Gradient |Var    Value     Gradient |Var    Value     Gradient
  1  0.01409  5.77193e+03 |  2 -0.00463  5.13905e+00 |  3 -0.00565  6.08755e+00
  4 -0.02110  6.64588e+00 |  5 -0.02175  7.96103e+00 |  6 -0.02471  8.73694e+00
  7 -0.02433  1.08554e+01 |  8 -0.02631  1.24056e+01 |  9 -0.02780  1.43425e+01
 10 -0.02505  1.81407e+01 | 11 -0.03178  1.83556e+01 | 12 -0.03263  2.12780e+01
 13 -0.03437  2.38367e+01 | 14 -0.03696  2.63751e+01 | 15 -0.03605  3.13681e+01
 16 -0.04162  3.29707e+01 | 17 -0.04432  3.70843e+01 | 18 -0.04997  3.81246e+01
 19 -0.04563  4.40036e+01 | 20 -0.04127  4.91801e+01 | 21 -0.08879  2.08165e+01
 22 -0.05429  3.95964e+01 | 23 -0.05734  4.06827e+01 | 24 -0.05881  4.40943e+01
 25 -0.05111  5.71891e+01 | 26 -0.05318  6.80906e+01 | 27 -0.04651  8.28271e+01
 28  0.02121  1.75297e+02 | 29 -0.03954  1.12601e+02 | 30 -0.08293  9.11027e+01
 31 -0.10557  8.11149e+01 | 32 -0.07711  1.11069e+02 | 33  0.02730  2.64736e+02
 34 -0.12559  8.05711e+01 | 35 -0.00282  1.92548e+02 | 36 -0.05165  1.32066e+02
 37 -0.03214  1.30863e+02 | 38  0.02142  1.91897e+02 | 39 -0.06367  8.30683e+01
 40 -0.04025  9.59358e+01 | 41 -0.03495  8.27140e+01 | 42  0.00228  9.27497e+01
 43 -0.01894  6.46249e+01 | 44 -0.03577  4.86333e+01 | 45 -0.03681  4.19975e+01
 46 -0.04300  3.18764e+01 | 47 -0.09492  1.65275e+01 | 48 -0.06289  1.29876e+01
 49 -0.09881  5.86940e+00 | 50  0.06778 -5.59686e+00 | 51 -0.11185 -2.40984e+00
 52 -0.03825 -3.47468e+00 | 53 -0.08383 -2.28900e+00 | 54 -0.05879 -2.55570e+00
 55 -0.03084 -3.06359e+00 | 56 -0.08740 -2.09694e+00 | 57 -0.04621 -2.36835e+00
 58 -0.00070 -3.64552e+00 | 59 -0.01581 -2.82398e+00 | 60 -0.03048 -3.30115e+00
 61 -0.07162 -1.86184e+00 | 62 -0.00502 -3.24662e+00 | 63 -0.07066 -1.62648e+00
 64 -0.11406 -1.20029e+00 | 65 -0.04781 -2.11744e+00 | 66 -0.12101 -1.18671e+00
 67 -0.09059 -1.36351e+00 | 68 -0.07645 -1.18368e+00 | 69  0.01207 -2.35956e+00
 70 -0.03482 -1.28203e+00 | 71 -0.22123 -3.20285e-01 | 72 -0.10045 -3.60407e-01
 73 -0.08383  2.66834e-02 | 74 -0.03789  2.02079e-02 | 75 -0.03663 -9.56537e-03
 76 -0.41573  1.52093e+02 | 77  3.89931 -3.14224e+01 | 78 -0.26386  1.60405e+03
 79 -1.37930  5.36974e+01 | 80  0.92828  4.55702e+00 | 81 -0.00557 -3.56528e+01
 82  0.43895 -2.14839e+00 | 83 -0.42406  9.26295e-02 |
83 variables; iteration 700; function evaluation 833; phase 3
Function value -1.3285389e+02; maximum gradient component mag 1.4908e+03
Var    Value     Gradient |Var    Value     Gradient |Var    Value     Gradient
  1  0.01399  1.49075e+03 |  2 -0.00477  4.96393e-01 |  3 -0.00565  5.74828e-01
  4 -0.02172  6.18635e-01 |  5 -0.02157  1.02717e+00 |  6 -0.02428  7.24290e-01
  7 -0.02554  8.55664e-01 |  8 -0.02605  1.24940e+00 |  9 -0.02828  1.22136e+00
 10 -0.03127  1.00282e+00 | 11 -0.03167  1.57291e+00 | 12 -0.03042  2.68971e+00
 13 -0.03563  1.93301e+00 | 14 -0.03707  2.36496e+00 | 15 -0.03687  3.44509e+00
 16 -0.04167  2.97797e+00 | 17 -0.04220  4.07835e+00 | 18 -0.04726  3.40567e+00
 19 -0.04748  4.05378e+00 | 20 -0.04215  6.37858e+00 | 21 -0.08668 -7.78692e+00
 22 -0.06278 -5.39682e-01 | 23 -0.05441  2.80252e+00 | 24 -0.06522  4.27617e-02
 25 -0.04793  7.19191e+00 | 26 -0.05215  7.06228e+00 | 27 -0.03629  9.79744e+00
 28  0.01860  2.06722e+01 | 29 -0.04368  6.50990e+00 | 30 -0.07984  9.64294e+00
 31 -0.10107  1.13074e+01 | 32 -0.08293  1.95365e+01 | 33  0.02851  7.06508e+01
 34 -0.12703  2.56324e+01 | 35 -0.00275  7.23536e+01 | 36 -0.05156  6.14930e+01
 37 -0.03223  5.73010e+01 | 38  0.02144  1.00063e+02 | 39 -0.06401  4.01957e+01
 40 -0.04028  4.65451e+01 | 41 -0.03483  3.91444e+01 | 42  0.00205  3.89494e+01
 43 -0.01911  2.59396e+01 | 44 -0.03599  1.54504e+01 | 45 -0.03700  1.11290e+01
 46 -0.04342  8.32066e+00 | 47 -0.09506  3.66552e+00 | 48 -0.06295  4.13390e+00
 49 -0.09873  2.65833e-01 | 50  0.06781  1.25284e+00 | 51 -0.11221 -1.28339e-01
 52 -0.03818 -4.10692e-01 | 53 -0.08404 -3.35711e-01 | 54 -0.05854 -4.78394e-01
 55 -0.03081 -6.89224e-01 | 56 -0.08726 -3.18346e-01 | 57 -0.04598 -9.10999e-02
 58 -0.00062 -4.05745e-01 | 59 -0.01594 -2.16369e-01 | 60 -0.03054 -2.04457e-01
 61 -0.07178 -1.65547e-01 | 62 -0.00481 -5.10450e-01 | 63 -0.07103 -2.59440e-01
 64 -0.11410 -1.91838e-01 | 65 -0.04776 -4.37602e-01 | 66 -0.12128 -2.67808e-01
 67 -0.09064 -2.93379e-01 | 68 -0.07667 -3.94882e-01 | 69  0.01228 -1.00950e+00
 70 -0.03525 -1.16426e+00 | 71 -0.22110 -9.82521e-02 | 72 -0.10043 -2.59073e-01
 73 -0.08343  5.91493e-02 | 74 -0.03776  2.47847e-02 | 75 -0.03667 -3.31196e-02
 76 -0.41465  4.24143e+01 | 77  3.89144 -7.94051e+00 | 78 -0.26362  3.06516e+02
 79 -1.38414  1.20366e+01 | 80  0.92088  2.70906e+00 | 81 -0.00595 -1.89008e+01
 82  0.44007 -2.07430e+00 | 83 -0.44773  1.23449e-01 |
83 variables; iteration 720; function evaluation 853; phase 3
Function value -1.3289943e+02; maximum gradient component mag -1.2591e+02
Var    Value     Gradient |Var    Value     Gradient |Var    Value     Gradient
  1  0.01401 -1.21461e+02 |  2 -0.00433 -9.95050e-01 |  3 -0.00381 -8.89645e-01
  4 -0.02141 -1.33519e+00 |  5 -0.02094 -1.24981e+00 |  6 -0.02345 -1.91121e+00
  7 -0.02620 -2.63951e+00 |  8 -0.02699 -2.89770e+00 |  9 -0.02829 -3.28762e+00
 10 -0.03103 -4.03085e+00 | 11 -0.03244 -4.47108e+00 | 12 -0.03315 -4.77938e+00
 13 -0.03558 -5.47441e+00 | 14 -0.03900 -6.42366e+00 | 15 -0.03693 -6.12888e+00
 16 -0.04128 -7.35162e+00 | 17 -0.04058 -7.46842e+00 | 18 -0.04754 -9.29475e+00
 19 -0.04766 -9.41755e+00 | 20 -0.04229 -8.23212e+00 | 21 -0.08114 -1.67713e+01
 22 -0.06453 -1.28635e+01 | 23 -0.05959 -1.19168e+01 | 24 -0.06570 -1.36520e+01
 25 -0.05010 -1.11954e+01 | 26 -0.05520 -1.44868e+01 | 27 -0.02754 -1.67944e+01
 28  0.01678 -2.69368e+01 | 29 -0.04638 -2.51741e+01 | 30 -0.07892 -1.62913e+01
 31 -0.09928 -1.08547e+01 | 32 -0.08378 -7.43724e+00 | 33  0.02821  1.14920e+00
 34 -0.12696  7.40973e+00 | 35 -0.00283  2.99739e+01 | 36 -0.05164  3.33794e+01
 37 -0.03222  2.56897e+01 | 38  0.02128  5.47466e+01 | 39 -0.06416  1.77347e+01
 40 -0.04037  1.99436e+01 | 41 -0.03487  1.27702e+01 | 42  0.00186  6.67115e+00
 43 -0.01934  1.24151e+00 | 44 -0.03607 -2.92476e+00 | 45 -0.03713 -4.98988e+00
 46 -0.04363 -3.53457e+00 | 47 -0.09522 -3.30014e+00 | 48 -0.06321 -1.21786e+00
 49 -0.09802 -1.84438e+00 | 50  0.06744  2.47464e+00 | 51 -0.11230  2.93947e-01
 52 -0.03834  1.32041e+00 | 53 -0.08402  1.20674e+00 | 54 -0.05869  1.32633e+00
 55 -0.03088  1.93601e+00 | 56 -0.08754  8.69253e-01 | 57 -0.04591  2.33530e+00
 58 -0.00075  2.65501e+00 | 59 -0.01616  2.53419e+00 | 60 -0.03049  2.77754e+00
 61 -0.07206  9.47510e-01 | 62 -0.00485  1.89392e+00 | 63 -0.07138  6.46296e-01
 64 -0.11408  6.22324e-01 | 65 -0.04787  1.19606e+00 | 66 -0.12154  2.90714e-01
 67 -0.09064  4.59193e-01 | 68 -0.07663  2.54026e-01 | 69  0.01221  1.38192e-02
 70 -0.03561 -1.39418e+00 | 71 -0.22125 -2.24165e-01 | 72 -0.10033 -4.30496e-01
 73 -0.08424 -3.22560e-01 | 74 -0.03758  7.02663e-02 | 75 -0.03682 -6.49921e-02
 76 -0.41467 -7.65404e+00 | 77  3.89000  2.21215e+00 | 78 -0.26357 -1.25913e+02
 79 -1.38218 -2.39373e+00 | 80  0.91803  1.64190e+00 | 81 -0.00522 -9.56485e+00
 82  0.44273  7.80402e+00 | 83 -0.47728  1.29707e-01 |
83 variables; iteration 740; function evaluation 875; phase 3
Function value -1.3301784e+02; maximum gradient component mag 2.7384e+03
Var    Value     Gradient |Var    Value     Gradient |Var    Value     Gradient
  1  0.01379  2.73842e+03 |  2 -0.00541  2.17430e+00 |  3 -0.00596  2.70443e+00
  4 -0.02231  2.79601e+00 |  5 -0.02379  3.19070e+00 |  6 -0.02386  4.10923e+00
  7 -0.02554  4.68286e+00 |  8 -0.02739  5.32251e+00 |  9 -0.02956  5.96537e+00
 10 -0.03028  7.14980e+00 | 11 -0.03397  7.47977e+00 | 12 -0.03124  1.01745e+01
 13 -0.03541  1.04682e+01 | 14 -0.03706  1.18615e+01 | 15 -0.03907  1.34511e+01
 16 -0.04258  1.44612e+01 | 17 -0.04368  1.70151e+01 | 18 -0.04809  1.74201e+01
 19 -0.05165  1.74537e+01 | 20 -0.04762  2.05448e+01 | 21 -0.06965  1.11561e+01
 22 -0.05447  1.70457e+01 | 23 -0.05744  1.69888e+01 | 24 -0.06499  1.54918e+01
 25 -0.06130  2.08373e+01 | 26 -0.05248  3.12502e+01 | 27 -0.01939  5.33857e+01
 28  0.01516  7.56829e+01 | 29 -0.05263  4.01167e+01 | 30 -0.06874  4.99933e+01
 31 -0.10658  3.61890e+01 | 32 -0.08183  4.90906e+01 | 33  0.02836  1.24746e+02
 34 -0.12711  3.69984e+01 | 35 -0.00236  9.46882e+01 | 36 -0.05209  6.61592e+01
 37 -0.03080  6.74468e+01 | 38  0.02082  9.87676e+01 | 39 -0.06317  4.30591e+01
 40 -0.04051  4.64545e+01 | 41 -0.03440  4.29733e+01 | 42  0.00185  4.43777e+01
 43 -0.01940  3.11245e+01 | 44 -0.03593  2.31023e+01 | 45 -0.03693  1.98871e+01
 46 -0.04385  1.59384e+01 | 47 -0.09502  8.73368e+00 | 48 -0.06334  8.41260e+00
 49 -0.09648  2.50582e+00 | 50  0.06722  1.03650e+00 | 51 -0.11182 -1.77018e-01
 52 -0.03817 -6.43892e-01 | 53 -0.08376 -2.27292e-01 | 54 -0.05826 -5.22135e-01
 55 -0.03077 -5.70790e-01 | 56 -0.08706 -5.30822e-01 | 57 -0.04559 -8.47670e-01
 58 -0.00049 -9.43916e-01 | 59 -0.01591 -9.13886e-01 | 60 -0.03067 -1.04278e+00
 61 -0.07146 -6.35395e-01 | 62 -0.00471 -1.19778e+00 | 63 -0.07132 -7.98895e-01
 64 -0.11373 -5.37667e-01 | 65 -0.04778 -1.23772e+00 | 66 -0.12132 -5.43221e-01
 67 -0.09047 -7.45442e-01 | 68 -0.07619 -6.22905e-01 | 69  0.01241 -1.39133e+00
 70 -0.03558 -1.58315e+00 | 71 -0.22126 -4.07829e-01 | 72 -0.09988 -6.82089e-01
 73 -0.08388 -2.74552e-01 | 74 -0.03776 -2.78955e-03 | 75 -0.03647  3.14914e-03
 76 -0.41473  7.95629e+01 | 77  3.88096 -1.70354e+01 | 78 -0.26357  7.62524e+02
 79 -1.37619  2.71158e+01 | 80  0.91541  2.60453e+00 | 81 -0.00264 -1.39983e+01
 82  0.44138 -1.18990e+00 | 83 -0.59602  3.50472e-01 |
83 variables; iteration 760; function evaluation 897; phase 3
Function value -1.3305230e+02; maximum gradient component mag -1.4533e+03
Var    Value     Gradient |Var    Value     Gradient |Var    Value     Gradient
  1  0.01372 -1.45328e+03 |  2 -0.00549 -1.57554e+00 |  3 -0.00640 -1.88064e+00
  4 -0.02266 -2.01600e+00 |  5 -0.02392 -2.42635e+00 |  6 -0.02479 -2.76736e+00
  7 -0.02525 -3.03229e+00 |  8 -0.02659 -3.53448e+00 |  9 -0.02895 -4.29462e+00
 10 -0.03181 -5.18341e+00 | 11 -0.03314 -5.74785e+00 | 12 -0.03519 -6.53699e+00
 13 -0.03595 -6.99510e+00 | 14 -0.03942 -8.11246e+00 | 15 -0.03970 -8.59749e+00
 16 -0.04444 -1.00635e+01 | 17 -0.04755 -1.12574e+01 | 18 -0.04833 -1.18339e+01
 19 -0.05331 -1.30553e+01 | 20 -0.05622 -1.37229e+01 | 21 -0.07094 -1.66613e+01
 22 -0.05409 -1.29639e+01 | 23 -0.05570 -1.36031e+01 | 24 -0.05036 -1.33027e+01
 25 -0.05455 -1.54687e+01 | 26 -0.05385 -1.87151e+01 | 27 -0.01816 -2.39985e+01
 28  0.01295 -3.90575e+01 | 29 -0.05188 -3.22749e+01 | 30 -0.06739 -2.01423e+01
 31 -0.10612 -1.81031e+01 | 32 -0.08264 -1.94080e+01 | 33  0.02851 -4.58877e+01
 34 -0.12716 -1.20823e+01 | 35 -0.00219 -2.85482e+01 | 36 -0.05228 -1.72811e+01
 37 -0.03034 -2.30700e+01 | 38  0.02066 -3.28174e+01 | 39 -0.06296 -1.81111e+01
 40 -0.04044 -2.52201e+01 | 41 -0.03432 -2.57675e+01 | 42  0.00187 -3.40028e+01
 43 -0.01940 -2.64165e+01 | 44 -0.03591 -2.23069e+01 | 45 -0.03681 -1.95455e+01
 46 -0.04395 -1.72907e+01 | 47 -0.09486 -8.64779e+00 | 48 -0.06341 -8.32532e+00
 49 -0.09605 -2.32520e+00 | 50  0.06719  6.41377e-01 | 51 -0.11177  2.37235e-01
 52 -0.03809  9.51235e-01 | 53 -0.08382  6.97252e-01 | 54 -0.05810  8.73060e-01
 55 -0.03075  1.12040e+00 | 56 -0.08696  7.30167e-01 | 57 -0.04544  1.03123e+00
 58 -0.00046  1.40078e+00 | 59 -0.01580  9.42233e-01 | 60 -0.03078  1.78705e-01
 61 -0.07129  7.22372e-01 | 62 -0.00468  1.07914e+00 | 63 -0.07127  7.54960e-01
 64 -0.11370  5.50796e-01 | 65 -0.04771  6.22748e-01 | 66 -0.12131  4.81810e-01
 67 -0.09041  5.24302e-01 | 68 -0.07613  6.15890e-01 | 69  0.01246  1.19374e+00
 70 -0.03555  7.37543e-01 | 71 -0.22123  1.64738e-01 | 72 -0.09979  3.58349e-01
 73 -0.08323  9.40339e-02 | 74 -0.03772  3.84900e-03 | 75 -0.03646  3.59127e-03
 76 -0.41413 -5.89230e+01 | 77  3.88077  9.11502e+00 | 78 -0.26361 -4.06124e+02
 79 -1.37348 -1.11902e+01 | 80  0.91722  8.02388e-02 | 81 -0.00206  5.87919e+00
 82  0.44146 -2.26453e+00 | 83 -0.65159  3.90307e-01 |
83 variables; iteration 780; function evaluation 922; phase 3
Function value -1.3317419e+02; maximum gradient component mag 2.4353e+03
Var    Value     Gradient |Var    Value     Gradient |Var    Value     Gradient
  1  0.01377  2.43527e+03 |  2 -0.00505  1.93500e+00 |  3 -0.00600  2.28742e+00
  4 -0.02205  2.43867e+00 |  5 -0.02277  2.97302e+00 |  6 -0.02425  3.39129e+00
  7 -0.02647  3.69605e+00 |  8 -0.02731  4.51746e+00 |  9 -0.02868  5.27928e+00
 10 -0.02947  6.30064e+00 | 11 -0.03280  6.61197e+00 | 12 -0.03535  7.27696e+00
 13 -0.03641  8.47852e+00 | 14 -0.03667  1.01644e+01 | 15 -0.04074  1.07353e+01
 16 -0.04168  1.25009e+01 | 17 -0.04879  1.23125e+01 | 18 -0.04989  1.38757e+01
 19 -0.05231  1.42947e+01 | 20 -0.05666  1.36129e+01 | 21 -0.06677  9.95875e+00
 22 -0.05081  1.63086e+01 | 23 -0.05166  1.74677e+01 | 24 -0.05194  1.92655e+01
 25 -0.05324  2.16030e+01 | 26 -0.05955  2.31490e+01 | 27 -0.03058  4.02510e+01
 28  0.01947  7.26776e+01 | 29 -0.05027  4.14181e+01 | 30 -0.07515  4.82913e+01
 31 -0.09314  4.45766e+01 | 32 -0.09226  3.91187e+01 | 33  0.03005  1.13241e+02
 34 -0.12953  2.90254e+01 | 35 -0.00155  8.65187e+01 | 36 -0.05409  4.53004e+01
 37 -0.02910  6.32133e+01 | 38  0.01980  7.40779e+01 | 39 -0.06263  3.73180e+01
 40 -0.04073  4.03360e+01 | 41 -0.03439  3.84296e+01 | 42  0.00173  4.30283e+01
 43 -0.01969  2.98913e+01 | 44 -0.03592  2.44143e+01 | 45 -0.03701  2.06255e+01
 46 -0.04406  1.76857e+01 | 47 -0.09506  8.60693e+00 | 48 -0.06352  7.82893e+00
 49 -0.09609  2.79602e+00 | 50  0.06698  6.00478e-01 | 51 -0.11161 -1.04367e-01
 52 -0.03836 -1.03343e+00 | 53 -0.08387 -5.71762e-01 | 54 -0.05825 -8.84159e-01
 55 -0.03087 -1.04308e+00 | 56 -0.08710 -7.19535e-01 | 57 -0.04552 -7.12205e-01
 58 -0.00062 -1.20859e+00 | 59 -0.01603 -1.00272e+00 | 60 -0.03076 -6.10589e-01
 61 -0.07162 -7.26969e-01 | 62 -0.00476 -1.07617e+00 | 63 -0.07148 -6.58252e-01
 64 -0.11386 -4.14439e-01 | 65 -0.04785 -7.78934e-01 | 66 -0.12151 -3.71378e-01
 67 -0.09056 -4.41316e-01 | 68 -0.07631 -4.72297e-01 | 69  0.01228 -8.64476e-01
 70 -0.03566 -5.48281e-01 | 71 -0.22144 -1.64182e-01 | 72 -0.09995 -1.63268e-01
 73 -0.08334  7.19128e-03 | 74 -0.03772  9.47325e-03 | 75 -0.03652 -4.24835e-03
 76 -0.41402  7.38791e+01 | 77  3.87864 -1.63728e+01 | 78 -0.26383  7.02081e+02
 79 -1.36605  2.39213e+01 | 80  0.91350  2.54251e+00 | 81 -0.00351 -1.36104e+01
 82  0.44206  3.46212e+00 | 83 -0.90028  2.07859e-01 |
83 variables; iteration 800; function evaluation 942; phase 3
Function value -1.3320933e+02; maximum gradient component mag 2.2584e+02
Var    Value     Gradient |Var    Value     Gradient |Var    Value     Gradient
  1  0.01373  2.25842e+02 |  2 -0.00534 -6.65110e-01 |  3 -0.00632 -8.16581e-01
  4 -0.02280 -9.46474e-01 |  5 -0.02278 -8.29897e-01 |  6 -0.02482 -1.22594e+00
  7 -0.02581 -1.34522e+00 |  8 -0.02683 -1.46195e+00 |  9 -0.02870 -1.78232e+00
 10 -0.03032 -2.03139e+00 | 11 -0.03223 -2.35414e+00 | 12 -0.03446 -2.77328e+00
 13 -0.03631 -3.05467e+00 | 14 -0.03910 -3.57047e+00 | 15 -0.04027 -3.65579e+00
 16 -0.04305 -4.15115e+00 | 17 -0.04903 -5.41908e+00 | 18 -0.04948 -5.32796e+00
 19 -0.05071 -5.43726e+00 | 20 -0.05298 -5.81232e+00 | 21 -0.06467 -8.68974e+00
 22 -0.05288 -5.58000e+00 | 23 -0.05691 -6.52930e+00 | 24 -0.05535 -6.23206e+00
 25 -0.05245 -5.87430e+00 | 26 -0.04984 -6.94028e+00 | 27 -0.03534 -9.85958e+00
 28  0.01978 -1.44170e+01 | 29 -0.04917 -1.53168e+01 | 30 -0.07665 -6.08003e+00
 31 -0.09217 -4.84293e+00 | 32 -0.09250 -1.13823e+01 | 33  0.03007 -1.99209e+01
 34 -0.12880 -2.79357e+00 | 35 -0.00179  1.26122e+01 | 36 -0.05346  1.16782e+01
 37 -0.02940  2.96489e+01 | 38  0.02005  4.63281e+01 | 39 -0.06271  2.61010e+01
 40 -0.04061  3.04799e+01 | 41 -0.03432  2.89665e+01 | 42  0.00177  3.15634e+01
 43 -0.01959  2.07255e+01 | 44 -0.03583  1.56946e+01 | 45 -0.03692  1.20131e+01
 46 -0.04398  1.01488e+01 | 47 -0.09500  4.74880e+00 | 48 -0.06351  4.63034e+00
 49 -0.09558  1.14321e+00 | 50  0.06688  7.75554e-01 | 51 -0.11128  4.66104e-01
 52 -0.03830  3.16082e-01 | 53 -0.08370  1.97458e-01 | 54 -0.05816  2.90793e-01
 55 -0.03085  1.27271e-01 | 56 -0.08700  2.73537e-02 | 57 -0.04546  1.82452e-01
 58 -0.00053  3.98503e-01 | 59 -0.01596  5.31976e-01 | 60 -0.03063  7.89661e-01
 61 -0.07146  1.85345e-01 | 62 -0.00476  3.48266e-01 | 63 -0.07130  4.03692e-01
 64 -0.11381  2.05610e-01 | 65 -0.04772  8.09418e-01 | 66 -0.12145  3.49548e-01
 67 -0.09038  3.91692e-01 | 68 -0.07609  1.63554e-01 | 69  0.01238  2.53488e-01
 70 -0.03565 -2.50634e-01 | 71 -0.22121 -4.65429e-02 | 72 -0.09979 -1.21171e-01
 73 -0.08352 -6.82646e-02 | 74 -0.03770  1.00533e-02 | 75 -0.03654 -1.49213e-02
 76 -0.41417  8.85398e+00 | 77  3.88071 -3.54104e+00 | 78 -0.26385  1.41589e+02
 79 -1.36356  6.24549e+00 | 80  0.91061  1.11943e+00 | 81 -0.00344 -4.09525e+00
 82  0.44203 -1.98200e-01 | 83 -0.93692  9.60826e-02 |
83 variables; iteration 820; function evaluation 962; phase 3
Function value -1.3324397e+02; maximum gradient component mag 4.9190e+01
Var    Value     Gradient |Var    Value     Gradient |Var    Value     Gradient
  1  0.01374  3.42746e+01 |  2 -0.00535 -2.89632e-01 |  3 -0.00636 -3.75764e-01
  4 -0.02266 -4.36245e-01 |  5 -0.02311 -3.47510e-01 |  6 -0.02472 -5.34607e-01
  7 -0.02571 -5.34474e-01 |  8 -0.02742 -6.94248e-01 |  9 -0.02914 -8.32742e-01
 10 -0.03054 -8.71184e-01 | 11 -0.03164 -8.06769e-01 | 12 -0.03406 -1.08545e+00
 13 -0.03600 -1.20351e+00 | 14 -0.03831 -1.38805e+00 | 15 -0.04060 -1.51008e+00
 16 -0.04082 -1.04392e+00 | 17 -0.04610 -1.87567e+00 | 18 -0.04759 -1.80735e+00
 19 -0.04947 -1.94258e+00 | 20 -0.05234 -2.40827e+00 | 21 -0.06570 -6.01465e+00
 22 -0.05440 -2.85579e+00 | 23 -0.05420 -2.53109e+00 | 24 -0.05536 -2.68904e+00
 25 -0.05342 -2.03641e+00 | 26 -0.05238 -2.57690e+00 | 27 -0.04240 -4.74356e+00
 28  0.02304 -2.59101e+00 | 29 -0.04729 -8.71169e+00 | 30 -0.07723 -1.50093e+00
 31 -0.09972 -1.66534e+00 | 32 -0.08490 -3.31008e+00 | 33  0.02898 -6.00039e+00
 34 -0.12736 -9.68916e-01 | 35 -0.00220  3.57628e+00 | 36 -0.05260  4.20706e+00
 37 -0.03004  6.72559e+00 | 38  0.02048  1.35656e+01 | 39 -0.06300  6.45258e+00
 40 -0.04045  8.69962e+00 | 41 -0.03440  8.45555e+00 | 42  0.00182  9.16247e+00
 43 -0.01946  6.73047e+00 | 44 -0.03586  4.70767e+00 | 45 -0.03686  4.14168e+00
 46 -0.04394  3.26712e+00 | 47 -0.09495  1.97731e+00 | 48 -0.06344  2.09025e+00
 49 -0.09591  6.19742e-01 | 50  0.06705  9.51682e-01 | 51 -0.11132  3.17103e-01
 52 -0.03822  7.44613e-02 | 53 -0.08366  5.78027e-02 | 54 -0.05814  4.79195e-02
 55 -0.03077 -5.25173e-02 | 56 -0.08696 -6.67491e-02 | 57 -0.04546  1.73678e-03
 58 -0.00048  5.21297e-02 | 59 -0.01589  6.99970e-02 | 60 -0.03062  1.54545e-01
 61 -0.07141  3.34025e-02 | 62 -0.00469  1.86482e-01 | 63 -0.07125  2.21432e-01
 64 -0.11377  1.01977e-01 | 65 -0.04770  3.42548e-01 | 66 -0.12138  1.50764e-01
 67 -0.09039  1.83101e-01 | 68 -0.07611  6.33742e-02 | 69  0.01243  1.91291e-02
 70 -0.03552 -3.39837e-01 | 71 -0.22115 -3.53566e-02 | 72 -0.09982 -8.40060e-02
 73 -0.08347 -5.21287e-02 | 74 -0.03772  2.19608e-03 | 75 -0.03648 -2.45340e-03
 76 -0.41426 -5.62018e+00 | 77  3.88122 -9.00174e-01 | 78 -0.26390  4.91898e+01
 79 -1.36355  3.43165e+00 | 80  0.91616  6.29805e-01 | 81 -0.00119  7.51525e-01
 82  0.44205  3.36523e-01 | 83 -0.96519  2.31293e-02 |
83 variables; iteration 840; function evaluation 982; phase 3
Function value -1.3325797e+02; maximum gradient component mag -1.0216e+03
Var    Value     Gradient |Var    Value     Gradient |Var    Value     Gradient
  1  0.01379 -1.02156e+03 |  2 -0.00515 -1.44301e+00 |  3 -0.00619 -1.77066e+00
  4 -0.02216 -1.82953e+00 |  5 -0.02313 -2.15706e+00 |  6 -0.02435 -2.56446e+00
  7 -0.02570 -3.02542e+00 |  8 -0.02708 -3.51285e+00 |  9 -0.02855 -4.03657e+00
 10 -0.03063 -4.71514e+00 | 11 -0.03201 -5.26434e+00 | 12 -0.03363 -5.92486e+00
 13 -0.03565 -6.63797e+00 | 14 -0.03759 -7.37367e+00 | 15 -0.03938 -8.14924e+00
 16 -0.04225 -9.16850e+00 | 17 -0.04565 -1.03879e+01 | 18 -0.04797 -1.12793e+01
 19 -0.04876 -1.16539e+01 | 20 -0.04945 -1.19022e+01 | 21 -0.06927 -1.59616e+01
 22 -0.05498 -1.27740e+01 | 23 -0.05418 -1.29402e+01 | 24 -0.05683 -1.41842e+01
 25 -0.05384 -1.50563e+01 | 26 -0.05096 -1.82637e+01 | 27 -0.04262 -2.47450e+01
 28  0.02136 -4.04805e+01 | 29 -0.04361 -3.21888e+01 | 30 -0.08018 -2.15416e+01
 31 -0.10007 -1.76617e+01 | 32 -0.08287 -1.91800e+01 | 33  0.02849 -4.00067e+01
 34 -0.12695 -9.13098e+00 | 35 -0.00231 -1.55306e+01 | 36 -0.05263 -7.09218e+00
 37 -0.03027 -6.78971e+00 | 38  0.02049 -6.21369e+00 | 39 -0.06310 -3.92469e+00
 40 -0.04047 -5.66985e+00 | 41 -0.03449 -6.73569e+00 | 42  0.00186 -1.03023e+01
 43 -0.01943 -9.18610e+00 | 44 -0.03590 -8.78572e+00 | 45 -0.03690 -8.58165e+00
 46 -0.04389 -7.71190e+00 | 47 -0.09494 -4.29354e+00 | 48 -0.06337 -4.11142e+00
 49 -0.09658 -1.38871e+00 | 50  0.06723  4.57801e-01 | 51 -0.11150  3.72503e-01
 52 -0.03823  6.85850e-01 | 53 -0.08378  5.17811e-01 | 54 -0.05823  6.08069e-01
 55 -0.03077  7.71192e-01 | 56 -0.08700  4.90135e-01 | 57 -0.04559  6.12291e-01
 58 -0.00053  7.48617e-01 | 59 -0.01590  6.37488e-01 | 60 -0.03067  5.48240e-01
 61 -0.07151  4.49139e-01 | 62 -0.00471  7.56880e-01 | 63 -0.07126  3.80503e-01
 64 -0.11386  2.89119e-01 | 65 -0.04774  4.90985e-01 | 66 -0.12136  2.53906e-01
 67 -0.09052  2.64561e-01 | 68 -0.07629  2.68268e-01 | 69  0.01235  6.09651e-01
 70 -0.03538  5.69473e-01 | 71 -0.22128  9.33689e-02 | 72 -0.09999  1.15582e-01
 73 -0.08337  1.08814e-02 | 74 -0.03778 -4.94659e-03 | 75 -0.03647  3.50328e-03
 76 -0.41401 -3.88051e+01 | 77  3.88359  6.26639e+00 | 78 -0.26393 -3.22594e+02
 79 -1.36572 -8.14024e+00 | 80  0.91509  3.73861e-01 | 81 -0.00291  1.63562e+00
 82  0.44205  3.31664e-02 | 83 -0.99089 -1.74690e-01 |
83 variables; iteration 860; function evaluation 1002; phase 3
Function value -1.3328845e+02; maximum gradient component mag 3.8135e+01
Var    Value     Gradient |Var    Value     Gradient |Var    Value     Gradient
  1  0.01375  3.81346e+01 |  2 -0.00518 -5.23441e-01 |  3 -0.00619 -6.60626e-01
  4 -0.02247 -7.35580e-01 |  5 -0.02333 -8.15869e-01 |  6 -0.02418 -8.79831e-01
  7 -0.02568 -1.09729e+00 |  8 -0.02740 -1.35209e+00 |  9 -0.02867 -1.47665e+00
 10 -0.03082 -1.81738e+00 | 11 -0.03133 -1.72482e+00 | 12 -0.03350 -2.07182e+00
 13 -0.03609 -2.48920e+00 | 14 -0.03818 -2.75910e+00 | 15 -0.04014 -2.96851e+00
 16 -0.04307 -3.43135e+00 | 17 -0.04465 -3.45679e+00 | 18 -0.04794 -4.05146e+00
 19 -0.04978 -4.27837e+00 | 20 -0.04877 -3.75185e+00 | 21 -0.06959 -9.14523e+00
 22 -0.05660 -5.67897e+00 | 23 -0.05398 -4.83412e+00 | 24 -0.05666 -5.55877e+00
 25 -0.05080 -4.27660e+00 | 26 -0.05481 -6.74875e+00 | 27 -0.03472 -7.89784e+00
 28  0.01665 -1.08501e+01 | 29 -0.03971 -1.14863e+01 | 30 -0.08246 -4.05233e+00
 31 -0.09655  3.75816e-01 | 32 -0.08656  1.33769e+00 | 33  0.02923  2.04804e+01
 34 -0.12745  8.00924e+00 | 35 -0.00236  2.65486e+01 | 36 -0.05243  1.97285e+01
 37 -0.03026  1.85577e+01 | 38  0.02048  2.64720e+01 | 39 -0.06311  9.77510e+00
 40 -0.04048  8.52174e+00 | 41 -0.03442  6.17420e+00 | 42  0.00176  2.75056e+00
 43 -0.01945  8.51856e-01 | 44 -0.03597 -2.28192e+00 | 45 -0.03689 -2.37536e+00
 46 -0.04408 -3.35073e+00 | 47 -0.09488 -1.51781e+00 | 48 -0.06351 -2.16381e+00
 49 -0.09611 -5.72505e-01 | 50  0.06712 -6.79942e-01 | 51 -0.11140  1.35397e-01
 52 -0.03826 -2.67070e-02 | 53 -0.08374  1.01886e-01 | 54 -0.05813 -1.92636e-01
 55 -0.03076 -1.23798e-01 | 56 -0.08690 -4.66165e-02 | 57 -0.04549 -3.68155e-01
 58 -0.00051 -3.91739e-01 | 59 -0.01585 -3.05633e-01 | 60 -0.03081 -4.49492e-01
 61 -0.07136 -3.04100e-02 | 62 -0.00468 -2.49472e-01 | 63 -0.07134 -8.97631e-02
 64 -0.11381 -7.23753e-02 | 65 -0.04772 -1.99869e-01 | 66 -0.12140 -6.36724e-02
 67 -0.09051 -1.53917e-01 | 68 -0.07621 -1.28225e-01 | 69  0.01242 -4.33847e-01
 70 -0.03548 -1.41136e-01 | 71 -0.22130 -7.32088e-02 | 72 -0.09992 -2.96255e-01
 73 -0.08334 -9.60605e-02 | 74 -0.03779 -1.30090e-02 | 75 -0.03643  6.96705e-03
 76 -0.41304 -4.35892e+00 | 77  3.88500 -2.90951e-01 | 78 -0.26395  3.20321e+01
 79 -1.36274  2.84719e+00 | 80  0.90920  9.58647e-01 | 81 -0.00277 -2.45001e+00
 82  0.44199 -4.05005e+00 | 83 -0.99043 -1.66233e-01 |
83 variables; iteration 880; function evaluation 1022; phase 3
Function value -1.3332866e+02; maximum gradient component mag 1.2608e+03
Var    Value     Gradient |Var    Value     Gradient |Var    Value     Gradient
  1  0.01373  1.26077e+03 |  2 -0.00536  1.37134e+00 |  3 -0.00629  1.63458e+00
  4 -0.02242  1.73200e+00 |  5 -0.02338  2.08204e+00 |  6 -0.02441  2.49842e+00
  7 -0.02579  2.90676e+00 |  8 -0.02741  3.33422e+00 |  9 -0.02864  3.96118e+00
 10 -0.03080  4.36007e+00 | 11 -0.03212  5.11148e+00 | 12 -0.03410  5.75229e+00
 13 -0.03642  6.30436e+00 | 14 -0.03781  7.31058e+00 | 15 -0.04020  8.21341e+00
 16 -0.04315  8.92862e+00 | 17 -0.04604  1.00780e+01 | 18 -0.04856  1.08238e+01
 19 -0.05043  1.13352e+01 | 20 -0.05073  1.22265e+01 | 21 -0.06504  7.01731e+00
 22 -0.05484  1.05649e+01 | 23 -0.05499  1.15714e+01 | 24 -0.05594  1.25642e+01
 25 -0.05425  1.54505e+01 | 26 -0.05321  1.90326e+01 | 27 -0.03074  2.80326e+01
 28  0.01313  4.48497e+01 | 29 -0.03849  2.79749e+01 | 30 -0.07863  2.63930e+01
 31 -0.10356  2.00947e+01 | 32 -0.08178  2.31917e+01 | 33  0.02829  5.20505e+01
 34 -0.12689  1.31155e+01 | 35 -0.00241  3.14226e+01 | 36 -0.05272  1.87481e+01
 37 -0.03003  1.97434e+01 | 38  0.02022  2.73644e+01 | 39 -0.06311  1.27826e+01
 40 -0.04054  1.57217e+01 | 41 -0.03446  1.56527e+01 | 42  0.00166  1.78816e+01
 43 -0.01964  1.40482e+01 | 44 -0.03604  1.07881e+01 | 45 -0.03702  1.01130e+01
 46 -0.04430  7.98603e+00 | 47 -0.09496  4.59874e+00 | 48 -0.06364  3.75241e+00
 49 -0.09595  1.50415e+00 | 50  0.06701 -7.36166e-01 | 51 -0.11159 -2.96812e-01
 52 -0.03827 -7.41337e-01 | 53 -0.08395 -5.75478e-01 | 54 -0.05806 -6.38557e-01
 55 -0.03084 -8.12005e-01 | 56 -0.08694 -5.14435e-01 | 57 -0.04544 -7.58112e-01
 58 -0.00058 -1.00463e+00 | 59 -0.01595 -8.15706e-01 | 60 -0.03088 -5.94062e-01
 61 -0.07150 -4.76435e-01 | 62 -0.00468 -6.55725e-01 | 63 -0.07151 -3.71617e-01
 64 -0.11393 -3.10339e-01 | 65 -0.04774 -2.65233e-01 | 66 -0.12159 -2.29541e-01
 67 -0.09058 -2.95826e-01 | 68 -0.07634 -3.75546e-01 | 69  0.01240 -6.02438e-01
 70 -0.03565 -3.26527e-01 | 71 -0.22139 -5.85655e-02 | 72 -0.09994 -1.39965e-01
 73 -0.08313 -7.29606e-03 | 74 -0.03775 -6.67868e-03 | 75 -0.03645  2.13670e-03
 76 -0.41256  3.09766e+01 | 77  3.88274 -8.13554e+00 | 78 -0.26402  3.84443e+02
 79 -1.35911  1.35570e+01 | 80  0.90433  1.77912e+00 | 81 -0.00388 -6.00858e+00
 82  0.44206  7.04762e-01 | 83 -0.99274 -2.13397e-01 |
83 variables; iteration 900; function evaluation 1046; phase 3
Function value -1.3338804e+02; maximum gradient component mag 1.2101e+03
Var    Value     Gradient |Var    Value     Gradient |Var    Value     Gradient
  1  0.01371  1.21015e+03 |  2 -0.00541  7.79218e-01 |  3 -0.00613  9.83728e-01
  4 -0.02256  9.61934e-01 |  5 -0.02342  1.20339e+00 |  6 -0.02407  1.56638e+00
  7 -0.02629  1.56531e+00 |  8 -0.02760  1.88156e+00 |  9 -0.02819  2.47234e+00
 10 -0.03046  2.61913e+00 | 11 -0.03225  2.97324e+00 | 12 -0.03384  3.44862e+00
 13 -0.03629  3.70223e+00 | 14 -0.03807  4.26224e+00 | 15 -0.04064  4.73979e+00
 16 -0.04356  5.12231e+00 | 17 -0.04604  5.97278e+00 | 18 -0.04885  6.29297e+00
 19 -0.05040  6.70983e+00 | 20 -0.05122  7.23617e+00 | 21 -0.05988  4.50985e+00
 22 -0.05460  6.10412e+00 | 23 -0.05494  6.74919e+00 | 24 -0.05630  7.17450e+00
 25 -0.05491  9.09582e+00 | 26 -0.05282  1.16380e+01 | 27 -0.02856  1.83390e+01
 28  0.00288  2.55087e+01 | 29 -0.02389  2.44229e+01 | 30 -0.08661  1.73746e+01
 31 -0.10336  1.59841e+01 | 32 -0.08057  2.03611e+01 | 33  0.02782  5.20859e+01
 34 -0.12670  1.57886e+01 | 35 -0.00252  4.50123e+01 | 36 -0.05307  2.84191e+01
 37 -0.02975  3.53718e+01 | 38  0.01980  4.60947e+01 | 39 -0.06305  2.28267e+01
 40 -0.04070  2.46889e+01 | 41 -0.03446  2.36073e+01 | 42  0.00145  2.46447e+01
 43 -0.01990  1.74452e+01 | 44 -0.03622  1.24719e+01 | 45 -0.03718  1.05696e+01
 46 -0.04473  7.67718e+00 | 47 -0.09494  3.94687e+00 | 48 -0.06386  2.50638e+00
 49 -0.09608  1.31222e+00 | 50  0.06695 -7.78696e-01 | 51 -0.11179 -3.81908e-01
 52 -0.03840 -6.48375e-01 | 53 -0.08434 -5.66460e-01 | 54 -0.05796 -4.57572e-01
 55 -0.03094 -5.30575e-01 | 56 -0.08693 -3.50499e-01 | 57 -0.04541 -4.42857e-01
 58 -0.00074 -4.87606e-01 | 59 -0.01603 -3.69780e-01 | 60 -0.03124 -1.88476e-01
 61 -0.07165 -2.02506e-01 | 62 -0.00467 -2.03136e-01 | 63 -0.07183 -1.64434e-01
 64 -0.11416 -1.20251e-01 | 65 -0.04784 -1.17050e-01 | 66 -0.12184 -1.07053e-01
 67 -0.09087 -1.22701e-01 | 68 -0.07671 -1.40835e-01 | 69  0.01234 -1.63335e-01
 70 -0.03584 -2.97703e-02 | 71 -0.22172 -8.96517e-03 | 72 -0.10013 -7.84003e-04
 73 -0.08273  2.73735e-02 | 74 -0.03774 -4.37663e-03 | 75 -0.03645  4.17312e-03
 76 -0.41022  3.92642e+01 | 77  3.88403 -9.89969e+00 | 78 -0.26434  3.91590e+02
 79 -1.34760  1.28291e+01 | 80  0.88897  2.11968e+00 | 81 -0.00560 -7.50550e+00
 82  0.44206  7.74065e-01 | 83 -0.97256 -1.23433e-02 |
83 variables; iteration 920; function evaluation 1067; phase 3
Function value -1.3339306e+02; maximum gradient component mag -1.9162e+02
Var    Value     Gradient |Var    Value     Gradient |Var    Value     Gradient
  1  0.01368 -1.91619e+02 |  2 -0.00529 -3.92264e-01 |  3 -0.00618 -4.69567e-01
  4 -0.02286 -6.34339e-01 |  5 -0.02334 -5.82160e-01 |  6 -0.02417 -5.97843e-01
  7 -0.02566 -7.65016e-01 |  8 -0.02735 -9.59726e-01 |  9 -0.02902 -1.12893e+00
 10 -0.03048 -1.22822e+00 | 11 -0.03249 -1.46132e+00 | 12 -0.03376 -1.49971e+00
 13 -0.03641 -1.85218e+00 | 14 -0.03790 -1.87605e+00 | 15 -0.04064 -2.19377e+00
 16 -0.04333 -2.48683e+00 | 17 -0.04609 -2.68587e+00 | 18 -0.04871 -2.99401e+00
 19 -0.05026 -3.07171e+00 | 20 -0.05104 -2.95569e+00 | 21 -0.05863 -4.87755e+00
 22 -0.05404 -3.62532e+00 | 23 -0.05470 -3.62746e+00 | 24 -0.05589 -3.96465e+00
 25 -0.05495 -3.98366e+00 | 26 -0.05113 -4.55611e+00 | 27 -0.03208 -6.47971e+00
 28  0.00249 -1.05159e+01 | 29 -0.02112 -7.45378e+00 | 30 -0.08804 -4.53670e+00
 31 -0.10465 -4.09775e+00 | 32 -0.07911 -3.66676e+00 | 33  0.02754 -7.38021e+00
 34 -0.12620 -6.66742e-01 | 35 -0.00261  1.72899e+00 | 36 -0.05291  7.75510e-01
 37 -0.02978  3.51392e+00 | 38  0.01988  3.38226e+00 | 39 -0.06312  1.89076e+00
 40 -0.04060  6.84379e-01 | 41 -0.03447  1.86266e-01 | 42  0.00148 -1.56258e+00
 43 -0.01991 -1.82847e+00 | 44 -0.03622 -2.28987e+00 | 45 -0.03717 -2.06770e+00
 46 -0.04479 -2.19675e+00 | 47 -0.09489 -1.06560e+00 | 48 -0.06381 -1.01626e+00
 49 -0.09623 -3.05550e-01 | 50  0.06703  8.98066e-02 | 51 -0.11171  1.67500e-01
 52 -0.03840  2.19577e-01 | 53 -0.08433  1.99438e-01 | 54 -0.05791  2.50998e-01
 55 -0.03087  3.60109e-01 | 56 -0.08686  2.20937e-01 | 57 -0.04535  2.77769e-01
 58 -0.00072  4.14248e-01 | 59 -0.01599  3.75906e-01 | 60 -0.03127  4.28026e-01
 61 -0.07165  2.27457e-01 | 62 -0.00461  5.05248e-01 | 63 -0.07181  3.53655e-01
 64 -0.11420  2.11953e-01 | 65 -0.04780  3.80743e-01 | 66 -0.12185  1.78917e-01
 67 -0.09091  1.70418e-01 | 68 -0.07679  1.65092e-01 | 69  0.01239  3.43880e-01
 70 -0.03582  2.42042e-01 | 71 -0.22172  6.42567e-02 | 72 -0.10014  7.58310e-02
 73 -0.08264  3.01814e-03 | 74 -0.03772 -2.99204e-03 | 75 -0.03644  2.12663e-03
 76 -0.40972 -8.42154e+00 | 77  3.88341 -3.97985e-01 | 78 -0.26442 -3.27742e+01
 79 -1.34552  8.81776e-01 | 80  0.88661  9.76068e-01 | 81 -0.00550 -6.98594e-01
 82  0.44204 -3.99372e-01 | 83 -0.97642 -3.44121e-02 |
83 variables; iteration 940; function evaluation 1087; phase 3
Function value -1.3341348e+02; maximum gradient component mag 5.0129e+01
Var    Value     Gradient |Var    Value     Gradient |Var    Value     Gradient
  1  0.01364  5.01290e+01 |  2 -0.00536  4.69497e-01 |  3 -0.00626  5.65058e-01
  4 -0.02213  6.66405e-01 |  5 -0.02343  7.14666e-01 |  6 -0.02468  8.28471e-01
  7 -0.02626  9.03182e-01 |  8 -0.02775  1.05762e+00 |  9 -0.02832  1.52604e+00
 10 -0.03071  1.51516e+00 | 11 -0.03260  1.69992e+00 | 12 -0.03407  2.05039e+00
 13 -0.03608  2.28708e+00 | 14 -0.03839  2.51309e+00 | 15 -0.04061  2.90445e+00
 16 -0.04355  3.08949e+00 | 17 -0.04622  3.62996e+00 | 18 -0.04789  4.15608e+00
 19 -0.05031  4.16327e+00 | 20 -0.05132  4.53763e+00 | 21 -0.05452  3.81469e+00
 22 -0.05398  3.78497e+00 | 23 -0.05440  4.24800e+00 | 24 -0.05613  4.34794e+00
 25 -0.05481  5.83887e+00 | 26 -0.05293  7.49285e+00 | 27 -0.03693  1.00847e+01
 28  0.00822  1.98577e+01 | 29 -0.02502  1.76478e+01 | 30 -0.08736  1.21244e+01
 31 -0.10207  1.09945e+01 | 32 -0.08110  1.15028e+01 | 33  0.02791  2.23376e+01
 34 -0.12650  3.10724e+00 | 35 -0.00259  5.40491e-01 | 36 -0.05295 -6.91371e+00
 37 -0.02970 -1.07729e+01 | 38  0.01985 -2.44648e+01 | 39 -0.06317 -1.29734e+01
 40 -0.04054 -1.71883e+01 | 41 -0.03448 -1.61824e+01 | 42  0.00148 -1.93491e+01
 43 -0.01997 -1.38905e+01 | 44 -0.03625 -1.04480e+01 | 45 -0.03722 -8.78063e+00
 46 -0.04492 -6.94715e+00 | 47 -0.09483 -3.61707e+00 | 48 -0.06380 -3.41131e+00
 49 -0.09650 -1.41057e+00 | 50  0.06719  3.73526e-02 | 51 -0.11190  1.89217e-01
 52 -0.03833  1.77714e-01 | 53 -0.08448  1.34257e-01 | 54 -0.05777  1.80372e-01
 55 -0.03082  2.13362e-01 | 56 -0.08681  8.14171e-02 | 57 -0.04524  1.88628e-01
 58 -0.00072  1.22251e-01 | 59 -0.01591  3.23905e-02 | 60 -0.03143 -1.38644e-01
 61 -0.07162  9.46204e-02 | 62 -0.00451  1.27808e-01 | 63 -0.07192  1.04023e-02
 64 -0.11424  5.44113e-02 | 65 -0.04775  7.12651e-02 | 66 -0.12192  2.37747e-02
 67 -0.09098  8.31163e-04 | 68 -0.07696  1.98679e-02 | 69  0.01248  1.27552e-01
 70 -0.03586 -5.12954e-02 | 71 -0.22182 -5.97635e-03 | 72 -0.10016  6.71119e-02
 73 -0.08242  1.72626e-03 | 74 -0.03768  7.31091e-04 | 75 -0.03642  2.60016e-03
 76 -0.40882 -8.78956e+00 | 77  3.88289 -8.27416e-01 | 78 -0.26444 -2.05682e+00
 79 -1.34567  1.87170e+00 | 80  0.87442  1.19170e+00 | 81 -0.00697 -1.26035e-01
 82  0.44204  6.86889e-02 | 83 -0.95919  4.22266e-02 |
83 variables; iteration 960; function evaluation 1107; phase 3
Function value -1.3346992e+02; maximum gradient component mag -9.0311e+02
Var    Value     Gradient |Var    Value     Gradient |Var    Value     Gradient
  1  0.01362 -9.03106e+02 |  2 -0.00550 -8.84597e-01 |  3 -0.00639 -1.05005e+00
  4 -0.02252 -1.10662e+00 |  5 -0.02354 -1.29533e+00 |  6 -0.02486 -1.55919e+00
  7 -0.02609 -1.79401e+00 |  8 -0.02757 -2.08842e+00 |  9 -0.02934 -2.45012e+00
 10 -0.03083 -2.73836e+00 | 11 -0.03248 -3.07675e+00 | 12 -0.03447 -3.52723e+00
 13 -0.03648 -3.92762e+00 | 14 -0.03862 -4.36777e+00 | 15 -0.04121 -4.92934e+00
 16 -0.04355 -5.41260e+00 | 17 -0.04649 -6.00966e+00 | 18 -0.04952 -6.68773e+00
 19 -0.05124 -6.99704e+00 | 20 -0.05347 -7.40803e+00 | 21 -0.05141 -6.78897e+00
 22 -0.05371 -7.29722e+00 | 23 -0.05414 -7.47817e+00 | 24 -0.05581 -8.28649e+00
 25 -0.05568 -9.26931e+00 | 26 -0.05348 -1.18108e+01 | 27 -0.03298 -1.65822e+01
 28  0.01152 -2.86417e+01 | 29 -0.03285 -2.59688e+01 | 30 -0.08153 -1.68184e+01
 31 -0.10143 -1.53856e+01 | 32 -0.08279 -1.84944e+01 | 33  0.02831 -4.10891e+01
 34 -0.12604 -1.11988e+01 | 35 -0.00298 -2.84500e+01 | 36 -0.05231 -1.51557e+01
 37 -0.03035 -1.99094e+01 | 38  0.02025 -2.13352e+01 | 39 -0.06374 -1.10617e+01
 40 -0.04025 -1.14882e+01 | 41 -0.03467 -1.09570e+01 | 42  0.00160 -1.16074e+01
 43 -0.01993 -8.23545e+00 | 44 -0.03626 -6.09968e+00 | 45 -0.03728 -5.46118e+00
 46 -0.04501 -4.02048e+00 | 47 -0.09459 -2.36285e+00 | 48 -0.06363 -1.87469e+00
 49 -0.09778 -8.41938e-01 | 50  0.06782  1.54788e-01 | 51 -0.11255  6.23519e-02
 52 -0.03815  2.58442e-01 | 53 -0.08494  1.83619e-01 | 54 -0.05750  2.64466e-01
 55 -0.03068  3.05214e-01 | 56 -0.08666  2.22293e-01 | 57 -0.04518  2.78860e-01
 58 -0.00067  3.93457e-01 | 59 -0.01581  3.21364e-01 | 60 -0.03155  3.21562e-01
 61 -0.07174  2.20759e-01 | 62 -0.00422  3.49356e-01 | 63 -0.07202  1.93444e-01
 64 -0.11447  1.40984e-01 | 65 -0.04754  2.31336e-01 | 66 -0.12201  1.11202e-01
 67 -0.09116  1.24310e-01 | 68 -0.07741  1.38663e-01 | 69  0.01273  3.23225e-01
 70 -0.03578  2.58693e-01 | 71 -0.22199  4.75156e-02 | 72 -0.10039  5.79276e-02
 73 -0.08172  1.86738e-02 | 74 -0.03766  9.58183e-05 | 75 -0.03639  7.55167e-05
 76 -0.40487 -2.94768e+01 | 77  3.89429  6.61338e+00 | 78 -0.26439 -3.83858e+02
 79 -1.35285 -9.09363e+00 | 80  0.82013 -4.47183e-01 | 81 -0.01654  3.91057e+00
 82  0.44205  1.97018e-03 | 83 -0.97421 -2.81069e-02 |
83 variables; iteration 980; function evaluation 1127; phase 3
Function value -1.3348129e+02; maximum gradient component mag -2.7363e+02
Var    Value     Gradient |Var    Value     Gradient |Var    Value     Gradient
  1  0.01362 -2.73634e+02 |  2 -0.00548 -2.22981e-01 |  3 -0.00638 -2.60824e-01
  4 -0.02248 -2.63193e-01 |  5 -0.02361 -3.26128e-01 |  6 -0.02485 -3.89401e-01
  7 -0.02617 -4.48419e-01 |  8 -0.02757 -4.96770e-01 |  9 -0.02922 -5.82374e-01
 10 -0.03084 -6.42262e-01 | 11 -0.03264 -7.28363e-01 | 12 -0.03438 -7.93603e-01
 13 -0.03642 -8.85056e-01 | 14 -0.03877 -1.03072e+00 | 15 -0.04131 -1.16845e+00
 16 -0.04364 -1.23021e+00 | 17 -0.04663 -1.31830e+00 | 18 -0.04924 -1.50597e+00
 19 -0.05124 -1.62613e+00 | 20 -0.05318 -1.76556e+00 | 21 -0.05175 -1.09739e+00
 22 -0.05397 -1.82834e+00 | 23 -0.05425 -1.67548e+00 | 24 -0.05597 -2.10704e+00
 25 -0.05526 -2.07133e+00 | 26 -0.05226 -2.63707e+00 | 27 -0.03008 -3.71533e+00
 28  0.00490 -8.52070e+00 | 29 -0.02505 -8.18477e+00 | 30 -0.08525 -4.72248e+00
 31 -0.10200 -4.49966e+00 | 32 -0.08200 -5.91576e+00 | 33  0.02815 -1.11795e+01
 34 -0.12584 -2.97838e+00 | 35 -0.00310 -9.99336e+00 | 36 -0.05230 -3.93940e+00
 37 -0.03039 -8.61465e+00 | 38  0.02019 -7.16123e+00 | 39 -0.06380 -4.71850e+00
 40 -0.04025 -4.49369e+00 | 41 -0.03471 -4.78337e+00 | 42  0.00156 -4.71860e+00
 43 -0.01999 -3.40428e+00 | 44 -0.03631 -2.44859e+00 | 45 -0.03733 -2.35236e+00
 46 -0.04513 -1.53602e+00 | 47 -0.09455 -9.95687e-01 | 48 -0.06366 -4.83852e-01
 49 -0.09802 -4.38307e-01 | 50  0.06787 -5.41093e-02 | 51 -0.11261  6.73858e-03
 52 -0.03820  8.54095e-02 | 53 -0.08508  6.27257e-02 | 54 -0.05747  9.09665e-02
 55 -0.03070  8.93618e-02 | 56 -0.08665  6.90464e-02 | 57 -0.04518  8.91823e-02
 58 -0.00072  1.40332e-01 | 59 -0.01582  1.15326e-01 | 60 -0.03168  1.20140e-01
 61 -0.07180  6.29872e-02 | 62 -0.00420  1.17088e-01 | 63 -0.07211  6.49643e-02
 64 -0.11457  5.90442e-02 | 65 -0.04755  9.36177e-02 | 66 -0.12209  3.89404e-02
 67 -0.09127  3.98731e-02 | 68 -0.07757  3.21866e-02 | 69  0.01273  5.96912e-02
 70 -0.03582  2.61375e-02 | 71 -0.22209  1.22174e-02 | 72 -0.10049  7.57061e-03
 73 -0.08158 -4.14525e-03 | 74 -0.03767  1.37135e-04 | 75 -0.03639 -5.84001e-04
 76 -0.40354 -8.62402e+00 | 77  3.89720  2.32169e+00 | 78 -0.26452 -2.10602e+02
 79 -1.34902 -4.04067e+00 | 80  0.80990  2.72506e-01 | 81 -0.01879  1.21497e+00
 82  0.44205 -1.15470e-02 | 83 -0.96613  2.83096e-03 |
83 variables; iteration 1000; function evaluation 1148; phase 3
Function value -1.3348311e+02; maximum gradient component mag 3.0830e+02
Var    Value     Gradient |Var    Value     Gradient |Var    Value     Gradient
  1  0.01362  3.08303e+02 |  2 -0.00552  2.79558e-01 |  3 -0.00638  3.51107e-01
  4 -0.02248  3.84166e-01 |  5 -0.02357  4.49542e-01 |  6 -0.02482  5.22020e-01
  7 -0.02614  6.22641e-01 |  8 -0.02757  7.42155e-01 |  9 -0.02920  8.51084e-01
 10 -0.03080  1.00117e+00 | 11 -0.03260  1.13854e+00 | 12 -0.03439  1.30943e+00
 13 -0.03639  1.47242e+00 | 14 -0.03870  1.60920e+00 | 15 -0.04131  1.76976e+00
 16 -0.04356  2.06105e+00 | 17 -0.04659  2.36328e+00 | 18 -0.04917  2.48323e+00
 19 -0.05117  2.56463e+00 | 20 -0.05325  2.53391e+00 | 21 -0.05137  3.50530e+00
 22 -0.05388  2.49214e+00 | 23 -0.05418  2.86628e+00 | 24 -0.05591  2.74890e+00
 25 -0.05525  3.49280e+00 | 26 -0.05239  4.38076e+00 | 27 -0.03187  5.87205e+00
 28  0.00677  7.38299e+00 | 29 -0.02632  5.15172e+00 | 30 -0.08492  4.77411e+00
 31 -0.10161  4.36217e+00 | 32 -0.08231  4.63944e+00 | 33  0.02821  1.54971e+01
 34 -0.12583  4.79685e+00 | 35 -0.00314  8.90323e+00 | 36 -0.05227  8.36886e+00
 37 -0.03045  4.19140e+00 | 38  0.02022  1.03503e+01 | 39 -0.06384  3.20242e+00
 40 -0.04023  4.54834e+00 | 41 -0.03474  3.37556e+00 | 42  0.00157  4.40826e+00
 43 -0.01998  3.02151e+00 | 44 -0.03631  2.44356e+00 | 45 -0.03734  1.88099e+00
 46 -0.04513  1.82108e+00 | 47 -0.09453  8.19839e-01 | 48 -0.06364  1.15671e+00
 49 -0.09817  1.85110e-01 | 50  0.06793 -3.27219e-01 | 51 -0.11266 -1.24509e-01
 52 -0.03820 -1.78571e-01 | 53 -0.08512 -1.31536e-01 | 54 -0.05745 -1.52548e-01
 55 -0.03069 -2.11050e-01 | 56 -0.08664 -1.12587e-01 | 57 -0.04519 -1.59103e-01
 58 -0.00072 -1.83756e-01 | 59 -0.01581 -1.56350e-01 | 60 -0.03169 -9.23759e-02
 61 -0.07181 -1.13637e-01 | 62 -0.00418 -1.63088e-01 | 63 -0.07211 -8.62849e-02
 64 -0.11460 -6.05511e-02 | 65 -0.04753 -8.36849e-02 | 66 -0.12209 -5.38561e-02
 67 -0.09129 -6.38985e-02 | 68 -0.07762 -7.70499e-02 | 69  0.01275 -1.55366e-01
 70 -0.03580 -9.62027e-02 | 71 -0.22211 -1.12363e-02 | 72 -0.10052 -2.39209e-02
 73 -0.08152 -1.71007e-03 | 74 -0.03767 -5.05404e-05 | 75 -0.03638 -8.69512e-05
 76 -0.40313  1.13571e+01 | 77  3.89864 -2.20931e+00 | 78 -0.26453 -3.77482e+01
 79 -1.34947  7.51799e-01 | 80  0.80342  9.85914e-01 | 81 -0.02038 -1.26935e+00
 82  0.44205  2.87002e-03 | 83 -0.96606  3.27814e-03 |
83 variables; iteration 1020; function evaluation 1169; phase 3
Function value -1.3349603e+02; maximum gradient component mag -9.5260e+01
Var    Value     Gradient |Var    Value     Gradient |Var    Value     Gradient
  1  0.01354 -7.69330e+01 |  2 -0.00534 -5.00756e-02 |  3 -0.00626 -6.60833e-02
  4 -0.02243 -7.93046e-02 |  5 -0.02347 -8.65551e-02 |  6 -0.02464 -9.34876e-02
  7 -0.02600 -1.19193e-01 |  8 -0.02739 -1.14279e-01 |  9 -0.02901 -1.40051e-01
 10 -0.03075 -1.76569e-01 | 11 -0.03242 -1.63396e-01 | 12 -0.03398 -1.06649e-01
 13 -0.03629 -2.09943e-01 | 14 -0.03840 -2.08143e-01 | 15 -0.04082 -2.20248e-01
 16 -0.04338 -2.57825e-01 | 17 -0.04613 -1.66604e-01 | 18 -0.04882 -2.96102e-01
 19 -0.05077 -3.46134e-01 | 20 -0.05181 -1.76184e-01 | 21 -0.05423 -6.47248e-01
 22 -0.05373 -5.98060e-01 | 23 -0.05438 -4.73552e-01 | 24 -0.05584 -7.08567e-01
 25 -0.05498 -3.46606e-01 | 26 -0.05278 -5.49186e-01 | 27 -0.03273 -8.08336e-01
 28  0.00766 -2.44348e+00 | 29 -0.02719 -3.70814e+00 | 30 -0.08463 -1.47287e+00
 31 -0.10187 -1.35202e+00 | 32 -0.08083 -1.65860e+00 | 33  0.02749 -2.38770e+00
 34 -0.12548 -4.87043e-01 | 35 -0.00315 -2.55737e+00 | 36 -0.05266 -8.19884e-01
 37 -0.02998 -2.15819e+00 | 38  0.01972 -2.03826e+00 | 39 -0.06382 -1.30210e+00
 40 -0.04035 -1.41487e+00 | 41 -0.03469 -1.48586e+00 | 42  0.00132 -1.76377e+00
 43 -0.02025 -1.10479e+00 | 44 -0.03650 -9.24284e-01 | 45 -0.03749 -8.05709e-01
 46 -0.04566 -5.73774e-01 | 47 -0.09446 -3.52068e-01 | 48 -0.06399 -1.39668e-01
 49 -0.09754 -1.43683e-01 | 50  0.06776  5.49528e-02 | 51 -0.11303  8.93984e-03
 52 -0.03827  4.21978e-02 | 53 -0.08545  2.30877e-02 | 54 -0.05723  4.02220e-02
 55 -0.03078  4.40675e-02 | 56 -0.08661  2.13753e-02 | 57 -0.04499  2.19112e-02
 58 -0.00082  1.03937e-02 | 59 -0.01587  1.34533e-02 | 60 -0.03207 -5.62973e-04
 61 -0.07178  1.21474e-02 | 62 -0.00412  3.24737e-03 | 63 -0.07254 -1.10563e-02
 64 -0.11464  5.91317e-03 | 65 -0.04754 -3.42784e-03 | 66 -0.12237 -2.57091e-03
 67 -0.09141  3.13922e-03 | 68 -0.07772  7.95344e-03 | 69  0.01285  9.26432e-03
 70 -0.03624 -1.98479e-02 | 71 -0.22235 -1.07364e-03 | 72 -0.10047 -5.44093e-03
 73 -0.08110 -7.25482e-03 | 74 -0.03765  1.69358e-05 | 75 -0.03637 -1.55896e-04
 76 -0.40001  1.63159e+00 | 77  3.90289  8.14433e-01 | 78 -0.26435 -9.52602e+01
 79 -1.35123 -7.89568e-01 | 80  0.79704  5.53721e-01 | 81 -0.02277 -3.45199e-01
 82  0.44205  1.19544e-02 | 83 -0.96718 -1.08020e-03 |
83 variables; iteration 1040; function evaluation 1189; phase 3
Function value -1.3350433e+02; maximum gradient component mag -1.3200e+03
Var    Value     Gradient |Var    Value     Gradient |Var    Value     Gradient
  1  0.01356 -1.31998e+03 |  2 -0.00429  2.88837e-01 |  3 -0.00583  1.28061e-01
  4 -0.02230  4.29561e-02 |  5 -0.02418 -1.67083e-01 |  6 -0.02490 -3.84246e-02
  7 -0.02578  8.19377e-02 |  8 -0.02697  1.63135e-01 |  9 -0.02962 -1.13738e-01
 10 -0.03068  6.39197e-02 | 11 -0.03288 -3.85236e-02 | 12 -0.03321  3.96844e-01
 13 -0.03648  6.13899e-02 | 14 -0.03897 -8.18349e-03 | 15 -0.04071  2.19999e-01
 16 -0.04352  1.56620e-01 | 17 -0.04596  3.97334e-01 | 18 -0.04892  2.22477e-01
 19 -0.05148  1.67648e-02 | 20 -0.05123  6.13260e-01 | 21 -0.05482 -2.10091e-01
 22 -0.05422 -1.21031e-01 | 23 -0.05376  4.31109e-01 | 24 -0.05496  4.21284e-01
 25 -0.05578  5.96716e-01 | 26 -0.05207  1.65542e+00 | 27 -0.03241  3.06447e+00
 28  0.00554  5.40005e+00 | 29 -0.02497  5.28404e+00 | 30 -0.08496  3.96649e+00
 31 -0.10248  1.16436e+00 | 32 -0.08077 -2.77828e+00 | 33  0.02740 -2.07065e+01
 34 -0.12573 -1.23878e+01 | 35 -0.00311 -4.93301e+01 | 36 -0.05303 -4.39045e+01
 37 -0.02975 -5.78175e+01 | 38  0.01952 -9.50030e+01 | 39 -0.06388 -4.95561e+01
 40 -0.04041 -6.06616e+01 | 41 -0.03472 -5.88267e+01 | 42  0.00118 -6.91007e+01
 43 -0.02036 -4.90038e+01 | 44 -0.03665 -3.76734e+01 | 45 -0.03753 -3.11977e+01
 46 -0.04586 -2.51006e+01 | 47 -0.09456 -1.26356e+01 | 48 -0.06412 -1.05916e+01
 49 -0.09733 -4.36820e+00 | 50  0.06755  2.28657e+00 | 51 -0.11292  1.13319e+00
 52 -0.03845  1.59495e+00 | 53 -0.08535  1.42810e+00 | 54 -0.05738  1.25945e+00
 55 -0.03081  1.69695e+00 | 56 -0.08675  7.40255e-01 | 57 -0.04499  7.49121e-01
 58 -0.00094  4.07429e-01 | 59 -0.01591  1.24812e-01 | 60 -0.03228 -4.48065e-01
 61 -0.07175  9.86973e-02 | 62 -0.00423 -1.98143e-01 | 63 -0.07276 -3.73541e-01
 64 -0.11457 -4.75809e-02 | 65 -0.04773 -6.55608e-01 | 66 -0.12242 -2.59714e-01
 67 -0.09151 -3.49517e-01 | 68 -0.07776 -1.22013e-01 | 69  0.01277 -1.57545e-01
 70 -0.03647 -7.75496e-01 | 71 -0.22236 -1.55252e-01 | 72 -0.10048 -3.42403e-01
 73 -0.08163 -2.52960e-01 | 74 -0.03762  7.97393e-03 | 75 -0.03640 -3.36742e-03
 76 -0.40078 -6.38384e+01 | 77  3.89848  1.55553e+01 | 78 -0.26430 -4.87693e+02
 79 -1.35140 -1.17156e+01 | 80  0.78431 -1.49753e+00 | 81 -0.02620  6.16795e+00
 82  0.44205  1.28256e-01 | 83 -0.97329 -2.16904e-02 |
83 variables; iteration 1060; function evaluation 1210; phase 3
Function value -1.3351806e+02; maximum gradient component mag -5.7316e+01
Var    Value     Gradient |Var    Value     Gradient |Var    Value     Gradient
  1  0.01363 -5.73159e+01 |  2 -0.00527 -6.32833e-02 |  3 -0.00617 -7.73244e-02
  4 -0.02230 -7.95719e-02 |  5 -0.02337 -1.02957e-01 |  6 -0.02453 -1.14616e-01
  7 -0.02583 -1.30609e-01 |  8 -0.02725 -1.45941e-01 |  9 -0.02887 -1.79608e-01
 10 -0.03060 -2.21111e-01 | 11 -0.03224 -2.11396e-01 | 12 -0.03402 -2.32352e-01
 13 -0.03615 -2.97062e-01 | 14 -0.03821 -2.98586e-01 | 15 -0.04050 -2.90376e-01
 16 -0.04318 -3.81458e-01 | 17 -0.04619 -3.96410e-01 | 18 -0.04880 -5.26462e-01
 19 -0.05038 -4.80543e-01 | 20 -0.05133 -3.06623e-01 | 21 -0.05821 -2.12909e+00
 22 -0.05389 -9.25007e-01 | 23 -0.05425 -7.00356e-01 | 24 -0.05542 -8.15729e-01
 25 -0.05489 -4.80839e-01 | 26 -0.05282 -5.29718e-01 | 27 -0.03346 -4.80253e-01
 28  0.00761 -8.62276e-01 | 29 -0.02654 -1.92591e+00 | 30 -0.08541 -5.08847e-01
 31 -0.10269 -4.52743e-01 | 32 -0.07932 -3.13823e-01 | 33  0.02709 -2.78005e+00
 34 -0.12577 -7.20006e-01 | 35 -0.00295 -1.17191e+00 | 36 -0.05308 -1.35107e+00
 37 -0.02989 -3.70946e-01 | 38  0.01965 -1.81030e+00 | 39 -0.06371 -5.24198e-01
 40 -0.04053 -8.98428e-01 | 41 -0.03466 -6.97128e-01 | 42  0.00129 -1.01862e+00
 43 -0.02026 -7.86678e-01 | 44 -0.03647 -5.81857e-01 | 45 -0.03743 -4.71251e-01
 46 -0.04542 -4.36016e-01 | 47 -0.09471 -1.80177e-01 | 48 -0.06401 -2.16306e-01
 49 -0.09707 -4.62834e-03 | 50  0.06737  4.07642e-02 | 51 -0.11285  2.07647e-02
 52 -0.03840  3.13827e-02 | 53 -0.08524  3.01550e-02 | 54 -0.05758  2.80704e-02
 55 -0.03095  4.04986e-02 | 56 -0.08684  2.26797e-02 | 57 -0.04522  2.57391e-02
 58 -0.00090  3.51702e-02 | 59 -0.01604  2.92213e-02 | 60 -0.03191  2.17734e-02
 61 -0.07185  1.93006e-02 | 62 -0.00442  2.62319e-02 | 63 -0.07242  1.31306e-02
 64 -0.11458  8.83219e-03 | 65 -0.04775  1.55263e-02 | 66 -0.12231  1.17998e-02
 67 -0.09131  1.37652e-02 | 68 -0.07749  1.42584e-02 | 69  0.01256  1.93736e-02
 70 -0.03629  4.90806e-03 | 71 -0.22224 -7.05163e-05 | 72 -0.10043 -1.04119e-03
 73 -0.08176 -1.10663e-03 | 74 -0.03770  3.00463e-04 | 75 -0.03644 -2.67700e-04
 76 -0.40390 -1.03572e+00 | 77  3.89417 -2.12698e-01 | 78 -0.26417 -5.27909e+01
 79 -1.35570  4.48512e-01 | 80  0.77607 -2.37895e-01 | 81 -0.02858  5.21068e-01
 82  0.44205  2.20935e-02 | 83 -0.96580 -4.21402e-04 |
83 variables; iteration 1080; function evaluation 1230; phase 3
Function value -1.3351943e+02; maximum gradient component mag 6.6606e+01
Var    Value     Gradient |Var    Value     Gradient |Var    Value     Gradient
  1  0.01365  6.66055e+01 |  2 -0.00547 -4.71952e-01 |  3 -0.00588 -4.32032e-01
  4 -0.02191 -4.35180e-01 |  5 -0.02393 -7.81207e-01 |  6 -0.02443 -7.23250e-01
  7 -0.02585 -8.79766e-01 |  8 -0.02756 -1.09232e+00 |  9 -0.02850 -1.08268e+00
 10 -0.03075 -1.40310e+00 | 11 -0.03158 -1.33732e+00 | 12 -0.03432 -1.78537e+00
 13 -0.03633 -1.98489e+00 | 14 -0.03784 -2.03134e+00 | 15 -0.04033 -2.30347e+00
 16 -0.04303 -2.62277e+00 | 17 -0.04588 -2.87422e+00 | 18 -0.04880 -3.29723e+00
 19 -0.05043 -3.41533e+00 | 20 -0.05190 -3.51156e+00 | 21 -0.05908 -5.31184e+00
 22 -0.05456 -4.07282e+00 | 23 -0.05460 -3.90244e+00 | 24 -0.05590 -4.23918e+00
 25 -0.05413 -3.93570e+00 | 26 -0.05257 -4.81197e+00 | 27 -0.03304 -5.90454e+00
 28  0.00709 -8.45080e+00 | 29 -0.02628 -6.63484e+00 | 30 -0.08571 -2.05342e+00
 31 -0.10273  6.03646e-01 | 32 -0.07962  4.85506e+00 | 33  0.02714  2.09398e+01
 34 -0.12603  8.25987e+00 | 35 -0.00296  2.40861e+01 | 36 -0.05321  1.40136e+01
 37 -0.02992  1.63630e+01 | 38  0.01962  1.90182e+01 | 39 -0.06384  6.77676e+00
 40 -0.04061  4.66504e+00 | 41 -0.03470  3.22983e+00 | 42  0.00120 -2.24077e-01
 43 -0.02036 -2.15584e+00 | 44 -0.03653 -2.35792e+00 | 45 -0.03755 -3.10511e+00
 46 -0.04551 -2.24174e+00 | 47 -0.09479 -1.79256e+00 | 48 -0.06409 -1.75837e+00
 49 -0.09715 -7.44075e-01 | 50  0.06734  6.47451e-01 | 51 -0.11308  5.22052e-02
 52 -0.03840  2.50313e-01 | 53 -0.08536  1.38816e-01 | 54 -0.05759  2.71830e-01
 55 -0.03101  3.51655e-01 | 56 -0.08690  2.76194e-01 | 57 -0.04524  4.35193e-01
 58 -0.00095  5.64785e-01 | 59 -0.01609  4.25315e-01 | 60 -0.03201  2.55252e-01
 61 -0.07191  2.80190e-01 | 62 -0.00444  6.96366e-01 | 63 -0.07253  3.72545e-01
 64 -0.11463  2.83145e-01 | 65 -0.04780  5.06832e-01 | 66 -0.12240  2.68384e-01
 67 -0.09137  3.24228e-01 | 68 -0.07756  2.87862e-01 | 69  0.01253  5.39909e-01
 70 -0.03638  4.69462e-01 | 71 -0.22234  7.80704e-02 | 72 -0.10049  1.62292e-01
 73 -0.08165  6.81048e-02 | 74 -0.03770  1.17027e-03 | 75 -0.03644 -2.44974e-03
 76 -0.40377  7.09293e+00 | 77  3.89387 -2.04943e+00 | 78 -0.26410 -1.39092e+00
 79 -1.35783  1.94353e+00 | 80  0.77580  3.38583e-03 | 81 -0.02820 -6.26681e-01
 82  0.44207  1.34768e+00 | 83 -0.95909  2.17889e-02 |
83 variables; iteration 1100; function evaluation 1253; phase 3
Function value -1.3359391e+02; maximum gradient component mag -1.5583e+03
Var    Value     Gradient |Var    Value     Gradient |Var    Value     Gradient
  1  0.01364 -1.55832e+03 |  2 -0.00535 -1.03919e+00 |  3 -0.00607 -1.19962e+00
  4 -0.02218 -1.26497e+00 |  5 -0.02353 -1.58028e+00 |  6 -0.02453 -1.81222e+00
  7 -0.02590 -2.14284e+00 |  8 -0.02735 -2.49543e+00 |  9 -0.02886 -2.86280e+00
 10 -0.03063 -3.29503e+00 | 11 -0.03252 -3.77364e+00 | 12 -0.03419 -4.24353e+00
 13 -0.03624 -4.73058e+00 | 14 -0.03868 -5.34552e+00 | 15 -0.04111 -5.97887e+00
 16 -0.04371 -6.64258e+00 | 17 -0.04714 -7.49436e+00 | 18 -0.04896 -7.98506e+00
 19 -0.05075 -8.38908e+00 | 20 -0.05171 -8.56312e+00 | 21 -0.05039 -8.19372e+00
 22 -0.05089 -8.21968e+00 | 23 -0.05309 -8.90163e+00 | 24 -0.05390 -9.62682e+00
 25 -0.05737 -1.16128e+01 | 26 -0.05410 -1.43730e+01 | 27 -0.03448 -1.97028e+01
 28 -0.00069 -3.05078e+01 | 29 -0.01342 -2.72919e+01 | 30 -0.09333 -1.89555e+01
 31 -0.10448 -1.80618e+01 | 32 -0.07803 -2.32469e+01 | 33  0.02725 -6.03947e+01
 34 -0.12648 -1.95401e+01 | 35 -0.00275 -5.33544e+01 | 36 -0.05312 -3.82064e+01
 37 -0.03005 -4.52557e+01 | 38  0.01983 -6.53238e+01 | 39 -0.06405 -3.18825e+01
 40 -0.04048 -3.74443e+01 | 41 -0.03474 -3.41491e+01 | 42  0.00136 -3.80078e+01
 43 -0.02024 -2.62425e+01 | 44 -0.03645 -1.87927e+01 | 45 -0.03745 -1.56683e+01
 46 -0.04528 -1.12805e+01 | 47 -0.09474 -6.25204e+00 | 48 -0.06397 -5.15638e+00
 49 -0.09702 -1.94399e+00 | 50  0.06756  2.84112e-01 | 51 -0.11406  1.56524e-01
 52 -0.03811  6.58369e-01 | 53 -0.08551  5.98522e-01 | 54 -0.05749  7.66315e-01
 55 -0.03097  1.03618e+00 | 56 -0.08700  6.76985e-01 | 57 -0.04515  8.29816e-01
 58 -0.00081  1.19010e+00 | 59 -0.01606  1.02628e+00 | 60 -0.03186  8.21167e-01
 61 -0.07181  6.88406e-01 | 62 -0.00432  1.24149e+00 | 63 -0.07260  7.23489e-01
 64 -0.11442  5.09185e-01 | 65 -0.04761  9.47628e-01 | 66 -0.12239  4.60160e-01
 67 -0.09107  5.52237e-01 | 68 -0.07728  5.65802e-01 | 69  0.01280  9.53886e-01
 70 -0.03672  7.17308e-01 | 71 -0.22217  1.50899e-01 | 72 -0.10022  2.10891e-01
 73 -0.08175  6.19775e-02 | 74 -0.03770  7.09803e-04 | 75 -0.03644 -2.18830e-03
 76 -0.40391 -6.04002e+01 | 77  3.89711  1.44593e+01 | 78 -0.26277 -4.48574e+02
 79 -1.39637 -1.41273e+01 | 80  0.77497 -2.54910e+00 | 81 -0.02887  6.78010e+00
 82  0.44206  8.05377e-01 | 83 -0.96043  1.09838e-02 |
83 variables; iteration 1120; function evaluation 1278; phase 3
Function value -1.3363068e+02; maximum gradient component mag 8.5565e+02
Var    Value     Gradient |Var    Value     Gradient |Var    Value     Gradient
  1  0.01355  8.55652e+02 |  2 -0.00545  2.03377e+00 |  3 -0.00657  2.38154e+00
  4 -0.02262  2.54863e+00 |  5 -0.02310  3.19787e+00 |  6 -0.02465  3.65787e+00
  7 -0.02579  4.34908e+00 |  8 -0.02735  5.03445e+00 |  9 -0.02860  5.92665e+00
 10 -0.03029  6.75306e+00 | 11 -0.03220  7.63684e+00 | 12 -0.03443  8.52313e+00
 13 -0.03586  9.74326e+00 | 14 -0.03813  1.08465e+01 | 15 -0.04058  1.21822e+01
 16 -0.04338  1.34124e+01 | 17 -0.04663  1.50235e+01 | 18 -0.04870  1.64192e+01
 19 -0.05048  1.73321e+01 | 20 -0.05246  1.79248e+01 | 21 -0.05141  1.91906e+01
 22 -0.05182  1.85413e+01 | 23 -0.05347  1.92726e+01 | 24 -0.05391  2.10773e+01
 25 -0.05313  2.48331e+01 | 26 -0.04517  3.40944e+01 | 27 -0.05203  3.17435e+01
 28  0.00751  7.13990e+01 | 29 -0.01688  6.98829e+01 | 30 -0.09166  4.05691e+01
 31 -0.10231  3.75570e+01 | 32 -0.08073  4.01694e+01 | 33  0.02798  8.06762e+01
 34 -0.12732  1.51042e+01 | 35 -0.00256  1.59498e+01 | 36 -0.05309 -3.25494e+00
 37 -0.02998 -1.71477e+01 | 38  0.01992 -4.12654e+01 | 39 -0.06426 -2.52224e+01
 40 -0.04037 -3.52652e+01 | 41 -0.03473 -3.46030e+01 | 42  0.00142 -4.09430e+01
 43 -0.02031 -2.89628e+01 | 44 -0.03647 -1.95084e+01 | 45 -0.03749 -1.53816e+01
 46 -0.04543 -1.07768e+01 | 47 -0.09465 -5.88493e+00 | 48 -0.06395 -5.13138e+00
 49 -0.09711 -1.45922e+00 | 50  0.06789 -3.20830e+00 | 51 -0.11524 -5.50788e-01
 52 -0.03770 -4.72607e-01 | 53 -0.08598 -2.29191e-01 | 54 -0.05709 -3.88985e-02
 55 -0.03089 -1.58149e-01 | 56 -0.08696 -2.19627e-02 | 57 -0.04488 -3.30526e-02
 58 -0.00066  6.66646e-02 | 59 -0.01602  1.63606e-02 | 60 -0.03189  1.50811e-01
 61 -0.07177  2.67692e-02 | 62 -0.00404  6.16300e-03 | 63 -0.07284  6.53629e-02
 64 -0.11434  3.73757e-03 | 65 -0.04737  2.53177e-01 | 66 -0.12256  7.74788e-02
 67 -0.09092  1.06030e-01 | 68 -0.07731  6.29876e-02 | 69  0.01319  1.57384e-01
 70 -0.03713  5.69949e-02 | 71 -0.22220 -2.57496e-02 | 72 -0.09998 -4.27669e-02
 73 -0.08159 -3.32523e-02 | 74 -0.03765 -4.43017e-03 | 75 -0.03636  2.61830e-03
 76 -0.40283  6.93477e+00 | 77  3.89640 -2.46030e+00 | 78 -0.26162  1.03863e+02
 79 -1.42371  7.84761e+00 | 80  0.77218  1.37580e+00 | 81 -0.02938 -1.16302e+00
 82  0.44203 -7.93708e-01 | 83 -0.96531  8.34433e-03 |
83 variables; iteration 1140; function evaluation 1299; phase 3
Function value -1.3373963e+02; maximum gradient component mag 1.4308e+03
Var    Value     Gradient |Var    Value     Gradient |Var    Value     Gradient
  1  0.01357  1.43079e+03 |  2 -0.00518  2.48863e+00 |  3 -0.00606  2.97737e+00
  4 -0.02232  3.11205e+00 |  5 -0.02340  3.68445e+00 |  6 -0.02463  4.33635e+00
  7 -0.02586  5.11987e+00 |  8 -0.02727  5.98069e+00 |  9 -0.02887  6.90072e+00
 10 -0.03058  7.86714e+00 | 11 -0.03234  8.96438e+00 | 12 -0.03420  1.01660e+01
 13 -0.03620  1.13441e+01 | 14 -0.03839  1.26715e+01 | 15 -0.04089  1.42113e+01
 16 -0.04338  1.57874e+01 | 17 -0.04657  1.76949e+01 | 18 -0.04881  1.92260e+01
 19 -0.05069  2.02099e+01 | 20 -0.05237  2.09950e+01 | 21 -0.05360  2.11800e+01
 22 -0.05322  2.07449e+01 | 23 -0.05420  2.18171e+01 | 24 -0.05508  2.34849e+01
 25 -0.05587  2.65839e+01 | 26 -0.05473  3.28933e+01 | 27 -0.03401  4.70263e+01
 28  0.01305  7.95350e+01 | 29 -0.03456  5.56418e+01 | 30 -0.08049  4.40413e+01
 31 -0.10126  3.47398e+01 | 32 -0.08313  3.39257e+01 | 33  0.02840  6.49641e+01
 34 -0.12821  1.10386e+01 | 35 -0.00230  1.33706e+01 | 36 -0.05334  1.69988e-01
 37 -0.03001 -5.35999e+00 | 38  0.01999 -1.31273e+01 | 39 -0.06449 -6.29679e+00
 40 -0.04035 -5.60506e+00 | 41 -0.03486 -2.81877e+00 | 42  0.00148  2.87609e-01
 43 -0.02027  2.98570e+00 | 44 -0.03652  4.79614e+00 | 45 -0.03753  6.01159e+00
 46 -0.04536  5.74813e+00 | 47 -0.09474  3.42824e+00 | 48 -0.06391  2.61605e+00
 49 -0.09723  6.23955e-01 | 50  0.06806 -5.46551e-01 | 51 -0.11617 -1.99118e-01
 52 -0.03747 -6.70245e-01 | 53 -0.08611 -4.21251e-01 | 54 -0.05708 -6.36118e-01
 55 -0.03085 -7.36040e-01 | 56 -0.08714 -5.28660e-01 | 57 -0.04481 -8.39001e-01
 58 -0.00059 -1.20298e+00 | 59 -0.01603 -1.08365e+00 | 60 -0.03184 -1.02002e+00
 61 -0.07174 -7.56850e-01 | 62 -0.00396 -1.29537e+00 | 63 -0.07301 -7.32254e-01
 64 -0.11416 -5.50454e-01 | 65 -0.04730 -9.45152e-01 | 66 -0.12261 -5.38451e-01
 67 -0.09074 -7.02661e-01 | 68 -0.07716 -7.08579e-01 | 69  0.01338 -1.16657e+00
 70 -0.03747 -6.91137e-01 | 71 -0.22209 -1.65610e-01 | 72 -0.09981 -2.85797e-01
 73 -0.08171 -4.78004e-02 | 74 -0.03761  8.62957e-04 | 75 -0.03636 -6.35826e-04
 76 -0.40364  3.44837e+01 | 77  3.89574 -8.91352e+00 | 78 -0.26048  2.40998e+02
 79 -1.44733  1.56584e+01 | 80  0.77997  2.01717e+00 | 81 -0.02794 -2.62445e+00
 82  0.44205  1.47841e-01 | 83 -0.96628  9.22581e-03 |
83 variables; iteration 1160; function evaluation 1320; phase 3
Function value -1.3375293e+02; maximum gradient component mag -2.9728e+02
Var    Value     Gradient |Var    Value     Gradient |Var    Value     Gradient
  1  0.01353 -2.97284e+02 |  2 -0.00554  1.31753e-02 |  3 -0.00566  2.27582e-01
  4 -0.02195  1.93316e-01 |  5 -0.02324  1.47057e-01 |  6 -0.02464  1.09444e-01
  7 -0.02596  1.31735e-01 |  8 -0.02740  1.61710e-01 |  9 -0.02924  1.18459e-01
 10 -0.03113  8.86974e-02 | 11 -0.03226  3.02680e-01 | 12 -0.03397  3.78063e-01
 13 -0.03637  2.98678e-01 | 14 -0.03866  3.07552e-01 | 15 -0.04073  4.73773e-01
 16 -0.04341  4.72459e-01 | 17 -0.04627  6.16928e-01 | 18 -0.04856  6.69873e-01
 19 -0.05082  5.63823e-01 | 20 -0.05278  4.81691e-01 | 21 -0.05455  2.08831e-01
 22 -0.05391  2.82861e-01 | 23 -0.05493  3.62686e-01 | 24 -0.05549  5.55499e-01
 25 -0.05622  7.84313e-01 | 26 -0.05583  9.36821e-01 | 27 -0.02912  4.48996e+00
 28  0.01427  6.60055e+00 | 29 -0.04037 -2.67688e-01 | 30 -0.07677  5.27729e+00
 31 -0.10304  3.11242e+00 | 32 -0.08105  4.26689e+00 | 33  0.02784  8.47466e+00
 34 -0.12787  7.62583e-01 | 35 -0.00228 -5.03740e+00 | 36 -0.05341 -8.69315e+00
 37 -0.03000 -1.50577e+01 | 38  0.01999 -2.89710e+01 | 39 -0.06478 -1.59678e+01
 40 -0.04026 -1.94056e+01 | 41 -0.03490 -1.89867e+01 | 42  0.00147 -2.25515e+01
 43 -0.02031 -1.55742e+01 | 44 -0.03662 -1.22912e+01 | 45 -0.03758 -1.01118e+01
 46 -0.04550 -8.05023e+00 | 47 -0.09471 -4.15006e+00 | 48 -0.06393 -3.53450e+00
 49 -0.09735 -1.53490e+00 | 50  0.06826 -1.13018e+00 | 51 -0.11717 -3.80478e-01
 52 -0.03723 -1.98954e-01 | 53 -0.08650 -1.08264e-01 | 54 -0.05688 -8.09670e-02
 55 -0.03085  5.83646e-02 | 56 -0.08718  9.00264e-02 | 57 -0.04466  2.00171e-01
 58 -0.00057  2.81093e-02 | 59 -0.01601 -7.98804e-02 | 60 -0.03198 -2.90536e-01
 61 -0.07172 -1.46680e-02 | 62 -0.00381 -6.59536e-03 | 63 -0.07327 -1.28417e-01
 64 -0.11410 -4.40545e-02 | 65 -0.04722 -2.32402e-01 | 66 -0.12273 -7.45002e-02
 67 -0.09071 -5.32006e-03 | 68 -0.07720  1.38170e-01 | 69  0.01356  3.90840e-01
 70 -0.03777  5.96830e-01 | 71 -0.22212  1.68927e-01 | 72 -0.09973  3.57032e-01
 73 -0.08112  2.04779e-01 | 74 -0.03756  7.82188e-03 | 75 -0.03635 -3.82135e-03
 76 -0.40252 -1.61296e+01 | 77  3.89715  3.69154e+00 | 78 -0.25974 -1.18899e+02
 79 -1.46080 -2.81296e+00 | 80  0.77361 -3.67843e-01 | 81 -0.03081  1.31736e+00
 82  0.44205  3.40133e-01 | 83 -0.96699  5.38043e-03 |
83 variables; iteration 1180; function evaluation 1341; phase 3
Function value -1.3378060e+02; maximum gradient component mag -2.4901e+02
Var    Value     Gradient |Var    Value     Gradient |Var    Value     Gradient
  1  0.01348 -2.49010e+02 |  2 -0.00519 -7.16198e-01 |  3 -0.00619 -8.88466e-01
  4 -0.02215 -8.95647e-01 |  5 -0.02337 -1.11096e+00 |  6 -0.02450 -1.30138e+00
  7 -0.02585 -1.53558e+00 |  8 -0.02719 -1.76144e+00 |  9 -0.02884 -2.05648e+00
 10 -0.03044 -2.33170e+00 | 11 -0.03225 -2.66619e+00 | 12 -0.03422 -3.06079e+00
 13 -0.03610 -3.38532e+00 | 14 -0.03828 -3.78276e+00 | 15 -0.04078 -4.25589e+00
 16 -0.04318 -4.69345e+00 | 17 -0.04636 -5.27751e+00 | 18 -0.04862 -5.70996e+00
 19 -0.05040 -6.00277e+00 | 20 -0.05216 -6.27896e+00 | 21 -0.05279 -6.32332e+00
 22 -0.05264 -6.24855e+00 | 23 -0.05383 -6.56592e+00 | 24 -0.05477 -7.05646e+00
 25 -0.05613 -8.03735e+00 | 26 -0.05517 -1.00376e+01 | 27 -0.04157 -1.36299e+01
 28  0.02429 -2.10418e+01 | 29 -0.04914 -2.09163e+01 | 30 -0.07517 -1.15234e+01
 31 -0.09885 -9.69392e+00 | 32 -0.08539 -1.08839e+01 | 33  0.02898 -1.61496e+01
 34 -0.12935 -2.18425e+00 | 35 -0.00185  2.47229e+00 | 36 -0.05350  5.63768e+00
 37 -0.02999  9.84943e+00 | 38  0.02023  1.73939e+01 | 39 -0.06496  8.59559e+00
 40 -0.04016  1.02700e+01 | 41 -0.03490  8.81834e+00 | 42  0.00165  9.01495e+00
 43 -0.02024  5.25716e+00 | 44 -0.03651  3.06098e+00 | 45 -0.03754  1.75271e+00
 46 -0.04531  1.10299e+00 | 47 -0.09469  3.87077e-01 | 48 -0.06380  4.02480e-01
 49 -0.09728  1.11944e-01 | 50  0.06856  9.15357e-01 | 51 -0.11830  3.09192e-01
 52 -0.03683  2.71944e-01 | 53 -0.08671  1.34552e-01 | 54 -0.05665  1.11509e-01
 55 -0.03076  1.06528e-01 | 56 -0.08725  7.75532e-02 | 57 -0.04447  1.14950e-01
 58 -0.00035  1.41465e-01 | 59 -0.01597  1.09441e-01 | 60 -0.03179  8.57969e-02
 61 -0.07163  8.27259e-02 | 62 -0.00358  8.45953e-02 | 63 -0.07338  3.15351e-02
 64 -0.11385  6.39284e-02 | 65 -0.04696  1.08882e-01 | 66 -0.12276  7.43956e-02
 67 -0.09035  7.66233e-02 | 68 -0.07695  5.85396e-02 | 69  0.01397  1.00441e-01
 70 -0.03821  2.79308e-02 | 71 -0.22192  1.82498e-02 | 72 -0.09937  3.96459e-02
 73 -0.08145  1.94253e-02 | 74 -0.03754  5.06018e-04 | 75 -0.03630 -1.21005e-03
 76 -0.40303 -1.37970e+00 | 77  3.89702  5.04826e-01 | 78 -0.25818 -7.72466e+01
 79 -1.48632 -1.14677e+00 | 80  0.77333 -3.02149e-01 | 81 -0.03077 -7.30049e-02
 82  0.44205  1.69668e-02 | 83 -0.96750 -4.30272e-03 |
83 variables; iteration 1200; function evaluation 1361; phase 3
Function value -1.3381973e+02; maximum gradient component mag 1.6341e+03
Var    Value     Gradient |Var    Value     Gradient |Var    Value     Gradient
  1  0.01345  1.63406e+03 |  2 -0.00499  5.22330e-02 |  3 -0.00594  3.36217e-02
  4 -0.02221 -2.08031e-03 |  5 -0.02332 -1.92863e-02 |  6 -0.02431  2.49358e-02
  7 -0.02557  3.58392e-02 |  8 -0.02692  5.80132e-02 |  9 -0.02863  2.06303e-02
 10 -0.03013  6.67252e-02 | 11 -0.03193  6.05749e-02 | 12 -0.03394  1.66235e-02
 13 -0.03579  5.75969e-02 | 14 -0.03801  5.25524e-02 | 15 -0.04048  6.03112e-02
 16 -0.04263  1.79489e-01 | 17 -0.04592  1.51110e-01 | 18 -0.04797  2.43585e-01
 19 -0.04973  2.79555e-01 | 20 -0.05150  2.52175e-01 | 21 -0.05178  4.56411e-01
 22 -0.05191  3.42512e-01 | 23 -0.05286  4.63895e-01 | 24 -0.05347  7.21865e-01
 25 -0.05459  1.04321e+00 | 26 -0.05184  2.07470e+00 | 27 -0.05943 -2.39827e+00
 28  0.02852  1.66571e+01 | 29 -0.04535  5.79328e+00 | 30 -0.07831  1.32592e+01
 31 -0.10050  1.50465e+01 | 32 -0.08301  2.36092e+01 | 33  0.02873  8.40353e+01
 34 -0.12977  2.98820e+01 | 35 -0.00161  9.36054e+01 | 36 -0.05361  6.72522e+01
 37 -0.03000  7.95483e+01 | 38  0.02032  1.11539e+02 | 39 -0.06526  5.04310e+01
 40 -0.04009  5.52736e+01 | 41 -0.03495  4.63498e+01 | 42  0.00172  4.66147e+01
 43 -0.02028  2.76361e+01 | 44 -0.03652  1.72181e+01 | 45 -0.03757  1.16588e+01
 46 -0.04530  7.58015e+00 | 47 -0.09467  3.22036e+00 | 48 -0.06376  2.27705e+00
 49 -0.09734  5.07577e-01 | 50  0.06884  1.39769e+00 | 51 -0.11978  3.14480e-01
 52 -0.03646  2.13044e-01 | 53 -0.08711  2.06640e-01 | 54 -0.05643  1.06543e-01
 55 -0.03072  1.81737e-01 | 56 -0.08737  6.31928e-02 | 57 -0.04430 -3.03446e-02
 58 -0.00024 -1.55467e-02 | 59 -0.01597  4.10676e-02 | 60 -0.03180  3.06968e-02
 61 -0.07160 -2.06298e-02 | 62 -0.00340 -8.27065e-02 | 63 -0.07363  1.14266e-02
 64 -0.11372 -3.65003e-02 | 65 -0.04678 -8.78891e-02 | 66 -0.12291 -4.30462e-02
 67 -0.09015 -1.01703e-01 | 68 -0.07685 -1.58396e-01 | 69  0.01429 -2.25206e-01
 70 -0.03872 -3.19118e-02 | 71 -0.22193 -6.19723e-02 | 72 -0.09914 -1.11333e-01
 73 -0.08145 -4.41371e-02 | 74 -0.03751  9.51157e-04 | 75 -0.03627  1.27648e-03
 76 -0.40255  7.11342e+01 | 77  3.89804 -1.66345e+01 | 78 -0.25668  2.57622e+02
 79 -1.50745  2.19848e+01 | 80  0.77246  3.16460e+00 | 81 -0.03112 -9.56129e+00
 82  0.44205  1.84130e-01 | 83 -0.96611  9.70066e-05 |
83 variables; iteration 1220; function evaluation 1383; phase 3
Function value -1.3394417e+02; maximum gradient component mag -6.7606e+02
Var    Value     Gradient |Var    Value     Gradient |Var    Value     Gradient
  1  0.01352 -6.76064e+02 |  2 -0.00523  1.40822e+00 |  3 -0.00605  1.70514e+00
  4 -0.02211  1.82567e+00 |  5 -0.02319  2.14826e+00 |  6 -0.02401  2.63367e+00
  7 -0.02539  3.05489e+00 |  8 -0.02704  3.48772e+00 |  9 -0.02841  4.08881e+00
 10 -0.03011  4.65026e+00 | 11 -0.03172  5.33749e+00 | 12 -0.03342  6.09157e+00
 13 -0.03568  6.70037e+00 | 14 -0.03781  7.49827e+00 | 15 -0.03990  8.54830e+00
 16 -0.04236  9.50000e+00 | 17 -0.04579  1.05290e+01 | 18 -0.04786  1.15190e+01
 19 -0.04968  1.21427e+01 | 20 -0.05138  1.26233e+01 | 21 -0.05268  1.26966e+01
 22 -0.05213  1.25564e+01 | 23 -0.05302  1.32682e+01 | 24 -0.05320  1.45360e+01
 25 -0.05526  1.57176e+01 | 26 -0.05270  1.93683e+01 | 27 -0.05297  1.81126e+01
 28  0.01806  4.78437e+01 | 29 -0.02888  3.10323e+01 | 30 -0.08739  1.82903e+01
 31 -0.10323  1.34079e+01 | 32 -0.07871  1.02362e+01 | 33  0.02764 -6.70288e+00
 34 -0.12917 -1.29738e+01 | 35 -0.00180 -6.24283e+01 | 36 -0.05382 -5.82586e+01
 37 -0.03017 -7.82430e+01 | 38  0.02021 -1.21427e+02 | 39 -0.06564 -5.98206e+01
 40 -0.04020 -6.84277e+01 | 41 -0.03513 -5.93038e+01 | 42  0.00152 -6.15116e+01
 43 -0.02047 -3.73396e+01 | 44 -0.03674 -2.25934e+01 | 45 -0.03775 -1.48971e+01
 46 -0.04554 -8.56040e+00 | 47 -0.09483 -3.78122e+00 | 48 -0.06394 -2.25070e+00
 49 -0.09757 -3.86915e-01 | 50  0.06873 -2.68600e+00 | 51 -0.12039 -7.45918e-01
 52 -0.03651 -7.26380e-01 | 53 -0.08754 -4.49263e-01 | 54 -0.05649 -3.91540e-01
 55 -0.03094 -6.04132e-01 | 56 -0.08753 -2.97488e-01 | 57 -0.04445 -3.41531e-01
 58 -0.00042 -4.93555e-01 | 59 -0.01616 -4.02157e-01 | 60 -0.03201 -2.37829e-01
 61 -0.07181 -1.73167e-01 | 62 -0.00352 -2.28920e-01 | 63 -0.07390 -1.62327e-01
 64 -0.11390 -9.73524e-02 | 65 -0.04693 -1.27200e-01 | 66 -0.12315 -5.89739e-02
 67 -0.09033  4.11772e-02 | 68 -0.07709  8.78374e-02 | 69  0.01417  6.69334e-02
 70 -0.03904 -1.96562e-01 | 71 -0.22203 -1.95500e-02 | 72 -0.09934 -7.06493e-02
 73 -0.08143 -7.82811e-03 | 74 -0.03756 -2.56498e-03 | 75 -0.03631  5.75484e-04
 76 -0.40217 -4.87452e+01 | 77  3.89795  1.09927e+01 | 78 -0.25652 -2.03938e+02
 79 -1.50972 -9.37716e+00 | 80  0.78031 -1.35204e+00 | 81 -0.02837  7.80707e+00
 82  0.44205  4.13671e-01 | 83 -0.96487  2.09343e-02 |
83 variables; iteration 1240; function evaluation 1403; phase 3
Function value -1.3414551e+02; maximum gradient component mag 3.8195e+03
Var    Value     Gradient |Var    Value     Gradient |Var    Value     Gradient
  1  0.01350  3.81955e+03 |  2 -0.00509  3.73121e+00 |  3 -0.00576  4.52556e+00
  4 -0.02200  4.75202e+00 |  5 -0.02290  5.67389e+00 |  6 -0.02475  6.47379e+00
  7 -0.02561  7.76085e+00 |  8 -0.02700  9.06511e+00 |  9 -0.02834  1.05591e+01
 10 -0.03050  1.18741e+01 | 11 -0.03186  1.36858e+01 | 12 -0.03366  1.55449e+01
 13 -0.03547  1.74496e+01 | 14 -0.03751  1.95544e+01 | 15 -0.04042  2.17392e+01
 16 -0.04279  2.42301e+01 | 17 -0.04590  2.72074e+01 | 18 -0.04849  2.93841e+01
 19 -0.05006  3.11399e+01 | 20 -0.05188  3.23640e+01 | 21 -0.05292  3.29097e+01
 22 -0.05280  3.22235e+01 | 23 -0.05362  3.40628e+01 | 24 -0.05451  3.67338e+01
 25 -0.05376  4.25028e+01 | 26 -0.04969  5.37984e+01 | 27 -0.03828  6.65362e+01
 28 -0.00168  1.03314e+02 | 29 -0.01109  1.10607e+02 | 30 -0.09502  5.81299e+01
 31 -0.10614  5.46605e+01 | 32 -0.07685  6.87962e+01 | 33  0.02755  1.45498e+02
 34 -0.13057  3.76131e+01 | 35 -0.00147  9.14996e+01 | 36 -0.05415  5.50509e+01
 37 -0.03029  6.15665e+01 | 38  0.02018  8.77100e+01 | 39 -0.06629  4.38048e+01
 40 -0.04022  5.77219e+01 | 41 -0.03536  5.78888e+01 | 42  0.00151  7.26044e+01
 43 -0.02066  5.58373e+01 | 44 -0.03693  4.44075e+01 | 45 -0.03792  3.96989e+01
 46 -0.04572  3.18496e+01 | 47 -0.09488  1.80841e+01 | 48 -0.06406  1.60006e+01
 49 -0.09767  6.86875e+00 | 50  0.06911  4.52216e-01 | 51 -0.12339 -2.92924e-01
 52 -0.03600 -1.56011e+00 | 53 -0.08854 -1.14153e+00 | 54 -0.05617 -1.74084e+00
 55 -0.03105 -2.18901e+00 | 56 -0.08793 -1.43251e+00 | 57 -0.04422 -1.98106e+00
 58 -0.00034 -2.39071e+00 | 59 -0.01630 -1.92634e+00 | 60 -0.03226 -1.71342e+00
 61 -0.07183 -1.26960e+00 | 62 -0.00330 -2.24845e+00 | 63 -0.07462 -1.06215e+00
 64 -0.11373 -7.92694e-01 | 65 -0.04670 -1.19386e+00 | 66 -0.12358 -5.01721e-01
 67 -0.09003 -5.30698e-01 | 68 -0.07700 -6.64510e-01 | 69  0.01473 -1.63049e+00
 70 -0.04033 -1.04351e+00 | 71 -0.22209 -2.06718e-01 | 72 -0.09899 -3.28191e-01
 73 -0.08122 -1.65124e-02 | 74 -0.03751  3.72432e-03 | 75 -0.03631 -7.16058e-03
 76 -0.40027  1.32319e+02 | 77  3.90340 -3.32048e+01 | 78 -0.25343  4.97833e+02
 79 -1.54553  4.89672e+01 | 80  0.76743  5.57587e+00 | 81 -0.03259 -1.16198e+01
 82  0.44204 -1.87522e-01 | 83 -0.96278  1.37782e-02 |
83 variables; iteration 1260; function evaluation 1425; phase 3
Function value -1.3423227e+02; maximum gradient component mag -1.5984e+03
Var    Value     Gradient |Var    Value     Gradient |Var    Value     Gradient
  1  0.01340 -1.59845e+03 |  2 -0.00510 -1.32391e+00 |  3 -0.00606 -1.60987e+00
  4 -0.02229 -1.72687e+00 |  5 -0.02330 -2.04190e+00 |  6 -0.02461 -2.44098e+00
  7 -0.02571 -2.81193e+00 |  8 -0.02725 -3.30556e+00 |  9 -0.02875 -3.80009e+00
 10 -0.03048 -4.36005e+00 | 11 -0.03207 -4.91924e+00 | 12 -0.03391 -5.60110e+00
 13 -0.03604 -6.26966e+00 | 14 -0.03824 -7.01295e+00 | 15 -0.04058 -7.84436e+00
 16 -0.04317 -8.72569e+00 | 17 -0.04631 -9.78516e+00 | 18 -0.04858 -1.05999e+01
 19 -0.05050 -1.11761e+01 | 20 -0.05216 -1.16304e+01 | 21 -0.05289 -1.18040e+01
 22 -0.05267 -1.16085e+01 | 23 -0.05380 -1.22055e+01 | 24 -0.05444 -1.31816e+01
 25 -0.05439 -1.50099e+01 | 26 -0.04978 -1.89466e+01 | 27 -0.02205 -2.64575e+01
 28 -0.01849 -3.71383e+01 | 29 -0.00285 -3.57189e+01 | 30 -0.09778 -2.19402e+01
 31 -0.10741 -1.96802e+01 | 32 -0.07602 -2.32428e+01 | 33  0.02787 -5.62648e+01
 34 -0.13224 -1.57572e+01 | 35 -0.00075 -4.37224e+01 | 36 -0.05447 -2.98487e+01
 37 -0.03023 -3.55906e+01 | 38  0.02053 -5.28701e+01 | 39 -0.06691 -2.53317e+01
 40 -0.04001 -3.13925e+01 | 41 -0.03537 -2.97776e+01 | 42  0.00174 -3.50726e+01
 43 -0.02065 -2.57229e+01 | 44 -0.03692 -2.05717e+01 | 45 -0.03788 -1.82570e+01
 46 -0.04557 -1.51967e+01 | 47 -0.09494 -8.44041e+00 | 48 -0.06384 -8.04762e+00
 49 -0.09774 -3.25209e+00 | 50  0.06971  3.35749e-01 | 51 -0.12675  2.56843e-01
 52 -0.03501  9.22178e-01 | 53 -0.08936  6.83472e-01 | 54 -0.05570  1.00697e+00
 55 -0.03094  1.30401e+00 | 56 -0.08817  8.11085e-01 | 57 -0.04383  1.09265e+00
 58 -0.00003  1.56606e+00 | 59 -0.01628  1.38272e+00 | 60 -0.03209  1.12288e+00
 61 -0.07176  8.58148e-01 | 62 -0.00289  1.48659e+00 | 63 -0.07506  8.64050e-01
 64 -0.11333  5.81419e-01 | 65 -0.04633  1.02174e+00 | 66 -0.12384  4.41257e-01
 67 -0.08948  5.18672e-01 | 68 -0.07671  4.49444e-01 | 69  0.01539  8.83136e-01
 70 -0.04140  4.27555e-01 | 71 -0.22176  8.92946e-02 | 72 -0.09840  9.47463e-02
 73 -0.08141 -1.93609e-02 | 74 -0.03741  3.77498e-03 | 75 -0.03625 -2.58198e-03
 76 -0.40248 -5.96838e+01 | 77  3.89410  1.30179e+01 | 78 -0.25022 -2.40230e+02
 79 -1.57644 -1.94047e+01 | 80  0.76480 -2.55351e+00 | 81 -0.03453  6.17181e+00
 82  0.44205  1.50808e-01 | 83 -0.96406  7.52367e-04 |
83 variables; iteration 1280; function evaluation 1446; phase 3
Function value -1.3424494e+02; maximum gradient component mag -7.4284e+02
Var    Value     Gradient |Var    Value     Gradient |Var    Value     Gradient
  1  0.01335 -7.42836e+02 |  2 -0.00519 -6.13477e-01 |  3 -0.00611 -7.46062e-01
  4 -0.02229 -7.98528e-01 |  5 -0.02332 -9.45365e-01 |  6 -0.02449 -1.11379e+00
  7 -0.02576 -1.29774e+00 |  8 -0.02723 -1.52060e+00 |  9 -0.02881 -1.75687e+00
 10 -0.03051 -2.01609e+00 | 11 -0.03223 -2.27990e+00 | 12 -0.03405 -2.59494e+00
 13 -0.03614 -2.90129e+00 | 14 -0.03828 -3.22942e+00 | 15 -0.04079 -3.63774e+00
 16 -0.04333 -4.03571e+00 | 17 -0.04656 -4.54292e+00 | 18 -0.04895 -4.93177e+00
 19 -0.05082 -5.18854e+00 | 20 -0.05255 -5.40780e+00 | 21 -0.05350 -5.50990e+00
 22 -0.05318 -5.41011e+00 | 23 -0.05424 -5.67636e+00 | 24 -0.05471 -6.09916e+00
 25 -0.05432 -6.91267e+00 | 26 -0.04927 -8.63973e+00 | 27 -0.01429 -1.10932e+01
 28 -0.02558 -2.10630e+01 | 29 -0.00162 -1.59032e+01 | 30 -0.09717 -1.19568e+01
 31 -0.10591 -1.07130e+01 | 32 -0.07847 -1.30453e+01 | 33  0.02867 -3.16935e+01
 34 -0.13337 -8.92696e+00 | 35 -0.00050 -2.31648e+01 | 36 -0.05453 -1.49158e+01
 37 -0.03023 -1.69739e+01 | 38  0.02067 -2.37398e+01 | 39 -0.06722 -1.11015e+01
 40 -0.03988 -1.30319e+01 | 41 -0.03543 -1.20631e+01 | 42  0.00184 -1.35728e+01
 43 -0.02064 -9.51665e+00 | 44 -0.03691 -7.26882e+00 | 45 -0.03791 -6.19917e+00
 46 -0.04556 -4.92306e+00 | 47 -0.09486 -2.60016e+00 | 48 -0.06378 -2.17006e+00
 49 -0.09786 -7.43003e-01 | 50  0.07006  2.50529e-01 | 51 -0.12813  1.51879e-01
 52 -0.03465  3.71967e-01 | 53 -0.08977  2.87775e-01 | 54 -0.05540  3.67285e-01
 55 -0.03088  4.48933e-01 | 56 -0.08822  2.73223e-01 | 57 -0.04361  3.60377e-01
 58  0.00011  5.05614e-01 | 59 -0.01624  4.55127e-01 | 60 -0.03210  3.93148e-01
 61 -0.07169  2.96347e-01 | 62 -0.00263  4.91615e-01 | 63 -0.07534  3.05626e-01
 64 -0.11314  2.09473e-01 | 65 -0.04611  3.59783e-01 | 66 -0.12393  1.82504e-01
 67 -0.08929  2.22494e-01 | 68 -0.07661  2.07335e-01 | 69  0.01579  3.30986e-01
 70 -0.04186  1.50786e-01 | 71 -0.22169  3.80604e-02 | 72 -0.09817  5.33433e-02
 73 -0.08113 -4.62044e-03 | 74 -0.03739  4.09730e-04 | 75 -0.03619  3.47881e-04
 76 -0.40094 -2.63156e+01 | 77  3.89918  6.36267e+00 | 78 -0.24890 -1.31432e+02
 79 -1.58779 -8.73447e+00 | 80  0.76254 -1.20057e+00 | 81 -0.03548  2.85158e+00
 82  0.44205  4.80713e-02 | 83 -0.96442 -7.38894e-04 |
83 variables; iteration 1300; function evaluation 1467; phase 3
Function value -1.3425382e+02; maximum gradient component mag -6.3558e+02
Var    Value     Gradient |Var    Value     Gradient |Var    Value     Gradient
  1  0.01328 -6.35584e+02 |  2 -0.00512 -5.17961e-01 |  3 -0.00595 -6.12802e-01
  4 -0.02255 -7.64432e-01 |  5 -0.02353 -8.79450e-01 |  6 -0.02456 -9.90629e-01
  7 -0.02578 -1.13743e+00 |  8 -0.02719 -1.31492e+00 |  9 -0.02869 -1.50143e+00
 10 -0.03034 -1.71331e+00 | 11 -0.03223 -1.98494e+00 | 12 -0.03387 -2.21469e+00
 13 -0.03587 -2.45647e+00 | 14 -0.03811 -2.76844e+00 | 15 -0.04053 -3.10209e+00
 16 -0.04319 -3.47830e+00 | 17 -0.04653 -3.95045e+00 | 18 -0.04875 -4.24523e+00
 19 -0.05074 -4.49915e+00 | 20 -0.05244 -4.68623e+00 | 21 -0.05303 -4.68880e+00
 22 -0.05272 -4.62150e+00 | 23 -0.05398 -4.94073e+00 | 24 -0.05465 -5.42334e+00
 25 -0.05448 -6.33449e+00 | 26 -0.05095 -8.49616e+00 | 27 -0.00965 -1.03789e+01
 28 -0.03246 -2.18233e+01 | 29  0.00236 -1.79519e+01 | 30 -0.10157 -1.46873e+01
 31 -0.10226 -1.29952e+01 | 32 -0.08133 -1.83261e+01 | 33  0.02960 -4.58088e+01
 34 -0.13516 -1.31558e+01 | 35  0.00003 -3.09700e+01 | 36 -0.05475 -1.72747e+01
 37 -0.03017 -1.56681e+01 | 38  0.02092 -1.61370e+01 | 39 -0.06763 -5.65827e+00
 40 -0.03972 -3.63540e+00 | 41 -0.03546 -1.45598e+00 | 42  0.00200  6.01710e-01
 43 -0.02062  1.54723e+00 | 44 -0.03688  1.87667e+00 | 45 -0.03790  1.78478e+00
 46 -0.04547  1.54927e+00 | 47 -0.09484  6.16704e-01 | 48 -0.06365  1.10159e-01
 49 -0.09795 -7.42220e-02 | 50  0.07054 -1.47330e+00 | 51 -0.13059 -6.32460e-01
 52 -0.03394 -2.97871e-01 | 53 -0.09039 -3.49477e-02 | 54 -0.05501  1.71264e-01
 55 -0.03080  2.99676e-01 | 56 -0.08833  1.63282e-01 | 57 -0.04334  1.51138e-01
 58  0.00033  3.53266e-01 | 59 -0.01619  3.72286e-01 | 60 -0.03203  3.06387e-01
 61 -0.07159  2.31309e-01 | 62 -0.00234  3.04793e-01 | 63 -0.07562  2.82312e-01
 64 -0.11290  1.37812e-01 | 65 -0.04582  3.07763e-01 | 66 -0.12409  1.34356e-01
 67 -0.08893  1.54559e-01 | 68 -0.07642  1.07283e-01 | 69  0.01628  1.22795e-01
 70 -0.04253  7.93522e-02 | 71 -0.22153 -2.97803e-02 | 72 -0.09780 -7.32781e-02
 73 -0.08115 -6.04947e-02 | 74 -0.03733  2.49107e-04 | 75 -0.03614  4.50679e-04
 76 -0.40121 -1.92913e+01 | 77  3.89751  4.15823e+00 | 78 -0.24687 -1.10018e+02
 79 -1.60377 -7.23692e+00 | 80  0.76320 -1.11704e+00 | 81 -0.03524  2.90446e+00
 82  0.44205  2.59309e-01 | 83 -0.96474 -4.78193e-03 |
83 variables; iteration 1320; function evaluation 1491; phase 3
Function value -1.3430101e+02; maximum gradient component mag 1.1505e+02
Var    Value     Gradient |Var    Value     Gradient |Var    Value     Gradient
  1  0.01323  1.15048e+02 |  2 -0.00528 -1.76734e-01 |  3 -0.00588 -1.37319e-01
  4 -0.02219 -1.92114e-01 |  5 -0.02331 -2.52367e-01 |  6 -0.02442 -2.74226e-01
  7 -0.02585 -3.57894e-01 |  8 -0.02704 -3.43966e-01 |  9 -0.02847 -3.61601e-01
 10 -0.03019 -4.36096e-01 | 11 -0.03199 -5.07345e-01 | 12 -0.03369 -5.60148e-01
 13 -0.03563 -5.80176e-01 | 14 -0.03794 -6.94416e-01 | 15 -0.04031 -7.55733e-01
 16 -0.04312 -9.13606e-01 | 17 -0.04597 -9.24690e-01 | 18 -0.04821 -9.67786e-01
 19 -0.05047 -1.12143e+00 | 20 -0.05216 -1.15282e+00 | 21 -0.05269 -1.03920e+00
 22 -0.05266 -1.08651e+00 | 23 -0.05317 -9.64313e-01 | 24 -0.05344 -9.66280e-01
 25 -0.05195 -8.20409e-01 | 26 -0.04257 -1.55168e-01 | 27 -0.02240 -2.10489e+00
 28 -0.03495 -1.03702e+01 | 29  0.01000  5.11468e+00 | 30 -0.10642 -3.75274e+00
 31 -0.10816 -7.48940e-01 | 32 -0.07635  1.77770e+00 | 33  0.02883  7.41570e+00
 34 -0.13522  2.95753e+00 | 35  0.00020  1.03168e+01 | 36 -0.05492  6.92898e+00
 37 -0.03019  8.59536e+00 | 38  0.02095  1.15500e+01 | 39 -0.06816  5.03736e+00
 40 -0.03965  5.88463e+00 | 41 -0.03558  5.26342e+00 | 42  0.00203  5.81621e+00
 43 -0.02075  3.68469e+00 | 44 -0.03697  2.91955e+00 | 45 -0.03802  2.10159e+00
 46 -0.04563  1.68980e+00 | 47 -0.09479  7.34114e-01 | 48 -0.06370  6.40715e-01
 49 -0.09807  7.70051e-01 | 50  0.07091  7.26402e-02 | 51 -0.13286  2.07872e-01
 52 -0.03354  2.47139e-01 | 53 -0.09120  2.11070e-01 | 54 -0.05463  2.06725e-01
 55 -0.03083  2.36676e-01 | 56 -0.08854  8.70947e-02 | 57 -0.04307  2.34294e-02
 58  0.00042  7.47688e-02 | 59 -0.01624  3.14003e-02 | 60 -0.03224 -6.88145e-02
 61 -0.07157  3.90408e-02 | 62 -0.00204 -1.05531e-01 | 63 -0.07629 -7.37181e-02
 64 -0.11269  1.45351e-02 | 65 -0.04560  5.81043e-02 | 66 -0.12439  8.32581e-02
 67 -0.08873  9.37319e-02 | 68 -0.07638  1.28581e-01 | 69  0.01679  8.19733e-02
 70 -0.04354  7.62241e-02 | 71 -0.22154 -3.07568e-02 | 72 -0.09751  5.30125e-03
 73 -0.08079 -4.02763e-02 | 74 -0.03731 -2.02716e-03 | 75 -0.03610  3.33964e-03
 76 -0.39882  7.73756e+00 | 77  3.90337 -1.53483e+00 | 78 -0.24462 -2.73553e+01
 79 -1.61957  2.61844e+00 | 80  0.75662  2.14266e-01 | 81 -0.03759 -6.30326e-01
 82  0.44205  3.13505e-01 | 83 -0.96343 -2.56172e-03 |
83 variables; iteration 1340; function evaluation 1513; phase 3
Function value -1.3432399e+02; maximum gradient component mag 4.8613e+02
Var    Value     Gradient |Var    Value     Gradient |Var    Value     Gradient
  1  0.01316  4.86125e+02 |  2 -0.00539  7.08201e-01 |  3 -0.00582  9.79149e-01
  4 -0.02217  9.75593e-01 |  5 -0.02313  1.17777e+00 |  6 -0.02418  1.42352e+00
  7 -0.02560  1.63129e+00 |  8 -0.02665  2.01377e+00 |  9 -0.02835  2.27913e+00
 10 -0.03001  2.59888e+00 | 11 -0.03163  3.00278e+00 | 12 -0.03342  3.39813e+00
 13 -0.03527  3.87668e+00 | 14 -0.03754  4.29486e+00 | 15 -0.04041  4.68660e+00
 16 -0.04256  5.36026e+00 | 17 -0.04562  6.05901e+00 | 18 -0.04758  6.73164e+00
 19 -0.04902  7.29384e+00 | 20 -0.05043  7.73834e+00 | 21 -0.05164  7.83485e+00
 22 -0.05122  7.82432e+00 | 23 -0.05149  8.57649e+00 | 24 -0.05115  9.62410e+00
 25 -0.05067  1.09496e+01 | 26 -0.04464  1.39041e+01 | 27 -0.03112  1.54530e+01
 28 -0.03470  1.16478e+01 | 29  0.01596  4.35976e+01 | 30 -0.11539  6.56500e+00
 31 -0.10684  1.12811e+01 | 32 -0.07584  1.27090e+01 | 33  0.02896  2.16370e+01
 34 -0.13631  4.52346e+00 | 35  0.00065  7.46380e+00 | 36 -0.05520  2.49995e+00
 37 -0.03018  1.21143e+00 | 38  0.02113 -2.39478e+00 | 39 -0.06876 -2.09035e+00
 40 -0.03952 -3.46877e+00 | 41 -0.03565 -3.08872e+00 | 42  0.00215 -3.67795e+00
 43 -0.02080 -2.05793e+00 | 44 -0.03701 -4.67475e-02 | 45 -0.03805  5.48535e-01
 46 -0.04560  1.15333e+00 | 47 -0.09479  3.52086e-01 | 48 -0.06362 -9.91471e-02
 49 -0.09818  3.58860e-01 | 50  0.07143 -1.98689e+00 | 51 -0.13613 -4.21754e-01
 52 -0.03278 -4.01708e-01 | 53 -0.09209 -3.57514e-02 | 54 -0.05421 -1.35073e-01
 55 -0.03081 -1.25437e-02 | 56 -0.08879 -1.35579e-01 | 57 -0.04276 -3.05090e-01
 58  0.00061 -5.28676e-01 | 59 -0.01625 -6.68222e-01 | 60 -0.03230 -8.98719e-01
 61 -0.07151 -4.51649e-01 | 62 -0.00170 -8.71512e-01 | 63 -0.07688 -6.38812e-01
 64 -0.11233 -3.20843e-01 | 65 -0.04535 -7.37791e-01 | 66 -0.12464 -2.79996e-01
 67 -0.08837 -3.38887e-01 | 68 -0.07622 -2.11014e-01 | 69  0.01737 -3.05853e-01
 70 -0.04458 -7.91403e-02 | 71 -0.22139 -1.20814e-01 | 72 -0.09711 -1.87125e-01
 73 -0.08084 -1.38974e-01 | 74 -0.03728 -7.78745e-03 | 75 -0.03603  1.11164e-02
 76 -0.39844  1.18409e+01 | 77  3.90354 -3.03190e+00 | 78 -0.24194 -1.73813e+00
 79 -1.63667  6.73497e+00 | 80  0.74522  7.05663e-01 | 81 -0.04258 -1.82045e+00
 82  0.44205  1.75928e-01 | 83 -0.96248 -9.95990e-04 |
83 variables; iteration 1360; function evaluation 1537; phase 3
Function value -1.3469896e+02; maximum gradient component mag -2.3673e+03
Var    Value     Gradient |Var    Value     Gradient |Var    Value     Gradient
  1  0.01326 -2.36731e+03 |  2 -0.00523 -1.21167e+00 |  3 -0.00592 -1.40343e+00
  4 -0.02162 -1.37895e+00 |  5 -0.02281 -1.70052e+00 |  6 -0.02404 -2.04125e+00
  7 -0.02549 -2.45028e+00 |  8 -0.02674 -2.82106e+00 |  9 -0.02822 -3.25181e+00
 10 -0.02974 -3.69509e+00 | 11 -0.03170 -4.27178e+00 | 12 -0.03318 -4.78762e+00
 13 -0.03540 -5.38244e+00 | 14 -0.03746 -5.99647e+00 | 15 -0.03966 -6.68490e+00
 16 -0.04261 -7.53641e+00 | 17 -0.04520 -8.32984e+00 | 18 -0.04688 -8.90536e+00
 19 -0.04977 -9.63096e+00 | 20 -0.05151 -1.00476e+01 | 21 -0.05166 -1.00646e+01
 22 -0.05194 -9.99668e+00 | 23 -0.05091 -1.00027e+01 | 24 -0.05107 -1.05837e+01
 25 -0.04908 -1.12965e+01 | 26 -0.04235 -1.33219e+01 | 27 -0.05327 -1.99842e+01
 28 -0.00946 -2.12163e+01 | 29  0.00386 -8.39681e+00 | 30 -0.10802 -9.54942e+00
 31 -0.10486 -5.61551e+00 | 32 -0.07896 -8.39549e+00 | 33  0.02987 -2.41133e+01
 34 -0.14044 -8.41004e+00 | 35  0.00168 -3.75233e+01 | 36 -0.05609 -3.65598e+01
 37 -0.03076 -5.99012e+01 | 38  0.02172 -1.13079e+02 | 39 -0.07042 -6.46751e+01
 40 -0.03944 -9.51591e+01 | 41 -0.03617 -9.71025e+01 | 42  0.00230 -1.23558e+02
 43 -0.02101 -9.19326e+01 | 44 -0.03726 -6.94467e+01 | 45 -0.03831 -5.88720e+01
 46 -0.04533 -4.52119e+01 | 47 -0.09543 -2.43210e+01 | 48 -0.06346 -1.91586e+01
 49 -0.09869 -6.41018e+00 | 50  0.07190  2.35260e+00 | 51 -0.14146  1.68387e+00
 52 -0.03172  2.17390e+00 | 53 -0.09354  1.02796e+00 | 54 -0.05398  1.35918e+00
 55 -0.03110  1.34072e+00 | 56 -0.08969  1.07182e+00 | 57 -0.04259  1.89688e+00
 58  0.00079  1.87885e+00 | 59 -0.01670  1.32808e+00 | 60 -0.03201  1.36579e+00
 61 -0.07191  9.12686e-01 | 62 -0.00143  1.91199e+00 | 63 -0.07796  3.05018e-01
 64 -0.11182  5.76040e-01 | 65 -0.04520  9.12800e-01 | 66 -0.12526  4.94194e-01
 67 -0.08771  7.28160e-01 | 68 -0.07588  1.00543e+00 | 69  0.01805  2.21908e+00
 70 -0.04677  1.05532e+00 | 71 -0.22064  3.28192e-01 | 72 -0.09662  5.94602e-01
 73 -0.08109  2.41673e-01 | 74 -0.03720 -1.86633e-03 | 75 -0.03608  1.05511e-03
 76 -0.40473 -1.16942e+02 | 77  3.88473  2.17342e+01 | 78 -0.23656 -2.57357e+02
 79 -1.66721 -3.65811e+01 | 80  0.76631 -2.41902e+00 | 81 -0.03599  8.21069e+00
 82  0.44204 -2.28918e-01 | 83 -0.95971  2.44935e-02 |
83 variables; iteration 1380; function evaluation 1558; phase 3
Function value -1.3509826e+02; maximum gradient component mag -2.3441e+03
Var    Value     Gradient |Var    Value     Gradient |Var    Value     Gradient
  1  0.01315 -2.34413e+03 |  2 -0.00559  4.65837e-01 |  3 -0.00622  6.44606e-01
  4 -0.02132  9.62447e-01 |  5 -0.02260  1.03998e+00 |  6 -0.02360  1.24999e+00
  7 -0.02556  1.25829e+00 |  8 -0.02669  1.55499e+00 |  9 -0.02793  1.88166e+00
 10 -0.03005  2.00101e+00 | 11 -0.03136  2.41172e+00 | 12 -0.03341  2.64005e+00
 13 -0.03505  3.07056e+00 | 14 -0.03708  3.46412e+00 | 15 -0.03956  3.85297e+00
 16 -0.04209  4.26754e+00 | 17 -0.04528  4.74998e+00 | 18 -0.04750  5.19243e+00
 19 -0.04961  5.40623e+00 | 20 -0.05123  5.66569e+00 | 21 -0.05230  5.72315e+00
 22 -0.05220  5.55230e+00 | 23 -0.05279  5.90969e+00 | 24 -0.05361  6.10492e+00
 25 -0.05345  6.46441e+00 | 26 -0.04900  6.73505e+00 | 27 -0.03688  4.00802e+00
 28  0.00217  1.89653e+00 | 29 -0.01760 -2.31606e+00 | 30 -0.09024 -8.32354e+00
 31 -0.09708 -1.41378e+01 | 32 -0.09268 -3.15198e+01 | 33  0.03315 -1.24216e+02
 34 -0.14747 -4.64532e+01 | 35  0.00297 -1.59571e+02 | 36 -0.05750 -1.12443e+02
 37 -0.03043 -1.32159e+02 | 38  0.02173 -1.83819e+02 | 39 -0.07183 -7.96512e+01
 40 -0.03916 -9.07918e+01 | 41 -0.03667 -7.66795e+01 | 42  0.00229 -7.75885e+01
 43 -0.02120 -4.41585e+01 | 44 -0.03773 -2.87489e+01 | 45 -0.03866 -1.94063e+01
 46 -0.04593 -1.27860e+01 | 47 -0.09536 -5.58587e+00 | 48 -0.06359 -2.47787e+00
 49 -0.09953 -1.51407e+00 | 50  0.07315 -6.79133e+00 | 51 -0.14992 -2.04924e+00
 52 -0.03006 -1.79844e+00 | 53 -0.09604 -8.40680e-01 | 54 -0.05284 -7.72353e-01
 55 -0.03110 -2.94134e-01 | 56 -0.08999 -4.54410e-02 | 57 -0.04202  4.00130e-02
 58  0.00111  5.24762e-01 | 59 -0.01683  3.17274e-01 | 60 -0.03238  7.70429e-01
 61 -0.07203 -9.60111e-02 | 62 -0.00055 -1.50621e-01 | 63 -0.07972 -1.49192e+00
 64 -0.11136 -4.49302e-01 | 65 -0.04468 -5.89966e-01 | 66 -0.12601 -1.06038e-02
 67 -0.08738  2.41000e-01 | 68 -0.07591  6.95004e-01 | 69  0.01934  3.49137e-01
 70 -0.04912 -1.22373e-01 | 71 -0.22026  2.38731e-01 | 72 -0.09619  5.74925e-02
 73 -0.08016  1.48247e-01 | 74 -0.03718 -2.97341e-02 | 75 -0.03593  4.16940e-03
 76 -0.39853 -1.11509e+02 | 77  3.89990  2.65150e+01 | 78 -0.23190 -2.39137e+02
 79 -1.68953 -3.63983e+01 | 80  0.74830 -5.61641e+00 | 81 -0.04279  1.48841e+01
 82  0.44206  7.42755e-01 | 83 -0.96812 -1.59667e-03 |
83 variables; iteration 1400; function evaluation 1581; phase 3
Function value -1.3523161e+02; maximum gradient component mag 8.1695e+02
Var    Value     Gradient |Var    Value     Gradient |Var    Value     Gradient
  1  0.01312  8.16945e+02 |  2 -0.00540  1.31496e+00 |  3 -0.00582  1.71222e+00
  4 -0.02151  1.93377e+00 |  5 -0.02267  2.23458e+00 |  6 -0.02371  2.65753e+00
  7 -0.02539  2.98956e+00 |  8 -0.02672  3.51682e+00 |  9 -0.02803  4.14062e+00
 10 -0.02975  4.70834e+00 | 11 -0.03148  5.37708e+00 | 12 -0.03313  6.16485e+00
 13 -0.03514  6.88409e+00 | 14 -0.03716  7.75855e+00 | 15 -0.03912  8.89220e+00
 16 -0.04231  9.62670e+00 | 17 -0.04465  1.11018e+01 | 18 -0.04734  1.19160e+01
 19 -0.05002  1.22716e+01 | 20 -0.05195  1.27426e+01 | 21 -0.05220  1.33443e+01
 22 -0.05171  1.33494e+01 | 23 -0.05350  1.39196e+01 | 24 -0.05470  1.51978e+01
 25 -0.05511  1.79230e+01 | 26 -0.05234  2.35076e+01 | 27 -0.03422  3.43584e+01
 28  0.00999  6.23134e+01 | 29 -0.02758  5.38846e+01 | 30 -0.08769  4.03090e+01
 31 -0.10206  4.16649e+01 | 32 -0.08012  5.11181e+01 | 33  0.02958  1.19064e+02
 34 -0.14217  2.78673e+01 | 35  0.00237  5.14975e+01 | 36 -0.05679  1.31265e+01
 37 -0.03105 -6.17549e+00 | 38  0.02198 -3.52950e+01 | 39 -0.07263 -2.65037e+01
 40 -0.03902 -4.01862e+01 | 41 -0.03681 -4.20170e+01 | 42  0.00250 -5.21281e+01
 43 -0.02133 -3.78481e+01 | 44 -0.03769 -2.72411e+01 | 45 -0.03877 -2.18263e+01
 46 -0.04582 -1.58264e+01 | 47 -0.09533 -7.91091e+00 | 48 -0.06356 -4.79219e+00
 49 -0.09962 -5.58056e-01 | 50  0.07347 -2.42159e-01 | 51 -0.15161  5.65398e-01
 52 -0.02994  6.66633e-01 | 53 -0.09654  5.33678e-01 | 54 -0.05264  2.83948e-01
 55 -0.03117  2.21994e-01 | 56 -0.09034  1.99389e-01 | 57 -0.04180  2.24540e-01
 58  0.00116  1.82124e-01 | 59 -0.01677  3.11113e-02 | 60 -0.03271 -8.92058e-02
 61 -0.07171  1.75827e-01 | 62 -0.00056  4.03962e-01 | 63 -0.07976  2.22533e-01
 64 -0.11144  1.91648e-01 | 65 -0.04436  3.01966e-01 | 66 -0.12632  2.71282e-01
 67 -0.08703  4.08087e-01 | 68 -0.07578  5.97167e-01 | 69  0.01984  8.91758e-01
 70 -0.05015  8.60331e-01 | 71 -0.22047  1.95687e-01 | 72 -0.09581  3.72377e-01
 73 -0.08016  1.21861e-01 | 74 -0.03710 -8.75537e-03 | 75 -0.03591  8.03874e-03
 76 -0.39703  6.00790e+00 | 77  3.90649 -1.85809e+00 | 78 -0.22921  7.76444e+00
 79 -1.70135  8.96785e+00 | 80  0.75071  1.59948e+00 | 81 -0.04509 -1.50580e+00
 82  0.44205  1.26979e-01 | 83 -0.96961  1.50578e-02 |
83 variables; iteration 1420; function evaluation 1602; phase 3
Function value -1.3532115e+02; maximum gradient component mag -1.8832e+03
Var    Value     Gradient |Var    Value     Gradient |Var    Value     Gradient
  1  0.01291 -1.88319e+03 |  2 -0.00468 -1.03078e+00 |  3 -0.00577 -1.30983e+00
  4 -0.02190 -1.38734e+00 |  5 -0.02268 -1.59496e+00 |  6 -0.02407 -1.96522e+00
  7 -0.02509 -2.25009e+00 |  8 -0.02636 -2.61013e+00 |  9 -0.02790 -3.03960e+00
 10 -0.02961 -3.51511e+00 | 11 -0.03144 -4.04315e+00 | 12 -0.03311 -4.57669e+00
 13 -0.03503 -5.12315e+00 | 14 -0.03712 -5.73823e+00 | 15 -0.03946 -6.44016e+00
 16 -0.04187 -7.17065e+00 | 17 -0.04477 -8.04541e+00 | 18 -0.04695 -8.74572e+00
 19 -0.04895 -9.30468e+00 | 20 -0.05046 -9.71306e+00 | 21 -0.05105 -9.88365e+00
 22 -0.05130 -9.89240e+00 | 23 -0.05209 -1.04028e+01 | 24 -0.05355 -1.13937e+01
 25 -0.05427 -1.29523e+01 | 26 -0.05209 -1.65308e+01 | 27 -0.04429 -2.29136e+01
 28  0.02065 -3.81141e+01 | 29 -0.03908 -3.39960e+01 | 30 -0.07743 -2.59243e+01
 31 -0.11302 -2.53855e+01 | 32 -0.07329 -3.26253e+01 | 33  0.02894 -9.15244e+01
 34 -0.14526 -2.37762e+01 | 35  0.00384 -7.52831e+01 | 36 -0.05786 -4.72021e+01
 37 -0.03074 -5.58555e+01 | 38  0.02234 -7.97223e+01 | 39 -0.07411 -3.58998e+01
 40 -0.03865 -4.19515e+01 | 41 -0.03697 -3.61845e+01 | 42  0.00279 -3.93819e+01
 43 -0.02142 -2.49543e+01 | 44 -0.03785 -1.75358e+01 | 45 -0.03889 -1.39250e+01
 46 -0.04589 -1.03288e+01 | 47 -0.09528 -5.89218e+00 | 48 -0.06340 -5.76678e+00
 49 -0.09988 -2.71177e+00 | 50  0.07481 -2.67624e+00 | 51 -0.16151 -7.18911e-01
 52 -0.02793 -1.82438e-01 | 53 -0.09921  1.85353e-01 | 54 -0.05130  7.07106e-01
 55 -0.03116  1.04056e+00 | 56 -0.09088  5.95032e-01 | 57 -0.04093  9.53344e-01
 58  0.00168  1.41666e+00 | 59 -0.01684  1.27128e+00 | 60 -0.03274  1.28514e+00
 61 -0.07162  7.45877e-01 | 62  0.00033  1.36012e+00 | 63 -0.08124  7.22524e-01
 64 -0.11075  5.18610e-01 | 65 -0.04361  1.01033e+00 | 66 -0.12710  5.17008e-01
 67 -0.08610  6.09855e-01 | 68 -0.07544  5.50132e-01 | 69  0.02145  1.05606e+00
 70 -0.05318  5.25325e-01 | 71 -0.21974  9.74484e-02 | 72 -0.09488  6.26421e-02
 73 -0.07995 -4.49327e-02 | 74 -0.03688  6.77112e-03 | 75 -0.03584 -2.36178e-03
 76 -0.39532 -7.20029e+01 | 77  3.90737  1.95640e+01 | 78 -0.22273 -1.43969e+02
 79 -1.72557 -2.73151e+01 | 80  0.74726 -3.32529e+00 | 81 -0.04871  7.68752e+00
 82  0.44204 -1.47534e-01 | 83 -0.97150 -3.50467e-03 |
83 variables; iteration 1440; function evaluation 1624; phase 3
Function value -1.3535721e+02; maximum gradient component mag 1.4531e+02
Var    Value     Gradient |Var    Value     Gradient |Var    Value     Gradient
  1  0.01286  1.45306e+02 |  2 -0.00493 -2.64957e-02 |  3 -0.00569 -1.10034e-02
  4 -0.02170  1.95723e-02 |  5 -0.02274  9.85160e-04 |  6 -0.02379  1.57929e-02
  7 -0.02511 -7.52939e-03 |  8 -0.02648 -9.61557e-03 |  9 -0.02795 -3.59084e-03
 10 -0.02961 -2.05793e-02 | 11 -0.03124 -1.36045e-03 | 12 -0.03303 -1.12351e-02
 13 -0.03491  1.36798e-03 | 14 -0.03700  7.76205e-03 | 15 -0.03942  4.28670e-03
 16 -0.04183  1.80400e-02 | 17 -0.04482  2.63620e-02 | 18 -0.04709  3.03541e-02
 19 -0.04887  5.50304e-02 | 20 -0.05050  6.69423e-02 | 21 -0.05131  1.06376e-01
 22 -0.05115  1.07021e-01 | 23 -0.05237  9.79195e-02 | 24 -0.05360  7.36273e-02
 25 -0.05475  7.25084e-02 | 26 -0.05269 -2.93765e-03 | 27 -0.04198 -8.30488e-01
 28  0.02342  5.86051e+00 | 29 -0.04592 -3.57540e+00 | 30 -0.07572  3.08002e+00
 31 -0.10542  1.41749e+00 | 32 -0.08096  3.26917e+00 | 33  0.03099  8.87423e+00
 34 -0.14867  2.15962e+00 | 35  0.00450  9.08930e+00 | 36 -0.05823  4.97459e+00
 37 -0.03066  6.23879e+00 | 38  0.02253  9.43513e+00 | 39 -0.07431  3.59289e+00
 40 -0.03863  4.70722e+00 | 41 -0.03701  3.84131e+00 | 42  0.00299  4.17320e+00
 43 -0.02138  2.58876e+00 | 44 -0.03783  1.52440e+00 | 45 -0.03889  1.06522e+00
 46 -0.04573  7.38795e-01 | 47 -0.09534  5.23291e-01 | 48 -0.06322  7.09494e-01
 49 -0.10001  1.55558e-01 | 50  0.07523  1.43112e-01 | 51 -0.16401 -1.88360e-02
 52 -0.02736 -1.12437e-01 | 53 -0.09975 -8.50778e-02 | 54 -0.05094 -9.05517e-02
 55 -0.03110 -9.93186e-02 | 56 -0.09106 -3.14205e-02 | 57 -0.04066 -6.82758e-02
 58  0.00192 -8.63789e-02 | 59 -0.01679 -8.87019e-02 | 60 -0.03269 -1.18633e-01
 61 -0.07147 -4.61791e-02 | 62  0.00063 -9.36831e-02 | 63 -0.08166 -9.14357e-02
 64 -0.11037 -5.25512e-02 | 65 -0.04335 -1.22782e-01 | 66 -0.12729 -9.37045e-02
 67 -0.08569 -8.27344e-02 | 68 -0.07519 -6.58930e-02 | 69  0.02201 -1.47575e-01
 70 -0.05416 -2.03339e-01 | 71 -0.21931 -3.08090e-02 | 72 -0.09449 -4.64481e-02
 73 -0.07994 -2.04899e-02 | 74 -0.03685 -3.40703e-03 | 75 -0.03578  5.08398e-04
 76 -0.39670  6.20935e+00 | 77  3.90331 -2.38831e+00 | 78 -0.22035 -7.72196e+00
 79 -1.73410  2.86206e+00 | 80  0.74414  3.50776e-01 | 81 -0.05061 -5.39122e-01
 82  0.44205  8.92861e-02 | 83 -0.97113 -3.82656e-04 |
83 variables; iteration 1460; function evaluation 1644; phase 3
Function value -1.3536009e+02; maximum gradient component mag -3.6075e+02
Var    Value     Gradient |Var    Value     Gradient |Var    Value     Gradient
  1  0.01283 -3.60748e+02 |  2 -0.00492 -4.49060e-01 |  3 -0.00566 -5.14517e-01
  4 -0.02180 -5.49490e-01 |  5 -0.02273 -6.39502e-01 |  6 -0.02390 -7.77332e-01
  7 -0.02511 -9.06136e-01 |  8 -0.02648 -1.06161e+00 |  9 -0.02796 -1.22413e+00
 10 -0.02955 -1.40178e+00 | 11 -0.03130 -1.61538e+00 | 12 -0.03308 -1.84425e+00
 13 -0.03492 -2.04190e+00 | 14 -0.03703 -2.28747e+00 | 15 -0.03943 -2.57520e+00
 16 -0.04182 -2.85216e+00 | 17 -0.04482 -3.20914e+00 | 18 -0.04715 -3.51140e+00
 19 -0.04886 -3.68151e+00 | 20 -0.05043 -3.83415e+00 | 21 -0.05139 -3.94108e+00
 22 -0.05122 -3.90554e+00 | 23 -0.05231 -4.11414e+00 | 24 -0.05359 -4.51335e+00
 25 -0.05484 -5.19641e+00 | 26 -0.05332 -6.79598e+00 | 27 -0.03997 -9.19224e+00
 28  0.02346 -1.16940e+01 | 29 -0.04743 -1.52344e+01 | 30 -0.07519 -7.00538e+00
 31 -0.10319 -6.50931e+00 | 32 -0.08351 -7.51783e+00 | 33  0.03158 -1.47680e+01
 34 -0.14940 -3.15185e+00 | 35  0.00460 -6.65036e+00 | 36 -0.05825 -3.91079e+00
 37 -0.03062 -3.97837e+00 | 38  0.02256 -5.27368e+00 | 39 -0.07445 -2.86061e+00
 40 -0.03856 -3.07401e+00 | 41 -0.03703 -2.87976e+00 | 42  0.00302 -3.37937e+00
 43 -0.02139 -2.50934e+00 | 44 -0.03783 -2.05632e+00 | 45 -0.03890 -1.79174e+00
 46 -0.04578 -1.49038e+00 | 47 -0.09528 -8.97564e-01 | 48 -0.06322 -8.82570e-01
 49 -0.10006 -4.30086e-01 | 50  0.07537  1.20518e-01 | 51 -0.16466  3.45341e-02
 52 -0.02724  1.72998e-01 | 53 -0.09991  1.49875e-01 | 54 -0.05081  1.63895e-01
 55 -0.03106  1.98156e-01 | 56 -0.09108  9.18260e-02 | 57 -0.04054  1.68811e-01
 58  0.00196  1.83231e-01 | 59 -0.01673  1.54282e-01 | 60 -0.03277 -1.01424e-02
 61 -0.07138  1.53884e-01 | 62  0.00071  2.95223e-01 | 63 -0.08171  3.00990e-01
 64 -0.11037  1.35423e-01 | 65 -0.04325  2.07099e-01 | 66 -0.12734  9.53645e-02
 67 -0.08565  9.09200e-02 | 68 -0.07518  5.32995e-02 | 69  0.02219  8.23758e-02
 70 -0.05439 -8.60635e-02 | 71 -0.21927  5.75642e-03 | 72 -0.09442  2.43585e-02
 73 -0.07971  1.09898e-02 | 74 -0.03682  9.77327e-04 | 75 -0.03575  2.53787e-03
 76 -0.39566 -1.09334e+01 | 77  3.90588  2.65702e+00 | 78 -0.21992 -3.80461e+01
 79 -1.73558 -4.69623e+00 | 80  0.74419 -5.48349e-01 | 81 -0.05044  1.16941e+00
 82  0.44205 -4.68515e-02 | 83 -0.97125 -1.87759e-03 |
83 variables; iteration 1480; function evaluation 1666; phase 3
Function value -1.3538295e+02; maximum gradient component mag -1.0497e+03
Var    Value     Gradient |Var    Value     Gradient |Var    Value     Gradient
  1  0.01279 -1.04974e+03 |  2 -0.00488  9.32430e-02 |  3 -0.00565  1.27878e-01
  4 -0.02153  2.00012e-01 |  5 -0.02251  2.26232e-01 |  6 -0.02410  1.27677e-01
  7 -0.02525  1.83831e-01 |  8 -0.02627  3.17604e-01 |  9 -0.02763  3.98671e-01
 10 -0.02930  4.27284e-01 | 11 -0.03130  3.96837e-01 | 12 -0.03294  4.89988e-01
 13 -0.03455  6.42424e-01 | 14 -0.03696  6.22324e-01 | 15 -0.03909  7.76480e-01
 16 -0.04155  8.61024e-01 | 17 -0.04443  9.98853e-01 | 18 -0.04650  1.14667e+00
 19 -0.04847  1.17423e+00 | 20 -0.05020  1.20935e+00 | 21 -0.05165  1.07299e+00
 22 -0.05196  9.07436e-01 | 23 -0.05118  1.55132e+00 | 24 -0.05233  1.55981e+00
 25 -0.05280  1.71429e+00 | 26 -0.05231  9.51740e-01 | 27 -0.04736 -1.83146e+00
 28  0.02377  4.59503e+00 | 29 -0.04277 -5.99439e+00 | 30 -0.07752 -3.63209e+00
 31 -0.10289 -7.78698e+00 | 32 -0.08459 -1.56578e+01 | 33  0.03200 -5.52319e+01
 34 -0.15036 -1.81012e+01 | 35  0.00474 -6.78107e+01 | 36 -0.05844 -4.53260e+01
 37 -0.03052 -5.42771e+01 | 38  0.02252 -7.80315e+01 | 39 -0.07473 -3.27691e+01
 40 -0.03850 -3.83566e+01 | 41 -0.03711 -3.16248e+01 | 42  0.00300 -3.31234e+01
 43 -0.02143 -1.99410e+01 | 44 -0.03794 -1.38514e+01 | 45 -0.03896 -1.04323e+01
 46 -0.04595 -8.03515e+00 | 47 -0.09519 -3.91406e+00 | 48 -0.06329 -3.82911e+00
 49 -0.10012 -1.78301e+00 | 50  0.07558 -3.36742e-01 | 51 -0.16596  1.31204e-01
 52 -0.02707  1.61784e-01 | 53 -0.10040  1.80168e-01 | 54 -0.05053  4.58789e-01
 55 -0.03106  5.13257e-01 | 56 -0.09117  2.18675e-01 | 57 -0.04034  5.54553e-01
 58  0.00198  6.75631e-01 | 59 -0.01669  6.67170e-01 | 60 -0.03298  2.91567e-01
 61 -0.07129  4.85816e-01 | 62  0.00083  9.69437e-01 | 63 -0.08193  9.64287e-01
 64 -0.11040  4.33355e-01 | 65 -0.04309  5.73997e-01 | 66 -0.12757  1.84787e-01
 67 -0.08553  1.97195e-01 | 68 -0.07529 -9.17016e-02 | 69  0.02259 -4.79979e-01
 70 -0.05521 -1.58437e+00 | 71 -0.21898 -1.37974e-01 | 72 -0.09430 -1.71931e-01
 73 -0.07949 -4.68008e-02 | 74 -0.03676  8.53696e-03 | 75 -0.03571  3.99190e-03
 76 -0.39344 -4.87358e+01 | 77  3.91116  1.38012e+01 | 78 -0.21901 -8.80280e+01
 79 -1.73839 -1.58253e+01 | 80  0.73930 -2.38500e+00 | 81 -0.05243  5.35515e+00
 82  0.44205  7.76219e-03 | 83 -0.97041  2.98633e-03 |
83 variables; iteration 1500; function evaluation 1689; phase 3
Function value -1.3560172e+02; maximum gradient component mag 1.3500e+03
Var    Value     Gradient |Var    Value     Gradient |Var    Value     Gradient
  1  0.01264  1.34997e+03 |  2 -0.00461  1.44687e+00 |  3 -0.00550  1.70924e+00
  4 -0.02185  1.75145e+00 |  5 -0.02271  2.12212e+00 |  6 -0.02348  2.60760e+00
  7 -0.02471  3.05696e+00 |  8 -0.02617  3.54123e+00 |  9 -0.02771  4.08763e+00
 10 -0.02935  4.67449e+00 | 11 -0.03081  5.42071e+00 | 12 -0.03265  6.14036e+00
 13 -0.03455  6.90198e+00 | 14 -0.03656  7.77916e+00 | 15 -0.03915  8.68842e+00
 16 -0.04154  9.73256e+00 | 17 -0.04451  1.09752e+01 | 18 -0.04686  1.19666e+01
 19 -0.04849  1.28195e+01 | 20 -0.05018  1.34818e+01 | 21 -0.05084  1.40017e+01
 22 -0.05062  1.39893e+01 | 23 -0.05229  1.46256e+01 | 24 -0.05310  1.59777e+01
 25 -0.05368  1.82508e+01 | 26 -0.04936  2.34288e+01 | 27 -0.03392  3.07079e+01
 28  0.00633  5.04552e+01 | 29 -0.02268  4.48898e+01 | 30 -0.08781  2.90598e+01
 31 -0.10572  2.60514e+01 | 32 -0.08004  3.06745e+01 | 33  0.03171  7.01228e+01
 34 -0.15578  1.44864e+01 | 35  0.00656  4.08289e+01 | 36 -0.05982  1.88350e+01
 37 -0.03095  1.61082e+01 | 38  0.02326  1.60890e+01 | 39 -0.07780  5.58959e+00
 40 -0.03806  7.39157e+00 | 41 -0.03789  6.70229e+00 | 42  0.00350  1.12358e+01
 43 -0.02188  9.51241e+00 | 44 -0.03828  9.26805e+00 | 45 -0.03945  8.37249e+00
 46 -0.04590  7.63979e+00 | 47 -0.09553  4.13806e+00 | 48 -0.06308  3.38618e+00
 49 -0.10100  1.78439e+00 | 50  0.07739 -1.89905e-01 | 51 -0.18265 -9.76028e-02
 52 -0.02463 -6.78247e-01 | 53 -0.10459 -2.46757e-01 | 54 -0.04894 -5.55099e-01
 55 -0.03141 -5.21648e-01 | 56 -0.09245 -3.00135e-01 | 57 -0.03943 -8.50517e-01
 58  0.00268 -1.02271e+00 | 59 -0.01728 -1.05546e+00 | 60 -0.03311 -6.73019e-01
 61 -0.07165 -1.03823e+00 | 62  0.00219 -1.99939e+00 | 63 -0.08552 -1.95788e+00
 64 -0.10891 -9.36048e-01 | 65 -0.04235 -1.62416e+00 | 66 -0.12894 -6.61313e-01
 67 -0.08433 -6.12420e-01 | 68 -0.07464 -3.63518e-01 | 69  0.02484 -4.27010e-01
 70 -0.06075 -9.34099e-02 | 71 -0.21808 -7.28678e-02 | 72 -0.09315 -1.98837e-01
 73 -0.07918 -5.90315e-02 | 74 -0.03666 -6.01247e-03 | 75 -0.03563  6.34964e-04
 76 -0.39274  4.21073e+01 | 77  3.91056 -1.25320e+01 | 78 -0.20742  6.48952e+01
 79 -1.77317  1.94579e+01 | 80  0.73608  2.32703e+00 | 81 -0.05685 -3.53094e+00
 82  0.44204 -3.18468e-01 | 83 -0.97158  5.24690e-03 |
83 variables; iteration 1520; function evaluation 1709; phase 3
Function value -1.3560463e+02; maximum gradient component mag 2.3560e+01
Var    Value     Gradient |Var    Value     Gradient |Var    Value     Gradient
  1  0.01262  2.35597e+01 |  2 -0.00469  1.36727e-02 |  3 -0.00548  1.80070e-02
  4 -0.02160  2.01128e-02 |  5 -0.02256  2.29438e-02 |  6 -0.02364  2.54735e-02
  7 -0.02484  3.15936e-02 |  8 -0.02618  3.64211e-02 |  9 -0.02764  4.49201e-02
 10 -0.02921  5.00248e-02 | 11 -0.03089  5.64010e-02 | 12 -0.03260  6.56050e-02
 13 -0.03454  7.26419e-02 | 14 -0.03663  8.30971e-02 | 15 -0.03900  9.46009e-02
 16 -0.04146  1.03315e-01 | 17 -0.04444  1.18335e-01 | 18 -0.04674  1.28173e-01
 19 -0.04863  1.36234e-01 | 20 -0.05036  1.41650e-01 | 21 -0.05131  1.49092e-01
 22 -0.05119  1.47314e-01 | 23 -0.05231  1.54255e-01 | 24 -0.05318  1.70028e-01
 25 -0.05357  1.99936e-01 | 26 -0.04949  2.62346e-01 | 27 -0.03149  3.27169e-01
 28  0.00532  7.05645e-01 | 29 -0.02328  5.23354e-01 | 30 -0.08650  4.49536e-01
 31 -0.10633  3.70193e-01 | 32 -0.08005  4.43400e-01 | 33  0.03176  1.14525e+00
 34 -0.15626  2.72717e-01 | 35  0.00666  9.68404e-01 | 36 -0.05998  6.69630e-01
 37 -0.03086  8.10808e-01 | 38  0.02321  1.15679e+00 | 39 -0.07789  4.93605e-01
 40 -0.03810  4.92630e-01 | 41 -0.03785  3.88209e-01 | 42  0.00344  3.03495e-01
 43 -0.02190  1.28442e-01 | 44 -0.03837  4.13339e-02 | 45 -0.03946  6.74944e-04
 46 -0.04603 -7.64601e-03 | 47 -0.09551 -1.74264e-02 | 48 -0.06311  4.38845e-03
 49 -0.10103 -1.80530e-02 | 50  0.07747 -4.16261e-02 | 51 -0.18345 -1.23997e-02
 52 -0.02451 -1.71869e-02 | 53 -0.10492 -5.92894e-03 | 54 -0.04877 -1.24820e-02
 55 -0.03142 -1.49419e-02 | 56 -0.09253 -1.17840e-02 | 57 -0.03927 -1.08847e-02
 58  0.00263 -1.94971e-02 | 59 -0.01717 -2.04021e-02 | 60 -0.03338 -2.46051e-02
 61 -0.07139 -6.33742e-03 | 62  0.00207 -2.38230e-02 | 63 -0.08520 -1.75322e-02
 64 -0.10923 -8.33125e-03 | 65 -0.04221 -1.26048e-02 | 66 -0.12907 -7.76399e-03
 67 -0.08431 -9.58281e-03 | 68 -0.07468 -5.72527e-03 | 69  0.02499 -1.48695e-02
 70 -0.06109 -1.84946e-02 | 71 -0.21806 -3.54664e-03 | 72 -0.09308 -3.39653e-03
 73 -0.07892 -6.61522e-04 | 74 -0.03663 -1.01741e-04 | 75 -0.03561 -1.91918e-05
 76 -0.39162  8.18730e-01 | 77  3.91267 -2.23556e-01 | 78 -0.20702  1.41092e+00
 79 -1.77401  3.38214e-01 | 80  0.73501  5.10782e-02 | 81 -0.05750 -1.00663e-01
 82  0.44205  5.89980e-04 | 83 -0.97178 -7.11890e-05 |
83 variables; iteration 1540; function evaluation 1729; phase 3
Function value -1.3560468e+02; maximum gradient component mag -1.9932e+00
Var    Value     Gradient |Var    Value     Gradient |Var    Value     Gradient
  1  0.01262 -1.99321e+00 |  2 -0.00468 -2.55603e-03 |  3 -0.00549 -3.51149e-03
  4 -0.02161 -3.46699e-03 |  5 -0.02256 -4.36138e-03 |  6 -0.02364 -4.91192e-03
  7 -0.02484 -6.03350e-03 |  8 -0.02618 -6.91532e-03 |  9 -0.02765 -8.33218e-03
 10 -0.02922 -9.60594e-03 | 11 -0.03089 -1.05101e-02 | 12 -0.03261 -1.23993e-02
 13 -0.03455 -1.35802e-02 | 14 -0.03664 -1.54869e-02 | 15 -0.03902 -1.82080e-02
 16 -0.04148 -1.97682e-02 | 17 -0.04446 -2.24073e-02 | 18 -0.04676 -2.38253e-02
 19 -0.04865 -2.53219e-02 | 20 -0.05037 -2.68701e-02 | 21 -0.05134 -2.74419e-02
 22 -0.05121 -2.76512e-02 | 23 -0.05232 -2.87638e-02 | 24 -0.05319 -3.16149e-02
 25 -0.05357 -3.61114e-02 | 26 -0.04947 -4.64278e-02 | 27 -0.03120 -6.32817e-02
 28  0.00492 -1.00190e-01 | 29 -0.02293 -8.76252e-02 | 30 -0.08669 -5.70863e-02
 31 -0.10635 -4.96981e-02 | 32 -0.08001 -5.59659e-02 | 33  0.03175 -1.16475e-01
 34 -0.15619 -2.05001e-02 | 35  0.00664 -4.51267e-02 | 36 -0.05997 -1.52729e-02
 37 -0.03086 -2.20671e-03 | 38  0.02321  1.48985e-02 | 39 -0.07787  1.16987e-02
 40 -0.03810  1.42543e-02 | 41 -0.03785  1.05389e-02 | 42  0.00343  6.79315e-03
 43 -0.02190 -5.78642e-04 | 44 -0.03837 -3.72197e-03 | 45 -0.03946 -6.28177e-03
 46 -0.04603 -7.15332e-03 | 47 -0.09550 -3.10430e-03 | 48 -0.06311 -2.88460e-03
 49 -0.10102  3.97654e-03 | 50  0.07745  1.34169e-02 | 51 -0.18325  2.93408e-03
 52 -0.02454  6.59496e-03 | 53 -0.10487  3.96871e-03 | 54 -0.04879  2.58166e-03
 55 -0.03142  1.93054e-03 | 56 -0.09252  2.92311e-04 | 57 -0.03929  6.90048e-04
 58  0.00262  1.48433e-04 | 59 -0.01717  1.07077e-04 | 60 -0.03337  1.06180e-03
 61 -0.07140 -6.30752e-04 | 62  0.00205 -1.22667e-03 | 63 -0.08517 -2.14996e-03
 64 -0.10925 -5.74018e-04 | 65 -0.04222 -1.44097e-03 | 66 -0.12906 -4.06833e-04
 67 -0.08433 -2.83275e-04 | 68 -0.07468  1.27928e-04 | 69  0.02495  6.72610e-04
 70 -0.06102  2.49858e-03 | 71 -0.21808  5.61302e-05 | 72 -0.09310 -1.92119e-04
 73 -0.07893 -2.79959e-04 | 74 -0.03663  1.14880e-05 | 75 -0.03561 -1.76170e-05
 76 -0.39167 -5.12513e-02 | 77  3.91257  1.61516e-02 | 78 -0.20715 -8.56414e-02
 79 -1.77366 -2.83159e-02 | 80  0.73505 -3.19700e-03 | 81 -0.05745  3.15827e-03
 82  0.44205  1.42516e-03 | 83 -0.97173 -4.14120e-06 |

Initial statistics: 85 variables; iteration 0; function evaluation 0; phase 4
Function value -1.3560468e+02; maximum gradient component mag -2.0430e-04
Var    Value     Gradient |Var    Value     Gradient |Var    Value     Gradient
  1  0.01262 -2.04303e-04 |  2 -0.00469 -3.28598e-07 |  3 -0.00548 -5.36531e-07
  4 -0.02161 -3.91386e-07 |  5 -0.02256 -6.00381e-07 |  6 -0.02364 -6.33854e-07
  7 -0.02484 -7.21232e-07 |  8 -0.02618 -8.92392e-07 |  9 -0.02765 -1.01099e-06
 10 -0.02922 -1.24011e-06 | 11 -0.03090 -1.43337e-06 | 12 -0.03261 -1.56796e-06
 13 -0.03455 -1.81648e-06 | 14 -0.03664 -1.95329e-06 | 15 -0.03902 -2.13095e-06
 16 -0.04147 -2.45891e-06 | 17 -0.04446 -2.65053e-06 | 18 -0.04676 -2.96017e-06
 19 -0.04865 -3.24724e-06 | 20 -0.05037 -3.31321e-06 | 21 -0.05134 -3.74861e-06
 22 -0.05121 -3.83364e-06 | 23 -0.05232 -3.72585e-06 | 24 -0.05319 -4.16565e-06
 25 -0.05357 -4.56825e-06 | 26 -0.04947 -6.83035e-06 | 27 -0.03121 -8.37673e-06
 28  0.00493 -1.33718e-05 | 29 -0.02294 -1.24059e-05 | 30 -0.08669 -7.87418e-06
 31 -0.10634 -7.12120e-06 | 32 -0.08001 -8.34513e-06 | 33  0.03175 -1.63917e-05
 34 -0.15619 -1.25947e-06 | 35  0.00664 -2.42476e-06 | 36 -0.05996 -7.17195e-08
 37 -0.03086  6.00559e-07 | 38  0.02321  7.77926e-07 | 39 -0.07787  1.29714e-06
 40 -0.03810  3.43581e-06 | 41 -0.03785  2.58940e-06 | 42  0.00343  7.01875e-06
 43 -0.02190  5.77330e-06 | 44 -0.03837  5.37450e-06 | 45 -0.03946  4.64936e-06
 46 -0.04603  4.25767e-06 | 47 -0.09550  2.24469e-06 | 48 -0.06311  2.24509e-06
 49 -0.10102 -4.80659e-07 | 50  0.07745 -2.96037e-06 | 51 -0.18325 -6.36971e-07
 52 -0.02454 -1.21615e-06 | 53 -0.10487 -3.03647e-07 | 54 -0.04879 -1.18240e-07
 55 -0.03142  8.73364e-08 | 56 -0.09252  8.69075e-08 | 57 -0.03929  1.33438e-07
 58  0.00262  5.57792e-07 | 59 -0.01717  6.80735e-07 | 60 -0.03337  1.34753e-06
 61 -0.07139 -1.18372e-07 | 62  0.00205  1.35527e-07 | 63 -0.08517 -3.60244e-07
 64 -0.10925 -1.49633e-08 | 65 -0.04222  2.41963e-07 | 66 -0.12906  1.99560e-07
 67 -0.08433  1.13458e-07 | 68 -0.07469 -1.57483e-07 | 69  0.02495 -7.44012e-07
 70 -0.06102 -1.32452e-06 | 71 -0.21808 -2.25832e-07 | 72 -0.09310 -4.35942e-07
 73 -0.07893 -2.90634e-07 | 74 -0.03663 -4.82869e-09 | 75 -0.03561  3.35793e-09
 76  0.00000  0.00000e+00 | 77  0.00000  0.00000e+00 | 78 -0.39167 -1.98721e-06
 79 -0.08743  8.23083e-07 | 80 -0.20715 -8.54602e-06 | 81 -0.22634  2.97830e-06
 82  0.73506 -3.26937e-07 | 83 -0.05744  1.06957e-06 | 84  0.44205 -4.25167e-07
 85 -0.97174 -7.10496e-09 |
  ic > imax  in fminim is answer attained ?
Var    Value     Gradient |Var    Value     Gradient |Var    Value     Gradient
  1  0.01262 -2.04303e-04 |  2 -0.00469 -3.28598e-07 |  3 -0.00548 -5.36531e-07
  4 -0.02161 -3.91386e-07 |  5 -0.02256 -6.00381e-07 |  6 -0.02364 -6.33854e-07
  7 -0.02484 -7.21232e-07 |  8 -0.02618 -8.92392e-07 |  9 -0.02765 -1.01099e-06
 10 -0.02922 -1.24011e-06 | 11 -0.03090 -1.43337e-06 | 12 -0.03261 -1.56796e-06
 13 -0.03455 -1.81648e-06 | 14 -0.03664 -1.95329e-06 | 15 -0.03902 -2.13095e-06
 16 -0.04147 -2.45891e-06 | 17 -0.04446 -2.65053e-06 | 18 -0.04676 -2.96017e-06
 19 -0.04865 -3.24724e-06 | 20 -0.05037 -3.31321e-06 | 21 -0.05134 -3.74861e-06
 22 -0.05121 -3.83364e-06 | 23 -0.05232 -3.72585e-06 | 24 -0.05319 -4.16565e-06
 25 -0.05357 -4.56825e-06 | 26 -0.04947 -6.83035e-06 | 27 -0.03121 -8.37673e-06
 28  0.00493 -1.33718e-05 | 29 -0.02294 -1.24059e-05 | 30 -0.08669 -7.87418e-06
 31 -0.10634 -7.12120e-06 | 32 -0.08001 -8.34513e-06 | 33  0.03175 -1.63917e-05
 34 -0.15619 -1.25947e-06 | 35  0.00664 -2.42476e-06 | 36 -0.05996 -7.17195e-08
 37 -0.03086  6.00559e-07 | 38  0.02321  7.77926e-07 | 39 -0.07787  1.29714e-06
 40 -0.03810  3.43581e-06 | 41 -0.03785  2.58940e-06 | 42  0.00343  7.01875e-06
 43 -0.02190  5.77330e-06 | 44 -0.03837  5.37450e-06 | 45 -0.03946  4.64936e-06
 46 -0.04603  4.25767e-06 | 47 -0.09550  2.24469e-06 | 48 -0.06311  2.24509e-06
 49 -0.10102 -4.80659e-07 | 50  0.07745 -2.96037e-06 | 51 -0.18325 -6.36971e-07
 52 -0.02454 -1.21615e-06 | 53 -0.10487 -3.03647e-07 | 54 -0.04879 -1.18240e-07
 55 -0.03142  8.73364e-08 | 56 -0.09252  8.69075e-08 | 57 -0.03929  1.33438e-07
 58  0.00262  5.57792e-07 | 59 -0.01717  6.80735e-07 | 60 -0.03337  1.34753e-06
 61 -0.07139 -1.18372e-07 | 62  0.00205  1.35527e-07 | 63 -0.08517 -3.60244e-07
 64 -0.10925 -1.49633e-08 | 65 -0.04222  2.41963e-07 | 66 -0.12906  1.99560e-07
 67 -0.08433  1.13458e-07 | 68 -0.07469 -1.57483e-07 | 69  0.02495 -7.44012e-07
 70 -0.06102 -1.32452e-06 | 71 -0.21808 -2.25832e-07 | 72 -0.09310 -4.35942e-07
 73 -0.07893 -2.90634e-07 | 74 -0.03663 -4.82869e-09 | 75 -0.03561  3.35793e-09
 76  0.00000  0.00000e+00 | 77  0.00000  0.00000e+00 | 78 -0.39167 -1.98721e-06
 79 -0.08743  8.23083e-07 | 80 -0.20715 -8.54602e-06 | 81 -0.22634  2.97830e-06
 82  0.73506 -3.26937e-07 | 83 -0.05744  1.06957e-06 | 84  0.44205 -4.25167e-07
 85 -0.97174 -7.10496e-09 |
Function minimizer not making progress ... is minimum attained?
Minimprove criterion = 0.0000e+00
Warning: the following parameters had issues
  selparm[21] is within 0.1% of lower bound: -4.0000e+00 < -3.9921e+00 < 1.2000e+01


 - final statistics:
85 variables; iteration 1; function evaluation 30
Function value -1.3560e+02; maximum gradient component mag -2.0430e-04
Exit code = 1;  converg criter 1.0000e-04
Var    Value     Gradient |Var    Value     Gradient |Var    Value     Gradient
  1  0.01262 -2.04303e-04 |  2 -0.00469 -3.28598e-07 |  3 -0.00548 -5.36531e-07
  4 -0.02161 -3.91386e-07 |  5 -0.02256 -6.00381e-07 |  6 -0.02364 -6.33854e-07
  7 -0.02484 -7.21232e-07 |  8 -0.02618 -8.92392e-07 |  9 -0.02765 -1.01099e-06
 10 -0.02922 -1.24011e-06 | 11 -0.03090 -1.43337e-06 | 12 -0.03261 -1.56796e-06
 13 -0.03455 -1.81648e-06 | 14 -0.03664 -1.95329e-06 | 15 -0.03902 -2.13095e-06
 16 -0.04147 -2.45891e-06 | 17 -0.04446 -2.65053e-06 | 18 -0.04676 -2.96017e-06
 19 -0.04865 -3.24724e-06 | 20 -0.05037 -3.31321e-06 | 21 -0.05134 -3.74861e-06
 22 -0.05121 -3.83364e-06 | 23 -0.05232 -3.72585e-06 | 24 -0.05319 -4.16565e-06
 25 -0.05357 -4.56825e-06 | 26 -0.04947 -6.83035e-06 | 27 -0.03121 -8.37673e-06
 28  0.00493 -1.33718e-05 | 29 -0.02294 -1.24059e-05 | 30 -0.08669 -7.87418e-06
 31 -0.10634 -7.12120e-06 | 32 -0.08001 -8.34513e-06 | 33  0.03175 -1.63917e-05
 34 -0.15619 -1.25947e-06 | 35  0.00664 -2.42476e-06 | 36 -0.05996 -7.17195e-08
 37 -0.03086  6.00559e-07 | 38  0.02321  7.77926e-07 | 39 -0.07787  1.29714e-06
 40 -0.03810  3.43581e-06 | 41 -0.03785  2.58940e-06 | 42  0.00343  7.01875e-06
 43 -0.02190  5.77330e-06 | 44 -0.03837  5.37450e-06 | 45 -0.03946  4.64936e-06
 46 -0.04603  4.25767e-06 | 47 -0.09550  2.24469e-06 | 48 -0.06311  2.24509e-06
 49 -0.10102 -4.80659e-07 | 50  0.07745 -2.96037e-06 | 51 -0.18325 -6.36971e-07
 52 -0.02454 -1.21615e-06 | 53 -0.10487 -3.03647e-07 | 54 -0.04879 -1.18240e-07
 55 -0.03142  8.73364e-08 | 56 -0.09252  8.69075e-08 | 57 -0.03929  1.33438e-07
 58  0.00262  5.57792e-07 | 59 -0.01717  6.80735e-07 | 60 -0.03337  1.34753e-06
 61 -0.07139 -1.18372e-07 | 62  0.00205  1.35527e-07 | 63 -0.08517 -3.60244e-07
 64 -0.10925 -1.49633e-08 | 65 -0.04222  2.41963e-07 | 66 -0.12906  1.99560e-07
 67 -0.08433  1.13458e-07 | 68 -0.07469 -1.57483e-07 | 69  0.02495 -7.44012e-07
 70 -0.06102 -1.32452e-06 | 71 -0.21808 -2.25832e-07 | 72 -0.09310 -4.35942e-07
 73 -0.07893 -2.90634e-07 | 74 -0.03663 -4.82869e-09 | 75 -0.03561  3.35793e-09
 76  0.00000  0.00000e+00 | 77  0.00000  0.00000e+00 | 78 -0.39167 -1.98721e-06
 79 -0.08743  8.23083e-07 | 80 -0.20715 -8.54602e-06 | 81 -0.22634  2.97830e-06
 82  0.73506 -3.26937e-07 | 83 -0.05744  1.06957e-06 | 84  0.44205 -4.25167e-07
 85 -0.97174 -7.10496e-09 |
size of file gradfil1.tmp = 0
size of file gradfil2.tmp = 0
size of file varssave.tmp = 0
size of file cmpdiff.tmp = 0
