
Initial statistics: 75 variables; iteration 0; function evaluation 0; phase 1
Function value 4.0619790e+06; maximum gradient component mag -1.0058e+07
Var    Value     Gradient |Var    Value     Gradient |Var    Value     Gradient
  1 -0.19398 -1.00578e+07 |  2  0.00000 -4.84644e+04 |  3  0.00000 -4.45779e+04
  4  0.00000 -3.91101e+04 |  5  0.00000 -3.17798e+04 |  6  0.00000 -3.24438e+04
  7  0.00000 -3.03212e+04 |  8  0.00000 -7.03352e+04 |  9  0.00000 -1.05093e+05
 10  0.00000 -1.21252e+05 | 11  0.00000 -1.16882e+05 | 12  0.00000 -1.15960e+05
 13  0.00000 -1.20430e+05 | 14  0.00000 -1.17544e+05 | 15  0.00000 -1.17753e+05
 16  0.00000 -1.13734e+05 | 17  0.00000 -1.11405e+05 | 18  0.00000 -1.07293e+05
 19  0.00000 -1.09789e+05 | 20  0.00000  8.93613e+04 | 21  0.00000  1.31928e+05
 22  0.00000  1.32726e+05 | 23  0.00000  1.16381e+05 | 24  0.00000  1.06502e+05
 25  0.00000  8.71277e+04 | 26  0.00000  7.80017e+04 | 27  0.00000  6.68512e+04
 28  0.00000  6.46862e+04 | 29  0.00000  4.08111e+04 | 30  0.00000  3.35885e+04
 31  0.00000  3.53027e+04 | 32  0.00000  3.33853e+04 | 33  0.00000 -9.77915e+04
 34  0.00000 -1.04031e+05 | 35  0.00000 -6.28650e+04 | 36  0.00000 -1.23922e+05
 37  0.00000 -1.25179e+05 | 38  0.00000 -1.20448e+05 | 39  0.00000 -1.21307e+05
 40  0.00000 -8.55315e+04 | 41  0.00000 -8.26696e+04 | 42  0.00000 -8.41124e+04
 43  0.00000 -1.01511e+05 | 44  0.00000 -1.04603e+05 | 45  0.00000 -1.38901e+05
 46  0.00000 -1.64708e+05 | 47  0.00000 -1.34867e+05 | 48  0.00000 -1.04038e+05
 49  0.00000 -1.00025e+05 | 50  0.00000 -7.81008e+04 | 51  0.00000 -1.29065e+05
 52  0.00000 -1.76362e+05 | 53  0.00000 -1.51597e+05 | 54  0.00000 -1.50041e+05
 55  0.00000 -1.26960e+05 | 56  0.00000 -1.04425e+05 | 57  0.00000 -1.07666e+05
 58  0.00000 -1.08867e+05 | 59  0.00000 -1.01482e+05 | 60  0.00000 -1.16480e+05
 61  0.00000 -1.22421e+05 | 62  0.00000 -1.08637e+05 | 63  0.00000 -1.14021e+05
 64  0.00000 -1.29950e+05 | 65  0.00000 -1.15780e+05 | 66  0.00000 -1.08227e+05
 67  0.00000 -8.69579e+04 | 68  0.00000 -7.51892e+04 | 69  0.00000 -5.33690e+04
 70  0.00000 -3.73856e+04 | 71  0.00000 -1.59491e+04 | 72  0.00000  7.99678e+03
 73  0.00000  1.95378e+04 | 74  0.00000 -1.49100e+03 | 75  0.00000  2.18917e+02

Intermediate statistics: 75 variables; iteration 20; function evaluation 41; phase 1
Function value 7.5699424e+02; maximum gradient component mag -7.1840e+02
Var    Value     Gradient |Var    Value     Gradient |Var    Value     Gradient
  1  0.03421  6.33262e+02 |  2  0.04545  9.11004e+00 |  3  0.02987  9.30746e+00
  4  0.02823  8.79687e+00 |  5  0.02558  8.06502e+00 |  6  0.02917  8.72608e+00
  7  0.03148  9.02696e+00 |  8  0.06588  1.62222e+01 |  9  0.09942  2.24796e+01
 10  0.12100  2.55699e+01 | 11  0.12321  2.57270e+01 | 12  0.12504  2.67261e+01
 13  0.13005  2.87634e+01 | 14  0.13090  2.98499e+01 | 15  0.14034  3.10542e+01
 16  0.14987  3.14703e+01 | 17  0.16352  3.13292e+01 | 18  0.16008  3.25531e+01
 19  0.15848  3.44562e+01 | 20  0.03750  1.20119e+01 | 21  0.00839  8.60848e+00
 22  0.00449  1.30852e+01 | 23  0.00289  2.07234e+01 | 24 -0.01437  2.45487e+01
 25 -0.04034  2.47999e+01 | 26 -0.07595  1.90258e+01 | 27 -0.11388  1.04191e+01
 28 -0.14578  3.79139e+00 | 29 -0.15465  7.17513e+00 | 30 -0.08655  5.42880e+01
 31  0.02762  1.56826e+02 | 32  0.02715  1.19562e+02 | 33 -0.29766 -5.58039e+01
 34  0.04426 -7.27244e+01 | 35 -0.04000 -4.17940e+01 | 36 -0.04072  2.21859e+01
 37  0.06260  2.18022e+01 | 38 -0.12984 -9.34067e+01 | 39 -0.14781 -7.31561e+01
 40 -0.06329  1.79495e+01 | 41  0.00528  2.18461e+02 | 42  0.01064  3.96887e+02
 43 -0.07115  2.93543e+02 | 44 -0.11155  2.37484e+02 | 45 -0.06165  3.22576e+02
 46 -0.06284  1.21575e+02 | 47 -0.51977 -7.47551e+01 | 48 -0.12659 -5.89080e+01
 49  0.11672 -7.18395e+02 | 50  0.07681 -2.93682e+02 | 51 -0.23062 -5.95173e+01
 52  0.01531  6.52889e+00 | 53  0.04402  2.09931e+02 | 54  0.10058  2.71472e+02
 55 -0.17412 -3.72465e+01 | 56 -0.05499 -5.44547e+01 | 57  0.12364 -5.53902e+01
 58  0.07744 -7.57515e+01 | 59 -0.42441 -7.67810e+01 | 60  0.01279 -1.00870e+02
 61  0.12015 -3.52355e+01 | 62 -0.18362 -3.20853e+01 | 63 -0.12955 -1.89315e+01
 64  0.08438 -7.59238e+01 | 65 -0.22489 -7.29632e+01 | 66 -0.17495 -8.84349e+01
 67 -0.02717 -8.75985e+01 | 68  0.15919 -2.49171e+01 | 69  0.00242 -2.22400e+01
 70 -0.44161 -7.72803e+01 | 71 -0.29181 -7.61278e+01 | 72 -0.01775 -6.10769e+01
 73 -0.02993 -3.57655e+00 | 74 -0.01589  3.00762e-01 | 75 -0.01720  4.18225e-02
75 variables; iteration 40; function evaluation 64; phase 1
Function value 7.0301639e+02; maximum gradient component mag -5.8870e+02
Var    Value     Gradient |Var    Value     Gradient |Var    Value     Gradient
  1  0.04404  3.84015e+02 |  2  0.03687  7.22755e+00 |  3  0.02145  7.37834e+00
  4  0.01988  6.80209e+00 |  5  0.01753  6.02172e+00 |  6  0.02015  6.31812e+00
  7  0.02123  6.17217e+00 |  8  0.04487  1.07965e+01 |  9  0.06058  1.33058e+01
 10  0.06666  1.35307e+01 | 11  0.06745  1.34197e+01 | 12  0.06650  1.39087e+01
 13  0.06685  1.48718e+01 | 14  0.06700  1.55254e+01 | 15  0.07309  1.62430e+01
 16  0.08729  1.79124e+01 | 17  0.12500  2.20886e+01 | 18  0.12838  2.43704e+01
 19  0.14409  2.93784e+01 | 20 -0.01316 -2.22542e-01 | 21 -0.04238 -3.89735e+00
 22 -0.03957  2.20144e+00 | 23 -0.04378  8.58955e+00 | 24 -0.06476  1.05463e+01
 25 -0.07229  1.99118e+01 | 26 -0.07895  3.15848e+01 | 27 -0.09126  3.97525e+01
 28 -0.11514  3.68308e+01 | 29 -0.10310  5.41187e+01 | 30 -0.15989  7.12876e+00
 31 -0.06497  5.44524e+01 | 32  0.01900  2.31816e+02 | 33 -0.23025  1.04095e+01
 34  0.03761  3.46225e+02 | 35 -0.14296 -1.84077e-01 | 36 -0.04637  4.41408e+01
 37  0.01544  3.89524e+01 | 38 -0.11066 -6.02919e+01 | 39 -0.13669 -5.47748e+01
 40 -0.09488 -5.06562e+00 | 41 -0.03789  6.64547e+01 | 42 -0.00690  2.43918e+02
 43 -0.11038  1.78388e+02 | 44 -0.11295  2.11352e+02 | 45 -0.09772  1.77067e+02
 46 -0.09877 -7.91680e-01 | 47 -0.45709 -7.58957e+01 | 48 -0.11432 -3.64672e+01
 49  0.07983 -5.88702e+02 | 50  0.04422 -2.92861e+02 | 51 -0.24970 -6.91552e+01
 52  0.00983 -2.09685e+02 | 53 -0.03535 -1.41133e+02 | 54  0.03682 -2.34370e+02
 55 -0.12975 -7.95070e+01 | 56 -0.01668 -1.13184e+02 | 57  0.07127 -1.98793e+02
 58  0.02321 -1.93363e+02 | 59 -0.36488 -7.54398e+01 | 60  0.02655 -2.38073e+01
 61  0.06475  1.29526e+02 | 62 -0.11503  1.43568e+01 | 63 -0.20301 -3.39731e+01
 64  0.04625 -6.78083e+01 | 65 -0.36130 -7.39021e+01 | 66 -0.10885 -7.15988e+01
 67 -0.07630 -1.83047e+01 | 68  0.12577  2.47931e+02 | 69 -0.10710  6.59243e+01
 70 -0.19398  2.42946e+01 | 71 -0.07796  8.83790e+01 | 72  0.01466  6.45227e+01
 73 -0.03168 -2.49043e+00 | 74 -0.01714  6.53529e-01 | 75 -0.01856  3.48100e-01
75 variables; iteration 60; function evaluation 90; phase 1
Function value 6.5571642e+02; maximum gradient component mag 7.9747e+02
Var    Value     Gradient |Var    Value     Gradient |Var    Value     Gradient
  1  0.02344  7.97469e+02 |  2  0.01110  1.71618e+00 |  3  0.00309  3.65374e+00
  4  0.00652  4.39056e+00 |  5  0.01367  6.00624e+00 |  6  0.02085  7.63890e+00
  7  0.02323  8.15530e+00 |  8  0.01428  6.03321e+00 |  9  0.00680  4.28193e+00
 10  0.03263  1.04207e+01 | 11  0.06635  1.88660e+01 | 12  0.03810  1.34773e+01
 13  0.01730  9.64872e+00 | 14  0.07263  2.60079e+01 | 15  0.12738  4.32802e+01
 16  0.15948  5.53292e+01 | 17  0.10087  3.88226e+01 | 18  0.24777  1.00195e+02
 19  0.24010  1.09207e+02 | 20 -0.00170  1.50912e+01 | 21  0.01402  2.57657e+01
 22  0.02745  3.91709e+01 | 23 -0.06823  5.38498e+00 | 24 -0.02617  3.28708e+01
 25 -0.02744  4.48058e+01 | 26 -0.07737  2.65221e+01 | 27 -0.08783  2.98931e+01
 28 -0.08770  3.77355e+01 | 29 -0.12218  1.62496e+01 | 30 -0.08701  1.75053e+01
 31 -0.01449  3.60567e+00 | 32  0.03478  2.70160e+01 | 33 -0.08892  2.71134e+01
 34  0.03691  1.11998e+01 | 35 -0.02060 -6.79774e+01 | 36 -0.05804 -2.58192e+01
 37  0.05843  7.03555e+01 | 38 -0.04376  3.26408e+01 | 39 -0.10489  2.77530e+01
 40 -0.07138  1.17563e+02 | 41  0.03169  3.75813e+02 | 42  0.01318  3.84938e+02
 43 -0.04631  2.92435e+02 | 44 -0.08234  2.07259e+02 | 45 -0.06690  1.48983e+02
 46 -0.06059 -6.18193e+00 | 47 -0.25693 -5.80935e+01 | 48 -0.14656  2.24933e+01
 49  0.14600  2.40937e+01 | 50  0.03930  2.35183e+01 | 51 -0.08850 -2.91029e-01
 52  0.05523 -8.67562e+00 | 53 -0.02161 -3.32987e+01 | 54  0.07884 -9.68416e+01
 55 -0.04430 -5.92922e+01 | 56 -0.00383 -1.05431e+02 | 57  0.10436 -2.71276e+02
 58  0.06583 -2.53196e+02 | 59 -0.16172 -8.12396e+01 | 60  0.03774 -1.64116e+02
 61  0.11209 -2.48643e+02 | 62 -0.12426 -7.68032e+01 | 63 -0.22424 -7.38086e+01
 64  0.07493 -2.10314e+02 | 65 -0.12056 -4.39728e+01 | 66 -0.10828 -2.71920e+01
 67  0.01013  3.91821e+00 | 68  0.14727 -7.47138e+01 | 69 -0.05517 -2.00967e+00
 70 -0.13512  1.99891e+00 | 71 -0.06438  1.66638e+01 | 72  0.01950  1.93526e+01
 73  0.03174  1.23117e+01 | 74  0.01526  8.08273e+00 | 75  0.01581  8.25898e+00
Maximum number of function evaluations exceeded

 - final statistics:
75 variables; iteration 66; function evaluation 100
Function value 6.4424e+02; maximum gradient component mag 1.9079e+03
Exit code = 3;  converg criter 1.0000e+01
Var    Value     Gradient |Var    Value     Gradient |Var    Value     Gradient
  1  0.02691  1.90792e+03 |  2  0.01478  2.01353e+00 |  3  0.00504  3.42617e+00
  4  0.00739  3.70389e+00 |  5  0.01007  4.01041e+00 |  6  0.01178  4.04362e+00
  7  0.01173  3.63048e+00 |  8  0.00714  2.18587e+00 |  9  0.01037  2.41193e+00
 10  0.02975  5.87157e+00 | 11  0.00069 -4.18588e-01 | 12  0.05681  1.11221e+01
 13  0.06516  1.32744e+01 | 14  0.02735  6.10147e+00 | 15  0.03353  7.05760e+00
 16  0.12361  2.17658e+01 | 17  0.11475  1.81219e+01 | 18  0.24763  2.50514e+01
 19  0.22759  2.69750e+01 | 20  0.01087  2.20918e+00 | 21  0.02120  7.96948e+00
 22  0.00065  7.80206e+00 | 23 -0.01984  8.13371e+00 | 24 -0.03156  1.24418e+01
 25 -0.04271  1.83228e+01 | 26 -0.08710  8.55272e+00 | 27 -0.08762  1.75360e+01
 28 -0.08629  2.58806e+01 | 29 -0.11654  8.28713e+00 | 30 -0.07579  3.54500e+00
 31 -0.02541 -4.05385e+01 | 32  0.03535 -5.06958e+01 | 33 -0.10351  4.82566e+00
 34  0.01699  6.10396e+01 | 35  0.01165  5.96352e+01 | 36 -0.06604  4.33761e+01
 37  0.04975  1.47564e+02 | 38 -0.06319  3.22463e+01 | 39 -0.09225  5.36782e+01
 40 -0.07548  1.38306e+02 | 41  0.02173  3.98192e+02 | 42  0.01144  4.28512e+02
 43 -0.05027  3.11768e+02 | 44 -0.09876  2.04953e+02 | 45 -0.08612  2.07058e+02
 46 -0.05625  2.23204e+02 | 47 -0.18354  4.15253e+01 | 48 -0.19420  5.20140e+01
 49  0.15005  4.41200e+02 | 50  0.02931  1.00736e+02 | 51 -0.09255  8.15785e+00
 52  0.05031  2.86652e-01 | 53 -0.01622 -2.04222e+01 | 54  0.06481 -1.92700e+01
 55 -0.00539 -9.78678e+00 | 56 -0.02431 -5.38793e+01 | 57  0.10891 -2.37921e+02
 58  0.04686 -2.11616e+02 | 59 -0.13669 -8.12380e+01 | 60  0.04847 -1.60672e+02
 61  0.10545 -2.89642e+02 | 62 -0.15301 -8.99827e+01 | 63 -0.23597 -8.48388e+01
 64  0.07460 -3.40467e+02 | 65 -0.14226 -6.78287e+01 | 66 -0.11568 -5.13570e+01
 67  0.00920 -4.36765e+01 | 68  0.14586 -2.19145e+02 | 69 -0.07128 -4.18425e+01
 70 -0.13895 -2.15994e+01 | 71 -0.07054 -1.27858e+01 | 72  0.00295  5.23924e-02
 73  0.00929  6.65289e+00 | 74  0.00578  5.76621e+00 | 75  0.00584  5.82803e+00

Initial statistics: 75 variables; iteration 0; function evaluation 0; phase 2
Function value 6.4424404e+02; maximum gradient component mag 1.9079e+03
Var    Value     Gradient |Var    Value     Gradient |Var    Value     Gradient
  1  0.02691  1.90792e+03 |  2  0.01478  2.01353e+00 |  3  0.00504  3.42617e+00
  4  0.00739  3.70389e+00 |  5  0.01007  4.01041e+00 |  6  0.01178  4.04362e+00
  7  0.01173  3.63048e+00 |  8  0.00714  2.18587e+00 |  9  0.01037  2.41193e+00
 10  0.02975  5.87157e+00 | 11  0.00069 -4.18588e-01 | 12  0.05681  1.11221e+01
 13  0.06516  1.32744e+01 | 14  0.02735  6.10147e+00 | 15  0.03353  7.05760e+00
 16  0.12361  2.17658e+01 | 17  0.11475  1.81219e+01 | 18  0.24763  2.50514e+01
 19  0.22759  2.69750e+01 | 20  0.01087  2.20918e+00 | 21  0.02120  7.96948e+00
 22  0.00065  7.80206e+00 | 23 -0.01984  8.13371e+00 | 24 -0.03156  1.24418e+01
 25 -0.04271  1.83228e+01 | 26 -0.08710  8.55272e+00 | 27 -0.08762  1.75360e+01
 28 -0.08629  2.58806e+01 | 29 -0.11654  8.28713e+00 | 30 -0.07579  3.54500e+00
 31 -0.02541 -4.05385e+01 | 32  0.03535 -5.06958e+01 | 33 -0.10351  4.82566e+00
 34  0.01699  6.10396e+01 | 35  0.01165  5.96352e+01 | 36 -0.06604  4.33761e+01
 37  0.04975  1.47564e+02 | 38 -0.06319  3.22463e+01 | 39 -0.09225  5.36782e+01
 40 -0.07548  1.38306e+02 | 41  0.02173  3.98192e+02 | 42  0.01144  4.28512e+02
 43 -0.05027  3.11768e+02 | 44 -0.09876  2.04953e+02 | 45 -0.08612  2.07058e+02
 46 -0.05625  2.23204e+02 | 47 -0.18354  4.15253e+01 | 48 -0.19420  5.20140e+01
 49  0.15005  4.41200e+02 | 50  0.02931  1.00736e+02 | 51 -0.09255  8.15785e+00
 52  0.05031  2.86652e-01 | 53 -0.01622 -2.04222e+01 | 54  0.06481 -1.92700e+01
 55 -0.00539 -9.78678e+00 | 56 -0.02431 -5.38793e+01 | 57  0.10891 -2.37921e+02
 58  0.04686 -2.11616e+02 | 59 -0.13669 -8.12380e+01 | 60  0.04847 -1.60672e+02
 61  0.10545 -2.89642e+02 | 62 -0.15301 -8.99827e+01 | 63 -0.23597 -8.48388e+01
 64  0.07460 -3.40467e+02 | 65 -0.14226 -6.78287e+01 | 66 -0.11568 -5.13570e+01
 67  0.00920 -4.36765e+01 | 68  0.14586 -2.19145e+02 | 69 -0.07128 -4.18425e+01
 70 -0.13895 -2.15994e+01 | 71 -0.07054 -1.27858e+01 | 72  0.00295  5.23924e-02
 73  0.00929  6.65289e+00 | 74  0.00578  5.76621e+00 | 75  0.00584  5.82803e+00

Intermediate statistics: 75 variables; iteration 20; function evaluation 25; phase 2
Function value 6.0659489e+02; maximum gradient component mag -7.7175e+02
Var    Value     Gradient |Var    Value     Gradient |Var    Value     Gradient
  1  0.05726 -7.71755e+02 |  2  0.00459  1.00699e-01 |  3 -0.01199 -9.05149e-02
  4 -0.01094 -1.63773e-02 |  5 -0.00968  8.51306e-02 |  6 -0.00796  2.63864e-01
  7 -0.00565  5.45663e-01 |  8 -0.00249  9.87146e-01 |  9  0.00026  1.30017e+00
 10  0.00277  1.52156e+00 | 11  0.00704  2.38416e+00 | 12  0.00682  2.64886e+00
 13  0.00785  3.44813e+00 | 14  0.00765  4.06310e+00 | 15  0.01210  5.31178e+00
 16  0.04239  1.21099e+01 | 17  0.05885  1.50956e+01 | 18  0.30483  5.24907e+01
 19  0.28395  5.46275e+01 | 20  0.03691  1.30575e+01 | 21  0.02959  1.49965e+01
 22  0.00961  1.43087e+01 | 23 -0.01321  1.32785e+01 | 24 -0.03919  1.17602e+01
 25 -0.06714  9.43609e+00 | 26 -0.09112  8.39567e+00 | 27 -0.11735  5.19560e+00
 28 -0.13842  1.98414e+00 | 29 -0.13635  4.92606e+00 | 30 -0.10809  6.96628e+00
 31  0.01553  2.44706e+01 | 32 -0.01489  3.81907e+00 | 33 -0.07676 -1.80982e+00
 34 -0.00923 -1.43284e+01 | 35  0.01756  2.87087e+00 | 36 -0.01009  5.25726e+00
 37 -0.06228 -3.55054e+01 | 38  0.00131 -1.41784e+01 | 39 -0.14775 -4.49240e+01
 40 -0.17973 -5.86690e+01 | 41 -0.00301 -1.36471e+02 | 42  0.00810 -1.39872e+02
 43 -0.18280 -5.36476e+01 | 44 -0.13246 -1.95230e+01 | 45 -0.08878  1.59287e+01
 46 -0.11359  1.31252e+01 | 47 -0.18919  5.65394e+00 | 48 -0.23662 -1.16962e+01
 49  0.15649 -2.14034e+02 | 50 -0.04868 -5.75152e+01 | 51 -0.01155 -1.47191e+01
 52  0.04173  2.05457e+01 | 53  0.01449  4.97053e+01 | 54  0.07312  1.13507e+02
 55 -0.01541  5.46036e+01 | 56  0.00897  2.64817e+01 | 57  0.11188 -1.62717e+00
 58  0.01524 -8.62036e+00 | 59  0.00629  8.51956e+00 | 60  0.03526  2.83448e+01
 61  0.08561  5.45455e+01 | 62 -0.05570  2.13188e+01 | 63 -0.06775  1.12780e+01
 64  0.03961  4.15967e+01 | 65 -0.08390  1.90956e+00 | 66 -0.05172 -7.59440e+00
 67 -0.09378 -4.06559e+01 | 68  0.17546 -2.27312e+02 | 69 -0.13603 -3.64553e+01
 70 -0.11987 -1.26022e+01 | 71 -0.05911 -1.02476e+01 | 72 -0.01335 -4.28552e+00
 73 -0.02075 -1.14466e+00 | 74 -0.01991 -9.40412e-01 | 75 -0.02010 -9.46510e-01
75 variables; iteration 40; function evaluation 51; phase 2
Function value 5.9997695e+02; maximum gradient component mag -6.9046e+02
Var    Value     Gradient |Var    Value     Gradient |Var    Value     Gradient
  1  0.05602 -6.90464e+02 |  2  0.00690  6.32871e-01 |  3 -0.00770  9.17884e-01
  4 -0.00641  1.04530e+00 |  5 -0.00487  1.20681e+00 |  6 -0.00344  1.31206e+00
  7 -0.00241  1.29160e+00 |  8 -0.00309  8.58770e-01 |  9 -0.00075  1.09005e+00
 10  0.00933  2.98905e+00 | 11 -0.00215  3.45280e-01 | 12  0.02318  6.21070e+00
 13  0.02577  7.36589e+00 | 14  0.01041  4.51856e+00 | 15  0.01477  5.62305e+00
 16  0.05372  1.40752e+01 | 17  0.04924  1.23299e+01 | 18  0.36725  4.61953e+01
 19  0.20622  4.22361e+01 | 20  0.02627  9.43443e+00 | 21  0.02852  1.33655e+01
 22  0.00883  1.25171e+01 | 23 -0.01381  1.14382e+01 | 24 -0.03469  1.18582e+01
 25 -0.05749  1.19405e+01 | 26 -0.08678  8.89484e+00 | 27 -0.10603  9.32083e+00
 28 -0.12368  8.14500e+00 | 29 -0.13058  7.03866e+00 | 30 -0.10103  1.07326e+01
 31  0.01503  3.14341e+01 | 32 -0.00185  1.91007e+01 | 33 -0.09170  8.02722e-01
 34  0.00462 -3.63542e-02 | 35  0.02561 -1.61728e+01 | 36 -0.02310 -4.21169e+01
 37 -0.04489 -7.76813e+01 | 38 -0.00926 -5.30709e+01 | 39 -0.14055 -3.56238e+01
 40 -0.11106 -2.76825e+01 | 41 -0.02394 -4.06920e+01 | 42  0.02402 -1.97606e+01
 43 -0.15062 -2.52134e+01 | 44 -0.15683 -2.66045e+01 | 45 -0.07889 -3.42133e+01
 46 -0.12655 -4.99468e+01 | 47 -0.18170 -1.81390e+01 | 48 -0.21641 -8.80946e+00
 49  0.15514 -9.89674e+01 | 50  0.01575 -2.76461e+01 | 51 -0.04833 -2.34306e+01
 52  0.04398 -5.60756e+01 | 53  0.02624 -3.66687e+01 | 54  0.06545 -1.73947e+01
 55 -0.00944  9.11631e+00 | 56  0.01794  9.03195e+00 | 57  0.10800  2.37204e+01
 58  0.05879  1.83691e+01 | 59 -0.03635 -6.59933e+00 | 60  0.04061  7.18896e+00
 61  0.09873  2.52538e+01 | 62 -0.07380  9.71067e-02 | 63 -0.06827 -3.28116e+00
 64  0.04655  2.57893e+01 | 65 -0.07487  8.63431e+00 | 66 -0.07643  4.79322e+00
 67 -0.02839  4.67421e+00 | 68  0.17115 -4.43660e+00 | 69 -0.06043  8.97974e+00
 70 -0.13457 -4.25731e+00 | 71 -0.06768 -2.88514e+00 | 72 -0.00462  2.78542e-01
 73 -0.01314  6.92694e-01 | 74 -0.01341  5.94611e-01 | 75 -0.01352  6.05673e-01
75 variables; iteration 60; function evaluation 82; phase 2
Function value 5.9420926e+02; maximum gradient component mag -6.0189e+02
Var    Value     Gradient |Var    Value     Gradient |Var    Value     Gradient
  1  0.06417 -6.01892e+02 |  2  0.00123 -5.69275e-01 |  3 -0.01941 -1.76086e+00
  4 -0.01830 -1.67700e+00 |  5 -0.01875 -1.98546e+00 |  6 -0.01988 -2.47346e+00
  7 -0.02142 -3.07103e+00 |  8 -0.02473 -4.08785e+00 |  9 -0.02354 -4.08370e+00
 10 -0.00628 -5.01529e-01 | 11 -0.00880 -1.19923e+00 | 12  0.00080  1.11701e+00
 13  0.00715  2.96177e+00 | 14 -0.00865 -1.06255e-01 | 15  0.00117  2.20332e+00
 16  0.00078  1.81332e+00 | 17  0.00559  2.22970e+00 | 18  0.43477  2.28390e+01
 19  0.12427  2.61164e+01 | 20  0.03657  1.00860e+01 | 21 -0.00574  2.69011e+00
 22 -0.02206  1.21065e+00 | 23 -0.04029  1.26520e-01 | 24 -0.04707  4.11279e+00
 25 -0.07790  5.93258e-01 | 26 -0.06877  1.37540e+01 | 27 -0.09139  1.33934e+01
 28 -0.11876  7.67617e+00 | 29 -0.11874  1.00303e+01 | 30 -0.08375  1.60799e+01
 31  0.02081  3.29369e+01 | 32 -0.00853  2.27875e+01 | 33 -0.07108  1.15987e+01
 34  0.02335  1.03930e+00 | 35  0.00060 -1.42173e+01 | 36  0.01112 -7.38878e+00
 37 -0.04035 -3.96394e+01 | 38 -0.01863 -2.42878e+01 | 39 -0.11825 -2.53970e+01
 40 -0.11012 -3.40156e+01 | 41 -0.03757 -6.69585e+01 | 42  0.03572 -7.68725e+01
 43 -0.18758 -4.59425e+01 | 44 -0.17279 -4.35496e+01 | 45 -0.06694 -6.01476e+01
 46 -0.13948 -6.16064e+01 | 47 -0.18657 -2.30969e+01 | 48 -0.21603 -1.00713e+01
 49  0.16624 -2.38775e+01 | 50  0.01447  8.21282e+00 | 51 -0.03641  8.09501e+00
 52  0.06125  1.07941e+01 | 53  0.03731 -2.74224e+00 | 54  0.07504 -1.57926e+01
 55 -0.02755 -6.90274e+00 | 56  0.05403 -5.76529e+00 | 57  0.10295 -2.08192e+01
 58  0.07216 -1.55334e+01 | 59 -0.03077 -2.10635e+01 | 60  0.05316 -2.35803e+01
 61  0.10134 -1.76382e+01 | 62 -0.06437 -4.94596e+00 | 63 -0.03584 -1.61579e+00
 64  0.04124  1.32786e+00 | 65 -0.05082  7.12308e+00 | 66 -0.07923  6.54121e-02
 67 -0.02177  1.69622e+01 | 68  0.18546  1.04377e+02 | 69 -0.06039  2.55387e+01
 70 -0.12920  4.59165e+00 | 71 -0.04622  1.30506e+01 | 72 -0.00412  3.98885e+00
 73 -0.01110  1.07384e+00 | 74 -0.01121  9.88330e-01 | 75 -0.01136  9.83072e-01
Maximum number of function evaluations exceeded

 - final statistics:
75 variables; iteration 72; function evaluation 100
Function value 5.9079e+02; maximum gradient component mag -5.2442e+02
Exit code = 3;  converg criter 1.0000e+01
Var    Value     Gradient |Var    Value     Gradient |Var    Value     Gradient
  1  0.07007 -5.24421e+02 |  2  0.00125 -4.04661e-01 |  3 -0.01346 -1.34938e-01
  4 -0.01279 -9.93229e-02 |  5 -0.00997  4.26606e-01 |  6 -0.00632  1.11729e+00
  7 -0.00315  1.65959e+00 |  8 -0.00137  1.83864e+00 |  9 -0.00711  2.43435e-01
 10 -0.00380  7.14977e-01 | 11  0.00539  2.68989e+00 | 12 -0.00794 -1.40627e-01
 13 -0.00420  1.11509e+00 | 14 -0.00891  4.92306e-01 | 15 -0.01137 -2.58815e-02
 16 -0.01166 -3.06283e-01 | 17 -0.00718  2.83211e-01 | 18  0.47364  3.93178e+01
 19  0.03685  1.09904e+01 | 20 -0.00718  1.59097e+00 | 21 -0.02713 -1.38255e+00
 22 -0.04269 -3.33674e+00 | 23 -0.02240  6.67551e+00 | 24 -0.05792  1.04633e+00
 25 -0.07334  2.52961e+00 | 26 -0.09599  1.57986e+00 | 27 -0.11590  1.06623e+00
 28 -0.12075  5.21709e+00 | 29 -0.13577 -7.25768e-01 | 30 -0.09085  7.57222e+00
 31  0.01965  1.83379e+01 | 32  0.00226  1.57210e+01 | 33 -0.07073  2.53329e+00
 34  0.03007 -3.37796e+01 | 35 -0.00422 -5.05072e+01 | 36  0.01207 -3.33853e+01
 37 -0.02944 -3.72788e+01 | 38 -0.01843 -1.03428e+01 | 39 -0.12250 -1.94979e+01
 40 -0.09465 -3.00867e+01 | 41 -0.04727 -7.36974e+01 | 42  0.03941 -1.03437e+02
 43 -0.21410 -5.15210e+01 | 44 -0.16116 -4.03439e+01 | 45 -0.06659 -5.31529e+01
 46 -0.14732 -5.37197e+01 | 47 -0.18156 -1.29977e+01 | 48 -0.20338  5.84767e-01
 49  0.17159  5.39401e+01 | 50  0.02106  2.59363e+01 | 51 -0.04546  1.29322e+01
 52  0.07338  4.57751e+01 | 53  0.03973  2.80546e+01 | 54  0.08563  1.66070e+01
 55 -0.02934 -4.04596e+00 | 56  0.05665 -1.13448e+01 | 57  0.11103 -2.69091e+01
 58  0.06717 -4.20211e+00 | 59 -0.00627 -4.48647e+00 | 60  0.06170 -3.93111e+00
 61  0.10132 -8.89075e+00 | 62 -0.06278 -4.36582e+00 | 63 -0.01782  3.45010e+00
 64  0.04222 -2.43334e+00 | 65 -0.05731  2.13047e+00 | 66 -0.05944  7.51706e+00
 67 -0.01656  1.53560e+01 | 68  0.19080  4.87162e+01 | 69 -0.06933  7.94541e+00
 70 -0.09603  9.64949e+00 | 71 -0.05834 -4.00245e+00 | 72 -0.01375 -3.93855e+00
 73 -0.02289 -1.96010e+00 | 74 -0.02168 -1.67014e+00 | 75 -0.02187 -1.68775e+00

Initial statistics: 84 variables; iteration 0; function evaluation 0; phase 3
Function value 5.9078607e+02; maximum gradient component mag 5.4498e+02
Var    Value     Gradient |Var    Value     Gradient |Var    Value     Gradient
  1  0.07007 -5.24421e+02 |  2  0.00000 -6.02640e-01 |  3  0.00125 -4.04661e-01
  4 -0.01346 -1.34938e-01 |  5 -0.01279 -9.93229e-02 |  6 -0.00997  4.26606e-01
  7 -0.00632  1.11729e+00 |  8 -0.00315  1.65959e+00 |  9 -0.00137  1.83864e+00
 10 -0.00711  2.43435e-01 | 11 -0.00380  7.14977e-01 | 12  0.00539  2.68989e+00
 13 -0.00794 -1.40627e-01 | 14 -0.00420  1.11509e+00 | 15 -0.00891  4.92306e-01
 16 -0.01137 -2.58815e-02 | 17 -0.01166 -3.06283e-01 | 18 -0.00718  2.83211e-01
 19  0.47364  3.93178e+01 | 20  0.03685  1.09904e+01 | 21 -0.00718  1.59097e+00
 22 -0.02713 -1.38255e+00 | 23 -0.04269 -3.33674e+00 | 24 -0.02240  6.67551e+00
 25 -0.05792  1.04633e+00 | 26 -0.07334  2.52961e+00 | 27 -0.09599  1.57986e+00
 28 -0.11590  1.06623e+00 | 29 -0.12075  5.21709e+00 | 30 -0.13577 -7.25768e-01
 31 -0.09085  7.57222e+00 | 32  0.01965  1.83379e+01 | 33  0.00226  1.57210e+01
 34 -0.07073  2.53329e+00 | 35  0.03007 -3.37796e+01 | 36 -0.00422 -5.05072e+01
 37  0.01207 -3.33853e+01 | 38 -0.02944 -3.72788e+01 | 39 -0.01843 -1.03428e+01
 40 -0.12250 -1.94979e+01 | 41 -0.09465 -3.00867e+01 | 42 -0.04727 -7.36974e+01
 43  0.03941 -1.03437e+02 | 44 -0.21410 -5.15210e+01 | 45 -0.16116 -4.03439e+01
 46 -0.06659 -5.31529e+01 | 47 -0.14732 -5.37197e+01 | 48 -0.18156 -1.29977e+01
 49 -0.20338  5.84767e-01 | 50  0.17159  5.39401e+01 | 51  0.02106  2.59363e+01
 52 -0.04546  1.29322e+01 | 53  0.07338  4.57751e+01 | 54  0.03973  2.80546e+01
 55  0.08563  1.66070e+01 | 56 -0.02934 -4.04596e+00 | 57  0.05665 -1.13448e+01
 58  0.11103 -2.69091e+01 | 59  0.06717 -4.20211e+00 | 60 -0.00627 -4.48647e+00
 61  0.06170 -3.93111e+00 | 62  0.10132 -8.89075e+00 | 63 -0.06278 -4.36582e+00
 64 -0.01782  3.45010e+00 | 65  0.04222 -2.43334e+00 | 66 -0.05731  2.13047e+00
 67 -0.05944  7.51706e+00 | 68 -0.01656  1.53560e+01 | 69  0.19080  4.87162e+01
 70 -0.06933  7.94541e+00 | 71 -0.09603  9.64949e+00 | 72 -0.05834 -4.00245e+00
 73 -0.01375 -3.93855e+00 | 74 -0.02289 -1.96010e+00 | 75 -0.02168 -1.67014e+00
 76 -0.02187 -1.68775e+00 | 77 -0.38722 -1.97199e+01 | 78 -0.03301  1.12979e+01
 79 -0.10660  1.17246e+02 | 80  0.07752  5.44979e+02 | 81  0.05795 -6.37299e+00
 82  0.07752 -1.75707e-01 | 83 -0.38722 -6.20875e+00 | 84  0.07752  4.65981e-01

Intermediate statistics: 84 variables; iteration 20; function evaluation 27; phase 3
Function value 5.0318814e+02; maximum gradient component mag -4.2997e+02
Var    Value     Gradient |Var    Value     Gradient |Var    Value     Gradient
  1  0.11352 -2.23936e+01 |  2  0.00265  9.02873e-02 |  3  0.00301  6.86744e-02
  4 -0.01290  3.73007e-02 |  5 -0.01235  3.67519e-02 |  6 -0.01193 -1.47913e-02
  7 -0.01143 -7.87529e-02 |  8 -0.01072 -1.19195e-01 |  9 -0.00968 -1.12180e-01
 10 -0.00771  7.40617e-02 | 11 -0.00636  7.12490e-02 | 12 -0.00608 -5.54730e-02
 13 -0.00534  2.18255e-01 | 14 -0.00695  1.46774e-01 | 15 -0.00808  2.51914e-01
 16 -0.00730  3.50962e-01 | 17 -0.00539  4.55703e-01 | 18 -0.00254  4.92430e-01
 19  0.52552  7.40529e-01 | 20 -0.00398  1.51786e-01 | 21 -0.00321  6.51880e-01
 22 -0.00878  8.62457e-01 | 23 -0.01611  1.04974e+00 | 24 -0.03405 -2.16144e-01
 25 -0.05040  2.63273e-01 | 26 -0.07240 -2.37939e-01 | 27 -0.09511 -4.57785e-01
 28 -0.11825 -8.98707e-01 | 29 -0.14049 -2.27914e+00 | 30 -0.15338 -2.46956e+00
 31 -0.15436 -6.36753e+00 | 32 -0.11005 -1.21086e+01 | 33  0.04582 -4.71223e+00
 34 -0.13596 -1.29909e+01 | 35  0.02865 -1.01222e+01 | 36  0.03752 -2.19982e+01
 37 -0.06483 -4.14872e+01 | 38  0.04663 -3.62082e+01 | 39 -0.08452 -2.25799e+01
 40 -0.07825 -3.59658e+00 | 41 -0.12823  7.49063e+00 | 42 -0.01124  4.91997e+01
 43 -0.01643  2.87906e+01 | 44 -0.08357  1.49446e+01 | 45 -0.14030  1.43659e+00
 46 -0.16229 -2.45519e+01 | 47 -0.10884  6.79990e+00 | 48 -0.17269  3.17376e+01
 49 -0.22701  3.40464e+01 | 50  0.19102  3.40352e+02 | 51 -0.10758  2.83495e+00
 52  0.09283  1.82243e+01 | 53  0.04683 -1.75267e+01 | 54  0.03952 -3.70410e+01
 55  0.11811 -1.93977e+01 | 56 -0.02590 -1.87980e+00 | 57  0.09482 -1.50347e+01
 58  0.09125 -8.75092e+01 | 59  0.07828 -5.04870e+01 | 60  0.08301 -1.39478e+01
 61 -0.02731 -2.74507e+01 | 62  0.14404 -4.01432e+01 | 63 -0.05463 -1.61740e+01
 64 -0.03593 -1.69100e+01 | 65  0.06828  1.64398e+00 | 66 -0.08216  8.65555e+00
 67 -0.01308  4.00892e+01 | 68  0.00455  1.75296e+01 | 69  0.16620 -1.26015e+02
 70  0.06780 -1.51033e+01 | 71 -0.11651  7.86757e+00 | 72  0.01266  4.66557e+01
 73 -0.01693  6.56680e+00 | 74 -0.01350  2.57599e-01 | 75 -0.01327  2.18056e-01
 76 -0.01332  2.17486e-01 | 77 -0.43527 -1.86012e+00 | 78 -0.07563  5.46780e+00
 79 -0.22102 -4.29975e+02 | 80 -0.14061  1.94769e+02 | 81  0.08412 -2.98174e+00
 82  0.09928 -5.26078e-01 | 83 -0.31866 -1.43555e+01 | 84  0.06401  5.80875e+00
84 variables; iteration 40; function evaluation 53; phase 3
Function value 4.9083509e+02; maximum gradient component mag 3.6850e+02
Var    Value     Gradient |Var    Value     Gradient |Var    Value     Gradient
  1  0.08574 -1.41211e+02 |  2  0.00130 -3.31849e-01 |  3  0.00196 -2.96795e-01
  4 -0.01349 -2.19555e-01 |  5 -0.01289 -2.26050e-01 |  6 -0.01172 -1.26207e-01
  7 -0.01029  2.16155e-03 |  8 -0.00890  8.38011e-02 |  9 -0.00779  6.19690e-02
 10 -0.00821 -3.52892e-01 | 11 -0.00666 -3.67655e-01 | 12 -0.00430 -1.35414e-01
 13 -0.00722 -7.66478e-01 | 14 -0.00732 -5.60217e-01 | 15 -0.00945 -7.43215e-01
 16 -0.00990 -1.05295e+00 | 17 -0.00888 -1.33384e+00 | 18 -0.00598 -1.57712e+00
 19  0.54348 -5.46218e+01 | 20  0.01571  2.08871e+00 | 21 -0.00527 -2.28845e+00
 22 -0.01637 -3.71930e+00 | 23 -0.02557 -4.60215e+00 | 24 -0.02038 -2.70798e-01
 25 -0.04580 -2.21582e+00 | 26 -0.06975 -3.28347e+00 | 27 -0.09563 -4.70229e+00
 28 -0.12269 -7.08130e+00 | 29 -0.15827 -1.46740e+01 | 30 -0.17025 -1.71563e+01
 31 -0.20191 -3.54759e+01 | 32 -0.08253 -5.45162e+01 | 33  0.03877 -1.92307e+02
 34 -0.15758 -4.97472e+01 | 35  0.03984 -8.26395e+01 | 36  0.06297 -1.51740e+02
 37 -0.12448 -9.48071e+01 | 38  0.07714 -1.90772e+02 | 39 -0.07702 -3.17711e+01
 40 -0.04631 -6.64837e+01 | 41 -0.20130 -4.79509e+01 | 42  0.03610  6.87634e+01
 43 -0.01876 -1.81727e+01 | 44 -0.10618 -3.91820e+01 | 45 -0.10994  3.63642e+00
 46 -0.12398  8.44711e+00 | 47 -0.13438  3.74846e+01 | 48 -0.10684  1.48452e+02
 49 -0.19628  4.27737e+01 | 50  0.19444 -9.19734e+01 | 51 -0.14257 -2.60415e+01
 52  0.11442  5.23831e+01 | 53  0.03206  3.79651e+01 | 54  0.08830  8.00370e+01
 55  0.10541  2.97345e+01 | 56 -0.00343  2.40476e+01 | 57  0.07821  1.48019e+02
 58  0.16741  3.68497e+02 | 59 -0.01702  4.84257e+01 | 60  0.12967  1.90229e+02
 61 -0.02416  1.65790e+01 | 62  0.13709  5.61703e+01 | 63  0.00395  4.02059e+01
 64 -0.05553  4.10891e+00 | 65  0.08771  3.18334e+01 | 66 -0.14720 -2.68541e+01
 67 -0.01575  2.17020e+01 | 68  0.05624  6.05554e+01 | 69  0.15922 -1.22071e+02
 70  0.09284 -3.39731e+01 | 71 -0.11949 -1.83384e+01 | 72 -0.02451 -3.54293e+01
 73 -0.04112 -8.07335e+00 | 74 -0.01582 -3.53068e-01 | 75 -0.01556 -3.99145e-01
 76 -0.01565 -4.04391e-01 | 77 -0.55816 -1.67041e+02 | 78 -1.57043 -1.07685e+01
 79 -0.21367 -1.20390e+02 | 80 -0.15051  1.76124e+02 | 81  0.84547 -5.56776e-01
 82  0.51224  2.66452e-01 | 83 -0.00364 -2.60224e+02 | 84 -0.10737  7.77518e+01
84 variables; iteration 60; function evaluation 82; phase 3
Function value 4.6756587e+02; maximum gradient component mag 3.7866e+02
Var    Value     Gradient |Var    Value     Gradient |Var    Value     Gradient
  1  0.08666 -2.41873e+02 |  2 -0.00235 -1.08446e+00 |  3 -0.00128 -9.18287e-01
  4 -0.01598 -6.44167e-01 |  5 -0.01525 -5.76621e-01 |  6 -0.01344 -2.63592e-01
  7 -0.01131  1.04255e-01 |  8 -0.00953  3.69865e-01 |  9 -0.00839  4.64520e-01
 10 -0.00844  2.63043e-01 | 11 -0.00584  6.59332e-01 | 12 -0.00372  1.07171e+00
 13 -0.00590  8.96294e-01 | 14 -0.00723  1.16329e+00 | 15 -0.01015  1.21037e+00
 16 -0.00771  2.10568e+00 | 17 -0.00385  3.14644e+00 | 18  0.00469  5.05427e+00
 19  0.49706  9.29036e+01 | 20  0.02608  1.19122e+01 | 21  0.02441  1.29557e+01
 22 -0.02343  2.59818e+00 | 23 -0.09297 -1.46311e+01 | 24 -0.01068  1.55403e+01
 25 -0.06780  1.84447e+00 | 26 -0.10191 -3.67242e+00 | 27 -0.10480  3.72857e+00
 28 -0.09228  2.12821e+01 | 29 -0.13150  1.02140e+01 | 30 -0.14449  9.04301e+00
 31 -0.14545  1.31522e+00 | 32 -0.05493 -6.79986e+00 | 33 -0.01580 -4.14179e+01
 34 -0.06400  4.29458e+00 | 35 -0.01188 -9.90667e+01 | 36  0.04255 -1.57763e+02
 37 -0.06657 -1.16586e+02 | 38  0.04382 -1.75446e+02 | 39 -0.11097 -3.81274e+01
 40 -0.03020 -4.59760e+01 | 41 -0.25377 -5.94261e+01 | 42  0.00144 -2.66371e+01
 43 -0.02257  1.09922e+00 | 44 -0.10208 -9.21262e+00 | 45 -0.15107 -7.16084e+00
 46 -0.13354 -5.67827e+00 | 47 -0.15048 -7.64540e+00 | 48 -0.13381  3.05177e+01
 49 -0.22200 -1.47611e+01 | 50  0.17192 -3.39304e+02 | 51 -0.10870 -1.68115e+01
 52  0.07680  3.95896e+01 | 53  0.04638  9.89493e+01 | 54  0.05441  9.56348e+01
 55  0.08991  5.75663e+01 | 56 -0.02705  2.47173e+01 | 57  0.07240  1.19392e+02
 58  0.12559  1.51719e+02 | 59  0.00091  1.78839e+01 | 60  0.09115  1.04014e+02
 61 -0.00525  3.37211e+01 | 62  0.11699  9.15062e+01 | 63 -0.02926  3.04630e+01
 64 -0.05971 -1.11318e+00 | 65  0.06523 -5.43153e+00 | 66 -0.18034 -4.37021e+01
 67 -0.02019 -3.63588e+01 | 68 -0.00047 -1.95831e+01 | 69  0.16124 -2.26340e+01
 70  0.04290  2.43182e+01 | 71 -0.07145  9.27532e+00 | 72 -0.08694 -4.31220e+01
 73 -0.02188 -1.07652e+00 | 74 -0.01980 -9.71753e-01 | 75 -0.02433 -2.37182e+00
 76 -0.02449 -2.39009e+00 | 77 -0.53998 -3.66248e+01 | 78 -2.09584 -1.98433e-01
 79 -0.21095  3.78662e+02 | 80 -0.17574  3.88271e+01 | 81  1.84849  2.93163e+00
 82  1.90329  1.83122e+00 | 83  0.02983 -9.51761e+01 | 84 -0.17368  4.33360e+01
84 variables; iteration 80; function evaluation 112; phase 3
Function value 4.2640856e+02; maximum gradient component mag -3.0383e+02
Var    Value     Gradient |Var    Value     Gradient |Var    Value     Gradient
  1  0.08654 -3.03833e+02 |  2  0.05733  1.32432e+01 |  3  0.03649  8.08562e+00
  4 -0.01649 -8.66974e-01 |  5 -0.03722 -5.97688e+00 |  6 -0.05513 -1.03854e+01
  7 -0.05457 -1.04032e+01 |  8 -0.03117 -5.01252e+00 |  9 -0.01178 -6.00079e-01
 10 -0.05062 -9.83280e+00 | 11 -0.02369 -3.62951e+00 | 12  0.04336  1.16659e+01
 13 -0.02796 -4.25368e+00 | 14  0.01747  7.20611e+00 | 15 -0.00155  3.56521e+00
 16  0.02586  1.08051e+01 | 17  0.03471  1.32343e+01 | 18  0.05305  1.76569e+01
 19  0.51001  1.09151e+02 | 20  0.06819  2.38393e+01 | 21 -0.00522  5.71898e+00
 22  0.10840  4.33367e+01 | 23 -0.05852 -4.72322e+00 | 24 -0.05906 -1.19588e+00
 25 -0.03623  1.36409e+01 | 26 -0.05103  1.69779e+01 | 27 -0.11673 -2.19178e+00
 28 -0.13827 -2.58642e+00 | 29 -0.16108 -3.96971e+00 | 30 -0.24322 -3.09802e+01
 31 -0.14215  1.41464e+01 | 32 -0.03033  2.33611e+01 | 33 -0.02550 -7.33180e+01
 34 -0.09521 -3.33898e+01 | 35  0.04015 -1.17656e+02 | 36  0.02120 -1.61434e+02
 37  0.00561 -1.48556e+02 | 38  0.05223 -2.36345e+02 | 39 -0.08853 -1.10443e+02
 40 -0.04865 -1.55260e+02 | 41 -0.17837 -7.26800e+01 | 42  0.00871 -1.07370e+02
 43 -0.04793 -5.43724e+01 | 44 -0.04582  4.56316e+01 | 45 -0.14531  1.93874e+01
 46 -0.16685 -8.09384e+00 | 47 -0.11277  2.95562e+01 | 48 -0.13843  2.09626e+01
 49 -0.25340 -2.24219e+01 | 50  0.19290  1.68002e+02 | 51 -0.07606  4.26814e+01
 52  0.10478  1.77956e+02 | 53  0.05313  9.08702e+01 | 54  0.05669  3.35423e+01
 55  0.10776  2.66064e+01 | 56  0.00556  2.26440e+01 | 57  0.07954  5.27294e+01
 58  0.11915  6.49897e+01 | 59  0.07655  3.64901e+01 | 60  0.08173  1.68584e+01
 61 -0.01719 -1.51903e+01 | 62  0.14543  7.31018e+01 | 63 -0.04555  3.84405e+00
 64 -0.02593 -1.26204e+01 | 65  0.05790 -2.26790e+01 | 66 -0.09634 -2.35213e+00
 67  0.01575  4.79606e+01 | 68 -0.05006 -5.67455e+00 | 69  0.19751  1.32125e+02
 70  0.03128 -3.92352e+01 | 71 -0.10935 -3.04256e+01 | 72 -0.01202 -5.96463e+01
 73 -0.17856 -4.09975e+01 | 74  0.00613  4.85875e+00 | 75 -0.01583 -4.22620e-01
 76 -0.01536 -2.85503e-01 | 77 -0.50494 -2.15594e+01 | 78 -2.84166 -1.26046e-02
 79 -0.24743 -9.26457e+01 | 80 -0.33705  6.34485e+01 | 81  1.37502  9.86087e-01
 82  1.78184 -7.99564e-01 | 83  0.12033 -2.36283e+02 | 84 -0.14457  1.09297e+02
84 variables; iteration 100; function evaluation 144; phase 3
Function value 3.9071493e+02; maximum gradient component mag 1.1883e+02
Var    Value     Gradient |Var    Value     Gradient |Var    Value     Gradient
  1  0.06874 -1.16263e+02 |  2 -0.00665 -2.27524e+00 |  3  0.01249  2.21145e+00
  4 -0.04223 -7.13884e+00 |  5  0.00588  4.21438e+00 |  6  0.01527  6.20741e+00
  7 -0.01418 -9.64091e-01 |  8  0.00521  3.30153e+00 |  9 -0.01905 -2.61207e+00
 10 -0.00948 -7.31399e-01 | 11 -0.00746 -6.74381e-01 | 12 -0.01580 -2.86958e+00
 13 -0.01048 -1.64692e+00 | 14  0.01605  4.54567e+00 | 15 -0.00686 -1.54936e-01
 16 -0.02536 -4.49857e+00 | 17 -0.00208  2.49964e-01 | 18 -0.00915 -2.19780e+00
 19  0.50338 -2.87285e+01 | 20 -0.03885 -8.88067e+00 | 21  0.00268  2.26879e-01
 22 -0.03467 -6.50459e+00 | 23 -0.00146  3.67892e+00 | 24 -0.04303 -3.10197e+00
 25 -0.06921 -5.09797e+00 | 26 -0.09529 -6.52643e+00 | 27 -0.10455 -9.78407e-01
 28 -0.12982 -9.50683e-01 | 29 -0.15171  5.11504e-01 | 30 -0.16479  5.55544e+00
 31 -0.19354 -7.12874e+00 | 32 -0.17213 -2.08822e+01 | 33  0.03484 -5.10345e+01
 34 -0.12962 -9.23266e+00 | 35  0.03711 -6.76211e+00 | 36  0.03100 -1.78172e+01
 37  0.00610 -1.00374e+01 | 38  0.05608 -2.63194e+01 | 39 -0.07958 -2.87843e+01
 40 -0.03938 -1.77693e+01 | 41 -0.12026 -1.01980e+01 | 42  0.00129 -3.41690e+01
 43 -0.03899 -6.55413e+01 | 44 -0.05077 -1.68095e+01 | 45 -0.16704 -2.34628e+01
 46 -0.13591 -1.61885e+01 | 47 -0.12373 -4.21854e+00 | 48 -0.13568  1.38639e-01
 49 -0.19070  5.96101e+00 | 50  0.18899  9.47060e+01 | 51 -0.09426  7.56229e+00
 52  0.09783  2.76485e+01 | 53  0.03643  1.61041e+01 | 54  0.06180  2.34122e+01
 55  0.10390  3.08115e+01 | 56 -0.00294  7.59216e+00 | 57  0.07358  2.74268e+01
 58  0.11646  4.18553e+01 | 59  0.06800  1.28482e+01 | 60  0.06996  2.71792e+01
 61  0.02563  1.16074e+01 | 62  0.12216  1.25445e+01 | 63 -0.03155  2.39066e+00
 64 -0.02013  4.14858e+00 | 65  0.05016  4.41867e-01 | 66 -0.06855  3.18055e+00
 67 -0.03030 -8.27234e-01 | 68  0.01216  1.20905e+01 | 69  0.16575  1.26364e+00
 70  0.06524  1.06060e+00 | 71 -0.10611  7.08280e+00 | 72 -0.00888  6.11213e+00
 73 -0.01237  7.06874e+00 | 74 -0.00532  2.57753e+00 | 75 -0.00688  1.88011e+00
 76 -0.02853 -3.44320e+00 | 77 -0.49180 -1.69781e+01 | 78 -3.15556  1.28687e-02
 79 -0.25781  1.18833e+02 | 80 -0.46247  2.17190e+01 | 81  0.85971 -2.86416e-01
 82  1.69490 -2.15034e+00 | 83  0.13216 -6.12854e+00 | 84 -0.24449  1.23092e+00
84 variables; iteration 120; function evaluation 171; phase 3
Function value 3.2900384e+02; maximum gradient component mag -8.7503e+02
Var    Value     Gradient |Var    Value     Gradient |Var    Value     Gradient
  1  0.03083 -8.75034e+02 |  2  0.00251 -1.31073e-01 |  3 -0.00102 -1.10547e+00
  4 -0.02573 -3.23879e+00 |  5 -0.01005  3.62297e-01 |  6 -0.00030  2.48263e+00
  7 -0.01077 -1.99121e-01 |  8  0.00242  2.63539e+00 |  9 -0.00822 -9.62934e-02
 10 -0.00818 -3.74027e-01 | 11 -0.00685 -4.01044e-01 | 12 -0.00684 -6.46368e-01
 13 -0.00573 -1.93280e-01 | 14 -0.00291  1.01952e+00 | 15 -0.00243  1.87557e+00
 16 -0.01755 -1.54308e+00 | 17 -0.00484  1.22668e+00 | 18 -0.00039  1.54352e+00
 19  0.43520  4.04784e+01 | 20 -0.00544  1.28662e+00 | 21 -0.00796  1.75099e+00
 22 -0.01911  1.52368e+00 | 23 -0.03234  1.11155e+00 | 24 -0.03967  4.10861e+00
 25 -0.06975  1.38136e+00 | 26 -0.09545  9.46655e-01 | 27 -0.11786  2.18914e+00
 28 -0.14499  2.13183e+00 | 29 -0.17640  1.22040e+00 | 30 -0.20583  1.68543e-01
 31 -0.22586 -5.96259e+00 | 32 -0.18634 -5.51603e+00 | 33  0.05103 -4.83708e+01
 34 -0.12368 -1.48053e+01 | 35  0.03176 -4.62803e+01 | 36  0.03440 -6.80581e+01
 37 -0.00634 -6.63403e+01 | 38  0.06301 -1.42558e+02 | 39 -0.05652 -6.85189e+01
 40 -0.03464 -7.15524e+01 | 41 -0.08406 -4.06088e+01 | 42 -0.00362 -1.21213e+02
 43 -0.00565 -1.34040e+02 | 44 -0.05997 -1.08291e+02 | 45 -0.10807 -7.14130e+01
 46 -0.11628 -7.75280e+01 | 47 -0.10552 -6.07703e+01 | 48 -0.10616 -5.55227e+01
 49 -0.21012 -1.86133e+01 | 50  0.17163  4.18536e+01 | 51 -0.08167  1.13052e+01
 52  0.07589  3.61403e+01 | 53  0.02203  3.75221e+01 | 54  0.04142  3.76900e+01
 55  0.08408  4.98839e+01 | 56 -0.01176  1.90522e+01 | 57  0.05456  4.26703e+01
 58  0.09372  6.40739e+01 | 59  0.07101  4.55340e+01 | 60  0.03841  2.11664e+01
 61  0.01625  2.65123e+01 | 62  0.10574  5.86883e+01 | 63 -0.03501  1.52916e+01
 64 -0.03855  1.77480e+01 | 65  0.03980  2.85253e+01 | 66 -0.08299  1.25739e+01
 67 -0.02880  2.74918e+01 | 68 -0.01617  2.18992e+01 | 69  0.14453  5.39994e+01
 70  0.05325  1.09866e+01 | 71 -0.12513  8.04923e+00 | 72 -0.02479  5.56822e+00
 73 -0.02465  2.13817e+00 | 74 -0.01116  1.23532e+00 | 75 -0.01663 -1.74190e-01
 76 -0.01589  2.66089e-02 | 77 -0.43829 -1.00451e+01 | 78 -4.14009 -3.38144e-01
 79 -0.26591 -1.40760e+02 | 80 -0.62358  1.33634e+01 | 81  0.91392 -2.71803e-01
 82  1.83047 -2.84808e+00 | 83  0.17422 -9.91348e-02 | 84 -0.49309 -3.00993e-03
84 variables; iteration 140; function evaluation 203; phase 3
Function value 1.8643327e+02; maximum gradient component mag 4.9402e+04
Var    Value     Gradient |Var    Value     Gradient |Var    Value     Gradient
  1  0.01075  4.59015e+04 |  2  0.03584  2.52283e+01 |  3 -0.06181 -5.98299e+00
  4 -0.05437  2.27113e+00 |  5 -0.01335  2.00820e+01 |  6 -0.01108  2.48560e+01
  7 -0.01983  2.53003e+01 |  8 -0.00768  3.62311e+01 |  9 -0.02018  3.53221e+01
 10 -0.03007  3.56710e+01 | 11 -0.02965  4.22667e+01 | 12 -0.03183  4.76207e+01
 13 -0.01764  6.59841e+01 | 14 -0.04455  5.59851e+01 | 15 -0.04245  6.96912e+01
 16 -0.01252  1.13763e+02 | 17 -0.04390  9.80253e+01 | 18 -0.03598  1.25412e+02
 19  0.18126  8.18458e+02 | 20 -0.03659  1.57690e+02 | 21  0.01883  2.74417e+02
 22  0.00509  2.51962e+02 | 23 -0.06666  1.32964e+02 | 24 -0.07759  1.23321e+02
 25 -0.06194  1.57851e+02 | 26 -0.07229  1.55812e+02 | 27 -0.08170  1.48656e+02
 28 -0.09560  1.33989e+02 | 29 -0.10637  1.34396e+02 | 30 -0.13825  1.16512e+02
 31 -0.20894  6.22962e+01 | 32 -0.24599  1.02223e+02 | 33  0.05164  2.62208e+03
 34 -0.12705  6.50307e+02 | 35 -0.02775  1.25523e+03 | 36 -0.01467  1.30182e+03
 37 -0.04076  1.02598e+03 | 38  0.02092  1.68208e+03 | 39 -0.02601  1.31639e+03
 40 -0.04458  1.19941e+03 | 41 -0.02510  1.62764e+03 | 42 -0.00428  1.64307e+03
 43 -0.02548  1.32770e+03 | 44 -0.02105  1.57397e+03 | 45 -0.05680  9.82676e+02
 46 -0.06603  6.58593e+02 | 47 -0.09184  1.54771e+02 | 48 -0.08493 -2.40318e+02
 49 -0.14392  1.85188e+01 | 50  0.08520 -4.85352e+02 | 51 -0.07548 -1.02306e+02
 52 -0.02728 -1.35579e+02 | 53 -0.05974 -5.74717e+01 | 54 -0.05089 -9.80057e+01
 55 -0.01213  1.92979e+01 | 56 -0.04457  1.53047e+02 | 57 -0.03392  1.01934e+02
 58  0.00980  1.15464e+02 | 59  0.00547  1.91408e+02 | 60 -0.01415  1.93735e+02
 61 -0.06901  7.56138e+01 | 62  0.02476  9.86672e+01 | 63 -0.08601  1.88802e+01
 64 -0.08462  5.72110e+01 | 65 -0.04173 -4.25532e+01 | 66 -0.12772 -3.08505e+01
 67 -0.08598  2.40129e+01 | 68 -0.08778  5.36667e+01 | 69  0.04586  1.51039e+02
 70 -0.01777 -1.09839e+01 | 71 -0.27795 -3.46910e+01 | 72 -0.08587  3.76320e+01
 73 -0.02394  1.82425e+01 | 74 -0.02626  8.77714e-01 | 75 -0.04395 -3.64403e+00
 76  0.00700  8.95039e+00 | 77 -0.38359  3.13779e+03 | 78 -4.21679 -9.44180e+02
 79 -0.26961  4.94018e+04 | 80 -0.92729 -1.21450e+02 | 81  1.23783 -6.27115e+01
 82  2.00416  1.78802e+02 | 83  0.22400 -8.76406e+01 | 84 -0.81787 -8.20460e-03
84 variables; iteration 160; function evaluation 233; phase 3
Function value 4.6645111e+01; maximum gradient component mag 1.7791e+04
Var    Value     Gradient |Var    Value     Gradient |Var    Value     Gradient
  1  0.00575  1.77911e+04 |  2  0.00838  4.30904e+01 |  3 -0.04809  1.97347e+01
  4 -0.04295  3.26912e+01 |  5 -0.02390  5.25874e+01 |  6 -0.04549  4.73007e+01
  7 -0.03490  6.54499e+01 |  8 -0.04115  7.21647e+01 |  9 -0.03148  9.47410e+01
 10 -0.04361  9.65541e+01 | 11 -0.04515  1.10741e+02 | 12 -0.02318  1.59662e+02
 13 -0.02883  1.72208e+02 | 14 -0.05800  1.49282e+02 | 15 -0.05306  1.85060e+02
 16 -0.01299  3.11612e+02 | 17 -0.05602  2.50896e+02 | 18 -0.06530  2.69108e+02
 19  0.15422  1.78089e+03 | 20 -0.00614  5.59833e+02 | 21  0.01719  7.05262e+02
 22  0.01202  6.80333e+02 | 23 -0.06494  3.56132e+02 | 24 -0.08332  3.03192e+02
 25 -0.08172  3.26749e+02 | 26 -0.07831  3.78095e+02 | 27 -0.06206  4.73272e+02
 28 -0.04627  5.67327e+02 | 29 -0.00561  8.19625e+02 | 30 -0.06317  5.85384e+02
 31 -0.10499  4.69841e+02 | 32 -0.16257  3.13133e+02 | 33  0.04602  1.81140e+03
 34 -0.13122  2.78504e+02 | 35  0.00714  4.85035e+02 | 36 -0.02669 -2.64816e+02
 37 -0.02093 -4.70990e+02 | 38  0.02982 -9.93336e+02 | 39 -0.02297 -5.17801e+02
 40 -0.02994 -4.60489e+02 | 41 -0.03282 -3.52527e+02 | 42  0.01325 -2.54532e+02
 43 -0.01396 -1.19408e+02 | 44 -0.01803  7.64647e+01 | 45 -0.04808 -8.30003e+01
 46 -0.04979 -1.57563e+01 | 47 -0.08358  2.20388e+01 | 48 -0.05754  1.93098e+01
 49 -0.11605 -3.39514e+01 | 50  0.09310 -1.30244e+01 | 51 -0.10101 -9.47398e+00
 52 -0.00574  2.04276e+01 | 53 -0.08833 -1.38026e+01 | 54 -0.02194  5.51415e+01
 55 -0.01090 -1.13256e+01 | 56 -0.06656 -4.91403e+01 | 57 -0.02938 -8.09098e+01
 58  0.01940 -5.76046e+01 | 59  0.00804 -6.61320e+01 | 60 -0.03042 -9.47553e+01
 61 -0.03891 -7.53726e+01 | 62  0.00246 -1.76928e+02 | 63 -0.03301 -5.96011e+01
 64 -0.14352 -7.01463e+01 | 65 -0.01216 -1.00244e+02 | 66 -0.15031 -7.44147e+01
 67 -0.06974 -1.87403e+01 | 68 -0.06497  1.35268e+01 | 69  0.03630 -3.52686e+01
 70 -0.01171 -1.28075e+01 | 71 -0.20808 -2.35946e+00 | 72 -0.09144 -9.74410e+00
 73 -0.05201  2.52428e+00 | 74 -0.02984  4.21179e-01 | 75 -0.03096 -6.43886e-02
 76 -0.02601  1.19315e+00 | 77 -0.39566  7.11750e+02 | 78 -4.19597 -1.95892e+02
 79 -0.26833  1.01265e+04 | 80 -0.94758 -2.32688e+01 | 81  1.46819 -4.66233e+01
 82  2.15014  1.00406e+00 | 83  0.23930 -1.33838e+03 | 84 -0.84675  9.76747e+00
84 variables; iteration 180; function evaluation 257; phase 3
Function value -7.3275722e+00; maximum gradient component mag 3.7545e+03
Var    Value     Gradient |Var    Value     Gradient |Var    Value     Gradient
  1  0.00889  3.75446e+03 |  2 -0.00822  2.93942e+01 |  3 -0.02306  2.78709e+01
  4 -0.03507  3.17501e+01 |  5 -0.03380  3.94376e+01 |  6 -0.04046  4.32318e+01
  7 -0.03978  5.24936e+01 |  8 -0.04814  5.60004e+01 |  9 -0.04564  6.83820e+01
 10 -0.04650  7.89629e+01 | 11 -0.04372  9.46259e+01 | 12 -0.04693  1.05358e+02
 13 -0.04972  1.16257e+02 | 14 -0.05442  1.26880e+02 | 15 -0.07216  1.22543e+02
 16 -0.05065  1.77558e+02 | 17 -0.06597  1.81470e+02 | 18 -0.06333  2.15343e+02
 19  0.10308  9.48922e+02 | 20 -0.07684  2.23342e+02 | 21 -0.01426  3.95274e+02
 22 -0.03627  3.21964e+02 | 23 -0.06205  2.59277e+02 | 24 -0.06570  2.61300e+02
 25 -0.05420  3.17497e+02 | 26 -0.05872  3.46389e+02 | 27 -0.05410  3.88731e+02
 28 -0.01994  5.19715e+02 | 29  0.02780  6.69463e+02 | 30 -0.03888  3.74027e+02
 31 -0.13841  1.58063e+02 | 32 -0.18519  9.44753e+01 | 33  0.03730  4.98635e+02
 34 -0.11744  4.19493e+01 | 35 -0.01267 -1.94410e+02 | 36 -0.01247 -5.87724e+02
 37 -0.05582 -5.09354e+02 | 38  0.04939 -1.28250e+03 | 39 -0.09013 -7.07030e+02
 40 -0.01239 -7.54580e+02 | 41 -0.03832 -5.59978e+02 | 42  0.00272 -5.87765e+02
 43 -0.00438 -2.58016e+02 | 44 -0.04289 -2.43026e+02 | 45 -0.03174 -3.80197e+00
 46 -0.05287 -3.83776e+01 | 47 -0.08678  3.11889e+01 | 48 -0.05747  9.50570e+01
 49 -0.12275  3.39632e+01 | 50  0.08077 -3.02241e+01 | 51 -0.09433 -2.07287e+01
 52 -0.02762 -4.22612e+01 | 53 -0.08405 -2.76980e+01 | 54 -0.04807 -1.37916e+01
 55 -0.01918  1.00384e+01 | 56 -0.07781  6.49713e+00 | 57 -0.03786  2.21988e+01
 58  0.00865  4.52814e+01 | 59 -0.00684  8.95584e+00 | 60 -0.02855 -4.02498e+00
 61 -0.06198  7.47460e+00 | 62  0.00456  2.86080e+00 | 63 -0.06042  1.44512e+01
 64 -0.11557  1.99131e+00 | 65 -0.03729 -7.30237e-01 | 66 -0.11757 -1.02831e+01
 67 -0.09024 -2.11976e+01 | 68 -0.07997 -2.10261e+01 | 69  0.02331 -2.32639e+01
 70 -0.02098 -1.19394e+01 | 71 -0.22587 -7.94995e+00 | 72 -0.10037 -7.28218e+00
 73 -0.07153 -8.16840e-01 | 74 -0.03793 -5.74142e-01 | 75 -0.03882 -1.04524e+00
 76 -0.03187  7.12526e-01 | 77 -0.41624 -1.78251e+02 | 78 -4.27796  1.66393e+01
 79 -0.26873  2.73455e+03 | 80 -0.92298 -9.15702e+00 | 81  1.49591 -2.66592e+01
 82  2.44138 -1.00425e-03 | 83  0.24020 -3.57058e+02 | 84 -0.92044  5.77428e-01
84 variables; iteration 200; function evaluation 280; phase 3
Function value -2.4360714e+01; maximum gradient component mag 1.6045e+04
Var    Value     Gradient |Var    Value     Gradient |Var    Value     Gradient
  1  0.01106  1.40294e+04 |  2 -0.01055  4.92206e+00 |  3 -0.01752  4.20520e+00
  4 -0.02973  5.82583e+00 |  5 -0.03183  6.86378e+00 |  6 -0.03522  7.67467e+00
  7 -0.03207  1.10334e+01 |  8 -0.03828  1.12333e+01 |  9 -0.03886  1.37124e+01
 10 -0.04044  1.59915e+01 | 11 -0.03822  2.02538e+01 | 12 -0.03824  2.39491e+01
 13 -0.04710  2.33678e+01 | 14 -0.06062  2.08272e+01 | 15 -0.05733  2.77917e+01
 16 -0.02783  5.20581e+01 | 17 -0.05456  4.23014e+01 | 18 -0.06495  4.23419e+01
 19  0.07018  1.91450e+02 | 20 -0.03111  7.82040e+01 | 21 -0.03400  7.66006e+01
 22 -0.02984  7.82146e+01 | 23 -0.05713  5.60074e+01 | 24 -0.07151  4.66271e+01
 25 -0.06961  5.18454e+01 | 26 -0.07459  5.69392e+01 | 27 -0.04873  8.77656e+01
 28 -0.02837  1.09714e+02 | 29  0.03252  1.75084e+02 | 30 -0.03440  1.38190e+02
 31 -0.12512  9.05215e+01 | 32 -0.18539  6.59737e+01 | 33  0.04007  5.55433e+02
 34 -0.11218  1.76684e+02 | 35 -0.02190  3.63910e+02 | 36  0.00386  5.05422e+02
 37 -0.08565  2.37147e+02 | 38  0.04805  8.61841e+02 | 39 -0.05648  2.67792e+02
 40 -0.02107  5.05909e+02 | 41 -0.04225  3.72387e+02 | 42  0.00799  5.06900e+02
 43 -0.00277  4.60513e+02 | 44 -0.03298  2.39135e+02 | 45 -0.03706  2.04905e+02
 46 -0.03709  1.38520e+02 | 47 -0.09790  5.86003e+01 | 48 -0.03352  5.85350e+01
 49 -0.24072  7.27867e+00 | 50  0.08748  1.82650e+01 | 51 -0.07732  8.38942e-01
 52 -0.03498 -2.19625e+01 | 53 -0.07564 -3.95629e+00 | 54 -0.05881 -1.66445e+01
 55 -0.01769 -1.34857e+01 | 56 -0.07746 -4.83657e+00 | 57 -0.04667 -1.22348e+01
 58  0.00618 -1.05955e+01 | 59 -0.00573 -8.75650e+00 | 60 -0.02255 -8.80746e+00
 61 -0.07219 -5.65961e+00 | 62  0.00598 -2.04725e+01 | 63 -0.05731 -1.20930e+01
 64 -0.11848 -5.69769e+00 | 65 -0.03824 -1.46583e+01 | 66 -0.11255 -6.50170e+00
 67 -0.08936 -5.46404e+00 | 68 -0.09049 -7.02840e+00 | 69  0.01963 -1.46083e+01
 70 -0.01340 -1.01667e+01 | 71 -0.21805 -1.04014e+00 | 72 -0.11020  7.35180e-01
 73 -0.07008  6.44725e-01 | 74 -0.03675  2.62757e-02 | 75 -0.03598 -8.43975e-02
 76 -0.03500  1.85500e-01 | 77 -0.41660  1.12367e+03 | 78 -4.20688 -1.49375e+02
 79 -0.27017  1.60450e+04 | 80 -0.88276 -5.45167e+01 | 81  1.49333 -1.30723e+01
 82  2.45653  1.68638e-01 | 83  0.24060 -2.31419e+02 | 84 -0.89330  4.58397e-01
84 variables; iteration 220; function evaluation 304; phase 3
Function value -2.8175316e+01; maximum gradient component mag 3.4656e+03
Var    Value     Gradient |Var    Value     Gradient |Var    Value     Gradient
  1  0.01229  3.46560e+03 |  2 -0.00787  5.44641e+00 |  3 -0.00893  6.57839e+00
  4 -0.02524  6.92009e+00 |  5 -0.02738  7.95145e+00 |  6 -0.02797  9.73453e+00
  7 -0.03177  1.06249e+01 |  8 -0.03269  1.27672e+01 |  9 -0.03494  1.46117e+01
 10 -0.03720  1.65964e+01 | 11 -0.04102  1.81409e+01 | 12 -0.04433  2.01292e+01
 13 -0.04704  2.23702e+01 | 14 -0.05506  2.24715e+01 | 15 -0.05702  2.64432e+01
 16 -0.04953  3.60450e+01 | 17 -0.05868  3.74780e+01 | 18 -0.05298  4.79611e+01
 19  0.05578  1.62800e+02 | 20 -0.06892  4.50191e+01 | 21 -0.02666  7.96013e+01
 22 -0.03270  7.32091e+01 | 23 -0.06473  4.95639e+01 | 24 -0.06060  5.56960e+01
 25 -0.05814  6.40728e+01 | 26 -0.05864  7.56266e+01 | 27 -0.05540  8.92800e+01
 28 -0.02891  1.26651e+02 | 29  0.03014  2.15977e+02 | 30 -0.03642  1.46688e+02
 31 -0.13412  6.87184e+01 | 32 -0.18292  4.19893e+01 | 33  0.03695  2.23362e+02
 34 -0.11689  5.31981e+01 | 35 -0.01966  7.86925e+01 | 36 -0.00801  1.91582e+00
 37 -0.06164  2.73770e+01 | 38  0.03192 -2.69301e+01 | 39 -0.03536 -2.68312e+01
 40 -0.03521 -3.56130e+01 | 41 -0.04066 -3.50429e+01 | 42  0.00647 -4.73250e+01
 43 -0.00921 -3.06214e+01 | 44 -0.03166 -2.32735e+01 | 45 -0.04122 -4.89729e+00
 46 -0.03946 -1.92919e+00 | 47 -0.09908 -3.43425e+00 | 48 -0.03872 -3.10205e+00
 49 -0.22404  5.26073e+00 | 50  0.08506  2.38105e+01 | 51 -0.08718  2.69790e+00
 52 -0.03282  2.75534e+00 | 53 -0.08499 -2.63528e+00 | 54 -0.05755 -3.47540e+00
 55 -0.02159 -9.24709e+00 | 56 -0.08158 -7.76411e+00 | 57 -0.04772 -1.01325e+01
 58  0.00276 -1.17523e+01 | 59 -0.00805 -5.68782e+00 | 60 -0.02533 -6.00429e+00
 61 -0.07559 -2.63423e+00 | 62  0.00459  3.66994e+00 | 63 -0.06140 -1.71912e+00
 64 -0.11999 -1.19425e+00 | 65 -0.04041 -9.39917e+00 | 66 -0.11621 -7.64029e+00
 67 -0.09148 -3.73576e+00 | 68 -0.09024 -2.03242e+00 | 69  0.01713 -7.44809e+00
 70 -0.01662 -4.76647e+00 | 71 -0.22110 -1.31015e+00 | 72 -0.11294 -2.20219e+00
 73 -0.07110  3.13739e-01 | 74 -0.03717  6.79502e-02 | 75 -0.03588  7.02730e-02
 76 -0.03600  7.08767e-02 | 77 -0.40570  1.67000e+02 | 78 -4.12853 -3.53060e+01
 79 -0.27003  5.79003e+02 | 80 -0.88412 -1.63212e+00 | 81  1.53485 -8.16861e+00
 82  2.52109  3.35697e-03 | 83  0.24333 -4.16993e+01 | 84 -0.87060 -1.22956e-02
84 variables; iteration 240; function evaluation 327; phase 3
Function value -2.9632006e+01; maximum gradient component mag -4.9832e+02
Var    Value     Gradient |Var    Value     Gradient |Var    Value     Gradient
  1  0.01330  4.17501e+02 |  2 -0.00516  9.55357e+00 |  3 -0.00674  1.12028e+01
  4 -0.02298  1.18193e+01 |  5 -0.02406  1.40386e+01 |  6 -0.02546  1.65171e+01
  7 -0.02540  1.99976e+01 |  8 -0.02839  2.25806e+01 |  9 -0.03108  2.55741e+01
 10 -0.03523  2.80681e+01 | 11 -0.03589  3.27606e+01 | 12 -0.03768  3.74198e+01
 13 -0.03860  4.27271e+01 | 14 -0.04159  4.75855e+01 | 15 -0.04369  5.43736e+01
 16 -0.03933  6.64700e+01 | 17 -0.05713  6.22811e+01 | 18 -0.04963  7.82172e+01
 19  0.03448  1.93694e+02 | 20 -0.05531  8.39971e+01 | 21 -0.05489  8.53344e+01
 22 -0.05964  7.93494e+01 | 23 -0.04667  9.61761e+01 | 24 -0.06797  8.07610e+01
 25 -0.05989  9.96962e+01 | 26 -0.06420  1.14744e+02 | 27 -0.05025  1.53983e+02
 28 -0.02976  2.07740e+02 | 29  0.02778  3.56142e+02 | 30 -0.03835  2.23905e+02
 31 -0.13867  9.12355e+01 | 32 -0.19400  4.34521e+01 | 33  0.03557  2.03225e+02
 34 -0.12040  4.72134e+00 | 35 -0.02282 -9.39180e+01 | 36 -0.00829 -2.52207e+02
 37 -0.06565 -2.03463e+02 | 38  0.02815 -4.98316e+02 | 39 -0.03455 -2.75249e+02
 40 -0.04047 -2.86138e+02 | 41 -0.04141 -2.37327e+02 | 42  0.00419 -2.69177e+02
 43 -0.01316 -1.83779e+02 | 44 -0.03287 -9.53579e+01 | 45 -0.04347 -5.76455e+01
 46 -0.04342 -3.38444e+01 | 47 -0.09810  6.82378e-01 | 48 -0.04541  3.31356e-01
 49 -0.20033 -3.75315e+00 | 50  0.08192 -3.94620e+00 | 51 -0.09382 -1.22003e+00
 52 -0.03527  3.98587e+00 | 53 -0.08615  4.70860e+00 | 54 -0.05948  2.65618e+00
 55 -0.02496 -3.79263e+00 | 56 -0.08378 -2.13671e+00 | 57 -0.05013  1.49206e+00
 58  0.00225  1.37541e+01 | 59 -0.01255  2.97919e+00 | 60 -0.02686  4.07515e+00
 61 -0.07683 -4.73034e-01 | 62  0.00123  3.80325e-01 | 63 -0.06414 -1.49105e+00
 64 -0.12100 -2.56489e+00 | 65 -0.04403 -1.24261e+01 | 66 -0.11614 -4.31640e+00
 67 -0.09462 -7.74110e+00 | 68 -0.08987 -9.31533e+00 | 69  0.01493 -1.97049e+01
 70 -0.02043 -8.30815e+00 | 71 -0.22438 -2.33480e+00 | 72 -0.11306 -3.05023e+00
 73 -0.07518 -5.24455e-01 | 74 -0.03801  1.48157e-03 | 75 -0.03609  1.35010e-01
 76 -0.03578  2.48116e-01 | 77 -0.40108 -5.27350e+01 | 78 -4.10010  1.78301e+01
 79 -0.26976 -4.07037e+02 | 80 -0.87764  1.79149e+00 | 81  1.57996 -1.08621e+01
 82  2.68081  5.73151e-03 | 83  0.24618 -1.17804e+01 | 84 -0.85281 -1.33362e-02
84 variables; iteration 260; function evaluation 366; phase 3
Function value -3.1534210e+01; maximum gradient component mag 2.6841e+03
Var    Value     Gradient |Var    Value     Gradient |Var    Value     Gradient
  1  0.01392  2.68412e+03 |  2 -0.00510  3.35403e+00 |  3 -0.00759  3.54749e+00
  4 -0.02359  3.81170e+00 |  5 -0.02374  4.85036e+00 |  6 -0.02598  5.41534e+00
  7 -0.02800  6.19379e+00 |  8 -0.02949  7.28903e+00 |  9 -0.03056  8.66944e+00
 10 -0.03231  9.95902e+00 | 11 -0.03391  1.14853e+01 | 12 -0.03641  1.28720e+01
 13 -0.03637  1.52889e+01 | 14 -0.04252  1.55732e+01 | 15 -0.04198  1.92706e+01
 16 -0.04278  2.23158e+01 | 17 -0.04982  2.30458e+01 | 18 -0.05450  2.43558e+01
 19  0.00874  6.58403e+01 | 20 -0.04033  3.69312e+01 | 21 -0.04992  3.23153e+01
 22 -0.04491  3.45959e+01 | 23 -0.05575  2.97705e+01 | 24 -0.05815  3.04654e+01
 25 -0.06231  3.15404e+01 | 26 -0.06859  3.41477e+01 | 27 -0.05414  4.88176e+01
 28 -0.02654  7.18530e+01 | 29  0.02723  1.10975e+02 | 30 -0.04027  7.02675e+01
 31 -0.13913  3.10574e+01 | 32 -0.18722  1.76679e+01 | 33  0.03424  9.92629e+01
 34 -0.11774  2.76329e+01 | 35 -0.02585  3.87272e+01 | 36 -0.00588  4.81178e+01
 37 -0.07239  9.96385e+00 | 38  0.03057  4.58037e+01 | 39 -0.03914  2.71509e+01
 40 -0.03875  2.87816e+01 | 41 -0.04209  3.67726e+01 | 42  0.00274  3.83359e+01
 43 -0.01189  4.36295e+01 | 44 -0.03442  2.85121e+01 | 45 -0.04366  2.91822e+01
 46 -0.04252  2.63320e+01 | 47 -0.09982  1.60509e+01 | 48 -0.04477  1.69595e+01
 49 -0.20572  3.80613e+00 | 50  0.08094 -6.00222e-01 | 51 -0.09163 -1.16572e-01
 52 -0.03668 -2.30010e+00 | 53 -0.08700 -2.72163e+00 | 54 -0.06093 -3.55267e+00
 55 -0.02576 -7.34254e+00 | 56 -0.08425 -3.07909e+00 | 57 -0.05135 -5.33587e+00
 58  0.00052 -4.22816e+00 | 59 -0.01242 -7.33306e+00 | 60 -0.02814 -6.54975e+00
 61 -0.07713 -4.16776e+00 | 62 -0.00006 -4.80374e+00 | 63 -0.06389 -2.50469e+00
 64 -0.12262 -1.63659e+00 | 65 -0.04385 -4.33901e+00 | 66 -0.11773 -2.06511e+00
 67 -0.09416 -1.67745e+00 | 68 -0.09119 -3.79926e+00 | 69  0.01449 -6.21684e+00
 70 -0.02116 -4.19953e+00 | 71 -0.22340 -9.58256e-01 | 72 -0.11446 -2.58447e+00
 73 -0.07672 -7.66232e-01 | 74 -0.03832  2.66788e-02 | 75 -0.03665  6.22162e-02
 76 -0.03668  8.81904e-02 | 77 -0.40143  1.42558e+02 | 78 -4.08296 -2.72994e+01
 79 -0.26979  2.55132e+03 | 80 -0.86687 -1.05951e+01 | 81  1.62426 -3.04141e+01
 82  2.79609  4.06617e-01 | 83  0.24817 -5.19517e+00 | 84 -0.83819 -1.20886e-02
84 variables; iteration 280; function evaluation 386; phase 3
Function value -3.1840878e+01; maximum gradient component mag 3.6988e+03
Var    Value     Gradient |Var    Value     Gradient |Var    Value     Gradient
  1  0.01464  3.24959e+03 |  2 -0.00530  2.52325e+00 |  3 -0.00596  3.09163e+00
  4 -0.02213  3.26119e+00 |  5 -0.02343  3.79027e+00 |  6 -0.02496  4.38015e+00
  7 -0.02573  5.32880e+00 |  8 -0.02774  6.02465e+00 |  9 -0.02894  7.09608e+00
 10 -0.03072  8.09648e+00 | 11 -0.03316  9.00983e+00 | 12 -0.03616  9.87199e+00
 13 -0.03887  1.08314e+01 | 14 -0.04051  1.25303e+01 | 15 -0.04133  1.51042e+01
 16 -0.04222  1.74891e+01 | 17 -0.05102  1.69182e+01 | 18 -0.04847  2.09934e+01
 19 -0.00882  4.41548e+01 | 20 -0.05236  2.29200e+01 | 21 -0.04805  2.59102e+01
 22 -0.04908  2.51808e+01 | 23 -0.04906  2.65122e+01 | 24 -0.05793  2.40441e+01
 25 -0.06080  2.57671e+01 | 26 -0.05789  3.32574e+01 | 27 -0.05394  4.03893e+01
 28 -0.04137  5.15372e+01 | 29  0.03218  1.07957e+02 | 30 -0.04514  6.85560e+01
 31 -0.14269  3.24373e+01 | 32 -0.18379  2.48157e+01 | 33  0.03353  1.49058e+02
 34 -0.12012  4.48259e+01 | 35 -0.02581  8.78593e+01 | 36 -0.00813  1.03179e+02
 37 -0.07153  5.32493e+01 | 38  0.02944  1.21968e+02 | 39 -0.04076  6.07723e+01
 40 -0.03873  6.46572e+01 | 41 -0.04429  4.99283e+01 | 42  0.00264  6.48115e+01
 43 -0.01303  5.11509e+01 | 44 -0.03493  3.17909e+01 | 45 -0.04433  2.99566e+01
 46 -0.04276  2.30581e+01 | 47 -0.10059  1.13524e+01 | 48 -0.04607  1.34273e+01
 49 -0.20366  5.57784e-01 | 50  0.08002 -2.58312e-01 | 51 -0.09388 -1.54670e+00
 52 -0.03771 -4.26140e+00 | 53 -0.08766 -3.70402e+00 | 54 -0.06251 -4.11383e+00
 55 -0.02687 -5.73743e+00 | 56 -0.08592 -2.80086e+00 | 57 -0.05221 -5.59621e+00
 58 -0.00127 -7.60897e+00 | 59 -0.01258 -4.46007e+00 | 60 -0.02971 -6.52730e+00
 61 -0.07696 -3.09239e+00 | 62 -0.00183 -6.49019e+00 | 63 -0.06453 -2.87046e+00
 64 -0.12306 -2.01993e+00 | 65 -0.04529 -5.52250e+00 | 66 -0.11753 -1.18352e+00
 67 -0.09542 -1.88335e+00 | 68 -0.09080 -4.23385e-01 | 69  0.01393  5.06896e+00
 70 -0.02288  1.28512e-01 | 71 -0.22301  7.74885e-01 | 72 -0.11489  1.01907e-01
 73 -0.07820 -1.40633e-01 | 74 -0.03889  3.08821e-02 | 75 -0.03714  1.66031e-02
 76 -0.03747 -3.04899e-02 | 77 -0.40079  1.47903e+02 | 78 -4.05758 -2.92150e+01
 79 -0.26966  3.69881e+03 | 80 -0.84985 -1.81529e+01 | 81  1.62525 -3.84670e+01
 82  2.88077  2.73380e-01 | 83  0.25093 -2.00524e+00 | 84 -0.81057 -1.02422e-02
84 variables; iteration 300; function evaluation 407; phase 3
Function value -3.2116331e+01; maximum gradient component mag -5.7932e+03
Var    Value     Gradient |Var    Value     Gradient |Var    Value     Gradient
  1  0.01448 -5.45632e+03 |  2 -0.00538 -2.99180e+00 |  3 -0.00575 -3.46285e+00
  4 -0.02203 -3.70448e+00 |  5 -0.02341 -4.48852e+00 |  6 -0.02475 -5.32888e+00
  7 -0.02640 -6.32187e+00 |  8 -0.02820 -7.42961e+00 |  9 -0.02929 -8.47488e+00
 10 -0.03086 -9.66731e+00 | 11 -0.03309 -1.10994e+01 | 12 -0.03537 -1.26587e+01
 13 -0.03717 -1.41838e+01 | 14 -0.04015 -1.59404e+01 | 15 -0.04360 -1.78879e+01
 16 -0.04440 -1.98181e+01 | 17 -0.04738 -2.23480e+01 | 18 -0.04969 -2.44740e+01
 19 -0.02104 -2.35332e+01 | 20 -0.05540 -2.73343e+01 | 21 -0.04434 -2.70773e+01
 22 -0.04561 -2.71331e+01 | 23 -0.05329 -2.90541e+01 | 24 -0.05249 -3.13666e+01
 25 -0.05031 -3.47642e+01 | 26 -0.05533 -4.08534e+01 | 27 -0.06140 -4.80045e+01
 28 -0.03578 -6.47835e+01 | 29  0.03674 -1.38167e+02 | 30 -0.05582 -8.33892e+01
 31 -0.13816 -4.49620e+01 | 32 -0.18497 -3.46792e+01 | 33  0.03429 -2.40048e+02
 34 -0.12032 -7.97177e+01 | 35 -0.02562 -1.72992e+02 | 36 -0.00763 -2.04943e+02
 37 -0.07273 -1.24458e+02 | 38  0.03043 -2.39943e+02 | 39 -0.04143 -1.33712e+02
 40 -0.03794 -1.22806e+02 | 41 -0.04483 -1.12331e+02 | 42  0.00331 -1.34600e+02
 43 -0.01344 -1.02767e+02 | 44 -0.03411 -7.11157e+01 | 45 -0.04496 -5.64612e+01
 46 -0.04231 -4.23403e+01 | 47 -0.10126 -2.19341e+01 | 48 -0.04486 -2.22558e+01
 49 -0.20968 -4.57845e+00 | 50  0.08054 -1.73216e+00 | 51 -0.09347  5.92640e-01
 52 -0.03742  2.33472e+00 | 53 -0.08688  2.92358e+00 | 54 -0.06243  2.76167e+00
 55 -0.02616  2.35406e+00 | 56 -0.08580  1.39915e+00 | 57 -0.05193  1.02441e+00
 58 -0.00064  2.87981e+00 | 59 -0.01265  2.09150e+00 | 60 -0.02911  4.12542e-01
 61 -0.07698  1.97752e+00 | 62 -0.00136  2.02250e+00 | 63 -0.06411  1.91990e+00
 64 -0.12317  8.63875e-01 | 65 -0.04489 -5.30181e-01 | 66 -0.11750  7.85133e-01
 67 -0.09545  8.45371e-02 | 68 -0.09069  1.07388e+00 | 69  0.01358  1.35504e+00
 70 -0.02172  7.50691e-01 | 71 -0.22428 -1.58975e-01 | 72 -0.11488 -4.99989e-02
 73 -0.07733  4.72876e-02 | 74 -0.03845  7.06094e-02 | 75 -0.03708 -4.31743e-04
 76 -0.03691  7.65265e-02 | 77 -0.40379 -1.48833e+02 | 78 -4.07518  6.23971e+01
 79 -0.26942 -5.79325e+03 | 80 -0.80140  4.20758e+01 | 81  1.62501  1.62096e+02
 82  2.88114 -1.14672e+00 | 83  0.25351 -9.15037e-01 | 84 -0.77236 -8.40682e-03
84 variables; iteration 320; function evaluation 430; phase 3
Function value -3.2383189e+01; maximum gradient component mag -1.6587e+02
Var    Value     Gradient |Var    Value     Gradient |Var    Value     Gradient
  1  0.01463  1.22621e+02 |  2 -0.00492  3.62640e-01 |  3 -0.00587  4.06964e-01
  4 -0.02203  4.23943e-01 |  5 -0.02286  5.51202e-01 |  6 -0.02381  6.99049e-01
  7 -0.02510  8.01234e-01 |  8 -0.02656  9.01430e-01 |  9 -0.02816  9.99667e-01
 10 -0.02949  1.22950e+00 | 11 -0.03123  1.38445e+00 | 12 -0.03339  1.47303e+00
 13 -0.03409  1.96269e+00 | 14 -0.03812  1.65086e+00 | 15 -0.04044  2.08536e+00
 16 -0.04066  2.88519e+00 | 17 -0.04139  3.72837e+00 | 18 -0.04425  3.73225e+00
 19 -0.03807  6.46273e+00 | 20 -0.04599  4.40355e+00 | 21 -0.05742  9.71573e-01
 22 -0.05672  1.19833e+00 | 23 -0.04630  5.06661e+00 | 24 -0.04943  4.63298e+00
 25 -0.05199  4.64653e+00 | 26 -0.05512  4.95796e+00 | 27 -0.05191  6.06532e+00
 28 -0.05337  3.88185e+00 | 29  0.03955  2.09229e+01 | 30 -0.05540  8.26192e+00
 31 -0.13933  5.45178e+00 | 32 -0.18334  3.86697e+00 | 33  0.03335  1.50278e+01
 34 -0.12161  1.74031e+00 | 35 -0.02500  3.18572e+00 | 36 -0.00992 -1.15689e+01
 37 -0.06913 -9.90312e-01 | 38  0.02851 -1.09713e+01 | 39 -0.04057 -7.82586e+00
 40 -0.03923 -1.64422e+00 | 41 -0.04425 -2.89539e+00 | 42  0.00222 -4.23877e+00
 43 -0.01368 -2.62034e+00 | 44 -0.03513 -3.96956e+00 | 45 -0.04491 -1.86845e+00
 46 -0.04343 -2.18174e+00 | 47 -0.10085  1.75971e-01 | 48 -0.04669 -1.93012e+00
 49 -0.20153  8.56283e-02 | 50  0.07934 -5.07539e+00 | 51 -0.09404 -9.61991e-01
 52 -0.03767 -1.85305e+00 | 53 -0.08788 -2.10217e+00 | 54 -0.06260 -1.67227e+00
 55 -0.02687 -2.11809e+00 | 56 -0.08624 -7.02287e-01 | 57 -0.05216 -1.43423e+00
 58 -0.00114 -9.92381e-01 | 59 -0.01337 -7.04955e-01 | 60 -0.02926 -8.07171e-01
 61 -0.07773 -6.55847e-01 | 62 -0.00180 -1.96946e+00 | 63 -0.06501 -9.71477e-01
 64 -0.12346 -3.10176e-01 | 65 -0.04522 -4.50724e-01 | 66 -0.11861  3.03603e-02
 67 -0.09546  2.50241e-01 | 68 -0.09118  8.41889e-01 | 69  0.01348  5.49769e+00
 70 -0.02311  9.22794e-01 | 71 -0.22356  6.83819e-01 | 72 -0.11490  7.32625e-01
 73 -0.07830  1.35314e-01 | 74 -0.03858  3.51932e-02 | 75 -0.03716  2.93504e-03
 76 -0.03726  1.40346e-02 | 77 -0.40708  4.96910e+01 | 78 -4.08990 -1.00886e+00
 79 -0.26911 -1.65865e+02 | 80 -0.77108  2.46762e+00 | 81  1.62526  2.86620e+01
 82  2.90483 -1.43617e-01 | 83  0.25827 -2.73248e-01 | 84 -0.72171 -6.72250e-03
84 variables; iteration 340; function evaluation 450; phase 3
Function value -3.2550107e+01; maximum gradient component mag -9.7864e+01
Var    Value     Gradient |Var    Value     Gradient |Var    Value     Gradient
  1  0.01477  4.82878e+01 |  2 -0.00504 -9.05463e-01 |  3 -0.00620 -1.15961e+00
  4 -0.02213 -1.17018e+00 |  5 -0.02319 -1.39947e+00 |  6 -0.02407 -1.57754e+00
  7 -0.02533 -1.85563e+00 |  8 -0.02658 -2.14133e+00 |  9 -0.02810 -2.50130e+00
 10 -0.02906 -2.70773e+00 | 11 -0.03009 -2.95417e+00 | 12 -0.03320 -3.73829e+00
 13 -0.03621 -4.53314e+00 | 14 -0.03626 -4.51857e+00 | 15 -0.03958 -5.23387e+00
 16 -0.03992 -5.50542e+00 | 17 -0.04258 -6.31328e+00 | 18 -0.04833 -7.81062e+00
 19 -0.06033 -1.06974e+01 | 20 -0.05197 -8.72033e+00 | 21 -0.05138 -8.58358e+00
 22 -0.04856 -7.86685e+00 | 23 -0.05304 -9.05626e+00 | 24 -0.05459 -9.77384e+00
 25 -0.05099 -9.48890e+00 | 26 -0.04992 -1.02912e+01 | 27 -0.04091 -1.10718e+01
 28 -0.04448 -1.68313e+01 | 29  0.03080 -3.14777e+01 | 30 -0.04914 -1.75869e+01
 31 -0.14169 -7.45808e+00 | 32 -0.18333 -4.25923e+00 | 33  0.03281 -3.28445e+01
 34 -0.12160 -6.63323e+00 | 35 -0.02565 -5.00741e-01 | 36 -0.00950  7.67613e+00
 37 -0.07107  1.22718e+01 | 38  0.02890  4.76344e+01 | 39 -0.04167  2.56798e+01
 40 -0.03910  3.81603e+01 | 41 -0.04473  2.98353e+01 | 42  0.00197  3.86795e+01
 43 -0.01396  2.97331e+01 | 44 -0.03548  1.81799e+01 | 45 -0.04509  1.56174e+01
 46 -0.04370  9.31632e+00 | 47 -0.10125  7.00617e+00 | 48 -0.04688  6.07980e+00
 49 -0.20144  2.27653e+00 | 50  0.07880  4.59536e-02 | 51 -0.09396  4.55425e-02
 52 -0.03809 -8.86118e-01 | 53 -0.08779 -1.19267e+00 | 54 -0.06317 -1.16608e+00
 55 -0.02709 -1.03583e+00 | 56 -0.08660 -9.69844e-02 | 57 -0.05248 -9.29513e-01
 58 -0.00147 -7.59291e-01 | 59 -0.01372 -2.75266e-01 | 60 -0.02937 -1.24553e-01
 61 -0.07821 -8.33974e-03 | 62 -0.00204  4.60607e-01 | 63 -0.06532 -2.69046e-01
 64 -0.12371  1.81821e-01 | 65 -0.04556  7.46135e-01 | 66 -0.11893  3.78649e-01
 67 -0.09579  4.14069e-01 | 68 -0.09126  5.52163e-01 | 69  0.01271  2.06010e+00
 70 -0.02305  6.02352e-01 | 71 -0.22419  3.20844e-01 | 72 -0.11521  3.56173e-01
 73 -0.07884  6.44554e-02 | 74 -0.03878 -1.83422e-02 | 75 -0.03733 -1.93902e-02
 76 -0.03736  6.47163e-03 | 77 -0.41122  6.81780e+01 | 78 -4.10697 -7.68315e+00
 79 -0.26896 -9.78636e+01 | 80 -0.75416  2.15442e+00 | 81  1.62529 -1.02267e+01
 82  2.93890  7.11396e-02 | 83  0.26259 -1.11751e-01 | 84 -0.68876 -5.90528e-03
84 variables; iteration 360; function evaluation 470; phase 3
Function value -3.2635611e+01; maximum gradient component mag 1.1508e+03
Var    Value     Gradient |Var    Value     Gradient |Var    Value     Gradient
  1  0.01487  1.15078e+03 |  2 -0.00484  1.47355e-01 |  3 -0.00581  1.40417e-01
  4 -0.02196  1.43466e-01 |  5 -0.02280  2.11178e-01 |  6 -0.02402  2.22009e-01
  7 -0.02522  2.75185e-01 |  8 -0.02671  2.81633e-01 |  9 -0.02827  2.97893e-01
 10 -0.02902  5.78890e-01 | 11 -0.02988  8.62004e-01 | 12 -0.03222  7.67955e-01
 13 -0.03451  6.58148e-01 | 14 -0.03536  1.11179e+00 | 15 -0.03972  7.36064e-01
 16 -0.04183  7.44206e-01 | 17 -0.04414  8.51329e-01 | 18 -0.04518  1.20271e+00
 19 -0.06865 -5.35544e+00 | 20 -0.04783  1.36491e+00 | 21 -0.05137  5.86521e-01
 22 -0.05169  5.42174e-01 | 23 -0.04510  2.98167e+00 | 24 -0.04718  2.81550e+00
 25 -0.05251  1.88905e+00 | 26 -0.05415  2.39611e+00 | 27 -0.05725  1.35104e+00
 28 -0.03073  6.41610e+00 | 29  0.02814  9.25618e+00 | 30 -0.04710  8.27081e+00
 31 -0.14218  5.12617e+00 | 32 -0.18703  3.91621e+00 | 33  0.03322  3.63658e+01
 34 -0.12187  1.38213e+01 | 35 -0.02569  3.96254e+01 | 36 -0.00935  5.06452e+01
 37 -0.07184  3.42592e+01 | 38  0.02934  8.25616e+01 | 39 -0.04204  3.73004e+01
 40 -0.03893  4.87989e+01 | 41 -0.04489  3.82659e+01 | 42  0.00211  4.75791e+01
 43 -0.01392  3.47776e+01 | 44 -0.03520  2.28921e+01 | 45 -0.04532  1.67532e+01
 46 -0.04306  1.09349e+01 | 47 -0.10204  5.22042e+00 | 48 -0.04582  3.52536e+00
 49 -0.20673 -6.92653e-02 | 50  0.07898 -2.30456e+00 | 51 -0.09394 -5.99965e-01
 52 -0.03805 -1.18447e+00 | 53 -0.08753 -1.02127e+00 | 54 -0.06357 -7.02084e-01
 55 -0.02691 -9.74664e-02 | 56 -0.08694  9.60638e-02 | 57 -0.05248  2.58335e-01
 58 -0.00157 -8.70487e-01 | 59 -0.01382 -5.48530e-01 | 60 -0.02895  3.92091e-01
 61 -0.07855 -2.86497e-02 | 62 -0.00213  6.34442e-01 | 63 -0.06495 -1.94664e-01
 64 -0.12403  2.59156e-01 | 65 -0.04544  1.91018e+00 | 66 -0.11907  3.07205e-01
 67 -0.09564  7.17660e-01 | 68 -0.09142  3.85851e-01 | 69  0.01235  5.64835e-01
 70 -0.02259  3.44523e-01 | 71 -0.22421  1.64595e-01 | 72 -0.11540  3.12284e-01
 73 -0.07918  6.14690e-02 | 74 -0.03880 -2.42486e-02 | 75 -0.03733 -1.08379e-02
 76 -0.03751 -2.19366e-02 | 77 -0.41477  1.00173e+02 | 78 -4.11718 -1.59786e+01
 79 -0.26894  9.64312e+02 | 80 -0.74727 -8.63900e+00 | 81  1.62535 -3.59590e+01
 82  2.95679  1.33583e-01 | 83  0.26532 -6.95963e-02 | 84 -0.66766 -5.46090e-03
84 variables; iteration 380; function evaluation 492; phase 3
Function value -3.2776101e+01; maximum gradient component mag -6.8580e+02
Var    Value     Gradient |Var    Value     Gradient |Var    Value     Gradient
  1  0.01476 -4.11293e+02 |  2 -0.00531 -8.86260e-01 |  3 -0.00637 -1.10295e+00
  4 -0.02260 -1.18500e+00 |  5 -0.02348 -1.35226e+00 |  6 -0.02435 -1.50719e+00
  7 -0.02570 -1.78694e+00 |  8 -0.02663 -1.96536e+00 |  9 -0.02827 -2.32660e+00
 10 -0.03065 -2.86160e+00 | 11 -0.03287 -3.37016e+00 | 12 -0.03476 -3.81458e+00
 13 -0.03570 -4.06687e+00 | 14 -0.03689 -4.28709e+00 | 15 -0.03534 -3.72046e+00
 16 -0.04639 -6.58608e+00 | 17 -0.04635 -6.65676e+00 | 18 -0.04989 -7.58450e+00
 19 -0.05275 -8.29216e+00 | 20 -0.05329 -8.40425e+00 | 21 -0.03904 -4.99377e+00
 22 -0.05878 -9.66990e+00 | 23 -0.04446 -6.51306e+00 | 24 -0.05122 -8.55755e+00
 25 -0.04208 -7.09854e+00 | 26 -0.05128 -1.02250e+01 | 27 -0.07150 -1.62076e+01
 28 -0.02825 -1.49082e+01 | 29  0.03199 -3.24353e+01 | 30 -0.05033 -2.13500e+01
 31 -0.14455 -1.09986e+01 | 32 -0.18373 -6.50719e+00 | 33  0.03386 -3.64555e+01
 34 -0.12171 -9.18061e+00 | 35 -0.02515 -1.15065e+01 | 36 -0.00895 -5.01922e+00
 37 -0.07136  1.84145e+00 | 38  0.02970  1.72524e+01 | 39 -0.04100  8.76797e+00
 40 -0.03884  1.77910e+01 | 41 -0.04427  1.27754e+01 | 42  0.00263  1.62180e+01
 43 -0.01333  1.18722e+01 | 44 -0.03455  7.87559e+00 | 45 -0.04467  5.30384e+00
 46 -0.04219  1.27437e+00 | 47 -0.10135  2.31670e+00 | 48 -0.04578 -3.70928e+00
 49 -0.20236  1.96067e+00 | 50  0.07886 -1.66721e+00 | 51 -0.09268 -5.21632e-01
 52 -0.03790 -1.07268e+00 | 53 -0.08632 -8.39874e-01 | 54 -0.06369 -1.11974e+00
 55 -0.02652 -5.53767e-01 | 56 -0.08675 -4.36007e-01 | 57 -0.05231 -4.32831e-01
 58 -0.00112 -1.62054e+00 | 59 -0.01350 -1.15849e+00 | 60 -0.02821 -1.10192e-01
 61 -0.07775 -4.13636e-01 | 62 -0.00229 -2.14457e+00 | 63 -0.06383 -9.76760e-01
 64 -0.12358 -7.59969e-01 | 65 -0.04520 -3.57333e-02 | 66 -0.11830 -4.96202e-01
 67 -0.09505 -1.90882e-01 | 68 -0.09029 -4.42291e-01 | 69  0.01237 -1.91345e+00
 70 -0.02192 -7.98773e-01 | 71 -0.22352 -9.83391e-02 | 72 -0.11485 -4.07222e-01
 73 -0.07953  2.82166e-02 | 74 -0.03871 -3.40834e-03 | 75 -0.03727  5.01803e-03
 76 -0.03741  2.19059e-04 | 77 -0.41954  3.74311e+01 | 78 -4.12339 -3.66260e+00
 79 -0.26898 -6.85804e+02 | 80 -0.75242  8.00958e+00 | 81  1.62534  3.61267e+01
 82  2.92637 -1.24119e-01 | 83  0.26577 -6.43113e-02 | 84 -0.66468 -5.40216e-03
84 variables; iteration 400; function evaluation 516; phase 3
Function value -3.3076805e+01; maximum gradient component mag 4.2872e+02
Var    Value     Gradient |Var    Value     Gradient |Var    Value     Gradient
  1  0.01523  2.87860e+01 |  2 -0.00495 -3.85783e+00 |  3 -0.00613 -4.70184e+00
  4 -0.02213 -4.94544e+00 |  5 -0.02314 -5.87346e+00 |  6 -0.02433 -6.94390e+00
  7 -0.02562 -8.15286e+00 |  8 -0.02687 -9.48512e+00 |  9 -0.02849 -1.10047e+01
 10 -0.03051 -1.26642e+01 | 11 -0.03200 -1.43918e+01 | 12 -0.03322 -1.62743e+01
 13 -0.03597 -1.84340e+01 | 14 -0.03831 -2.06156e+01 | 15 -0.04136 -2.31216e+01
 16 -0.04147 -2.57625e+01 | 17 -0.04667 -2.91509e+01 | 18 -0.04242 -3.14641e+01
 19 -0.05066 -3.34370e+01 | 20 -0.05610 -3.48253e+01 | 21 -0.06047 -3.57792e+01
 22 -0.05285 -3.56069e+01 | 23 -0.04343 -3.80101e+01 | 24 -0.03749 -4.20500e+01
 25 -0.04341 -4.57846e+01 | 26 -0.04700 -5.17686e+01 | 27 -0.08037 -5.37676e+01
 28 -0.03578 -7.38048e+01 | 29  0.02584 -1.29405e+02 | 30 -0.03425 -7.33795e+01
 31 -0.15256 -2.89560e+01 | 32 -0.18574 -1.57616e+01 | 33  0.03356 -4.97865e+01
 34 -0.12202  4.93591e+00 | 35 -0.02507  5.16878e+01 | 36 -0.00868  1.06183e+02
 37 -0.07269  7.73888e+01 | 38  0.03011  1.95466e+02 | 39 -0.04033  1.09621e+02
 40 -0.03939  1.07769e+02 | 41 -0.04391  8.73859e+01 | 42  0.00286  1.01814e+02
 43 -0.01258  6.85237e+01 | 44 -0.03390  3.83964e+01 | 45 -0.04439  2.19164e+01
 46 -0.03968  1.24542e+01 | 47 -0.10287  5.23103e-01 | 48 -0.04417  1.24553e+00
 49 -0.20431 -3.52305e-01 | 50  0.07807  5.14427e+00 | 51 -0.09212  1.63520e+00
 52 -0.03822  3.03749e+00 | 53 -0.08480  1.37371e+00 | 54 -0.06531  1.74002e+00
 55 -0.02715  1.45707e+00 | 56 -0.08730  1.24565e+00 | 57 -0.05364  1.55952e+00
 58 -0.00124  2.34665e+00 | 59 -0.01392  2.45655e+00 | 60 -0.02712  1.76410e+00
 61 -0.07781  1.34564e+00 | 62 -0.00341  3.32318e+00 | 63 -0.06282  1.55432e+00
 64 -0.12238  9.48093e-01 | 65 -0.04640  2.08473e-01 | 66 -0.11684  5.75862e-01
 67 -0.09480  8.07300e-01 | 68 -0.08882  1.23275e+00 | 69  0.01107  2.66803e+00
 70 -0.02142  1.12945e+00 | 71 -0.22236  2.15544e-01 | 72 -0.11444  2.33130e-01
 73 -0.08286  4.97110e-02 | 74 -0.03898  1.63032e-02 | 75 -0.03761  2.83256e-03
 76 -0.03762  2.86181e-02 | 77 -0.43863  5.39545e+01 | 78 -4.15076 -8.54716e+00
 79 -0.26871  4.28719e+02 | 80 -0.72465 -3.34928e+00 | 81  1.62550 -2.32436e+01
 82  2.96515  1.09907e-01 | 83  0.27662 -1.84523e-02 | 84 -0.57204 -3.94716e-03
84 variables; iteration 420; function evaluation 540; phase 3
Function value -3.3347013e+01; maximum gradient component mag 1.6439e+03
Var    Value     Gradient |Var    Value     Gradient |Var    Value     Gradient
  1  0.01550  1.64387e+03 |  2 -0.00532  1.35362e+00 |  3 -0.00664  1.50973e+00
  4 -0.02265  1.64043e+00 |  5 -0.02371  1.95734e+00 |  6 -0.02453  2.43073e+00
  7 -0.02615  2.76849e+00 |  8 -0.02710  3.37829e+00 |  9 -0.02889  3.82001e+00
 10 -0.03095  4.25164e+00 | 11 -0.03309  4.74115e+00 | 12 -0.03360  5.85317e+00
 13 -0.03507  6.67349e+00 | 14 -0.03837  7.08096e+00 | 15 -0.04237  7.56342e+00
 16 -0.04191  9.41677e+00 | 17 -0.04351  1.08486e+01 | 18 -0.04749  1.10165e+01
 19 -0.06403  5.82369e+00 | 20 -0.05168  1.15538e+01 | 21 -0.05007  1.28765e+01
 22 -0.04723  1.39089e+01 | 23 -0.05508  1.16916e+01 | 24 -0.05504  1.32520e+01
 25 -0.05587  1.52572e+01 | 26 -0.04912  2.22211e+01 | 27 -0.04285  2.74818e+01
 28 -0.03404  3.04228e+01 | 29  0.02126  4.91666e+01 | 30 -0.03824  4.12468e+01
 31 -0.14777  1.65573e+01 | 32 -0.18547  1.38322e+01 | 33  0.03373  9.81481e+01
 34 -0.12280  2.91636e+01 | 35 -0.02503  5.58755e+01 | 36 -0.00852  6.33114e+01
 37 -0.07394  2.83103e+01 | 38  0.03039  5.72336e+01 | 39 -0.03992  2.99670e+01
 40 -0.04014  2.23443e+01 | 41 -0.04356  2.00942e+01 | 42  0.00284  2.01542e+01
 43 -0.01222  1.59190e+01 | 44 -0.03375  7.40628e+00 | 45 -0.04425  4.40987e+00
 46 -0.03889  4.34518e+00 | 47 -0.10312  9.11891e-01 | 48 -0.04403  3.05286e+00
 49 -0.20404  7.83112e-01 | 50  0.07769  8.14451e-01 | 51 -0.09146  3.38814e-01
 52 -0.03849  6.49422e-01 | 53 -0.08387 -5.07496e-02 | 54 -0.06619 -6.37072e-01
 55 -0.02737 -1.46521e+00 | 56 -0.08763 -7.15043e-01 | 57 -0.05439 -1.41736e+00
 58 -0.00123 -2.98453e-01 | 59 -0.01424 -4.76998e-01 | 60 -0.02671 -1.28002e+00
 61 -0.07764 -8.58085e-01 | 62 -0.00414 -2.14090e+00 | 63 -0.06231 -1.46278e+00
 64 -0.12221 -1.25127e+00 | 65 -0.04693 -3.77771e+00 | 66 -0.11640 -9.25456e-01
 67 -0.09484 -1.26681e+00 | 68 -0.08836 -9.39450e-01 | 69  0.01054 -1.25151e+00
 70 -0.02125 -1.01287e+00 | 71 -0.22202 -3.07609e-01 | 72 -0.11438 -3.92185e-01
 73 -0.08428  3.63063e-02 | 74 -0.03922  3.43952e-02 | 75 -0.03779 -7.02880e-03
 76 -0.03757  7.59649e-02 | 77 -0.44971  3.09027e+01 | 78 -4.14658 -5.74692e+00
 79 -0.26830  1.39581e+03 | 80 -0.69241 -1.81145e+01 | 81  1.62519 -5.84182e+01
 82  3.07091 -2.61861e-01 | 83  0.28553 -1.28928e-02 | 84 -0.49927 -3.13443e-03
84 variables; iteration 440; function evaluation 562; phase 3
Function value -3.3448434e+01; maximum gradient component mag 2.9049e+02
Var    Value     Gradient |Var    Value     Gradient |Var    Value     Gradient
  1  0.01545  1.47991e+02 |  2 -0.00529 -1.00750e+00 |  3 -0.00597 -1.15333e+00
  4 -0.02222 -1.24934e+00 |  5 -0.02328 -1.49215e+00 |  6 -0.02448 -1.76455e+00
  7 -0.02575 -2.06342e+00 |  8 -0.02732 -2.44729e+00 |  9 -0.02864 -2.78046e+00
 10 -0.03017 -3.15742e+00 | 11 -0.03191 -3.60660e+00 | 12 -0.03460 -4.31796e+00
 13 -0.03644 -4.85101e+00 | 14 -0.03782 -5.18529e+00 | 15 -0.04235 -6.20777e+00
 16 -0.04477 -7.01835e+00 | 17 -0.04475 -7.23325e+00 | 18 -0.04638 -7.80205e+00
 19 -0.04615 -7.85302e+00 | 20 -0.05243 -9.37319e+00 | 21 -0.04953 -8.76075e+00
 22 -0.04748 -8.26465e+00 | 23 -0.04885 -8.82783e+00 | 24 -0.05585 -1.08444e+01
 25 -0.05861 -1.19872e+01 | 26 -0.05862 -1.31838e+01 | 27 -0.05223 -1.45436e+01
 28 -0.03022 -1.76214e+01 | 29  0.02705 -3.60509e+01 | 30 -0.04627 -2.09280e+01
 31 -0.14372 -9.06603e+00 | 32 -0.18420 -5.09315e+00 | 33  0.03380 -2.08543e+01
 34 -0.12300 -1.18858e+00 | 35 -0.02470  9.91385e+00 | 36 -0.00889  2.69744e+01
 37 -0.07333  2.08797e+01 | 38  0.03047  6.20053e+01 | 39 -0.04026  3.80775e+01
 40 -0.03963  3.88213e+01 | 41 -0.04392  3.29222e+01 | 42  0.00305  4.00756e+01
 43 -0.01244  2.78554e+01 | 44 -0.03361  1.82393e+01 | 45 -0.04428  1.19812e+01
 46 -0.03903  8.25561e+00 | 47 -0.10309  3.28544e+00 | 48 -0.04390  3.91276e+00
 49 -0.20495  2.41423e-01 | 50  0.07781  1.68055e+00 | 51 -0.09141  3.93591e-01
 52 -0.03844  3.50557e-01 | 53 -0.08386  8.48311e-04 | 54 -0.06605 -4.36607e-02
 55 -0.02721 -4.07872e-01 | 56 -0.08758 -4.74175e-02 | 57 -0.05420 -2.94984e-02
 58 -0.00113  1.06877e+00 | 59 -0.01431  2.11304e-01 | 60 -0.02651  3.87489e-01
 61 -0.07781  6.71444e-02 | 62 -0.00392  4.74029e-01 | 63 -0.06232  1.90698e-01
 64 -0.12231  1.63135e-01 | 65 -0.04663 -2.12608e-01 | 66 -0.11668  1.06089e-01
 67 -0.09475  2.83332e-02 | 68 -0.08842  9.97588e-02 | 69  0.01059 -3.48010e-01
 70 -0.02112 -3.62972e-01 | 71 -0.22184 -4.57056e-02 | 72 -0.11441 -1.90876e-01
 73 -0.08415  2.84782e-03 | 74 -0.03918  1.71415e-02 | 75 -0.03765  1.40778e-02
 76 -0.03786 -8.33851e-03 | 77 -0.44872  1.99185e+01 | 78 -4.15116 -2.21490e+00
 79 -0.26851  2.90491e+02 | 80 -0.70740 -2.08564e+00 | 81  1.62543  4.41908e+00
 82  3.01645 -1.13928e-01 | 83  0.28188 -1.37806e-02 | 84 -0.53028 -3.45564e-03
84 variables; iteration 460; function evaluation 582; phase 3
Function value -3.3488288e+01; maximum gradient component mag 1.1176e+03
Var    Value     Gradient |Var    Value     Gradient |Var    Value     Gradient
  1  0.01553  1.11757e+03 |  2 -0.00507  5.67467e-01 |  3 -0.00630  5.82234e-01
  4 -0.02235  6.43199e-01 |  5 -0.02321  8.14566e-01 |  6 -0.02439  9.60898e-01
  7 -0.02563  1.14507e+00 |  8 -0.02703  1.33217e+00 |  9 -0.02871  1.48723e+00
 10 -0.03019  1.75447e+00 | 11 -0.03182  2.02756e+00 | 12 -0.03422  2.13137e+00
 13 -0.03686  2.14388e+00 | 14 -0.03844  2.65563e+00 | 15 -0.04095  3.14699e+00
 16 -0.04377  3.26488e+00 | 17 -0.04603  3.76424e+00 | 18 -0.04774  4.27167e+00
 19 -0.04351  6.49620e+00 | 20 -0.04809  5.56087e+00 | 21 -0.05021  5.18802e+00
 22 -0.04765  5.94530e+00 | 23 -0.05301  4.54706e+00 | 24 -0.05522  4.46729e+00
 25 -0.05506  5.59780e+00 | 26 -0.05849  6.08681e+00 | 27 -0.05456  7.81436e+00
 28 -0.03594  1.18664e+01 | 29  0.02903  2.06875e+01 | 30 -0.04642  1.40698e+01
 31 -0.14225  7.23828e+00 | 32 -0.18430  5.38611e+00 | 33  0.03367  3.90675e+01
 34 -0.12316  1.30645e+01 | 35 -0.02455  3.14447e+01 | 36 -0.00890  4.20203e+01
 37 -0.07347  2.58623e+01 | 38  0.03067  6.02642e+01 | 39 -0.04031  3.30212e+01
 40 -0.03950  3.42663e+01 | 41 -0.04391  2.84282e+01 | 42  0.00316  3.66023e+01
 43 -0.01229  2.70164e+01 | 44 -0.03344  1.89452e+01 | 45 -0.04415  1.36597e+01
 46 -0.03855  1.07705e+01 | 47 -0.10325  4.12688e+00 | 48 -0.04371  4.16030e+00
 49 -0.20455  4.41041e-01 | 50  0.07761  5.91568e-01 | 51 -0.09114 -2.99835e-01
 52 -0.03845 -4.47529e-01 | 53 -0.08333 -3.99853e-01 | 54 -0.06645 -4.17553e-01
 55 -0.02719 -5.59911e-01 | 56 -0.08788 -5.30213e-01 | 57 -0.05419 -4.63497e-01
 58 -0.00137 -1.26261e+00 | 59 -0.01425 -7.41184e-01 | 60 -0.02633 -6.24651e-01
 61 -0.07761 -4.16554e-01 | 62 -0.00430 -1.02692e+00 | 63 -0.06198 -5.75736e-01
 64 -0.12220 -3.05047e-01 | 65 -0.04684 -7.16436e-01 | 66 -0.11662 -3.86341e-01
 67 -0.09477 -5.15627e-01 | 68 -0.08815 -3.68748e-01 | 69  0.01023 -1.36934e+00
 70 -0.02096 -7.40242e-01 | 71 -0.22159 -1.90119e-01 | 72 -0.11429 -2.42560e-01
 73 -0.08519 -2.00200e-02 | 74 -0.03934 -5.10074e-03 | 75 -0.03783 -1.24816e-02
 76 -0.03779  2.32598e-02 | 77 -0.45678  2.40224e+01 | 78 -4.16414 -5.44945e+00
 79 -0.26835  1.00541e+03 | 80 -0.69503 -1.22614e+01 | 81  1.62534 -3.48882e+01
 82  3.03483 -1.24375e-01 | 83  0.28628 -1.28357e-02 | 84 -0.49153 -3.05913e-03
84 variables; iteration 480; function evaluation 602; phase 3
Function value -3.3494792e+01; maximum gradient component mag -6.1941e+02
Var    Value     Gradient |Var    Value     Gradient |Var    Value     Gradient
  1  0.01552 -6.19408e+02 |  2 -0.00522 -4.04479e-01 |  3 -0.00601 -4.58868e-01
  4 -0.02217 -4.92237e-01 |  5 -0.02325 -5.99914e-01 |  6 -0.02438 -6.93646e-01
  7 -0.02575 -8.34471e-01 |  8 -0.02712 -9.63326e-01 |  9 -0.02868 -1.12825e+00
 10 -0.03030 -1.28046e+00 | 11 -0.03203 -1.45835e+00 | 12 -0.03397 -1.68379e+00
 13 -0.03573 -1.88670e+00 | 14 -0.03858 -2.25745e+00 | 15 -0.04095 -2.34545e+00
 16 -0.04278 -2.58821e+00 | 17 -0.04641 -3.23157e+00 | 18 -0.04751 -3.22462e+00
 19 -0.04309 -1.76160e+00 | 20 -0.05028 -3.52903e+00 | 21 -0.05123 -3.67048e+00
 22 -0.05052 -3.48442e+00 | 23 -0.05193 -3.82773e+00 | 24 -0.05340 -4.25342e+00
 25 -0.05415 -4.43587e+00 | 26 -0.05655 -5.27867e+00 | 27 -0.05388 -6.26950e+00
 28 -0.03855 -7.73491e+00 | 29  0.02932 -1.57852e+01 | 30 -0.04535 -8.90622e+00
 31 -0.14355 -4.74950e+00 | 32 -0.18464 -3.66987e+00 | 33  0.03372 -2.50373e+01
 34 -0.12315 -7.96476e+00 | 35 -0.02457 -1.71634e+01 | 36 -0.00888 -2.08631e+01
 37 -0.07356 -1.23914e+01 | 38  0.03069 -2.67267e+01 | 39 -0.04031 -1.55756e+01
 40 -0.03956 -1.41480e+01 | 41 -0.04387 -1.27598e+01 | 42  0.00314 -1.61830e+01
 43 -0.01229 -1.27528e+01 | 44 -0.03346 -9.21503e+00 | 45 -0.04416 -7.26613e+00
 46 -0.03857 -6.14361e+00 | 47 -0.10330 -2.90385e+00 | 48 -0.04362 -3.08180e+00
 49 -0.20519 -3.89522e-01 | 50  0.07762 -3.47807e-02 | 51 -0.09103  1.25674e-01
 52 -0.03848  4.45595e-01 | 53 -0.08337  2.88202e-01 | 54 -0.06644  3.92200e-01
 55 -0.02721  4.06331e-01 | 56 -0.08778  2.31112e-01 | 57 -0.05431  3.32293e-01
 58 -0.00129  6.26447e-01 | 59 -0.01430  4.82326e-01 | 60 -0.02632  4.09580e-01
 61 -0.07769  2.57406e-01 | 62 -0.00427  4.12478e-01 | 63 -0.06198  2.77118e-01
 64 -0.12227  1.77085e-01 | 65 -0.04682  1.76479e-01 | 66 -0.11663  1.60675e-01
 67 -0.09475  1.46710e-01 | 68 -0.08830  1.91180e-01 | 69  0.01028  4.33099e-01
 70 -0.02098  2.91828e-01 | 71 -0.22155  5.19994e-02 | 72 -0.11433  1.02297e-01
 73 -0.08515  2.26385e-02 | 74 -0.03930  3.35602e-03 | 75 -0.03777  2.43892e-03
 76 -0.03789  1.21680e-04 | 77 -0.45618 -7.85467e+00 | 78 -4.16386  2.61282e+00
 79 -0.26838 -4.68319e+02 | 80 -0.69622  8.20099e+00 | 81  1.62538  2.02533e+01
 82  3.03487 -1.74608e-02 | 83  0.28604 -1.28258e-02 | 84 -0.49352 -3.07830e-03
84 variables; iteration 500; function evaluation 622; phase 3
Function value -3.3500007e+01; maximum gradient component mag 2.2233e+02
Var    Value     Gradient |Var    Value     Gradient |Var    Value     Gradient
  1  0.01553  2.21075e+02 |  2 -0.00520  3.71048e-01 |  3 -0.00610  4.39499e-01
  4 -0.02225  4.63820e-01 |  5 -0.02327  5.55414e-01 |  6 -0.02444  6.57779e-01
  7 -0.02576  7.70620e-01 |  8 -0.02714  9.06356e-01 |  9 -0.02867  1.04161e+00
 10 -0.03040  1.17131e+00 | 11 -0.03214  1.33878e+00 | 12 -0.03396  1.53380e+00
 13 -0.03567  1.74149e+00 | 14 -0.03793  1.95608e+00 | 15 -0.04087  2.20076e+00
 16 -0.04306  2.39987e+00 | 17 -0.04534  2.75537e+00 | 18 -0.04753  2.98053e+00
 19 -0.04710  3.79334e+00 | 20 -0.05072  3.15131e+00 | 21 -0.05097  3.38641e+00
 22 -0.05136  3.18311e+00 | 23 -0.05159  3.52359e+00 | 24 -0.05284  3.72539e+00
 25 -0.05384  4.32084e+00 | 26 -0.05615  4.89568e+00 | 27 -0.05325  5.77896e+00
 28 -0.03744  7.85395e+00 | 29  0.02929  1.31692e+01 | 30 -0.04643  8.15260e+00
 31 -0.14303  3.42179e+00 | 32 -0.18432  2.22762e+00 | 33  0.03371  1.22051e+01
 34 -0.12318  2.65220e+00 | 35 -0.02458  3.19688e+00 | 36 -0.00890  1.30404e+00
 37 -0.07356 -2.87555e-01 | 38  0.03067 -1.36025e+00 | 39 -0.04026 -1.31690e+00
 40 -0.03962 -5.47642e-01 | 41 -0.04385 -3.59955e-01 | 42  0.00311  1.09118e-01
 43 -0.01229  5.32836e-01 | 44 -0.03348  6.91427e-01 | 45 -0.04418  7.67571e-01
 46 -0.03857  8.82365e-01 | 47 -0.10334  3.66454e-01 | 48 -0.04362  4.09277e-01
 49 -0.20514 -4.52260e-02 | 50  0.07758 -1.55222e-01 | 51 -0.09099 -9.21130e-02
 52 -0.03851 -2.73892e-01 | 53 -0.08330 -1.72877e-01 | 54 -0.06650 -2.07596e-01
 55 -0.02720 -1.95194e-01 | 56 -0.08780 -1.18396e-01 | 57 -0.05430 -2.51075e-01
 58 -0.00134 -5.23106e-01 | 59 -0.01428 -3.20069e-01 | 60 -0.02635 -3.99497e-01
 61 -0.07765 -1.65228e-01 | 62 -0.00431 -3.70031e-01 | 63 -0.06196 -1.79361e-01
 64 -0.12231 -1.35601e-01 | 65 -0.04683 -2.12116e-01 | 66 -0.11668 -1.41186e-01
 67 -0.09476 -1.57176e-01 | 68 -0.08830 -1.24472e-01 | 69  0.01024 -2.28831e-01
 70 -0.02098 -1.77730e-01 | 71 -0.22150 -2.15996e-02 | 72 -0.11434 -3.90879e-02
 73 -0.08524 -7.04685e-03 | 74 -0.03930 -1.72700e-04 | 75 -0.03778 -1.77877e-03
 76 -0.03789 -7.34978e-04 | 77 -0.45698  5.81773e+00 | 78 -4.16704 -1.56064e+00
 79 -0.26836  2.22328e+02 | 80 -0.69519 -1.37039e+00 | 81  1.62533 -1.42476e+00
 82  3.04733 -4.42844e-02 | 83  0.28720 -1.28648e-02 | 84 -0.48464 -2.99362e-03
84 variables; iteration 520; function evaluation 642; phase 3
Function value -3.3502339e+01; maximum gradient component mag 3.6890e+02
Var    Value     Gradient |Var    Value     Gradient |Var    Value     Gradient
  1  0.01552  3.68896e+02 |  2 -0.00518  4.62749e-01 |  3 -0.00610  5.44072e-01
  4 -0.02221  5.84244e-01 |  5 -0.02324  6.91920e-01 |  6 -0.02441  8.20781e-01
  7 -0.02569  9.69448e-01 |  8 -0.02710  1.12839e+00 |  9 -0.02862  1.30015e+00
 10 -0.03027  1.48938e+00 | 11 -0.03198  1.70658e+00 | 12 -0.03380  1.94563e+00
 13 -0.03561  2.17010e+00 | 14 -0.03790  2.42465e+00 | 15 -0.04104  2.66897e+00
 16 -0.04294  3.02172e+00 | 17 -0.04541  3.38643e+00 | 18 -0.04736  3.74981e+00
 19 -0.04795  4.27900e+00 | 20 -0.05033  4.07314e+00 | 21 -0.05058  4.33580e+00
 22 -0.05068  4.22065e+00 | 23 -0.05140  4.44001e+00 | 24 -0.05222  4.84665e+00
 25 -0.05391  5.29563e+00 | 26 -0.05596  6.12299e+00 | 27 -0.05410  6.88783e+00
 28 -0.03935  9.24519e+00 | 29  0.03078  1.78711e+01 | 30 -0.04783  1.01813e+01
 31 -0.14257  4.57574e+00 | 32 -0.18405  3.02899e+00 | 33  0.03370  1.67049e+01
 34 -0.12320  4.05157e+00 | 35 -0.02456  6.55933e+00 | 36 -0.00896  5.66587e+00
 37 -0.07343  2.29827e+00 | 38  0.03060  4.18504e+00 | 39 -0.04024  2.08405e+00
 40 -0.03966  2.68175e+00 | 41 -0.04383  2.68430e+00 | 42  0.00307  4.16973e+00
 43 -0.01229  4.16539e+00 | 44 -0.03355  3.09343e+00 | 45 -0.04416  3.08122e+00
 46 -0.03867  2.92939e+00 | 47 -0.10325  1.56979e+00 | 48 -0.04377  1.79977e+00
 49 -0.20451  2.13893e-01 | 50  0.07757  5.90310e-02 | 51 -0.09109 -1.23791e-01
 52 -0.03850 -2.65536e-01 | 53 -0.08336 -1.95267e-01 | 54 -0.06644 -2.38870e-01
 55 -0.02722 -3.07840e-01 | 56 -0.08779 -1.91473e-01 | 57 -0.05428 -2.93900e-01
 58 -0.00132 -4.12608e-01 | 59 -0.01430 -2.76727e-01 | 60 -0.02637 -2.93654e-01
 61 -0.07767 -1.88753e-01 | 62 -0.00427 -3.81335e-01 | 63 -0.06203 -2.36683e-01
 64 -0.12228 -1.47302e-01 | 65 -0.04682 -2.71082e-01 | 66 -0.11668 -1.02405e-01
 67 -0.09476 -1.32858e-01 | 68 -0.08828 -1.41773e-01 | 69  0.01028 -3.33483e-01
 70 -0.02102 -2.05745e-01 | 71 -0.22158 -5.28207e-02 | 72 -0.11431 -5.42317e-02
 73 -0.08515 -4.45948e-03 | 74 -0.03930 -2.38273e-03 | 75 -0.03778 -2.91287e-03
 76 -0.03787  3.50052e-03 | 77 -0.45615  8.89033e+00 | 78 -4.16535 -2.11413e+00
 79 -0.26838  3.51710e+02 | 80 -0.69684 -3.14714e+00 | 81  1.62530 -9.09131e+00
 82  3.05190 -6.33895e-02 | 83  0.28702 -1.28826e-02 | 84 -0.48611 -3.00742e-03
84 variables; iteration 540; function evaluation 662; phase 3
Function value -3.3506698e+01; maximum gradient component mag -1.1468e+02
Var    Value     Gradient |Var    Value     Gradient |Var    Value     Gradient
  1  0.01551 -1.14678e+02 |  2 -0.00519 -3.51573e-01 |  3 -0.00599 -3.99822e-01
  4 -0.02217 -4.33235e-01 |  5 -0.02321 -5.20871e-01 |  6 -0.02437 -6.10218e-01
  7 -0.02570 -7.24170e-01 |  8 -0.02709 -8.40392e-01 |  9 -0.02858 -9.68528e-01
 10 -0.03023 -1.10896e+00 | 11 -0.03201 -1.27805e+00 | 12 -0.03384 -1.44854e+00
 13 -0.03544 -1.58665e+00 | 14 -0.03791 -1.82959e+00 | 15 -0.04065 -1.98672e+00
 16 -0.04280 -2.28110e+00 | 17 -0.04509 -2.52133e+00 | 18 -0.04711 -2.73573e+00
 19 -0.04703 -2.44588e+00 | 20 -0.04974 -2.96544e+00 | 21 -0.05069 -3.09838e+00
 22 -0.05064 -3.09804e+00 | 23 -0.05171 -3.32045e+00 | 24 -0.05320 -3.70260e+00
 25 -0.05453 -3.95602e+00 | 26 -0.05655 -4.50642e+00 | 27 -0.05150 -4.62666e+00
 28 -0.04248 -6.69960e+00 | 29  0.03222 -1.14500e+01 | 30 -0.04931 -6.85951e+00
 31 -0.14151 -2.57505e+00 | 32 -0.18406 -1.74400e+00 | 33  0.03371 -7.79263e+00
 34 -0.12316 -1.04671e+00 | 35 -0.02455  5.39601e-01 | 36 -0.00894  3.51117e+00
 37 -0.07342  2.77750e+00 | 38  0.03064  8.46014e+00 | 39 -0.04023  4.46466e+00
 40 -0.03962  4.41454e+00 | 41 -0.04383  3.43365e+00 | 42  0.00311  3.74746e+00
 43 -0.01232  1.85533e+00 | 44 -0.03348  9.49820e-01 | 45 -0.04418  5.24055e-02
 46 -0.03865 -4.90384e-01 | 47 -0.10327 -3.91031e-01 | 48 -0.04370 -4.97983e-01
 49 -0.20469 -7.10540e-02 | 50  0.07758  2.57963e-01 | 51 -0.09099  1.06123e-01
 52 -0.03849  1.70415e-01 | 53 -0.08331  1.51642e-01 | 54 -0.06642  1.38438e-01
 55 -0.02718  2.01930e-01 | 56 -0.08775  1.27952e-01 | 57 -0.05425  1.47550e-01
 58 -0.00129  2.48655e-01 | 59 -0.01428  2.13448e-01 | 60 -0.02635  1.61674e-01
 61 -0.07765  1.22711e-01 | 62 -0.00426  1.39622e-01 | 63 -0.06197  1.54692e-01
 64 -0.12229  7.83257e-02 | 65 -0.04680  1.13806e-01 | 66 -0.11667  7.95650e-02
 67 -0.09476  7.42755e-02 | 68 -0.08830  9.85986e-02 | 69  0.01029  2.58320e-01
 70 -0.02097  1.72573e-01 | 71 -0.22152  4.67438e-02 | 72 -0.11432  5.03266e-02
 73 -0.08513  5.12794e-03 | 74 -0.03925  3.63344e-03 | 75 -0.03775  2.39810e-03
 76 -0.03788 -2.75208e-03 | 77 -0.45619  5.23632e+00 | 78 -4.16773 -1.38958e+00
 79 -0.26845 -2.21001e+01 | 80 -0.70182  1.98393e+00 | 81  1.62523  3.63276e+00
 82  3.07555 -1.11056e-02 | 83  0.28765 -1.29269e-02 | 84 -0.48015 -2.95163e-03
84 variables; iteration 560; function evaluation 683; phase 3
Function value -3.3537232e+01; maximum gradient component mag -1.2476e+03
Var    Value     Gradient |Var    Value     Gradient |Var    Value     Gradient
  1  0.01552 -1.24760e+03 |  2 -0.00516 -1.25627e+00 |  3 -0.00621 -1.55092e+00
  4 -0.02232 -1.63110e+00 |  5 -0.02325 -1.90848e+00 |  6 -0.02450 -2.26971e+00
  7 -0.02574 -2.64603e+00 |  8 -0.02717 -3.09239e+00 |  9 -0.02871 -3.58301e+00
 10 -0.03054 -4.14292e+00 | 11 -0.03231 -4.72213e+00 | 12 -0.03395 -5.31079e+00
 13 -0.03561 -5.94129e+00 | 14 -0.03800 -6.67371e+00 | 15 -0.04120 -7.53786e+00
 16 -0.04298 -8.39733e+00 | 17 -0.04555 -9.45061e+00 | 18 -0.04734 -1.02445e+01
 19 -0.04617 -1.02406e+01 | 20 -0.05016 -1.12567e+01 | 21 -0.05088 -1.15056e+01
 22 -0.05065 -1.13740e+01 | 23 -0.05183 -1.19712e+01 | 24 -0.05341 -1.29927e+01
 25 -0.05503 -1.42481e+01 | 26 -0.05710 -1.65130e+01 | 27 -0.05115 -1.90329e+01
 28 -0.03780 -2.46275e+01 | 29  0.02866 -4.84224e+01 | 30 -0.04552 -2.84451e+01
 31 -0.14291 -1.29721e+01 | 32 -0.18450 -9.06980e+00 | 33  0.03368 -5.49784e+01
 34 -0.12306 -1.48736e+01 | 35 -0.02453 -2.82003e+01 | 36 -0.00898 -2.99690e+01
 37 -0.07322 -1.55582e+01 | 38  0.03057 -3.34975e+01 | 39 -0.04004 -1.78310e+01
 40 -0.03965 -1.77449e+01 | 41 -0.04378 -1.60435e+01 | 42  0.00314 -2.11370e+01
 43 -0.01227 -1.71510e+01 | 44 -0.03343 -1.27867e+01 | 45 -0.04411 -1.05036e+01
 46 -0.03855 -9.57330e+00 | 47 -0.10325 -4.28700e+00 | 48 -0.04363 -5.12798e+00
 49 -0.20478 -5.19270e-01 | 50  0.07754  4.39330e-01 | 51 -0.09075  3.84646e-01
 52 -0.03851  7.04769e-01 | 53 -0.08327  3.48456e-01 | 54 -0.06647  6.03880e-01
 55 -0.02721  8.95526e-01 | 56 -0.08773  6.12392e-01 | 57 -0.05431  8.30789e-01
 58 -0.00130  1.19947e+00 | 59 -0.01432  1.06178e+00 | 60 -0.02623  1.20803e+00
 61 -0.07770  7.22953e-01 | 62 -0.00429  1.26878e+00 | 63 -0.06193  6.59820e-01
 64 -0.12229  5.06497e-01 | 65 -0.04680  1.27457e+00 | 66 -0.11670  5.10125e-01
 67 -0.09471  6.83334e-01 | 68 -0.08831  5.81663e-01 | 69  0.01021  1.25282e+00
 70 -0.02089  7.75874e-01 | 71 -0.22142  1.84707e-01 | 72 -0.11433  2.42354e-01
 73 -0.08528  3.56751e-02 | 74 -0.03931 -2.11621e-03 | 75 -0.03779 -2.28381e-03
 76 -0.03790 -1.83209e-03 | 77 -0.45718 -1.47094e+01 | 78 -4.16758  3.86157e+00
 79 -0.26866 -1.03375e+03 | 80 -0.71782  1.40711e+01 | 81  1.62411  3.29604e+01
 82  3.20118  4.56815e-01 | 83  0.29157 -1.43148e-02 | 84 -0.44646 -2.65310e-03
84 variables; iteration 580; function evaluation 705; phase 3
Function value -3.3572151e+01; maximum gradient component mag -1.1940e+03
Var    Value     Gradient |Var    Value     Gradient |Var    Value     Gradient
  1  0.01551 -1.19403e+03 |  2 -0.00526  5.08423e-01 |  3 -0.00605  6.36153e-01
  4 -0.02222  6.64376e-01 |  5 -0.02329  7.79258e-01 |  6 -0.02442  9.35828e-01
  7 -0.02581  1.07494e+00 |  8 -0.02720  1.26450e+00 |  9 -0.02873  1.46005e+00
 10 -0.03021  1.72440e+00 | 11 -0.03191  1.97390e+00 | 12 -0.03383  2.21824e+00
 13 -0.03547  2.52778e+00 | 14 -0.03824  2.67319e+00 | 15 -0.04075  3.15840e+00
 16 -0.04297  3.45903e+00 | 17 -0.04541  3.89203e+00 | 18 -0.04753  4.25039e+00
 19 -0.04628  5.44371e+00 | 20 -0.05010  4.77031e+00 | 21 -0.05019  5.09814e+00
 22 -0.05032  4.95235e+00 | 23 -0.05159  4.97424e+00 | 24 -0.05266  5.27455e+00
 25 -0.05407  5.74271e+00 | 26 -0.05602  6.39531e+00 | 27 -0.05444  6.57158e+00
 28 -0.04089  7.44410e+00 | 29  0.03166  1.17187e+01 | 30 -0.04839  2.81447e+00
 31 -0.14190 -3.06309e-01 | 32 -0.18402 -2.28128e+00 | 33  0.03369 -3.47984e+01
 34 -0.12301 -1.79276e+01 | 35 -0.02453 -5.38184e+01 | 36 -0.00901 -7.96272e+01
 37 -0.07318 -5.15816e+01 | 38  0.03056 -1.21956e+02 | 39 -0.04006 -6.64228e+01
 40 -0.03966 -6.20422e+01 | 41 -0.04375 -5.06155e+01 | 42  0.00310 -5.91711e+01
 43 -0.01227 -4.01970e+01 | 44 -0.03345 -2.56372e+01 | 45 -0.04414 -1.77095e+01
 46 -0.03859 -1.24976e+01 | 47 -0.10325 -4.79391e+00 | 48 -0.04367 -4.51858e+00
 49 -0.20465 -4.10278e-01 | 50  0.07752 -4.77369e-01 | 51 -0.09060  3.06177e-02
 52 -0.03858  1.78209e-01 | 53 -0.08320  2.36690e-01 | 54 -0.06646  2.40872e-01
 55 -0.02720  2.61518e-01 | 56 -0.08767  1.88387e-01 | 57 -0.05431  1.87652e-01
 58 -0.00131  3.92694e-01 | 59 -0.01426  3.33941e-01 | 60 -0.02633  1.81332e-01
 61 -0.07763  1.69496e-01 | 62 -0.00431  2.43162e-01 | 63 -0.06188  2.05453e-01
 64 -0.12227  1.26157e-01 | 65 -0.04687  3.61725e-02 | 66 -0.11658  1.05053e-01
 67 -0.09480  1.12174e-01 | 68 -0.08830  1.96198e-01 | 69  0.01018  3.50802e-01
 70 -0.02082  1.82269e-01 | 71 -0.22150  4.56518e-02 | 72 -0.11435  6.87450e-02
 73 -0.08516  1.32527e-02 | 74 -0.03926  7.44051e-03 | 75 -0.03776  2.67366e-03
 76 -0.03789 -2.46869e-03 | 77 -0.45631 -2.51982e+01 | 78 -4.16655  5.55664e+00
 79 -0.26895 -1.17562e+03 | 80 -0.74329  1.33685e+01 | 81  1.62206  4.48302e+01
 82  3.29969  1.29566e+00 | 83  0.29443 -1.71328e-02 | 84 -0.42491 -2.47488e-03
84 variables; iteration 600; function evaluation 727; phase 3
Function value -3.3593265e+01; maximum gradient component mag -8.0219e+02
Var    Value     Gradient |Var    Value     Gradient |Var    Value     Gradient
  1  0.01550 -8.02191e+02 |  2 -0.00527 -5.32545e-01 |  3 -0.00609 -6.18986e-01
  4 -0.02225 -6.61728e-01 |  5 -0.02327 -7.79309e-01 |  6 -0.02447 -9.24397e-01
  7 -0.02579 -1.08688e+00 |  8 -0.02724 -1.27274e+00 |  9 -0.02871 -1.45796e+00
 10 -0.03012 -1.60180e+00 | 11 -0.03187 -1.83395e+00 | 12 -0.03335 -1.99629e+00
 13 -0.03433 -2.05873e+00 | 14 -0.03796 -2.69552e+00 | 15 -0.04062 -2.93320e+00
 16 -0.04368 -3.58503e+00 | 17 -0.04650 -4.09393e+00 | 18 -0.04704 -4.02225e+00
 19 -0.04545 -3.41612e+00 | 20 -0.04960 -4.35930e+00 | 21 -0.04971 -4.30189e+00
 22 -0.05049 -4.51684e+00 | 23 -0.05132 -4.76995e+00 | 24 -0.05301 -5.38438e+00
 25 -0.05488 -6.08750e+00 | 26 -0.05661 -7.21210e+00 | 27 -0.05271 -8.72437e+00
 28 -0.04398 -1.27916e+01 | 29  0.03362 -2.74106e+01 | 30 -0.05092 -1.86323e+01
 31 -0.14094 -8.77155e+00 | 32 -0.18234 -6.25022e+00 | 33  0.03360 -4.67528e+01
 34 -0.12287 -1.46140e+01 | 35 -0.02452 -3.19080e+01 | 36 -0.00898 -3.77922e+01
 37 -0.07318 -2.13569e+01 | 38  0.03061 -4.14858e+01 | 39 -0.04003 -1.94725e+01
 40 -0.03963 -1.51613e+01 | 41 -0.04371 -9.55054e+00 | 42  0.00313 -7.79605e+00
 43 -0.01224 -3.28241e+00 | 44 -0.03341 -1.20553e+00 | 45 -0.04412 -7.49691e-01
 46 -0.03857  9.97965e-02 | 47 -0.10322  3.05378e-01 | 48 -0.04363  5.80044e-01
 49 -0.20468 -1.75174e-02 | 50  0.07752  8.62566e-01 | 51 -0.09040  4.10852e-01
 52 -0.03857  3.26925e-01 | 53 -0.08316  9.05076e-02 | 54 -0.06642  1.89495e-01
 55 -0.02718  4.00451e-01 | 56 -0.08759  4.14695e-01 | 57 -0.05427  3.77101e-01
 58 -0.00131  3.60444e-01 | 59 -0.01422  4.26171e-01 | 60 -0.02627  3.99427e-01
 61 -0.07764  1.93026e-01 | 62 -0.00427  3.97789e-01 | 63 -0.06184  2.84714e-01
 64 -0.12226  2.54331e-01 | 65 -0.04681  4.97241e-01 | 66 -0.11660  2.09809e-01
 67 -0.09475  2.82897e-01 | 68 -0.08832  2.19285e-01 | 69  0.01020  5.52172e-01
 70 -0.02074  2.59583e-01 | 71 -0.22142  9.91490e-02 | 72 -0.11434  1.29107e-01
 73 -0.08512  2.81802e-02 | 74 -0.03926  6.56743e-03 | 75 -0.03775  3.99903e-03
 76 -0.03791 -8.26664e-03 | 77 -0.45622 -7.53025e+00 | 78 -4.16657  1.99612e+00
 79 -0.26917 -7.10266e+02 | 80 -0.76661  7.43465e+00 | 81  1.62004  2.79618e+01
 82  3.35822  1.13855e+00 | 83  0.29667 -2.07436e-02 | 84 -0.40985 -2.34851e-03
84 variables; iteration 620; function evaluation 747; phase 3
Function value -3.3625172e+01; maximum gradient component mag -2.3677e+02
Var    Value     Gradient |Var    Value     Gradient |Var    Value     Gradient
  1  0.01557 -2.36771e+02 |  2 -0.00520 -7.28572e-01 |  3 -0.00603 -8.60283e-01
  4 -0.02220 -9.18542e-01 |  5 -0.02321 -1.08581e+00 |  6 -0.02440 -1.28706e+00
  7 -0.02568 -1.50430e+00 |  8 -0.02713 -1.76612e+00 |  9 -0.02860 -2.03407e+00
 10 -0.03022 -2.31949e+00 | 11 -0.03203 -2.66519e+00 | 12 -0.03383 -3.01960e+00
 13 -0.03526 -3.30369e+00 | 14 -0.03765 -3.73617e+00 | 15 -0.04100 -4.29864e+00
 16 -0.04290 -4.78868e+00 | 17 -0.04565 -5.44347e+00 | 18 -0.04734 -5.82425e+00
 19 -0.04809 -5.94670e+00 | 20 -0.05052 -6.47758e+00 | 21 -0.05110 -6.57294e+00
 22 -0.05069 -6.43126e+00 | 23 -0.05187 -6.79984e+00 | 24 -0.05330 -7.38152e+00
 25 -0.05484 -8.00884e+00 | 26 -0.05610 -9.03473e+00 | 27 -0.05422 -1.07959e+01
 28 -0.03537 -1.31257e+01 | 29  0.02683 -2.62501e+01 | 30 -0.04335 -1.34313e+01
 31 -0.14390 -5.90631e+00 | 32 -0.18435 -3.45789e+00 | 33  0.03353 -1.57956e+01
 34 -0.12282 -2.03980e+00 | 35 -0.02466  1.12490e+00 | 36 -0.00896  7.77026e+00
 37 -0.07336  6.72699e+00 | 38  0.03057  1.90638e+01 | 39 -0.03999  1.08967e+01
 40 -0.03969  9.84236e+00 | 41 -0.04375  7.51832e+00 | 42  0.00310  7.55501e+00
 43 -0.01222  3.94669e+00 | 44 -0.03341  1.74293e+00 | 45 -0.04408  6.75187e-01
 46 -0.03841 -2.08903e-01 | 47 -0.10334 -1.72730e-01 | 48 -0.04356 -5.77511e-01
 49 -0.20486  4.15149e-02 | 50  0.07733  9.12143e-02 | 51 -0.09013  7.58698e-03
 52 -0.03875 -1.05972e-01 | 53 -0.08297  4.18710e-03 | 54 -0.06672  7.95150e-03
 55 -0.02729  1.86251e-01 | 56 -0.08773  1.69178e-01 | 57 -0.05448  1.32218e-01
 58 -0.00144 -3.34680e-02 | 59 -0.01434  1.26486e-01 | 60 -0.02625  1.23253e-01
 61 -0.07768  8.49288e-02 | 62 -0.00453  1.11910e-01 | 63 -0.06175  6.05988e-02
 64 -0.12233  7.20749e-02 | 65 -0.04702  3.74481e-01 | 66 -0.11658  1.90750e-01
 67 -0.09486  2.84091e-01 | 68 -0.08831  2.24944e-01 | 69  0.00989  2.53919e-01
 70 -0.02068  1.57816e-01 | 71 -0.22140  4.90245e-02 | 72 -0.11444  8.24480e-02
 73 -0.08559  1.32481e-02 | 74 -0.03937  2.90736e-05 | 75 -0.03782  1.09114e-03
 76 -0.03798 -1.09585e-02 | 77 -0.45922  1.70105e+00 | 78 -4.16941 -1.35186e-01
 79 -0.26938 -1.78642e+02 | 80 -0.79039  2.32531e+00 | 81  1.61627 -1.40508e-01
 82  3.42897 -2.54070e-02 | 83  0.30145 -3.66733e-02 | 84 -0.37711 -1.80516e-03
84 variables; iteration 640; function evaluation 770; phase 3
Function value -3.3656708e+01; maximum gradient component mag -8.8771e+02
Var    Value     Gradient |Var    Value     Gradient |Var    Value     Gradient
  1  0.01555 -8.35863e+02 |  2 -0.00516 -5.75355e-01 |  3 -0.00597 -6.71584e-01
  4 -0.02213 -7.17786e-01 |  5 -0.02317 -8.58260e-01 |  6 -0.02428 -9.99040e-01
  7 -0.02566 -1.19575e+00 |  8 -0.02701 -1.38229e+00 |  9 -0.02855 -1.61156e+00
 10 -0.03009 -1.81699e+00 | 11 -0.03172 -2.04876e+00 | 12 -0.03366 -2.36032e+00
 13 -0.03560 -2.70499e+00 | 14 -0.03781 -3.00787e+00 | 15 -0.04049 -3.29673e+00
 16 -0.04266 -3.75258e+00 | 17 -0.04511 -4.21327e+00 | 18 -0.04723 -4.60473e+00
 19 -0.04835 -4.74916e+00 | 20 -0.04979 -4.98374e+00 | 21 -0.05060 -5.11651e+00
 22 -0.05078 -5.14671e+00 | 23 -0.05137 -5.32259e+00 | 24 -0.05220 -5.67641e+00
 25 -0.05395 -6.25969e+00 | 26 -0.05649 -7.36948e+00 | 27 -0.05367 -8.68156e+00
 28 -0.04363 -1.15995e+01 | 29  0.03296 -2.19449e+01 | 30 -0.04946 -1.40276e+01
 31 -0.14177 -6.71025e+00 | 32 -0.18357 -4.97288e+00 | 33  0.03371 -3.37213e+01
 34 -0.12290 -1.05600e+01 | 35 -0.02449 -2.28464e+01 | 36 -0.00902 -2.71905e+01
 37 -0.07320 -1.57926e+01 | 38  0.03067 -3.49342e+01 | 39 -0.03997 -1.93177e+01
 40 -0.03961 -1.88920e+01 | 41 -0.04370 -1.64436e+01 | 42  0.00317 -2.13347e+01
 43 -0.01214 -1.62874e+01 | 44 -0.03332 -1.17234e+01 | 45 -0.04405 -9.40556e+00
 46 -0.03830 -7.64401e+00 | 47 -0.10335 -3.70401e+00 | 48 -0.04346 -3.80263e+00
 49 -0.20500 -4.10314e-01 | 50  0.07739 -1.15535e-01 | 51 -0.08991  1.69611e-01
 52 -0.03867  4.87724e-01 | 53 -0.08283  4.07625e-01 | 54 -0.06665  4.76517e-01
 55 -0.02722  5.61262e-01 | 56 -0.08762  3.66816e-01 | 57 -0.05446  4.25756e-01
 58 -0.00135  7.24272e-01 | 59 -0.01427  6.22101e-01 | 60 -0.02616  4.58978e-01
 61 -0.07759  3.73669e-01 | 62 -0.00448  6.33346e-01 | 63 -0.06163  3.96194e-01
 64 -0.12221  2.34027e-01 | 65 -0.04701  2.41746e-01 | 66 -0.11644  1.84499e-01
 67 -0.09485  1.87731e-01 | 68 -0.08825  2.78012e-01 | 69  0.00994  6.34922e-01
 70 -0.02052  3.61917e-01 | 71 -0.22130  7.16994e-02 | 72 -0.11439  1.16997e-01
 73 -0.08557  2.59299e-02 | 74 -0.03933  6.13100e-03 | 75 -0.03780  2.10263e-03
 76 -0.03791  1.40810e-03 | 77 -0.45961 -1.37882e+01 | 78 -4.16940  3.51389e+00
 79 -0.26960 -8.87705e+02 | 80 -0.82253  6.13728e+00 | 81  1.61504  1.11677e+01
 82  3.44689  7.89910e-01 | 83  0.30344 -4.89304e-02 | 84 -0.36939 -1.43400e-03
84 variables; iteration 660; function evaluation 791; phase 3
Function value -3.3673414e+01; maximum gradient component mag -1.1624e+03
Var    Value     Gradient |Var    Value     Gradient |Var    Value     Gradient
  1  0.01559 -1.05640e+03 |  2 -0.00513 -8.59269e-01 |  3 -0.00605 -1.04222e+00
  4 -0.02215 -1.09249e+00 |  5 -0.02318 -1.30234e+00 |  6 -0.02439 -1.54709e+00
  7 -0.02566 -1.80923e+00 |  8 -0.02710 -2.11941e+00 |  9 -0.02858 -2.44637e+00
 10 -0.03019 -2.79212e+00 | 11 -0.03191 -3.17963e+00 | 12 -0.03385 -3.64346e+00
 13 -0.03568 -4.10934e+00 | 14 -0.03798 -4.60193e+00 | 15 -0.04090 -5.15215e+00
 16 -0.04275 -5.73631e+00 | 17 -0.04506 -6.40397e+00 | 18 -0.04745 -7.05981e+00
 19 -0.04895 -7.44013e+00 | 20 -0.05040 -7.77044e+00 | 21 -0.05100 -7.90589e+00
 22 -0.05095 -7.84335e+00 | 23 -0.05183 -8.20575e+00 | 24 -0.05296 -8.83876e+00
 25 -0.05474 -9.70404e+00 | 26 -0.05664 -1.12155e+01 | 27 -0.05418 -1.33364e+01
 28 -0.03595 -1.68115e+01 | 29  0.02797 -3.44617e+01 | 30 -0.04490 -2.07020e+01
 31 -0.14334 -9.96133e+00 | 32 -0.18454 -7.31984e+00 | 33  0.03361 -4.73180e+01
 34 -0.12280 -1.37788e+01 | 35 -0.02461 -2.82954e+01 | 36 -0.00902 -3.09957e+01
 37 -0.07328 -1.70832e+01 | 38  0.03059 -3.62631e+01 | 39 -0.03996 -1.94205e+01
 40 -0.03965 -1.87754e+01 | 41 -0.04376 -1.68634e+01 | 42  0.00313 -2.17860e+01
 43 -0.01217 -1.69226e+01 | 44 -0.03336 -1.25726e+01 | 45 -0.04405 -9.84206e+00
 46 -0.03830 -8.45604e+00 | 47 -0.10341 -3.88648e+00 | 48 -0.04346 -4.25181e+00
 49 -0.20518 -4.61732e-01 | 50  0.07729  2.52814e-01 | 51 -0.08982  2.65606e-01
 52 -0.03877  6.63791e-01 | 53 -0.08283  5.21045e-01 | 54 -0.06676  6.15922e-01
 55 -0.02729  7.13401e-01 | 56 -0.08770  4.12669e-01 | 57 -0.05456  5.80542e-01
 58 -0.00142  9.47234e-01 | 59 -0.01436  7.55631e-01 | 60 -0.02617  6.52314e-01
 61 -0.07767  4.52525e-01 | 62 -0.00459  8.02628e-01 | 63 -0.06163  5.15458e-01
 64 -0.12229  2.92300e-01 | 65 -0.04711  4.14814e-01 | 66 -0.11648  2.79184e-01
 67 -0.09493  2.87591e-01 | 68 -0.08830  2.78425e-01 | 69  0.00979  5.07269e-01
 70 -0.02051  4.05350e-01 | 71 -0.22137  4.00073e-02 | 72 -0.11448  7.02122e-02
 73 -0.08572  1.04761e-02 | 74 -0.03940 -3.12823e-03 | 75 -0.03784 -1.15365e-03
 76 -0.03792  5.63608e-03 | 77 -0.46032 -1.71629e+01 | 78 -4.17011  4.49224e+00
 79 -0.26975 -1.16242e+03 | 80 -0.84789  6.43211e+00 | 81  1.61527  1.26409e+01
 82  3.44380  8.56609e-01 | 83  0.30439 -5.66906e-02 | 84 -0.37073 -1.41443e-03
84 variables; iteration 680; function evaluation 815; phase 3
Function value -3.3694403e+01; maximum gradient component mag -2.1483e+03
Var    Value     Gradient |Var    Value     Gradient |Var    Value     Gradient
  1  0.01559 -1.87485e+03 |  2 -0.00512 -1.57246e+00 |  3 -0.00603 -1.89406e+00
  4 -0.02216 -2.00179e+00 |  5 -0.02315 -2.37104e+00 |  6 -0.02433 -2.80149e+00
  7 -0.02561 -3.28837e+00 |  8 -0.02698 -3.83057e+00 |  9 -0.02851 -4.44153e+00
 10 -0.03019 -5.09351e+00 | 11 -0.03192 -5.80613e+00 | 12 -0.03377 -6.60462e+00
 13 -0.03549 -7.41794e+00 | 14 -0.03769 -8.28535e+00 | 15 -0.04069 -9.30817e+00
 16 -0.04265 -1.04334e+01 | 17 -0.04516 -1.17264e+01 | 18 -0.04724 -1.27908e+01
 19 -0.04902 -1.35498e+01 | 20 -0.05011 -1.40488e+01 | 21 -0.05076 -1.43460e+01
 22 -0.05055 -1.41866e+01 | 23 -0.05209 -1.49620e+01 | 24 -0.05341 -1.61622e+01
 25 -0.05438 -1.76686e+01 | 26 -0.05446 -2.03339e+01 | 27 -0.05361 -2.44065e+01
 28 -0.04234 -3.14626e+01 | 29  0.03168 -6.38066e+01 | 30 -0.04810 -3.87346e+01
 31 -0.14239 -1.85482e+01 | 32 -0.18368 -1.33447e+01 | 33  0.03367 -8.69908e+01
 34 -0.12285 -2.53009e+01 | 35 -0.02450 -5.05792e+01 | 36 -0.00905 -5.57238e+01
 37 -0.07320 -3.07566e+01 | 38  0.03065 -6.41604e+01 | 39 -0.03990 -3.38708e+01
 40 -0.03963 -3.23510e+01 | 41 -0.04369 -2.78480e+01 | 42  0.00318 -3.52141e+01
 43 -0.01211 -2.68555e+01 | 44 -0.03329 -1.96743e+01 | 45 -0.04401 -1.56226e+01
 46 -0.03821 -1.32993e+01 | 47 -0.10339 -6.19228e+00 | 48 -0.04341 -6.68722e+00
 49 -0.20515 -8.02836e-01 | 50  0.07731  3.99681e-01 | 51 -0.08963  4.89133e-01
 52 -0.03875  1.05227e+00 | 53 -0.08269  8.19162e-01 | 54 -0.06676  1.00738e+00
 55 -0.02725  1.33224e+00 | 56 -0.08764  8.17547e-01 | 57 -0.05455  1.07024e+00
 58 -0.00138  1.67823e+00 | 59 -0.01432  1.40199e+00 | 60 -0.02610  1.22962e+00
 61 -0.07760  8.38666e-01 | 62 -0.00459  1.42203e+00 | 63 -0.06154  9.04396e-01
 64 -0.12224  5.64940e-01 | 65 -0.04709  1.00133e+00 | 66 -0.11643  5.33116e-01
 67 -0.09489  5.71227e-01 | 68 -0.08825  5.57158e-01 | 69  0.00979  1.11083e+00
 70 -0.02041  7.77959e-01 | 71 -0.22125  1.35725e-01 | 72 -0.11444  1.94257e-01
 73 -0.08579  3.31002e-02 | 74 -0.03939  8.61965e-04 | 75 -0.03783 -7.51426e-05
 76 -0.03792  2.97304e-03 | 77 -0.46106 -3.13899e+01 | 78 -4.17038  8.40500e+00
 79 -0.26990 -2.14828e+03 | 80 -0.88323  8.33821e+00 | 81  1.61709  2.65479e+01
 82  3.41569  1.49131e+00 | 83  0.30508 -6.47454e-02 | 84 -0.37654 -1.47414e-03
84 variables; iteration 700; function evaluation 836; phase 3
Function value -3.3707835e+01; maximum gradient component mag -6.0042e+02
Var    Value     Gradient |Var    Value     Gradient |Var    Value     Gradient
  1  0.01560 -4.99507e+02 |  2 -0.00512 -2.20106e-01 |  3 -0.00604 -2.76197e-01
  4 -0.02216 -2.87051e-01 |  5 -0.02316 -3.36014e-01 |  6 -0.02437 -4.06823e-01
  7 -0.02562 -4.65610e-01 |  8 -0.02703 -5.48609e-01 |  9 -0.02852 -6.32215e-01
 10 -0.03019 -7.31325e-01 | 11 -0.03193 -8.38934e-01 | 12 -0.03384 -9.72490e-01
 13 -0.03550 -1.06667e+00 | 14 -0.03771 -1.17744e+00 | 15 -0.04075 -1.34701e+00
 16 -0.04263 -1.48369e+00 | 17 -0.04507 -1.66916e+00 | 18 -0.04714 -1.81736e+00
 19 -0.04929 -2.09659e+00 | 20 -0.05008 -2.03445e+00 | 21 -0.05088 -2.09971e+00
 22 -0.05060 -2.03813e+00 | 23 -0.05155 -2.17807e+00 | 24 -0.05259 -2.34826e+00
 25 -0.05419 -2.57625e+00 | 26 -0.05612 -2.98317e+00 | 27 -0.05390 -3.75859e+00
 28 -0.04131 -5.12983e+00 | 29  0.03155 -1.01786e+01 | 30 -0.04830 -7.08196e+00
 31 -0.14200 -3.48446e+00 | 32 -0.18378 -2.81920e+00 | 33  0.03365 -2.10477e+01
 34 -0.12280 -7.03733e+00 | 35 -0.02452 -1.60422e+01 | 36 -0.00905 -1.99187e+01
 37 -0.07323 -1.19650e+01 | 38  0.03065 -2.66939e+01 | 39 -0.03991 -1.44143e+01
 40 -0.03963 -1.37311e+01 | 41 -0.04371 -1.16191e+01 | 42  0.00317 -1.41590e+01
 43 -0.01212 -1.03131e+01 | 44 -0.03330 -6.98286e+00 | 45 -0.04401 -5.13388e+00
 46 -0.03822 -4.10341e+00 | 47 -0.10339 -1.61383e+00 | 48 -0.04341 -1.75658e+00
 49 -0.20516 -2.18485e-01 | 50  0.07728 -3.92700e-02 | 51 -0.08956  4.86343e-02
 52 -0.03878  1.57990e-01 | 53 -0.08267  1.41026e-01 | 54 -0.06679  1.89516e-01
 55 -0.02725  2.67797e-01 | 56 -0.08765  1.41954e-01 | 57 -0.05456  2.31353e-01
 58 -0.00140  3.94016e-01 | 59 -0.01434  2.77375e-01 | 60 -0.02608  3.10789e-01
 61 -0.07762  1.67234e-01 | 62 -0.00461  2.23559e-01 | 63 -0.06152  1.70435e-01
 64 -0.12226  9.27925e-02 | 65 -0.04711  2.31114e-01 | 66 -0.11644  1.11978e-01
 67 -0.09491  1.30746e-01 | 68 -0.08826  1.09452e-01 | 69  0.00976  2.22328e-01
 70 -0.02039  1.61406e-01 | 71 -0.22123  3.07948e-02 | 72 -0.11446  3.21031e-02
 73 -0.08582  4.40997e-03 | 74 -0.03940 -1.92769e-03 | 75 -0.03783 -2.32037e-04
 76 -0.03793  1.04422e-03 | 77 -0.46132 -1.04322e+01 | 78 -4.17094  2.60400e+00
 79 -0.26999 -6.00422e+02 | 80 -0.91184  1.93013e+00 | 81  1.61985  8.97062e+00
 82  3.36059  3.79046e-01 | 83  0.30442 -6.00714e-02 | 84 -0.39264 -1.89469e-03
84 variables; iteration 720; function evaluation 857; phase 3
Function value -3.3714221e+01; maximum gradient component mag -1.4106e+03
Var    Value     Gradient |Var    Value     Gradient |Var    Value     Gradient
  1  0.01560 -1.13564e+03 |  2 -0.00523 -5.02088e-01 |  3 -0.00599 -5.71049e-01
  4 -0.02220 -6.23547e-01 |  5 -0.02323 -7.39102e-01 |  6 -0.02433 -8.52724e-01
  7 -0.02571 -1.02556e+00 |  8 -0.02706 -1.18181e+00 |  9 -0.02862 -1.38349e+00
 10 -0.03020 -1.56624e+00 | 11 -0.03189 -1.77394e+00 | 12 -0.03383 -2.04699e+00
 13 -0.03571 -2.33574e+00 | 14 -0.03790 -2.58835e+00 | 15 -0.04090 -2.91416e+00
 16 -0.04276 -3.23381e+00 | 17 -0.04529 -3.65492e+00 | 18 -0.04726 -3.95205e+00
 19 -0.04931 -4.31276e+00 | 20 -0.05028 -4.39489e+00 | 21 -0.05079 -4.43168e+00
 22 -0.05076 -4.41844e+00 | 23 -0.05154 -4.61774e+00 | 24 -0.05252 -4.97315e+00
 25 -0.05410 -5.47983e+00 | 26 -0.05629 -6.48250e+00 | 27 -0.05346 -7.80857e+00
 28 -0.03995 -1.03862e+01 | 29  0.03043 -2.19087e+01 | 30 -0.04701 -1.43637e+01
 31 -0.14277 -7.50700e+00 | 32 -0.18389 -5.95000e+00 | 33  0.03365 -4.51403e+01
 34 -0.12282 -1.56403e+01 | 35 -0.02451 -3.61206e+01 | 36 -0.00904 -4.60393e+01
 37 -0.07328 -2.81126e+01 | 38  0.03067 -6.27617e+01 | 39 -0.03990 -3.41672e+01
 40 -0.03965 -3.27297e+01 | 41 -0.04369 -2.76041e+01 | 42  0.00316 -3.40145e+01
 43 -0.01211 -2.47335e+01 | 44 -0.03329 -1.69384e+01 | 45 -0.04401 -1.25467e+01
 46 -0.03819 -9.92415e+00 | 47 -0.10341 -4.22997e+00 | 48 -0.04339 -4.49213e+00
 49 -0.20522 -5.09912e-01 | 50  0.07726 -4.54147e-01 | 51 -0.08947  8.33378e-02
 52 -0.03882  1.67412e-01 | 53 -0.08262  2.65529e-01 | 54 -0.06683  3.42814e-01
 55 -0.02725  6.65859e-01 | 56 -0.08765  4.28502e-01 | 57 -0.05457  5.28149e-01
 58 -0.00143  6.81591e-01 | 59 -0.01432  6.30659e-01 | 60 -0.02609  5.78921e-01
 61 -0.07762  4.33292e-01 | 62 -0.00462  7.86740e-01 | 63 -0.06152  4.64118e-01
 64 -0.12227  3.02963e-01 | 65 -0.04711  7.31663e-01 | 66 -0.11645  3.63448e-01
 67 -0.09491  4.40585e-01 | 68 -0.08827  4.29430e-01 | 69  0.00975  8.69144e-01
 70 -0.02038  5.27569e-01 | 71 -0.22118  1.39209e-01 | 72 -0.11447  2.07653e-01
 73 -0.08583  5.00852e-02 | 74 -0.03939  3.85812e-03 | 75 -0.03782  2.47685e-03
 76 -0.03798 -1.11432e-02 | 77 -0.46150 -2.33856e+01 | 78 -4.17095  5.89719e+00
 79 -0.27005 -1.41061e+03 | 80 -0.93419  3.00654e+00 | 81  1.62211  2.54251e+01
 82  3.29608  7.00188e-01 | 83  0.30342 -5.17787e-02 | 84 -0.40902 -2.21833e-03
84 variables; iteration 740; function evaluation 880; phase 3
Function value -3.3717562e+01; maximum gradient component mag -3.0791e+02
Var    Value     Gradient |Var    Value     Gradient |Var    Value     Gradient
  1  0.01559 -2.61187e+02 |  2 -0.00517 -2.91507e-01 |  3 -0.00606 -3.52429e-01
  4 -0.02220 -3.72232e-01 |  5 -0.02322 -4.40467e-01 |  6 -0.02440 -5.20705e-01
  7 -0.02570 -6.10991e-01 |  8 -0.02710 -7.13683e-01 |  9 -0.02860 -8.24694e-01
 10 -0.03024 -9.42495e-01 | 11 -0.03197 -1.07344e+00 | 12 -0.03382 -1.22212e+00
 13 -0.03559 -1.37763e+00 | 14 -0.03784 -1.53770e+00 | 15 -0.04079 -1.72004e+00
 16 -0.04279 -1.93861e+00 | 17 -0.04524 -2.17820e+00 | 18 -0.04730 -2.36901e+00
 19 -0.04890 -2.52071e+00 | 20 -0.05017 -2.61781e+00 | 21 -0.05091 -2.67679e+00
 22 -0.05075 -2.64466e+00 | 23 -0.05151 -2.75229e+00 | 24 -0.05256 -2.96593e+00
 25 -0.05420 -3.24640e+00 | 26 -0.05626 -3.74704e+00 | 27 -0.05355 -4.40793e+00
 28 -0.04004 -5.59848e+00 | 29  0.03063 -1.08760e+01 | 30 -0.04732 -6.37322e+00
 31 -0.14247 -2.91328e+00 | 32 -0.18393 -1.98357e+00 | 33  0.03362 -1.18479e+01
 34 -0.12272 -3.11503e+00 | 35 -0.02455 -5.63670e+00 | 36 -0.00905 -5.42227e+00
 37 -0.07321 -2.78119e+00 | 38  0.03062 -5.19125e+00 | 39 -0.03991 -2.76985e+00
 40 -0.03963 -2.83590e+00 | 41 -0.04372 -2.68089e+00 | 42  0.00315 -3.82676e+00
 43 -0.01214 -3.26321e+00 | 44 -0.03332 -2.58675e+00 | 45 -0.04403 -2.21934e+00
 46 -0.03826 -2.01084e+00 | 47 -0.10339 -1.01695e+00 | 48 -0.04344 -1.12300e+00
 49 -0.20513 -1.13212e-01 | 50  0.07727  7.42145e-02 | 51 -0.08954  7.59492e-02
 52 -0.03879  1.45106e-01 | 53 -0.08271  1.16653e-01 | 54 -0.06677  1.50261e-01
 55 -0.02726  2.20573e-01 | 56 -0.08763  1.50499e-01 | 57 -0.05455  1.69683e-01
 58 -0.00142  2.20420e-01 | 59 -0.01431  2.25758e-01 | 60 -0.02614  1.86806e-01
 61 -0.07763  1.46590e-01 | 62 -0.00459  2.73433e-01 | 63 -0.06156  1.49778e-01
 64 -0.12227  1.03733e-01 | 65 -0.04710  1.95764e-01 | 66 -0.11646  9.88224e-02
 67 -0.09492  1.23220e-01 | 68 -0.08830  1.21496e-01 | 69  0.00977  2.48085e-01
 70 -0.02039  1.49348e-01 | 71 -0.22127  3.27118e-02 | 72 -0.11448  5.27313e-02
 73 -0.08574  1.14810e-02 | 74 -0.03938  7.24939e-05 | 75 -0.03783 -5.41405e-04
 76 -0.03793  2.25092e-04 | 77 -0.46064 -3.75031e+00 | 78 -4.17041  1.01433e+00
 79 -0.27007 -3.07909e+02 | 80 -0.94976  6.09231e-01 | 81  1.62387  5.41610e+00
 82  3.21498  7.83058e-02 | 83  0.30134 -3.74893e-02 | 84 -0.43129 -2.50897e-03
84 variables; iteration 760; function evaluation 902; phase 3
Function value -3.3718553e+01; maximum gradient component mag -1.6059e+01
Var    Value     Gradient |Var    Value     Gradient |Var    Value     Gradient
  1  0.01560 -1.60594e+01 |  2 -0.00518 -2.54424e-03 |  3 -0.00606 -3.20230e-03
  4 -0.02219 -3.34888e-03 |  5 -0.02322 -3.82541e-03 |  6 -0.02440 -4.26840e-03
  7 -0.02570 -4.94627e-03 |  8 -0.02710 -5.79350e-03 |  9 -0.02860 -7.01791e-03
 10 -0.03025 -7.90550e-03 | 11 -0.03198 -9.30791e-03 | 12 -0.03382 -1.08492e-02
 13 -0.03557 -1.14040e-02 | 14 -0.03784 -1.30212e-02 | 15 -0.04080 -1.29804e-02
 16 -0.04279 -2.10410e-02 | 17 -0.04521 -2.04328e-02 | 18 -0.04730 -2.32100e-02
 19 -0.04917 -1.27726e-01 | 20 -0.05012 -3.09580e-02 | 21 -0.05091 -4.75602e-02
 22 -0.05076 -4.43145e-02 | 23 -0.05150 -2.89260e-02 | 24 -0.05253 -2.87716e-02
 25 -0.05419 -3.68404e-02 | 26 -0.05628 -4.80399e-02 | 27 -0.05352 -6.68297e-02
 28 -0.03998 -1.20120e-01 | 29  0.03059 -2.82261e-01 | 30 -0.04729 -2.22318e-01
 31 -0.14249 -1.26785e-01 | 32 -0.18395 -1.00806e-01 | 33  0.03362 -7.94399e-01
 34 -0.12273 -2.89399e-01 | 35 -0.02454 -7.22329e-01 | 36 -0.00906 -9.45248e-01
 37 -0.07323 -6.31342e-01 | 38  0.03063 -1.22703e+00 | 39 -0.03991 -6.33925e-01
 40 -0.03964 -5.24196e-01 | 41 -0.04372 -3.77958e-01 | 42  0.00315 -3.47641e-01
 43 -0.01212 -1.81314e-01 | 44 -0.03331 -1.07510e-01 | 45 -0.04402 -5.80018e-02
 46 -0.03824 -3.03868e-02 | 47 -0.10340 -2.47527e-02 | 48 -0.04343 -1.94137e-02
 49 -0.20515 -1.10364e-02 | 50  0.07726  2.56634e-02 | 51 -0.08951  1.69019e-02
 52 -0.03880  1.51274e-02 | 53 -0.08267  7.12836e-03 | 54 -0.06679  1.16091e-02
 55 -0.02727  2.30295e-02 | 56 -0.08764  1.69622e-02 | 57 -0.05457  1.52260e-02
 58 -0.00143  1.50564e-02 | 59 -0.01432  2.24933e-02 | 60 -0.02611  1.79583e-02
 61 -0.07763  1.54124e-02 | 62 -0.00461  3.54299e-02 | 63 -0.06154  1.82349e-02
 64 -0.12227  1.34232e-02 | 65 -0.04712  3.12319e-02 | 66 -0.11644  1.25466e-02
 67 -0.09493  1.49954e-02 | 68 -0.08829  1.11667e-02 | 69  0.00974  3.55916e-02
 70 -0.02037  2.05516e-02 | 71 -0.22125  5.33897e-03 | 72 -0.11448  8.13704e-03
 73 -0.08580  1.34211e-03 | 74 -0.03939 -1.73106e-04 | 75 -0.03783 -1.82421e-04
 76 -0.03793 -8.14073e-06 | 77 -0.46108 -8.26697e-01 | 78 -4.17073  1.93377e-01
 79 -0.27009 -1.37606e+01 | 80 -0.96310  9.71832e-02 | 81  1.62464  6.62102e-01
 82  3.15701 -3.07990e-03 | 83  0.30072 -3.42803e-02 | 84 -0.44014 -2.59233e-03
84 variables; iteration 780; function evaluation 922; phase 3
Function value -3.3718590e+01; maximum gradient component mag 1.4573e+01
Var    Value     Gradient |Var    Value     Gradient |Var    Value     Gradient
  1  0.01560  9.18769e+00 |  2 -0.00518  4.83719e-03 |  3 -0.00606  6.10319e-03
  4 -0.02220  6.35166e-03 |  5 -0.02322  7.49384e-03 |  6 -0.02440  9.14828e-03
  7 -0.02570  1.06335e-02 |  8 -0.02710  1.25784e-02 |  9 -0.02861  1.42111e-02
 10 -0.03025  1.64647e-02 | 11 -0.03199  1.86728e-02 | 12 -0.03383  2.07353e-02
 13 -0.03558  2.37531e-02 | 14 -0.03785  2.73108e-02 | 15 -0.04081  3.06961e-02
 16 -0.04279  3.11802e-02 | 17 -0.04522  3.70287e-02 | 18 -0.04731  3.94238e-02
 19 -0.04907 -2.83708e-02 | 20 -0.05012  3.97068e-02 | 21 -0.05090  2.99257e-02
 22 -0.05075  3.17976e-02 | 23 -0.05151  4.46592e-02 | 24 -0.05254  5.10391e-02
 25 -0.05420  5.48590e-02 | 26 -0.05628  6.59407e-02 | 27 -0.05353  8.00250e-02
 28 -0.03997  9.79838e-02 | 29  0.03058  2.22430e-01 | 30 -0.04729  1.39860e-01
 31 -0.14249  6.56823e-02 | 32 -0.18395  5.29078e-02 | 33  0.03362  3.82768e-01
 34 -0.12272  1.27370e-01 | 35 -0.02454  3.07039e-01 | 36 -0.00906  3.97643e-01
 37 -0.07322  2.09001e-01 | 38  0.03062  5.26865e-01 | 39 -0.03991  2.71253e-01
 40 -0.03964  2.43511e-01 | 41 -0.04372  1.95902e-01 | 42  0.00315  2.29585e-01
 43 -0.01213  1.59329e-01 | 44 -0.03332  9.70058e-02 | 45 -0.04403  7.30178e-02
 46 -0.03825  5.47166e-02 | 47 -0.10340  1.50677e-02 | 48 -0.04343  1.72708e-02
 49 -0.20515 -5.19287e-05 | 50  0.07726  9.46158e-04 | 51 -0.08951 -6.70416e-04
 52 -0.03880 -4.70638e-03 | 53 -0.08268 -3.39634e-03 | 54 -0.06679 -2.56131e-03
 55 -0.02726 -2.19751e-04 | 56 -0.08764  2.52606e-04 | 57 -0.05456 -1.81137e-03
 58 -0.00143 -8.50094e-03 | 59 -0.01432 -3.95094e-03 | 60 -0.02612 -4.43397e-03
 61 -0.07763 -9.77043e-04 | 62 -0.00461 -1.54943e-04 | 63 -0.06155 -1.13997e-03
 64 -0.12227 -1.91634e-05 | 65 -0.04712  3.84568e-03 | 66 -0.11645  2.50431e-04
 67 -0.09493  1.72685e-03 | 68 -0.08829  1.09959e-03 | 69  0.00975  5.98155e-03
 70 -0.02037  1.51465e-03 | 71 -0.22126  8.52636e-04 | 72 -0.11448  1.96115e-03
 73 -0.08578  2.70155e-04 | 74 -0.03939 -8.20059e-05 | 75 -0.03783 -5.90794e-05
 76 -0.03793 -6.58162e-06 | 77 -0.46095 -1.80520e-01 | 78 -4.17061  3.44320e-02
 79 -0.27009  1.45727e+01 | 80 -0.96532  5.55000e-02 | 81  1.62479 -4.40544e-01
 82  3.14138 -1.56828e-02 | 83  0.30036 -3.25310e-02 | 84 -0.44351 -2.62314e-03
84 variables; iteration 800; function evaluation 946; phase 3
Function value -3.3718822e+01; maximum gradient component mag -8.2212e+01
Var    Value     Gradient |Var    Value     Gradient |Var    Value     Gradient
  1  0.01560 -6.69224e+01 |  2 -0.00518 -6.65276e-02 |  3 -0.00606 -7.99413e-02
  4 -0.02220 -8.49271e-02 |  5 -0.02322 -1.00110e-01 |  6 -0.02440 -1.18352e-01
  7 -0.02570 -1.38780e-01 |  8 -0.02710 -1.62096e-01 |  9 -0.02861 -1.87859e-01
 10 -0.03026 -2.14284e-01 | 11 -0.03199 -2.45777e-01 | 12 -0.03384 -2.81553e-01
 13 -0.03558 -3.12561e-01 | 14 -0.03788 -3.57475e-01 | 15 -0.04083 -3.94253e-01
 16 -0.04279 -4.41576e-01 | 17 -0.04522 -4.92522e-01 | 18 -0.04731 -5.40450e-01
 19 -0.04902 -6.23549e-01 | 20 -0.05013 -5.98031e-01 | 21 -0.05089 -6.18617e-01
 22 -0.05076 -6.13743e-01 | 23 -0.05150 -6.25731e-01 | 24 -0.05254 -6.74730e-01
 25 -0.05420 -7.39192e-01 | 26 -0.05627 -8.49169e-01 | 27 -0.05353 -9.91338e-01
 28 -0.03996 -1.23982e+00 | 29  0.03059 -2.35979e+00 | 30 -0.04729 -1.37440e+00
 31 -0.14249 -6.36792e-01 | 32 -0.18396 -4.41216e-01 | 33  0.03362 -2.71092e+00
 34 -0.12272 -7.41766e-01 | 35 -0.02455 -1.32637e+00 | 36 -0.00906 -1.31097e+00
 37 -0.07321 -7.20014e-01 | 38  0.03062 -1.46374e+00 | 39 -0.03991 -8.56792e-01
 40 -0.03964 -9.73299e-01 | 41 -0.04372 -9.94527e-01 | 42  0.00315 -1.46752e+00
 43 -0.01213 -1.26432e+00 | 44 -0.03332 -9.88606e-01 | 45 -0.04403 -7.92874e-01
 46 -0.03825 -7.18018e-01 | 47 -0.10340 -3.26638e-01 | 48 -0.04343 -3.90673e-01
 49 -0.20517 -4.36110e-02 | 50  0.07726 -5.47106e-02 | 51 -0.08951  4.61573e-04
 52 -0.03880  3.89250e-03 | 53 -0.08269  1.10867e-02 | 54 -0.06679  2.05129e-02
 55 -0.02726  4.58067e-02 | 56 -0.08763  2.97261e-02 | 57 -0.05456  4.01008e-02
 58 -0.00143  3.74739e-02 | 59 -0.01432  3.63956e-02 | 60 -0.02612  3.80255e-02
 61 -0.07763  2.53340e-02 | 62 -0.00461  5.07594e-02 | 63 -0.06155  2.79388e-02
 64 -0.12228  1.96820e-02 | 65 -0.04711  6.09633e-02 | 66 -0.11645  2.64056e-02
 67 -0.09493  3.77788e-02 | 68 -0.08830  3.35586e-02 | 69  0.00975  7.22951e-02
 70 -0.02037  3.95579e-02 | 71 -0.22126  1.08508e-02 | 72 -0.11449  1.74089e-02
 73 -0.08577  3.65440e-03 | 74 -0.03939 -4.21770e-04 | 75 -0.03783 -1.37317e-04
 76 -0.03794 -6.79290e-04 | 77 -0.46086 -1.29465e+00 | 78 -4.17057  3.29460e-01
 79 -0.27010 -8.22119e+01 | 80 -0.97859  3.92650e-02 | 81  1.62502  8.46529e-01
 82  3.11313 -1.05115e-02 | 83  0.30080 -3.42101e-02 | 84 -0.37171 -1.45252e-03
84 variables; iteration 820; function evaluation 968; phase 3
Function value -3.3719354e+01; maximum gradient component mag 1.6919e+02
Var    Value     Gradient |Var    Value     Gradient |Var    Value     Gradient
  1  0.01560  1.33395e+02 |  2 -0.00517  5.29837e-02 |  3 -0.00606  6.15373e-02
  4 -0.02220  6.56026e-02 |  5 -0.02322  7.90962e-02 |  6 -0.02440  9.28882e-02
  7 -0.02570  1.09556e-01 |  8 -0.02710  1.27643e-01 |  9 -0.02861  1.47137e-01
 10 -0.03025  1.68553e-01 | 11 -0.03199  1.91012e-01 | 12 -0.03384  2.16699e-01
 13 -0.03557  2.47596e-01 | 14 -0.03787  2.68276e-01 | 15 -0.04082  3.08861e-01
 16 -0.04279  3.44093e-01 | 17 -0.04521  3.90788e-01 | 18 -0.04732  4.21626e-01
 19 -0.04900  3.99447e-01 | 20 -0.05012  4.61890e-01 | 21 -0.05088  4.65872e-01
 22 -0.05075  4.61237e-01 | 23 -0.05151  4.95599e-01 | 24 -0.05255  5.36616e-01
 25 -0.05420  5.97750e-01 | 26 -0.05629  7.11841e-01 | 27 -0.05354  8.68424e-01
 28 -0.03996  1.17053e+00 | 29  0.03059  2.55497e+00 | 30 -0.04728  1.71872e+00
 31 -0.14249  8.86196e-01 | 32 -0.18395  7.21301e-01 | 33  0.03362  5.50222e+00
 34 -0.12272  1.90233e+00 | 35 -0.02455  4.57039e+00 | 36 -0.00906  5.84374e+00
 37 -0.07321  3.52313e+00 | 38  0.03062  7.92135e+00 | 39 -0.03991  4.23763e+00
 40 -0.03963  3.93868e+00 | 41 -0.04372  3.23749e+00 | 42  0.00315  3.82086e+00
 43 -0.01213  2.68282e+00 | 44 -0.03332  1.77924e+00 | 45 -0.04403  1.30470e+00
 46 -0.03825  1.00254e+00 | 47 -0.10340  4.31141e-01 | 48 -0.04343  4.34137e-01
 49 -0.20516  4.59620e-02 | 50  0.07727 -4.33412e-02 | 51 -0.08952 -3.19030e-02
 52 -0.03880 -6.73423e-02 | 53 -0.08269 -5.55593e-02 | 54 -0.06678 -6.32746e-02
 55 -0.02726 -8.40555e-02 | 56 -0.08763 -5.15978e-02 | 57 -0.05456 -6.15903e-02
 58 -0.00142 -9.15464e-02 | 59 -0.01432 -8.49445e-02 | 60 -0.02612 -7.21387e-02
 61 -0.07763 -5.52150e-02 | 62 -0.00460 -9.01624e-02 | 63 -0.06155 -5.78215e-02
 64 -0.12227 -3.43717e-02 | 65 -0.04711 -5.41537e-02 | 66 -0.11645 -3.21834e-02
 67 -0.09493 -3.38585e-02 | 68 -0.08829 -3.59050e-02 | 69  0.00975 -7.10399e-02
 70 -0.02037 -5.03826e-02 | 71 -0.22127 -8.82898e-03 | 72 -0.11448 -1.32220e-02
 73 -0.08576 -2.58856e-03 | 74 -0.03939 -4.28517e-04 | 75 -0.03783 -2.18793e-04
 76 -0.03793 -3.93304e-05 | 77 -0.46082  2.39631e+00 | 78 -4.17049 -6.03416e-01
 79 -0.27010  1.69192e+02 | 80 -0.97212 -1.07896e-01 | 81  1.62463 -4.58172e+00
 82  3.15789 -5.71668e-02 | 83  0.30164 -4.76833e-02 | 84 -0.35533  2.93188e-03
84 variables; iteration 840; function evaluation 988; phase 3
Function value -3.3719405e+01; maximum gradient component mag -8.5885e+01
Var    Value     Gradient |Var    Value     Gradient |Var    Value     Gradient
  1  0.01559 -6.82791e+01 |  2 -0.00519 -1.38166e-02 |  3 -0.00604 -7.39366e-03
  4 -0.02219 -1.08052e-02 |  5 -0.02323 -1.73816e-02 |  6 -0.02440 -1.78018e-02
  7 -0.02571 -2.36194e-02 |  8 -0.02711 -2.69389e-02 |  9 -0.02861 -2.99558e-02
 10 -0.03025 -3.27289e-02 | 11 -0.03197 -3.36906e-02 | 12 -0.03382 -3.94246e-02
 13 -0.03561 -5.72898e-02 | 14 -0.03777 -2.95573e-02 | 15 -0.04082 -6.08044e-02
 16 -0.04278 -6.81399e-02 | 17 -0.04525 -8.60325e-02 | 18 -0.04730 -8.06608e-02
 19 -0.04895 -1.21507e-01 | 20 -0.05014 -1.00099e-01 | 21 -0.05089 -1.04822e-01
 22 -0.05072 -9.48693e-02 | 23 -0.05154 -1.08330e-01 | 24 -0.05255 -1.11336e-01
 25 -0.05423 -1.32639e-01 | 26 -0.05630 -1.61535e-01 | 27 -0.05351 -2.01510e-01
 28 -0.03997 -3.20466e-01 | 29  0.03060 -7.83858e-01 | 30 -0.04730 -6.17480e-01
 31 -0.14243 -3.38644e-01 | 32 -0.18397 -3.24433e-01 | 33  0.03362 -2.73436e+00
 34 -0.12271 -1.01182e+00 | 35 -0.02455 -2.64548e+00 | 36 -0.00906 -3.43670e+00
 37 -0.07321 -2.14378e+00 | 38  0.03062 -4.85077e+00 | 39 -0.03991 -2.63909e+00
 40 -0.03964 -2.44567e+00 | 41 -0.04372 -1.96101e+00 | 42  0.00315 -2.30787e+00
 43 -0.01213 -1.59402e+00 | 44 -0.03331 -9.94525e-01 | 45 -0.04403 -7.48223e-01
 46 -0.03825 -5.08424e-01 | 47 -0.10340 -2.55907e-01 | 48 -0.04343 -1.97964e-01
 49 -0.20514 -4.29666e-03 | 50  0.07727  5.65239e-02 | 51 -0.08953  9.46650e-03
 52 -0.03879  5.77736e-02 | 53 -0.08269  5.28506e-02 | 54 -0.06678  5.08621e-02
 55 -0.02726  4.24746e-02 | 56 -0.08763  2.34100e-02 | 57 -0.05456  2.80669e-02
 58 -0.00142  7.35562e-02 | 59 -0.01432  5.67637e-02 | 60 -0.02613  4.23504e-02
 61 -0.07762  3.78384e-02 | 62 -0.00460  3.73033e-02 | 63 -0.06155  2.99536e-02
 64 -0.12227  1.14197e-02 | 65 -0.04711 -1.70461e-02 | 66 -0.11644  2.82589e-03
 67 -0.09493 -7.76491e-03 | 68 -0.08829  1.09198e-02 | 69  0.00975  2.77005e-02
 70 -0.02037  2.09128e-02 | 71 -0.22127  2.95657e-03 | 72 -0.11448  2.23050e-03
 73 -0.08576 -7.05643e-05 | 74 -0.03938  1.92724e-03 | 75 -0.03782  1.06573e-03
 76 -0.03793 -3.42358e-04 | 77 -0.46076 -1.58752e+00 | 78 -4.17044  3.85863e-01
 79 -0.27010 -8.58846e+01 | 80 -0.96947  1.24939e-01 | 81  1.62445  2.71920e+00
 82  3.17380  2.40023e-02 | 83  0.30189 -5.26408e-02 | 84 -0.35275  4.53751e-03
84 variables; iteration 860; function evaluation 1012; phase 3
Function value -3.3720040e+01; maximum gradient component mag -1.3678e+02
Var    Value     Gradient |Var    Value     Gradient |Var    Value     Gradient
  1  0.01559 -1.12607e+02 |  2 -0.00516 -5.69679e-02 |  3 -0.00608 -8.07553e-02
  4 -0.02221 -8.13953e-02 |  5 -0.02321 -9.05168e-02 |  6 -0.02440 -1.10441e-01
  7 -0.02568 -1.25739e-01 |  8 -0.02709 -1.47714e-01 |  9 -0.02860 -1.72515e-01
 10 -0.03025 -1.98926e-01 | 11 -0.03200 -2.31812e-01 | 12 -0.03384 -2.63277e-01
 13 -0.03554 -2.78509e-01 | 14 -0.03796 -3.55930e-01 | 15 -0.04081 -3.63071e-01
 16 -0.04279 -4.10336e-01 | 17 -0.04518 -4.46508e-01 | 18 -0.04734 -5.06228e-01
 19 -0.04887 -5.34471e-01 | 20 -0.05011 -5.44842e-01 | 21 -0.05086 -5.61094e-01
 22 -0.05076 -5.65383e-01 | 23 -0.05149 -5.74797e-01 | 24 -0.05257 -6.32237e-01
 25 -0.05422 -6.94423e-01 | 26 -0.05633 -8.22748e-01 | 27 -0.05362 -1.00649e+00
 28 -0.03995 -1.31272e+00 | 29  0.03059 -2.74828e+00 | 30 -0.04727 -1.75781e+00
 31 -0.14252 -8.91047e-01 | 32 -0.18393 -6.56683e-01 | 33  0.03362 -4.69517e+00
 34 -0.12272 -1.56501e+00 | 35 -0.02455 -3.53096e+00 | 36 -0.00906 -4.53564e+00
 37 -0.07320 -2.72636e+00 | 38  0.03062 -5.97094e+00 | 39 -0.03991 -3.13549e+00
 40 -0.03963 -2.88486e+00 | 41 -0.04372 -2.40719e+00 | 42  0.00315 -2.77033e+00
 43 -0.01213 -1.91566e+00 | 44 -0.03333 -1.37015e+00 | 45 -0.04402 -9.44764e-01
 46 -0.03826 -8.11307e-01 | 47 -0.10339 -2.96427e-01 | 48 -0.04343 -3.91503e-01
 49 -0.20520 -7.59470e-02 | 50  0.07727  4.72573e-03 | 51 -0.08951  5.17277e-02
 52 -0.03880  5.13441e-02 | 53 -0.08270  2.17924e-02 | 54 -0.06678  4.15715e-02
 55 -0.02726  8.46977e-02 | 56 -0.08763  5.74020e-02 | 57 -0.05455  8.10658e-02
 58 -0.00143  8.56877e-02 | 59 -0.01432  8.61980e-02 | 60 -0.02612  8.62206e-02
 61 -0.07764  4.29171e-02 | 62 -0.00459  1.16085e-01 | 63 -0.06155  6.24728e-02
 64 -0.12228  4.77122e-02 | 65 -0.04710  1.30563e-01 | 66 -0.11646  5.37885e-02
 67 -0.09492  6.70329e-02 | 68 -0.08830  3.83329e-02 | 69  0.00975  7.19797e-02
 70 -0.02037  5.75279e-02 | 71 -0.22128  1.05851e-02 | 72 -0.11449  1.76150e-02
 73 -0.08574  3.36568e-03 | 74 -0.03939 -2.37888e-03 | 75 -0.03783 -1.41407e-03
 76 -0.03793  6.20736e-04 | 77 -0.46068 -2.08904e+00 | 78 -4.17040  5.19166e-01
 79 -0.27010 -1.36782e+02 | 80 -0.97738  8.76676e-02 | 81  1.62359  3.33190e+00
 82  3.23165  5.64675e-02 | 83  0.30426 -5.89913e-02 | 84 -0.35165  1.65089e-03
84 variables; iteration 880; function evaluation 1034; phase 3
Function value -3.3720188e+01; maximum gradient component mag -6.6028e+01
Var    Value     Gradient |Var    Value     Gradient |Var    Value     Gradient
  1  0.01559 -5.34803e+01 |  2 -0.00517 -3.28940e-02 |  3 -0.00605 -4.16251e-02
  4 -0.02219 -4.31817e-02 |  5 -0.02321 -5.04578e-02 |  6 -0.02439 -6.01923e-02
  7 -0.02569 -6.97864e-02 |  8 -0.02709 -8.17812e-02 |  9 -0.02859 -9.45526e-02
 10 -0.03024 -1.08955e-01 | 11 -0.03198 -1.24886e-01 | 12 -0.03382 -1.41143e-01
 13 -0.03556 -1.56501e-01 | 14 -0.03785 -1.79426e-01 | 15 -0.04080 -1.98031e-01
 16 -0.04278 -2.23884e-01 | 17 -0.04521 -2.49239e-01 | 18 -0.04731 -2.74196e-01
 19 -0.04887 -2.95781e-01 | 20 -0.05012 -3.00491e-01 | 21 -0.05087 -3.08763e-01
 22 -0.05073 -3.05712e-01 | 23 -0.05153 -3.18054e-01 | 24 -0.05258 -3.44345e-01
 25 -0.05425 -3.78680e-01 | 26 -0.05637 -4.43769e-01 | 27 -0.05362 -5.31239e-01
 28 -0.03999 -6.94302e-01 | 29  0.03061 -1.40949e+00 | 30 -0.04729 -8.86766e-01
 31 -0.14246 -4.31488e-01 | 32 -0.18394 -3.21031e-01 | 33  0.03362 -2.21996e+00
 34 -0.12271 -7.05418e-01 | 35 -0.02455 -1.58206e+00 | 36 -0.00906 -1.92455e+00
 37 -0.07320 -1.13310e+00 | 38  0.03062 -2.48531e+00 | 39 -0.03990 -1.32474e+00
 40 -0.03963 -1.25749e+00 | 41 -0.04372 -1.07014e+00 | 42  0.00315 -1.31003e+00
 43 -0.01213 -9.57407e-01 | 44 -0.03332 -6.82909e-01 | 45 -0.04403 -5.11006e-01
 46 -0.03826 -4.21947e-01 | 47 -0.10340 -1.88030e-01 | 48 -0.04343 -2.06036e-01
 49 -0.20519 -2.42708e-02 | 50  0.07727  1.42107e-02 | 51 -0.08952  1.70206e-02
 52 -0.03880  3.08599e-02 | 53 -0.08270  2.06572e-02 | 54 -0.06677  2.73544e-02
 55 -0.02726  3.70865e-02 | 56 -0.08763  2.51509e-02 | 57 -0.05455  3.10162e-02
 58 -0.00142  4.44264e-02 | 59 -0.01432  4.23036e-02 | 60 -0.02613  3.57559e-02
 61 -0.07763  2.38011e-02 | 62 -0.00460  4.62337e-02 | 63 -0.06155  2.54294e-02
 64 -0.12228  1.79881e-02 | 65 -0.04711  3.32316e-02 | 66 -0.11645  1.70791e-02
 67 -0.09493  2.00495e-02 | 68 -0.08830  1.79168e-02 | 69  0.00975  3.61546e-02
 70 -0.02037  2.41919e-02 | 71 -0.22128  4.05700e-03 | 72 -0.11449  6.45997e-03
 73 -0.08574  1.09311e-03 | 74 -0.03939 -2.28684e-04 | 75 -0.03783 -2.49398e-04
 76 -0.03793  3.71754e-04 | 77 -0.46067 -9.75190e-01 | 78 -4.17042  2.36749e-01
 79 -0.27010 -6.60276e+01 | 80 -0.97751  3.91578e-02 | 81  1.62262  1.34096e+00
 82  3.27689  3.34884e-02 | 83  0.30576 -6.98482e-02 | 84 -0.35251  5.17982e-04
84 variables; iteration 900; function evaluation 1057; phase 3
Function value -3.3720196e+01; maximum gradient component mag -7.7631e+00
Var    Value     Gradient |Var    Value     Gradient |Var    Value     Gradient
  1  0.01559 -6.21257e+00 |  2 -0.00517 -4.28212e-03 |  3 -0.00605 -5.45256e-03
  4 -0.02219 -5.64058e-03 |  5 -0.02321 -6.57650e-03 |  6 -0.02439 -7.88309e-03
  7 -0.02569 -9.09917e-03 |  8 -0.02709 -1.06738e-02 |  9 -0.02859 -1.23241e-02
 10 -0.03024 -1.42068e-02 | 11 -0.03197 -1.62391e-02 | 12 -0.03381 -1.83189e-02
 13 -0.03557 -2.02823e-02 | 14 -0.03784 -2.33166e-02 | 15 -0.04080 -2.57152e-02
 16 -0.04277 -2.89779e-02 | 17 -0.04522 -3.23673e-02 | 18 -0.04731 -3.54900e-02
 19 -0.04886 -4.29019e-02 | 20 -0.05012 -3.90934e-02 | 21 -0.05086 -4.04537e-02
 22 -0.05073 -4.01180e-02 | 23 -0.05153 -4.09741e-02 | 24 -0.05258 -4.41413e-02
 25 -0.05426 -4.85255e-02 | 26 -0.05638 -5.70371e-02 | 27 -0.05363 -6.89533e-02
 28 -0.03998 -9.02951e-02 | 29  0.03060 -1.82415e-01 | 30 -0.04728 -1.12891e-01
 31 -0.14246 -5.35343e-02 | 32 -0.18394 -3.86307e-02 | 33  0.03362 -2.53013e-01
 34 -0.12271 -7.76475e-02 | 35 -0.02455 -1.67526e-01 | 36 -0.00906 -1.99169e-01
 37 -0.07320 -1.10173e-01 | 38  0.03062 -2.58740e-01 | 39 -0.03990 -1.29658e-01
 40 -0.03963 -1.37435e-01 | 41 -0.04372 -1.16673e-01 | 42  0.00315 -1.48802e-01
 43 -0.01213 -1.12679e-01 | 44 -0.03332 -8.28571e-02 | 45 -0.04403 -6.31768e-02
 46 -0.03826 -5.29008e-02 | 47 -0.10340 -2.42841e-02 | 48 -0.04343 -2.70246e-02
 49 -0.20519 -4.00526e-03 | 50  0.07727 -6.07055e-04 | 51 -0.08952  1.62083e-03
 52 -0.03880  3.02616e-03 | 53 -0.08270  2.13543e-03 | 54 -0.06678  3.01213e-03
 55 -0.02726  4.18971e-03 | 56 -0.08763  2.85494e-03 | 57 -0.05455  3.57816e-03
 58 -0.00142  5.03642e-03 | 59 -0.01432  4.63204e-03 | 60 -0.02613  3.90472e-03
 61 -0.07763  2.61487e-03 | 62 -0.00460  5.22363e-03 | 63 -0.06155  2.93665e-03
 64 -0.12228  2.08560e-03 | 65 -0.04711  4.05348e-03 | 66 -0.11645  2.30128e-03
 67 -0.09493  2.68924e-03 | 68 -0.08830  2.41184e-03 | 69  0.00975  4.41045e-03
 70 -0.02037  2.74457e-03 | 71 -0.22128  3.97971e-04 | 72 -0.11449  6.45919e-04
 73 -0.08574  1.27070e-04 | 74 -0.03939 -3.62149e-05 | 75 -0.03783 -3.22580e-05
 76 -0.03793  4.14144e-05 | 77 -0.46068 -1.38450e-01 | 78 -4.17041  2.54715e-02
 79 -0.27010 -7.76310e+00 | 80 -0.97763 -4.77175e-04 | 81  1.62228  1.21140e-01
 82  3.28973  5.74607e-03 | 83  0.30622 -7.45979e-02 | 84 -0.35313  3.11329e-04
  ic > imax  in fminim is answer attained ?
Var    Value     Gradient |Var    Value     Gradient |Var    Value     Gradient
  1  0.01562 -6.84947e+02 |  2 -0.00522 -3.89278e-01 |  3 -0.00599 -4.65188e-01
  4 -0.02218 -4.92921e-01 |  5 -0.02323 -5.85626e-01 |  6 -0.02432 -6.90477e-01
  7 -0.02575 -8.12337e-01 |  8 -0.02701 -9.45588e-01 |  9 -0.02861 -1.09556e+00
 10 -0.03049 -1.25664e+00 | 11 -0.03246 -1.43513e+00 | 12 -0.03399 -1.62765e+00
 13 -0.03521 -1.82387e+00 | 14 -0.03870 -2.05464e+00 | 15 -0.04122 -2.30001e+00
 16 -0.04306 -2.57682e+00 | 17 -0.04514 -2.88849e+00 | 18 -0.04777 -3.15828e+00
 19 -0.04905 -3.33510e+00 | 20 -0.04947 -3.45492e+00 | 21 -0.05030 -3.53445e+00
 22 -0.05103 -3.51143e+00 | 23 -0.05136 -3.66979e+00 | 24 -0.05247 -3.96396e+00
 25 -0.05414 -4.37546e+00 | 26 -0.05666 -5.12879e+00 | 27 -0.05395 -6.12727e+00
 28 -0.03867 -7.97803e+00 | 29  0.02952 -1.64273e+01 | 30 -0.04576 -1.04043e+01
 31 -0.14364 -5.18797e+00 | 32 -0.18425 -3.97989e+00 | 33  0.03365 -2.83588e+01
 34 -0.12277 -9.17982e+00 | 35 -0.02450 -2.06497e+01 | 36 -0.00911 -2.51957e+01
 37 -0.07314 -1.49165e+01 | 38  0.03061 -3.30874e+01 | 39 -0.03985 -1.78807e+01
 40 -0.03962 -1.70985e+01 | 41 -0.04375 -1.46661e+01 | 42  0.00317 -1.81400e+01
 43 -0.01204 -1.33746e+01 | 44 -0.03337 -9.43774e+00 | 45 -0.04394 -7.05745e+00
 46 -0.03818 -5.76810e+00 | 47 -0.10343 -2.54034e+00 | 48 -0.04335 -2.73671e+00
 49 -0.20544 -3.05377e-01 | 50  0.07723  1.23191e-03 | 51 -0.08937  1.34206e-01
 52 -0.03882  3.11688e-01 | 53 -0.08261  2.52036e-01 | 54 -0.06686  3.20520e-01
 55 -0.02726  4.41807e-01 | 56 -0.08768  2.71981e-01 | 57 -0.05461  3.54187e-01
 58 -0.00143  5.06839e-01 | 59 -0.01436  4.36733e-01 | 60 -0.02604  3.88260e-01
 61 -0.07770  2.64825e-01 | 62 -0.00463  4.90063e-01 | 63 -0.06152  2.91926e-01
 64 -0.12223  1.83395e-01 | 65 -0.04719  3.34252e-01 | 66 -0.11639  1.85939e-01
 67 -0.09493  2.07865e-01 | 68 -0.08829  1.96662e-01 | 69  0.00967  3.82661e-01
 70 -0.02032  2.66083e-01 | 71 -0.22124  4.49693e-02 | 72 -0.11454  6.65368e-02
 73 -0.08588  1.42681e-02 | 74 -0.03945 -3.09265e-04 | 75 -0.03783  2.05206e-04
 76 -0.03798 -3.77503e-04 | 77 -0.46226 -1.27399e+01 | 78 -4.17204  3.23047e+00
 79 -0.27011 -8.58304e+02 | 80 -0.97745  5.74458e-01 | 81  1.62383  1.54031e+01
 82  3.23545  4.05572e-01 | 83  0.38077 -1.03860e-01 | 84 -0.14546  3.00820e-03
Function minimizer not making progress ... is minimum attained?
Minimprove criterion = 0.0000e+00

 - final statistics:
84 variables; iteration 915; function evaluation 1101
Function value -3.3725e+01; maximum gradient component mag -8.5830e+02
Exit code = 1;  converg criter 1.0000e-04
Var    Value     Gradient |Var    Value     Gradient |Var    Value     Gradient
  1  0.01562 -6.84947e+02 |  2 -0.00522 -3.89278e-01 |  3 -0.00599 -4.65188e-01
  4 -0.02218 -4.92921e-01 |  5 -0.02323 -5.85626e-01 |  6 -0.02432 -6.90477e-01
  7 -0.02575 -8.12337e-01 |  8 -0.02701 -9.45588e-01 |  9 -0.02861 -1.09556e+00
 10 -0.03049 -1.25664e+00 | 11 -0.03246 -1.43513e+00 | 12 -0.03399 -1.62765e+00
 13 -0.03521 -1.82387e+00 | 14 -0.03870 -2.05464e+00 | 15 -0.04122 -2.30001e+00
 16 -0.04306 -2.57682e+00 | 17 -0.04514 -2.88849e+00 | 18 -0.04777 -3.15828e+00
 19 -0.04905 -3.33510e+00 | 20 -0.04947 -3.45492e+00 | 21 -0.05030 -3.53445e+00
 22 -0.05103 -3.51143e+00 | 23 -0.05136 -3.66979e+00 | 24 -0.05247 -3.96396e+00
 25 -0.05414 -4.37546e+00 | 26 -0.05666 -5.12879e+00 | 27 -0.05395 -6.12727e+00
 28 -0.03867 -7.97803e+00 | 29  0.02952 -1.64273e+01 | 30 -0.04576 -1.04043e+01
 31 -0.14364 -5.18797e+00 | 32 -0.18425 -3.97989e+00 | 33  0.03365 -2.83588e+01
 34 -0.12277 -9.17982e+00 | 35 -0.02450 -2.06497e+01 | 36 -0.00911 -2.51957e+01
 37 -0.07314 -1.49165e+01 | 38  0.03061 -3.30874e+01 | 39 -0.03985 -1.78807e+01
 40 -0.03962 -1.70985e+01 | 41 -0.04375 -1.46661e+01 | 42  0.00317 -1.81400e+01
 43 -0.01204 -1.33746e+01 | 44 -0.03337 -9.43774e+00 | 45 -0.04394 -7.05745e+00
 46 -0.03818 -5.76810e+00 | 47 -0.10343 -2.54034e+00 | 48 -0.04335 -2.73671e+00
 49 -0.20544 -3.05377e-01 | 50  0.07723  1.23191e-03 | 51 -0.08937  1.34206e-01
 52 -0.03882  3.11688e-01 | 53 -0.08261  2.52036e-01 | 54 -0.06686  3.20520e-01
 55 -0.02726  4.41807e-01 | 56 -0.08768  2.71981e-01 | 57 -0.05461  3.54187e-01
 58 -0.00143  5.06839e-01 | 59 -0.01436  4.36733e-01 | 60 -0.02604  3.88260e-01
 61 -0.07770  2.64825e-01 | 62 -0.00463  4.90063e-01 | 63 -0.06152  2.91926e-01
 64 -0.12223  1.83395e-01 | 65 -0.04719  3.34252e-01 | 66 -0.11639  1.85939e-01
 67 -0.09493  2.07865e-01 | 68 -0.08829  1.96662e-01 | 69  0.00967  3.82661e-01
 70 -0.02032  2.66083e-01 | 71 -0.22124  4.49693e-02 | 72 -0.11454  6.65368e-02
 73 -0.08588  1.42681e-02 | 74 -0.03945 -3.09265e-04 | 75 -0.03783  2.05206e-04
 76 -0.03798 -3.77503e-04 | 77 -0.46226 -1.27399e+01 | 78 -4.17204  3.23047e+00
 79 -0.27011 -8.58304e+02 | 80 -0.97745  5.74458e-01 | 81  1.62383  1.54031e+01
 82  3.23545  4.05572e-01 | 83  0.38077 -1.03860e-01 | 84 -0.14546  3.00820e-03

Initial statistics: 85 variables; iteration 0; function evaluation 0; phase 4
Function value -4.4348614e+01; maximum gradient component mag -1.0577e+04
Var    Value     Gradient |Var    Value     Gradient |Var    Value     Gradient
  1  0.01562 -1.05768e+04 |  2 -0.00522 -6.00615e+01 |  3 -0.00599 -7.20482e+01
  4 -0.02218 -7.62173e+01 |  5 -0.02323 -9.04717e+01 |  6 -0.02432 -1.06890e+02
  7 -0.02575 -1.25391e+02 |  8 -0.02701 -1.46346e+02 |  9 -0.02861 -1.69217e+02
 10 -0.03049 -1.93385e+02 | 11 -0.03246 -2.20132e+02 | 12 -0.03399 -2.50769e+02
 13 -0.03521 -2.82950e+02 | 14 -0.03870 -3.13873e+02 | 15 -0.04122 -3.53408e+02
 16 -0.04306 -3.96605e+02 | 17 -0.04514 -4.46428e+02 | 18 -0.04777 -4.85280e+02
 19 -0.04905 -5.13453e+02 | 20 -0.04947 -5.37436e+02 | 21 -0.05030 -5.49330e+02
 22 -0.05103 -5.40614e+02 | 23 -0.05136 -5.67802e+02 | 24 -0.05247 -6.13088e+02
 25 -0.05414 -6.76938e+02 | 26 -0.05666 -7.90738e+02 | 27 -0.05395 -9.45818e+02
 28 -0.03867 -1.25092e+03 | 29  0.02952 -2.52991e+03 | 30 -0.04576 -1.67446e+03
 31 -0.14364 -8.47832e+02 | 32 -0.18425 -6.85815e+02 | 33  0.03365 -5.05877e+03
 34 -0.12277 -1.34976e+03 | 35 -0.02450 -1.90012e+03 | 36 -0.00911 -2.93646e+02
 37 -0.07314  6.62538e+02 | 38  0.03061  3.47147e+03 | 39 -0.03985  2.63560e+03
 40 -0.03962  2.94184e+03 | 41 -0.04375  2.61236e+03 | 42  0.00317  3.16045e+03
 43 -0.01204  2.11856e+03 | 44 -0.03337  1.24744e+03 | 45 -0.04394  7.23434e+02
 46 -0.03818  3.70773e+02 | 47 -0.10343  6.76008e+01 | 48 -0.04335  1.45155e+01
 49 -0.20544 -3.52366e-02 | 50  0.07723  1.04367e+01 | 51 -0.08937  4.61882e+00
 52 -0.03882  8.75061e+00 | 53 -0.08261  6.52479e+00 | 54 -0.06686  8.06205e+00
 55 -0.02726  1.09359e+01 | 56 -0.08768  6.65452e+00 | 57 -0.05461  8.54332e+00
 58 -0.00143  1.21453e+01 | 59 -0.01436  1.04365e+01 | 60 -0.02604  9.24681e+00
 61 -0.07770  6.26190e+00 | 62 -0.00463  1.15395e+01 | 63 -0.06152  6.86789e+00
 64 -0.12223  4.30419e+00 | 65 -0.04719  7.81674e+00 | 66 -0.11639  4.34203e+00
 67 -0.09493  4.81712e+00 | 68 -0.08829  4.48827e+00 | 69  0.00967  8.64028e+00
 70 -0.02032  6.00725e+00 | 71 -0.22124  1.01206e+00 | 72 -0.11454  1.49168e+00
 73 -0.08588  3.21754e-01 | 74 -0.03945 -8.01831e-03 | 75 -0.03783  3.68493e-03
 76 -0.03798 -7.20240e-03 | 77  0.00000  0.00000e+00 | 78 -0.46226  3.84899e+02
 79 -0.17204 -3.33426e+01 | 80 -0.27011 -8.23234e+03 | 81 -0.97745  5.77995e+00
 82  0.37617 -3.52611e+00 | 83 -0.76455 -1.24212e+00 | 84  0.38077 -6.49347e+01
 85 -0.14546  2.43721e+01 |

Intermediate statistics: 85 variables; iteration 20; function evaluation 35; phase 4
Function value -6.9630785e+01; maximum gradient component mag 4.7118e+04
Var    Value     Gradient |Var    Value     Gradient |Var    Value     Gradient
  1  0.01540  2.67203e+04 |  2 -0.00592 -2.51564e+01 |  3 -0.00684 -3.01303e+01
  4 -0.02305 -3.18720e+01 |  5 -0.02422 -3.77991e+01 |  6 -0.02546 -4.45947e+01
  7 -0.02699 -5.22781e+01 |  8 -0.02845 -6.08969e+01 |  9 -0.03016 -7.03175e+01
 10 -0.03209 -8.03010e+01 | 11 -0.03406 -9.13918e+01 | 12 -0.03573 -1.04190e+02
 13 -0.03716 -1.16980e+02 | 14 -0.04000 -1.30111e+02 | 15 -0.04256 -1.45883e+02
 16 -0.04435 -1.63335e+02 | 17 -0.04639 -1.83745e+02 | 18 -0.04860 -2.00277e+02
 19 -0.04928 -2.13088e+02 | 20 -0.04919 -2.24649e+02 | 21 -0.04906 -2.32744e+02
 22 -0.04821 -2.33875e+02 | 23 -0.04729 -2.50020e+02 | 24 -0.04737 -2.73016e+02
 25 -0.04760 -3.03651e+02 | 26 -0.04885 -3.51192e+02 | 27 -0.04607 -4.04733e+02
 28 -0.03067 -4.89601e+02 | 29  0.00609 -5.15928e+02 | 30 -0.04976  4.81861e+01
 31 -0.13250  2.64776e+02 | 32 -0.16976  4.28371e+02 | 33  0.03727  4.49660e+03
 34 -0.11675  1.57072e+03 | 35 -0.02162  3.09501e+03 | 36 -0.01708  3.27581e+03
 37 -0.07297  1.68983e+03 | 38  0.03615  3.08502e+03 | 39 -0.05426  1.00144e+03
 40 -0.04576  4.74857e+02 | 41 -0.04447  1.82742e+02 | 42  0.00400  4.08711e+01
 43 -0.01729 -3.82153e+01 | 44 -0.03469  8.21910e+01 | 45 -0.04165  1.81252e+02
 46 -0.03906  1.29702e+02 | 47 -0.10524 -9.04145e+01 | 48 -0.04565 -2.40842e+02
 49 -0.20535 -1.06332e+02 | 50  0.07722 -7.64183e+01 | 51 -0.08733  7.25071e+01
 52 -0.03648  1.26073e+02 | 53 -0.08088  7.05181e+01 | 54 -0.06460  5.63331e+01
 55 -0.02458  4.93254e+01 | 56 -0.08651 -3.88997e+00 | 57 -0.05392 -6.59889e+01
 58 -0.00179 -1.52474e+02 | 59 -0.01564 -1.63475e+02 | 60 -0.02785 -1.61085e+02
 61 -0.07856 -1.24247e+02 | 62 -0.00569 -2.29814e+02 | 63 -0.06325 -1.41278e+02
 64 -0.12364 -9.82219e+01 | 65 -0.04898 -1.89495e+02 | 66 -0.11797 -1.00383e+02
 67 -0.09689 -9.96926e+01 | 68 -0.08912 -5.37705e+01 | 69  0.01297  6.35459e+01
 70 -0.01765  1.02061e+02 | 71 -0.22087  1.52399e+01 | 72 -0.11440  8.77825e+00
 73 -0.08573  3.21865e-01 | 74 -0.03939 -1.38117e-01 | 75 -0.03779 -1.12976e-01
 76 -0.03793 -1.37528e-01 | 77  0.00000  0.00000e+00 | 78 -0.44773  5.31309e+02
 79 -0.17624 -9.10206e+01 | 80 -0.26985  4.71180e+04 | 81 -0.97784 -3.30705e+01
 82  0.37834  4.27007e+02 | 83 -0.76543 -8.86402e+00 | 84  0.44426 -7.11615e+01
 85 -0.17866  5.19872e+01 |
85 variables; iteration 40; function evaluation 62; phase 4
Function value -7.0887138e+01; maximum gradient component mag 3.2918e+04
Var    Value     Gradient |Var    Value     Gradient |Var    Value     Gradient
  1  0.01394  2.65274e+04 |  2 -0.01272  1.22465e+01 |  3 -0.01484  1.45205e+01
  4 -0.03096  1.54497e+01 |  5 -0.03267  1.84058e+01 |  6 -0.03476  2.16845e+01
  7 -0.03622  2.57629e+01 |  8 -0.03844  2.99729e+01 |  9 -0.03973  3.51470e+01
 10 -0.04034  4.11472e+01 | 11 -0.04034  4.83383e+01 | 12 -0.04130  5.55437e+01
 13 -0.04243  6.34341e+01 | 14 -0.03731  7.82647e+01 | 15 -0.03846  9.03148e+01
 16 -0.03793  1.04683e+02 | 17 -0.03860  1.20117e+02 | 18 -0.03788  1.35433e+02
 19 -0.03673  1.48042e+02 | 20 -0.03794  1.55412e+02 | 21 -0.03935  1.59153e+02
 22 -0.03895  1.59036e+02 | 23 -0.04255  1.60498e+02 | 24 -0.04820  1.61623e+02
 25 -0.05120  1.69570e+02 | 26 -0.05087  1.89397e+02 | 27 -0.04302  2.12699e+02
 28 -0.02705  2.50759e+02 | 29  0.00743  4.59825e+02 | 30 -0.05066  5.96336e+02
 31 -0.11977  5.30970e+02 | 32 -0.16833  5.01358e+02 | 33  0.03902  4.13391e+03
 34 -0.11366  1.19771e+03 | 35 -0.01941  1.83395e+03 | 36 -0.01564  1.62431e+03
 37 -0.06917  6.42007e+02 | 38  0.03836  8.03006e+02 | 39 -0.05179  3.04607e+01
 40 -0.04506 -3.99609e+02 | 41 -0.04060 -4.65814e+02 | 42  0.00649 -5.41144e+02
 43 -0.01660 -2.83941e+02 | 44 -0.03314  8.60619e+01 | 45 -0.03663  3.71015e+02
 46 -0.03989  3.59544e+02 | 47 -0.09905  1.40076e+02 | 48 -0.05034  2.00907e+02
 49 -0.15586  5.63649e+01 | 50  0.07643  1.72459e+02 | 51 -0.08394  6.29543e+01
 52 -0.03542  6.61904e+01 | 53 -0.08031  2.43311e+01 | 54 -0.06086  2.45205e+01
 55 -0.02210  2.42093e+01 | 56 -0.08508 -1.83557e+01 | 57 -0.04825 -8.72942e+01
 58 -0.00199 -2.01302e+02 | 59 -0.00939 -2.15986e+02 | 60 -0.03300 -2.10137e+02
 61 -0.06836 -1.49359e+02 | 62 -0.00408 -2.72794e+02 | 63 -0.06721 -1.59204e+02
 64 -0.10943 -9.65588e+01 | 65 -0.04819 -2.01964e+02 | 66 -0.11773 -1.18596e+02
 67 -0.09445 -1.13793e+02 | 68 -0.08204 -5.73340e+01 | 69  0.01507  2.37281e+01
 70 -0.01723  6.40693e+01 | 71 -0.21982  1.00614e+01 | 72 -0.10830  8.87047e+00
 73 -0.08510  1.05839e-01 | 74 -0.03794  8.40443e-02 | 75 -0.03665  4.72381e-02
 76 -0.03667  5.61457e-02 | 77  0.00000  0.00000e+00 | 78 -0.44406  3.52912e+02
 79 -0.17143 -6.89157e+01 | 80 -0.26963  3.29182e+04 | 81 -1.01155  1.28520e+01
 82  0.37749  3.48408e+02 | 83 -0.80453 -4.83276e+00 | 84  0.42947 -3.36589e+01
 85 -0.22682  1.99824e+01 |
85 variables; iteration 60; function evaluation 84; phase 4
Function value -7.7538955e+01; maximum gradient component mag 1.5046e+04
Var    Value     Gradient |Var    Value     Gradient |Var    Value     Gradient
  1  0.01545  1.43015e+04 |  2 -0.03434  2.39053e+01 |  3 -0.03582  2.96345e+01
  4 -0.05038  3.25419e+01 |  5 -0.04981  4.08137e+01 |  6 -0.04948  5.03200e+01
  7 -0.04601  6.38581e+01 |  8 -0.04286  7.93812e+01 |  9 -0.03798  9.90650e+01
 10 -0.03548  1.18539e+02 | 11 -0.03703  1.35277e+02 | 12 -0.04078  1.50554e+02
 13 -0.04497  1.65117e+02 | 14 -0.04485  1.89193e+02 | 15 -0.04626  2.16020e+02
 16 -0.04409  2.52750e+02 | 17 -0.04073  3.00234e+02 | 18 -0.03849  3.41641e+02
 19 -0.03710  3.71584e+02 | 20 -0.04156  3.76491e+02 | 21 -0.04897  3.63055e+02
 22 -0.05182  3.50863e+02 | 23 -0.05296  3.66945e+02 | 24 -0.04827  4.18253e+02
 25 -0.04553  4.78022e+02 | 26 -0.05168  5.26905e+02 | 27 -0.04761  6.10872e+02
 28 -0.02962  7.78805e+02 | 29  0.01497  1.22609e+03 | 30 -0.05469  8.10177e+02
 31 -0.13408  4.46041e+02 | 32 -0.17081  3.38141e+02 | 33  0.03572  2.00089e+03
 34 -0.11796  4.24074e+02 | 35 -0.02077  2.56133e+02 | 36 -0.01752 -4.47842e+01
 37 -0.07196 -3.99375e+02 | 38  0.03330 -1.32618e+03 | 39 -0.05409 -7.32683e+02
 40 -0.04328 -8.78326e+02 | 41 -0.04414 -7.43123e+02 | 42  0.00313 -7.72611e+02
 43 -0.01670 -4.23337e+02 | 44 -0.03689 -1.37560e+02 | 45 -0.04145  8.22754e+01
 46 -0.04198  1.83031e+02 | 47 -0.09971  1.63220e+02 | 48 -0.05106  2.51289e+02
 49 -0.16458  4.93508e+01 | 50  0.07206  4.18440e+01 | 51 -0.07850  4.41298e+01
 52 -0.04277 -1.08792e+01 | 53 -0.08407 -3.10966e+01 | 54 -0.06584 -2.76848e+01
 55 -0.02544 -2.87027e+01 | 56 -0.08916 -4.99340e+01 | 57 -0.06077 -8.14738e+01
 58  0.00489 -5.59015e+01 | 59 -0.01760 -9.69349e+01 | 60 -0.03542 -9.80295e+01
 61 -0.06506 -3.02251e+01 | 62 -0.00800 -9.57653e+01 | 63 -0.06689 -6.35829e+01
 64 -0.11522 -3.17855e+01 | 65 -0.05104 -7.40723e+01 | 66 -0.11364 -3.53530e+01
 67 -0.10062 -3.69284e+01 | 68 -0.07938 -6.25899e+00 | 69  0.00674 -2.91610e+01
 70 -0.01766  1.88259e+01 | 71 -0.22410 -3.28522e+00 | 72 -0.11957 -2.80777e+01
 73 -0.08476 -6.14656e+00 | 74 -0.03757  3.48515e-01 | 75 -0.03807 -1.30421e-01
 76 -0.03736  7.69465e-02 | 77  0.00000  0.00000e+00 | 78 -0.44423  3.49680e+01
 79 -0.15646 -2.82106e+01 | 80 -0.26975  1.50465e+04 | 81 -0.99351 -3.44382e+00
 82  0.37480  4.78636e+01 | 83 -0.95886 -5.70571e-02 | 84  0.42902 -2.77976e+01
 85 -0.22958  1.64034e+01 |
85 variables; iteration 80; function evaluation 111; phase 4
Function value -8.1624549e+01; maximum gradient component mag 1.8824e+04
Var    Value     Gradient |Var    Value     Gradient |Var    Value     Gradient
  1  0.01395  1.75046e+04 |  2 -0.01005  1.68153e+01 |  3 -0.01462  1.87690e+01
  4 -0.02839  2.09566e+01 |  5 -0.03105  2.43244e+01 |  6 -0.04714  2.16553e+01
  7 -0.04218  2.96308e+01 |  8 -0.03288  4.15499e+01 |  9 -0.04134  4.37433e+01
 10 -0.02898  6.06825e+01 | 11 -0.03213  6.79852e+01 | 12 -0.03427  7.69588e+01
 13 -0.04212  8.06881e+01 | 14 -0.03417  1.01201e+02 | 15 -0.04556  1.03772e+02
 16 -0.04109  1.25038e+02 | 17 -0.04091  1.44564e+02 | 18 -0.04234  1.59119e+02
 19 -0.03785  1.78673e+02 | 20 -0.04338  1.78854e+02 | 21 -0.04655  1.79148e+02
 22 -0.04990  1.72662e+02 | 23 -0.04688  1.89451e+02 | 24 -0.04737  2.08328e+02
 25 -0.04567  2.40993e+02 | 26 -0.04871  2.83371e+02 | 27 -0.04292  3.50967e+02
 28 -0.02553  4.74520e+02 | 29  0.02019  7.98631e+02 | 30 -0.05204  5.14325e+02
 31 -0.13193  2.71976e+02 | 32 -0.16659  2.03034e+02 | 33  0.03778  1.18352e+03
 34 -0.11699  3.37444e+02 | 35 -0.01473  5.58995e+02 | 36 -0.01774  6.05387e+02
 37 -0.06466  1.96729e+02 | 38  0.03602  2.31194e+02 | 39 -0.05395  6.43388e+01
 40 -0.03716  4.15813e+01 | 41 -0.04103  2.44559e+01 | 42  0.00521  2.09489e+01
 43 -0.01235  5.64487e+00 | 44 -0.03365 -2.33146e+00 | 45 -0.03971  2.09400e+01
 46 -0.03872  2.54140e+01 | 47 -0.09618  3.00547e+01 | 48 -0.04782  2.92125e+01
 49 -0.16940 -1.09311e+00 | 50  0.07823 -2.99354e+01 | 51 -0.09106 -3.64990e+00
 52 -0.03429 -9.15922e+00 | 53 -0.08513 -1.27999e+01 | 54 -0.05888  1.37224e+00
 55 -0.02698 -1.01499e+01 | 56 -0.08348 -3.88476e+00 | 57 -0.05070 -6.56500e+00
 58  0.00120 -5.22637e+00 | 59 -0.01116 -1.27304e+00 | 60 -0.02589 -4.42136e+00
 61 -0.07261 -1.56714e+00 | 62 -0.00223 -5.59346e+00 | 63 -0.06024  1.21691e-01
 64 -0.12003 -1.29988e+00 | 65 -0.04283 -9.69589e-01 | 66 -0.11868 -6.45874e+00
 67 -0.09023  3.17576e+00 | 68 -0.08331  2.54015e+00 | 69  0.01349 -7.48789e+00
 70 -0.01971 -6.05476e+00 | 71 -0.22265 -3.27866e+00 | 72 -0.11054 -2.50027e+00
 73 -0.07722  2.71173e+00 | 74 -0.01936  4.67049e+00 | 75 -0.04017 -7.97251e-01
 76 -0.03092  1.50828e+00 | 77  0.00000  0.00000e+00 | 78 -0.44344  2.08807e+02
 79 -0.15808 -5.02959e+01 | 80 -0.26978  1.88236e+04 | 81 -0.97520 -1.51473e+01
 82  0.37461  2.89036e+02 | 83 -0.98119 -3.78503e-01 | 84  0.42799 -1.99753e+01
 85 -0.23161  1.16530e+01 |
85 variables; iteration 100; function evaluation 141; phase 4
Function value -8.3830184e+01; maximum gradient component mag 7.5799e+03
Var    Value     Gradient |Var    Value     Gradient |Var    Value     Gradient
  1  0.01596  6.69040e+03 |  2 -0.00136  7.64054e-01 |  3  0.00199  1.83659e+00
  4 -0.01756  9.62660e-01 |  5 -0.01840  9.94653e-01 |  6 -0.01962  9.62515e-01
  7 -0.01882  1.49108e+00 |  8 -0.01878  1.85328e+00 |  9 -0.02017  1.87641e+00
 10 -0.02298  1.55798e+00 | 11 -0.02477  1.53297e+00 | 12 -0.02694  1.41815e+00
 13 -0.02908  1.32571e+00 | 14 -0.03708 -3.48913e-01 | 15 -0.03631  6.57825e-01
 16 -0.04641 -1.53726e+00 | 17 -0.04813 -1.31655e+00 | 18 -0.04948 -1.11651e+00
 19 -0.05315 -1.76628e+00 | 20 -0.05706 -2.56017e+00 | 21 -0.05973 -3.11586e+00
 22 -0.05844 -2.65017e+00 | 23 -0.06297 -3.41057e+00 | 24 -0.06229 -2.17807e+00
 25 -0.06301 -4.07671e-01 | 26 -0.06142  3.97481e+00 | 27 -0.04365  1.43385e+01
 28 -0.02115  2.47786e+01 | 29  0.00746  3.92597e+01 | 30 -0.04816  4.45066e+01
 31 -0.14390  2.20872e+01 | 32 -0.15553  3.80715e+01 | 33  0.03195  2.96098e+02
 34 -0.13302  9.49560e+01 | 35 -0.01074  2.79477e+02 | 36 -0.03492  2.78491e+02
 37 -0.05610  2.16873e+02 | 38  0.02934  4.62153e+02 | 39 -0.05883  2.20561e+02
 40 -0.04192  2.60727e+02 | 41 -0.04464  2.33270e+02 | 42  0.00023  2.85109e+02
 43 -0.01761  1.95365e+02 | 44 -0.03763  1.26723e+02 | 45 -0.04480  9.08036e+01
 46 -0.04368  7.71422e+01 | 47 -0.09995  4.00338e+01 | 48 -0.05510  4.42199e+01
 49 -0.15998  4.72190e+00 | 50  0.07241  2.09309e+01 | 51 -0.09718  3.22980e+00
 52 -0.04068  2.83303e+00 | 53 -0.08594  2.39014e+00 | 54 -0.06635 -1.62320e+00
 55 -0.03090 -5.94561e+00 | 56 -0.08966 -3.56226e+00 | 57 -0.05417 -4.66550e+00
 58 -0.00398 -8.27742e+00 | 59 -0.01630 -5.94834e+00 | 60 -0.03094 -7.86092e+00
 61 -0.07736 -5.09872e+00 | 62 -0.00681 -7.93592e+00 | 63 -0.06664 -3.91073e+00
 64 -0.12258 -4.05575e+00 | 65 -0.04958 -9.24421e+00 | 66 -0.11970 -3.61870e+00
 67 -0.09668 -3.29753e+00 | 68 -0.08667 -2.19099e+00 | 69  0.00917 -5.73774e+00
 70 -0.02682 -3.92081e+00 | 71 -0.22396  3.85323e-01 | 72 -0.11315  1.58354e+00
 73 -0.08726 -2.02531e-01 | 74 -0.04164 -5.60229e-01 | 75 -0.03660  3.48831e-01
 76 -0.03925 -2.67007e-01 | 77  0.00000  0.00000e+00 | 78 -0.43986  1.75120e+02
 79 -0.16383 -2.71444e+01 | 80 -0.26943  7.57986e+03 | 81 -0.90015 -2.65714e+01
 82  0.37498  6.55124e+01 | 83 -1.02367  1.61079e-01 | 84  0.39476 -4.49231e+00
 85 -0.33335  1.54739e+00 |
85 variables; iteration 120; function evaluation 161; phase 4
Function value -8.4304713e+01; maximum gradient component mag 1.1814e+03
Var    Value     Gradient |Var    Value     Gradient |Var    Value     Gradient
  1  0.01513  9.43621e+02 |  2 -0.00465 -1.12964e+00 |  3 -0.00545 -1.35803e+00
  4 -0.02210 -1.56660e+00 |  5 -0.02293 -1.81163e+00 |  6 -0.02341 -1.97656e+00
  7 -0.02502 -2.43468e+00 |  8 -0.02682 -2.95535e+00 |  9 -0.02600 -2.84875e+00
 10 -0.02605 -2.94902e+00 | 11 -0.02864 -3.69481e+00 | 12 -0.03242 -4.76364e+00
 13 -0.03505 -5.54046e+00 | 14 -0.03722 -6.19916e+00 | 15 -0.04046 -7.02463e+00
 16 -0.04182 -7.50962e+00 | 17 -0.04422 -8.33653e+00 | 18 -0.04612 -8.99715e+00
 19 -0.04888 -9.74252e+00 | 20 -0.04952 -9.95591e+00 | 21 -0.04899 -9.86973e+00
 22 -0.04893 -9.72085e+00 | 23 -0.05093 -1.02087e+01 | 24 -0.05567 -1.12822e+01
 25 -0.06321 -1.26498e+01 | 26 -0.06751 -1.33031e+01 | 27 -0.06079 -1.25578e+01
 28 -0.01444 -9.12955e+00 | 29  0.01039 -1.50452e+01 | 30 -0.05756 -2.18943e+00
 31 -0.12018  4.73184e+00 | 32 -0.15609  6.50475e+00 | 33  0.03059  7.26898e+01
 34 -0.13005  3.28327e+01 | 35 -0.00960  1.09008e+02 | 36 -0.03584  1.08941e+02
 37 -0.05028  7.91027e+01 | 38  0.02773  1.23415e+02 | 39 -0.05614  4.73659e+01
 40 -0.04188  4.01141e+01 | 41 -0.04231  2.70640e+01 | 42  0.00032  1.80957e+01
 43 -0.01740  5.26706e+00 | 44 -0.03701  3.01844e-01 | 45 -0.04334 -2.16538e+00
 46 -0.04457  2.94776e+00 | 47 -0.09691  3.19285e+00 | 48 -0.05921  3.64022e+00
 49 -0.13781 -2.31086e+00 | 50  0.07070 -1.06324e+01 | 51 -0.09653 -1.34180e+00
 52 -0.03995 -2.64077e+00 | 53 -0.08572 -1.62051e+00 | 54 -0.06419 -1.25879e+00
 55 -0.03075 -7.85583e-01 | 56 -0.08862 -2.61274e-01 | 57 -0.05237 -4.90207e-01
 58 -0.00283  4.36963e-01 | 59 -0.01599  1.05444e+00 | 60 -0.03039  1.25138e+00
 61 -0.07523  1.20758e+00 | 62 -0.00592  2.90420e+00 | 63 -0.06757  1.77601e+00
 64 -0.11993  1.42068e+00 | 65 -0.04850  1.69529e+00 | 66 -0.11962  3.66235e-01
 67 -0.09495  9.42654e-02 | 68 -0.08343 -4.65113e-01 | 69  0.01065 -8.59396e-01
 70 -0.02772 -3.85861e-01 | 71 -0.22418 -3.16266e-02 | 72 -0.11080 -1.59782e-02
 73 -0.08581  2.90383e-02 | 74 -0.03896  6.86751e-02 | 75 -0.03785 -7.18445e-03
 76 -0.03792  1.37692e-02 | 77  0.00000  0.00000e+00 | 78 -0.43412  3.00882e+01
 79 -0.13523 -6.34588e+00 | 80 -0.26907  1.18140e+03 | 81 -0.90491 -4.17145e+00
 82  0.37576  1.19498e+01 | 83 -1.12081  6.87366e-02 | 84  0.38480 -1.22692e-01
 85 -0.40711  2.86629e-02 |
85 variables; iteration 140; function evaluation 181; phase 4
Function value -8.4394126e+01; maximum gradient component mag 6.2983e+02
Var    Value     Gradient |Var    Value     Gradient |Var    Value     Gradient
  1  0.01508  6.29834e+02 |  2 -0.00438 -3.28827e-01 |  3 -0.00458 -2.58816e-01
  4 -0.02052 -2.43262e-01 |  5 -0.02162 -3.82825e-01 |  6 -0.02316 -6.13520e-01
  7 -0.02468 -8.25705e-01 |  8 -0.02613 -1.00555e+00 |  9 -0.02819 -1.32531e+00
 10 -0.03002 -1.55871e+00 | 11 -0.03173 -1.75644e+00 | 12 -0.03244 -1.69864e+00
 13 -0.03335 -1.65687e+00 | 14 -0.03617 -2.06394e+00 | 15 -0.03926 -2.37570e+00
 16 -0.04200 -2.67573e+00 | 17 -0.04395 -2.77181e+00 | 18 -0.04666 -3.14376e+00
 19 -0.04940 -3.58340e+00 | 20 -0.05012 -3.49020e+00 | 21 -0.04970 -3.17856e+00
 22 -0.04930 -2.97632e+00 | 23 -0.05162 -3.36065e+00 | 24 -0.05580 -4.17894e+00
 25 -0.05919 -4.47146e+00 | 26 -0.06122 -4.32797e+00 | 27 -0.05696 -4.33549e+00
 28 -0.02538 -3.13256e+00 | 29  0.01617 -9.79607e+00 | 30 -0.06052 -2.61280e+00
 31 -0.11895  3.03306e+00 | 32 -0.15351  3.33200e+00 | 33  0.03048  2.59383e+01
 34 -0.12951  1.43229e+01 | 35 -0.00949  4.08576e+01 | 36 -0.03597  4.25761e+01
 37 -0.05057  3.28737e+01 | 38  0.02795  5.81961e+01 | 39 -0.05600  2.80746e+01
 40 -0.04171  2.77750e+01 | 41 -0.04279  2.42218e+01 | 42  0.00062  2.80666e+01
 43 -0.01722  1.95145e+01 | 44 -0.03705  1.31916e+01 | 45 -0.04342  1.00180e+01
 46 -0.04460  8.11935e+00 | 47 -0.09716  5.25229e+00 | 48 -0.05763  6.97616e+00
 49 -0.14563  1.71904e+00 | 50  0.07226  3.42286e+00 | 51 -0.09717  2.55179e-01
 52 -0.03960 -3.20152e-02 | 53 -0.08658 -3.44476e-01 | 54 -0.06397 -6.91794e-01
 55 -0.03028 -6.37648e-01 | 56 -0.08848 -3.32166e-01 | 57 -0.05234 -2.77003e-01
 58 -0.00275 -5.79624e-02 | 59 -0.01573 -1.53014e-01 | 60 -0.03057 -2.58931e-01
 61 -0.07586 -3.55057e-01 | 62 -0.00537 -4.89010e-01 | 63 -0.06739 -2.72333e-01
 64 -0.12104 -4.46677e-01 | 65 -0.04802 -2.81647e-01 | 66 -0.11970 -7.29307e-02
 67 -0.09530 -1.91486e-02 | 68 -0.08484 -1.62971e-01 | 69  0.01101 -1.13889e+00
 70 -0.02725 -1.04710e+00 | 71 -0.22463 -1.29777e-01 | 72 -0.11159 -8.66922e-02
 73 -0.08450 -6.00031e-02 | 74 -0.03944 -4.91009e-02 | 75 -0.03764  2.82294e-02
 76 -0.03794 -7.12548e-03 | 77  0.00000  0.00000e+00 | 78 -0.42621  2.43542e+01
 79 -0.11769 -2.90820e+00 | 80 -0.26918  5.19305e+02 | 81 -0.89426 -1.92695e+00
 82  0.37656  1.18800e+01 | 83 -1.18844  1.00182e-01 | 84  0.40325 -6.98053e-03
 85 -0.38676 -2.03980e-03 |
85 variables; iteration 160; function evaluation 201; phase 4
Function value -8.4435176e+01; maximum gradient component mag 8.9578e+02
Var    Value     Gradient |Var    Value     Gradient |Var    Value     Gradient
  1  0.01501  8.95776e+02 |  2 -0.00478  1.01567e+00 |  3 -0.00594  1.12967e+00
  4 -0.02207  1.19786e+00 |  5 -0.02285  1.48950e+00 |  6 -0.02318  1.98046e+00
  7 -0.02419  2.36378e+00 |  8 -0.02633  2.50018e+00 |  9 -0.02756  2.96522e+00
 10 -0.02893  3.46977e+00 | 11 -0.03058  3.96787e+00 | 12 -0.03226  4.53053e+00
 13 -0.03442  5.00197e+00 | 14 -0.03653  5.64116e+00 | 15 -0.03856  6.64288e+00
 16 -0.04097  7.49097e+00 | 17 -0.04471  8.01566e+00 | 18 -0.04619  9.03429e+00
 19 -0.04773  9.64246e+00 | 20 -0.04941  9.99764e+00 | 21 -0.05041  1.02389e+01
 22 -0.05069  1.01638e+01 | 23 -0.05185  1.07127e+01 | 24 -0.05481  1.10264e+01
 25 -0.05734  1.22733e+01 | 26 -0.05982  1.46683e+01 | 27 -0.05724  1.70852e+01
 28 -0.02974  2.59152e+01 | 29  0.01784  3.71142e+01 | 30 -0.05762  2.28729e+01
 31 -0.12430  1.23602e+01 | 32 -0.15425  8.35197e+00 | 33  0.03091  2.86020e+01
 34 -0.13044  4.73936e+00 | 35 -0.00893  1.01028e+01 | 36 -0.03682  3.89143e+00
 37 -0.04925  5.71733e+00 | 38  0.02762  9.61170e+00 | 39 -0.05582  7.05826e+00
 40 -0.04167  1.14125e+01 | 41 -0.04249  1.22832e+01 | 42  0.00054  1.80238e+01
 43 -0.01728  1.50894e+01 | 44 -0.03702  1.21887e+01 | 45 -0.04325  1.10014e+01
 46 -0.04473  9.58044e+00 | 47 -0.09687  5.66699e+00 | 48 -0.05851  6.47060e+00
 49 -0.14116  1.63429e+00 | 50  0.07164  5.85606e-01 | 51 -0.09705 -5.10183e-01
 52 -0.03958 -1.09342e+00 | 53 -0.08616 -7.39163e-01 | 54 -0.06381 -8.50952e-01
 55 -0.03038 -1.04627e+00 | 56 -0.08842 -6.24425e-01 | 57 -0.05208 -7.26433e-01
 58 -0.00270 -9.61077e-01 | 59 -0.01572 -7.00571e-01 | 60 -0.03049 -5.78276e-01
 61 -0.07540 -4.15147e-01 | 62 -0.00548 -7.09887e-01 | 63 -0.06749 -3.54996e-01
 64 -0.12041 -1.98767e-01 | 65 -0.04812 -3.58891e-01 | 66 -0.11961 -2.50796e-01
 67 -0.09508 -3.29741e-01 | 68 -0.08407 -3.90465e-01 | 69  0.01103 -9.33798e-01
 70 -0.02744 -7.02231e-01 | 71 -0.22445 -1.25881e-01 | 72 -0.11104 -5.80767e-02
 73 -0.08490 -2.53143e-02 | 74 -0.03916  4.74050e-04 | 75 -0.03770  9.61523e-03
 76 -0.03786  7.29181e-03 | 77  0.00000  0.00000e+00 | 78 -0.42901  2.04952e+01
 79 -0.12819 -4.23133e+00 | 80 -0.26912  7.74661e+02 | 81 -0.90168 -2.79112e+00
 82  0.37642  1.30790e+01 | 83 -1.17753  8.99153e-02 | 84  0.40675 -9.58265e-03
 85 -0.39841 -2.25161e-03 |
85 variables; iteration 180; function evaluation 221; phase 4
Function value -8.4446692e+01; maximum gradient component mag 1.0956e+02
Var    Value     Gradient |Var    Value     Gradient |Var    Value     Gradient
  1  0.01505  7.74895e+01 |  2 -0.00440  3.37931e-02 |  3 -0.00505  6.70687e-02
  4 -0.02105  9.70098e-02 |  5 -0.02201  8.57572e-02 |  6 -0.02313  6.54126e-02
  7 -0.02421  9.00301e-02 |  8 -0.02543  1.04989e-01 |  9 -0.02667  1.49782e-01
 10 -0.02833  1.25048e-01 | 11 -0.02972  1.96715e-01 | 12 -0.03211  2.59384e-03
 13 -0.03376  6.56063e-02 | 14 -0.03576  1.00814e-01 | 15 -0.03883  5.08522e-02
 16 -0.04125  1.19995e-01 | 17 -0.04387  1.59767e-01 | 18 -0.04678 -2.20184e-02
 19 -0.04798  1.62943e-01 | 20 -0.04984  7.86285e-02 | 21 -0.05091  6.09613e-02
 22 -0.05044  2.76297e-01 | 23 -0.05205  2.22082e-01 | 24 -0.05407  1.82859e-01
 25 -0.05781 -2.65590e-02 | 26 -0.06020  3.85029e-01 | 27 -0.05664  5.12974e-01
 28 -0.03548  7.55207e-01 | 29  0.02029 -1.35885e-01 | 30 -0.05759  1.90186e+00
 31 -0.12609  1.52331e-01 | 32 -0.15392  6.77717e-01 | 33  0.03069  3.66269e+00
 34 -0.13022  1.33501e+00 | 35 -0.00933  2.76071e+00 | 36 -0.03668  2.72293e+00
 37 -0.04953  2.85615e+00 | 38  0.02738  6.08525e+00 | 39 -0.05588  3.85341e+00
 40 -0.04194  3.01093e+00 | 41 -0.04256  2.74838e+00 | 42  0.00031  3.19196e+00
 43 -0.01751  2.64946e+00 | 44 -0.03720  1.84313e+00 | 45 -0.04343  6.38358e-01
 46 -0.04508 -2.27744e-01 | 47 -0.09688 -8.76112e-01 | 48 -0.05898 -1.69281e+00
 49 -0.14039 -5.46833e-01 | 50  0.07139  4.95593e-03 | 51 -0.09727  9.55630e-02
 52 -0.03977  1.52766e-01 | 53 -0.08644  9.52306e-02 | 54 -0.06384  5.97671e-03
 55 -0.03059 -5.81636e-02 | 56 -0.08855 -5.89476e-02 | 57 -0.05215 -1.03832e-01
 58 -0.00286 -1.06163e-01 | 59 -0.01589 -2.04776e-01 | 60 -0.03079 -2.45037e-01
 61 -0.07551 -1.84065e-01 | 62 -0.00560 -3.76290e-01 | 63 -0.06783 -3.15287e-01
 64 -0.12056 -2.31653e-01 | 65 -0.04828 -2.09177e-01 | 66 -0.11982  1.97939e-02
 67 -0.09525  8.01631e-03 | 68 -0.08418 -3.81635e-02 | 69  0.01096 -1.46883e-01
 70 -0.02777 -1.56363e-01 | 71 -0.22468 -2.37037e-02 | 72 -0.11117 -4.81245e-02
 73 -0.08483 -2.09009e-02 | 74 -0.03924 -9.93628e-03 | 75 -0.03775  3.12670e-03
 76 -0.03793 -2.77541e-03 | 77  0.00000  0.00000e+00 | 78 -0.42732  2.29240e-02
 79 -0.12327  6.70266e-01 | 80 -0.26909  1.09563e+02 | 81 -0.90010 -3.23311e-01
 82  0.37630 -1.68373e+00 | 83 -1.17042 -8.05461e-02 | 84  0.40964 -1.38302e-02
 85 -0.40077 -2.24590e-03 |
85 variables; iteration 200; function evaluation 241; phase 4
Function value -8.4452435e+01; maximum gradient component mag -1.4837e+01
Var    Value     Gradient |Var    Value     Gradient |Var    Value     Gradient
  1  0.01504 -1.48366e+01 |  2 -0.00441  6.87886e-03 |  3 -0.00520 -9.71667e-04
  4 -0.02132 -3.16621e-03 |  5 -0.02217  4.67238e-03 |  6 -0.02315  1.80666e-02
  7 -0.02436 -2.21570e-03 |  8 -0.02564 -9.75927e-03 |  9 -0.02689  2.39525e-02
 10 -0.02836  3.96550e-02 | 11 -0.03009  9.06343e-03 | 12 -0.03177  3.63381e-03
 13 -0.03345  4.33500e-02 | 14 -0.03542  7.89966e-02 | 15 -0.03837  5.32524e-02
 16 -0.04108  2.68438e-02 | 17 -0.04377  2.98986e-02 | 18 -0.04581  9.21529e-02
 19 -0.04782  2.51668e-02 | 20 -0.04929  5.01009e-02 | 21 -0.05032  3.81024e-02
 22 -0.05096 -8.86245e-02 | 23 -0.05237 -1.00535e-01 | 24 -0.05388 -7.47003e-03
 25 -0.05709 -9.15256e-02 | 26 -0.06029  9.69950e-03 | 27 -0.05689  1.29604e-02
 28 -0.03900 -5.32719e-01 | 29  0.02342 -1.14083e+00 | 30 -0.06126 -8.90733e-01
 31 -0.12452 -8.65200e-01 | 32 -0.15360 -5.63187e-01 | 33  0.03080 -3.65865e+00
 34 -0.13027 -1.07916e+00 | 35 -0.00920 -2.47150e+00 | 36 -0.03669 -1.83675e+00
 37 -0.04957 -9.01248e-01 | 38  0.02757 -4.22562e-01 | 39 -0.05599  3.52041e-03
 40 -0.04179  6.50150e-01 | 41 -0.04258  7.76575e-01 | 42  0.00041  1.36603e+00
 43 -0.01741  1.27193e+00 | 44 -0.03714  1.00939e+00 | 45 -0.04338  8.32592e-01
 46 -0.04492  5.58182e-01 | 47 -0.09692  1.46808e-01 | 48 -0.05873  3.07522e-02
 49 -0.14101  1.26943e-02 | 50  0.07153  9.24097e-02 | 51 -0.09716  1.67360e-03
 52 -0.03968  3.00377e-02 | 53 -0.08631  4.92809e-02 | 54 -0.06384  5.62758e-02
 55 -0.03048  3.18537e-02 | 56 -0.08850 -6.91975e-04 | 57 -0.05214 -2.35838e-02
 58 -0.00279 -4.40103e-02 | 59 -0.01582 -5.37918e-02 | 60 -0.03064 -6.24873e-02
 61 -0.07549 -7.09741e-02 | 62 -0.00554 -9.23795e-02 | 63 -0.06767 -4.93615e-02
 64 -0.12052 -3.64247e-02 | 65 -0.04821 -4.49137e-02 | 66 -0.11974 -4.96447e-03
 67 -0.09520  1.39689e-03 | 68 -0.08417  2.90607e-02 | 69  0.01099  9.34647e-02
 70 -0.02760  7.13486e-02 | 71 -0.22456  1.75108e-02 | 72 -0.11116  2.51087e-02
 73 -0.08483  3.50445e-03 | 74 -0.03918 -7.62835e-04 | 75 -0.03775 -5.04587e-04
 76 -0.03791 -1.32710e-03 | 77  0.00000  0.00000e+00 | 78 -0.42813 -2.62155e+00
 79 -0.12539  7.92064e-01 | 80 -0.26910 -6.67426e+00 | 81 -0.89652  1.23415e-01
 82  0.37614  1.76142e+00 | 83 -1.15455 -3.05514e-02 | 84  0.41247 -2.12484e-02
 85 -0.39647 -2.12880e-03 |
85 variables; iteration 220; function evaluation 261; phase 4
Function value -8.4454947e+01; maximum gradient component mag 1.4281e+02
Var    Value     Gradient |Var    Value     Gradient |Var    Value     Gradient
  1  0.01500  1.38622e+02 |  2 -0.00439  2.15037e-02 |  3 -0.00511  3.37950e-02
  4 -0.02121  3.54952e-02 |  5 -0.02208  4.38930e-02 |  6 -0.02307  5.66614e-02
  7 -0.02416  7.19461e-02 |  8 -0.02540  7.97748e-02 |  9 -0.02671  1.02289e-01
 10 -0.02804  1.60896e-01 | 11 -0.03015  3.45968e-02 | 12 -0.03146  1.36099e-01
 13 -0.03344  1.02550e-01 | 14 -0.03563  8.35843e-02 | 15 -0.03835  1.33114e-01
 16 -0.04069  2.26521e-01 | 17 -0.04362  1.70853e-01 | 18 -0.04586  1.85038e-01
 19 -0.04771  1.74207e-01 | 20 -0.04921  1.95366e-01 | 21 -0.05044  1.28632e-01
 22 -0.05062  1.48753e-01 | 23 -0.05220  1.05534e-01 | 24 -0.05375  2.25582e-01
 25 -0.05711  1.75159e-01 | 26 -0.06067  3.46705e-01 | 27 -0.05795  5.14781e-01
 28 -0.03850  1.25684e+00 | 29  0.02333  3.35311e+00 | 30 -0.06120  2.37538e+00
 31 -0.12387  1.74416e+00 | 32 -0.15423  1.52421e+00 | 33  0.03071  1.03383e+01
 34 -0.13013  3.28251e+00 | 35 -0.00936  7.64045e+00 | 36 -0.03658  6.99733e+00
 37 -0.04962  4.99207e+00 | 38  0.02745  9.00490e+00 | 39 -0.05602  3.93403e+00
 40 -0.04184  3.31612e+00 | 41 -0.04259  2.59187e+00 | 42  0.00030  2.32763e+00
 43 -0.01755  1.27454e+00 | 44 -0.03726  6.22566e-01 | 45 -0.04348  1.67694e-01
 46 -0.04521 -4.86516e-02 | 47 -0.09688 -1.92745e-01 | 48 -0.05892 -4.89386e-01
 49 -0.14080 -6.59650e-02 | 50  0.07151 -1.24432e-01 | 51 -0.09735  1.77334e-02
 52 -0.03969  7.25733e-02 | 53 -0.08654  6.53103e-02 | 54 -0.06370  3.61097e-02
 55 -0.03050 -3.64114e-03 | 56 -0.08848 -1.61998e-02 | 57 -0.05204 -3.35007e-02
 58 -0.00284 -9.41802e-02 | 59 -0.01583 -1.00203e-01 | 60 -0.03084 -1.00283e-01
 61 -0.07553 -7.48358e-02 | 62 -0.00548 -1.43821e-01 | 63 -0.06786 -7.72858e-02
 64 -0.12063 -8.40377e-02 | 65 -0.04820 -1.06390e-01 | 66 -0.11991 -4.23504e-02
 67 -0.09529 -2.15397e-02 | 68 -0.08432  6.78236e-03 | 69  0.01105  6.77074e-02
 70 -0.02776  4.00905e-02 | 71 -0.22475 -3.68820e-04 | 72 -0.11121 -3.39177e-03
 73 -0.08458  1.24474e-03 | 74 -0.03913  1.08495e-03 | 75 -0.03771  3.55924e-03
 76 -0.03788  1.53119e-03 | 77  0.00000  0.00000e+00 | 78 -0.42646  3.97136e+00
 79 -0.12594 -8.99686e-01 | 80 -0.26906  1.42810e+02 | 81 -0.89013 -4.95273e-01
 82  0.37602  2.08363e+00 | 83 -1.14407 -2.36304e-02 | 84  0.41595 -3.82583e-02
 85 -0.39130 -1.78818e-03 |
85 variables; iteration 240; function evaluation 295; phase 4
Function value -8.6146548e+01; maximum gradient component mag -4.1200e+03
Var    Value     Gradient |Var    Value     Gradient |Var    Value     Gradient
  1  0.01519 -4.11998e+03 |  2 -0.00432 -1.53104e+01 |  3 -0.00339 -1.82033e+01
  4 -0.01971 -1.93255e+01 |  5 -0.02090 -2.30727e+01 |  6 -0.02413 -2.74452e+01
  7 -0.02450 -3.22356e+01 |  8 -0.02526 -3.76940e+01 |  9 -0.02814 -4.36858e+01
 10 -0.02539 -5.08141e+01 | 11 -0.02523 -5.87701e+01 | 12 -0.02502 -6.79912e+01
 13 -0.03606 -7.38798e+01 | 14 -0.03632 -8.38373e+01 | 15 -0.03476 -9.66571e+01
 16 -0.04087 -1.06269e+02 | 17 -0.04539 -1.18011e+02 | 18 -0.05054 -1.26440e+02
 19 -0.05005 -1.35554e+02 | 20 -0.04975 -1.43224e+02 | 21 -0.05292 -1.45601e+02
 22 -0.04891 -1.49914e+02 | 23 -0.05342 -1.56924e+02 | 24 -0.05297 -1.76302e+02
 25 -0.05908 -2.00073e+02 | 26 -0.05951 -2.61251e+02 | 27 -0.05730 -3.50608e+02
 28 -0.04163 -5.38441e+02 | 29  0.02496 -1.23005e+03 | 30 -0.06307 -7.58782e+02
 31 -0.12444 -5.14979e+02 | 32 -0.15599 -4.40909e+02 | 33  0.03110 -2.36122e+03
 34 -0.13178 -5.74889e+02 | 35 -0.00918 -8.70845e+02 | 36 -0.03717 -8.94993e+01
 37 -0.04965  3.48457e+02 | 38  0.02723  1.45819e+03 | 39 -0.05598  9.54120e+02
 40 -0.04238  1.17857e+03 | 41 -0.04262  1.08540e+03 | 42  0.00006  1.25299e+03
 43 -0.01763  8.18551e+02 | 44 -0.03738  4.94898e+02 | 45 -0.04369  3.14882e+02
 46 -0.04514  1.81234e+02 | 47 -0.09719  6.18838e+01 | 48 -0.05913  4.19910e+01
 49 -0.14059  7.14671e+00 | 50  0.07115  5.18042e+00 | 51 -0.09729  4.56930e-01
 52 -0.03994 -1.40980e+00 | 53 -0.08647 -1.82738e+00 | 54 -0.06410 -2.69521e+00
 55 -0.03072 -3.75925e+00 | 56 -0.08887 -2.93485e+00 | 57 -0.05233 -3.80998e+00
 58 -0.00306 -5.41600e+00 | 59 -0.01610 -4.47380e+00 | 60 -0.03091 -3.30430e+00
 61 -0.07549 -1.96601e+00 | 62 -0.00591 -4.57735e+00 | 63 -0.06782 -2.78834e+00
 64 -0.12091 -2.28542e+00 | 65 -0.04842 -2.91097e+00 | 66 -0.11996 -1.44029e+00
 67 -0.09540 -2.11884e+00 | 68 -0.08431 -2.63977e+00 | 69  0.01073 -4.07326e+00
 70 -0.02783 -1.96394e+00 | 71 -0.22474 -4.97925e-01 | 72 -0.11149 -1.30438e+00
 73 -0.08502 -1.57737e-01 | 74 -0.03901  5.17426e-02 | 75 -0.03786 -1.81324e-02
 76 -0.03785  2.29369e-02 | 77  0.00000  0.00000e+00 | 78 -0.42874  1.67666e+02
 79 -0.12533 -1.35544e+01 | 80 -0.26905 -3.42164e+03 | 81 -0.88888  1.55001e+01
 82  0.37498 -2.18011e+02 | 83 -1.02617 -2.16207e-01 | 84  0.45778 -8.61402e+00
 85 -0.30571  6.40429e-01 |
85 variables; iteration 260; function evaluation 323; phase 4
Function value -9.8730849e+01; maximum gradient component mag 3.5813e+04
Var    Value     Gradient |Var    Value     Gradient |Var    Value     Gradient
  1  0.01372  3.58133e+04 |  2 -0.00345  2.21160e+01 |  3  0.00112  2.90067e+01
  4 -0.01613  3.00739e+01 |  5 -0.02111  3.33628e+01 |  6 -0.02576  3.73634e+01
  7 -0.01695  5.03239e+01 |  8 -0.02206  5.57681e+01 |  9 -0.02946  5.99661e+01
 10 -0.01939  7.87212e+01 | 11 -0.05021  6.36756e+01 | 12 -0.04962  7.54791e+01
 13 -0.02073  1.19955e+02 | 14 -0.03288  1.21903e+02 | 15 -0.05972  1.06305e+02
 16 -0.05039  1.36142e+02 | 17 -0.05062  1.59523e+02 | 18 -0.00284  2.77873e+02
 19 -0.03119  2.32097e+02 | 20 -0.05919  1.87797e+02 | 21 -0.04220  2.27065e+02
 22 -0.06311  1.87040e+02 | 23 -0.04749  2.33199e+02 | 24 -0.06273  2.24873e+02
 25 -0.05873  2.75370e+02 | 26 -0.07251  3.15928e+02 | 27 -0.05422  4.85750e+02
 28 -0.01087  9.18326e+02 | 29  0.02140  1.53743e+03 | 30 -0.09028  7.29912e+02
 31 -0.14373  4.75017e+02 | 32 -0.09055  7.26296e+02 | 33  0.02477  1.59703e+03
 34 -0.10940  5.27445e+02 | 35 -0.01291  1.05284e+03 | 36 -0.04262  7.64497e+02
 37 -0.03760  7.24490e+02 | 38  0.02145  1.15762e+03 | 39 -0.05841  5.99621e+02
 40 -0.04328  6.30306e+02 | 41 -0.04093  6.04689e+02 | 42 -0.00130  6.95471e+02
 43 -0.01967  4.92255e+02 | 44 -0.03795  3.27905e+02 | 45 -0.04436  2.35722e+02
 46 -0.04933  1.78973e+02 | 47 -0.09478  8.67986e+01 | 48 -0.06297  7.40513e+01
 49 -0.13116  2.88705e+01 | 50  0.07321  3.75008e+01 | 51 -0.09868  8.57399e+00
 52 -0.03730 -1.04139e+00 | 53 -0.08814 -7.11432e+00 | 54 -0.05835 -1.30862e+01
 55 -0.02871 -1.92501e+01 | 56 -0.08599 -1.35828e+01 | 57 -0.04810 -1.79732e+01
 58 -0.00102 -1.98548e+01 | 59 -0.01450 -1.68184e+01 | 60 -0.03221 -1.11994e+01
 61 -0.07335 -8.82673e+00 | 62 -0.00175 -1.86121e+01 | 63 -0.07104 -1.38494e+01
 64 -0.12011 -1.07135e+01 | 65 -0.04599 -1.37013e+01 | 66 -0.12072 -4.24126e+00
 67 -0.09523 -8.66851e+00 | 68 -0.08445 -1.59783e+01 | 69  0.01518 -3.74253e+01
 70 -0.02930 -2.16447e+01 | 71 -0.22488 -3.75659e+00 | 72 -0.11001 -7.73645e+00
 73 -0.07657 -3.75257e-01 | 74 -0.03465  7.65900e-01 | 75 -0.03736 -2.29020e-01
 76 -0.03583  1.96509e-01 | 77  0.00000  0.00000e+00 | 78 -0.39193  1.37129e+03
 79 -0.08071 -4.23823e+02 | 80 -0.26782  2.34386e+04 | 81 -0.77216 -2.66188e+02
 82  0.37734  7.21343e+02 | 83 -0.71225 -1.74893e+01 | 84  0.47960 -1.27043e+02
 85 -0.37035  2.39977e+01 |
85 variables; iteration 280; function evaluation 346; phase 4
Function value -1.0410754e+02; maximum gradient component mag -4.8703e+03
Var    Value     Gradient |Var    Value     Gradient |Var    Value     Gradient
  1  0.01418 -4.87027e+03 |  2 -0.00551  7.79330e+00 |  3 -0.00614  9.44663e+00
  4 -0.02194  1.01102e+01 |  5 -0.02398  1.16361e+01 |  6 -0.02446  1.40405e+01
  7 -0.02628  1.62853e+01 |  8 -0.02880  1.85522e+01 |  9 -0.02823  2.24550e+01
 10 -0.03063  2.53226e+01 | 11 -0.03058  2.97963e+01 | 12 -0.03366  3.29313e+01
 13 -0.03778  3.58542e+01 | 14 -0.03763  4.18180e+01 | 15 -0.03757  4.87701e+01
 16 -0.04398  5.14927e+01 | 17 -0.04666  5.77130e+01 | 18 -0.04950  6.20671e+01
 19 -0.05393  6.32018e+01 | 20 -0.05303  6.77913e+01 | 21 -0.05312  7.01112e+01
 22 -0.04886  7.34090e+01 | 23 -0.04943  7.68045e+01 | 24 -0.05194  7.97524e+01
 25 -0.05214  8.58211e+01 | 26 -0.04550  9.93742e+01 | 27 -0.02688  1.15227e+02
 28  0.00004  1.42206e+02 | 29 -0.00098  1.72610e+02 | 30 -0.09419  8.10804e+01
 31 -0.14865  2.46243e+01 | 32 -0.10558 -3.43674e-01 | 33  0.03414 -3.12390e+02
 34 -0.10657 -1.63113e+02 | 35 -0.01464 -5.00530e+02 | 36 -0.04560 -4.70160e+02
 37 -0.02938 -4.63860e+02 | 38  0.02133 -7.12731e+02 | 39 -0.06087 -3.54126e+02
 40 -0.03959 -3.37815e+02 | 41 -0.04255 -2.57486e+02 | 42  0.00049 -2.42432e+02
 43 -0.01829 -1.29179e+02 | 44 -0.03595 -6.32162e+01 | 45 -0.04288 -3.46684e+01
 46 -0.04598 -1.66386e+01 | 47 -0.09538 -1.23520e+01 | 48 -0.06155 -1.02341e+01
 49 -0.12844 -8.52137e+00 | 50  0.07396  1.44441e+01 | 51 -0.09685  6.83383e+00
 52 -0.03500  4.18363e+00 | 53 -0.08192  6.52963e-01 | 54 -0.05879 -2.25797e+00
 55 -0.02663 -2.67683e+00 | 56 -0.08499 -2.74393e+00 | 57 -0.04762 -5.90221e+00
 58  0.00125 -3.23603e+00 | 59 -0.01304 -4.15397e+00 | 60 -0.02867 -3.42089e+00
 61 -0.07098 -1.35109e+00 | 62 -0.00122 -5.67053e-01 | 63 -0.06750 -1.52664e+00
 64 -0.11712 -2.36502e+00 | 65 -0.04488 -1.89500e+00 | 66 -0.11846  1.45533e-01
 67 -0.09291 -2.35322e+00 | 68 -0.07944 -3.03264e+00 | 69  0.01682 -6.70275e+00
 70 -0.02625 -5.14088e+00 | 71 -0.22131 -6.09864e-01 | 72 -0.10630  9.17957e-02
 73 -0.08066  6.60040e-01 | 74 -0.03723 -1.11081e-02 | 75 -0.03468  2.81023e-01
 76 -0.03581  4.43935e-02 | 77  0.00000  0.00000e+00 | 78 -0.42374 -2.59678e+02
 79 -0.11195  5.55207e+01 | 80 -0.26830 -4.26696e+03 | 81 -0.82508  3.33040e+01
 82  0.38560 -8.36326e+01 | 83 -0.55506  6.58724e+00 | 84  0.48172 -3.55017e+01
 85 -0.41078  6.80663e+00 |
85 variables; iteration 300; function evaluation 367; phase 4
Function value -1.0544597e+02; maximum gradient component mag -1.8469e+02
Var    Value     Gradient |Var    Value     Gradient |Var    Value     Gradient
  1  0.01375  1.41856e+02 |  2 -0.00529  2.43678e+00 |  3 -0.00471  3.33655e+00
  4 -0.02203  3.17266e+00 |  5 -0.02346  3.64082e+00 |  6 -0.02559  4.02484e+00
  7 -0.02600  5.04169e+00 |  8 -0.02775  5.77790e+00 |  9 -0.03052  6.29303e+00
 10 -0.03114  7.60285e+00 | 11 -0.03355  8.46339e+00 | 12 -0.03532  9.54584e+00
 13 -0.03630  1.12421e+01 | 14 -0.03999  1.21355e+01 | 15 -0.04481  1.27988e+01
 16 -0.04531  1.52680e+01 | 17 -0.04858  1.71126e+01 | 18 -0.04450  2.15685e+01
 19 -0.04522  2.32526e+01 | 20 -0.05010  2.24860e+01 | 21 -0.05082  2.29839e+01
 22 -0.05355  2.14747e+01 | 23 -0.05080  2.41337e+01 | 24 -0.05101  2.57586e+01
 25 -0.04868  2.86317e+01 | 26 -0.04453  3.08974e+01 | 27 -0.01841  3.84665e+01
 28  0.00410  5.36252e+01 | 29 -0.00445  9.27021e+01 | 30 -0.10076  4.99326e+01
 31 -0.13805  2.82060e+01 | 32 -0.14241  1.84645e+01 | 33  0.04191  5.01629e+01
 34 -0.11340 -6.25585e-01 | 35 -0.01437 -2.82663e+01 | 36 -0.04098 -3.85046e+01
 37 -0.03225 -4.36937e+01 | 38  0.02121 -9.92866e+01 | 39 -0.05763 -5.66885e+01
 40 -0.04114 -7.19667e+01 | 41 -0.04146 -6.00154e+01 | 42 -0.00025 -7.58378e+01
 43 -0.01863 -5.13300e+01 | 44 -0.03631 -3.16230e+01 | 45 -0.04319 -2.31888e+01
 46 -0.04745 -1.61736e+01 | 47 -0.09462 -1.04672e+01 | 48 -0.06382 -1.30362e+01
 49 -0.12022 -2.00401e+00 | 50  0.07381 -1.14516e+01 | 51 -0.09894 -3.61316e+00
 52 -0.03304 -1.02970e+00 | 53 -0.08121  1.04529e+00 | 54 -0.05647  2.46142e+00
 55 -0.02575  2.87393e+00 | 56 -0.08401  1.30543e+00 | 57 -0.04505  9.87018e-01
 58  0.00183 -3.11654e-01 | 59 -0.01212 -8.96748e-01 | 60 -0.02835 -6.80297e-01
 61 -0.06943 -1.00463e+00 | 62 -0.00030 -1.94848e+00 | 63 -0.06798 -1.03107e+00
 64 -0.11546 -6.56377e-01 | 65 -0.04402 -4.95005e-01 | 66 -0.11940 -4.95278e-01
 67 -0.09184  2.25118e-01 | 68 -0.07768  1.59752e+00 | 69  0.01846  6.48716e+00
 70 -0.02598  5.28876e+00 | 71 -0.22060  7.06130e-01 | 72 -0.10470  1.81965e-01
 73 -0.08148 -2.44137e-01 | 74 -0.03649 -2.69513e-02 | 75 -0.03534 -2.44728e-02
 76 -0.03562 -5.14047e-02 | 77  0.00000  0.00000e+00 | 78 -0.42385 -2.42451e+01
 79 -0.13900 -1.88530e+00 | 80 -0.26814 -1.84685e+02 | 81 -0.84390  1.18574e+00
 82  0.38330  3.58174e+00 | 83 -0.58649  6.07135e-02 | 84  0.48134 -3.74128e+00
 85 -0.45190  6.68889e-01 |
85 variables; iteration 320; function evaluation 387; phase 4
Function value -1.0559848e+02; maximum gradient component mag 3.7507e+02
Var    Value     Gradient |Var    Value     Gradient |Var    Value     Gradient
  1  0.01356  7.52085e+01 |  2 -0.00569  3.03349e-01 |  3 -0.00674  3.41672e-01
  4 -0.02272  4.10944e-01 |  5 -0.02384  4.89459e-01 |  6 -0.02513  5.73044e-01
  7 -0.02667  6.34680e-01 |  8 -0.02850  6.62848e-01 |  9 -0.02948  9.70252e-01
 10 -0.03147  1.03894e+00 | 11 -0.03108  1.84094e+00 | 12 -0.03311  1.88099e+00
 13 -0.03715  1.57273e+00 | 14 -0.03912  1.95407e+00 | 15 -0.04056  2.56594e+00
 16 -0.04357  2.70351e+00 | 17 -0.04572  3.35928e+00 | 18 -0.05039  2.81771e+00
 19 -0.05105  3.39402e+00 | 20 -0.05007  4.37648e+00 | 21 -0.05485  3.11440e+00
 22 -0.05073  4.39547e+00 | 23 -0.05528  3.17338e+00 | 24 -0.05151  4.55404e+00
 25 -0.04903  4.81534e+00 | 26 -0.03743  5.03204e+00 | 27 -0.01182  3.01238e+00
 28  0.00033  8.51403e+00 | 29 -0.00565  5.12617e+01 | 30 -0.10285  3.21843e+01
 31 -0.13587  2.14529e+01 | 32 -0.13962  1.90372e+01 | 33  0.04146  1.02187e+02
 34 -0.11311  2.76355e+01 | 35 -0.01410  4.03513e+01 | 36 -0.04083  6.35670e+00
 37 -0.03194 -1.04364e+01 | 38  0.02107 -5.77602e+01 | 39 -0.05792 -3.86457e+01
 40 -0.04063 -4.65506e+01 | 41 -0.04141 -4.37270e+01 | 42 -0.00024 -4.97417e+01
 43 -0.01875 -3.38999e+01 | 44 -0.03637 -2.21475e+01 | 45 -0.04305 -1.58862e+01
 46 -0.04792 -1.06963e+01 | 47 -0.09421 -5.25805e+00 | 48 -0.06475 -5.65477e+00
 49 -0.11562 -1.64626e+00 | 50  0.07320 -2.42497e+00 | 51 -0.09848 -2.15053e-01
 52 -0.03309  1.06049e-01 | 53 -0.08105  2.24518e-01 | 54 -0.05598  3.02590e-01
 55 -0.02592  4.15278e-01 | 56 -0.08376  3.42152e-01 | 57 -0.04453  4.82691e-01
 58  0.00199  6.86182e-01 | 59 -0.01195  8.02412e-01 | 60 -0.02857  7.32920e-01
 61 -0.06866  5.36844e-01 | 62 -0.00016  9.70050e-01 | 63 -0.06839  5.31161e-01
 64 -0.11469  3.71066e-01 | 65 -0.04396  7.45516e-01 | 66 -0.11921  4.90741e-01
 67 -0.09146  4.63350e-01 | 68 -0.07662  3.89214e-01 | 69  0.01884  7.55689e-01
 70 -0.02675  6.45192e-01 | 71 -0.22055  1.66815e-01 | 72 -0.10373  3.33136e-01
 73 -0.08066  7.56762e-02 | 74 -0.03636  6.84342e-03 | 75 -0.03517  1.27135e-03
 76 -0.03536 -2.98707e-03 | 77  0.00000  0.00000e+00 | 78 -0.42014 -1.02056e+01
 79 -0.11873  6.11520e-01 | 80 -0.26801  3.75070e+02 | 81 -0.85901 -2.60739e+00
 82  0.38495  5.06000e+00 | 83 -0.55992 -1.17165e-01 | 84  0.47940 -3.59123e-02
 85 -0.52959 -1.33345e-03 |
85 variables; iteration 340; function evaluation 407; phase 4
Function value -1.0573155e+02; maximum gradient component mag -9.1592e+02
Var    Value     Gradient |Var    Value     Gradient |Var    Value     Gradient
  1  0.01364 -9.15916e+02 |  2 -0.00520  8.57553e-01 |  3 -0.00623  9.91265e-01
  4 -0.02266  9.73767e-01 |  5 -0.02370  1.17839e+00 |  6 -0.02498  1.38347e+00
  7 -0.02595  1.73858e+00 |  8 -0.02706  2.12526e+00 |  9 -0.02957  2.17147e+00
 10 -0.02998  2.87976e+00 | 11 -0.03225  3.11898e+00 | 12 -0.03189  4.11707e+00
 13 -0.03591  4.00351e+00 | 14 -0.03818  4.54791e+00 | 15 -0.04012  5.30490e+00
 16 -0.04235  5.99681e+00 | 17 -0.04755  5.95660e+00 | 18 -0.04997  6.40085e+00
 19 -0.05115  7.00896e+00 | 20 -0.05161  7.68689e+00 | 21 -0.05143  8.20841e+00
 22 -0.05140  8.06817e+00 | 23 -0.05445  7.38886e+00 | 24 -0.05040  9.20743e+00
 25 -0.05118  8.60539e+00 | 26 -0.04336  8.25670e+00 | 27 -0.01103  8.60796e+00
 28  0.00742  1.19529e+01 | 29 -0.01166  4.08880e+01 | 30 -0.10258  2.38451e+01
 31 -0.13355  1.29106e+01 | 32 -0.14572  3.18556e+00 | 33  0.04286  1.21846e+01
 34 -0.11348 -6.01626e+00 | 35 -0.01436 -3.39797e+01 | 36 -0.04072 -5.23599e+01
 37 -0.03190 -6.87146e+01 | 38  0.02088 -1.46211e+02 | 39 -0.05771 -7.62092e+01
 40 -0.04054 -7.98687e+01 | 41 -0.04188 -6.81223e+01 | 42 -0.00008 -7.01085e+01
 43 -0.01861 -4.34989e+01 | 44 -0.03636 -2.69056e+01 | 45 -0.04321 -1.86863e+01
 46 -0.04791 -1.25341e+01 | 47 -0.09417 -5.28638e+00 | 48 -0.06420 -4.56976e+00
 49 -0.11912  5.09160e-02 | 50  0.07419  1.69653e+00 | 51 -0.09850  7.92066e-01
 52 -0.03299  7.65667e-01 | 53 -0.08134  6.00172e-01 | 54 -0.05581  6.15742e-01
 55 -0.02563  5.79125e-01 | 56 -0.08367  5.94229e-01 | 57 -0.04454  1.04939e+00
 58  0.00207  1.23366e+00 | 59 -0.01171  1.49326e+00 | 60 -0.02863  1.31090e+00
 61 -0.06889  8.21848e-01 | 62  0.00025  1.35145e+00 | 63 -0.06835  1.11021e+00
 64 -0.11505  8.75199e-01 | 65 -0.04359  1.45554e+00 | 66 -0.11925  7.26318e-01
 67 -0.09162  6.48031e-01 | 68 -0.07735  3.94553e-01 | 69  0.01930  5.30024e-01
 70 -0.02644  3.16164e-01 | 71 -0.22071  1.68184e-01 | 72 -0.10411  5.11636e-01
 73 -0.07964  1.63522e-01 | 74 -0.03650 -1.02194e-02 | 75 -0.03506  9.05553e-03
 76 -0.03531 -1.05367e-02 | 77  0.00000  0.00000e+00 | 78 -0.41391 -5.18146e+01
 79 -0.09290  1.71901e+01 | 80 -0.26813 -5.45541e+02 | 81 -0.85401  3.48747e+00
 82  0.39048 -9.64549e+00 | 83 -0.49431  1.33213e+00 | 84  0.46541 -5.65698e-01
 85 -0.64514  3.01688e-03 |
85 variables; iteration 360; function evaluation 427; phase 4
Function value -1.0582107e+02; maximum gradient component mag 1.3307e+03
Var    Value     Gradient |Var    Value     Gradient |Var    Value     Gradient
  1  0.01353  1.33066e+03 |  2 -0.00540  1.32445e+00 |  3 -0.00635  1.58024e+00
  4 -0.02258  1.65143e+00 |  5 -0.02363  1.97352e+00 |  6 -0.02491  2.31689e+00
  7 -0.02612  2.76673e+00 |  8 -0.02735  3.29834e+00 |  9 -0.02956  3.61887e+00
 10 -0.03027  4.46763e+00 | 11 -0.03192  5.13180e+00 | 12 -0.03281  6.05139e+00
 13 -0.03621  6.36236e+00 | 14 -0.03883  7.08677e+00 | 15 -0.04084  8.19608e+00
 16 -0.04316  9.23268e+00 | 17 -0.04672  1.01705e+01 | 18 -0.04949  1.08276e+01
 19 -0.05081  1.16535e+01 | 20 -0.05183  1.23667e+01 | 21 -0.05357  1.23507e+01
 22 -0.05301  1.26274e+01 | 23 -0.05332  1.37199e+01 | 24 -0.05234  1.58208e+01
 25 -0.04958  1.91785e+01 | 26 -0.03924  2.59572e+01 | 27 -0.00692  4.03837e+01
 28  0.00549  5.79795e+01 | 29 -0.01169  9.09232e+01 | 30 -0.10572  5.02588e+01
 31 -0.13439  3.79843e+01 | 32 -0.14095  3.37818e+01 | 33  0.04291  1.79326e+02
 34 -0.11287  4.66868e+01 | 35 -0.01454  7.73720e+01 | 36 -0.04001  3.46272e+01
 37 -0.03294  1.02094e+01 | 38  0.02180 -3.07144e+01 | 39 -0.05840 -2.83848e+01
 40 -0.04012 -3.40241e+01 | 41 -0.04227 -3.27737e+01 | 42  0.00008 -3.50089e+01
 43 -0.01859 -2.12810e+01 | 44 -0.03639 -1.08254e+01 | 45 -0.04339 -5.45515e+00
 46 -0.04809 -1.80275e+00 | 47 -0.09421  4.19795e-01 | 48 -0.06320 -3.63763e-01
 49 -0.12415 -5.80693e-01 | 50  0.07539 -2.89104e+00 | 51 -0.09877 -6.13970e-01
 52 -0.03256 -1.09487e+00 | 53 -0.08183 -6.82031e-01 | 54 -0.05546 -8.42759e-01
 55 -0.02506 -1.04460e+00 | 56 -0.08335 -5.05543e-01 | 57 -0.04441 -4.81112e-01
 58  0.00230 -5.41533e-01 | 59 -0.01141 -3.20667e-01 | 60 -0.02867 -2.20131e-01
 61 -0.06926 -2.35876e-01 | 62  0.00091 -3.36859e-01 | 63 -0.06825 -1.08579e-01
 64 -0.11561 -7.31504e-02 | 65 -0.04319 -1.30420e-01 | 66 -0.11934 -7.76370e-02
 67 -0.09198 -3.38275e-01 | 68 -0.07856 -4.97232e-01 | 69  0.01965 -9.23521e-01
 70 -0.02589 -6.01148e-01 | 71 -0.22085 -6.98410e-02 | 72 -0.10468 -4.75703e-02
 73 -0.07873  2.08973e-02 | 74 -0.03626 -1.08338e-03 | 75 -0.03498  3.64483e-04
 76 -0.03517 -4.08357e-03 | 77  0.00000  0.00000e+00 | 78 -0.41090  3.79821e+01
 79 -0.09912 -7.38764e+00 | 80 -0.26814  7.20394e+02 | 81 -0.82832 -5.86342e+00
 82  0.39240  1.36198e+01 | 83 -0.47705 -1.01742e+00 | 84  0.46263 -6.01513e+00
 85 -0.62872  3.09744e-01 |
85 variables; iteration 380; function evaluation 447; phase 4
Function value -1.0597950e+02; maximum gradient component mag 3.2085e+03
Var    Value     Gradient |Var    Value     Gradient |Var    Value     Gradient
  1  0.01349  3.20846e+03 |  2 -0.00541  3.79328e+00 |  3 -0.00658  4.47291e+00
  4 -0.02248  4.81038e+00 |  5 -0.02364  5.68274e+00 |  6 -0.02488  6.70715e+00
  7 -0.02563  8.07472e+00 |  8 -0.02608  9.74594e+00 |  9 -0.03001  1.03769e+01
 10 -0.02989  1.25887e+01 | 11 -0.03099  1.46038e+01 | 12 -0.03292  1.64617e+01
 13 -0.03579  1.81036e+01 | 14 -0.03805  2.03395e+01 | 15 -0.04121  2.25938e+01
 16 -0.04345  2.53596e+01 | 17 -0.04767  2.77033e+01 | 18 -0.05232  2.86980e+01
 19 -0.05241  3.12076e+01 | 20 -0.05221  3.34307e+01 | 21 -0.05545  3.28267e+01
 22 -0.05442  3.34317e+01 | 23 -0.05644  3.50693e+01 | 24 -0.05474  4.06266e+01
 25 -0.05093  5.00460e+01 | 26 -0.03679  7.16528e+01 | 27  0.00718  1.22059e+02
 28  0.00305  1.34243e+02 | 29 -0.02345  1.41927e+02 | 30 -0.09891  8.79611e+01
 31 -0.12907  6.53586e+01 | 32 -0.14651  4.84904e+01 | 33  0.04355  2.50135e+02
 34 -0.11391  5.40620e+01 | 35 -0.01425  8.20225e+01 | 36 -0.03963  3.11063e+01
 37 -0.03305  4.89456e+00 | 38  0.02191 -2.10991e+01 | 39 -0.05794 -1.37790e+01
 40 -0.04022 -1.08265e+01 | 41 -0.04213 -5.58898e+00 | 42  0.00008  6.76923e+00
 43 -0.01853  1.44045e+01 | 44 -0.03633  1.74886e+01 | 45 -0.04337  1.78007e+01
 46 -0.04802  1.70151e+01 | 47 -0.09422  1.02573e+01 | 48 -0.06352  4.79493e+00
 49 -0.12225  7.35366e-01 | 50  0.07515 -5.10442e+00 | 51 -0.09858 -1.53892e+00
 52 -0.03222 -2.94007e+00 | 53 -0.08118 -2.07309e+00 | 54 -0.05532 -2.65607e+00
 55 -0.02488 -3.31037e+00 | 56 -0.08319 -1.91183e+00 | 57 -0.04414 -2.29895e+00
 58  0.00255 -2.85373e+00 | 59 -0.01129 -2.32746e+00 | 60 -0.02829 -2.05343e+00
 61 -0.06892 -1.72282e+00 | 62  0.00098 -2.80420e+00 | 63 -0.06808 -1.72668e+00
 64 -0.11517 -1.16425e+00 | 65 -0.04317 -1.82176e+00 | 66 -0.11916 -8.05278e-01
 67 -0.09168 -1.29956e+00 | 68 -0.07795 -1.76771e+00 | 69  0.01975 -3.27858e+00
 70 -0.02573 -2.15558e+00 | 71 -0.22036 -3.28733e-01 | 72 -0.10419 -3.67203e-01
 73 -0.07921  6.77078e-03 | 74 -0.03608 -1.65427e-03 | 75 -0.03498 -2.24331e-02
 76 -0.03511 -1.06330e-02 | 77  0.00000  0.00000e+00 | 78 -0.41642  9.64059e+01
 79 -0.11955 -2.18581e+01 | 80 -0.26808  1.95013e+03 | 81 -0.82957 -1.57022e+01
 82  0.39773  1.92645e+01 | 83 -0.43537 -1.82345e+00 | 84  0.46440 -5.66939e+00
 85 -0.60259  3.65499e-01 |
85 variables; iteration 400; function evaluation 467; phase 4
Function value -1.0620273e+02; maximum gradient component mag -6.6722e+02
Var    Value     Gradient |Var    Value     Gradient |Var    Value     Gradient
  1  0.01339 -6.67219e+02 |  2 -0.00558 -8.27175e-02 |  3 -0.00627 -3.32227e-02
  4 -0.02247 -4.74290e-02 |  5 -0.02351 -4.77481e-02 |  6 -0.02482 -8.48673e-02
  7 -0.02635 -1.50188e-01 |  8 -0.02796 -2.07537e-01 |  9 -0.02907 -1.01019e-01
 10 -0.03217 -5.05939e-01 | 11 -0.03184  5.82032e-02 | 12 -0.03365  1.83747e-02
 13 -0.03776 -6.00848e-01 | 14 -0.04004 -6.03389e-01 | 15 -0.04188 -4.16155e-01
 16 -0.04422 -3.94214e-01 | 17 -0.04703 -3.24928e-01 | 18 -0.05288 -1.43680e+00
 19 -0.05328 -1.02234e+00 | 20 -0.05123  4.83804e-02 | 21 -0.05534 -9.74616e-01
 22 -0.05605 -1.25020e+00 | 23 -0.05731 -1.45341e+00 | 24 -0.05451 -5.47900e-01
 25 -0.05736 -2.00610e+00 | 26 -0.03664 -1.41031e+00 | 27  0.02795 -3.59105e+00
 28  0.00358 -1.22312e+01 | 29 -0.04696 -1.84689e+00 | 30 -0.09854  4.89680e+00
 31 -0.12759  1.53689e+00 | 32 -0.13350 -2.56257e+00 | 33  0.04341 -1.28521e+01
 34 -0.11274 -5.72057e+00 | 35 -0.01390 -1.28234e+01 | 36 -0.03884 -2.13029e+01
 37 -0.03254 -2.91067e+01 | 38  0.02268 -5.37505e+01 | 39 -0.05746 -3.02157e+01
 40 -0.03994 -3.43637e+01 | 41 -0.04180 -2.97341e+01 | 42  0.00055 -3.33837e+01
 43 -0.01787 -2.16947e+01 | 44 -0.03582 -1.44722e+01 | 45 -0.04302 -1.06987e+01
 46 -0.04731 -7.57127e+00 | 47 -0.09398 -3.56282e+00 | 48 -0.06307 -2.81828e+00
 49 -0.12145 -9.85071e-01 | 50  0.07596  2.62588e+00 | 51 -0.09797  1.03092e+00
 52 -0.03127  1.22641e+00 | 53 -0.07985  6.78674e-01 | 54 -0.05464  7.63262e-01
 55 -0.02398  9.58082e-01 | 56 -0.08256  6.59955e-01 | 57 -0.04341  8.79957e-01
 58  0.00345  1.28486e+00 | 59 -0.01057  1.14019e+00 | 60 -0.02733  1.03687e+00
 61 -0.06793  8.12855e-01 | 62  0.00172  1.36001e+00 | 63 -0.06730  8.75952e-01
 64 -0.11420  6.42204e-01 | 65 -0.04237  9.33443e-01 | 66 -0.11850  4.42656e-01
 67 -0.09078  4.42422e-01 | 68 -0.07668  4.11845e-01 | 69  0.02079  6.75828e-01
 70 -0.02482  4.79335e-01 | 71 -0.21935  1.15102e-01 | 72 -0.10323  1.90060e-01
 73 -0.07913  2.30450e-02 | 74 -0.03587  4.88859e-04 | 75 -0.03463 -1.41277e-03
 76 -0.03480 -2.25215e-03 | 77  0.00000  0.00000e+00 | 78 -0.41801 -2.54874e+01
 79 -0.10848  6.98810e+00 | 80 -0.26794 -3.58528e+02 | 81 -0.81506  3.06851e+00
 82  0.41405 -2.78919e+00 | 83 -0.35187  1.16294e+00 | 84  0.49970 -1.13748e-02
 85 -0.43393 -2.09799e-04 |
85 variables; iteration 420; function evaluation 489; phase 4
Function value -1.0626971e+02; maximum gradient component mag -1.1012e+03
Var    Value     Gradient |Var    Value     Gradient |Var    Value     Gradient
  1  0.01342 -1.10123e+03 |  2 -0.00529 -7.94756e-01 |  3 -0.00599 -9.02784e-01
  4 -0.02224 -9.79899e-01 |  5 -0.02328 -1.16160e+00 |  6 -0.02407 -1.27749e+00
  7 -0.02547 -1.54564e+00 |  8 -0.02736 -1.93581e+00 |  9 -0.02799 -2.00100e+00
 10 -0.03147 -2.77918e+00 | 11 -0.03166 -2.72868e+00 | 12 -0.03485 -3.48371e+00
 13 -0.03625 -3.73732e+00 | 14 -0.03859 -4.16962e+00 | 15 -0.04020 -4.43223e+00
 16 -0.04489 -5.51397e+00 | 17 -0.04584 -5.53052e+00 | 18 -0.04776 -5.92942e+00
 19 -0.05050 -6.46572e+00 | 20 -0.05435 -7.28743e+00 | 21 -0.05153 -6.51286e+00
 22 -0.05353 -7.01138e+00 | 23 -0.05479 -7.48492e+00 | 24 -0.05627 -8.24948e+00
 25 -0.06026 -1.03895e+01 | 26 -0.04948 -1.35435e+01 | 27  0.02693 -1.92413e+01
 28  0.01478 -2.48179e+01 | 29 -0.05388 -1.24091e+01 | 30 -0.10449 -5.06854e+00
 31 -0.12590 -4.54756e+00 | 32 -0.13755 -8.67702e+00 | 33  0.04469 -1.66354e+01
 34 -0.11313 -5.49398e+00 | 35 -0.01409 -1.51326e+01 | 36 -0.03832 -1.70027e+01
 37 -0.03266 -2.56507e+01 | 38  0.02285 -5.10722e+01 | 39 -0.05719 -2.82543e+01
 40 -0.03989 -3.48923e+01 | 41 -0.04185 -3.30710e+01 | 42  0.00070 -4.22058e+01
 43 -0.01768 -3.23186e+01 | 44 -0.03569 -2.54727e+01 | 45 -0.04295 -2.14305e+01
 46 -0.04700 -1.74547e+01 | 47 -0.09403 -9.15352e+00 | 48 -0.06283 -7.67136e+00
 49 -0.12181 -1.98653e+00 | 50  0.07619  1.40498e+00 | 51 -0.09781  7.93523e-01
 52 -0.03098  1.46012e+00 | 53 -0.07938  1.00871e+00 | 54 -0.05462  1.31480e+00
 55 -0.02372  1.72563e+00 | 56 -0.08246  1.18376e+00 | 57 -0.04332  1.68733e+00
 58  0.00367  2.34724e+00 | 59 -0.01040  2.15258e+00 | 60 -0.02695  1.91181e+00
 61 -0.06777  1.42799e+00 | 62  0.00185  2.38125e+00 | 63 -0.06698  1.41900e+00
 64 -0.11401  1.00566e+00 | 65 -0.04223  1.63875e+00 | 66 -0.11827  8.35686e-01
 67 -0.09057  8.85633e-01 | 68 -0.07644  7.53437e-01 | 69  0.02094  1.33925e+00
 70 -0.02444  8.70133e-01 | 71 -0.21900  1.35179e-01 | 72 -0.10307  1.87843e-01
 73 -0.07940 -2.86708e-04 | 74 -0.03589 -2.19498e-02 | 75 -0.03450  1.36670e-02
 76 -0.03477 -1.03571e-02 | 77  0.00000  0.00000e+00 | 78 -0.42080 -3.91770e+01
 79 -0.11281  8.98751e+00 | 80 -0.26792 -6.12197e+02 | 81 -0.80954  5.53543e+00
 82  0.42020 -2.24762e-01 | 83 -0.32970  4.98137e-01 | 84  0.50828 -5.90031e-01
 85 -0.36542  2.05585e-01 |
85 variables; iteration 440; function evaluation 511; phase 4
Function value -1.0639122e+02; maximum gradient component mag -1.7402e+02
Var    Value     Gradient |Var    Value     Gradient |Var    Value     Gradient
  1  0.01357 -1.74024e+02 |  2 -0.00539  9.56587e-01 |  3 -0.00617  1.18077e+00
  4 -0.02236  1.23880e+00 |  5 -0.02351  1.44740e+00 |  6 -0.02471  1.70800e+00
  7 -0.02597  2.02342e+00 |  8 -0.02775  2.26628e+00 |  9 -0.02874  2.80010e+00
 10 -0.03080  3.08222e+00 | 11 -0.03246  3.56196e+00 | 12 -0.03436  4.00422e+00
 13 -0.03592  4.64040e+00 | 14 -0.03807  5.26586e+00 | 15 -0.04195  5.47897e+00
 16 -0.04381  6.37126e+00 | 17 -0.04683  7.17365e+00 | 18 -0.04921  7.71452e+00
 19 -0.05140  7.99806e+00 | 20 -0.05313  8.22578e+00 | 21 -0.05396  8.39207e+00
 22 -0.05381  8.34181e+00 | 23 -0.05455  8.79052e+00 | 24 -0.05467  9.73379e+00
 25 -0.05398  1.09377e+01 | 26 -0.04026  1.54218e+01 | 27  0.00951  2.68195e+01
 28  0.02212  2.70131e+01 | 29 -0.04655  1.90924e+01 | 30 -0.11197  9.49348e+00
 31 -0.13066  5.83179e+00 | 32 -0.13059  1.26697e+00 | 33  0.04387 -1.23287e+01
 34 -0.11313 -9.75684e+00 | 35 -0.01410 -3.01325e+01 | 36 -0.03859 -2.94737e+01
 37 -0.03301 -3.32769e+01 | 38  0.02293 -4.75309e+01 | 39 -0.05743 -2.31757e+01
 40 -0.04003 -2.45990e+01 | 41 -0.04189 -2.16921e+01 | 42  0.00065 -2.58827e+01
 43 -0.01769 -1.88750e+01 | 44 -0.03570 -1.40403e+01 | 45 -0.04291 -1.10816e+01
 46 -0.04675 -8.49195e+00 | 47 -0.09421 -4.10706e+00 | 48 -0.06291 -3.69415e+00
 49 -0.12141 -1.01934e+00 | 50  0.07574 -1.68717e+00 | 51 -0.09770 -1.57670e-01
 52 -0.03133 -1.03999e-01 | 53 -0.07932  3.48075e-03 | 54 -0.05512  1.16857e-01
 55 -0.02406  1.61605e-01 | 56 -0.08278  1.58324e-01 | 57 -0.04374  1.87741e-01
 58  0.00343  2.04795e-01 | 59 -0.01069  1.04656e-01 | 60 -0.02695  7.40549e-02
 61 -0.06795  3.98653e-02 | 62  0.00140  2.20208e-02 | 63 -0.06696  3.68353e-02
 64 -0.11406  7.59400e-02 | 65 -0.04257  2.69239e-02 | 66 -0.11826 -6.64848e-03
 67 -0.09063 -1.32732e-02 | 68 -0.07635 -9.16327e-03 | 69  0.02049  9.59667e-02
 70 -0.02456  8.23984e-02 | 71 -0.21900  1.10853e-02 | 72 -0.10323  6.29571e-03
 73 -0.08005 -1.03336e-02 | 74 -0.03597 -6.18452e-03 | 75 -0.03469 -4.79499e-03
 76 -0.03485 -1.89249e-03 | 77  0.00000  0.00000e+00 | 78 -0.42359 -2.02447e+01
 79 -0.11374  4.98334e+00 | 80 -0.26797 -1.27375e+02 | 81 -0.81686  9.91224e-01
 82  0.41511  1.51825e+00 | 83 -0.34775  3.69702e-01 | 84  0.50221 -1.16152e+00
 85 -0.37666  3.62122e-01 |
85 variables; iteration 460; function evaluation 531; phase 4
Function value -1.0641625e+02; maximum gradient component mag 6.3609e+02
Var    Value     Gradient |Var    Value     Gradient |Var    Value     Gradient
  1  0.01350  6.36085e+02 |  2 -0.00530  3.90502e-01 |  3 -0.00623  4.60244e-01
  4 -0.02238  4.87209e-01 |  5 -0.02343  5.81186e-01 |  6 -0.02460  6.93051e-01
  7 -0.02592  8.09931e-01 |  8 -0.02730  9.60766e-01 |  9 -0.02899  1.07563e+00
 10 -0.03067  1.23257e+00 | 11 -0.03237  1.43637e+00 | 12 -0.03417  1.61978e+00
 13 -0.03624  1.79946e+00 | 14 -0.03857  2.03445e+00 | 15 -0.04131  2.25376e+00
 16 -0.04381  2.53927e+00 | 17 -0.04704  2.84118e+00 | 18 -0.04973  2.93725e+00
 19 -0.05153  3.13897e+00 | 20 -0.05246  3.47934e+00 | 21 -0.05381  3.39855e+00
 22 -0.05339  3.50204e+00 | 23 -0.05421  3.70977e+00 | 24 -0.05428  4.24879e+00
 25 -0.05237  5.22187e+00 | 26 -0.04005  7.63351e+00 | 27  0.00644  1.42677e+01
 28  0.02623  1.63275e+01 | 29 -0.04992  1.24804e+01 | 30 -0.11297  7.25840e+00
 31 -0.13158  6.13131e+00 | 32 -0.12776  6.51472e+00 | 33  0.04372  3.06638e+01
 34 -0.11286  9.27029e+00 | 35 -0.01409  1.96571e+01 | 36 -0.03889  1.46340e+01
 37 -0.03265  1.84193e+01 | 38  0.02282  2.42522e+01 | 39 -0.05747  1.17845e+01
 40 -0.03993  1.35512e+01 | 41 -0.04206  1.16623e+01 | 42  0.00063  1.33224e+01
 43 -0.01777  9.64945e+00 | 44 -0.03580  7.39464e+00 | 45 -0.04307  6.27261e+00
 46 -0.04702  5.02225e+00 | 47 -0.09424  2.85186e+00 | 48 -0.06257  2.40201e+00
 49 -0.12360  6.92287e-01 | 50  0.07625 -1.09802e-01 | 51 -0.09795 -1.31624e-01
 52 -0.03118 -3.68648e-01 | 53 -0.07969 -2.81897e-01 | 54 -0.05491 -3.74060e-01
 55 -0.02383 -4.39392e-01 | 56 -0.08266 -3.01990e-01 | 57 -0.04363 -4.40905e-01
 58  0.00347 -6.14263e-01 | 59 -0.01056 -5.38533e-01 | 60 -0.02711 -4.79434e-01
 61 -0.06816 -3.77210e-01 | 62  0.00171 -6.35778e-01 | 63 -0.06704 -3.38907e-01
 64 -0.11440 -2.38508e-01 | 65 -0.04239 -4.51545e-01 | 66 -0.11842 -2.38396e-01
 67 -0.09085 -2.63227e-01 | 68 -0.07700 -2.49015e-01 | 69  0.02067 -4.12723e-01
 70 -0.02446 -2.31924e-01 | 71 -0.21920 -5.07836e-02 | 72 -0.10350 -8.41029e-02
 73 -0.07941 -1.63534e-02 | 74 -0.03584 -8.05357e-04 | 75 -0.03462 -8.89003e-05
 76 -0.03479 -5.46287e-04 | 77  0.00000  0.00000e+00 | 78 -0.42102  2.36479e+01
 79 -0.11756 -5.10654e+00 | 80 -0.26791  3.45678e+02 | 81 -0.80156 -3.40043e+00
 82  0.41641  4.80293e+00 | 83 -0.34199 -5.09622e-01 | 84  0.50153 -6.06538e-01
 85 -0.38663  1.83244e-01 |
85 variables; iteration 480; function evaluation 551; phase 4
Function value -1.0643616e+02; maximum gradient component mag 2.3426e+02
Var    Value     Gradient |Var    Value     Gradient |Var    Value     Gradient
  1  0.01355  2.34263e+02 |  2 -0.00523  8.95154e-02 |  3 -0.00613  1.03528e-01
  4 -0.02227  1.11525e-01 |  5 -0.02333  1.31809e-01 |  6 -0.02452  1.52263e-01
  7 -0.02581  1.79364e-01 |  8 -0.02723  2.14129e-01 |  9 -0.02880  2.40779e-01
 10 -0.03027  3.29936e-01 | 11 -0.03227  3.12852e-01 | 12 -0.03401  3.56217e-01
 13 -0.03589  4.37695e-01 | 14 -0.03815  5.25558e-01 | 15 -0.04098  5.18901e-01
 16 -0.04371  5.27025e-01 | 17 -0.04666  6.87331e-01 | 18 -0.04876  7.87687e-01
 19 -0.05073  8.09487e-01 | 20 -0.05246  7.87623e-01 | 21 -0.05333  7.98332e-01
 22 -0.05320  7.99847e-01 | 23 -0.05350  9.68597e-01 | 24 -0.05375  1.08151e+00
 25 -0.05219  1.33017e+00 | 26 -0.04120  1.93120e+00 | 27 -0.00249  3.55052e+00
 28  0.03266  5.94343e+00 | 29 -0.05290  5.52290e+00 | 30 -0.11255  3.68459e+00
 31 -0.13141  3.23545e+00 | 32 -0.12709  3.84291e+00 | 33  0.04339  1.83943e+01
 34 -0.11296  5.36563e+00 | 35 -0.01417  1.04776e+01 | 36 -0.03880  7.42988e+00
 37 -0.03293  6.93133e+00 | 38  0.02279  9.34036e+00 | 39 -0.05751  4.25422e+00
 40 -0.04006  4.31256e+00 | 41 -0.04200  3.41689e+00 | 42  0.00057  3.64676e+00
 43 -0.01782  2.30848e+00 | 44 -0.03582  1.49772e+00 | 45 -0.04305  1.10367e+00
 46 -0.04696  7.64367e-01 | 47 -0.09429  3.48031e-01 | 48 -0.06281  1.47379e-01
 49 -0.12250  5.01484e-02 | 50  0.07587 -4.95500e-01 | 51 -0.09798 -1.59306e-01
 52 -0.03136 -2.13797e-01 | 53 -0.07966 -1.31728e-01 | 54 -0.05511 -1.56455e-01
 55 -0.02406 -1.95794e-01 | 56 -0.08283 -1.27350e-01 | 57 -0.04377 -1.62466e-01
 58  0.00334 -2.24425e-01 | 59 -0.01073 -1.98724e-01 | 60 -0.02714 -1.65534e-01
 61 -0.06817 -1.28532e-01 | 62  0.00145 -2.12924e-01 | 63 -0.06709 -1.25931e-01
 64 -0.11434 -9.12796e-02 | 65 -0.04258 -1.44284e-01 | 66 -0.11843 -7.23720e-02
 67 -0.09084 -8.65977e-02 | 68 -0.07678 -8.22610e-02 | 69  0.02045 -1.55944e-01
 70 -0.02465 -9.69213e-02 | 71 -0.21921 -1.82758e-02 | 72 -0.10346 -3.32420e-02
 73 -0.07978 -4.54762e-03 | 74 -0.03590  1.15260e-03 | 75 -0.03468 -1.09063e-03
 76 -0.03485  3.34746e-04 | 77  0.00000  0.00000e+00 | 78 -0.42235  8.24857e+00
 79 -0.11796 -1.92849e+00 | 80 -0.26788  1.58531e+02 | 81 -0.80274 -1.60368e+00
 82  0.41679  3.47207e+00 | 83 -0.34089 -2.28840e-01 | 84  0.50499 -2.29075e-03
 85 -0.51287 -3.27130e-03 |
85 variables; iteration 500; function evaluation 571; phase 4
Function value -1.0643718e+02; maximum gradient component mag -4.2212e+01
Var    Value     Gradient |Var    Value     Gradient |Var    Value     Gradient
  1  0.01356 -4.22121e+01 |  2 -0.00520 -2.42977e-02 |  3 -0.00614 -4.51184e-02
  4 -0.02232 -5.42731e-02 |  5 -0.02332 -4.91313e-02 |  6 -0.02438 -2.67355e-02
  7 -0.02570 -4.40058e-02 |  8 -0.02694 -2.99883e-03 |  9 -0.02883 -1.07719e-01
 10 -0.03027 -5.96358e-02 | 11 -0.03225 -1.28316e-01 | 12 -0.03413 -1.86657e-01
 13 -0.03592 -1.43107e-01 | 14 -0.03825 -1.47231e-01 | 15 -0.04057 -8.59349e-02
 16 -0.04383 -3.16505e-01 | 17 -0.04684 -2.68864e-01 | 18 -0.04870 -1.75102e-01
 19 -0.05100 -3.05273e-01 | 20 -0.05268 -3.52173e-01 | 21 -0.05333 -3.06479e-01
 22 -0.05216 -9.91011e-03 | 23 -0.05327 -2.03786e-01 | 24 -0.05402 -4.56675e-01
 25 -0.05142 -3.07478e-01 | 26 -0.04109 -8.98984e-01 | 27 -0.00454 -2.07980e+00
 28  0.03410 -3.02411e+00 | 29 -0.05378 -7.89368e-02 | 30 -0.11273 -2.19571e-01
 31 -0.13147 -3.84887e-01 | 32 -0.12680 -2.99423e-01 | 33  0.04337 -2.37018e+00
 34 -0.11292 -5.20701e-01 | 35 -0.01419 -9.84240e-01 | 36 -0.03877 -2.90799e-01
 37 -0.03295 -5.66710e-02 | 38  0.02281  1.12733e-02 | 39 -0.05750 -1.84672e-01
 40 -0.04007 -6.40089e-01 | 41 -0.04200 -8.52825e-01 | 42  0.00058 -1.63427e+00
 43 -0.01780 -1.31927e+00 | 44 -0.03581 -9.04520e-01 | 45 -0.04304 -5.23724e-01
 46 -0.04694 -3.45061e-01 | 47 -0.09430 -3.25159e-02 | 48 -0.06277  8.06084e-02
 49 -0.12259  1.26786e-01 | 50  0.07589  4.05823e-02 | 51 -0.09798 -6.97221e-02
 52 -0.03135 -2.99094e-02 | 53 -0.07964 -6.74253e-03 | 54 -0.05512  4.57790e-03
 55 -0.02405  8.19632e-03 | 56 -0.08283  7.03698e-03 | 57 -0.04378  3.69015e-02
 58  0.00335  5.28917e-02 | 59 -0.01072  4.52069e-02 | 60 -0.02712  4.02736e-02
 61 -0.06817  2.11009e-02 | 62  0.00145  3.74774e-02 | 63 -0.06707  1.27555e-02
 64 -0.11433  2.22289e-02 | 65 -0.04258  3.25806e-02 | 66 -0.11842  1.81310e-02
 67 -0.09083  4.49153e-02 | 68 -0.07678  5.04804e-02 | 69  0.02045  4.71280e-02
 70 -0.02463 -2.43251e-03 | 71 -0.21920 -1.20350e-02 | 72 -0.10346 -4.71414e-03
 73 -0.07982 -1.28035e-02 | 74 -0.03593 -5.70213e-03 | 75 -0.03466  4.05564e-03
 76 -0.03485 -7.44058e-04 | 77  0.00000  0.00000e+00 | 78 -0.42253 -6.91326e-01
 79 -0.11819 -8.22021e-02 | 80 -0.26787 -2.65720e+01 | 81 -0.80092  1.84366e-01
 82  0.41678  2.21218e+00 | 83 -0.34098  4.66845e-02 | 84  0.50705 -2.11564e-03
 85 -0.54897 -3.66633e-03 |
85 variables; iteration 520; function evaluation 610; phase 4
Function value -1.0994177e+02; maximum gradient component mag 1.3185e+04
Var    Value     Gradient |Var    Value     Gradient |Var    Value     Gradient
  1  0.01288  1.31846e+04 |  2 -0.00548  7.96410e+00 |  3 -0.00491  1.00453e+01
  4 -0.01958  1.11122e+01 |  5 -0.02241  1.24239e+01 |  6 -0.02585  1.37774e+01
  7 -0.02525  1.69926e+01 |  8 -0.03003  1.84027e+01 |  9 -0.02589  2.39886e+01
 10 -0.02850  2.69411e+01 | 11 -0.03164  3.00102e+01 | 12 -0.03114  3.53972e+01
 13 -0.03355  3.96401e+01 | 14 -0.03497  4.51054e+01 | 15 -0.04425  4.61006e+01
 16 -0.04098  5.57622e+01 | 17 -0.04635  6.06910e+01 | 18 -0.04294  7.06701e+01
 19 -0.04971  7.03248e+01 | 20 -0.04730  7.70787e+01 | 21 -0.04825  7.92743e+01
 22 -0.05452  7.43837e+01 | 23 -0.05361  8.26880e+01 | 24 -0.04551  1.03786e+02
 25 -0.05911  1.08062e+02 | 26 -0.04600  1.65195e+02 | 27 -0.00522  3.07555e+02
 28  0.03788  5.44660e+02 | 29 -0.04990  2.99684e+02 | 30 -0.11468  1.72917e+02
 31 -0.11979  1.52362e+02 | 32 -0.18787  5.80347e+01 | 33  0.05284  5.63537e+02
 34 -0.12407  1.32806e+02 | 35 -0.01168  4.44536e+02 | 36 -0.03988  3.84772e+02
 37 -0.02986  4.72397e+02 | 38  0.02012  7.17308e+02 | 39 -0.05786  3.63937e+02
 40 -0.03973  4.01459e+02 | 41 -0.04157  3.20918e+02 | 42 -0.00071  3.00329e+02
 43 -0.01883  1.32322e+02 | 44 -0.03646  2.44499e+01 | 45 -0.04350 -3.23833e+01
 46 -0.04948 -6.99083e+01 | 47 -0.09343 -5.54009e+01 | 48 -0.06613 -6.14492e+01
 49 -0.11053 -2.13723e+01 | 50  0.07465 -5.84590e+01 | 51 -0.09889 -1.11175e+01
 52 -0.02989 -1.78144e+01 | 53 -0.07952 -1.09030e+01 | 54 -0.05236 -1.06177e+01
 55 -0.02355 -1.26202e+01 | 56 -0.08173 -8.37736e+00 | 57 -0.04106 -1.15195e+01
 58  0.00388 -1.94874e+01 | 59 -0.01000 -1.73691e+01 | 60 -0.02787 -1.61024e+01
 61 -0.06598 -1.13697e+01 | 62  0.00223 -1.96834e+01 | 63 -0.06832 -1.00340e+01
 64 -0.11259 -7.21805e+00 | 65 -0.04193 -1.59810e+01 | 66 -0.11988 -1.07559e+01
 67 -0.09018 -1.16162e+01 | 68 -0.07453 -8.81140e+00 | 69  0.02211 -1.09194e+01
 70 -0.02604 -5.09777e+00 | 71 -0.21839 -4.26793e-01 | 72 -0.10110 -5.22023e-01
 73 -0.07791  4.32472e-01 | 74 -0.03419  2.38228e-01 | 75 -0.03495 -1.93729e-01
 76 -0.03406  6.77423e-02 | 77  0.00000  0.00000e+00 | 78 -0.42071  4.90442e+02
 79 -0.16233 -6.70938e+01 | 80 -0.26695  5.65998e+03 | 81 -0.78248 -6.96751e+01
 82  0.38661  1.19150e+02 | 83 -0.50193 -8.87067e+00 | 84  0.57993 -7.76826e+02
 85 -0.79464  6.27431e+00 |
85 variables; iteration 540; function evaluation 634; phase 4
Function value -1.1234834e+02; maximum gradient component mag 7.1735e+03
Var    Value     Gradient |Var    Value     Gradient |Var    Value     Gradient
  1  0.01308  7.17349e+03 |  2 -0.00547  6.98515e+00 |  3 -0.00714  8.11551e+00
  4 -0.02346  8.52897e+00 |  5 -0.02457  1.01386e+01 |  6 -0.02628  1.18150e+01
  7 -0.02835  1.36306e+01 |  8 -0.03117  1.54156e+01 |  9 -0.02997  1.90975e+01
 10 -0.03350  2.10027e+01 | 11 -0.03541  2.39296e+01 | 12 -0.03400  2.87467e+01
 13 -0.03858  3.08792e+01 | 14 -0.04141  3.43542e+01 | 15 -0.04730  3.65944e+01
 16 -0.04386  4.45576e+01 | 17 -0.05016  4.75126e+01 | 18 -0.05490  4.97038e+01
 19 -0.05369  5.45809e+01 | 20 -0.05116  5.98991e+01 | 21 -0.05329  6.04436e+01
 22 -0.05142  6.20393e+01 | 23 -0.05235  6.63829e+01 | 24 -0.04330  8.29009e+01
 25 -0.03973  9.82497e+01 | 26 -0.00643  1.57948e+02 | 27  0.00505  1.94713e+02
 28  0.02641  2.70440e+02 | 29 -0.08539  1.09671e+02 | 30 -0.12167  7.72608e+01
 31 -0.08471  1.01969e+02 | 32 -0.17514  1.38195e+01 | 33  0.05590  1.86554e+02
 34 -0.11786  3.31226e+01 | 35 -0.01473  8.11184e+01 | 36 -0.03464  9.79387e+01
 37 -0.03158  1.51653e+02 | 38  0.02260  2.29735e+02 | 39 -0.05533  1.23372e+02
 40 -0.03911  1.28298e+02 | 41 -0.04316  1.11696e+02 | 42  0.00150  1.41937e+02
 43 -0.01570  1.22127e+02 | 44 -0.03352  1.09655e+02 | 45 -0.04190  1.03483e+02
 46 -0.04399  9.52032e+01 | 47 -0.09395  5.30449e+01 | 48 -0.05728  5.20696e+01
 49 -0.13911  1.00771e+01 | 50  0.08136  1.36543e+01 | 51 -0.09466  4.55234e+00
 52 -0.02788 -1.65804e+00 | 53 -0.07625 -3.22403e+00 | 54 -0.05292 -5.99851e+00
 55 -0.01984 -9.02437e+00 | 56 -0.08019 -5.62359e+00 | 57 -0.04180 -8.05902e+00
 58  0.00653 -1.04717e+01 | 59 -0.00789 -9.49883e+00 | 60 -0.02384 -7.82966e+00
 61 -0.06690 -5.59028e+00 | 62  0.00514 -1.03441e+01 | 63 -0.06391 -5.73675e+00
 64 -0.11347 -3.77054e+00 | 65 -0.03938 -6.23744e+00 | 66 -0.11657 -3.42739e+00
 67 -0.08922 -3.91311e+00 | 68 -0.07734 -4.80175e+00 | 69  0.02377 -1.05997e+01
 70 -0.01998 -7.48706e+00 | 71 -0.21602 -1.32920e+00 | 72 -0.10260 -2.16627e+00
 73 -0.07779 -4.22037e-01 | 74 -0.03491 -5.81091e-02 | 75 -0.03361  1.44897e-02
 76 -0.03391 -1.93275e-02 | 77  0.00000  0.00000e+00 | 78 -0.43088  2.39456e+02
 79 -0.19273 -2.09925e+01 | 80 -0.26746  3.89829e+03 | 81 -0.71962 -5.89866e+01
 82  0.40719  1.59923e+01 | 83 -0.37750 -2.04957e+00 | 84  0.58260 -2.33855e+02
 85 -0.70511  4.45074e+00 |
85 variables; iteration 560; function evaluation 657; phase 4
Function value -1.1410179e+02; maximum gradient component mag 7.2795e+03
Var    Value     Gradient |Var    Value     Gradient |Var    Value     Gradient
  1  0.01321  7.27950e+03 |  2 -0.00537  4.82747e+00 |  3 -0.00651  5.71195e+00
  4 -0.02245  6.10678e+00 |  5 -0.02345  7.26610e+00 |  6 -0.02495  8.46775e+00
  7 -0.02650  9.86657e+00 |  8 -0.02807  1.14728e+01 |  9 -0.02927  1.34164e+01
 10 -0.03096  1.53356e+01 | 11 -0.03263  1.75142e+01 | 12 -0.03381  2.00611e+01
 13 -0.03692  2.20385e+01 | 14 -0.03975  2.45180e+01 | 15 -0.04222  2.75548e+01
 16 -0.04398  3.08842e+01 | 17 -0.04817  3.38867e+01 | 18 -0.05090  3.64303e+01
 19 -0.05257  3.83780e+01 | 20 -0.05327  4.02933e+01 | 21 -0.05476  4.08352e+01
 22 -0.05227  4.23651e+01 | 23 -0.05150  4.62630e+01 | 24 -0.05039  5.25765e+01
 25 -0.04022  6.84159e+01 | 26 -0.01008  1.09704e+02 | 27  0.01642  1.59679e+02
 28  0.03212  2.19278e+02 | 29 -0.12295  5.02635e+01 | 30 -0.13301  4.90019e+01
 31 -0.11615  5.86695e+01 | 32 -0.09203  6.87953e+01 | 33  0.05000  2.60357e+02
 34 -0.11522  7.17715e+01 | 35 -0.01497  1.61634e+02 | 36 -0.03349  1.48010e+02
 37 -0.03327  1.89253e+02 | 38  0.02339  3.03858e+02 | 39 -0.05606  1.63235e+02
 40 -0.03871  1.88634e+02 | 41 -0.04403  1.67867e+02 | 42  0.00181  2.03655e+02
 43 -0.01524  1.52512e+02 | 44 -0.03316  1.17705e+02 | 45 -0.04227  9.61482e+01
 46 -0.04337  8.20084e+01 | 47 -0.09426  4.43701e+01 | 48 -0.05529  4.05294e+01
 49 -0.14998  9.09065e+00 | 50  0.08351  8.02936e+00 | 51 -0.09479  2.23522e+00
 52 -0.02700 -2.60031e+00 | 53 -0.07598 -3.69878e+00 | 54 -0.05277 -6.83709e+00
 55 -0.01862 -9.13221e+00 | 56 -0.07985 -5.87959e+00 | 57 -0.04173 -8.25538e+00
 58  0.00720 -1.04950e+01 | 59 -0.00716 -9.75956e+00 | 60 -0.02326 -8.43182e+00
 61 -0.06720 -5.86609e+00 | 62  0.00633 -1.07994e+01 | 63 -0.06328 -6.91590e+00
 64 -0.11389 -4.99153e+00 | 65 -0.03861 -8.17558e+00 | 66 -0.11559 -3.42714e+00
 67 -0.08931 -5.13377e+00 | 68 -0.07848 -6.15327e+00 | 69  0.02476 -1.22282e+01
 70 -0.01856 -8.85927e+00 | 71 -0.21575 -1.74472e+00 | 72 -0.10316 -2.73042e+00
 73 -0.07631 -4.98546e-01 | 74 -0.03476 -4.19234e-02 | 75 -0.03338  1.47649e-02
 76 -0.03356  7.63139e-03 | 77  0.00000  0.00000e+00 | 78 -0.42512  2.32604e+02
 79 -0.12730 -4.39722e+01 | 80 -0.26739  3.91813e+03 | 81 -0.69682 -6.48846e+01
 82  0.45672  2.27048e+01 | 83 -0.25212 -9.52587e+00 | 84  0.58236 -3.36238e+01
 85 -0.76427  4.82446e-01 |
85 variables; iteration 580; function evaluation 677; phase 4
Function value -1.1470312e+02; maximum gradient component mag 1.4812e+03
Var    Value     Gradient |Var    Value     Gradient |Var    Value     Gradient
  1  0.01292  1.48122e+03 |  2 -0.00586  1.04953e+00 |  3 -0.00679  1.27213e+00
  4 -0.02321  1.27978e+00 |  5 -0.02429  1.55125e+00 |  6 -0.02540  1.88559e+00
  7 -0.02692  2.18160e+00 |  8 -0.02873  2.46627e+00 |  9 -0.02969  3.06999e+00
 10 -0.03163  3.44134e+00 | 11 -0.03378  3.83028e+00 | 12 -0.03465  4.52878e+00
 13 -0.03704  5.08306e+00 | 14 -0.04038  5.51084e+00 | 15 -0.04409  5.76744e+00
 16 -0.04406  7.13328e+00 | 17 -0.04824  7.67340e+00 | 18 -0.05000  8.48283e+00
 19 -0.05035  9.47025e+00 | 20 -0.05032  1.03232e+01 | 21 -0.05224  9.95720e+00
 22 -0.05019  1.04238e+01 | 23 -0.04816  1.14498e+01 | 24 -0.04667  1.20780e+01
 25 -0.03616  1.50324e+01 | 26 -0.04020  1.03149e+01 | 27  0.02772  3.62582e+01
 28  0.02301  6.32735e+01 | 29 -0.10380  1.78897e+01 | 30 -0.12025  1.82699e+01
 31 -0.12959  1.03544e+01 | 32 -0.08128  1.97063e+01 | 33  0.04598  8.08298e+01
 34 -0.11370  2.26701e+01 | 35 -0.01589  4.70789e+01 | 36 -0.03357  2.34783e+01
 37 -0.03292  2.42455e+01 | 38  0.02089  1.82811e+01 | 39 -0.05640  7.37654e+00
 40 -0.03971  5.97094e+00 | 41 -0.04332  7.63762e+00 | 42  0.00033  1.14510e+01
 43 -0.01692  1.60128e+01 | 44 -0.03447  2.00529e+01 | 45 -0.04257  2.29897e+01
 46 -0.04662  2.01759e+01 | 47 -0.09285  1.47121e+01 | 48 -0.06092  1.07366e+01
 49 -0.13020  8.39740e+00 | 50  0.08089  8.36696e+00 | 51 -0.09818  1.28366e+00
 52 -0.02749  1.63741e+00 | 53 -0.07797  1.13970e+00 | 54 -0.05137  1.11950e+00
 55 -0.02033  1.16787e+00 | 56 -0.08003  1.06702e+00 | 57 -0.04070  1.66175e+00
 58  0.00628  2.99680e+00 | 59 -0.00794  3.00030e+00 | 60 -0.02533  3.14658e+00
 61 -0.06631  1.94375e+00 | 62  0.00556  2.86343e+00 | 63 -0.06600  2.05652e+00
 64 -0.11306  1.77282e+00 | 65 -0.03924  3.26237e+00 | 66 -0.11746  2.04989e+00
 67 -0.08942  2.55463e+00 | 68 -0.07660  1.95769e+00 | 69  0.02494  2.00375e+00
 70 -0.02184  1.62539e+00 | 71 -0.21725  3.64375e-01 | 72 -0.10184  5.99928e-01
 73 -0.07538  9.59738e-02 | 74 -0.03477 -7.99136e-03 | 75 -0.03351 -7.43398e-03
 76 -0.03375 -2.58678e-02 | 77  0.00000  0.00000e+00 | 78 -0.40964  4.94268e+01
 79 -0.09047 -9.08462e+00 | 80 -0.26714  4.13254e+02 | 81 -0.72170 -7.01519e+00
 82  0.44141  1.43042e+00 | 83 -0.27641 -6.74815e-01 | 84  0.58536 -2.49085e+01
 85 -0.64616  7.96480e-01 |
85 variables; iteration 600; function evaluation 700; phase 4
Function value -1.1496541e+02; maximum gradient component mag 2.1988e+03
Var    Value     Gradient |Var    Value     Gradient |Var    Value     Gradient
  1  0.01304  2.19876e+03 |  2 -0.00571  1.44517e+00 |  3 -0.00677  1.70683e+00
  4 -0.02305  1.77492e+00 |  5 -0.02414  2.12815e+00 |  6 -0.02529  2.54922e+00
  7 -0.02682  2.95020e+00 |  8 -0.02811  3.51069e+00 |  9 -0.02999  3.98044e+00
 10 -0.03081  4.84107e+00 | 11 -0.03417  5.00579e+00 | 12 -0.03566  5.69936e+00
 13 -0.03720  6.69568e+00 | 14 -0.04091  7.17723e+00 | 15 -0.04181  8.64818e+00
 16 -0.04442  9.34468e+00 | 17 -0.04854  1.01358e+01 | 18 -0.04834  1.19344e+01
 19 -0.05018  1.24902e+01 | 20 -0.05384  1.19658e+01 | 21 -0.05349  1.25608e+01
 22 -0.05543  1.15170e+01 | 23 -0.05175  1.37071e+01 | 24 -0.04867  1.58336e+01
 25 -0.04517  1.77016e+01 | 26 -0.01920  2.83767e+01 | 27  0.02942  5.74770e+01
 28  0.00974  7.49171e+01 | 29 -0.08566  3.63515e+01 | 30 -0.12962  2.06230e+01
 31 -0.11994  2.20460e+01 | 32 -0.08704  2.89046e+01 | 33  0.04682  1.26152e+02
 34 -0.11432  3.16192e+01 | 35 -0.01653  5.81426e+01 | 36 -0.03310  4.17694e+01
 37 -0.03374  4.15526e+01 | 38  0.02081  5.84730e+01 | 39 -0.05657  3.31298e+01
 40 -0.03987  3.94063e+01 | 41 -0.04350  3.85428e+01 | 42  0.00025  4.96539e+01
 43 -0.01705  3.89896e+01 | 44 -0.03458  3.09097e+01 | 45 -0.04285  2.59842e+01
 46 -0.04661  2.14768e+01 | 47 -0.09321  1.23663e+01 | 48 -0.06090  1.09372e+01
 49 -0.13061  4.61002e+00 | 50  0.08069  1.43711e+00 | 51 -0.09827  4.79014e-02
 52 -0.02772 -1.33661e+00 | 53 -0.07814 -1.21004e+00 | 54 -0.05164 -1.91795e+00
 55 -0.02054 -2.54636e+00 | 56 -0.08029 -1.51583e+00 | 57 -0.04095 -1.99122e+00
 58  0.00606 -2.30429e+00 | 59 -0.00812 -1.97518e+00 | 60 -0.02558 -1.54405e+00
 61 -0.06647 -1.17067e+00 | 62  0.00535 -2.11202e+00 | 63 -0.06617 -1.18453e+00
 64 -0.11332 -8.50320e-01 | 65 -0.03944 -1.19088e+00 | 66 -0.11759 -4.03813e-01
 67 -0.08965 -6.78249e-01 | 68 -0.07675 -1.03529e+00 | 69  0.02474 -2.74075e+00
 70 -0.02209 -1.81998e+00 | 71 -0.21737 -2.46828e-01 | 72 -0.10204 -2.89519e-01
 73 -0.07551  2.80574e-02 | 74 -0.03479  8.49024e-03 | 75 -0.03355 -4.54272e-03
 76 -0.03371 -1.14735e-03 | 77  0.00000  0.00000e+00 | 78 -0.40948  7.44049e+01
 79 -0.08649 -1.56166e+01 | 80 -0.26724  9.99224e+02 | 81 -0.72834 -1.55890e+01
 82  0.42826  4.01633e+00 | 83 -0.30951 -1.36752e+00 | 84  0.58740  1.99610e+01
 85 -0.59746 -8.87068e-01 |
85 variables; iteration 620; function evaluation 721; phase 4
Function value -1.1508633e+02; maximum gradient component mag 5.6288e+02
Var    Value     Gradient |Var    Value     Gradient |Var    Value     Gradient
  1  0.01285  5.62879e+02 |  2 -0.00602  9.13166e-01 |  3 -0.00712  1.07543e+00
  4 -0.02326  1.14948e+00 |  5 -0.02444  1.37001e+00 |  6 -0.02559  1.66561e+00
  7 -0.02697  1.96515e+00 |  8 -0.02814  2.39587e+00 |  9 -0.03052  2.54335e+00
 10 -0.03205  2.98573e+00 | 11 -0.03425  3.30339e+00 | 12 -0.03613  3.62121e+00
 13 -0.03791  4.27931e+00 | 14 -0.04095  4.72345e+00 | 15 -0.04277  5.53059e+00
 16 -0.04585  5.72418e+00 | 17 -0.04956  6.28737e+00 | 18 -0.04973  7.55035e+00
 19 -0.05296  7.35736e+00 | 20 -0.05432  7.55904e+00 | 21 -0.05520  7.48868e+00
 22 -0.05234  8.17053e+00 | 23 -0.05204  8.33721e+00 | 24 -0.04893  9.12327e+00
 25 -0.04053  1.03576e+01 | 26 -0.00642  1.63114e+01 | 27  0.01742  2.34496e+01
 28  0.01534  4.85707e+01 | 29 -0.09332  1.84153e+01 | 30 -0.12747  1.04945e+01
 31 -0.11527  1.03283e+01 | 32 -0.08283  8.75763e+00 | 33  0.04491  4.99526e+01
 34 -0.11286  1.05527e+01 | 35 -0.01695  8.15316e+00 | 36 -0.03278 -8.73026e-01
 37 -0.03340 -3.53662e+00 | 38  0.02046 -1.51236e+01 | 39 -0.05667 -8.62222e+00
 40 -0.03978 -8.95227e+00 | 41 -0.04338 -6.56762e+00 | 42 -0.00001 -4.55561e+00
 43 -0.01738  4.83386e-01 | 44 -0.03477  3.31002e+00 | 45 -0.04290  5.06152e+00
 46 -0.04718  6.14964e+00 | 47 -0.09306  4.21880e+00 | 48 -0.06149  4.28783e+00
 49 -0.12810  1.28920e+00 | 50  0.08035  8.83448e-02 | 51 -0.09881 -1.75967e-01
 52 -0.02758 -7.73864e-01 | 53 -0.07846 -7.75202e-01 | 54 -0.05123 -1.04178e+00
 55 -0.02062 -1.35011e+00 | 56 -0.08017 -8.74636e-01 | 57 -0.04055 -1.14851e+00
 58  0.00600 -1.60520e+00 | 59 -0.00812 -1.42777e+00 | 60 -0.02589 -1.27076e+00
 61 -0.06626 -9.28149e-01 | 62  0.00539 -1.54173e+00 | 63 -0.06656 -9.44458e-01
 64 -0.11314 -6.68498e-01 | 65 -0.03947 -1.23234e+00 | 66 -0.11794 -7.56914e-01
 67 -0.08968 -9.09801e-01 | 68 -0.07657 -8.36729e-01 | 69  0.02481 -1.42925e+00
 70 -0.02253 -1.04441e+00 | 71 -0.21758 -1.92933e-01 | 72 -0.10174 -2.62864e-01
 73 -0.07548 -5.53394e-02 | 74 -0.03472 -2.37060e-03 | 75 -0.03351 -6.85166e-04
 76 -0.03367  4.01639e-03 | 77  0.00000  0.00000e+00 | 78 -0.40898  1.55605e+01
 79 -0.09736 -1.45471e+00 | 80 -0.26710  1.28504e+02 | 81 -0.72656 -2.62479e+00
 82  0.43514  8.19501e-01 | 83 -0.29358 -8.54800e-01 | 84  0.58672  1.18437e+01
 85 -0.62111 -4.70021e-01 |
85 variables; iteration 640; function evaluation 741; phase 4
Function value -1.1517220e+02; maximum gradient component mag 1.4534e+03
Var    Value     Gradient |Var    Value     Gradient |Var    Value     Gradient
  1  0.01278  1.45337e+03 |  2 -0.00632  1.61445e+00 |  3 -0.00738  1.93578e+00
  4 -0.02359  2.04174e+00 |  5 -0.02489  2.40542e+00 |  6 -0.02626  2.83892e+00
  7 -0.02763  3.37140e+00 |  8 -0.02933  3.90657e+00 |  9 -0.03095  4.55099e+00
 10 -0.03290  5.16367e+00 | 11 -0.03488  5.87333e+00 | 12 -0.03622  6.74686e+00
 13 -0.03867  7.55360e+00 | 14 -0.04146  8.47632e+00 | 15 -0.04387  9.57978e+00
 16 -0.04585  1.06840e+01 | 17 -0.04932  1.18832e+01 | 18 -0.05202  1.26683e+01
 19 -0.05356  1.34287e+01 | 20 -0.05405  1.43076e+01 | 21 -0.05471  1.45936e+01
 22 -0.05276  1.52128e+01 | 23 -0.05169  1.66125e+01 | 24 -0.04743  1.96073e+01
 25 -0.03657  2.51579e+01 | 26 -0.00374  4.01728e+01 | 27  0.01934  5.88637e+01
 28  0.01005  8.39083e+01 | 29 -0.09429  3.63515e+01 | 30 -0.12159  3.00907e+01
 31 -0.11392  3.11571e+01 | 32 -0.08720  3.64875e+01 | 33  0.04597  1.48029e+02
 34 -0.11387  3.34498e+01 | 35 -0.01621  4.34466e+01 | 36 -0.03256  1.57820e+01
 37 -0.03303  1.29158e-01 | 38  0.02051 -1.95185e+01 | 39 -0.05653 -1.35419e+01
 40 -0.03975 -1.45521e+01 | 41 -0.04287 -1.13623e+01 | 42  0.00006 -8.36754e+00
 43 -0.01726 -9.05037e-01 | 44 -0.03455  3.34142e+00 | 45 -0.04262  5.47197e+00
 46 -0.04694  6.75173e+00 | 47 -0.09286  4.40477e+00 | 48 -0.06237  3.56562e+00
 49 -0.12206 -1.04729e-02 | 50  0.07953 -9.25195e-01 | 51 -0.09838 -1.57629e-01
 52 -0.02730 -7.05530e-01 | 53 -0.07733 -5.91450e-01 | 54 -0.05103 -8.40445e-01
 55 -0.02060 -9.84310e-01 | 56 -0.07997 -6.49333e-01 | 57 -0.04010 -9.74552e-01
 58  0.00632 -1.34792e+00 | 59 -0.00802 -1.15142e+00 | 60 -0.02537 -9.92087e-01
 61 -0.06538 -7.66596e-01 | 62  0.00523 -1.26629e+00 | 63 -0.06631 -6.74393e-01
 64 -0.11216 -5.34243e-01 | 65 -0.03949 -9.63634e-01 | 66 -0.11758 -5.38500e-01
 67 -0.08899 -7.13986e-01 | 68 -0.07483 -7.49889e-01 | 69  0.02494 -1.16911e+00
 70 -0.02256 -6.15934e-01 | 71 -0.21691 -1.18494e-01 | 72 -0.10068 -2.15405e-01
 73 -0.07638 -2.64663e-02 | 74 -0.03460  1.28472e-03 | 75 -0.03344  2.91113e-04
 76 -0.03361 -6.52655e-04 | 77  0.00000  0.00000e+00 | 78 -0.41502  3.37346e+01
 79 -0.10752 -7.75323e+00 | 80 -0.26716  8.83321e+02 | 81 -0.74705 -1.31756e+01
 82  0.43818  2.38944e+00 | 83 -0.28526 -1.05057e+00 | 84  0.58706 -1.67861e+01
 85 -0.61579  6.84810e-01 |
85 variables; iteration 660; function evaluation 761; phase 4
Function value -1.1525536e+02; maximum gradient component mag -1.2220e+03
Var    Value     Gradient |Var    Value     Gradient |Var    Value     Gradient
  1  0.01282 -1.22197e+03 |  2 -0.00635  3.88279e-01 |  3 -0.00744  4.61852e-01
  4 -0.02364  4.87074e-01 |  5 -0.02493  5.70730e-01 |  6 -0.02630  6.78927e-01
  7 -0.02764  8.47936e-01 |  8 -0.02923  9.99200e-01 |  9 -0.03114  1.10359e+00
 10 -0.03319  1.20521e+00 | 11 -0.03494  1.44383e+00 | 12 -0.03619  1.71259e+00
 13 -0.03890  1.83716e+00 | 14 -0.04170  2.10184e+00 | 15 -0.04453  2.26880e+00
 16 -0.04637  2.54423e+00 | 17 -0.04974  2.86803e+00 | 18 -0.05222  3.01340e+00
 19 -0.05409  3.11393e+00 | 20 -0.05480  3.35638e+00 | 21 -0.05529  3.26551e+00
 22 -0.05408  3.20809e+00 | 23 -0.05249  3.30019e+00 | 24 -0.04806  3.44814e+00
 25 -0.03659  3.32663e+00 | 26  0.00544  4.21670e+00 | 27  0.01937  3.84633e+00
 28  0.00119  2.32462e+01 | 29 -0.08533  1.35413e+01 | 30 -0.12040  7.55919e+00
 31 -0.11609  3.77071e+00 | 32 -0.08671  7.66124e-01 | 33  0.04640  3.57534e+01
 34 -0.11375  8.69442e-01 | 35 -0.01609 -3.02894e+01 | 36 -0.03243 -5.69726e+01
 37 -0.03309 -7.22743e+01 | 38  0.02080 -1.34567e+02 | 39 -0.05634 -7.37320e+01
 40 -0.03964 -8.33237e+01 | 41 -0.04316 -7.21157e+01 | 42  0.00025 -8.30820e+01
 43 -0.01700 -5.64542e+01 | 44 -0.03436 -3.88360e+01 | 45 -0.04257 -2.91499e+01
 46 -0.04652 -2.13576e+01 | 47 -0.09300 -1.04298e+01 | 48 -0.06143 -9.20338e+00
 49 -0.12578 -3.14465e+00 | 50  0.08025  7.94068e-01 | 51 -0.09799  6.89454e-01
 52 -0.02703  1.37107e+00 | 53 -0.07705  9.32297e-01 | 54 -0.05112  1.24222e+00
 55 -0.02017  1.56387e+00 | 56 -0.07984  9.64958e-01 | 57 -0.04019  1.26228e+00
 58  0.00653  1.67632e+00 | 59 -0.00778  1.41943e+00 | 60 -0.02499  1.15030e+00
 61 -0.06558  8.69940e-01 | 62  0.00550  1.58373e+00 | 63 -0.06579  8.48723e-01
 64 -0.11236  5.71456e-01 | 65 -0.03929  9.46503e-01 | 66 -0.11735  4.25008e-01
 67 -0.08904  4.31840e-01 | 68 -0.07537  4.23031e-01 | 69  0.02501  1.14808e+00
 70 -0.02180  7.24740e-01 | 71 -0.21664  1.32666e-01 | 72 -0.10098  2.18192e-01
 73 -0.07631  3.79076e-02 | 74 -0.03453 -5.72713e-03 | 75 -0.03337  3.97387e-03
 76 -0.03356 -4.20023e-04 | 77  0.00000  0.00000e+00 | 78 -0.41765 -6.63132e+01
 79 -0.11878  1.07522e+01 | 80 -0.26736 -7.71914e+02 | 81 -0.74862  9.80571e+00
 82  0.43602 -4.86554e+00 | 83 -0.29108  9.34801e-01 | 84  0.58568 -1.90341e+01
 85 -0.65841  6.05694e-01 |
85 variables; iteration 680; function evaluation 781; phase 4
Function value -1.1541972e+02; maximum gradient component mag -2.8310e+02
Var    Value     Gradient |Var    Value     Gradient |Var    Value     Gradient
  1  0.01270  5.71703e+01 |  2 -0.00649  2.90051e+00 |  3 -0.00756  3.47509e+00
  4 -0.02383  3.64994e+00 |  5 -0.02507  4.33538e+00 |  6 -0.02637  5.14302e+00
  7 -0.02794  6.01004e+00 |  8 -0.02964  6.97904e+00 |  9 -0.03143  8.04542e+00
 10 -0.03331  9.17788e+00 | 11 -0.03561  1.03248e+01 | 12 -0.03781  1.15089e+01
 13 -0.03917  1.33025e+01 | 14 -0.04281  1.45349e+01 | 15 -0.04378  1.70748e+01
 16 -0.04561  1.91385e+01 | 17 -0.04913  2.11963e+01 | 18 -0.05295  2.21029e+01
 19 -0.05325  2.39163e+01 | 20 -0.05593  2.40630e+01 | 21 -0.05649  2.45371e+01
 22 -0.05489  2.50532e+01 | 23 -0.05249  2.79512e+01 | 24 -0.05118  3.09828e+01
 25 -0.03610  4.20679e+01 | 26  0.01195  7.59136e+01 | 27  0.02091  9.00948e+01
 28 -0.00585  9.60824e+01 | 29 -0.08535  5.53453e+01 | 30 -0.12037  4.16187e+01
 31 -0.11530  4.06955e+01 | 32 -0.07935  5.14049e+01 | 33  0.04437  1.44547e+02
 34 -0.11278  1.67630e+01 | 35 -0.01608 -3.25307e+01 | 36 -0.03210 -8.14729e+01
 37 -0.03292 -1.10274e+02 | 38  0.02063 -1.95011e+02 | 39 -0.05623 -1.03589e+02
 40 -0.03970 -1.11091e+02 | 41 -0.04272 -9.13611e+01 | 42  0.00012 -9.79099e+01
 43 -0.01711 -6.04420e+01 | 44 -0.03438 -3.74380e+01 | 45 -0.04244 -2.48285e+01
 46 -0.04671 -1.56440e+01 | 47 -0.09283 -6.69430e+00 | 48 -0.06224 -5.05032e+00
 49 -0.12138 -2.37390e+00 | 50  0.07957 -2.44757e-01 | 51 -0.09801  7.29212e-02
 52 -0.02697  2.74036e-01 | 53 -0.07675  1.41107e-01 | 54 -0.05090  1.44163e-01
 55 -0.02032  2.94479e-01 | 56 -0.07972  1.33046e-01 | 57 -0.03988 -6.19461e-02
 58  0.00657 -2.78190e-01 | 59 -0.00782 -2.59597e-01 | 60 -0.02496 -2.53456e-01
 61 -0.06512 -2.40197e-01 | 62  0.00536 -2.21300e-01 | 63 -0.06593 -7.41396e-02
 64 -0.11183 -1.01968e-01 | 65 -0.03940 -3.63968e-01 | 66 -0.11733 -2.31518e-01
 67 -0.08877 -3.01186e-01 | 68 -0.07442 -1.68158e-01 | 69  0.02502 -5.68846e-02
 70 -0.02214  1.20574e-01 | 71 -0.21654 -1.70654e-02 | 72 -0.10037 -2.19345e-02
 73 -0.07668 -5.08911e-03 | 74 -0.03449 -7.98780e-03 | 75 -0.03335  6.43127e-03
 76 -0.03356 -2.59159e-03 | 77  0.00000  0.00000e+00 | 78 -0.41929 -4.28723e+01
 79 -0.12616  2.87075e+00 | 80 -0.26737  1.23105e+02 | 81 -0.76353 -2.39064e+00
 82  0.44618 -2.76367e+00 | 83 -0.26734  1.15382e+00 | 84  0.58202 -2.83095e+02
 85 -0.87236  2.03598e+00 |
85 variables; iteration 700; function evaluation 803; phase 4
Function value -1.1570008e+02; maximum gradient component mag -2.8630e+03
Var    Value     Gradient |Var    Value     Gradient |Var    Value     Gradient
  1  0.01269 -2.86299e+03 |  2 -0.00593 -5.19535e-01 |  3 -0.00692 -6.18565e-01
  4 -0.02330 -7.02932e-01 |  5 -0.02424 -7.64604e-01 |  6 -0.02595 -1.00993e+00
  7 -0.02767 -1.24294e+00 |  8 -0.02963 -1.52942e+00 |  9 -0.03044 -1.49915e+00
 10 -0.03231 -1.73241e+00 | 11 -0.03436 -2.00514e+00 | 12 -0.03513 -2.07726e+00
 13 -0.03828 -2.55133e+00 | 14 -0.04120 -2.85220e+00 | 15 -0.04410 -3.31274e+00
 16 -0.04513 -3.48953e+00 | 17 -0.04890 -3.98977e+00 | 18 -0.05015 -4.07200e+00
 19 -0.05265 -4.54037e+00 | 20 -0.05553 -5.26931e+00 | 21 -0.05476 -5.30162e+00
 22 -0.05487 -5.87713e+00 | 23 -0.05243 -6.50378e+00 | 24 -0.05227 -9.00613e+00
 25 -0.03871 -1.19793e+01 | 26 -0.00813 -2.18109e+01 | 27  0.04076 -3.46769e+01
 28 -0.01354 -1.43630e+01 | 29 -0.09100 -9.94760e+00 | 30 -0.12474 -1.30421e+01
 31 -0.11309 -1.89102e+01 | 32 -0.07103 -3.28383e+01 | 33  0.04177 -6.73969e+01
 34 -0.11041 -2.69390e+01 | 35 -0.01734 -9.38062e+01 | 36 -0.03176 -1.07149e+02
 37 -0.03346 -1.19765e+02 | 38  0.02030 -1.92379e+02 | 39 -0.05600 -9.89339e+01
 40 -0.04000 -1.11168e+02 | 41 -0.04305 -9.24029e+01 | 42 -0.00013 -1.06575e+02
 43 -0.01741 -7.32552e+01 | 44 -0.03468 -5.13597e+01 | 45 -0.04278 -3.92431e+01
 46 -0.04728 -2.96255e+01 | 47 -0.09292 -1.50707e+01 | 48 -0.06177 -1.16830e+01
 49 -0.12600 -1.21060e+00 | 50  0.08023  1.89674e+00 | 51 -0.09848  5.71932e-01
 52 -0.02719  2.15750e+00 | 53 -0.07784  1.74686e+00 | 54 -0.05086  2.16313e+00
 55 -0.02033  2.43908e+00 | 56 -0.07982  1.46227e+00 | 57 -0.04009  2.17891e+00
 58  0.00631  3.00804e+00 | 59 -0.00790  2.40586e+00 | 60 -0.02560  2.16142e+00
 61 -0.06578  1.82126e+00 | 62  0.00555  2.88604e+00 | 63 -0.06628  1.49206e+00
 64 -0.11282  9.00314e-01 | 65 -0.03937  1.94208e+00 | 66 -0.11773  1.30910e+00
 67 -0.08944  1.69089e+00 | 68 -0.07602  1.69062e+00 | 69  0.02498  2.56828e+00
 70 -0.02223  1.31861e+00 | 71 -0.21725  1.55626e-01 | 72 -0.10133  1.49534e-01
 73 -0.07557  2.36825e-02 | 74 -0.03452 -7.18804e-03 | 75 -0.03326  3.49900e-02
 76 -0.03357  1.13122e-03 | 77  0.00000  0.00000e+00 | 78 -0.41311 -1.23005e+02
 79 -0.11988  2.19416e+01 | 80 -0.26740 -1.79026e+03 | 81 -0.75148  2.32619e+01
 82  0.46477 -7.49649e+00 | 83 -0.23327  2.29430e+00 | 84  0.58174 -7.16345e+01
 85 -0.98522 -7.30837e-02 |
85 variables; iteration 720; function evaluation 827; phase 4
Function value -1.1588333e+02; maximum gradient component mag 1.2452e+03
Var    Value     Gradient |Var    Value     Gradient |Var    Value     Gradient
  1  0.01281  1.24524e+03 |  2 -0.00619 -2.94181e-01 |  3 -0.00717 -3.32730e-01
  4 -0.02333 -3.44003e-01 |  5 -0.02461 -4.24938e-01 |  6 -0.02606 -5.28864e-01
  7 -0.02735 -5.63684e-01 |  8 -0.02890 -6.39911e-01 |  9 -0.03102 -8.45471e-01
 10 -0.03239 -8.30265e-01 | 11 -0.03457 -1.01153e+00 | 12 -0.03616 -1.15044e+00
 13 -0.03842 -1.24010e+00 | 14 -0.04136 -1.37152e+00 | 15 -0.04381 -1.50383e+00
 16 -0.04591 -1.75132e+00 | 17 -0.04929 -1.92311e+00 | 18 -0.05062 -1.81746e+00
 19 -0.05236 -1.94445e+00 | 20 -0.05436 -2.32299e+00 | 21 -0.05388 -2.28144e+00
 22 -0.05258 -2.35904e+00 | 23 -0.05086 -2.66759e+00 | 24 -0.04804 -3.56031e+00
 25 -0.03886 -5.20325e+00 | 26 -0.03177 -1.13696e+01 | 27  0.05513 -4.52904e+00
 28 -0.02252  1.01138e+01 | 29 -0.09883  5.29085e+00 | 30 -0.12771  4.06559e+00
 31 -0.11264  6.95278e+00 | 32 -0.05163  2.02064e+01 | 33  0.03554  7.28811e+01
 34 -0.10917  2.95265e+01 | 35 -0.01694  6.32829e+01 | 36 -0.03146  6.26996e+01
 37 -0.03360  5.91405e+01 | 38  0.02039  8.77839e+01 | 39 -0.05602  4.48080e+01
 40 -0.03978  4.55688e+01 | 41 -0.04263  3.76443e+01 | 42  0.00020  4.22415e+01
 43 -0.01702  2.95239e+01 | 44 -0.03423  2.19688e+01 | 45 -0.04217  1.76837e+01
 46 -0.04612  1.39278e+01 | 47 -0.09294  7.67529e+00 | 48 -0.06175  7.01253e+00
 49 -0.12246  2.19265e+00 | 50  0.07912  5.20612e-01 | 51 -0.09743 -4.07330e-01
 52 -0.02771 -1.08335e+00 | 53 -0.07694 -7.56296e-01 | 54 -0.05176 -9.22728e-01
 55 -0.02081 -1.20227e+00 | 56 -0.08018 -7.70213e-01 | 57 -0.04063 -1.01720e+00
 58  0.00614 -1.35589e+00 | 59 -0.00819 -1.15668e+00 | 60 -0.02502 -9.77066e-01
 61 -0.06563 -6.98745e-01 | 62  0.00471 -1.18532e+00 | 63 -0.06567 -6.98733e-01
 64 -0.11225 -5.10760e-01 | 65 -0.03986 -8.26786e-01 | 66 -0.11720 -4.15910e-01
 67 -0.08900 -5.22576e-01 | 68 -0.07486 -5.77039e-01 | 69  0.02413 -1.13713e+00
 70 -0.02213 -7.88063e-01 | 71 -0.21673 -1.55352e-01 | 72 -0.10096 -2.85222e-01
 73 -0.07741 -3.69776e-02 | 74 -0.03467  7.03829e-03 | 75 -0.03363 -2.15763e-03
 76 -0.03378  1.95409e-03 | 77  0.00000  0.00000e+00 | 78 -0.42221  5.06773e+01
 79 -0.13342 -1.22158e+01 | 80 -0.26772  8.06559e+02 | 81 -0.78630 -9.05109e+00
 82  0.50834 -1.94426e-01 | 83 -0.17631 -1.77594e+00 | 84  0.58265  3.95656e+01
 85 -0.91751 -2.19257e-01 |
85 variables; iteration 740; function evaluation 850; phase 4
Function value -1.1709252e+02; maximum gradient component mag 1.8066e+04
Var    Value     Gradient |Var    Value     Gradient |Var    Value     Gradient
  1  0.01286  1.80657e+04 |  2 -0.00627  1.23339e+01 |  3 -0.00703  1.48678e+01
  4 -0.02305  1.57737e+01 |  5 -0.02448  1.85818e+01 |  6 -0.02545  2.20644e+01
  7 -0.02648  2.60549e+01 |  8 -0.02742  3.06233e+01 |  9 -0.03077  3.43765e+01
 10 -0.03192  3.96276e+01 | 11 -0.03349  4.52681e+01 | 12 -0.03587  5.09348e+01
 13 -0.03825  5.68482e+01 | 14 -0.04056  6.37467e+01 | 15 -0.04223  7.24004e+01
 16 -0.04719  7.81355e+01 | 17 -0.04834  8.91955e+01 | 18 -0.04942  9.78528e+01
 19 -0.05424  9.93024e+01 | 20 -0.05600  1.02780e+02 | 21 -0.05493  1.07917e+02
 22 -0.05242  1.11673e+02 | 23 -0.04905  1.26190e+02 | 24 -0.04877  1.43572e+02
 25 -0.03130  1.98342e+02 | 26 -0.02487  2.55395e+02 | 27  0.06165  6.13026e+02
 28 -0.04530  2.85974e+02 | 29 -0.10854  1.72679e+02 | 30 -0.12716  1.56907e+02
 31 -0.11572  1.74355e+02 | 32 -0.02277  3.70959e+02 | 33  0.02449  4.90318e+02
 34 -0.10365  1.87723e+02 | 35 -0.01792  3.94747e+02 | 36 -0.02835  4.25414e+02
 37 -0.03604  4.27839e+02 | 38  0.02255  7.17475e+02 | 39 -0.05616  3.79263e+02
 40 -0.03897  4.31043e+02 | 41 -0.04385  3.78490e+02 | 42  0.00144  4.62352e+02
 43 -0.01566  3.39901e+02 | 44 -0.03323  2.60211e+02 | 45 -0.04162  2.18276e+02
 46 -0.04375  1.79496e+02 | 47 -0.09349  9.98691e+01 | 48 -0.05618  9.24853e+01
 49 -0.14430  2.68238e+01 | 50  0.08290 -1.64597e+01 | 51 -0.09511 -1.02329e+01
 52 -0.02688 -1.81472e+01 | 53 -0.07607 -1.15770e+01 | 54 -0.05230 -1.41985e+01
 55 -0.01879 -1.76679e+01 | 56 -0.07938 -1.04373e+01 | 57 -0.04128 -1.35517e+01
 58  0.00710 -1.79978e+01 | 59 -0.00699 -1.49431e+01 | 60 -0.02312 -1.21066e+01
 61 -0.06697 -9.56212e+00 | 62  0.00617 -1.70973e+01 | 63 -0.06298 -9.09797e+00
 64 -0.11355 -5.85922e+00 | 65 -0.03855 -9.81844e+00 | 66 -0.11583 -4.69089e+00
 67 -0.08905 -4.85493e+00 | 68 -0.07787 -5.23407e+00 | 69  0.02445 -1.29838e+01
 70 -0.01833 -8.56504e+00 | 71 -0.21580 -1.55546e+00 | 72 -0.10271 -2.24645e+00
 73 -0.07619 -3.52597e-01 | 74 -0.03451  2.40620e-03 | 75 -0.03370 -5.46675e-02
 76 -0.03367 -1.09165e-02 | 77  0.00000  0.00000e+00 | 78 -0.42560  6.34317e+02
 79 -0.15466 -8.18608e+01 | 80 -0.26866  1.32158e+04 | 81 -0.80985 -1.06691e+02
 82  0.58836  3.46878e+01 | 83 -0.12755 -2.54104e+01 | 84  0.58530 -2.23199e+01
 85 -0.94306  3.64481e-02 |
85 variables; iteration 760; function evaluation 873; phase 4
Function value -1.1880927e+02; maximum gradient component mag 1.1350e+03
Var    Value     Gradient |Var    Value     Gradient |Var    Value     Gradient
  1  0.01263  1.13503e+03 |  2 -0.00609  1.43458e+00 |  3 -0.00658  1.86531e+00
  4 -0.02337  1.79844e+00 |  5 -0.02449  2.15398e+00 |  6 -0.02564  2.59116e+00
  7 -0.02676  3.12921e+00 |  8 -0.02845  3.59220e+00 |  9 -0.03019  4.12507e+00
 10 -0.03238  4.56945e+00 | 11 -0.03402  5.29129e+00 | 12 -0.03640  5.81691e+00
 13 -0.03852  6.52899e+00 | 14 -0.04108  7.32243e+00 | 15 -0.04354  8.30531e+00
 16 -0.04724  8.73968e+00 | 17 -0.05047  9.80526e+00 | 18 -0.05303  1.05412e+01
 19 -0.05596  1.05906e+01 | 20 -0.05663  1.12050e+01 | 21 -0.05688  1.14964e+01
 22 -0.05383  1.23578e+01 | 23 -0.05272  1.34798e+01 | 24 -0.04827  1.60711e+01
 25 -0.03069  2.32111e+01 | 26  0.01738  4.24120e+01 | 27  0.05010  6.45417e+01
 28 -0.06158  2.42875e+01 | 29 -0.12499  6.53533e+00 | 30 -0.13660  7.68152e+00
 31 -0.10865  1.53274e+01 | 32 -0.00759  3.72488e+01 | 33  0.01507  6.59766e+00
 34 -0.09930  1.32505e+00 | 35 -0.01645 -3.35908e+00 | 36 -0.02840 -4.40752e+00
 37 -0.03308 -6.53416e-01 | 38  0.02218 -4.28492e-01 | 39 -0.05547  2.71659e+00
 40 -0.03911  8.84035e+00 | 41 -0.04268  1.32242e+01 | 42  0.00198  2.50882e+01
 43 -0.01487  2.35004e+01 | 44 -0.03217  2.20640e+01 | 45 -0.04040  2.13551e+01
 46 -0.04215  2.02452e+01 | 47 -0.09251  1.26037e+01 | 48 -0.05832  1.37903e+01
 49 -0.12649  5.44985e+00 | 50  0.08130 -3.27944e+00 | 51 -0.09377 -3.09427e+00
 52 -0.02596 -2.95115e+00 | 53 -0.07249 -8.78646e-01 | 54 -0.05185 -6.87636e-01
 55 -0.01868 -9.53784e-01 | 56 -0.07888 -3.72026e-01 | 57 -0.04014 -1.85924e-02
 58  0.00809  3.61510e-01 | 59 -0.00645  9.34369e-01 | 60 -0.02132  1.11669e+00
 61 -0.06413  5.26020e-01 | 62  0.00570  9.95318e-01 | 63 -0.06176  1.02588e+00
 64 -0.11028  9.50117e-01 | 65 -0.03859  2.19224e+00 | 66 -0.11422  1.66240e+00
 67 -0.08697  2.44943e+00 | 68 -0.07263  2.33662e+00 | 69  0.02489  2.26550e+00
 70 -0.01805  1.34981e+00 | 71 -0.21331  3.05991e-01 | 72 -0.09957  5.53011e-01
 73 -0.07927  8.23797e-02 | 74 -0.03460 -1.23130e-02 | 75 -0.03331  1.73726e-02
 76 -0.03364 -2.54642e-02 | 77  0.00000  0.00000e+00 | 78 -0.44660  1.02779e+01
 79 -0.15343 -6.10953e+00 | 80 -0.26895  5.01768e+02 | 81 -0.95170 -1.04429e+00
 82  0.67140 -5.22454e+00 | 83 -0.10379 -3.10511e+00 | 84  0.58662 -3.23686e+01
 85 -1.07459 -7.15462e-02 |
85 variables; iteration 780; function evaluation 894; phase 4
Function value -1.1888130e+02; maximum gradient component mag -3.3620e+02
Var    Value     Gradient |Var    Value     Gradient |Var    Value     Gradient
  1  0.01258  5.40234e+01 |  2 -0.00604  3.84595e-01 |  3 -0.00748  3.48648e-01
  4 -0.02329  4.73580e-01 |  5 -0.02443  5.73375e-01 |  6 -0.02580  6.59953e-01
  7 -0.02787  6.07436e-01 |  8 -0.02934  7.70582e-01 |  9 -0.03093  9.46259e-01
 10 -0.03269  1.10566e+00 | 11 -0.03421  1.39240e+00 | 12 -0.03596  1.61328e+00
 13 -0.03880  1.59912e+00 | 14 -0.04173  1.71740e+00 | 15 -0.04488  1.81539e+00
 16 -0.04649  2.29080e+00 | 17 -0.05046  2.37960e+00 | 18 -0.05181  2.94149e+00
 19 -0.05510  2.57918e+00 | 20 -0.05645  2.63008e+00 | 21 -0.05599  2.92128e+00
 22 -0.05448  3.06447e+00 | 23 -0.05296  3.50323e+00 | 24 -0.04764  4.69001e+00
 25 -0.03322  6.93391e+00 | 26  0.01768  1.58689e+01 | 27  0.04937  2.80843e+01
 28 -0.05611  1.13220e+01 | 29 -0.13009 -3.91971e+00 | 30 -0.13480  2.21827e-01
 31 -0.10824  5.07308e+00 | 32 -0.00700  1.43071e+01 | 33  0.01444 -1.74108e+01
 34 -0.09871 -5.08357e+00 | 35 -0.01665 -1.15445e+01 | 36 -0.02851 -9.24313e+00
 37 -0.03282 -3.83437e+00 | 38  0.02189 -1.21734e+01 | 39 -0.05526 -5.24391e+00
 40 -0.03904 -4.74682e+00 | 41 -0.04257 -3.86836e+00 | 42  0.00192 -5.58073e+00
 43 -0.01488 -4.01945e+00 | 44 -0.03221 -2.45904e+00 | 45 -0.04038 -1.33951e+00
 46 -0.04228 -2.56652e-01 | 47 -0.09239  1.18641e+00 | 48 -0.05825  3.96493e+00
 49 -0.12698  2.80076e+00 | 50  0.08128  5.30836e-01 | 51 -0.09326 -2.41652e-01
 52 -0.02632 -8.85420e-01 | 53 -0.07293 -4.97818e-01 | 54 -0.05186 -7.40831e-01
 55 -0.01878 -1.09873e+00 | 56 -0.07892 -6.24001e-01 | 57 -0.04022 -7.49336e-01
 58  0.00800 -1.10616e+00 | 59 -0.00650 -1.14726e+00 | 60 -0.02168 -1.03897e+00
 61 -0.06424 -6.03571e-01 | 62  0.00576 -1.33517e+00 | 63 -0.06202 -9.34991e-01
 64 -0.11050 -6.23949e-01 | 65 -0.03852 -1.05509e+00 | 66 -0.11436 -5.22069e-01
 67 -0.08708 -4.05506e-01 | 68 -0.07301 -2.46037e-01 | 69  0.02491 -6.82648e-01
 70 -0.01830 -7.27919e-01 | 71 -0.21373 -1.13458e-01 | 72 -0.09973 -3.35273e-02
 73 -0.07866  2.44746e-02 | 74 -0.03456  1.60781e-02 | 75 -0.03351 -1.58523e-02
 76 -0.03354  1.36037e-02 | 77  0.00000  0.00000e+00 | 78 -0.44105 -1.02684e+01
 79 -0.14206 -4.77540e-01 | 80 -0.26892 -3.36197e+02 | 81 -0.93379  7.54361e-01
 82  0.67469 -7.92325e+00 | 83 -0.09703  3.77790e-01 | 84  0.58967 -6.45819e+00
 85 -0.96978 -6.49831e-02 |
85 variables; iteration 800; function evaluation 914; phase 4
Function value -1.1911396e+02; maximum gradient component mag -1.4847e+03
Var    Value     Gradient |Var    Value     Gradient |Var    Value     Gradient
  1  0.01206 -1.48465e+03 |  2 -0.00573 -1.18641e+00 |  3 -0.00685 -1.45531e+00
  4 -0.02308 -1.55068e+00 |  5 -0.02410 -1.80344e+00 |  6 -0.02536 -2.12441e+00
  7 -0.02725 -2.61169e+00 |  8 -0.02842 -2.92788e+00 |  9 -0.03067 -3.51718e+00
 10 -0.03206 -3.90122e+00 | 11 -0.03387 -4.40518e+00 | 12 -0.03583 -5.03277e+00
 13 -0.03782 -5.59150e+00 | 14 -0.04068 -6.28661e+00 | 15 -0.04409 -7.22306e+00
 16 -0.04576 -7.87542e+00 | 17 -0.04927 -8.76603e+00 | 18 -0.05058 -9.21198e+00
 19 -0.05490 -1.02577e+01 | 20 -0.05670 -1.08209e+01 | 21 -0.05611 -1.10597e+01
 22 -0.05299 -1.09049e+01 | 23 -0.05288 -1.25177e+01 | 24 -0.04849 -1.51101e+01
 25 -0.02847 -2.00163e+01 | 26  0.02256 -3.79455e+01 | 27  0.04382 -4.93826e+01
 28 -0.05129 -2.52764e+01 | 29 -0.13175 -2.49915e+01 | 30 -0.13685 -2.17776e+01
 31 -0.11649 -2.33320e+01 | 32 -0.00130 -4.62107e+01 | 33  0.01115 -7.41154e+01
 34 -0.09608 -2.10974e+01 | 35 -0.01751 -3.56796e+01 | 36 -0.02810 -2.54550e+01
 37 -0.03212 -1.99936e+01 | 38  0.02092 -2.92981e+01 | 39 -0.05546 -1.34299e+01
 40 -0.03933 -1.75157e+01 | 41 -0.04266 -1.78192e+01 | 42  0.00109 -2.43223e+01
 43 -0.01588 -1.84222e+01 | 44 -0.03295 -1.42414e+01 | 45 -0.04106 -1.28848e+01
 46 -0.04470 -1.20900e+01 | 47 -0.09168 -9.04862e+00 | 48 -0.05998 -1.19506e+01
 49 -0.12385 -8.70718e+00 | 50  0.08169  1.07503e+00 | 51 -0.09488  2.00515e+00
 52 -0.02576  2.74002e+00 | 53 -0.07448  1.69328e+00 | 54 -0.04983  2.17895e+00
 55 -0.01849  2.91914e+00 | 56 -0.07808  1.69605e+00 | 57 -0.03875  1.67932e+00
 58  0.00822  2.02863e+00 | 59 -0.00607  1.71787e+00 | 60 -0.02294  1.41428e+00
 61 -0.06377  9.61376e-01 | 62  0.00694  1.83607e+00 | 63 -0.06354  1.11803e+00
 64 -0.11060  5.41803e-01 | 65 -0.03768  7.78552e-01 | 66 -0.11535  3.82829e-02
 67 -0.08721 -4.12047e-01 | 68 -0.07333 -6.23206e-01 | 69  0.02641  7.33759e-01
 70 -0.01943  9.84623e-01 | 71 -0.21487  8.95752e-02 | 72 -0.09920 -1.73943e-01
 73 -0.07578 -6.95716e-02 | 74 -0.03432 -5.62491e-03 | 75 -0.03311  4.98886e-03
 76 -0.03330 -2.95073e-04 | 77  0.00000  0.00000e+00 | 78 -0.42009 -5.25173e+01
 79 -0.11325  1.10736e+01 | 80 -0.26870 -8.64564e+02 | 81 -0.91853  2.71187e+00
 82  0.69131 -8.31779e+00 | 83 -0.09358  1.28569e+00 | 84  0.59854 -2.14202e+00
 85 -0.63124  1.30027e-01 |
85 variables; iteration 820; function evaluation 934; phase 4
Function value -1.1919025e+02; maximum gradient component mag -2.1652e+02
Var    Value     Gradient |Var    Value     Gradient |Var    Value     Gradient
  1  0.01177 -2.16519e+02 |  2 -0.00605 -4.00063e-01 |  3 -0.00708 -4.77134e-01
  4 -0.02330 -5.11864e-01 |  5 -0.02449 -6.04095e-01 |  6 -0.02582 -7.14965e-01
  7 -0.02719 -8.11014e-01 |  8 -0.02872 -9.25287e-01 |  9 -0.03077 -1.15407e+00
 10 -0.03237 -1.25173e+00 | 11 -0.03449 -1.46587e+00 | 12 -0.03637 -1.65973e+00
 13 -0.03851 -1.83979e+00 | 14 -0.04121 -2.04477e+00 | 15 -0.04408 -2.32058e+00
 16 -0.04650 -2.58309e+00 | 17 -0.04988 -2.83070e+00 | 18 -0.05200 -2.95679e+00
 19 -0.05428 -3.23242e+00 | 20 -0.05536 -3.33585e+00 | 21 -0.05557 -3.50608e+00
 22 -0.05249 -3.09617e+00 | 23 -0.05073 -3.54453e+00 | 24 -0.04627 -4.61105e+00
 25 -0.02752 -5.92385e+00 | 26  0.02049 -1.23786e+01 | 27  0.04606 -1.54482e+01
 28 -0.06115 -9.53659e+00 | 29 -0.11833 -1.10577e+01 | 30 -0.13083 -8.43173e+00
 31 -0.11848 -8.72449e+00 | 32 -0.00206 -5.78592e+00 | 33  0.01103 -3.68535e+01
 34 -0.09547 -6.11429e+00 | 35 -0.01795 -9.77019e+00 | 36 -0.02806 -1.12489e+00
 37 -0.03196  3.15164e+00 | 38  0.02056  8.43523e+00 | 39 -0.05574  5.49644e+00
 40 -0.03916  7.66142e+00 | 41 -0.04262  6.98975e+00 | 42  0.00074  8.92030e+00
 43 -0.01644  6.68650e+00 | 44 -0.03338  5.20920e+00 | 45 -0.04140  4.23032e+00
 46 -0.04596  3.43322e+00 | 47 -0.09140  2.10782e+00 | 48 -0.06053  2.20960e+00
 49 -0.12369  7.95161e-01 | 50  0.08190  1.69719e+00 | 51 -0.09573  2.60924e-01
 52 -0.02563  2.68559e-01 | 53 -0.07555  1.67231e-01 | 54 -0.04907  9.75341e-02
 55 -0.01846  1.20328e-01 | 56 -0.07779  8.03920e-02 | 57 -0.03824  1.58742e-01
 58  0.00812  3.37657e-01 | 59 -0.00599  3.28145e-01 | 60 -0.02374  3.16085e-01
 61 -0.06386  2.48531e-01 | 62  0.00738  3.79344e-01 | 63 -0.06435  2.53057e-01
 64 -0.11092  1.76262e-01 | 65 -0.03755  3.00978e-01 | 66 -0.11590  2.27230e-01
 67 -0.08767  2.58656e-01 | 68 -0.07408  2.15853e-01 | 69  0.02675  1.55831e-01
 70 -0.02000  8.16619e-02 | 71 -0.21553  1.84667e-02 | 72 -0.09930  4.11957e-02
 73 -0.07431  4.72925e-03 | 74 -0.03413  2.27471e-03 | 75 -0.03305  2.06255e-03
 76 -0.03322  2.09555e-04 | 77  0.00000  0.00000e+00 | 78 -0.41233  2.91884e+00
 79 -0.11586 -1.89312e+00 | 80 -0.26868 -1.69359e+02 | 81 -0.92037  3.94386e-01
 82  0.68207 -7.35909e+00 | 83 -0.09745 -4.78817e-01 | 84  0.59833 -2.87594e+00
 85 -0.62791  1.86167e-01 |
85 variables; iteration 840; function evaluation 955; phase 4
Function value -1.1925408e+02; maximum gradient component mag 2.2558e+02
Var    Value     Gradient |Var    Value     Gradient |Var    Value     Gradient
  1  0.01174  2.25575e+02 |  2 -0.00597  5.53077e-01 |  3 -0.00692  6.78963e-01
  4 -0.02311  7.13433e-01 |  5 -0.02435  8.27087e-01 |  6 -0.02574  9.51300e-01
  7 -0.02699  1.17294e+00 |  8 -0.02880  1.29799e+00 |  9 -0.03048  1.51117e+00
 10 -0.03222  1.74232e+00 | 11 -0.03414  1.99155e+00 | 12 -0.03588  2.29758e+00
 13 -0.03828  2.49213e+00 | 14 -0.04096  2.78105e+00 | 15 -0.04444  2.88227e+00
 16 -0.04597  3.51335e+00 | 17 -0.04916  3.99466e+00 | 18 -0.05204  4.14264e+00
 19 -0.05458  4.09216e+00 | 20 -0.05658  3.99287e+00 | 21 -0.05600  4.38837e+00
 22 -0.05431  4.68427e+00 | 23 -0.05181  5.59242e+00 | 24 -0.04807  6.33610e+00
 25 -0.02509  1.14456e+01 | 26  0.02646  2.03515e+01 | 27  0.04361  2.71648e+01
 28 -0.06238  8.60256e+00 | 29 -0.12604 -3.00340e+00 | 30 -0.12981  8.89081e-01
 31 -0.10698  3.43151e+00 | 32 -0.00749  1.16467e+01 | 33  0.01409 -1.58082e+01
 34 -0.09711 -2.99807e+00 | 35 -0.01775 -9.48264e+00 | 36 -0.02813 -8.32210e+00
 37 -0.03175 -4.43510e+00 | 38  0.02062 -1.05013e+01 | 39 -0.05584 -5.13360e+00
 40 -0.03907 -2.61249e+00 | 41 -0.04298 -9.56491e-01 | 42  0.00073  1.53718e+00
 43 -0.01643  3.32273e+00 | 44 -0.03340  4.31107e+00 | 45 -0.04155  4.77628e+00
 46 -0.04615  5.01666e+00 | 47 -0.09136  4.11194e+00 | 48 -0.06013  4.75966e+00
 49 -0.12647  2.88164e+00 | 50  0.08267  1.29261e+00 | 51 -0.09585 -2.89388e-01
 52 -0.02533 -6.49262e-01 | 53 -0.07572 -3.62579e-01 | 54 -0.04872 -5.44976e-01
 55 -0.01807 -7.14038e-01 | 56 -0.07753 -4.02028e-01 | 57 -0.03805 -4.18033e-01
 58  0.00831 -3.98257e-01 | 59 -0.00572 -3.08499e-01 | 60 -0.02377 -2.09153e-01
 61 -0.06394 -1.41888e-01 | 62  0.00786 -3.55029e-01 | 63 -0.06434 -1.26171e-01
 64 -0.11112 -4.60509e-02 | 65 -0.03721 -8.96914e-02 | 66 -0.11592  1.01005e-01
 67 -0.08779  1.88672e-01 | 68 -0.07465  1.88079e-01 | 69  0.02718 -2.06282e-01
 70 -0.01968 -2.11447e-01 | 71 -0.21555 -1.95659e-02 | 72 -0.09949  3.84479e-02
 73 -0.07346  2.21923e-02 | 74 -0.03403  4.65080e-03 | 75 -0.03294  1.43518e-03
 76 -0.03312 -6.88753e-04 | 77  0.00000  0.00000e+00 | 78 -0.40863  1.35331e+01
 79 -0.10783 -3.14866e+00 | 80 -0.26873 -6.80717e+01 | 81 -0.90826  7.21995e-02
 82  0.68408 -5.81266e+00 | 83 -0.09674 -1.69866e+00 | 84  0.59376 -1.80755e+00
 85 -0.90399 -2.06472e-02 |
85 variables; iteration 860; function evaluation 977; phase 4
Function value -1.1927625e+02; maximum gradient component mag -7.1844e+02
Var    Value     Gradient |Var    Value     Gradient |Var    Value     Gradient
  1  0.01168 -7.18440e+02 |  2 -0.00594 -1.12436e-02 |  3 -0.00686  1.05163e-02
  4 -0.02309 -1.23273e-03 |  5 -0.02431 -1.69499e-02 |  6 -0.02563 -2.61442e-02
  7 -0.02690  1.33027e-02 |  8 -0.02871 -5.02526e-02 |  9 -0.03021  9.92459e-04
 10 -0.03221 -6.00690e-02 | 11 -0.03415 -6.68263e-02 | 12 -0.03601 -7.08261e-02
 13 -0.03818 -8.33172e-02 | 14 -0.04105 -1.46209e-01 | 15 -0.04433 -3.20178e-01
 16 -0.04576 -5.65667e-02 | 17 -0.04962 -1.85317e-01 | 18 -0.05257 -3.61561e-01
 19 -0.05396 -2.37637e-01 | 20 -0.05555 -3.61521e-01 | 21 -0.05558 -3.40502e-01
 22 -0.05436 -3.08863e-01 | 23 -0.05168  6.13838e-02 | 24 -0.04616  3.01826e-01
 25 -0.02828  1.21691e+00 | 26  0.02671  3.28844e+00 | 27  0.04477  5.85738e+00
 28 -0.06431 -1.63697e+00 | 29 -0.12604 -9.00732e+00 | 30 -0.13178 -5.97328e+00
 31 -0.10250 -2.98997e+00 | 32 -0.00997 -3.49168e+00 | 33  0.01530 -2.80890e+01
 34 -0.09796 -1.18387e+01 | 35 -0.01767 -2.95205e+01 | 36 -0.02833 -3.20741e+01
 37 -0.03141 -2.86337e+01 | 38  0.02028 -5.12264e+01 | 39 -0.05560 -2.56313e+01
 40 -0.03918 -2.76213e+01 | 41 -0.04297 -2.39118e+01 | 42  0.00056 -2.83465e+01
 43 -0.01660 -1.99977e+01 | 44 -0.03353 -1.46973e+01 | 45 -0.04167 -1.20159e+01
 46 -0.04651 -9.85298e+00 | 47 -0.09133 -5.34831e+00 | 48 -0.06038 -5.18481e+00
 49 -0.12608 -1.51762e+00 | 50  0.08264 -8.89285e-02 | 51 -0.09599  2.41678e-01
 52 -0.02525  5.98529e-01 | 53 -0.07587  4.78903e-01 | 54 -0.04850  6.50283e-01
 55 -0.01805  8.64723e-01 | 56 -0.07744  5.48590e-01 | 57 -0.03788  7.03104e-01
 58  0.00830  9.54794e-01 | 59 -0.00570  8.66404e-01 | 60 -0.02392  7.60706e-01
 61 -0.06390  5.37266e-01 | 62  0.00795  9.54732e-01 | 63 -0.06453  5.97767e-01
 64 -0.11114  4.10946e-01 | 65 -0.03719  6.55950e-01 | 66 -0.11611  3.13919e-01
 67 -0.08787  3.44011e-01 | 68 -0.07474  3.57584e-01 | 69  0.02728  7.12404e-01
 70 -0.01983  4.68317e-01 | 71 -0.21563  8.13861e-02 | 72 -0.09945  1.10884e-01
 73 -0.07329  6.11539e-03 | 74 -0.03399 -1.68218e-03 | 75 -0.03290  2.33960e-03
 76 -0.03309 -2.16135e-03 | 77  0.00000  0.00000e+00 | 78 -0.40787 -2.42565e+01
 79 -0.11132  4.49576e+00 | 80 -0.26870 -6.44066e+02 | 81 -0.90764  2.23195e+00
 82  0.68503 -7.61735e+00 | 83 -0.09547  5.23406e-01 | 84  0.59766 -8.48400e-01
 85 -0.67772  1.07254e-02 |
85 variables; iteration 880; function evaluation 997; phase 4
Function value -1.1930994e+02; maximum gradient component mag -4.0101e+02
Var    Value     Gradient |Var    Value     Gradient |Var    Value     Gradient
  1  0.01164 -3.70816e+02 |  2 -0.00615  1.28816e-02 |  3 -0.00714  2.93025e-02
  4 -0.02334  2.71556e-02 |  5 -0.02459  1.99074e-02 |  6 -0.02597  1.08493e-02
  7 -0.02732  5.15241e-02 |  8 -0.02905  2.70490e-02 |  9 -0.03076  4.40979e-02
 10 -0.03262  4.23020e-02 | 11 -0.03462  4.52866e-02 | 12 -0.03653  5.86152e-02
 13 -0.03882  3.03938e-02 | 14 -0.04153  3.29613e-02 | 15 -0.04444  5.20207e-04
 16 -0.04688  4.97247e-03 | 17 -0.05052 -2.71386e-02 | 18 -0.05319 -8.96357e-02
 19 -0.05513 -1.19791e-01 | 20 -0.05622 -8.70311e-02 | 21 -0.05631 -9.02458e-02
 22 -0.05487 -7.62220e-03 | 23 -0.05310  1.00422e-01 | 24 -0.04725  4.08106e-01
 25 -0.02989  1.15727e+00 | 26  0.04387  5.53173e+00 | 27  0.03438  3.58011e+00
 28 -0.06781 -3.37133e+00 | 29 -0.12489 -9.14081e+00 | 30 -0.12886 -5.46277e+00
 31 -0.10046 -2.62592e+00 | 32 -0.01089 -2.65141e+00 | 33  0.01639 -2.41925e+01
 34 -0.09819 -8.55581e+00 | 35 -0.01717 -1.94294e+01 | 36 -0.02783 -1.84364e+01
 37 -0.03146 -1.43248e+01 | 38  0.02100 -2.42005e+01 | 39 -0.05553 -1.15439e+01
 40 -0.03893 -1.13928e+01 | 41 -0.04283 -9.59290e+00 | 42  0.00094 -1.09043e+01
 43 -0.01615 -7.18217e+00 | 44 -0.03314 -4.86486e+00 | 45 -0.04137 -3.77503e+00
 46 -0.04589 -3.01760e+00 | 47 -0.09116 -1.49932e+00 | 48 -0.05993 -1.73813e+00
 49 -0.12608 -2.22427e-01 | 50  0.08302 -1.46890e-03 | 51 -0.09545  1.16354e-01
 52 -0.02486  1.52217e-01 | 53 -0.07516  1.11371e-01 | 54 -0.04833  1.26198e-01
 55 -0.01763  1.54042e-01 | 56 -0.07717  9.08618e-02 | 57 -0.03765  1.11521e-01
 58  0.00873  1.69156e-01 | 59 -0.00535  1.48830e-01 | 60 -0.02333  1.48174e-01
 61 -0.06352  1.06975e-01 | 62  0.00825  1.63100e-01 | 63 -0.06399  1.13792e-01
 64 -0.11073  7.53797e-02 | 65 -0.03683  1.07694e-01 | 66 -0.11563  5.99085e-02
 67 -0.08741  7.15059e-02 | 68 -0.07419  8.84909e-02 | 69  0.02763  1.19124e-01
 70 -0.01923  6.93050e-02 | 71 -0.21510  1.09142e-02 | 72 -0.09906  1.73197e-02
 73 -0.07337  5.21315e-03 | 74 -0.03392  1.12909e-03 | 75 -0.03283  7.90010e-04
 76 -0.03300  7.15344e-05 | 77  0.00000  0.00000e+00 | 78 -0.40972 -9.54824e+00
 79 -0.10934  1.84995e+00 | 80 -0.26879 -4.01011e+02 | 81 -0.93129  9.50594e-01
 82  0.68593 -7.23344e+00 | 83 -0.09345  2.10214e-01 | 84  0.59602 -2.18228e+00
 85 -0.67398  7.43847e-02 |
85 variables; iteration 900; function evaluation 1017; phase 4
Function value -1.1933080e+02; maximum gradient component mag -2.1834e+02
Var    Value     Gradient |Var    Value     Gradient |Var    Value     Gradient
  1  0.01169 -4.06430e+01 |  2 -0.00619  8.92833e-01 |  3 -0.00742  1.01800e+00
  4 -0.02322  1.18636e+00 |  5 -0.02439  1.40658e+00 |  6 -0.02576  1.64122e+00
  7 -0.02796  1.71367e+00 |  8 -0.02919  2.13320e+00 |  9 -0.03094  2.46577e+00
 10 -0.03195  3.06996e+00 | 11 -0.03384  3.49860e+00 | 12 -0.03579  3.93633e+00
 13 -0.03864  4.16255e+00 | 14 -0.04084  4.80420e+00 | 15 -0.04165  6.02876e+00
 16 -0.04860  5.06445e+00 | 17 -0.05164  5.83517e+00 | 18 -0.05219  7.00780e+00
 19 -0.05656  6.40157e+00 | 20 -0.05549  7.53212e+00 | 21 -0.05538  7.88683e+00
 22 -0.05362  8.28989e+00 | 23 -0.05527  8.10984e+00 | 24 -0.05072  1.00087e+01
 25 -0.02959  1.70278e+01 | 26  0.04437  4.25041e+01 | 27  0.03587  4.33248e+01
 28 -0.07171  1.30568e+01 | 29 -0.12586  1.66912e+00 | 30 -0.12572  6.86724e+00
 31 -0.10155  1.01981e+01 | 32 -0.01128  2.08719e+01 | 33  0.01698 -3.04839e+00
 34 -0.09891 -6.80825e+00 | 35 -0.01683 -2.20026e+01 | 36 -0.02792 -2.80805e+01
 37 -0.03156 -2.54439e+01 | 38  0.02116 -3.84034e+01 | 39 -0.05550 -1.88023e+01
 40 -0.03899 -2.00599e+01 | 41 -0.04269 -1.70173e+01 | 42  0.00104 -2.35481e+01
 43 -0.01605 -2.08865e+01 | 44 -0.03305 -1.75457e+01 | 45 -0.04127 -1.50281e+01
 46 -0.04565 -1.24419e+01 | 47 -0.09114 -5.01741e+00 | 48 -0.05996 -2.44934e+00
 49 -0.12519  9.32406e-01 | 50  0.08290 -3.03798e+00 | 51 -0.09551 -1.13499e+00
 52 -0.02485 -1.06227e+00 | 53 -0.07493 -3.68356e-01 | 54 -0.04845 -3.49470e-01
 55 -0.01768 -5.57085e-01 | 56 -0.07725 -3.44836e-01 | 57 -0.03772 -2.43562e-01
 58  0.00879 -5.05859e-02 | 59 -0.00538 -3.45092e-01 | 60 -0.02320 -4.72947e-01
 61 -0.06341 -2.46455e-01 | 62  0.00819 -5.80172e-01 | 63 -0.06397 -7.57267e-01
 64 -0.11056 -4.74119e-01 | 65 -0.03687 -3.26345e-01 | 66 -0.11543  2.05655e-01
 67 -0.08723  3.89324e-01 | 68 -0.07383  3.11353e-01 | 69  0.02761  1.22379e-01
 70 -0.01923 -1.04434e-01 | 71 -0.21491  7.00620e-02 | 72 -0.09892  2.35938e-01
 73 -0.07345  1.48427e-01 | 74 -0.03388  2.45421e-02 | 75 -0.03292 -1.84201e-02
 76 -0.03297  1.03932e-02 | 77  0.00000  0.00000e+00 | 78 -0.41059 -1.27937e+01
 79 -0.10430  3.54580e+00 | 80 -0.26878 -2.18339e+02 | 81 -0.93405  4.17803e-01
 82  0.68971 -6.56620e+00 | 83 -0.08934  5.78254e-01 | 84  0.59874 -1.50084e+00
 85 -0.63816  7.74253e-02 |
85 variables; iteration 920; function evaluation 1039; phase 4
Function value -1.1936857e+02; maximum gradient component mag -4.1196e+02
Var    Value     Gradient |Var    Value     Gradient |Var    Value     Gradient
  1  0.01174 -4.11956e+02 |  2 -0.00607 -4.21302e-01 |  3 -0.00707 -4.96351e-01
  4 -0.02325 -5.23264e-01 |  5 -0.02447 -6.28118e-01 |  6 -0.02583 -7.51907e-01
  7 -0.02724 -8.63427e-01 |  8 -0.02892 -1.02550e+00 |  9 -0.03060 -1.16414e+00
 10 -0.03246 -1.33820e+00 | 11 -0.03440 -1.51205e+00 | 12 -0.03630 -1.71264e+00
 13 -0.03860 -1.95194e+00 | 14 -0.04132 -2.17990e+00 | 15 -0.04419 -2.47329e+00
 16 -0.04652 -2.72837e+00 | 17 -0.05013 -3.05944e+00 | 18 -0.05282 -3.36725e+00
 19 -0.05456 -3.50131e+00 | 20 -0.05571 -3.63535e+00 | 21 -0.05574 -3.75288e+00
 22 -0.05440 -3.79843e+00 | 23 -0.05231 -4.07299e+00 | 24 -0.04640 -4.64390e+00
 25 -0.02868 -5.86547e+00 | 26  0.03124 -1.02699e+01 | 27  0.04727 -1.20932e+01
 28 -0.08171 -1.31558e+01 | 29 -0.12261 -1.27846e+01 | 30 -0.12654 -8.43134e+00
 31 -0.10037 -6.52211e+00 | 32 -0.01173 -7.30505e+00 | 33  0.01661 -2.27588e+01
 34 -0.09856 -5.95399e+00 | 35 -0.01717 -1.07015e+01 | 36 -0.02784 -6.88842e+00
 37 -0.03179 -4.69813e+00 | 38  0.02102 -6.61387e+00 | 39 -0.05562 -3.11895e+00
 40 -0.03901 -2.87329e+00 | 41 -0.04267 -2.83223e+00 | 42  0.00100 -3.51962e+00
 43 -0.01608 -2.83776e+00 | 44 -0.03308 -2.30328e+00 | 45 -0.04125 -2.07641e+00
 46 -0.04559 -1.81289e+00 | 47 -0.09122 -1.11331e+00 | 48 -0.06018 -1.07378e+00
 49 -0.12425 -2.78981e-01 | 50  0.08252  2.69695e-01 | 51 -0.09544  1.54731e-01
 52 -0.02511  2.72039e-01 | 53 -0.07500  1.71575e-01 | 54 -0.04868  2.17378e-01
 55 -0.01794  2.54511e-01 | 56 -0.07743  1.50118e-01 | 57 -0.03788  2.03190e-01
 58  0.00859  2.78432e-01 | 59 -0.00556  2.42318e-01 | 60 -0.02328  2.08450e-01
 61 -0.06347  1.70990e-01 | 62  0.00787  2.87844e-01 | 63 -0.06399  1.55407e-01
 64 -0.11056  1.10732e-01 | 65 -0.03706  1.89642e-01 | 66 -0.11555  9.66492e-02
 67 -0.08727  1.16497e-01 | 68 -0.07368  1.35042e-01 | 69  0.02736  2.49756e-01
 70 -0.01945  1.62256e-01 | 71 -0.21507  3.17476e-02 | 72 -0.09893  5.28253e-02
 73 -0.07398  1.29767e-02 | 74 -0.03405  9.35749e-04 | 75 -0.03291  3.90405e-04
 76 -0.03308  5.75361e-04 | 77  0.00000  0.00000e+00 | 78 -0.41131 -1.03622e+01
 79 -0.10370  3.68478e+00 | 80 -0.26874 -2.97894e+02 | 81 -0.92939  6.97094e-01
 82  0.69762 -6.47312e+00 | 83 -0.08559  3.78386e-01 | 84  0.60462 -6.32767e-01
 85 -0.58387  5.47046e-02 |
85 variables; iteration 940; function evaluation 1063; phase 4
Function value -1.1938518e+02; maximum gradient component mag -9.8926e+02
Var    Value     Gradient |Var    Value     Gradient |Var    Value     Gradient
  1  0.01185 -9.89257e+02 |  2 -0.00590 -7.84212e-01 |  3 -0.00688 -9.30368e-01
  4 -0.02309 -9.90512e-01 |  5 -0.02423 -1.16823e+00 |  6 -0.02550 -1.37420e+00
  7 -0.02696 -1.61967e+00 |  8 -0.02853 -1.88351e+00 |  9 -0.03022 -2.16807e+00
 10 -0.03206 -2.49105e+00 | 11 -0.03408 -2.85296e+00 | 12 -0.03586 -3.21778e+00
 13 -0.03807 -3.61189e+00 | 14 -0.04074 -4.02358e+00 | 15 -0.04352 -4.53313e+00
 16 -0.04597 -5.08270e+00 | 17 -0.04957 -5.68228e+00 | 18 -0.05192 -6.11833e+00
 19 -0.05367 -6.41005e+00 | 20 -0.05474 -6.66646e+00 | 21 -0.05478 -6.91783e+00
 22 -0.05321 -7.00528e+00 | 23 -0.05137 -7.78877e+00 | 24 -0.04535 -9.12292e+00
 25 -0.02803 -1.21453e+01 | 26  0.01228 -2.17905e+01 | 27  0.05767 -2.94110e+01
 28 -0.08277 -1.89790e+01 | 29 -0.12181 -1.66998e+01 | 30 -0.12701 -1.28507e+01
 31 -0.10143 -1.29797e+01 | 32 -0.01215 -2.14954e+01 | 33  0.01643 -3.94234e+01
 34 -0.09883 -1.30167e+01 | 35 -0.01743 -2.40168e+01 | 36 -0.02819 -2.01518e+01
 37 -0.03203 -1.78092e+01 | 38  0.02074 -2.67603e+01 | 39 -0.05575 -1.42801e+01
 40 -0.03914 -1.58224e+01 | 41 -0.04269 -1.47362e+01 | 42  0.00088 -1.92453e+01
 43 -0.01623 -1.57934e+01 | 44 -0.03323 -1.31984e+01 | 45 -0.04133 -1.18568e+01
 46 -0.04563 -1.03525e+01 | 47 -0.09140 -6.02730e+00 | 48 -0.06035 -5.55595e+00
 49 -0.12410 -1.33708e+00 | 50  0.08209  4.10705e-01 | 51 -0.09561  4.16680e-01
 52 -0.02552  9.53085e-01 | 53 -0.07529  7.13766e-01 | 54 -0.04910  9.46702e-01
 55 -0.01834  1.18681e+00 | 56 -0.07778  7.58145e-01 | 57 -0.03826  1.03767e+00
 58  0.00825  1.43797e+00 | 59 -0.00590  1.25654e+00 | 60 -0.02351  1.09784e+00
 61 -0.06378  8.23518e-01 | 62  0.00745  1.40781e+00 | 63 -0.06417  8.01596e-01
 64 -0.11080  5.62408e-01 | 65 -0.03742  1.00336e+00 | 66 -0.11573  5.19059e-01
 67 -0.08749  6.00794e-01 | 68 -0.07388  5.82301e-01 | 69  0.02689  1.10069e+00
 70 -0.01978  7.24289e-01 | 71 -0.21533  1.39265e-01 | 72 -0.09922  2.25256e-01
 73 -0.07438  3.46864e-02 | 74 -0.03417  1.26061e-03 | 75 -0.03303  1.27285e-03
 76 -0.03320  3.63742e-04 | 77  0.00000  0.00000e+00 | 78 -0.41231 -3.32358e+01
 79 -0.10613  8.45192e+00 | 80 -0.26865 -7.07959e+02 | 81 -0.90453  2.59557e+00
 82  0.70370 -7.16095e+00 | 83 -0.08201  1.91040e+00 | 84  0.61098 -3.56671e-01
 85 -0.53922  4.58297e-02 |
85 variables; iteration 960; function evaluation 1086; phase 4
Function value -1.1941394e+02; maximum gradient component mag -3.7021e+02
Var    Value     Gradient |Var    Value     Gradient |Var    Value     Gradient
  1  0.01191 -3.70205e+02 |  2 -0.00575 -5.44256e-01 |  3 -0.00671 -6.47963e-01
  4 -0.02289 -6.84568e-01 |  5 -0.02404 -8.14836e-01 |  6 -0.02531 -9.64523e-01
  7 -0.02669 -1.12459e+00 |  8 -0.02828 -1.32183e+00 |  9 -0.02993 -1.51990e+00
 10 -0.03170 -1.73797e+00 | 11 -0.03351 -1.95313e+00 | 12 -0.03542 -2.25170e+00
 13 -0.03752 -2.50228e+00 | 14 -0.04041 -2.85111e+00 | 15 -0.04312 -3.21024e+00
 16 -0.04487 -3.43381e+00 | 17 -0.04839 -3.85551e+00 | 18 -0.05083 -4.19903e+00
 19 -0.05262 -4.42846e+00 | 20 -0.05359 -4.59158e+00 | 21 -0.05371 -4.81265e+00
 22 -0.05197 -4.83375e+00 | 23 -0.04905 -5.15928e+00 | 24 -0.04424 -6.30445e+00
 25 -0.02873 -8.46988e+00 | 26 -0.01017 -1.60138e+01 | 27  0.06685 -1.90118e+01
 28 -0.08451 -1.50059e+01 | 29 -0.11836 -1.23382e+01 | 30 -0.12728 -9.13412e+00
 31 -0.10096 -8.14739e+00 | 32 -0.01359 -1.15367e+01 | 33  0.01658 -2.41398e+01
 34 -0.09915 -5.08495e+00 | 35 -0.01768 -6.61117e+00 | 36 -0.02843 -1.08592e+00
 37 -0.03228  8.50000e-01 | 38  0.02046  2.97224e+00 | 39 -0.05581  1.80924e+00
 40 -0.03924  2.25920e+00 | 41 -0.04262  1.53124e+00 | 42  0.00081  1.65676e+00
 43 -0.01636  9.31849e-01 | 44 -0.03334  5.20866e-01 | 45 -0.04134  2.05744e-01
 46 -0.04564 -1.15474e-02 | 47 -0.09153 -1.93146e-01 | 48 -0.06050 -2.96144e-01
 49 -0.12359 -3.38698e-01 | 50  0.08167  7.80298e-01 | 51 -0.09596  2.77904e-01
 52 -0.02588  4.03616e-01 | 53 -0.07562  2.46934e-01 | 54 -0.04948  2.93414e-01
 55 -0.01874  3.93362e-01 | 56 -0.07813  2.45679e-01 | 57 -0.03858  3.06745e-01
 58  0.00795  4.50766e-01 | 59 -0.00622  4.13241e-01 | 60 -0.02374  3.68764e-01
 61 -0.06403  2.64996e-01 | 62  0.00706  4.62988e-01 | 63 -0.06438  2.77318e-01
 64 -0.11097  1.83273e-01 | 65 -0.03774  3.18638e-01 | 66 -0.11589  1.53180e-01
 67 -0.08764  1.40946e-01 | 68 -0.07397  1.12109e-01 | 69  0.02649  2.58649e-01
 70 -0.02022  2.03796e-01 | 71 -0.21558  3.42429e-02 | 72 -0.09941  3.36800e-02
 73 -0.07479 -3.51916e-04 | 74 -0.03428  5.33019e-04 | 75 -0.03315 -3.40512e-04
 76 -0.03332 -4.64180e-04 | 77  0.00000  0.00000e+00 | 78 -0.41319 -7.65121e+00
 79 -0.10822  2.25517e+00 | 80 -0.26832 -2.31879e+02 | 81 -0.84706  1.28219e+00
 82  0.72166 -4.85228e+00 | 83 -0.07280 -1.42110e-02 | 84  0.62837 -1.47927e-01
 85 -0.45764  3.61605e-02 |
85 variables; iteration 980; function evaluation 1109; phase 4
Function value -1.1947146e+02; maximum gradient component mag -1.7911e+03
Var    Value     Gradient |Var    Value     Gradient |Var    Value     Gradient
  1  0.01174 -1.79113e+03 |  2 -0.00581 -2.12624e+00 |  3 -0.00694 -2.58134e+00
  4 -0.02314 -2.72928e+00 |  5 -0.02425 -3.22081e+00 |  6 -0.02557 -3.80526e+00
  7 -0.02717 -4.49782e+00 |  8 -0.02859 -5.18950e+00 |  9 -0.03043 -6.01338e+00
 10 -0.03229 -6.87314e+00 | 11 -0.03427 -7.81463e+00 | 12 -0.03557 -8.74111e+00
 13 -0.03845 -9.92833e+00 | 14 -0.04045 -1.09247e+01 | 15 -0.04320 -1.22773e+01
 16 -0.04639 -1.38541e+01 | 17 -0.04871 -1.51669e+01 | 18 -0.05280 -1.66753e+01
 19 -0.05633 -1.77878e+01 | 20 -0.05525 -1.81502e+01 | 21 -0.05392 -1.86148e+01
 22 -0.05561 -1.95309e+01 | 23 -0.04837 -2.11068e+01 | 24 -0.03950 -2.52624e+01
 25 -0.01658 -3.49858e+01 | 26 -0.00931 -5.19862e+01 | 27  0.06426 -8.96924e+01
 28 -0.08359 -3.71475e+01 | 29 -0.11996 -2.89530e+01 | 30 -0.12706 -2.41226e+01
 31 -0.10101 -2.46776e+01 | 32 -0.01253 -3.70593e+01 | 33  0.01633 -4.54536e+01
 34 -0.09878 -1.04589e+01 | 35 -0.01753 -1.52713e+01 | 36 -0.02821 -1.19531e+01
 37 -0.03187 -1.32113e+01 | 38  0.02045 -2.78575e+01 | 39 -0.05560 -1.65494e+01
 40 -0.03915 -2.32558e+01 | 41 -0.04258 -2.36043e+01 | 42  0.00083 -3.38592e+01
 43 -0.01637 -2.89316e+01 | 44 -0.03333 -2.44664e+01 | 45 -0.04136 -2.17101e+01
 46 -0.04590 -1.86174e+01 | 47 -0.09131 -1.04932e+01 | 48 -0.06043 -7.94115e+00
 49 -0.12387 -1.42554e+00 | 50  0.08218  2.52511e-01 | 51 -0.09650  3.35499e-01
 52 -0.02540  1.56555e+00 | 53 -0.07579  1.32747e+00 | 54 -0.04888  1.82907e+00
 55 -0.01839  2.24269e+00 | 56 -0.07783  1.43024e+00 | 57 -0.03808  2.04397e+00
 58  0.00823  2.70905e+00 | 59 -0.00592  2.29058e+00 | 60 -0.02375  1.90332e+00
 61 -0.06380  1.49973e+00 | 62  0.00758  2.50598e+00 | 63 -0.06452  1.30897e+00
 64 -0.11081  9.74860e-01 | 65 -0.03734  1.77284e+00 | 66 -0.11594  9.67429e-01
 67 -0.08749  1.29633e+00 | 68 -0.07399  1.42996e+00 | 69  0.02707  2.42438e+00
 70 -0.02029  1.24445e+00 | 71 -0.21550  2.41749e-01 | 72 -0.09914  4.07518e-01
 73 -0.07410  4.46322e-02 | 74 -0.03415  7.97633e-04 | 75 -0.03303  1.35982e-03
 76 -0.03319  3.57931e-03 | 77  0.00000  0.00000e+00 | 78 -0.41055 -5.36861e+01
 79 -0.10754  1.28857e+01 | 80 -0.26774 -1.08193e+03 | 81 -0.78195  1.14333e+01
 82  0.73632 -6.69494e+00 | 83 -0.06597  2.75611e+00 | 84  0.64748 -1.13180e-01
 85 -0.39873  4.35705e-02 |
85 variables; iteration 1000; function evaluation 1130; phase 4
Function value -1.1962725e+02; maximum gradient component mag -4.4084e+02
Var    Value     Gradient |Var    Value     Gradient |Var    Value     Gradient
  1  0.01177 -4.40844e+02 |  2 -0.00599  1.05714e+00 |  3 -0.00706  1.25222e+00
  4 -0.02327  1.31551e+00 |  5 -0.02441  1.57367e+00 |  6 -0.02576  1.84537e+00
  7 -0.02728  2.14472e+00 |  8 -0.02888  2.49986e+00 |  9 -0.03056  2.89655e+00
 10 -0.03243  3.28859e+00 | 11 -0.03444  3.72612e+00 | 12 -0.03609  4.30430e+00
 13 -0.03856  4.71410e+00 | 14 -0.04107  5.32092e+00 | 15 -0.04387  5.94577e+00
 16 -0.04648  6.55245e+00 | 17 -0.04971  7.37185e+00 | 18 -0.05253  7.81308e+00
 19 -0.05468  8.06827e+00 | 20 -0.05530  8.62093e+00 | 21 -0.05504  9.04047e+00
 22 -0.05429  9.01658e+00 | 23 -0.05151  1.04320e+01 | 24 -0.04494  1.29227e+01
 25 -0.02446  1.88012e+01 | 26  0.01847  2.90995e+01 | 27  0.05403  4.35565e+01
 28 -0.08941  2.85695e+00 | 29 -0.11598  2.00353e+00 | 30 -0.12420  2.74935e+00
 31 -0.10217  5.02272e-01 | 32 -0.01152 -8.09109e+00 | 33  0.01607 -4.50625e+01
 34 -0.09871 -2.16587e+01 | 35 -0.01723 -5.01249e+01 | 36 -0.02783 -4.86824e+01
 37 -0.03214 -4.71804e+01 | 38  0.02105 -6.55498e+01 | 39 -0.05591 -3.16800e+01
 40 -0.03904 -3.10298e+01 | 41 -0.04263 -2.39558e+01 | 42  0.00108 -2.48305e+01
 43 -0.01611 -1.61499e+01 | 44 -0.03312 -1.11249e+01 | 45 -0.04123 -8.35075e+00
 46 -0.04539 -5.69390e+00 | 47 -0.09136 -2.30764e+00 | 48 -0.06019 -8.09617e-01
 49 -0.12363  6.25860e-01 | 50  0.08236 -1.08457e+00 | 51 -0.09661 -4.59066e-01
 52 -0.02506 -4.94017e-01 | 53 -0.07527 -2.36469e-01 | 54 -0.04890 -2.54434e-01
 55 -0.01816 -3.75079e-01 | 56 -0.07783 -2.16887e-01 | 57 -0.03799 -1.70560e-01
 58  0.00853 -2.45131e-01 | 59 -0.00579 -2.78996e-01 | 60 -0.02325 -2.44590e-01
 61 -0.06356 -1.15242e-01 | 62  0.00769 -2.89831e-01 | 63 -0.06417 -1.75447e-01
 64 -0.11044 -1.07065e-01 | 65 -0.03716 -1.73002e-01 | 66 -0.11564 -2.75371e-02
 67 -0.08709  6.77026e-02 | 68 -0.07345  1.46398e-01 | 69  0.02727 -3.98964e-02
 70 -0.02007 -1.65559e-01 | 71 -0.21503 -1.29897e-02 | 72 -0.09877  3.31371e-02
 73 -0.07453  1.26956e-02 | 74 -0.03409  1.32716e-03 | 75 -0.03298  2.19354e-03
 76 -0.03315  1.53376e-03 | 77  0.00000  0.00000e+00 | 78 -0.41448 -2.92312e+01
 79 -0.11275  5.15866e+00 | 80 -0.26712 -3.25237e+02 | 81 -0.73434  4.14618e+00
 82  0.74100 -4.95875e+00 | 83 -0.06589  1.74533e+00 | 84  0.66763 -4.93394e-02
 85 -0.36248  2.62357e-02 |
85 variables; iteration 1020; function evaluation 1154; phase 4
Function value -1.1968479e+02; maximum gradient component mag 4.3198e+02
Var    Value     Gradient |Var    Value     Gradient |Var    Value     Gradient
  1  0.01164  4.31983e+02 |  2 -0.00614  8.69699e-01 |  3 -0.00729  1.01246e+00
  4 -0.02347  1.07279e+00 |  5 -0.02464  1.28450e+00 |  6 -0.02595  1.52316e+00
  7 -0.02758  1.74164e+00 |  8 -0.02921  2.02961e+00 |  9 -0.03093  2.35449e+00
 10 -0.03283  2.67067e+00 | 11 -0.03490  3.01231e+00 | 12 -0.03691  3.40059e+00
 13 -0.03903  3.82859e+00 | 14 -0.04191  4.21135e+00 | 15 -0.04476  4.71216e+00
 16 -0.04696  5.35286e+00 | 17 -0.05068  5.86622e+00 | 18 -0.05326  6.29320e+00
 19 -0.05491  6.66391e+00 | 20 -0.05643  6.81227e+00 | 21 -0.05643  7.07930e+00
 22 -0.05500  7.30866e+00 | 23 -0.05310  8.30453e+00 | 24 -0.04684  1.04576e+01
 25 -0.02807  1.53943e+01 | 26  0.04414  3.55284e+01 | 27  0.03681  3.52777e+01
 28 -0.08531  4.59673e+00 | 29 -0.11547  3.70729e+00 | 30 -0.12302  6.69919e+00
 31 -0.10001  9.70949e+00 | 32 -0.01238  1.99098e+01 | 33  0.01718  2.88554e-01
 34 -0.09913 -4.57536e-01 | 35 -0.01675 -6.55131e+00 | 36 -0.02745 -5.52367e+00
 37 -0.03189 -5.59242e+00 | 38  0.02151 -5.19117e+00 | 39 -0.05596 -1.96821e+00
 40 -0.03883  1.62992e-01 | 41 -0.04267  1.17594e+00 | 42  0.00127  3.61752e+00
 43 -0.01590  3.82251e+00 | 44 -0.03293  3.63403e+00 | 45 -0.04116  3.44732e+00
 46 -0.04529  3.20317e+00 | 47 -0.09116  2.06920e+00 | 48 -0.05995  2.06593e+00
 49 -0.12397  1.92653e-01 | 50  0.08303 -8.59780e-01 | 51 -0.09692 -4.13536e-01
 52 -0.02441 -8.78074e-01 | 53 -0.07497 -6.08869e-01 | 54 -0.04833 -7.57267e-01
 55 -0.01762 -9.07541e-01 | 56 -0.07746 -5.77047e-01 | 57 -0.03746 -7.96387e-01
 58  0.00902 -1.10224e+00 | 59 -0.00537 -9.85270e-01 | 60 -0.02291 -8.89867e-01
 61 -0.06318 -6.66701e-01 | 62  0.00830 -1.11148e+00 | 63 -0.06402 -6.21598e-01
 64 -0.11007 -4.71829e-01 | 65 -0.03663 -8.39090e-01 | 66 -0.11546 -4.35579e-01
 67 -0.08670 -5.53490e-01 | 68 -0.07314 -5.57785e-01 | 69  0.02800 -9.38273e-01
 70 -0.01984 -6.21034e-01 | 71 -0.21464 -1.15070e-01 | 72 -0.09831 -1.64590e-01
 73 -0.07409 -1.72675e-02 | 74 -0.03394 -1.92884e-04 | 75 -0.03283  1.00949e-04
 76 -0.03301 -7.33247e-05 | 77  0.00000  0.00000e+00 | 78 -0.41372  1.01690e+01
 79 -0.11035 -2.75632e+00 | 80 -0.26651  1.90835e+02 | 81 -0.69816 -4.40928e+00
 82  0.73388 -3.54041e+00 | 83 -0.06906 -1.27218e+00 | 84  0.67958 -6.35018e-02
 85 -0.33894  4.04571e-02 |
85 variables; iteration 1040; function evaluation 1177; phase 4
Function value -1.1969661e+02; maximum gradient component mag -1.5346e+02
Var    Value     Gradient |Var    Value     Gradient |Var    Value     Gradient
  1  0.01153 -1.53458e+02 |  2 -0.00630  5.08355e-02 |  3 -0.00740  5.34280e-02
  4 -0.02358  5.99959e-02 |  5 -0.02482  6.93457e-02 |  6 -0.02620  7.96904e-02
  7 -0.02774  8.67006e-02 |  8 -0.02943  9.46639e-02 |  9 -0.03120  1.17587e-01
 10 -0.03311  1.23293e-01 | 11 -0.03512  1.47808e-01 | 12 -0.03717  1.49200e-01
 13 -0.03941  1.57509e-01 | 14 -0.04219  1.60671e-01 | 15 -0.04512  1.55513e-01
 16 -0.04762  1.90145e-01 | 17 -0.05129  1.75400e-01 | 18 -0.05391  1.63633e-01
 19 -0.05570  1.91727e-01 | 20 -0.05705  1.44636e-01 | 21 -0.05692  1.98263e-01
 22 -0.05566  2.00482e-01 | 23 -0.05380  3.14552e-01 | 24 -0.04752  6.45088e-01
 25 -0.02857  1.56720e+00 | 26  0.05753  6.24853e+00 | 27  0.02494  9.91828e-01
 28 -0.08474 -8.33156e+00 | 29 -0.11421 -6.19243e+00 | 30 -0.12157 -3.00643e+00
 31 -0.09925 -2.00609e+00 | 32 -0.01234 -9.28207e-01 | 33  0.01768 -1.90688e+01
 34 -0.09913 -5.38398e+00 | 35 -0.01636 -1.17063e+01 | 36 -0.02711 -8.02690e+00
 37 -0.03161 -7.22514e+00 | 38  0.02184 -8.13207e+00 | 39 -0.05580 -3.36807e+00
 40 -0.03865 -2.44082e+00 | 41 -0.04258 -1.63298e+00 | 42  0.00150 -7.32559e-01
 43 -0.01565  5.25725e-02 | 44 -0.03271  4.17319e-01 | 45 -0.04101  5.73234e-01
 46 -0.04509  6.34992e-01 | 47 -0.09095  3.07227e-01 | 48 -0.05969  1.24581e-01
 49 -0.12409 -4.09751e-01 | 50  0.08353 -8.71675e-02 | 51 -0.09696 -2.06050e-03
 52 -0.02392 -7.90867e-02 | 53 -0.07466 -8.74377e-02 | 54 -0.04791 -9.65859e-02
 55 -0.01720 -1.05894e-01 | 56 -0.07716 -7.74353e-02 | 57 -0.03705 -1.29695e-01
 58  0.00942 -1.95251e-01 | 59 -0.00502 -1.69120e-01 | 60 -0.02257 -1.69402e-01
 61 -0.06284 -1.33015e-01 | 62  0.00876 -1.94112e-01 | 63 -0.06381 -1.20936e-01
 64 -0.10972 -9.78722e-02 | 65 -0.03621 -1.87200e-01 | 66 -0.11523 -1.23872e-01
 67 -0.08634 -1.80513e-01 | 68 -0.07282 -1.85711e-01 | 69  0.02853 -1.98593e-01
 70 -0.01957 -9.24460e-02 | 71 -0.21429 -1.93590e-02 | 72 -0.09792 -3.99751e-02
 73 -0.07379 -2.29619e-03 | 74 -0.03383  3.03789e-04 | 75 -0.03273 -8.92269e-04
 76 -0.03290  2.07364e-04 | 77  0.00000  0.00000e+00 | 78 -0.41347 -5.64883e+00
 79 -0.10873  1.21714e+00 | 80 -0.26613 -8.26026e+01 | 81 -0.67874  8.61733e-01
 82  0.73843 -4.45353e+00 | 83 -0.06717 -2.03072e-01 | 84  0.68908 -5.53267e-02
 85 -0.32556  3.93262e-02 |
85 variables; iteration 1060; function evaluation 1201; phase 4
Function value -1.1970866e+02; maximum gradient component mag -2.3712e+02
Var    Value     Gradient |Var    Value     Gradient |Var    Value     Gradient
  1  0.01134 -2.37119e+02 |  2 -0.00645  1.16796e-01 |  3 -0.00754  1.41274e-01
  4 -0.02373  1.50574e-01 |  5 -0.02500  1.74965e-01 |  6 -0.02642  1.99067e-01
  7 -0.02798  2.29852e-01 |  8 -0.02971  2.55952e-01 |  9 -0.03150  3.06665e-01
 10 -0.03337  3.59114e-01 | 11 -0.03540  4.15211e-01 | 12 -0.03744  4.67582e-01
 13 -0.03981  4.72947e-01 | 14 -0.04252  5.28262e-01 | 15 -0.04555  5.47277e-01
 16 -0.04814  6.14315e-01 | 17 -0.05175  6.71175e-01 | 18 -0.05444  6.78308e-01
 19 -0.05647  6.50424e-01 | 20 -0.05758  6.88508e-01 | 21 -0.05732  7.92381e-01
 22 -0.05630  7.14780e-01 | 23 -0.05444  8.91010e-01 | 24 -0.04824  1.27778e+00
 25 -0.03068  2.24444e+00 | 26  0.07367  1.06401e+01 | 27  0.00676 -1.85826e-01
 28 -0.08274 -7.68430e+00 | 29 -0.11296 -6.09331e+00 | 30 -0.12001 -3.53344e+00
 31 -0.09768 -3.56147e+00 | 32 -0.01241 -6.19481e+00 | 33  0.01848 -2.69967e+01
 34 -0.09914 -8.98608e+00 | 35 -0.01576 -1.85120e+01 | 36 -0.02655 -1.42174e+01
 37 -0.03122 -1.26399e+01 | 38  0.02242 -1.52581e+01 | 39 -0.05560 -6.76777e+00
 40 -0.03831 -5.90652e+00 | 41 -0.04241 -4.30751e+00 | 42  0.00187 -3.28019e+00
 43 -0.01526 -1.31122e+00 | 44 -0.03234 -2.88695e-01 | 45 -0.04074  2.27870e-01
 46 -0.04473  6.95715e-01 | 47 -0.09062  4.73191e-01 | 48 -0.05927  4.59896e-01
 49 -0.12413 -2.29128e-01 | 50  0.08423  4.24663e-01 | 51 -0.09692  1.22551e-01
 52 -0.02320  8.71786e-02 | 53 -0.07413  2.52547e-02 | 54 -0.04730  2.07673e-02
 55 -0.01656  2.83425e-02 | 56 -0.07668  1.37863e-02 | 57 -0.03645  8.35800e-03
 58  0.01002  2.68198e-02 | 59 -0.00449  5.08627e-02 | 60 -0.02202  4.76386e-02
 61 -0.06232  2.41549e-02 | 62  0.00941  5.87815e-02 | 63 -0.06342  4.03663e-02
 64 -0.10920  1.82523e-02 | 65 -0.03559  3.12803e-02 | 66 -0.11484  2.94596e-03
 67 -0.08581 -2.87336e-02 | 68 -0.07231 -5.26200e-02 | 69  0.02927 -3.46849e-02
 70 -0.01911  4.92460e-02 | 71 -0.21374  7.97053e-03 | 72 -0.09734 -1.02527e-02
 73 -0.07340  2.78123e-03 | 74 -0.03367  2.03865e-03 | 75 -0.03258 -1.05265e-03
 76 -0.03274  2.13984e-04 | 77  0.00000  0.00000e+00 | 78 -0.41365 -9.90368e+00
 79 -0.10847  2.15189e+00 | 80 -0.26568 -1.20711e+02 | 81 -0.65842  1.88535e+00
 82  0.75391 -4.54990e+00 | 83 -0.05965  1.59930e-01 | 84  0.70265 -4.61945e-02
 85 -0.30964  3.57546e-02 |
85 variables; iteration 1080; function evaluation 1222; phase 4
Function value -1.1974463e+02; maximum gradient component mag 6.0499e+02
Var    Value     Gradient |Var    Value     Gradient |Var    Value     Gradient
  1  0.01105  6.04988e+02 |  2 -0.00657  1.00196e+00 |  3 -0.00771  1.18899e+00
  4 -0.02392  1.25460e+00 |  5 -0.02516  1.49360e+00 |  6 -0.02654  1.76861e+00
  7 -0.02817  2.04936e+00 |  8 -0.02989  2.37576e+00 |  9 -0.03160  2.77250e+00
 10 -0.03376  3.08156e+00 | 11 -0.03597  3.45361e+00 | 12 -0.03813  3.88622e+00
 13 -0.04020  4.38833e+00 | 14 -0.04301  4.85122e+00 | 15 -0.04549  5.57302e+00
 16 -0.04868  5.98374e+00 | 17 -0.05230  6.60399e+00 | 18 -0.05501  7.03782e+00
 19 -0.05659  7.43126e+00 | 20 -0.05791  7.62129e+00 | 21 -0.05796  7.82169e+00
 22 -0.05677  7.91008e+00 | 23 -0.05498  8.92130e+00 | 24 -0.04851  1.12005e+01
 25 -0.03380  1.54657e+01 | 26  0.09022  5.90048e+01 | 27 -0.01456  1.91641e+01
 28 -0.08492  5.05023e+00 | 29 -0.11294  4.62925e+00 | 30 -0.11793  8.21841e+00
 31 -0.09536  1.17540e+01 | 32 -0.01231  2.40527e+01 | 33  0.01969  8.03172e+00
 34 -0.09889  2.28654e+00 | 35 -0.01484 -3.61314e+00 | 36 -0.02561 -3.91953e+00
 37 -0.03059 -3.38816e+00 | 38  0.02333 -1.65009e+00 | 39 -0.05507  8.98372e-01
 40 -0.03768  4.10749e+00 | 41 -0.04202  5.59372e+00 | 42  0.00248  9.94053e+00
 43 -0.01461  9.38343e+00 | 44 -0.03172  8.29919e+00 | 45 -0.04025  7.55447e+00
 46 -0.04413  6.90667e+00 | 47 -0.09008  4.05879e+00 | 48 -0.05854  3.32568e+00
 49 -0.12435  5.69045e-01 | 50  0.08524 -1.04013e+00 | 51 -0.09646 -4.21076e-01
 52 -0.02221 -9.85458e-01 | 53 -0.07328 -7.36181e-01 | 54 -0.04647 -9.71697e-01
 55 -0.01562 -1.19447e+00 | 56 -0.07593 -7.62430e-01 | 57 -0.03563 -1.03253e+00
 58  0.01089 -1.36817e+00 | 59 -0.00369 -1.20540e+00 | 60 -0.02120 -1.05705e+00
 61 -0.06158 -8.00282e-01 | 62  0.01034 -1.34435e+00 | 63 -0.06271 -7.30107e-01
 64 -0.10849 -5.51047e-01 | 65 -0.03473 -9.67896e-01 | 66 -0.11418 -4.79071e-01
 67 -0.08506 -6.16351e-01 | 68 -0.07165 -6.45407e-01 | 69  0.03025 -1.16509e+00
 70 -0.01827 -6.88848e-01 | 71 -0.21294 -1.27850e-01 | 72 -0.09654 -1.94335e-01
 73 -0.07286 -1.85476e-02 | 74 -0.03346 -1.27672e-03 | 75 -0.03236  7.77535e-04
 76 -0.03253  5.37947e-04 | 77  0.00000  0.00000e+00 | 78 -0.41410  1.60331e+01
 79 -0.10921 -4.03830e+00 | 80 -0.26546  2.47789e+02 | 81 -0.64801 -7.28886e+00
 82  0.80539 -3.11767e+00 | 83 -0.03329 -2.40141e+00 | 84  0.72246 -6.67777e-02
 85 -0.29001  3.53575e-02 |
85 variables; iteration 1100; function evaluation 1243; phase 4
Function value -1.1976154e+02; maximum gradient component mag -5.9692e+02
Var    Value     Gradient |Var    Value     Gradient |Var    Value     Gradient
  1  0.01094 -5.96922e+02 |  2 -0.00661 -7.95706e-01 |  3 -0.00775 -9.53615e-01
  4 -0.02395 -1.00665e+00 |  5 -0.02524 -1.19266e+00 |  6 -0.02667 -1.40425e+00
  7 -0.02827 -1.65029e+00 |  8 -0.03002 -1.91925e+00 |  9 -0.03186 -2.20267e+00
 10 -0.03387 -2.52560e+00 | 11 -0.03600 -2.86990e+00 | 12 -0.03814 -3.25258e+00
 13 -0.04038 -3.62590e+00 | 14 -0.04316 -4.04771e+00 | 15 -0.04606 -4.51259e+00
 16 -0.04883 -5.03129e+00 | 17 -0.05251 -5.59554e+00 | 18 -0.05518 -6.03090e+00
 19 -0.05697 -6.29061e+00 | 20 -0.05811 -6.53318e+00 | 21 -0.05820 -6.78459e+00
 22 -0.05682 -6.87866e+00 | 23 -0.05526 -7.60596e+00 | 24 -0.04910 -9.04085e+00
 25 -0.03526 -1.21031e+01 | 26  0.09681 -3.05844e+01 | 27 -0.03106 -2.27868e+01
 28 -0.07851 -1.76923e+01 | 29 -0.11060 -1.35061e+01 | 30 -0.11689 -1.03364e+01
 31 -0.09348 -1.01318e+01 | 32 -0.01412 -1.34131e+01 | 33  0.02091 -2.43953e+01
 34 -0.09934 -5.08472e+00 | 35 -0.01450 -7.15424e+00 | 36 -0.02537 -2.64897e+00
 37 -0.03033 -2.25008e+00 | 38  0.02352 -2.95747e+00 | 39 -0.05481 -1.98434e+00
 40 -0.03748 -3.11029e+00 | 41 -0.04183 -3.75085e+00 | 42  0.00266 -5.85897e+00
 43 -0.01442 -5.51924e+00 | 44 -0.03153 -4.94435e+00 | 45 -0.04007 -4.57722e+00
 46 -0.04399 -4.05992e+00 | 47 -0.08987 -2.42972e+00 | 48 -0.05838 -2.07415e+00
 49 -0.12408 -6.21635e-01 | 50  0.08548  7.27612e-01 | 51 -0.09626  2.85472e-01
 52 -0.02195  6.58931e-01 | 53 -0.07306  4.59899e-01 | 54 -0.04618  6.05826e-01
 55 -0.01537  7.69368e-01 | 56 -0.07568  4.85370e-01 | 57 -0.03536  6.55274e-01
 58  0.01112  9.02287e-01 | 59 -0.00345  7.91563e-01 | 60 -0.02100  6.78781e-01
 61 -0.06134  5.05586e-01 | 62  0.01060  8.83403e-01 | 63 -0.06254  4.84898e-01
 64 -0.10827  3.47225e-01 | 65 -0.03448  6.14984e-01 | 66 -0.11401  3.04918e-01
 67 -0.08485  3.50904e-01 | 68 -0.07143  3.45450e-01 | 69  0.03053  6.86257e-01
 70 -0.01804  4.37938e-01 | 71 -0.21275  8.37598e-02 | 72 -0.09629  1.24747e-01
 73 -0.07265  1.38467e-02 | 74 -0.03340  4.57645e-04 | 75 -0.03232 -7.64555e-04
 76 -0.03248  3.35866e-04 | 77  0.00000  0.00000e+00 | 78 -0.41367 -1.67281e+01
 79 -0.10841  3.87525e+00 | 80 -0.26549 -2.70449e+02 | 81 -0.64968  5.82147e+00
 82  0.82928 -4.08313e+00 | 83 -0.02482  6.32765e-01 | 84  0.73072 -1.13894e-01
 85 -0.28484  3.12077e-02 |
85 variables; iteration 1120; function evaluation 1264; phase 4
Function value -1.1985948e+02; maximum gradient component mag 1.3453e+02
Var    Value     Gradient |Var    Value     Gradient |Var    Value     Gradient
  1  0.01116  1.34532e+02 |  2 -0.00666  1.91164e+00 |  3 -0.00777  2.28922e+00
  4 -0.02393  2.42841e+00 |  5 -0.02521  2.87393e+00 |  6 -0.02663  3.38645e+00
  7 -0.02816  3.97457e+00 |  8 -0.02983  4.62942e+00 |  9 -0.03171  5.31072e+00
 10 -0.03367  6.03350e+00 | 11 -0.03550  6.92435e+00 | 12 -0.03759  7.81068e+00
 13 -0.04015  8.58314e+00 | 14 -0.04262  9.63833e+00 | 15 -0.04532  1.08416e+01
 16 -0.04848  1.18031e+01 | 17 -0.05153  1.32722e+01 | 18 -0.05439  1.41064e+01
 19 -0.05672  1.44720e+01 | 20 -0.05789  1.49474e+01 | 21 -0.05626  1.60442e+01
 22 -0.05767  1.50065e+01 | 23 -0.05512  1.69972e+01 | 24 -0.04884  2.06636e+01
 25 -0.04135  2.44524e+01 | 26  0.08823  9.47931e+01 | 27 -0.01227  3.51678e+01
 28 -0.08068  1.34863e+01 | 29 -0.11303  7.50833e+00 | 30 -0.11818  6.40629e+00
 31 -0.08580  3.51661e+00 | 32 -0.02018 -1.70385e+01 | 33  0.02211 -5.82559e+01
 34 -0.10022 -2.76321e+01 | 35 -0.01513 -5.93467e+01 | 36 -0.02603 -5.24713e+01
 37 -0.03077 -4.44155e+01 | 38  0.02290 -5.33849e+01 | 39 -0.05492 -2.14022e+01
 40 -0.03784 -1.56429e+01 | 41 -0.04197 -7.70727e+00 | 42  0.00228 -1.85012e+00
 43 -0.01480  3.27522e+00 | 44 -0.03188  5.19600e+00 | 45 -0.04031  5.98501e+00
 46 -0.04429  5.93152e+00 | 47 -0.09021  3.88258e+00 | 48 -0.05878  3.02197e+00
 49 -0.12421  1.13593e+00 | 50  0.08464 -9.53060e-01 | 51 -0.09567 -1.28637e-01
 52 -0.02285 -5.43495e-01 | 53 -0.07345 -4.76265e-01 | 54 -0.04694 -7.16348e-01
 55 -0.01606 -9.63922e-01 | 56 -0.07615 -5.78976e-01 | 57 -0.03609 -7.07812e-01
 58  0.01044 -9.40185e-01 | 59 -0.00401 -7.76069e-01 | 60 -0.02153 -5.84465e-01
 61 -0.06192 -4.35864e-01 | 62  0.00982 -8.15691e-01 | 63 -0.06279 -4.11126e-01
 64 -0.10890 -2.83358e-01 | 65 -0.03519 -4.29014e-01 | 66 -0.11434 -2.02115e-01
 67 -0.08548 -2.26353e-01 | 68 -0.07203 -2.84423e-01 | 69  0.02959 -7.02830e-01
 70 -0.01828 -4.21705e-01 | 71 -0.21333 -8.03002e-02 | 72 -0.09703 -1.05787e-01
 73 -0.07310 -5.55438e-03 | 74 -0.03361 -6.98176e-03 | 75 -0.03248  1.50495e-03
 76 -0.03266 -8.84572e-04 | 77  0.00000  0.00000e+00 | 78 -0.41390 -9.74488e+00
 79 -0.10900  1.66557e+00 | 80 -0.26654 -2.99877e+00 | 81 -0.69698 -8.25752e-01
 82  0.82418 -3.60297e+00 | 83 -0.02645  1.16211e+00 | 84  0.71272 -4.11322e-02
 85 -0.30040  2.86693e-02 |
85 variables; iteration 1140; function evaluation 1286; phase 4
Function value -1.1991087e+02; maximum gradient component mag -8.9912e+02
Var    Value     Gradient |Var    Value     Gradient |Var    Value     Gradient
  1  0.01127 -8.99123e+02 |  2 -0.00656 -4.91711e-01 |  3 -0.00759 -5.62988e-01
  4 -0.02380 -5.99549e-01 |  5 -0.02512 -7.24648e-01 |  6 -0.02657 -8.62526e-01
  7 -0.02797 -9.65198e-01 |  8 -0.02977 -1.14948e+00 |  9 -0.03168 -1.34323e+00
 10 -0.03372 -1.56112e+00 | 11 -0.03567 -1.73237e+00 | 12 -0.03789 -2.00259e+00
 13 -0.03998 -2.19309e+00 | 14 -0.04267 -2.43423e+00 | 15 -0.04592 -2.82372e+00
 16 -0.04859 -3.13993e+00 | 17 -0.05204 -3.43840e+00 | 18 -0.05473 -3.73000e+00
 19 -0.05665 -3.92150e+00 | 20 -0.05768 -4.04028e+00 | 21 -0.05761 -4.16787e+00
 22 -0.05628 -4.24822e+00 | 23 -0.05463 -4.71080e+00 | 24 -0.04878 -5.63619e+00
 25 -0.03544 -7.98190e+00 | 26  0.08199 -1.62203e+01 | 27 -0.00483 -1.73169e+01
 28 -0.07965 -1.57138e+01 | 29 -0.11071 -1.25995e+01 | 30 -0.11949 -1.13497e+01
 31 -0.09857 -1.46718e+01 | 32 -0.01188 -2.88270e+01 | 33  0.01876 -5.41991e+01
 34 -0.09870 -1.83821e+01 | 35 -0.01542 -3.30756e+01 | 36 -0.02610 -2.58656e+01
 37 -0.03091 -2.23884e+01 | 38  0.02277 -2.90078e+01 | 39 -0.05501 -1.41107e+01
 40 -0.03800 -1.45320e+01 | 41 -0.04209 -1.26273e+01 | 42  0.00212 -1.56490e+01
 43 -0.01492 -1.26306e+01 | 44 -0.03199 -1.05285e+01 | 45 -0.04041 -9.47281e+00
 46 -0.04433 -8.10092e+00 | 47 -0.09039 -4.45814e+00 | 48 -0.05895 -3.45229e+00
 49 -0.12389 -6.72418e-01 | 50  0.08429  1.57207e+00 | 51 -0.09543  5.44902e-01
 52 -0.02315  1.16910e+00 | 53 -0.07340  8.85669e-01 | 54 -0.04724  1.13290e+00
 55 -0.01628  1.47617e+00 | 56 -0.07628  9.57137e-01 | 57 -0.03636  1.29320e+00
 58  0.01024  1.85024e+00 | 59 -0.00420  1.61433e+00 | 60 -0.02163  1.42536e+00
 61 -0.06205  1.06564e+00 | 62  0.00951  1.80959e+00 | 63 -0.06279  1.03854e+00
 64 -0.10903  7.20501e-01 | 65 -0.03547  1.28764e+00 | 66 -0.11438  6.90546e-01
 67 -0.08566  7.71152e-01 | 68 -0.07207  6.96646e-01 | 69  0.02924  1.25971e+00
 70 -0.01827  7.76155e-01 | 71 -0.21344  1.39349e-01 | 72 -0.09723  1.91438e-01
 73 -0.07345  1.01784e-02 | 74 -0.03364  2.03623e-03 | 75 -0.03254 -5.82933e-04
 76 -0.03271 -1.25487e-03 | 77  0.00000  0.00000e+00 | 78 -0.41485 -3.31925e+01
 79 -0.10958  7.30047e+00 | 80 -0.26710 -5.07723e+02 | 81 -0.72982  7.14579e+00
 82  0.82611 -4.55420e+00 | 83 -0.02625  2.37930e+00 | 84  0.70203 -3.72033e-02
 85 -0.31241  2.80316e-02 |
85 variables; iteration 1160; function evaluation 1308; phase 4
Function value -1.1993004e+02; maximum gradient component mag -8.1682e+02
Var    Value     Gradient |Var    Value     Gradient |Var    Value     Gradient
  1  0.01131 -8.16818e+02 |  2 -0.00660 -6.29699e-01 |  3 -0.00762 -7.25053e-01
  4 -0.02375 -7.47909e-01 |  5 -0.02520 -9.34065e-01 |  6 -0.02673 -1.12732e+00
  7 -0.02793 -1.21869e+00 |  8 -0.02992 -1.49572e+00 |  9 -0.03171 -1.70507e+00
 10 -0.03370 -1.95649e+00 | 11 -0.03568 -2.18950e+00 | 12 -0.03802 -2.55408e+00
 13 -0.03999 -2.77079e+00 | 14 -0.04297 -3.15221e+00 | 15 -0.04579 -3.49704e+00
 16 -0.04834 -3.86264e+00 | 17 -0.05201 -4.30508e+00 | 18 -0.05455 -4.61843e+00
 19 -0.05682 -4.94821e+00 | 20 -0.05752 -5.01426e+00 | 21 -0.05801 -5.33249e+00
 22 -0.05639 -5.35976e+00 | 23 -0.05469 -5.95110e+00 | 24 -0.04877 -7.15920e+00
 25 -0.03316 -9.76474e+00 | 26  0.07889 -2.25601e+01 | 27 -0.00208 -2.05580e+01
 28 -0.07863 -1.67795e+01 | 29 -0.11140 -1.30558e+01 | 30 -0.11928 -1.05185e+01
 31 -0.09501 -1.14359e+01 | 32 -0.01490 -1.95686e+01 | 33  0.01984 -3.64271e+01
 34 -0.09929 -1.15228e+01 | 35 -0.01557 -2.13971e+01 | 36 -0.02628 -1.71447e+01
 37 -0.03101 -1.59617e+01 | 38  0.02258 -2.22395e+01 | 39 -0.05503 -1.14999e+01
 40 -0.03810 -1.22890e+01 | 41 -0.04215 -1.11630e+01 | 42  0.00199 -1.44944e+01
 43 -0.01504 -1.21670e+01 | 44 -0.03211 -1.03005e+01 | 45 -0.04049 -9.10212e+00
 46 -0.04449 -7.79795e+00 | 47 -0.09048 -4.21800e+00 | 48 -0.05906 -3.00433e+00
 49 -0.12401 -2.44049e-01 | 50  0.08409 -4.13619e-02 | 51 -0.09521  2.26812e-02
 52 -0.02338  4.51110e-01 | 53 -0.07352  4.13099e-01 | 54 -0.04739  5.83496e-01
 55 -0.01644  7.64938e-01 | 56 -0.07635  5.09802e-01 | 57 -0.03653  7.25567e-01
 58  0.01005  1.03848e+00 | 59 -0.00432  8.68453e-01 | 60 -0.02181  7.54490e-01
 61 -0.06220  5.99128e-01 | 62  0.00933  9.77911e-01 | 63 -0.06288  5.15048e-01
 64 -0.10921  4.01760e-01 | 65 -0.03567  7.02384e-01 | 66 -0.11449  3.99173e-01
 67 -0.08589  5.12686e-01 | 68 -0.07229  5.59205e-01 | 69  0.02900  8.76511e-01
 70 -0.01828  4.33262e-01 | 71 -0.21361  8.59823e-02 | 72 -0.09745  1.52436e-01
 73 -0.07347  1.13660e-02 | 74 -0.03367  2.46628e-03 | 75 -0.03259 -3.41332e-03
 76 -0.03274 -6.06014e-05 | 77  0.00000  0.00000e+00 | 78 -0.41448 -2.82551e+01
 79 -0.10981  6.15790e+00 | 80 -0.26761 -5.09643e+02 | 81 -0.76653  5.65741e+00
 82  0.82084 -4.54723e+00 | 83 -0.02769  1.67620e+00 | 84  0.69102 -4.01464e-02
 85 -0.32583  2.86678e-02 |
85 variables; iteration 1180; function evaluation 1328; phase 4
Function value -1.1994390e+02; maximum gradient component mag -2.8674e+02
Var    Value     Gradient |Var    Value     Gradient |Var    Value     Gradient
  1  0.01125 -2.86742e+02 |  2 -0.00663 -4.91444e-01 |  3 -0.00772 -5.76000e-01
  4 -0.02386 -5.92480e-01 |  5 -0.02524 -7.30065e-01 |  6 -0.02675 -8.80666e-01
  7 -0.02812 -9.70632e-01 |  8 -0.02996 -1.16171e+00 |  9 -0.03185 -1.34852e+00
 10 -0.03372 -1.51619e+00 | 11 -0.03574 -1.70067e+00 | 12 -0.03803 -1.98478e+00
 13 -0.04017 -2.18258e+00 | 14 -0.04297 -2.45003e+00 | 15 -0.04590 -2.74382e+00
 16 -0.04875 -3.10197e+00 | 17 -0.05236 -3.43909e+00 | 18 -0.05492 -3.68810e+00
 19 -0.05698 -3.92114e+00 | 20 -0.05804 -4.04454e+00 | 21 -0.05811 -4.20538e+00
 22 -0.05677 -4.27743e+00 | 23 -0.05492 -4.67001e+00 | 24 -0.04869 -5.49716e+00
 25 -0.03353 -7.41333e+00 | 26  0.08433 -1.52931e+01 | 27 -0.01280 -1.60230e+01
 28 -0.07599 -1.30236e+01 | 29 -0.10937 -9.60342e+00 | 30 -0.11793 -6.77290e+00
 31 -0.09370 -5.98995e+00 | 32 -0.01611 -7.19440e+00 | 33  0.02059 -1.64040e+01
 34 -0.09943 -2.95677e+00 | 35 -0.01537 -3.91710e+00 | 36 -0.02607 -9.68021e-02
 37 -0.03084  4.36123e-01 | 38  0.02277  2.42780e+00 | 39 -0.05483  1.18178e+00
 40 -0.03797  1.64244e+00 | 41 -0.04204  1.21997e+00 | 42  0.00212  1.95484e+00
 43 -0.01487  1.52700e+00 | 44 -0.03193  1.27473e+00 | 45 -0.04034  1.16630e+00
 46 -0.04432  1.03657e+00 | 47 -0.09033  4.84460e-01 | 48 -0.05889  3.17719e-01
 49 -0.12396 -3.08472e-01 | 50  0.08426  1.29641e+00 | 51 -0.09470  4.11748e-01
 52 -0.02323  4.93635e-01 | 53 -0.07321  2.35892e-01 | 54 -0.04722  2.50524e-01
 55 -0.01622  3.35539e-01 | 56 -0.07612  1.95270e-01 | 57 -0.03637  2.30538e-01
 58  0.01024  3.82730e-01 | 59 -0.00412  3.41178e-01 | 60 -0.02159  2.92226e-01
 61 -0.06201  2.13317e-01 | 62  0.00951  4.00964e-01 | 63 -0.06263  2.02820e-01
 64 -0.10906  1.22475e-01 | 65 -0.03549  2.14703e-01 | 66 -0.11428  1.06263e-01
 67 -0.08574  4.04928e-02 | 68 -0.07213 -1.46480e-02 | 69  0.02915  1.25551e-01
 70 -0.01792  1.62451e-01 | 71 -0.21342  2.39966e-02 | 72 -0.09730  1.30188e-02
 73 -0.07333  7.37918e-03 | 74 -0.03363  1.91525e-03 | 75 -0.03254 -2.02948e-03
 76 -0.03270  3.27087e-04 | 77  0.00000  0.00000e+00 | 78 -0.41455 -6.31122e+00
 79 -0.10915  1.52506e+00 | 80 -0.26798 -1.49556e+02 | 81 -0.80046  1.03792e+00
 82  0.84135 -3.39128e+00 | 83 -0.02265 -4.94013e-01 | 84  0.69156 -3.57435e-02
 85 -0.32613  2.54649e-02 |
85 variables; iteration 1200; function evaluation 1349; phase 4
Function value -1.1995457e+02; maximum gradient component mag -5.4357e+02
Var    Value     Gradient |Var    Value     Gradient |Var    Value     Gradient
  1  0.01121 -5.43571e+02 |  2 -0.00662 -1.11159e-01 |  3 -0.00774 -1.30898e-01
  4 -0.02397 -1.44388e-01 |  5 -0.02525 -1.69886e-01 |  6 -0.02667 -1.96952e-01
  7 -0.02823 -2.25833e-01 |  8 -0.02999 -2.71895e-01 |  9 -0.03181 -3.02794e-01
 10 -0.03382 -3.68217e-01 | 11 -0.03595 -4.26699e-01 | 12 -0.03808 -4.95742e-01
 13 -0.04034 -5.54829e-01 | 14 -0.04309 -6.20271e-01 | 15 -0.04597 -6.80015e-01
 16 -0.04869 -7.77119e-01 | 17 -0.05231 -8.72757e-01 | 18 -0.05509 -9.99010e-01
 19 -0.05653 -9.28396e-01 | 20 -0.05789 -1.03936e+00 | 21 -0.05783 -1.07484e+00
 22 -0.05655 -1.11816e+00 | 23 -0.05505 -1.27001e+00 | 24 -0.04926 -1.47863e+00
 25 -0.03365 -1.71828e+00 | 26  0.08598  2.27926e+00 | 27 -0.01542 -7.87086e+00
 28 -0.07632 -8.31532e+00 | 29 -0.10888 -6.41302e+00 | 30 -0.11736 -4.75171e+00
 31 -0.09313 -5.75544e+00 | 32 -0.01663 -1.22552e+01 | 33  0.02100 -2.92936e+01
 34 -0.09965 -1.06598e+01 | 35 -0.01525 -2.15925e+01 | 36 -0.02597 -1.85569e+01
 37 -0.03080 -1.77828e+01 | 38  0.02287 -2.48191e+01 | 39 -0.05481 -1.26330e+01
 40 -0.03793 -1.37533e+01 | 41 -0.04203 -1.20131e+01 | 42  0.00218 -1.48114e+01
 43 -0.01482 -1.15482e+01 | 44 -0.03188 -9.30578e+00 | 45 -0.04032 -8.11285e+00
 46 -0.04428 -6.83456e+00 | 47 -0.09028 -3.78112e+00 | 48 -0.05881 -3.14729e+00
 49 -0.12412 -5.38268e-01 | 50  0.08444 -2.89903e-01 | 51 -0.09493  3.55730e-02
 52 -0.02305  3.23833e-01 | 53 -0.07320  3.01848e-01 | 54 -0.04709  4.24483e-01
 55 -0.01611  5.09846e-01 | 56 -0.07607  3.34741e-01 | 57 -0.03624  4.79126e-01
 58  0.01035  6.33563e-01 | 59 -0.00403  5.34552e-01 | 60 -0.02152  4.64029e-01
 61 -0.06194  3.54540e-01 | 62  0.00965  5.82154e-01 | 63 -0.06261  3.20011e-01
 64 -0.10898  2.34794e-01 | 65 -0.03536  4.36189e-01 | 66 -0.11426  2.37593e-01
 67 -0.08563  3.16777e-01 | 68 -0.07207  3.38232e-01 | 69  0.02933  5.43864e-01
 70 -0.01793  2.88389e-01 | 71 -0.21334  5.98698e-02 | 72 -0.09718  1.07928e-01
 73 -0.07324  1.22804e-02 | 74 -0.03361 -2.70147e-04 | 75 -0.03250  8.41120e-04
 76 -0.03267 -7.67950e-04 | 77  0.00000  0.00000e+00 | 78 -0.41445 -2.26474e+01
 79 -0.10939  4.88844e+00 | 80 -0.26765 -3.53915e+02 | 81 -0.76918  3.68572e+00
 82  0.84655 -3.55888e+00 | 83 -0.02152  1.15270e+00 | 84  0.70123 -3.58954e-02
 85 -0.31366  2.69026e-02 |
85 variables; iteration 1220; function evaluation 1371; phase 4
Function value -1.1997962e+02; maximum gradient component mag -8.6070e+02
Var    Value     Gradient |Var    Value     Gradient |Var    Value     Gradient
  1  0.01119 -8.60701e+02 |  2 -0.00657 -3.11849e-01 |  3 -0.00775 -3.88891e-01
  4 -0.02393 -4.05068e-01 |  5 -0.02515 -4.64066e-01 |  6 -0.02656 -5.45949e-01
  7 -0.02838 -7.06756e-01 |  8 -0.02996 -7.76838e-01 |  9 -0.03193 -9.25525e-01
 10 -0.03383 -1.04088e+00 | 11 -0.03587 -1.16624e+00 | 12 -0.03785 -1.29243e+00
 13 -0.04017 -1.46834e+00 | 14 -0.04293 -1.64665e+00 | 15 -0.04632 -1.98110e+00
 16 -0.04876 -2.12719e+00 | 17 -0.05249 -2.40168e+00 | 18 -0.05477 -2.49017e+00
 19 -0.05781 -2.96841e+00 | 20 -0.05838 -2.91833e+00 | 21 -0.05852 -3.08854e+00
 22 -0.05681 -3.07143e+00 | 23 -0.05481 -3.37511e+00 | 24 -0.04780 -3.91976e+00
 25 -0.03373 -5.92805e+00 | 26  0.08733 -1.29809e+01 | 27 -0.02058 -1.64934e+01
 28 -0.07255 -1.31386e+01 | 29 -0.10822 -1.06950e+01 | 30 -0.11727 -9.48868e+00
 31 -0.09314 -1.21799e+01 | 32 -0.01704 -2.45809e+01 | 33  0.02129 -4.52427e+01
 34 -0.10002 -1.70470e+01 | 35 -0.01513 -3.37146e+01 | 36 -0.02604 -3.02241e+01
 37 -0.03078 -2.78998e+01 | 38  0.02286 -3.83182e+01 | 39 -0.05494 -1.83792e+01
 40 -0.03786 -1.79893e+01 | 41 -0.04203 -1.46467e+01 | 42  0.00223 -1.59378e+01
 43 -0.01483 -1.11725e+01 | 44 -0.03191 -8.32266e+00 | 45 -0.04033 -6.63909e+00
 46 -0.04430 -5.22731e+00 | 47 -0.09027 -2.97638e+00 | 48 -0.05882 -2.54250e+00
 49 -0.12400 -1.04756e+00 | 50  0.08454  1.17899e+00 | 51 -0.09560  5.08536e-01
 52 -0.02291  8.79153e-01 | 53 -0.07339  5.64418e-01 | 54 -0.04700  7.21260e-01
 55 -0.01610  9.51875e-01 | 56 -0.07615  5.94219e-01 | 57 -0.03614  7.63747e-01
 58  0.01040  1.02352e+00 | 59 -0.00404  9.14634e-01 | 60 -0.02154  7.82600e-01
 61 -0.06192  5.82431e-01 | 62  0.00974  1.03244e+00 | 63 -0.06278  5.76966e-01
 64 -0.10889  3.99046e-01 | 65 -0.03526  6.64650e-01 | 66 -0.11435  2.81447e-01
 67 -0.08552  2.96775e-01 | 68 -0.07199  3.02841e-01 | 69  0.02950  8.05438e-01
 70 -0.01824  6.07077e-01 | 71 -0.21334  1.03138e-01 | 72 -0.09705  1.41295e-01
 73 -0.07320  2.07699e-02 | 74 -0.03359  2.10892e-03 | 75 -0.03250 -1.45010e-03
 76 -0.03265  3.24741e-03 | 77  0.00000  0.00000e+00 | 78 -0.41429 -3.20375e+01
 79 -0.10938  6.94359e+00 | 80 -0.26678 -4.51038e+02 | 81 -0.71047  7.06065e+00
 82  0.84709 -4.01111e+00 | 83 -0.02111  2.84960e+00 | 84  0.72321 -5.61843e-02
 85 -0.29333  2.15733e-02 |
85 variables; iteration 1240; function evaluation 1400; phase 4
Function value -1.2048296e+02; maximum gradient component mag 2.2091e+03
Var    Value     Gradient |Var    Value     Gradient |Var    Value     Gradient
  1  0.01125  2.20906e+03 |  2 -0.00607 -1.23675e-01 |  3 -0.00732 -2.03582e-01
  4 -0.02372 -2.69868e-01 |  5 -0.02440 -1.69503e-01 |  6 -0.02543 -1.29173e-01
  7 -0.02837 -5.61350e-01 |  8 -0.02920 -4.02861e-01 |  9 -0.03074 -4.02732e-01
 10 -0.03390 -8.27749e-01 | 11 -0.03581 -8.82115e-01 | 12 -0.03558 -3.58800e-01
 13 -0.03848 -6.48106e-01 | 14 -0.04090 -6.73274e-01 | 15 -0.04564 -1.34860e+00
 16 -0.04760 -1.31412e+00 | 17 -0.05357 -2.19472e+00 | 18 -0.05128 -8.97406e-01
 19 -0.06283 -3.89034e+00 | 20 -0.05746 -2.04244e+00 | 21 -0.06205 -3.45818e+00
 22 -0.05453 -1.62757e+00 | 23 -0.05542 -2.48055e+00 | 24 -0.05595 -4.36526e+00
 25 -0.02585 -9.67683e-01 | 26  0.07902  2.58881e+00 | 27 -0.01678 -4.18155e+00
 28 -0.06208  1.43131e+00 | 29 -0.10970  1.11884e+00 | 30 -0.11785  7.47188e+00
 31 -0.09266  1.79209e+01 | 32 -0.01745  4.85516e+01 | 33  0.02003  7.46876e+01
 34 -0.10027  3.76659e+01 | 35 -0.01586  7.74287e+01 | 36 -0.02722  8.02279e+01
 37 -0.03068  8.70692e+01 | 38  0.02139  1.30259e+02 | 39 -0.05536  7.33420e+01
 40 -0.03835  8.65841e+01 | 41 -0.04236  7.67636e+01 | 42  0.00151  9.68158e+01
 43 -0.01568  7.43247e+01 | 44 -0.03268  5.81617e+01 | 45 -0.04096  4.84124e+01
 46 -0.04551  3.85855e+01 | 47 -0.09060  1.88543e+01 | 48 -0.05971  1.11857e+01
 49 -0.12394 -3.91052e+00 | 50  0.08399  5.44026e+00 | 51 -0.09746  2.13311e+00
 52 -0.02350  9.65455e-01 | 53 -0.07497 -6.41306e-02 | 54 -0.04717 -3.61792e-01
 55 -0.01685  4.32168e-02 | 56 -0.07677 -1.37492e-01 | 57 -0.03642 -8.18066e-01
 58  0.00969 -1.20717e+00 | 59 -0.00471 -6.82707e-01 | 60 -0.02268 -6.31034e-01
 61 -0.06259 -7.61853e-01 | 62  0.00930 -7.66356e-01 | 63 -0.06398 -2.50750e-02
 64 -0.10962 -4.62786e-01 | 65 -0.03574 -1.20003e+00 | 66 -0.11544 -1.12888e+00
 67 -0.08619 -2.12343e+00 | 68 -0.07294 -2.60289e+00 | 69  0.02917 -2.21195e+00
 70 -0.01981 -1.67736e-01 | 71 -0.21438 -1.67544e-01 | 72 -0.09761 -6.23144e-01
 73 -0.07288 -5.82199e-02 | 74 -0.03365  4.81865e-03 | 75 -0.03258  7.11439e-03
 76 -0.03273  1.29838e-02 | 77  0.00000  0.00000e+00 | 78 -0.41002  1.14225e+02
 79 -0.11088 -2.57893e+01 | 80 -0.26526  1.14113e+03 | 81 -0.64486 -3.05778e+01
 82  0.83651 -9.03341e-01 | 83 -0.02542 -1.03177e+01 | 84  0.75275 -6.40730e+00
 85 -0.98840 -8.92767e-02 |
85 variables; iteration 1260; function evaluation 1421; phase 4
Function value -1.2056499e+02; maximum gradient component mag -3.2445e+01
Var    Value     Gradient |Var    Value     Gradient |Var    Value     Gradient
  1  0.01127 -3.06676e+01 |  2 -0.00655 -2.16071e-01 |  3 -0.00765 -2.52547e-01
  4 -0.02382 -2.59454e-01 |  5 -0.02514 -3.20388e-01 |  6 -0.02658 -3.85393e-01
  7 -0.02806 -4.25419e-01 |  8 -0.02982 -5.10896e-01 |  9 -0.03168 -5.93594e-01
 10 -0.03355 -6.60797e-01 | 11 -0.03560 -7.43815e-01 | 12 -0.03780 -8.86513e-01
 13 -0.04004 -9.88034e-01 | 14 -0.04285 -1.11544e+00 | 15 -0.04559 -1.19818e+00
 16 -0.04843 -1.39962e+00 | 17 -0.05196 -1.53608e+00 | 18 -0.05474 -1.71684e+00
 19 -0.05634 -1.72612e+00 | 20 -0.05769 -1.85889e+00 | 21 -0.05741 -1.84858e+00
 22 -0.05639 -1.97409e+00 | 23 -0.05442 -2.08603e+00 | 24 -0.04785 -2.27471e+00
 25 -0.03182 -2.97576e+00 | 26  0.07808 -1.74356e+00 | 27 -0.00626 -7.17877e+00
 28 -0.07326 -6.74058e+00 | 29 -0.11087 -5.49316e+00 | 30 -0.11958 -2.73502e+00
 31 -0.09441 -6.01782e-01 | 32 -0.01436  3.21009e+00 | 33  0.01948 -1.53758e+00
 34 -0.10009  1.65913e+00 | 35 -0.01543  3.49177e+00 | 36 -0.02649  4.48760e+00
 37 -0.03111  4.68650e+00 | 38  0.02232  5.86593e+00 | 39 -0.05548  2.81855e+00
 40 -0.03826  2.91608e+00 | 41 -0.04236  2.23285e+00 | 42  0.00185  2.59472e+00
 43 -0.01523  1.98494e+00 | 44 -0.03229  1.66692e+00 | 45 -0.04068  1.46831e+00
 46 -0.04477  1.25886e+00 | 47 -0.09051  7.57125e-01 | 48 -0.05919  6.38551e-01
 49 -0.12432  1.30524e-01 | 50  0.08437  2.05618e-01 | 51 -0.09716  2.31784e-02
 52 -0.02311 -3.95443e-02 | 53 -0.07432 -7.08552e-02 | 54 -0.04717 -1.10404e-01
 55 -0.01651 -1.46433e-01 | 56 -0.07664 -1.04748e-01 | 57 -0.03635 -1.42409e-01
 58  0.01006 -1.73612e-01 | 59 -0.00444 -1.64277e-01 | 60 -0.02208 -1.51661e-01
 61 -0.06233 -1.04428e-01 | 62  0.00953 -1.76237e-01 | 63 -0.06350 -1.17352e-01
 64 -0.10921 -8.46177e-02 | 65 -0.03550 -1.47089e-01 | 66 -0.11488 -6.65270e-02
 67 -0.08579 -9.20293e-02 | 68 -0.07242 -9.52230e-02 | 69  0.02938 -1.80597e-01
 70 -0.01923 -1.26432e-01 | 71 -0.21379 -2.15496e-02 | 72 -0.09730 -3.40365e-02
 73 -0.07321 -2.86826e-03 | 74 -0.03365  4.75961e-04 | 75 -0.03257 -4.44262e-04
 76 -0.03274  3.41256e-05 | 77  0.00000  0.00000e+00 | 78 -0.41274  2.17692e+00
 79 -0.10932 -7.05042e-01 | 80 -0.26535 -3.24454e+01 | 81 -0.64490 -1.62180e-01
 82  0.84453 -3.17122e+00 | 83 -0.02434 -1.02916e+00 | 84  0.75298  3.62029e+00
 85 -0.98588 -4.17587e-02 |
85 variables; iteration 1280; function evaluation 1444; phase 4
Function value -1.2067078e+02; maximum gradient component mag -2.0006e+03
Var    Value     Gradient |Var    Value     Gradient |Var    Value     Gradient
  1  0.01140 -2.00064e+03 |  2 -0.00654 -1.44652e-01 |  3 -0.00766 -1.74859e-01
  4 -0.02374 -1.51864e-01 |  5 -0.02507 -1.97621e-01 |  6 -0.02653 -2.48662e-01
  7 -0.02808 -2.87117e-01 |  8 -0.02973 -3.16003e-01 |  9 -0.03175 -4.16952e-01
 10 -0.03339 -3.95621e-01 | 11 -0.03535 -4.22722e-01 | 12 -0.03752 -5.34699e-01
 13 -0.03977 -6.00852e-01 | 14 -0.04258 -6.88334e-01 | 15 -0.04586 -8.96120e-01
 16 -0.04832 -9.53598e-01 | 17 -0.05201 -1.09354e+00 | 18 -0.05461 -1.18846e+00
 19 -0.05653 -1.28266e+00 | 20 -0.05783 -1.40399e+00 | 21 -0.05745 -1.38887e+00
 22 -0.05644 -1.58411e+00 | 23 -0.05468 -1.87587e+00 | 24 -0.04836 -2.34954e+00
 25 -0.03110 -3.40686e+00 | 26  0.07423 -6.70263e+00 | 27 -0.00824 -1.20114e+01
 28 -0.06429 -8.63054e+00 | 29 -0.10900 -9.12410e+00 | 30 -0.11907 -9.75344e+00
 31 -0.09162 -1.53882e+01 | 32 -0.01967 -3.70704e+01 | 33  0.02163 -6.36022e+01
 34 -0.10169 -3.14810e+01 | 35 -0.01559 -7.14089e+01 | 36 -0.02705 -7.75970e+01
 37 -0.03117 -7.68085e+01 | 38  0.02186 -1.20421e+02 | 39 -0.05541 -6.24455e+01
 40 -0.03848 -6.87748e+01 | 41 -0.04248 -5.92441e+01 | 42  0.00157 -7.26907e+01
 43 -0.01548 -5.46914e+01 | 44 -0.03253 -4.25414e+01 | 45 -0.04084 -3.53065e+01
 46 -0.04501 -2.89370e+01 | 47 -0.09076 -1.55046e+01 | 48 -0.05938 -1.21125e+01
 49 -0.12471 -1.85501e+00 | 50  0.08389 -1.44164e+00 | 51 -0.09669 -7.68062e-02
 52 -0.02362  8.06561e-01 | 53 -0.07454  7.44954e-01 | 54 -0.04760  1.14708e+00
 55 -0.01688  1.36774e+00 | 56 -0.07688  8.40315e-01 | 57 -0.03679  1.28748e+00
 58  0.00965  1.68249e+00 | 59 -0.00475  1.26535e+00 | 60 -0.02242  9.83493e-01
 61 -0.06269  9.06612e-01 | 62  0.00910  1.50585e+00 | 63 -0.06365  6.01729e-01
 64 -0.10963  5.14240e-01 | 65 -0.03596  9.24457e-01 | 66 -0.11509  5.03886e-01
 67 -0.08625  8.00421e-01 | 68 -0.07288  1.04759e+00 | 69  0.02879  1.72640e+00
 70 -0.01926  6.76927e-01 | 71 -0.21413  1.50985e-01 | 72 -0.09781  3.30648e-01
 73 -0.07346  4.31386e-02 | 74 -0.03372  4.48718e-03 | 75 -0.03267 -1.16522e-03
 76 -0.03282  3.60618e-03 | 77  0.00000  0.00000e+00 | 78 -0.41317 -8.84776e+01
 79 -0.11303  1.75404e+01 | 80 -0.26630 -1.09482e+03 | 81 -0.68450  2.11737e+01
 82  0.87388 -4.44965e+00 | 83 -0.01679  9.47119e+00 | 84  0.75303  5.66321e+00
 85 -0.98716 -6.33783e-02 |
85 variables; iteration 1300; function evaluation 1467; phase 4
Function value -1.2082436e+02; maximum gradient component mag -2.8097e+02
Var    Value     Gradient |Var    Value     Gradient |Var    Value     Gradient
  1  0.01168 -2.80972e+02 |  2 -0.00636  1.14618e+00 |  3 -0.00748  1.35657e+00
  4 -0.02365  1.44188e+00 |  5 -0.02487  1.71228e+00 |  6 -0.02626  2.01510e+00
  7 -0.02790  2.32600e+00 |  8 -0.02950  2.73011e+00 |  9 -0.03145  3.09759e+00
 10 -0.03315  3.59232e+00 | 11 -0.03519  4.07423e+00 | 12 -0.03721  4.58797e+00
 13 -0.03948  5.11634e+00 | 14 -0.04225  5.68829e+00 | 15 -0.04518  6.33276e+00
 16 -0.04785  6.99058e+00 | 17 -0.05146  7.73217e+00 | 18 -0.05394  8.34223e+00
 19 -0.05580  8.71972e+00 | 20 -0.05705  9.03250e+00 | 21 -0.05685  9.42248e+00
 22 -0.05551  9.60436e+00 | 23 -0.05358  1.07527e+01 | 24 -0.04725  1.32070e+01
 25 -0.02909  1.86449e+01 | 26  0.05282  4.58593e+01 | 27  0.01595  3.45404e+01
 28 -0.06428  1.70944e+01 | 29 -0.10868  9.67443e+00 | 30 -0.12188  7.78416e+00
 31 -0.09769  6.38353e+00 | 32 -0.01628  3.24404e+00 | 33  0.01903 -1.87101e+01
 34 -0.10071 -1.47353e+01 | 35 -0.01659 -4.00918e+01 | 36 -0.02758 -4.50440e+01
 37 -0.03182 -4.38991e+01 | 38  0.02112 -6.62848e+01 | 39 -0.05561 -3.27012e+01
 40 -0.03892 -3.32638e+01 | 41 -0.04266 -2.69774e+01 | 42  0.00112 -3.03815e+01
 43 -0.01593 -2.13287e+01 | 44 -0.03294 -1.56897e+01 | 45 -0.04112 -1.24193e+01
 46 -0.04531 -9.58097e+00 | 47 -0.09119 -4.85433e+00 | 48 -0.05995 -3.58594e+00
 49 -0.12428 -2.43193e-01 | 50  0.08278 -1.82573e+00 | 51 -0.09628 -4.17387e-01
 52 -0.02476 -2.24509e-01 | 53 -0.07502  4.77954e-02 | 54 -0.04857  1.28524e-01
 55 -0.01780  1.80928e-01 | 56 -0.07750  1.60096e-01 | 57 -0.03771  2.39420e-01
 58  0.00880  2.91705e-01 | 59 -0.00549  2.34542e-01 | 60 -0.02305  2.45872e-01
 61 -0.06337  1.98492e-01 | 62  0.00806  2.28002e-01 | 63 -0.06398  1.16004e-01
 64 -0.11031  1.27121e-01 | 65 -0.03685  2.15810e-01 | 66 -0.11547  1.45015e-01
 67 -0.08696  2.43263e-01 | 68 -0.07342  3.36758e-01 | 69  0.02763  4.19086e-01
 70 -0.01968  2.00228e-01 | 71 -0.21484  4.44912e-02 | 72 -0.09863  1.00435e-01
 73 -0.07413  1.63923e-02 | 74 -0.03401  8.43578e-04 | 75 -0.03291 -2.14132e-03
 76 -0.03306  1.14909e-03 | 77  0.00000  0.00000e+00 | 78 -0.41321 -2.63411e+01
 79 -0.10936  5.28609e+00 | 80 -0.26735 -2.55592e+02 | 81 -0.74797  2.82292e+00
 82  0.90719 -2.04652e+00 | 83 -0.01291  3.10684e+00 | 84  0.75298  3.22796e+00
 85 -0.98616 -5.09884e-02 |
85 variables; iteration 1320; function evaluation 1488; phase 4
Function value -1.2084811e+02; maximum gradient component mag -1.1505e+02
Var    Value     Gradient |Var    Value     Gradient |Var    Value     Gradient
  1  0.01178 -1.15051e+02 |  2 -0.00632 -6.33315e-02 |  3 -0.00741 -8.03047e-02
  4 -0.02359 -8.05337e-02 |  5 -0.02482 -9.32690e-02 |  6 -0.02619 -1.08303e-01
  7 -0.02776 -1.40098e-01 |  8 -0.02942 -1.57240e-01 |  9 -0.03122 -1.83274e-01
 10 -0.03308 -2.02704e-01 | 11 -0.03511 -2.32274e-01 | 12 -0.03707 -2.75285e-01
 13 -0.03933 -3.00036e-01 | 14 -0.04213 -3.46341e-01 | 15 -0.04490 -3.70908e-01
 16 -0.04748 -4.36328e-01 | 17 -0.05103 -4.83572e-01 | 18 -0.05361 -5.37290e-01
 19 -0.05542 -5.62247e-01 | 20 -0.05659 -5.89337e-01 | 21 -0.05651 -6.01463e-01
 22 -0.05504 -6.11965e-01 | 23 -0.05279 -6.36949e-01 | 24 -0.04624 -6.87267e-01
 25 -0.02732 -8.67952e-01 | 26  0.03990 -1.67899e+00 | 27  0.02650 -1.65437e+00
 28 -0.06453 -2.01787e+00 | 29 -0.10895 -2.53260e+00 | 30 -0.12233 -1.84074e+00
 31 -0.09634 -1.52896e+00 | 32 -0.01830 -2.11097e+00 | 33  0.01931 -5.64277e+00
 34 -0.10106 -1.83983e+00 | 35 -0.01698 -3.76218e+00 | 36 -0.02793 -3.63399e+00
 37 -0.03207 -2.67476e+00 | 38  0.02072 -4.85760e+00 | 39 -0.05569 -2.32579e+00
 40 -0.03912 -2.31100e+00 | 41 -0.04272 -2.01983e+00 | 42  0.00087 -2.37383e+00
 43 -0.01619 -1.66723e+00 | 44 -0.03317 -1.19874e+00 | 45 -0.04128 -9.15449e-01
 46 -0.04558 -6.92378e-01 | 47 -0.09137 -3.16434e-01 | 48 -0.06024 -2.39347e-01
 49 -0.12414 -4.96630e-02 | 50  0.08228  5.32565e-02 | 51 -0.09617  2.49327e-02
 52 -0.02527  6.91307e-02 | 53 -0.07537  4.69206e-02 | 54 -0.04895  6.03308e-02
 55 -0.01822  8.43516e-02 | 56 -0.07778  5.20472e-02 | 57 -0.03809  7.33903e-02
 58  0.00839  1.11820e-01 | 59 -0.00583  1.00937e-01 | 60 -0.02343  8.16954e-02
 61 -0.06371  6.10853e-02 | 62  0.00763  1.13345e-01 | 63 -0.06423  6.25440e-02
 64 -0.11067  4.72642e-02 | 65 -0.03727  8.15091e-02 | 66 -0.11574  4.53367e-02
 67 -0.08733  5.40559e-02 | 68 -0.07378  6.05917e-02 | 69  0.02712  1.06640e-01
 70 -0.01996  6.85004e-02 | 71 -0.21523  1.34236e-02 | 72 -0.09903  2.46156e-02
 73 -0.07435  3.97932e-03 | 74 -0.03412 -1.37295e-05 | 75 -0.03300 -3.20052e-04
 76 -0.03317  5.24148e-04 | 77  0.00000  0.00000e+00 | 78 -0.41290 -2.89560e+00
 79 -0.11018  4.38642e-01 | 80 -0.26780 -9.33034e+01 | 81 -0.78615  5.29063e-01
 82  0.92012 -1.57614e+00 | 83 -0.01124  2.14271e-01 | 84  0.75298  2.90111e+00
 85 -0.98530 -4.34340e-02 |
85 variables; iteration 1340; function evaluation 1508; phase 4
Function value -1.2085511e+02; maximum gradient component mag 4.4312e+02
Var    Value     Gradient |Var    Value     Gradient |Var    Value     Gradient
  1  0.01183  4.43118e+02 |  2 -0.00639 -4.36734e-02 |  3 -0.00739 -2.96129e-02
  4 -0.02341  1.58058e-02 |  5 -0.02486 -4.66818e-02 |  6 -0.02636 -8.44822e-02
  7 -0.02741  3.55880e-02 |  8 -0.02921 -7.14915e-03 |  9 -0.03156 -1.66290e-01
 10 -0.03247  9.23997e-02 | 11 -0.03431  1.36918e-01 | 12 -0.03720 -1.46925e-01
 13 -0.03881  3.18098e-02 | 14 -0.04186 -6.23044e-02 | 15 -0.04460 -6.04868e-02
 16 -0.04747 -1.85163e-01 | 17 -0.05117 -2.57970e-01 | 18 -0.05344 -2.00392e-01
 19 -0.05530 -2.33723e-01 | 20 -0.05657 -2.87953e-01 | 21 -0.05617 -1.98888e-01
 22 -0.05652 -7.63318e-01 | 23 -0.05459 -8.28949e-01 | 24 -0.04814 -7.77414e-01
 25 -0.02511  3.30847e-01 | 26  0.03900 -3.47624e-01 | 27  0.02652 -6.07229e-01
 28 -0.06394 -1.69550e+00 | 29 -0.10943 -2.99602e+00 | 30 -0.12168 -2.55268e+00
 31 -0.09465 -3.26781e+00 | 32 -0.01985 -7.02465e+00 | 33  0.01975 -7.56415e+00
 34 -0.10127  1.36843e+00 | 35 -0.01710  1.00508e+01 | 36 -0.02798  1.81661e+01
 37 -0.03214  2.30356e+01 | 38  0.02071  3.67214e+01 | 39 -0.05574  1.93062e+01
 40 -0.03914  2.15614e+01 | 41 -0.04277  1.89716e+01 | 42  0.00086  2.46856e+01
 43 -0.01621  1.99479e+01 | 44 -0.03319  1.66142e+01 | 45 -0.04130  1.47073e+01
 46 -0.04552  1.31080e+01 | 47 -0.09145  7.97750e+00 | 48 -0.06016  7.21472e+00
 49 -0.12451  1.70910e+00 | 50  0.08221  2.09288e+00 | 51 -0.09614 -1.39324e-02
 52 -0.02536 -2.91147e-01 | 53 -0.07538 -3.21978e-01 | 54 -0.04912 -5.24416e-01
 55 -0.01830 -5.83388e-01 | 56 -0.07786 -3.58199e-01 | 57 -0.03826 -4.74920e-01
 58  0.00833 -2.79452e-01 | 59 -0.00592 -2.43316e-01 | 60 -0.02343 -1.70193e-01
 61 -0.06384 -1.62712e-01 | 62  0.00751 -2.66436e-01 | 63 -0.06420 -2.15906e-01
 64 -0.11076 -1.34644e-01 | 65 -0.03740 -1.49394e-01 | 66 -0.11568  8.43580e-02
 67 -0.08743 -1.06882e-01 | 68 -0.07391 -3.65851e-01 | 69  0.02693 -8.44135e-01
 70 -0.01992 -4.45193e-01 | 71 -0.21525 -6.50924e-02 | 72 -0.09917 -1.28362e-01
 73 -0.07451 -1.48757e-02 | 74 -0.03413  2.12049e-03 | 75 -0.03307 -1.00041e-02
 76 -0.03323 -7.03804e-03 | 77  0.00000  0.00000e+00 | 78 -0.41396  2.49383e+01
 79 -0.11408 -6.00555e+00 | 80 -0.26795  2.55264e+02 | 81 -0.79892 -2.87729e+00
 82  0.93226 -1.02418e+00 | 83 -0.01011 -2.90068e+00 | 84  0.75294  1.34412e+00
 85 -0.98665 -6.65383e-02 |
85 variables; iteration 1360; function evaluation 1530; phase 4
Function value -1.2088801e+02; maximum gradient component mag -5.0872e+01
Var    Value     Gradient |Var    Value     Gradient |Var    Value     Gradient
  1  0.01177 -5.08723e+01 |  2 -0.00641 -1.28723e-01 |  3 -0.00750 -1.55603e-01
  4 -0.02370 -1.64515e-01 |  5 -0.02495 -1.93335e-01 |  6 -0.02634 -2.27069e-01
  7 -0.02790 -2.69302e-01 |  8 -0.02958 -3.10397e-01 |  9 -0.03139 -3.57812e-01
 10 -0.03331 -4.12616e-01 | 11 -0.03535 -4.67561e-01 | 12 -0.03728 -5.26445e-01
 13 -0.03958 -5.89637e-01 | 14 -0.04235 -6.53617e-01 | 15 -0.04521 -7.38743e-01
 16 -0.04776 -8.24197e-01 | 17 -0.05132 -9.12887e-01 | 18 -0.05387 -9.84530e-01
 19 -0.05572 -1.04087e+00 | 20 -0.05686 -1.08256e+00 | 21 -0.05680 -1.12304e+00
 22 -0.05525 -1.12988e+00 | 23 -0.05313 -1.26554e+00 | 24 -0.04677 -1.54153e+00
 25 -0.02833 -2.17051e+00 | 26  0.04711 -3.76704e+00 | 27  0.01852 -4.51666e+00
 28 -0.06300 -2.37066e+00 | 29 -0.10617 -1.78807e+00 | 30 -0.12086 -1.29159e+00
 31 -0.09539 -9.54608e-01 | 32 -0.01972 -4.40822e-01 | 33  0.02011  3.24740e-02
 34 -0.10134  5.52318e-01 | 35 -0.01683  1.46313e+00 | 36 -0.02776  1.44981e+00
 37 -0.03206  1.42694e+00 | 38  0.02089  1.53868e+00 | 39 -0.05557  6.38779e-01
 40 -0.03905  4.79542e-01 | 41 -0.04265  2.11880e-01 | 42  0.00097  9.54774e-03
 43 -0.01606 -1.18210e-01 | 44 -0.03304 -1.48492e-01 | 45 -0.04117 -1.62280e-01
 46 -0.04539 -1.79481e-01 | 47 -0.09130 -1.32471e-01 | 48 -0.06013 -1.58887e-01
 49 -0.12399 -4.24598e-02 | 50  0.08233  3.51853e-02 | 51 -0.09575  2.60897e-02
 52 -0.02520  4.76086e-02 | 53 -0.07508  3.02387e-02 | 54 -0.04891  3.89231e-02
 55 -0.01810  4.70811e-02 | 56 -0.07766  2.87257e-02 | 57 -0.03804  4.00199e-02
 58  0.00850  5.09675e-02 | 59 -0.00571  4.84661e-02 | 60 -0.02325  4.20299e-02
 61 -0.06358  3.09149e-02 | 62  0.00768  5.53465e-02 | 63 -0.06400  3.49688e-02
 64 -0.11055  2.53354e-02 | 65 -0.03719  4.05221e-02 | 66 -0.11556  1.69968e-02
 67 -0.08722  2.37058e-02 | 68 -0.07361  3.00119e-02 | 69  0.02716  5.82456e-02
 70 -0.01968  3.94267e-02 | 71 -0.21507  6.45637e-03 | 72 -0.09894  1.00837e-02
 73 -0.07440  1.10669e-03 | 74 -0.03410 -1.72065e-04 | 75 -0.03298  1.09770e-04
 76 -0.03315  2.02427e-04 | 77  0.00000  0.00000e+00 | 78 -0.41355 -5.29763e-01
 79 -0.10975  9.37862e-02 | 80 -0.26816 -4.30230e+01 | 81 -0.82415 -8.02819e-03
 82  0.97468 -4.17234e-01 | 83 -0.00745 -6.24779e-03 | 84  0.75292  8.15539e-01
 85 -0.98278 -1.09845e-02 |
85 variables; iteration 1380; function evaluation 1550; phase 4
Function value -1.2088959e+02; maximum gradient component mag 5.2792e+01
Var    Value     Gradient |Var    Value     Gradient |Var    Value     Gradient
  1  0.01180  5.27917e+01 |  2 -0.00639  1.49318e-02 |  3 -0.00748  1.77529e-02
  4 -0.02368  1.81656e-02 |  5 -0.02493  2.17299e-02 |  6 -0.02632  2.60009e-02
  7 -0.02786  2.98808e-02 |  8 -0.02955  3.42916e-02 |  9 -0.03135  4.05445e-02
 10 -0.03325  4.35999e-02 | 11 -0.03530  4.85345e-02 | 12 -0.03723  5.51033e-02
 13 -0.03953  6.05616e-02 | 14 -0.04231  6.67022e-02 | 15 -0.04513  7.87240e-02
 16 -0.04767  8.48651e-02 | 17 -0.05122  9.55198e-02 | 18 -0.05379  9.41228e-02
 19 -0.05560  1.00063e-01 | 20 -0.05676  1.01182e-01 | 21 -0.05668  1.08236e-01
 22 -0.05520  1.11209e-01 | 23 -0.05301  1.43279e-01 | 24 -0.04653  2.14702e-01
 25 -0.02767  3.63728e-01 | 26  0.04348  1.30060e+00 | 27  0.02154  7.38181e-01
 28 -0.06309  3.35185e-01 | 29 -0.10622  1.27984e-01 | 30 -0.12102  3.54138e-01
 31 -0.09561  7.74436e-01 | 32 -0.01988  1.96279e+00 | 33  0.02006  2.28121e+00
 34 -0.10138  1.00671e+00 | 35 -0.01693  1.89495e+00 | 36 -0.02785  1.75900e+00
 37 -0.03213  1.78041e+00 | 38  0.02079  2.39789e+00 | 39 -0.05560  1.21711e+00
 40 -0.03911  1.30046e+00 | 41 -0.04266  1.07960e+00 | 42  0.00091  1.28028e+00
 43 -0.01612  9.78153e-01 | 44 -0.03310  7.82688e-01 | 45 -0.04121  6.61902e-01
 46 -0.04544  5.42808e-01 | 47 -0.09136  2.95492e-01 | 48 -0.06021  2.10746e-01
 49 -0.12393  2.35300e-02 | 50  0.08220 -6.71361e-03 | 51 -0.09574 -5.30690e-03
 52 -0.02533 -3.44888e-02 | 53 -0.07516 -2.84836e-02 | 54 -0.04903 -3.92017e-02
 55 -0.01822 -4.84006e-02 | 56 -0.07774 -3.15164e-02 | 57 -0.03815 -4.68667e-02
 58  0.00839 -6.46923e-02 | 59 -0.00581 -5.43080e-02 | 60 -0.02333 -4.64079e-02
 61 -0.06367 -3.74730e-02 | 62  0.00756 -6.22881e-02 | 63 -0.06406 -3.10520e-02
 64 -0.11063 -2.41812e-02 | 65 -0.03730 -4.49328e-02 | 66 -0.11562 -2.52865e-02
 67 -0.08731 -3.30193e-02 | 68 -0.07368 -3.52758e-02 | 69  0.02703 -5.64153e-02
 70 -0.01976 -2.83809e-02 | 71 -0.21516 -5.90850e-03 | 72 -0.09903 -1.11353e-02
 73 -0.07448 -1.17777e-03 | 74 -0.03414 -3.75639e-05 | 75 -0.03301  1.64255e-05
 76 -0.03318 -1.07951e-05 | 77  0.00000  0.00000e+00 | 78 -0.41359  2.27188e+00
 79 -0.10971 -5.24867e-01 | 80 -0.26826  2.47809e+01 | 81 -0.83620 -5.15306e-01
 82  0.98112 -2.49411e-01 | 83 -0.00721 -2.98672e-01 | 84  0.75292  5.37917e-01
 85 -0.98248 -8.50124e-03 |
85 variables; iteration 1400; function evaluation 1571; phase 4
Function value -1.2090214e+02; maximum gradient component mag -3.5146e+02
Var    Value     Gradient |Var    Value     Gradient |Var    Value     Gradient
  1  0.01186 -3.51456e+02 |  2 -0.00636  3.85702e-01 |  3 -0.00745  4.60066e-01
  4 -0.02366  4.82433e-01 |  5 -0.02490  5.74172e-01 |  6 -0.02627  6.79401e-01
  7 -0.02781  7.92541e-01 |  8 -0.02949  9.21142e-01 |  9 -0.03129  1.06106e+00
 10 -0.03323  1.19194e+00 | 11 -0.03532  1.33883e+00 | 12 -0.03724  1.51772e+00
 13 -0.03946  1.71967e+00 | 14 -0.04225  1.91179e+00 | 15 -0.04508  2.13798e+00
 16 -0.04759  2.38000e+00 | 17 -0.05105  2.66931e+00 | 18 -0.05377  2.80973e+00
 19 -0.05539  3.00600e+00 | 20 -0.05653  3.12134e+00 | 21 -0.05662  3.16215e+00
 22 -0.05503  3.23280e+00 | 23 -0.05275  3.57473e+00 | 24 -0.04633  4.20046e+00
 25 -0.02623  5.89296e+00 | 26  0.03757  9.97200e+00 | 27  0.02530  8.89632e+00
 28 -0.06246  3.72492e+00 | 29 -0.10522  1.87589e+00 | 30 -0.12112 -1.68794e-02
 31 -0.09603 -3.10844e+00 | 32 -0.02061 -1.24195e+01 | 33  0.02026 -2.50838e+01
 34 -0.10175 -1.27001e+01 | 35 -0.01704 -2.73023e+01 | 36 -0.02803 -2.68780e+01
 37 -0.03228 -2.50585e+01 | 38  0.02065 -3.46877e+01 | 39 -0.05571 -1.67858e+01
 40 -0.03918 -1.66155e+01 | 41 -0.04269 -1.31178e+01 | 42  0.00085 -1.39572e+01
 43 -0.01620 -9.25845e+00 | 44 -0.03319 -6.58609e+00 | 45 -0.04127 -5.11878e+00
 46 -0.04547 -3.77436e+00 | 47 -0.09146 -1.95352e+00 | 48 -0.06032 -1.65124e+00
 49 -0.12378 -4.78169e-01 | 50  0.08200  1.78478e-01 | 51 -0.09602  1.43541e-01
 52 -0.02550  2.89597e-01 | 53 -0.07535  2.02053e-01 | 54 -0.04923  2.65295e-01
 55 -0.01843  3.45239e-01 | 56 -0.07795  2.19793e-01 | 57 -0.03832  2.99571e-01
 58  0.00823  4.27821e-01 | 59 -0.00599  3.85740e-01 | 60 -0.02346  3.32030e-01
 61 -0.06381  2.42225e-01 | 62  0.00736  4.37656e-01 | 63 -0.06421  2.53559e-01
 64 -0.11073  1.73958e-01 | 65 -0.03747  3.06711e-01 | 66 -0.11574  1.57138e-01
 67 -0.08739  1.70831e-01 | 68 -0.07374  1.56983e-01 | 69  0.02684  3.23729e-01
 70 -0.02002  2.24447e-01 | 71 -0.21529  3.94586e-02 | 72 -0.09914  5.46531e-02
 73 -0.07469  4.82435e-03 | 74 -0.03419 -3.67737e-05 | 75 -0.03306  4.71011e-04
 76 -0.03324 -9.45518e-06 | 77  0.00000  0.00000e+00 | 78 -0.41395 -1.93070e+01
 79 -0.10966  4.11867e+00 | 80 -0.26799 -2.47544e+02 | 81 -0.80524  1.87065e+00
 82  0.98974 -3.90627e-02 | 83 -0.00692  2.76294e+00 | 84  0.75291  2.41192e-01
 85 -0.98085  7.63356e-03 |
85 variables; iteration 1420; function evaluation 1592; phase 4
Function value -1.2091664e+02; maximum gradient component mag -4.0560e+02
Var    Value     Gradient |Var    Value     Gradient |Var    Value     Gradient
  1  0.01191 -4.05595e+02 |  2 -0.00624 -4.52504e-01 |  3 -0.00732 -5.45542e-01
  4 -0.02347 -5.65088e-01 |  5 -0.02472 -6.74069e-01 |  6 -0.02608 -7.93805e-01
  7 -0.02762 -9.39297e-01 |  8 -0.02928 -1.09238e+00 |  9 -0.03108 -1.26225e+00
 10 -0.03289 -1.42400e+00 | 11 -0.03488 -1.61194e+00 | 12 -0.03688 -1.86124e+00
 13 -0.03900 -2.02915e+00 | 14 -0.04187 -2.28861e+00 | 15 -0.04461 -2.55232e+00
 16 -0.04709 -2.84253e+00 | 17 -0.05049 -3.11965e+00 | 18 -0.05301 -3.36875e+00
 19 -0.05518 -3.64239e+00 | 20 -0.05626 -3.78064e+00 | 21 -0.05609 -3.90165e+00
 22 -0.05483 -4.07761e+00 | 23 -0.05231 -4.50650e+00 | 24 -0.04481 -5.23834e+00
 25 -0.02751 -7.79840e+00 | 26  0.02774 -1.58339e+01 | 27  0.03390 -1.55959e+01
 28 -0.06426 -8.10965e+00 | 29 -0.10661 -5.66817e+00 | 30 -0.12181 -5.10187e+00
 31 -0.09580 -6.02813e+00 | 32 -0.02086 -9.92955e+00 | 33  0.02005 -1.00551e+01
 34 -0.10197 -3.04083e+00 | 35 -0.01723 -4.62719e+00 | 36 -0.02827 -3.89034e+00
 37 -0.03243 -3.88618e+00 | 38  0.02041 -7.02647e+00 | 39 -0.05591 -4.32206e+00
 40 -0.03928 -5.56035e+00 | 41 -0.04277 -5.68768e+00 | 42  0.00073 -7.88916e+00
 43 -0.01639 -6.78351e+00 | 44 -0.03337 -5.81204e+00 | 45 -0.04140 -5.11840e+00
 46 -0.04566 -4.29368e+00 | 47 -0.09158 -2.36391e+00 | 48 -0.06050 -1.75469e+00
 49 -0.12375 -4.08817e-01 | 50  0.08183  1.11082e-01 | 51 -0.09675  6.30465e-02
 52 -0.02565  3.49258e-01 | 53 -0.07580  2.97890e-01 | 54 -0.04937  4.16881e-01
 55 -0.01868  5.58529e-01 | 56 -0.07822  3.75208e-01 | 57 -0.03847  5.25004e-01
 58  0.00804  7.52331e-01 | 59 -0.00622  6.55641e-01 | 60 -0.02373  5.59405e-01
 61 -0.06402  4.13781e-01 | 62  0.00719  7.17029e-01 | 63 -0.06456  3.87191e-01
 64 -0.11088  2.89283e-01 | 65 -0.03763  5.19859e-01 | 66 -0.11598  2.88672e-01
 67 -0.08752  3.33043e-01 | 68 -0.07391  3.21407e-01 | 69  0.02671  5.85067e-01
 70 -0.02052  3.69927e-01 | 71 -0.21553  7.41672e-02 | 72 -0.09927  1.23892e-01
 73 -0.07476  1.46268e-02 | 74 -0.03424  1.18810e-03 | 75 -0.03313 -2.90481e-03
 76 -0.03329  2.91948e-04 | 77  0.00000  0.00000e+00 | 78 -0.41342 -1.31309e+01
 79 -0.10957  2.97906e+00 | 80 -0.26732 -2.38152e+02 | 81 -0.74833  2.68076e+00
 82  0.98969 -3.31262e-02 | 83 -0.00695  1.28075e+00 | 84  0.75291  1.40695e-01
 85 -0.98138 -6.00582e-04 |
85 variables; iteration 1440; function evaluation 1616; phase 4
Function value -1.2096975e+02; maximum gradient component mag -1.6219e+02
Var    Value     Gradient |Var    Value     Gradient |Var    Value     Gradient
  1  0.01176 -1.62190e+02 |  2 -0.00639  4.13288e-01 |  3 -0.00750  4.88144e-01
  4 -0.02368  5.18831e-01 |  5 -0.02492  6.17169e-01 |  6 -0.02632  7.25541e-01
  7 -0.02789  8.39621e-01 |  8 -0.02956  9.82848e-01 |  9 -0.03138  1.12755e+00
 10 -0.03330  1.27946e+00 | 11 -0.03531  1.46190e+00 | 12 -0.03719  1.67151e+00
 13 -0.03955  1.84237e+00 | 14 -0.04231  2.05821e+00 | 15 -0.04520  2.28313e+00
 16 -0.04774  2.53987e+00 | 17 -0.05128  2.82220e+00 | 18 -0.05377  3.05459e+00
 19 -0.05576  3.13756e+00 | 20 -0.05691  3.25837e+00 | 21 -0.05672  3.40967e+00
 22 -0.05534  3.43649e+00 | 23 -0.05318  3.83115e+00 | 24 -0.04666  4.64465e+00
 25 -0.02801  6.34276e+00 | 26  0.04646  1.41349e+01 | 27  0.01818  1.02828e+01
 28 -0.06221  5.29791e+00 | 29 -0.10533  3.07339e+00 | 30 -0.12043  1.77024e+00
 31 -0.09525  2.89434e-02 | 32 -0.02057 -5.06990e+00 | 33  0.02055 -1.38959e+01
 34 -0.10207 -7.87898e+00 | 35 -0.01673 -1.80414e+01 | 36 -0.02786 -1.84670e+01
 37 -0.03218 -1.75013e+01 | 38  0.02087 -2.45916e+01 | 39 -0.05591 -1.19404e+01
 40 -0.03905 -1.17636e+01 | 41 -0.04271 -9.31469e+00 | 42  0.00099 -1.00756e+01
 43 -0.01614 -6.84029e+00 | 44 -0.03314 -4.93573e+00 | 45 -0.04127 -3.82559e+00
 46 -0.04548 -2.85940e+00 | 47 -0.09135 -1.37992e+00 | 48 -0.06023 -9.02260e-01
 49 -0.12380 -6.69994e-02 | 50  0.08249 -6.32809e-01 | 51 -0.09726 -1.59184e-01
 52 -0.02496 -1.47768e-01 | 53 -0.07555 -4.66241e-02 | 54 -0.04880 -2.44528e-02
 55 -0.01817 -2.74602e-02 | 56 -0.07791 -7.78510e-03 | 57 -0.03792  1.15772e-02
 58  0.00854 -8.82622e-03 | 59 -0.00581 -2.37099e-02 | 60 -0.02335 -2.79631e-02
 61 -0.06361 -6.13870e-03 | 62  0.00779 -2.79498e-02 | 63 -0.06441 -1.91028e-02
 64 -0.11044 -8.22213e-03 | 65 -0.03708 -2.27188e-02 | 66 -0.11579 -1.17095e-02
 67 -0.08705  2.05502e-02 | 68 -0.07350  5.64631e-02 | 69  0.02745  7.22873e-02
 70 -0.02040  7.89635e-03 | 71 -0.21511  1.66265e-03 | 72 -0.09872  1.56983e-02
 73 -0.07439  1.30756e-03 | 74 -0.03410  2.38515e-04 | 75 -0.03298 -1.04258e-04
 76 -0.03315  8.59451e-04 | 77  0.00000  0.00000e+00 | 78 -0.41323 -1.14926e+01
 79 -0.10915  2.39660e+00 | 80 -0.26633 -1.17148e+02 | 81 -0.68942  1.44266e+00
 82  0.98996 -1.45200e-02 | 83 -0.00730  1.60666e+00 | 84  0.75291  1.01859e-01
 85 -0.98162  1.79162e-03 |
85 variables; iteration 1460; function evaluation 1638; phase 4
Function value -1.2100421e+02; maximum gradient component mag -5.3741e+02
Var    Value     Gradient |Var    Value     Gradient |Var    Value     Gradient
  1  0.01177 -5.37411e+02 |  2 -0.00640  1.11185e+00 |  3 -0.00743  1.34322e+00
  4 -0.02374  1.38748e+00 |  5 -0.02500  1.64365e+00 |  6 -0.02636  1.94723e+00
  7 -0.02777  2.31665e+00 |  8 -0.02948  2.68175e+00 |  9 -0.03130  3.08298e+00
 10 -0.03330  3.47589e+00 | 11 -0.03563  3.85751e+00 | 12 -0.03748  4.41221e+00
 13 -0.03967  4.96637e+00 | 14 -0.04236  5.56123e+00 | 15 -0.04516  6.23813e+00
 16 -0.04772  6.93182e+00 | 17 -0.05144  7.62808e+00 | 18 -0.05414  8.16236e+00
 19 -0.05523  8.84688e+00 | 20 -0.05651  9.17181e+00 | 21 -0.05715  9.26027e+00
 22 -0.05448  9.97457e+00 | 23 -0.05255  1.11098e+01 | 24 -0.04750  1.30297e+01
 25 -0.02447  2.02232e+01 | 26  0.04136  4.06010e+01 | 27  0.02100  3.72666e+01
 28 -0.06045  2.01446e+01 | 29 -0.10527  1.25560e+01 | 30 -0.12096  8.99023e+00
 31 -0.09595  6.18246e+00 | 32 -0.02069 -1.30685e+00 | 33  0.02065 -2.18784e+01
 34 -0.10254 -1.76429e+01 | 35 -0.01676 -4.60598e+01 | 36 -0.02800 -5.22180e+01
 37 -0.03225 -5.30930e+01 | 38  0.02072 -8.09334e+01 | 39 -0.05605 -4.12909e+01
 40 -0.03914 -4.46593e+01 | 41 -0.04278 -3.75361e+01 | 42  0.00091 -4.46208e+01
 43 -0.01627 -3.28054e+01 | 44 -0.03327 -2.52547e+01 | 45 -0.04139 -2.09619e+01
 46 -0.04564 -1.69325e+01 | 47 -0.09140 -9.03795e+00 | 48 -0.06035 -7.22927e+00
 49 -0.12395 -4.46224e-01 | 50  0.08252 -2.13395e+00 | 51 -0.09805 -3.31083e-01
 52 -0.02494  7.91546e-02 | 53 -0.07594  2.88421e-01 | 54 -0.04878  4.56385e-01
 55 -0.01828  4.72095e-01 | 56 -0.07808  3.67744e-01 | 57 -0.03792  5.51290e-01
 58  0.00848  5.87700e-01 | 59 -0.00594  4.26437e-01 | 60 -0.02352  4.56797e-01
 61 -0.06372  3.71109e-01 | 62  0.00779  4.29601e-01 | 63 -0.06470  2.56325e-01
 64 -0.11050  2.46139e-01 | 65 -0.03708  4.30767e-01 | 66 -0.11600  2.34134e-01
 67 -0.08708  4.55256e-01 | 68 -0.07361  6.29814e-01 | 69  0.02752  8.44792e-01
 70 -0.02084  4.06121e-01 | 71 -0.21525  8.79165e-02 | 72 -0.09874  1.96782e-01
 73 -0.07433  2.13704e-02 | 74 -0.03411 -2.83413e-07 | 75 -0.03299  2.31621e-03
 76 -0.03317  1.09091e-03 | 77  0.00000  0.00000e+00 | 78 -0.41241 -3.96118e+01
 79 -0.10852  8.37513e+00 | 80 -0.26544 -3.40007e+02 | 81 -0.65055  7.29240e+00
 82  0.99003 -3.62364e-02 | 83 -0.00750  4.63533e+00 | 84  0.75291  2.40926e-01
 85 -0.98158  3.57339e-03 |
85 variables; iteration 1480; function evaluation 1659; phase 4
Function value -1.2104879e+02; maximum gradient component mag -7.7896e+02
Var    Value     Gradient |Var    Value     Gradient |Var    Value     Gradient
  1  0.01184 -7.78963e+02 |  2 -0.00627 -4.72777e-01 |  3 -0.00731 -5.56297e-01
  4 -0.02356 -6.02637e-01 |  5 -0.02477 -7.06401e-01 |  6 -0.02614 -8.32307e-01
  7 -0.02763 -9.67141e-01 |  8 -0.02929 -1.12439e+00 |  9 -0.03105 -1.29054e+00
 10 -0.03296 -1.48034e+00 | 11 -0.03507 -1.70574e+00 | 12 -0.03677 -1.88247e+00
 13 -0.03917 -2.13074e+00 | 14 -0.04190 -2.35736e+00 | 15 -0.04473 -2.65297e+00
 16 -0.04711 -2.91962e+00 | 17 -0.05071 -3.25902e+00 | 18 -0.05313 -3.48551e+00
 19 -0.05503 -3.68626e+00 | 20 -0.05622 -3.86271e+00 | 21 -0.05615 -4.02230e+00
 22 -0.05439 -4.08129e+00 | 23 -0.05203 -4.61875e+00 | 24 -0.04512 -5.62071e+00
 25 -0.02349 -7.72950e+00 | 26  0.02503 -1.73639e+01 | 27  0.03426 -1.82881e+01
 28 -0.06273 -9.43745e+00 | 29 -0.10661 -7.20992e+00 | 30 -0.12221 -7.28296e+00
 31 -0.09672 -9.94979e+00 | 32 -0.02036 -1.95723e+01 | 33  0.02006 -2.74140e+01
 34 -0.10271 -1.04236e+01 | 35 -0.01702 -2.03335e+01 | 36 -0.02832 -1.94347e+01
 37 -0.03254 -1.90950e+01 | 38  0.02044 -2.90326e+01 | 39 -0.05645 -1.54205e+01
 40 -0.03925 -1.75397e+01 | 41 -0.04287 -1.54842e+01 | 42  0.00079 -1.97357e+01
 43 -0.01651 -1.56401e+01 | 44 -0.03351 -1.28167e+01 | 45 -0.04158 -1.13290e+01
 46 -0.04585 -9.72274e+00 | 47 -0.09159 -5.47551e+00 | 48 -0.06062 -4.66847e+00
 49 -0.12369 -8.60937e-01 | 50  0.08229  7.95108e-01 | 51 -0.09944  4.51339e-01
 52 -0.02510  1.00652e+00 | 53 -0.07662  7.65256e-01 | 54 -0.04900  9.79018e-01
 55 -0.01866  1.22975e+00 | 56 -0.07856  7.82356e-01 | 57 -0.03812  1.05298e+00
 58  0.00822  1.44152e+00 | 59 -0.00629  1.25211e+00 | 60 -0.02387  1.10560e+00
 61 -0.06400  8.33315e-01 | 62  0.00756  1.38810e+00 | 63 -0.06524  7.84758e-01
 64 -0.11065  5.52485e-01 | 65 -0.03728  1.00062e+00 | 66 -0.11636  5.24647e-01
 67 -0.08715  6.30931e-01 | 68 -0.07374  6.31292e-01 | 69  0.02740  1.10963e+00
 70 -0.02175  6.57695e-01 | 71 -0.21554  1.24199e-01 | 72 -0.09883  1.97938e-01
 73 -0.07455  2.19795e-02 | 74 -0.03419  4.11029e-04 | 75 -0.03307  2.76981e-03
 76 -0.03326 -5.80085e-04 | 77  0.00000  0.00000e+00 | 78 -0.41229 -2.96574e+01
 79 -0.10887  6.57471e+00 | 80 -0.26393 -3.15853e+02 | 81 -0.60132  9.26807e+00
 82  0.98956 -6.85134e-02 | 83 -0.00752  3.38375e+00 | 84  0.75290 -2.27985e-01
 85 -0.98220 -9.22231e-03 |
85 variables; iteration 1500; function evaluation 1683; phase 4
Function value -1.2106368e+02; maximum gradient component mag -6.4676e+02
Var    Value     Gradient |Var    Value     Gradient |Var    Value     Gradient
  1  0.01189 -6.46760e+02 |  2 -0.00609 -5.09836e-01 |  3 -0.00712 -6.09226e-01
  4 -0.02332 -6.46223e-01 |  5 -0.02450 -7.61197e-01 |  6 -0.02583 -8.93898e-01
  7 -0.02732 -1.05271e+00 |  8 -0.02893 -1.22049e+00 |  9 -0.03067 -1.40310e+00
 10 -0.03249 -1.59799e+00 | 11 -0.03449 -1.82244e+00 | 12 -0.03628 -2.05743e+00
 13 -0.03857 -2.30155e+00 | 14 -0.04131 -2.55991e+00 | 15 -0.04401 -2.86185e+00
 16 -0.04642 -3.18260e+00 | 17 -0.04990 -3.53408e+00 | 18 -0.05234 -3.80773e+00
 19 -0.05402 -3.97603e+00 | 20 -0.05512 -4.15952e+00 | 21 -0.05493 -4.32260e+00
 22 -0.05333 -4.45750e+00 | 23 -0.05082 -5.03936e+00 | 24 -0.04450 -6.24305e+00
 25 -0.02677 -9.04727e+00 | 26  0.01107 -1.80965e+01 | 27  0.04502 -1.96441e+01
 28 -0.06602 -1.01578e+01 | 29 -0.10754 -7.38252e+00 | 30 -0.12288 -7.08552e+00
 31 -0.09704 -9.14315e+00 | 32 -0.02057 -1.66522e+01 | 33  0.01995 -2.11759e+01
 34 -0.10332 -7.44440e+00 | 35 -0.01709 -1.35274e+01 | 36 -0.02861 -1.24074e+01
 37 -0.03277 -1.21052e+01 | 38  0.02023 -1.85700e+01 | 39 -0.05681 -1.00220e+01
 40 -0.03932 -1.17975e+01 | 41 -0.04295 -1.07993e+01 | 42  0.00072 -1.41479e+01
 43 -0.01669 -1.15023e+01 | 44 -0.03370 -9.58639e+00 | 45 -0.04172 -8.48337e+00
 46 -0.04598 -7.27393e+00 | 47 -0.09174 -4.14628e+00 | 48 -0.06080 -3.53685e+00
 49 -0.12353 -8.43645e-01 | 50  0.08221  3.41267e-01 | 51 -0.10110  2.71072e-01
 52 -0.02510  7.00562e-01 | 53 -0.07732  5.19867e-01 | 54 -0.04912  6.90643e-01
 55 -0.01896  8.67787e-01 | 56 -0.07902  5.53911e-01 | 57 -0.03822  7.63780e-01
 58  0.00805  1.04223e+00 | 59 -0.00659  9.00667e-01 | 60 -0.02415  7.75453e-01
 61 -0.06422  5.86740e-01 | 62  0.00743  1.00771e+00 | 63 -0.06578  5.55656e-01
 64 -0.11070  3.98656e-01 | 65 -0.03738  7.14211e-01 | 66 -0.11671  3.67138e-01
 67 -0.08714  4.39101e-01 | 68 -0.07380  4.38925e-01 | 69  0.02742  8.14117e-01
 70 -0.02268  4.88533e-01 | 71 -0.21575  9.57156e-02 | 72 -0.09882  1.54186e-01
 73 -0.07472  1.73784e-02 | 74 -0.03426 -8.38831e-05 | 75 -0.03315  4.76354e-04
 76 -0.03333  2.06433e-05 | 77  0.00000  0.00000e+00 | 78 -0.41208 -2.32912e+01
 79 -0.10845  5.27054e+00 | 80 -0.26212 -2.23810e+02 | 81 -0.55647  8.13880e+00
 82  0.98964 -4.94525e-02 | 83 -0.00740  2.54898e+00 | 84  0.75290 -3.05359e-02
 85 -0.98133 -2.85788e-03 |
85 variables; iteration 1520; function evaluation 1708; phase 4
Function value -1.2111641e+02; maximum gradient component mag -1.8845e+03
Var    Value     Gradient |Var    Value     Gradient |Var    Value     Gradient
  1  0.01189 -1.88453e+03 |  2 -0.00596 -2.71598e+00 |  3 -0.00697 -3.24898e+00
  4 -0.02315 -3.43067e+00 |  5 -0.02433 -4.06803e+00 |  6 -0.02566 -4.80120e+00
  7 -0.02708 -5.61821e+00 |  8 -0.02866 -6.53490e+00 |  9 -0.03036 -7.53236e+00
 10 -0.03209 -8.58333e+00 | 11 -0.03404 -9.76173e+00 | 12 -0.03568 -1.10624e+01
 13 -0.03808 -1.23925e+01 | 14 -0.04076 -1.38089e+01 | 15 -0.04341 -1.54925e+01
 16 -0.04571 -1.72713e+01 | 17 -0.04926 -1.92214e+01 | 18 -0.05137 -2.07329e+01
 19 -0.05321 -2.18473e+01 | 20 -0.05432 -2.28847e+01 | 21 -0.05391 -2.38335e+01
 22 -0.05208 -2.44999e+01 | 23 -0.04966 -2.75021e+01 | 24 -0.04376 -3.31191e+01
 25 -0.03255 -4.44913e+01 | 26  0.00218 -7.27855e+01 | 27  0.05189 -1.07500e+02
 28 -0.06955 -4.36676e+01 | 29 -0.10836 -2.97022e+01 | 30 -0.12297 -2.44267e+01
 31 -0.09347 -2.46558e+01 | 32 -0.02356 -2.98344e+01 | 33  0.02113 -1.57533e+01
 34 -0.10500 -3.83868e-01 | 35 -0.01687  4.44138e+00 | 36 -0.02889  2.29011e+00
 37 -0.03301 -3.12820e+00 | 38  0.02016 -1.58028e+01 | 39 -0.05740 -1.36799e+01
 40 -0.03933 -2.27602e+01 | 41 -0.04304 -2.51225e+01 | 42  0.00079 -3.85540e+01
 43 -0.01682 -3.44879e+01 | 44 -0.03386 -3.01787e+01 | 45 -0.04187 -2.74516e+01
 46 -0.04604 -2.42495e+01 | 47 -0.09186 -1.41943e+01 | 48 -0.06092 -1.20444e+01
 49 -0.12333 -2.60451e+00 | 50  0.08244  8.57603e-01 | 51 -0.10402  7.93118e-01
 52 -0.02474  2.26899e+00 | 53 -0.07826  1.69678e+00 | 54 -0.04904  2.29838e+00
 55 -0.01917  2.84683e+00 | 56 -0.07959  1.80968e+00 | 57 -0.03812  2.51302e+00
 58  0.00807  3.40270e+00 | 59 -0.00685  2.90918e+00 | 60 -0.02435  2.52639e+00
 61 -0.06435  1.92613e+00 | 62  0.00753  3.27055e+00 | 63 -0.06653  1.76331e+00
 64 -0.11054  1.29507e+00 | 65 -0.03725  2.31233e+00 | 66 -0.11712  1.18188e+00
 67 -0.08684  1.46457e+00 | 68 -0.07363  1.52965e+00 | 69  0.02784  2.81065e+00
 70 -0.02410  1.64246e+00 | 71 -0.21581  3.19935e-01 | 72 -0.09852  5.19754e-01
 73 -0.07484  6.41604e-02 | 74 -0.03428  1.64065e-03 | 75 -0.03319  7.09007e-05
 76 -0.03337  1.29786e-03 | 77  0.00000  0.00000e+00 | 78 -0.41200 -5.90051e+01
 79 -0.10756  1.38264e+01 | 80 -0.25866 -4.54146e+02 | 81 -0.49416  2.66883e+01
 82  0.98968 -1.24267e-01 | 83 -0.00747  5.00979e+00 | 84  0.75291  1.47774e-01
 85 -0.98097 -1.37142e-03 |
85 variables; iteration 1540; function evaluation 1731; phase 4
Function value -1.2132512e+02; maximum gradient component mag -8.4548e+02
Var    Value     Gradient |Var    Value     Gradient |Var    Value     Gradient
  1  0.01170 -8.45476e+02 |  2 -0.00603  9.76088e-01 |  3 -0.00705  1.17145e+00
  4 -0.02318  1.25393e+00 |  5 -0.02443  1.46600e+00 |  6 -0.02579  1.72282e+00
  7 -0.02719  2.04010e+00 |  8 -0.02886  2.35520e+00 |  9 -0.03054  2.73355e+00
 10 -0.03235  3.12524e+00 | 11 -0.03426  3.57204e+00 | 12 -0.03624  4.00735e+00
 13 -0.03851  4.47720e+00 | 14 -0.04128  4.97970e+00 | 15 -0.04400  5.59457e+00
 16 -0.04657  6.19506e+00 | 17 -0.05003  6.89695e+00 | 18 -0.05254  7.44198e+00
 19 -0.05451  7.75926e+00 | 20 -0.05561  8.11331e+00 | 21 -0.05551  8.41648e+00
 22 -0.05407  8.54717e+00 | 23 -0.05154  9.51176e+00 | 24 -0.04451  1.14283e+01
 25 -0.02150  1.64160e+01 | 26  0.01846  2.07543e+01 | 27  0.03766  2.63226e+01
 28 -0.05943  1.01993e+01 | 29 -0.10580  3.83648e+00 | 30 -0.12311 -8.98549e-01
 31 -0.11445 -1.08273e+01 | 32 -0.01043 -2.89688e+01 | 33  0.01710 -6.49763e+01
 34 -0.10404 -3.15281e+01 | 35 -0.01621 -6.80885e+01 | 36 -0.02854 -6.57583e+01
 37 -0.03291 -6.05433e+01 | 38  0.02071 -8.35548e+01 | 39 -0.05831 -3.91673e+01
 40 -0.03912 -3.94007e+01 | 41 -0.04328 -3.06787e+01 | 42  0.00109 -3.28386e+01
 43 -0.01677 -2.15761e+01 | 44 -0.03389 -1.52138e+01 | 45 -0.04203 -1.16290e+01
 46 -0.04607 -8.64820e+00 | 47 -0.09177 -4.24965e+00 | 48 -0.06083 -2.68739e+00
 49 -0.12328 -3.19756e-03 | 50  0.08367 -1.28740e+00 | 51 -0.10873 -1.18798e-01
 52 -0.02324  1.57511e-01 | 53 -0.07916  2.07744e-01 | 54 -0.04804  2.32837e-01
 55 -0.01868  2.24086e-01 | 56 -0.07984  1.60564e-01 | 57 -0.03715  2.57390e-01
 58  0.00880  3.03575e-01 | 59 -0.00661  2.09413e-01 | 60 -0.02414  2.23764e-01
 61 -0.06394  1.82546e-01 | 62  0.00857  2.47300e-01 | 63 -0.06742  7.53133e-02
 64 -0.10973  1.21569e-01 | 65 -0.03631  2.82617e-01 | 66 -0.11747  1.75154e-01
 67 -0.08586  3.40910e-01 | 68 -0.07292  4.05585e-01 | 69  0.02949  5.04503e-01
 70 -0.02581  2.33094e-01 | 71 -0.21522  5.44094e-02 | 72 -0.09741  1.29330e-01
 73 -0.07436  1.53356e-02 | 74 -0.03407  7.13806e-04 | 75 -0.03301 -4.39017e-03
 76 -0.03319  6.55068e-04 | 77  0.00000  0.00000e+00 | 78 -0.41105 -4.75292e+01
 79 -0.10617  1.05637e+01 | 80 -0.25308 -1.98766e+02 | 81 -0.42627  1.52388e+01
 82  0.98927 -9.29791e-02 | 83 -0.00947  6.41384e+00 | 84  0.75291  2.42612e-01
 85 -0.98226 -5.31529e-03 |
85 variables; iteration 1560; function evaluation 1754; phase 4
Function value -1.2148063e+02; maximum gradient component mag 3.1487e+02
Var    Value     Gradient |Var    Value     Gradient |Var    Value     Gradient
  1  0.01158  3.14874e+02 |  2 -0.00617  1.18734e+00 |  3 -0.00721  1.42370e+00
  4 -0.02343  1.49822e+00 |  5 -0.02463  1.77945e+00 |  6 -0.02599  2.09986e+00
  7 -0.02748  2.46421e+00 |  8 -0.02910  2.87382e+00 |  9 -0.03087  3.31295e+00
 10 -0.03278  3.76629e+00 | 11 -0.03477  4.28693e+00 | 12 -0.03660  4.88582e+00
 13 -0.03893  5.44345e+00 | 14 -0.04163  6.08848e+00 | 15 -0.04445  6.81038e+00
 16 -0.04692  7.59574e+00 | 17 -0.05041  8.44288e+00 | 18 -0.05293  9.10840e+00
 19 -0.05480  9.54491e+00 | 20 -0.05596  9.95596e+00 | 21 -0.05587  1.03437e+01
 22 -0.05442  1.05820e+01 | 23 -0.05237  1.17374e+01 | 24 -0.04608  1.40864e+01
 25 -0.02827  1.89612e+01 | 26  0.03644  3.80436e+01 | 27  0.02764  3.81641e+01
 28 -0.06580  1.64470e+01 | 29 -0.10498  1.15962e+01 | 30 -0.11904  8.90859e+00
 31 -0.09077  7.10397e+00 | 32 -0.02670 -3.46510e-01 | 33  0.02362 -1.01739e+01
 34 -0.10798 -9.17454e+00 | 35 -0.01574 -2.21449e+01 | 36 -0.02863 -2.22050e+01
 37 -0.03286 -1.97204e+01 | 38  0.02075 -2.44821e+01 | 39 -0.05855 -9.90137e+00
 40 -0.03896 -7.23787e+00 | 41 -0.04330 -3.50797e+00 | 42  0.00116 -3.24850e-01
 43 -0.01682  2.41043e+00 | 44 -0.03394  3.39809e+00 | 45 -0.04213  3.79167e+00
 46 -0.04631  3.84108e+00 | 47 -0.09164  2.46783e+00 | 48 -0.06084  1.96654e+00
 49 -0.12361  4.73358e-01 | 50  0.08420 -5.87531e-01 | 51 -0.11042 -1.32208e-01
 52 -0.02272 -7.27905e-01 | 53 -0.07970 -5.34240e-01 | 54 -0.04751 -7.62324e-01
 55 -0.01848 -9.68506e-01 | 56 -0.07983 -6.18825e-01 | 57 -0.03673 -9.05629e-01
 58  0.00903 -1.29331e+00 | 59 -0.00648 -1.13548e+00 | 60 -0.02425 -9.95709e-01
 61 -0.06383 -7.55397e-01 | 62  0.00902 -1.32721e+00 | 63 -0.06785 -7.12857e-01
 64 -0.10957 -5.38274e-01 | 65 -0.03594 -9.69523e-01 | 66 -0.11770 -5.07611e-01
 67 -0.08565 -6.06024e-01 | 68 -0.07294 -5.72246e-01 | 69  0.03014 -1.00872e+00
 70 -0.02646 -5.47094e-01 | 71 -0.21516 -1.18824e-01 | 72 -0.09712 -1.81545e-01
 73 -0.07381 -1.30403e-02 | 74 -0.03397 -1.18158e-03 | 75 -0.03290  1.96129e-03
 76 -0.03311 -9.79666e-05 | 77  0.00000  0.00000e+00 | 78 -0.40878  3.16629e+00
 79 -0.10452 -9.19123e-01 | 80 -0.25130  1.43709e+01 | 81 -0.40937 -4.81376e+00
 82  0.99027  3.04386e-02 | 83 -0.00889  6.32202e-01 | 84  0.75290 -6.46882e-03
 85 -0.98147 -1.04310e-03 |
85 variables; iteration 1580; function evaluation 1778; phase 4
Function value -1.2153985e+02; maximum gradient component mag 3.9799e+02
Var    Value     Gradient |Var    Value     Gradient |Var    Value     Gradient
  1  0.01134  3.97992e+02 |  2 -0.00627  5.65458e-02 |  3 -0.00732  7.14414e-02
  4 -0.02352  7.47005e-02 |  5 -0.02479  7.96855e-02 |  6 -0.02616  9.43372e-02
  7 -0.02761  1.30998e-01 |  8 -0.02928  1.50320e-01 |  9 -0.03117  1.43521e-01
 10 -0.03304  1.70432e-01 | 11 -0.03512  1.81843e-01 | 12 -0.03721  1.71173e-01
 13 -0.03934  2.41904e-01 | 14 -0.04210  2.68704e-01 | 15 -0.04491  3.09965e-01
 16 -0.04761  3.07533e-01 | 17 -0.05105  3.73639e-01 | 18 -0.05368  3.83908e-01
 19 -0.05544  4.27316e-01 | 20 -0.05670  4.20818e-01 | 21 -0.05669  4.50607e-01
 22 -0.05522  5.28564e-01 | 23 -0.05336  6.54004e-01 | 24 -0.04717  9.97955e-01
 25 -0.02971  1.73601e+00 | 26  0.05699  9.07748e+00 | 27  0.00722  5.14456e+00
 28 -0.06129  5.25681e+00 | 29 -0.10440  4.77120e+00 | 30 -0.11877  5.95097e+00
 31 -0.09013  1.05747e+01 | 32 -0.02515  1.88970e+01 | 33  0.02371  3.16830e+01
 34 -0.10813  1.08215e+01 | 35 -0.01503  2.00430e+01 | 36 -0.02815  1.56245e+01
 37 -0.03254  1.25826e+01 | 38  0.02132  1.50913e+01 | 39 -0.05883  6.45740e+00
 40 -0.03861  6.06538e+00 | 41 -0.04321  4.35543e+00 | 42  0.00158  4.24992e+00
 43 -0.01655  2.57832e+00 | 44 -0.03370  1.84076e+00 | 45 -0.04199  1.44818e+00
 46 -0.04608  1.12064e+00 | 47 -0.09135  6.34057e-01 | 48 -0.06054  6.70726e-01
 49 -0.12330  4.11264e-01 | 50  0.08521 -9.52419e-03 | 51 -0.11304  9.59838e-02
 52 -0.02152 -1.33368e-01 | 53 -0.07992 -1.34046e-01 | 54 -0.04661 -2.52138e-01
 55 -0.01790 -3.90470e-01 | 56 -0.07970 -2.43243e-01 | 57 -0.03585 -3.34512e-01
 58  0.00976 -5.28166e-01 | 59 -0.00605 -4.55551e-01 | 60 -0.02384 -3.83579e-01
 61 -0.06328 -2.83331e-01 | 62  0.00993 -5.43948e-01 | 63 -0.06813 -3.05416e-01
 64 -0.10880 -1.94504e-01 | 65 -0.03511 -3.68984e-01 | 66 -0.11765 -1.84119e-01
 67 -0.08480 -1.82750e-01 | 68 -0.07223 -1.50152e-01 | 69  0.03143 -3.80835e-01
 70 -0.02722 -2.26440e-01 | 71 -0.21448 -3.94115e-02 | 72 -0.09616 -4.63150e-02
 73 -0.07337 -5.68955e-03 | 74 -0.03378 -2.03392e-03 | 75 -0.03273  4.49834e-04
 76 -0.03294  1.47362e-04 | 77  0.00000  0.00000e+00 | 78 -0.40846  1.55311e+01
 79 -0.10456 -3.83011e+00 | 80 -0.24808  3.66791e+01 | 81 -0.38273 -7.33331e+00
 82  0.98983  2.93487e-02 | 83 -0.01006 -2.01914e+00 | 84  0.75290 -8.15634e-02
 85 -0.98191  1.41449e-03 |
85 variables; iteration 1600; function evaluation 1799; phase 4
Function value -1.2159647e+02; maximum gradient component mag -1.9056e+03
Var    Value     Gradient |Var    Value     Gradient |Var    Value     Gradient
  1  0.01119 -1.90561e+03 |  2 -0.00610  8.16309e-01 |  3 -0.00729  9.35142e-01
  4 -0.02353  9.77232e-01 |  5 -0.02456  1.21497e+00 |  6 -0.02576  1.47109e+00
  7 -0.02777  1.57293e+00 |  8 -0.02942  1.84142e+00 |  9 -0.03080  2.24898e+00
 10 -0.03286  2.50848e+00 | 11 -0.03499  2.82099e+00 | 12 -0.03676  3.26133e+00
 13 -0.03896  3.66453e+00 | 14 -0.04213  3.94489e+00 | 15 -0.04459  4.55449e+00
 16 -0.04661  5.25635e+00 | 17 -0.05061  5.65847e+00 | 18 -0.05327  6.06839e+00
 19 -0.05468  6.53307e+00 | 20 -0.05517  7.06360e+00 | 21 -0.05592  7.02343e+00
 22 -0.05446  7.20274e+00 | 23 -0.05183  8.17940e+00 | 24 -0.04618  9.43624e+00
 25 -0.02848  1.23524e+01 | 26  0.04863  2.70014e+01 | 27  0.01932  1.80593e+01
 28 -0.06671  5.07537e+00 | 29 -0.10439  1.71630e+00 | 30 -0.12113 -3.63951e+00
 31 -0.09845 -1.32983e+01 | 32 -0.01712 -4.57918e+01 | 33  0.02010 -9.68741e+01
 34 -0.10615 -4.29304e+01 | 35 -0.01535 -1.00246e+02 | 36 -0.02801 -9.88816e+01
 37 -0.03261 -9.62573e+01 | 38  0.02119 -1.40735e+02 | 39 -0.05946 -6.96723e+01
 40 -0.03858 -7.57653e+01 | 41 -0.04339 -6.36152e+01 | 42  0.00141 -7.71339e+01
 43 -0.01695 -5.84227e+01 | 44 -0.03405 -4.68855e+01 | 45 -0.04234 -4.05177e+01
 46 -0.04681 -3.43740e+01 | 47 -0.09131 -1.97149e+01 | 48 -0.06086 -1.82368e+01
 49 -0.12354 -6.21112e+00 | 50  0.08569 -5.27476e+00 | 51 -0.11638 -7.12196e-01
 52 -0.02089  7.80588e-01 | 53 -0.08119  1.12073e+00 | 54 -0.04598  2.10853e+00
 55 -0.01790  3.12314e+00 | 56 -0.07982  2.04249e+00 | 57 -0.03542  2.71610e+00
 58  0.00985  3.78830e+00 | 59 -0.00610  3.27466e+00 | 60 -0.02429  2.76693e+00
 61 -0.06332  2.05788e+00 | 62  0.01033  3.72441e+00 | 63 -0.06897  2.10710e+00
 64 -0.10883  1.38969e+00 | 65 -0.03483  2.51089e+00 | 66 -0.11822  1.22695e+00
 67 -0.08472  1.32403e+00 | 68 -0.07251  1.19659e+00 | 69  0.03213  2.70244e+00
 70 -0.02860  1.42751e+00 | 71 -0.21461  2.72925e-01 | 72 -0.09592  3.77498e-01
 73 -0.07277  8.34988e-03 | 74 -0.03364  5.43918e-03 | 75 -0.03268 -1.94486e-03
 76 -0.03290 -1.81367e-03 | 77  0.00000  0.00000e+00 | 78 -0.40522 -9.89467e+01
 79 -0.10635  2.21298e+01 | 80 -0.24542 -2.87040e+02 | 81 -0.36403  3.37912e+01
 82  0.98950 -1.65848e-01 | 83 -0.01128  1.10654e+01 | 84  0.75288 -8.48917e-01
 85 -0.98178  7.98311e-03 |
85 variables; iteration 1620; function evaluation 1823; phase 4
Function value -1.2172684e+02; maximum gradient component mag -2.4946e+02
Var    Value     Gradient |Var    Value     Gradient |Var    Value     Gradient
  1  0.01140 -2.49459e+02 |  2 -0.00603  7.19621e-01 |  3 -0.00704  8.66389e-01
  4 -0.02332  8.92465e-01 |  5 -0.02451  1.06274e+00 |  6 -0.02584  1.25727e+00
  7 -0.02726  1.49346e+00 |  8 -0.02881  1.76059e+00 |  9 -0.03067  1.99707e+00
 10 -0.03253  2.27651e+00 | 11 -0.03463  2.56304e+00 | 12 -0.03640  2.94872e+00
 13 -0.03873  3.28622e+00 | 14 -0.04139  3.69743e+00 | 15 -0.04408  4.16986e+00
 16 -0.04673  4.59478e+00 | 17 -0.05025  5.10063e+00 | 18 -0.05274  5.53022e+00
 19 -0.05451  5.83202e+00 | 20 -0.05573  6.06282e+00 | 21 -0.05565  6.28710e+00
 22 -0.05398  6.48168e+00 | 23 -0.05164  7.16469e+00 | 24 -0.04498  8.49488e+00
 25 -0.02565  1.12505e+01 | 26  0.03054  1.80670e+01 | 27  0.02991  1.82241e+01
 28 -0.06286  6.53022e+00 | 29 -0.10608  2.38012e+00 | 30 -0.11966 -9.15822e-01
 31 -0.08559 -6.21967e+00 | 32 -0.03213 -2.63325e+01 | 33  0.02609 -4.82467e+01
 34 -0.11294 -1.95960e+01 | 35 -0.01475 -3.93499e+01 | 36 -0.02918 -3.24369e+01
 37 -0.03320 -2.63700e+01 | 38  0.02075 -3.25045e+01 | 39 -0.06051 -1.27366e+01
 40 -0.03884 -1.21243e+01 | 41 -0.04368 -8.06905e+00 | 42  0.00145 -6.76417e+00
 43 -0.01724 -2.44153e+00 | 44 -0.03444 -3.96508e-01 | 45 -0.04269  3.80053e-01
 46 -0.04672  8.63664e-01 | 47 -0.09185  6.96907e-01 | 48 -0.06114  8.11905e-01
 49 -0.12328  7.73496e-01 | 50  0.08564  2.29703e+00 | 51 -0.12187  8.57484e-01
 52 -0.02078  5.85282e-01 | 53 -0.08300  2.97596e-01 | 54 -0.04639  1.67156e-01
 55 -0.01870  2.66852e-02 | 56 -0.08139 -2.77862e-02 | 57 -0.03570 -1.16108e-01
 58  0.00953 -2.53513e-01 | 59 -0.00697 -2.18462e-01 | 60 -0.02481 -1.39762e-01
 61 -0.06390 -1.20345e-01 | 62  0.01006 -3.28982e-01 | 63 -0.07067 -2.61542e-01
 64 -0.10867 -1.19141e-01 | 65 -0.03502 -1.74475e-01 | 66 -0.11916 -8.97839e-02
 67 -0.08439 -3.27582e-02 | 68 -0.07228  4.09241e-02 | 69  0.03243 -1.28609e-01
 70 -0.03165 -1.11427e-01 | 71 -0.21468 -2.25626e-02 | 72 -0.09578 -2.13018e-02
 73 -0.07348  8.24757e-03 | 74 -0.03385  5.70340e-04 | 75 -0.03283  3.52246e-03
 76 -0.03307  3.44551e-04 | 77  0.00000  0.00000e+00 | 78 -0.40667 -1.64964e+01
 79 -0.10348  3.56191e+00 | 80 -0.23916 -5.10480e+01 | 81 -0.32662  5.25217e+00
 82  0.98958 -3.19541e-02 | 83 -0.01104  2.55659e+00 | 84  0.75291  2.39311e-01
 85 -0.98163 -5.73619e-03 |
85 variables; iteration 1640; function evaluation 1846; phase 4
Function value -1.2179370e+02; maximum gradient component mag -2.9329e+02
Var    Value     Gradient |Var    Value     Gradient |Var    Value     Gradient
  1  0.01132 -2.93289e+02 |  2 -0.00583 -2.91790e-01 |  3 -0.00683 -3.50626e-01
  4 -0.02303 -3.73997e-01 |  5 -0.02418 -4.38818e-01 |  6 -0.02546 -5.14666e-01
  7 -0.02692 -6.10674e-01 |  8 -0.02850 -7.08350e-01 |  9 -0.03019 -8.13036e-01
 10 -0.03201 -9.33966e-01 | 11 -0.03398 -1.06763e+00 | 12 -0.03576 -1.20043e+00
 13 -0.03802 -1.34297e+00 | 14 -0.04073 -1.49654e+00 | 15 -0.04342 -1.67372e+00
 16 -0.04588 -1.86714e+00 | 17 -0.04934 -2.07825e+00 | 18 -0.05180 -2.24073e+00
 19 -0.05353 -2.35173e+00 | 20 -0.05458 -2.46704e+00 | 21 -0.05440 -2.58616e+00
 22 -0.05275 -2.67749e+00 | 23 -0.05017 -3.04810e+00 | 24 -0.04358 -3.78638e+00
 25 -0.02472 -5.47701e+00 | 26  0.01542 -1.22073e+01 | 27  0.04105 -1.15831e+01
 28 -0.06392 -6.59624e+00 | 29 -0.10644 -4.85393e+00 | 30 -0.12147 -4.70007e+00
 31 -0.09678 -6.11840e+00 | 32 -0.02342 -9.90205e+00 | 33  0.02345 -1.24754e+01
 34 -0.11296 -3.25015e+00 | 35 -0.01450 -5.01151e+00 | 36 -0.02929 -3.20023e+00
 37 -0.03351 -2.48489e+00 | 38  0.02085 -3.48355e+00 | 39 -0.06181 -1.70273e+00
 40 -0.03872 -2.48575e+00 | 41 -0.04398 -2.41952e+00 | 42  0.00160 -3.57043e+00
 43 -0.01750 -3.05654e+00 | 44 -0.03475 -2.65748e+00 | 45 -0.04302 -2.44948e+00
 46 -0.04697 -2.15909e+00 | 47 -0.09199 -1.30062e+00 | 48 -0.06128 -1.20846e+00
 49 -0.12341 -3.82851e-01 | 50  0.08650 -2.05384e-01 | 51 -0.12921 -9.15073e-02
 52 -0.01955  2.32631e-01 | 53 -0.08510  1.58700e-01 | 54 -0.04572  2.62894e-01
 55 -0.01887  3.31719e-01 | 56 -0.08226  2.06757e-01 | 57 -0.03517  3.01484e-01
 58  0.00977  4.15626e-01 | 59 -0.00725  3.54896e-01 | 60 -0.02518  3.11587e-01
 61 -0.06397  2.34446e-01 | 62  0.01058  4.21566e-01 | 63 -0.07221  2.34575e-01
 64 -0.10826  1.74710e-01 | 65 -0.03455  3.08460e-01 | 66 -0.11996  1.61245e-01
 67 -0.08377  1.97782e-01 | 68 -0.07203  1.90278e-01 | 69  0.03366  3.26530e-01
 70 -0.03460  2.13449e-01 | 71 -0.21437  4.35508e-02 | 72 -0.09515  6.55931e-02
 73 -0.07325  9.24951e-03 | 74 -0.03381  1.50580e-04 | 75 -0.03282  4.34390e-04
 76 -0.03306 -1.24699e-04 | 77  0.00000  0.00000e+00 | 78 -0.40491 -9.54393e+00
 79 -0.10072  2.39449e+00 | 80 -0.23274 -3.46957e+01 | 81 -0.29561  5.00254e+00
 82  0.98959 -2.01249e-02 | 83 -0.01221  9.65272e-01 | 84  0.75290 -2.92856e-02
 85 -0.98150 -1.18971e-03 |
85 variables; iteration 1660; function evaluation 1867; phase 4
Function value -1.2182848e+02; maximum gradient component mag 4.7280e+02
Var    Value     Gradient |Var    Value     Gradient |Var    Value     Gradient
  1  0.01121  4.72803e+02 |  2 -0.00576 -1.48521e-01 |  3 -0.00674 -1.75996e-01
  4 -0.02294 -1.89894e-01 |  5 -0.02408 -2.22022e-01 |  6 -0.02536 -2.60921e-01
  7 -0.02681 -3.11267e-01 |  8 -0.02834 -3.50490e-01 |  9 -0.03007 -4.15362e-01
 10 -0.03181 -4.58371e-01 | 11 -0.03374 -5.18722e-01 | 12 -0.03551 -5.76453e-01
 13 -0.03786 -6.75337e-01 | 14 -0.04056 -7.49027e-01 | 15 -0.04327 -8.46104e-01
 16 -0.04562 -9.12826e-01 | 17 -0.04917 -1.04794e+00 | 18 -0.05150 -1.08475e+00
 19 -0.05330 -1.15656e+00 | 20 -0.05434 -1.20832e+00 | 21 -0.05421 -1.28025e+00
 22 -0.05245 -1.28016e+00 | 23 -0.04990 -1.45706e+00 | 24 -0.04348 -1.84894e+00
 25 -0.02725 -3.21056e+00 | 26  0.01742 -7.01310e+00 | 27  0.04102 -4.45615e+00
 28 -0.06581 -3.92172e+00 | 29 -0.10640 -2.62458e+00 | 30 -0.12095 -2.49078e+00
 31 -0.09259 -2.45298e+00 | 32 -0.02700 -4.71677e+00 | 33  0.02518  6.08398e-02
 34 -0.11579  3.66861e+00 | 35 -0.01386  1.73150e+01 | 36 -0.02945  2.30820e+01
 37 -0.03369  2.59021e+01 | 38  0.02106  4.33162e+01 | 39 -0.06291  2.17726e+01
 40 -0.03852  2.60091e+01 | 41 -0.04418  2.21132e+01 | 42  0.00185  2.78283e+01
 43 -0.01762  2.10476e+01 | 44 -0.03492  1.66772e+01 | 45 -0.04323  1.40587e+01
 46 -0.04706  1.16633e+01 | 47 -0.09204  6.40852e+00 | 48 -0.06129  5.10754e+00
 49 -0.12344  8.88458e-01 | 50  0.08732  3.57647e+00 | 51 -0.13493  8.59282e-01
 52 -0.01862  4.55996e-01 | 53 -0.08658  5.47317e-02 | 54 -0.04508 -1.54532e-01
 55 -0.01889 -2.75550e-01 | 56 -0.08297 -2.33882e-01 | 57 -0.03459 -3.80810e-01
 58  0.01011 -5.05383e-01 | 59 -0.00740 -3.96497e-01 | 60 -0.02538 -3.79416e-01
 61 -0.06393 -3.32496e-01 | 62  0.01119 -5.39940e-01 | 63 -0.07360 -3.35313e-01
 64 -0.10774 -2.67842e-01 | 65 -0.03403 -4.86769e-01 | 66 -0.12061 -2.89333e-01
 67 -0.08310 -4.69891e-01 | 68 -0.07168 -5.29670e-01 | 69  0.03493 -7.67879e-01
 70 -0.03727 -4.28602e-01 | 71 -0.21387 -9.25148e-02 | 72 -0.09449 -1.83621e-01
 73 -0.07300 -2.61362e-02 | 74 -0.03374 -1.29768e-03 | 75 -0.03276  8.54890e-04
 76 -0.03302 -6.42824e-05 | 77  0.00000  0.00000e+00 | 78 -0.40356  2.68376e+01
 79 -0.09807 -6.38367e+00 | 80 -0.22695  4.48222e+01 | 81 -0.27208 -9.86080e+00
 82  0.98933  3.09115e-02 | 83 -0.01326 -2.82000e+00 | 84  0.75290  3.53533e-02
 85 -0.98119  1.26299e-04 |
85 variables; iteration 1680; function evaluation 1887; phase 4
Function value -1.2186211e+02; maximum gradient component mag 3.6710e+02
Var    Value     Gradient |Var    Value     Gradient |Var    Value     Gradient
  1  0.01101  3.67100e+02 |  2 -0.00580 -1.21689e-01 |  3 -0.00679 -1.42273e-01
  4 -0.02297 -1.51121e-01 |  5 -0.02414 -1.81666e-01 |  6 -0.02545 -2.18191e-01
  7 -0.02684 -2.44965e-01 |  8 -0.02844 -2.90735e-01 |  9 -0.03011 -3.23066e-01
 10 -0.03197 -3.84473e-01 | 11 -0.03393 -4.39115e-01 | 12 -0.03571 -4.74686e-01
 13 -0.03806 -5.58955e-01 | 14 -0.04073 -6.12073e-01 | 15 -0.04342 -6.74924e-01
 16 -0.04591 -7.52965e-01 | 17 -0.04942 -8.49910e-01 | 18 -0.05192 -9.12769e-01
 19 -0.05374 -9.66684e-01 | 20 -0.05489 -1.02728e+00 | 21 -0.05481 -1.07849e+00
 22 -0.05324 -1.08155e+00 | 23 -0.05087 -1.17837e+00 | 24 -0.04430 -1.34234e+00
 25 -0.02628 -1.90882e+00 | 26  0.03170 -3.39965e+00 | 27  0.02961 -1.45858e+00
 28 -0.06202 -6.87000e-01 | 29 -0.10522  6.24992e-02 | 30 -0.11999  8.29505e-01
 31 -0.09401  2.66475e+00 | 32 -0.02617  7.11875e+00 | 33  0.02580  1.55261e+01
 34 -0.11783  6.49075e+00 | 35 -0.01304  1.78515e+01 | 36 -0.02938  1.83139e+01
 37 -0.03361  1.84794e+01 | 38  0.02141  2.84587e+01 | 39 -0.06385  1.37575e+01
 40 -0.03827  1.55281e+01 | 41 -0.04435  1.28588e+01 | 42  0.00220  1.55082e+01
 43 -0.01764  1.12924e+01 | 44 -0.03499  8.57738e+00 | 45 -0.04341  6.94170e+00
 46 -0.04712  5.46914e+00 | 47 -0.09196  2.67231e+00 | 48 -0.06119  1.48343e+00
 49 -0.12357 -3.70402e-01 | 50  0.08853  6.97771e-01 | 51 -0.14202  1.27684e-01
 52 -0.01711  4.13699e-02 | 53 -0.08817 -1.12576e-01 | 54 -0.04402 -1.76523e-01
 55 -0.01864 -2.00653e-01 | 56 -0.08345 -1.62712e-01 | 57 -0.03370 -2.93239e-01
 58  0.01072 -3.87005e-01 | 59 -0.00732 -3.17692e-01 | 60 -0.02542 -2.88134e-01
 61 -0.06363 -2.45930e-01 | 62  0.01210 -3.83692e-01 | 63 -0.07490 -2.04508e-01
 64 -0.10703 -2.02057e-01 | 65 -0.03323 -3.80173e-01 | 66 -0.12117 -2.48815e-01
 67 -0.08223 -3.83394e-01 | 68 -0.07114 -4.05006e-01 | 69  0.03658 -4.78560e-01
 70 -0.03990 -1.55464e-01 | 71 -0.21312 -4.77904e-02 | 72 -0.09360 -1.12367e-01
 73 -0.07246 -8.80150e-03 | 74 -0.03357  8.44689e-04 | 75 -0.03263  4.32064e-05
 76 -0.03290  6.37855e-04 | 77  0.00000  0.00000e+00 | 78 -0.40201  1.90537e+01
 79 -0.09633 -4.72618e+00 | 80 -0.22093  3.83921e+01 | 81 -0.25062 -7.88070e+00
 82  0.98943  2.48108e-02 | 83 -0.01474 -2.16211e+00 | 84  0.75290  1.55348e-02
 85 -0.98188 -8.96079e-04 |
85 variables; iteration 1700; function evaluation 1909; phase 4
Function value -1.2187678e+02; maximum gradient component mag 2.4511e+01
Var    Value     Gradient |Var    Value     Gradient |Var    Value     Gradient
  1  0.01104  2.45107e+01 |  2 -0.00590 -1.04778e-01 |  3 -0.00691 -1.22973e-01
  4 -0.02310 -1.32793e-01 |  5 -0.02428 -1.57360e-01 |  6 -0.02560 -1.86911e-01
  7 -0.02703 -2.13767e-01 |  8 -0.02864 -2.51030e-01 |  9 -0.03036 -2.86272e-01
 10 -0.03222 -3.36238e-01 | 11 -0.03422 -3.88127e-01 | 12 -0.03606 -4.27308e-01
 13 -0.03836 -4.87558e-01 | 14 -0.04106 -5.39730e-01 | 15 -0.04381 -6.01001e-01
 16 -0.04634 -6.71740e-01 | 17 -0.04985 -7.55672e-01 | 18 -0.05240 -8.18561e-01
 19 -0.05423 -8.69117e-01 | 20 -0.05537 -9.18089e-01 | 21 -0.05534 -9.83864e-01
 22 -0.05385 -1.00538e+00 | 23 -0.05159 -1.12437e+00 | 24 -0.04507 -1.32291e+00
 25 -0.02633 -1.81756e+00 | 26  0.03976 -3.34062e+00 | 27  0.02269 -3.45012e+00
 28 -0.06092 -1.60260e+00 | 29 -0.10464 -9.94267e-01 | 30 -0.11946 -6.80818e-01
 31 -0.09440 -3.70525e-01 | 32 -0.02523  4.85619e-01 | 33  0.02532  2.53002e+00
 34 -0.11615  1.37640e+00 | 35 -0.01329  4.05147e+00 | 36 -0.02912  4.16191e+00
 37 -0.03343  4.05943e+00 | 38  0.02146  5.91710e+00 | 39 -0.06310  2.76036e+00
 40 -0.03830  2.76253e+00 | 41 -0.04417  2.21021e+00 | 42  0.00213  2.36089e+00
 43 -0.01744  1.58193e+00 | 44 -0.03477  1.12323e+00 | 45 -0.04319  8.44197e-01
 46 -0.04696  6.14561e-01 | 47 -0.09183  2.77432e-01 | 48 -0.06107  1.41682e-01
 49 -0.12351  9.21504e-02 | 50  0.08814  1.71842e-01 | 51 -0.13753  2.57640e-02
 52 -0.01763  3.94875e-02 | 53 -0.08686  3.81038e-03 | 54 -0.04433  6.76834e-03
 55 -0.01843 -5.14803e-03 | 56 -0.08283 -8.36075e-03 | 57 -0.03393 -4.14624e-03
 58  0.01066 -4.73042e-03 | 59 -0.00707 -2.03628e-03 | 60 -0.02512  8.96074e-03
 61 -0.06352  8.50020e-03 | 62  0.01188  7.27462e-03 | 63 -0.07383  8.96035e-03
 64 -0.10722  2.64597e-03 | 65 -0.03342  6.31237e-03 | 66 -0.12060 -4.31996e-03
 67 -0.08254  3.91216e-03 | 68 -0.07123  1.44941e-02 | 69  0.03592  2.59823e-02
 70 -0.03787  3.09429e-02 | 71 -0.21331  3.05937e-03 | 72 -0.09387  2.44854e-03
 73 -0.07255  2.12218e-03 | 74 -0.03358  3.43934e-05 | 75 -0.03262  7.27275e-04
 76 -0.03288  1.04061e-04 | 77  0.00000  0.00000e+00 | 78 -0.40296  2.45102e+00
 79 -0.09775 -5.59459e-01 | 80 -0.22481  3.19773e+00 | 81 -0.26384 -5.31642e-01
 82  0.98969  3.20072e-03 | 83 -0.01406 -3.26020e-01 | 84  0.75290  2.85951e-02
 85 -0.98199 -6.00468e-04 |
Warning: the following parameters had issues
  selparm[13] is within 0.1% of upper bound: 2.00000e+01 < 7.49964e+01 < 7.50000e+01
  selparm[21] is within 0.1% of lower bound: -4.00000e+00 < -3.99677e+00 < 1.20000e+01


 - final statistics:
85 variables; iteration 1718; function evaluation 1927
Function value -1.2188e+02; maximum gradient component mag -9.3758e-05
Exit code = 1;  converg criter 1.0000e-04
Var    Value     Gradient |Var    Value     Gradient |Var    Value     Gradient
  1  0.01105 -4.88228e-05 |  2 -0.00589  1.52006e-06 |  3 -0.00690  2.11188e-06
  4 -0.02309  1.89467e-06 |  5 -0.02426  2.41604e-06 |  6 -0.02557  2.77064e-06
  7 -0.02703  3.49679e-06 |  8 -0.02863  3.67158e-06 |  9 -0.03036  5.50726e-06
 10 -0.03219  5.77495e-06 | 11 -0.03417  5.85248e-06 | 12 -0.03605  8.46295e-06
 13 -0.03832  8.53822e-06 | 14 -0.04104  8.94562e-06 | 15 -0.04380  1.19696e-05
 16 -0.04632  1.32882e-05 | 17 -0.04981  1.22520e-05 | 18 -0.05236  1.57839e-05
 19 -0.05418  1.61902e-05 | 20 -0.05530  1.68019e-05 | 21 -0.05519  1.57931e-05
 22 -0.05372  1.78109e-05 | 23 -0.05144  2.08676e-05 | 24 -0.04499  2.48517e-05
 25 -0.02613  3.49594e-05 | 26  0.03778  6.92921e-05 | 27  0.02437  6.40016e-05
 28 -0.06112  3.08776e-05 | 29 -0.10479  1.66075e-05 | 30 -0.11961  6.70353e-06
 31 -0.09453 -6.81765e-06 | 32 -0.02519 -3.32112e-05 | 33  0.02522 -9.37581e-05
 34 -0.11602 -4.00086e-05 | 35 -0.01337 -8.57589e-05 | 36 -0.02915 -6.99867e-05
 37 -0.03346 -5.33010e-05 | 38  0.02142 -6.54791e-05 | 39 -0.06308 -3.58063e-05
 40 -0.03832 -3.93183e-05 | 41 -0.04418 -2.10189e-05 | 42  0.00209 -1.67521e-05
 43 -0.01747 -1.43058e-06 | 44 -0.03479  2.75554e-06 | 45 -0.04319  2.10398e-07
 46 -0.04698  1.21810e-06 | 47 -0.09186  1.28353e-06 | 48 -0.06110  1.61502e-07
 49 -0.12351  5.10276e-06 | 50  0.08805  1.32614e-05 | 51 -0.13725  2.96933e-06
 52 -0.01773  3.72065e-06 | 53 -0.08683  3.39557e-06 | 54 -0.04441  3.41516e-06
 55 -0.01848  4.74845e-06 | 56 -0.08283  2.97739e-06 | 57 -0.03400  3.58508e-06
 58  0.01060  7.43603e-06 | 59 -0.00710  4.91058e-06 | 60 -0.02515  4.98612e-06
 61 -0.06356  3.78348e-06 | 62  0.01181  7.16280e-06 | 63 -0.07380  4.01631e-06
 64 -0.10728  1.77371e-06 | 65 -0.03349  4.57267e-06 | 66 -0.12059  3.37301e-06
 67 -0.08260  2.20491e-06 | 68 -0.07129  6.28848e-07 | 69  0.03581 -4.56036e-06
 70 -0.03778 -4.79919e-06 | 71 -0.21337 -1.22669e-06 | 72 -0.09394 -2.33053e-06
 73 -0.07260 -2.86080e-07 | 74 -0.03359  7.98844e-08 | 75 -0.03264  1.09470e-07
 76 -0.03289 -6.57335e-09 | 77  0.00000  0.00000e+00 | 78 -0.40304 -2.31034e-05
 79 -0.09797  4.81294e-06 | 80 -0.22510 -2.80840e-05 | 81 -0.26489  5.98852e-06
 82  0.98967 -1.22797e-07 | 83 -0.01399  4.84262e-06 | 84  0.75290  2.98153e-06
 85 -0.98191 -4.09179e-08 |
Estimating row 1 out of 85 for hessian
Estimating row 2 out of 85 for hessian
Estimating row 3 out of 85 for hessian
Estimating row 4 out of 85 for hessian
Estimating row 5 out of 85 for hessian
Estimating row 6 out of 85 for hessian
Estimating row 7 out of 85 for hessian
Estimating row 8 out of 85 for hessian
Estimating row 9 out of 85 for hessian
Estimating row 10 out of 85 for hessian
Estimating row 11 out of 85 for hessian
Estimating row 12 out of 85 for hessian
Estimating row 13 out of 85 for hessian
Estimating row 14 out of 85 for hessian
Estimating row 15 out of 85 for hessian
Estimating row 16 out of 85 for hessian
Estimating row 17 out of 85 for hessian
Estimating row 18 out of 85 for hessian
Estimating row 19 out of 85 for hessian
Estimating row 20 out of 85 for hessian
Estimating row 21 out of 85 for hessian
Estimating row 22 out of 85 for hessian
Estimating row 23 out of 85 for hessian
Estimating row 24 out of 85 for hessian
Estimating row 25 out of 85 for hessian
Estimating row 26 out of 85 for hessian
Estimating row 27 out of 85 for hessian
Estimating row 28 out of 85 for hessian
Estimating row 29 out of 85 for hessian
Estimating row 30 out of 85 for hessian
Estimating row 31 out of 85 for hessian
Estimating row 32 out of 85 for hessian
Estimating row 33 out of 85 for hessian
Estimating row 34 out of 85 for hessian
Estimating row 35 out of 85 for hessian
Estimating row 36 out of 85 for hessian
Estimating row 37 out of 85 for hessian
Estimating row 38 out of 85 for hessian
Estimating row 39 out of 85 for hessian
Estimating row 40 out of 85 for hessian
Estimating row 41 out of 85 for hessian
Estimating row 42 out of 85 for hessian
Estimating row 43 out of 85 for hessian
Estimating row 44 out of 85 for hessian
Estimating row 45 out of 85 for hessian
Estimating row 46 out of 85 for hessian
Estimating row 47 out of 85 for hessian
Estimating row 48 out of 85 for hessian
Estimating row 49 out of 85 for hessian
Estimating row 50 out of 85 for hessian
Estimating row 51 out of 85 for hessian
Estimating row 52 out of 85 for hessian
Estimating row 53 out of 85 for hessian
Estimating row 54 out of 85 for hessian
Estimating row 55 out of 85 for hessian
Estimating row 56 out of 85 for hessian
Estimating row 57 out of 85 for hessian
Estimating row 58 out of 85 for hessian
Estimating row 59 out of 85 for hessian
Estimating row 60 out of 85 for hessian
Estimating row 61 out of 85 for hessian
Estimating row 62 out of 85 for hessian
Estimating row 63 out of 85 for hessian
Estimating row 64 out of 85 for hessian
Estimating row 65 out of 85 for hessian
Estimating row 66 out of 85 for hessian
Estimating row 67 out of 85 for hessian
Estimating row 68 out of 85 for hessian
Estimating row 69 out of 85 for hessian
Estimating row 70 out of 85 for hessian
Estimating row 71 out of 85 for hessian
Estimating row 72 out of 85 for hessian
Estimating row 73 out of 85 for hessian
Estimating row 74 out of 85 for hessian
Estimating row 75 out of 85 for hessian
Estimating row 76 out of 85 for hessian
Estimating row 77 out of 85 for hessian
Estimating row 78 out of 85 for hessian
Estimating row 79 out of 85 for hessian
Estimating row 80 out of 85 for hessian
Estimating row 81 out of 85 for hessian
Estimating row 82 out of 85 for hessian
Estimating row 83 out of 85 for hessian
Estimating row 84 out of 85 for hessian
Estimating row 85 out of 85 for hessian
size of file gradfil1.tmp = 0
size of file gradfil2.tmp = 0
size of file varssave.tmp = 0
size of file cmpdiff.tmp = 0
