
Initial statistics: 70 variables; iteration 0; function evaluation 0; phase 1
Function value 4.1998745e+06; maximum gradient component mag -1.0419e+07
Var    Value     Gradient |Var    Value     Gradient |Var    Value     Gradient
  1 -0.19398 -1.04191e+07 |  2  0.00000 -5.01762e+04 |  3  0.00000 -4.48570e+04
  4  0.00000 -3.80852e+04 |  5  0.00000 -2.89538e+04 |  6  0.00000 -2.63976e+04
  7  0.00000 -1.39932e+04 |  8  0.00000 -5.23796e+04 |  9  0.00000 -9.20077e+04
 10  0.00000 -1.11340e+05 | 11  0.00000 -1.10137e+05 | 12  0.00000 -1.10143e+05
 13  0.00000 -1.15045e+05 | 14  0.00000 -1.12520e+05 | 15  0.00000 -1.12733e+05
 16  0.00000 -1.09246e+05 | 17  0.00000 -1.07163e+05 | 18  0.00000 -1.03625e+05
 19  0.00000 -1.02743e+05 | 20  0.00000  1.00202e+05 | 21  0.00000  1.33746e+05
 22  0.00000  1.32559e+05 | 23  0.00000  1.16264e+05 | 24  0.00000  1.06538e+05
 25  0.00000  8.72787e+04 | 26  0.00000  7.82568e+04 | 27  0.00000  6.73294e+04
 28  0.00000  6.55388e+04 | 29  0.00000  4.08418e+04 | 30  0.00000  3.49634e+04
 31  0.00000  3.73542e+04 | 32  0.00000  3.50256e+04 | 33  0.00000 -1.04326e+05
 34  0.00000 -1.00223e+05 | 35  0.00000 -5.68299e+04 | 36  0.00000 -1.26262e+05
 37  0.00000 -1.21894e+05 | 38  0.00000 -1.17051e+05 | 39  0.00000 -1.18030e+05
 40  0.00000 -8.09818e+04 | 41  0.00000 -7.88936e+04 | 42  0.00000 -7.92555e+04
 43  0.00000 -9.73906e+04 | 44  0.00000 -9.94205e+04 | 45  0.00000 -1.37220e+05
 46  0.00000 -1.60647e+05 | 47  0.00000 -1.29155e+05 | 48  0.00000 -1.04910e+05
 49  0.00000 -1.10341e+05 | 50  0.00000 -8.71165e+04 | 51  0.00000 -1.36780e+05
 52  0.00000 -2.17869e+05 | 53  0.00000 -1.49529e+05 | 54  0.00000 -1.54302e+05
 55  0.00000 -1.32951e+05 | 56  0.00000 -1.12790e+05 | 57  0.00000 -1.14353e+05
 58  0.00000 -1.15292e+05 | 59  0.00000 -1.08329e+05 | 60  0.00000 -1.23297e+05
 61  0.00000 -1.28965e+05 | 62  0.00000 -1.14970e+05 | 63  0.00000 -1.20986e+05
 64  0.00000 -1.36082e+05 | 65  0.00000 -1.21730e+05 | 66  0.00000 -1.15142e+05
 67  0.00000 -9.46898e+04 | 68  0.00000 -8.38323e+04 | 69  0.00000 -6.22218e+04
 70  0.00000 -1.25742e+05 |

Intermediate statistics: 70 variables; iteration 20; function evaluation 41; phase 1
Function value 6.5531372e+02; maximum gradient component mag 1.0261e+03
Var    Value     Gradient |Var    Value     Gradient |Var    Value     Gradient
  1  0.03349  1.02609e+03 |  2  0.01002  1.26377e+00 |  3 -0.00554  1.36000e+00
  4 -0.00315  1.78934e+00 |  5 -0.00041  2.29095e+00 |  6  0.00289  2.91069e+00
  7  0.00668  3.62174e+00 |  8  0.01291  4.87559e+00 |  9  0.02148  6.62658e+00
 10  0.03140  8.62219e+00 | 11  0.03889  1.05279e+01 | 12  0.04479  1.27724e+01
 13  0.05160  1.56561e+01 | 14  0.06052  1.91725e+01 | 15  0.07606  2.37717e+01
 16  0.09599  2.95017e+01 | 17  0.12164  3.64361e+01 | 18  0.13654  4.44989e+01
 19  0.15096  5.39842e+01 | 20  0.09407  4.19459e+01 | 21  0.07726  4.54109e+01
 22  0.06236  5.14877e+01 | 23  0.04180  5.61611e+01 | 24  0.00802  5.30192e+01
 25 -0.03622  4.14645e+01 | 26 -0.09261  2.04848e+01 | 27 -0.15152 -1.55120e+00
 28 -0.20122 -1.74729e+01 | 29 -0.21423 -1.85923e+01 | 30 -0.10446  3.92830e+01
 31  0.01696  1.28359e+02 | 32  0.01095  1.26305e+02 | 33 -0.17048 -5.70905e+00
 34  0.03784 -5.84592e+01 | 35 -0.03045 -1.63001e+02 | 36 -0.13294 -9.23048e+01
 37  0.05075 -1.09755e+02 | 38 -0.07056 -8.44969e+00 | 39 -0.11059  3.23981e+01
 40 -0.08174  1.35998e+02 | 41  0.00567  3.86191e+02 | 42  0.01698  4.72644e+02
 43 -0.08779  1.91853e+02 | 44 -0.12537  1.10831e+02 | 45 -0.10215  1.23901e+02
 46 -0.05075  1.70197e+02 | 47 -0.25790 -3.20789e+01 | 48 -0.13189 -1.30116e+01
 49  0.10755 -6.54629e+02 | 50  0.07195 -4.67779e+02 | 51 -0.17930 -1.16754e+02
 52 -0.20274 -9.08509e+01 | 53  0.11181 -9.28243e+00 | 54 -0.00892  3.31992e+01
 55 -0.12654 -1.24471e+01 | 56  0.03915  1.10634e+02 | 57  0.09366  1.85831e+02
 58  0.05360 -7.30197e+00 | 59 -0.12926 -6.74981e+01 | 60 -0.04119 -7.70884e+01
 61  0.12081 -2.40895e+01 | 62 -0.23290 -4.71596e+01 | 63 -0.13042 -3.61219e+01
 64  0.04985 -3.53260e+01 | 65 -0.11021 -3.10010e+01 | 66 -0.12490 -5.02646e+01
 67  0.01715 -6.14860e+01 | 68 -0.03620 -1.25321e+01 | 69 -0.02271 -1.14654e+00
 70 -0.02479 -1.51057e+00 |
70 variables; iteration 40; function evaluation 69; phase 1
Function value 6.2503123e+02; maximum gradient component mag 1.4552e+03
Var    Value     Gradient |Var    Value     Gradient |Var    Value     Gradient
  1  0.02802  1.45522e+03 |  2  0.00671 -5.59977e-02 |  3 -0.00253  1.43950e+00
  4 -0.00156  1.35403e+00 |  5 -0.00042  1.25774e+00 |  6  0.00124  1.21664e+00
  7  0.00290  1.10007e+00 |  8  0.00696  1.41563e+00 |  9  0.01178  1.77255e+00
 10  0.01680  2.02911e+00 | 11  0.02117  2.42963e+00 | 12  0.02566  3.27209e+00
 13  0.03139  4.56520e+00 | 14  0.03883  6.00423e+00 | 15  0.05135  7.47398e+00
 16  0.07022  9.05008e+00 | 17  0.10297  1.04852e+01 | 18  0.13758  1.25390e+01
 19  0.18142  1.26217e+01 | 20  0.08129  9.54494e+00 | 21  0.05556  1.08414e+01
 22  0.04785  1.70924e+01 | 23  0.04235  2.71527e+01 | 24  0.01527  3.18128e+01
 25 -0.01899  3.20806e+01 | 26 -0.05495  2.84052e+01 | 27 -0.08530  2.41591e+01
 28 -0.10923  1.99789e+01 | 29 -0.12206  1.59631e+01 | 30 -0.09240  1.60784e+01
 31  0.02607  3.11833e+00 | 32  0.00048 -4.16494e+01 | 33 -0.14758 -3.42032e+01
 34  0.02090 -1.56113e+01 | 35  0.00931  2.17241e+01 | 36 -0.06431  2.21329e+01
 37  0.03651  7.99601e+01 | 38 -0.06305  3.46142e+01 | 39 -0.07264  8.58331e+01
 40 -0.08365  1.30069e+02 | 41  0.01827  3.38634e+02 | 42  0.00689  3.39713e+02
 43 -0.06657  2.28436e+02 | 44 -0.09172  1.85238e+02 | 45 -0.07893  1.63017e+02
 46 -0.07444  1.00495e+02 | 47 -0.17834  1.43494e+00 | 48 -0.12782  3.78814e+01
 49  0.11791 -2.21754e+02 | 50  0.07899 -1.38614e+02 | 51 -0.18670 -7.11659e+01
 52 -0.07664 -1.00991e+02 | 53  0.09588 -5.44242e+01 | 54 -0.02513  1.66053e+00
 55 -0.00886  2.58295e+01 | 56  0.01284  2.99163e+01 | 57  0.09100  1.76508e+01
 58  0.05752 -6.32091e+01 | 59 -0.11952 -5.71417e+01 | 60  0.02419 -7.04251e+01
 61  0.09896 -6.14380e+01 | 62 -0.14129 -3.80562e+01 | 63 -0.10154 -4.20078e+01
 64  0.05467 -9.43226e+01 | 65 -0.12957 -5.23810e+01 | 66 -0.13684 -5.69130e+01
 67  0.04551 -5.43669e+01 | 68 -0.07337 -1.63416e+01 | 69 -0.00845  2.35157e+00
 70 -0.00610  3.05446e+00 |
70 variables; iteration 60; function evaluation 99; phase 1
Function value 6.1153873e+02; maximum gradient component mag -3.1231e+02
Var    Value     Gradient |Var    Value     Gradient |Var    Value     Gradient
  1  0.02858 -3.12312e+02 |  2  0.00080 -1.16967e+00 |  3 -0.01980 -2.33108e+00
  4 -0.01734 -1.99553e+00 |  5 -0.01460 -1.63745e+00 |  6 -0.01195 -1.35058e+00
  7 -0.00768 -7.60947e-01 |  8 -0.00418 -4.11537e-01 |  9  0.00012  4.14154e-02
 10  0.00486  5.02658e-01 | 11  0.00793  8.73434e-01 | 12  0.00864  1.13784e+00
 13  0.00800  1.31798e+00 | 14  0.01070  2.18406e+00 | 15  0.01961  3.92544e+00
 16  0.03212  6.00900e+00 | 17  0.02253  3.22019e+00 | 18  0.08713  1.50111e+01
 19  0.24616  2.74191e+01 | 20  0.12130  2.33808e+01 | 21  0.11794  3.12126e+01
 22  0.03506  1.93540e+01 | 23 -0.00333  1.59566e+01 | 24  0.01398  3.49186e+01
 25 -0.04413  2.15707e+01 | 26 -0.04084  3.73342e+01 | 27 -0.08479  2.46250e+01
 28 -0.10365  2.29673e+01 | 29 -0.09655  3.06197e+01 | 30 -0.10252  1.11948e+01
 31  0.02582  2.21303e+01 | 32 -0.01377 -4.72616e-01 | 33 -0.05430  1.26289e+01
 34 -0.00505 -3.87952e+01 | 35  0.01961 -7.99929e+01 | 36 -0.06473 -4.71495e+01
 37  0.03405 -7.67033e+01 | 38 -0.04520 -5.07592e+01 | 39 -0.08742 -3.77209e+01
 40 -0.07334 -2.22724e+01 | 41  0.00283 -4.23137e+01 | 42  0.00841  4.01092e+01
 43 -0.05994  1.17378e+02 | 44 -0.09333  1.15853e+02 | 45 -0.07360  1.15496e+02
 46 -0.08910  6.34496e+01 | 47 -0.13814  4.06112e+01 | 48 -0.17383  3.82977e+01
 49  0.13616  1.40583e+02 | 50  0.05858  8.13726e+01 | 51 -0.14373 -2.55991e+01
 52 -0.00590 -2.91300e+01 | 53  0.08552 -2.89223e+01 | 54 -0.05993 -4.53208e+01
 55  0.03046 -4.58389e+01 | 56 -0.01301 -3.79325e+01 | 57  0.09518 -6.03584e+01
 58  0.05183 -5.04693e+01 | 59 -0.04043 -5.06638e+01 | 60  0.01787 -8.64186e+01
 61  0.09083 -1.79115e+02 | 62 -0.09476 -6.02257e+01 | 63 -0.13178 -5.35415e+01
 64  0.06308 -3.15452e+01 | 65 -0.17759 -2.66613e+01 | 66 -0.04287  2.75302e+01
 67  0.02690  3.58367e+01 | 68 -0.05997 -5.89191e+00 | 69 -0.04149 -5.79571e+00
 70 -0.05626 -9.35535e+00 |
Maximum number of function evaluations exceeded

 - final statistics:
70 variables; iteration 62; function evaluation 100
Function value 6.1107e+02; maximum gradient component mag -3.4637e+02
Exit code = 3;  converg criter 1.0000e+01
Var    Value     Gradient |Var    Value     Gradient |Var    Value     Gradient
  1  0.02894 -3.46366e+02 |  2 -0.00019 -1.43117e+00 |  3 -0.02027 -2.47480e+00
  4 -0.01786 -2.16570e+00 |  5 -0.01513 -1.82756e+00 |  6 -0.01278 -1.62952e+00
  7 -0.00857 -1.07313e+00 |  8 -0.00690 -1.14793e+00 |  9 -0.00386 -9.85476e-01
 10  0.00110 -4.94473e-01 | 11  0.00518  5.68917e-02 | 12  0.00689  4.84216e-01
 13  0.00723  8.24576e-01 | 14  0.01078  1.81230e+00 | 15  0.01896  3.31576e+00
 16  0.02873  4.73714e+00 | 17  0.02721  3.42358e+00 | 18  0.08180  1.29234e+01
 19  0.24589  2.27354e+01 | 20  0.11575  2.04074e+01 | 21  0.11944  2.91113e+01
 22  0.04116  1.96950e+01 | 23 -0.00676  1.36958e+01 | 24  0.01274  3.30223e+01
 25 -0.04545  2.00851e+01 | 26 -0.04227  3.56044e+01 | 27 -0.08522  2.37826e+01
 28 -0.10592  2.11735e+01 | 29 -0.09558  3.07564e+01 | 30 -0.10119  1.12579e+01
 31  0.02485  1.92770e+01 | 32 -0.01438 -3.02989e+00 | 33 -0.05490  1.09842e+01
 34 -0.00642 -3.84923e+01 | 35  0.01977 -7.59259e+01 | 36 -0.06509 -4.43132e+01
 37  0.03294 -7.13056e+01 | 38 -0.04478 -4.86323e+01 | 39 -0.08878 -3.75202e+01
 40 -0.07424 -2.32997e+01 | 41  0.00243 -4.59093e+01 | 42  0.00744  3.45441e+01
 43 -0.06055  1.13706e+02 | 44 -0.09425  1.12607e+02 | 45 -0.07392  1.12090e+02
 46 -0.09004  5.88765e+01 | 47 -0.13901  3.76519e+01 | 48 -0.17543  3.63019e+01
 49  0.13555  1.40131e+02 | 50  0.05783  8.64690e+01 | 51 -0.14259 -2.35042e+01
 52 -0.00578 -2.41604e+01 | 53  0.08444 -1.96662e+01 | 54 -0.06098 -4.14743e+01
 55  0.03164 -3.64328e+01 | 56 -0.01531 -3.22317e+01 | 57  0.09543 -5.30209e+01
 58  0.05032 -4.77708e+01 | 59 -0.04081 -4.99920e+01 | 60  0.01769 -8.53972e+01
 61  0.09014 -1.78185e+02 | 62 -0.09477 -6.11257e+01 | 63 -0.13301 -5.52107e+01
 64  0.06199 -4.26178e+01 | 65 -0.17496 -2.77962e+01 | 66 -0.04498  2.10640e+01
 67  0.02633  2.92956e+01 | 68 -0.06316 -7.60299e+00 | 69 -0.03880 -5.13584e+00
 70 -0.05321 -8.60244e+00 |

Initial statistics: 70 variables; iteration 0; function evaluation 0; phase 2
Function value 6.1106786e+02; maximum gradient component mag -3.4637e+02
Var    Value     Gradient |Var    Value     Gradient |Var    Value     Gradient
  1  0.02894 -3.46366e+02 |  2 -0.00019 -1.43117e+00 |  3 -0.02027 -2.47480e+00
  4 -0.01786 -2.16570e+00 |  5 -0.01513 -1.82756e+00 |  6 -0.01278 -1.62952e+00
  7 -0.00857 -1.07313e+00 |  8 -0.00690 -1.14793e+00 |  9 -0.00386 -9.85476e-01
 10  0.00110 -4.94473e-01 | 11  0.00518  5.68917e-02 | 12  0.00689  4.84216e-01
 13  0.00723  8.24576e-01 | 14  0.01078  1.81230e+00 | 15  0.01896  3.31576e+00
 16  0.02873  4.73714e+00 | 17  0.02721  3.42358e+00 | 18  0.08180  1.29234e+01
 19  0.24589  2.27354e+01 | 20  0.11575  2.04074e+01 | 21  0.11944  2.91113e+01
 22  0.04116  1.96950e+01 | 23 -0.00676  1.36958e+01 | 24  0.01274  3.30223e+01
 25 -0.04545  2.00851e+01 | 26 -0.04227  3.56044e+01 | 27 -0.08522  2.37826e+01
 28 -0.10592  2.11735e+01 | 29 -0.09558  3.07564e+01 | 30 -0.10119  1.12579e+01
 31  0.02485  1.92770e+01 | 32 -0.01438 -3.02989e+00 | 33 -0.05490  1.09842e+01
 34 -0.00642 -3.84923e+01 | 35  0.01977 -7.59259e+01 | 36 -0.06509 -4.43132e+01
 37  0.03294 -7.13056e+01 | 38 -0.04478 -4.86323e+01 | 39 -0.08878 -3.75202e+01
 40 -0.07424 -2.32997e+01 | 41  0.00243 -4.59093e+01 | 42  0.00744  3.45441e+01
 43 -0.06055  1.13706e+02 | 44 -0.09425  1.12607e+02 | 45 -0.07392  1.12090e+02
 46 -0.09004  5.88765e+01 | 47 -0.13901  3.76519e+01 | 48 -0.17543  3.63019e+01
 49  0.13555  1.40131e+02 | 50  0.05783  8.64690e+01 | 51 -0.14259 -2.35042e+01
 52 -0.00578 -2.41604e+01 | 53  0.08444 -1.96662e+01 | 54 -0.06098 -4.14743e+01
 55  0.03164 -3.64328e+01 | 56 -0.01531 -3.22317e+01 | 57  0.09543 -5.30209e+01
 58  0.05032 -4.77708e+01 | 59 -0.04081 -4.99920e+01 | 60  0.01769 -8.53972e+01
 61  0.09014 -1.78185e+02 | 62 -0.09477 -6.11257e+01 | 63 -0.13301 -5.52107e+01
 64  0.06199 -4.26178e+01 | 65 -0.17496 -2.77962e+01 | 66 -0.04498  2.10640e+01
 67  0.02633  2.92956e+01 | 68 -0.06316 -7.60299e+00 | 69 -0.03880 -5.13584e+00
 70 -0.05321 -8.60244e+00 |

Intermediate statistics: 70 variables; iteration 20; function evaluation 26; phase 2
Function value 5.8401578e+02; maximum gradient component mag -6.8630e+02
Var    Value     Gradient |Var    Value     Gradient |Var    Value     Gradient
  1  0.05045 -6.86304e+02 |  2  0.00597  4.60381e-01 |  3 -0.00919  6.06108e-01
  4 -0.00830  6.38376e-01 |  5 -0.00722  6.85654e-01 |  6 -0.00581  7.70936e-01
  7 -0.00425  8.49746e-01 |  8 -0.00205  1.02765e+00 |  9  0.00049  1.22933e+00
 10  0.00349  1.47263e+00 | 11  0.00562  1.74903e+00 | 12  0.00620  2.05887e+00
 13  0.00608  2.40009e+00 | 14  0.00612  2.82731e+00 | 15  0.00877  3.48958e+00
 16  0.01437  4.50079e+00 | 17  0.02296  5.69349e+00 | 18  0.03859  9.38464e+00
 19  0.37556  3.60371e+01 | 20  0.06479  1.67415e+01 | 21  0.04757  1.72001e+01
 22  0.00147  1.01347e+01 | 23 -0.02441  8.03819e+00 | 24 -0.04804  7.04185e+00
 25 -0.07364  5.63447e+00 | 26 -0.09871  4.11660e+00 | 27 -0.12019  3.09043e+00
 28 -0.13661  2.01667e+00 | 29 -0.14365 -1.94767e-01 | 30 -0.10764  1.86170e+00
 31 -0.01364  3.92201e-02 | 32  0.02496  1.81506e+01 | 33 -0.12109 -6.65174e+00
 34  0.01491  2.58246e+00 | 35 -0.00177 -9.06403e+00 | 36  0.00105  5.68954e+00
 37 -0.05398 -2.20058e+01 | 38 -0.00061  4.15997e+01 | 39 -0.10877 -6.79488e+00
 40 -0.20072 -3.86766e+01 | 41  0.01203 -1.61507e+01 | 42  0.00679  2.01513e+00
 43 -0.14524 -1.68340e+01 | 44 -0.12533 -1.26693e+01 | 45 -0.08222 -5.61807e+01
 46 -0.10982 -1.02794e+02 | 47 -0.23322 -5.80153e+01 | 48 -0.21910 -2.24290e+01
 49  0.15745 -8.06293e+01 | 50 -0.01381 -3.52532e-01 | 51 -0.03626  4.77701e+00
 52  0.03391  1.14411e+01 | 53  0.04348  2.20704e+01 | 54  0.04796  3.42965e+00
 55 -0.01569 -4.79832e+00 | 56  0.01554 -2.46402e+01 | 57  0.11085 -7.18386e+01
 58  0.01800 -3.96443e+01 | 59 -0.00941 -2.40921e+01 | 60  0.05460 -2.03419e+01
 61  0.07089 -2.21045e+01 | 62 -0.06422 -5.23014e+00 | 63 -0.02255  2.65252e+00
 64  0.01602 -1.99173e+00 | 65 -0.07470  4.72751e+00 | 66 -0.04835  1.48981e+01
 67  0.02019  2.15108e+01 | 68 -0.01514  4.68756e+00 | 69 -0.01329  7.75806e-01
 70 -0.01171  1.20425e+00 |
70 variables; iteration 40; function evaluation 53; phase 2
Function value 5.8027350e+02; maximum gradient component mag -8.4469e+02
Var    Value     Gradient |Var    Value     Gradient |Var    Value     Gradient
  1  0.05400 -8.44688e+02 |  2  0.00612  5.14943e-01 |  3 -0.00901  6.68107e-01
  4 -0.00818  6.88836e-01 |  5 -0.00715  7.24458e-01 |  6 -0.00578  8.03899e-01
  7 -0.00423  8.78404e-01 |  8 -0.00195  1.07305e+00 |  9  0.00075  1.30222e+00
 10  0.00403  1.59201e+00 | 11  0.00625  1.87067e+00 | 12  0.00652  2.08230e+00
 13  0.00582  2.26619e+00 | 14  0.00538  2.53750e+00 | 15  0.00802  3.12253e+00
 16  0.01361  4.02307e+00 | 17  0.02244  5.12681e+00 | 18  0.03224  7.42263e+00
 19  0.37746  2.81069e+01 | 20  0.03914  1.01254e+01 | 21  0.03796  1.35533e+01
 22  0.00153  9.05166e+00 | 23 -0.02991  5.25515e+00 | 24 -0.04817  6.06547e+00
 25 -0.07191  5.56833e+00 | 26 -0.09089  7.02169e+00 | 27 -0.11103  7.08068e+00
 28 -0.12544  7.27518e+00 | 29 -0.12881  6.70865e+00 | 30 -0.11768 -3.14465e+00
 31  0.00723 -3.82720e-01 | 32 -0.00138 -3.76983e+00 | 33 -0.10297 -9.17324e+00
 34  0.01486 -1.35597e+01 | 35 -0.00615 -1.95861e+01 | 36  0.00267 -1.88489e+01
 37 -0.05256 -6.02390e+01 | 38 -0.01063 -5.13973e+01 | 39 -0.13843 -4.48875e+01
 40 -0.14412 -4.30172e+01 | 41  0.00219 -8.25870e+01 | 42  0.00667 -1.09401e+02
 43 -0.17874 -5.89993e+01 | 44 -0.12238 -4.94567e+01 | 45 -0.10127 -4.82033e+01
 46 -0.09959 -2.92704e+01 | 47 -0.20081 -1.30225e+01 | 48 -0.22306 -6.58350e+00
 49  0.15477 -3.90755e+00 | 50 -0.00780  6.99416e+00 | 51 -0.04359  2.72021e+00
 52  0.03217  8.05801e+00 | 53  0.04913  1.79900e+01 | 54  0.03741  9.94678e-01
 55 -0.01257  7.90006e+00 | 56  0.02442  1.10052e+01 | 57  0.10416  2.42995e+01
 58  0.02834  1.81808e+01 | 59  0.00386  1.24574e+01 | 60  0.04056 -3.41608e+00
 61  0.07162 -1.92903e+01 | 62 -0.04748  6.24130e-01 | 63 -0.04577 -3.02517e+00
 64  0.02578  1.09692e+00 | 65 -0.08138 -1.29607e+00 | 66 -0.05256  7.11330e-01
 67  0.01769  4.45189e-01 | 68 -0.02727 -3.03176e+00 | 69 -0.01343  6.92779e-01
 70 -0.01163  1.20491e+00 |
70 variables; iteration 60; function evaluation 82; phase 2
Function value 5.7692479e+02; maximum gradient component mag -5.4724e+02
Var    Value     Gradient |Var    Value     Gradient |Var    Value     Gradient
  1  0.05955 -5.47242e+02 |  2  0.00301 -1.09860e-01 |  3 -0.01166  1.61208e-01
  4 -0.01027  3.39494e-01 |  5 -0.00828  6.29542e-01 |  6 -0.00573  1.01373e+00
  7 -0.00312  1.36267e+00 |  8 -0.00107  1.53342e+00 |  9 -0.00005  1.41717e+00
 10  0.00076  1.19805e+00 | 11  0.00148  1.15561e+00 | 12  0.00052  1.04379e+00
 13 -0.00020  1.14016e+00 | 14  0.00029  1.55841e+00 | 15 -0.00181  1.09877e+00
 16 -0.00163  8.55881e-01 | 17  0.00549  1.76099e+00 | 18  0.00999  2.87216e+00
 19  0.42138  1.99720e+01 | 20  0.02460  6.79915e+00 | 21  0.01020  6.17869e+00
 22 -0.01019  4.74899e+00 | 23 -0.04042  4.60669e-01 | 24 -0.04982  3.27856e+00
 25 -0.06753  4.60567e+00 | 26 -0.09841  9.01053e-01 | 27 -0.11728  1.26657e+00
 28 -0.13221  1.36085e+00 | 29 -0.13378  2.72703e+00 | 30 -0.09140  1.09185e+01
 31  0.02623  2.89924e+01 | 32 -0.00939  1.89442e+01 | 33 -0.07072  8.98042e+00
 34  0.02729 -8.32469e+00 | 35 -0.01191 -2.36535e+01 | 36  0.03037 -2.64821e+01
 37 -0.06777 -6.28674e+01 | 38 -0.01313 -4.20227e+01 | 39 -0.10696 -2.02630e+01
 40 -0.10863 -1.92429e+01 | 41 -0.02132 -4.34184e+01 | 42  0.03060 -5.92181e+01
 43 -0.20200 -4.77695e+01 | 44 -0.13529 -3.59589e+01 | 45 -0.08025 -4.61723e+01
 46 -0.11246 -4.05831e+01 | 47 -0.19770 -1.63645e+01 | 48 -0.20659 -2.94670e+00
 49  0.16901 -2.59263e+00 | 50 -0.00462  3.17273e+00 | 51 -0.02990  3.47809e-01
 52  0.04894  8.99669e+00 | 53  0.06141  2.42541e+01 | 54  0.05112  8.77839e+00
 55  0.01196  1.24988e+01 | 56  0.01563  2.37844e+00 | 57  0.13156  4.78821e+00
 58  0.02084 -5.11599e+00 | 59  0.01252 -2.80891e+00 | 60  0.05541  3.61121e-01
 61  0.09377  5.95230e+00 | 62 -0.05682  1.42272e+00 | 63 -0.03337  3.33651e+00
 64  0.04353  1.66918e+01 | 65 -0.06787  5.05105e+00 | 66 -0.05656 -1.05021e+00
 67  0.04102  7.62734e+00 | 68 -0.02473 -1.85245e+00 | 69 -0.02362 -2.02715e+00
 70 -0.02797 -3.04268e+00 |
Maximum number of function evaluations exceeded

 - final statistics:
70 variables; iteration 71; function evaluation 100
Function value 5.7495e+02; maximum gradient component mag -4.7125e+02
Exit code = 3;  converg criter 1.0000e+01
Var    Value     Gradient |Var    Value     Gradient |Var    Value     Gradient
  1  0.06606 -4.71252e+02 |  2 -0.00060 -9.27193e-01 |  3 -0.01148  2.44184e-01
  4 -0.00800  9.15454e-01 |  5 -0.00697  9.69276e-01 |  6 -0.00870  3.31091e-01
  7 -0.00976 -1.87501e-01 |  8 -0.00577  4.13310e-01 |  9 -0.00069  1.17859e+00
 10  0.00035  9.47426e-01 | 11 -0.00057  4.56029e-01 | 12 -0.00620 -7.79667e-01
 13 -0.01280 -2.11139e+00 | 14 -0.00973 -1.27208e+00 | 15 -0.01846 -3.34654e+00
 16 -0.01545 -3.11407e+00 | 17  0.00005 -6.53564e-01 | 18 -0.00259 -1.37088e+00
 19  0.44007 -1.99179e+01 | 20 -0.00722 -2.39741e+00 | 21 -0.03991 -7.94816e+00
 22 -0.01429  6.93005e-01 | 23 -0.03544 -1.11351e+00 | 24 -0.05714 -2.30694e+00
 25 -0.08253 -4.05931e+00 | 26 -0.10687 -5.39253e+00 | 27 -0.12115 -3.39885e+00
 28 -0.13787 -4.42804e+00 | 29 -0.12966  1.27368e-01 | 30 -0.10160 -1.89621e+00
 31  0.03045  2.28788e+00 | 32 -0.00962  3.33120e-01 | 33 -0.08015 -9.27747e-01
 34  0.04223 -1.45060e+01 | 35 -0.02720 -3.17158e+01 | 36  0.03444 -3.06644e+01
 37 -0.06296 -5.60148e+01 | 38 -0.01315 -2.83768e+01 | 39 -0.11426 -1.94007e+01
 40 -0.09315 -2.25181e+01 | 41 -0.03678 -6.08102e+01 | 42  0.03026 -6.97791e+01
 43 -0.15822 -3.95143e+01 | 44 -0.18359 -4.46234e+01 | 45 -0.06988 -5.24373e+01
 46 -0.12312 -4.09364e+01 | 47 -0.19221 -1.14125e+01 | 48 -0.20628 -2.56082e+00
 49  0.17214  2.25658e+01 | 50  0.00220  1.40656e+01 | 51 -0.02933  5.14302e+00
 52  0.05267  1.61480e+01 | 53  0.06848  3.27133e+01 | 54  0.05074  1.69336e+01
 55  0.01832  2.14528e+01 | 56  0.02876  1.14187e+01 | 57  0.12527  2.25572e+01
 58  0.04725  1.49701e+01 | 59  0.00291  7.72529e+00 | 60  0.05668  2.06744e+01
 61  0.10314  4.62378e+01 | 62 -0.05668  1.18908e+01 | 63 -0.03433  1.16436e+01
 64  0.04963  3.25078e+01 | 65 -0.07278  7.80032e+00 | 66 -0.04143  7.30048e+00
 67  0.03791  7.71683e+00 | 68 -0.01790 -6.83980e-01 | 69 -0.00496  2.49684e+00
 70 -0.00733  1.96686e+00 |

Initial statistics: 79 variables; iteration 0; function evaluation 0; phase 3
Function value 5.7495047e+02; maximum gradient component mag 5.0774e+02
Var    Value     Gradient |Var    Value     Gradient |Var    Value     Gradient
  1  0.06606 -4.71252e+02 |  2  0.00000 -6.58767e-01 |  3 -0.00060 -9.27193e-01
  4 -0.01148  2.44184e-01 |  5 -0.00800  9.15454e-01 |  6 -0.00697  9.69276e-01
  7 -0.00870  3.31091e-01 |  8 -0.00976 -1.87501e-01 |  9 -0.00577  4.13310e-01
 10 -0.00069  1.17859e+00 | 11  0.00035  9.47426e-01 | 12 -0.00057  4.56029e-01
 13 -0.00620 -7.79667e-01 | 14 -0.01280 -2.11139e+00 | 15 -0.00973 -1.27208e+00
 16 -0.01846 -3.34654e+00 | 17 -0.01545 -3.11407e+00 | 18  0.00005 -6.53564e-01
 19 -0.00259 -1.37088e+00 | 20  0.44007 -1.99179e+01 | 21 -0.00722 -2.39741e+00
 22 -0.03991 -7.94816e+00 | 23 -0.01429  6.93005e-01 | 24 -0.03544 -1.11351e+00
 25 -0.05714 -2.30694e+00 | 26 -0.08253 -4.05931e+00 | 27 -0.10687 -5.39253e+00
 28 -0.12115 -3.39885e+00 | 29 -0.13787 -4.42804e+00 | 30 -0.12966  1.27368e-01
 31 -0.10160 -1.89621e+00 | 32  0.03045  2.28788e+00 | 33 -0.00962  3.33120e-01
 34 -0.08015 -9.27747e-01 | 35  0.04223 -1.45060e+01 | 36 -0.02720 -3.17158e+01
 37  0.03444 -3.06644e+01 | 38 -0.06296 -5.60148e+01 | 39 -0.01315 -2.83768e+01
 40 -0.11426 -1.94007e+01 | 41 -0.09315 -2.25181e+01 | 42 -0.03678 -6.08102e+01
 43  0.03026 -6.97791e+01 | 44 -0.15822 -3.95143e+01 | 45 -0.18359 -4.46234e+01
 46 -0.06988 -5.24373e+01 | 47 -0.12312 -4.09364e+01 | 48 -0.19221 -1.14125e+01
 49 -0.20628 -2.56082e+00 | 50  0.17214  2.25658e+01 | 51  0.00220  1.40656e+01
 52 -0.02933  5.14302e+00 | 53  0.05267  1.61480e+01 | 54  0.06848  3.27133e+01
 55  0.05074  1.69336e+01 | 56  0.01832  2.14528e+01 | 57  0.02876  1.14187e+01
 58  0.12527  2.25572e+01 | 59  0.04725  1.49701e+01 | 60  0.00291  7.72529e+00
 61  0.05668  2.06744e+01 | 62  0.10314  4.62378e+01 | 63 -0.05668  1.18908e+01
 64 -0.03433  1.16436e+01 | 65  0.04963  3.25078e+01 | 66 -0.07278  7.80032e+00
 67 -0.04143  7.30048e+00 | 68  0.03791  7.71683e+00 | 69 -0.01790 -6.83980e-01
 70 -0.00496  2.49684e+00 | 71 -0.00733  1.96686e+00 | 72 -0.38722  4.71005e+00
 73 -0.03301  6.57350e+00 | 74 -0.10660  6.06204e+01 | 75  0.07752  5.07739e+02
 76  0.05795 -6.86166e+00 | 77  0.07752  1.67809e+00 | 78 -0.38722 -8.74234e+00
 79  0.07752  1.33186e+00 |

Intermediate statistics: 79 variables; iteration 20; function evaluation 30; phase 3
Function value 4.7957483e+02; maximum gradient component mag -4.0605e+02
Var    Value     Gradient |Var    Value     Gradient |Var    Value     Gradient
  1  0.05737 -1.35373e+02 |  2  0.00456  7.65874e-01 |  3  0.00622  1.09983e+00
  4 -0.01573 -3.86319e-01 |  5 -0.01900 -1.25373e+00 |  6 -0.01899 -1.33423e+00
  7 -0.01522 -5.13381e-01 |  8 -0.01202  1.68562e-01 |  9 -0.01499 -6.20505e-01
 10 -0.01905 -1.65224e+00 | 11 -0.01745 -1.31388e+00 | 12 -0.01434 -4.88639e-01
 13 -0.00769  1.48906e+00 | 14 -0.00124  3.68240e+00 | 15 -0.00845  2.72176e+00
 16  0.00229  6.20285e+00 | 17  0.00002  6.23137e+00 | 18 -0.01564  2.44354e+00
 19 -0.01292  4.18176e+00 | 20  0.50230  1.90257e+02 | 21 -0.00985  7.56437e+00
 22  0.01975  1.99647e+01 | 23 -0.03937  4.55352e+00 | 24 -0.03744  9.08206e+00
 25 -0.04638  1.17770e+01 | 26 -0.06065  1.39058e+01 | 27 -0.08093  1.39271e+01
 28 -0.10618  1.14150e+01 | 29 -0.12539  1.12122e+01 | 30 -0.14125  1.14238e+01
 31 -0.14819  1.11380e+01 | 32 -0.17260 -6.34764e+00 | 33  0.08724  2.72646e+02
 34 -0.16313 -5.06953e-01 | 35  0.04876 -9.81160e+01 | 36  0.02856 -2.18310e+02
 37 -0.00241 -2.45333e+02 | 38  0.05425 -4.06047e+02 | 39 -0.09361 -1.22059e+02
 40 -0.01201 -1.84977e+02 | 41 -0.13355 -8.29226e+01 | 42  0.00742 -1.25584e+02
 43  0.01560 -2.53724e+01 | 44 -0.07515  1.00498e+01 | 45 -0.13900  5.75124e+01
 46 -0.04036  3.49107e+02 | 47 -0.12553  1.42892e+02 | 48 -0.11064  1.35929e+02
 49 -0.15257  7.20458e+01 | 50  0.20473  2.94071e+02 | 51 -0.19549 -2.55470e+01
 52  0.11390  3.31286e+01 | 53  0.05333 -3.84435e+01 | 54  0.01835 -2.51267e+01
 55  0.15219  2.48302e+02 | 56 -0.08637  1.87368e+01 | 57  0.13645  7.05964e+01
 58  0.04212 -7.86682e+01 | 59  0.12285 -2.85010e+01 | 60  0.08402 -3.98427e+01
 61 -0.02915 -6.91589e+01 | 62  0.14802 -1.61707e+02 | 63 -0.05921 -4.06562e+01
 64  0.00336 -6.48452e+01 | 65  0.06040 -1.17712e+02 | 66 -0.08289 -3.36179e+01
 67 -0.00487  7.36297e+00 | 68  0.06361  7.49973e+01 | 69 -0.01553  5.57664e+00
 70 -0.02471 -2.54406e+00 | 71 -0.02193 -1.87068e+00 | 72 -0.52795 -3.32357e+01
 73 -0.14960  4.70091e+00 | 74 -0.21796 -1.19825e+02 | 75 -0.19275  9.67949e+01
 76  0.11663 -7.42711e+00 | 77  0.12825  9.31147e+00 | 78  0.01294 -1.80444e+02
 79 -0.08741  7.32819e+01 |
79 variables; iteration 40; function evaluation 57; phase 3
Function value 4.7563488e+02; maximum gradient component mag 4.6518e+02
Var    Value     Gradient |Var    Value     Gradient |Var    Value     Gradient
  1  0.04596 -2.54764e+02 |  2  0.00446  8.49819e-01 |  3  0.00616  1.21808e+00
  4 -0.01609 -3.35433e-01 |  5 -0.01959 -1.23290e+00 |  6 -0.01969 -1.29955e+00
  7 -0.01583 -4.02976e-01 |  8 -0.01257  3.56189e-01 |  9 -0.01595 -4.69169e-01
 10 -0.02062 -1.57916e+00 | 11 -0.01928 -1.20397e+00 | 12 -0.01622 -2.72143e-01
 13 -0.00897  1.99463e+00 | 14 -0.00185  4.54976e+00 | 15 -0.00991  3.48223e+00
 16  0.00200  7.62601e+00 | 17 -0.00081  7.77190e+00 | 18 -0.01965  3.21450e+00
 19 -0.01683  5.35425e+00 | 20  0.50319  2.62078e+02 | 21 -0.01368  9.54108e+00
 22  0.02558  2.65603e+01 | 23 -0.04599  5.40215e+00 | 24 -0.04091  1.12122e+01
 25 -0.04768  1.48260e+01 | 26 -0.06002  1.78572e+01 | 27 -0.07962  1.79729e+01
 28 -0.10567  1.47169e+01 | 29 -0.12491  1.46731e+01 | 30 -0.14117  1.61062e+01
 31 -0.14910  1.91156e+01 | 32 -0.16895  8.12516e+00 | 33  0.09735  4.25060e+02
 34 -0.17671 -1.85818e-02 | 35  0.05773 -1.29328e+02 | 36  0.00940 -2.08658e+02
 37  0.04184 -3.18292e+02 | 38  0.03868 -4.01009e+02 | 39 -0.10757 -1.19335e+02
 40  0.02401 -1.45180e+02 | 41 -0.15184 -6.76993e+01 | 42  0.00807 -1.46203e+02
 43  0.02746 -3.13411e+01 | 44 -0.07307  1.27835e+00 | 45 -0.13007  4.76508e+01
 46 -0.03444  3.09618e+02 | 47 -0.13206  9.43314e+01 | 48 -0.09890  1.06157e+02
 49 -0.14205  6.84378e+01 | 50  0.21089  4.65179e+02 | 51 -0.20828 -2.41472e+01
 52  0.11971  6.53248e+01 | 53  0.04748 -5.35730e+01 | 54  0.02229 -4.11286e+01
 55  0.15471  2.04533e+02 | 56 -0.08174  3.53632e-01 | 57  0.12414 -6.81410e+01
 58  0.06219 -1.33380e+02 | 59  0.11969 -7.43950e+01 | 60  0.08410 -7.41087e+01
 61 -0.02175 -7.77887e+01 | 62  0.15212 -1.58121e+02 | 63 -0.10158 -3.70126e+01
 64  0.03983 -4.35383e+01 | 65  0.04393 -1.04210e+02 | 66 -0.05724 -4.08231e+01
 67 -0.01277 -1.39095e+01 | 68  0.06777  6.13165e+01 | 69 -0.02138  3.20587e+00
 70 -0.02467 -2.54133e+00 | 71 -0.02196 -1.86223e+00 | 72 -0.56712 -2.17108e+02
 73 -0.59169  5.53722e+00 | 74 -0.21503 -2.61299e+01 | 75 -0.19668  6.33801e+01
 76  0.39080 -3.52591e+00 | 77  0.43003  9.02432e-01 | 78  0.02268 -9.31538e+01
 79 -0.18907  3.81103e+01 |
79 variables; iteration 60; function evaluation 80; phase 3
Function value 4.5651536e+02; maximum gradient component mag 2.6402e+02
Var    Value     Gradient |Var    Value     Gradient |Var    Value     Gradient
  1  0.06024  1.20145e+02 |  2 -0.01202 -3.39018e+00 |  3 -0.01450 -4.06608e+00
  4 -0.01701 -8.28403e-01 |  5 -0.00881  1.05752e+00 |  6 -0.00607  1.60422e+00
  7 -0.00948  6.57061e-01 |  8 -0.01134  6.53276e-02 |  9 -0.00478  1.44727e+00
 10 -0.00169  1.96601e+00 | 11 -0.00830  1.94693e-01 | 12 -0.01266 -9.13151e-01
 13 -0.01062 -1.97983e-01 | 14 -0.01778 -1.41415e+00 | 15 -0.00914  1.28832e+00
 16 -0.03341 -4.20743e+00 | 17 -0.02584 -2.18080e+00 | 18  0.01005  6.57564e+00
 19  0.00810  6.93204e+00 | 20  0.46951  1.07967e+02 | 21 -0.00017  6.76028e+00
 22 -0.01012  6.82914e+00 | 23 -0.00841  1.13588e+01 | 24 -0.07228 -4.90130e+00
 25 -0.04410  1.08392e+01 | 26 -0.07624  6.54061e+00 | 27 -0.08650  1.20908e+01
 28 -0.12178  5.94258e+00 | 29 -0.15569 -5.08158e-01 | 30 -0.17336  1.74971e-01
 31 -0.15277  1.81780e+01 | 32 -0.11413  3.80821e+01 | 33  0.06198  2.64019e+02
 34 -0.14129  1.83471e+01 | 35  0.02695 -6.30378e+01 | 36  0.01323 -9.39777e+01
 37  0.04324 -2.21955e+02 | 38 -0.03388 -2.40492e+02 | 39 -0.04196 -9.62598e+01
 40 -0.01682 -3.57667e+01 | 41 -0.13944 -3.86403e+01 | 42 -0.01391 -5.10375e+01
 43  0.00400  8.90896e+01 | 44 -0.06346  9.48384e+01 | 45 -0.18374  3.01438e+01
 46 -0.05683  2.53680e+02 | 47 -0.16306  5.17244e+01 | 48 -0.11495  8.19471e+01
 49 -0.17568  3.30890e+01 | 50  0.18683  1.20029e+02 | 51 -0.13720 -4.01842e+00
 52  0.09479  2.07142e+01 | 53  0.03896 -3.82862e+01 | 54  0.02031 -3.06514e+01
 55  0.12985  9.64498e+01 | 56 -0.05659 -1.78921e+01 | 57  0.07084 -7.55856e+01
 58  0.10665 -4.27244e+01 | 59  0.08572 -6.40304e+00 | 60  0.03611 -2.14954e+01
 61  0.05362 -2.66975e+01 | 62  0.11339 -1.25867e+02 | 63 -0.09652 -4.64024e+01
 64  0.02259 -4.26136e+01 | 65  0.02916 -7.71300e+01 | 66 -0.06145 -2.68718e+01
 67 -0.03720 -1.27650e+01 | 68  0.05272  5.10503e+01 | 69 -0.06623 -9.75559e+00
 70  0.00774  5.53736e+00 | 71  0.00148  4.03722e+00 | 72 -0.56713 -8.67964e+01
 73 -0.70465  1.01373e+00 | 74 -0.21315  8.93831e+01 | 75 -0.17958  4.68902e+01
 76  1.32135  1.08633e+00 | 77  1.24099 -4.07958e-02 | 78  0.05126 -1.56503e+02
 79 -0.15744  2.81006e+01 |
79 variables; iteration 80; function evaluation 107; phase 3
Function value 4.0803735e+02; maximum gradient component mag -1.1562e+03
Var    Value     Gradient |Var    Value     Gradient |Var    Value     Gradient
  1  0.10910 -2.25794e+02 |  2  0.02509  5.96154e+00 |  3  0.02349  5.55525e+00
  4 -0.00163  3.32201e+00 |  5 -0.00779  1.80998e+00 |  6 -0.00915  1.46889e+00
  7 -0.00942  1.37105e+00 |  8 -0.01148  8.34915e-01 |  9  0.00076  3.83998e+00
 10  0.03008  1.10532e+01 | 11 -0.02354 -2.01642e+00 | 12 -0.04485 -7.08786e+00
 13  0.00388  5.55141e+00 | 14  0.00938  7.91703e+00 | 15  0.03173  1.51788e+01
 16 -0.05434 -6.94579e+00 | 17  0.05326  2.43279e+01 | 18 -0.05782 -6.50772e+00
 19 -0.13513 -2.57386e+01 | 20  0.48342  3.04267e+02 | 21  0.09638  5.37985e+01
 22  0.01990  2.88375e+01 | 23  0.12923  9.73869e+01 | 24 -0.21384 -3.98420e+01
 25  0.01214  5.44392e+01 | 26 -0.08682  1.20327e+01 | 27 -0.08446  2.45899e+01
 28 -0.11796  1.86833e+01 | 29 -0.14241  1.84042e+01 | 30 -0.18620  5.69330e+00
 31 -0.17111  2.04667e+01 | 32 -0.11591  3.46600e+01 | 33  0.02989  6.05651e+01
 34 -0.13208 -4.15269e+00 | 35  0.05416 -3.66944e+01 | 36  0.01397 -1.15923e+02
 37  0.06615 -2.95459e+02 | 38 -0.09298 -1.91822e+02 | 39  0.03019 -1.52314e+02
 40 -0.10056 -6.61234e+01 | 41 -0.13844 -3.81852e+01 | 42 -0.00040 -3.96765e+01
 43 -0.02448 -1.17389e+02 | 44 -0.11853 -1.02031e+02 | 45 -0.17054 -5.20429e+01
 46 -0.12840 -1.07528e+01 | 47 -0.13701 -1.67020e+01 | 48 -0.16050  1.09275e+01
 49 -0.19498  4.24814e+01 | 50  0.18918 -1.18483e+02 | 51 -0.13315 -4.00558e+01
 52  0.11206 -3.68132e+01 | 53  0.03579  2.39274e+01 | 54  0.09295  9.04335e+01
 55  0.10114  1.01458e+00 | 56 -0.00209  4.66103e+00 | 57  0.11181  4.59710e+01
 58  0.07850 -6.42325e+01 | 59  0.10724 -3.44500e+01 | 60  0.05714 -1.09229e+01
 61  0.05401 -2.23723e+01 | 62  0.10304 -5.04728e+01 | 63  0.04935  5.56877e+01
 64 -0.08558  3.11853e+00 | 65  0.07987  1.54257e+02 | 66 -0.05188  7.94683e+01
 67 -0.01213  8.77866e+01 | 68  0.02892  6.34267e+01 | 69  0.06344  4.27000e+01
 70 -0.03237 -4.54568e+00 | 71 -0.03068 -4.10995e+00 | 72 -0.56730 -8.20791e+01
 73 -0.79370  3.84258e-01 | 74 -0.25285 -1.15619e+03 | 75 -0.31338  1.42411e+02
 76  0.66930 -1.17445e+00 | 77  1.53845 -2.65288e-01 | 78  0.21345 -3.87079e+02
 79 -0.09046  1.97823e+02 |
79 variables; iteration 100; function evaluation 139; phase 3
Function value 3.5530186e+02; maximum gradient component mag -1.7381e+02
Var    Value     Gradient |Var    Value     Gradient |Var    Value     Gradient
  1  0.10455  5.01280e+01 |  2 -0.01219 -3.49412e+00 |  3  0.01465  2.89497e+00
  4 -0.02931 -3.90424e+00 |  5 -0.04144 -6.92675e+00 |  6  0.00786  4.74032e+00
  7 -0.02487 -3.22628e+00 |  8 -0.01533 -1.14862e+00 |  9 -0.00746  4.73960e-01
 10 -0.00357  1.09059e+00 | 11 -0.00024  1.49820e+00 | 12 -0.00135  9.86044e-01
 13  0.00557  2.66732e+00 | 14 -0.01841 -2.43983e+00 | 15 -0.01603 -1.45510e+00
 16 -0.00587  1.10001e+00 | 17 -0.01864 -2.06906e+00 | 18  0.00693  3.29879e+00
 19  0.01988  6.64352e+00 | 20  0.48529  3.90152e+01 | 21 -0.02142 -2.09220e+00
 22 -0.02367 -6.20834e-01 | 23 -0.04401 -3.00913e+00 | 24 -0.02661  6.43912e+00
 25 -0.06139  1.44916e+00 | 26 -0.08055  2.79629e+00 | 27 -0.10850  1.76506e+00
 28 -0.13807  9.77494e-01 | 29 -0.17083 -3.28834e-01 | 30 -0.20273 -2.13161e+00
 31 -0.20557  2.42926e+00 | 32 -0.13967  2.04824e+01 | 33  0.05174  8.81620e+01
 34 -0.12185  1.60155e+01 | 35  0.06389  1.55891e+01 | 36  0.00110 -3.45135e+01
 37  0.08207 -4.00915e+01 | 38 -0.05828 -1.41451e+02 | 39  0.01701 -7.74803e+01
 40 -0.12057 -5.24595e+01 | 41 -0.09532 -1.22891e+01 | 42 -0.02382  3.62168e+00
 43 -0.00926  3.92128e+01 | 44 -0.10142  9.13581e+00 | 45 -0.17166  1.08863e+01
 46 -0.12167  6.85646e+01 | 47 -0.12838  5.04180e+01 | 48 -0.14127  4.28188e+01
 49 -0.20171  1.27092e+01 | 50  0.19355 -3.11764e+01 | 51 -0.10730 -1.19143e+01
 52  0.11054 -5.73728e+00 | 53  0.04783 -1.94926e+01 | 54  0.05785 -1.84890e+01
 55  0.12662  2.48892e+01 | 56 -0.02086 -3.52812e+00 | 57  0.09620  2.51707e+01
 58  0.11302  2.76801e+01 | 59  0.09527  4.21538e+01 | 60  0.06926  2.98563e+01
 61  0.04510  4.95222e+00 | 62  0.12929 -5.59640e+01 | 63 -0.02694 -3.20826e+01
 64 -0.02377 -3.50270e+01 | 65  0.06586 -2.93340e+01 | 66 -0.07451 -6.44548e+00
 67 -0.01855 -8.94709e-01 | 68  0.04190  1.46267e+01 | 69 -0.03462 -3.26441e+00
 70 -0.00636  1.84241e+00 | 71 -0.02940 -3.79186e+00 | 72 -0.56745 -6.73758e+00
 73 -0.82317 -4.31739e-01 | 74 -0.24712 -1.73807e+02 | 75 -0.31582  5.77646e+01
 76  0.21027 -1.31410e+00 | 77  1.68703 -1.02698e+00 | 78  0.21813 -5.72767e+01
 79 -0.21315  2.78223e+01 |
79 variables; iteration 120; function evaluation 166; phase 3
Function value 2.5049565e+02; maximum gradient component mag -1.1146e+03
Var    Value     Gradient |Var    Value     Gradient |Var    Value     Gradient
  1  0.02237 -1.11455e+03 |  2 -0.00437 -1.94215e+00 |  3  0.00929  1.17088e+00
  4 -0.02032 -2.11685e+00 |  5 -0.02438 -3.23735e+00 |  6  0.00084  2.51506e+00
  7 -0.01055 -3.75971e-01 |  8 -0.00663  2.75363e-01 |  9 -0.00309  7.84709e-01
 10  0.00147  1.46382e+00 | 11  0.00536  1.89791e+00 | 12  0.00747  2.00480e+00
 13  0.00191  9.69446e-01 | 14 -0.00488 -6.03433e-03 | 15 -0.00244  1.19045e+00
 16  0.00102  2.15057e+00 | 17 -0.00823 -1.36013e-01 | 18  0.00717  2.40608e+00
 19  0.00408  2.17188e+00 | 20  0.38508  3.46148e+01 | 21 -0.01486 -9.96736e-01
 22 -0.01407  1.82409e+00 | 23 -0.03196  9.26440e-01 | 24 -0.04279  2.64229e+00
 25 -0.06958  9.28325e-01 | 26 -0.09644  9.39314e-01 | 27 -0.13038 -1.50753e+00
 28 -0.16750 -4.49776e+00 | 29 -0.20264 -5.14029e+00 | 30 -0.23643 -6.21873e+00
 31 -0.24752 -7.86606e+00 | 32 -0.18021  2.91994e+00 | 33  0.06479 -1.27967e+02
 34 -0.10220 -3.12089e+01 | 35  0.03681 -1.30058e+02 | 36  0.04209 -1.23411e+02
 37 -0.01142 -9.54030e+01 | 38  0.08621 -1.11982e+02 | 39 -0.03412 -6.45917e+01
 40 -0.06544 -1.52122e+02 | 41 -0.06850 -6.81902e+01 | 42  0.02579 -9.20429e+01
 43 -0.04121 -1.58435e+02 | 44 -0.02549 -1.07540e+02 | 45 -0.09669 -6.20606e+01
 46 -0.09285 -9.20877e+01 | 47 -0.09517 -6.44901e+01 | 48 -0.09245 -6.23895e+01
 49 -0.21622 -1.84665e+01 | 50  0.16528 -8.97888e+01 | 51 -0.09137 -1.86612e+01
 52  0.07442  1.85145e+01 | 53  0.01899  2.96146e+01 | 54  0.03401  5.36855e+01
 55  0.08362  8.78129e+01 | 56 -0.02528  2.66887e+01 | 57  0.05610  9.55790e+01
 58  0.08659  1.12437e+02 | 59  0.07130  1.00180e+02 | 60  0.03621  8.16006e+01
 61  0.03073  1.29955e+02 | 62  0.09753  1.73968e+02 | 63 -0.02379  4.62711e+01
 64 -0.04112  3.58126e+01 | 65  0.03583  5.51236e+01 | 66 -0.08451  1.10151e+01
 67 -0.03753  9.59053e+00 | 68  0.00497 -2.70153e+00 | 69 -0.03745 -3.68436e+00
 70 -0.01849 -5.13325e-01 | 71 -0.02216 -1.34381e+00 | 72 -0.56780 -1.99000e+02
 73 -1.21060 -2.25667e+00 | 74 -0.26623 -1.28999e+02 | 75 -0.57513  1.18432e+01
 76 -2.98980  2.54677e-02 | 77  1.25644 -2.79251e-01 | 78  0.31186 -1.69301e+01
 79 -0.25725  7.93789e+00 |
79 variables; iteration 140; function evaluation 201; phase 3
Function value 1.1255098e+02; maximum gradient component mag 7.3758e+03
Var    Value     Gradient |Var    Value     Gradient |Var    Value     Gradient
  1  0.01113  7.37582e+03 |  2 -0.00754  2.59445e+00 |  3  0.00125  6.01922e+00
  4 -0.03515  3.70752e-01 |  5 -0.04003 -9.22491e-02 |  6 -0.01521  8.59668e+00
  7 -0.02920  5.63300e+00 |  8 -0.03105  6.58169e+00 |  9 -0.03121  8.25359e+00
 10 -0.03425  9.02513e+00 | 11 -0.03280  1.15473e+01 | 12 -0.02824  1.52300e+01
 13 -0.02306  2.00109e+01 | 14 -0.02947  2.07508e+01 | 15 -0.03349  2.35142e+01
 16 -0.03531  2.69442e+01 | 17 -0.03619  3.19107e+01 | 18 -0.03699  3.70440e+01
 19 -0.03278  4.60086e+01 | 20  0.19738  3.61007e+02 | 21 -0.03500  5.26925e+01
 22 -0.04576  4.38512e+01 | 23 -0.04584  4.39733e+01 | 24 -0.04138  4.79443e+01
 25 -0.05288  4.07007e+01 | 26 -0.05818  3.75638e+01 | 27 -0.06505  2.91487e+01
 28 -0.06778  2.30228e+01 | 29 -0.08612  2.34742e+01 | 30 -0.13455  2.92975e+01
 31 -0.18126  2.93470e+01 | 32 -0.24781  2.78555e+01 | 33  0.07634  1.78508e+03
 34 -0.14885  2.52982e+02 | 35  0.01289  7.32530e+02 | 36  0.00387  1.79470e+02
 37 -0.12902 -7.02010e+01 | 38  0.09518  2.76229e+01 | 39 -0.15385 -9.37269e+01
 40  0.01353 -1.01606e+02 | 41 -0.08427 -5.76293e+01 | 42  0.04764  7.93296e+01
 43 -0.00305 -4.75199e+02 | 44 -0.07648 -3.43387e+02 | 45  0.04313 -1.56157e+02
 46 -0.17382 -3.31760e+02 | 47 -0.04278 -2.66983e+02 | 48 -0.03900 -3.26936e+02
 49 -0.29170 -5.32940e+01 | 50  0.09808 -2.84639e+02 | 51 -0.03950  3.24533e+00
 52 -0.00729  1.32849e+02 | 53 -0.04564  9.96150e+01 | 54 -0.03175  1.43971e+02
 55  0.00712  1.25246e+02 | 56 -0.06430  7.15922e+01 | 57 -0.01939  1.67301e+02
 58  0.02850  2.01633e+02 | 59  0.01101  1.39428e+02 | 60  0.00798  1.36056e+02
 61 -0.06468  9.08100e+01 | 62  0.04097  2.40900e+02 | 63 -0.06225  4.19890e+01
 64 -0.08198  7.70049e+01 | 65 -0.02524  1.50206e+02 | 66 -0.08450  1.07876e+02
 67 -0.08597  7.61678e+01 | 68 -0.04232  4.12211e+01 | 69 -0.07818 -4.16707e+00
 70 -0.03148 -7.25356e-01 | 71 -0.04294 -3.35545e+00 | 72 -0.56243  6.19876e+01
 73 -0.63519 -7.70644e+00 | 74 -0.27048  3.07524e+03 | 75 -0.60265 -3.71827e+01
 76 -3.30442  3.69029e+00 | 77  2.00871 -2.56717e+00 | 78  0.28890 -1.29998e+02
 79 -0.29103  4.21448e+01 |
79 variables; iteration 160; function evaluation 227; phase 3
Function value -1.1455148e+01; maximum gradient component mag 5.2120e+04
Var    Value     Gradient |Var    Value     Gradient |Var    Value     Gradient
  1  0.00967  5.21202e+04 |  2 -0.04266  6.18606e+01 |  3 -0.04375  7.48004e+01
  4 -0.07172  6.75601e+01 |  5 -0.07628  7.76661e+01 |  6 -0.06822  1.02916e+02
  7 -0.08274  1.03892e+02 |  8 -0.08275  1.22878e+02 |  9 -0.07620  1.53692e+02
 10 -0.06877  1.89049e+02 | 11 -0.06999  2.11717e+02 | 12 -0.06763  2.45216e+02
 13 -0.06417  2.81728e+02 | 14 -0.06543  3.07657e+02 | 15 -0.06902  3.38273e+02
 16 -0.06575  3.93695e+02 | 17 -0.06775  4.50722e+02 | 18 -0.06889  5.18266e+02
 19 -0.07315  5.62452e+02 | 20  0.16366  3.92664e+03 | 21 -0.05719  7.12507e+02
 22 -0.06604  6.02311e+02 | 23 -0.04888  6.72846e+02 | 24 -0.04515  7.08021e+02
 25 -0.04456  7.42282e+02 | 26 -0.04587  8.13419e+02 | 27 -0.05102  8.12178e+02
 28 -0.01505  1.05646e+03 | 29  0.00882  1.12785e+03 | 30 -0.02306  8.66608e+02
 31 -0.10835  4.51315e+02 | 32 -0.13693  3.41296e+02 | 33  0.05767  1.37193e+03
 34 -0.06477  1.90034e+02 | 35 -0.03071 -5.92623e+02 | 36  0.02208 -6.09502e+02
 37 -0.10364 -1.57554e+02 | 38  0.09223 -1.07842e+03 | 39 -0.21682 -1.92790e+02
 40  0.00579  5.57016e+02 | 41 -0.01591  1.28678e+03 | 42  0.02392  1.94256e+03
 43  0.01598  1.82824e+03 | 44 -0.01376  1.25551e+03 | 45 -0.01559  1.04805e+03
 46 -0.01007  8.17949e+02 | 47 -0.08355  6.05930e+02 | 48 -0.00942  9.11721e+02
 49 -0.24490  4.23651e+01 | 50  0.09328  1.08825e+02 | 51 -0.02245  6.09459e+01
 52 -0.05781 -1.82321e+02 | 53 -0.02948 -2.41863e+02 | 54 -0.07609 -2.10365e+02
 55 -0.00134 -2.41640e+02 | 56 -0.06407 -1.17334e+02 | 57 -0.04946 -1.52161e+02
 58  0.01660 -1.43642e+02 | 59  0.01926 -9.44014e+01 | 60 -0.02456 -1.47005e+02
 61 -0.04085 -4.46419e+01 | 62  0.00498 -1.21434e+01 | 63 -0.02613  2.53532e+01
 64 -0.10177  2.98587e+00 | 65 -0.04670  6.37726e+01 | 66 -0.05290  2.38265e+02
 67 -0.10442  8.39730e+01 | 68 -0.03773  9.25710e+01 | 69 -0.06733  1.54899e+01
 70 -0.04879 -2.96494e+00 | 71 -0.05499 -4.50275e+00 | 72 -0.57182  1.56883e+04
 73 -1.06669  3.16098e+01 | 74 -0.26413  1.31674e+04 | 75 -0.41340 -6.01486e+02
 76 -3.45712  1.95971e+02 | 77  2.24415  2.28550e+01 | 78  0.27192 -3.87728e+00
 79 -0.41548  7.69869e-01 |
79 variables; iteration 180; function evaluation 250; phase 3
Function value -7.2645371e+01; maximum gradient component mag 6.0141e+04
Var    Value     Gradient |Var    Value     Gradient |Var    Value     Gradient
  1  0.01307  6.01406e+04 |  2 -0.01110  4.80491e+01 |  3 -0.01782  5.33845e+01
  4 -0.02584  6.22763e+01 |  5 -0.02627  7.40487e+01 |  6 -0.04912  6.73161e+01
  7 -0.04177  8.75628e+01 |  8 -0.05851  8.53137e+01 |  9 -0.05727  1.01460e+02
 10 -0.06249  1.10333e+02 | 11 -0.06675  1.20710e+02 | 12 -0.06454  1.41401e+02
 13 -0.07529  1.42255e+02 | 14 -0.06640  1.75275e+02 | 15 -0.06299  2.08939e+02
 16 -0.05563  2.54522e+02 | 17 -0.07040  2.56999e+02 | 18 -0.09230  2.40280e+02
 19 -0.08870  2.80208e+02 | 20  0.14146  1.97040e+03 | 21 -0.07689  3.39096e+02
 22 -0.08859  2.68861e+02 | 23 -0.08713  2.57501e+02 | 24 -0.06464  3.27425e+02
 25 -0.05968  3.70657e+02 | 26 -0.06468  4.22281e+02 | 27 -0.08182  4.32472e+02
 28 -0.00871  9.74414e+02 | 29  0.01286  1.34626e+03 | 30 -0.01707  1.31273e+03
 31 -0.10957  7.14970e+02 | 32 -0.15800  5.29952e+02 | 33  0.05369  3.79172e+03
 34 -0.12315  9.89494e+02 | 35 -0.00902  2.23586e+03 | 36  0.01274  2.50621e+03
 37 -0.15133  5.28303e+02 | 38  0.07880  3.38003e+03 | 39 -0.13564  3.74261e+02
 40  0.00320  1.36367e+03 | 41 -0.05057  5.95684e+02 | 42  0.02351  7.21472e+02
 43 -0.00264  3.06883e+02 | 44 -0.01327  9.88169e+01 | 45 -0.03373 -9.47984e+01
 46 -0.00912 -1.86706e+02 | 47 -0.10895 -7.34171e+01 | 48 -0.01299  1.42599e+02
 49 -0.27158  2.82885e+01 | 50  0.09168  2.92203e+02 | 51 -0.09187  6.70015e+00
 52 -0.02442  4.37314e+01 | 53 -0.07092  1.92780e+01 | 54 -0.06157  4.67127e+01
 55 -0.01200  1.01371e+02 | 56 -0.07994  4.83906e+01 | 57 -0.04829  5.91760e+01
 58  0.01085  8.47353e+01 | 59 -0.00671  6.13604e+01 | 60 -0.01076  6.88652e+01
 61 -0.06485  6.29553e+01 | 62 -0.00039  9.09702e+01 | 63 -0.03932  6.79836e+01
 64 -0.12234  2.24780e+01 | 65 -0.03290  4.90568e+01 | 66 -0.11846 -1.39116e+01
 67 -0.09067  1.40645e+00 | 68 -0.05450  1.87749e+01 | 69 -0.08386 -8.38132e-01
 70 -0.03712  1.32028e-01 | 71 -0.04252 -9.03168e-01 | 72 -0.56766  3.64118e+03
 73 -1.07331  1.49219e+01 | 74 -0.26093  1.03712e+04 | 75 -0.35700 -6.56948e+02
 76 -3.45663  1.81613e+02 | 77  2.11413  1.19408e+02 | 78  0.28027 -7.18880e+00
 79 -0.36760  1.83186e+00 |
79 variables; iteration 200; function evaluation 274; phase 3
Function value -8.5966883e+01; maximum gradient component mag 7.3889e+04
Var    Value     Gradient |Var    Value     Gradient |Var    Value     Gradient
  1  0.01520  7.38887e+04 |  2 -0.00980  8.36686e+01 |  3 -0.00754  1.03670e+02
  4 -0.02350  1.09636e+02 |  5 -0.02443  1.30012e+02 |  6 -0.02665  1.51629e+02
  7 -0.02440  1.83484e+02 |  8 -0.03167  2.01664e+02 |  9 -0.03880  2.20266e+02
 10 -0.04404  2.41740e+02 | 11 -0.04605  2.71868e+02 | 12 -0.05084  2.97580e+02
 13 -0.05873  3.11881e+02 | 14 -0.05975  3.46811e+02 | 15 -0.05496  4.13723e+02
 16 -0.06235  4.37944e+02 | 17 -0.07823  4.39549e+02 | 18 -0.10145  4.10050e+02
 19 -0.07575  5.78390e+02 | 20  0.12268  3.05518e+03 | 21 -0.08811  5.56880e+02
 22 -0.09856  4.44522e+02 | 23 -0.10589  3.93155e+02 | 24 -0.08045  5.21006e+02
 25 -0.04891  7.65666e+02 | 26 -0.07040  7.51721e+02 | 27 -0.09430  7.16122e+02
 28 -0.01291  1.68971e+03 | 29  0.00307  2.13353e+03 | 30 -0.01192  2.09884e+03
 31 -0.12111  8.58413e+02 | 32 -0.16179  5.79818e+02 | 33  0.04726  3.44327e+03
 34 -0.12922  8.67110e+02 | 35 -0.00929  2.06452e+03 | 36 -0.00050  2.05973e+03
 37 -0.11338  6.80579e+02 | 38  0.06138  2.68367e+03 | 39 -0.08892  6.06558e+02
 40 -0.01258  1.23196e+03 | 41 -0.04969  7.03242e+02 | 42  0.01824  1.09668e+03
 43 -0.00632  7.58978e+02 | 44 -0.02213  5.93942e+02 | 45 -0.03249  4.75014e+02
 46 -0.01749  3.81035e+02 | 47 -0.10491  1.18662e+02 | 48 -0.02324  1.02013e+02
 49 -0.24605  9.27578e+00 | 50  0.08184 -1.06660e+02 | 51 -0.07211 -2.25034e+01
 52 -0.04382 -7.38358e+01 | 53 -0.06408 -5.08356e+01 | 54 -0.07073 -5.88656e+01
 55 -0.02083 -7.82101e+01 | 56 -0.07959 -4.21171e+01 | 57 -0.05788 -6.61376e+01
 58  0.00610 -8.58282e+01 | 59 -0.01279 -6.42720e+01 | 60 -0.01265 -5.68564e+01
 61 -0.07895 -4.58649e+01 | 62 -0.00330 -6.98827e+01 | 63 -0.04966 -3.33731e+01
 64 -0.11580 -2.06136e+01 | 65 -0.04546 -6.10179e+01 | 66 -0.11342 -4.54447e+01
 67 -0.09555 -3.51342e+01 | 68 -0.06391 -2.62368e+01 | 69 -0.07595 -7.59914e-01
 70 -0.04095 -3.78208e-01 | 71 -0.03800  6.60993e-01 | 72 -0.56537  9.80611e+02
 73 -0.97868 -7.34393e-01 | 74 -0.25982  1.26772e+04 | 75 -0.35053 -8.72800e+02
 76 -3.49333  8.99033e+01 | 77  2.21718  2.88392e+01 | 78  0.27548 -3.59721e+00
 79 -0.39731  7.93749e-01 |
79 variables; iteration 220; function evaluation 296; phase 3
Function value -9.4610837e+01; maximum gradient component mag 2.8635e+04
Var    Value     Gradient |Var    Value     Gradient |Var    Value     Gradient
  1  0.01584  2.86346e+04 |  2 -0.00917  4.18508e+01 |  3 -0.00395  5.44214e+01
  4 -0.01836  5.87147e+01 |  5 -0.01972  6.91696e+01 |  6 -0.02244  8.00352e+01
  7 -0.02381  9.36214e+01 |  8 -0.03670  9.63301e+01 |  9 -0.03556  1.14616e+02
 10 -0.03887  1.28538e+02 | 11 -0.03418  1.55356e+02 | 12 -0.03927  1.69942e+02
 13 -0.04737  1.77875e+02 | 14 -0.04836  1.98566e+02 | 15 -0.05222  2.19348e+02
 16 -0.05563  2.40692e+02 | 17 -0.06828  2.46961e+02 | 18 -0.08353  2.43861e+02
 19 -0.06928  3.09417e+02 | 20  0.08861  1.22566e+03 | 21 -0.07694  3.09188e+02
 22 -0.08166  2.63683e+02 | 23 -0.09023  2.34776e+02 | 24 -0.07473  2.87752e+02
 25 -0.05457  3.85858e+02 | 26 -0.06571  4.16942e+02 | 27 -0.08091  4.25316e+02
 28 -0.01534  8.70599e+02 | 29  0.00264  1.11028e+03 | 30 -0.01801  1.04915e+03
 31 -0.12267  4.45311e+02 | 32 -0.16093  3.03650e+02 | 33  0.04655  1.68454e+03
 34 -0.13963  3.40452e+02 | 35 -0.00748  7.37492e+02 | 36 -0.01020  5.50639e+02
 37 -0.08297  2.03462e+02 | 38  0.04566  3.95827e+02 | 39 -0.05342  9.84761e+01
 40 -0.03293  8.08429e+01 | 41 -0.03560  4.75932e+01 | 42  0.01028 -1.54719e+01
 43 -0.00538  2.73066e+01 | 44 -0.02339  3.50933e+01 | 45 -0.03907  9.56499e-01
 46 -0.01618  8.81817e+01 | 47 -0.11045 -1.74931e+01 | 48 -0.02496  6.65355e-01
 49 -0.24591 -3.27686e+00 | 50  0.08342 -2.83720e+01 | 51 -0.09187  2.43458e+00
 52 -0.03823 -2.28973e+01 | 53 -0.07316 -1.15678e+01 | 54 -0.06585 -5.95794e+00
 55 -0.02512 -2.46699e+01 | 56 -0.08342 -5.20172e+00 | 57 -0.05489 -4.60735e+00
 58  0.00384 -1.57039e+01 | 59 -0.01526 -1.83652e+01 | 60 -0.01527 -5.15819e+00
 61 -0.07874 -6.91362e+00 | 62 -0.00296 -1.05732e+01 | 63 -0.05695 -1.68328e+01
 64 -0.11575 -8.91436e+00 | 65 -0.04715 -1.67594e+01 | 66 -0.11387 -1.13938e+01
 67 -0.09641 -3.85808e+00 | 68 -0.06385 -3.48457e+00 | 69 -0.08096  2.44637e-02
 70 -0.04095 -3.20922e-01 | 71 -0.04107 -4.01888e-02 | 72 -0.56304  5.29901e+02
 73 -0.71710 -1.43722e+01 | 74 -0.25554  4.10608e+03 | 75 -0.31858 -3.82126e+02
 76 -3.55416  3.05323e+01 | 77  2.44912  2.67850e-03 | 78  0.27346 -2.41715e-01
 79 -0.43638  4.22713e-02 |
79 variables; iteration 240; function evaluation 319; phase 3
Function value -9.6956766e+01; maximum gradient component mag 3.3738e+03
Var    Value     Gradient |Var    Value     Gradient |Var    Value     Gradient
  1  0.01670  3.37383e+03 |  2 -0.00984  4.50068e+00 |  3 -0.01128  5.41708e+00
  4 -0.02686  5.94621e+00 |  5 -0.02731  7.42181e+00 |  6 -0.02854  8.88133e+00
  7 -0.03154  9.95142e+00 |  8 -0.03875  9.63953e+00 |  9 -0.03885  1.20700e+01
 10 -0.04165  1.35731e+01 | 11 -0.04257  1.60024e+01 | 12 -0.04586  1.76564e+01
 13 -0.04963  1.89927e+01 | 14 -0.05366  2.02878e+01 | 15 -0.05669  2.29934e+01
 16 -0.05732  2.67687e+01 | 17 -0.06468  2.79038e+01 | 18 -0.07207  2.83637e+01
 19 -0.06859  3.43706e+01 | 20  0.07173  1.71808e+02 | 21 -0.07046  3.63476e+01
 22 -0.07481  2.94681e+01 | 23 -0.07347  2.93811e+01 | 24 -0.06780  3.41810e+01
 25 -0.05892  4.29411e+01 | 26 -0.06825  4.33363e+01 | 27 -0.07514  4.32268e+01
 28 -0.02121  8.91178e+01 | 29  0.00320  1.09482e+02 | 30 -0.02430  9.78500e+01
 31 -0.12408  4.27616e+01 | 32 -0.16032  3.12127e+01 | 33  0.04419  1.96814e+02
 34 -0.14498  4.83634e+01 | 35 -0.00780  1.21976e+02 | 36 -0.01626  9.33243e+01
 37 -0.07130  3.42532e+01 | 38  0.03585  2.38302e+01 | 39 -0.04151  3.37928e+01
 40 -0.04358 -3.94331e+01 | 41 -0.03420 -4.42225e+00 | 42  0.00819 -3.33051e+01
 43 -0.00798 -9.40652e+00 | 44 -0.02823  7.60091e+00 | 45 -0.03535  2.62933e+01
 46 -0.02385  4.03292e+01 | 47 -0.10179  2.64480e+01 | 48 -0.03602  4.77456e+01
 49 -0.19626  9.64461e+00 | 50  0.08186  2.63179e+01 | 51 -0.11234 -3.70969e+00
 52 -0.03499 -4.26946e+00 | 53 -0.07799 -3.23323e+00 | 54 -0.06782 -3.50736e+00
 55 -0.02723 -7.39396e+00 | 56 -0.08780 -2.58541e+00 | 57 -0.05639 -5.85989e+00
 58  0.00117 -6.66233e+00 | 59 -0.01609 -6.05464e+00 | 60 -0.02048 -5.04330e+00
 61 -0.07611 -4.03810e+00 | 62 -0.00752 -8.33944e+00 | 63 -0.05876 -5.69929e+00
 64 -0.11680 -4.05088e+00 | 65 -0.04999 -5.50157e+00 | 66 -0.11476 -2.44346e+00
 67 -0.09776 -3.34429e+00 | 68 -0.06468 -4.64223e+00 | 69 -0.08359 -1.07901e+00
 70 -0.04070 -6.43609e-02 | 71 -0.04174 -4.54223e-02 | 72 -0.56193  1.85428e+01
 73 -0.57881 -2.43286e+00 | 74 -0.25379  4.09689e+02 | 75 -0.32964 -3.96591e+01
 76 -3.56748  2.58345e+00 | 77  2.58628  4.13360e-03 | 78  0.27181 -3.55133e-02
 79 -0.46561  3.25848e-04 |
79 variables; iteration 260; function evaluation 339; phase 3
Function value -9.7323819e+01; maximum gradient component mag 3.2278e+03
Var    Value     Gradient |Var    Value     Gradient |Var    Value     Gradient
  1  0.01679  3.22778e+03 |  2 -0.00933  4.39885e+00 |  3 -0.00866  5.92931e+00
  4 -0.02644  5.76677e+00 |  5 -0.02863  6.63107e+00 |  6 -0.02828  8.54631e+00
  7 -0.03118  9.59385e+00 |  8 -0.03238  1.14347e+01 |  9 -0.03557  1.27143e+01
 10 -0.04097  1.31646e+01 | 11 -0.04161  1.56484e+01 | 12 -0.04710  1.63112e+01
 13 -0.04906  1.83983e+01 | 14 -0.05362  1.94318e+01 | 15 -0.05383  2.34991e+01
 16 -0.05405  2.75229e+01 | 17 -0.06173  2.84559e+01 | 18 -0.07165  2.74183e+01
 19 -0.06994  3.22154e+01 | 20  0.06919  1.64281e+02 | 21 -0.06623  3.75958e+01
 22 -0.07836  2.61883e+01 | 23 -0.07617  2.65295e+01 | 24 -0.07242  3.00968e+01
 25 -0.06354  3.89980e+01 | 26 -0.07435  3.98462e+01 | 27 -0.07337  4.76361e+01
 28 -0.01989  1.01258e+02 | 29  0.00291  1.29927e+02 | 30 -0.02749  1.12562e+02
 31 -0.12098  4.99868e+01 | 32 -0.16004  3.13626e+01 | 33  0.04351  1.54961e+02
 34 -0.14743  2.58590e+01 | 35 -0.00744  5.49113e+01 | 36 -0.01808  3.32069e+01
 37 -0.06925  1.92381e+01 | 38  0.03553  1.09931e+01 | 39 -0.04564  2.89832e+01
 40 -0.03980  1.79639e+01 | 41 -0.03795  2.30309e+01 | 42  0.00920  4.28055e+01
 43 -0.01010  2.87949e+01 | 44 -0.02752  3.24258e+01 | 45 -0.03656  1.22131e+01
 46 -0.02467  2.07538e+01 | 47 -0.10105  7.52738e+00 | 48 -0.03909  9.00814e+00
 49 -0.18174  9.05208e-01 | 50  0.07994 -1.68921e+01 | 51 -0.11037 -3.28531e+00
 52 -0.03634 -6.11862e+00 | 53 -0.07778 -3.65679e+00 | 54 -0.06829 -4.22309e+00
 55 -0.02789 -6.05439e+00 | 56 -0.08893 -1.57918e+00 | 57 -0.05589 -2.53578e+00
 58  0.00023 -3.73497e+00 | 59 -0.01605 -2.26872e+00 | 60 -0.02208 -3.95761e+00
 61 -0.07517 -1.70047e-01 | 62 -0.00831 -1.48762e+00 | 63 -0.05988 -5.44416e-01
 64 -0.11631 -3.27962e-01 | 65 -0.05051 -1.64849e+00 | 66 -0.11621 -1.89861e+00
 67 -0.09730 -9.68969e-01 | 68 -0.06507 -1.48657e+00 | 69 -0.08323 -1.82285e-01
 70 -0.04069 -2.81069e-02 | 71 -0.04159  2.41052e-02 | 72 -0.56203 -2.31821e+00
 73 -0.58294 -1.49260e+00 | 74 -0.25339  5.39452e+02 | 75 -0.33451 -5.38898e+01
 76 -3.53107  3.24333e+00 | 77  2.56847  3.90212e-03 | 78  0.27143 -3.21498e-02
 79 -0.47028 -6.33358e-04 |
79 variables; iteration 280; function evaluation 360; phase 3
Function value -9.8168005e+01; maximum gradient component mag 1.5385e+04
Var    Value     Gradient |Var    Value     Gradient |Var    Value     Gradient
  1  0.01705  1.53850e+04 |  2 -0.00856  1.88637e+01 |  3 -0.00975  2.25930e+01
  4 -0.02640  2.36692e+01 |  5 -0.02796  2.79665e+01 |  6 -0.02753  3.40282e+01
  7 -0.03208  3.80853e+01 |  8 -0.03833  4.15093e+01 |  9 -0.03701  5.02218e+01
 10 -0.04022  5.62535e+01 | 11 -0.04143  6.43868e+01 | 12 -0.04526  7.11970e+01
 13 -0.04810  7.85150e+01 | 14 -0.05065  8.65398e+01 | 15 -0.05541  9.47121e+01
 16 -0.06165  1.00931e+02 | 17 -0.06297  1.16089e+02 | 18 -0.06779  1.25790e+02
 19 -0.06091  1.49292e+02 | 20  0.05572  4.48628e+02 | 21 -0.06930  1.48289e+02
 22 -0.07197  1.31970e+02 | 23 -0.06639  1.40200e+02 | 24 -0.05940  1.59697e+02
 25 -0.05760  1.77007e+02 | 26 -0.06682  1.88426e+02 | 27 -0.08249  1.83722e+02
 28 -0.03116  3.39801e+02 | 29  0.00694  5.14231e+02 | 30 -0.02632  4.37078e+02
 31 -0.12854  1.86317e+02 | 32 -0.15391  1.45742e+02 | 33  0.04196  7.40203e+02
 34 -0.14450  1.62349e+02 | 35 -0.01005  4.01379e+02 | 36 -0.01599  3.68744e+02
 37 -0.07459  1.80707e+02 | 38  0.03640  3.57209e+02 | 39 -0.04847  1.59660e+02
 40 -0.03987  1.36828e+02 | 41 -0.03880  1.18740e+02 | 42  0.00850  1.50425e+02
 43 -0.01108  1.01760e+02 | 44 -0.02832  9.03868e+01 | 45 -0.03744  6.28786e+01
 46 -0.02560  7.36463e+01 | 47 -0.10200  3.47430e+01 | 48 -0.03978  5.03159e+01
 49 -0.18213  1.41136e+01 | 50  0.07912  1.15876e+01 | 51 -0.11053 -4.71770e-01
 52 -0.03722 -3.14793e+00 | 53 -0.07808 -2.34969e+00 | 54 -0.06999 -3.72024e+00
 55 -0.02713  2.59736e+00 | 56 -0.09113 -1.37703e+00 | 57 -0.05575 -1.24386e+00
 58 -0.00066 -3.07693e+00 | 59 -0.01624 -1.46817e+00 | 60 -0.02340 -6.49696e+00
 61 -0.07551 -1.73891e+00 | 62 -0.00924 -6.34649e+00 | 63 -0.06028 -1.62535e+00
 64 -0.11708 -1.03004e+00 | 65 -0.05172 -3.51566e+00 | 66 -0.11541 -5.02048e-01
 67 -0.09925 -4.34795e+00 | 68 -0.06574 -4.21020e+00 | 69 -0.08399 -6.54767e-01
 70 -0.04086 -7.01617e-02 | 71 -0.04215 -9.34595e-02 | 72 -0.56139  6.42927e+02
 73 -0.59862 -3.07924e+01 | 74 -0.25316  2.58330e+03 | 75 -0.33170 -2.66634e+02
 76 -3.49571  1.96619e+01 | 77  2.60241  5.43325e-02 | 78  0.27122 -2.36601e-02
 79 -0.48382 -2.61184e-03 |
79 variables; iteration 300; function evaluation 385; phase 3
Function value -1.0022551e+02; maximum gradient component mag 1.8149e+04
Var    Value     Gradient |Var    Value     Gradient |Var    Value     Gradient
  1  0.01832  1.81491e+04 |  2 -0.00787  2.01407e+01 |  3 -0.00804  2.45869e+01
  4 -0.02460  2.58272e+01 |  5 -0.02538  3.08853e+01 |  6 -0.02677  3.64474e+01
  7 -0.02761  4.31720e+01 |  8 -0.03140  4.88195e+01 |  9 -0.03268  5.67825e+01
 10 -0.03539  6.41071e+01 | 11 -0.03608  7.38586e+01 | 12 -0.03899  8.27221e+01
 13 -0.04092  9.23092e+01 | 14 -0.04572  9.93213e+01 | 15 -0.05155  1.07464e+02
 16 -0.05356  1.19869e+02 | 17 -0.05736  1.33272e+02 | 18 -0.06174  1.43707e+02
 19 -0.05954  1.59698e+02 | 20  0.00510  3.06588e+02 | 21 -0.06164  1.67541e+02
 22 -0.06402  1.51997e+02 | 23 -0.06715  1.48570e+02 | 24 -0.06802  1.56984e+02
 25 -0.06076  1.87690e+02 | 26 -0.06203  2.22401e+02 | 27 -0.06250  2.54693e+02
 28 -0.03097  3.79593e+02 | 29 -0.00126  5.32123e+02 | 30 -0.03024  4.71522e+02
 31 -0.12363  2.21659e+02 | 32 -0.16461  1.50144e+02 | 33  0.04030  8.55324e+02
 34 -0.15280  1.76272e+02 | 35 -0.01044  5.09526e+02 | 36 -0.02126  4.27532e+02
 37 -0.07544  2.48773e+02 | 38  0.03433  5.21908e+02 | 39 -0.05388  2.24730e+02
 40 -0.04127  2.36943e+02 | 41 -0.04176  2.06906e+02 | 42  0.00511  2.53384e+02
 43 -0.01283  1.93752e+02 | 44 -0.03266  1.37699e+02 | 45 -0.03940  1.15763e+02
 46 -0.02899  1.00803e+02 | 47 -0.10576  4.38783e+01 | 48 -0.04045  5.42862e+01
 49 -0.19821  4.82482e+00 | 50  0.07778  8.98884e+00 | 51 -0.11722 -7.80107e-01
 52 -0.03878 -3.43500e+00 | 53 -0.08256 -3.58316e+00 | 54 -0.07150 -4.95596e+00
 55 -0.03042 -7.31144e+00 | 56 -0.09271 -4.52186e+00 | 57 -0.05892 -6.02962e+00
 58 -0.00257 -7.91428e+00 | 59 -0.02002 -6.80996e+00 | 60 -0.02460 -5.30307e+00
 61 -0.08064 -5.41858e+00 | 62 -0.01067 -9.09877e+00 | 63 -0.06358 -6.05230e+00
 64 -0.12076 -3.87086e+00 | 65 -0.05341 -4.55047e+00 | 66 -0.11938 -2.42751e+00
 67 -0.10146 -2.46996e+00 | 68 -0.06875 -1.67225e+00 | 69 -0.08570 -2.02544e-01
 70 -0.04080  3.83524e-02 | 71 -0.04217  2.16416e-02 | 72 -0.55606  3.27340e+02
 73 -0.57280 -1.95703e+01 | 74 -0.25217  2.97599e+03 | 75 -0.31907 -3.22763e+02
 76 -3.52100  1.45062e+01 | 77  2.92133  2.52520e-02 | 78  0.27042 -2.44387e-02
 79 -0.55354 -3.72005e-03 |
79 variables; iteration 320; function evaluation 407; phase 3
Function value -1.0064080e+02; maximum gradient component mag 2.9971e+03
Var    Value     Gradient |Var    Value     Gradient |Var    Value     Gradient
  1  0.01862  2.99709e+03 |  2 -0.00671  3.98029e+00 |  3 -0.00745  4.88512e+00
  4 -0.02365  5.16769e+00 |  5 -0.02505  6.08611e+00 |  6 -0.02607  7.32056e+00
  7 -0.02797  8.47216e+00 |  8 -0.02839  1.03234e+01 |  9 -0.02969  1.20662e+01
 10 -0.03302  1.31490e+01 | 11 -0.03639  1.43410e+01 | 12 -0.03777  1.65149e+01
 13 -0.03916  1.86870e+01 | 14 -0.04544  1.87935e+01 | 15 -0.04413  2.31795e+01
 16 -0.05021  2.36414e+01 | 17 -0.05242  2.66932e+01 | 18 -0.05789  2.72277e+01
 19 -0.05659  3.02050e+01 | 20 -0.03110  4.72259e+01 | 21 -0.06065  2.97101e+01
 22 -0.06207  2.66128e+01 | 23 -0.05971  2.84778e+01 | 24 -0.06006  3.03751e+01
 25 -0.05227  3.83544e+01 | 26 -0.06462  3.75189e+01 | 27 -0.07268  3.93137e+01
 28 -0.02586  8.38126e+01 | 29 -0.00321  1.09575e+02 | 30 -0.03180  9.84886e+01
 31 -0.12749  4.54150e+01 | 32 -0.16375  3.27698e+01 | 33  0.03864  1.85889e+02
 34 -0.15181  4.00721e+01 | 35 -0.01207  9.92535e+01 | 36 -0.02190  7.43710e+01
 37 -0.07644  2.97340e+01 | 38  0.03304  5.20708e+01 | 39 -0.05594  1.00156e+01
 40 -0.04198  1.66401e+01 | 41 -0.04343  8.00848e+00 | 42  0.00432  1.85877e+01
 43 -0.01507  1.03208e+01 | 44 -0.03385  8.86382e+00 | 45 -0.04037  1.03512e+01
 46 -0.03172  2.21031e+00 | 47 -0.10462  3.87660e+00 | 48 -0.04564 -2.11004e+00
 49 -0.17905  1.12389e+00 | 50  0.07551 -4.71817e+00 | 51 -0.12030 -1.66552e+00
 52 -0.03943 -1.47372e+00 | 53 -0.08435 -1.00106e+00 | 54 -0.07136 -1.04056e+00
 55 -0.03222 -3.56479e+00 | 56 -0.09378 -1.61385e+00 | 57 -0.05918 -2.54108e+00
 58 -0.00365 -1.30393e+00 | 59 -0.02086  3.57878e-02 | 60 -0.02670 -1.72867e-01
 61 -0.08059  4.63212e-01 | 62 -0.01147  2.54592e+00 | 63 -0.06621  9.46991e-01
 64 -0.12016  1.54535e+00 | 65 -0.05463  1.30810e+00 | 66 -0.12094  4.03536e-01
 67 -0.10148 -1.25518e-01 | 68 -0.06974 -3.19884e-01 | 69 -0.08573  8.56503e-02
 70 -0.04099  2.12747e-02 | 71 -0.04239  6.17292e-03 | 72 -0.55106  9.27719e+00
 73 -0.56903 -3.42823e+00 | 74 -0.25106  5.03542e+02 | 75 -0.32131 -5.63639e+01
 76 -3.59200  7.40233e-01 | 77  3.25023 -7.57589e-03 | 78  0.26945 -2.69773e-02
 79 -0.62198 -4.65366e-03 |
79 variables; iteration 340; function evaluation 455; phase 3
Function value -1.0165304e+02; maximum gradient component mag 2.7437e+03
Var    Value     Gradient |Var    Value     Gradient |Var    Value     Gradient
  1  0.01857  2.74369e+03 |  2 -0.00771  3.07533e+00 |  3 -0.00879  3.74379e+00
  4 -0.02409  4.23902e+00 |  5 -0.02523  5.07563e+00 |  6 -0.02770  5.66979e+00
  7 -0.02920  6.73310e+00 |  8 -0.03036  8.06896e+00 |  9 -0.03366  8.81246e+00
 10 -0.03497  1.03306e+01 | 11 -0.03873  1.10744e+01 | 12 -0.04098  1.25037e+01
 13 -0.04486  1.32619e+01 | 14 -0.04368  1.62238e+01 | 15 -0.04575  1.86191e+01
 16 -0.05130  1.89703e+01 | 17 -0.05386  2.12993e+01 | 18 -0.05682  2.27202e+01
 19 -0.05512  2.54115e+01 | 20 -0.04270  3.33633e+01 | 21 -0.05788  2.54766e+01
 22 -0.05560  2.46825e+01 | 23 -0.05900  2.33393e+01 | 24 -0.05819  2.52776e+01
 25 -0.05423  2.98978e+01 | 26 -0.05625  3.41847e+01 | 27 -0.05748  3.88265e+01
 28 -0.03332  5.97451e+01 | 29 -0.00521  7.98214e+01 | 30 -0.02831  7.70604e+01
 31 -0.12899  3.47153e+01 | 32 -0.16418  2.55353e+01 | 33  0.03889  1.36224e+02
 34 -0.15258  2.69089e+01 | 35 -0.01183  8.28215e+01 | 36 -0.02186  7.86432e+01
 37 -0.07554  4.35252e+01 | 38  0.03252  1.01036e+02 | 39 -0.05415  4.28230e+01
 40 -0.04311  3.83116e+01 | 41 -0.04247  3.13307e+01 | 42  0.00398  3.00081e+01
 43 -0.01496  1.68443e+01 | 44 -0.03363  1.23020e+01 | 45 -0.04056  7.62965e+00
 46 -0.03147  5.97972e+00 | 47 -0.10479  5.28993e+00 | 48 -0.04534  4.40964e+00
 49 -0.17958  1.77729e-01 | 50  0.07563 -4.33001e+00 | 51 -0.12041 -7.09540e-01
 52 -0.03939 -2.18690e+00 | 53 -0.08445 -2.30079e+00 | 54 -0.07146 -2.63551e+00
 55 -0.03192 -3.08053e+00 | 56 -0.09408 -1.69598e+00 | 57 -0.05877 -2.18668e+00
 58 -0.00369 -3.61342e+00 | 59 -0.02083 -2.88797e+00 | 60 -0.02670 -2.62184e+00
 61 -0.08032 -1.55973e+00 | 62 -0.01179 -3.04765e+00 | 63 -0.06545 -6.75911e-01
 64 -0.12096 -9.85705e-01 | 65 -0.05433 -1.58442e+00 | 66 -0.12095 -8.59936e-01
 67 -0.10135 -1.30385e+00 | 68 -0.06964 -1.24418e+00 | 69 -0.08588 -2.57242e-01
 70 -0.04107  1.36169e-03 | 71 -0.04238  8.08966e-03 | 72 -0.54915 -1.00022e+01
 73 -0.56971 -1.46081e+00 | 74 -0.25092  4.98320e+02 | 75 -0.32044 -5.51086e+01
 76 -3.61778 -9.92036e+00 | 77  3.38616  5.19247e-01 | 78  0.26891 -2.86295e-02
 79 -0.64707 -5.07398e-03 |
79 variables; iteration 360; function evaluation 476; phase 3
Function value -1.0174447e+02; maximum gradient component mag 7.7575e+02
Var    Value     Gradient |Var    Value     Gradient |Var    Value     Gradient
  1  0.01851  7.75755e+02 |  2 -0.00711  1.38272e+00 |  3 -0.00821  1.68017e+00
  4 -0.02464  1.71552e+00 |  5 -0.02630  1.95936e+00 |  6 -0.02822  2.22292e+00
  7 -0.03012  2.59000e+00 |  8 -0.03129  3.26098e+00 |  9 -0.03389  3.57885e+00
 10 -0.03580  4.15795e+00 | 11 -0.03890  4.41094e+00 | 12 -0.04132  4.94479e+00
 13 -0.04405  5.34806e+00 | 14 -0.04585  6.12360e+00 | 15 -0.04954  6.75102e+00
 16 -0.05302  7.02755e+00 | 17 -0.05320  8.94672e+00 | 18 -0.05526  9.69353e+00
 19 -0.05580  1.04222e+01 | 20 -0.05140  1.27936e+01 | 21 -0.05604  1.10516e+01
 22 -0.05470  1.04987e+01 | 23 -0.05113  1.20439e+01 | 24 -0.05011  1.29928e+01
 25 -0.05272  1.27206e+01 | 26 -0.05647  1.30666e+01 | 27 -0.06035  1.29961e+01
 28 -0.03694  2.27805e+01 | 29  0.00117  3.22307e+01 | 30 -0.03286  2.49416e+01
 31 -0.12702  1.10482e+01 | 32 -0.16265  8.36614e+00 | 33  0.03911  3.72451e+01
 34 -0.15219  6.41787e+00 | 35 -0.01153  1.46448e+01 | 36 -0.02199  5.69451e+00
 37 -0.07510  2.14878e+00 | 38  0.03276 -1.55987e+00 | 39 -0.05402  2.38042e-01
 40 -0.04260  1.90272e-01 | 41 -0.04270 -1.64502e-01 | 42  0.00433  3.63196e+00
 43 -0.01450  4.76712e+00 | 44 -0.03365  3.65804e+00 | 45 -0.04025  7.66314e+00
 46 -0.03108  4.62703e+00 | 47 -0.10514  3.92960e+00 | 48 -0.04399  4.59124e+00
 49 -0.18563  3.60702e-01 | 50  0.07639  1.23145e+00 | 51 -0.12045 -2.10571e-02
 52 -0.03913 -2.13123e-03 | 53 -0.08424  1.21013e-01 | 54 -0.07136 -9.77548e-02
 55 -0.03151 -5.85432e-01 | 56 -0.09372 -2.15504e-01 | 57 -0.05878 -4.54475e-01
 58 -0.00336 -5.09879e-01 | 59 -0.02063 -4.27576e-01 | 60 -0.02623 -4.02986e-02
 61 -0.08067 -1.48106e-01 | 62 -0.01114  1.61037e-01 | 63 -0.06539 -1.81188e-01
 64 -0.12078 -1.00252e-01 | 65 -0.05399 -3.55942e-02 | 66 -0.12066  1.68631e-02
 67 -0.10129  1.37441e-01 | 68 -0.06947  5.82303e-02 | 69 -0.08552  2.98416e-02
 70 -0.04098  2.44137e-03 | 71 -0.04234 -3.11385e-03 | 72 -0.54803 -3.30844e+01
 73 -0.58036 -4.01810e-01 | 74 -0.25092  1.37345e+02 | 75 -0.31675 -1.37909e+01
 76 -3.61334 -1.63548e+01 | 77  3.45205  1.24591e+00 | 78  0.26876 -2.91698e-02
 79 -0.66073 -5.32592e-03 |
79 variables; iteration 380; function evaluation 498; phase 3
Function value -1.0183569e+02; maximum gradient component mag -1.0982e+03
Var    Value     Gradient |Var    Value     Gradient |Var    Value     Gradient
  1  0.01858 -1.09818e+03 |  2 -0.00710 -4.45913e-01 |  3 -0.00858 -6.08532e-01
  4 -0.02481 -6.42858e-01 |  5 -0.02617 -7.41848e-01 |  6 -0.02816 -9.67722e-01
  7 -0.02985 -1.08526e+00 |  8 -0.03183 -1.25791e+00 |  9 -0.03396 -1.45320e+00
 10 -0.03541 -1.43931e+00 | 11 -0.03764 -1.64175e+00 | 12 -0.03918 -1.65762e+00
 13 -0.04190 -2.01523e+00 | 14 -0.04484 -2.43940e+00 | 15 -0.04920 -2.94900e+00
 16 -0.05064 -3.04881e+00 | 17 -0.05291 -3.22811e+00 | 18 -0.05557 -3.76264e+00
 19 -0.05617 -3.82813e+00 | 20 -0.06210 -5.51253e+00 | 21 -0.05558 -3.82396e+00
 22 -0.05500 -4.07016e+00 | 23 -0.05302 -3.85828e+00 | 24 -0.05312 -4.34667e+00
 25 -0.05491 -5.44251e+00 | 26 -0.05286 -6.03345e+00 | 27 -0.04668 -6.44450e+00
 28 -0.04746 -1.02912e+01 | 29  0.00311 -1.47200e+01 | 30 -0.03417 -1.47484e+01
 31 -0.12490 -7.47673e+00 | 32 -0.16481 -6.05409e+00 | 33  0.03928 -3.88508e+01
 34 -0.15262 -1.19510e+01 | 35 -0.01189 -3.89957e+01 | 36 -0.02143 -4.25303e+01
 37 -0.07670 -3.20238e+01 | 38  0.03323 -7.08462e+01 | 39 -0.05489 -3.39758e+01
 40 -0.04238 -3.41338e+01 | 41 -0.04299 -3.01803e+01 | 42  0.00436 -3.29087e+01
 43 -0.01472 -2.29598e+01 | 44 -0.03350 -1.43259e+01 | 45 -0.04065 -9.55340e+00
 46 -0.03093 -7.55389e+00 | 47 -0.10562 -2.82604e+00 | 48 -0.04348 -2.79427e+00
 49 -0.18899 -8.05532e-01 | 50  0.07648  5.77810e-01 | 51 -0.12021  5.13887e-01
 52 -0.03934  4.33794e-01 | 53 -0.08439  5.71781e-01 | 54 -0.07160  5.04659e-01
 55 -0.03140  8.43776e-01 | 56 -0.09394  2.12973e-01 | 57 -0.05886  5.00140e-01
 58 -0.00348  7.82358e-01 | 59 -0.02064  6.82814e-01 | 60 -0.02630  8.40830e-01
 61 -0.08092  2.64965e-01 | 62 -0.01120  5.37971e-01 | 63 -0.06526  2.26626e-01
 64 -0.12114  2.73940e-02 | 65 -0.05399  8.43382e-02 | 66 -0.12064  6.75877e-02
 67 -0.10153  1.72014e-01 | 68 -0.06959  2.67324e-01 | 69 -0.08556  3.29446e-02
 70 -0.04104 -7.00705e-03 | 71 -0.04238 -9.19173e-03 | 72 -0.54637 -4.92043e+01
 73 -0.60032 -3.05719e-02 | 74 -0.25108 -1.76914e+02 | 75 -0.31618  2.14807e+01
 76 -3.60303 -9.08144e+00 | 77  3.54427  1.12422e+00 | 78  0.26861 -2.97126e-02
 79 -0.68049 -5.72473e-03 |
79 variables; iteration 400; function evaluation 518; phase 3
Function value -1.0184381e+02; maximum gradient component mag -3.2616e+02
Var    Value     Gradient |Var    Value     Gradient |Var    Value     Gradient
  1  0.01867 -3.26165e+02 |  2 -0.00705 -8.03695e-01 |  3 -0.00831 -9.80216e-01
  4 -0.02430 -9.75648e-01 |  5 -0.02546 -1.10705e+00 |  6 -0.02785 -1.53165e+00
  7 -0.02926 -1.68562e+00 |  8 -0.03124 -1.97819e+00 |  9 -0.03279 -2.15263e+00
 10 -0.03540 -2.58497e+00 | 11 -0.03731 -2.85294e+00 | 12 -0.03970 -3.26646e+00
 13 -0.04195 -3.66031e+00 | 14 -0.04375 -3.94496e+00 | 15 -0.04721 -4.40224e+00
 16 -0.04972 -5.01861e+00 | 17 -0.05266 -5.64346e+00 | 18 -0.05704 -6.83938e+00
 19 -0.05726 -6.95054e+00 | 20 -0.06483 -9.02696e+00 | 21 -0.05765 -7.36455e+00
 22 -0.05671 -7.38274e+00 | 23 -0.05510 -7.37449e+00 | 24 -0.05410 -7.76851e+00
 25 -0.05299 -8.40528e+00 | 26 -0.05072 -9.52122e+00 | 27 -0.04579 -1.07537e+01
 28 -0.04934 -1.51091e+01 | 29  0.00306 -2.07868e+01 | 30 -0.03484 -1.73691e+01
 31 -0.12372 -7.01595e+00 | 32 -0.16489 -4.78547e+00 | 33  0.03892 -1.87984e+01
 34 -0.15230 -2.38451e+00 | 35 -0.01215  3.28005e-01 | 36 -0.02171  5.97372e+00
 37 -0.07657  4.36324e+00 | 38  0.03295  1.84684e+01 | 39 -0.05505  6.88151e+00
 40 -0.04260  8.30319e+00 | 41 -0.04305  4.75107e+00 | 42  0.00403  3.93087e+00
 43 -0.01475  2.05169e+00 | 44 -0.03388 -1.36161e+00 | 45 -0.04069  1.34465e-01
 46 -0.03121 -1.93617e+00 | 47 -0.10569  3.01652e-01 | 48 -0.04374  4.53423e-01
 49 -0.18890  2.59190e-01 | 50  0.07629  5.83415e-01 | 51 -0.12072 -1.74574e-01
 52 -0.03940 -4.31545e-02 | 53 -0.08481 -1.12273e-01 | 54 -0.07170 -1.44278e-01
 55 -0.03170 -2.37303e-01 | 56 -0.09403 -1.06617e-01 | 57 -0.05910 -1.72034e-01
 58 -0.00370 -2.58602e-01 | 59 -0.02077 -1.17912e-01 | 60 -0.02665 -1.53302e-01
 61 -0.08091  1.03559e-01 | 62 -0.01151 -3.51848e-01 | 63 -0.06533  9.96683e-02
 64 -0.12139 -6.72316e-02 | 65 -0.05419 -1.29589e-01 | 66 -0.12078 -1.33052e-02
 67 -0.10173 -7.45358e-02 | 68 -0.06981 -3.14497e-02 | 69 -0.08568 -5.60399e-03
 70 -0.04106  1.35296e-03 | 71 -0.04238  5.52779e-03 | 72 -0.54593 -3.87018e+01
 73 -0.60405 -1.80254e-02 | 74 -0.25112 -4.61198e+01 | 75 -0.31656  7.52936e+00
 76 -3.59958 -4.68343e+00 | 77  3.56735  5.68251e-01 | 78  0.26858 -2.97021e-02
 79 -0.68542 -5.83141e-03 |
79 variables; iteration 420; function evaluation 538; phase 3
Function value -1.0186460e+02; maximum gradient component mag 1.6363e+02
Var    Value     Gradient |Var    Value     Gradient |Var    Value     Gradient
  1  0.01861  1.63627e+02 |  2 -0.00679  6.07949e-01 |  3 -0.00821  6.55198e-01
  4 -0.02384  8.49626e-01 |  5 -0.02476  1.10061e+00 |  6 -0.02763  8.90654e-01
  7 -0.02873  1.23560e+00 |  8 -0.03139  1.19915e+00 |  9 -0.03275  1.58597e+00
 10 -0.03501  1.75932e+00 | 11 -0.03817  1.68710e+00 | 12 -0.03948  2.21948e+00
 13 -0.04140  2.55599e+00 | 14 -0.04517  2.33384e+00 | 15 -0.04738  3.02780e+00
 16 -0.05100  2.86306e+00 | 17 -0.05325  3.44988e+00 | 18 -0.05426  4.10370e+00
 19 -0.05614  4.06204e+00 | 20 -0.06741  5.69597e-01 | 21 -0.05733  4.16671e+00
 22 -0.05318  4.95005e+00 | 23 -0.05339  4.98360e+00 | 24 -0.05522  4.67100e+00
 25 -0.05318  5.78973e+00 | 26 -0.04849  8.05218e+00 | 27 -0.05073  6.52542e+00
 28 -0.04870  4.33062e+00 | 29  0.00148  1.08324e+01 | 30 -0.03083  9.39061e+00
 31 -0.12883  2.31983e+00 | 32 -0.16415  1.57912e+00 | 33  0.03901  4.77174e+00
 34 -0.15303 -1.66266e+00 | 35 -0.01185 -5.55894e+00 | 36 -0.02231 -9.48939e+00
 37 -0.07506 -5.50680e+00 | 38  0.03232 -1.43187e+01 | 39 -0.05439 -5.77561e+00
 40 -0.04295 -3.14819e+00 | 41 -0.04277 -1.29060e+00 | 42  0.00390  8.92445e-01
 43 -0.01482  4.39584e+00 | 44 -0.03402  2.61989e+00 | 45 -0.04049  5.67389e+00
 46 -0.03156  2.55558e+00 | 47 -0.10515  2.72257e+00 | 48 -0.04472  2.40187e+00
 49 -0.18364  3.20079e-01 | 50  0.07592 -1.56826e-01 | 51 -0.12087 -2.14072e-02
 52 -0.03940 -2.30074e-01 | 53 -0.08483 -3.19432e-01 | 54 -0.07150 -4.11057e-01
 55 -0.03187 -5.89762e-01 | 56 -0.09409 -2.86151e-01 | 57 -0.05888 -1.96569e-01
 58 -0.00371 -3.43350e-01 | 59 -0.02084 -2.50091e-01 | 60 -0.02669 -2.42391e-01
 61 -0.08084 -2.89340e-01 | 62 -0.01147 -4.73391e-01 | 63 -0.06571 -2.15960e-01
 64 -0.12106 -1.32052e-01 | 65 -0.05421 -2.20458e-01 | 66 -0.12098 -1.75121e-01
 67 -0.10142 -1.29504e-01 | 68 -0.06978 -1.31051e-01 | 69 -0.08554 -6.67699e-03
 70 -0.04105  3.91314e-03 | 71 -0.04239  4.01803e-03 | 72 -0.54533 -3.95141e+01
 73 -0.60050 -1.58555e-02 | 74 -0.25108  4.19546e+01 | 75 -0.31956 -3.01388e+00
 76 -3.59505 -6.58575e-01 | 77  3.59168  1.27922e-01 | 78  0.26894 -2.84724e-02
 79 -0.68953 -5.92259e-03 |
79 variables; iteration 440; function evaluation 560; phase 3
Function value -1.0189638e+02; maximum gradient component mag -7.9360e+02
Var    Value     Gradient |Var    Value     Gradient |Var    Value     Gradient
  1  0.01857 -7.93599e+02 |  2 -0.00709  3.98660e-02 |  3 -0.00828  4.89587e-02
  4 -0.02446  6.17724e-02 |  5 -0.02557  1.45819e-01 |  6 -0.02798 -6.61106e-02
  7 -0.02910  1.20852e-01 |  8 -0.03061  2.43040e-01 |  9 -0.03363 -1.92723e-02
 10 -0.03601 -6.81541e-02 | 11 -0.03617  5.30114e-01 | 12 -0.04017  4.63918e-02
 13 -0.04103  4.60524e-01 | 14 -0.04386  3.12297e-01 | 15 -0.04692  4.49326e-01
 16 -0.05073 -4.36547e-02 | 17 -0.05303  1.58618e-01 | 18 -0.05331  7.02010e-01
 19 -0.05491  5.62928e-01 | 20 -0.07345 -4.99414e+00 | 21 -0.05613  4.17228e-01
 22 -0.05353  7.35551e-01 | 23 -0.05476  3.10532e-01 | 24 -0.05410  5.45674e-01
 25 -0.05360  6.97544e-01 | 26 -0.05373  5.13524e-01 | 27 -0.04728  8.64902e-01
 28 -0.04295 -2.22094e+00 | 29 -0.00146 -4.72837e+00 | 30 -0.03209 -5.85272e+00
 31 -0.12470 -3.71798e+00 | 32 -0.16564 -4.70591e+00 | 33  0.03885 -3.54796e+01
 34 -0.15320 -1.24405e+01 | 35 -0.01168 -4.26588e+01 | 36 -0.02293 -4.96836e+01
 37 -0.07354 -2.92703e+01 | 38  0.03156 -7.51196e+01 | 39 -0.05347 -3.02678e+01
 40 -0.04347 -3.12522e+01 | 41 -0.04255 -2.41732e+01 | 42  0.00379 -2.44037e+01
 43 -0.01498 -1.26564e+01 | 44 -0.03412 -7.97862e+00 | 45 -0.04045 -1.17609e+00
 46 -0.03185 -1.95557e+00 | 47 -0.10484  1.08503e+00 | 48 -0.04547  1.22605e+00
 49 -0.17988  5.43794e-02 | 50  0.07561  5.95471e-01 | 51 -0.12114  5.57417e-02
 52 -0.03945 -2.11876e-01 | 53 -0.08491 -1.31184e-01 | 54 -0.07139 -1.85694e-01
 55 -0.03203 -2.63249e-01 | 56 -0.09416 -2.37154e-01 | 57 -0.05878 -2.49348e-01
 58 -0.00377 -3.09505e-01 | 59 -0.02090 -2.02002e-01 | 60 -0.02686 -2.06591e-01
 61 -0.08070 -6.81334e-02 | 62 -0.01152 -7.34294e-03 | 63 -0.06597  2.40476e-02
 64 -0.12085  1.20675e-01 | 65 -0.05429 -5.02757e-02 | 66 -0.12107 -5.16091e-02
 67 -0.10125  2.25627e-03 | 68 -0.06978  8.46159e-02 | 69 -0.08541  3.24258e-02
 70 -0.04110 -3.10558e-03 | 71 -0.04242  2.05332e-03 | 72 -0.54418 -4.82527e+01
 73 -0.59777 -9.78414e-03 | 74 -0.25119 -1.17599e+02 | 75 -0.32296  1.47817e+01
 76 -3.58575 -2.50986e+00 | 77  3.63234  5.50331e-01 | 78  0.26992 -2.45862e-02
 79 -0.69677 -6.08877e-03 |
79 variables; iteration 460; function evaluation 581; phase 3
Function value -1.0190634e+02; maximum gradient component mag -1.1699e+03
Var    Value     Gradient |Var    Value     Gradient |Var    Value     Gradient
  1  0.01851 -1.16990e+03 |  2 -0.00691 -1.18253e+00 |  3 -0.00825 -1.46066e+00
  4 -0.02437 -1.52008e+00 |  5 -0.02578 -1.81251e+00 |  6 -0.02828 -2.37295e+00
  7 -0.02995 -2.71792e+00 |  8 -0.03093 -2.89930e+00 |  9 -0.03364 -3.52028e+00
 10 -0.03495 -3.77606e+00 | 11 -0.03724 -4.31372e+00 | 12 -0.04009 -5.02860e+00
 13 -0.04197 -5.50653e+00 | 14 -0.04342 -5.90076e+00 | 15 -0.04763 -6.77660e+00
 16 -0.04986 -7.54970e+00 | 17 -0.05140 -8.09456e+00 | 18 -0.05306 -8.78829e+00
 19 -0.05619 -9.71752e+00 | 20 -0.07870 -1.51569e+01 | 21 -0.05670 -1.02631e+01
 22 -0.05161 -9.21321e+00 | 23 -0.05178 -9.72443e+00 | 24 -0.05086 -1.02951e+01
 25 -0.05671 -1.25410e+01 | 26 -0.05527 -1.44593e+01 | 27 -0.04731 -1.65993e+01
 28 -0.03863 -2.19015e+01 | 29 -0.00376 -3.41442e+01 | 30 -0.03194 -2.93278e+01
 31 -0.12362 -1.29239e+01 | 32 -0.16437 -9.42405e+00 | 33  0.03861 -5.09269e+01
 34 -0.15249 -1.18645e+01 | 35 -0.01177 -3.10041e+01 | 36 -0.02281 -2.91945e+01
 37 -0.07322 -1.45956e+01 | 38  0.03146 -3.82856e+01 | 39 -0.05324 -1.38792e+01
 40 -0.04351 -1.74346e+01 | 41 -0.04235 -1.49806e+01 | 42  0.00381 -1.85454e+01
 43 -0.01500 -1.31969e+01 | 44 -0.03408 -1.14967e+01 | 45 -0.04032 -6.61759e+00
 46 -0.03195 -8.95874e+00 | 47 -0.10452 -2.85660e+00 | 48 -0.04586 -4.25006e+00
 49 -0.17748 -5.88093e-01 | 50  0.07544 -4.46649e-01 | 51 -0.12089  3.92744e-02
 52 -0.03943  7.62231e-02 | 53 -0.08488  1.21851e-01 | 54 -0.07124  1.49990e-01
 55 -0.03206  2.36073e-01 | 56 -0.09404  4.99459e-02 | 57 -0.05867 -4.63069e-02
 58 -0.00372  1.11733e-01 | 59 -0.02085  1.51349e-01 | 60 -0.02685  1.99823e-01
 61 -0.08055  8.76235e-02 | 62 -0.01153 -7.12907e-02 | 63 -0.06590  5.64214e-02
 64 -0.12080 -6.68036e-02 | 65 -0.05424 -1.26449e-01 | 66 -0.12095  1.36828e-01
 67 -0.10112  4.38405e-02 | 68 -0.06971  1.47550e-01 | 69 -0.08526  3.63171e-02
 70 -0.04111 -6.67653e-03 | 71 -0.04244 -3.61747e-03 | 72 -0.54311 -4.71469e+01
 73 -0.59895 -6.19677e-03 | 74 -0.25153 -1.72197e+02 | 75 -0.32730  2.10280e+01
 76 -3.57607 -1.21387e+00 | 77  3.66552  5.04073e-02 | 78  0.27108 -2.07117e-02
 79 -0.70146 -6.20049e-03 |
79 variables; iteration 480; function evaluation 601; phase 3
Function value -1.0193234e+02; maximum gradient component mag 1.4139e+03
Var    Value     Gradient |Var    Value     Gradient |Var    Value     Gradient
  1  0.01859  1.41394e+03 |  2 -0.00689  1.25576e+00 |  3 -0.00776  1.58283e+00
  4 -0.02431  1.57618e+00 |  5 -0.02564  1.87419e+00 |  6 -0.02680  2.32049e+00
  7 -0.02873  2.64197e+00 |  8 -0.03200  2.64559e+00 |  9 -0.03329  3.31314e+00
 10 -0.03472  4.00781e+00 | 11 -0.03522  5.06945e+00 | 12 -0.03845  5.34048e+00
 13 -0.04057  5.94953e+00 | 14 -0.04134  7.08548e+00 | 15 -0.04625  7.26583e+00
 16 -0.04769  8.28731e+00 | 17 -0.05007  9.37505e+00 | 18 -0.05061  1.07198e+01
 19 -0.05271  1.07945e+01 | 20 -0.08355 -2.97403e-01 | 21 -0.05483  1.08911e+01
 22 -0.05233  1.10887e+01 | 23 -0.05079  1.21248e+01 | 24 -0.05509  1.12878e+01
 25 -0.05469  1.27019e+01 | 26 -0.06034  1.27661e+01 | 27 -0.05256  1.72222e+01
 28 -0.03979  2.18519e+01 | 29 -0.00035  3.42017e+01 | 30 -0.03277  3.06125e+01
 31 -0.12515  1.53059e+01 | 32 -0.16308  1.15938e+01 | 33  0.03853  6.87892e+01
 34 -0.15176  1.55718e+01 | 35 -0.01213  4.98040e+01 | 36 -0.02236  4.56115e+01
 37 -0.07462  2.78025e+01 | 38  0.03204  5.93179e+01 | 39 -0.05406  2.75413e+01
 40 -0.04308  2.78241e+01 | 41 -0.04271  2.31003e+01 | 42  0.00390  2.85322e+01
 43 -0.01503  1.86286e+01 | 44 -0.03394  1.13023e+01 | 45 -0.04056  8.56438e+00
 46 -0.03172  3.67340e+00 | 47 -0.10501  1.55161e+00 | 48 -0.04499 -1.01142e+00
 49 -0.18251 -6.04453e-02 | 50  0.07566 -1.40386e+00 | 51 -0.12007 -3.03194e-01
 52 -0.03958 -2.90385e-01 | 53 -0.08492 -2.94248e-01 | 54 -0.07142 -3.20931e-01
 55 -0.03198 -6.77231e-01 | 56 -0.09388 -4.03273e-01 | 57 -0.05894 -6.75249e-01
 58 -0.00378 -7.82487e-01 | 59 -0.02082 -6.45460e-01 | 60 -0.02674 -4.85610e-01
 61 -0.08096 -5.64843e-01 | 62 -0.01148 -6.38430e-01 | 63 -0.06560 -3.51410e-01
 64 -0.12117 -2.29995e-01 | 65 -0.05423 -4.80545e-01 | 66 -0.12084 -1.93484e-01
 67 -0.10143 -1.71165e-01 | 68 -0.06992 -1.31527e-01 | 69 -0.08528 -1.70886e-02
 70 -0.04109 -2.09142e-03 | 71 -0.04242 -6.83357e-05 | 72 -0.54213 -2.85048e+01
 73 -0.59603 -5.42163e-03 | 74 -0.25240  2.68031e+02 | 75 -0.33154 -2.68702e+01
 76 -3.57021  3.94276e+00 | 77  3.68438 -1.21608e+00 | 78  0.27256 -1.72434e-02
 79 -0.69963 -6.15640e-03 |
79 variables; iteration 500; function evaluation 622; phase 3
Function value -1.0195337e+02; maximum gradient component mag -9.3288e+02
Var    Value     Gradient |Var    Value     Gradient |Var    Value     Gradient
  1  0.01866 -9.32876e+02 |  2 -0.00683 -9.83241e-01 |  3 -0.00806 -1.19545e+00
  4 -0.02416 -1.23582e+00 |  5 -0.02546 -1.45475e+00 |  6 -0.02697 -1.71546e+00
  7 -0.02854 -1.97710e+00 |  8 -0.03035 -2.30267e+00 |  9 -0.03226 -2.65069e+00
 10 -0.03465 -3.10574e+00 | 11 -0.03616 -3.36170e+00 | 12 -0.03882 -3.93995e+00
 13 -0.04138 -4.49873e+00 | 14 -0.04336 -4.93102e+00 | 15 -0.04646 -5.42212e+00
 16 -0.04979 -6.35023e+00 | 17 -0.05182 -6.86197e+00 | 18 -0.05211 -7.07559e+00
 19 -0.05494 -7.86866e+00 | 20 -0.08350 -1.49708e+01 | 21 -0.05484 -8.11713e+00
 22 -0.05385 -8.00707e+00 | 23 -0.05495 -8.60383e+00 | 24 -0.05480 -9.13319e+00
 25 -0.05407 -9.78846e+00 | 26 -0.04985 -1.07587e+01 | 27 -0.05350 -1.43247e+01
 28 -0.03833 -1.79297e+01 | 29 -0.00353 -2.77727e+01 | 30 -0.03077 -2.39578e+01
 31 -0.12646 -1.17988e+01 | 32 -0.16325 -8.05224e+00 | 33  0.03852 -4.46026e+01
 34 -0.15152 -1.01878e+01 | 35 -0.01240 -2.78268e+01 | 36 -0.02221 -2.37914e+01
 37 -0.07515 -1.41733e+01 | 38  0.03217 -2.64803e+01 | 39 -0.05432 -1.18372e+01
 40 -0.04304 -1.12561e+01 | 41 -0.04280 -9.78996e+00 | 42  0.00385 -1.07905e+01
 43 -0.01507 -8.22467e+00 | 44 -0.03393 -5.99940e+00 | 45 -0.04069 -4.03688e+00
 46 -0.03165 -5.12909e+00 | 47 -0.10531 -1.73356e+00 | 48 -0.04461 -2.83673e+00
 49 -0.18475 -3.23724e-01 | 50  0.07565 -2.97474e-01 | 51 -0.11950 -2.76451e-02
 52 -0.03980  9.41724e-02 | 53 -0.08490  5.71950e-02 | 54 -0.07162  2.83902e-02
 55 -0.03200 -1.27548e-01 | 56 -0.09385  3.99984e-02 | 57 -0.05912 -6.93385e-02
 58 -0.00390  2.09032e-02 | 59 -0.02082  2.05891e-02 | 60 -0.02683  1.11378e-02
 61 -0.08103 -2.05199e-02 | 62 -0.01163 -2.32719e-01 | 63 -0.06543 -9.61825e-02
 64 -0.12147 -7.10067e-02 | 65 -0.05429  9.68773e-03 | 66 -0.12083 -8.23718e-03
 67 -0.10165  1.50538e-02 | 68 -0.07009  9.76421e-03 | 69 -0.08532  1.81794e-02
 70 -0.04110  2.49267e-03 | 71 -0.04244  3.10843e-03 | 72 -0.54190 -4.39938e+01
 73 -0.59506 -5.22761e-03 | 74 -0.25300 -1.60671e+02 | 75 -0.33547  1.80092e+01
 76 -3.56945 -1.89290e+00 | 77  3.68634  4.10177e-01 | 78  0.27312 -1.58025e-02
 79 -0.69617 -6.07481e-03 |
79 variables; iteration 520; function evaluation 645; phase 3
Function value -1.0197304e+02; maximum gradient component mag -2.5819e+03
Var    Value     Gradient |Var    Value     Gradient |Var    Value     Gradient
  1  0.01862 -2.58194e+03 |  2 -0.00682 -2.79851e+00 |  3 -0.00784 -3.31650e+00
  4 -0.02448 -3.61116e+00 |  5 -0.02588 -4.27801e+00 |  6 -0.02693 -4.91678e+00
  7 -0.02860 -5.75560e+00 |  8 -0.03107 -6.83816e+00 |  9 -0.03246 -7.74398e+00
 10 -0.03500 -8.91255e+00 | 11 -0.03623 -9.90157e+00 | 12 -0.03840 -1.12042e+01
 13 -0.04159 -1.26883e+01 | 14 -0.04363 -1.40372e+01 | 15 -0.04398 -1.50843e+01
 16 -0.04842 -1.72292e+01 | 17 -0.05209 -1.93724e+01 | 18 -0.05167 -2.07891e+01
 19 -0.05391 -2.19675e+01 | 20 -0.08510 -2.69670e+01 | 21 -0.05464 -2.32969e+01
 22 -0.05481 -2.28997e+01 | 23 -0.05471 -2.38014e+01 | 24 -0.05510 -2.55230e+01
 25 -0.05629 -2.79870e+01 | 26 -0.05682 -3.28320e+01 | 27 -0.04533 -3.87248e+01
 28 -0.03469 -4.81408e+01 | 29 -0.00938 -6.68234e+01 | 30 -0.02719 -5.89733e+01
 31 -0.12701 -2.68147e+01 | 32 -0.16474 -1.90886e+01 | 33  0.03861 -1.03223e+02
 34 -0.15129 -2.31279e+01 | 35 -0.01231 -6.41093e+01 | 36 -0.02252 -5.95279e+01
 37 -0.07414 -3.57248e+01 | 38  0.03183 -8.08595e+01 | 39 -0.05375 -3.77269e+01
 40 -0.04314 -4.13346e+01 | 41 -0.04261 -3.86230e+01 | 42  0.00385 -4.88213e+01
 43 -0.01505 -3.75430e+01 | 44 -0.03391 -2.83317e+01 | 45 -0.04053 -2.18690e+01
 46 -0.03171 -2.15780e+01 | 47 -0.10509 -8.70490e+00 | 48 -0.04479 -1.00467e+01
 49 -0.18337 -1.27860e+00 | 50  0.07547  1.20792e+00 | 51 -0.11869  4.33809e-01
 52 -0.03991  1.58545e+00 | 53 -0.08474  1.27080e+00 | 54 -0.07156  1.46181e+00
 55 -0.03201  1.59437e+00 | 56 -0.09369  8.66593e-01 | 57 -0.05910  1.00952e+00
 58 -0.00392  1.74905e+00 | 59 -0.02076  1.44452e+00 | 60 -0.02679  1.38560e+00
 61 -0.08102  8.99645e-01 | 62 -0.01161  1.83609e+00 | 63 -0.06534  1.03790e+00
 64 -0.12134  7.63296e-01 | 65 -0.05436  1.13107e+00 | 66 -0.12060  7.35109e-01
 67 -0.10166  5.55168e-01 | 68 -0.07012  4.75478e-01 | 69 -0.08517  8.59765e-02
 70 -0.04112 -2.28191e-03 | 71 -0.04248 -6.82881e-03 | 72 -0.54088 -5.55061e+01
 73 -0.58587 -5.17372e-03 | 74 -0.25405 -4.92771e+02 | 75 -0.34614  4.92351e+01
 76 -3.56114 -5.69187e+00 | 77  3.70773  1.57387e+00 | 78  0.27499 -1.25566e-02
 79 -0.69130 -5.96264e-03 |
79 variables; iteration 540; function evaluation 667; phase 3
Function value -1.0199623e+02; maximum gradient component mag 7.6358e+02
Var    Value     Gradient |Var    Value     Gradient |Var    Value     Gradient
  1  0.01859  7.63583e+02 |  2 -0.00676  6.49016e-01 |  3 -0.00805  7.35621e-01
  4 -0.02446  7.24953e-01 |  5 -0.02575  8.83954e-01 |  6 -0.02708  1.10105e+00
  7 -0.02881  1.28345e+00 |  8 -0.03062  1.50244e+00 |  9 -0.03244  1.77699e+00
 10 -0.03454  2.01601e+00 | 11 -0.03660  2.30354e+00 | 12 -0.03828  2.75217e+00
 13 -0.04030  3.10299e+00 | 14 -0.04322  3.18511e+00 | 15 -0.04624  3.63586e+00
 16 -0.04895  3.82969e+00 | 17 -0.05046  4.74075e+00 | 18 -0.05354  4.74856e+00
 19 -0.05435  5.09708e+00 | 20 -0.08362 -4.44284e+00 | 21 -0.05674  4.91850e+00
 22 -0.05323  5.58972e+00 | 23 -0.05442  5.47394e+00 | 24 -0.05679  5.25588e+00
 25 -0.05728  5.98009e+00 | 26 -0.05176  9.34859e+00 | 27 -0.05244  8.74667e+00
 28 -0.02854  1.32274e+01 | 29 -0.01455  1.04318e+01 | 30 -0.02402  1.76570e+01
 31 -0.13013  5.95500e+00 | 32 -0.16300  5.43547e+00 | 33  0.03813  3.23434e+01
 34 -0.15086  7.38708e+00 | 35 -0.01232  2.64581e+01 | 36 -0.02336  2.30956e+01
 37 -0.07205  1.78180e+01 | 38  0.03069  3.02222e+01 | 39 -0.05259  1.80605e+01
 40 -0.04388  1.49226e+01 | 41 -0.04216  1.38589e+01 | 42  0.00349  1.69690e+01
 43 -0.01528  1.21017e+01 | 44 -0.03414  7.90935e+00 | 45 -0.04040  7.33680e+00
 46 -0.03229  4.40220e+00 | 47 -0.10446  2.83791e+00 | 48 -0.04641  3.14938e+00
 49 -0.17535  6.34075e-01 | 50  0.07450  1.39174e+00 | 51 -0.11777  3.87720e-03
 52 -0.04029  1.27673e-01 | 53 -0.08462  4.40536e-02 | 54 -0.07150 -1.05601e-02
 55 -0.03243 -1.37956e-01 | 56 -0.09371 -1.13766e-01 | 57 -0.05900 -2.24798e-01
 58 -0.00416 -1.80711e-01 | 59 -0.02091 -1.51793e-01 | 60 -0.02709 -7.32193e-02
 61 -0.08077 -5.92125e-02 | 62 -0.01196  8.19639e-02 | 63 -0.06561  3.50960e-02
 64 -0.12119  4.94435e-02 | 65 -0.05464  4.45042e-02 | 66 -0.12083  1.53679e-01
 67 -0.10148  3.03982e-02 | 68 -0.07030  6.86151e-02 | 69 -0.08503  4.00476e-02
 70 -0.04116  3.27611e-04 | 71 -0.04252 -2.39687e-03 | 72 -0.54001 -3.25235e+01
 73 -0.56271 -1.09807e-02 | 74 -0.25532  1.91059e+02 | 75 -0.36427 -1.62339e+01
 76 -3.55581  3.38342e+00 | 77  3.71888 -1.23027e+00 | 78  0.27720 -1.00540e-02
 79 -0.68038 -5.72235e-03 |
79 variables; iteration 560; function evaluation 689; phase 3
Function value -1.0202332e+02; maximum gradient component mag -1.7823e+03
Var    Value     Gradient |Var    Value     Gradient |Var    Value     Gradient
  1  0.01870 -1.78228e+03 |  2 -0.00707 -2.33132e+00 |  3 -0.00818 -2.76654e+00
  4 -0.02439 -2.92096e+00 |  5 -0.02570 -3.44258e+00 |  6 -0.02676 -3.94099e+00
  7 -0.02854 -4.64397e+00 |  8 -0.03045 -5.42365e+00 |  9 -0.03217 -6.20559e+00
 10 -0.03479 -7.19635e+00 | 11 -0.03607 -7.96177e+00 | 12 -0.03845 -9.07162e+00
 13 -0.04056 -1.01030e+01 | 14 -0.04291 -1.12603e+01 | 15 -0.04586 -1.24554e+01
 16 -0.04960 -1.41808e+01 | 17 -0.05155 -1.56537e+01 | 18 -0.05500 -1.73705e+01
 19 -0.05365 -1.78062e+01 | 20 -0.07375 -2.16877e+01 | 21 -0.05898 -1.95663e+01
 22 -0.05701 -1.89286e+01 | 23 -0.05912 -1.99546e+01 | 24 -0.05898 -2.13502e+01
 25 -0.05356 -2.28725e+01 | 26 -0.05143 -2.70483e+01 | 27 -0.04483 -3.19892e+01
 28 -0.03843 -3.98292e+01 | 29 -0.00906 -5.69504e+01 | 30 -0.02580 -4.99790e+01
 31 -0.13001 -2.30246e+01 | 32 -0.16360 -1.56772e+01 | 33  0.03840 -8.24143e+01
 34 -0.15066 -1.71799e+01 | 35 -0.01255 -4.18057e+01 | 36 -0.02265 -3.42724e+01
 37 -0.07411 -1.94141e+01 | 38  0.03163 -3.77706e+01 | 39 -0.05351 -1.57050e+01
 40 -0.04336 -1.79081e+01 | 41 -0.04256 -1.65521e+01 | 42  0.00370 -2.13926e+01
 43 -0.01515 -1.73878e+01 | 44 -0.03388 -1.31310e+01 | 45 -0.04070 -1.13793e+01
 46 -0.03170 -1.00926e+01 | 47 -0.10528 -4.51347e+00 | 48 -0.04488 -4.47461e+00
 49 -0.18316 -6.45756e-01 | 50  0.07507  5.77958e-01 | 51 -0.11725  1.90110e-01
 52 -0.04033  7.98878e-01 | 53 -0.08448  5.87960e-01 | 54 -0.07183  6.71225e-01
 55 -0.03215  9.07917e-01 | 56 -0.09363  5.85268e-01 | 57 -0.05931  7.58922e-01
 58 -0.00414  1.19194e+00 | 59 -0.02082  1.02303e+00 | 60 -0.02690  9.00887e-01
 61 -0.08104  5.91658e-01 | 62 -0.01195  9.79760e-01 | 63 -0.06511  6.69345e-01
 64 -0.12165  3.53360e-01 | 65 -0.05457  6.64559e-01 | 66 -0.12070  3.01517e-01
 67 -0.10189  3.30013e-01 | 68 -0.07038  2.86347e-01 | 69 -0.08531  4.82274e-02
 70 -0.04114  1.99304e-03 | 71 -0.04250  4.89728e-04 | 72 -0.54178 -4.76999e+01
 73 -0.56026 -3.39490e-02 | 74 -0.25542 -3.55154e+02 | 75 -0.36003  3.30674e+01
 76 -3.57606 -5.61291e+00 | 77  3.66790  1.26079e+00 | 78  0.27554 -1.17517e-02
 79 -0.66736 -5.45485e-03 |
79 variables; iteration 580; function evaluation 715; phase 3
Function value -1.0205651e+02; maximum gradient component mag -1.4970e+03
Var    Value     Gradient |Var    Value     Gradient |Var    Value     Gradient
  1  0.01862 -1.49699e+03 |  2 -0.00692 -1.95735e+00 |  3 -0.00812 -2.35230e+00
  4 -0.02426 -2.46793e+00 |  5 -0.02559 -2.92000e+00 |  6 -0.02732 -3.48977e+00
  7 -0.02902 -4.07565e+00 |  8 -0.03091 -4.74170e+00 |  9 -0.03298 -5.48370e+00
 10 -0.03505 -6.22687e+00 | 11 -0.03743 -7.10380e+00 | 12 -0.03964 -8.02216e+00
 13 -0.04206 -8.98068e+00 | 14 -0.04407 -9.90616e+00 | 15 -0.04691 -1.08891e+01
 16 -0.04944 -1.22041e+01 | 17 -0.05185 -1.35485e+01 | 18 -0.05519 -1.51132e+01
 19 -0.05758 -1.61511e+01 | 20 -0.06557 -1.81511e+01 | 21 -0.05574 -1.68010e+01
 22 -0.05363 -1.63276e+01 | 23 -0.05422 -1.71964e+01 | 24 -0.05373 -1.84404e+01
 25 -0.05674 -2.06572e+01 | 26 -0.05771 -2.42215e+01 | 27 -0.05230 -2.77951e+01
 28 -0.03610 -3.40772e+01 | 29 -0.00429 -5.06152e+01 | 30 -0.03106 -4.40189e+01
 31 -0.12556 -2.03268e+01 | 32 -0.16271 -1.39200e+01 | 33  0.03796 -7.64376e+01
 34 -0.15045 -1.62021e+01 | 35 -0.01222 -3.63512e+01 | 36 -0.02347 -2.90046e+01
 37 -0.07206 -1.30808e+01 | 38  0.03073 -2.82915e+01 | 39 -0.05246 -8.28864e+00
 40 -0.04395 -1.23645e+01 | 41 -0.04209 -9.87412e+00 | 42  0.00348 -1.43077e+01
 43 -0.01528 -1.17706e+01 | 44 -0.03399 -9.22813e+00 | 45 -0.04053 -8.86457e+00
 46 -0.03214 -7.51018e+00 | 47 -0.10455 -3.76733e+00 | 48 -0.04648 -3.88926e+00
 49 -0.17476 -4.97823e-01 | 50  0.07432  5.51802e-01 | 51 -0.11685  3.58786e-01
 52 -0.04047  7.92731e-01 | 53 -0.08422  6.11853e-01 | 54 -0.07163  6.50358e-01
 55 -0.03242  8.61889e-01 | 56 -0.09366  5.20712e-01 | 57 -0.05906  6.41393e-01
 58 -0.00419  9.77304e-01 | 59 -0.02092  8.20649e-01 | 60 -0.02704  7.72800e-01
 61 -0.08068  4.78842e-01 | 62 -0.01209  9.78249e-01 | 63 -0.06552  6.09371e-01
 64 -0.12115  4.03331e-01 | 65 -0.05476  6.36248e-01 | 66 -0.12086  3.55206e-01
 67 -0.10156  2.77439e-01 | 68 -0.07033  2.05311e-01 | 69 -0.08524  3.38517e-02
 70 -0.04116  8.83846e-04 | 71 -0.04251  8.87335e-04 | 72 -0.54258 -4.39881e+01
 73 -0.53639 -3.47876e-01 | 74 -0.25574 -2.78921e+02 | 75 -0.36888  2.57620e+01
 76 -3.58580 -5.38161e+00 | 77  3.63305  8.56537e-01 | 78  0.27610 -1.11282e-02
 79 -0.65123 -5.14885e-03 |
79 variables; iteration 600; function evaluation 736; phase 3
Function value -1.0206408e+02; maximum gradient component mag -6.8902e+02
Var    Value     Gradient |Var    Value     Gradient |Var    Value     Gradient
  1  0.01861 -6.89018e+02 |  2 -0.00691  3.93550e-01 |  3 -0.00820  4.36221e-01
  4 -0.02448  4.47122e-01 |  5 -0.02582  5.39683e-01 |  6 -0.02766  5.61620e-01
  7 -0.02925  7.11786e-01 |  8 -0.03097  8.79960e-01 |  9 -0.03269  1.09615e+00
 10 -0.03473  1.26600e+00 | 11 -0.03739  1.27504e+00 | 12 -0.03933  1.53105e+00
 13 -0.04113  1.82498e+00 | 14 -0.04366  1.91555e+00 | 15 -0.04711  2.10591e+00
 16 -0.04864  2.52368e+00 | 17 -0.05181  2.68165e+00 | 18 -0.05368  2.91659e+00
 19 -0.05557  2.79173e+00 | 20 -0.06948 -1.51157e+00 | 21 -0.05626  2.94867e+00
 22 -0.05454  2.92170e+00 | 23 -0.05370  3.26807e+00 | 24 -0.05473  3.20312e+00
 25 -0.05437  3.74782e+00 | 26 -0.05700  3.63762e+00 | 27 -0.05526  3.95948e+00
 28 -0.03518  7.54665e+00 | 29 -0.00467  7.97001e+00 | 30 -0.03039  7.57468e+00
 31 -0.12584  2.03189e+00 | 32 -0.16315  1.35222e-03 | 33  0.03802 -1.71794e+01
 34 -0.15044 -8.86283e+00 | 35 -0.01224 -3.56564e+01 | 36 -0.02347 -4.54115e+01
 37 -0.07195 -3.08251e+01 | 38  0.03066 -8.20603e+01 | 39 -0.05232 -3.50692e+01
 40 -0.04399 -3.99489e+01 | 41 -0.04206 -3.25254e+01 | 42  0.00350 -3.84299e+01
 43 -0.01529 -2.52756e+01 | 44 -0.03395 -1.52073e+01 | 45 -0.04056 -1.13846e+01
 46 -0.03211 -6.77133e+00 | 47 -0.10458 -2.56002e+00 | 48 -0.04639 -1.10277e+00
 49 -0.17512  3.62848e-01 | 50  0.07440  3.03038e+00 | 51 -0.11705  4.08190e-01
 52 -0.04040  8.60181e-01 | 53 -0.08430  5.04096e-01 | 54 -0.07159  4.43669e-01
 55 -0.03241  5.17526e-01 | 56 -0.09364  2.74039e-01 | 57 -0.05907  2.09767e-01
 58 -0.00416  4.41507e-01 | 59 -0.02092  3.57328e-01 | 60 -0.02700  4.97619e-01
 61 -0.08072  1.72929e-01 | 62 -0.01206  4.04645e-01 | 63 -0.06548  3.26193e-01
 64 -0.12118  1.93950e-01 | 65 -0.05474  3.17406e-01 | 66 -0.12077  3.05765e-01
 67 -0.10158  9.29305e-02 | 68 -0.07032  7.23258e-02 | 69 -0.08520  1.23824e-02
 70 -0.04116  4.39351e-04 | 71 -0.04250  1.10997e-03 | 72 -0.54198 -4.71666e+01
 73 -0.53784 -2.30222e-01 | 74 -0.25573 -1.38760e+02 | 75 -0.36862  1.26148e+01
 76 -3.58095 -3.31709e+00 | 77  3.65125  9.10671e-01 | 78  0.27661 -1.08199e-02
 79 -0.65515 -5.22081e-03 |
79 variables; iteration 620; function evaluation 758; phase 3
Function value -1.0209605e+02; maximum gradient component mag -1.0266e+03
Var    Value     Gradient |Var    Value     Gradient |Var    Value     Gradient
  1  0.01867 -1.02658e+03 |  2 -0.00672 -1.13478e+00 |  3 -0.00790 -1.36840e+00
  4 -0.02409 -1.44402e+00 |  5 -0.02537 -1.70159e+00 |  6 -0.02714 -2.07602e+00
  7 -0.02878 -2.41263e+00 |  8 -0.03050 -2.77528e+00 |  9 -0.03218 -3.13506e+00
 10 -0.03535 -3.85860e+00 | 11 -0.03689 -4.20761e+00 | 12 -0.03901 -4.73686e+00
 13 -0.04131 -5.32427e+00 | 14 -0.04344 -5.89223e+00 | 15 -0.04738 -6.69926e+00
 16 -0.04936 -7.41812e+00 | 17 -0.05224 -8.31214e+00 | 18 -0.05284 -8.79572e+00
 19 -0.05321 -9.12716e+00 | 20 -0.07284 -1.39665e+01 | 21 -0.05528 -1.02036e+01
 22 -0.05223 -9.68682e+00 | 23 -0.05043 -9.84225e+00 | 24 -0.05057 -1.06606e+01
 25 -0.05706 -1.28470e+01 | 26 -0.06404 -1.57025e+01 | 27 -0.05689 -1.63750e+01
 28 -0.03622 -1.73790e+01 | 29  0.00020 -2.48983e+01 | 30 -0.03482 -2.06034e+01
 31 -0.12234 -8.67613e+00 | 32 -0.16370 -6.05669e+00 | 33  0.03809 -2.90589e+01
 34 -0.14972 -6.95648e+00 | 35 -0.01247 -1.66814e+01 | 36 -0.02301 -1.71862e+01
 37 -0.07325 -1.13059e+01 | 38  0.03135 -2.69644e+01 | 39 -0.05295 -1.18637e+01
 40 -0.04354 -1.75326e+01 | 41 -0.04230 -1.67448e+01 | 42  0.00366 -2.40111e+01
 43 -0.01514 -2.02150e+01 | 44 -0.03381 -1.49484e+01 | 45 -0.04065 -1.40872e+01
 46 -0.03179 -1.23551e+01 | 47 -0.10506 -6.88824e+00 | 48 -0.04522 -9.11302e+00
 49 -0.18117 -1.29048e+00 | 50  0.07472 -1.82727e+00 | 51 -0.11559  1.37374e-01
 52 -0.04063  5.82550e-01 | 53 -0.08408  6.62955e-01 | 54 -0.07184  6.83872e-01
 55 -0.03214  1.12465e+00 | 56 -0.09340  6.52188e-01 | 57 -0.05927  7.59043e-01
 58 -0.00420  1.15769e+00 | 59 -0.02071  1.16111e+00 | 60 -0.02688  1.04986e+00
 61 -0.08093  5.89663e-01 | 62 -0.01201  7.15980e-01 | 63 -0.06491  3.89992e-01
 64 -0.12168  1.48919e-01 | 65 -0.05459  4.27978e-01 | 66 -0.12061  9.62077e-02
 67 -0.10187  2.44737e-01 | 68 -0.07048  2.07642e-01 | 69 -0.08517  1.40277e-02
 70 -0.04113  1.78312e-04 | 71 -0.04248 -5.98935e-05 | 72 -0.54090 -4.05477e+01
 73 -0.51719 -5.86516e-01 | 74 -0.25694 -2.29047e+02 | 75 -0.37795  1.94358e+01
 76 -3.58043 -3.49403e+00 | 77  3.65345  5.63077e-01 | 78  0.28027 -7.78835e-03
 79 -0.63776 -4.91201e-03 |
79 variables; iteration 640; function evaluation 787; phase 3
Function value -1.0221874e+02; maximum gradient component mag -1.5834e+03
Var    Value     Gradient |Var    Value     Gradient |Var    Value     Gradient
  1  0.01840 -1.58344e+03 |  2 -0.00705 -4.13792e-01 |  3 -0.00820 -4.83948e-01
  4 -0.02436 -4.93843e-01 |  5 -0.02575 -5.90009e-01 |  6 -0.02698 -6.08135e-01
  7 -0.02880 -7.44308e-01 |  8 -0.03024 -7.55736e-01 |  9 -0.03242 -9.42088e-01
 10 -0.03423 -1.00259e+00 | 11 -0.03635 -1.15248e+00 | 12 -0.03844 -1.28784e+00
 13 -0.04014 -1.34061e+00 | 14 -0.04323 -1.76811e+00 | 15 -0.04650 -1.92907e+00
 16 -0.05000 -2.58070e+00 | 17 -0.05075 -2.27473e+00 | 18 -0.05304 -2.69514e+00
 19 -0.05169 -2.19333e+00 | 20 -0.05859 -4.20336e+00 | 21 -0.05262 -2.68772e+00
 22 -0.05178 -2.94572e+00 | 23 -0.05515 -4.26235e+00 | 24 -0.05633 -5.04168e+00
 25 -0.05523 -5.23913e+00 | 26 -0.05455 -5.84151e+00 | 27 -0.08121 -1.30831e+01
 28 -0.03692 -6.29219e+00 | 29  0.00560 -9.59973e+00 | 30 -0.03808 -1.32201e+01
 31 -0.12240 -7.59750e+00 | 32 -0.16086 -6.91978e+00 | 33  0.03709 -6.19289e+01
 34 -0.14932 -2.11417e+01 | 35 -0.01170 -6.61787e+01 | 36 -0.02561 -7.43194e+01
 37 -0.06638 -4.39788e+01 | 38  0.02810 -1.11221e+02 | 39 -0.04953 -4.21090e+01
 40 -0.04533 -5.02097e+01 | 41 -0.04087 -4.05170e+01 | 42  0.00288 -4.95851e+01
 43 -0.01569 -3.39503e+01 | 44 -0.03429 -2.37361e+01 | 45 -0.03989 -1.79664e+01
 46 -0.03346 -1.50161e+01 | 47 -0.10267 -7.65997e+00 | 48 -0.05073 -1.03056e+01
 49 -0.15438 -2.58966e+00 | 50  0.07178 -7.13968e+00 | 51 -0.11389 -5.53798e-01
 52 -0.04123 -3.59853e-01 | 53 -0.08339 -7.13927e-02 | 54 -0.07112  3.58810e-02
 55 -0.03323  4.24437e-01 | 56 -0.09351  1.65639e-01 | 57 -0.05844  4.06841e-01
 58 -0.00448  6.30171e-01 | 59 -0.02102  5.13367e-01 | 60 -0.02752  4.19648e-01
 61 -0.07959  2.00035e-01 | 62 -0.01268  2.98422e-01 | 63 -0.06610  3.42897e-01
 64 -0.12021  7.11826e-02 | 65 -0.05523  1.80025e-01 | 66 -0.12113  1.46109e-01
 67 -0.10066  9.63442e-02 | 68 -0.07034  1.63305e-01 | 69 -0.08465  1.90958e-02
 70 -0.04124 -4.98829e-04 | 71 -0.04256  1.61903e-03 | 72 -0.54074 -2.51330e+01
 73 -0.44084 -5.02113e+00 | 74 -0.25864 -3.40324e+02 | 75 -0.41962  2.42832e+01
 76 -3.58800 -8.82915e+00 | 77  3.62421  1.76791e+00 | 78  0.28449 -6.16105e-03
 79 -0.59917 -4.31223e-03 |
79 variables; iteration 660; function evaluation 809; phase 3
Function value -1.0237012e+02; maximum gradient component mag 4.1128e+03
Var    Value     Gradient |Var    Value     Gradient |Var    Value     Gradient
  1  0.01859  4.11279e+03 |  2 -0.00666  4.42313e+00 |  3 -0.00782  5.28141e+00
  4 -0.02409  5.56111e+00 |  5 -0.02558  6.53161e+00 |  6 -0.02715  7.68423e+00
  7 -0.02864  9.06872e+00 |  8 -0.03043  1.05488e+01 |  9 -0.03245  1.21280e+01
 10 -0.03538  1.34646e+01 | 11 -0.03715  1.54146e+01 | 12 -0.03949  1.73708e+01
 13 -0.04187  1.92289e+01 | 14 -0.04408  2.13332e+01 | 15 -0.04784  2.35678e+01
 16 -0.05001  2.61862e+01 | 17 -0.05282  2.93147e+01 | 18 -0.05368  3.26788e+01
 19 -0.05418  3.48712e+01 | 20 -0.05291  3.74219e+01 | 21 -0.05556  3.65557e+01
 22 -0.05617  3.41009e+01 | 23 -0.05598  3.53763e+01 | 24 -0.05602  3.81717e+01
 25 -0.04947  4.67445e+01 | 26 -0.04611  5.70704e+01 | 27 -0.07440  4.29072e+01
 28 -0.05463  6.42801e+01 | 29  0.01644  1.43990e+02 | 30 -0.04543  9.16197e+01
 31 -0.11884  5.35874e+01 | 32 -0.16148  3.73745e+01 | 33  0.03799  2.11162e+02
 34 -0.14857  4.67059e+01 | 35 -0.01210  1.37559e+02 | 36 -0.02361  1.17726e+02
 37 -0.07119  7.17532e+01 | 38  0.03078  1.33143e+02 | 39 -0.05152  6.17536e+01
 40 -0.04377  5.15916e+01 | 41 -0.04170  4.46899e+01 | 42  0.00371  5.06041e+01
 43 -0.01484  3.47585e+01 | 44 -0.03360  2.51841e+01 | 45 -0.04016  1.90296e+01
 46 -0.03177  1.68446e+01 | 47 -0.10422  6.79139e+00 | 48 -0.04610  6.17697e+00
 49 -0.17517  1.62664e+00 | 50  0.07408  4.46541e-01 | 51 -0.11279 -3.86470e-01
 52 -0.04098 -1.54824e+00 | 53 -0.08315 -1.02634e+00 | 54 -0.07165 -1.16566e+00
 55 -0.03221 -1.59463e+00 | 56 -0.09287 -8.92686e-01 | 57 -0.05916 -1.21687e+00
 58 -0.00418 -1.82486e+00 | 59 -0.02047 -1.54215e+00 | 60 -0.02669 -1.44052e+00
 61 -0.08038 -1.01124e+00 | 62 -0.01216 -2.01502e+00 | 63 -0.06450 -1.31055e+00
 64 -0.12126 -9.00084e-01 | 65 -0.05470 -1.41761e+00 | 66 -0.12026 -7.77111e-01
 67 -0.10160 -4.20274e-01 | 68 -0.07038 -3.06248e-01 | 69 -0.08486 -2.88842e-02
 70 -0.04116 -1.90460e-03 | 71 -0.04247 -3.57653e-04 | 72 -0.54158  5.39240e+01
 73 -0.43035 -1.05649e+01 | 74 -0.25949  1.10279e+03 | 75 -0.41424 -7.34138e+01
 76 -3.60269  2.47156e+01 | 77  3.54609 -3.21118e+00 | 78  0.28731 -6.45506e-03
 79 -0.56469 -3.85507e-03 |
79 variables; iteration 680; function evaluation 830; phase 3
Function value -1.0243597e+02; maximum gradient component mag -6.7686e+01
Var    Value     Gradient |Var    Value     Gradient |Var    Value     Gradient
  1  0.01872 -6.76859e+01 |  2 -0.00680 -9.63020e-01 |  3 -0.00809 -1.18741e+00
  4 -0.02406 -1.19458e+00 |  5 -0.02529 -1.39345e+00 |  6 -0.02675 -1.63377e+00
  7 -0.02836 -1.90366e+00 |  8 -0.03042 -2.28290e+00 |  9 -0.03247 -2.66122e+00
 10 -0.03446 -3.00853e+00 | 11 -0.03606 -3.28495e+00 | 12 -0.03870 -3.83975e+00
 13 -0.04054 -4.24549e+00 | 14 -0.04317 -4.84585e+00 | 15 -0.04587 -5.21063e+00
 16 -0.04898 -6.10723e+00 | 17 -0.05062 -6.55039e+00 | 18 -0.05268 -7.28925e+00
 19 -0.05421 -7.84263e+00 | 20 -0.06862 -1.16062e+01 | 21 -0.05434 -8.42463e+00
 22 -0.05238 -8.22663e+00 | 23 -0.05377 -9.11452e+00 | 24 -0.05306 -9.77376e+00
 25 -0.04995 -1.00652e+01 | 26 -0.05496 -1.25036e+01 | 27 -0.07045 -1.66807e+01
 28 -0.05765 -1.67198e+01 | 29  0.02189 -1.99128e+01 | 30 -0.05659 -2.20957e+01
 31 -0.10965 -6.89741e+00 | 32 -0.16179 -4.61590e+00 | 33  0.03740 -1.36806e+01
 34 -0.14739 -2.53446e-01 | 35 -0.01255  1.63088e+01 | 36 -0.02362  2.36207e+01
 37 -0.07174  2.02942e+01 | 38  0.03080  4.67105e+01 | 39 -0.05187  2.68009e+01
 40 -0.04372  2.22358e+01 | 41 -0.04200  1.94829e+01 | 42  0.00360  2.03467e+01
 43 -0.01493  1.13501e+01 | 44 -0.03371  5.89393e+00 | 45 -0.04043  1.22245e+00
 46 -0.03177 -9.95089e-03 | 47 -0.10478 -2.03520e+00 | 48 -0.04539 -3.45485e+00
 49 -0.17995 -1.92195e+00 | 50  0.07419 -3.21838e+00 | 51 -0.11240 -1.53011e-01
 52 -0.04123 -1.16822e-01 | 53 -0.08340  2.10123e-01 | 54 -0.07193  1.98348e-01
 55 -0.03224  4.37285e-01 | 56 -0.09287  2.61490e-01 | 57 -0.05947  3.44142e-01
 58 -0.00440  6.36569e-01 | 59 -0.02049  5.83759e-01 | 60 -0.02682  4.09247e-01
 61 -0.08076  3.13713e-01 | 62 -0.01225  4.07139e-01 | 63 -0.06432  2.02554e-01
 64 -0.12171  1.61168e-01 | 65 -0.05477  2.62917e-01 | 66 -0.12011  8.74396e-02
 67 -0.10201  7.14809e-02 | 68 -0.07067  6.80537e-02 | 69 -0.08477  1.62495e-02
 70 -0.04118  2.26466e-03 | 71 -0.04249  9.29765e-04 | 72 -0.53840 -1.17256e+01
 73 -0.40388 -3.67145e+00 | 74 -0.26060  2.11410e+01 | 75 -0.42819 -6.77412e-01
 76 -3.58836 -1.42473e+00 | 77  3.62420 -5.33682e-02 | 78  0.29326 -6.78665e-03
 79 -0.55819 -3.77565e-03 |
79 variables; iteration 700; function evaluation 853; phase 3
Function value -1.0246648e+02; maximum gradient component mag -3.1323e+02
Var    Value     Gradient |Var    Value     Gradient |Var    Value     Gradient
  1  0.01860 -3.13228e+02 |  2 -0.00685 -4.66576e-02 |  3 -0.00782 -7.43517e-03
  4 -0.02428 -7.61005e-02 |  5 -0.02569 -1.05136e-01 |  6 -0.02688 -2.83433e-02
  7 -0.02852 -2.30790e-02 |  8 -0.03044 -5.93340e-02 |  9 -0.03224 -2.89304e-02
 10 -0.03461 -1.24426e-01 | 11 -0.03677 -1.58278e-01 | 12 -0.03891 -1.51934e-01
 13 -0.04102 -1.94554e-01 | 14 -0.04344 -2.88836e-01 | 15 -0.04698 -3.51042e-01
 16 -0.04922 -4.42971e-01 | 17 -0.05181 -4.23989e-01 | 18 -0.05395 -5.73316e-01
 19 -0.05414 -3.36763e-01 | 20 -0.06528 -3.60789e+00 | 21 -0.05341 -5.46241e-02
 22 -0.05033  3.34918e-01 | 23 -0.04921  4.41281e-01 | 24 -0.04910  2.57492e-01
 25 -0.05596 -1.87165e+00 | 26 -0.05998 -3.00237e+00 | 27 -0.06530 -4.89835e+00
 28 -0.05977 -4.64632e+00 | 29  0.02059  6.53513e+00 | 30 -0.05249 -5.99423e+00
 31 -0.11343  8.40165e-01 | 32 -0.16077  6.43267e-02 | 33  0.03738 -1.00531e+00
 34 -0.14789 -2.78176e+00 | 35 -0.01220 -7.29590e+00 | 36 -0.02426 -1.52124e+01
 37 -0.06984 -8.23088e+00 | 38  0.03000 -3.05726e+01 | 39 -0.05103 -9.62040e+00
 40 -0.04415 -1.55836e+01 | 41 -0.04159 -1.14326e+01 | 42  0.00346 -1.34778e+01
 43 -0.01506 -9.20234e+00 | 44 -0.03386 -6.06631e+00 | 45 -0.04008 -4.09152e+00
 46 -0.03228 -3.49870e+00 | 47 -0.10383 -1.05152e+00 | 48 -0.04715 -8.54881e-01
 49 -0.17078  1.46454e-01 | 50  0.07350  8.39829e-01 | 51 -0.11266  2.88148e-01
 52 -0.04117  3.62226e-01 | 53 -0.08334  1.90793e-01 | 54 -0.07157  2.09504e-01
 55 -0.03252  2.78481e-01 | 56 -0.09295  1.54869e-01 | 57 -0.05912  1.81344e-01
 58 -0.00436  3.51405e-01 | 59 -0.02059  2.32677e-01 | 60 -0.02695  1.70526e-01
 61 -0.08034  9.11297e-03 | 62 -0.01233  1.77089e-02 | 63 -0.06474  1.00639e-01
 64 -0.12122 -7.60830e-02 | 65 -0.05484  1.72468e-02 | 66 -0.12034  7.84654e-02
 67 -0.10150  1.66183e-01 | 68 -0.07048  2.12449e-01 | 69 -0.08461  5.11950e-02
 70 -0.04121 -2.42951e-03 | 71 -0.04251 -1.81070e-03 | 72 -0.53875 -2.83773e+01
 73 -0.40468 -2.20465e+00 | 74 -0.26023 -5.67562e+01 | 75 -0.42887  3.77049e+00
 76 -3.58756 -1.90701e+00 | 77  3.62659  2.50042e-01 | 78  0.29232 -6.60482e-03
 79 -0.56077 -3.80689e-03 |
79 variables; iteration 720; function evaluation 876; phase 3
Function value -1.0249651e+02; maximum gradient component mag 1.7210e+03
Var    Value     Gradient |Var    Value     Gradient |Var    Value     Gradient
  1  0.01861  1.72104e+03 |  2 -0.00657  1.48744e+00 |  3 -0.00735  1.87018e+00
  4 -0.02422  1.78716e+00 |  5 -0.02541  2.15906e+00 |  6 -0.02632  2.71860e+00
  7 -0.02788  3.19350e+00 |  8 -0.02997  3.60059e+00 |  9 -0.03162  4.22989e+00
 10 -0.03390  4.72483e+00 | 11 -0.03603  5.33105e+00 | 12 -0.03811  6.05958e+00
 13 -0.04049  6.62703e+00 | 14 -0.04230  7.47828e+00 | 15 -0.04642  8.03717e+00
 16 -0.04765  9.26113e+00 | 17 -0.05104  1.01007e+01 | 18 -0.05275  1.10979e+01
 19 -0.05380  1.17086e+01 | 20 -0.07434  4.32256e+00 | 21 -0.05338  1.30335e+01
 22 -0.05025  1.34706e+01 | 23 -0.04883  1.45320e+01 | 24 -0.04990  1.49789e+01
 25 -0.05743  1.30665e+01 | 26 -0.06425  1.27624e+01 | 27 -0.05182  1.95126e+01
 28 -0.07010  1.23092e+01 | 29  0.02016  5.21199e+01 | 30 -0.04931  2.50283e+01
 31 -0.11638  1.83697e+01 | 32 -0.15970  1.38412e+01 | 33  0.03721  8.19952e+01
 34 -0.14777  1.90494e+01 | 35 -0.01237  6.05767e+01 | 36 -0.02443  5.16408e+01
 37 -0.06946  3.82945e+01 | 38  0.02967  6.90770e+01 | 39 -0.05097  3.90622e+01
 40 -0.04433  3.38046e+01 | 41 -0.04153  3.26976e+01 | 42  0.00331  3.78824e+01
 43 -0.01523  2.60632e+01 | 44 -0.03396  1.83455e+01 | 45 -0.04013  1.36758e+01
 46 -0.03250  1.08640e+01 | 47 -0.10369  3.84000e+00 | 48 -0.04762  2.16560e+00
 49 -0.16904  5.20561e-02 | 50  0.07321 -3.38220e+00 | 51 -0.11265 -3.82552e-01
 52 -0.04130 -9.04811e-01 | 53 -0.08360 -8.84657e-01 | 54 -0.07153 -7.17036e-01
 55 -0.03271 -8.21728e-01 | 56 -0.09304 -5.05588e-01 | 57 -0.05912 -5.48766e-01
 58 -0.00449 -7.71455e-01 | 59 -0.02068 -8.14140e-01 | 60 -0.02712 -8.53768e-01
 61 -0.08036 -8.20674e-01 | 62 -0.01247 -1.62256e+00 | 63 -0.06481 -7.25423e-01
 64 -0.12139 -8.35361e-01 | 65 -0.05487 -8.87485e-01 | 66 -0.12042 -2.25804e-01
 67 -0.10145  7.94345e-03 | 68 -0.07056  2.09597e-01 | 69 -0.08447  6.00869e-02
 70 -0.04125 -1.81392e-03 | 71 -0.04256 -4.24273e-03 | 72 -0.53664  7.63762e+00
 73 -0.38987 -5.94173e+00 | 74 -0.26053  5.66718e+02 | 75 -0.43498 -3.39874e+01
 76 -3.57230  5.62597e+00 | 77  3.67869 -1.64447e+00 | 78  0.29624 -9.06711e-03
 79 -0.55575 -3.74630e-03 |
79 variables; iteration 740; function evaluation 899; phase 3
Function value -1.0253876e+02; maximum gradient component mag 1.2008e+03
Var    Value     Gradient |Var    Value     Gradient |Var    Value     Gradient
  1  0.01865  1.20081e+03 |  2 -0.00672  1.98369e+00 |  3 -0.00777  2.39596e+00
  4 -0.02403  2.51883e+00 |  5 -0.02523  3.01239e+00 |  6 -0.02675  3.54039e+00
  7 -0.02833  4.16699e+00 |  8 -0.03001  4.88065e+00 |  9 -0.03205  5.58116e+00
 10 -0.03401  6.38407e+00 | 11 -0.03629  7.16115e+00 | 12 -0.03842  8.12526e+00
 13 -0.04048  9.05274e+00 | 14 -0.04257  1.00769e+01 | 15 -0.04607  1.11492e+01
 16 -0.04809  1.24101e+01 | 17 -0.05094  1.38357e+01 | 18 -0.05290  1.50609e+01
 19 -0.05399  1.58468e+01 | 20 -0.07303  8.55929e+00 | 21 -0.05693  1.58607e+01
 22 -0.05518  1.55877e+01 | 23 -0.05590  1.59743e+01 | 24 -0.05537  1.77040e+01
 25 -0.05196  2.14643e+01 | 26 -0.05422  2.43366e+01 | 27 -0.04896  2.92385e+01
 28 -0.06746  2.09622e+01 | 29  0.01644  6.46648e+01 | 30 -0.04768  3.51131e+01
 31 -0.11492  2.39048e+01 | 32 -0.16126  1.49630e+01 | 33  0.03720  7.55995e+01
 34 -0.14809  1.33571e+01 | 35 -0.01246  3.23981e+01 | 36 -0.02439  1.56059e+01
 37 -0.06979  9.46115e+00 | 38  0.02966 -1.54173e+00 | 39 -0.05106  3.38904e+00
 40 -0.04443 -3.92003e+00 | 41 -0.04164 -8.00914e-01 | 42  0.00324 -1.14701e+00
 43 -0.01525  5.19015e-01 | 44 -0.03408  1.31080e+00 | 45 -0.04021  2.72522e+00
 46 -0.03252  2.78961e+00 | 47 -0.10393  1.50332e+00 | 48 -0.04738  1.12414e+00
 49 -0.17062  9.84658e-02 | 50  0.07331 -1.45985e+00 | 51 -0.11310 -1.44801e-01
 52 -0.04132 -5.36291e-01 | 53 -0.08375 -5.46850e-01 | 54 -0.07167 -4.14026e-01
 55 -0.03273 -3.91055e-01 | 56 -0.09317 -2.86266e-01 | 57 -0.05923 -3.07177e-01
 58 -0.00455 -4.53955e-01 | 59 -0.02077 -5.08602e-01 | 60 -0.02717 -4.99873e-01
 61 -0.08055 -5.01230e-01 | 62 -0.01248 -8.24029e-01 | 63 -0.06494 -3.56121e-01
 64 -0.12144 -4.33605e-01 | 65 -0.05496 -4.97961e-01 | 66 -0.12048 -7.76339e-02
 67 -0.10162 -1.45017e-02 | 68 -0.07066  1.11355e-01 | 69 -0.08465  2.89773e-02
 70 -0.04126 -1.56201e-03 | 71 -0.04257 -2.28137e-03 | 72 -0.53714 -5.80060e+00
 73 -0.39742 -5.07880e+00 | 74 -0.26016  3.66034e+02 | 75 -0.42820 -2.30035e+01
 76 -3.57424  4.51676e+00 | 77  3.67268 -9.84121e-01 | 78  0.29480 -7.98242e-03
 79 -0.55985 -3.79571e-03 |
79 variables; iteration 760; function evaluation 921; phase 3
Function value -1.0255857e+02; maximum gradient component mag 2.6211e+03
Var    Value     Gradient |Var    Value     Gradient |Var    Value     Gradient
  1  0.01868  2.62109e+03 |  2 -0.00683  3.27100e+00 |  3 -0.00780  3.96756e+00
  4 -0.02403  4.18402e+00 |  5 -0.02512  5.02112e+00 |  6 -0.02682  5.84471e+00
  7 -0.02828  6.90917e+00 |  8 -0.03026  7.96205e+00 |  9 -0.03235  9.12138e+00
 10 -0.03406  1.05151e+01 | 11 -0.03661  1.17319e+01 | 12 -0.03892  1.32196e+01
 13 -0.04140  1.45774e+01 | 14 -0.04314  1.63717e+01 | 15 -0.04654  1.81942e+01
 16 -0.04860  2.02290e+01 | 17 -0.05281  2.19010e+01 | 18 -0.05703  2.27683e+01
 19 -0.05759  2.43116e+01 | 20 -0.07035  1.91868e+01 | 21 -0.05828  2.61334e+01
 22 -0.05351  2.73485e+01 | 23 -0.05336  2.88371e+01 | 24 -0.04907  3.38879e+01
 25 -0.04717  3.84617e+01 | 26 -0.05490  3.96174e+01 | 27 -0.05346  4.43797e+01
 28 -0.06473  4.00698e+01 | 29  0.01353  1.02628e+02 | 30 -0.04069  7.00357e+01
 31 -0.12172  3.72376e+01 | 32 -0.16151  2.65138e+01 | 33  0.03774  1.45960e+02
 34 -0.14855  3.03563e+01 | 35 -0.01249  8.33440e+01 | 36 -0.02384  6.42317e+01
 37 -0.07105  3.78339e+01 | 38  0.03034  5.89090e+01 | 39 -0.05166  2.78737e+01
 40 -0.04400  1.97292e+01 | 41 -0.04186  1.71463e+01 | 42  0.00344  1.80689e+01
 43 -0.01509  1.21568e+01 | 44 -0.03392  8.81294e+00 | 45 -0.04028  7.98420e+00
 46 -0.03213  7.20518e+00 | 47 -0.10433  3.65307e+00 | 48 -0.04634  4.46492e+00
 49 -0.17533  5.87891e-01 | 50  0.07386 -5.17696e-01 | 51 -0.11328 -9.82634e-02
 52 -0.04115 -7.37757e-01 | 53 -0.08374 -7.68698e-01 | 54 -0.07175 -7.00155e-01
 55 -0.03248 -8.50617e-01 | 56 -0.09310 -5.17906e-01 | 57 -0.05932 -6.06999e-01
 58 -0.00444 -9.62582e-01 | 59 -0.02067 -8.95708e-01 | 60 -0.02697 -8.34645e-01
 61 -0.08071 -6.96358e-01 | 62 -0.01232 -1.01279e+00 | 63 -0.06469 -4.88326e-01
 64 -0.12157 -4.82574e-01 | 65 -0.05484 -6.48799e-01 | 66 -0.12033 -1.86442e-01
 67 -0.10179 -1.68573e-01 | 68 -0.07060 -4.63150e-02 | 69 -0.08478 -4.15647e-03
 70 -0.04123 -1.74159e-03 | 71 -0.04254 -2.50830e-03 | 72 -0.53813  2.04445e+01
 73 -0.40475 -7.88855e+00 | 74 -0.25974  7.19661e+02 | 75 -0.41836 -4.70365e+01
 76 -3.58236  9.93549e+00 | 77  3.64660 -2.01298e+00 | 78  0.29296 -7.24934e-03
 79 -0.56045 -3.80295e-03 |
79 variables; iteration 780; function evaluation 946; phase 3
Function value -1.0264110e+02; maximum gradient component mag -5.8125e+02
Var    Value     Gradient |Var    Value     Gradient |Var    Value     Gradient
  1  0.01876 -5.81245e+02 |  2 -0.00693  1.02633e+00 |  3 -0.00807  1.23584e+00
  4 -0.02433  1.29514e+00 |  5 -0.02570  1.52812e+00 |  6 -0.02713  1.83455e+00
  7 -0.02889  2.13520e+00 |  8 -0.03076  2.47836e+00 |  9 -0.03262  2.89376e+00
 10 -0.03484  3.25710e+00 | 11 -0.03690  3.71678e+00 | 12 -0.03915  4.19215e+00
 13 -0.04117  4.71499e+00 | 14 -0.04336  5.22991e+00 | 15 -0.04670  5.82807e+00
 16 -0.04877  6.48383e+00 | 17 -0.05139  7.31537e+00 | 18 -0.05284  8.15126e+00
 19 -0.05435  8.40658e+00 | 20 -0.07695  6.19894e-01 | 21 -0.05517  8.93024e+00
 22 -0.05233  9.25096e+00 | 23 -0.05191  9.71588e+00 | 24 -0.05452  9.36967e+00
 25 -0.05742  9.13057e+00 | 26 -0.05784  1.05782e+01 | 27 -0.04425  1.56722e+01
 28 -0.05568  8.62136e+00 | 29  0.00674  2.06786e+01 | 30 -0.03694  9.74278e+00
 31 -0.12268  2.91520e+00 | 32 -0.16207 -1.57953e-01 | 33  0.03786 -2.52948e+01
 34 -0.14814 -1.28061e+01 | 35 -0.01291 -5.22508e+01 | 36 -0.02288 -6.00327e+01
 37 -0.07342 -4.36744e+01 | 38  0.03139 -9.63076e+01 | 39 -0.05304 -4.48708e+01
 40 -0.04329 -4.29218e+01 | 41 -0.04239 -3.43894e+01 | 42  0.00365 -3.56110e+01
 43 -0.01498 -2.05473e+01 | 44 -0.03379 -9.96163e+00 | 45 -0.04048 -4.22070e+00
 46 -0.03171 -3.16865e-01 | 47 -0.10491  1.44397e+00 | 48 -0.04511  3.11356e+00
 49 -0.18187  8.84741e-01 | 50  0.07450  2.13289e+00 | 51 -0.11380  1.01909e-01
 52 -0.04104 -1.70939e-01 | 53 -0.08388 -1.06287e-01 | 54 -0.07196 -2.40849e-01
 55 -0.03227 -3.87638e-01 | 56 -0.09313 -2.96754e-01 | 57 -0.05955 -4.28476e-01
 58 -0.00439 -6.04448e-01 | 59 -0.02061 -5.79752e-01 | 60 -0.02686 -5.75915e-01
 61 -0.08097 -3.39034e-01 | 62 -0.01217 -5.48522e-01 | 63 -0.06453 -3.74744e-01
 64 -0.12178 -1.90596e-01 | 65 -0.05469 -3.88471e-01 | 66 -0.12022 -2.48981e-01
 67 -0.10200 -2.61603e-01 | 68 -0.07060 -2.38295e-01 | 69 -0.08485 -2.86664e-02
 70 -0.04123  2.45571e-04 | 71 -0.04253 -3.08323e-04 | 72 -0.53772 -4.82468e+01
 73 -0.39429  2.38240e-01 | 74 -0.25914 -1.81720e+02 | 75 -0.40509  1.22215e+01
 76 -3.58043 -3.54142e+00 | 77  3.65396  1.18580e+00 | 78  0.29365 -6.92826e-03
 79 -0.55940 -3.79030e-03 |
79 variables; iteration 800; function evaluation 967; phase 3
Function value -1.0265538e+02; maximum gradient component mag -4.2581e+02
Var    Value     Gradient |Var    Value     Gradient |Var    Value     Gradient
  1  0.01874 -4.25812e+02 |  2 -0.00705 -2.13435e-01 |  3 -0.00816 -2.35028e-01
  4 -0.02446 -2.69137e-01 |  5 -0.02580 -3.09728e-01 |  6 -0.02725 -3.32396e-01
  7 -0.02900 -3.96302e-01 |  8 -0.03087 -4.60945e-01 |  9 -0.03279 -5.10813e-01
 10 -0.03509 -6.33578e-01 | 11 -0.03719 -7.00065e-01 | 12 -0.03940 -7.81763e-01
 13 -0.04132 -7.99958e-01 | 14 -0.04371 -9.43866e-01 | 15 -0.04717 -1.06797e+00
 16 -0.04938 -1.21440e+00 | 17 -0.05210 -1.31420e+00 | 18 -0.05363 -1.32910e+00
 19 -0.05502 -1.48822e+00 | 20 -0.07300 -6.67689e+00 | 21 -0.05608 -1.70430e+00
 22 -0.05310 -1.23887e+00 | 23 -0.05286 -1.28692e+00 | 24 -0.05347 -1.56282e+00
 25 -0.05559 -2.29262e+00 | 26 -0.05997 -3.75162e+00 | 27 -0.04469 -1.08900e+00
 28 -0.04993 -5.77966e+00 | 29  0.00361 -5.45930e+00 | 30 -0.03552 -6.58372e+00
 31 -0.12276 -2.94928e+00 | 32 -0.16267 -2.41252e+00 | 33  0.03790 -1.70644e+01
 34 -0.14856 -5.43035e+00 | 35 -0.01271 -1.52751e+01 | 36 -0.02315 -1.61690e+01
 37 -0.07273 -1.08259e+01 | 38  0.03108 -2.45878e+01 | 39 -0.05264 -1.04323e+01
 40 -0.04351 -1.17969e+01 | 41 -0.04227 -1.00838e+01 | 42  0.00361 -1.17433e+01
 43 -0.01499 -8.23421e+00 | 44 -0.03381 -5.43653e+00 | 45 -0.04042 -3.90113e+00
 46 -0.03178 -2.95071e+00 | 47 -0.10470 -1.27973e+00 | 48 -0.04555 -1.23899e+00
 49 -0.17951 -2.75462e-01 | 50  0.07439 -2.59004e-01 | 51 -0.11422  9.72246e-02
 52 -0.04095  1.27386e-01 | 53 -0.08390  2.80886e-02 | 54 -0.07186  9.13322e-02
 55 -0.03235  1.58473e-01 | 56 -0.09322  9.86346e-02 | 57 -0.05945  1.36028e-01
 58 -0.00437  2.07667e-01 | 59 -0.02066  1.52248e-01 | 60 -0.02687  1.36807e-01
 61 -0.08084  2.82312e-02 | 62 -0.01219  1.25705e-01 | 63 -0.06469  9.13558e-02
 64 -0.12162  5.96490e-03 | 65 -0.05471  5.72596e-02 | 66 -0.12032  5.69425e-02
 67 -0.10185  7.00594e-02 | 68 -0.07049  7.79541e-02 | 69 -0.08490  1.07908e-02
 70 -0.04125  5.27365e-05 | 71 -0.04253 -7.42893e-04 | 72 -0.53865 -3.96602e+01
 73 -0.39736 -2.03350e-01 | 74 -0.25863 -1.00165e+02 | 75 -0.39977  7.51729e+00
 76 -3.58547 -1.84687e+00 | 77  3.63510  3.76760e-01 | 78  0.29171 -6.21350e-03
 79 -0.56261 -3.82937e-03 |
79 variables; iteration 820; function evaluation 987; phase 3
Function value -1.0266591e+02; maximum gradient component mag -3.5058e+01
Var    Value     Gradient |Var    Value     Gradient |Var    Value     Gradient
  1  0.01877  3.48736e+00 |  2 -0.00697 -2.93787e-02 |  3 -0.00822 -5.55446e-02
  4 -0.02433 -2.96618e-02 |  5 -0.02570 -4.16707e-02 |  6 -0.02737 -8.28568e-02
  7 -0.02901 -6.59639e-02 |  8 -0.03084 -6.67843e-02 |  9 -0.03280 -7.01454e-02
 10 -0.03511 -1.32846e-01 | 11 -0.03720 -1.24896e-01 | 12 -0.03940 -1.29362e-01
 13 -0.04129 -5.49261e-02 | 14 -0.04378 -1.50234e-01 | 15 -0.04699 -1.07498e-01
 16 -0.04929 -1.72620e-01 | 17 -0.05217 -1.95738e-01 | 18 -0.05394 -1.66301e-01
 19 -0.05584 -4.08510e-01 | 20 -0.07458 -5.92776e+00 | 21 -0.05719 -5.82171e-01
 22 -0.05445 -1.69016e-01 | 23 -0.05410 -6.04958e-02 | 24 -0.05461 -1.23482e-01
 25 -0.05419  1.17448e-01 | 26 -0.05444  1.41853e-01 | 27 -0.04507  1.59745e+00
 28 -0.05100 -3.25167e+00 | 29  0.00227 -3.46240e-01 | 30 -0.03373 -8.09871e-01
 31 -0.12428 -5.82059e-01 | 32 -0.16260 -4.51768e-01 | 33  0.03785 -4.60915e+00
 34 -0.14859 -1.27076e+00 | 35 -0.01278  6.97101e-02 | 36 -0.02324  1.01570e+00
 37 -0.07263  1.94262e+00 | 38  0.03094  4.50941e+00 | 39 -0.05261  3.71619e+00
 40 -0.04361  2.30804e+00 | 41 -0.04229  1.89661e+00 | 42  0.00355  1.95897e+00
 43 -0.01506  9.04668e-01 | 44 -0.03384  7.01182e-01 | 45 -0.04046  5.16548e-03
 46 -0.03183  5.51777e-02 | 47 -0.10469 -9.90677e-02 | 48 -0.04571 -6.50848e-03
 49 -0.17908 -1.35731e-01 | 50  0.07432  3.23488e-01 | 51 -0.11446 -2.99361e-02
 52 -0.04100  6.66865e-02 | 53 -0.08395  1.81743e-01 | 54 -0.07193  4.94155e-02
 55 -0.03244  5.43945e-02 | 56 -0.09331 -1.26762e-02 | 57 -0.05950  8.08826e-03
 58 -0.00446  2.44098e-02 | 59 -0.02071  8.95294e-02 | 60 -0.02698  5.01123e-02
 61 -0.08083  1.51796e-01 | 62 -0.01225  2.50203e-01 | 63 -0.06482  8.99717e-02
 64 -0.12156  1.79810e-01 | 65 -0.05478  1.74631e-01 | 66 -0.12037  2.94807e-02
 67 -0.10187 -5.92413e-02 | 68 -0.07054 -8.57194e-02 | 69 -0.08491 -1.35331e-02
 70 -0.04128  3.72664e-05 | 71 -0.04255 -3.30320e-04 | 72 -0.53830 -3.50581e+01
 73 -0.39153 -2.79593e-01 | 74 -0.25860  1.54267e+01 | 75 -0.39972 -6.88916e-01
 76 -3.58385 -1.54457e-01 | 77  3.64139  4.78503e-02 | 78  0.29253 -6.50385e-03
 79 -0.55979 -3.79495e-03 |
79 variables; iteration 840; function evaluation 1009; phase 3
Function value -1.0268014e+02; maximum gradient component mag -2.2987e+02
Var    Value     Gradient |Var    Value     Gradient |Var    Value     Gradient
  1  0.01873 -2.29867e+02 |  2 -0.00698 -4.02601e-01 |  3 -0.00814 -4.75206e-01
  4 -0.02435 -5.01193e-01 |  5 -0.02567 -5.85116e-01 |  6 -0.02723 -6.92618e-01
  7 -0.02893 -8.03758e-01 |  8 -0.03072 -9.16687e-01 |  9 -0.03271 -1.05959e+00
 10 -0.03481 -1.20424e+00 | 11 -0.03688 -1.34277e+00 | 12 -0.03907 -1.51312e+00
 13 -0.04114 -1.66141e+00 | 14 -0.04338 -1.85783e+00 | 15 -0.04684 -2.09413e+00
 16 -0.04894 -2.32630e+00 | 17 -0.05152 -2.52559e+00 | 18 -0.05294 -2.62309e+00
 19 -0.05490 -3.00555e+00 | 20 -0.08046 -1.01284e+01 | 21 -0.05599 -3.26745e+00
 22 -0.05376 -2.95126e+00 | 23 -0.05342 -2.97661e+00 | 24 -0.05411 -3.30346e+00
 25 -0.05425 -3.51395e+00 | 26 -0.05401 -3.93423e+00 | 27 -0.05131 -4.85497e+00
 28 -0.04423 -7.12738e+00 | 29  0.00051 -9.18370e+00 | 30 -0.03388 -7.88553e+00
 31 -0.12344 -3.29879e+00 | 32 -0.16250 -2.06614e+00 | 33  0.03774 -9.96211e+00
 34 -0.14860 -2.00434e+00 | 35 -0.01273 -1.69804e+00 | 36 -0.02344 -1.03896e+00
 37 -0.07203  1.19491e+00 | 38  0.03065  5.29303e-02 | 39 -0.05237  2.00875e+00
 40 -0.04379 -4.65605e-01 | 41 -0.04216 -3.19337e-01 | 42  0.00347 -1.60101e+00
 43 -0.01514 -2.09511e+00 | 44 -0.03391 -1.85900e+00 | 45 -0.04042 -2.22841e+00
 46 -0.03203 -2.01419e+00 | 47 -0.10443 -1.20602e+00 | 48 -0.04625 -1.47147e+00
 49 -0.17640 -1.61439e-01 | 50  0.07411 -2.51580e-01 | 51 -0.11461  9.79604e-02
 52 -0.04099  1.85448e-01 | 53 -0.08407  1.05136e-01 | 54 -0.07178  1.42796e-01
 55 -0.03255  2.06383e-01 | 56 -0.09333  1.42026e-01 | 57 -0.05939  1.89784e-01
 58 -0.00445  2.88969e-01 | 59 -0.02075  2.37094e-01 | 60 -0.02704  2.10712e-01
 61 -0.08076  1.29502e-01 | 62 -0.01226  2.72071e-01 | 63 -0.06496  1.51206e-01
 64 -0.12149  8.73862e-02 | 65 -0.05476  1.63396e-01 | 66 -0.12045  1.03792e-01
 67 -0.10170  1.00864e-01 | 68 -0.07050  9.32383e-02 | 69 -0.08479  1.43656e-02
 70 -0.04128 -2.31360e-04 | 71 -0.04256 -6.86538e-04 | 72 -0.53731 -3.92628e+01
 73 -0.38609  2.96959e-01 | 74 -0.25850 -3.47859e+01 | 75 -0.40031  3.01586e+00
 76 -3.57734  7.69854e-01 | 77  3.66298 -3.16588e-01 | 78  0.29401 -7.11921e-03
 79 -0.56111 -3.81106e-03 |
79 variables; iteration 860; function evaluation 1032; phase 3
Function value -1.0268737e+02; maximum gradient component mag -1.5407e+03
Var    Value     Gradient |Var    Value     Gradient |Var    Value     Gradient
  1  0.01871 -1.54068e+03 |  2 -0.00705 -1.49288e+00 |  3 -0.00818 -1.77093e+00
  4 -0.02441 -1.87670e+00 |  5 -0.02572 -2.20617e+00 |  6 -0.02733 -2.61300e+00
  7 -0.02901 -3.04369e+00 |  8 -0.03083 -3.52324e+00 |  9 -0.03288 -4.07692e+00
 10 -0.03486 -4.60450e+00 | 11 -0.03704 -5.22662e+00 | 12 -0.03927 -5.90605e+00
 13 -0.04138 -6.57148e+00 | 14 -0.04361 -7.29828e+00 | 15 -0.04675 -8.05644e+00
 16 -0.04911 -9.02665e+00 | 17 -0.05178 -1.00481e+01 | 18 -0.05339 -1.09243e+01
 19 -0.05459 -1.15079e+01 | 20 -0.07917 -1.71435e+01 | 21 -0.05548 -1.23390e+01
 22 -0.05258 -1.17888e+01 | 23 -0.05227 -1.23296e+01 | 24 -0.05330 -1.35112e+01
 25 -0.05336 -1.48242e+01 | 26 -0.05258 -1.72296e+01 | 27 -0.06039 -2.13082e+01
 28 -0.04053 -2.50555e+01 | 29  0.00241 -3.89301e+01 | 30 -0.03683 -3.40899e+01
 31 -0.12077 -1.60896e+01 | 32 -0.16277 -1.16600e+01 | 33  0.03767 -6.66787e+01
 34 -0.14834 -1.63490e+01 | 35 -0.01267 -4.54695e+01 | 36 -0.02358 -4.33552e+01
 37 -0.07168 -2.57188e+01 | 38  0.03055 -5.76663e+01 | 39 -0.05219 -2.44714e+01
 40 -0.04383 -2.68207e+01 | 41 -0.04208 -2.26334e+01 | 42  0.00347 -2.77026e+01
 43 -0.01513 -2.01167e+01 | 44 -0.03390 -1.41246e+01 | 45 -0.04038 -1.13828e+01
 46 -0.03208 -9.35015e+00 | 47 -0.10431 -4.37735e+00 | 48 -0.04641 -4.78927e+00
 49 -0.17547 -7.44136e-01 | 50  0.07401 -5.07081e-01 | 51 -0.11428  2.71126e-01
 52 -0.04101  5.36546e-01 | 53 -0.08400  2.93642e-01 | 54 -0.07172  4.41773e-01
 55 -0.03255  6.15103e-01 | 56 -0.09326  4.02231e-01 | 57 -0.05934  5.30342e-01
 58 -0.00444  7.97260e-01 | 59 -0.02071  6.21621e-01 | 60 -0.02702  5.55457e-01
 61 -0.08070  3.09278e-01 | 62 -0.01226  5.95528e-01 | 63 -0.06491  3.81507e-01
 64 -0.12147  1.81189e-01 | 65 -0.05475  3.99083e-01 | 66 -0.12041  2.69443e-01
 67 -0.10165  2.74397e-01 | 68 -0.07049  2.59393e-01 | 69 -0.08471  4.38707e-02
 70 -0.04127 -6.96205e-04 | 71 -0.04255 -6.33114e-04 | 72 -0.53699 -6.84880e+01
 73 -0.38369  3.99359e+00 | 74 -0.25884 -3.73335e+02 | 75 -0.40554  2.67011e+01
 76 -3.58330 -4.31091e+00 | 77  3.64255  7.91108e-01 | 78  0.29707 -9.36898e-03
 79 -0.53717 -3.53174e-03 |
79 variables; iteration 880; function evaluation 1052; phase 3
Function value -1.0277634e+02; maximum gradient component mag -3.8104e+03
Var    Value     Gradient |Var    Value     Gradient |Var    Value     Gradient
  1  0.01875 -3.81044e+03 |  2 -0.00712 -1.81520e+00 |  3 -0.00854 -2.22555e+00
  4 -0.02447 -2.27629e+00 |  5 -0.02601 -2.73582e+00 |  6 -0.02759 -3.21792e+00
  7 -0.02929 -3.74475e+00 |  8 -0.03112 -4.33336e+00 |  9 -0.03324 -5.01632e+00
 10 -0.03513 -5.64150e+00 | 11 -0.03734 -6.39951e+00 | 12 -0.03963 -7.23663e+00
 13 -0.04202 -8.10310e+00 | 14 -0.04418 -8.96375e+00 | 15 -0.04795 -1.00373e+01
 16 -0.05012 -1.11538e+01 | 17 -0.05388 -1.26331e+01 | 18 -0.05464 -1.35399e+01
 19 -0.05483 -1.40477e+01 | 20 -0.07483 -1.84157e+01 | 21 -0.05773 -1.54258e+01
 22 -0.05663 -1.52106e+01 | 23 -0.05337 -1.54467e+01 | 24 -0.04515 -1.54960e+01
 25 -0.04556 -1.73359e+01 | 26 -0.06648 -2.29210e+01 | 27 -0.05007 -2.47301e+01
 28 -0.04494 -3.01874e+01 | 29  0.00125 -4.66846e+01 | 30 -0.03344 -4.35416e+01
 31 -0.12492 -2.49126e+01 | 32 -0.16288 -2.15596e+01 | 33  0.03762 -1.57438e+02
 34 -0.14812 -4.49765e+01 | 35 -0.01277 -1.38557e+02 | 36 -0.02397 -1.39608e+02
 37 -0.07109 -9.43733e+01 | 38  0.03009 -2.16156e+02 | 39 -0.05181 -1.02740e+02
 40 -0.04417 -1.10832e+02 | 41 -0.04197 -9.83314e+01 | 42  0.00320 -1.21367e+02
 43 -0.01520 -8.42289e+01 | 44 -0.03412 -5.81351e+01 | 45 -0.04036 -4.32361e+01
 46 -0.03246 -3.60086e+01 | 47 -0.10414 -1.45012e+01 | 48 -0.04692 -1.48922e+01
 49 -0.17389 -1.94866e+00 | 50  0.07368 -5.06335e-01 | 51 -0.11380 -5.05188e-01
 52 -0.04142  8.07819e-01 | 53 -0.08363  2.50273e+00 | 54 -0.07197  1.59394e+00
 55 -0.03263  2.13139e+00 | 56 -0.09328  1.01909e+00 | 57 -0.05936  1.17340e+00
 58 -0.00470  1.44902e+00 | 59 -0.02063  1.79594e+00 | 60 -0.02736  1.55724e+00
 61 -0.08054  1.80971e+00 | 62 -0.01237  2.33798e+00 | 63 -0.06516  1.05520e+00
 64 -0.12122  1.49137e+00 | 65 -0.05491  1.28712e+00 | 66 -0.12049  5.88126e-02
 67 -0.10170 -3.03392e-01 | 68 -0.07076 -6.76454e-01 | 69 -0.08462 -1.78000e-01
 70 -0.04124  1.13441e-02 | 71 -0.04252  9.44758e-03 | 72 -0.53433 -1.38282e+02
 73 -0.36695  1.36029e+01 | 74 -0.26014 -1.12252e+03 | 75 -0.42560  7.01861e+01
 76 -3.59976 -1.84893e+01 | 77  3.56552  2.71827e+00 | 78  0.31591 -3.57968e-01
 79 -0.39560  5.17313e-03 |
79 variables; iteration 900; function evaluation 1073; phase 3
Function value -1.0290703e+02; maximum gradient component mag -2.2279e+03
Var    Value     Gradient |Var    Value     Gradient |Var    Value     Gradient
  1  0.01866 -2.22790e+03 |  2 -0.00741 -1.57600e+00 |  3 -0.00826 -1.78400e+00
  4 -0.02440 -1.86544e+00 |  5 -0.02588 -2.23585e+00 |  6 -0.02719 -2.56529e+00
  7 -0.02913 -3.05725e+00 |  8 -0.03099 -3.54638e+00 |  9 -0.03281 -4.04035e+00
 10 -0.03471 -4.54622e+00 | 11 -0.03740 -5.28868e+00 | 12 -0.03955 -5.95570e+00
 13 -0.04142 -6.55114e+00 | 14 -0.04337 -7.21336e+00 | 15 -0.04695 -8.07322e+00
 16 -0.04898 -8.96874e+00 | 17 -0.05287 -1.02737e+01 | 18 -0.05434 -1.11270e+01
 19 -0.05354 -1.12893e+01 | 20 -0.07634 -1.65527e+01 | 21 -0.05573 -1.24162e+01
 22 -0.05290 -1.18622e+01 | 23 -0.05533 -1.29318e+01 | 24 -0.05863 -1.45713e+01
 25 -0.05620 -1.56325e+01 | 26 -0.05212 -1.79609e+01 | 27 -0.04109 -2.05601e+01
 28 -0.04862 -2.69473e+01 | 29 -0.00248 -4.14704e+01 | 30 -0.02962 -3.74207e+01
 31 -0.12703 -1.91761e+01 | 32 -0.16359 -1.46681e+01 | 33  0.03773 -9.26981e+01
 34 -0.14767 -2.56728e+01 | 35 -0.01281 -7.83042e+01 | 36 -0.02402 -8.12252e+01
 37 -0.07059 -5.42969e+01 | 38  0.03002 -1.18685e+02 | 39 -0.05182 -5.30768e+01
 40 -0.04405 -5.36286e+01 | 41 -0.04185 -4.38385e+01 | 42  0.00324 -4.97621e+01
 43 -0.01530 -3.30914e+01 | 44 -0.03409 -2.20796e+01 | 45 -0.04028 -1.60549e+01
 46 -0.03263 -1.33016e+01 | 47 -0.10391 -6.05642e+00 | 48 -0.04722 -7.35544e+00
 49 -0.17204 -1.93671e+00 | 50  0.07343 -2.93594e+00 | 51 -0.11302  1.47968e-01
 52 -0.04134  4.80251e-01 | 53 -0.08407  3.03778e-01 | 54 -0.07152  6.15059e-01
 55 -0.03273  8.55367e-01 | 56 -0.09300  5.69377e-01 | 57 -0.05923  7.29210e-01
 58 -0.00459  1.30068e+00 | 59 -0.02063  1.23170e+00 | 60 -0.02725  1.13358e+00
 61 -0.08068  6.74848e-01 | 62 -0.01230  1.35718e+00 | 63 -0.06488  8.76105e-01
 64 -0.12157  4.92855e-01 | 65 -0.05476  8.43676e-01 | 66 -0.12035  5.17809e-01
 67 -0.10157  4.61930e-01 | 68 -0.07072  3.68834e-01 | 69 -0.08422  2.87771e-02
 70 -0.04126 -1.54851e-03 | 71 -0.04258 -1.16941e-02 | 72 -0.53153 -7.94784e+01
 73 -0.35868  5.72569e+00 | 74 -0.26095 -6.46987e+02 | 75 -0.44009  3.75958e+01
 76 -3.60351 -1.62546e+01 | 77  3.54195  2.06977e+00 | 78  0.33039 -7.72065e-04
 79 -0.30251  2.24764e-01 |
79 variables; iteration 920; function evaluation 1095; phase 3
Function value -1.0294009e+02; maximum gradient component mag -3.6272e+03
Var    Value     Gradient |Var    Value     Gradient |Var    Value     Gradient
  1  0.01867 -3.62721e+03 |  2 -0.00758 -4.64277e+00 |  3 -0.00854 -5.47435e+00
  4 -0.02483 -5.79883e+00 |  5 -0.02634 -6.87575e+00 |  6 -0.02740 -7.97274e+00
  7 -0.02921 -9.34102e+00 |  8 -0.03125 -1.08816e+01 |  9 -0.03329 -1.25377e+01
 10 -0.03532 -1.42377e+01 | 11 -0.03766 -1.61445e+01 | 12 -0.03985 -1.82243e+01
 13 -0.04218 -2.02930e+01 | 14 -0.04438 -2.24908e+01 | 15 -0.04805 -2.50126e+01
 16 -0.04993 -2.77576e+01 | 17 -0.05287 -3.09925e+01 | 18 -0.05435 -3.38228e+01
 19 -0.05542 -3.55321e+01 | 20 -0.07645 -3.75452e+01 | 21 -0.05611 -3.78655e+01
 22 -0.05423 -3.70113e+01 | 23 -0.05413 -3.87151e+01 | 24 -0.05507 -4.18531e+01
 25 -0.05514 -4.63610e+01 | 26 -0.04404 -5.64696e+01 | 27 -0.05535 -6.14994e+01
 28 -0.03714 -7.58629e+01 | 29 -0.00595 -1.07051e+02 | 30 -0.02901 -9.39712e+01
 31 -0.12641 -4.22097e+01 | 32 -0.16371 -2.87811e+01 | 33  0.03776 -1.47689e+02
 34 -0.14739 -3.08128e+01 | 35 -0.01284 -7.23209e+01 | 36 -0.02385 -6.14439e+01
 37 -0.07105 -3.72252e+01 | 38  0.03028 -7.88005e+01 | 39 -0.05202 -3.75997e+01
 40 -0.04389 -4.56215e+01 | 41 -0.04193 -4.46401e+01 | 42  0.00331 -6.17086e+01
 43 -0.01519 -4.93574e+01 | 44 -0.03408 -3.94627e+01 | 45 -0.04029 -3.25021e+01
 46 -0.03250 -3.00461e+01 | 47 -0.10413 -1.36340e+01 | 48 -0.04661 -1.48134e+01
 49 -0.17494 -3.43294e+00 | 50  0.07374 -2.69910e+00 | 51 -0.11300  5.17475e-01
 52 -0.04131  1.58385e+00 | 53 -0.08402  1.50499e+00 | 54 -0.07160  1.82162e+00
 55 -0.03255  2.67025e+00 | 56 -0.09295  1.55300e+00 | 57 -0.05924  1.96404e+00
 58 -0.00455  2.96729e+00 | 59 -0.02051  2.67354e+00 | 60 -0.02720  2.29538e+00
 61 -0.08074  1.57094e+00 | 62 -0.01220  2.79166e+00 | 63 -0.06469  1.79827e+00
 64 -0.12169  1.12700e+00 | 65 -0.05465  1.69812e+00 | 66 -0.12025  8.21771e-01
 67 -0.10166  7.15918e-01 | 68 -0.07074  5.02059e-01 | 69 -0.08419  2.48958e-02
 70 -0.04120  7.13614e-03 | 71 -0.04256 -1.24473e-02 | 72 -0.53076 -9.20562e+01
 73 -0.35607  7.98065e+00 | 74 -0.26108 -1.06631e+03 | 75 -0.44024  6.18551e+01
 76 -3.60935 -1.51249e+01 | 77  3.49166  1.15575e+00 | 78  0.33099  3.25532e+00
 79 -0.30249  2.12420e-01 |
79 variables; iteration 940; function evaluation 1116; phase 3
Function value -1.0296889e+02; maximum gradient component mag -1.9920e+03
Var    Value     Gradient |Var    Value     Gradient |Var    Value     Gradient
  1  0.01858 -1.99197e+03 |  2 -0.00754 -3.45053e-01 |  3 -0.00859 -3.52420e-01
  4 -0.02482 -3.72252e-01 |  5 -0.02619 -4.22860e-01 |  6 -0.02771 -4.70885e-01
  7 -0.02942 -5.26486e-01 |  8 -0.03137 -6.21827e-01 |  9 -0.03348 -7.35122e-01
 10 -0.03545 -7.84000e-01 | 11 -0.03791 -9.67150e-01 | 12 -0.04007 -1.07601e+00
 13 -0.04210 -1.14655e+00 | 14 -0.04441 -1.30583e+00 | 15 -0.04745 -1.35484e+00
 16 -0.04978 -1.60531e+00 | 17 -0.05259 -1.81294e+00 | 18 -0.05417 -1.94682e+00
 19 -0.05515 -2.08564e+00 | 20 -0.08001 -9.24421e+00 | 21 -0.05453 -2.02118e+00
 22 -0.05050 -1.34152e+00 | 23 -0.05023 -1.59436e+00 | 24 -0.05371 -2.96278e+00
 25 -0.05435 -3.60891e+00 | 26 -0.05570 -4.67604e+00 | 27 -0.05372 -5.37804e+00
 28 -0.03117 -4.44702e+00 | 29 -0.00863 -1.33159e+01 | 30 -0.02928 -1.36103e+01
 31 -0.12425 -7.38225e+00 | 32 -0.16464 -7.79287e+00 | 33  0.03759 -6.51920e+01
 34 -0.14719 -2.28241e+01 | 35 -0.01268 -8.02991e+01 | 36 -0.02442 -9.13413e+01
 37 -0.06940 -6.41474e+01 | 38  0.02956 -1.52819e+02 | 39 -0.05130 -7.21412e+01
 40 -0.04427 -7.69923e+01 | 41 -0.04159 -6.57676e+01 | 42  0.00317 -7.78790e+01
 43 -0.01535 -5.23215e+01 | 44 -0.03413 -3.37682e+01 | 45 -0.04016 -2.28726e+01
 46 -0.03292 -1.64680e+01 | 47 -0.10349 -5.56134e+00 | 48 -0.04792 -4.01340e+00
 49 -0.16851 -2.59228e-01 | 50  0.07318  1.57537e+00 | 51 -0.11293  3.73913e-01
 52 -0.04133  5.60246e-01 | 53 -0.08407  3.50677e-01 | 54 -0.07127  4.91201e-01
 55 -0.03279  5.54380e-01 | 56 -0.09293  3.37657e-01 | 57 -0.05897  4.66269e-01
 58 -0.00456  6.08376e-01 | 59 -0.02057  4.23510e-01 | 60 -0.02732  3.97019e-01
 61 -0.08050  2.12749e-01 | 62 -0.01220  6.51768e-01 | 63 -0.06502  3.64666e-01
 64 -0.12136  2.30868e-01 | 65 -0.05465  3.18273e-01 | 66 -0.12038  1.56000e-01
 67 -0.10126  2.02575e-01 | 68 -0.07068  1.44434e-01 | 69 -0.08383  1.65423e-02
 70 -0.04124 -3.46068e-03 | 71 -0.04251 -4.58158e-05 | 72 -0.52880 -8.63766e+01
 73 -0.34454  7.13786e+00 | 74 -0.26138 -6.43610e+02 | 75 -0.45017  3.54313e+01
 76 -3.60919 -1.46174e+01 | 77  3.49362  1.39612e+00 | 78  0.33005 -1.39371e+00
 79 -0.30759  2.35332e-01 |
79 variables; iteration 960; function evaluation 1140; phase 3
Function value -1.0303522e+02; maximum gradient component mag -4.4008e+02
Var    Value     Gradient |Var    Value     Gradient |Var    Value     Gradient
  1  0.01857 -4.40080e+02 |  2 -0.00718  3.96762e-01 |  3 -0.00837  4.78588e-01
  4 -0.02450  5.30156e-01 |  5 -0.02586  6.35499e-01 |  6 -0.02753  7.20495e-01
  7 -0.02931  8.38734e-01 |  8 -0.03108  1.01244e+00 |  9 -0.03314  1.15254e+00
 10 -0.03525  1.31790e+00 | 11 -0.03739  1.49990e+00 | 12 -0.03959  1.68808e+00
 13 -0.04174  1.89980e+00 | 14 -0.04396  2.09577e+00 | 15 -0.04736  2.31271e+00
 16 -0.04949  2.54384e+00 | 17 -0.05231  2.82641e+00 | 18 -0.05381  3.16395e+00
 19 -0.05534  3.11779e+00 | 20 -0.08105 -5.05070e+00 | 21 -0.05682  2.95679e+00
 22 -0.05484  3.01225e+00 | 23 -0.05529  2.91718e+00 | 24 -0.05662  2.70329e+00
 25 -0.05678  2.99971e+00 | 26 -0.04879  6.35342e+00 | 27 -0.03933  8.75406e+00
 28 -0.03813  5.06353e+00 | 29 -0.01496  1.54892e+00 | 30 -0.02149  6.93906e+00
 31 -0.13226 -4.31601e-01 | 32 -0.16442 -7.16380e-01 | 33  0.03763 -1.55139e+01
 34 -0.14699 -7.69213e+00 | 35 -0.01291 -2.71380e+01 | 36 -0.02463 -3.24115e+01
 37 -0.06886 -2.06705e+01 | 38  0.02916 -5.23733e+01 | 39 -0.05121 -2.17795e+01
 40 -0.04445 -2.52104e+01 | 41 -0.04153 -2.01023e+01 | 42  0.00299 -2.36677e+01
 43 -0.01558 -1.53219e+01 | 44 -0.03427 -9.29574e+00 | 45 -0.04021 -6.13499e+00
 46 -0.03329 -3.93860e+00 | 47 -0.10331 -1.42492e+00 | 48 -0.04851 -1.61350e+00
 49 -0.16639 -1.12783e-01 | 50  0.07278 -3.40826e-01 | 51 -0.11255 -5.37213e-03
 52 -0.04156 -9.03519e-02 | 53 -0.08423 -3.56975e-02 | 54 -0.07123 -9.62865e-02
 55 -0.03296 -1.33283e-01 | 56 -0.09292 -8.61744e-02 | 57 -0.05891 -3.66449e-02
 58 -0.00471 -1.56363e-01 | 59 -0.02060 -1.62743e-01 | 60 -0.02756 -1.00605e-01
 61 -0.08054 -8.34812e-02 | 62 -0.01227  5.76989e-02 | 63 -0.06516 -5.95704e-02
 64 -0.12145  1.63296e-02 | 65 -0.05470 -4.13620e-02 | 66 -0.12044 -2.17097e-02
 67 -0.10125 -4.73357e-02 | 68 -0.07087 -6.16169e-02 | 69 -0.08355 -8.95573e-03
 70 -0.04126 -4.47951e-03 | 71 -0.04251  3.50707e-03 | 72 -0.52525 -4.49863e+01
 73 -0.33258  1.39834e+00 | 74 -0.26227 -1.35914e+02 | 75 -0.46859  6.70925e+00
 76 -3.61314 -3.85310e+00 | 77  3.45106  3.08637e-01 | 78  0.32992 -2.15277e+00
 79 -0.32346  2.68467e-01 |
79 variables; iteration 980; function evaluation 1163; phase 3
Function value -1.0305679e+02; maximum gradient component mag -7.8975e+02
Var    Value     Gradient |Var    Value     Gradient |Var    Value     Gradient
  1  0.01855 -7.89750e+02 |  2 -0.00728 -5.51409e-01 |  3 -0.00839 -6.28509e-01
  4 -0.02444 -6.17253e-01 |  5 -0.02544 -6.32545e-01 |  6 -0.02746 -8.83746e-01
  7 -0.02948 -1.10056e+00 |  8 -0.03111 -1.19861e+00 |  9 -0.03316 -1.39044e+00
 10 -0.03500 -1.50216e+00 | 11 -0.03739 -1.76649e+00 | 12 -0.03947 -1.97151e+00
 13 -0.04181 -2.22466e+00 | 14 -0.04388 -2.43698e+00 | 15 -0.04745 -2.77250e+00
 16 -0.04914 -2.97545e+00 | 17 -0.05201 -3.36204e+00 | 18 -0.05431 -3.83486e+00
 19 -0.05623 -4.28903e+00 | 20 -0.07745 -1.01274e+01 | 21 -0.05968 -5.36759e+00
 22 -0.05843 -5.35909e+00 | 23 -0.05707 -5.27004e+00 | 24 -0.05025 -3.92065e+00
 25 -0.04852 -4.23141e+00 | 26 -0.05206 -6.48276e+00 | 27 -0.04703 -7.71842e+00
 28 -0.03322 -1.06778e+01 | 29 -0.01663 -1.94367e+01 | 30 -0.01947 -1.46259e+01
 31 -0.13556 -1.04400e+01 | 32 -0.16415 -7.56035e+00 | 33  0.03777 -5.09064e+01
 34 -0.14702 -1.33727e+01 | 35 -0.01284 -3.43096e+01 | 36 -0.02462 -2.95928e+01
 37 -0.06892 -1.25846e+01 | 38  0.02932 -2.20911e+01 | 39 -0.05138 -7.28476e+00
 40 -0.04432 -1.13830e+01 | 41 -0.04152 -1.05090e+01 | 42  0.00303 -1.65778e+01
 43 -0.01555 -1.33989e+01 | 44 -0.03425 -9.28664e+00 | 45 -0.04017 -6.48343e+00
 46 -0.03328 -4.55651e+00 | 47 -0.10325 -1.23953e+00 | 48 -0.04851 -7.98724e-01
 49 -0.16619  5.05939e-01 | 50  0.07283  2.67028e+00 | 51 -0.11256  3.73617e-01
 52 -0.04149  1.92404e-01 | 53 -0.08421 -1.18767e-01 | 54 -0.07118 -1.86733e-01
 55 -0.03290 -2.34539e-01 | 56 -0.09290 -2.61282e-01 | 57 -0.05886 -2.60560e-01
 58 -0.00467 -4.76559e-01 | 59 -0.02056 -5.06183e-01 | 60 -0.02755 -4.70913e-01
 61 -0.08046 -1.36133e-01 | 62 -0.01221 -4.71514e-02 | 63 -0.06517 -3.01822e-01
 64 -0.12138 -8.37905e-02 | 65 -0.05466 -1.47091e-01 | 66 -0.12038 -1.17237e-01
 67 -0.10124 -3.33150e-01 | 68 -0.07082 -2.81860e-01 | 69 -0.08355 -5.59378e-02
 70 -0.04126 -7.94217e-03 | 71 -0.04252 -2.00705e-03 | 72 -0.52537 -4.54697e+01
 73 -0.33355  1.67973e+00 | 74 -0.26225 -2.46864e+02 | 75 -0.46824  1.25484e+01
 76 -3.61675 -5.77577e+00 | 77  3.39855  2.88975e-01 | 78  0.33010 -2.22975e+00
 79 -0.36034  3.85220e-01 |
79 variables; iteration 1000; function evaluation 1190; phase 3
Function value -1.0344094e+02; maximum gradient component mag 9.3933e+03
Var    Value     Gradient |Var    Value     Gradient |Var    Value     Gradient
  1  0.01821  9.39335e+03 |  2 -0.00798  1.15748e+01 |  3 -0.00842  1.41597e+01
  4 -0.02411  1.51619e+01 |  5 -0.02629  1.75952e+01 |  6 -0.02856  2.04115e+01
  7 -0.03116  2.35147e+01 |  8 -0.03223  2.77743e+01 |  9 -0.03434  3.19329e+01
 10 -0.03715  3.58992e+01 | 11 -0.03978  4.03353e+01 | 12 -0.04183  4.56145e+01
 13 -0.04428  5.05094e+01 | 14 -0.04679  5.57135e+01 | 15 -0.05009  6.18880e+01
 16 -0.05284  6.80855e+01 | 17 -0.05592  7.57383e+01 | 18 -0.05622  8.40074e+01
 19 -0.05735  8.77679e+01 | 20 -0.08974  6.07746e+01 | 21 -0.05134  1.01844e+02
 22 -0.04475  1.06599e+02 | 23 -0.04097  1.16025e+02 | 24 -0.04757  1.15280e+02
 25 -0.05400  1.17001e+02 | 26 -0.05722  1.33138e+02 | 27 -0.05901  1.51541e+02
 28 -0.00491  2.79303e+02 | 29 -0.02956  2.31379e+02 | 30 -0.02342  2.76318e+02
 31 -0.12083  1.29408e+02 | 32 -0.16796  8.10147e+01 | 33  0.03816  4.52335e+02
 34 -0.14533  9.83010e+01 | 35 -0.01248  2.57129e+02 | 36 -0.02402  2.19285e+02
 37 -0.06923  1.28014e+02 | 38  0.03064  2.40830e+02 | 39 -0.05257  1.01295e+02
 40 -0.04294  9.98558e+01 | 41 -0.04153  8.18629e+01 | 42  0.00365  1.00700e+02
 43 -0.01515  7.44800e+01 | 44 -0.03395  5.58596e+01 | 45 -0.03979  4.68777e+01
 46 -0.03311  4.13004e+01 | 47 -0.10298  1.82501e+01 | 48 -0.04733  1.47195e+01
 49 -0.16971  2.08232e+00 | 50  0.07358 -1.09640e+01 | 51 -0.11101 -2.75088e+00
 52 -0.04115 -6.02395e+00 | 53 -0.08397 -4.02612e+00 | 54 -0.07051 -4.74692e+00
 55 -0.03209 -5.71102e+00 | 56 -0.09198 -2.96088e+00 | 57 -0.05808 -3.16670e+00
 58 -0.00415 -5.13545e+00 | 59 -0.01970 -3.89365e+00 | 60 -0.02712 -3.53328e+00
 61 -0.08038 -2.33549e+00 | 62 -0.01123 -3.67903e+00 | 63 -0.06447 -2.86518e+00
 64 -0.12126 -1.39880e+00 | 65 -0.05383 -3.00437e+00 | 66 -0.11967 -1.59172e+00
 67 -0.10089 -1.60610e+00 | 68 -0.07066 -1.31931e+00 | 69 -0.08231 -7.78849e-02
 70 -0.04106 -2.67174e-02 | 71 -0.04230 -4.60278e-03 | 72 -0.51742  8.23330e+01
 73 -0.33691 -1.58076e+01 | 74 -0.26395  3.68611e+03 | 75 -0.50175 -1.51422e+02
 76 -3.62114  1.00868e+02 | 77  3.29699 -2.86233e+00 | 78  0.33091 -1.53986e+01
 79 -0.77119  2.63530e+00 |
79 variables; iteration 1020; function evaluation 1212; phase 3
Function value -1.0387267e+02; maximum gradient component mag 2.1250e+02
Var    Value     Gradient |Var    Value     Gradient |Var    Value     Gradient
  1  0.01798  1.77130e+02 |  2 -0.00785  1.35621e+00 |  3 -0.00887  1.70342e+00
  4 -0.02473  1.90362e+00 |  5 -0.02628  2.21381e+00 |  6 -0.02834  2.47576e+00
  7 -0.03032  2.86546e+00 |  8 -0.03215  3.38183e+00 |  9 -0.03433  3.86684e+00
 10 -0.03635  4.44857e+00 | 11 -0.03912  4.85514e+00 | 12 -0.04104  5.57340e+00
 13 -0.04335  6.18276e+00 | 14 -0.04529  6.95418e+00 | 15 -0.04960  7.35518e+00
 16 -0.05140  8.28774e+00 | 17 -0.05486  9.00997e+00 | 18 -0.05621  9.96820e+00
 19 -0.05653  1.06592e+01 | 20 -0.08982 -1.50159e+00 | 21 -0.05493  1.22301e+01
 22 -0.04628  1.49286e+01 | 23 -0.04209  1.69977e+01 | 24 -0.04274  1.71331e+01
 25 -0.05312  1.32065e+01 | 26 -0.05414  1.36173e+01 | 27 -0.06890  7.71734e+00
 28 -0.00357  2.71021e+01 | 29 -0.03736 -1.20823e-01 | 30 -0.01391  2.84195e+00
 31 -0.13552 -5.41369e+00 | 32 -0.16553 -7.39423e+00 | 33  0.03756 -7.57052e+01
 34 -0.14555 -2.47813e+01 | 35 -0.01188 -7.98925e+01 | 36 -0.02715 -7.89646e+01
 37 -0.06228 -3.65449e+01 | 38  0.02701 -6.66158e+01 | 39 -0.04963 -1.03698e+01
 40 -0.04505  2.30535e+00 | 41 -0.04019  1.84823e+01 | 42  0.00263  4.02160e+01
 43 -0.01612  4.32771e+01 | 44 -0.03443  4.02981e+01 | 45 -0.03957  3.62942e+01
 46 -0.03484  3.89390e+01 | 47 -0.10131  1.93648e+01 | 48 -0.05247  2.38979e+01
 49 -0.14670  4.73889e+00 | 50  0.07077  4.38480e+00 | 51 -0.11122  7.75645e-02
 52 -0.04165 -8.86988e-01 | 53 -0.08401 -1.08122e+00 | 54 -0.06977 -1.55637e+00
 55 -0.03333 -2.17832e+00 | 56 -0.09242 -1.36357e+00 | 57 -0.05730 -1.29819e+00
 58 -0.00453 -2.37383e+00 | 59 -0.02022 -1.85789e+00 | 60 -0.02809 -1.47033e+00
 61 -0.07922 -8.46300e-01 | 62 -0.01190 -1.23221e+00 | 63 -0.06597 -9.96281e-01
 64 -0.12020 -5.76623e-01 | 65 -0.05429 -1.02312e+00 | 66 -0.12046 -3.77475e-01
 67 -0.09964 -5.40272e-01 | 68 -0.07056 -5.48917e-01 | 69 -0.08164 -9.07526e-02
 70 -0.04117 -2.36986e-02 | 71 -0.04240 -4.22196e-03 | 72 -0.51248 -1.70333e+01
 73 -0.29859 -3.66402e+00 | 74 -0.26450  2.12499e+02 | 75 -0.53938 -7.79484e+00
 76 -3.62210 -2.42162e+01 | 77  3.25930  5.65267e-01 | 78  0.33113 -1.23533e+01
 79 -0.94101  8.81705e-01 |
79 variables; iteration 1040; function evaluation 1235; phase 3
Function value -1.0404916e+02; maximum gradient component mag -2.5357e+03
Var    Value     Gradient |Var    Value     Gradient |Var    Value     Gradient
  1  0.01830 -2.53573e+03 |  2 -0.00784 -2.87243e+00 |  3 -0.00913 -3.42256e+00
  4 -0.02529 -3.59564e+00 |  5 -0.02686 -4.26434e+00 |  6 -0.02863 -5.02991e+00
  7 -0.03044 -5.84908e+00 |  8 -0.03257 -6.80830e+00 |  9 -0.03486 -7.86319e+00
 10 -0.03700 -8.90244e+00 | 11 -0.03923 -1.00500e+01 | 12 -0.04136 -1.13301e+01
 13 -0.04376 -1.25974e+01 | 14 -0.04604 -1.39577e+01 | 15 -0.04945 -1.55247e+01
 16 -0.05199 -1.73042e+01 | 17 -0.05493 -1.93293e+01 | 18 -0.05607 -2.09927e+01
 19 -0.05733 -2.21318e+01 | 20 -0.07602 -2.55046e+01 | 21 -0.05819 -2.36715e+01
 22 -0.05743 -2.33047e+01 | 23 -0.05647 -2.45122e+01 | 24 -0.05648 -2.69597e+01
 25 -0.04029 -2.96118e+01 | 26 -0.04530 -3.50071e+01 | 27 -0.05952 -3.85674e+01
 28 -0.00668 -5.46415e+01 | 29 -0.03721 -6.28707e+01 | 30 -0.01716 -6.82709e+01
 31 -0.12793 -2.63262e+01 | 32 -0.16797 -1.98292e+01 | 33  0.03785 -1.08299e+02
 34 -0.14580 -2.47478e+01 | 35 -0.01249 -6.16085e+01 | 36 -0.02545 -5.33987e+01
 37 -0.06681 -3.29632e+01 | 38  0.02893 -6.90892e+01 | 39 -0.05138 -3.16028e+01
 40 -0.04432 -3.67761e+01 | 41 -0.04105 -3.40718e+01 | 42  0.00301 -4.45457e+01
 43 -0.01566 -3.41843e+01 | 44 -0.03431 -2.57842e+01 | 45 -0.03980 -2.16205e+01
 46 -0.03383 -1.81323e+01 | 47 -0.10235 -8.34952e+00 | 48 -0.04973 -8.16020e+00
 49 -0.15978 -1.34540e+00 | 50  0.07228 -2.86750e-01 | 51 -0.11166  3.88758e-01
 52 -0.04155  9.99181e-01 | 53 -0.08419  8.78564e-01 | 54 -0.07052  9.79474e-01
 55 -0.03293  1.35168e+00 | 56 -0.09246  8.11647e-01 | 57 -0.05824  1.07287e+00
 58 -0.00455  1.43919e+00 | 59 -0.02024  1.22824e+00 | 60 -0.02770  1.08345e+00
 61 -0.08002  7.26102e-01 | 62 -0.01196  1.22037e+00 | 63 -0.06515  7.80347e-01
 64 -0.12111  5.24279e-01 | 65 -0.05429  8.06027e-01 | 66 -0.12024  4.31682e-01
 67 -0.10058  3.72903e-01 | 68 -0.07072  2.63496e-01 | 69 -0.08245  2.81055e-02
 70 -0.04114  9.72665e-04 | 71 -0.04243  6.05123e-04 | 72 -0.51692 -6.96387e+01
 73 -0.30232  6.65655e+00 | 74 -0.26389 -1.00410e+03 | 75 -0.50963  4.07511e+01
 76 -3.62386 -2.42139e+01 | 77  3.14567  1.93268e-01 | 78  0.33116 -3.27186e-01
 79 -0.98411  1.28814e-01 |
79 variables; iteration 1060; function evaluation 1255; phase 3
Function value -1.0408722e+02; maximum gradient component mag -3.9615e+01
Var    Value     Gradient |Var    Value     Gradient |Var    Value     Gradient
  1  0.01827 -3.96148e+01 |  2 -0.00745 -3.99128e-01 |  3 -0.00885 -5.17274e-01
  4 -0.02511 -5.51069e-01 |  5 -0.02650 -6.26166e-01 |  6 -0.02810 -7.24198e-01
  7 -0.03000 -8.57650e-01 |  8 -0.03202 -1.00689e+00 |  9 -0.03426 -1.20033e+00
 10 -0.03639 -1.34043e+00 | 11 -0.03855 -1.48954e+00 | 12 -0.04089 -1.72775e+00
 13 -0.04326 -1.92898e+00 | 14 -0.04533 -2.08520e+00 | 15 -0.04877 -2.34170e+00
 16 -0.05074 -2.55319e+00 | 17 -0.05319 -2.75582e+00 | 18 -0.05457 -2.94340e+00
 19 -0.05493 -2.98805e+00 | 20 -0.06786 -6.72303e+00 | 21 -0.05548 -3.41767e+00
 22 -0.05631 -4.12617e+00 | 23 -0.05842 -5.11563e+00 | 24 -0.05932 -5.92729e+00
 25 -0.04837 -3.90071e+00 | 26 -0.04422 -4.09708e+00 | 27 -0.05937 -8.66465e+00
 28 -0.01207 -4.44456e+00 | 29 -0.03387 -1.82106e+01 | 30 -0.01300 -9.61087e+00
 31 -0.13881 -7.40599e+00 | 32 -0.16539 -4.51595e+00 | 33  0.03827 -2.27912e+01
 34 -0.14639 -4.62800e+00 | 35 -0.01224 -3.51362e+00 | 36 -0.02545  2.36159e+00
 37 -0.06668  9.17278e+00 | 38  0.02902  2.29084e+01 | 39 -0.05117  1.71879e+01
 40 -0.04428  1.53546e+01 | 41 -0.04094  1.55256e+01 | 42  0.00312  1.77280e+01
 43 -0.01550  1.25799e+01 | 44 -0.03419  8.41087e+00 | 45 -0.03966  5.92580e+00
 46 -0.03363  4.10524e+00 | 47 -0.10226  1.29252e+00 | 48 -0.04964  3.06802e-02
 49 -0.15962  3.70040e-01 | 50  0.07241 -3.84713e-02 | 51 -0.11172 -2.74455e-02
 52 -0.04137 -2.15553e-02 | 53 -0.08402 -9.32927e-02 | 54 -0.07045 -1.03668e-01
 55 -0.03284 -2.93531e-01 | 56 -0.09243 -2.61672e-01 | 57 -0.05819 -2.96215e-01
 58 -0.00442 -4.20765e-01 | 59 -0.02019 -3.60014e-01 | 60 -0.02753 -2.99551e-01
 61 -0.07990 -1.65739e-01 | 62 -0.01188 -2.71055e-01 | 63 -0.06511 -3.63916e-01
 64 -0.12093 -2.16852e-01 | 65 -0.05424 -3.38453e-01 | 66 -0.12020 -1.87287e-01
 67 -0.10048 -1.00379e-01 | 68 -0.07057 -2.85480e-02 | 69 -0.08251  3.82060e-02
 70 -0.04117 -8.79643e-03 | 71 -0.04242 -8.68837e-04 | 72 -0.51914 -2.86682e+01
 73 -0.30827  1.14658e-01 | 74 -0.26348  2.86659e+01 | 75 -0.49988 -1.16190e+00
 76 -3.62415  6.07091e+00 | 77  3.11501 -7.05412e-02 | 78  0.33116 -2.77139e+00
 79 -0.98174  1.79199e-01 |
79 variables; iteration 1080; function evaluation 1279; phase 3
Function value -1.0411169e+02; maximum gradient component mag -2.3937e+03
Var    Value     Gradient |Var    Value     Gradient |Var    Value     Gradient
  1  0.01836 -2.39367e+03 |  2 -0.00758 -1.62881e+00 |  3 -0.00889 -1.95526e+00
  4 -0.02510 -2.05820e+00 |  5 -0.02649 -2.41142e+00 |  6 -0.02827 -2.86900e+00
  7 -0.03021 -3.36922e+00 |  8 -0.03224 -3.91544e+00 |  9 -0.03446 -4.53075e+00
 10 -0.03652 -5.10304e+00 | 11 -0.03886 -5.78974e+00 | 12 -0.04114 -6.55512e+00
 13 -0.04359 -7.30155e+00 | 14 -0.04558 -8.02328e+00 | 15 -0.04923 -8.98530e+00
 16 -0.05107 -9.89942e+00 | 17 -0.05402 -1.10839e+01 | 18 -0.05634 -1.22239e+01
 19 -0.05629 -1.26459e+01 | 20 -0.07160 -1.62693e+01 | 21 -0.06254 -1.47263e+01
 22 -0.05485 -1.32587e+01 | 23 -0.05787 -1.47008e+01 | 24 -0.04786 -1.43967e+01
 25 -0.05060 -1.68983e+01 | 26 -0.04684 -1.98055e+01 | 27 -0.05393 -2.38187e+01
 28 -0.01280 -3.09724e+01 | 29 -0.03430 -4.32737e+01 | 30 -0.01419 -4.38399e+01
 31 -0.13556 -1.99968e+01 | 32 -0.16650 -1.61755e+01 | 33  0.03820 -1.03424e+02
 34 -0.14639 -2.81051e+01 | 35 -0.01250 -8.24574e+01 | 36 -0.02516 -7.95893e+01
 37 -0.06771 -5.40759e+01 | 38  0.02936 -1.14366e+02 | 39 -0.05179 -5.40868e+01
 40 -0.04408 -5.67377e+01 | 41 -0.04127 -5.00997e+01 | 42  0.00312 -5.94026e+01
 43 -0.01556 -4.09498e+01 | 44 -0.03425 -2.73676e+01 | 45 -0.03985 -1.99483e+01
 46 -0.03356 -1.49273e+01 | 47 -0.10264 -5.73666e+00 | 48 -0.04907 -4.87116e+00
 49 -0.16279  2.66641e-01 | 50  0.07262  1.22231e+00 | 51 -0.11179  2.91797e-01
 52 -0.04147  6.08053e-01 | 53 -0.08417  5.49794e-01 | 54 -0.07068  5.80352e-01
 55 -0.03281  7.07512e-01 | 56 -0.09250  3.88841e-01 | 57 -0.05840  5.65296e-01
 58 -0.00452  7.15577e-01 | 59 -0.02024  5.69653e-01 | 60 -0.02757  4.86063e-01
 61 -0.08019  3.67674e-01 | 62 -0.01193  6.42994e-01 | 63 -0.06502  3.00375e-01
 64 -0.12125  2.31511e-01 | 65 -0.05429  3.13813e-01 | 66 -0.12021  1.53291e-01
 67 -0.10077  1.98839e-01 | 68 -0.07073  1.66527e-01 | 69 -0.08269  3.02713e-02
 70 -0.04115 -3.17647e-03 | 71 -0.04243  1.26500e-03 | 72 -0.51889 -7.25326e+01
 73 -0.31028  6.20511e+00 | 74 -0.26354 -9.64706e+02 | 75 -0.49826  4.10723e+01
 76 -3.62389 -3.45122e+01 | 77  3.14774  3.11586e-01 | 78  0.33116 -1.79036e+00
 79 -0.98330  1.47358e-01 |
79 variables; iteration 1100; function evaluation 1301; phase 3
Function value -1.0413468e+02; maximum gradient component mag 3.2825e+02
Var    Value     Gradient |Var    Value     Gradient |Var    Value     Gradient
  1  0.01837  3.28247e+02 |  2 -0.00762  4.02364e-01 |  3 -0.00894  4.69303e-01
  4 -0.02509  5.20854e-01 |  5 -0.02660  6.05449e-01 |  6 -0.02835  6.89355e-01
  7 -0.03012  8.38888e-01 |  8 -0.03217  9.55789e-01 |  9 -0.03433  1.08250e+00
 10 -0.03657  1.22126e+00 | 11 -0.03884  1.37935e+00 | 12 -0.04108  1.53981e+00
 13 -0.04350  1.68501e+00 | 14 -0.04580  1.85114e+00 | 15 -0.04918  2.05146e+00
 16 -0.05153  2.21012e+00 | 17 -0.05438  2.46824e+00 | 18 -0.05599  2.73164e+00
 19 -0.05731  2.70742e+00 | 20 -0.07078 -1.56805e+00 | 21 -0.05719  2.93371e+00
 22 -0.05496  2.97104e+00 | 23 -0.05377  3.27949e+00 | 24 -0.05427  3.18892e+00
 25 -0.05113  4.42799e+00 | 26 -0.05060  5.36023e+00 | 27 -0.04884  6.36839e+00
 28 -0.01488  1.34674e+01 | 29 -0.03362 -1.32798e+00 | 30 -0.01388  1.29567e+01
 31 -0.13669  1.94245e+00 | 32 -0.16594  1.83894e+00 | 33  0.03822  1.06127e+01
 34 -0.14646  1.28927e+00 | 35 -0.01245  6.35858e+00 | 36 -0.02518  4.60611e+00
 37 -0.06772  4.47127e+00 | 38  0.02936  7.81578e+00 | 39 -0.05168  6.72500e+00
 40 -0.04413  4.93909e+00 | 41 -0.04126  5.70079e+00 | 42  0.00315  7.53078e+00
 43 -0.01552  5.87981e+00 | 44 -0.03423  4.64144e+00 | 45 -0.03985  3.80358e+00
 46 -0.03348  3.45243e+00 | 47 -0.10271  1.73348e+00 | 48 -0.04890  2.00046e+00
 49 -0.16354  5.90454e-01 | 50  0.07273  7.56937e-01 | 51 -0.11189  7.26174e-02
 52 -0.04143 -6.75461e-02 | 53 -0.08417 -4.49441e-02 | 54 -0.07070 -1.02549e-01
 55 -0.03278 -1.03752e-01 | 56 -0.09249 -1.01599e-01 | 57 -0.05844 -1.42455e-01
 58 -0.00450 -1.85066e-01 | 59 -0.02023 -1.31770e-01 | 60 -0.02754 -1.70800e-01
 61 -0.08018 -7.64851e-02 | 62 -0.01193 -1.69685e-01 | 63 -0.06496 -1.18906e-01
 64 -0.12128 -8.08044e-02 | 65 -0.05429 -1.44383e-01 | 66 -0.12017 -6.19841e-02
 67 -0.10081 -8.16205e-02 | 68 -0.07071 -5.37580e-02 | 69 -0.08274 -3.41949e-03
 70 -0.04115 -1.38071e-03 | 71 -0.04244 -2.93313e-03 | 72 -0.51936 -2.47974e+01
 73 -0.31073 -9.96956e-01 | 74 -0.26343  1.43139e+02 | 75 -0.49513 -6.36339e+00
 76 -3.62381  4.43248e+00 | 77  3.15579 -6.62216e-02 | 78  0.33116 -6.43172e-01
 79 -0.98929 -3.31482e-03 |
79 variables; iteration 1120; function evaluation 1321; phase 3
Function value -1.0416160e+02; maximum gradient component mag -1.1375e+03
Var    Value     Gradient |Var    Value     Gradient |Var    Value     Gradient
  1  0.01840 -1.13755e+03 |  2 -0.00756 -9.79364e-01 |  3 -0.00874 -1.14642e+00
  4 -0.02484 -1.17483e+00 |  5 -0.02634 -1.40793e+00 |  6 -0.02816 -1.70512e+00
  7 -0.03013 -2.02061e+00 |  8 -0.03181 -2.26341e+00 |  9 -0.03390 -2.61465e+00
 10 -0.03627 -3.02382e+00 | 11 -0.03859 -3.43961e+00 | 12 -0.04066 -3.85732e+00
 13 -0.04302 -4.30036e+00 | 14 -0.04542 -4.81313e+00 | 15 -0.04863 -5.31122e+00
 16 -0.05107 -5.98904e+00 | 17 -0.05390 -6.68856e+00 | 18 -0.05573 -7.33370e+00
 19 -0.05705 -7.83770e+00 | 20 -0.07529 -1.26071e+01 | 21 -0.05693 -8.35780e+00
 22 -0.05162 -7.37606e+00 | 23 -0.05115 -7.84160e+00 | 24 -0.05297 -9.09376e+00
 25 -0.06024 -1.16920e+01 | 26 -0.05188 -1.15721e+01 | 27 -0.04173 -1.14696e+01
 28 -0.02218 -1.40138e+01 | 29 -0.02812 -2.53297e+01 | 30 -0.01598 -1.83053e+01
 31 -0.13535 -9.87114e+00 | 32 -0.16601 -7.71587e+00 | 33  0.03805 -4.71284e+01
 34 -0.14658 -1.27983e+01 | 35 -0.01250 -3.65172e+01 | 36 -0.02540 -3.69234e+01
 37 -0.06750 -2.32116e+01 | 38  0.02910 -5.05489e+01 | 39 -0.05163 -2.07732e+01
 40 -0.04434 -2.29984e+01 | 41 -0.04129 -1.88630e+01 | 42  0.00301 -2.22977e+01
 43 -0.01565 -1.59341e+01 | 44 -0.03435 -1.17752e+01 | 45 -0.03993 -9.91214e+00
 46 -0.03364 -8.81768e+00 | 47 -0.10271 -4.58904e+00 | 48 -0.04930 -5.55891e+00
 49 -0.16227 -1.49351e+00 | 50  0.07251 -1.10153e+00 | 51 -0.11222  1.80872e-01
 52 -0.04149  5.75147e-01 | 53 -0.08427  4.88328e-01 | 54 -0.07075  5.33534e-01
 55 -0.03297  6.66599e-01 | 56 -0.09261  4.68060e-01 | 57 -0.05851  5.23464e-01
 58 -0.00459  9.35325e-01 | 59 -0.02038  8.19529e-01 | 60 -0.02765  7.83104e-01
 61 -0.08021  5.69018e-01 | 62 -0.01205  1.09682e+00 | 63 -0.06518  6.58366e-01
 64 -0.12124  4.31522e-01 | 65 -0.05441  7.43835e-01 | 66 -0.12034  3.71659e-01
 67 -0.10081  3.22440e-01 | 68 -0.07076  2.33846e-01 | 69 -0.08285  2.23710e-02
 70 -0.04117  4.11331e-04 | 71 -0.04245  1.37087e-03 | 72 -0.51984 -5.24661e+01
 73 -0.31127  3.51196e+00 | 74 -0.26317 -3.93769e+02 | 75 -0.49092  1.75484e+01
 76 -3.62241 -1.31886e+01 | 77  3.24412  2.39833e-01 | 78  0.33116  4.40353e-01
 79 -0.98950 -8.48276e-03 |
79 variables; iteration 1140; function evaluation 1342; phase 3
Function value -1.0417503e+02; maximum gradient component mag 6.1917e+01
Var    Value     Gradient |Var    Value     Gradient |Var    Value     Gradient
  1  0.01846  6.19169e+01 |  2 -0.00735  6.68421e-01 |  3 -0.00864  7.82267e-01
  4 -0.02480  8.46964e-01 |  5 -0.02629  9.86520e-01 |  6 -0.02795  1.15315e+00
  7 -0.02954  1.41502e+00 |  8 -0.03158  1.60972e+00 |  9 -0.03365  1.84626e+00
 10 -0.03578  2.10927e+00 | 11 -0.03815  2.33956e+00 | 12 -0.04023  2.67382e+00
 13 -0.04287  2.85644e+00 | 14 -0.04470  3.30425e+00 | 15 -0.04896  3.37077e+00
 16 -0.05095  3.81570e+00 | 17 -0.05411  4.16882e+00 | 18 -0.05494  4.90669e+00
 19 -0.05575  5.20118e+00 | 20 -0.07394 -7.81723e-01 | 21 -0.05549  5.73043e+00
 22 -0.05530  5.05431e+00 | 23 -0.05419  5.51243e+00 | 24 -0.05841  4.35011e+00
 25 -0.05897  4.71207e+00 | 26 -0.04537  1.08645e+01 | 27 -0.03940  1.29005e+01
 28 -0.03467  1.03255e+01 | 29 -0.01757  4.95137e+00 | 30 -0.02048  1.19194e+01
 31 -0.13368  1.53714e+00 | 32 -0.16445  8.39548e-01 | 33  0.03794 -3.75800e+00
 34 -0.14722 -4.43628e+00 | 35 -0.01242 -1.48838e+01 | 36 -0.02547 -1.90302e+01
 37 -0.06769 -1.11037e+01 | 38  0.02908 -2.82041e+01 | 39 -0.05164 -8.58072e+00
 40 -0.04445 -9.47260e+00 | 41 -0.04137 -4.51714e+00 | 42  0.00297 -2.48291e+00
 43 -0.01568  8.48142e-01 | 44 -0.03437  2.75652e+00 | 45 -0.04000  3.43952e+00
 46 -0.03356  3.99761e+00 | 47 -0.10286  2.26332e+00 | 48 -0.04926  2.55072e+00
 49 -0.16257  6.66892e-01 | 50  0.07251  7.49277e-01 | 51 -0.11257  2.57579e-02
 52 -0.04149 -1.92536e-01 | 53 -0.08424 -1.67123e-01 | 54 -0.07092 -2.44742e-01
 55 -0.03300 -2.86603e-01 | 56 -0.09282 -2.19413e-01 | 57 -0.05862 -2.98382e-01
 58 -0.00464 -4.49339e-01 | 59 -0.02051 -3.90572e-01 | 60 -0.02766 -3.85134e-01
 61 -0.08025 -2.40381e-01 | 62 -0.01220 -4.24970e-01 | 63 -0.06528 -2.49440e-01
 64 -0.12124 -1.76120e-01 | 65 -0.05457 -3.03530e-01 | 66 -0.12046 -1.37384e-01
 67 -0.10092 -1.46308e-01 | 68 -0.07077 -1.01635e-01 | 69 -0.08318 -9.31945e-03
 70 -0.04120 -6.32897e-04 | 71 -0.04249 -9.03140e-04 | 72 -0.52284 -3.36152e+01
 73 -0.32320 -4.43076e-02 | 74 -0.26250  4.39376e+01 | 75 -0.47656 -2.37036e+00
 76 -3.62004 -2.88191e+00 | 77  3.32686  1.08565e-01 | 78  0.33116  1.83787e-01
 79 -0.99275 -1.15465e-01 |
79 variables; iteration 1160; function evaluation 1364; phase 3
Function value -1.0418811e+02; maximum gradient component mag -1.4559e+03
Var    Value     Gradient |Var    Value     Gradient |Var    Value     Gradient
  1  0.01844 -1.45591e+03 |  2 -0.00737 -1.86058e+00 |  3 -0.00873 -2.25213e+00
  4 -0.02480 -2.33753e+00 |  5 -0.02630 -2.78249e+00 |  6 -0.02798 -3.28559e+00
  7 -0.02946 -3.75452e+00 |  8 -0.03151 -4.39515e+00 |  9 -0.03373 -5.10345e+00
 10 -0.03576 -5.76536e+00 | 11 -0.03791 -6.50936e+00 | 12 -0.04000 -7.33522e+00
 13 -0.04241 -8.19262e+00 | 14 -0.04443 -9.04198e+00 | 15 -0.04772 -1.00422e+01
 16 -0.05028 -1.12642e+01 | 17 -0.05243 -1.24335e+01 | 18 -0.05439 -1.36276e+01
 19 -0.05587 -1.44332e+01 | 20 -0.07787 -1.92066e+01 | 21 -0.05689 -1.55296e+01
 22 -0.05459 -1.50996e+01 | 23 -0.05341 -1.57080e+01 | 24 -0.05436 -1.72525e+01
 25 -0.05556 -1.93891e+01 | 26 -0.05360 -2.26771e+01 | 27 -0.03834 -2.55900e+01
 28 -0.03388 -3.23761e+01 | 29 -0.01786 -4.61006e+01 | 30 -0.01986 -4.10670e+01
 31 -0.13484 -1.89737e+01 | 32 -0.16418 -1.31630e+01 | 33  0.03789 -6.96245e+01
 34 -0.14702 -1.54499e+01 | 35 -0.01246 -3.57092e+01 | 36 -0.02553 -2.99511e+01
 37 -0.06752 -1.52034e+01 | 38  0.02899 -3.25205e+01 | 39 -0.05161 -1.12626e+01
 40 -0.04450 -1.49932e+01 | 41 -0.04134 -1.23373e+01 | 42  0.00293 -1.63480e+01
 43 -0.01574 -1.28624e+01 | 44 -0.03441 -9.89495e+00 | 45 -0.04001 -8.77999e+00
 46 -0.03367 -7.79222e+00 | 47 -0.10282 -3.71516e+00 | 48 -0.04942 -3.81730e+00
 49 -0.16194 -4.93050e-01 | 50  0.07242  4.40365e-01 | 51 -0.11254  3.49959e-01
 52 -0.04151  7.49831e-01 | 53 -0.08429  5.61214e-01 | 54 -0.07087  6.70787e-01
 55 -0.03303  9.48058e-01 | 56 -0.09280  5.37619e-01 | 57 -0.05857  6.64513e-01
 58 -0.00465  1.00116e+00 | 59 -0.02050  8.57494e-01 | 60 -0.02772  7.34802e-01
 61 -0.08024  5.48306e-01 | 62 -0.01217  9.37923e-01 | 63 -0.06534  5.38599e-01
 64 -0.12124  3.20173e-01 | 65 -0.05456  5.32316e-01 | 66 -0.12047  3.14744e-01
 67 -0.10089  2.48746e-01 | 68 -0.07080  1.95366e-01 | 69 -0.08309  2.66949e-02
 70 -0.04119 -1.32777e-03 | 71 -0.04250 -4.02738e-03 | 72 -0.52188 -4.92632e+01
 73 -0.32192  2.42754e+00 | 74 -0.26265 -4.84144e+02 | 75 -0.48012  2.32743e+01
 76 -3.61911 -1.16101e+01 | 77  3.34977  4.14941e-01 | 78  0.33116  6.65534e-01
 79 -0.99123 -6.24049e-02 |
79 variables; iteration 1180; function evaluation 1384; phase 3
Function value -1.0422039e+02; maximum gradient component mag 1.3332e+02
Var    Value     Gradient |Var    Value     Gradient |Var    Value     Gradient
  1  0.01840  1.33319e+02 |  2 -0.00745  1.99454e+00 |  3 -0.00877  2.36397e+00
  4 -0.02488  2.53705e+00 |  5 -0.02629  3.01148e+00 |  6 -0.02781  3.57583e+00
  7 -0.02966  4.17024e+00 |  8 -0.03150  4.87241e+00 |  9 -0.03358  5.59791e+00
 10 -0.03566  6.39260e+00 | 11 -0.03802  7.17900e+00 | 12 -0.04007  8.15535e+00
 13 -0.04226  9.09525e+00 | 14 -0.04459  1.00368e+01 | 15 -0.04763  1.12687e+01
 16 -0.05001  1.23840e+01 | 17 -0.05289  1.37817e+01 | 18 -0.05452  1.50575e+01
 19 -0.05551  1.57513e+01 | 20 -0.07710  7.26928e+00 | 21 -0.05809  1.56648e+01
 22 -0.05668  1.51539e+01 | 23 -0.05695  1.56637e+01 | 24 -0.05419  1.83391e+01
 25 -0.04857  2.30688e+01 | 26 -0.05359  2.45855e+01 | 27 -0.04208  3.32902e+01
 28 -0.02875  3.96189e+01 | 29 -0.02195  3.64728e+01 | 30 -0.01792  4.96244e+01
 31 -0.13651  1.37360e+01 | 32 -0.16368  9.58841e+00 | 33  0.03775  2.67480e+01
 34 -0.14676 -2.24810e+00 | 35 -0.01247 -2.70564e+01 | 36 -0.02582 -4.54028e+01
 37 -0.06672 -3.57731e+01 | 38  0.02857 -9.50716e+01 | 39 -0.05129 -4.33230e+01
 40 -0.04470 -4.66402e+01 | 41 -0.04120 -3.69109e+01 | 42  0.00283 -3.90991e+01
 43 -0.01587 -2.28568e+01 | 44 -0.03449 -1.16294e+01 | 45 -0.03998 -5.85636e+00
 46 -0.03396 -1.59716e+00 | 47 -0.10257  5.76570e-01 | 48 -0.05003  2.20962e+00
 49 -0.15928  1.15155e+00 | 50  0.07211  1.29283e+00 | 51 -0.11244  6.43359e-02
 52 -0.04159 -1.02451e-01 | 53 -0.08437 -8.34942e-02 | 54 -0.07072 -1.02553e-01
 55 -0.03314 -4.74128e-02 | 56 -0.09276 -4.96787e-02 | 57 -0.05845 -2.01317e-01
 58 -0.00467 -5.56763e-02 | 59 -0.02051 -1.82230e-02 | 60 -0.02786 -5.13477e-02
 61 -0.08014  5.18752e-02 | 62 -0.01216  1.54277e-01 | 63 -0.06550  3.91912e-02
 64 -0.12115 -7.25857e-03 | 65 -0.05454 -1.95739e-02 | 66 -0.12052  4.20554e-02
 67 -0.10073 -5.44209e-02 | 68 -0.07082 -5.15477e-02 | 69 -0.08285 -1.67616e-02
 70 -0.04118 -3.81055e-04 | 71 -0.04251 -7.23164e-03 | 72 -0.51959 -4.01870e+01
 73 -0.31370  2.53860e-01 | 74 -0.26297  3.32297e+01 | 75 -0.48937 -2.11514e+00
 76 -3.62127 -1.97393e+00 | 77  3.28896  8.31103e-02 | 78  0.33116  7.67197e-01
 79 -0.99490 -1.99433e-01 |
79 variables; iteration 1200; function evaluation 1405; phase 3
Function value -1.0425845e+02; maximum gradient component mag -2.8955e+03
Var    Value     Gradient |Var    Value     Gradient |Var    Value     Gradient
  1  0.01837 -2.89551e+03 |  2 -0.00741 -2.72356e+00 |  3 -0.00865 -3.25094e+00
  4 -0.02476 -3.40579e+00 |  5 -0.02622 -4.03489e+00 |  6 -0.02773 -4.72416e+00
  7 -0.02941 -5.49621e+00 |  8 -0.03127 -6.37399e+00 |  9 -0.03333 -7.35051e+00
 10 -0.03542 -8.35067e+00 | 11 -0.03760 -9.45385e+00 | 12 -0.03969 -1.06705e+01
 13 -0.04186 -1.18583e+01 | 14 -0.04421 -1.31941e+01 | 15 -0.04735 -1.46415e+01
 16 -0.04960 -1.63130e+01 | 17 -0.05222 -1.81957e+01 | 18 -0.05341 -1.97732e+01
 19 -0.05507 -2.08631e+01 | 20 -0.08239 -2.55586e+01 | 21 -0.05749 -2.24106e+01
 22 -0.05678 -2.20045e+01 | 23 -0.05815 -2.32363e+01 | 24 -0.05807 -2.52515e+01
 25 -0.05206 -2.78553e+01 | 26 -0.03970 -3.31378e+01 | 27 -0.05019 -3.79734e+01
 28 -0.02911 -4.81388e+01 | 29 -0.01987 -6.41914e+01 | 30 -0.01984 -6.26139e+01
 31 -0.13427 -2.79482e+01 | 32 -0.16367 -2.06795e+01 | 33  0.03747 -1.21942e+02
 34 -0.14659 -3.04818e+01 | 35 -0.01254 -8.64141e+01 | 36 -0.02618 -8.39273e+01
 37 -0.06603 -5.37243e+01 | 38  0.02811 -1.18754e+02 | 39 -0.05115 -5.23535e+01
 40 -0.04496 -5.67545e+01 | 41 -0.04112 -4.79215e+01 | 42  0.00262 -5.67526e+01
 43 -0.01611 -3.99138e+01 | 44 -0.03468 -2.79633e+01 | 45 -0.04005 -2.22440e+01
 46 -0.03439 -1.78084e+01 | 47 -0.10242 -7.81058e+00 | 48 -0.05070 -6.96145e+00
 49 -0.15695 -8.01702e-01 | 50  0.07175  1.99997e+00 | 51 -0.11259  7.73405e-01
 52 -0.04171  1.58313e+00 | 53 -0.08459  1.20898e+00 | 54 -0.07062  1.40350e+00
 55 -0.03330  2.00439e+00 | 56 -0.09284  1.14962e+00 | 57 -0.05832  1.34504e+00
 58 -0.00477  2.04572e+00 | 59 -0.02059  1.72079e+00 | 60 -0.02809  1.51994e+00
 61 -0.08015  1.03143e+00 | 62 -0.01220  1.82752e+00 | 63 -0.06575  1.14204e+00
 64 -0.12119  6.63344e-01 | 65 -0.05456  1.10965e+00 | 66 -0.12070  6.16113e-01
 67 -0.10063  5.44593e-01 | 68 -0.07094  4.08001e-01 | 69 -0.08261  3.58122e-02
 70 -0.04118  3.33849e-04 | 71 -0.04250 -3.24076e-03 | 72 -0.51674 -6.76503e+01
 73 -0.30861  4.45918e+00 | 74 -0.26323 -1.08311e+03 | 75 -0.49762  4.78238e+01
 76 -3.62099 -3.15443e+01 | 77  3.29820  8.96461e-01 | 78  0.33116  3.52552e-01
 79 -0.99350 -1.43929e-01 |
79 variables; iteration 1220; function evaluation 1427; phase 3
Function value -1.0434202e+02; maximum gradient component mag -5.3224e+03
Var    Value     Gradient |Var    Value     Gradient |Var    Value     Gradient
  1  0.01837 -5.32238e+03 |  2 -0.00742 -2.42313e+00 |  3 -0.00882 -2.93132e+00
  4 -0.02498 -3.07750e+00 |  5 -0.02641 -3.62986e+00 |  6 -0.02798 -4.25142e+00
  7 -0.02918 -4.82087e+00 |  8 -0.03156 -5.71637e+00 |  9 -0.03356 -6.57073e+00
 10 -0.03531 -7.37792e+00 | 11 -0.03797 -8.46435e+00 | 12 -0.03957 -9.44770e+00
 13 -0.04237 -1.06355e+01 | 14 -0.04380 -1.16417e+01 | 15 -0.04761 -1.30610e+01
 16 -0.04927 -1.44441e+01 | 17 -0.05511 -1.66971e+01 | 18 -0.05718 -1.82063e+01
 19 -0.05303 -1.82383e+01 | 20 -0.08866 -2.47527e+01 | 21 -0.05682 -2.00972e+01
 22 -0.05071 -1.91579e+01 | 23 -0.05464 -2.09489e+01 | 24 -0.04989 -2.25354e+01
 25 -0.04797 -2.55693e+01 | 26 -0.05496 -3.16868e+01 | 27 -0.04597 -3.85990e+01
 28 -0.02728 -5.27656e+01 | 29 -0.02135 -7.39872e+01 | 30 -0.01873 -8.07157e+01
 31 -0.13517 -3.75748e+01 | 32 -0.16418 -3.13325e+01 | 33  0.03757 -2.14730e+02
 34 -0.14612 -6.19902e+01 | 35 -0.01285 -1.97363e+02 | 36 -0.02572 -1.98253e+02
 37 -0.06705 -1.42249e+02 | 38  0.02855 -3.08861e+02 | 39 -0.05178 -1.50639e+02
 40 -0.04471 -1.57489e+02 | 41 -0.04131 -1.38141e+02 | 42  0.00264 -1.62946e+02
 43 -0.01611 -1.10645e+02 | 44 -0.03474 -7.17046e+01 | 45 -0.04021 -5.00899e+01
 46 -0.03445 -3.41056e+01 | 47 -0.10261 -1.11467e+01 | 48 -0.05011 -5.27760e+00
 49 -0.16014  2.62844e+00 | 50  0.07218  9.09486e+00 | 51 -0.11285  7.82902e-01
 52 -0.04167  1.00894e+00 | 53 -0.08495  8.52224e-01 | 54 -0.07055  7.76613e-01
 55 -0.03315  7.37433e-01 | 56 -0.09275  3.28554e-01 | 57 -0.05829  4.34968e-01
 58 -0.00478  1.97372e-01 | 59 -0.02046 -5.98520e-02 | 60 -0.02816 -1.47207e-01
 61 -0.08039 -9.73700e-02 | 62 -0.01201 -6.37523e-01 | 63 -0.06559 -3.76366e-01
 64 -0.12156 -2.16906e-01 | 65 -0.05432 -4.23324e-01 | 66 -0.12064 -2.55050e-01
 67 -0.10075 -1.03653e-01 | 68 -0.07109 -4.75793e-02 | 69 -0.08225 -8.26385e-03
 70 -0.04114 -8.91590e-04 | 71 -0.04242  6.71603e-03 | 72 -0.51204 -1.10367e+02
 73 -0.29679  9.73782e+00 | 74 -0.26368 -2.27826e+03 | 75 -0.50479  9.46358e+01
 76 -3.62215 -8.05115e+01 | 77  3.25717  1.81407e+00 | 78  0.33116  1.12332e-01
 79 -0.98835  2.81002e-02 |
79 variables; iteration 1240; function evaluation 1450; phase 3
Function value -1.0452614e+02; maximum gradient component mag 5.5519e+03
Var    Value     Gradient |Var    Value     Gradient |Var    Value     Gradient
  1  0.01819  5.55195e+03 |  2 -0.00772  1.22973e+00 |  3 -0.00899  1.47675e+00
  4 -0.02547  1.49669e+00 |  5 -0.02677  1.83748e+00 |  6 -0.02797  2.30357e+00
  7 -0.03052  2.47526e+00 |  8 -0.03217  2.99072e+00 |  9 -0.03415  3.47573e+00
 10 -0.03705  3.72198e+00 | 11 -0.03861  4.44586e+00 | 12 -0.04130  4.84913e+00
 13 -0.04317  5.52592e+00 | 14 -0.04630  5.81348e+00 | 15 -0.04950  6.53422e+00
 16 -0.05197  7.12545e+00 | 17 -0.05223  8.95437e+00 | 18 -0.05003  1.12030e+01
 19 -0.05734  9.07040e+00 | 20 -0.08080  6.56889e-01 | 21 -0.05062  1.23380e+01
 22 -0.05009  1.16232e+01 | 23 -0.03957  1.59597e+01 | 24 -0.06094  7.95283e+00
 25 -0.07332  4.55566e+00 | 26 -0.04611  1.97639e+01 | 27 -0.04407  2.65862e+01
 28 -0.02737  4.01017e+01 | 29 -0.01673  4.48602e+01 | 30 -0.02746  6.04216e+01
 31 -0.12060  3.85211e+01 | 32 -0.16983  2.72081e+01 | 33  0.03709  2.31289e+02
 34 -0.14540  7.33465e+01 | 35 -0.01265  2.56015e+02 | 36 -0.02695  2.59169e+02
 37 -0.06436  2.02099e+02 | 38  0.02730  3.99612e+02 | 39 -0.05122  1.98468e+02
 40 -0.04521  1.82319e+02 | 41 -0.04096  1.54376e+02 | 42  0.00223  1.60756e+02
 43 -0.01660  9.80156e+01 | 44 -0.03511  5.90111e+01 | 45 -0.04017  3.85657e+01
 46 -0.03563  2.52802e+01 | 47 -0.10184  1.07056e+01 | 48 -0.05213  1.17133e+01
 49 -0.15226  2.88051e+00 | 50  0.07132  6.69588e+00 | 51 -0.11340  4.63597e-01
 52 -0.04169  2.36204e-01 | 53 -0.08551 -2.83773e-01 | 54 -0.06986 -5.46058e-01
 55 -0.03351 -8.16087e-01 | 56 -0.09269 -4.58643e-01 | 57 -0.05768 -5.29279e-01
 58 -0.00480 -5.03940e-01 | 59 -0.02045 -3.80354e-01 | 60 -0.02869 -3.07467e-01
 61 -0.08009 -1.65386e-01 | 62 -0.01177 -1.06606e-01 | 63 -0.06639 -1.54379e-01
 64 -0.12117  1.09229e-01 | 65 -0.05411  4.27129e-01 | 66 -0.12081  2.60227e-01
 67 -0.10022 -1.79729e-01 | 68 -0.07106  1.56864e-01 | 69 -0.08113  4.27877e-02
 70 -0.04101  1.09128e-02 | 71 -0.04238 -3.91704e-03 | 72 -0.50234  8.04674e+01
 73 -0.26911 -1.71607e+01 | 74 -0.26411  2.57841e+03 | 75 -0.52462 -9.91649e+01
 76 -3.62442  1.06630e+02 | 77  3.04382 -3.12883e-01 | 78  0.33117  1.67255e+00
 79 -1.01787 -1.74245e-01 |
79 variables; iteration 1260; function evaluation 1473; phase 3
Function value -1.0502922e+02; maximum gradient component mag 5.3841e+03
Var    Value     Gradient |Var    Value     Gradient |Var    Value     Gradient
  1  0.01828  5.38414e+03 |  2 -0.00728  7.29849e+00 |  3 -0.00846  8.74427e+00
  4 -0.02463  9.26325e+00 |  5 -0.02624  1.08913e+01 |  6 -0.02750  1.29595e+01
  7 -0.02917  1.52061e+01 |  8 -0.03113  1.76366e+01 |  9 -0.03314  2.03204e+01
 10 -0.03561  2.29625e+01 | 11 -0.03742  2.61952e+01 | 12 -0.03973  2.95357e+01
 13 -0.04173  3.29552e+01 | 14 -0.04432  3.63468e+01 | 15 -0.04743  4.05677e+01
 16 -0.04987  4.48087e+01 | 17 -0.05332  4.96056e+01 | 18 -0.05344  5.53319e+01
 19 -0.05468  5.78839e+01 | 20 -0.07977  4.18552e+01 | 21 -0.05564  6.14614e+01
 22 -0.05259  6.16479e+01 | 23 -0.05086  6.58896e+01 | 24 -0.05483  6.74982e+01
 25 -0.05341  7.61811e+01 | 26 -0.04398  1.00041e+02 | 27 -0.05303  1.01379e+02
 28 -0.04482  1.19704e+02 | 29  0.00200  1.89695e+02 | 30 -0.03760  1.45224e+02
 31 -0.12122  7.31043e+01 | 32 -0.16124  4.77376e+01 | 33  0.03638  2.16737e+02
 34 -0.14385  4.50262e+01 | 35 -0.01347  1.04589e+02 | 36 -0.02621  8.28716e+01
 37 -0.06623  5.20021e+01 | 38  0.02778  8.95763e+01 | 39 -0.05234  4.72043e+01
 40 -0.04491  4.91998e+01 | 41 -0.04164  5.17158e+01 | 42  0.00222  7.22626e+01
 43 -0.01667  6.12295e+01 | 44 -0.03532  5.07239e+01 | 45 -0.04063  4.40905e+01
 46 -0.03581  3.99939e+01 | 47 -0.10218  1.86450e+01 | 48 -0.05119  1.66846e+01
 49 -0.15892  4.48053e+00 | 50  0.07214  6.33709e-02 | 51 -0.11436 -1.43572e+00
 52 -0.04173 -3.02605e+00 | 53 -0.08657 -1.93920e+00 | 54 -0.06975 -2.49719e+00
 55 -0.03336 -3.52700e+00 | 56 -0.09264 -2.13812e+00 | 57 -0.05780 -2.93429e+00
 58 -0.00491 -4.16286e+00 | 59 -0.02029 -3.39336e+00 | 60 -0.02900 -2.96684e+00
 61 -0.08071 -2.00089e+00 | 62 -0.01135 -3.71570e+00 | 63 -0.06637 -2.60759e+00
 64 -0.12208 -1.78290e+00 | 65 -0.05360 -3.02533e+00 | 66 -0.12101 -1.76893e+00
 67 -0.10035 -1.38381e+00 | 68 -0.07147 -1.11821e+00 | 69 -0.08034 -1.72877e-01
 70 -0.04106 -1.02511e-02 | 71 -0.04231 -3.18399e-04 | 72 -0.49071  4.59929e+01
 73 -0.23039 -1.36801e+01 | 74 -0.26430  2.28800e+03 | 75 -0.52341 -8.76500e+01
 76 -3.62359  4.91824e+01 | 77  2.81875  5.99675e-01 | 78  0.33116 -1.52690e+00
 79 -1.01292 -6.78739e-02 |
79 variables; iteration 1280; function evaluation 1494; phase 3
Function value -1.0509746e+02; maximum gradient component mag -3.3687e+03
Var    Value     Gradient |Var    Value     Gradient |Var    Value     Gradient
  1  0.01825 -3.36870e+03 |  2 -0.00744 -2.84016e+00 |  3 -0.00856 -3.36453e+00
  4 -0.02483 -3.56588e+00 |  5 -0.02625 -4.21502e+00 |  6 -0.02782 -4.94683e+00
  7 -0.02984 -5.83392e+00 |  8 -0.03150 -6.70220e+00 |  9 -0.03349 -7.70596e+00
 10 -0.03571 -8.77612e+00 | 11 -0.03801 -9.95804e+00 | 12 -0.04010 -1.12120e+01
 13 -0.04243 -1.25172e+01 | 14 -0.04455 -1.38638e+01 | 15 -0.04870 -1.55370e+01
 16 -0.04998 -1.71152e+01 | 17 -0.05454 -1.94020e+01 | 18 -0.05503 -2.09616e+01
 19 -0.05625 -2.20984e+01 | 20 -0.07816 -2.59872e+01 | 21 -0.05564 -2.37665e+01
 22 -0.04923 -2.30536e+01 | 23 -0.04821 -2.45920e+01 | 24 -0.05173 -2.74198e+01
 25 -0.03945 -3.03377e+01 | 26 -0.05797 -3.59334e+01 | 27 -0.05697 -4.09006e+01
 28 -0.04829 -4.87655e+01 | 29  0.00594 -8.03902e+01 | 30 -0.03862 -6.64654e+01
 31 -0.12209 -3.35541e+01 | 32 -0.16213 -2.45879e+01 | 33  0.03636 -1.40329e+02
 34 -0.14400 -3.62347e+01 | 35 -0.01357 -1.02146e+02 | 36 -0.02661 -9.72581e+01
 37 -0.06564 -6.62045e+01 | 38  0.02735 -1.37133e+02 | 39 -0.05252 -6.49508e+01
 40 -0.04507 -6.83322e+01 | 41 -0.04166 -5.99301e+01 | 42  0.00197 -7.23085e+01
 43 -0.01700 -5.17518e+01 | 44 -0.03558 -3.67440e+01 | 45 -0.04077 -2.90906e+01
 46 -0.03639 -2.32726e+01 | 47 -0.10210 -1.07236e+01 | 48 -0.05181 -1.01424e+01
 49 -0.15703 -1.96782e+00 | 50  0.07185  1.12432e+00 | 51 -0.11469  6.28047e-01
 52 -0.04187  1.20903e+00 | 53 -0.08702  8.38731e-01 | 54 -0.06957  1.05025e+00
 55 -0.03353  1.45987e+00 | 56 -0.09273  9.22195e-01 | 57 -0.05762  1.21022e+00
 58 -0.00503  1.67762e+00 | 59 -0.02036  1.41904e+00 | 60 -0.02937  1.22293e+00
 61 -0.08077  7.38968e-01 | 62 -0.01135  1.22249e+00 | 63 -0.06671  8.33643e-01
 64 -0.12215  5.55685e-01 | 65 -0.05361  9.78458e-01 | 66 -0.12109  5.35908e-01
 67 -0.10036  4.91489e-01 | 68 -0.07163  4.39806e-01 | 69 -0.07981  6.28193e-02
 70 -0.04099  2.90045e-03 | 71 -0.04229  2.59353e-03 | 72 -0.48551 -6.64706e+01
 73 -0.22221  9.41357e+00 | 74 -0.26458 -1.51510e+03 | 75 -0.53367  5.46938e+01
 76 -3.62166 -5.58465e+01 | 77  2.72022 -1.42184e+00 | 78  0.33117  1.47779e+00
 79 -1.01135 -2.31986e-02 |
79 variables; iteration 1300; function evaluation 1517; phase 3
Function value -1.0514156e+02; maximum gradient component mag -1.8983e+03
Var    Value     Gradient |Var    Value     Gradient |Var    Value     Gradient
  1  0.01824 -1.89829e+03 |  2 -0.00732 -1.84661e+00 |  3 -0.00853 -2.20160e+00
  4 -0.02475 -2.32511e+00 |  5 -0.02617 -2.75099e+00 |  6 -0.02772 -3.21923e+00
  7 -0.02950 -3.76321e+00 |  8 -0.03135 -4.34914e+00 |  9 -0.03342 -5.01829e+00
 10 -0.03547 -5.68325e+00 | 11 -0.03769 -6.44595e+00 | 12 -0.03987 -7.26698e+00
 13 -0.04202 -8.10654e+00 | 14 -0.04418 -8.98425e+00 | 15 -0.04759 -9.99352e+00
 16 -0.04951 -1.10977e+01 | 17 -0.05254 -1.24730e+01 | 18 -0.05430 -1.36570e+01
 19 -0.05473 -1.42939e+01 | 20 -0.07463 -1.86952e+01 | 21 -0.05712 -1.57918e+01
 22 -0.05483 -1.55013e+01 | 23 -0.05558 -1.67265e+01 | 24 -0.04588 -1.70273e+01
 25 -0.04536 -1.93701e+01 | 26 -0.04880 -2.32979e+01 | 27 -0.06223 -2.72754e+01
 28 -0.04955 -3.11422e+01 | 29  0.00947 -5.06749e+01 | 30 -0.04403 -4.29800e+01
 31 -0.11837 -2.11890e+01 | 32 -0.16053 -1.50928e+01 | 33  0.03593 -8.61175e+01
 34 -0.14354 -2.10624e+01 | 35 -0.01369 -5.58028e+01 | 36 -0.02678 -5.07449e+01
 37 -0.06541 -3.14477e+01 | 38  0.02713 -6.57251e+01 | 39 -0.05253 -2.86311e+01
 40 -0.04518 -3.13852e+01 | 41 -0.04171 -2.69764e+01 | 42  0.00186 -3.33785e+01
 43 -0.01713 -2.42095e+01 | 44 -0.03571 -1.74860e+01 | 45 -0.04086 -1.44209e+01
 46 -0.03664 -1.16789e+01 | 47 -0.10206 -5.54856e+00 | 48 -0.05206 -5.45256e+00
 49 -0.15651 -9.67170e-01 | 50  0.07174  2.53535e-01 | 51 -0.11481  3.27227e-01
 52 -0.04195  8.05609e-01 | 53 -0.08722  5.96367e-01 | 54 -0.06951  7.20662e-01
 55 -0.03360  9.49875e-01 | 56 -0.09275  5.92200e-01 | 57 -0.05759  7.45938e-01
 58 -0.00508  1.10740e+00 | 59 -0.02040  9.20087e-01 | 60 -0.02954  8.14798e-01
 61 -0.08082  5.56089e-01 | 62 -0.01131  9.39449e-01 | 63 -0.06688  5.75341e-01
 64 -0.12223  3.80344e-01 | 65 -0.05358  6.69087e-01 | 66 -0.12120  3.63927e-01
 67 -0.10036  3.16224e-01 | 68 -0.07174  2.43693e-01 | 69 -0.07961  3.05080e-02
 70 -0.04098  1.88319e-03 | 71 -0.04229 -7.74989e-05 | 72 -0.48306 -4.08842e+01
 73 -0.21800  4.55931e+00 | 74 -0.26468 -8.45886e+02 | 75 -0.53721  3.00025e+01
 76 -3.61891 -2.30541e+01 | 77  2.64381 -9.15605e-01 | 78  0.33116  2.57920e-01
 79 -1.01484 -1.15850e-01 |
79 variables; iteration 1320; function evaluation 1538; phase 3
Function value -1.0518032e+02; maximum gradient component mag 3.9245e+02
Var    Value     Gradient |Var    Value     Gradient |Var    Value     Gradient
  1  0.01825  3.92453e+02 |  2 -0.00733  1.20171e+00 |  3 -0.00867  1.40911e+00
  4 -0.02496  1.47463e+00 |  5 -0.02635  1.76537e+00 |  6 -0.02780  2.13558e+00
  7 -0.02939  2.56097e+00 |  8 -0.03158  2.89416e+00 |  9 -0.03366  3.33098e+00
 10 -0.03559  3.86954e+00 | 11 -0.03779  4.38493e+00 | 12 -0.04010  4.93997e+00
 13 -0.04209  5.54472e+00 | 14 -0.04421  6.19677e+00 | 15 -0.04771  6.85969e+00
 16 -0.04992  7.56743e+00 | 17 -0.05305  8.34376e+00 | 18 -0.05498  9.02733e+00
 19 -0.05488  9.93067e+00 | 20 -0.07235  3.80798e+00 | 21 -0.05545  1.05548e+01
 22 -0.05171  1.12057e+01 | 23 -0.05047  1.20162e+01 | 24 -0.04895  1.32685e+01
 25 -0.05143  1.32654e+01 | 26 -0.04898  1.64632e+01 | 27 -0.05813  1.43860e+01
 28 -0.05410  1.67514e+01 | 29  0.01201  3.97941e+01 | 30 -0.04572  1.98558e+01
 31 -0.11780  1.33154e+01 | 32 -0.16054  8.04152e+00 | 33  0.03610  2.79633e+01
 34 -0.14347  2.62568e+00 | 35 -0.01373 -3.01109e+00 | 36 -0.02645 -1.35821e+01
 37 -0.06603 -1.29382e+01 | 38  0.02749 -3.38540e+01 | 39 -0.05280 -1.52639e+01
 40 -0.04496 -1.66189e+01 | 41 -0.04181 -1.20634e+01 | 42  0.00199 -1.19193e+01
 43 -0.01701 -6.22854e+00 | 44 -0.03564 -2.06330e+00 | 45 -0.04085  7.09792e-02
 46 -0.03650  1.81339e+00 | 47 -0.10211  2.11827e+00 | 48 -0.05156  3.50816e+00
 49 -0.15866  9.40998e-01 | 50  0.07210  2.08196e+00 | 51 -0.11485  2.52184e-01
 52 -0.04187  1.06894e-01 | 53 -0.08729  1.46606e-02 | 54 -0.06948 -6.80451e-02
 55 -0.03344  4.13391e-02 | 56 -0.09268 -5.12729e-02 | 57 -0.05759 -8.12141e-02
 58 -0.00502 -3.00847e-02 | 59 -0.02027 -1.78460e-02 | 60 -0.02948 -1.03244e-01
 61 -0.08088 -1.91518e-02 | 62 -0.01115  2.82972e-02 | 63 -0.06673  1.28097e-02
 64 -0.12233  1.28928e-02 | 65 -0.05343 -1.77548e-02 | 66 -0.12106  4.46513e-02
 67 -0.10041 -2.66464e-02 | 68 -0.07170 -8.89897e-03 | 69 -0.07946 -5.07298e-03
 70 -0.04097  7.75603e-04 | 71 -0.04228 -5.42175e-03 | 72 -0.48143 -1.75688e+01
 73 -0.21010  6.49300e-01 | 74 -0.26472  1.78955e+02 | 75 -0.53606 -6.76052e+00
 76 -3.61651 -1.45038e+01 | 77  2.59472 -8.66557e-01 | 78  0.33116 -5.25226e-01
 79 -1.00849  6.49649e-02 |
79 variables; iteration 1340; function evaluation 1559; phase 3
Function value -1.0519488e+02; maximum gradient component mag -4.6893e+02
Var    Value     Gradient |Var    Value     Gradient |Var    Value     Gradient
  1  0.01822 -4.68925e+02 |  2 -0.00736 -8.39806e-01 |  3 -0.00854 -9.88127e-01
  4 -0.02482 -1.05502e+00 |  5 -0.02622 -1.24208e+00 |  6 -0.02782 -1.45295e+00
  7 -0.02961 -1.69580e+00 |  8 -0.03156 -1.97074e+00 |  9 -0.03363 -2.26987e+00
 10 -0.03565 -2.53877e+00 | 11 -0.03800 -2.91617e+00 | 12 -0.04019 -3.26698e+00
 13 -0.04234 -3.64776e+00 | 14 -0.04456 -4.03641e+00 | 15 -0.04819 -4.53622e+00
 16 -0.05008 -4.98603e+00 | 17 -0.05339 -5.70357e+00 | 18 -0.05468 -6.11649e+00
 19 -0.05563 -6.45882e+00 | 20 -0.06972 -1.02757e+01 | 21 -0.05464 -6.70566e+00
 22 -0.05010 -5.97046e+00 | 23 -0.04803 -6.11267e+00 | 24 -0.04771 -6.96384e+00
 25 -0.05378 -9.42267e+00 | 26 -0.05477 -1.11451e+01 | 27 -0.05407 -1.24913e+01
 28 -0.05632 -1.52725e+01 | 29  0.01334 -1.94725e+01 | 30 -0.04726 -2.03054e+01
 31 -0.11598 -7.66697e+00 | 32 -0.16134 -5.72141e+00 | 33  0.03608 -2.91559e+01
 34 -0.14323 -5.65262e+00 | 35 -0.01375 -1.00677e+01 | 36 -0.02647 -5.52536e+00
 37 -0.06589  1.17092e-01 | 38  0.02746  2.27603e+00 | 39 -0.05281  4.01284e+00
 40 -0.04493  2.54703e+00 | 41 -0.04179  2.94698e+00 | 42  0.00199  2.49143e+00
 43 -0.01701  9.95275e-01 | 44 -0.03564 -3.60670e-02 | 45 -0.04086 -1.04854e+00
 46 -0.03655 -1.23958e+00 | 47 -0.10207 -9.88521e-01 | 48 -0.05158 -1.30759e+00
 49 -0.15864 -3.29193e-01 | 50  0.07213  1.10614e-02 | 51 -0.11487  1.82233e-01
 52 -0.04184  2.91804e-01 | 53 -0.08738  1.61032e-01 | 54 -0.06939  2.15269e-01
 55 -0.03342  3.41438e-01 | 56 -0.09262  1.92426e-01 | 57 -0.05752  2.59404e-01
 58 -0.00500  3.58935e-01 | 59 -0.02023  2.97634e-01 | 60 -0.02950  2.30004e-01
 61 -0.08088  1.78880e-01 | 62 -0.01109  3.27244e-01 | 63 -0.06673  1.99015e-01
 64 -0.12236  1.20096e-01 | 65 -0.05335  2.07231e-01 | 66 -0.12107  1.20894e-01
 67 -0.10037  8.73109e-02 | 68 -0.07172  6.76053e-02 | 69 -0.07932  2.75415e-03
 70 -0.04095 -1.61819e-04 | 71 -0.04225 -1.83907e-03 | 72 -0.48017 -1.95947e+01
 73 -0.20915  1.52481e+00 | 74 -0.26479 -1.84044e+02 | 75 -0.53825  6.37202e+00
 76 -3.61388 -6.98121e+00 | 77  2.55786 -3.94173e-01 | 78  0.33116  1.34609e-01
 79 -1.01236 -5.16462e-02 |
79 variables; iteration 1360; function evaluation 1580; phase 3
Function value -1.0521006e+02; maximum gradient component mag -1.7144e+03
Var    Value     Gradient |Var    Value     Gradient |Var    Value     Gradient
  1  0.01821 -1.71438e+03 |  2 -0.00726 -2.17897e+00 |  3 -0.00843 -2.59142e+00
  4 -0.02466 -2.73923e+00 |  5 -0.02606 -3.24095e+00 |  6 -0.02761 -3.80121e+00
  7 -0.02945 -4.46340e+00 |  8 -0.03133 -5.17074e+00 |  9 -0.03339 -5.96178e+00
 10 -0.03539 -6.74423e+00 | 11 -0.03761 -7.64962e+00 | 12 -0.03985 -8.63347e+00
 13 -0.04197 -9.62091e+00 | 14 -0.04405 -1.06464e+01 | 15 -0.04778 -1.19000e+01
 16 -0.04971 -1.31982e+01 | 17 -0.05246 -1.47510e+01 | 18 -0.05410 -1.61286e+01
 19 -0.05480 -1.69885e+01 | 20 -0.06512 -1.94675e+01 | 21 -0.05479 -1.83243e+01
 22 -0.05201 -1.79303e+01 | 23 -0.05122 -1.89642e+01 | 24 -0.05018 -2.06402e+01
 25 -0.05364 -2.34214e+01 | 26 -0.05484 -2.74782e+01 | 27 -0.05043 -3.10447e+01
 28 -0.06387 -3.55770e+01 | 29  0.01638 -5.94794e+01 | 30 -0.04916 -4.69171e+01
 31 -0.11576 -2.37792e+01 | 32 -0.16074 -1.64335e+01 | 33  0.03599 -8.41706e+01
 34 -0.14311 -1.85622e+01 | 35 -0.01386 -4.19787e+01 | 36 -0.02649 -3.24391e+01
 37 -0.06586 -1.79411e+01 | 38  0.02739 -3.26709e+01 | 39 -0.05292 -1.34005e+01
 40 -0.04493 -1.56693e+01 | 41 -0.04185 -1.44470e+01 | 42  0.00193 -1.93362e+01
 43 -0.01709 -1.54100e+01 | 44 -0.03573 -1.22619e+01 | 45 -0.04092 -1.08023e+01
 46 -0.03673 -9.53127e+00 | 47 -0.10206 -4.72493e+00 | 48 -0.05164 -4.89014e+00
 49 -0.15879 -8.16446e-01 | 50  0.07214 -4.57907e-02 | 51 -0.11500  2.60999e-01
 52 -0.04189  7.07112e-01 | 53 -0.08758  5.50048e-01 | 54 -0.06932  6.79046e-01
 55 -0.03344  8.86379e-01 | 56 -0.09260  5.49211e-01 | 57 -0.05748  7.02608e-01
 58 -0.00503  1.03101e+00 | 59 -0.02022  8.89041e-01 | 60 -0.02963  7.83822e-01
 61 -0.08096  5.62696e-01 | 62 -0.01102  9.82473e-01 | 63 -0.06683  5.69907e-01
 64 -0.12246  3.85991e-01 | 65 -0.05330  6.20733e-01 | 66 -0.12112  3.22818e-01
 67 -0.10039  3.01699e-01 | 68 -0.07182  2.31486e-01 | 69 -0.07908  2.69960e-02
 70 -0.04094 -2.82307e-04 | 71 -0.04224 -1.29473e-03 | 72 -0.47761 -3.36615e+01
 73 -0.20558  4.43530e+00 | 74 -0.26495 -7.86413e+02 | 75 -0.54270  2.68319e+01
 76 -3.60757 -1.15604e+01 | 77  2.49067 -1.02075e+00 | 78  0.33116 -7.87179e-02
 79 -1.01005  1.55342e-02 |
79 variables; iteration 1380; function evaluation 1601; phase 3
Function value -1.0521703e+02; maximum gradient component mag -2.4822e+02
Var    Value     Gradient |Var    Value     Gradient |Var    Value     Gradient
  1  0.01820 -2.48222e+02 |  2 -0.00725 -2.76811e-01 |  3 -0.00844 -3.21088e-01
  4 -0.02464 -3.32270e-01 |  5 -0.02608 -4.01300e-01 |  6 -0.02760 -4.47795e-01
  7 -0.02939 -5.29919e-01 |  8 -0.03128 -6.05323e-01 |  9 -0.03334 -7.03462e-01
 10 -0.03534 -7.56158e-01 | 11 -0.03756 -8.64724e-01 | 12 -0.03981 -9.70843e-01
 13 -0.04193 -1.08913e+00 | 14 -0.04403 -1.16403e+00 | 15 -0.04763 -1.34261e+00
 16 -0.04959 -1.45659e+00 | 17 -0.05247 -1.64116e+00 | 18 -0.05403 -1.75278e+00
 19 -0.05511 -1.87712e+00 | 20 -0.06789 -5.57324e+00 | 21 -0.05548 -2.05017e+00
 22 -0.05266 -1.71234e+00 | 23 -0.05182 -1.78578e+00 | 24 -0.05024 -1.76430e+00
 25 -0.04888 -1.89946e+00 | 26 -0.05404 -3.78612e+00 | 27 -0.05271 -4.22265e+00
 28 -0.06275 -8.13367e+00 | 29  0.01590 -1.78191e+00 | 30 -0.04859 -9.14942e+00
 31 -0.11638 -2.00866e+00 | 32 -0.16038 -1.80778e+00 | 33  0.03592 -1.26900e+01
 34 -0.14307 -3.08744e+00 | 35 -0.01388 -7.13921e+00 | 36 -0.02657 -6.46196e+00
 37 -0.06568 -2.71415e+00 | 38  0.02726 -7.54028e+00 | 39 -0.05288 -1.73391e+00
 40 -0.04499 -3.44827e+00 | 41 -0.04182 -2.44678e+00 | 42  0.00187 -3.45064e+00
 43 -0.01715 -2.59673e+00 | 44 -0.03578 -1.97481e+00 | 45 -0.04093 -1.92331e+00
 46 -0.03685 -1.62712e+00 | 47 -0.10200 -9.76297e-01 | 48 -0.05186 -1.33013e+00
 49 -0.15795 -1.57281e-01 | 50  0.07202 -3.79484e-01 | 51 -0.11501  2.34201e-03
 52 -0.04193  7.47741e-02 | 53 -0.08761  8.26836e-02 | 54 -0.06928  1.00316e-01
 55 -0.03349  1.32682e-01 | 56 -0.09262  8.28861e-02 | 57 -0.05744  1.09128e-01
 58 -0.00505  1.54650e-01 | 59 -0.02025  1.43016e-01 | 60 -0.02969  1.25521e-01
 61 -0.08094  1.02540e-01 | 62 -0.01103  2.03299e-01 | 63 -0.06692  9.76316e-02
 64 -0.12244  8.21994e-02 | 65 -0.05331  1.09368e-01 | 66 -0.12117  6.82313e-02
 67 -0.10036  5.90717e-02 | 68 -0.07185  4.24477e-02 | 69 -0.07901  6.16232e-03
 70 -0.04094 -9.41082e-04 | 71 -0.04224 -6.19114e-04 | 72 -0.47701 -1.59656e+01
 73 -0.20561  2.83051e-01 | 74 -0.26499 -1.02565e+02 | 75 -0.54502  3.27937e+00
 76 -3.60956 -3.05852e+00 | 77  2.50922 -2.07781e-01 | 78  0.33116 -1.22138e-01
 79 -1.00958  2.89448e-02 |
79 variables; iteration 1400; function evaluation 1622; phase 3
Function value -1.0524137e+02; maximum gradient component mag 4.2092e+03
Var    Value     Gradient |Var    Value     Gradient |Var    Value     Gradient
  1  0.01825  4.20919e+03 |  2 -0.00672  5.50700e+00 |  3 -0.00820  6.47820e+00
  4 -0.02453  6.81337e+00 |  5 -0.02560  8.16971e+00 |  6 -0.02777  9.40981e+00
  7 -0.02914  1.11652e+01 |  8 -0.03070  1.30999e+01 |  9 -0.03236  1.52266e+01
 10 -0.03574  1.67855e+01 | 11 -0.03765  1.91564e+01 | 12 -0.03965  2.17857e+01
 13 -0.04094  2.46743e+01 | 14 -0.04448  2.67126e+01 | 15 -0.04667  3.03961e+01
 16 -0.04915  3.35481e+01 | 17 -0.05313  3.68023e+01 | 18 -0.05488  4.01850e+01
 19 -0.05691  4.17128e+01 | 20 -0.06754  3.69645e+01 | 21 -0.05735  4.47501e+01
 22 -0.05600  4.38275e+01 | 23 -0.05476  4.69253e+01 | 24 -0.05398  5.17085e+01
 25 -0.04697  6.33647e+01 | 26 -0.05138  7.09461e+01 | 27 -0.04467  8.63340e+01
 28 -0.06610  7.43406e+01 | 29  0.01197  1.75057e+02 | 30 -0.04315  1.20208e+02
 31 -0.11999  6.61036e+01 | 32 -0.16121  4.48476e+01 | 33  0.03584  2.21517e+02
 34 -0.14334  4.81565e+01 | 35 -0.01409  1.09039e+02 | 36 -0.02687  7.86068e+01
 37 -0.06535  4.60843e+01 | 38  0.02677  6.52197e+01 | 39 -0.05279  3.04192e+01
 40 -0.04533  2.71862e+01 | 41 -0.04187  2.66638e+01 | 42  0.00162  3.35458e+01
 43 -0.01743  2.67160e+01 | 44 -0.03599  2.21799e+01 | 45 -0.04108  1.95002e+01
 46 -0.03719  1.77877e+01 | 47 -0.10207  9.54510e+00 | 48 -0.05234  1.12995e+01
 49 -0.15667  1.96851e+00 | 50  0.07166  1.75235e+00 | 51 -0.11521 -1.00419e-01
 52 -0.04217 -9.80196e-01 | 53 -0.08782 -8.65401e-01 | 54 -0.06940 -1.23952e+00
 55 -0.03374 -1.57160e+00 | 56 -0.09281 -9.91958e-01 | 57 -0.05754 -1.25624e+00
 58 -0.00524 -1.75294e+00 | 59 -0.02047 -1.56346e+00 | 60 -0.02994 -1.32094e+00
 61 -0.08108 -1.05001e+00 | 62 -0.01124 -1.78975e+00 | 63 -0.06718 -9.62208e-01
 64 -0.12261 -6.90609e-01 | 65 -0.05349 -1.01599e+00 | 66 -0.12140 -4.75477e-01
 67 -0.10047 -4.46761e-01 | 68 -0.07205 -2.24217e-01 | 69 -0.07897  4.69318e-03
 70 -0.04096  2.89470e-03 | 71 -0.04227  2.27764e-03 | 72 -0.47596  3.38131e+01
 73 -0.20537 -1.07693e+01 | 74 -0.26507  2.02885e+03 | 75 -0.54902 -6.82021e+01
 76 -3.61130  2.45486e+01 | 77  2.52658  1.87863e+00 | 78  0.33116  7.49129e-03
 79 -1.00746  1.00265e-01 |
79 variables; iteration 1420; function evaluation 1643; phase 3
Function value -1.0525790e+02; maximum gradient component mag -9.6765e+01
Var    Value     Gradient |Var    Value     Gradient |Var    Value     Gradient
  1  0.01819 -9.67653e+01 |  2 -0.00718 -5.04168e-01 |  3 -0.00836 -5.96383e-01
  4 -0.02459 -6.30102e-01 |  5 -0.02597 -7.40464e-01 |  6 -0.02749 -8.52878e-01
  7 -0.02929 -1.00674e+00 |  8 -0.03107 -1.13469e+00 |  9 -0.03309 -1.31176e+00
 10 -0.03517 -1.47720e+00 | 11 -0.03730 -1.66161e+00 | 12 -0.03952 -1.87326e+00
 13 -0.04151 -2.05428e+00 | 14 -0.04381 -2.30651e+00 | 15 -0.04712 -2.53674e+00
 16 -0.04930 -2.86095e+00 | 17 -0.05194 -3.15347e+00 | 18 -0.05343 -3.39730e+00
 19 -0.05481 -3.69808e+00 | 20 -0.07208 -8.51198e+00 | 21 -0.05621 -4.26308e+00
 22 -0.05468 -4.22613e+00 | 23 -0.05431 -4.47436e+00 | 24 -0.05347 -4.77450e+00
 25 -0.05169 -5.03674e+00 | 26 -0.05101 -5.83806e+00 | 27 -0.04135 -5.04722e+00
 28 -0.06405 -1.20507e+01 | 29  0.00910 -1.01590e+01 | 30 -0.04001 -1.12597e+01
 31 -0.12221 -4.48544e+00 | 32 -0.16106 -2.36850e+00 | 33  0.03595 -9.84029e+00
 34 -0.14329 -6.58450e-01 | 35 -0.01399  4.51195e+00 | 36 -0.02684  7.38414e+00
 37 -0.06512  9.03918e+00 | 38  0.02679  1.57470e+01 | 39 -0.05272  1.04311e+01
 40 -0.04526  7.72509e+00 | 41 -0.04176  7.28791e+00 | 42  0.00166  6.89350e+00
 43 -0.01739  3.99532e+00 | 44 -0.03594  2.14784e+00 | 45 -0.04099  9.13025e-01
 46 -0.03721  4.97640e-01 | 47 -0.10187  1.25923e-01 | 48 -0.05254  1.77549e-01
 49 -0.15548  2.47494e-01 | 50  0.07161  7.37070e-01 | 51 -0.11510  1.17101e-01
 52 -0.04210  1.54293e-01 | 53 -0.08776  1.05477e-01 | 54 -0.06925  1.02873e-01
 55 -0.03370  1.24380e-01 | 56 -0.09272  6.71112e-02 | 57 -0.05738  8.88950e-02
 58 -0.00518  1.13382e-01 | 59 -0.02037  9.81417e-02 | 60 -0.02994  8.76479e-02
 61 -0.08092  5.22446e-02 | 62 -0.01114  1.16185e-01 | 63 -0.06722  5.21817e-02
 64 -0.12243  5.26047e-02 | 65 -0.05342  7.50422e-02 | 66 -0.12136  4.49653e-02
 67 -0.10031  4.25414e-02 | 68 -0.07197  3.87464e-02 | 69 -0.07884  8.64697e-03
 70 -0.04096 -8.80632e-04 | 71 -0.04226  2.34618e-04 | 72 -0.47523 -9.85007e+00
 73 -0.20408 -1.06932e+00 | 74 -0.26513 -1.00472e+01 | 75 -0.55194  2.24194e-01
 76 -3.61498 -2.58178e+00 | 77  2.57313 -1.12755e-01 | 78  0.33116 -5.27539e-01
 79 -1.00870  5.93446e-02 |
79 variables; iteration 1440; function evaluation 1665; phase 3
Function value -1.0527567e+02; maximum gradient component mag 3.0295e+02
Var    Value     Gradient |Var    Value     Gradient |Var    Value     Gradient
  1  0.01817  3.02955e+02 |  2 -0.00690  4.07614e-01 |  3 -0.00840  3.97351e-01
  4 -0.02458  4.34587e-01 |  5 -0.02595  5.20003e-01 |  6 -0.02766  5.79876e-01
  7 -0.02893  8.22834e-01 |  8 -0.03095  9.11797e-01 |  9 -0.03295  1.04595e+00
 10 -0.03538  1.10083e+00 | 11 -0.03742  1.29672e+00 | 12 -0.03952  1.50854e+00
 13 -0.04165  1.68409e+00 | 14 -0.04386  1.87868e+00 | 15 -0.04706  2.15275e+00
 16 -0.04921  2.36574e+00 | 17 -0.05224  2.57255e+00 | 18 -0.05380  2.85502e+00
 19 -0.05529  2.83940e+00 | 20 -0.06881 -1.35028e+00 | 21 -0.05639  2.80297e+00
 22 -0.05475  2.75890e+00 | 23 -0.05587  2.43085e+00 | 24 -0.05559  2.72593e+00
 25 -0.05611  2.99443e+00 | 26 -0.05186  5.73760e+00 | 27 -0.03334  1.29379e+01
 28 -0.06260  3.05283e+00 | 29  0.00352  1.96252e+01 | 30 -0.03434  1.68649e+01
 31 -0.12578  8.32587e+00 | 32 -0.16170  7.11128e+00 | 33  0.03607  3.79586e+01
 34 -0.14331  8.50740e+00 | 35 -0.01407  1.89015e+01 | 36 -0.02679  1.09212e+01
 37 -0.06504  5.87104e+00 | 38  0.02672  8.38416e-01 | 39 -0.05273  4.14480e-01
 40 -0.04526 -3.29610e+00 | 41 -0.04173 -3.33798e+00 | 42  0.00163 -6.26782e+00
 43 -0.01744 -6.09863e+00 | 44 -0.03594 -5.62856e+00 | 45 -0.04098 -6.35037e+00
 46 -0.03729 -6.51310e+00 | 47 -0.10179 -4.20758e+00 | 48 -0.05272 -5.95953e+00
 49 -0.15475 -1.94812e+00 | 50  0.07151 -3.32090e+00 | 51 -0.11505 -1.06953e-01
 52 -0.04217  2.80968e-01 | 53 -0.08776  4.49997e-01 | 54 -0.06923  4.52460e-01
 55 -0.03373  6.82343e-01 | 56 -0.09272  3.91939e-01 | 57 -0.05735  5.15637e-01
 58 -0.00519  8.21901e-01 | 59 -0.02039  6.92341e-01 | 60 -0.02999  6.94415e-01
 61 -0.08090  4.10591e-01 | 62 -0.01114  7.12108e-01 | 63 -0.06727  4.04720e-01
 64 -0.12242  1.98466e-01 | 65 -0.05341  3.78937e-01 | 66 -0.12137  2.62645e-01
 67 -0.10027  2.82179e-01 | 68 -0.07198  2.70843e-01 | 69 -0.07869  7.00594e-02
 70 -0.04097 -1.87664e-03 | 71 -0.04227 -1.38506e-03 | 72 -0.47431 -9.65678e+00
 73 -0.20164 -1.20332e+00 | 74 -0.26519  1.90657e+02 | 75 -0.55475 -6.45435e+00
 76 -3.61463 -2.64222e+00 | 77  2.56734 -1.82212e-01 | 78  0.33116  1.93934e-01
 79 -1.00841  6.85503e-02 |
79 variables; iteration 1460; function evaluation 1686; phase 3
Function value -1.0530762e+02; maximum gradient component mag 2.9900e+03
Var    Value     Gradient |Var    Value     Gradient |Var    Value     Gradient
  1  0.01815  2.98998e+03 |  2 -0.00723  2.43615e+00 |  3 -0.00836  2.94064e+00
  4 -0.02465  3.08984e+00 |  5 -0.02607  3.65353e+00 |  6 -0.02760  4.32397e+00
  7 -0.02953  5.01320e+00 |  8 -0.03125  5.89492e+00 |  9 -0.03327  6.79656e+00
 10 -0.03535  7.75893e+00 | 11 -0.03765  8.75258e+00 | 12 -0.03977  9.93271e+00
 13 -0.04193  1.10807e+01 | 14 -0.04410  1.23313e+01 | 15 -0.04757  1.36889e+01
 16 -0.04956  1.52732e+01 | 17 -0.05233  1.71194e+01 | 18 -0.05376  1.88321e+01
 19 -0.05491  1.97644e+01 | 20 -0.06796  1.47421e+01 | 21 -0.05701  2.02879e+01
 22 -0.05580  1.96874e+01 | 23 -0.05624  2.03081e+01 | 24 -0.05639  2.18936e+01
 25 -0.05708  2.41838e+01 | 26 -0.05257  3.20375e+01 | 27 -0.03006  4.95358e+01
 28 -0.05420  3.62437e+01 | 29 -0.00692  6.40412e+01 | 30 -0.02505  6.79090e+01
 31 -0.13246  2.66209e+01 | 32 -0.16329  2.16821e+01 | 33  0.03634  1.21555e+02
 34 -0.14333  3.12204e+01 | 35 -0.01420  8.84273e+01 | 36 -0.02673  8.28539e+01
 37 -0.06502  6.05092e+01 | 38  0.02665  1.17712e+02 | 39 -0.05281  6.08061e+01
 40 -0.04524  6.14846e+01 | 41 -0.04175  5.67535e+01 | 42  0.00159  6.82551e+01
 43 -0.01749  4.90903e+01 | 44 -0.03600  3.50484e+01 | 45 -0.04100  2.70554e+01
 46 -0.03741  2.21998e+01 | 47 -0.10175  1.00194e+01 | 48 -0.05271  9.57529e+00
 49 -0.15496  1.22727e+00 | 50  0.07155  7.20587e-02 | 51 -0.11516 -2.28694e-01
 52 -0.04219 -8.59905e-01 | 53 -0.08801 -7.58255e-01 | 54 -0.06913 -9.35249e-01
 55 -0.03375 -1.07713e+00 | 56 -0.09268 -6.80553e-01 | 57 -0.05730 -8.58118e-01
 58 -0.00522 -1.13064e+00 | 59 -0.02035 -9.66583e-01 | 60 -0.03011 -8.30449e-01
 61 -0.08096 -6.26871e-01 | 62 -0.01107 -9.73497e-01 | 63 -0.06734 -5.73363e-01
 64 -0.12251 -3.68933e-01 | 65 -0.05334 -6.05822e-01 | 66 -0.12137 -2.52999e-01
 67 -0.10030 -3.27388e-01 | 68 -0.07206 -2.17741e-01 | 69 -0.07846 -1.88804e-02
 70 -0.04095 -8.06460e-04 | 71 -0.04226 -2.21375e-03 | 72 -0.47144  3.22701e+01
 73 -0.19649 -9.18136e+00 | 74 -0.26542  1.58001e+03 | 75 -0.56170 -4.94220e+01
 76 -3.61529  2.21430e+01 | 77  2.57698  1.37434e+00 | 78  0.33116 -9.79509e-01
 79 -1.01013  1.46416e-02 |
79 variables; iteration 1480; function evaluation 1709; phase 3
Function value -1.0537306e+02; maximum gradient component mag -7.9324e+02
Var    Value     Gradient |Var    Value     Gradient |Var    Value     Gradient
  1  0.01811 -7.93235e+02 |  2 -0.00740  1.13761e+00 |  3 -0.00848  1.40723e+00
  4 -0.02473  1.48143e+00 |  5 -0.02619  1.74251e+00 |  6 -0.02773  2.07664e+00
  7 -0.02972  2.37349e+00 |  8 -0.03150  2.81120e+00 |  9 -0.03357  3.23220e+00
 10 -0.03562  3.71804e+00 | 11 -0.03787  4.19906e+00 | 12 -0.04008  4.74543e+00
 13 -0.04233  5.28009e+00 | 14 -0.04453  5.88397e+00 | 15 -0.04801  6.51350e+00
 16 -0.05012  7.24392e+00 | 17 -0.05293  8.12530e+00 | 18 -0.05449  8.93160e+00
 19 -0.05573  9.31885e+00 | 20 -0.06366  6.83234e+00 | 21 -0.05700  9.58357e+00
 22 -0.05557  9.27063e+00 | 23 -0.05579  9.45929e+00 | 24 -0.05583  1.00821e+01
 25 -0.05601  1.10411e+01 | 26 -0.05356  1.42785e+01 | 27 -0.03838  2.17855e+01
 28 -0.03700  2.03304e+01 | 29 -0.01640  2.06233e+01 | 30 -0.02094  2.73409e+01
 31 -0.13414  6.33551e+00 | 32 -0.16473  3.23240e+00 | 33  0.03648 -6.38934e+00
 34 -0.14333 -1.04780e+01 | 35 -0.01425 -5.07507e+01 | 36 -0.02672 -6.55730e+01
 37 -0.06491 -5.35851e+01 | 38  0.02660 -1.20618e+02 | 39 -0.05288 -6.00820e+01
 40 -0.04521 -6.19952e+01 | 41 -0.04174 -5.35009e+01 | 42  0.00155 -6.05064e+01
 43 -0.01754 -3.93500e+01 | 44 -0.03605 -2.48460e+01 | 45 -0.04101 -1.70745e+01
 46 -0.03758 -1.15958e+01 | 47 -0.10164 -5.27359e+00 | 48 -0.05288 -5.86074e+00
 49 -0.15442 -1.49821e+00 | 50  0.07153 -3.18091e+00 | 51 -0.11518 -3.55304e-01
 52 -0.04222 -3.15821e-01 | 53 -0.08813 -8.62725e-02 | 54 -0.06899 -5.53147e-03
 55 -0.03375  6.09753e-02 | 56 -0.09262  8.39839e-02 | 57 -0.05719  1.20023e-01
 58 -0.00521  1.85071e-01 | 59 -0.02030  1.63876e-01 | 60 -0.03022  1.51199e-01
 61 -0.08093  8.78902e-02 | 62 -0.01098  1.14185e-01 | 63 -0.06743  3.74453e-02
 64 -0.12253  3.67486e-02 | 65 -0.05325  4.90955e-02 | 66 -0.12143  3.64768e-02
 67 -0.10023  4.86845e-02 | 68 -0.07212  1.26843e-02 | 69 -0.07819 -6.02663e-04
 70 -0.04093 -6.88899e-04 | 71 -0.04224 -1.23123e-03 | 72 -0.46894 -3.15979e+01
 73 -0.19283  2.78915e+00 | 74 -0.26556 -4.66454e+02 | 75 -0.56699  1.35678e+01
 76 -3.61371 -1.42318e+01 | 77  2.55540 -1.10706e+00 | 78  0.33116 -2.32187e-01
 79 -1.01042  3.48608e-03 |
79 variables; iteration 1500; function evaluation 1730; phase 3
Function value -1.0539843e+02; maximum gradient component mag 6.0324e+02
Var    Value     Gradient |Var    Value     Gradient |Var    Value     Gradient
  1  0.01807  6.03240e+02 |  2 -0.00736 -2.91152e-02 |  3 -0.00861 -3.68508e-02
  4 -0.02481 -2.91811e-02 |  5 -0.02622 -3.02142e-02 |  6 -0.02794 -6.21325e-02
  7 -0.02979 -7.85784e-02 |  8 -0.03169 -7.19295e-02 |  9 -0.03377 -8.56847e-02
 10 -0.03601 -1.14912e-01 | 11 -0.03825 -1.28815e-01 | 12 -0.04046 -1.43977e-01
 13 -0.04277 -1.69038e-01 | 14 -0.04507 -1.89548e-01 | 15 -0.04846 -2.01257e-01
 16 -0.05071 -2.45951e-01 | 17 -0.05342 -2.10476e-01 | 18 -0.05562 -3.74442e-01
 19 -0.05639 -3.14655e-01 | 20 -0.05915 -1.03780e+00 | 21 -0.05647 -2.75040e-01
 22 -0.05552 -5.28938e-01 | 23 -0.05548 -7.10881e-01 | 24 -0.05418 -5.31447e-01
 25 -0.05409 -7.30786e-01 | 26 -0.05302 -5.52901e-01 | 27 -0.04943 -6.99511e-02
 28 -0.02583  2.90503e+00 | 29 -0.02087 -4.57681e+00 | 30 -0.01998  4.65977e+00
 31 -0.13385 -1.39280e-01 | 32 -0.16503  1.32948e+00 | 33  0.03653  1.67745e+01
 34 -0.14294  6.81788e+00 | 35 -0.01434  2.80146e+01 | 36 -0.02653  3.24404e+01
 37 -0.06509  2.53518e+01 | 38  0.02673  5.20674e+01 | 39 -0.05302  2.65646e+01
 40 -0.04508  2.53657e+01 | 41 -0.04177  2.21164e+01 | 42  0.00162  2.47519e+01
 43 -0.01749  1.63616e+01 | 44 -0.03602  1.08194e+01 | 45 -0.04101  7.67726e+00
 46 -0.03761  5.73715e+00 | 47 -0.10157  2.59209e+00 | 48 -0.05266  2.67856e+00
 49 -0.15547  6.19818e-01 | 50  0.07178  4.65064e-01 | 51 -0.11523 -1.23781e-02
 52 -0.04219 -1.70575e-01 | 53 -0.08829 -1.14729e-01 | 54 -0.06885 -2.07387e-01
 55 -0.03365 -2.99747e-01 | 56 -0.09251 -1.76608e-01 | 57 -0.05711 -2.38029e-01
 58 -0.00516 -3.18077e-01 | 59 -0.02018 -2.57060e-01 | 60 -0.03027 -2.27293e-01
 61 -0.08096 -1.46116e-01 | 62 -0.01079 -2.31909e-01 | 63 -0.06739 -1.43976e-01
 64 -0.12264 -9.00127e-02 | 65 -0.05306 -1.74867e-01 | 66 -0.12136 -8.81957e-02
 67 -0.10023 -9.07765e-02 | 68 -0.07214 -6.51585e-02 | 69 -0.07783 -1.00420e-02
 70 -0.04090 -3.78294e-04 | 71 -0.04220  8.22447e-04 | 72 -0.46555  3.38782e+00
 73 -0.18435 -2.29548e+00 | 74 -0.26573  3.38948e+02 | 75 -0.57166 -1.00462e+01
 76 -3.60856  3.75924e+00 | 77  2.49961  4.93862e-01 | 78  0.33116  4.31822e-02
 79 -1.00962  3.22466e-02 |
79 variables; iteration 1520; function evaluation 1751; phase 3
Function value -1.0540556e+02; maximum gradient component mag -1.3413e+03
Var    Value     Gradient |Var    Value     Gradient |Var    Value     Gradient
  1  0.01808 -1.34134e+03 |  2 -0.00742 -1.50623e+00 |  3 -0.00869 -1.80373e+00
  4 -0.02490 -1.90023e+00 |  5 -0.02632 -2.24252e+00 |  6 -0.02802 -2.65317e+00
  7 -0.02979 -3.08604e+00 |  8 -0.03175 -3.58374e+00 |  9 -0.03384 -4.12875e+00
 10 -0.03606 -4.70423e+00 | 11 -0.03828 -5.31948e+00 | 12 -0.04049 -6.00889e+00
 13 -0.04275 -6.68276e+00 | 14 -0.04509 -7.43217e+00 | 15 -0.04847 -8.25564e+00
 16 -0.05072 -9.19921e+00 | 17 -0.05349 -1.02622e+01 | 18 -0.05510 -1.11927e+01
 19 -0.05607 -1.18239e+01 | 20 -0.06245 -1.36336e+01 | 21 -0.05682 -1.28327e+01
 22 -0.05494 -1.26139e+01 | 23 -0.05407 -1.32752e+01 | 24 -0.05318 -1.44731e+01
 25 -0.05232 -1.62428e+01 | 26 -0.05111 -1.92883e+01 | 27 -0.05524 -2.28620e+01
 28 -0.02554 -2.73062e+01 | 29 -0.01755 -4.06189e+01 | 30 -0.02294 -3.74240e+01
 31 -0.13112 -1.74345e+01 | 32 -0.16469 -1.25230e+01 | 33  0.03640 -6.66454e+01
 34 -0.14293 -1.56432e+01 | 35 -0.01429 -3.73933e+01 | 36 -0.02662 -3.09277e+01
 37 -0.06503 -1.89655e+01 | 38  0.02670 -3.46814e+01 | 39 -0.05299 -1.49137e+01
 40 -0.04511 -1.57117e+01 | 41 -0.04177 -1.36744e+01 | 42  0.00161 -1.66738e+01
 43 -0.01750 -1.22791e+01 | 44 -0.03604 -9.07997e+00 | 45 -0.04102 -7.51830e+00
 46 -0.03761 -6.23206e+00 | 47 -0.10160 -2.91748e+00 | 48 -0.05271 -2.70564e+00
 49 -0.15526 -5.12613e-01 | 50  0.07173  4.46844e-01 | 51 -0.11527  2.48468e-01
 52 -0.04217  5.08582e-01 | 53 -0.08825  3.72254e-01 | 54 -0.06889  4.50525e-01
 55 -0.03366  5.91798e-01 | 56 -0.09255  3.56796e-01 | 57 -0.05712  4.70990e-01
 58 -0.00517  6.55946e-01 | 59 -0.02021  5.47600e-01 | 60 -0.03024  4.88018e-01
 61 -0.08095  3.19277e-01 | 62 -0.01084  5.61269e-01 | 63 -0.06740  3.36694e-01
 64 -0.12261  2.17151e-01 | 65 -0.05311  3.69437e-01 | 66 -0.12138  1.94276e-01
 67 -0.10022  1.90590e-01 | 68 -0.07212  1.47213e-01 | 69 -0.07793  2.04842e-02
 70 -0.04090 -3.25032e-04 | 71 -0.04221  1.26556e-04 | 72 -0.46659 -2.47585e+01
 73 -0.18672  3.23410e+00 | 74 -0.26564 -6.85724e+02 | 75 -0.56879  2.03610e+01
 76 -3.61090 -1.23119e+01 | 77  2.52256 -9.52290e-01 | 78  0.33116 -5.70132e-02
 79 -1.00969  2.94577e-02 |
79 variables; iteration 1540; function evaluation 1772; phase 3
Function value -1.0547731e+02; maximum gradient component mag 7.0396e+03
Var    Value     Gradient |Var    Value     Gradient |Var    Value     Gradient
  1  0.01816  7.03962e+03 |  2 -0.00667  1.24497e+01 |  3 -0.00895  1.44596e+01
  4 -0.02509  1.53249e+01 |  5 -0.02660  1.81210e+01 |  6 -0.02869  2.11480e+01
  7 -0.02776  2.60813e+01 |  8 -0.03135  2.93916e+01 |  9 -0.03337  3.38759e+01
 10 -0.03559  3.85150e+01 | 11 -0.03764  4.37321e+01 | 12 -0.03982  4.94541e+01
 13 -0.04222  5.48899e+01 | 14 -0.04445  6.09716e+01 | 15 -0.04870  6.70830e+01
 16 -0.04970  7.55952e+01 | 17 -0.05387  8.32609e+01 | 18 -0.05503  9.15572e+01
 19 -0.05713  9.54272e+01 | 20 -0.06379  9.28926e+01 | 21 -0.05661  1.03394e+02
 22 -0.05565  1.00703e+02 | 23 -0.05725  1.03603e+02 | 24 -0.05434  1.16139e+02
 25 -0.05152  1.33528e+02 | 26 -0.04882  1.62207e+02 | 27 -0.05384  1.73936e+02
 28 -0.03161  2.33988e+02 | 29 -0.01198  2.91984e+02 | 30 -0.02694  2.85218e+02
 31 -0.12769  1.22111e+02 | 32 -0.16677  7.98987e+01 | 33  0.03631  3.84601e+02
 34 -0.14308  6.85787e+01 | 35 -0.01462  1.13243e+02 | 36 -0.02693  4.24204e+01
 37 -0.06504  2.49880e+00 | 38  0.02635 -4.16469e+01 | 39 -0.05343 -2.62586e+01
 40 -0.04528 -2.25323e+01 | 41 -0.04207 -1.02884e+01 | 42  0.00131  1.99573e+00
 43 -0.01781  1.64514e+01 | 44 -0.03636  2.55446e+01 | 45 -0.04132  3.09351e+01
 46 -0.03817  3.31854e+01 | 47 -0.10165  2.09781e+01 | 48 -0.05300  2.50656e+01
 49 -0.15589  6.14072e+00 | 50  0.07170  3.54147e+00 | 51 -0.11587 -1.04739e+00
 52 -0.04246 -3.17601e+00 | 53 -0.08882 -2.13093e+00 | 54 -0.06891 -3.08638e+00
 55 -0.03382 -4.03089e+00 | 56 -0.09275 -2.75779e+00 | 57 -0.05717 -3.55585e+00
 58 -0.00542 -5.29294e+00 | 59 -0.02029 -4.77732e+00 | 60 -0.03081 -4.63665e+00
 61 -0.08111 -3.04189e+00 | 62 -0.01094 -5.76620e+00 | 63 -0.06765 -2.89541e+00
 64 -0.12315 -2.12714e+00 | 65 -0.05307 -3.54351e+00 | 66 -0.12172 -1.78437e+00
 67 -0.10040 -1.43477e+00 | 68 -0.07248 -9.14523e-01 | 69 -0.07728 -3.76150e-02
 70 -0.04088  6.51998e-03 | 71 -0.04219  3.01626e-03 | 72 -0.45980  5.25615e+01
 73 -0.17049 -1.52252e+01 | 74 -0.26579  3.53853e+03 | 75 -0.57374 -1.04031e+02
 76 -3.60744  2.30595e+01 | 77  2.48684  1.63673e+00 | 78  0.33116  1.73110e+00
 79 -1.01910 -2.30122e-01 |
79 variables; iteration 1560; function evaluation 1795; phase 3
Function value -1.0558699e+02; maximum gradient component mag 8.7946e+01
Var    Value     Gradient |Var    Value     Gradient |Var    Value     Gradient
  1  0.01803  8.79460e+01 |  2 -0.00704  3.40299e-01 |  3 -0.00835  3.75410e-01
  4 -0.02456  3.99721e-01 |  5 -0.02593  4.79781e-01 |  6 -0.02759  5.45043e-01
  7 -0.02931  6.55121e-01 |  8 -0.03124  7.52990e-01 |  9 -0.03330  8.60762e-01
 10 -0.03551  9.66926e-01 | 11 -0.03765  1.11814e+00 | 12 -0.03996  1.24777e+00
 13 -0.04218  1.38642e+00 | 14 -0.04449  1.53864e+00 | 15 -0.04786  1.74042e+00
 16 -0.05020  1.88781e+00 | 17 -0.05283  2.23176e+00 | 18 -0.05514  2.27928e+00
 19 -0.05616  2.46953e+00 | 20 -0.05514  3.15491e+00 | 21 -0.05650  2.75771e+00
 22 -0.05525  2.59991e+00 | 23 -0.05464  2.82988e+00 | 24 -0.05452  3.01761e+00
 25 -0.05424  3.41433e+00 | 26 -0.05494  3.92361e+00 | 27 -0.04999  5.46435e+00
 28 -0.04236  5.89663e+00 | 29 -0.00249  9.72917e+00 | 30 -0.03237  8.65045e+00
 31 -0.12557  3.45795e+00 | 32 -0.16286  2.20136e+00 | 33  0.03561  6.72041e+00
 34 -0.14155  5.37019e-01 | 35 -0.01511 -1.38992e+00 | 36 -0.02667 -3.17822e+00
 37 -0.06502 -3.88585e+00 | 38  0.02616 -7.17297e+00 | 39 -0.05380 -4.18009e+00
 40 -0.04520 -3.74039e+00 | 41 -0.04219 -3.38635e+00 | 42  0.00118 -3.48090e+00
 43 -0.01804 -2.26651e+00 | 44 -0.03658 -1.69970e+00 | 45 -0.04150 -1.59803e+00
 46 -0.03879 -1.89316e+00 | 47 -0.10141 -1.17728e+00 | 48 -0.05335 -2.05547e+00
 49 -0.15554 -6.12980e-01 | 50  0.07182 -1.89872e+00 | 51 -0.11638 -2.22675e-01
 52 -0.04253 -1.02603e-01 | 53 -0.08960  9.10015e-02 | 54 -0.06841  5.48732e-03
 55 -0.03384 -2.33322e-02 | 56 -0.09255  3.30697e-03 | 57 -0.05686 -2.73850e-03
 58 -0.00541  8.00619e-02 | 59 -0.02021  8.32447e-02 | 60 -0.03123  8.72289e-02
 61 -0.08130  8.49326e-02 | 62 -0.01045  1.07349e-01 | 63 -0.06826  6.74215e-02
 64 -0.12326  1.78167e-02 | 65 -0.05276  2.94151e-02 | 66 -0.12186  2.50644e-02
 67 -0.10043  1.96686e-02 | 68 -0.07275  5.65849e-02 | 69 -0.07624  1.65540e-02
 70 -0.04082  3.33654e-04 | 71 -0.04213  3.98906e-04 | 72 -0.44900 -2.16415e+00
 73 -0.15691  4.55555e-01 | 74 -0.26606  3.04872e+01 | 75 -0.58506 -1.12249e+00
 76 -3.59094 -8.81866e-01 | 77  2.38739 -1.41869e-01 | 78  0.33116  5.80858e-01
 79 -1.01060 -2.76140e-03 |
79 variables; iteration 1580; function evaluation 1815; phase 3
Function value -1.0558901e+02; maximum gradient component mag -4.3506e+01
Var    Value     Gradient |Var    Value     Gradient |Var    Value     Gradient
  1  0.01802 -4.35058e+01 |  2 -0.00712 -5.28410e-02 |  3 -0.00832 -6.28800e-02
  4 -0.02454 -6.56641e-02 |  5 -0.02594 -7.77858e-02 |  6 -0.02753 -9.35388e-02
  7 -0.02930 -1.10472e-01 |  8 -0.03122 -1.30063e-01 |  9 -0.03325 -1.49057e-01
 10 -0.03540 -1.70467e-01 | 11 -0.03761 -1.93941e-01 | 12 -0.03987 -2.20374e-01
 13 -0.04206 -2.45987e-01 | 14 -0.04435 -2.69392e-01 | 15 -0.04781 -3.02645e-01
 16 -0.04998 -3.30975e-01 | 17 -0.05296 -3.75569e-01 | 18 -0.05483 -4.19747e-01
 19 -0.05596 -4.29358e-01 | 20 -0.05528 -3.20453e-02 | 21 -0.05658 -4.61391e-01
 22 -0.05506 -4.77093e-01 | 23 -0.05475 -5.13710e-01 | 24 -0.05439 -5.42749e-01
 25 -0.05422 -6.11898e-01 | 26 -0.05445 -7.51745e-01 | 27 -0.05194 -8.56760e-01
 28 -0.04239 -1.11449e+00 | 29 -0.00137 -1.09341e+00 | 30 -0.03364 -1.39941e+00
 31 -0.12452 -5.39202e-01 | 32 -0.16306 -3.98847e-01 | 33  0.03554 -1.90012e+00
 34 -0.14152 -4.58231e-01 | 35 -0.01515 -9.56040e-01 | 36 -0.02679 -6.74794e-01
 37 -0.06483 -6.76239e-01 | 38  0.02600 -7.53010e-01 | 39 -0.05378 -5.55306e-01
 40 -0.04527 -4.38974e-01 | 41 -0.04220 -5.29107e-01 | 42  0.00111 -5.92580e-01
 43 -0.01812 -4.78630e-01 | 44 -0.03666 -3.92895e-01 | 45 -0.04155 -3.20402e-01
 46 -0.03893 -2.85025e-01 | 47 -0.10140 -1.34325e-01 | 48 -0.05351 -1.09423e-01
 49 -0.15511 -3.18280e-02 | 50  0.07176  1.24012e-03 | 51 -0.11648  7.48333e-03
 52 -0.04257  1.92558e-02 | 53 -0.08973  1.58106e-02 | 54 -0.06835  1.90903e-02
 55 -0.03388  2.53558e-02 | 56 -0.09257  1.59994e-02 | 57 -0.05682  2.19206e-02
 58 -0.00544  3.12764e-02 | 59 -0.02023  2.84851e-02 | 60 -0.03133  2.47186e-02
 61 -0.08132  1.66718e-02 | 62 -0.01043  2.82907e-02 | 63 -0.06838  1.84034e-02
 64 -0.12329  1.11152e-02 | 65 -0.05276  1.79557e-02 | 66 -0.12194  9.53506e-03
 67 -0.10044  8.69432e-03 | 68 -0.07283  5.68175e-03 | 69 -0.07611  2.17942e-04
 70 -0.04082  8.58639e-06 | 71 -0.04212 -7.30511e-07 | 72 -0.44767 -8.46132e-01
 73 -0.15595  2.02034e-01 | 74 -0.26611 -3.37399e+01 | 75 -0.58729  6.71397e-01
 76 -3.58980 -5.67056e-01 | 77  2.38262  7.03317e-05 | 78  0.33116  6.78924e-03
 79 -1.01049  3.73896e-04 |
79 variables; iteration 1600; function evaluation 1835; phase 3
Function value -1.0558941e+02; maximum gradient component mag 4.0503e+01
Var    Value     Gradient |Var    Value     Gradient |Var    Value     Gradient
  1  0.01802  4.05033e+01 |  2 -0.00712  4.33726e-02 |  3 -0.00832  5.10716e-02
  4 -0.02454  5.45364e-02 |  5 -0.02593  6.48398e-02 |  6 -0.02753  7.29221e-02
  7 -0.02930  8.65248e-02 |  8 -0.03122  9.65535e-02 |  9 -0.03325  1.12046e-01
 10 -0.03541  1.26103e-01 | 11 -0.03762  1.41742e-01 | 12 -0.03988  1.59011e-01
 13 -0.04208  1.74967e-01 | 14 -0.04437  1.98667e-01 | 15 -0.04783  2.17639e-01
 16 -0.05001  2.48532e-01 | 17 -0.05300  2.72868e-01 | 18 -0.05488  2.85598e-01
 19 -0.05601  3.19676e-01 | 20 -0.05470  9.65124e-01 | 21 -0.05664  3.48241e-01
 22 -0.05515  3.09295e-01 | 23 -0.05487  3.09401e-01 | 24 -0.05449  3.62876e-01
 25 -0.05432  4.04113e-01 | 26 -0.05457  4.51017e-01 | 27 -0.05211  5.13018e-01
 28 -0.04144  7.85785e-01 | 29 -0.00212  1.32015e+00 | 30 -0.03310  1.02648e+00
 31 -0.12483  5.10712e-01 | 32 -0.16314  3.58345e-01 | 33  0.03555  2.05116e+00
 34 -0.14149  4.54735e-01 | 35 -0.01518  1.18643e+00 | 36 -0.02677  1.14793e+00
 37 -0.06485  4.17204e-01 | 38  0.02600  1.39355e+00 | 39 -0.05381  3.67998e-01
 40 -0.04526  5.92874e-01 | 41 -0.04221  3.71721e-01 | 42  0.00111  5.43658e-01
 43 -0.01813  3.70689e-01 | 44 -0.03666  2.54276e-01 | 45 -0.04156  2.35285e-01
 46 -0.03896  1.79720e-01 | 47 -0.10139  9.72394e-02 | 48 -0.05351  1.18769e-01
 49 -0.15519  1.09584e-02 | 50  0.07178  1.34133e-03 | 51 -0.11651 -5.35716e-03
 52 -0.04258 -1.45373e-02 | 53 -0.08977 -1.15871e-02 | 54 -0.06834 -1.39353e-02
 55 -0.03388 -1.75298e-02 | 56 -0.09257 -1.14399e-02 | 57 -0.05681 -1.37655e-02
 58 -0.00545 -2.07228e-02 | 59 -0.02022 -1.60457e-02 | 60 -0.03136 -1.55156e-02
 61 -0.08133 -1.06125e-02 | 62 -0.01042 -2.02702e-02 | 63 -0.06840 -1.03354e-02
 64 -0.12331 -8.04943e-03 | 65 -0.05275 -1.45940e-02 | 66 -0.12195 -8.25748e-03
 67 -0.10044 -7.26788e-03 | 68 -0.07284 -6.26009e-03 | 69 -0.07606 -1.04060e-03
 70 -0.04081 -1.80769e-05 | 71 -0.04212 -1.17877e-05 | 72 -0.44716  5.08398e-01
 73 -0.15516 -1.28511e-02 | 74 -0.26612  1.13608e+01 | 75 -0.58776 -5.52497e-01
 76 -3.58872 -1.26936e-01 | 77  2.37801  8.18616e-02 | 78  0.33116 -5.18916e-03
 79 -1.01050  2.17472e-04 |
79 variables; iteration 1620; function evaluation 1857; phase 3
Function value -1.0559506e+02; maximum gradient component mag -7.1324e+02
Var    Value     Gradient |Var    Value     Gradient |Var    Value     Gradient
  1  0.01803 -7.13238e+02 |  2 -0.00700 -7.98506e-01 |  3 -0.00823 -9.67031e-01
  4 -0.02445 -1.02373e+00 |  5 -0.02579 -1.20189e+00 |  6 -0.02738 -1.42473e+00
  7 -0.02909 -1.65708e+00 |  8 -0.03099 -1.93122e+00 |  9 -0.03302 -2.23206e+00
 10 -0.03517 -2.54484e+00 | 11 -0.03730 -2.86954e+00 | 12 -0.03956 -3.25017e+00
 13 -0.04173 -3.61754e+00 | 14 -0.04409 -4.04085e+00 | 15 -0.04743 -4.46980e+00
 16 -0.04976 -5.00559e+00 | 17 -0.05253 -5.54557e+00 | 18 -0.05449 -6.08712e+00
 19 -0.05578 -6.45063e+00 | 20 -0.05737 -6.96479e+00 | 21 -0.05667 -6.95001e+00
 22 -0.05495 -6.76619e+00 | 23 -0.05451 -7.03581e+00 | 24 -0.05475 -7.69074e+00
 25 -0.05437 -8.42291e+00 | 26 -0.05563 -1.01745e+01 | 27 -0.05291 -1.18960e+01
 28 -0.04096 -1.44839e+01 | 29 -0.00175 -2.21455e+01 | 30 -0.03422 -1.95289e+01
 31 -0.12356 -9.11565e+00 | 32 -0.16277 -6.54926e+00 | 33  0.03535 -3.33758e+01
 34 -0.14151 -7.23686e+00 | 35 -0.01525 -1.57360e+01 | 36 -0.02685 -1.15029e+01
 37 -0.06473 -7.00680e+00 | 38  0.02584 -1.34676e+01 | 39 -0.05380 -7.19375e+00
 40 -0.04538 -8.85730e+00 | 41 -0.04222 -9.26107e+00 | 42  0.00102 -1.28479e+01
 43 -0.01823 -1.00886e+01 | 44 -0.03674 -7.50302e+00 | 45 -0.04161 -6.02336e+00
 46 -0.03908 -4.94325e+00 | 47 -0.10138 -2.37178e+00 | 48 -0.05373 -2.44961e+00
 49 -0.15451 -4.53908e-01 | 50  0.07165 -6.68920e-01 | 51 -0.11677 -4.71085e-02
 52 -0.04263  9.22902e-02 | 53 -0.08989  1.23418e-01 | 54 -0.06835  1.54415e-01
 55 -0.03398  1.93194e-01 | 56 -0.09266  1.27401e-01 | 57 -0.05682  1.78503e-01
 58 -0.00550  2.47354e-01 | 59 -0.02030  1.84731e-01 | 60 -0.03146  1.61409e-01
 61 -0.08136  1.11750e-01 | 62 -0.01047  1.82939e-01 | 63 -0.06855  8.96668e-02
 64 -0.12331  5.94542e-02 | 65 -0.05280  1.04139e-01 | 66 -0.12205  5.82632e-02
 67 -0.10044  6.08080e-02 | 68 -0.07289  5.02377e-02 | 69 -0.07605  9.82334e-03
 70 -0.04083  1.95782e-04 | 71 -0.04214  2.84912e-04 | 72 -0.44674 -8.11184e+00
 73 -0.15497  1.91643e+00 | 74 -0.26592 -4.00303e+02 | 75 -0.58167  1.10057e+01
 76 -3.57803 -1.30622e+00 | 77  2.33881 -1.10394e-01 | 78  0.33116  9.62345e-02
 79 -1.01044  2.13660e-03 |
79 variables; iteration 1640; function evaluation 1878; phase 3
Function value -1.0559945e+02; maximum gradient component mag 5.3194e+02
Var    Value     Gradient |Var    Value     Gradient |Var    Value     Gradient
  1  0.01805  5.31944e+02 |  2 -0.00698  5.78617e-01 |  3 -0.00813  6.98735e-01
  4 -0.02433  7.42205e-01 |  5 -0.02567  8.84126e-01 |  6 -0.02720  1.04585e+00
  7 -0.02903  1.19513e+00 |  8 -0.03086  1.40193e+00 |  9 -0.03285  1.61732e+00
 10 -0.03495  1.84810e+00 | 11 -0.03711  2.09942e+00 | 12 -0.03937  2.36808e+00
 13 -0.04153  2.64084e+00 | 14 -0.04377  2.95038e+00 | 15 -0.04722  3.26963e+00
 16 -0.04936  3.66007e+00 | 17 -0.05246  4.05386e+00 | 18 -0.05438  4.42729e+00
 19 -0.05551  4.72541e+00 | 20 -0.05649  4.87250e+00 | 21 -0.05649  5.04006e+00
 22 -0.05523  4.88951e+00 | 23 -0.05502  5.17358e+00 | 24 -0.05524  5.53291e+00
 25 -0.05582  6.04991e+00 | 26 -0.05625  7.23641e+00 | 27 -0.05352  8.35564e+00
 28 -0.04002  1.09416e+01 | 29 -0.00220  1.61611e+01 | 30 -0.03387  1.38008e+01
 31 -0.12389  6.98320e+00 | 32 -0.16275  4.93768e+00 | 33  0.03539  2.62009e+01
 34 -0.14176  6.15106e+00 | 35 -0.01525  1.51542e+01 | 36 -0.02680  1.21438e+01
 37 -0.06491  7.40287e+00 | 38  0.02589  1.22749e+01 | 39 -0.05386  5.88344e+00
 40 -0.04538  6.09595e+00 | 41 -0.04226  5.85121e+00 | 42  0.00103  7.45679e+00
 43 -0.01822  5.73539e+00 | 44 -0.03674  4.38765e+00 | 45 -0.04164  3.62426e+00
 46 -0.03901  3.14382e+00 | 47 -0.10146  1.54341e+00 | 48 -0.05358  1.51184e+00
 49 -0.15524  1.91749e-01 | 50  0.07174 -8.84801e-02 | 51 -0.11694 -6.64901e-02
 52 -0.04260 -1.99955e-01 | 53 -0.08995 -1.26105e-01 | 54 -0.06840 -1.82068e-01
 55 -0.03397 -2.12329e-01 | 56 -0.09270 -1.21155e-01 | 57 -0.05687 -1.62382e-01
 58 -0.00551 -2.15639e-01 | 59 -0.02032 -1.75228e-01 | 60 -0.03144 -1.43735e-01
 61 -0.08142 -1.09759e-01 | 62 -0.01047 -1.92304e-01 | 63 -0.06854 -1.13056e-01
 64 -0.12336 -6.59518e-02 | 65 -0.05281 -1.26521e-01 | 66 -0.12205 -6.90104e-02
 67 -0.10048 -8.24817e-02 | 68 -0.07289 -7.01666e-02 | 69 -0.07614 -1.15393e-02
 70 -0.04084  1.96380e-04 | 71 -0.04215  5.15107e-04 | 72 -0.44712  6.26568e+00
 73 -0.15530 -1.41436e+00 | 74 -0.26575  2.79666e+02 | 75 -0.57491 -8.43678e+00
 76 -3.56814  1.14804e+00 | 77  2.30904  3.23160e-01 | 78  0.33116  9.66365e-02
 79 -1.01045  1.40211e-03 |
79 variables; iteration 1660; function evaluation 1899; phase 3
Function value -1.0560263e+02; maximum gradient component mag -5.8110e+02
Var    Value     Gradient |Var    Value     Gradient |Var    Value     Gradient
  1  0.01807 -5.81100e+02 |  2 -0.00686 -6.17858e-01 |  3 -0.00803 -7.41769e-01
  4 -0.02423 -7.82501e-01 |  5 -0.02554 -9.19390e-01 |  6 -0.02708 -1.08877e+00
  7 -0.02882 -1.28234e+00 |  8 -0.03065 -1.48600e+00 |  9 -0.03262 -1.71439e+00
 10 -0.03472 -1.95043e+00 | 11 -0.03687 -2.21209e+00 | 12 -0.03911 -2.50327e+00
 13 -0.04128 -2.79084e+00 | 14 -0.04356 -3.10168e+00 | 15 -0.04695 -3.44637e+00
 16 -0.04920 -3.83453e+00 | 17 -0.05221 -4.29372e+00 | 18 -0.05423 -4.70431e+00
 19 -0.05549 -4.94677e+00 | 20 -0.05662 -5.22955e+00 | 21 -0.05655 -5.28414e+00
 22 -0.05545 -5.23496e+00 | 23 -0.05553 -5.46606e+00 | 24 -0.05576 -5.86459e+00
 25 -0.05640 -6.49689e+00 | 26 -0.05704 -7.66251e+00 | 27 -0.05347 -9.13479e+00
 28 -0.03982 -1.15397e+01 | 29 -0.00260 -1.80016e+01 | 30 -0.03356 -1.57794e+01
 31 -0.12412 -7.80802e+00 | 32 -0.16238 -5.59649e+00 | 33  0.03536 -2.90913e+01
 34 -0.14192 -6.99930e+00 | 35 -0.01530 -1.70737e+01 | 36 -0.02673 -1.44943e+01
 37 -0.06512 -9.30928e+00 | 38  0.02594 -1.65199e+01 | 39 -0.05395 -7.47096e+00
 40 -0.04539 -7.26558e+00 | 41 -0.04232 -6.27368e+00 | 42  0.00104 -7.25100e+00
 43 -0.01823 -5.12182e+00 | 44 -0.03676 -3.69207e+00 | 45 -0.04167 -2.96525e+00
 46 -0.03897 -2.36810e+00 | 47 -0.10155 -1.09912e+00 | 48 -0.05345 -9.51171e-01
 49 -0.15590 -1.95173e-01 | 50  0.07181  1.95008e-01 | 51 -0.11721  9.49233e-02
 52 -0.04258  1.94740e-01 | 53 -0.09005  1.47506e-01 | 54 -0.06845  1.73862e-01
 55 -0.03399  2.26571e-01 | 56 -0.09277  1.38913e-01 | 57 -0.05693  1.76016e-01
 58 -0.00553  2.49787e-01 | 59 -0.02036  2.12627e-01 | 60 -0.03145  1.87430e-01
 61 -0.08150  1.26118e-01 | 62 -0.01050  2.17956e-01 | 63 -0.06855  1.35530e-01
 64 -0.12341  9.11765e-02 | 65 -0.05282  1.50888e-01 | 66 -0.12208  7.27184e-02
 67 -0.10052  6.73733e-02 | 68 -0.07291  4.56911e-02 | 69 -0.07623  5.89517e-03
 70 -0.04086  1.07409e-04 | 71 -0.04216  4.40826e-04 | 72 -0.44751 -7.30523e+00
 73 -0.15589  1.58872e+00 | 74 -0.26550 -3.04204e+02 | 75 -0.56613  9.03003e+00
 76 -3.55500 -1.42258e+00 | 77  2.27761 -4.57763e-01 | 78  0.33116  2.14164e-02
 79 -1.01054 -3.60319e-04 |
79 variables; iteration 1680; function evaluation 1919; phase 3
Function value -1.0560319e+02; maximum gradient component mag 3.1708e+01
Var    Value     Gradient |Var    Value     Gradient |Var    Value     Gradient
  1  0.01808  3.17077e+01 |  2 -0.00681  3.72059e-02 |  3 -0.00796  4.46080e-02
  4 -0.02417  4.74253e-02 |  5 -0.02550  5.61536e-02 |  6 -0.02702  6.59163e-02
  7 -0.02871  7.73764e-02 |  8 -0.03055  9.01839e-02 |  9 -0.03251  1.03637e-01
 10 -0.03461  1.18184e-01 | 11 -0.03675  1.33919e-01 | 12 -0.03898  1.50959e-01
 13 -0.04114  1.68086e-01 | 14 -0.04342  1.86682e-01 | 15 -0.04682  2.07162e-01
 16 -0.04906  2.29537e-01 | 17 -0.05207  2.56606e-01 | 18 -0.05406  2.81228e-01
 19 -0.05544  2.93599e-01 | 20 -0.05683  1.56547e-01 | 21 -0.05662  3.09465e-01
 22 -0.05533  3.08470e-01 | 23 -0.05548  3.22703e-01 | 24 -0.05588  3.46146e-01
 25 -0.05662  3.82812e-01 | 26 -0.05753  4.52278e-01 | 27 -0.05379  5.21078e-01
 28 -0.04031  6.33877e-01 | 29 -0.00202  9.59588e-01 | 30 -0.03399  8.37900e-01
 31 -0.12383  3.98291e-01 | 32 -0.16224  2.80283e-01 | 33  0.03534  1.51518e+00
 34 -0.14200  3.16068e-01 | 35 -0.01531  8.97127e-01 | 36 -0.02671  7.24629e-01
 37 -0.06521  4.60837e-01 | 38  0.02597  8.08775e-01 | 39 -0.05398  4.20388e-01
 40 -0.04539  3.64471e-01 | 41 -0.04234  3.45098e-01 | 42  0.00104  4.19870e-01
 43 -0.01822  3.09429e-01 | 44 -0.03676  2.33634e-01 | 45 -0.04168  1.86914e-01
 46 -0.03894  1.68207e-01 | 47 -0.10158  7.52629e-02 | 48 -0.05340  7.91399e-02
 49 -0.15618  1.47547e-02 | 50  0.07185  8.33390e-04 | 51 -0.11732 -3.21969e-03
 52 -0.04256 -1.12174e-02 | 53 -0.09009 -8.33591e-03 | 54 -0.06847 -1.04462e-02
 55 -0.03400 -1.36068e-02 | 56 -0.09279 -8.30959e-03 | 57 -0.05696 -1.07902e-02
 58 -0.00554 -1.50929e-02 | 59 -0.02037 -1.25051e-02 | 60 -0.03144 -1.17226e-02
 61 -0.08152 -7.63507e-03 | 62 -0.01050 -1.31520e-02 | 63 -0.06855 -7.95068e-03
 64 -0.12343 -5.19224e-03 | 65 -0.05283 -8.57106e-03 | 66 -0.12209 -4.12479e-03
 67 -0.10053 -4.09716e-03 | 68 -0.07290 -2.91955e-03 | 69 -0.07629 -3.70688e-04
 70 -0.04086 -8.30232e-06 | 71 -0.04217 -1.57550e-05 | 72 -0.44783 -3.03752e-01
 73 -0.15631 -4.70454e-02 | 74 -0.26538  9.11209e+00 | 75 -0.56180 -5.89908e-01
 76 -3.54907  1.69244e-01 | 77  2.26539 -1.68093e-02 | 78  0.33116  7.81025e-04
 79 -1.01053 -2.69948e-04 |
79 variables; iteration 1700; function evaluation 1939; phase 3
Function value -1.0560343e+02; maximum gradient component mag -1.9832e+02
Var    Value     Gradient |Var    Value     Gradient |Var    Value     Gradient
  1  0.01808 -1.98318e+02 |  2 -0.00675 -4.41903e-01 |  3 -0.00805 -5.69286e-01
  4 -0.02427 -6.04590e-01 |  5 -0.02545 -6.71341e-01 |  6 -0.02703 -8.12375e-01
  7 -0.02862 -9.20824e-01 |  8 -0.03058 -1.10756e+00 |  9 -0.03250 -1.26635e+00
 10 -0.03461 -1.44663e+00 | 11 -0.03685 -1.66557e+00 | 12 -0.03899 -1.85882e+00
 13 -0.04118 -2.07764e+00 | 14 -0.04342 -2.29820e+00 | 15 -0.04687 -2.57104e+00
 16 -0.04889 -2.79340e+00 | 17 -0.05224 -3.22834e+00 | 18 -0.05395 -3.43934e+00
 19 -0.05513 -3.58289e+00 | 20 -0.05680 -3.95592e+00 | 21 -0.05634 -3.85215e+00
 22 -0.05540 -3.86680e+00 | 23 -0.05512 -3.92568e+00 | 24 -0.05589 -4.34529e+00
 25 -0.05670 -4.84076e+00 | 26 -0.05766 -5.77683e+00 | 27 -0.05395 -6.93717e+00
 28 -0.04088 -8.95150e+00 | 29 -0.00140 -1.35824e+01 | 30 -0.03438 -1.16674e+01
 31 -0.12355 -5.31010e+00 | 32 -0.16235 -3.46835e+00 | 33  0.03537 -1.39545e+01
 34 -0.14202 -2.38460e+00 | 35 -0.01529 -2.70395e+00 | 36 -0.02669  3.55968e-01
 37 -0.06522  1.80673e+00 | 38  0.02600  6.55576e+00 | 39 -0.05399  4.07250e+00
 40 -0.04537  4.58296e+00 | 41 -0.04234  4.28931e+00 | 42  0.00106  5.02415e+00
 43 -0.01822  3.12519e+00 | 44 -0.03675  1.84378e+00 | 45 -0.04168  9.30497e-01
 46 -0.03893  3.78117e-01 | 47 -0.10158  6.59712e-02 | 48 -0.05336 -1.12079e-02
 49 -0.15631 -1.59611e-01 | 50  0.07189  2.11588e-01 | 51 -0.11735  1.15259e-01
 52 -0.04255  1.55326e-01 | 53 -0.09007  1.89748e-01 | 54 -0.06848  1.57367e-01
 55 -0.03395  2.89431e-01 | 56 -0.09281  9.02601e-02 | 57 -0.05693  1.20479e-01
 58 -0.00552  1.04291e-01 | 59 -0.02036  4.94786e-02 | 60 -0.03143  6.79153e-03
 61 -0.08151 -5.61148e-03 | 62 -0.01048 -3.33686e-02 | 63 -0.06854  2.80658e-02
 64 -0.12343 -8.49895e-03 | 65 -0.05280 -1.33748e-02 | 66 -0.12208  7.39729e-03
 67 -0.10053 -2.12700e-03 | 68 -0.07289  1.12186e-03 | 69 -0.07625  5.20669e-03
 70 -0.04086 -2.35907e-04 | 71 -0.04216  7.84935e-04 | 72 -0.44764 -1.25385e+00
 73 -0.15586  3.73094e-01 | 74 -0.26534 -9.17274e+01 | 75 -0.56038  2.65543e+00
 76 -3.54883 -3.78071e-01 | 77  2.26493 -1.03047e-01 | 78  0.33116 -1.24757e-01
 79 -1.01025  8.71727e-03 |
79 variables; iteration 1720; function evaluation 1960; phase 3
Function value -1.0560701e+02; maximum gradient component mag -2.4908e+03
Var    Value     Gradient |Var    Value     Gradient |Var    Value     Gradient
  1  0.01807 -2.49078e+03 |  2 -0.00691 -2.49880e+00 |  3 -0.00801 -2.97345e+00
  4 -0.02417 -3.13319e+00 |  5 -0.02554 -3.72016e+00 |  6 -0.02714 -4.40234e+00
  7 -0.02895 -5.17720e+00 |  8 -0.03064 -5.98143e+00 |  9 -0.03268 -6.91282e+00
 10 -0.03472 -7.85936e+00 | 11 -0.03679 -8.89401e+00 | 12 -0.03913 -1.00852e+01
 13 -0.04129 -1.12344e+01 | 14 -0.04366 -1.25061e+01 | 15 -0.04682 -1.38698e+01
 16 -0.04938 -1.54816e+01 | 17 -0.05206 -1.72656e+01 | 18 -0.05418 -1.88923e+01
 19 -0.05567 -1.99836e+01 | 20 -0.05609 -2.08042e+01 | 21 -0.05683 -2.14082e+01
 22 -0.05516 -2.09304e+01 | 23 -0.05558 -2.19200e+01 | 24 -0.05569 -2.35451e+01
 25 -0.05668 -2.60109e+01 | 26 -0.05718 -3.05942e+01 | 27 -0.05370 -3.58854e+01
 28 -0.03892 -4.48403e+01 | 29 -0.00299 -6.71876e+01 | 30 -0.03345 -5.90711e+01
 31 -0.12427 -2.92613e+01 | 32 -0.16244 -2.12951e+01 | 33  0.03540 -1.12878e+02
 34 -0.14213 -2.76452e+01 | 35 -0.01527 -7.07457e+01 | 36 -0.02669 -6.28298e+01
 37 -0.06524 -4.20502e+01 | 38  0.02599 -7.87489e+01 | 39 -0.05406 -3.78234e+01
 40 -0.04537 -3.87475e+01 | 41 -0.04237 -3.50475e+01 | 42  0.00104 -4.22598e+01
 43 -0.01824 -3.06413e+01 | 44 -0.03679 -2.24889e+01 | 45 -0.04170 -1.80295e+01
 46 -0.03899 -1.47976e+01 | 47 -0.10156 -7.07526e+00 | 48 -0.05344 -6.82513e+00
 49 -0.15610 -1.17383e+00 | 50  0.07193  1.41314e-02 | 51 -0.11779  3.10875e-01
 52 -0.04244  8.64215e-01 | 53 -0.09025  5.77068e-01 | 54 -0.06837  7.89739e-01
 55 -0.03399  9.70464e-01 | 56 -0.09281  6.75185e-01 | 57 -0.05689  8.57817e-01
 58 -0.00549  1.28006e+00 | 59 -0.02037  1.11797e+00 | 60 -0.03147  1.00207e+00
 61 -0.08151  6.93678e-01 | 62 -0.01041  1.20133e+00 | 63 -0.06867  6.96029e-01
 64 -0.12339  4.78388e-01 | 65 -0.05275  8.03539e-01 | 66 -0.12215  3.87715e-01
 67 -0.10047  3.74280e-01 | 68 -0.07286  2.78606e-01 | 69 -0.07620  3.33481e-02
 70 -0.04084  1.27644e-03 | 71 -0.04215  6.62260e-04 | 72 -0.44705 -3.13257e+01
 73 -0.15535  6.97205e+00 | 74 -0.26495 -1.21252e+03 | 75 -0.54907  4.07581e+01
 76 -3.55558 -5.76733e+00 | 77  2.27896 -1.77521e+00 | 78  0.33116  1.71846e-01
 79 -1.01129 -2.24601e-02 |
79 variables; iteration 1740; function evaluation 1981; phase 3
Function value -1.0561182e+02; maximum gradient component mag -6.4287e+02
Var    Value     Gradient |Var    Value     Gradient |Var    Value     Gradient
  1  0.01806 -6.42866e+02 |  2 -0.00688 -6.19147e-01 |  3 -0.00800 -7.31073e-01
  4 -0.02421 -7.73166e-01 |  5 -0.02560 -9.28817e-01 |  6 -0.02711 -1.08712e+00
  7 -0.02881 -1.27125e+00 |  8 -0.03066 -1.47966e+00 |  9 -0.03262 -1.70408e+00
 10 -0.03478 -1.95437e+00 | 11 -0.03692 -2.21055e+00 | 12 -0.03914 -2.49739e+00
 13 -0.04130 -2.77986e+00 | 14 -0.04359 -3.09163e+00 | 15 -0.04702 -3.44879e+00
 16 -0.04927 -3.83621e+00 | 17 -0.05226 -4.28895e+00 | 18 -0.05416 -4.66629e+00
 19 -0.05556 -4.94928e+00 | 20 -0.05643 -5.16685e+00 | 21 -0.05657 -5.28267e+00
 22 -0.05518 -5.15974e+00 | 23 -0.05536 -5.42657e+00 | 24 -0.05558 -5.83302e+00
 25 -0.05614 -6.45811e+00 | 26 -0.05705 -7.70616e+00 | 27 -0.05380 -9.22402e+00
 28 -0.03946 -1.14599e+01 | 29 -0.00254 -1.79358e+01 | 30 -0.03367 -1.57797e+01
 31 -0.12416 -7.86039e+00 | 32 -0.16246 -5.77980e+00 | 33  0.03547 -3.10546e+01
 34 -0.14233 -7.70431e+00 | 35 -0.01523 -1.98131e+01 | 36 -0.02661 -1.74300e+01
 37 -0.06542 -1.15546e+01 | 38  0.02609 -2.09105e+01 | 39 -0.05417 -9.80551e+00
 40 -0.04533 -9.70088e+00 | 41 -0.04241 -8.55813e+00 | 42  0.00108 -1.00367e+01
 43 -0.01822 -7.08097e+00 | 44 -0.03678 -5.06831e+00 | 45 -0.04172 -3.98588e+00
 46 -0.03895 -3.23054e+00 | 47 -0.10158 -1.52554e+00 | 48 -0.05333 -1.46777e+00
 49 -0.15654 -2.78183e-01 | 50  0.07208 -3.98759e-02 | 51 -0.11825  6.36557e-02
 52 -0.04232  1.93174e-01 | 53 -0.09035  1.31404e-01 | 54 -0.06833  1.85889e-01
 55 -0.03394  2.22939e-01 | 56 -0.09286  1.51595e-01 | 57 -0.05684  2.06568e-01
 58 -0.00544  2.92212e-01 | 59 -0.02035  2.51888e-01 | 60 -0.03145  2.26499e-01
 61 -0.08152  1.60915e-01 | 62 -0.01034  2.94584e-01 | 63 -0.06870  1.66274e-01
 64 -0.12337  1.07315e-01 | 65 -0.05268  1.83491e-01 | 66 -0.12216  9.27887e-02
 67 -0.10042  9.51633e-02 | 68 -0.07280  6.73818e-02 | 69 -0.07621  6.15879e-03
 70 -0.04083 -2.16132e-04 | 71 -0.04214 -2.75969e-04 | 72 -0.44704 -8.08584e+00
 73 -0.15523  1.80644e+00 | 74 -0.26448 -3.00035e+02 | 75 -0.53557  1.06834e+01
 76 -3.55522 -1.63344e+00 | 77  2.27813 -5.26798e-01 | 78  0.33116  6.06625e-02
 79 -1.01037  4.25681e-03 |
79 variables; iteration 1760; function evaluation 2004; phase 3
Function value -1.0561579e+02; maximum gradient component mag -1.4713e+03
Var    Value     Gradient |Var    Value     Gradient |Var    Value     Gradient
  1  0.01806 -1.47129e+03 |  2 -0.00685 -1.67322e+00 |  3 -0.00799 -1.99811e+00
  4 -0.02420 -2.11450e+00 |  5 -0.02561 -2.52342e+00 |  6 -0.02715 -2.97525e+00
  7 -0.02875 -3.45596e+00 |  8 -0.03065 -4.03376e+00 |  9 -0.03267 -4.66295e+00
 10 -0.03470 -5.29393e+00 | 11 -0.03673 -5.97508e+00 | 12 -0.03907 -6.78880e+00
 13 -0.04129 -7.57591e+00 | 14 -0.04350 -8.40538e+00 | 15 -0.04707 -9.39436e+00
 16 -0.04928 -1.04357e+01 | 17 -0.05203 -1.16245e+01 | 18 -0.05409 -1.27230e+01
 19 -0.05558 -1.34754e+01 | 20 -0.05632 -1.40462e+01 | 21 -0.05671 -1.44396e+01
 22 -0.05527 -1.41270e+01 | 23 -0.05570 -1.48316e+01 | 24 -0.05595 -1.59417e+01
 25 -0.05641 -1.75757e+01 | 26 -0.05696 -2.06893e+01 | 27 -0.05292 -2.42773e+01
 28 -0.03950 -3.02952e+01 | 29 -0.00287 -4.56132e+01 | 30 -0.03336 -3.97243e+01
 31 -0.12453 -1.94925e+01 | 32 -0.16255 -1.39265e+01 | 33  0.03554 -7.10639e+01
 34 -0.14261 -1.64623e+01 | 35 -0.01518 -3.99146e+01 | 36 -0.02656 -3.31948e+01
 37 -0.06555 -2.08976e+01 | 38  0.02615 -3.67749e+01 | 39 -0.05425 -1.67644e+01
 40 -0.04533 -1.67684e+01 | 41 -0.04245 -1.50459e+01 | 42  0.00110 -1.82808e+01
 43 -0.01822 -1.34159e+01 | 44 -0.03679 -1.02690e+01 | 45 -0.04174 -8.60218e+00
 46 -0.03893 -7.38345e+00 | 47 -0.10162 -3.63651e+00 | 48 -0.05328 -3.66698e+00
 49 -0.15685 -6.85717e-01 | 50  0.07221 -1.51597e-01 | 51 -0.11880  1.49921e-01
 52 -0.04218  5.06355e-01 | 53 -0.09050  3.35847e-01 | 54 -0.06827  4.58562e-01
 55 -0.03393  5.13828e-01 | 56 -0.09291  3.89044e-01 | 57 -0.05682  4.87388e-01
 58 -0.00540  7.32722e-01 | 59 -0.02036  6.63523e-01 | 60 -0.03144  5.93280e-01
 61 -0.08153  4.30261e-01 | 62 -0.01028  7.13815e-01 | 63 -0.06878  4.08343e-01
 64 -0.12335  2.74951e-01 | 65 -0.05262  4.39908e-01 | 66 -0.12222  1.82140e-01
 67 -0.10037  2.10008e-01 | 68 -0.07275  1.37346e-01 | 69 -0.07624  1.58628e-02
 70 -0.04083  4.35503e-04 | 71 -0.04213  7.94923e-05 | 72 -0.44710 -1.70395e+01
 73 -0.15545  3.85444e+00 | 74 -0.26393 -6.31436e+02 | 75 -0.52139  2.48830e+01
 76 -3.55464 -3.51334e+00 | 77  2.27693 -1.04094e+00 | 78  0.33116  1.17543e-01
 79 -1.01095 -1.28104e-02 |
79 variables; iteration 1780; function evaluation 2028; phase 3
Function value -1.0561966e+02; maximum gradient component mag 1.7198e+01
Var    Value     Gradient |Var    Value     Gradient |Var    Value     Gradient
  1  0.01806  1.71977e+01 |  2 -0.00688  1.47762e-01 |  3 -0.00801  1.83739e-01
  4 -0.02419  2.02810e-01 |  5 -0.02553  2.38422e-01 |  6 -0.02705  2.80924e-01
  7 -0.02883  3.09814e-01 |  8 -0.03060  3.81089e-01 |  9 -0.03257  4.40493e-01
 10 -0.03474  4.80556e-01 | 11 -0.03687  5.53214e-01 | 12 -0.03908  6.34351e-01
 13 -0.04121  7.18947e-01 | 14 -0.04358  7.69306e-01 | 15 -0.04684  9.02662e-01
 16 -0.04925  9.43722e-01 | 17 -0.05219  1.07671e+00 | 18 -0.05407  1.20907e+00
 19 -0.05555  1.22957e+00 | 20 -0.05652  1.26056e+00 | 21 -0.05679  1.27353e+00
 22 -0.05524  1.32880e+00 | 23 -0.05545  1.35569e+00 | 24 -0.05559  1.51763e+00
 25 -0.05618  1.68314e+00 | 26 -0.05678  2.03985e+00 | 27 -0.05252  2.55775e+00
 28 -0.04161  2.51980e+00 | 29 -0.00121  4.47173e+00 | 30 -0.03447  3.34163e+00
 31 -0.12398  1.50874e+00 | 32 -0.16234  8.70213e-01 | 33  0.03556  2.52158e+00
 34 -0.14281  4.08201e-02 | 35 -0.01514 -1.44502e+00 | 36 -0.02650 -2.78177e+00
 37 -0.06575 -2.66446e+00 | 38  0.02624 -6.32434e+00 | 39 -0.05438 -3.34442e+00
 40 -0.04530 -3.53443e+00 | 41 -0.04251 -3.04885e+00 | 42  0.00114 -3.36702e+00
 43 -0.01822 -2.15594e+00 | 44 -0.03679 -1.24585e+00 | 45 -0.04177 -7.26589e-01
 46 -0.03890 -4.01769e-01 | 47 -0.10166 -1.46383e-01 | 48 -0.05317 -1.19945e-01
 49 -0.15738 -1.84527e-02 | 50  0.07236 -4.11733e-02 | 51 -0.11931  7.76883e-03
 52 -0.04206 -5.22297e-03 | 53 -0.09062 -1.07372e-02 | 54 -0.06824 -5.24218e-03
 55 -0.03388  2.01001e-02 | 56 -0.09298  5.13345e-03 | 57 -0.05678  2.89169e-03
 58 -0.00536  1.87424e-02 | 59 -0.02036  8.60276e-03 | 60 -0.03143  2.42991e-02
 61 -0.08157  6.84439e-03 | 62 -0.01020  4.39162e-02 | 63 -0.06884  1.35973e-02
 64 -0.12334  5.99582e-03 | 65 -0.05255  2.04473e-02 | 66 -0.12223  2.34850e-02
 67 -0.10035  2.13056e-03 | 68 -0.07270  6.16852e-03 | 69 -0.07625 -2.99400e-03
 70 -0.04082 -1.84379e-05 | 71 -0.04212 -3.72219e-04 | 72 -0.44698 -6.98545e-01
 73 -0.15507  1.06449e-01 | 74 -0.26341 -2.52740e+00 | 75 -0.50864 -2.30721e-01
 76 -3.55346  3.17362e-02 | 77  2.27451 -4.54080e-02 | 78  0.33116  1.30503e-01
 79 -1.01040  2.06034e-03 |
79 variables; iteration 1800; function evaluation 2049; phase 3
Function value -1.0562240e+02; maximum gradient component mag -6.0603e+02
Var    Value     Gradient |Var    Value     Gradient |Var    Value     Gradient
  1  0.01806 -6.06026e+02 |  2 -0.00685 -5.90297e-01 |  3 -0.00799 -7.04174e-01
  4 -0.02419 -7.40416e-01 |  5 -0.02553 -8.80302e-01 |  6 -0.02708 -1.04191e+00
  7 -0.02876 -1.21461e+00 |  8 -0.03061 -1.41585e+00 |  9 -0.03258 -1.63196e+00
 10 -0.03470 -1.86399e+00 | 11 -0.03682 -2.10535e+00 | 12 -0.03907 -2.38643e+00
 13 -0.04122 -2.65793e+00 | 14 -0.04350 -2.95228e+00 | 15 -0.04695 -3.29851e+00
 16 -0.04912 -3.65041e+00 | 17 -0.05213 -4.09084e+00 | 18 -0.05412 -4.47606e+00
 19 -0.05544 -4.72400e+00 | 20 -0.05631 -4.93295e+00 | 21 -0.05652 -5.05840e+00
 22 -0.05522 -4.96359e+00 | 23 -0.05530 -5.19064e+00 | 24 -0.05562 -5.59580e+00
 25 -0.05620 -6.18227e+00 | 26 -0.05701 -7.32582e+00 | 27 -0.05346 -8.67053e+00
 28 -0.04111 -1.09637e+01 | 29 -0.00101 -1.64664e+01 | 30 -0.03475 -1.46665e+01
 31 -0.12384 -7.23968e+00 | 32 -0.16236 -5.30730e+00 | 33  0.03559 -2.83488e+01
 34 -0.14299 -6.94052e+00 | 35 -0.01511 -1.79470e+01 | 36 -0.02645 -1.59150e+01
 37 -0.06588 -1.05436e+01 | 38  0.02630 -1.96390e+01 | 39 -0.05446 -9.25990e+00
 40 -0.04528 -9.35338e+00 | 41 -0.04255 -8.33331e+00 | 42  0.00115 -9.93637e+00
 43 -0.01821 -7.08339e+00 | 44 -0.03680 -5.12083e+00 | 45 -0.04180 -4.06660e+00
 46 -0.03888 -3.32080e+00 | 47 -0.10169 -1.57463e+00 | 48 -0.05311 -1.53255e+00
 49 -0.15774 -2.78132e-01 | 50  0.07247 -5.50393e-02 | 51 -0.11972  5.73728e-02
 52 -0.04196  1.85832e-01 | 53 -0.09073  1.28277e-01 | 54 -0.06821  1.78476e-01
 55 -0.03386  2.17010e-01 | 56 -0.09302  1.49748e-01 | 57 -0.05676  1.99740e-01
 58 -0.00533  2.79289e-01 | 59 -0.02036  2.41590e-01 | 60 -0.03142  2.14006e-01
 61 -0.08158  1.50491e-01 | 62 -0.01016  2.64384e-01 | 63 -0.06889  1.51990e-01
 64 -0.12333  1.04567e-01 | 65 -0.05251  1.70981e-01 | 66 -0.12227  7.84795e-02
 67 -0.10032  7.84360e-02 | 68 -0.07266  5.23379e-02 | 69 -0.07627  5.47672e-03
 70 -0.04081  1.44712e-04 | 71 -0.04211  2.03708e-04 | 72 -0.44702 -7.64019e+00
 73 -0.15516  1.71039e+00 | 74 -0.26302 -2.43868e+02 | 75 -0.49976  1.06994e+01
 76 -3.55237 -1.40663e+00 | 77  2.27226 -4.58767e-01 | 78  0.33116 -9.48456e-03
 79 -1.01048 -5.06985e-05 |
79 variables; iteration 1820; function evaluation 2072; phase 3
Function value -1.0562527e+02; maximum gradient component mag -8.0863e+02
Var    Value     Gradient |Var    Value     Gradient |Var    Value     Gradient
  1  0.01805 -8.08630e+02 |  2 -0.00684 -7.65246e-01 |  3 -0.00799 -9.15088e-01
  4 -0.02420 -9.69501e-01 |  5 -0.02555 -1.15217e+00 |  6 -0.02710 -1.36214e+00
  7 -0.02875 -1.58167e+00 |  8 -0.03062 -1.84779e+00 |  9 -0.03259 -2.12933e+00
 10 -0.03470 -2.42939e+00 | 11 -0.03685 -2.75268e+00 | 12 -0.03908 -3.11467e+00
 13 -0.04125 -3.47133e+00 | 14 -0.04352 -3.85643e+00 | 15 -0.04696 -4.30168e+00
 16 -0.04914 -4.76921e+00 | 17 -0.05218 -5.35070e+00 | 18 -0.05410 -5.83222e+00
 19 -0.05542 -6.15994e+00 | 20 -0.05633 -6.44239e+00 | 21 -0.05649 -6.59720e+00
 22 -0.05521 -6.47695e+00 | 23 -0.05523 -6.76337e+00 | 24 -0.05557 -7.30022e+00
 25 -0.05614 -8.07637e+00 | 26 -0.05698 -9.59213e+00 | 27 -0.05369 -1.14211e+01
 28 -0.04058 -1.43264e+01 | 29 -0.00128 -2.18843e+01 | 30 -0.03462 -1.93875e+01
 31 -0.12391 -9.63529e+00 | 32 -0.16246 -7.12416e+00 | 33  0.03565 -3.83911e+01
 34 -0.14320 -9.51496e+00 | 35 -0.01508 -2.49820e+01 | 36 -0.02640 -2.22079e+01
 37 -0.06603 -1.46416e+01 | 38  0.02638 -2.69869e+01 | 39 -0.05455 -1.25644e+01
 40 -0.04526 -1.25090e+01 | 41 -0.04259 -1.09954e+01 | 42  0.00118 -1.29719e+01
 43 -0.01821 -9.15155e+00 | 44 -0.03680 -6.57230e+00 | 45 -0.04182 -5.21555e+00
 46 -0.03886 -4.26412e+00 | 47 -0.10172 -2.02297e+00 | 48 -0.05303 -1.98942e+00
 49 -0.15810 -3.87856e-01 | 50  0.07259 -9.00683e-02 | 51 -0.12017  7.70050e-02
 52 -0.04185  2.46388e-01 | 53 -0.09085  1.70417e-01 | 54 -0.06817  2.35945e-01
 55 -0.03384  2.83870e-01 | 56 -0.09307  1.91586e-01 | 57 -0.05673  2.61082e-01
 58 -0.00529  3.61963e-01 | 59 -0.02036  3.11225e-01 | 60 -0.03141  2.67110e-01
 61 -0.08160  1.94930e-01 | 62 -0.01010  3.32748e-01 | 63 -0.06894  1.95943e-01
 64 -0.12332  1.29487e-01 | 65 -0.05245  2.15963e-01 | 66 -0.12230  1.01229e-01
 67 -0.10028  1.09354e-01 | 68 -0.07262  7.64065e-02 | 69 -0.07628  1.06709e-02
 70 -0.04080 -1.10655e-04 | 71 -0.04211 -2.47936e-05 | 72 -0.44703 -1.02180e+01
 73 -0.15519  2.26940e+00 | 74 -0.26257 -3.09824e+02 | 75 -0.49006  1.44843e+01
 76 -3.55207 -1.92674e+00 | 77  2.27165 -6.38332e-01 | 78  0.33116 -5.87955e-02
 79 -1.01052 -1.26014e-03 |
79 variables; iteration 1840; function evaluation 2095; phase 3
Function value -1.0562849e+02; maximum gradient component mag -8.9399e+02
Var    Value     Gradient |Var    Value     Gradient |Var    Value     Gradient
  1  0.01805 -8.93987e+02 |  2 -0.00684 -5.83252e-01 |  3 -0.00800 -6.99604e-01
  4 -0.02420 -7.37362e-01 |  5 -0.02553 -8.72514e-01 |  6 -0.02707 -1.03201e+00
  7 -0.02877 -1.20577e+00 |  8 -0.03062 -1.40543e+00 |  9 -0.03259 -1.62059e+00
 10 -0.03469 -1.84453e+00 | 11 -0.03682 -2.08569e+00 | 12 -0.03907 -2.36598e+00
 13 -0.04123 -2.63632e+00 | 14 -0.04349 -2.92353e+00 | 15 -0.04696 -3.27216e+00
 16 -0.04908 -3.60767e+00 | 17 -0.05212 -4.05406e+00 | 18 -0.05418 -4.45579e+00
 19 -0.05547 -4.69193e+00 | 20 -0.05632 -4.88950e+00 | 21 -0.05657 -5.02559e+00
 22 -0.05527 -4.93032e+00 | 23 -0.05534 -5.14823e+00 | 24 -0.05573 -5.56271e+00
 25 -0.05625 -6.11891e+00 | 26 -0.05711 -7.26136e+00 | 27 -0.05356 -8.59294e+00
 28 -0.03927 -1.06059e+01 | 29 -0.00235 -1.65385e+01 | 30 -0.03393 -1.48460e+01
 31 -0.12440 -7.79186e+00 | 32 -0.16254 -6.12528e+00 | 33  0.03573 -3.64317e+01
 34 -0.14350 -1.01449e+01 | 35 -0.01503 -2.99169e+01 | 36 -0.02634 -2.97323e+01
 37 -0.06618 -2.12560e+01 | 38  0.02644 -4.31313e+01 | 39 -0.05466 -2.10936e+01
 40 -0.04525 -2.17854e+01 | 41 -0.04263 -1.92950e+01 | 42  0.00120 -2.28080e+01
 43 -0.01821 -1.58196e+01 | 44 -0.03681 -1.09033e+01 | 45 -0.04184 -8.22897e+00
 46 -0.03884 -6.41327e+00 | 47 -0.10175 -2.94142e+00 | 48 -0.05296 -2.84285e+00
 49 -0.15848 -4.85372e-01 | 50  0.07273 -2.92120e-01 | 51 -0.12077  4.90358e-02
 52 -0.04172  2.45910e-01 | 53 -0.09099  2.07576e-01 | 54 -0.06812  2.66190e-01
 55 -0.03381  3.37865e-01 | 56 -0.09314  2.18098e-01 | 57 -0.05670  2.86271e-01
 58 -0.00525  3.96897e-01 | 59 -0.02037  3.36569e-01 | 60 -0.03141  2.95084e-01
 61 -0.08162  2.03271e-01 | 62 -0.01003  3.35663e-01 | 63 -0.06902  1.96664e-01
 64 -0.12330  1.34019e-01 | 65 -0.05239  2.23249e-01 | 66 -0.12235  1.06038e-01
 67 -0.10024  1.06994e-01 | 68 -0.07256  7.88300e-02 | 69 -0.07630  1.12275e-02
 70 -0.04080  4.03354e-04 | 71 -0.04210  6.07014e-04 | 72 -0.44701 -1.32449e+01
 73 -0.15508  2.83258e+00 | 74 -0.26199 -3.35161e+02 | 75 -0.47823  1.67459e+01
 76 -3.55020 -1.94154e+00 | 77  2.26795 -7.42891e-01 | 78  0.33116 -2.38784e-02
 79 -1.01050 -1.53406e-03 |
79 variables; iteration 1860; function evaluation 2116; phase 3
Function value -1.0563127e+02; maximum gradient component mag -8.7588e+02
Var    Value     Gradient |Var    Value     Gradient |Var    Value     Gradient
  1  0.01805 -8.75877e+02 |  2 -0.00685 -1.02733e+00 |  3 -0.00801 -1.22991e+00
  4 -0.02418 -1.29072e+00 |  5 -0.02552 -1.53214e+00 |  6 -0.02710 -1.81955e+00
  7 -0.02874 -2.11323e+00 |  8 -0.03064 -2.47317e+00 |  9 -0.03259 -2.84799e+00
 10 -0.03470 -3.24806e+00 | 11 -0.03678 -3.66321e+00 | 12 -0.03908 -4.16268e+00
 13 -0.04123 -4.63758e+00 | 14 -0.04345 -5.13987e+00 | 15 -0.04704 -5.76958e+00
 16 -0.04895 -6.33051e+00 | 17 -0.05209 -7.13110e+00 | 18 -0.05427 -7.84697e+00
 19 -0.05544 -8.24663e+00 | 20 -0.05635 -8.62167e+00 | 21 -0.05658 -8.84721e+00
 22 -0.05535 -8.69569e+00 | 23 -0.05531 -9.06138e+00 | 24 -0.05588 -9.81829e+00
 25 -0.05621 -1.07897e+01 | 26 -0.05711 -1.27909e+01 | 27 -0.05274 -1.49734e+01
 28 -0.03990 -1.88371e+01 | 29 -0.00214 -2.86039e+01 | 30 -0.03399 -2.47675e+01
 31 -0.12454 -1.21225e+01 | 32 -0.16260 -8.58828e+00 | 33  0.03580 -4.32780e+01
 34 -0.14379 -9.84197e+00 | 35 -0.01498 -2.35648e+01 | 36 -0.02629 -1.91809e+01
 37 -0.06634 -1.15674e+01 | 38  0.02652 -2.01029e+01 | 39 -0.05476 -8.79890e+00
 40 -0.04523 -8.74110e+00 | 41 -0.04268 -7.74475e+00 | 42  0.00122 -9.54972e+00
 43 -0.01820 -7.06396e+00 | 44 -0.03682 -5.51189e+00 | 45 -0.04187 -4.70664e+00
 46 -0.03882 -4.15507e+00 | 47 -0.10179 -2.07086e+00 | 48 -0.05289 -2.19458e+00
 49 -0.15887 -3.97499e-01 | 50  0.07287 -1.24081e-01 | 51 -0.12137  6.50862e-02
 52 -0.04157  2.55692e-01 | 53 -0.09116  1.50372e-01 | 54 -0.06806  2.26178e-01
 55 -0.03380  2.51692e-01 | 56 -0.09319  2.05908e-01 | 57 -0.05666  2.73792e-01
 58 -0.00521  3.79890e-01 | 59 -0.02037  3.46081e-01 | 60 -0.03140  3.00082e-01
 61 -0.08164  2.12892e-01 | 62 -0.00995  3.57800e-01 | 63 -0.06910  2.09104e-01
 64 -0.12327  1.56755e-01 | 65 -0.05232  2.41426e-01 | 66 -0.12240  8.73323e-02
 67 -0.10018  9.31522e-02 | 68 -0.07250  5.04456e-02 | 69 -0.07632  6.35889e-03
 70 -0.04079  6.03344e-04 | 71 -0.04208  1.06811e-03 | 72 -0.44701 -9.90549e+00
 73 -0.15511  2.29375e+00 | 74 -0.26141 -2.97748e+02 | 75 -0.46737  1.60115e+01
 76 -3.55035 -2.04345e+00 | 77  2.26824 -6.26527e-01 | 78  0.33116 -6.75413e-02
 79 -1.01057 -3.13388e-03 |
79 variables; iteration 1880; function evaluation 2139; phase 3
Function value -1.0563414e+02; maximum gradient component mag -1.1736e+03
Var    Value     Gradient |Var    Value     Gradient |Var    Value     Gradient
  1  0.01804 -1.17360e+03 |  2 -0.00682 -1.27233e+00 |  3 -0.00799 -1.52915e+00
  4 -0.02419 -1.61303e+00 |  5 -0.02551 -1.90755e+00 |  6 -0.02702 -2.24732e+00
  7 -0.02871 -2.62976e+00 |  8 -0.03059 -3.07065e+00 |  9 -0.03254 -3.53826e+00
 10 -0.03464 -4.03137e+00 | 11 -0.03677 -4.56848e+00 | 12 -0.03901 -5.17007e+00
 13 -0.04117 -5.76169e+00 | 14 -0.04343 -6.39914e+00 | 15 -0.04688 -7.13805e+00
 16 -0.04898 -7.90367e+00 | 17 -0.05207 -8.87403e+00 | 18 -0.05413 -9.71573e+00
 19 -0.05540 -1.02470e+01 | 20 -0.05627 -1.06963e+01 | 21 -0.05662 -1.09974e+01
 22 -0.05537 -1.07905e+01 | 23 -0.05540 -1.12624e+01 | 24 -0.05592 -1.21604e+01
 25 -0.05641 -1.34048e+01 | 26 -0.05723 -1.58643e+01 | 27 -0.05282 -1.86691e+01
 28 -0.03952 -2.35361e+01 | 29 -0.00226 -3.57920e+01 | 30 -0.03402 -3.11215e+01
 31 -0.12452 -1.53460e+01 | 32 -0.16263 -1.10588e+01 | 33  0.03588 -5.71305e+01
 34 -0.14413 -1.32265e+01 | 35 -0.01493 -3.28443e+01 | 36 -0.02618 -2.75852e+01
 37 -0.06661 -1.72442e+01 | 38  0.02664 -3.11061e+01 | 39 -0.05493 -1.42202e+01
 40 -0.04519 -1.44254e+01 | 41 -0.04275 -1.28997e+01 | 42  0.00127 -1.57351e+01
 43 -0.01820 -1.15237e+01 | 44 -0.03683 -8.57370e+00 | 45 -0.04191 -7.04609e+00
 46 -0.03877 -5.97619e+00 | 47 -0.10184 -2.97336e+00 | 48 -0.05276 -3.10297e+00
 49 -0.15953 -6.04723e-01 | 50  0.07307 -2.65082e-01 | 51 -0.12214  1.03178e-01
 52 -0.04139  3.76198e-01 | 53 -0.09135  2.92524e-01 | 54 -0.06801  3.70653e-01
 55 -0.03375  4.89544e-01 | 56 -0.09329  3.05419e-01 | 57 -0.05662  4.01927e-01
 58 -0.00515  5.63408e-01 | 59 -0.02038  4.83969e-01 | 60 -0.03139  4.23761e-01
 61 -0.08167  2.85351e-01 | 62 -0.00986  4.87274e-01 | 63 -0.06919  2.86439e-01
 64 -0.12326  1.92844e-01 | 65 -0.05224  3.26377e-01 | 66 -0.12244  1.60300e-01
 67 -0.10014  1.49251e-01 | 68 -0.07243  1.07963e-01 | 69 -0.07635  1.32933e-02
 70 -0.04078  6.07857e-04 | 71 -0.04207  4.90822e-04 | 72 -0.44697 -1.39108e+01
 73 -0.15502  3.18198e+00 | 74 -0.26066 -3.76719e+02 | 75 -0.45395  2.19600e+01
 76 -3.54635 -2.42397e+00 | 77  2.26057 -7.96788e-01 | 78  0.33116 -2.20693e-02
 79 -1.01046  1.10556e-04 |
79 variables; iteration 1900; function evaluation 2161; phase 3
Function value -1.0563616e+02; maximum gradient component mag -7.2702e+02
Var    Value     Gradient |Var    Value     Gradient |Var    Value     Gradient
  1  0.01804 -7.27024e+02 |  2 -0.00683 -5.38906e-01 |  3 -0.00798 -6.44240e-01
  4 -0.02417 -6.78199e-01 |  5 -0.02551 -8.03900e-01 |  6 -0.02704 -9.49553e-01
  7 -0.02876 -1.11614e+00 |  8 -0.03058 -1.29309e+00 |  9 -0.03256 -1.49449e+00
 10 -0.03465 -1.70158e+00 | 11 -0.03678 -1.92456e+00 | 12 -0.03903 -2.18062e+00
 13 -0.04118 -2.43031e+00 | 14 -0.04348 -2.70672e+00 | 15 -0.04686 -3.00568e+00
 16 -0.04913 -3.35722e+00 | 17 -0.05203 -3.73131e+00 | 18 -0.05402 -4.08279e+00
 19 -0.05537 -4.31767e+00 | 20 -0.05629 -4.52102e+00 | 21 -0.05648 -4.62917e+00
 22 -0.05520 -4.54562e+00 | 23 -0.05530 -4.75748e+00 | 24 -0.05564 -5.13506e+00
 25 -0.05627 -5.68877e+00 | 26 -0.05698 -6.73738e+00 | 27 -0.05314 -7.95118e+00
 28 -0.04030 -1.00780e+01 | 29 -0.00134 -1.53977e+01 | 30 -0.03462 -1.39000e+01
 31 -0.12432 -7.15100e+00 | 32 -0.16260 -5.52017e+00 | 33  0.03594 -3.18959e+01
 34 -0.14438 -8.43367e+00 | 35 -0.01487 -2.41618e+01 | 36 -0.02611 -2.32156e+01
 37 -0.06681 -1.61284e+01 | 38  0.02674 -3.20570e+01 | 39 -0.05505 -1.53604e+01
 40 -0.04516 -1.57279e+01 | 41 -0.04281 -1.37883e+01 | 42  0.00130 -1.61848e+01
 43 -0.01819 -1.11927e+01 | 44 -0.03683 -7.69905e+00 | 45 -0.04193 -5.77940e+00
 46 -0.03874 -4.50713e+00 | 47 -0.10188 -2.05242e+00 | 48 -0.05266 -1.94585e+00
 49 -0.16000 -3.12745e-01 | 50  0.07323 -3.62257e-02 | 51 -0.12273  8.07932e-02
 52 -0.04124  2.30134e-01 | 53 -0.09149  1.64674e-01 | 54 -0.06795  2.19677e-01
 55 -0.03371  2.90188e-01 | 56 -0.09334  1.82216e-01 | 57 -0.05657  2.35055e-01
 58 -0.00509  3.37958e-01 | 59 -0.02038  2.84030e-01 | 60 -0.03137  2.55920e-01
 61 -0.08169  1.71059e-01 | 62 -0.00977  3.06375e-01 | 63 -0.06926  1.73537e-01
 64 -0.12323  1.14673e-01 | 65 -0.05216  1.95072e-01 | 66 -0.12248  1.00542e-01
 67 -0.10009  9.47720e-02 | 68 -0.07236  7.16901e-02 | 69 -0.07637  7.39079e-03
 70 -0.04076  2.42565e-04 | 71 -0.04206  2.50033e-05 | 72 -0.44700 -1.02448e+01
 73 -0.15504  2.21202e+00 | 74 -0.26008 -2.31220e+02 | 75 -0.44428  1.41079e+01
 76 -3.54773 -1.58972e+00 | 77  2.26321 -6.01162e-01 | 78  0.33116  7.13099e-02
 79 -1.01048 -1.59425e-03 |
79 variables; iteration 1920; function evaluation 2182; phase 3
Function value -1.0563773e+02; maximum gradient component mag -4.6818e+01
Var    Value     Gradient |Var    Value     Gradient |Var    Value     Gradient
  1  0.01803 -4.68175e+01 |  2 -0.00682  8.31886e-02 |  3 -0.00797  9.84391e-02
  4 -0.02418  1.05343e-01 |  5 -0.02551  1.25679e-01 |  6 -0.02704  1.46594e-01
  7 -0.02874  1.72179e-01 |  8 -0.03058  2.00684e-01 |  9 -0.03255  2.29998e-01
 10 -0.03465  2.61986e-01 | 11 -0.03679  2.99089e-01 | 12 -0.03903  3.38355e-01
 13 -0.04119  3.76257e-01 | 14 -0.04348  4.15506e-01 | 15 -0.04687  4.65802e-01
 16 -0.04912  5.10214e-01 | 17 -0.05207  5.82427e-01 | 18 -0.05404  6.42034e-01
 19 -0.05540  6.72897e-01 | 20 -0.05630  7.02065e-01 | 21 -0.05652  7.21820e-01
 22 -0.05523  7.07374e-01 | 23 -0.05534  7.38506e-01 | 24 -0.05566  7.94910e-01
 25 -0.05629  8.75283e-01 | 26 -0.05697  1.03651e+00 | 27 -0.05315  1.23383e+00
 28 -0.03933  1.66110e+00 | 29 -0.00212  2.16987e+00 | 30 -0.03409  1.89042e+00
 31 -0.12471  7.29974e-01 | 32 -0.16273  3.46216e-01 | 33  0.03603  1.94124e-01
 34 -0.14471 -5.23007e-01 | 35 -0.01482 -2.95428e+00 | 36 -0.02602 -4.03237e+00
 37 -0.06702 -3.41786e+00 | 38  0.02684 -7.84137e+00 | 39 -0.05519 -4.05476e+00
 40 -0.04513 -4.31661e+00 | 41 -0.04286 -3.81509e+00 | 42  0.00134 -4.45043e+00
 43 -0.01818 -2.98281e+00 | 44 -0.03683 -1.90708e+00 | 45 -0.04197 -1.31168e+00
 46 -0.03871 -9.17544e-01 | 47 -0.10192 -3.95921e-01 | 48 -0.05256 -3.77832e-01
 49 -0.16051 -6.30075e-02 | 50  0.07341 -1.22220e-01 | 51 -0.12344 -1.00788e-02
 52 -0.04107 -4.15056e-04 | 53 -0.09167  7.04655e-03 | 54 -0.06789  1.33811e-02
 55 -0.03368  2.14082e-02 | 56 -0.09342  1.17059e-02 | 57 -0.05653  1.55067e-02
 58 -0.00504  2.33892e-02 | 59 -0.02038  1.55175e-02 | 60 -0.03136  1.62341e-02
 61 -0.08171  1.02033e-02 | 62 -0.00969  1.98824e-02 | 63 -0.06934  7.14499e-03
 64 -0.12321  4.04859e-03 | 65 -0.05208  7.69235e-03 | 66 -0.12253  6.96357e-03
 67 -0.10003  7.59172e-03 | 68 -0.07229  6.85823e-03 | 69 -0.07639  3.03530e-04
 70 -0.04075  3.92666e-05 | 71 -0.04205 -5.18143e-05 | 72 -0.44697 -1.46744e+00
 73 -0.15498  2.67527e-01 | 74 -0.25942 -1.91555e+01 | 75 -0.43395  1.07453e+00
 76 -3.54644 -6.39260e-02 | 77  2.26080 -6.55099e-02 | 78  0.33116  2.18069e-02
 79 -1.01043 -5.51254e-04 |
79 variables; iteration 1940; function evaluation 2205; phase 3
Function value -1.0563881e+02; maximum gradient component mag -4.4131e+02
Var    Value     Gradient |Var    Value     Gradient |Var    Value     Gradient
  1  0.01803 -4.41312e+02 |  2 -0.00681 -3.61935e-01 |  3 -0.00796 -4.35335e-01
  4 -0.02417 -4.59262e-01 |  5 -0.02549 -5.42006e-01 |  6 -0.02703 -6.41723e-01
  7 -0.02872 -7.50812e-01 |  8 -0.03056 -8.73435e-01 |  9 -0.03253 -1.00777e+00
 10 -0.03463 -1.15103e+00 | 11 -0.03678 -1.30517e+00 | 12 -0.03901 -1.47454e+00
 13 -0.04117 -1.64440e+00 | 14 -0.04346 -1.83126e+00 | 15 -0.04684 -2.03383e+00
 16 -0.04908 -2.26699e+00 | 17 -0.05205 -2.53493e+00 | 18 -0.05402 -2.76751e+00
 19 -0.05538 -2.93011e+00 | 20 -0.05626 -3.05767e+00 | 21 -0.05652 -3.14639e+00
 22 -0.05522 -3.08455e+00 | 23 -0.05531 -3.22680e+00 | 24 -0.05561 -3.47703e+00
 25 -0.05622 -3.85477e+00 | 26 -0.05691 -4.58586e+00 | 27 -0.05314 -5.45841e+00
 28 -0.03971 -6.88991e+00 | 29 -0.00168 -1.06611e+01 | 30 -0.03442 -9.47989e+00
 31 -0.12462 -4.81496e+00 | 32 -0.16277 -3.65045e+00 | 33  0.03611 -2.04798e+01
 34 -0.14503 -5.21266e+00 | 35 -0.01477 -1.45306e+01 | 36 -0.02594 -1.35137e+01
 37 -0.06725 -9.12202e+00 | 38  0.02695 -1.75354e+01 | 39 -0.05533 -8.20635e+00
 40 -0.04510 -8.20605e+00 | 41 -0.04293 -7.08827e+00 | 42  0.00137 -8.21600e+00
 43 -0.01818 -5.66153e+00 | 44 -0.03684 -3.91486e+00 | 45 -0.04200 -3.00698e+00
 46 -0.03867 -2.41070e+00 | 47 -0.10197 -1.17176e+00 | 48 -0.05245 -1.23313e+00
 49 -0.16107 -2.70930e-01 | 50  0.07359 -1.96690e-01 | 51 -0.12415  3.06104e-02
 52 -0.04090  1.23685e-01 | 53 -0.09185  1.04831e-01 | 54 -0.06784  1.34299e-01
 55 -0.03364  1.83702e-01 | 56 -0.09349  1.08742e-01 | 57 -0.05649  1.42790e-01
 58 -0.00499  2.03717e-01 | 59 -0.02038  1.71560e-01 | 60 -0.03134  1.52267e-01
 61 -0.08174  1.01746e-01 | 62 -0.00960  1.78567e-01 | 63 -0.06943  1.03509e-01
 64 -0.12318  6.68690e-02 | 65 -0.05200  1.17130e-01 | 66 -0.12258  6.22746e-02
 67 -0.09998  5.83478e-02 | 68 -0.07222  4.54114e-02 | 69 -0.07641  5.91173e-03
 70 -0.04074  4.69824e-05 | 71 -0.04204  1.89627e-05 | 72 -0.44698 -5.92208e+00
 73 -0.15496  1.30104e+00 | 74 -0.25874 -1.25399e+02 | 75 -0.42393  8.63747e+00
 76 -3.54566 -9.65909e-01 | 77  2.25935 -3.59374e-01 | 78  0.33116  1.52414e-02
 79 -1.01041 -8.35802e-05 |
79 variables; iteration 1960; function evaluation 2230; phase 3
Function value -1.0563925e+02; maximum gradient component mag -1.3097e+02
Var    Value     Gradient |Var    Value     Gradient |Var    Value     Gradient
  1  0.01803 -1.30970e+02 |  2 -0.00680 -1.05327e-01 |  3 -0.00795 -1.26294e-01
  4 -0.02416 -1.33129e-01 |  5 -0.02549 -1.57532e-01 |  6 -0.02701 -1.86269e-01
  7 -0.02871 -2.17855e-01 |  8 -0.03055 -2.53793e-01 |  9 -0.03252 -2.92883e-01
 10 -0.03462 -3.34138e-01 | 11 -0.03676 -3.78341e-01 | 12 -0.03899 -4.28274e-01
 13 -0.04115 -4.77540e-01 | 14 -0.04343 -5.31152e-01 | 15 -0.04683 -5.91367e-01
 16 -0.04905 -6.57789e-01 | 17 -0.05203 -7.35872e-01 | 18 -0.05401 -8.03411e-01
 19 -0.05536 -8.50315e-01 | 20 -0.05626 -8.88717e-01 | 21 -0.05649 -9.12408e-01
 22 -0.05521 -8.95541e-01 | 23 -0.05531 -9.37859e-01 | 24 -0.05564 -1.01178e+00
 25 -0.05624 -1.12065e+00 | 26 -0.05689 -1.32865e+00 | 27 -0.05305 -1.57822e+00
 28 -0.03968 -1.99275e+00 | 29 -0.00166 -3.08781e+00 | 30 -0.03443 -2.73051e+00
 31 -0.12474 -1.39919e+00 | 32 -0.16281 -1.06118e+00 | 33  0.03618 -5.98987e+00
 34 -0.14533 -1.52704e+00 | 35 -0.01472 -4.29308e+00 | 36 -0.02587 -4.02001e+00
 37 -0.06744 -2.72028e+00 | 38  0.02704 -5.31174e+00 | 39 -0.05546 -2.49985e+00
 40 -0.04508 -2.53490e+00 | 41 -0.04298 -2.20772e+00 | 42  0.00140 -2.58763e+00
 43 -0.01817 -1.78928e+00 | 44 -0.03685 -1.23855e+00 | 45 -0.04203 -9.43240e-01
 46 -0.03865 -7.47068e-01 | 47 -0.10201 -3.48826e-01 | 48 -0.05237 -3.44420e-01
 49 -0.16152 -6.20426e-02 | 50  0.07375 -2.55223e-02 | 51 -0.12484  1.12863e-02
 52 -0.04074  3.78991e-02 | 53 -0.09202  2.89166e-02 | 54 -0.06778  3.86165e-02
 55 -0.03361  5.02231e-02 | 56 -0.09356  3.11388e-02 | 57 -0.05645  4.13679e-02
 58 -0.00494  5.83065e-02 | 59 -0.02039  4.92079e-02 | 60 -0.03134  4.33695e-02
 61 -0.08176  2.97021e-02 | 62 -0.00952  5.21302e-02 | 63 -0.06952  2.97934e-02
 64 -0.12316  1.99138e-02 | 65 -0.05193  3.40057e-02 | 66 -0.12263  1.68871e-02
 67 -0.09993  1.65271e-02 | 68 -0.07215  1.21071e-02 | 69 -0.07643  1.37945e-03
 70 -0.04073  3.43316e-05 | 71 -0.04203  1.51266e-05 | 72 -0.44696 -1.77799e+00
 73 -0.15492  3.89156e-01 | 74 -0.25810 -3.59245e+01 | 75 -0.41502  2.60562e+00
 76 -3.54448 -2.81517e-01 | 77  2.25721 -1.06727e-01 | 78  0.33116  5.80842e-03
 79 -1.01040 -7.32495e-05 |
  ic > imax  in fminim is answer attained ?
Var    Value     Gradient |Var    Value     Gradient |Var    Value     Gradient
  1  0.01803 -1.34574e-03 |  2 -0.00680  1.53740e-05 |  3 -0.00795  1.87883e-05
  4 -0.02416  2.05195e-05 |  5 -0.02549  2.42118e-05 |  6 -0.02701  2.82674e-05
  7 -0.02871  3.27449e-05 |  8 -0.03055  3.82439e-05 |  9 -0.03251  4.38872e-05
 10 -0.03461  4.98496e-05 | 11 -0.03676  5.76343e-05 | 12 -0.03899  6.44834e-05
 13 -0.04114  7.20447e-05 | 14 -0.04343  7.99489e-05 | 15 -0.04683  8.86028e-05
 16 -0.04904  9.81715e-05 | 17 -0.05202  1.11404e-04 | 18 -0.05401  1.21788e-04
 19 -0.05535  1.28279e-04 | 20 -0.05626  1.33050e-04 | 21 -0.05649  1.38057e-04
 22 -0.05520  1.35142e-04 | 23 -0.05531  1.40445e-04 | 24 -0.05563  1.50288e-04
 25 -0.05624  1.65679e-04 | 26 -0.05689  1.96346e-04 | 27 -0.05305  2.29346e-04
 28 -0.03969  2.83759e-04 | 29 -0.00161  4.10994e-04 | 30 -0.03447  3.29421e-04
 31 -0.12475  1.36813e-04 | 32 -0.16282  7.37523e-05 | 33  0.03620  1.54205e-04
 34 -0.14544 -3.76692e-05 | 35 -0.01470 -3.04837e-04 | 36 -0.02585 -4.56661e-04
 37 -0.06751 -3.98393e-04 | 38  0.02707 -9.24404e-04 | 39 -0.05550 -4.74192e-04
 40 -0.04507 -4.89298e-04 | 41 -0.04300 -4.17954e-04 | 42  0.00141 -4.60663e-04
 43 -0.01817 -2.84357e-04 | 44 -0.03685 -1.63925e-04 | 45 -0.04204 -9.23016e-05
 46 -0.03864 -4.29173e-05 | 47 -0.10203 -5.09103e-06 | 48 -0.05233  1.47971e-05
 49 -0.16169  1.32844e-05 | 50  0.07380  1.95676e-05 | 51 -0.12507  2.26614e-06
 52 -0.04069  6.57690e-07 | 53 -0.09208 -8.44931e-07 | 54 -0.06776 -6.18859e-07
 55 -0.03360 -1.66374e-06 | 56 -0.09359 -6.31621e-07 | 57 -0.05643 -1.28329e-06
 58 -0.00492 -2.20808e-06 | 59 -0.02039 -1.97118e-06 | 60 -0.03133 -1.53125e-06
 61 -0.08176 -9.83441e-07 | 62 -0.00949 -8.01998e-07 | 63 -0.06954 -1.07267e-06
 64 -0.12315 -2.00701e-07 | 65 -0.05190 -1.49110e-06 | 66 -0.12264 -1.69347e-06
 67 -0.09991 -1.53641e-06 | 68 -0.07213 -1.71272e-06 | 69 -0.07644 -6.26713e-07
 70 -0.04073  1.87256e-08 | 71 -0.04202  1.52856e-08 | 72 -0.44696 -1.25780e-04
 73 -0.15491  2.02119e-05 | 74 -0.25788 -8.60762e-04 | 75 -0.41209  5.60137e-05
 76 -3.54405 -7.07567e-06 | 77  2.25643 -9.07470e-06 | 78  0.33116  6.24088e-06
 79 -1.01040 -9.60097e-08 |
Function minimizer not making progress ... is minimum attained?
Minimprove criterion = 0.0000e+00

 - final statistics:
79 variables; iteration 1979; function evaluation 2280
Function value -1.0564e+02; maximum gradient component mag -1.3457e-03
Exit code = 1;  converg criter 1.0000e-04
Var    Value     Gradient |Var    Value     Gradient |Var    Value     Gradient
  1  0.01803 -1.34574e-03 |  2 -0.00680  1.53740e-05 |  3 -0.00795  1.87883e-05
  4 -0.02416  2.05195e-05 |  5 -0.02549  2.42118e-05 |  6 -0.02701  2.82674e-05
  7 -0.02871  3.27449e-05 |  8 -0.03055  3.82439e-05 |  9 -0.03251  4.38872e-05
 10 -0.03461  4.98496e-05 | 11 -0.03676  5.76343e-05 | 12 -0.03899  6.44834e-05
 13 -0.04114  7.20447e-05 | 14 -0.04343  7.99489e-05 | 15 -0.04683  8.86028e-05
 16 -0.04904  9.81715e-05 | 17 -0.05202  1.11404e-04 | 18 -0.05401  1.21788e-04
 19 -0.05535  1.28279e-04 | 20 -0.05626  1.33050e-04 | 21 -0.05649  1.38057e-04
 22 -0.05520  1.35142e-04 | 23 -0.05531  1.40445e-04 | 24 -0.05563  1.50288e-04
 25 -0.05624  1.65679e-04 | 26 -0.05689  1.96346e-04 | 27 -0.05305  2.29346e-04
 28 -0.03969  2.83759e-04 | 29 -0.00161  4.10994e-04 | 30 -0.03447  3.29421e-04
 31 -0.12475  1.36813e-04 | 32 -0.16282  7.37523e-05 | 33  0.03620  1.54205e-04
 34 -0.14544 -3.76692e-05 | 35 -0.01470 -3.04837e-04 | 36 -0.02585 -4.56661e-04
 37 -0.06751 -3.98393e-04 | 38  0.02707 -9.24404e-04 | 39 -0.05550 -4.74192e-04
 40 -0.04507 -4.89298e-04 | 41 -0.04300 -4.17954e-04 | 42  0.00141 -4.60663e-04
 43 -0.01817 -2.84357e-04 | 44 -0.03685 -1.63925e-04 | 45 -0.04204 -9.23016e-05
 46 -0.03864 -4.29173e-05 | 47 -0.10203 -5.09103e-06 | 48 -0.05233  1.47971e-05
 49 -0.16169  1.32844e-05 | 50  0.07380  1.95676e-05 | 51 -0.12507  2.26614e-06
 52 -0.04069  6.57690e-07 | 53 -0.09208 -8.44931e-07 | 54 -0.06776 -6.18859e-07
 55 -0.03360 -1.66374e-06 | 56 -0.09359 -6.31621e-07 | 57 -0.05643 -1.28329e-06
 58 -0.00492 -2.20808e-06 | 59 -0.02039 -1.97118e-06 | 60 -0.03133 -1.53125e-06
 61 -0.08176 -9.83441e-07 | 62 -0.00949 -8.01998e-07 | 63 -0.06954 -1.07267e-06
 64 -0.12315 -2.00701e-07 | 65 -0.05190 -1.49110e-06 | 66 -0.12264 -1.69347e-06
 67 -0.09991 -1.53641e-06 | 68 -0.07213 -1.71272e-06 | 69 -0.07644 -6.26713e-07
 70 -0.04073  1.87256e-08 | 71 -0.04202  1.52856e-08 | 72 -0.44696 -1.25780e-04
 73 -0.15491  2.02119e-05 | 74 -0.25788 -8.60762e-04 | 75 -0.41209  5.60137e-05
 76 -3.54405 -7.07567e-06 | 77  2.25643 -9.07470e-06 | 78  0.33116  6.24088e-06
 79 -1.01040 -9.60097e-08 |

Initial statistics: 85 variables; iteration 0; function evaluation 0; phase 4
Function value -1.0563929e+02; maximum gradient component mag -1.3454e-03
Var    Value     Gradient |Var    Value     Gradient |Var    Value     Gradient
  1  0.01803 -1.34543e-03 |  2 -0.00680  1.53743e-05 |  3 -0.00795  1.87887e-05
  4 -0.02416  2.05199e-05 |  5 -0.02549  2.42121e-05 |  6 -0.02701  2.82678e-05
  7 -0.02871  3.27455e-05 |  8 -0.03055  3.82445e-05 |  9 -0.03251  4.38879e-05
 10 -0.03461  4.98504e-05 | 11 -0.03676  5.76352e-05 | 12 -0.03899  6.44845e-05
 13 -0.04114  7.20458e-05 | 14 -0.04343  7.99502e-05 | 15 -0.04683  8.86042e-05
 16 -0.04904  9.81731e-05 | 17 -0.05202  1.11405e-04 | 18 -0.05401  1.21790e-04
 19 -0.05535  1.28281e-04 | 20 -0.05626  1.33052e-04 | 21 -0.05649  1.38060e-04
 22 -0.05520  1.35144e-04 | 23 -0.05531  1.40448e-04 | 24 -0.05563  1.50291e-04
 25 -0.05624  1.65682e-04 | 26 -0.05689  1.96349e-04 | 27 -0.05305  2.29350e-04
 28 -0.03969  2.83764e-04 | 29 -0.00161  4.11001e-04 | 30 -0.03447  3.29428e-04
 31 -0.12475  1.36817e-04 | 32 -0.16282  7.37548e-05 | 33  0.03620  1.54219e-04
 34 -0.14544 -3.76656e-05 | 35 -0.01470 -3.04827e-04 | 36 -0.02585 -4.56651e-04
 37 -0.06751 -3.98387e-04 | 38  0.02707 -9.24391e-04 | 39 -0.05550 -4.74186e-04
 40 -0.04507 -4.89293e-04 | 41 -0.04300 -4.17949e-04 | 42  0.00141 -4.60657e-04
 43 -0.01817 -2.84353e-04 | 44 -0.03685 -1.63922e-04 | 45 -0.04204 -9.22993e-05
 46 -0.03864 -4.29154e-05 | 47 -0.10203 -5.09018e-06 | 48 -0.05233  1.47980e-05
 49 -0.16169  1.32846e-05 | 50  0.07380  1.95677e-05 | 51 -0.12507  2.26611e-06
 52 -0.04069  6.57593e-07 | 53 -0.09208 -8.45007e-07 | 54 -0.06776 -6.18958e-07
 55 -0.03360 -1.66387e-06 | 56 -0.09359 -6.31697e-07 | 57 -0.05643 -1.28339e-06
 58 -0.00492 -2.20822e-06 | 59 -0.02039 -1.97129e-06 | 60 -0.03133 -1.53135e-06
 61 -0.08176 -9.83512e-07 | 62 -0.00949 -8.02120e-07 | 63 -0.06954 -1.07274e-06
 64 -0.12315 -2.00748e-07 | 65 -0.05190 -1.49118e-06 | 66 -0.12264 -1.69352e-06
 67 -0.09991 -1.53645e-06 | 68 -0.07213 -1.71275e-06 | 69 -0.07644 -6.26718e-07
 70 -0.04073  1.87256e-08 | 71 -0.04202  1.52856e-08 | 72  0.00000 -6.30180e-10
 73  0.00000 -1.81048e-10 | 74  0.00000 -2.68782e-12 | 75  0.00000 -6.36897e-14
 76  0.00000  0.00000e+00 | 77  0.00000  0.00000e+00 | 78 -0.44696 -1.25776e-04
 79 -0.15491  2.02110e-05 | 80 -0.25788 -8.60679e-04 | 81 -0.41209  5.60075e-05
 82  0.45595 -7.07502e-06 | 83 -0.25643  9.07446e-06 | 84  0.33116  6.24088e-06
 85 -0.98960  9.60100e-08 |
  ic > imax  in fminim is answer attained ?
Var    Value     Gradient |Var    Value     Gradient |Var    Value     Gradient
  1  0.01803 -1.34543e-03 |  2 -0.00680  1.53743e-05 |  3 -0.00795  1.87887e-05
  4 -0.02416  2.05199e-05 |  5 -0.02549  2.42121e-05 |  6 -0.02701  2.82678e-05
  7 -0.02871  3.27455e-05 |  8 -0.03055  3.82445e-05 |  9 -0.03251  4.38879e-05
 10 -0.03461  4.98504e-05 | 11 -0.03676  5.76352e-05 | 12 -0.03899  6.44845e-05
 13 -0.04114  7.20458e-05 | 14 -0.04343  7.99502e-05 | 15 -0.04683  8.86042e-05
 16 -0.04904  9.81731e-05 | 17 -0.05202  1.11405e-04 | 18 -0.05401  1.21790e-04
 19 -0.05535  1.28281e-04 | 20 -0.05626  1.33052e-04 | 21 -0.05649  1.38060e-04
 22 -0.05520  1.35144e-04 | 23 -0.05531  1.40448e-04 | 24 -0.05563  1.50291e-04
 25 -0.05624  1.65682e-04 | 26 -0.05689  1.96349e-04 | 27 -0.05305  2.29350e-04
 28 -0.03969  2.83764e-04 | 29 -0.00161  4.11001e-04 | 30 -0.03447  3.29428e-04
 31 -0.12475  1.36817e-04 | 32 -0.16282  7.37548e-05 | 33  0.03620  1.54219e-04
 34 -0.14544 -3.76656e-05 | 35 -0.01470 -3.04827e-04 | 36 -0.02585 -4.56651e-04
 37 -0.06751 -3.98387e-04 | 38  0.02707 -9.24391e-04 | 39 -0.05550 -4.74186e-04
 40 -0.04507 -4.89293e-04 | 41 -0.04300 -4.17949e-04 | 42  0.00141 -4.60657e-04
 43 -0.01817 -2.84353e-04 | 44 -0.03685 -1.63922e-04 | 45 -0.04204 -9.22993e-05
 46 -0.03864 -4.29154e-05 | 47 -0.10203 -5.09018e-06 | 48 -0.05233  1.47980e-05
 49 -0.16169  1.32846e-05 | 50  0.07380  1.95677e-05 | 51 -0.12507  2.26611e-06
 52 -0.04069  6.57593e-07 | 53 -0.09208 -8.45007e-07 | 54 -0.06776 -6.18958e-07
 55 -0.03360 -1.66387e-06 | 56 -0.09359 -6.31697e-07 | 57 -0.05643 -1.28339e-06
 58 -0.00492 -2.20822e-06 | 59 -0.02039 -1.97129e-06 | 60 -0.03133 -1.53135e-06
 61 -0.08176 -9.83512e-07 | 62 -0.00949 -8.02120e-07 | 63 -0.06954 -1.07274e-06
 64 -0.12315 -2.00748e-07 | 65 -0.05190 -1.49118e-06 | 66 -0.12264 -1.69352e-06
 67 -0.09991 -1.53645e-06 | 68 -0.07213 -1.71275e-06 | 69 -0.07644 -6.26718e-07
 70 -0.04073  1.87256e-08 | 71 -0.04202  1.52856e-08 | 72  0.00000 -6.30180e-10
 73  0.00000 -1.81048e-10 | 74  0.00000 -2.68782e-12 | 75  0.00000 -6.36897e-14
 76  0.00000  0.00000e+00 | 77  0.00000  0.00000e+00 | 78 -0.44696 -1.25776e-04
 79 -0.15491  2.02110e-05 | 80 -0.25788 -8.60679e-04 | 81 -0.41209  5.60075e-05
 82  0.45595 -7.07502e-06 | 83 -0.25643  9.07446e-06 | 84  0.33116  6.24088e-06
 85 -0.98960  9.60100e-08 |
Function minimizer not making progress ... is minimum attained?
Minimprove criterion = 0.0000e+00
Warning: the following parameters had issues
  selparm[21] is within 0.1% of lower bound: -4.0000e+00 < -3.9989e+00 < 1.2000e+01


 - final statistics:
85 variables; iteration 1; function evaluation 30
Function value -1.0564e+02; maximum gradient component mag -1.3454e-03
Exit code = 1;  converg criter 1.0000e-04
Var    Value     Gradient |Var    Value     Gradient |Var    Value     Gradient
  1  0.01803 -1.34543e-03 |  2 -0.00680  1.53743e-05 |  3 -0.00795  1.87887e-05
  4 -0.02416  2.05199e-05 |  5 -0.02549  2.42121e-05 |  6 -0.02701  2.82678e-05
  7 -0.02871  3.27455e-05 |  8 -0.03055  3.82445e-05 |  9 -0.03251  4.38879e-05
 10 -0.03461  4.98504e-05 | 11 -0.03676  5.76352e-05 | 12 -0.03899  6.44845e-05
 13 -0.04114  7.20458e-05 | 14 -0.04343  7.99502e-05 | 15 -0.04683  8.86042e-05
 16 -0.04904  9.81731e-05 | 17 -0.05202  1.11405e-04 | 18 -0.05401  1.21790e-04
 19 -0.05535  1.28281e-04 | 20 -0.05626  1.33052e-04 | 21 -0.05649  1.38060e-04
 22 -0.05520  1.35144e-04 | 23 -0.05531  1.40448e-04 | 24 -0.05563  1.50291e-04
 25 -0.05624  1.65682e-04 | 26 -0.05689  1.96349e-04 | 27 -0.05305  2.29350e-04
 28 -0.03969  2.83764e-04 | 29 -0.00161  4.11001e-04 | 30 -0.03447  3.29428e-04
 31 -0.12475  1.36817e-04 | 32 -0.16282  7.37548e-05 | 33  0.03620  1.54219e-04
 34 -0.14544 -3.76656e-05 | 35 -0.01470 -3.04827e-04 | 36 -0.02585 -4.56651e-04
 37 -0.06751 -3.98387e-04 | 38  0.02707 -9.24391e-04 | 39 -0.05550 -4.74186e-04
 40 -0.04507 -4.89293e-04 | 41 -0.04300 -4.17949e-04 | 42  0.00141 -4.60657e-04
 43 -0.01817 -2.84353e-04 | 44 -0.03685 -1.63922e-04 | 45 -0.04204 -9.22993e-05
 46 -0.03864 -4.29154e-05 | 47 -0.10203 -5.09018e-06 | 48 -0.05233  1.47980e-05
 49 -0.16169  1.32846e-05 | 50  0.07380  1.95677e-05 | 51 -0.12507  2.26611e-06
 52 -0.04069  6.57593e-07 | 53 -0.09208 -8.45007e-07 | 54 -0.06776 -6.18958e-07
 55 -0.03360 -1.66387e-06 | 56 -0.09359 -6.31697e-07 | 57 -0.05643 -1.28339e-06
 58 -0.00492 -2.20822e-06 | 59 -0.02039 -1.97129e-06 | 60 -0.03133 -1.53135e-06
 61 -0.08176 -9.83512e-07 | 62 -0.00949 -8.02120e-07 | 63 -0.06954 -1.07274e-06
 64 -0.12315 -2.00748e-07 | 65 -0.05190 -1.49118e-06 | 66 -0.12264 -1.69352e-06
 67 -0.09991 -1.53645e-06 | 68 -0.07213 -1.71275e-06 | 69 -0.07644 -6.26718e-07
 70 -0.04073  1.87256e-08 | 71 -0.04202  1.52856e-08 | 72  0.00000 -6.30180e-10
 73  0.00000 -1.81048e-10 | 74  0.00000 -2.68782e-12 | 75  0.00000 -6.36897e-14
 76  0.00000  0.00000e+00 | 77  0.00000  0.00000e+00 | 78 -0.44696 -1.25776e-04
 79 -0.15491  2.02110e-05 | 80 -0.25788 -8.60679e-04 | 81 -0.41209  5.60075e-05
 82  0.45595 -7.07502e-06 | 83 -0.25643  9.07446e-06 | 84  0.33116  6.24088e-06
 85 -0.98960  9.60100e-08 |
size of file gradfil1.tmp = 0
size of file gradfil2.tmp = 0
size of file varssave.tmp = 0
size of file cmpdiff.tmp = 0
