
Initial statistics: 75 variables; iteration 0; function evaluation 0; phase 1
Function value 4.0619790e+06; maximum gradient component mag -1.0058e+07
Var    Value     Gradient |Var    Value     Gradient |Var    Value     Gradient
  1 -0.19398 -1.00578e+07 |  2  0.00000 -4.84644e+04 |  3  0.00000 -4.45779e+04
  4  0.00000 -3.91101e+04 |  5  0.00000 -3.17798e+04 |  6  0.00000 -3.24438e+04
  7  0.00000 -3.03212e+04 |  8  0.00000 -7.03352e+04 |  9  0.00000 -1.05093e+05
 10  0.00000 -1.21252e+05 | 11  0.00000 -1.16882e+05 | 12  0.00000 -1.15960e+05
 13  0.00000 -1.20430e+05 | 14  0.00000 -1.17544e+05 | 15  0.00000 -1.17753e+05
 16  0.00000 -1.13734e+05 | 17  0.00000 -1.11405e+05 | 18  0.00000 -1.07293e+05
 19  0.00000 -1.09789e+05 | 20  0.00000  8.93613e+04 | 21  0.00000  1.31928e+05
 22  0.00000  1.32726e+05 | 23  0.00000  1.16381e+05 | 24  0.00000  1.06502e+05
 25  0.00000  8.71277e+04 | 26  0.00000  7.80017e+04 | 27  0.00000  6.68512e+04
 28  0.00000  6.46862e+04 | 29  0.00000  4.08111e+04 | 30  0.00000  3.35885e+04
 31  0.00000  3.53027e+04 | 32  0.00000  3.33853e+04 | 33  0.00000 -9.77915e+04
 34  0.00000 -1.04031e+05 | 35  0.00000 -6.28650e+04 | 36  0.00000 -1.23922e+05
 37  0.00000 -1.25179e+05 | 38  0.00000 -1.20448e+05 | 39  0.00000 -1.21307e+05
 40  0.00000 -8.55315e+04 | 41  0.00000 -8.26696e+04 | 42  0.00000 -8.41124e+04
 43  0.00000 -1.01511e+05 | 44  0.00000 -1.04603e+05 | 45  0.00000 -1.38901e+05
 46  0.00000 -1.64708e+05 | 47  0.00000 -1.34867e+05 | 48  0.00000 -1.04038e+05
 49  0.00000 -1.00025e+05 | 50  0.00000 -7.81008e+04 | 51  0.00000 -1.29065e+05
 52  0.00000 -1.76362e+05 | 53  0.00000 -1.51597e+05 | 54  0.00000 -1.50041e+05
 55  0.00000 -1.26960e+05 | 56  0.00000 -1.04425e+05 | 57  0.00000 -1.07666e+05
 58  0.00000 -1.08867e+05 | 59  0.00000 -1.01482e+05 | 60  0.00000 -1.16480e+05
 61  0.00000 -1.22421e+05 | 62  0.00000 -1.08637e+05 | 63  0.00000 -1.14021e+05
 64  0.00000 -1.29950e+05 | 65  0.00000 -1.15780e+05 | 66  0.00000 -1.08227e+05
 67  0.00000 -8.69579e+04 | 68  0.00000 -7.51892e+04 | 69  0.00000 -5.33690e+04
 70  0.00000 -3.73856e+04 | 71  0.00000 -1.59491e+04 | 72  0.00000  7.99678e+03
 73  0.00000  1.95378e+04 | 74  0.00000 -1.49100e+03 | 75  0.00000  2.18917e+02

Intermediate statistics: 75 variables; iteration 20; function evaluation 41; phase 1
Function value 7.5701795e+02; maximum gradient component mag -7.2340e+02
Var    Value     Gradient |Var    Value     Gradient |Var    Value     Gradient
  1  0.03420  6.38859e+02 |  2  0.04542  9.10085e+00 |  3  0.02985  9.29905e+00
  4  0.02820  8.78862e+00 |  5  0.02556  8.05709e+00 |  6  0.02915  8.71707e+00
  7  0.03147  9.01708e+00 |  8  0.06584  1.62042e+01 |  9  0.09936  2.24534e+01
 10  0.12093  2.55373e+01 | 11  0.12315  2.56909e+01 | 12  0.12498  2.66853e+01
 13  0.13001  2.87160e+01 | 14  0.13087  2.97960e+01 | 15  0.14033  3.09893e+01
 16  0.14987  3.13913e+01 | 17  0.16354  3.12292e+01 | 18  0.16014  3.24452e+01
 19  0.15859  3.43422e+01 | 20  0.03752  1.19551e+01 | 21  0.00843  8.56199e+00
 22  0.00453  1.30329e+01 | 23  0.00291  2.06628e+01 | 24 -0.01434  2.44929e+01
 25 -0.04031  2.47567e+01 | 26 -0.07591  1.89955e+01 | 27 -0.11385  1.03946e+01
 28 -0.14579  3.76137e+00 | 29 -0.15468  7.13847e+00 | 30 -0.08656  5.42692e+01
 31  0.02764  1.56936e+02 | 32  0.02725  1.19854e+02 | 33 -0.29772 -5.58076e+01
 34  0.04430 -7.30628e+01 | 35 -0.03998 -4.23516e+01 | 36 -0.04072  2.12543e+01
 37  0.06258  1.95028e+01 | 38 -0.13022 -9.35719e+01 | 39 -0.14773 -7.26278e+01
 40 -0.06314  2.05212e+01 | 41  0.00569  2.24192e+02 | 42  0.01053  3.99827e+02
 43 -0.07116  2.94061e+02 | 44 -0.11148  2.37433e+02 | 45 -0.06186  3.21236e+02
 46 -0.06269  1.21220e+02 | 47 -0.51949 -7.47688e+01 | 48 -0.12680 -5.91256e+01
 49  0.11691 -7.23398e+02 | 50  0.07640 -2.97235e+02 | 51 -0.23026 -5.97869e+01
 52  0.01552  6.23377e+00 | 53  0.04411  2.11048e+02 | 54  0.10069  2.73378e+02
 55 -0.17440 -3.71543e+01 | 56 -0.05522 -5.40424e+01 | 57  0.12382 -5.36592e+01
 58  0.07742 -7.45480e+01 | 59 -0.42431 -7.67661e+01 | 60  0.01304 -1.01392e+02
 61  0.12001 -3.76152e+01 | 62 -0.18355 -3.22923e+01 | 63 -0.12948 -1.90649e+01
 64  0.08446 -7.56316e+01 | 65 -0.22498 -7.28736e+01 | 66 -0.17500 -8.82332e+01
 67 -0.02710 -8.69177e+01 | 68  0.15932 -2.27703e+01 | 69  0.00226 -2.20371e+01
 70 -0.44146 -7.72809e+01 | 71 -0.29179 -7.61434e+01 | 72 -0.01783 -6.11056e+01
 73 -0.02991 -3.57466e+00 | 74 -0.01589  3.00230e-01 | 75 -0.01720  4.15411e-02
75 variables; iteration 40; function evaluation 67; phase 1
Function value 6.8753451e+02; maximum gradient component mag 3.7989e+02
Var    Value     Gradient |Var    Value     Gradient |Var    Value     Gradient
  1  0.03855 -3.20296e+02 |  2  0.02224  3.97257e+00 |  3  0.01156  5.23693e+00
  4  0.01125  5.00529e+00 |  5  0.01065  4.69813e+00 |  6  0.01328  5.11297e+00
  7  0.01542  5.36130e+00 |  8  0.03325  9.06523e+00 |  9  0.04883  1.20554e+01
 10  0.05875  1.36225e+01 | 11  0.06285  1.44802e+01 | 12  0.06527  1.58301e+01
 13  0.07042  1.81187e+01 | 14  0.07637  2.05663e+01 | 15  0.08908  2.35776e+01
 16  0.10545  2.68764e+01 | 17  0.12687  3.01727e+01 | 18  0.14515  3.66011e+01
 19  0.18726  4.93790e+01 | 20  0.02564  1.32460e+01 | 21 -0.00279  9.80349e+00
 22 -0.01265  1.26246e+01 | 23 -0.02533  1.57491e+01 | 24 -0.05002  1.48633e+01
 25 -0.07056  1.57570e+01 | 26 -0.08796  1.74724e+01 | 27 -0.10369  1.83734e+01
 28 -0.12230  1.41085e+01 | 29 -0.13143  7.15083e+00 | 30 -0.21256 -3.69569e+01
 31 -0.02295 -3.96928e+01 | 32  0.01523 -7.32979e+01 | 33 -0.15675 -4.94591e+01
 34  0.01979 -2.73855e+02 | 35 -0.10107 -1.73378e+02 | 36 -0.05566 -1.46819e+02
 37  0.03631 -1.48166e+02 | 38 -0.11666 -8.66757e+01 | 39 -0.10304 -5.24889e+01
 40 -0.11582  1.94213e+01 | 41 -0.00198  2.41906e+02 | 42 -0.01013  3.79895e+02
 43 -0.07559  3.18797e+02 | 44 -0.11296  2.40607e+02 | 45 -0.08217  2.05850e+02
 46 -0.08611 -4.16850e+01 | 47 -0.42571 -7.96374e+01 | 48 -0.18609 -3.88565e+01
 49  0.11497 -3.29495e+02 | 50  0.01770 -5.78125e+01 | 51 -0.18260 -2.50479e+01
 52  0.04339  9.61519e+01 | 53 -0.04312  3.39838e+01 | 54  0.05369  3.09184e+00
 55 -0.10061 -3.98312e+01 | 56 -0.03045 -7.01069e+01 | 57  0.09170 -2.25237e+02
 58  0.02248 -2.28900e+02 | 59 -0.31721 -7.89223e+01 | 60  0.02623 -1.40050e+02
 61  0.08061 -5.77900e+01 | 62 -0.16096 -3.89356e+01 | 63 -0.15080 -4.42697e+01
 64  0.04731 -7.80550e+01 | 65 -0.31440 -6.39786e+01 | 66 -0.06127 -1.16437e+01
 67 -0.06870  5.45168e+00 | 68  0.12744  1.64551e+02 | 69 -0.08283  7.62123e+01
 70 -0.17558  3.90445e+01 | 71 -0.05168  1.29718e+02 | 72  0.01961  7.42634e+01
 73 -0.02126 -5.68537e-03 | 74 -0.01520  9.85464e-01 | 75 -0.01594  8.38656e-01
75 variables; iteration 60; function evaluation 94; phase 1
Function value 6.5562621e+02; maximum gradient component mag 3.1156e+02
Var    Value     Gradient |Var    Value     Gradient |Var    Value     Gradient
  1  0.02646  2.04419e+02 |  2  0.00323 -4.16671e-01 |  3 -0.00220  2.09913e+00
  4 -0.00428  1.49108e+00 |  5 -0.00431  1.36808e+00 |  6  0.00165  2.64570e+00
  7  0.01143  4.79614e+00 |  8  0.02784  8.44353e+00 |  9  0.03463  9.88122e+00
 10  0.02282  7.12701e+00 | 11  0.03326  9.78618e+00 | 12  0.06106  1.70524e+01
 13  0.09275  2.59231e+01 | 14  0.10117  2.98741e+01 | 15  0.09360  2.90300e+01
 16  0.05339  1.93186e+01 | 17  0.16536  4.83781e+01 | 18  0.23353  7.29406e+01
 19  0.21055  7.36036e+01 | 20  0.03515  2.16306e+01 | 21 -0.02164  7.93920e+00
 22  0.01248  2.60131e+01 | 23 -0.04336  1.12972e+01 | 24 -0.01882  3.14187e+01
 25 -0.06277  2.03648e+01 | 26 -0.07787  2.28718e+01 | 27 -0.08899  2.65465e+01
 28 -0.10771  2.32615e+01 | 29 -0.10043  2.89631e+01 | 30 -0.07439  2.46835e+01
 31 -0.04271 -4.28564e+00 | 32  0.04050  1.32973e+01 | 33 -0.09732  3.76469e+00
 34  0.01822 -6.62591e+01 | 35 -0.01435 -1.18805e+02 | 36 -0.07113 -4.70255e+01
 37  0.05569  2.33014e+01 | 38 -0.06667 -6.28717e-01 | 39 -0.08895  2.93820e+01
 40 -0.08381  9.38415e+01 | 41  0.02728  3.11564e+02 | 42  0.00548  2.80881e+02
 43 -0.05507  2.05680e+02 | 44 -0.09546  1.36138e+02 | 45 -0.06765  1.04571e+02
 46 -0.07434 -2.55177e+01 | 47 -0.24677 -5.35357e+01 | 48 -0.11718  5.12244e+01
 49  0.13259 -8.91406e+01 | 50  0.04300 -5.88946e+01 | 51 -0.12634 -3.55193e+01
 52  0.04713 -6.61293e+01 | 53 -0.03273 -2.09433e+01 | 54  0.07836  1.63000e+01
 55 -0.03463 -9.22108e+00 | 56 -0.01984 -5.62365e+01 | 57  0.09372 -1.74372e+02
 58  0.06977 -1.90982e+02 | 59 -0.16446 -7.09235e+01 | 60  0.02152 -9.90998e+01
 61  0.10443 -7.02797e+01 | 62 -0.08615 -2.98176e+01 | 63 -0.24428 -5.80533e+01
 64  0.07783 -1.30100e+02 | 65 -0.22051 -5.77594e+01 | 66 -0.12283 -3.82649e+01
 67  0.02119  1.32070e+01 | 68  0.13580 -5.67240e+01 | 69 -0.04561 -7.95352e+00
 70 -0.16028 -1.66712e+01 | 71 -0.08720 -7.30760e+00 | 72  0.01403  7.59286e+00
 73 -0.00554  3.10411e+00 | 74 -0.03379 -3.92389e+00 | 75 -0.03272 -3.61249e+00
Maximum number of function evaluations exceeded

 - final statistics:
75 variables; iteration 65; function evaluation 100
Function value 6.5015e+02; maximum gradient component mag 6.5262e+02
Exit code = 3;  converg criter 1.0000e+01
Var    Value     Gradient |Var    Value     Gradient |Var    Value     Gradient
  1  0.02553  6.52619e+02 |  2  0.01586  2.48673e+00 |  3  0.00477  3.57919e+00
  4  0.00252  2.89856e+00 |  5  0.00026  2.22324e+00 |  6 -0.00069  1.82994e+00
  7 -0.00354  9.98804e-01 |  8 -0.00440  5.83114e-01 |  9  0.00259  2.12150e+00
 10  0.05308  1.29878e+01 | 11  0.06021  1.47576e+01 | 12  0.03496  1.02883e+01
 13  0.04035  1.25279e+01 | 14  0.09409  2.61898e+01 | 15  0.12449  3.39740e+01
 16  0.04042  1.42688e+01 | 17  0.16350  4.26178e+01 | 18  0.23193  6.18874e+01
 19  0.21237  6.36952e+01 | 20  0.07267  2.99642e+01 | 21 -0.01811  5.63402e+00
 22  0.02345  2.74434e+01 | 23 -0.04726  6.85260e+00 | 24 -0.04360  1.60762e+01
 25 -0.05332  2.22679e+01 | 26 -0.09715  1.11147e+01 | 27 -0.06966  3.65251e+01
 28 -0.10542  2.27780e+01 | 29 -0.09657  3.03672e+01 | 30 -0.06630  2.87271e+01
 31 -0.03944 -1.38135e+00 | 32  0.04001  2.54907e+01 | 33 -0.08568  1.79259e+01
 34  0.01837 -3.32169e+01 | 35 -0.00897 -9.32157e+01 | 36 -0.06447 -3.52161e+01
 37  0.05460  3.42415e+01 | 38 -0.06180  5.76197e+00 | 39 -0.08818  3.64841e+01
 40 -0.07727  1.08470e+02 | 41  0.02740  3.28819e+02 | 42  0.00750  3.05974e+02
 43 -0.04970  2.33124e+02 | 44 -0.09330  1.52209e+02 | 45 -0.07317  1.25302e+02
 46 -0.06743  2.88960e+01 | 47 -0.21320 -3.25550e+01 | 48 -0.13708  5.35110e+01
 49  0.13903  1.70441e+01 | 50  0.03961 -1.19834e+01 | 51 -0.09839 -2.13730e+01
 52  0.04676 -5.66185e+01 | 53 -0.02996 -3.11226e+01 | 54  0.07808 -1.88741e+01
 55 -0.02594 -1.93937e+01 | 56 -0.02547 -6.17550e+01 | 57  0.10289 -2.01706e+02
 58  0.06108 -1.87035e+02 | 59 -0.14215 -7.07841e+01 | 60  0.03419 -8.95734e+01
 61  0.10271 -6.14021e+01 | 62 -0.07954 -3.22836e+01 | 63 -0.25099 -5.96960e+01
 64  0.07973 -1.30573e+02 | 65 -0.19559 -5.43646e+01 | 66 -0.12849 -3.80596e+01
 67  0.02725  2.48059e+00 | 68  0.13692 -1.20877e+02 | 69 -0.04512 -2.92267e+01
 70 -0.14967 -2.29573e+01 | 71 -0.09336 -1.99349e+01 | 72  0.01167 -3.14018e-01
 73 -0.00198  3.88358e+00 | 74 -0.01930 -3.10149e-01 | 75 -0.01914 -2.25065e-01

Initial statistics: 75 variables; iteration 0; function evaluation 0; phase 2
Function value 6.5015151e+02; maximum gradient component mag 6.7191e+02
Var    Value     Gradient |Var    Value     Gradient |Var    Value     Gradient
  1  0.02553  6.71912e+02 |  2  0.01586  2.49365e+00 |  3  0.00477  3.62411e+00
  4  0.00252  2.91161e+00 |  5  0.00026  2.20454e+00 |  6 -0.00069  1.81406e+00
  7 -0.00354  9.78757e-01 |  8 -0.00440  5.92641e-01 |  9  0.00259  1.99313e+00
 10  0.05308  1.28514e+01 | 11  0.06021  1.45673e+01 | 12  0.03496  9.90243e+00
 13  0.04035  1.21665e+01 | 14  0.09409  2.57421e+01 | 15  0.12449  3.32437e+01
 16  0.04042  1.37781e+01 | 17  0.16350  4.14608e+01 | 18  0.23193  6.02090e+01
 19  0.21237  6.17621e+01 | 20  0.07267  2.87026e+01 | 21 -0.01811  6.25115e+00
 22  0.02345  2.59581e+01 | 23 -0.04726  6.82371e+00 | 24 -0.04360  1.60118e+01
 25 -0.05332  2.16838e+01 | 26 -0.09715  1.01874e+01 | 27 -0.06966  3.56399e+01
 28 -0.10542  2.25814e+01 | 29 -0.09657  2.95709e+01 | 30 -0.06630  2.77404e+01
 31 -0.03944 -3.22883e+00 | 32  0.04001  2.19039e+01 | 33 -0.08568  1.78611e+01
 34  0.01837 -3.10284e+01 | 35 -0.00897 -9.03934e+01 | 36 -0.06447 -3.34102e+01
 37  0.05460  3.77073e+01 | 38 -0.06180  7.16137e+00 | 39 -0.08818  3.70521e+01
 40 -0.07727  1.09326e+02 | 41  0.02740  3.29178e+02 | 42  0.00750  3.06444e+02
 43 -0.04970  2.33063e+02 | 44 -0.09330  1.52241e+02 | 45 -0.07317  1.25509e+02
 46 -0.06743  3.12407e+01 | 47 -0.21320 -3.12308e+01 | 48 -0.13708  5.43409e+01
 49  0.13903  2.50794e+01 | 50  0.03961 -8.87135e+00 | 51 -0.09839 -2.03963e+01
 52  0.04676 -5.55319e+01 | 53 -0.02996 -3.12882e+01 | 54  0.07808 -1.98038e+01
 55 -0.02594 -1.97065e+01 | 56 -0.02547 -6.16606e+01 | 57  0.10289 -2.00529e+02
 58  0.06108 -1.84891e+02 | 59 -0.14215 -7.04784e+01 | 60  0.03419 -8.87709e+01
 61  0.10271 -6.25869e+01 | 62 -0.07954 -3.30285e+01 | 63 -0.25099 -5.99120e+01
 64  0.07973 -1.30527e+02 | 65 -0.19559 -5.39889e+01 | 66 -0.12849 -3.79764e+01
 67  0.02725  1.99297e+00 | 68  0.13692 -1.22960e+02 | 69 -0.04512 -2.98675e+01
 70 -0.14967 -2.31403e+01 | 71 -0.09336 -2.05189e+01 | 72  0.01167 -7.27650e-01
 73 -0.00198  3.87580e+00 | 74 -0.01930 -3.99875e-01 | 75 -0.01914 -3.10872e-01

Intermediate statistics: 75 variables; iteration 20; function evaluation 25; phase 2
Function value 6.0620576e+02; maximum gradient component mag -8.0451e+02
Var    Value     Gradient |Var    Value     Gradient |Var    Value     Gradient
  1  0.05490 -8.04514e+02 |  2  0.00465  7.69961e-02 |  3 -0.01178 -7.74777e-02
  4 -0.00992  1.84163e-01 |  5 -0.00786  4.64096e-01 |  6 -0.00575  7.17060e-01
  7 -0.00304  1.07409e+00 |  8 -0.00025  1.41183e+00 |  9  0.00200  1.58849e+00
 10  0.00141  1.10597e+00 | 11  0.00468  1.75076e+00 | 12  0.00714  2.61327e+00
 13  0.00741  3.25952e+00 | 14  0.01097  4.75098e+00 | 15  0.02519  8.25242e+00
 16  0.02233  7.47196e+00 | 17  0.09686  2.28639e+01 | 18  0.28139  5.10972e+01
 19  0.26610  5.32975e+01 | 20  0.06527  2.01375e+01 | 21  0.02722  1.47480e+01
 22  0.01545  1.68254e+01 | 23 -0.01308  1.42680e+01 | 24 -0.03954  1.28011e+01
 25 -0.06695  1.09254e+01 | 26 -0.09171  9.79976e+00 | 27 -0.11743  7.13028e+00
 28 -0.13308  7.28208e+00 | 29 -0.13873  8.00122e+00 | 30 -0.11043  1.45095e+01
 31  0.01827  5.97207e+01 | 32 -0.02295  2.73526e+01 | 33 -0.06466  1.08914e+01
 34 -0.01764 -2.63584e+01 | 35  0.00495 -1.79395e+01 | 36 -0.00204  4.95378e+00
 37 -0.06298 -3.22967e+01 | 38 -0.01046  1.49360e+00 | 39 -0.13633 -2.52905e+01
 40 -0.13584 -3.48119e+01 | 41 -0.01602 -8.63643e+01 | 42  0.01006 -1.18490e+02
 43 -0.17383 -5.23995e+01 | 44 -0.13045 -3.18114e+01 | 45 -0.09218 -2.82461e+01
 46 -0.12385 -3.58360e+01 | 47 -0.17824 -8.06907e+00 | 48 -0.24278 -1.59590e+01
 49  0.14961 -1.13901e+02 | 50 -0.01782 -3.23545e+01 | 51 -0.01461 -8.76261e+00
 52  0.00832 -2.03840e+01 | 53  0.04446 -5.57281e+00 | 54  0.04721 -1.13723e+01
 55 -0.03113 -8.79585e+00 | 56  0.02334 -2.27585e+01 | 57  0.09719 -6.09112e+01
 58  0.02692 -2.91436e+01 | 59 -0.00986  4.83698e-01 | 60  0.02495  4.65677e+01
 61  0.09558  1.22453e+02 | 62 -0.07672  2.15550e+01 | 63 -0.08701  2.06516e+00
 64  0.04340  1.83712e+01 | 65 -0.09808 -1.41540e+01 | 66 -0.07286 -1.83995e+01
 67 -0.07237 -2.93561e+01 | 68  0.17153 -1.13093e+02 | 69 -0.14960 -3.04097e+01
 70 -0.12279 -4.56064e+00 | 71 -0.05731 -7.98090e-01 | 72 -0.01943 -2.48633e+00
 73 -0.01909 -6.33366e-01 | 74 -0.01549  2.19983e-01 | 75 -0.01571  2.08087e-01
75 variables; iteration 40; function evaluation 48; phase 2
Function value 6.0253544e+02; maximum gradient component mag -7.0073e+02
Var    Value     Gradient |Var    Value     Gradient |Var    Value     Gradient
  1  0.05560 -7.00729e+02 |  2  0.00761  7.96346e-01 |  3 -0.00691  1.10227e+00
  4 -0.00661  1.00435e+00 |  5 -0.00611  9.34497e-01 |  6 -0.00505  9.75695e-01
  7 -0.00419  9.46702e-01 |  8 -0.00261  1.05690e+00 |  9  0.00108  1.62294e+00
 10  0.01467  4.35326e+00 | 11  0.01851  5.15251e+00 | 12  0.01412  4.55229e+00
 13  0.01609  5.63020e+00 | 14  0.03316  1.02982e+01 | 15  0.04677  1.36530e+01
 16  0.02252  7.90750e+00 | 17  0.07658  1.94368e+01 | 18  0.35214  5.84909e+01
 19  0.21044  4.83711e+01 | 20  0.05316  1.78212e+01 | 21  0.01388  1.13898e+01
 22  0.01043  1.52629e+01 | 23 -0.02460  9.91616e+00 | 24 -0.04028  1.19361e+01
 25 -0.06053  1.28923e+01 | 26 -0.09098  9.05920e+00 | 27 -0.10721  1.07816e+01
 28 -0.12704  8.31150e+00 | 29 -0.13105  8.49215e+00 | 30 -0.10130  1.20309e+01
 31 -0.00046  2.68121e+01 | 32  0.00709  2.78952e+01 | 33 -0.09864  1.81267e+00
 34 -0.00024 -1.07071e+00 | 35  0.02099 -2.35217e+01 | 36 -0.02207 -4.82636e+01
 37 -0.05002 -8.05886e+01 | 38 -0.01797 -4.77968e+01 | 39 -0.11515 -2.44188e+01
 40 -0.11520 -2.37933e+01 | 41 -0.03974 -2.89390e+01 | 42  0.02966  3.78266e+01
 43 -0.16201 -1.37828e+01 | 44 -0.11490 -1.53667e+01 | 45 -0.13090 -6.49785e+01
 46 -0.10092 -8.63985e+01 | 47 -0.19922 -3.14945e+01 | 48 -0.22588 -1.15101e+01
 49  0.15436 -7.67491e+01 | 50  0.00159 -3.58480e+01 | 51 -0.04238 -3.16260e+01
 52  0.03442 -5.80374e+01 | 53  0.02282 -2.69256e+01 | 54  0.07359 -1.96312e+01
 55 -0.03273 -1.59360e+01 | 56 -0.00384 -2.49443e+01 | 57  0.11862 -2.67870e+01
 58  0.03665 -1.43336e+01 | 59 -0.03650 -2.15029e+01 | 60  0.04526 -1.34202e+01
 61  0.08526  5.24814e+00 | 62 -0.05371  1.11229e+01 | 63 -0.08779  3.27291e+00
 64  0.04851  8.51211e+01 | 65 -0.07457  3.09265e+01 | 66 -0.07737  1.67527e+01
 67 -0.04252  4.33210e+00 | 68  0.17002 -1.40674e+01 | 69 -0.08195 -1.87752e+00
 70 -0.12896 -2.84885e+00 | 71 -0.07132 -4.66290e+00 | 72 -0.00673 -3.05667e-01
 73 -0.01263  8.72904e-01 | 74 -0.01658 -1.30342e-01 | 75 -0.01665 -1.10599e-01
75 variables; iteration 60; function evaluation 77; phase 2
Function value 5.9671896e+02; maximum gradient component mag -6.2002e+02
Var    Value     Gradient |Var    Value     Gradient |Var    Value     Gradient
  1  0.06584 -6.20023e+02 |  2  0.00267 -1.35240e-01 |  3 -0.01614 -8.51372e-01
  4 -0.01222 -4.43287e-02 |  5 -0.00828  7.36113e-01 |  6 -0.00537  1.23559e+00
  7 -0.00177  1.87072e+00 |  8  0.00020  2.10025e+00 |  9 -0.00171  1.42404e+00
 10 -0.01102 -9.42364e-01 | 11 -0.00879 -4.21657e-01 | 12 -0.00444  9.34593e-01
 13 -0.00394  1.65477e+00 | 14 -0.00148  2.97819e+00 | 15  0.02206  9.05156e+00
 16  0.00923  6.06021e+00 | 17  0.02795  1.04733e+01 | 18  0.40783  8.38106e+01
 19  0.12069  3.59759e+01 | 20  0.04381  1.85856e+01 | 21  0.04146  2.23817e+01
 22  0.01729  2.02062e+01 | 23 -0.01823  1.43033e+01 | 24 -0.05074  9.65388e+00
 25 -0.04721  2.08265e+01 | 26 -0.09544  8.44731e+00 | 27 -0.13431 -7.50362e-01
 28 -0.12174  1.30452e+01 | 29 -0.13628  8.61332e+00 | 30 -0.08820  2.65606e+01
 31  0.00385  5.75861e+01 | 32 -0.00228  6.05013e+01 | 33 -0.08505  2.17230e+01
 34  0.01163  1.80421e+01 | 35 -0.00291 -8.59860e+00 | 36  0.00873 -2.03743e+01
 37 -0.06374 -5.94881e+01 | 38 -0.02603 -3.87411e+01 | 39 -0.12891 -2.09605e+01
 40 -0.08571 -1.47820e+01 | 41 -0.06369 -5.55540e+01 | 42  0.03172 -8.32357e+01
 43 -0.18556 -4.88235e+01 | 44 -0.18033 -5.01919e+01 | 45 -0.08530 -6.41809e+01
 46 -0.12952 -5.30596e+01 | 47 -0.19177 -1.44563e+01 | 48 -0.23386 -1.25780e+01
 49  0.15956 -4.39351e+01 | 50 -0.00564 -1.52611e+01 | 51 -0.03824 -8.37409e+00
 52  0.05882 -2.21789e+01 | 53 -0.00411 -1.28908e+01 | 54  0.08811  1.20432e+01
 55 -0.02883  4.18240e+00 | 56  0.00282 -5.76030e+00 | 57  0.12766 -2.25058e+01
 58  0.01540 -2.12323e+01 | 59 -0.00792 -2.05464e+01 | 60  0.05318 -2.37319e+01
 61  0.08390 -3.55830e+01 | 62 -0.06195 -1.45641e+01 | 63 -0.04932 -2.02431e+01
 64  0.03950 -3.99366e+01 | 65 -0.08939 -2.04269e+01 | 66 -0.07267 -6.72523e+00
 67 -0.01856  6.46771e+00 | 68  0.17230  6.98692e+00 | 69 -0.07337  6.16364e+00
 70 -0.10924  9.91872e+00 | 71 -0.08475 -4.02274e+00 | 72  0.01980  9.91917e+00
 73 -0.02245 -1.61992e+00 | 74 -0.01216  8.58398e-01 | 75 -0.01243  8.28164e-01
Maximum number of function evaluations exceeded

 - final statistics:
75 variables; iteration 75; function evaluation 100
Function value 5.9272e+02; maximum gradient component mag -4.0559e+02
Exit code = 3;  converg criter 1.0000e+01
Var    Value     Gradient |Var    Value     Gradient |Var    Value     Gradient
  1  0.06717 -4.05591e+02 |  2  0.00242 -2.91100e-01 |  3 -0.01072  3.42809e-01
  4 -0.01926 -1.85292e+00 |  5 -0.01402 -7.79370e-01 |  6 -0.00412  1.34512e+00
  7 -0.00558  7.57598e-01 |  8 -0.01022 -5.90934e-01 |  9  0.00232  1.95156e+00
 10 -0.00309  3.54907e-01 | 11  0.02428  6.20270e+00 | 12  0.00009  1.06578e+00
 13 -0.00019  1.37605e+00 | 14 -0.01530 -1.66302e+00 | 15 -0.00342  1.04809e+00
 16  0.00349  2.25673e+00 | 17  0.02116  5.43465e+00 | 18  0.43805  2.20363e+01
 19  0.09561  2.09431e+01 | 20  0.01921  6.13812e+00 | 21 -0.00044  3.94677e+00
 22  0.00605  8.99097e+00 | 23 -0.03848  8.26014e-01 | 24 -0.04899  3.68071e+00
 25 -0.07024  3.74435e+00 | 26 -0.08755  5.65578e+00 | 27 -0.11105  4.26345e+00
 28 -0.13470  2.94110e-01 | 29 -0.12281  8.22560e+00 | 30 -0.09296  1.17409e+01
 31  0.01288  3.15813e+01 | 32  0.00185  3.50826e+01 | 33 -0.07539  1.68253e+01
 34  0.02015  1.45488e+01 | 35 -0.00244 -2.11298e+00 | 36  0.01933  5.49645e+00
 37 -0.05972 -3.78058e+01 | 38 -0.01823 -1.03900e+01 | 39 -0.12386 -1.38191e+01
 40 -0.08402 -1.45805e+01 | 41 -0.06470 -5.22236e+01 | 42  0.03872 -4.64881e+01
 43 -0.19601 -3.76334e+01 | 44 -0.15922 -2.47853e+01 | 45 -0.08287 -1.94965e+01
 46 -0.12413 -2.60115e+01 | 47 -0.18808 -4.81526e+00 | 48 -0.22382 -8.06925e+00
 49  0.16497 -1.44123e+01 | 50  0.01869  1.69727e+00 | 51 -0.05984 -6.62543e+00
 52  0.07145 -4.01575e+00 | 53  0.01827 -1.00635e+01 | 54  0.08516 -1.85705e+01
 55 -0.03073 -1.12290e+01 | 56  0.03524 -1.69549e+01 | 57  0.12183 -3.81956e+01
 58  0.03042 -1.64167e+01 | 59  0.01922 -7.68560e+00 | 60  0.04256 -1.12664e+01
 61  0.09897 -1.49037e+01 | 62 -0.06391 -5.65336e+00 | 63 -0.03235 -3.16298e+00
 64  0.04026 -1.06793e+01 | 65 -0.06385 -4.33035e+00 | 66 -0.06902 -9.80607e-01
 67 -0.02278  8.34394e+00 | 68  0.18402  3.81856e+01 | 69 -0.07059  9.07332e+00
 70 -0.11647  4.05260e+00 | 71 -0.05877  1.52232e+00 | 72  0.00293  3.29189e+00
 73  0.01349  7.12417e+00 | 74 -0.02701 -2.90219e+00 | 75 -0.02618 -2.66600e+00

Initial statistics: 84 variables; iteration 0; function evaluation 0; phase 3
Function value 5.9272150e+02; maximum gradient component mag 5.2476e+02
Var    Value     Gradient |Var    Value     Gradient |Var    Value     Gradient
  1  0.06717 -4.05591e+02 |  2  0.00000 -7.40278e-01 |  3  0.00242 -2.91100e-01
  4 -0.01072  3.42809e-01 |  5 -0.01926 -1.85292e+00 |  6 -0.01402 -7.79370e-01
  7 -0.00412  1.34512e+00 |  8 -0.00558  7.57598e-01 |  9 -0.01022 -5.90934e-01
 10  0.00232  1.95156e+00 | 11 -0.00309  3.54907e-01 | 12  0.02428  6.20270e+00
 13  0.00009  1.06578e+00 | 14 -0.00019  1.37605e+00 | 15 -0.01530 -1.66302e+00
 16 -0.00342  1.04809e+00 | 17  0.00349  2.25673e+00 | 18  0.02116  5.43465e+00
 19  0.43805  2.20363e+01 | 20  0.09561  2.09431e+01 | 21  0.01921  6.13812e+00
 22 -0.00044  3.94677e+00 | 23  0.00605  8.99097e+00 | 24 -0.03848  8.26014e-01
 25 -0.04899  3.68071e+00 | 26 -0.07024  3.74435e+00 | 27 -0.08755  5.65578e+00
 28 -0.11105  4.26345e+00 | 29 -0.13470  2.94110e-01 | 30 -0.12281  8.22560e+00
 31 -0.09296  1.17409e+01 | 32  0.01288  3.15813e+01 | 33  0.00185  3.50826e+01
 34 -0.07539  1.68253e+01 | 35  0.02015  1.45488e+01 | 36 -0.00244 -2.11298e+00
 37  0.01933  5.49645e+00 | 38 -0.05972 -3.78058e+01 | 39 -0.01823 -1.03900e+01
 40 -0.12386 -1.38191e+01 | 41 -0.08402 -1.45805e+01 | 42 -0.06470 -5.22236e+01
 43  0.03872 -4.64881e+01 | 44 -0.19601 -3.76334e+01 | 45 -0.15922 -2.47853e+01
 46 -0.08287 -1.94965e+01 | 47 -0.12413 -2.60115e+01 | 48 -0.18808 -4.81526e+00
 49 -0.22382 -8.06925e+00 | 50  0.16497 -1.44123e+01 | 51  0.01869  1.69727e+00
 52 -0.05984 -6.62543e+00 | 53  0.07145 -4.01575e+00 | 54  0.01827 -1.00635e+01
 55  0.08516 -1.85705e+01 | 56 -0.03073 -1.12290e+01 | 57  0.03524 -1.69549e+01
 58  0.12183 -3.81956e+01 | 59  0.03042 -1.64167e+01 | 60  0.01922 -7.68560e+00
 61  0.04256 -1.12664e+01 | 62  0.09897 -1.49037e+01 | 63 -0.06391 -5.65336e+00
 64 -0.03235 -3.16298e+00 | 65  0.04026 -1.06793e+01 | 66 -0.06385 -4.33035e+00
 67 -0.06902 -9.80607e-01 | 68 -0.02278  8.34394e+00 | 69  0.18402  3.81856e+01
 70 -0.07059  9.07332e+00 | 71 -0.11647  4.05260e+00 | 72 -0.05877  1.52232e+00
 73  0.00293  3.29189e+00 | 74  0.01349  7.12417e+00 | 75 -0.02701 -2.90219e+00
 76 -0.02618 -2.66600e+00 | 77 -0.38722 -1.72083e+01 | 78 -0.03301  9.68769e+00
 79 -0.10660  1.40746e+02 | 80  0.07752  5.24761e+02 | 81  0.05795 -5.26483e+00
 82  0.07752 -1.15807e+00 | 83 -0.38722 -6.20192e+00 | 84  0.07752  4.33073e-01

Intermediate statistics: 84 variables; iteration 20; function evaluation 28; phase 3
Function value 5.0106470e+02; maximum gradient component mag -2.5028e+02
Var    Value     Gradient |Var    Value     Gradient |Var    Value     Gradient
  1  0.10560 -3.88218e+01 |  2  0.00227 -6.27004e-02 |  3  0.00282 -5.14685e-02
  4 -0.01284 -2.79743e-02 |  5 -0.01272 -1.48206e-01 |  6 -0.01185 -1.14395e-01
  7 -0.01062 -3.28492e-02 |  8 -0.00982 -8.87078e-02 |  9 -0.00905 -1.88300e-01
 10 -0.00723 -9.66240e-02 | 11 -0.00609 -2.22422e-01 | 12 -0.00381  3.33370e-02
 13 -0.00546 -3.07863e-01 | 14 -0.00672 -3.91488e-01 | 15 -0.00893 -6.35743e-01
 16 -0.00796 -6.38539e-01 | 17 -0.00612 -7.48763e-01 | 18 -0.00258 -8.20915e-01
 19  0.50863 -3.41315e+01 | 20 -0.00043 -9.30701e-01 | 21 -0.00409 -1.64410e+00
 22 -0.01161 -2.02277e+00 | 23 -0.02027 -2.30564e+00 | 24 -0.03488 -2.66713e+00
 25 -0.05322 -2.65812e+00 | 26 -0.07388 -2.51598e+00 | 27 -0.09538 -1.98998e+00
 28 -0.11740 -1.60827e+00 | 29 -0.13718 -1.49719e+00 | 30 -0.14497  1.05699e+00
 31 -0.13235  3.62902e+00 | 32 -0.05140  1.20145e+01 | 33  0.02631  1.33335e+01
 34 -0.08915  5.50437e+00 | 35  0.01364 -4.15635e+01 | 36  0.03674 -3.31275e+01
 37 -0.06490 -3.35538e+01 | 38  0.04269 -3.23878e+00 | 39 -0.08284 -1.67788e+01
 40 -0.08476 -1.14772e+01 | 41 -0.13030 -6.55188e+00 | 42 -0.01600  1.56245e+01
 43 -0.01095  1.87454e+01 | 44 -0.10711  1.01473e+00 | 45 -0.13573  1.48210e+01
 46 -0.13720  3.65505e+00 | 47 -0.12059  3.53822e+00 | 48 -0.16656  2.21988e+01
 49 -0.22495  1.94477e+01 | 50  0.18900  2.33440e+02 | 51 -0.11649  1.84999e+00
 52  0.08062  2.37039e+01 | 53  0.05499  1.88039e+01 | 54  0.03762 -1.31415e+01
 55  0.10752  1.20089e+01 | 56 -0.01160  2.35347e+01 | 57  0.09175  2.82535e+01
 58  0.08489 -3.81231e+01 | 59  0.09125 -1.56103e+01 | 60  0.06007 -2.60233e+01
 61 -0.01865 -4.30657e+01 | 62  0.14149 -1.00387e+02 | 63 -0.08668 -3.85665e+01
 64 -0.03968 -4.77559e+01 | 65  0.06557 -5.31984e+01 | 66 -0.09524 -9.43283e+00
 67 -0.01665  2.30882e+01 | 68 -0.00143  3.21335e+01 | 69  0.18002  8.29123e+00
 70  0.02699  9.14996e-01 | 71 -0.10393  8.51997e+00 | 72  0.00409  2.30473e+01
 73 -0.01872  3.22053e+00 | 74 -0.01317  3.37397e-01 | 75 -0.01474 -1.13555e-01
 76 -0.01477 -1.04140e-01 | 77 -0.41602  2.94370e+00 | 78 -0.07800  2.77328e+00
 79 -0.20875 -2.50278e+02 | 80 -0.12917  1.71565e+02 | 81  0.08633 -3.31832e+00
 82  0.09754 -5.89149e-01 | 83 -0.31559 -1.44785e+01 | 84  0.06275  5.86882e+00
84 variables; iteration 40; function evaluation 61; phase 3
Function value 4.8957789e+02; maximum gradient component mag 8.2994e+02
Var    Value     Gradient |Var    Value     Gradient |Var    Value     Gradient
  1  0.08044 -1.03242e+02 |  2  0.00266  8.15737e-01 |  3  0.00032  2.56746e-01
  4 -0.01877 -5.29561e-01 |  5 -0.00729  2.34821e+00 |  6 -0.01285  9.95675e-01
  7 -0.02440 -1.84014e+00 |  8 -0.02124 -1.00768e+00 |  9 -0.01365  9.64392e-01
 10 -0.02935 -2.83449e+00 | 11 -0.02025 -3.97014e-01 | 12 -0.06006 -1.01063e+01
 13 -0.02620 -1.09725e+00 | 14 -0.02973 -1.24089e+00 | 15 -0.01383  4.10433e+00
 16 -0.03212 -1.21736e-01 | 17 -0.04278 -2.38044e+00 | 18 -0.07160 -9.56404e+00
 19  0.61236  3.63646e+02 | 20 -0.23103 -4.63665e+01 | 21 -0.08838 -1.07607e+01
 22 -0.06865 -2.91803e+00 | 23 -0.08859 -7.56826e+00 | 24 -0.05273  9.02729e+00
 25 -0.06691  9.22334e+00 | 26 -0.07573  1.25989e+01 | 27 -0.08888  1.48129e+01
 28 -0.10450  1.62808e+01 | 29 -0.12067  1.73282e+01 | 30 -0.13061  2.12749e+01
 31 -0.12107  3.14010e+01 | 32 -0.07573  4.56638e+01 | 33  0.06858  8.04162e+01
 34 -0.04411 -6.15491e+01 | 35 -0.02783 -2.41126e+02 | 36  0.08166 -4.72332e+02
 37  0.03306 -2.91325e+02 | 38  0.00437 -2.17308e+02 | 39  0.05955 -7.95227e+01
 40 -0.13486 -5.08203e+01 | 41 -0.09793 -1.69402e+01 | 42  0.04969  6.00536e+01
 43 -0.04673  1.02731e+01 | 44 -0.01605  1.41702e+02 | 45 -0.11840  9.83845e+01
 46 -0.11539  1.16748e+02 | 47 -0.06154  1.80562e+02 | 48 -0.15956  3.24943e+01
 49 -0.23937 -1.28070e+01 | 50  0.21598 -5.29692e+02 | 51 -0.09603 -8.84315e+01
 52  0.09517 -3.86106e+02 | 53  0.06774 -2.02831e+02 | 54  0.09805 -1.31251e+02
 55  0.12388 -1.55074e+02 | 56  0.03060 -6.08622e+01 | 57  0.08523 -4.77848e+01
 58  0.16168  7.51364e+01 | 59  0.02181  1.11566e+02 | 60  0.19462  8.29943e+02
 61 -0.12777  2.71827e+01 | 62  0.19330  4.65897e+02 | 63 -0.08741  1.93446e+01
 64  0.01942  6.12552e+01 | 65  0.09207  5.08221e+01 | 66 -0.08304 -4.58960e+00
 67  0.02633  8.97181e+00 | 68 -0.00585 -2.57480e+01 | 69  0.20110 -1.18680e+02
 70  0.09456  1.98895e+01 | 71 -0.08280  2.21120e+01 | 72  0.04201  5.80631e+01
 73 -0.03952 -1.78300e+00 | 74 -0.04487 -7.74786e+00 | 75  0.00278  3.96231e+00
 76  0.00173  3.71667e+00 | 77 -0.48456 -2.76929e+01 | 78 -0.82087 -1.08663e-02
 79 -0.21726  1.35775e+02 | 80 -0.13016  2.51947e+01 | 81  0.64652 -1.32920e+00
 82  0.44700  4.06066e-01 | 83  0.09820 -5.29049e+01 | 84 -0.27570  1.59638e+01
84 variables; iteration 60; function evaluation 84; phase 3
Function value 4.6793742e+02; maximum gradient component mag 4.8921e+02
Var    Value     Gradient |Var    Value     Gradient |Var    Value     Gradient
  1  0.08312 -5.70496e+00 |  2  0.00155  5.10914e-01 |  3  0.00032  2.38657e-01
  4 -0.01751 -2.17391e-01 |  5 -0.00873  2.01436e+00 |  6 -0.01205  1.25310e+00
  7 -0.01979 -5.98951e-01 |  8 -0.01651  3.26703e-01 |  9 -0.01023  2.06229e+00
 10 -0.02094 -4.18395e-01 | 11 -0.01361  1.73254e+00 | 12 -0.04251 -5.22447e+00
 13 -0.01639  2.28036e+00 | 14 -0.01879  2.77961e+00 | 15 -0.01479  5.35943e+00
 16 -0.02389  3.99807e+00 | 17 -0.03011  3.39927e+00 | 18 -0.03903  2.11072e+00
 19  0.57885  4.89213e+02 | 20 -0.15128 -2.69564e+01 | 21 -0.08137 -5.25337e+00
 22 -0.02082  2.01369e+01 | 23 -0.02150  2.48779e+01 | 24 -0.02013  3.30796e+01
 25 -0.04551  2.89258e+01 | 26 -0.07263  2.38814e+01 | 27 -0.09696  2.03978e+01
 28 -0.11274  2.19546e+01 | 29 -0.13450  1.98560e+01 | 30 -0.15026  2.11738e+01
 31 -0.16418  1.88998e+01 | 32 -0.08996  6.95896e+01 | 33  0.06365  2.05273e+02
 34 -0.11948 -2.40583e+01 | 35  0.03280 -3.12952e+02 | 36 -0.00193 -2.90181e+02
 37  0.06551 -2.90682e+02 | 38 -0.02189 -1.14398e+02 | 39  0.05803  9.33476e+01
 40 -0.13044 -2.35040e+01 | 41 -0.13347 -9.69627e+00 | 42  0.04038  1.03471e+02
 43 -0.05146  4.94944e+00 | 44 -0.05090  9.06015e+01 | 45 -0.10825  1.37791e+02
 46 -0.11148  1.57801e+02 | 47 -0.08735  1.38903e+02 | 48 -0.17687  6.46469e+00
 49 -0.24727 -1.72982e+01 | 50  0.19502 -4.68280e+02 | 51 -0.04536 -7.72039e+01
 52  0.08720 -2.61479e+02 | 53  0.07626 -2.33765e+02 | 54  0.02370 -1.60328e+02
 55  0.13492 -2.19551e+02 | 56  0.01194 -6.70617e+01 | 57  0.06543 -1.03586e+02
 58  0.14570 -1.01435e+02 | 59  0.01916  1.33424e+01 | 60  0.15442  3.39448e+02
 61 -0.09154  2.42813e+01 | 62  0.17931  3.41294e+02 | 63 -0.09627  1.26396e+01
 64 -0.00083  7.32079e+01 | 65  0.09445  1.50233e+02 | 66 -0.08439  1.90555e+00
 67 -0.00552 -3.91484e+01 | 68 -0.04487 -4.92885e+01 | 69  0.19861 -6.09579e+01
 70  0.07134 -1.22270e+01 | 71 -0.06556  3.18848e+00 | 72 -0.02788 -2.73732e+01
 73  0.01283  5.06659e+00 | 74 -0.03723 -5.76468e+00 | 75 -0.00107  3.11743e+00
 76 -0.00183  2.94366e+00 | 77 -0.49073 -3.31291e+01 | 78 -0.85201 -1.32645e-02
 79 -0.22932  1.68330e+02 | 80 -0.17279 -6.64943e+00 | 81  2.31838 -2.32413e+01
 82  2.37871  7.40329e+00 | 83  0.08814 -5.47271e+01 | 84 -0.31800  1.29064e+01
84 variables; iteration 80; function evaluation 112; phase 3
Function value 4.4021501e+02; maximum gradient component mag 7.1732e+02
Var    Value     Gradient |Var    Value     Gradient |Var    Value     Gradient
  1  0.08788 -1.90770e+02 |  2 -0.02742 -6.79060e+00 |  3 -0.03598 -8.92173e+00
  4 -0.05755 -1.02840e+01 |  5 -0.00978  1.39289e+00 |  6 -0.02450 -2.22852e+00
  7 -0.05988 -1.08478e+01 |  8 -0.03597 -4.99145e+00 |  9  0.00469  5.07055e+00
 10 -0.03840 -5.39615e+00 | 11  0.00614  5.77411e+00 | 12 -0.09107 -1.78067e+01
 13  0.01691  9.77282e+00 | 14 -0.01409  2.90535e+00 | 15 -0.01143  4.99114e+00
 16 -0.01932  4.00509e+00 | 17  0.00620  1.26197e+01 | 18 -0.10284 -1.72111e+01
 19  0.55241  3.74589e+02 | 20  0.02062  2.41160e+01 | 21 -0.00366  1.86632e+01
 22 -0.02437  1.50857e+01 | 23 -0.12931 -1.81085e+01 | 24  0.01655  4.82497e+01
 25 -0.04726  2.46101e+01 | 26 -0.08075  1.71372e+01 | 27 -0.13076  1.61317e+00
 28 -0.15241  4.36563e-02 | 29 -0.11670  3.28566e+01 | 30 -0.19861 -4.44322e+00
 31 -0.18474  9.50544e+00 | 32 -0.07701  8.75774e+01 | 33  0.04157  2.15556e+02
 34 -0.12774  2.34918e+01 | 35  0.06926 -8.02047e+01 | 36 -0.04645 -1.41164e+02
 37  0.07216 -2.41464e+02 | 38 -0.04425 -1.38033e+02 | 39  0.02817  3.52514e+01
 40 -0.08747 -1.23322e+01 | 41 -0.11128 -4.84683e+00 | 42  0.00828  3.23135e+01
 43 -0.01202  3.96638e+00 | 44 -0.08745 -1.05681e+01 | 45 -0.13124 -3.51880e+00
 46 -0.15563 -2.90258e+01 | 47 -0.12522 -2.77922e+01 | 48 -0.12386 -2.47471e+01
 49 -0.19753 -3.56560e+01 | 50  0.19661 -1.76439e+02 | 51 -0.06266  9.86642e-01
 52  0.09427 -5.83787e+01 | 53  0.08660 -8.02193e+01 | 54 -0.01205 -8.71564e+01
 55  0.15102 -4.57368e+01 | 56 -0.10152 -3.38199e+01 | 57  0.11041 -6.01257e+00
 58  0.12615 -7.83229e+01 | 59  0.03648 -8.95627e+01 | 60  0.10764 -8.51206e+01
 61 -0.04234 -3.33546e+01 | 62  0.16037  1.28589e+02 | 63 -0.06713  1.27966e+01
 64 -0.00646  4.39097e+01 | 65  0.07745  1.07536e+02 | 66 -0.04404  6.65631e+00
 67 -0.10605 -4.48345e+01 | 68  0.06485  5.19347e+01 | 69  0.17561  1.92969e+01
 70  0.06753 -7.78504e-01 | 71 -0.05466  8.21667e+00 | 72 -0.04895 -4.72516e+01
 73 -0.06569 -1.56910e+01 | 74 -0.06677 -1.29466e+01 | 75  0.02661  9.98474e+00
 76  0.02398  9.35309e+00 | 77 -0.48868 -3.47736e+01 | 78  0.17648  4.30403e-01
 79 -0.24732  7.17319e+02 | 80 -0.38419 -7.68784e+01 | 81  2.32928 -8.52195e+00
 82  2.46058  2.88268e+00 | 83  0.15878 -3.44695e+02 | 84 -0.10597  1.05782e+02
84 variables; iteration 100; function evaluation 144; phase 3
Function value 3.6184931e+02; maximum gradient component mag -1.2946e+03
Var    Value     Gradient |Var    Value     Gradient |Var    Value     Gradient
  1  0.10785  2.31179e+01 |  2 -0.00327 -1.36531e+00 |  3  0.04083  9.09203e+00
  4 -0.03175 -4.54269e+00 |  5 -0.06081 -1.16115e+01 |  6 -0.00722  1.03834e+00
  7 -0.04844 -8.93747e+00 |  8  0.02157  7.31530e+00 |  9 -0.02505 -3.78959e+00
 10 -0.02408 -3.76898e+00 | 11 -0.00213  1.01998e+00 | 12 -0.01893 -3.01750e+00
 13 -0.00188  1.02184e+00 | 14  0.01677  5.75299e+00 | 15  0.03154  9.74170e+00
 16  0.01767  6.64578e+00 | 17 -0.03517 -5.97179e+00 | 18 -0.01285 -1.26324e+00
 19  0.51584  2.83595e+01 | 20 -0.04320 -7.81834e+00 | 21 -0.00169  2.72071e+00
 22 -0.01591  1.55193e+00 | 23 -0.05127 -5.18298e+00 | 24 -0.02560  7.50538e+00
 25 -0.05928  3.64920e+00 | 26 -0.11012 -6.59565e+00 | 27 -0.11150  3.40617e+00
 28 -0.13190  7.80562e+00 | 29 -0.16913  3.79329e+00 | 30 -0.18763  6.99264e+00
 31 -0.19966  5.70040e-01 | 32 -0.14460 -8.80475e+00 | 33  0.03188 -9.31193e+01
 34 -0.11150  1.16613e+01 | 35  0.09041  1.28820e+02 | 36 -0.06267 -4.11066e+01
 37  0.10484  2.82317e+01 | 38 -0.09801 -9.45633e+01 | 39  0.02749 -1.97453e+01
 40 -0.10968 -2.37977e+01 | 41 -0.11414 -1.47694e+01 | 42 -0.03108 -1.16387e+01
 43 -0.01175  5.23609e+01 | 44 -0.09582  4.09165e+01 | 45 -0.14877  3.71729e+01
 46 -0.15357  1.43584e+01 | 47 -0.13389  5.06549e-01 | 48 -0.15110  1.63132e+01
 49 -0.19768  2.58242e+01 | 50  0.19551  4.32993e+01 | 51 -0.08527 -4.97328e+00
 52  0.10284 -1.72243e+01 | 53  0.03988  3.14870e+01 | 54  0.10308  6.99208e+01
 55  0.06385 -2.08268e+00 | 56  0.09941  5.81959e+01 | 57 -0.02170 -4.89303e+01
 58  0.15321 -7.32816e+01 | 59  0.03933 -4.90217e+01 | 60  0.09044 -1.55885e+01
 61  0.01151  1.15768e+00 | 62  0.15137  4.10144e+01 | 63 -0.07366 -1.80096e+01
 64 -0.01213 -1.21352e+01 | 65  0.06967 -1.88866e+01 | 66 -0.08454 -1.02525e+01
 67 -0.02617  1.77540e+01 | 68  0.03831  6.87787e+01 | 69  0.17068 -8.43877e+01
 70  0.07684 -6.11039e+01 | 71 -0.10303 -7.98668e+00 | 72 -0.00284 -1.80269e+01
 73 -0.02316 -3.28984e+00 | 74  0.01169  6.40188e+00 | 75 -0.00720  1.65440e+00
 76  0.02924  1.06468e+01 | 77 -0.37654  1.65020e+01 | 78  1.62431 -1.50698e-01
 79 -0.26068 -1.29458e+03 | 80 -0.47065  8.54645e+01 | 81  2.28697  9.78750e+00
 82  2.17801 -8.23367e-01 | 83  0.28197 -6.39280e+02 | 84 -0.11310  2.25801e+02
84 variables; iteration 120; function evaluation 169; phase 3
Function value 3.0683569e+02; maximum gradient component mag 2.4082e+02
Var    Value     Gradient |Var    Value     Gradient |Var    Value     Gradient
  1  0.07962 -7.95576e+01 |  2 -0.00140 -1.01973e+00 |  3  0.00675  8.14324e-01
  4 -0.00518  1.73437e+00 |  5 -0.02024 -2.02256e+00 |  6 -0.01430 -7.80258e-01
  7 -0.00701  7.23583e-01 |  8 -0.00793  2.46155e-01 |  9 -0.00222  1.25818e+00
 10  0.00267  2.00394e+00 | 11 -0.00262  3.94019e-01 | 12 -0.00263  7.20884e-02
 13 -0.00591 -5.39200e-01 | 14 -0.01250 -1.62131e+00 | 15 -0.01326 -1.34415e+00
 16 -0.01338 -1.35123e+00 | 17 -0.00491  1.80073e-01 | 18  0.00284  1.11303e+00
 19  0.48341  7.02746e+00 | 20  0.01903  5.21028e+00 | 21 -0.00374  1.00073e+00
 22 -0.02215 -9.91088e-01 | 23 -0.02377  1.85549e+00 | 24 -0.05371 -1.73028e+00
 25 -0.07636 -1.81917e+00 | 26 -0.09135  2.55869e+00 | 27 -0.12368  1.42978e+00
 28 -0.15471  1.93707e+00 | 29 -0.18801  1.50058e+00 | 30 -0.21144  3.01766e+00
 31 -0.21255  4.54050e+00 | 32 -0.16389  1.75382e+00 | 33  0.06002 -2.25335e+01
 34 -0.10104  1.63731e+01 | 35  0.08064  7.53732e+00 | 36 -0.03218 -6.02522e+01
 37  0.10717 -1.01242e+01 | 38 -0.09396 -1.18820e+02 | 39  0.02082 -5.59152e+01
 40 -0.08993 -2.98535e+01 | 41 -0.10917 -2.23303e+01 | 42 -0.02418 -3.97586e+01
 43 -0.01501 -4.36786e+00 | 44 -0.08863 -5.37440e+00 | 45 -0.15796 -1.42768e+01
 46 -0.14229 -2.63710e+01 | 47 -0.12912 -2.91056e+01 | 48 -0.12900 -4.91629e+00
 49 -0.19579 -3.94463e+00 | 50  0.19259 -5.82676e+01 | 51 -0.10516 -9.24973e+00
 52  0.10586  2.53678e+01 | 53  0.04659  3.50603e+01 | 54  0.06614  2.61967e+01
 55  0.11299  2.53744e+01 | 56 -0.00406 -4.16134e+00 | 57  0.08236  2.75782e-01
 58  0.11735 -9.01000e+00 | 59  0.06479  6.85231e+00 | 60  0.09466  7.98913e+01
 61 -0.00033  1.81339e+01 | 62  0.14223  8.50783e+01 | 63 -0.05073  6.60583e+00
 64 -0.01517  1.73641e+01 | 65  0.06362  3.64917e+01 | 66 -0.08048  7.67367e+00
 67 -0.01226  1.92875e+01 | 68  0.00465  1.05925e+01 | 69  0.17457  1.64844e+01
 70  0.07374  1.02003e+01 | 71 -0.12618 -1.83393e+00 | 72  0.00578  1.26761e+01
 73 -0.01490  3.33531e+00 | 74 -0.01484 -1.65850e-02 | 75 -0.02164 -1.84516e+00
 76 -0.01452 -7.36200e-02 | 77 -0.41831 -1.87434e-01 | 78  1.25950 -9.90711e-03
 79 -0.26239  2.40823e+02 | 80 -0.54062 -9.03956e-01 | 81  2.26161  1.27718e+01
 82  2.12246 -2.17266e+00 | 83  0.32465 -2.06067e+01 | 84 -0.22482  1.06706e+01
84 variables; iteration 140; function evaluation 199; phase 3
Function value 2.0000834e+02; maximum gradient component mag -1.3319e+03
Var    Value     Gradient |Var    Value     Gradient |Var    Value     Gradient
  1  0.02545 -1.33192e+03 |  2  0.00323 -3.78383e-01 |  3  0.00747  4.11242e-01
  4 -0.00806  4.54983e-01 |  5 -0.01056 -3.76720e-01 |  6 -0.00607  3.80619e-01
  7 -0.00167  1.05102e+00 |  8 -0.00342  2.66048e-01 |  9  0.00281  1.20005e+00
 10  0.00180  4.65712e-01 | 11  0.00367  2.77815e-01 | 12  0.00771  6.04796e-01
 13  0.00978  1.06526e+00 | 14  0.00943  1.50834e+00 | 15  0.00279  7.26130e-01
 16  0.00298  6.48664e-01 | 17  0.01364  2.26472e+00 | 18  0.03189  4.12386e+00
 19  0.39108 -6.02010e+00 | 20  0.02575  4.04667e+00 | 21  0.01778  4.22642e+00
 22 -0.00426  3.33060e+00 | 23 -0.03164  1.08572e+00 | 24 -0.06119 -1.35810e+00
 25 -0.09029 -2.55416e+00 | 26 -0.12964 -6.94483e+00 | 27 -0.15558 -6.21832e+00
 28 -0.17907 -3.95841e+00 | 29 -0.21229 -6.34594e+00 | 30 -0.23156 -4.57385e+00
 31 -0.24769 -1.21032e+01 | 32 -0.31241 -4.58859e+01 | 33  0.09825  2.90009e+01
 34 -0.11708 -1.35768e+01 | 35  0.06174 -3.66826e+01 | 36  0.04067 -6.54301e+01
 37  0.02320 -4.76278e+01 | 38  0.08602 -1.11721e+02 | 39 -0.10224 -6.90512e+01
 40 -0.00876 -1.15747e+02 | 41 -0.11718 -8.43653e+01 | 42  0.00191 -2.19670e+02
 43 -0.01355 -2.17538e+02 | 44 -0.05194 -1.72170e+02 | 45 -0.10495 -1.08620e+02
 46 -0.08355 -1.21873e+02 | 47 -0.11373 -1.21942e+02 | 48 -0.08629 -9.70642e+01
 49 -0.20784 -2.89905e+01 | 50  0.17208 -6.85438e+01 | 51 -0.07149  3.12663e+00
 52  0.07904  5.08967e+01 | 53  0.02717  6.97468e+01 | 54  0.04933  1.07189e+02
 55  0.08358  1.24343e+02 | 56  0.00563  6.63295e+01 | 57  0.05126  5.56399e+01
 58  0.09848  3.82506e+01 | 59  0.05524  2.32098e+01 | 60  0.07188  6.81081e+01
 61 -0.01621  1.58240e+01 | 62  0.11711  1.07417e+02 | 63 -0.04450  1.61885e+01
 64 -0.03247  2.78045e+01 | 65  0.04137  5.15589e+01 | 66 -0.08084  1.58029e+01
 67 -0.03015  2.54290e+01 | 68 -0.01324  2.74980e+01 | 69  0.14602  1.16551e+02
 70  0.06016  4.11484e+01 | 71 -0.12422  1.36169e+01 | 72 -0.01998  2.23237e+01
 73 -0.03084  4.63103e+00 | 74 -0.02318 -1.70375e+00 | 75 -0.01408  4.57507e-01
 76 -0.01157  1.09389e+00 | 77 -0.52493 -4.65787e+01 | 78  3.68357  6.92438e+00
 79 -0.26840  1.14328e+02 | 80 -0.76060  2.30390e+00 | 81  2.14502  8.81435e+00
 82  2.18871  1.70595e+00 | 83  0.43189 -1.99950e+00 | 84 -0.28899  1.54778e-01
84 variables; iteration 160; function evaluation 221; phase 3
Function value 8.5885046e+01; maximum gradient component mag 6.5493e+03
Var    Value     Gradient |Var    Value     Gradient |Var    Value     Gradient
  1  0.01052  4.74893e+03 |  2  0.00325  2.40923e-01 |  3 -0.00332 -1.42611e+00
  4 -0.01490 -3.72516e-01 |  5 -0.00646  1.58778e+00 |  6 -0.00781  1.18226e+00
  7 -0.00978  6.17409e-01 |  8 -0.00829  8.67494e-01 |  9  0.00563  4.03902e+00
 10  0.00290  3.24594e+00 | 11  0.01378  5.60957e+00 | 12  0.00583  3.65634e+00
 13  0.01781  7.50832e+00 | 14 -0.00210  4.64933e+00 | 15 -0.01186  4.24711e+00
 16  0.01514  1.28870e+01 | 17  0.03010  1.87493e+01 | 18  0.01324  1.40626e+01
 19  0.29065  1.49169e+02 | 20 -0.03619  5.62377e+00 | 21 -0.03034  1.07526e+01
 22 -0.04100  1.12298e+01 | 23 -0.06841  5.98593e+00 | 24 -0.07579  9.14708e+00
 25 -0.09205  9.99815e+00 | 26 -0.11923  6.44138e+00 | 27 -0.13589  5.05945e+00
 28 -0.15509  1.57834e+00 | 29 -0.16876  2.85295e+00 | 30 -0.17909  8.69478e+00
 31 -0.17140  2.01584e+01 | 32 -0.23302 -7.57493e+00 | 33  0.09655  4.69982e+02
 34 -0.10414  6.35903e+01 | 35  0.03127  2.57619e+02 | 36  0.04903  3.04463e+02
 37 -0.07478  2.76769e+01 | 38  0.10887  5.04862e+02 | 39 -0.19722 -6.57617e+01
 40 -0.04207 -8.07318e+01 | 41 -0.00319  3.16008e+02 | 42 -0.01152  2.42751e+01
 43 -0.00652  8.40386e+00 | 44 -0.01344  1.57905e+02 | 45 -0.05517  7.13825e+01
 46 -0.05249 -9.88874e+00 | 47 -0.09061  1.26567e+00 | 48 -0.04890  1.50287e+01
 49 -0.21996 -2.46345e+01 | 50  0.13381 -3.16460e+02 | 51 -0.07296 -5.58653e+01
 52  0.03332 -7.04090e+01 | 53 -0.01450 -9.04529e+00 | 54  0.00247  3.11827e+01
 55  0.04192  4.66397e+01 | 56 -0.03401  2.32418e+01 | 57  0.00815  2.80002e+01
 58  0.06461  3.17413e+01 | 59  0.02426 -1.46868e+01 | 60  0.03459  1.93367e+00
 61 -0.04433 -1.55777e+01 | 62  0.07141  3.32801e+01 | 63 -0.05301  1.73373e+00
 64 -0.06068  3.04189e+01 | 65  0.00750  5.32335e+01 | 66 -0.09567  1.39327e+01
 67 -0.05474  2.14428e+01 | 68 -0.04477  1.38439e+01 | 69  0.08984  4.11470e+01
 70  0.03389  2.03310e+01 | 71 -0.17121  4.43079e+00 | 72 -0.05034  3.31176e+01
 73 -0.05613  4.22978e+00 | 74 -0.03103 -2.36467e+00 | 75 -0.02107 -8.19366e-02
 76 -0.01668  1.02041e+00 | 77 -0.52847  8.33087e+01 | 78  3.67718 -2.50207e+01
 79 -0.26923  6.54931e+03 | 80 -0.78746 -5.27828e+01 | 81  2.06506 -1.89425e+01
 82  2.30116  7.73001e+00 | 83  0.47677 -7.06569e+02 | 84 -0.39880  1.18707e+02
84 variables; iteration 180; function evaluation 245; phase 3
Function value 1.0882518e+01; maximum gradient component mag 6.0266e+03
Var    Value     Gradient |Var    Value     Gradient |Var    Value     Gradient
  1  0.01478  6.02661e+03 |  2 -0.00175  3.55351e+00 |  3  0.00021  4.97464e+00
  4 -0.01731  4.84893e+00 |  5 -0.01225  7.41363e+00 |  6 -0.01116  9.04778e+00
  7 -0.01208  1.02871e+01 |  8 -0.01109  1.23972e+01 |  9 -0.01229  1.40455e+01
 10 -0.00919  1.74877e+01 | 11 -0.00619  2.13992e+01 | 12  0.00536  2.80990e+01
 13  0.00203  3.12833e+01 | 14 -0.00843  3.30135e+01 | 15 -0.01110  3.89815e+01
 16 -0.01018  4.50448e+01 | 17  0.00150  6.03136e+01 | 18  0.00464  6.98116e+01
 19  0.14586  2.56476e+02 | 20 -0.04910  4.39483e+01 | 21 -0.03863  5.24585e+01
 22 -0.04636  4.70740e+01 | 23 -0.06281  3.86192e+01 | 24 -0.05343  4.81948e+01
 25 -0.06320  4.52853e+01 | 26 -0.07071  4.49914e+01 | 27 -0.07323  4.61095e+01
 28 -0.08138  4.47057e+01 | 29 -0.09577  4.36562e+01 | 30 -0.10834  5.24977e+01
 31 -0.11649  6.11100e+01 | 32 -0.12444  7.14881e+01 | 33  0.06190  3.85305e+02
 34 -0.08280  1.45243e+02 | 35 -0.01533  1.60590e+02 | 36  0.02445  1.26623e+02
 37 -0.13365 -8.56122e+01 | 38  0.08473 -6.56657e+01 | 39 -0.20213 -9.88028e+01
 40  0.00541  4.13494e+01 | 41 -0.07780 -2.53697e+01 | 42  0.00742  1.78452e+01
 43 -0.00304  1.12190e+02 | 44 -0.03730  3.72316e+01 | 45 -0.04213  1.23580e+02
 46 -0.03677  1.67791e+02 | 47 -0.10635  1.27201e+02 | 48 -0.03449  2.19325e+02
 49 -0.28169  1.02942e+01 | 50  0.09070  4.58354e+01 | 51 -0.03488  2.28918e+01
 52 -0.03487 -2.59867e+01 | 53 -0.03517  3.19979e+01 | 54 -0.05349  2.38592e+01
 55  0.00315  3.09402e+01 | 56 -0.06589  1.63866e+01 | 57 -0.03956  1.04725e+01
 58  0.02739  2.49436e+01 | 59 -0.01026 -2.66078e+00 | 60  0.01060  5.29801e+01
 61 -0.08658 -6.36345e+00 | 62  0.02894  1.93965e+01 | 63 -0.05891 -7.44321e+00
 64 -0.10012  1.71452e+00 | 65 -0.03147 -3.32720e+01 | 66 -0.10994 -1.92954e+01
 67 -0.08444 -1.34469e+00 | 68 -0.08122  8.43596e+00 | 69  0.03516  2.03346e+01
 70  0.01049  3.46442e+01 | 71 -0.20348  6.04666e+00 | 72 -0.09940  2.32214e+01
 73 -0.06510  9.57111e+00 | 74 -0.02876  1.97352e-01 | 75 -0.02433  1.06363e+00
 76 -0.02377  1.21234e+00 | 77 -0.50991  2.14300e+01 | 78  3.60993 -2.53186e-01
 79 -0.27016  4.08592e+03 | 80 -0.74771 -3.02999e+01 | 81  1.92319 -1.69575e+01
 82  2.28792  1.02531e+01 | 83  0.46367 -3.06197e+00 | 84 -0.86008 -1.40567e-02
84 variables; iteration 200; function evaluation 268; phase 3
Function value -3.5184062e+01; maximum gradient component mag 2.6018e+04
Var    Value     Gradient |Var    Value     Gradient |Var    Value     Gradient
  1  0.01427  2.60176e+04 |  2 -0.00681  2.09133e+01 |  3 -0.01148  2.33889e+01
  4 -0.02579  2.56122e+01 |  5 -0.02768  3.00291e+01 |  6 -0.03252  3.35060e+01
  7 -0.03642  3.80267e+01 |  8 -0.03740  4.49705e+01 |  9 -0.04251  4.97724e+01
 10 -0.04262  5.85403e+01 | 11 -0.04192  6.91813e+01 | 12 -0.03496  8.62578e+01
 13 -0.04072  9.32025e+01 | 14 -0.03483  1.14949e+02 | 15 -0.05556  1.07483e+02
 16 -0.05065  1.30347e+02 | 17 -0.09712  9.32266e+01 | 18 -0.00978  2.63098e+02
 19  0.11256  7.73866e+02 | 20 -0.09440  1.37153e+02 | 21 -0.03075  2.59939e+02
 22 -0.04694  2.22287e+02 | 23 -0.05733  2.12461e+02 | 24 -0.04140  2.70703e+02
 25 -0.03453  3.23058e+02 | 26 -0.01874  4.21799e+02 | 27 -0.00352  5.12921e+02
 28 -0.03363  4.19299e+02 | 29 -0.06302  3.51799e+02 | 30 -0.10931  2.60053e+02
 31 -0.14090  2.01376e+02 | 32 -0.13836  2.18644e+02 | 33  0.05805  1.15339e+03
 34 -0.10221  3.00613e+02 | 35 -0.01016  5.08395e+02 | 36 -0.01115  4.82800e+02
 37 -0.04875  3.12561e+02 | 38  0.04858  8.20123e+02 | 39 -0.07926  2.36216e+02
 40 -0.02084  5.13500e+02 | 41 -0.05579  3.20234e+02 | 42  0.00221  5.18880e+02
 43 -0.00607  5.88838e+02 | 44 -0.03632  3.68753e+02 | 45 -0.04455  3.02806e+02
 46 -0.04262  2.68648e+02 | 47 -0.09874  1.65722e+02 | 48 -0.04774  1.88364e+02
 49 -0.20655  5.23017e+01 | 50  0.09506  3.08802e+01 | 51 -0.11085 -5.24064e+01
 52 -0.00780 -9.08294e+01 | 53 -0.08496 -8.18914e+01 | 54 -0.04365 -6.90960e+01
 55 -0.00901 -6.75192e+01 | 56 -0.07738 -4.31124e+01 | 57 -0.03979 -3.50048e+01
 58  0.01819 -6.57663e+00 | 59 -0.01058  2.04381e+00 | 60 -0.00270  6.59794e+01
 61 -0.07916  2.17686e+01 | 62  0.02369  7.68446e+01 | 63 -0.07100 -1.90588e+00
 64 -0.10452  1.85019e+00 | 65 -0.03192 -2.18111e+01 | 66 -0.12915 -1.69665e+01
 67 -0.07506  4.73339e+01 | 68 -0.08177  3.61910e+01 | 69  0.03310  4.16695e+01
 70 -0.00705  1.03894e+01 | 71 -0.20835 -2.63889e-01 | 72 -0.10275 -5.12102e-01
 73 -0.07232  5.08119e-01 | 74 -0.03934 -1.94003e+00 | 75 -0.03933 -2.16211e+00
 76 -0.03092 -6.46704e-02 | 77 -0.45931  2.12346e+02 | 78  3.51917 -9.27957e-02
 79 -0.26737  1.27120e+04 | 80 -0.62788 -2.57303e+02 | 81  1.87527 -2.51377e+02
 82  2.92276  7.91940e-01 | 83  0.49541 -1.92814e-02 | 84 -1.12464  1.58307e-02
84 variables; iteration 220; function evaluation 294; phase 3
Function value -6.1030652e+01; maximum gradient component mag 1.6264e+04
Var    Value     Gradient |Var    Value     Gradient |Var    Value     Gradient
  1  0.01253  1.62636e+04 |  2 -0.02311  2.92564e+01 |  3 -0.02379  3.58353e+01
  4 -0.03911  3.83204e+01 |  5 -0.04544  4.23625e+01 |  6 -0.04765  4.96986e+01
  7 -0.05029  5.76389e+01 |  8 -0.05310  6.63031e+01 |  9 -0.05496  7.63484e+01
 10 -0.05921  8.44489e+01 | 11 -0.05956  9.74645e+01 | 12 -0.05823  1.13520e+02
 13 -0.05932  1.27099e+02 | 14 -0.06047  1.42223e+02 | 15 -0.07312  1.42991e+02
 16 -0.06371  1.79612e+02 | 17 -0.08759  1.66008e+02 | 18 -0.05303  2.64608e+02
 19  0.07201  8.03758e+02 | 20 -0.09442  1.96397e+02 | 21 -0.05937  2.68427e+02
 22 -0.06162  2.51278e+02 | 23 -0.06386  2.53783e+02 | 24 -0.04976  3.17078e+02
 25 -0.04148  3.90234e+02 | 26 -0.01717  5.74647e+02 | 27  0.02775  8.93081e+02
 28  0.03556  9.84518e+02 | 29 -0.03610  5.85404e+02 | 30 -0.11049  3.24331e+02
 31 -0.14683  2.16200e+02 | 32 -0.14626  1.81613e+02 | 33  0.05613  7.30743e+02
 34 -0.10980  8.14287e+01 | 35 -0.00567  1.50481e+01 | 36 -0.03807 -1.12666e+02
 37 -0.01655 -5.24040e+01 | 38  0.02004 -2.14583e+02 | 39 -0.03092 -9.15361e+00
 40 -0.03633 -5.83031e+01 | 41 -0.03534 -1.36199e+01 | 42  0.00657  3.90268e+00
 43 -0.01265 -4.91436e+00 | 44 -0.02957  1.56395e+01 | 45 -0.03766  2.22013e+01
 46 -0.03816  1.76532e+01 | 47 -0.09235  1.15685e+00 | 48 -0.05185 -9.17921e+00
 49 -0.14259 -7.26642e+00 | 50  0.08262 -1.72519e+01 | 51 -0.10792 -2.56460e+01
 52 -0.02269 -1.64027e+01 | 53 -0.08341 -2.46105e+01 | 54 -0.05374 -2.46332e+01
 55 -0.02167 -2.46266e+01 | 56 -0.08100 -1.03559e+01 | 57 -0.04251 -1.23819e+01
 58  0.00298 -1.79674e+01 | 59  0.00073 -6.73315e+00 | 60 -0.03665 -5.72582e+01
 61 -0.05394 -1.44603e+01 | 62 -0.00349 -6.72649e+01 | 63 -0.05537 -2.64817e+01
 64 -0.11815 -1.55831e+01 | 65 -0.03756 -4.77371e+00 | 66 -0.11480 -9.33289e+00
 67 -0.08921 -2.02391e+01 | 68 -0.07650 -1.39351e+01 | 69  0.02172 -1.11424e+01
 70 -0.02016 -1.91560e+01 | 71 -0.22030 -8.21416e+00 | 72 -0.10216 -9.52878e+00
 73 -0.08266 -2.09997e+00 | 74 -0.03830 -5.34519e-01 | 75 -0.03704 -4.93284e-01
 76 -0.03564 -1.06860e-01 | 77 -0.45253  9.84160e+01 | 78  3.39892 -3.91316e-01
 79 -0.26390  5.77269e+03 | 80 -0.56553 -2.11669e+02 | 81  1.86487 -1.28872e+02
 82  3.44626 -1.02791e+01 | 83  0.51610  1.46976e-04 | 84 -1.23637  8.06770e-03
84 variables; iteration 240; function evaluation 316; phase 3
Function value -6.5891833e+01; maximum gradient component mag 9.0488e+03
Var    Value     Gradient |Var    Value     Gradient |Var    Value     Gradient
  1  0.01141  9.04879e+03 |  2 -0.01264  1.34560e+01 |  3 -0.01400  1.62269e+01
  4 -0.03175  1.65147e+01 |  5 -0.03402  1.93468e+01 |  6 -0.03552  2.29590e+01
  7 -0.03718  2.70189e+01 |  8 -0.03928  3.13769e+01 |  9 -0.04194  3.57841e+01
 10 -0.04420  4.07056e+01 | 11 -0.04412  4.77592e+01 | 12 -0.04198  5.67090e+01
 13 -0.04529  6.21165e+01 | 14 -0.05115  6.61879e+01 | 15 -0.05835  6.99617e+01
 16 -0.05861  8.03017e+01 | 17 -0.05063  1.02958e+02 | 18 -0.05062  1.15560e+02
 19  0.04665  2.98417e+02 | 20 -0.06945  1.02471e+02 | 21 -0.06505  1.04386e+02
 22 -0.06972  9.31814e+01 | 23 -0.06764  9.68817e+01 | 24 -0.06136  1.11948e+02
 25 -0.05672  1.33663e+02 | 26 -0.03218  2.00300e+02 | 27  0.02852  3.49813e+02
 28  0.05520  4.39208e+02 | 29 -0.04479  2.19592e+02 | 30 -0.13189  1.07447e+02
 31 -0.14829  8.64012e+01 | 32 -0.13749  8.05808e+01 | 33  0.05328  3.07816e+02
 34 -0.10786  5.52763e+01 | 35 -0.00525  8.99848e+01 | 36 -0.03702 -7.51518e+00
 37 -0.01728  6.88575e+01 | 38  0.02247 -1.38892e+01 | 39 -0.03638  5.55290e+01
 40 -0.03340  2.84262e+01 | 41 -0.03293  5.51211e+01 | 42  0.00517  1.04794e+02
 43 -0.01343  1.11468e+02 | 44 -0.02966  1.24734e+02 | 45 -0.03678  1.16105e+02
 46 -0.04057  1.12177e+02 | 47 -0.09034  6.96372e+01 | 48 -0.05892  1.26015e+02
 49 -0.10317  5.18796e+01 | 50  0.07506 -8.41172e+00 | 51 -0.09881 -1.63520e+01
 52 -0.02770 -2.65129e+01 | 53 -0.07823 -2.10608e+01 | 54 -0.05251 -2.54657e+01
 55 -0.02400 -3.36580e+01 | 56 -0.07984 -1.73386e+01 | 57 -0.04236 -2.18641e+01
 58  0.00729 -1.62047e+01 | 59 -0.01129 -1.47136e+01 | 60 -0.01939  2.85886e+00
 61 -0.06795 -1.32071e+01 | 62  0.00337 -1.78317e+01 | 63 -0.06508 -1.03816e+01
 64 -0.10703 -5.00471e+00 | 65 -0.04192 -1.39314e+01 | 66 -0.11320 -1.61601e-01
 67 -0.08502  5.28673e+00 | 68 -0.06996  2.89579e+00 | 69  0.02187  9.68391e-01
 70 -0.02514 -1.25511e+00 | 71 -0.21322  2.07923e+00 | 72 -0.09802  2.20362e+00
 73 -0.08115  7.47245e-01 | 74 -0.03560  1.24531e-01 | 75 -0.03537 -7.18170e-02
 76 -0.03496  7.16108e-02 | 77 -0.44380  2.72586e+02 | 78  3.47410 -5.53640e-01
 79 -0.26272  2.46276e+03 | 80 -0.60370 -9.07379e+01 | 81  1.86411 -2.14680e+00
 82  3.47511 -2.40954e+00 | 83  0.52030  1.05085e-03 | 84 -1.20503  9.41309e-03
84 variables; iteration 260; function evaluation 338; phase 3
Function value -6.8662991e+01; maximum gradient component mag 5.0305e+03
Var    Value     Gradient |Var    Value     Gradient |Var    Value     Gradient
  1  0.01365  5.03048e+03 |  2 -0.00919  7.44340e+00 |  3 -0.01095  8.77282e+00
  4 -0.02805  8.95974e+00 |  5 -0.02926  1.07483e+01 |  6 -0.03229  1.21152e+01
  7 -0.03542  1.36824e+01 |  8 -0.03804  1.57036e+01 |  9 -0.04092  1.77995e+01
 10 -0.04480  1.95577e+01 | 11 -0.04572  2.29442e+01 | 12 -0.04669  2.64112e+01
 13 -0.04938  2.91925e+01 | 14 -0.05224  3.24050e+01 | 15 -0.05904  3.37293e+01
 16 -0.06201  3.71912e+01 | 17 -0.07090  3.79778e+01 | 18 -0.05853  5.17838e+01
 19  0.00169  1.09531e+02 | 20 -0.07601  4.38323e+01 | 21 -0.05809  5.65499e+01
 22 -0.06039  5.28163e+01 | 23 -0.06492  5.19345e+01 | 24 -0.06114  6.12300e+01
 25 -0.05894  7.47549e+01 | 26 -0.02753  1.28550e+02 | 27  0.03918  2.19923e+02
 28  0.05043  2.44719e+02 | 29 -0.07137  1.01396e+02 | 30 -0.14671  5.14565e+01
 31 -0.16434  3.53143e+01 | 32 -0.13556  3.61182e+01 | 33  0.04788  8.03789e+01
 34 -0.10962  1.34112e+01 | 35 -0.01361  2.06991e+01 | 36 -0.03402  4.50232e+01
 37 -0.03027  4.48071e+01 | 38  0.02288  1.11618e+02 | 39 -0.04814  6.76089e+01
 40 -0.03541  8.32288e+01 | 41 -0.03820  6.77379e+01 | 42  0.00004  8.42157e+01
 43 -0.01832  6.47181e+01 | 44 -0.03511  5.41605e+01 | 45 -0.04154  5.30799e+01
 46 -0.04594  6.56881e+01 | 47 -0.09398  2.99430e+01 | 48 -0.06673  1.56873e+01
 49 -0.10100  1.94616e+01 | 50  0.06776 -2.43691e+01 | 51 -0.09719 -8.55112e-01
 52 -0.03409 -3.57504e+00 | 53 -0.08044 -4.76864e+00 | 54 -0.05747 -9.63592e+00
 55 -0.02822 -1.54818e+01 | 56 -0.08572 -1.00274e+01 | 57 -0.04459 -1.17024e+01
 58 -0.00021 -1.83743e+01 | 59 -0.01042 -9.69943e+00 | 60 -0.03293 -2.81912e+01
 61 -0.06484 -6.02163e+00 | 62 -0.00360 -3.67513e+00 | 63 -0.06751  3.43494e+00
 64 -0.11342  1.87240e+00 | 65 -0.04514  4.13441e+00 | 66 -0.11962  2.47170e-02
 67 -0.08975  6.70123e-02 | 68 -0.07396  1.56271e+00 | 69  0.01818  2.07528e+01
 70 -0.03106  2.32096e+00 | 71 -0.21744  8.76374e-01 | 72 -0.10297 -2.92334e+00
 73 -0.08562 -4.57536e-01 | 74 -0.03759 -1.75411e-01 | 75 -0.03499  2.07309e-01
 76 -0.03536  1.63597e-01 | 77 -0.44412  1.23631e+02 | 78  3.41394 -1.15583e-01
 79 -0.26366  1.84691e+03 | 80 -0.65959 -5.25932e+01 | 81  1.84904  1.76988e+01
 82  3.59453 -3.37807e+00 | 83  0.52764  2.53559e-04 | 84 -1.27710  6.75538e-03
84 variables; iteration 280; function evaluation 361; phase 3
Function value -7.1681718e+01; maximum gradient component mag 1.0887e+03
Var    Value     Gradient |Var    Value     Gradient |Var    Value     Gradient
  1  0.01335  1.00965e+03 |  2 -0.00636  2.01391e+00 |  3 -0.00748  2.38647e+00
  4 -0.02322  2.63832e+00 |  5 -0.02516  2.88099e+00 |  6 -0.02624  3.44813e+00
  7 -0.02750  4.06118e+00 |  8 -0.03077  4.15636e+00 |  9 -0.03227  4.86739e+00
 10 -0.03504  5.22656e+00 | 11 -0.03763  5.70476e+00 | 12 -0.04144  5.62882e+00
 13 -0.04520  5.75942e+00 | 14 -0.04932  6.01951e+00 | 15 -0.05359  6.21764e+00
 16 -0.05655  6.66257e+00 | 17 -0.06694  4.69117e+00 | 18 -0.06279  7.60773e+00
 19 -0.03181  2.12291e+01 | 20 -0.06674  7.37762e+00 | 21 -0.05939  1.05557e+01
 22 -0.05971  1.05390e+01 | 23 -0.06697  9.84117e+00 | 24 -0.06209  1.64937e+01
 25 -0.05146  2.91696e+01 | 26 -0.01627  5.90936e+01 | 27  0.04942  8.88529e+01
 28  0.03250  8.86930e+01 | 29 -0.04639  7.31162e+01 | 30 -0.14668  2.97061e+01
 31 -0.18107  1.10796e+01 | 32 -0.14651  1.99927e+01 | 33  0.05234  1.35666e+02
 34 -0.10891  2.91503e+01 | 35 -0.01260  4.43351e+01 | 36 -0.03135  1.99489e+01
 37 -0.03266 -3.39968e+01 | 38  0.02736 -3.39599e+01 | 39 -0.05180 -6.15821e+01
 40 -0.03254 -4.10455e+01 | 41 -0.03841 -4.52174e+01 | 42  0.00170 -6.04563e+01
 43 -0.01660 -4.59481e+01 | 44 -0.03375 -3.33730e+01 | 45 -0.04053 -2.81840e+01
 46 -0.04458 -1.99168e+01 | 47 -0.09317 -5.24163e+00 | 48 -0.06287  2.73527e+00
 49 -0.11137  5.82315e+00 | 50  0.07193  4.47198e+00 | 51 -0.09512  2.48752e+00
 52 -0.03315 -6.90235e-01 | 53 -0.07769  4.64938e+00 | 54 -0.05750  3.61238e+00
 55 -0.02484  1.10959e+01 | 56 -0.08433  3.84669e+00 | 57 -0.04475  4.69186e+00
 58  0.00295  1.09259e+01 | 59 -0.01195  8.09058e+00 | 60 -0.02642  7.07001e+00
 61 -0.06825  5.04647e+00 | 62 -0.00036  1.29696e+01 | 63 -0.06662  7.03352e+00
 64 -0.11314  3.62621e+00 | 65 -0.04416  4.09129e+00 | 66 -0.11812  2.63195e+00
 67 -0.08974  4.95791e+00 | 68 -0.07490  3.90661e+00 | 69  0.01844  6.58076e+00
 70 -0.02658  2.43164e+00 | 71 -0.21798  1.44224e+00 | 72 -0.10226  3.32257e+00
 73 -0.08377  5.75974e-01 | 74 -0.03638  2.24053e-02 | 75 -0.03503  9.69670e-02
 76 -0.03499  1.49459e-01 | 77 -0.44814 -1.18015e+01 | 78  3.16382  4.26697e-02
 79 -0.26599  1.08866e+03 | 80 -0.70163 -2.08284e+01 | 81  1.80330  2.73842e+01
 82  3.74442 -4.28795e+00 | 83  0.52658 -6.76195e-04 | 84 -1.41810  4.07510e-03
84 variables; iteration 300; function evaluation 387; phase 3
Function value -7.4262666e+01; maximum gradient component mag 4.0487e+04
Var    Value     Gradient |Var    Value     Gradient |Var    Value     Gradient
  1  0.01339  4.04873e+04 |  2 -0.00615  4.81435e+01 |  3 -0.00651  5.80369e+01
  4 -0.02353  6.05610e+01 |  5 -0.02614  7.03092e+01 |  6 -0.02650  8.34810e+01
  7 -0.02763  9.79131e+01 |  8 -0.03209  1.10322e+02 |  9 -0.04000  1.19074e+02
 10 -0.04075  1.37296e+02 | 11 -0.03238  1.72124e+02 | 12 -0.04408  1.76329e+02
 13 -0.04964  1.88979e+02 | 14 -0.05373  2.05726e+02 | 15 -0.05197  2.38694e+02
 16 -0.05780  2.56119e+02 | 17 -0.05899  2.88498e+02 | 18 -0.05088  3.37009e+02
 19 -0.05707  3.31988e+02 | 20 -0.06059  3.29061e+02 | 21 -0.06160  3.25364e+02
 22 -0.06610  3.01713e+02 | 23 -0.05935  3.35203e+02 | 24 -0.05753  3.75491e+02
 25 -0.05591  4.48607e+02 | 26 -0.03190  7.23261e+02 | 27  0.06871  1.87537e+03
 28  0.04043  1.58605e+03 | 29 -0.09614  5.27322e+02 | 30 -0.17926  2.54964e+02
 31 -0.13990  3.42988e+02 | 32 -0.15005  3.00430e+02 | 33  0.05342  1.74883e+03
 34 -0.11334  4.13389e+02 | 35 -0.01037  8.39144e+02 | 36 -0.03623  6.27574e+02
 37 -0.02556  7.06093e+02 | 38  0.02195  9.85904e+02 | 39 -0.04339  6.18405e+02
 40 -0.03647  6.44239e+02 | 41 -0.03707  6.13582e+02 | 42  0.00169  7.33566e+02
 43 -0.01667  5.50762e+02 | 44 -0.03329  4.39537e+02 | 45 -0.04076  3.59119e+02
 46 -0.04449  2.89551e+02 | 47 -0.09291  1.60219e+02 | 48 -0.06293  1.21925e+02
 49 -0.11239  3.61918e+01 | 50  0.07239 -5.16163e+01 | 51 -0.09607 -2.01376e+01
 52 -0.03207 -4.09479e+01 | 53 -0.07907 -2.73683e+01 | 54 -0.05633 -3.01855e+01
 55 -0.02534 -3.64232e+01 | 56 -0.08354 -2.42424e+01 | 57 -0.04512 -3.26899e+01
 58  0.00369 -3.91171e+01 | 59 -0.01283 -3.74169e+01 | 60 -0.02509 -2.55851e+01
 61 -0.06655 -2.68952e+01 | 62 -0.00296 -7.32242e+01 | 63 -0.06389 -3.54603e+01
 64 -0.11441 -2.63624e+01 | 65 -0.04476 -4.38776e+01 | 66 -0.11610 -1.65624e+01
 67 -0.09037 -1.88769e+01 | 68 -0.07528 -1.63268e+01 | 69  0.01916 -9.43872e+00
 70 -0.02589 -9.36528e+00 | 71 -0.21752 -2.45459e+00 | 72 -0.10357 -7.07749e+00
 73 -0.08248  1.48790e-03 | 74 -0.03544  2.40437e-01 | 75 -0.03569 -8.16442e-02
 76 -0.03579 -6.61594e-02 | 77 -0.44910  1.56944e+03 | 78  2.89946  2.02180e+00
 79 -0.26650  1.88749e+04 | 80 -0.72497 -3.20506e+02 | 81  1.75329 -5.47152e+01
 82  3.82494 -2.76339e+01 | 83  0.52965 -1.40417e-03 | 84 -1.53015  2.85728e-03
84 variables; iteration 320; function evaluation 410; phase 3
Function value -9.3907392e+01; maximum gradient component mag 4.3960e+03
Var    Value     Gradient |Var    Value     Gradient |Var    Value     Gradient
  1  0.01343  4.39603e+03 |  2 -0.00598  1.22555e+01 |  3 -0.00634  1.49161e+01
  4 -0.02324  1.54757e+01 |  5 -0.02320  1.88128e+01 |  6 -0.02867  2.02867e+01
  7 -0.03519  2.15722e+01 |  8 -0.02244  3.26725e+01 |  9 -0.02458  3.72560e+01
 10 -0.02535  4.29824e+01 | 11 -0.03938  4.10125e+01 | 12 -0.00848  7.04905e+01
 13 -0.03251  6.00447e+01 | 14 -0.04694  5.69296e+01 | 15 -0.05385  6.04796e+01
 16 -0.03560  8.67895e+01 | 17 -0.01842  1.18499e+02 | 18 -0.04077  1.01838e+02
 19 -0.11084  4.17345e+01 | 20 -0.03365  1.18597e+02 | 21 -0.06703  8.20787e+01
 22 -0.05811  8.72045e+01 | 23 -0.05418  9.29960e+01 | 24 -0.08574  6.73216e+01
 25 -0.08818  7.70538e+01 | 26 -0.06330  1.43849e+02 | 27  0.07551  5.67192e+02
 28  0.03557  4.21360e+02 | 29 -0.11213  1.09390e+02 | 30 -0.15260  6.97660e+01
 31 -0.13924  7.13207e+01 | 32 -0.13919  4.47617e+01 | 33  0.05541  7.05189e+01
 34 -0.10887 -3.15042e+01 | 35 -0.01331 -1.63400e+02 | 36 -0.02969 -1.61798e+02
 37 -0.03740 -1.63993e+02 | 38  0.03041 -2.02943e+02 | 39 -0.05241 -7.34637e+01
 40 -0.03541 -4.07991e+01 | 41 -0.04138 -2.65031e+00 | 42  0.00435  2.71927e+01
 43 -0.01353  4.20968e+01 | 44 -0.03191  4.70948e+01 | 45 -0.04084  4.46825e+01
 46 -0.04046  4.21976e+01 | 47 -0.09508  2.08852e+01 | 48 -0.05193  2.50221e+01
 49 -0.15524  9.68327e+00 | 50  0.08207  1.00270e+01 | 51 -0.09287 -6.76987e-01
 52 -0.02796  6.54652e-01 | 53 -0.07641 -3.41793e+00 | 54 -0.05530 -7.22916e+00
 55 -0.02023 -1.22296e+01 | 56 -0.08058 -5.85560e+00 | 57 -0.04388 -8.07409e+00
 58  0.00558 -1.37281e+01 | 59 -0.00707 -1.29137e+01 | 60 -0.02444 -1.76039e+01
 61 -0.06606 -8.38937e+00 | 62  0.00249 -2.74299e+01 | 63 -0.06001 -1.27509e+01
 64 -0.11561 -8.61224e+00 | 65 -0.04007 -1.20917e+01 | 66 -0.11493 -4.61951e+00
 67 -0.08924 -3.97327e+00 | 68 -0.07974 -5.37793e+00 | 69  0.02163 -6.04202e+00
 70 -0.01763 -5.40717e+00 | 71 -0.21523 -1.23890e+00 | 72 -0.10533 -3.48063e+00
 73 -0.07862 -1.16109e-01 | 74 -0.03464  1.82299e-01 | 75 -0.03446 -3.68881e-02
 76 -0.03466 -5.37545e-02 | 77 -0.44611 -3.53078e+01 | 78  2.61652  4.46990e-01
 79 -0.26878  2.15534e+03 | 80 -0.79202 -1.85828e+01 | 81  1.67598  8.39614e+00
 82  3.76777  5.00369e+00 | 83  0.53081 -1.84817e+00 | 84 -1.70224 -9.55220e-01
84 variables; iteration 340; function evaluation 432; phase 3
Function value -9.5382946e+01; maximum gradient component mag -9.3687e+02
Var    Value     Gradient |Var    Value     Gradient |Var    Value     Gradient
  1  0.01352 -9.36873e+02 |  2 -0.00639  2.58432e+00 |  3 -0.00720  3.16441e+00
  4 -0.02363  3.27189e+00 |  5 -0.02476  3.90128e+00 |  6 -0.02668  4.40721e+00
  7 -0.02907  4.86911e+00 |  8 -0.02797  6.57295e+00 |  9 -0.03223  6.67121e+00
 10 -0.03042  8.87502e+00 | 11 -0.03581  8.73817e+00 | 12 -0.03545  1.07108e+01
 13 -0.03999  1.08447e+01 | 14 -0.03885  1.34441e+01 | 15 -0.04115  1.50191e+01
 16 -0.04842  1.43496e+01 | 17 -0.05448  1.44372e+01 | 18 -0.05196  1.73762e+01
 19 -0.09389  9.41820e-01 | 20 -0.05373  1.88097e+01 | 21 -0.05617  1.82756e+01
 22 -0.05566  1.81725e+01 | 23 -0.05288  2.10814e+01 | 24 -0.04821  2.66391e+01
 25 -0.05909  2.60847e+01 | 26 -0.05049  3.71130e+01 | 27  0.07044  1.29613e+02
 28  0.02516  7.94403e+01 | 29 -0.08984  2.30336e+01 | 30 -0.15638  5.82212e+00
 31 -0.14479  9.75423e+00 | 32 -0.14221 -1.78386e-01 | 33  0.05394 -4.30729e+01
 34 -0.11258 -2.95926e+01 | 35 -0.01141 -9.38072e+01 | 36 -0.03420 -1.06868e+02
 37 -0.03282 -1.13725e+02 | 38  0.02706 -1.94867e+02 | 39 -0.05259 -1.00179e+02
 40 -0.03659 -1.01468e+02 | 41 -0.04134 -8.12234e+01 | 42  0.00296 -7.97954e+01
 43 -0.01491 -4.54873e+01 | 44 -0.03339 -2.94601e+01 | 45 -0.04131 -1.85324e+01
 46 -0.04289 -9.53895e+00 | 47 -0.09423 -3.76712e+00 | 48 -0.05739 -5.23639e+00
 49 -0.13481 -9.47212e+00 | 50  0.07874 -2.62384e+00 | 51 -0.09433  5.23906e-01
 52 -0.02957 -1.58685e+00 | 53 -0.07628  2.63044e-01 | 54 -0.05520  1.31576e+00
 55 -0.02166  1.40608e+00 | 56 -0.08154  9.05930e-01 | 57 -0.04385  5.37142e-01
 58  0.00546  2.68102e+00 | 59 -0.00997  2.41152e+00 | 60 -0.02265  7.85990e+00
 61 -0.06906  2.77219e+00 | 62  0.00360  9.95535e+00 | 63 -0.06439  2.33659e+00
 64 -0.11330  1.39514e+00 | 65 -0.04116  1.62271e+00 | 66 -0.11660 -7.28954e-01
 67 -0.08968 -8.59411e-01 | 68 -0.07652 -1.48305e+00 | 69  0.02072 -6.13948e+00
 70 -0.02017 -1.00110e+00 | 71 -0.21758 -9.57753e-01 | 72 -0.10315 -4.51732e-01
 73 -0.08082 -8.06819e-03 | 74 -0.03601 -1.45032e-01 | 75 -0.03437  1.81558e-03
 76 -0.03436  4.14709e-02 | 77 -0.44504  1.65225e+01 | 78  2.60161 -9.91991e-02
 79 -0.26801 -8.68174e+02 | 80 -0.76716  1.00211e+01 | 81  1.70302  2.08764e+01
 82  3.69660  2.99099e+00 | 83  0.52579 -3.42359e-03 | 84 -1.61439  2.09664e-03
84 variables; iteration 360; function evaluation 453; phase 3
Function value -9.5677869e+01; maximum gradient component mag -5.6710e+02
Var    Value     Gradient |Var    Value     Gradient |Var    Value     Gradient
  1  0.01350 -5.67097e+02 |  2 -0.00604 -9.65840e-01 |  3 -0.00691 -1.11725e+00
  4 -0.02324 -1.21530e+00 |  5 -0.02426 -1.39339e+00 |  6 -0.02576 -1.70006e+00
  7 -0.02736 -2.05765e+00 |  8 -0.02785 -2.13611e+00 |  9 -0.02868 -2.29960e+00
 10 -0.03107 -2.86279e+00 | 11 -0.03513 -3.86489e+00 | 12 -0.03403 -3.65788e+00
 13 -0.03723 -4.55068e+00 | 14 -0.03953 -5.08224e+00 | 15 -0.04446 -6.32341e+00
 16 -0.04580 -6.85990e+00 | 17 -0.05207 -8.46144e+00 | 18 -0.05400 -9.05652e+00
 19 -0.09069 -1.77489e+01 | 20 -0.05287 -8.92922e+00 | 21 -0.05340 -9.16858e+00
 22 -0.05234 -8.95997e+00 | 23 -0.05381 -9.57080e+00 | 24 -0.05875 -1.10213e+01
 25 -0.06044 -1.21789e+01 | 26 -0.04623 -1.67689e+01 | 27  0.06358 -3.98381e+01
 28  0.02283 -4.49400e+01 | 29 -0.07299 -2.15484e+01 | 30 -0.14380 -1.49130e+01
 31 -0.15181 -1.16699e+01 | 32 -0.14414 -1.21150e+01 | 33  0.05277 -3.58761e+01
 34 -0.11295 -7.67137e+00 | 35 -0.01173 -4.50532e+00 | 36 -0.03484  3.41297e+00
 37 -0.03211  1.28302e+01 | 38  0.02552  1.67574e+01 | 39 -0.05132  1.65507e+01
 40 -0.03781  8.74058e+00 | 41 -0.04063  7.14581e+00 | 42  0.00228  3.73098e+00
 43 -0.01576 -3.65949e+00 | 44 -0.03374 -4.10657e+00 | 45 -0.04147 -4.92909e+00
 46 -0.04388 -6.46554e+00 | 47 -0.09403 -4.77014e+00 | 48 -0.05962 -1.29640e+00
 49 -0.12665 -2.55210e-01 | 50  0.07716  8.45646e+00 | 51 -0.09557  1.86082e+00
 52 -0.02969  4.10598e+00 | 53 -0.07710  1.57479e+00 | 54 -0.05533  9.17695e-01
 55 -0.02244  1.99419e+00 | 56 -0.08220  1.31713e+00 | 57 -0.04332  1.64254e+00
 58  0.00428  1.45307e-01 | 59 -0.00905  8.04154e-01 | 60 -0.02580 -3.65829e+00
 61 -0.06662  9.38925e-01 | 62  0.00190  1.32634e+00 | 63 -0.06447  6.62539e-01
 64 -0.11351  3.46812e-01 | 65 -0.04176  1.56940e+00 | 66 -0.11691  5.10913e-01
 67 -0.08974  8.42754e-01 | 68 -0.07598  1.35030e+00 | 69  0.02092  4.06230e+00
 70 -0.02230  8.71021e-01 | 71 -0.21667  2.38539e-01 | 72 -0.10291  2.69856e-01
 73 -0.08126  1.27218e-01 | 74 -0.03523  7.50564e-02 | 75 -0.03450  9.29273e-04
 76 -0.03467 -2.90877e-03 | 77 -0.44368 -7.76630e+01 | 78  2.60246 -1.90055e-01
 79 -0.26769 -3.87610e+02 | 80 -0.76085  5.24809e+00 | 81  1.70748  7.59873e+00
 82  3.67645 -2.02355e+00 | 83  0.52500 -2.61586e-03 | 84 -1.59345  2.32890e-03
84 variables; iteration 380; function evaluation 474; phase 3
Function value -9.5885575e+01; maximum gradient component mag -1.7654e+02
Var    Value     Gradient |Var    Value     Gradient |Var    Value     Gradient
  1  0.01353 -1.69978e+02 |  2 -0.00580  2.35149e+00 |  3 -0.00644  2.90857e+00
  4 -0.02283  3.00339e+00 |  5 -0.02413  3.50378e+00 |  6 -0.02539  4.11993e+00
  7 -0.02749  4.59640e+00 |  8 -0.02777  5.74784e+00 |  9 -0.03214  5.71285e+00
 10 -0.03369  6.64680e+00 | 11 -0.03179  8.89994e+00 | 12 -0.03137  1.07821e+01
 13 -0.03982  9.42914e+00 | 14 -0.04289  1.02910e+01 | 15 -0.04560  1.15460e+01
 16 -0.04383  1.45168e+01 | 17 -0.04495  1.67615e+01 | 18 -0.04954  1.66289e+01
 19 -0.09130  6.47115e-01 | 20 -0.05220  1.77460e+01 | 21 -0.05466  1.71710e+01
 22 -0.05468  1.67046e+01 | 23 -0.05445  1.78428e+01 | 24 -0.05884  1.78748e+01
 25 -0.06381  1.87511e+01 | 26 -0.04509  3.04934e+01 | 27  0.05377  8.72973e+01
 28  0.02993  6.39988e+01 | 29 -0.07481  2.52328e+01 | 30 -0.13340  1.43576e+01
 31 -0.14654  1.04016e+01 | 32 -0.14381  3.16076e+00 | 33  0.05094 -2.34982e+01
 34 -0.11247 -1.69854e+01 | 35 -0.01213 -5.65843e+01 | 36 -0.03564 -6.33470e+01
 37 -0.03178 -6.38100e+01 | 38  0.02465 -1.09767e+02 | 39 -0.05125 -4.84359e+01
 40 -0.03860 -5.94730e+01 | 41 -0.04020 -4.14008e+01 | 42  0.00165 -4.60667e+01
 43 -0.01633 -3.07098e+01 | 44 -0.03414 -1.77306e+01 | 45 -0.04169 -1.24845e+01
 46 -0.04462 -7.69556e+00 | 47 -0.09402 -1.85458e+00 | 48 -0.06080  3.05969e+00
 49 -0.12309  2.11498e-02 | 50  0.07605  1.13897e+01 | 51 -0.09628  1.92409e+00
 52 -0.03040  3.56626e+00 | 53 -0.07765  2.01116e+00 | 54 -0.05564  1.03743e+00
 55 -0.02324  2.66702e+00 | 56 -0.08251  1.85355e+00 | 57 -0.04364  1.32582e+00
 58  0.00377 -7.91655e-01 | 59 -0.00980 -1.09047e+00 | 60 -0.02641 -4.57664e+00
 61 -0.06702  3.20125e-01 | 62  0.00142  1.54178e+00 | 63 -0.06550  7.83864e-02
 64 -0.11363  5.22164e-02 | 65 -0.04233  1.24862e+00 | 66 -0.11751 -3.17133e-02
 67 -0.09025 -1.85917e-01 | 68 -0.07571  9.19672e-01 | 69  0.02020  5.95855e-01
 70 -0.02331 -5.63807e-01 | 71 -0.21767 -1.71775e-01 | 72 -0.10290  2.32426e-02
 73 -0.08188 -1.07751e-02 | 74 -0.03528  1.05117e-01 | 75 -0.03472 -1.30414e-02
 76 -0.03496 -3.18178e-02 | 77 -0.44308 -1.76543e+02 | 78  2.58431 -7.62208e-01
 79 -0.26754 -1.65748e+02 | 80 -0.76214  2.35791e+00 | 81  1.70485  1.01909e+01
 82  3.68685  2.84192e-02 | 83  0.52579 -2.67051e-03 | 84 -1.58560  2.39137e-03
84 variables; iteration 400; function evaluation 494; phase 3
Function value -9.6236160e+01; maximum gradient component mag 6.6969e+03
Var    Value     Gradient |Var    Value     Gradient |Var    Value     Gradient
  1  0.01323  6.69692e+03 |  2 -0.00663  4.89137e+00 |  3 -0.00772  5.85642e+00
  4 -0.02400  6.15786e+00 |  5 -0.02499  7.38281e+00 |  6 -0.02615  8.75996e+00
  7 -0.02755  1.02828e+01 |  8 -0.02920  1.19380e+01 |  9 -0.03320  1.28957e+01
 10 -0.03430  1.50972e+01 | 11 -0.03421  1.80707e+01 | 12 -0.03858  1.93722e+01
 13 -0.03705  2.33323e+01 | 14 -0.03747  2.70359e+01 | 15 -0.04293  2.87403e+01
 16 -0.04383  3.27580e+01 | 17 -0.04516  3.72618e+01 | 18 -0.05063  3.77768e+01
 19 -0.06098  3.39976e+01 | 20 -0.05182  4.14511e+01 | 21 -0.06043  3.67280e+01
 22 -0.05837  3.72011e+01 | 23 -0.05648  4.08039e+01 | 24 -0.05564  4.59838e+01
 25 -0.06067  4.98791e+01 | 26 -0.05123  6.90822e+01 | 27  0.04033  1.89267e+02
 28  0.04619  2.07666e+02 | 29 -0.08540  6.96055e+01 | 30 -0.13313  4.90298e+01
 31 -0.14645  4.36359e+01 | 32 -0.14045  4.42481e+01 | 33  0.05011  2.19103e+02
 34 -0.11368  5.82539e+01 | 35 -0.01153  1.46933e+02 | 36 -0.03679  1.25300e+02
 37 -0.02993  1.58446e+02 | 38  0.02346  2.35557e+02 | 39 -0.05070  1.45690e+02
 40 -0.03867  1.55544e+02 | 41 -0.03969  1.52610e+02 | 42  0.00126  1.87999e+02
 43 -0.01685  1.41913e+02 | 44 -0.03442  1.13266e+02 | 45 -0.04170  9.60259e+01
 46 -0.04567  7.92812e+01 | 47 -0.09343  4.29418e+01 | 48 -0.06246  3.58376e+01
 49 -0.11732  1.17217e+01 | 50  0.07504  1.67797e+00 | 51 -0.09656 -8.88397e-01
 52 -0.03053 -1.61093e+00 | 53 -0.07792 -5.25284e-01 | 54 -0.05496 -3.46647e+00
 55 -0.02367 -4.30979e+00 | 56 -0.08239 -2.43041e+00 | 57 -0.04306 -3.53540e+00
 58  0.00373 -5.93153e+00 | 59 -0.01019 -4.89724e+00 | 60 -0.02641 -6.10944e+00
 61 -0.06754 -3.43592e+00 | 62  0.00189 -1.18244e+00 | 63 -0.06707 -2.45086e+00
 64 -0.11276 -5.69395e-01 | 65 -0.04260 -1.03410e+00 | 66 -0.11811 -8.98243e-01
 67 -0.09010 -1.13702e+00 | 68 -0.07536 -1.93958e+00 | 69  0.02024 -6.26488e+00
 70 -0.02420 -3.00033e+00 | 71 -0.21845 -8.56367e-01 | 72 -0.10237 -1.21820e+00
 73 -0.08186 -2.48017e-01 | 74 -0.03580 -3.29661e-02 | 75 -0.03452  3.20561e-02
 76 -0.03480  3.44979e-03 | 77 -0.44198  1.27966e+03 | 78  2.56337  1.08280e+01
 79 -0.26719  3.75347e+03 | 80 -0.75703 -5.00380e+01 | 81  1.69922 -1.41449e+01
 82  3.70032 -6.01715e+00 | 83  0.52808 -3.24412e-03 | 84 -1.52017  2.94861e-03
84 variables; iteration 420; function evaluation 514; phase 3
Function value -9.6437488e+01; maximum gradient component mag 1.0407e+03
Var    Value     Gradient |Var    Value     Gradient |Var    Value     Gradient
  1  0.01319  1.04068e+03 |  2 -0.00626  4.50639e-01 |  3 -0.00771  4.32582e-01
  4 -0.02367  5.26454e-01 |  5 -0.02465  6.99787e-01 |  6 -0.02684  5.94333e-01
  7 -0.02912  5.10991e-01 |  8 -0.02927  1.07263e+00 |  9 -0.02798  2.11273e+00
 10 -0.03053  2.10947e+00 | 11 -0.03872  4.97102e-01 | 12 -0.03066  3.72757e+00
 13 -0.03544  3.10627e+00 | 14 -0.04271  1.92593e+00 | 15 -0.04950  9.72766e-01
 16 -0.04084  4.83323e+00 | 17 -0.04818  3.82625e+00 | 18 -0.05995  8.78903e-01
 19 -0.05100  4.60669e+00 | 20 -0.05194  4.89345e+00 | 21 -0.05292  4.81403e+00
 22 -0.05282  4.71124e+00 | 23 -0.05326  5.09831e+00 | 24 -0.06743  1.32198e+00
 25 -0.06748  3.11626e+00 | 26 -0.04706  1.04863e+01 | 27  0.03699  4.40425e+01
 28  0.05058  5.41681e+01 | 29 -0.09210  1.26915e+01 | 30 -0.12471  1.61927e+01
 31 -0.15644  8.52726e+00 | 32 -0.14111  1.37510e+01 | 33  0.05062  8.95081e+01
 34 -0.11210  2.62918e+01 | 35 -0.01267  4.84484e+01 | 36 -0.03518  3.28652e+01
 37 -0.03203  2.41626e+01 | 38  0.02494  2.66427e+01 | 39 -0.05274  7.87084e+00
 40 -0.03770  6.45212e+00 | 41 -0.04024  6.58443e+00 | 42  0.00124  6.90782e+00
 43 -0.01676  9.30626e+00 | 44 -0.03455  8.88340e+00 | 45 -0.04181  7.74212e+00
 46 -0.04585  7.16310e+00 | 47 -0.09344  3.57240e+00 | 48 -0.06205  9.95359e-01
 49 -0.11993  1.34703e+00 | 50  0.07559 -3.73390e+00 | 51 -0.09665 -1.39166e+00
 52 -0.03047 -2.44997e+00 | 53 -0.07843 -7.19671e-03 | 54 -0.05476 -4.06852e-01
 55 -0.02341  2.17353e-01 | 56 -0.08239 -5.11727e-01 | 57 -0.04318 -1.14066e+00
 58  0.00385 -1.18978e+00 | 59 -0.01041 -6.73286e-01 | 60 -0.02607 -2.72626e-01
 61 -0.06785 -1.77826e+00 | 62  0.00154 -3.03078e+00 | 63 -0.06622 -3.28690e-01
 64 -0.11361 -1.29709e-01 | 65 -0.04265 -1.31075e+00 | 66 -0.11816 -1.13503e-01
 67 -0.09048  4.50339e-01 | 68 -0.07621  7.38018e-01 | 69  0.02045  6.18411e-01
 70 -0.02427  7.73832e-01 | 71 -0.21753  7.33753e-01 | 72 -0.10290  2.06524e-01
 73 -0.08155 -1.00498e-01 | 74 -0.03542  5.83036e-02 | 75 -0.03466 -7.58871e-03
 76 -0.03485 -1.18980e-02 | 77 -0.44193  1.60009e+02 | 78  2.60158  1.28232e+00
 79 -0.26727  8.24266e+02 | 80 -0.75419 -1.07500e+01 | 81  1.68311  6.63245e+00
 82  3.74333 -1.72047e-01 | 83  0.53393 -8.07317e-03 | 84 -1.49497  3.19162e-03
84 variables; iteration 440; function evaluation 545; phase 3
Function value -1.0092968e+02; maximum gradient component mag -1.0594e+04
Var    Value     Gradient |Var    Value     Gradient |Var    Value     Gradient
  1  0.01296 -8.40949e+03 |  2 -0.00457 -8.10281e+00 |  3 -0.00374 -9.43417e+00
  4 -0.02204 -1.03891e+01 |  5 -0.02118 -1.20183e+01 |  6 -0.02550 -1.47363e+01
  7 -0.03144 -1.78615e+01 |  8 -0.02535 -1.97275e+01 |  9 -0.03195 -2.32762e+01
 10 -0.03158 -2.63293e+01 | 11 -0.04518 -3.05198e+01 | 12 -0.02024 -3.39273e+01
 13 -0.03400 -3.80058e+01 | 14 -0.03292 -4.26943e+01 | 15 -0.04024 -4.75956e+01
 16 -0.03759 -5.37048e+01 | 17 -0.04553 -5.90052e+01 | 18 -0.04969 -6.33959e+01
 19 -0.03580 -7.03041e+01 | 20 -0.04990 -6.88164e+01 | 21 -0.05965 -6.69301e+01
 22 -0.06042 -6.56719e+01 | 23 -0.05728 -6.91300e+01 | 24 -0.04598 -7.70836e+01
 25 -0.06189 -7.77837e+01 | 26 -0.06535 -8.76192e+01 | 27  0.01158 -1.49411e+02
 28  0.05707 -2.04007e+02 | 29 -0.07128 -8.61354e+01 | 30 -0.13172 -6.84449e+01
 31 -0.14772 -7.12349e+01 | 32 -0.13814 -9.56190e+01 | 33  0.05111 -5.43868e+02
 34 -0.10996 -1.34301e+02 | 35 -0.01387 -2.01335e+02 | 36 -0.03621 -7.96016e+01
 37 -0.03251  1.10079e+01 | 38  0.02548  8.33760e+01 | 39 -0.05034  5.27213e+01
 40 -0.03865 -4.47483e+01 | 41 -0.04275 -1.12391e+02 | 42  0.00250 -2.69710e+02
 43 -0.01631 -3.01978e+02 | 44 -0.03439 -2.93022e+02 | 45 -0.04361 -2.78186e+02
 46 -0.04486 -2.25631e+02 | 47 -0.09516 -1.04624e+02 | 48 -0.05458 -3.82747e+01
 49 -0.15526  5.53205e+01 | 50  0.08241  1.13063e+02 | 51 -0.09497  1.31461e+01
 52 -0.02744  1.48542e+01 | 53 -0.08278 -4.05000e+00 | 54 -0.05348 -1.02994e+01
 55 -0.02135 -1.45792e+01 | 56 -0.07990 -5.72700e+00 | 57 -0.04429 -9.05222e+00
 58  0.00401 -4.27592e+00 | 59 -0.00476 -4.88688e+00 | 60 -0.03341 -2.77979e+01
 61 -0.06284  3.74332e+00 | 62  0.00119 -5.68874e+00 | 63 -0.05879  7.86906e+00
 64 -0.12387 -4.54742e+00 | 65 -0.03808  3.03748e+00 | 66 -0.12187 -3.80796e+00
 67 -0.09105  2.83053e+00 | 68 -0.08512  5.37247e+00 | 69  0.02312  7.72957e-01
 70 -0.02274 -2.49049e+01 | 71 -0.21755 -3.66211e+00 | 72 -0.10676 -9.24030e-01
 73 -0.07248  2.04023e+00 | 74 -0.03665 -3.28741e-01 | 75 -0.03323  2.57647e-01
 76 -0.03237  5.07174e-01 | 77 -0.43895 -2.80473e+03 | 78  2.53080 -6.11814e+01
 79 -0.26782 -1.05939e+04 | 80 -0.70347  1.60280e+02 | 81  1.54565  8.48794e+01
 82  3.86847  3.52197e+01 | 83  0.56098 -2.70640e+00 | 84 -1.44136 -1.92088e-02
84 variables; iteration 460; function evaluation 568; phase 3
Function value -1.0546856e+02; maximum gradient component mag -5.6337e+02
Var    Value     Gradient |Var    Value     Gradient |Var    Value     Gradient
  1  0.01373  4.05993e+02 |  2 -0.00380  3.88125e+00 |  3 -0.00406  4.77569e+00
  4 -0.02019  5.03959e+00 |  5 -0.02145  5.83308e+00 |  6 -0.02149  7.17246e+00
  7 -0.02160  8.69520e+00 |  8 -0.02374  9.74171e+00 |  9 -0.02364  1.17325e+01
 10 -0.02629  1.29009e+01 | 11 -0.02520  1.56941e+01 | 12 -0.03075  1.61100e+01
 13 -0.03243  1.80683e+01 | 14 -0.03688  1.91972e+01 | 15 -0.03802  2.22098e+01
 16 -0.04200  2.39552e+01 | 17 -0.04766  2.53748e+01 | 18 -0.04697  2.89826e+01
 19 -0.04959  2.98729e+01 | 20 -0.05676  2.76266e+01 | 21 -0.05842  2.74522e+01
 22 -0.05677  2.80115e+01 | 23 -0.06257  2.69492e+01 | 24 -0.05703  3.36078e+01
 25 -0.06269  3.56492e+01 | 26 -0.04464  5.56378e+01 | 27  0.01535  1.11296e+02
 28  0.03442  1.30604e+02 | 29 -0.06241  5.18790e+01 | 30 -0.13211  1.76852e+01
 31 -0.13718  1.33831e+01 | 32 -0.11669  9.65281e+00 | 33  0.04409 -4.15703e+01
 34 -0.11301 -3.04640e+01 | 35 -0.01463 -8.53207e+01 | 36 -0.03780 -8.64138e+01
 37 -0.03568 -9.11732e+01 | 38  0.02535 -1.24210e+02 | 39 -0.06044 -6.83184e+01
 40 -0.03868 -5.00723e+01 | 41 -0.04387 -3.06068e+01 | 42  0.00081 -2.56498e+01
 43 -0.01796 -7.48060e+00 | 44 -0.03576  7.73104e+00 | 45 -0.04407  8.04008e+00
 46 -0.04684  1.05158e+01 | 47 -0.09568  5.90785e+00 | 48 -0.05899  3.05099e+00
 49 -0.14310 -2.07738e+00 | 50  0.07904 -1.05624e+01 | 51 -0.09808 -2.58754e+00
 52 -0.03015 -3.87414e+00 | 53 -0.08028 -2.30899e+00 | 54 -0.05522 -3.76149e+00
 55 -0.02274 -5.01094e+00 | 56 -0.08246 -2.83612e+00 | 57 -0.04434 -3.82890e+00
 58  0.00346 -3.41532e+00 | 59 -0.01013 -1.19337e+00 | 60 -0.02681 -1.09303e+00
 61 -0.07006 -1.27688e+00 | 62  0.00261 -2.28295e+00 | 63 -0.06660 -1.52192e+00
 64 -0.11631 -1.83817e-01 | 65 -0.04230  2.27553e-01 | 66 -0.11909  3.94118e-01
 67 -0.09243 -2.43998e-02 | 68 -0.08125 -4.42108e-01 | 69  0.02051 -8.69781e-01
 70 -0.02258 -3.91871e-01 | 71 -0.21938 -3.09258e-01 | 72 -0.10588 -3.29573e-01
 73 -0.07907  1.34729e-01 | 74 -0.03507  1.00373e-01 | 75 -0.03443  1.15161e-03
 76 -0.03475 -3.85735e-02 | 77 -0.43824 -3.25408e+01 | 78  2.44015 -7.58568e-01
 79 -0.26773 -5.63365e+02 | 80 -0.73434  7.51696e+00 | 81  1.58749  9.17164e+00
 82  3.65093  3.50118e+00 | 83  0.54492 -6.57200e-02 | 84 -1.43876  3.81131e-03
84 variables; iteration 480; function evaluation 590; phase 3
Function value -1.0577676e+02; maximum gradient component mag -1.4126e+03
Var    Value     Gradient |Var    Value     Gradient |Var    Value     Gradient
  1  0.01347 -1.41260e+03 |  2 -0.00462 -3.43535e-01 |  3 -0.00576 -5.02868e-01
  4 -0.02167 -4.75541e-01 |  5 -0.02245 -5.16264e-01 |  6 -0.02350 -6.17374e-01
  7 -0.02433 -6.47031e-01 |  8 -0.02659 -1.02927e+00 |  9 -0.02650 -7.86521e-01
 10 -0.02816 -9.79672e-01 | 11 -0.03036 -1.30457e+00 | 12 -0.03665 -2.72328e+00
 13 -0.03458 -1.93231e+00 | 14 -0.03762 -2.40228e+00 | 15 -0.03578 -1.53917e+00
 16 -0.04198 -2.86643e+00 | 17 -0.04461 -3.08092e+00 | 18 -0.05535 -5.69075e+00
 19 -0.06219 -7.22800e+00 | 20 -0.05137 -4.04673e+00 | 21 -0.05243 -4.19252e+00
 22 -0.05175 -4.01401e+00 | 23 -0.05477 -4.82007e+00 | 24 -0.05743 -5.67192e+00
 25 -0.05505 -5.84393e+00 | 26 -0.04725 -7.91676e+00 | 27  0.02226 -7.82217e+00
 28  0.02870 -1.65330e+01 | 29 -0.06935 -1.42237e+01 | 30 -0.11261 -1.00968e+01
 31 -0.13111 -9.95876e+00 | 32 -0.12379 -1.12849e+01 | 33  0.04435 -6.21197e+01
 34 -0.11331 -2.32580e+01 | 35 -0.01340 -5.22804e+01 | 36 -0.03871 -5.47004e+01
 37 -0.03278 -5.23647e+01 | 38  0.02372 -8.69136e+01 | 39 -0.05685 -4.09287e+01
 40 -0.03975 -4.71590e+01 | 41 -0.04224 -3.55167e+01 | 42  0.00100 -4.52073e+01
 43 -0.01729 -3.21057e+01 | 44 -0.03558 -2.48004e+01 | 45 -0.04306 -1.97576e+01
 46 -0.04640 -1.61809e+01 | 47 -0.09470 -8.18432e+00 | 48 -0.06056 -6.06680e+00
 49 -0.13165  1.58523e+00 | 50  0.07781  8.40419e+00 | 51 -0.09721  2.64929e+00
 52 -0.03011  4.46181e+00 | 53 -0.07907  2.57623e+00 | 54 -0.05490  2.33241e+00
 55 -0.02276  3.10307e+00 | 56 -0.08228  1.96101e+00 | 57 -0.04354  2.22109e+00
 58  0.00389  2.29601e+00 | 59 -0.00999  1.64901e+00 | 60 -0.02644  5.48260e-01
 61 -0.06857  9.31253e-01 | 62  0.00238  2.19818e+00 | 63 -0.06614  1.09649e+00
 64 -0.11498  7.38053e-01 | 65 -0.04212  1.38742e+00 | 66 -0.11851  8.49822e-01
 67 -0.09117  1.22268e+00 | 68 -0.07864  9.64018e-01 | 69  0.02088  2.38257e+00
 70 -0.02311  8.39355e-01 | 71 -0.21826  2.45707e-01 | 72 -0.10421  1.66481e-01
 73 -0.08008  2.84033e-02 | 74 -0.03542  1.31166e-02 | 75 -0.03446 -4.16851e-03
 76 -0.03460  7.38552e-04 | 77 -0.43828 -2.17005e+02 | 78  2.40189 -6.10505e+00
 79 -0.26761 -1.39309e+03 | 80 -0.74771  1.83046e+01 | 81  1.60323  7.56554e+00
 82  3.56137  1.26293e+00 | 83  0.53698 -1.62129e-02 | 84 -1.47855  3.36068e-03
84 variables; iteration 500; function evaluation 610; phase 3
Function value -1.0586978e+02; maximum gradient component mag -9.5881e+02
Var    Value     Gradient |Var    Value     Gradient |Var    Value     Gradient
  1  0.01335 -9.58806e+02 |  2 -0.00490 -7.12192e-01 |  3 -0.00572 -8.49551e-01
  4 -0.02185 -8.95770e-01 |  5 -0.02278 -1.04940e+00 |  6 -0.02393 -1.25444e+00
  7 -0.02530 -1.51565e+00 |  8 -0.02641 -1.70752e+00 |  9 -0.02628 -1.57952e+00
 10 -0.02773 -1.84207e+00 | 11 -0.03111 -2.60049e+00 | 12 -0.03323 -3.07311e+00
 13 -0.03473 -3.37409e+00 | 14 -0.03750 -3.93364e+00 | 15 -0.04082 -4.63405e+00
 16 -0.04280 -5.03791e+00 | 17 -0.04708 -5.90992e+00 | 18 -0.04980 -6.52303e+00
 19 -0.05542 -7.78321e+00 | 20 -0.05069 -6.44805e+00 | 21 -0.05584 -7.65709e+00
 22 -0.05386 -7.12902e+00 | 23 -0.05991 -8.72014e+00 | 24 -0.06095 -9.30205e+00
 25 -0.05642 -9.33280e+00 | 26 -0.03471 -1.08097e+01 | 27  0.01993 -1.82454e+01
 28  0.02643 -2.76801e+01 | 29 -0.06649 -1.80604e+01 | 30 -0.11302 -1.16983e+01
 31 -0.13032 -9.35888e+00 | 32 -0.12573 -8.33653e+00 | 33  0.04419 -2.73365e+01
 34 -0.11318 -8.06331e+00 | 35 -0.01361 -1.67215e+01 | 36 -0.03852 -1.66417e+01
 37 -0.03210 -1.48125e+01 | 38  0.02293 -3.59720e+01 | 39 -0.05621 -1.32506e+01
 40 -0.04000 -2.32133e+01 | 41 -0.04199 -2.02886e+01 | 42  0.00081 -2.70350e+01
 43 -0.01770 -2.26910e+01 | 44 -0.03567 -1.77921e+01 | 45 -0.04308 -1.54434e+01
 46 -0.04699 -1.39454e+01 | 47 -0.09436 -6.98865e+00 | 48 -0.06197 -6.57846e+00
 49 -0.12562 -1.37239e+00 | 50  0.07694 -4.97611e-01 | 51 -0.09796 -1.00117e-01
 52 -0.03008  6.69098e-01 | 53 -0.07900  9.91659e-01 | 54 -0.05449  1.21449e+00
 55 -0.02305  1.93149e+00 | 56 -0.08229  1.12821e+00 | 57 -0.04311  1.71136e+00
 58  0.00397  2.28930e+00 | 59 -0.01032  1.68577e+00 | 60 -0.02630  2.21486e+00
 61 -0.06822  9.29462e-01 | 62  0.00227  1.47400e+00 | 63 -0.06676  3.90837e-01
 64 -0.11432  4.05183e-01 | 65 -0.04226  8.00223e-01 | 66 -0.11867  4.72135e-01
 67 -0.09099  5.59100e-01 | 68 -0.07743  5.36916e-01 | 69  0.02089  9.00188e-01
 70 -0.02371  1.26227e+00 | 71 -0.21859  1.44034e-01 | 72 -0.10338  2.52694e-01
 73 -0.08035  2.99557e-02 | 74 -0.03539  1.13381e-02 | 75 -0.03442 -5.83723e-04
 76 -0.03457  2.94105e-03 | 77 -0.43811 -1.45262e+02 | 78  2.39893 -4.25843e+00
 79 -0.26735 -6.79765e+02 | 80 -0.74627  9.34236e+00 | 81  1.60441  6.08541e+00
 82  3.55410  9.90842e-01 | 83  0.53725 -1.69788e-02 | 84 -1.46136  3.54809e-03
84 variables; iteration 520; function evaluation 630; phase 3
Function value -1.0594534e+02; maximum gradient component mag 5.4146e+02
Var    Value     Gradient |Var    Value     Gradient |Var    Value     Gradient
  1  0.01337  5.41462e+02 |  2 -0.00519  5.81369e-01 |  3 -0.00608  6.92757e-01
  4 -0.02223  7.31322e-01 |  5 -0.02333  8.54590e-01 |  6 -0.02445  1.02146e+00
  7 -0.02565  1.22005e+00 |  8 -0.02736  1.33527e+00 |  9 -0.02882  1.57355e+00
 10 -0.03046  1.80298e+00 | 11 -0.03236  2.01992e+00 | 12 -0.03455  2.17781e+00
 13 -0.03623  2.53532e+00 | 14 -0.03879  2.78053e+00 | 15 -0.04112  3.23485e+00
 16 -0.04447  3.34960e+00 | 17 -0.04784  3.70887e+00 | 18 -0.04941  4.26198e+00
 19 -0.04682  6.01785e+00 | 20 -0.05371  4.32939e+00 | 21 -0.05352  4.74349e+00
 22 -0.05425  4.43496e+00 | 23 -0.05540  4.61324e+00 | 24 -0.05627  5.10730e+00
 25 -0.05709  5.56886e+00 | 26 -0.04364  8.91251e+00 | 27  0.01934  2.21484e+01
 28  0.02349  1.81929e+01 | 29 -0.05678  8.84069e+00 | 30 -0.11243  5.56600e+00
 31 -0.13133  4.36386e+00 | 32 -0.12670  4.74487e+00 | 33  0.04360  1.92826e+01
 34 -0.11311  5.00111e+00 | 35 -0.01382  9.35952e+00 | 36 -0.03837  8.72687e+00
 37 -0.03281  8.67496e+00 | 38  0.02327  1.62111e+01 | 39 -0.05751  8.20708e+00
 40 -0.03971  1.04988e+01 | 41 -0.04199  8.77843e+00 | 42  0.00060  1.12097e+01
 43 -0.01789  8.25719e+00 | 44 -0.03584  6.39473e+00 | 45 -0.04311  5.63563e+00
 46 -0.04717  4.87654e+00 | 47 -0.09440  2.60040e+00 | 48 -0.06266  2.56647e+00
 49 -0.12273  4.57681e-01 | 50  0.07614 -7.93113e-01 | 51 -0.09816 -3.26265e-01
 52 -0.03042 -6.99796e-01 | 53 -0.07928 -5.04146e-01 | 54 -0.05460 -5.07991e-01
 55 -0.02359 -6.96263e-01 | 56 -0.08250 -4.46370e-01 | 57 -0.04324 -5.66589e-01
 58  0.00365 -7.76751e-01 | 59 -0.01051 -7.68540e-01 | 60 -0.02679 -6.60932e-01
 61 -0.06800 -4.32391e-01 | 62  0.00177 -7.09760e-01 | 63 -0.06698 -3.91298e-01
 64 -0.11424 -2.70637e-01 | 65 -0.04257 -5.43370e-01 | 66 -0.11885 -3.45258e-01
 67 -0.09099 -4.39225e-01 | 68 -0.07703 -3.98655e-01 | 69  0.02063 -7.38587e-01
 70 -0.02445 -5.19684e-01 | 71 -0.21868 -9.49470e-02 | 72 -0.10323 -1.02601e-01
 73 -0.08074 -8.72761e-03 | 74 -0.03556 -4.95974e-03 | 75 -0.03451  2.66267e-03
 76 -0.03468  1.60182e-03 | 77 -0.43804  3.20956e+01 | 78  2.39179  8.72379e-01
 79 -0.26718  3.09243e+02 | 80 -0.74352 -4.48926e+00 | 81  1.60838 -5.60026e+00
 82  3.52079 -3.32338e-01 | 83  0.53607 -1.36316e-02 | 84 -1.44849  3.69610e-03
84 variables; iteration 540; function evaluation 650; phase 3
Function value -1.0595802e+02; maximum gradient component mag 8.0856e+02
Var    Value     Gradient |Var    Value     Gradient |Var    Value     Gradient
  1  0.01336  8.08563e+02 |  2 -0.00517  1.28318e+00 |  3 -0.00612  1.51930e+00
  4 -0.02225  1.61235e+00 |  5 -0.02333  1.90522e+00 |  6 -0.02451  2.24856e+00
  7 -0.02594  2.60533e+00 |  8 -0.02713  3.11295e+00 |  9 -0.02798  3.80664e+00
 10 -0.03002  4.21133e+00 | 11 -0.03128  4.95545e+00 | 12 -0.03339  5.49412e+00
 13 -0.03414  6.54225e+00 | 14 -0.03796  6.77421e+00 | 15 -0.04227  7.01554e+00
 16 -0.04318  8.45797e+00 | 17 -0.04652  9.37257e+00 | 18 -0.04860  1.01996e+01
 19 -0.04723  1.19812e+01 | 20 -0.05248  1.08838e+01 | 21 -0.05433  1.06449e+01
 22 -0.05384  1.07375e+01 | 23 -0.05529  1.11225e+01 | 24 -0.05649  1.20950e+01
 25 -0.05721  1.36613e+01 | 26 -0.04477  1.99997e+01 | 27  0.01421  4.27992e+01
 28  0.02821  4.71422e+01 | 29 -0.05828  2.29913e+01 | 30 -0.11349  1.45146e+01
 31 -0.13082  1.22567e+01 | 32 -0.12739  1.17736e+01 | 33  0.04369  4.50080e+01
 34 -0.11320  9.04774e+00 | 35 -0.01380  9.48632e+00 | 36 -0.03835  2.51587e+00
 37 -0.03284 -1.62149e+00 | 38  0.02333 -1.37752e+00 | 39 -0.05767 -2.12261e+00
 40 -0.03969  8.86707e-01 | 41 -0.04189  1.76189e+00 | 42  0.00055  3.77279e+00
 43 -0.01785  5.01374e+00 | 44 -0.03586  4.09977e+00 | 45 -0.04306  4.08707e+00
 46 -0.04718  2.95987e+00 | 47 -0.09435  7.77751e-01 | 48 -0.06283 -8.86742e-01
 49 -0.12199 -7.33517e-01 | 50  0.07601 -3.38758e+00 | 51 -0.09819 -7.91873e-01
 52 -0.03037 -1.24762e+00 | 53 -0.07936 -1.26271e+00 | 54 -0.05452 -1.19628e+00
 55 -0.02370 -1.80316e+00 | 56 -0.08244 -7.76874e-01 | 57 -0.04323 -9.04022e-01
 58  0.00367 -1.24309e+00 | 59 -0.01057 -1.20076e+00 | 60 -0.02672 -7.08084e-01
 61 -0.06793 -7.70342e-01 | 62  0.00168 -1.81380e+00 | 63 -0.06693 -8.48117e-01
 64 -0.11425 -7.00259e-01 | 65 -0.04257 -7.79705e-01 | 66 -0.11884 -2.61652e-01
 67 -0.09087 -1.55157e-01 | 68 -0.07693 -2.39813e-01 | 69  0.02069  5.11467e-01
 70 -0.02454 -1.13143e-02 | 71 -0.21862 -2.80012e-02 | 72 -0.10314 -6.66699e-02
 73 -0.08080 -1.90926e-03 | 74 -0.03555 -2.70381e-03 | 75 -0.03455 -7.03523e-03
 76 -0.03470 -1.86798e-03 | 77 -0.43809  4.05835e+01 | 78  2.39045  1.16156e+00
 79 -0.26715  4.61870e+02 | 80 -0.74402 -6.74440e+00 | 81  1.60625 -4.62929e+00
 82  3.53944 -1.55050e-01 | 83  0.53741 -1.68137e-02 | 84 -1.44824  3.69905e-03
84 variables; iteration 560; function evaluation 670; phase 3
Function value -1.0596730e+02; maximum gradient component mag -1.0206e+02
Var    Value     Gradient |Var    Value     Gradient |Var    Value     Gradient
  1  0.01340 -1.02059e+02 |  2 -0.00506 -4.87967e-02 |  3 -0.00598 -7.28099e-02
  4 -0.02208 -6.63503e-02 |  5 -0.02314 -8.87622e-02 |  6 -0.02426 -9.89010e-02
  7 -0.02549 -1.08451e-01 |  8 -0.02700 -1.63291e-01 |  9 -0.02812 -8.08173e-02
 10 -0.02976 -1.11764e-01 | 11 -0.03187 -2.38367e-01 | 12 -0.03422 -4.43608e-01
 13 -0.03567 -3.52712e-01 | 14 -0.03876 -6.08141e-01 | 15 -0.04117 -6.05453e-01
 16 -0.04376 -6.82720e-01 | 17 -0.04605 -4.71284e-01 | 18 -0.04911 -7.79159e-01
 19 -0.04574  7.61263e-01 | 20 -0.05211 -7.34351e-01 | 21 -0.05436 -1.21219e+00
 22 -0.05432 -1.25810e+00 | 23 -0.05441 -1.15803e+00 | 24 -0.05467 -1.22399e+00
 25 -0.05553 -2.01109e+00 | 26 -0.04628 -2.89262e+00 | 27  0.00896 -1.31155e+00
 28  0.03285 -7.04646e+00 | 29 -0.06106 -6.56839e+00 | 30 -0.11382 -4.95501e+00
 31 -0.13003 -3.90667e+00 | 32 -0.12807 -4.62613e+00 | 33  0.04377 -1.54061e+01
 34 -0.11341 -4.18034e+00 | 35 -0.01379 -6.84268e+00 | 36 -0.03843 -2.87043e+00
 37 -0.03285 -2.49491e+00 | 38  0.02324  7.15597e-01 | 39 -0.05749  1.01607e+00
 40 -0.03979  2.38919e+00 | 41 -0.04194  2.33322e+00 | 42  0.00060  4.06265e+00
 43 -0.01788  3.18123e+00 | 44 -0.03582  2.55276e+00 | 45 -0.04308  2.24782e+00
 46 -0.04708  1.98837e+00 | 47 -0.09442  1.06433e+00 | 48 -0.06271  1.39495e+00
 49 -0.12235  5.48004e-01 | 50  0.07601  7.81456e-01 | 51 -0.09813  9.72649e-02
 52 -0.03051  7.33439e-03 | 53 -0.07922 -8.86370e-02 | 54 -0.05473 -1.64335e-01
 55 -0.02366 -2.08529e-01 | 56 -0.08258 -8.51005e-02 | 57 -0.04330  2.59843e-03
 58  0.00360 -4.99168e-02 | 59 -0.01055  1.59406e-02 | 60 -0.02677 -3.13500e-02
 61 -0.06799 -4.29530e-02 | 62  0.00166 -1.37739e-01 | 63 -0.06695 -3.60245e-02
 64 -0.11421 -7.09693e-03 | 65 -0.04262  4.69910e-02 | 66 -0.11882 -2.68409e-03
 67 -0.09092  8.92017e-02 | 68 -0.07693  7.22317e-02 | 69  0.02057  3.61737e-01
 70 -0.02450  4.96567e-02 | 71 -0.21864  1.75689e-03 | 72 -0.10322 -2.17077e-02
 73 -0.08087 -4.43699e-03 | 74 -0.03557 -1.49836e-03 | 75 -0.03455 -1.06226e-03
 76 -0.03471  1.62436e-03 | 77 -0.43806 -3.42979e+01 | 78  2.38475 -1.08978e+00
 79 -0.26714 -2.10410e+01 | 80 -0.74210  2.40976e-01 | 81  1.60523 -8.20081e-01
 82  3.54679  1.58707e-01 | 83  0.53828 -1.88484e-02 | 84 -1.44620  3.72315e-03
84 variables; iteration 580; function evaluation 690; phase 3
Function value -1.0599361e+02; maximum gradient component mag 9.2992e+01
Var    Value     Gradient |Var    Value     Gradient |Var    Value     Gradient
  1  0.01349  9.29916e+01 |  2 -0.00525  4.66545e-02 |  3 -0.00614  5.49485e-02
  4 -0.02229  5.71957e-02 |  5 -0.02336  6.54862e-02 |  6 -0.02454  7.68339e-02
  7 -0.02584  9.00363e-02 |  8 -0.02731  9.45321e-02 |  9 -0.02885  1.11429e-01
 10 -0.03055  1.20868e-01 | 11 -0.03226  1.60853e-01 | 12 -0.03412  1.51447e-01
 13 -0.03607  1.81894e-01 | 14 -0.03857  1.69404e-01 | 15 -0.04119  1.98072e-01
 16 -0.04378  2.12800e-01 | 17 -0.04702  2.47221e-01 | 18 -0.04887  3.91148e-01
 19 -0.04854  1.09864e+00 | 20 -0.05284  2.57042e-01 | 21 -0.05339  3.38873e-01
 22 -0.05340  2.90407e-01 | 23 -0.05418  2.78409e-01 | 24 -0.05466  2.79510e-01
 25 -0.05291  4.90141e-01 | 26 -0.04090  1.00718e+00 | 27  0.00117  2.06581e+00
 28  0.03285  8.52559e-01 | 29 -0.05500  7.06259e-01 | 30 -0.11279  3.03113e-01
 31 -0.13130  3.21536e-01 | 32 -0.12797  3.51810e-01 | 33  0.04355  4.47369e+00
 34 -0.11335  1.49068e+00 | 35 -0.01376  3.10538e+00 | 36 -0.03861  3.26128e+00
 37 -0.03306  2.30377e+00 | 38  0.02333  4.99060e+00 | 39 -0.05763  1.75984e+00
 40 -0.03979  2.84052e+00 | 41 -0.04197  2.14991e+00 | 42  0.00068  2.85697e+00
 43 -0.01776  2.28011e+00 | 44 -0.03575  1.71225e+00 | 45 -0.04299  1.49532e+00
 46 -0.04676  1.21639e+00 | 47 -0.09451  7.11271e-01 | 48 -0.06242  6.93033e-01
 49 -0.12317  2.24595e-01 | 50  0.07593  5.86133e-02 | 51 -0.09805 -8.01008e-02
 52 -0.03081 -1.09053e-01 | 53 -0.07926 -6.57811e-02 | 54 -0.05513 -8.85385e-02
 55 -0.02382 -1.17149e-01 | 56 -0.08279 -6.83079e-02 | 57 -0.04366 -1.06605e-01
 58  0.00347 -1.88715e-01 | 59 -0.01069 -1.64936e-01 | 60 -0.02676 -2.37839e-01
 61 -0.06819 -1.03315e-01 | 62  0.00142 -2.40757e-01 | 63 -0.06680 -1.02692e-01
 64 -0.11433 -7.80276e-02 | 65 -0.04277 -1.52961e-01 | 66 -0.11865 -7.70692e-02
 67 -0.09097 -8.65394e-02 | 68 -0.07700 -7.40079e-02 | 69  0.02024 -2.22403e-01
 70 -0.02444 -1.21437e-01 | 71 -0.21871 -2.68709e-02 | 72 -0.10344 -3.59534e-02
 73 -0.08106 -6.85627e-03 | 74 -0.03566  5.61180e-04 | 75 -0.03464  1.89088e-05
 76 -0.03481 -1.82783e-05 | 77 -0.43771 -1.95778e+01 | 78  2.35675 -7.05275e-01
 79 -0.26714  3.16897e+01 | 80 -0.73836 -5.10679e-01 | 81  1.61031 -8.68872e-01
 82  3.50264  1.37614e-01 | 83  0.53679 -1.45296e-02 | 84 -1.45286  3.64501e-03
84 variables; iteration 600; function evaluation 711; phase 3
Function value -1.0605606e+02; maximum gradient component mag 4.5230e+02
Var    Value     Gradient |Var    Value     Gradient |Var    Value     Gradient
  1  0.01333  4.52297e+02 |  2 -0.00502  6.11880e-01 |  3 -0.00588  7.30773e-01
  4 -0.02200  7.78447e-01 |  5 -0.02307  9.08556e-01 |  6 -0.02416  1.08505e+00
  7 -0.02539  1.27808e+00 |  8 -0.02687  1.45862e+00 |  9 -0.02815  1.75034e+00
 10 -0.03009  1.90319e+00 | 11 -0.03138  2.30522e+00 | 12 -0.03344  2.49861e+00
 13 -0.03473  2.99644e+00 | 14 -0.03793  3.06776e+00 | 15 -0.03987  3.65450e+00
 16 -0.04355  3.68034e+00 | 17 -0.04574  4.46038e+00 | 18 -0.04763  4.91223e+00
 19 -0.05143  4.49289e+00 | 20 -0.05120  5.27392e+00 | 21 -0.05254  5.18381e+00
 22 -0.05229  5.21674e+00 | 23 -0.05357  5.28939e+00 | 24 -0.05407  5.70491e+00
 25 -0.05251  6.65769e+00 | 26 -0.04006  9.31335e+00 | 27 -0.01100  1.14606e+01
 28  0.04102  1.93208e+01 | 29 -0.05874  7.02073e+00 | 30 -0.11383  3.84323e+00
 31 -0.13149  3.22658e+00 | 32 -0.12670  3.20123e+00 | 33  0.04306  9.30498e+00
 34 -0.11282  1.35971e+00 | 35 -0.01399 -6.73720e-02 | 36 -0.03869 -4.02765e-01
 37 -0.03278 -1.03348e+00 | 38  0.02292  3.07152e+00 | 39 -0.05760  2.58339e+00
 40 -0.03981  7.06501e+00 | 41 -0.04194  8.49275e+00 | 42  0.00036  1.48628e+01
 43 -0.01819  1.36181e+01 | 44 -0.03605  1.21513e+01 | 45 -0.04320  1.15242e+01
 46 -0.04766  1.01573e+01 | 47 -0.09434  6.15169e+00 | 48 -0.06297  5.58055e+00
 49 -0.12254  1.06414e+00 | 50  0.07584  4.18331e-01 | 51 -0.09833 -2.62512e-01
 52 -0.03067 -6.42106e-01 | 53 -0.07989 -6.22892e-01 | 54 -0.05464 -7.96634e-01
 55 -0.02390 -8.38977e-01 | 56 -0.08262 -6.05491e-01 | 57 -0.04335 -8.97490e-01
 58  0.00327 -1.32785e+00 | 59 -0.01068 -1.08266e+00 | 60 -0.02735 -1.22910e+00
 61 -0.06823 -7.43069e-01 | 62  0.00153 -1.45632e+00 | 63 -0.06734 -6.99491e-01
 64 -0.11466 -5.82545e-01 | 65 -0.04287 -1.04583e+00 | 66 -0.11925 -5.02991e-01
 67 -0.09143 -6.32466e-01 | 68 -0.07756 -5.17384e-01 | 69  0.02030 -1.07561e+00
 70 -0.02481 -5.11788e-01 | 71 -0.21918 -9.97935e-02 | 72 -0.10355 -1.39817e-01
 73 -0.08073 -3.76848e-02 | 74 -0.03564 -4.37831e-03 | 75 -0.03458  4.63066e-03
 76 -0.03477 -3.28551e-04 | 77 -0.43778  4.47036e+01 | 78  2.40868  1.28605e+00
 79 -0.26747  2.90201e+02 | 80 -0.76678 -3.65900e+00 | 81  1.61980  2.90094e+00
 82  3.36382  2.37732e-01 | 83  0.53051 -6.02809e-03 | 84 -1.45667  3.60125e-03
84 variables; iteration 620; function evaluation 732; phase 3
Function value -1.0607905e+02; maximum gradient component mag -1.3746e+02
Var    Value     Gradient |Var    Value     Gradient |Var    Value     Gradient
  1  0.01324 -1.37462e+02 |  2 -0.00511 -5.03033e-02 |  3 -0.00596 -5.60541e-02
  4 -0.02213 -6.66766e-02 |  5 -0.02307 -5.61168e-02 |  6 -0.02425 -7.77308e-02
  7 -0.02556 -1.05277e-01 |  8 -0.02686 -9.77497e-02 |  9 -0.02860 -1.77997e-01
 10 -0.03028 -2.12205e-01 | 11 -0.03210 -2.55175e-01 | 12 -0.03321 -1.18905e-01
 13 -0.03548 -2.35065e-01 | 14 -0.03754 -1.82346e-01 | 15 -0.04028 -2.63069e-01
 16 -0.04265 -2.62582e-01 | 17 -0.04584 -2.92067e-01 | 18 -0.04863 -5.13647e-01
 19 -0.05096 -6.72144e-01 | 20 -0.05198 -5.36336e-01 | 21 -0.05263 -4.99883e-01
 22 -0.05169 -2.29167e-01 | 23 -0.05242 -2.75972e-01 | 24 -0.05323 -5.12585e-01
 25 -0.05208 -6.96973e-01 | 26 -0.04233 -1.16892e+00 | 27 -0.00962 -2.39935e+00
 28  0.03834 -2.73470e+00 | 29 -0.05481 -1.10269e+00 | 30 -0.11159 -4.67831e-01
 31 -0.13073 -3.25654e-01 | 32 -0.12771 -5.44933e-01 | 33  0.04258 -3.03500e+00
 34 -0.11245 -1.41273e+00 | 35 -0.01419 -3.43803e+00 | 36 -0.03897 -3.22811e+00
 37 -0.03254 -3.49796e+00 | 38  0.02250 -6.15439e+00 | 39 -0.05749 -3.35914e+00
 40 -0.03992 -4.54777e+00 | 41 -0.04202 -4.40471e+00 | 42  0.00009 -5.79854e+00
 43 -0.01858 -5.00579e+00 | 44 -0.03632 -3.29322e+00 | 45 -0.04346 -2.88661e+00
 46 -0.04838 -2.09547e+00 | 47 -0.09430 -1.01487e+00 | 48 -0.06317 -5.00117e-01
 49 -0.12355 -4.19803e-01 | 50  0.07592 -4.12423e-01 | 51 -0.09852 -4.57935e-02
 52 -0.03070 -1.84333e-01 | 53 -0.08060 -8.88765e-02 | 54 -0.05435  5.80950e-02
 55 -0.02400  8.29435e-02 | 56 -0.08255 -7.73858e-02 | 57 -0.04329 -1.08213e-01
 58  0.00306  3.50888e-02 | 59 -0.01077  1.35568e-01 | 60 -0.02783  6.24634e-02
 61 -0.06859  1.07939e-01 | 62  0.00166  2.89602e-01 | 63 -0.06786  1.51444e-01
 64 -0.11512  9.38037e-02 | 65 -0.04298  1.19267e-01 | 66 -0.11983  4.47607e-02
 67 -0.09195 -8.81076e-03 | 68 -0.07847  3.24401e-02 | 69  0.02027  2.91788e-02
 70 -0.02510  4.54946e-02 | 71 -0.21961  2.02999e-02 | 72 -0.10396 -8.09254e-03
 73 -0.08026  1.22521e-02 | 74 -0.03561  8.67075e-04 | 75 -0.03457  6.39367e-03
 76 -0.03476  2.71341e-04 | 77 -0.43779 -2.31359e+01 | 78  2.44196 -7.57404e-01
 79 -0.26763 -9.63106e+01 | 80 -0.77906  1.02383e+00 | 81  1.62250  3.64731e+00
 82  3.28103  1.41671e-01 | 83  0.52626 -3.73965e-03 | 84 -1.45335  3.63942e-03
84 variables; iteration 640; function evaluation 752; phase 3
Function value -1.0608066e+02; maximum gradient component mag -3.8587e+01
Var    Value     Gradient |Var    Value     Gradient |Var    Value     Gradient
  1  0.01319 -3.85872e+01 |  2 -0.00513 -3.53970e-02 |  3 -0.00600 -4.24935e-02
  4 -0.02214 -4.46140e-02 |  5 -0.02318 -5.30504e-02 |  6 -0.02432 -6.19932e-02
  7 -0.02559 -7.19238e-02 |  8 -0.02699 -8.58911e-02 |  9 -0.02852 -1.01818e-01
 10 -0.03016 -1.19371e-01 | 11 -0.03188 -1.23663e-01 | 12 -0.03361 -1.48524e-01
 13 -0.03552 -1.56474e-01 | 14 -0.03787 -1.75660e-01 | 15 -0.04039 -1.84100e-01
 16 -0.04293 -2.16331e-01 | 17 -0.04617 -2.48691e-01 | 18 -0.04828 -2.55032e-01
 19 -0.05024 -2.93017e-01 | 20 -0.05167 -2.72652e-01 | 21 -0.05242 -2.59055e-01
 22 -0.05241 -2.69197e-01 | 23 -0.05310 -2.78649e-01 | 24 -0.05335 -3.00464e-01
 25 -0.05202 -3.49710e-01 | 26 -0.04201 -5.75257e-01 | 27 -0.00665 -1.04448e+00
 28  0.03700 -1.47971e+00 | 29 -0.05459 -6.24073e-01 | 30 -0.11168 -3.53448e-01
 31 -0.13093 -3.31067e-01 | 32 -0.12749 -3.66733e-01 | 33  0.04270 -1.65286e+00
 34 -0.11238 -4.50929e-01 | 35 -0.01410 -8.72393e-01 | 36 -0.03886 -7.48036e-01
 37 -0.03244 -7.01433e-01 | 38  0.02259 -1.19822e+00 | 39 -0.05742 -5.66718e-01
 40 -0.03983 -7.32335e-01 | 41 -0.04192 -6.43033e-01 | 42  0.00015 -8.39569e-01
 43 -0.01847 -6.67249e-01 | 44 -0.03626 -5.18277e-01 | 45 -0.04338 -4.52066e-01
 46 -0.04833 -3.74921e-01 | 47 -0.09420 -2.06320e-01 | 48 -0.06316 -1.73383e-01
 49 -0.12317 -4.56876e-02 | 50  0.07599  5.41612e-02 | 51 -0.09847  1.98750e-02
 52 -0.03057  4.14006e-02 | 53 -0.08046  2.79289e-02 | 54 -0.05423  3.60704e-02
 55 -0.02391  4.51040e-02 | 56 -0.08243  2.69367e-02 | 57 -0.04315  3.44673e-02
 58  0.00317  4.37035e-02 | 59 -0.01069  4.12822e-02 | 60 -0.02771  3.07377e-02
 61 -0.06846  2.67291e-02 | 62  0.00176  6.29349e-02 | 63 -0.06779  3.04379e-02
 64 -0.11499  2.41566e-02 | 65 -0.04288  4.04500e-02 | 66 -0.11976  1.60465e-02
 67 -0.09181  1.61854e-02 | 68 -0.07831  1.66837e-02 | 69  0.02040  2.96205e-02
 70 -0.02504  2.05241e-02 | 71 -0.21953  4.66377e-03 | 72 -0.10379  5.18446e-03
 73 -0.08024 -1.32890e-04 | 74 -0.03558  2.34066e-04 | 75 -0.03457 -6.74682e-05
 76 -0.03474 -7.75413e-05 | 77 -0.43786 -9.94911e-01 | 78  2.44381 -1.00890e-01
 79 -0.26760 -2.20983e+01 | 80 -0.77723  1.87412e-01 | 81  1.62211  3.90578e-01
 82  3.29519  6.63878e-02 | 83  0.52664 -3.91580e-03 | 84 -1.45140  3.66202e-03
84 variables; iteration 660; function evaluation 772; phase 3
Function value -1.0608345e+02; maximum gradient component mag -1.3953e+01
Var    Value     Gradient |Var    Value     Gradient |Var    Value     Gradient
  1  0.01323 -1.39526e+01 |  2 -0.00519 -1.11159e-01 |  3 -0.00606 -1.30437e-01
  4 -0.02221 -1.37928e-01 |  5 -0.02324 -1.59440e-01 |  6 -0.02439 -1.86094e-01
  7 -0.02567 -2.18473e-01 |  8 -0.02709 -2.59291e-01 |  9 -0.02865 -3.08244e-01
 10 -0.03047 -3.96787e-01 | 11 -0.03200 -3.80378e-01 | 12 -0.03370 -4.26339e-01
 13 -0.03552 -4.40581e-01 | 14 -0.03769 -4.44067e-01 | 15 -0.04053 -5.81832e-01
 16 -0.04314 -6.78858e-01 | 17 -0.04609 -6.71598e-01 | 18 -0.04850 -8.02238e-01
 19 -0.05061 -9.08736e-01 | 20 -0.05174 -8.15827e-01 | 21 -0.05250 -8.11529e-01
 22 -0.05245 -7.98181e-01 | 23 -0.05316 -8.26098e-01 | 24 -0.05338 -8.52953e-01
 25 -0.05201 -9.07313e-01 | 26 -0.04179 -1.08735e+00 | 27 -0.00602 -1.42921e+00
 28  0.03680 -1.40610e+00 | 29 -0.05509 -2.11093e-01 | 30 -0.11168  4.39116e-01
 31 -0.13066  8.72080e-01 | 32 -0.12773  1.33824e+00 | 33  0.04277  9.63494e+00
 34 -0.11250  3.00341e+00 | 35 -0.01408  5.85513e+00 | 36 -0.03883  3.96942e+00
 37 -0.03255  2.51050e+00 | 38  0.02266  1.92496e+00 | 39 -0.05748 -2.51079e-01
 40 -0.03985 -1.33680e+00 | 41 -0.04194 -1.82116e+00 | 42  0.00018 -3.20167e+00
 43 -0.01843 -2.99560e+00 | 44 -0.03623 -2.44006e+00 | 45 -0.04336 -2.34200e+00
 46 -0.04821 -2.02982e+00 | 47 -0.09425 -1.20844e+00 | 48 -0.06311 -1.21316e+00
 49 -0.12318 -7.24341e-01 | 50  0.07596 -4.65168e-01 | 51 -0.09844  1.79323e-02
 52 -0.03061 -6.70995e-02 | 53 -0.08038 -5.19590e-02 | 54 -0.05432  2.00424e-02
 55 -0.02393  1.02307e-02 | 56 -0.08247  4.63478e-02 | 57 -0.04322 -1.22308e-02
 58  0.00318  2.54615e-02 | 59 -0.01071  6.40399e-02 | 60 -0.02764  1.19171e-01
 61 -0.06847  9.22168e-02 | 62  0.00171  1.73075e-01 | 63 -0.06774  3.97692e-02
 64 -0.11496  1.61439e-02 | 65 -0.04289  5.32293e-02 | 66 -0.11970 -2.60766e-02
 67 -0.09178 -1.10568e-01 | 68 -0.07821 -8.63470e-02 | 69  0.02035 -2.23554e-01
 70 -0.02500 -2.18004e-02 | 71 -0.21949 -1.70490e-02 | 72 -0.10379 -2.15340e-02
 73 -0.08036 -3.06518e-04 | 74 -0.03559  1.56756e-03 | 75 -0.03458 -1.58177e-03
 76 -0.03475 -1.78140e-03 | 77 -0.43820 -4.45874e+00 | 78  2.45028 -1.87397e-01
 79 -0.26755  9.72627e+00 | 80 -0.77262 -1.83708e-01 | 81  1.62293 -7.40191e-01
 82  3.26274  2.57476e-02 | 83  0.52408 -3.15628e-03 | 84 -1.48005  3.34492e-03
84 variables; iteration 680; function evaluation 794; phase 3
Function value -1.0608789e+02; maximum gradient component mag -2.5000e+02
Var    Value     Gradient |Var    Value     Gradient |Var    Value     Gradient
  1  0.01322 -2.50004e+02 |  2 -0.00513 -1.81884e-01 |  3 -0.00600 -2.18248e-01
  4 -0.02214 -2.29488e-01 |  5 -0.02317 -2.72024e-01 |  6 -0.02432 -3.20094e-01
  7 -0.02559 -3.75940e-01 |  8 -0.02699 -4.41238e-01 |  9 -0.02852 -5.11848e-01
 10 -0.03018 -5.93662e-01 | 11 -0.03189 -6.64056e-01 | 12 -0.03361 -7.59046e-01
 13 -0.03549 -8.34603e-01 | 14 -0.03799 -9.81422e-01 | 15 -0.04043 -1.06262e+00
 16 -0.04288 -1.17425e+00 | 17 -0.04620 -1.34155e+00 | 18 -0.04824 -1.41531e+00
 19 -0.05016 -1.50281e+00 | 20 -0.05171 -1.56897e+00 | 21 -0.05256 -1.61797e+00
 22 -0.05246 -1.60609e+00 | 23 -0.05318 -1.72413e+00 | 24 -0.05346 -1.92251e+00
 25 -0.05229 -2.31694e+00 | 26 -0.04203 -3.18954e+00 | 27 -0.00623 -5.22853e+00
 28  0.03709 -8.49739e+00 | 29 -0.05492 -4.44495e+00 | 30 -0.11192 -2.93883e+00
 31 -0.13099 -2.49739e+00 | 32 -0.12764 -2.62760e+00 | 33  0.04281 -1.07243e+01
 34 -0.11252 -3.16506e+00 | 35 -0.01404 -6.58138e+00 | 36 -0.03884 -5.44988e+00
 37 -0.03251 -5.90746e+00 | 38  0.02267 -9.09205e+00 | 39 -0.05742 -4.64309e+00
 40 -0.03983 -5.40087e+00 | 41 -0.04192 -4.72364e+00 | 42  0.00021 -5.65354e+00
 43 -0.01840 -4.22066e+00 | 44 -0.03621 -3.16608e+00 | 45 -0.04334 -2.64284e+00
 46 -0.04817 -2.07966e+00 | 47 -0.09424 -1.02678e+00 | 48 -0.06308 -7.02770e-01
 49 -0.12319 -1.35887e-01 | 50  0.07599  4.47224e-01 | 51 -0.09848  9.72564e-02
 52 -0.03056  2.47699e-01 | 53 -0.08034  2.04452e-01 | 54 -0.05433  2.25054e-01
 55 -0.02390  2.93989e-01 | 56 -0.08248  1.84944e-01 | 57 -0.04320  2.42578e-01
 58  0.00319  3.18151e-01 | 59 -0.01069  2.74989e-01 | 60 -0.02762  1.94366e-01
 61 -0.06845  1.92740e-01 | 62  0.00172  3.76070e-01 | 63 -0.06772  1.90120e-01
 64 -0.11493  1.51514e-01 | 65 -0.04289  2.32690e-01 | 66 -0.11969  1.11825e-01
 67 -0.09176  1.26555e-01 | 68 -0.07821  1.37674e-01 | 69  0.02037  1.42171e-01
 70 -0.02499  1.32240e-01 | 71 -0.21944  2.56750e-02 | 72 -0.10377  3.21361e-02
 73 -0.08042  3.11722e-03 | 74 -0.03559  1.46200e-03 | 75 -0.03457 -1.57954e-06
 76 -0.03474 -3.01424e-04 | 77 -0.43883 -5.30008e+01 | 78  2.47418 -1.32081e+00
 79 -0.26749 -1.45156e+02 | 80 -0.76779  1.70964e+00 | 81  1.62438  6.72194e+00
 82  3.17900  9.71570e-02 | 83  0.51842 -2.19823e-03 | 84 -1.53168  2.84354e-03
84 variables; iteration 700; function evaluation 816; phase 3
Function value -1.0608996e+02; maximum gradient component mag -2.7751e+02
Var    Value     Gradient |Var    Value     Gradient |Var    Value     Gradient
  1  0.01322 -2.77508e+02 |  2 -0.00513 -1.28433e-01 |  3 -0.00600 -1.53917e-01
  4 -0.02214 -1.62340e-01 |  5 -0.02318 -1.93208e-01 |  6 -0.02432 -2.27300e-01
  7 -0.02559 -2.66672e-01 |  8 -0.02699 -3.11609e-01 |  9 -0.02850 -3.60117e-01
 10 -0.03015 -4.15958e-01 | 11 -0.03189 -4.70171e-01 | 12 -0.03362 -5.43623e-01
 13 -0.03552 -5.99721e-01 | 14 -0.03795 -6.97455e-01 | 15 -0.04050 -7.75335e-01
 16 -0.04292 -8.41468e-01 | 17 -0.04621 -9.63159e-01 | 18 -0.04829 -1.01876e+00
 19 -0.05007 -1.04474e+00 | 20 -0.05178 -1.14341e+00 | 21 -0.05256 -1.16471e+00
 22 -0.05257 -1.19138e+00 | 23 -0.05328 -1.28306e+00 | 24 -0.05360 -1.45368e+00
 25 -0.05243 -1.78986e+00 | 26 -0.04212 -2.52737e+00 | 27 -0.00514 -4.18937e+00
 28  0.03655 -7.53285e+00 | 29 -0.05477 -4.17273e+00 | 30 -0.11194 -2.94532e+00
 31 -0.13106 -2.67811e+00 | 32 -0.12760 -3.02649e+00 | 33  0.04282 -1.41232e+01
 34 -0.11253 -4.50908e+00 | 35 -0.01402 -9.81923e+00 | 36 -0.03883 -8.28002e+00
 37 -0.03250 -8.68326e+00 | 38  0.02268 -1.28230e+01 | 39 -0.05742 -6.32758e+00
 40 -0.03982 -6.89825e+00 | 41 -0.04192 -5.80158e+00 | 42  0.00021 -6.52133e+00
 43 -0.01840 -4.55310e+00 | 44 -0.03621 -3.25432e+00 | 45 -0.04333 -2.60924e+00
 46 -0.04817 -1.97110e+00 | 47 -0.09424 -9.56800e-01 | 48 -0.06308 -6.69868e-01
 49 -0.12321 -9.32427e-02 | 50  0.07600  3.63011e-01 | 51 -0.09851  8.62806e-02
 52 -0.03052  2.21980e-01 | 53 -0.08034  1.69150e-01 | 54 -0.05431  1.96659e-01
 55 -0.02389  2.47121e-01 | 56 -0.08247  1.70629e-01 | 57 -0.04319  2.28685e-01
 58  0.00320  3.15591e-01 | 59 -0.01069  2.83321e-01 | 60 -0.02761  2.30240e-01
 61 -0.06845  1.98238e-01 | 62  0.00173  3.58323e-01 | 63 -0.06772  1.89823e-01
 64 -0.11493  1.43864e-01 | 65 -0.04289  2.40856e-01 | 66 -0.11971  1.24511e-01
 67 -0.09176  1.45344e-01 | 68 -0.07822  1.46657e-01 | 69  0.02039  1.65444e-01
 70 -0.02499  1.39305e-01 | 71 -0.21943  2.36870e-02 | 72 -0.10376  3.56472e-02
 73 -0.08047  4.45571e-03 | 74 -0.03559  6.73080e-04 | 75 -0.03457 -2.12467e-04
 76 -0.03474 -6.54152e-05 | 77 -0.43948 -6.94433e+01 | 78  2.50412 -1.43668e+00
 79 -0.26744 -1.65258e+02 | 80 -0.76367  2.00907e+00 | 81  1.62501  9.64219e+00
 82  3.11362  6.36003e-02 | 83  0.51373 -1.99464e-03 | 84 -1.57790  2.43779e-03
84 variables; iteration 720; function evaluation 839; phase 3
Function value -1.0609063e+02; maximum gradient component mag -6.2334e+01
Var    Value     Gradient |Var    Value     Gradient |Var    Value     Gradient
  1  0.01322 -6.23342e+01 |  2 -0.00513 -4.03876e-02 |  3 -0.00599 -4.78409e-02
  4 -0.02214 -5.08789e-02 |  5 -0.02317 -6.05746e-02 |  6 -0.02432 -7.13596e-02
  7 -0.02559 -8.39136e-02 |  8 -0.02698 -9.74091e-02 |  9 -0.02851 -1.15612e-01
 10 -0.03015 -1.34595e-01 | 11 -0.03188 -1.48087e-01 | 12 -0.03359 -1.68734e-01
 13 -0.03553 -1.90538e-01 | 14 -0.03788 -2.14189e-01 | 15 -0.04046 -2.42764e-01
 16 -0.04296 -2.72341e-01 | 17 -0.04618 -3.04877e-01 | 18 -0.04833 -3.25681e-01
 19 -0.05001 -2.84723e-01 | 20 -0.05176 -3.64490e-01 | 21 -0.05254 -3.64907e-01
 22 -0.05253 -3.75411e-01 | 23 -0.05325 -3.99281e-01 | 24 -0.05358 -4.46526e-01
 25 -0.05236 -5.28450e-01 | 26 -0.04219 -7.09508e-01 | 27 -0.00560 -9.94048e-01
 28  0.03681 -1.79211e+00 | 29 -0.05482 -9.81177e-01 | 30 -0.11192 -6.73390e-01
 31 -0.13107 -5.76471e-01 | 32 -0.12759 -5.78313e-01 | 33  0.04280 -2.12300e+00
 34 -0.11255 -6.53828e-01 | 35 -0.01401 -1.40227e+00 | 36 -0.03884 -1.21879e+00
 37 -0.03249 -1.40441e+00 | 38  0.02268 -2.26648e+00 | 39 -0.05743 -1.23661e+00
 40 -0.03982 -1.49620e+00 | 41 -0.04192 -1.38504e+00 | 42  0.00021 -1.73698e+00
 43 -0.01840 -1.34519e+00 | 44 -0.03621 -1.04959e+00 | 45 -0.04333 -9.09858e-01
 46 -0.04817 -7.60304e-01 | 47 -0.09424 -4.06496e-01 | 48 -0.06309 -3.47138e-01
 49 -0.12318 -1.01562e-01 | 50  0.07599 -4.73668e-02 | 51 -0.09851 -1.45336e-03
 52 -0.03052  2.11710e-02 | 53 -0.08035  2.16515e-02 | 54 -0.05431  3.82939e-02
 55 -0.02390  4.81238e-02 | 56 -0.08248  3.75188e-02 | 57 -0.04319  4.34326e-02
 58  0.00319  6.33504e-02 | 59 -0.01070  5.30613e-02 | 60 -0.02760  4.44999e-02
 61 -0.06845  4.17737e-02 | 62  0.00172  6.14581e-02 | 63 -0.06772  3.01137e-02
 64 -0.11494  1.95314e-02 | 65 -0.04290  3.24041e-02 | 66 -0.11973  1.57773e-02
 67 -0.09177  1.43504e-02 | 68 -0.07823  1.84983e-02 | 69  0.02038 -3.05143e-03
 70 -0.02501  1.89619e-02 | 71 -0.21943  3.91644e-04 | 72 -0.10377  2.43923e-03
 73 -0.08052  1.08388e-03 | 74 -0.03559  3.42888e-05 | 75 -0.03457  2.31357e-05
 76 -0.03474  1.22370e-04 | 77 -0.43990 -1.84921e+01 | 78  2.52644 -3.57428e-01
 79 -0.26741 -3.64659e+01 | 80 -0.76157  4.00839e-01 | 81  1.62522  1.37109e+00
 82  3.07343 -1.19748e-02 | 83  0.51098 -1.53618e-02 | 84 -1.60734 -2.58001e-03
84 variables; iteration 740; function evaluation 862; phase 3
Function value -1.0609072e+02; maximum gradient component mag -8.5960e+01
Var    Value     Gradient |Var    Value     Gradient |Var    Value     Gradient
  1  0.01322 -8.59598e+01 |  2 -0.00511 -1.08638e-03 |  3 -0.00598 -5.94950e-04
  4 -0.02212 -1.01916e-03 |  5 -0.02316 -2.73956e-03 |  6 -0.02430 -2.13110e-03
  7 -0.02557 -2.02716e-03 |  8 -0.02695 -1.09734e-03 |  9 -0.02849 -8.12567e-03
 10 -0.03006  6.19868e-03 | 11 -0.03185 -5.38203e-03 | 12 -0.03358 -1.32111e-02
 13 -0.03560 -3.79633e-02 | 14 -0.03788 -2.39603e-02 | 15 -0.04046 -2.76492e-02
 16 -0.04302 -4.97331e-02 | 17 -0.04630 -7.25530e-02 | 18 -0.04829 -2.31872e-02
 19 -0.04998  2.99113e-02 | 20 -0.05182 -6.63237e-02 | 21 -0.05258 -5.58316e-02
 22 -0.05253 -5.59828e-02 | 23 -0.05324 -6.08733e-02 | 24 -0.05368 -1.11528e-01
 25 -0.05239 -1.25298e-01 | 26 -0.04225 -2.05454e-01 | 27 -0.00534 -2.07620e-01
 28  0.03678 -8.35974e-01 | 29 -0.05498 -6.81219e-01 | 30 -0.11194 -5.70471e-01
 31 -0.13110 -6.04278e-01 | 32 -0.12762 -7.68051e-01 | 33  0.04282 -3.98308e+00
 34 -0.11258 -1.56611e+00 | 35 -0.01400 -3.70939e+00 | 36 -0.03884 -3.35088e+00
 37 -0.03250 -3.66464e+00 | 38  0.02270 -5.40549e+00 | 39 -0.05744 -2.71803e+00
 40 -0.03981 -2.87455e+00 | 41 -0.04193 -2.45469e+00 | 42  0.00021 -2.79806e+00
 43 -0.01839 -1.93423e+00 | 44 -0.03621 -1.49080e+00 | 45 -0.04333 -1.19862e+00
 46 -0.04815 -9.34422e-01 | 47 -0.09425 -5.10513e-01 | 48 -0.06308 -4.97088e-01
 49 -0.12318 -1.59188e-01 | 50  0.07599 -8.61601e-02 | 51 -0.09850  3.55913e-02
 52 -0.03051  6.30668e-02 | 53 -0.08033  4.42353e-02 | 54 -0.05432  7.70550e-02
 55 -0.02390  1.02505e-01 | 56 -0.08249  6.94145e-02 | 57 -0.04320  7.92075e-02
 58  0.00320  1.06254e-01 | 59 -0.01070  8.65081e-02 | 60 -0.02760  5.42776e-02
 61 -0.06844  7.02079e-02 | 62  0.00171  8.88943e-02 | 63 -0.06771  4.95607e-02
 64 -0.11494  2.25203e-02 | 65 -0.04291  3.60766e-02 | 66 -0.11972  2.42237e-02
 67 -0.09177  8.16044e-03 | 68 -0.07822  3.36059e-03 | 69  0.02037 -2.03027e-02
 70 -0.02500  3.03652e-02 | 71 -0.21942 -7.20996e-04 | 72 -0.10376  7.06238e-03
 73 -0.08055  1.76418e-03 | 74 -0.03560 -1.10321e-03 | 75 -0.03457  4.95722e-04
 76 -0.03474  5.00702e-04 | 77 -0.44011 -3.04348e+01 | 78  2.53803 -5.26771e-01
 79 -0.26740 -5.18767e+01 | 80 -0.76033  5.99960e-01 | 81  1.62526  3.66961e+00
 82  3.06519 -8.50271e-03 | 83  0.51074 -3.22988e-02 | 84 -1.61330 -8.72424e-03
84 variables; iteration 760; function evaluation 886; phase 3
Function value -1.0609164e+02; maximum gradient component mag -1.0353e+02
Var    Value     Gradient |Var    Value     Gradient |Var    Value     Gradient
  1  0.01322 -1.03527e+02 |  2 -0.00512 -2.18646e-02 |  3 -0.00599 -2.60710e-02
  4 -0.02214 -2.78063e-02 |  5 -0.02317 -3.31872e-02 |  6 -0.02432 -3.93532e-02
  7 -0.02559 -4.67416e-02 |  8 -0.02698 -5.30830e-02 |  9 -0.02850 -6.34572e-02
 10 -0.03013 -7.26394e-02 | 11 -0.03188 -8.02896e-02 | 12 -0.03358 -9.11224e-02
 13 -0.03554 -1.07485e-01 | 14 -0.03788 -1.21963e-01 | 15 -0.04047 -1.40628e-01
 16 -0.04295 -1.51782e-01 | 17 -0.04617 -1.70822e-01 | 18 -0.04833 -1.83835e-01
 19 -0.05003 -1.42751e-01 | 20 -0.05177 -2.15008e-01 | 21 -0.05253 -2.07414e-01
 22 -0.05255 -2.27610e-01 | 23 -0.05326 -2.45742e-01 | 24 -0.05356 -2.76752e-01
 25 -0.05232 -3.46847e-01 | 26 -0.04208 -5.04003e-01 | 27 -0.00589 -8.72358e-01
 28  0.03689 -1.73206e+00 | 29 -0.05473 -1.03172e+00 | 30 -0.11190 -7.99820e-01
 31 -0.13104 -7.83605e-01 | 32 -0.12758 -9.73422e-01 | 33  0.04278 -5.02367e+00
 34 -0.11255 -1.74785e+00 | 35 -0.01400 -4.05096e+00 | 36 -0.03885 -3.58965e+00
 37 -0.03248 -3.79692e+00 | 38  0.02269 -5.71077e+00 | 39 -0.05741 -2.83249e+00
 40 -0.03981 -3.10213e+00 | 41 -0.04191 -2.65780e+00 | 42  0.00022 -3.05120e+00
 43 -0.01839 -2.16380e+00 | 44 -0.03620 -1.58522e+00 | 45 -0.04332 -1.30248e+00
 46 -0.04815 -1.02944e+00 | 47 -0.09424 -5.56322e-01 | 48 -0.06307 -4.95574e-01
 49 -0.12318 -1.47867e-01 | 50  0.07598 -1.16292e-02 | 51 -0.09849  1.92643e-02
 52 -0.03050  5.79037e-02 | 53 -0.08033  4.05381e-02 | 54 -0.05432  6.06878e-02
 55 -0.02390  7.48545e-02 | 56 -0.08249  5.33944e-02 | 57 -0.04320  6.71288e-02
 58  0.00319  9.09355e-02 | 59 -0.01070  8.37562e-02 | 60 -0.02759  7.50290e-02
 61 -0.06846  5.86823e-02 | 62  0.00171  1.02703e-01 | 63 -0.06771  5.29549e-02
 64 -0.11495  3.40948e-02 | 65 -0.04292  6.28257e-02 | 66 -0.11975  2.97392e-02
 67 -0.09178  3.02203e-02 | 68 -0.07824  3.09036e-02 | 69  0.02036  4.74399e-02
 70 -0.02501  4.03465e-02 | 71 -0.21941  5.44970e-03 | 72 -0.10377  9.25547e-03
 73 -0.08059  1.31215e-03 | 74 -0.03560  1.16001e-04 | 75 -0.03458 -7.05112e-05
 76 -0.03475  3.59126e-05 | 77 -0.44061 -3.90517e+01 | 78  2.57169 -5.49740e-01
 79 -0.26741 -6.29639e+01 | 80 -0.76128  7.39134e-01 | 81  1.62516  3.29779e+00
 82  3.08709  5.28768e-03 | 83  0.52633 -3.80217e-03 | 84 -1.47359  3.41374e-03
84 variables; iteration 780; function evaluation 907; phase 3
Function value -1.0609178e+02; maximum gradient component mag -1.0568e+02
Var    Value     Gradient |Var    Value     Gradient |Var    Value     Gradient
  1  0.01322 -1.05676e+02 |  2 -0.00513 -5.61798e-02 |  3 -0.00600 -6.71507e-02
  4 -0.02214 -7.13976e-02 |  5 -0.02317 -8.42967e-02 |  6 -0.02432 -1.00272e-01
  7 -0.02560 -1.18496e-01 |  8 -0.02699 -1.37096e-01 |  9 -0.02851 -1.59850e-01
 10 -0.03015 -1.87347e-01 | 11 -0.03188 -2.05387e-01 | 12 -0.03357 -2.31021e-01
 13 -0.03552 -2.60619e-01 | 14 -0.03785 -2.89061e-01 | 15 -0.04047 -3.38960e-01
 16 -0.04295 -3.71960e-01 | 17 -0.04609 -3.94846e-01 | 18 -0.04837 -4.63189e-01
 19 -0.05006 -4.34763e-01 | 20 -0.05172 -4.91997e-01 | 21 -0.05254 -5.08893e-01
 22 -0.05255 -5.27334e-01 | 23 -0.05331 -5.77778e-01 | 24 -0.05347 -6.01545e-01
 25 -0.05234 -7.57723e-01 | 26 -0.04207 -1.03970e+00 | 27 -0.00607 -1.73496e+00
 28  0.03694 -2.97567e+00 | 29 -0.05468 -1.59502e+00 | 30 -0.11189 -1.12016e+00
 31 -0.13101 -9.91742e-01 | 32 -0.12759 -1.10488e+00 | 33  0.04277 -4.89084e+00
 34 -0.11253 -1.48308e+00 | 35 -0.01400 -3.22033e+00 | 36 -0.03885 -2.74419e+00
 37 -0.03247 -2.81798e+00 | 38  0.02269 -4.30567e+00 | 39 -0.05741 -2.16482e+00
 40 -0.03981 -2.41686e+00 | 41 -0.04191 -2.12042e+00 | 42  0.00022 -2.48594e+00
 43 -0.01839 -1.82527e+00 | 44 -0.03620 -1.36541e+00 | 45 -0.04332 -1.15527e+00
 46 -0.04815 -9.61185e-01 | 47 -0.09424 -5.45144e-01 | 48 -0.06307 -5.38546e-01
 49 -0.12318 -1.77831e-01 | 50  0.07598 -9.86496e-02 | 51 -0.09849 -2.96100e-03
 52 -0.03050  3.58784e-02 | 53 -0.08034  2.33512e-02 | 54 -0.05432  5.41264e-02
 55 -0.02391  6.28356e-02 | 56 -0.08249  4.27983e-02 | 57 -0.04320  5.24737e-02
 58  0.00318  7.53154e-02 | 59 -0.01071  7.08928e-02 | 60 -0.02759  6.53458e-02
 61 -0.06846  4.92538e-02 | 62  0.00170  7.26234e-02 | 63 -0.06771  4.48279e-02
 64 -0.11496  2.56119e-02 | 65 -0.04293  5.48401e-02 | 66 -0.11976  2.37798e-02
 67 -0.09179  2.22919e-02 | 68 -0.07826  2.75227e-02 | 69  0.02035  4.69050e-02
 70 -0.02501  3.24145e-02 | 71 -0.21941  5.22811e-03 | 72 -0.10378  7.22421e-03
 73 -0.08061  1.24032e-03 | 74 -0.03560  9.36666e-05 | 75 -0.03458 -1.35736e-04
 76 -0.03475  6.89762e-05 | 77 -0.44079 -3.86064e+01 | 78  2.58567 -5.02256e-01
 79 -0.26742 -6.23268e+01 | 80 -0.76214  7.28940e-01 | 81  1.62504  2.39274e+00
 82  3.10700  1.08956e-02 | 83  0.53440 -1.00026e-02 | 84 -1.40344  4.27523e-03
84 variables; iteration 800; function evaluation 927; phase 3
Function value -1.0609238e+02; maximum gradient component mag -4.8585e+01
Var    Value     Gradient |Var    Value     Gradient |Var    Value     Gradient
  1  0.01322 -4.85853e+01 |  2 -0.00513 -1.23821e-02 |  3 -0.00600 -1.49010e-02
  4 -0.02214 -1.59620e-02 |  5 -0.02317 -1.89582e-02 |  6 -0.02432 -2.25277e-02
  7 -0.02559 -2.64803e-02 |  8 -0.02699 -3.24683e-02 |  9 -0.02851 -3.64115e-02
 10 -0.03015 -4.61359e-02 | 11 -0.03190 -5.06280e-02 | 12 -0.03360 -5.68996e-02
 13 -0.03552 -5.58905e-02 | 14 -0.03791 -7.69346e-02 | 15 -0.04046 -7.78266e-02
 16 -0.04294 -8.28744e-02 | 17 -0.04619 -1.00756e-01 | 18 -0.04831 -9.80021e-02
 19 -0.05004 -5.97803e-02 | 20 -0.05177 -1.26089e-01 | 21 -0.05253 -1.16084e-01
 22 -0.05250 -1.21667e-01 | 23 -0.05320 -1.25431e-01 | 24 -0.05361 -1.72339e-01
 25 -0.05231 -1.90605e-01 | 26 -0.04208 -2.73448e-01 | 27 -0.00591 -4.55335e-01
 28  0.03690 -9.63385e-01 | 29 -0.05472 -5.82718e-01 | 30 -0.11188 -4.58336e-01
 31 -0.13104 -4.53617e-01 | 32 -0.12755 -5.54242e-01 | 33  0.04277 -2.89620e+00
 34 -0.11254 -9.42207e-01 | 35 -0.01399 -2.09851e+00 | 36 -0.03884 -1.73883e+00
 37 -0.03247 -1.80234e+00 | 38  0.02270 -2.63407e+00 | 39 -0.05740 -1.24063e+00
 40 -0.03980 -1.37565e+00 | 41 -0.04191 -1.16738e+00 | 42  0.00022 -1.33972e+00
 43 -0.01839 -9.44575e-01 | 44 -0.03619 -6.52860e-01 | 45 -0.04331 -5.17924e-01
 46 -0.04814 -3.73025e-01 | 47 -0.09424 -1.67652e-01 | 48 -0.06306 -4.76519e-02
 49 -0.12317  2.04890e-02 | 50  0.07599  1.67539e-01 | 51 -0.09849  2.95086e-02
 52 -0.03049  5.55951e-02 | 53 -0.08032  4.28683e-02 | 54 -0.05432  3.60585e-02
 55 -0.02390  4.56440e-02 | 56 -0.08249  3.17320e-02 | 57 -0.04319  5.32519e-02
 58  0.00319  7.79611e-02 | 59 -0.01070  6.94728e-02 | 60 -0.02758  7.33678e-02
 61 -0.06846  3.63397e-02 | 62  0.00171  7.56509e-02 | 63 -0.06771  3.76849e-02
 64 -0.11494  3.49535e-02 | 65 -0.04293  6.17904e-02 | 66 -0.11976  3.35803e-02
 67 -0.09178  5.18468e-02 | 68 -0.07825  5.08050e-02 | 69  0.02036  1.02866e-01
 70 -0.02500  5.09495e-02 | 71 -0.21940  1.01040e-02 | 72 -0.10377  1.51679e-02
 73 -0.08063  1.83263e-03 | 74 -0.03560  2.69344e-04 | 75 -0.03458 -2.51684e-05
 76 -0.03475 -9.22950e-05 | 77 -0.44108 -2.16995e+01 | 78  2.60958 -2.49845e-01
 79 -0.26740 -3.12779e+01 | 80 -0.76055  3.39690e-01 | 81  1.62515  2.17330e+00
 82  3.09026  1.36907e-03 | 83  0.52673 -3.95157e-03 | 84 -1.49682  3.17322e-03
84 variables; iteration 820; function evaluation 950; phase 3
Function value -1.0609296e+02; maximum gradient component mag -1.1037e+02
Var    Value     Gradient |Var    Value     Gradient |Var    Value     Gradient
  1  0.01322 -1.10369e+02 |  2 -0.00513 -2.96999e-02 |  3 -0.00600 -3.56264e-02
  4 -0.02214 -3.80106e-02 |  5 -0.02317 -4.46009e-02 |  6 -0.02432 -5.32520e-02
  7 -0.02560 -6.30767e-02 |  8 -0.02699 -7.46697e-02 |  9 -0.02851 -8.70329e-02
 10 -0.03017 -1.06227e-01 | 11 -0.03190 -1.14309e-01 | 12 -0.03360 -1.26216e-01
 13 -0.03551 -1.34589e-01 | 14 -0.03790 -1.64605e-01 | 15 -0.04046 -1.78445e-01
 16 -0.04294 -1.96249e-01 | 17 -0.04616 -2.20198e-01 | 18 -0.04833 -2.38790e-01
 19 -0.05001 -1.94968e-01 | 20 -0.05176 -2.72829e-01 | 21 -0.05253 -2.69629e-01
 22 -0.05250 -2.73271e-01 | 23 -0.05321 -2.93172e-01 | 24 -0.05359 -3.48286e-01
 25 -0.05230 -4.02830e-01 | 26 -0.04208 -5.60896e-01 | 27 -0.00605 -9.37691e-01
 28  0.03695 -1.70709e+00 | 29 -0.05469 -9.87651e-01 | 30 -0.11188 -7.68809e-01
 31 -0.13103 -7.58075e-01 | 32 -0.12756 -9.47693e-01 | 33  0.04277 -5.02125e+00
 34 -0.11254 -1.71465e+00 | 35 -0.01398 -4.03088e+00 | 36 -0.03884 -3.56756e+00
 37 -0.03247 -3.84297e+00 | 38  0.02271 -5.89608e+00 | 39 -0.05739 -2.95289e+00
 40 -0.03980 -3.34135e+00 | 41 -0.04190 -2.95355e+00 | 42  0.00023 -3.55497e+00
 43 -0.01838 -2.62824e+00 | 44 -0.03619 -1.97986e+00 | 45 -0.04331 -1.66041e+00
 46 -0.04813 -1.33376e+00 | 47 -0.09424 -7.21305e-01 | 48 -0.06306 -5.91819e-01
 49 -0.12317 -1.92642e-01 | 50  0.07599  9.03426e-02 | 51 -0.09849  4.16203e-02
 52 -0.03048  9.18445e-02 | 53 -0.08032  7.04363e-02 | 54 -0.05432  8.44596e-02
 55 -0.02390  1.06825e-01 | 56 -0.08249  6.87614e-02 | 57 -0.04319  9.49125e-02
 58  0.00319  1.29844e-01 | 59 -0.01071  1.11167e-01 | 60 -0.02757  1.04239e-01
 61 -0.06846  6.25903e-02 | 62  0.00171  1.20455e-01 | 63 -0.06771  5.91730e-02
 64 -0.11495  4.57372e-02 | 65 -0.04293  7.92508e-02 | 66 -0.11977  3.55630e-02
 67 -0.09179  4.63372e-02 | 68 -0.07826  4.91056e-02 | 69  0.02036  1.21455e-01
 70 -0.02501  7.10874e-02 | 71 -0.21939  1.36230e-02 | 72 -0.10377  1.81304e-02
 73 -0.08067  2.28544e-03 | 74 -0.03560  4.13489e-04 | 75 -0.03458 -1.42079e-05
 76 -0.03475 -4.78439e-05 | 77 -0.44139 -5.40588e+01 | 78  2.64077 -5.04251e-01
 79 -0.26739 -6.59489e+01 | 80 -0.75962  7.87422e-01 | 81  1.62515  3.10759e+00
 82  3.08979  5.93540e-03 | 83  0.52107 -2.51947e-03 | 84 -1.58400  2.40397e-03
84 variables; iteration 840; function evaluation 973; phase 3
Function value -1.0609339e+02; maximum gradient component mag -7.6543e+01
Var    Value     Gradient |Var    Value     Gradient |Var    Value     Gradient
  1  0.01321 -7.65427e+01 |  2 -0.00513 -2.33315e-02 |  3 -0.00600 -2.79818e-02
  4 -0.02214 -2.96575e-02 |  5 -0.02317 -3.50121e-02 |  6 -0.02433 -4.14991e-02
  7 -0.02560 -4.88929e-02 |  8 -0.02699 -5.79662e-02 |  9 -0.02851 -6.74400e-02
 10 -0.03016 -8.16971e-02 | 11 -0.03190 -8.86212e-02 | 12 -0.03360 -9.97350e-02
 13 -0.03552 -1.05763e-01 | 14 -0.03790 -1.27524e-01 | 15 -0.04046 -1.37933e-01
 16 -0.04295 -1.53023e-01 | 17 -0.04618 -1.74810e-01 | 18 -0.04832 -1.83034e-01
 19 -0.05003 -1.43216e-01 | 20 -0.05175 -2.09847e-01 | 21 -0.05252 -2.05595e-01
 22 -0.05249 -2.09324e-01 | 23 -0.05320 -2.21762e-01 | 24 -0.05355 -2.60317e-01
 25 -0.05227 -2.99575e-01 | 26 -0.04206 -4.23523e-01 | 27 -0.00620 -7.38631e-01
 28  0.03698 -1.29470e+00 | 29 -0.05462 -7.06838e-01 | 30 -0.11185 -5.43281e-01
 31 -0.13102 -5.31487e-01 | 32 -0.12756 -6.59482e-01 | 33  0.04276 -3.44840e+00
 34 -0.11254 -1.16887e+00 | 35 -0.01398 -2.72868e+00 | 36 -0.03884 -2.42120e+00
 37 -0.03247 -2.60283e+00 | 38  0.02271 -4.02019e+00 | 39 -0.05739 -2.00737e+00
 40 -0.03980 -2.28957e+00 | 41 -0.04190 -2.01192e+00 | 42  0.00023 -2.42945e+00
 43 -0.01838 -1.79936e+00 | 44 -0.03619 -1.35083e+00 | 45 -0.04330 -1.13415e+00
 46 -0.04813 -9.11642e-01 | 47 -0.09423 -4.91129e-01 | 48 -0.06306 -4.04726e-01
 49 -0.12317 -1.26709e-01 | 50  0.07598  5.94809e-02 | 51 -0.09848  2.83755e-02
 52 -0.03047  6.45812e-02 | 53 -0.08032  4.92611e-02 | 54 -0.05432  5.81846e-02
 55 -0.02390  7.44941e-02 | 56 -0.08249  4.85091e-02 | 57 -0.04320  6.68515e-02
 58  0.00319  9.14024e-02 | 59 -0.01071  7.88507e-02 | 60 -0.02758  7.21158e-02
 61 -0.06847  4.61205e-02 | 62  0.00170  9.15511e-02 | 63 -0.06771  4.35597e-02
 64 -0.11495  3.46940e-02 | 65 -0.04294  5.74435e-02 | 66 -0.11978  2.62843e-02
 67 -0.09180  3.34756e-02 | 68 -0.07827  3.57404e-02 | 69  0.02035  8.36274e-02
 70 -0.02501  5.02006e-02 | 71 -0.21939  1.04820e-02 | 72 -0.10378  1.36474e-02
 73 -0.08069  1.59305e-03 | 74 -0.03560  4.79767e-04 | 75 -0.03458 -5.32959e-05
 76 -0.03475 -1.00536e-04 | 77 -0.44166 -4.14034e+01 | 78  2.67330 -3.20958e-01
 79 -0.26739 -4.63044e+01 | 80 -0.75989  5.34724e-01 | 81  1.62497  2.05430e+00
 82  3.11802  1.40826e-02 | 83  0.52107 -7.29361e-03 | 84 -1.62656  4.39799e-05
84 variables; iteration 860; function evaluation 993; phase 3
Function value -1.0609341e+02; maximum gradient component mag 5.3119e+00
Var    Value     Gradient |Var    Value     Gradient |Var    Value     Gradient
  1  0.01321  5.31185e+00 |  2 -0.00513  4.96899e-03 |  3 -0.00600  5.74714e-03
  4 -0.02214  6.14567e-03 |  5 -0.02317  7.13146e-03 |  6 -0.02432  8.45130e-03
  7 -0.02559  1.00325e-02 |  8 -0.02699  1.09723e-02 |  9 -0.02850  1.25491e-02
 10 -0.03013  1.61694e-02 | 11 -0.03189  1.56326e-02 | 12 -0.03360  1.63695e-02
 13 -0.03555  1.74665e-02 | 14 -0.03789  2.03084e-02 | 15 -0.04046  2.59099e-02
 16 -0.04297  2.50257e-02 | 17 -0.04620  2.22378e-02 | 18 -0.04831  4.34336e-02
 19 -0.05005  8.42561e-02 | 20 -0.05175  3.45296e-02 | 21 -0.05253  4.08384e-02
 22 -0.05249  4.18547e-02 | 23 -0.05321  4.81175e-02 | 24 -0.05353  5.39361e-02
 25 -0.05225  7.70454e-02 | 26 -0.04203  1.13172e-01 | 27 -0.00626  1.44686e-01
 28  0.03698  2.47405e-01 | 29 -0.05460  1.67751e-01 | 30 -0.11183  9.61522e-02
 31 -0.13102  7.38670e-02 | 32 -0.12757  6.60914e-02 | 33  0.04275  2.78933e-01
 34 -0.11254  6.73644e-02 | 35 -0.01398  1.23267e-01 | 36 -0.03885  7.31940e-02
 37 -0.03246  9.51573e-02 | 38  0.02270  9.37019e-02 | 39 -0.05739  7.99575e-02
 40 -0.03980  6.23619e-02 | 41 -0.04190  5.67205e-02 | 42  0.00022  3.64834e-02
 43 -0.01839  1.55358e-02 | 44 -0.03619 -3.95890e-03 | 45 -0.04330 -4.73223e-03
 46 -0.04814 -5.18551e-03 | 47 -0.09423 -1.00378e-02 | 48 -0.06306 -1.58862e-02
 49 -0.12318 -5.46284e-03 | 50  0.07598  1.30133e-02 | 51 -0.09847  9.31763e-03
 52 -0.03047  1.18260e-02 | 53 -0.08032  7.34515e-03 | 54 -0.05432  7.76990e-03
 55 -0.02390  1.18023e-02 | 56 -0.08249  5.29190e-03 | 57 -0.04320  7.32867e-03
 58  0.00318  8.26048e-03 | 59 -0.01071  5.39735e-03 | 60 -0.02758  1.72729e-03
 61 -0.06847  1.95395e-03 | 62  0.00170  7.67579e-03 | 63 -0.06771  2.82476e-03
 64 -0.11495  2.65566e-03 | 65 -0.04295  2.92765e-03 | 66 -0.11978  1.66339e-03
 67 -0.09181  9.83280e-04 | 68 -0.07827 -2.49324e-04 | 69  0.02034  1.10188e-02
 70 -0.02501  4.70016e-03 | 71 -0.21939  1.62092e-03 | 72 -0.10378  1.87396e-03
 73 -0.08070  2.09940e-04 | 74 -0.03560 -8.25149e-05 | 75 -0.03458  7.43676e-05
 76 -0.03475  4.55915e-05 | 77 -0.44171  1.24681e-01 | 78  2.68027 -2.78367e-03
 79 -0.26739  9.34320e-01 | 80 -0.76008 -7.12269e-02 | 81  1.62490 -8.31502e-02
 82  3.12706  1.56712e-03 | 83  0.52178 -8.66815e-03 | 84 -1.63000 -5.56080e-04
84 variables; iteration 880; function evaluation 1015; phase 3
Function value -1.0609402e+02; maximum gradient component mag -2.1623e+02
Var    Value     Gradient |Var    Value     Gradient |Var    Value     Gradient
  1  0.01322 -2.16228e+02 |  2 -0.00513 -9.02297e-02 |  3 -0.00600 -1.08244e-01
  4 -0.02214 -1.14219e-01 |  5 -0.02317 -1.35411e-01 |  6 -0.02432 -1.60324e-01
  7 -0.02560 -1.89261e-01 |  8 -0.02699 -2.19490e-01 |  9 -0.02851 -2.56397e-01
 10 -0.03016 -2.98243e-01 | 11 -0.03189 -3.32697e-01 | 12 -0.03358 -3.74961e-01
 13 -0.03552 -4.21206e-01 | 14 -0.03788 -4.78492e-01 | 15 -0.04046 -5.38472e-01
 16 -0.04295 -5.98359e-01 | 17 -0.04615 -6.64929e-01 | 18 -0.04834 -7.28404e-01
 19 -0.05002 -7.09920e-01 | 20 -0.05175 -7.99495e-01 | 21 -0.05251 -8.09428e-01
 22 -0.05252 -8.28042e-01 | 23 -0.05324 -8.92975e-01 | 24 -0.05352 -9.96474e-01
 25 -0.05229 -1.20681e+00 | 26 -0.04208 -1.70673e+00 | 27 -0.00622 -2.90058e+00
 28  0.03701 -4.96208e+00 | 29 -0.05464 -2.70482e+00 | 30 -0.11188 -1.93391e+00
 31 -0.13103 -1.78500e+00 | 32 -0.12759 -2.08031e+00 | 33  0.04278 -1.01284e+01
 34 -0.11261 -3.27577e+00 | 35 -0.01396 -7.34611e+00 | 36 -0.03885 -6.37336e+00
 37 -0.03247 -6.71377e+00 | 38  0.02272 -1.01685e+01 | 39 -0.05742 -5.10094e+00
 40 -0.03980 -5.65709e+00 | 41 -0.04190 -4.93275e+00 | 42  0.00023 -5.85205e+00
 43 -0.01838 -4.25584e+00 | 44 -0.03619 -3.21149e+00 | 45 -0.04331 -2.67110e+00
 46 -0.04812 -2.14374e+00 | 47 -0.09424 -1.17750e+00 | 48 -0.06306 -1.04070e+00
 49 -0.12317 -3.25495e-01 | 50  0.07600  7.99890e-02 | 51 -0.09858  7.36232e-02
 52 -0.03045  1.66929e-01 | 53 -0.08034  1.20659e-01 | 54 -0.05431  1.62349e-01
 55 -0.02390  2.04176e-01 | 56 -0.08251  1.30519e-01 | 57 -0.04319  1.69970e-01
 58  0.00319  2.26515e-01 | 59 -0.01071  2.00834e-01 | 60 -0.02757  1.73101e-01
 61 -0.06846  1.30138e-01 | 62  0.00171  2.34814e-01 | 63 -0.06773  1.23678e-01
 64 -0.11494  8.61858e-02 | 65 -0.04293  1.51224e-01 | 66 -0.11979  7.03150e-02
 67 -0.09178  7.71794e-02 | 68 -0.07825  8.14741e-02 | 69  0.02037  1.74646e-01
 70 -0.02505  1.14342e-01 | 71 -0.21938  2.27208e-02 | 72 -0.10376  3.22837e-02
 73 -0.08071  3.39514e-03 | 74 -0.03560  5.41383e-04 | 75 -0.03458 -1.69408e-04
 76 -0.03475 -1.66635e-04 | 77 -0.44179 -1.14392e+02 | 78  2.69017 -7.96183e-01
 79 -0.26724 -1.22998e+02 | 80 -0.74913  1.63473e+00 | 81  1.62506  5.94805e+00
 82  3.10481  3.19351e-02 | 83  0.53354 -8.66756e-03 | 84 -1.59118  2.32239e-03
84 variables; iteration 900; function evaluation 1052; phase 3
Function value -1.0660491e+02; maximum gradient component mag -8.7332e+02
Var    Value     Gradient |Var    Value     Gradient |Var    Value     Gradient
  1  0.01316 -8.73322e+02 |  2 -0.00556 -9.58667e-02 |  3 -0.00655 -1.27985e-01
  4 -0.02264 -1.18668e-01 |  5 -0.02380 -1.54323e-01 |  6 -0.02500 -1.68280e-01
  7 -0.02631 -1.84559e-01 |  8 -0.02808 -2.94168e-01 |  9 -0.02967 -3.24997e-01
 10 -0.03116 -3.00832e-01 | 11 -0.03316 -3.82207e-01 | 12 -0.03531 -5.43134e-01
 13 -0.03736 -5.78332e-01 | 14 -0.03992 -6.51956e-01 | 15 -0.04222 -6.01358e-01
 16 -0.04537 -8.23759e-01 | 17 -0.04932 -1.07053e+00 | 18 -0.04967 -5.35217e-01
 19 -0.04105  2.65225e+00 | 20 -0.05464 -1.03080e+00 | 21 -0.05399 -6.15665e-01
 22 -0.05409 -6.81191e-01 | 23 -0.05425 -6.13585e-01 | 24 -0.05201 -1.11895e-01
 25 -0.04722  2.97674e-01 | 26 -0.03215 -2.80602e-01 | 27 -0.01010 -6.57358e+00
 28  0.03011 -9.65254e+00 | 29 -0.04247 -2.40423e-02 | 30 -0.11231 -1.67068e+00
 31 -0.13088 -2.83130e+00 | 32 -0.12846 -6.04469e+00 | 33  0.04297 -4.23402e+01
 34 -0.11260 -1.57134e+01 | 35 -0.01370 -3.65927e+01 | 36 -0.03905 -3.59823e+01
 37 -0.03192 -3.48708e+01 | 38  0.02251 -5.70654e+01 | 39 -0.05704 -2.69377e+01
 40 -0.03977 -2.95364e+01 | 41 -0.04164 -2.51377e+01 | 42  0.00037 -3.09506e+01
 43 -0.01820 -2.36549e+01 | 44 -0.03592 -1.76415e+01 | 45 -0.04304 -1.51248e+01
 46 -0.04776 -1.23855e+01 | 47 -0.09405 -7.11890e+00 | 48 -0.06290 -6.98233e+00
 49 -0.12253 -1.83601e+00 | 50  0.07596 -9.07226e-02 | 51 -0.09827  4.69773e-01
 52 -0.03052  9.72032e-01 | 53 -0.08005  1.01568e+00 | 54 -0.05440  1.08518e+00
 55 -0.02383  1.43816e+00 | 56 -0.08253  6.48724e-01 | 57 -0.04317  1.08744e+00
 58  0.00334  1.71647e+00 | 59 -0.01077  1.06826e+00 | 60 -0.02722  1.46130e+00
 61 -0.06853  5.57386e-01 | 62  0.00180  1.59210e+00 | 63 -0.06766  6.37943e-01
 64 -0.11461  6.87907e-01 | 65 -0.04289  7.40321e-01 | 66 -0.11957  3.06363e-01
 67 -0.09153  4.54583e-01 | 68 -0.07802  3.63792e-01 | 69  0.02040  1.49601e+00
 70 -0.02500  7.60938e-01 | 71 -0.21919  2.21062e-01 | 72 -0.10356  4.06824e-01
 73 -0.08081  4.20350e-02 | 74 -0.03565 -3.22201e-03 | 75 -0.03462 -2.07570e-03
 76 -0.03477  1.84748e-03 | 77 -0.44174 -5.05042e+02 | 78  2.67276 -3.75868e+00
 79 -0.26722 -5.35812e+02 | 80 -0.74824  7.35024e+00 | 81  1.62448  2.41956e+01
 82  3.16548  2.77540e-01 | 83  0.57226 -8.39293e+00 | 84 -1.10265 -8.70055e-01
84 variables; iteration 920; function evaluation 1074; phase 3
Function value -1.0668341e+02; maximum gradient component mag 1.4786e+02
Var    Value     Gradient |Var    Value     Gradient |Var    Value     Gradient
  1  0.01297  1.47864e+02 |  2 -0.00544  1.21953e+00 |  3 -0.00640  1.45118e+00
  4 -0.02248  1.55489e+00 |  5 -0.02360  1.83306e+00 |  6 -0.02470  2.19758e+00
  7 -0.02585  2.62508e+00 |  8 -0.02782  2.89815e+00 |  9 -0.02878  3.54180e+00
 10 -0.03077  3.94847e+00 | 11 -0.03273  4.45164e+00 | 12 -0.03436  5.10532e+00
 13 -0.03602  5.82568e+00 | 14 -0.03866  6.42757e+00 | 15 -0.04158  7.12300e+00
 16 -0.04388  8.03419e+00 | 17 -0.04741  8.85092e+00 | 18 -0.04926  9.72363e+00
 19 -0.04739  1.16574e+01 | 20 -0.05352  1.02072e+01 | 21 -0.05435  1.03458e+01
 22 -0.05419  1.03524e+01 | 23 -0.05525  1.08672e+01 | 24 -0.05564  1.19481e+01
 25 -0.05351  1.42235e+01 | 26 -0.02502  2.57193e+01 | 27 -0.00070  2.80667e+01
 28  0.03135  3.37211e+01 | 29 -0.05431  1.54911e+01 | 30 -0.11401  6.57372e+00
 31 -0.13094  3.30533e+00 | 32 -0.12633 -6.83840e-01 | 33  0.04347 -2.92702e+01
 34 -0.11223 -1.44103e+01 | 35 -0.01388 -3.60841e+01 | 36 -0.03846 -3.42228e+01
 37 -0.03180 -3.13955e+01 | 38  0.02260 -4.36184e+01 | 39 -0.05692 -1.67144e+01
 40 -0.03959 -1.27787e+01 | 41 -0.04177 -5.60617e+00 | 42  0.00026 -1.06991e+00
 43 -0.01832  4.07302e+00 | 44 -0.03607  6.15851e+00 | 45 -0.04325  7.20504e+00
 46 -0.04843  7.30548e+00 | 47 -0.09389  4.95304e+00 | 48 -0.06293  5.60256e+00
 49 -0.12360  2.37099e+00 | 50  0.07667 -1.05042e+00 | 51 -0.09839 -4.30302e-01
 52 -0.02981 -1.10312e+00 | 53 -0.08014 -5.01955e-01 | 54 -0.05352 -9.63874e-01
 55 -0.02330 -1.03825e+00 | 56 -0.08193 -6.80859e-01 | 57 -0.04250 -8.03620e-01
 58  0.00366 -1.08147e+00 | 59 -0.01034 -1.14520e+00 | 60 -0.02726 -1.28683e-01
 61 -0.06832 -6.13648e-01 | 62  0.00253 -5.42412e-01 | 63 -0.06784 -7.37770e-01
 64 -0.11469 -3.32417e-01 | 65 -0.04244 -6.62311e-01 | 66 -0.11989 -3.68656e-01
 67 -0.09162 -4.69476e-02 | 68 -0.07841 -1.08158e-01 | 69  0.02110 -2.34609e-01
 70 -0.02474 -4.23402e-01 | 71 -0.21914 -3.31361e-02 | 72 -0.10344 -1.07647e-03
 73 -0.07999 -2.50448e-02 | 74 -0.03537  4.79744e-03 | 75 -0.03443 -1.35123e-02
 76 -0.03457 -5.11048e-03 | 77 -0.44136  5.66126e+01 | 78  2.66673  5.07827e-01
 79 -0.26734 -4.03660e+01 | 80 -0.75531  4.13949e-01 | 81  1.62466  4.03024e+00
 82  3.15097  5.33369e-02 | 83  0.57238  3.08429e+00 | 84 -1.04750 -4.20447e-01
84 variables; iteration 940; function evaluation 1096; phase 3
Function value -1.0673970e+02; maximum gradient component mag -1.6157e+02
Var    Value     Gradient |Var    Value     Gradient |Var    Value     Gradient
  1  0.01313 -1.61567e+02 |  2 -0.00519 -2.24470e-01 |  3 -0.00608 -2.71316e-01
  4 -0.02222 -2.86603e-01 |  5 -0.02325 -3.35440e-01 |  6 -0.02443 -4.00408e-01
  7 -0.02573 -4.73552e-01 |  8 -0.02711 -5.45167e-01 |  9 -0.02863 -6.27309e-01
 10 -0.03029 -7.22408e-01 | 11 -0.03208 -8.30549e-01 | 12 -0.03379 -9.42197e-01
 13 -0.03569 -1.04210e+00 | 14 -0.03805 -1.16694e+00 | 15 -0.04062 -1.31092e+00
 16 -0.04311 -1.46568e+00 | 17 -0.04632 -1.62951e+00 | 18 -0.04851 -1.76957e+00
 19 -0.05006 -1.77058e+00 | 20 -0.05185 -1.91912e+00 | 21 -0.05257 -1.94649e+00
 22 -0.05253 -1.96614e+00 | 23 -0.05316 -2.10271e+00 | 24 -0.05324 -2.32863e+00
 25 -0.05179 -2.83034e+00 | 26 -0.04226 -4.29935e+00 | 27 -0.00099 -6.31411e+00
 28  0.03637 -9.95853e+00 | 29 -0.05867 -5.36372e+00 | 30 -0.11253 -3.15514e+00
 31 -0.13081 -2.63943e+00 | 32 -0.12620 -2.55261e+00 | 33  0.04322 -9.47249e+00
 34 -0.11238 -1.99724e+00 | 35 -0.01407 -2.52089e+00 | 36 -0.03846 -9.87478e-01
 37 -0.03232 -2.69773e-01 | 38  0.02268  5.96805e-02 | 39 -0.05728  1.49290e-01
 40 -0.03971  1.62085e-02 | 41 -0.04192 -1.39858e-01 | 42  0.00023 -4.91485e-01
 43 -0.01834 -6.48892e-01 | 44 -0.03610 -6.15657e-01 | 45 -0.04328 -6.88641e-01
 46 -0.04819 -6.59516e-01 | 47 -0.09409 -4.40945e-01 | 48 -0.06301 -4.69826e-01
 49 -0.12325 -7.29434e-02 | 50  0.07632  1.01040e-01 | 51 -0.09852  3.63811e-02
 52 -0.03011  1.38599e-01 | 53 -0.08018  1.11393e-01 | 54 -0.05393  1.39427e-01
 55 -0.02360  1.56925e-01 | 56 -0.08223  8.02260e-02 | 57 -0.04286  1.43886e-01
 58  0.00343  2.25248e-01 | 59 -0.01047  1.93758e-01 | 60 -0.02745  1.78620e-01
 61 -0.06826  9.85666e-02 | 62  0.00205  2.17316e-01 | 63 -0.06767  1.27665e-01
 64 -0.11479  1.13183e-01 | 65 -0.04269  1.48296e-01 | 66 -0.11973  8.75033e-02
 67 -0.09167  1.11207e-01 | 68 -0.07819  1.07595e-01 | 69  0.02073  2.62001e-01
 70 -0.02484  1.31883e-01 | 71 -0.21920  4.08285e-02 | 72 -0.10357  4.84692e-02
 73 -0.08037  6.49736e-03 | 74 -0.03549  5.51306e-04 | 75 -0.03447  5.48461e-04
 76 -0.03464  1.65510e-04 | 77 -0.44138 -4.33054e+01 | 78  2.64753 -4.03557e-01
 79 -0.26731 -8.74856e+01 | 80 -0.75392  1.10056e+00 | 81  1.62393  2.23217e+00
 82  3.20959  5.25207e-02 | 83  0.57238  2.97052e-01 | 84 -1.01672 -4.62236e-02
84 variables; iteration 960; function evaluation 1116; phase 3
Function value -1.0674159e+02; maximum gradient component mag 1.1046e+02
Var    Value     Gradient |Var    Value     Gradient |Var    Value     Gradient
  1  0.01314  1.10461e+02 |  2 -0.00518  7.99842e-03 |  3 -0.00606  1.05437e-02
  4 -0.02221  1.01553e-02 |  5 -0.02325  1.19224e-02 |  6 -0.02442  1.37196e-02
  7 -0.02569  1.73401e-02 |  8 -0.02712  1.58380e-02 |  9 -0.02860  3.11836e-02
 10 -0.03025  3.23232e-02 | 11 -0.03208  1.67181e-02 | 12 -0.03373  3.71746e-02
 13 -0.03569  4.04834e-02 | 14 -0.03802  5.59624e-02 | 15 -0.04066  4.62638e-02
 16 -0.04312  5.57714e-02 | 17 -0.04636  6.13807e-02 | 18 -0.04853  6.93426e-02
 19 -0.05038  7.71351e-02 | 20 -0.05196  6.46449e-02 | 21 -0.05276  6.46947e-02
 22 -0.05272  6.12116e-02 | 23 -0.05347  5.62640e-02 | 24 -0.05359  1.18921e-01
 25 -0.05187  2.39041e-01 | 26 -0.03927  8.17898e-01 | 27 -0.00310  8.68771e-01
 28  0.03636  2.13396e+00 | 29 -0.05709  1.36280e+00 | 30 -0.11331  8.66824e-01
 31 -0.13117  8.98194e-01 | 32 -0.12647  1.24456e+00 | 33  0.04330  7.14241e+00
 34 -0.11250  2.45158e+00 | 35 -0.01406  5.51220e+00 | 36 -0.03848  4.68611e+00
 37 -0.03236  4.76867e+00 | 38  0.02270  6.68465e+00 | 39 -0.05731  3.22939e+00
 40 -0.03973  3.23882e+00 | 41 -0.04193  2.57221e+00 | 42  0.00025  2.71425e+00
 43 -0.01832  1.69547e+00 | 44 -0.03609  1.08162e+00 | 45 -0.04327  7.85448e-01
 46 -0.04813  4.82242e-01 | 47 -0.09412  2.20891e-01 | 48 -0.06299  1.54862e-01
 49 -0.12324  4.23386e-02 | 50  0.07630 -1.89450e-01 | 51 -0.09858 -5.88706e-02
 52 -0.03013 -6.21814e-02 | 53 -0.08018 -7.24677e-02 | 54 -0.05399 -8.20703e-02
 55 -0.02363 -1.18267e-01 | 56 -0.08227 -5.57679e-02 | 57 -0.04291 -7.44132e-02
 58  0.00342 -1.23345e-01 | 59 -0.01049 -1.01591e-01 | 60 -0.02744 -9.17109e-02
 61 -0.06825 -6.29461e-02 | 62  0.00200 -1.86836e-01 | 63 -0.06764 -1.07934e-01
 64 -0.11479 -8.24983e-02 | 65 -0.04269 -9.05817e-02 | 66 -0.11972 -4.35465e-02
 67 -0.09164 -3.68064e-02 | 68 -0.07814 -3.83223e-02 | 69  0.02071 -3.28987e-02
 70 -0.02486 -5.54534e-02 | 71 -0.21922 -1.84192e-02 | 72 -0.10356 -1.89148e-02
 73 -0.08043 -8.52669e-04 | 74 -0.03550 -8.70609e-04 | 75 -0.03449 -5.13815e-04
 76 -0.03465  5.07888e-04 | 77 -0.44133  5.07377e+01 | 78  2.63871  4.70492e-01
 79 -0.26722  6.12635e+01 | 80 -0.74690 -9.34987e-01 | 81  1.62449 -5.43960e+00
 82  3.16764 -5.02772e-02 | 83  0.57238 -1.17760e-01 | 84 -1.01346  1.05287e-02
84 variables; iteration 980; function evaluation 1136; phase 3
Function value -1.0674291e+02; maximum gradient component mag -9.0638e+01
Var    Value     Gradient |Var    Value     Gradient |Var    Value     Gradient
  1  0.01315 -9.06377e+01 |  2 -0.00520 -5.68361e-02 |  3 -0.00608 -6.93250e-02
  4 -0.02222 -7.27657e-02 |  5 -0.02327 -8.50596e-02 |  6 -0.02444 -1.01857e-01
  7 -0.02572 -1.19535e-01 |  8 -0.02713 -1.39239e-01 |  9 -0.02863 -1.52307e-01
 10 -0.03030 -1.82689e-01 | 11 -0.03211 -2.19649e-01 | 12 -0.03378 -2.38994e-01
 13 -0.03570 -2.55877e-01 | 14 -0.03807 -2.89093e-01 | 15 -0.04068 -3.35914e-01
 16 -0.04312 -3.62343e-01 | 17 -0.04634 -4.00426e-01 | 18 -0.04857 -4.51024e-01
 19 -0.05031 -4.36813e-01 | 20 -0.05194 -4.89398e-01 | 21 -0.05272 -5.02552e-01
 22 -0.05266 -5.12955e-01 | 23 -0.05334 -5.65590e-01 | 24 -0.05345 -6.27293e-01
 25 -0.05194 -8.05919e-01 | 26 -0.04047 -1.10841e+00 | 27 -0.00192 -1.99690e+00
 28  0.03613 -3.33384e+00 | 29 -0.05750 -1.80010e+00 | 30 -0.11315 -1.25433e+00
 31 -0.13112 -1.11700e+00 | 32 -0.12643 -1.18418e+00 | 33  0.04333 -5.24714e+00
 34 -0.11259 -1.56393e+00 | 35 -0.01402 -3.32861e+00 | 36 -0.03848 -2.80716e+00
 37 -0.03238 -2.75571e+00 | 38  0.02273 -3.94441e+00 | 39 -0.05735 -1.87395e+00
 40 -0.03972 -1.78924e+00 | 41 -0.04193 -1.37551e+00 | 42  0.00026 -1.34115e+00
 43 -0.01830 -7.33319e-01 | 44 -0.03608 -4.39761e-01 | 45 -0.04326 -2.73959e-01
 46 -0.04808 -1.25199e-01 | 47 -0.09414 -5.56610e-02 | 48 -0.06298 -5.35664e-02
 49 -0.12321 -5.99750e-02 | 50  0.07631  2.43509e-01 | 51 -0.09868  6.48990e-02
 52 -0.03012  1.11102e-01 | 53 -0.08016  6.98940e-02 | 54 -0.05401  8.81005e-02
 55 -0.02363  1.01108e-01 | 56 -0.08231  5.30093e-02 | 57 -0.04291  8.50036e-02
 58  0.00344  1.35300e-01 | 59 -0.01050  1.24638e-01 | 60 -0.02739  1.35039e-01
 61 -0.06826  6.27352e-02 | 62  0.00201  1.16155e-01 | 63 -0.06764  7.27985e-02
 64 -0.11474  5.55803e-02 | 65 -0.04267  8.85126e-02 | 66 -0.11969  5.26521e-02
 67 -0.09159  6.99431e-02 | 68 -0.07807  6.69287e-02 | 69  0.02073  1.79231e-01
 70 -0.02490  9.29189e-02 | 71 -0.21917  2.55580e-02 | 72 -0.10353  3.06570e-02
 73 -0.08045  3.64748e-03 | 74 -0.03550  1.58613e-04 | 75 -0.03448 -2.04076e-04
 76 -0.03465 -2.16004e-04 | 77 -0.44124 -3.71416e+01 | 78  2.62622 -3.81815e-01
 79 -0.26706 -4.86465e+01 | 80 -0.73619  6.48021e-01 | 81  1.62489  4.81403e+00
 82  3.12757  3.80411e-02 | 83  0.57238  4.66813e-02 | 84 -1.01395  1.30329e-03
84 variables; iteration 1000; function evaluation 1159; phase 3
Function value -1.0674368e+02; maximum gradient component mag 1.7668e+01
Var    Value     Gradient |Var    Value     Gradient |Var    Value     Gradient
  1  0.01316  1.76678e+01 |  2 -0.00519 -7.02315e-03 |  3 -0.00607 -8.77821e-03
  4 -0.02222 -9.26720e-03 |  5 -0.02326 -1.11353e-02 |  6 -0.02443 -1.37224e-02
  7 -0.02571 -1.57012e-02 |  8 -0.02713 -2.08523e-02 |  9 -0.02864 -1.98116e-02
 10 -0.03030 -2.65398e-02 | 11 -0.03208 -3.60478e-02 | 12 -0.03378 -3.61261e-02
 13 -0.03573 -3.78355e-02 | 14 -0.03810 -4.27542e-02 | 15 -0.04070 -5.41334e-02
 16 -0.04318 -5.74885e-02 | 17 -0.04641 -6.29724e-02 | 18 -0.04856 -5.85567e-02
 19 -0.05007  4.53790e-02 | 20 -0.05200 -8.08210e-02 | 21 -0.05277 -7.75077e-02
 22 -0.05271 -8.40837e-02 | 23 -0.05338 -9.49968e-02 | 24 -0.05353 -9.30673e-02
 25 -0.05196 -1.16331e-01 | 26 -0.04062 -1.10044e-01 | 27 -0.00133 -3.62903e-02
 28  0.03588 -2.60257e-01 | 29 -0.05748 -1.70738e-01 | 30 -0.11319 -1.43909e-01
 31 -0.13117 -1.13321e-01 | 32 -0.12657 -5.67823e-02 | 33  0.04339  4.36294e-01
 34 -0.11272  2.46224e-01 | 35 -0.01398  7.61144e-01 | 36 -0.03849  7.54850e-01
 37 -0.03240  9.19080e-01 | 38  0.02275  1.39350e+00 | 39 -0.05740  7.60070e-01
 40 -0.03972  8.71339e-01 | 41 -0.04195  7.77558e-01 | 42  0.00028  9.29723e-01
 43 -0.01829  7.17297e-01 | 44 -0.03608  5.46115e-01 | 45 -0.04327  4.74585e-01
 46 -0.04806  3.95549e-01 | 47 -0.09415  2.25842e-01 | 48 -0.06296  2.29656e-01
 49 -0.12322  1.02611e-01 | 50  0.07635  2.08770e-02 | 51 -0.09888 -6.30469e-03
 52 -0.03007 -5.48992e-03 | 53 -0.08020 -4.12819e-03 | 54 -0.05400 -4.93030e-03
 55 -0.02362 -7.60218e-03 | 56 -0.08234 -5.15606e-03 | 57 -0.04289 -1.98588e-04
 58  0.00347  1.32322e-02 | 59 -0.01050  1.53739e-02 | 60 -0.02738  3.27874e-02
 61 -0.06825  4.68709e-03 | 62  0.00203  1.49632e-03 | 63 -0.06767  1.84523e-03
 64 -0.11471  5.12821e-03 | 65 -0.04264  1.70873e-02 | 66 -0.11969  1.41080e-02
 67 -0.09155  2.89601e-02 | 68 -0.07803  2.57459e-02 | 69  0.02078  4.74296e-02
 70 -0.02497  1.18454e-02 | 71 -0.21917  3.62528e-03 | 72 -0.10348  7.54942e-03
 73 -0.08046  1.02129e-03 | 74 -0.03550 -1.38278e-04 | 75 -0.03448 -3.02341e-04
 76 -0.03465 -8.06824e-05 | 77 -0.44118  3.24437e+00 | 78  2.61984  2.37531e-02
 79 -0.26678  6.23389e+00 | 80 -0.71885 -1.83773e-01 | 81  1.62522  3.88406e-01
 82  3.07244 -1.75891e-02 | 83  0.57238  5.22808e-02 | 84 -1.01394  1.30495e-03
84 variables; iteration 1020; function evaluation 1184; phase 3
Function value -1.0674430e+02; maximum gradient component mag -2.0532e+02
Var    Value     Gradient |Var    Value     Gradient |Var    Value     Gradient
  1  0.01316 -2.05324e+02 |  2 -0.00519 -1.11209e-01 |  3 -0.00607 -1.33744e-01
  4 -0.02221 -1.41514e-01 |  5 -0.02326 -1.67994e-01 |  6 -0.02442 -1.99488e-01
  7 -0.02571 -2.34382e-01 |  8 -0.02712 -2.75123e-01 |  9 -0.02864 -3.15436e-01
 10 -0.03030 -3.66585e-01 | 11 -0.03208 -4.19953e-01 | 12 -0.03378 -4.73685e-01
 13 -0.03574 -5.32365e-01 | 14 -0.03812 -6.00813e-01 | 15 -0.04073 -6.84164e-01
 16 -0.04319 -7.54931e-01 | 17 -0.04644 -8.43934e-01 | 18 -0.04856 -8.98854e-01
 19 -0.04985 -7.72142e-01 | 20 -0.05207 -1.01483e+00 | 21 -0.05278 -1.01911e+00
 22 -0.05277 -1.04596e+00 | 23 -0.05342 -1.12478e+00 | 24 -0.05358 -1.25162e+00
 25 -0.05202 -1.51295e+00 | 26 -0.04064 -2.06012e+00 | 27 -0.00094 -3.29619e+00
 28  0.03573 -5.55651e+00 | 29 -0.05748 -3.03048e+00 | 30 -0.11329 -2.21513e+00
 31 -0.13125 -2.04146e+00 | 32 -0.12665 -2.28591e+00 | 33  0.04347 -1.00422e+01
 34 -0.11292 -3.01100e+00 | 35 -0.01392 -6.27022e+00 | 36 -0.03851 -5.19348e+00
 37 -0.03241 -5.31048e+00 | 38  0.02279 -8.12281e+00 | 39 -0.05746 -4.07829e+00
 40 -0.03972 -4.62443e+00 | 41 -0.04196 -4.14877e+00 | 42  0.00030 -5.15295e+00
 43 -0.01828 -3.85801e+00 | 44 -0.03608 -2.99229e+00 | 45 -0.04328 -2.52530e+00
 46 -0.04803 -2.06608e+00 | 47 -0.09416 -1.11442e+00 | 48 -0.06295 -8.78208e-01
 49 -0.12322 -1.08222e-01 | 50  0.07641 -5.69057e-02 | 51 -0.09918  1.65881e-02
 52 -0.03000  1.18406e-01 | 53 -0.08025  1.05808e-01 | 54 -0.05398  1.48144e-01
 55 -0.02361  1.85468e-01 | 56 -0.08239  1.22601e-01 | 57 -0.04287  1.73874e-01
 58  0.00350  2.48411e-01 | 59 -0.01051  2.17084e-01 | 60 -0.02736  2.15132e-01
 61 -0.06824  1.38683e-01 | 62  0.00207  2.34889e-01 | 63 -0.06772  1.20859e-01
 64 -0.11467  9.32528e-02 | 65 -0.04260  1.72953e-01 | 66 -0.11971  9.43867e-02
 67 -0.09148  1.34119e-01 | 68 -0.07797  1.39885e-01 | 69  0.02086  2.30510e-01
 70 -0.02509  1.19985e-01 | 71 -0.21914  2.35444e-02 | 72 -0.10342  4.40820e-02
 73 -0.08048  5.37316e-03 | 74 -0.03549  1.54309e-04 | 75 -0.03448 -3.75389e-04
 76 -0.03465 -8.15280e-05 | 77 -0.44125 -9.27601e+01 | 78  2.62452 -9.38359e-01
 79 -0.26636 -1.08507e+02 | 80 -0.69609  2.00841e+00 | 81  1.62532  4.68287e+00
 82  3.04011 -3.48084e-02 | 83  0.57238  1.02929e-01 | 84 -1.01390  1.94444e-03
84 variables; iteration 1040; function evaluation 1210; phase 3
Function value -1.0674730e+02; maximum gradient component mag -3.6319e+02
Var    Value     Gradient |Var    Value     Gradient |Var    Value     Gradient
  1  0.01315 -3.63185e+02 |  2 -0.00517 -4.75975e-02 |  3 -0.00605 -5.72750e-02
  4 -0.02220 -6.05207e-02 |  5 -0.02324 -7.19820e-02 |  6 -0.02440 -8.53434e-02
  7 -0.02568 -1.00508e-01 |  8 -0.02709 -1.18014e-01 |  9 -0.02862 -1.35563e-01
 10 -0.03027 -1.58489e-01 | 11 -0.03203 -1.80983e-01 | 12 -0.03373 -2.03574e-01
 13 -0.03569 -2.32543e-01 | 14 -0.03807 -2.64680e-01 | 15 -0.04066 -3.03056e-01
 16 -0.04313 -3.34394e-01 | 17 -0.04636 -3.73119e-01 | 18 -0.04852 -4.00508e-01
 19 -0.05011 -3.39837e-01 | 20 -0.05197 -4.60133e-01 | 21 -0.05272 -4.66975e-01
 22 -0.05267 -4.90005e-01 | 23 -0.05333 -5.48145e-01 | 24 -0.05351 -6.49206e-01
 25 -0.05193 -8.54610e-01 | 26 -0.04066 -1.31914e+00 | 27 -0.00165 -2.45386e+00
 28  0.03621 -4.68526e+00 | 29 -0.05774 -2.99077e+00 | 30 -0.11327 -2.43508e+00
 31 -0.13125 -2.55243e+00 | 32 -0.12662 -3.38399e+00 | 33  0.04349 -1.87285e+01
 34 -0.11312 -6.51420e+00 | 35 -0.01387 -1.53301e+01 | 36 -0.03854 -1.35958e+01
 37 -0.03243 -1.42998e+01 | 38  0.02281 -2.13684e+01 | 39 -0.05756 -1.05438e+01
 40 -0.03971 -1.13582e+01 | 41 -0.04199 -9.69207e+00 | 42  0.00031 -1.11734e+01
 43 -0.01830 -7.86436e+00 | 44 -0.03610 -5.80465e+00 | 45 -0.04330 -4.70463e+00
 46 -0.04805 -3.69092e+00 | 47 -0.09417 -1.97623e+00 | 48 -0.06296 -1.68488e+00
 49 -0.12321 -4.78797e-01 | 50  0.07647  8.56811e-02 | 51 -0.09959  1.02408e-01
 52 -0.02991  2.53218e-01 | 53 -0.08038  1.87092e-01 | 54 -0.05394  2.54614e-01
 55 -0.02362  3.25754e-01 | 56 -0.08245  2.07486e-01 | 57 -0.04282  2.73829e-01
 58  0.00352  3.70056e-01 | 59 -0.01053  3.21678e-01 | 60 -0.02739  2.83274e-01
 61 -0.06824  2.03505e-01 | 62  0.00211  3.53975e-01 | 63 -0.06782  1.87657e-01
 64 -0.11464  1.30307e-01 | 65 -0.04256  2.33118e-01 | 66 -0.11978  1.14674e-01
 67 -0.09144  1.35228e-01 | 68 -0.07796  1.38587e-01 | 69  0.02094  2.81691e-01
 70 -0.02528  1.76148e-01 | 71 -0.21914  3.18872e-02 | 72 -0.10336  4.97281e-02
 73 -0.08050  6.12270e-03 | 74 -0.03549  2.93764e-04 | 75 -0.03448 -2.33250e-04
 76 -0.03465 -7.19956e-05 | 77 -0.44154 -1.88739e+02 | 78  2.65746 -1.57738e+00
 79 -0.26583 -1.76519e+02 | 80 -0.67155  3.85497e+00 | 81  1.62527  1.13227e+01
 82  3.05906  1.07102e-02 | 83  0.57238  4.65795e-04 | 84 -1.01361  7.22697e-03
84 variables; iteration 1060; function evaluation 1232; phase 3
Function value -1.0674899e+02; maximum gradient component mag -2.1667e+01
Var    Value     Gradient |Var    Value     Gradient |Var    Value     Gradient
  1  0.01313 -2.16665e+01 |  2 -0.00517 -5.90434e-03 |  3 -0.00605 -6.92116e-03
  4 -0.02219 -7.30496e-03 |  5 -0.02324 -9.09367e-03 |  6 -0.02440 -1.03451e-02
  7 -0.02568 -1.19553e-02 |  8 -0.02708 -1.41344e-02 |  9 -0.02860 -1.62241e-02
 10 -0.03025 -1.90935e-02 | 11 -0.03201 -2.17258e-02 | 12 -0.03371 -2.44699e-02
 13 -0.03567 -2.93416e-02 | 14 -0.03804 -3.48306e-02 | 15 -0.04061 -3.68025e-02
 16 -0.04310 -4.28362e-02 | 17 -0.04632 -4.45263e-02 | 18 -0.04850 -4.97791e-02
 19 -0.05035 -4.84790e-02 | 20 -0.05189 -5.58812e-02 | 21 -0.05268 -5.98975e-02
 22 -0.05260 -6.07717e-02 | 23 -0.05326 -6.70110e-02 | 24 -0.05345 -8.07506e-02
 25 -0.05183 -1.01568e-01 | 26 -0.04066 -1.51783e-01 | 27 -0.00195 -2.05498e-01
 28  0.03627 -3.96471e-01 | 29 -0.05760 -3.10943e-01 | 30 -0.11315 -2.16852e-01
 31 -0.13118 -2.04554e-01 | 32 -0.12659 -2.35256e-01 | 33  0.04345 -1.11278e+00
 34 -0.11314 -3.67257e-01 | 35 -0.01386 -8.41435e-01 | 36 -0.03855 -7.14258e-01
 37 -0.03241 -7.52283e-01 | 38  0.02279 -1.08847e+00 | 39 -0.05759 -5.25004e-01
 40 -0.03970 -5.57322e-01 | 41 -0.04199 -4.73419e-01 | 42  0.00029 -5.36856e-01
 43 -0.01834 -3.76646e-01 | 44 -0.03613 -2.87374e-01 | 45 -0.04332 -2.39042e-01
 46 -0.04812 -1.93125e-01 | 47 -0.09415 -1.11310e-01 | 48 -0.06300 -1.06794e-01
 49 -0.12323 -5.43832e-02 | 50  0.07650  4.20312e-03 | 51 -0.09976  6.07606e-03
 52 -0.02986  1.19103e-02 | 53 -0.08048  6.02330e-03 | 54 -0.05388  1.07926e-02
 55 -0.02362  1.56921e-02 | 56 -0.08245  8.46223e-03 | 57 -0.04278  1.13824e-02
 58  0.00351  1.21942e-02 | 59 -0.01053  1.23433e-02 | 60 -0.02744  1.32307e-02
 61 -0.06825  4.56592e-03 | 62  0.00214  3.57130e-03 | 63 -0.06790  3.79260e-03
 64 -0.11466 -7.73261e-04 | 65 -0.04256 -6.71788e-04 | 66 -0.11985  5.02477e-04
 67 -0.09146 -7.95181e-04 | 68 -0.07801  3.03972e-04 | 69  0.02098  1.34681e-02
 70 -0.02537  8.16977e-03 | 71 -0.21918  1.38701e-03 | 72 -0.10336  1.38541e-03
 73 -0.08048  1.55130e-04 | 74 -0.03548  6.95702e-05 | 75 -0.03447  3.05010e-05
 76 -0.03464 -8.29182e-05 | 77 -0.44181 -1.34839e+01 | 78  2.69791 -9.09081e-02
 79 -0.26566 -1.10132e+01 | 80 -0.66426  1.85609e-01 | 81  1.62504  7.52332e-01
 82  3.10460 -1.94274e-03 | 83  0.57238 -3.40397e-03 | 84 -1.01369  5.61720e-03
84 variables; iteration 1080; function evaluation 1253; phase 3
Function value -1.0674909e+02; maximum gradient component mag -9.4254e+00
Var    Value     Gradient |Var    Value     Gradient |Var    Value     Gradient
  1  0.01313 -9.42537e+00 |  2 -0.00517 -2.70497e-02 |  3 -0.00605 -3.23860e-02
  4 -0.02220 -3.43004e-02 |  5 -0.02324 -4.05738e-02 |  6 -0.02440 -4.80552e-02
  7 -0.02568 -5.64845e-02 |  8 -0.02708 -6.52369e-02 |  9 -0.02860 -7.50125e-02
 10 -0.03024 -8.61621e-02 | 11 -0.03201 -9.91760e-02 | 12 -0.03371 -1.11669e-01
 13 -0.03566 -1.25363e-01 | 14 -0.03803 -1.40597e-01 | 15 -0.04061 -1.58863e-01
 16 -0.04308 -1.75463e-01 | 17 -0.04631 -1.95984e-01 | 18 -0.04849 -2.15322e-01
 19 -0.05044 -2.49041e-01 | 20 -0.05187 -2.32350e-01 | 21 -0.05266 -2.38246e-01
 22 -0.05258 -2.38974e-01 | 23 -0.05324 -2.55285e-01 | 24 -0.05342 -2.88023e-01
 25 -0.05181 -3.45521e-01 | 26 -0.04066 -4.80180e-01 | 27 -0.00205 -7.28787e-01
 28  0.03627 -1.09384e+00 | 29 -0.05754 -5.79064e-01 | 30 -0.11312 -3.36674e-01
 31 -0.13117 -2.53144e-01 | 32 -0.12658 -1.98422e-01 | 33  0.04343 -4.15849e-01
 34 -0.11314  1.85566e-04 | 35 -0.01386  2.15606e-01 | 36 -0.03855  3.35950e-01
 37 -0.03240  3.76922e-01 | 38  0.02278  6.27566e-01 | 39 -0.05759  2.87811e-01
 40 -0.03970  2.89392e-01 | 41 -0.04199  2.17863e-01 | 42  0.00029  2.15041e-01
 43 -0.01835  1.27437e-01 | 44 -0.03614  6.38618e-02 | 45 -0.04332  3.87867e-02
 46 -0.04814  1.89195e-02 | 47 -0.09415  4.26819e-03 | 48 -0.06300  5.08882e-03
 49 -0.12323 -1.81899e-03 | 50  0.07650  3.35227e-02 | 51 -0.09977  8.82904e-03
 52 -0.02986  1.58042e-02 | 53 -0.08050  7.21669e-03 | 54 -0.05387  9.07990e-03
 55 -0.02362  1.13771e-02 | 56 -0.08245  8.92103e-03 | 57 -0.04278  1.07533e-02
 58  0.00351  1.38755e-02 | 59 -0.01053  1.55627e-02 | 60 -0.02745  8.53932e-03
 61 -0.06825  9.81120e-03 | 62  0.00214  1.32295e-02 | 63 -0.06791  9.26822e-03
 64 -0.11467  5.12785e-03 | 65 -0.04256  1.19364e-02 | 66 -0.11987  6.81731e-03
 67 -0.09147  7.54676e-03 | 68 -0.07803  7.08700e-03 | 69  0.02098  1.04692e-02
 70 -0.02538  7.11089e-03 | 71 -0.21918  1.02859e-03 | 72 -0.10337  1.06466e-03
 73 -0.08048  1.19476e-04 | 74 -0.03548 -5.74907e-06 | 75 -0.03447 -2.57878e-06
 76 -0.03464  1.91432e-06 | 77 -0.44189 -1.74121e+00 | 78  2.71126 -1.04654e-02
 79 -0.26565 -4.36239e+00 | 80 -0.66400  3.36177e-02 | 81  1.62491  1.88355e-01
 82  3.12307  1.41020e-04 | 83  0.57238 -4.39103e-02 | 84 -1.01373  4.98291e-03
84 variables; iteration 1100; function evaluation 1274; phase 3
Function value -1.0674992e+02; maximum gradient component mag -4.2694e+02
Var    Value     Gradient |Var    Value     Gradient |Var    Value     Gradient
  1  0.01312 -4.26937e+02 |  2 -0.00517 -2.44114e-01 |  3 -0.00605 -2.92650e-01
  4 -0.02219 -3.09102e-01 |  5 -0.02324 -3.66577e-01 |  6 -0.02440 -4.32961e-01
  7 -0.02568 -5.08641e-01 |  8 -0.02708 -5.91631e-01 |  9 -0.02860 -6.84532e-01
 10 -0.03024 -7.83400e-01 | 11 -0.03201 -8.95613e-01 | 12 -0.03370 -1.01666e+00
 13 -0.03566 -1.14209e+00 | 14 -0.03801 -1.27929e+00 | 15 -0.04060 -1.44345e+00
 16 -0.04306 -1.60785e+00 | 17 -0.04631 -1.79802e+00 | 18 -0.04848 -1.94970e+00
 19 -0.05042 -2.06984e+00 | 20 -0.05188 -2.13215e+00 | 21 -0.05263 -2.17632e+00
 22 -0.05257 -2.19310e+00 | 23 -0.05322 -2.36297e+00 | 24 -0.05338 -2.66360e+00
 25 -0.05175 -3.21370e+00 | 26 -0.04053 -4.54243e+00 | 27 -0.00234 -7.71918e+00
 28  0.03634 -1.22647e+01 | 29 -0.05742 -6.41877e+00 | 30 -0.11313 -4.41948e+00
 31 -0.13121 -3.97694e+00 | 32 -0.12661 -4.42311e+00 | 33  0.04345 -2.01517e+01
 34 -0.11326 -6.03141e+00 | 35 -0.01383 -1.29269e+01 | 36 -0.03857 -1.07874e+01
 37 -0.03240 -1.12236e+01 | 38  0.02279 -1.68753e+01 | 39 -0.05765 -8.52896e+00
 40 -0.03970 -9.54592e+00 | 41 -0.04200 -8.45725e+00 | 42  0.00029 -1.02547e+01
 43 -0.01836 -7.61505e+00 | 44 -0.03615 -5.87787e+00 | 45 -0.04334 -4.95271e+00
 46 -0.04816 -4.02632e+00 | 47 -0.09415 -2.22738e+00 | 48 -0.06301 -1.94712e+00
 49 -0.12322 -5.56214e-01 | 50  0.07654  2.02740e-01 | 51 -0.10003  1.51010e-01
 52 -0.02980  3.50529e-01 | 53 -0.08059  2.52507e-01 | 54 -0.05383  3.36995e-01
 55 -0.02363  4.18495e-01 | 56 -0.08248  2.66348e-01 | 57 -0.04274  3.54863e-01
 58  0.00352  4.72486e-01 | 59 -0.01054  4.10688e-01 | 60 -0.02747  3.44462e-01
 61 -0.06826  2.63737e-01 | 62  0.00217  4.57649e-01 | 63 -0.06798  2.48971e-01
 64 -0.11465  1.72904e-01 | 65 -0.04253  3.01385e-01 | 66 -0.11991  1.48757e-01
 67 -0.09144  1.69892e-01 | 68 -0.07802  1.75681e-01 | 69  0.02104  3.65833e-01
 70 -0.02550  2.34857e-01 | 71 -0.21919  4.55057e-02 | 72 -0.10333  6.89005e-02
 73 -0.08046  7.79546e-03 | 74 -0.03548  3.35642e-04 | 75 -0.03447 -4.76080e-05
 76 -0.03464 -7.05757e-05 | 77 -0.44184 -2.19544e+02 | 78  2.70438 -1.43156e+00
 79 -0.26532 -1.83909e+02 | 80 -0.65073  4.59584e+00 | 81  1.62478  9.84555e+00
 82  3.13870  8.73285e-02 | 83  0.57238 -1.29219e-02 | 84 -1.01401 -8.30711e-05
84 variables; iteration 1120; function evaluation 1297; phase 3
Function value -1.0675071e+02; maximum gradient component mag -1.6525e+02
Var    Value     Gradient |Var    Value     Gradient |Var    Value     Gradient
  1  0.01311 -1.65251e+02 |  2 -0.00517 -5.04091e-02 |  3 -0.00604 -6.01672e-02
  4 -0.02219 -6.36083e-02 |  5 -0.02323 -7.55258e-02 |  6 -0.02439 -8.89055e-02
  7 -0.02567 -1.04147e-01 |  8 -0.02707 -1.21177e-01 |  9 -0.02859 -1.40172e-01
 10 -0.03023 -1.60556e-01 | 11 -0.03199 -1.81571e-01 | 12 -0.03370 -2.08871e-01
 13 -0.03564 -2.33133e-01 | 14 -0.03800 -2.60435e-01 | 15 -0.04058 -2.94813e-01
 16 -0.04306 -3.27135e-01 | 17 -0.04628 -3.65721e-01 | 18 -0.04847 -4.01037e-01
 19 -0.05045 -4.55221e-01 | 20 -0.05185 -4.36521e-01 | 21 -0.05262 -4.43746e-01
 22 -0.05255 -4.50702e-01 | 23 -0.05319 -4.88255e-01 | 24 -0.05335 -5.59071e-01
 25 -0.05171 -6.96089e-01 | 26 -0.04053 -1.04190e+00 | 27 -0.00236 -1.90917e+00
 28  0.03633 -3.14327e+00 | 29 -0.05737 -1.73204e+00 | 30 -0.11313 -1.27753e+00
 31 -0.13122 -1.25292e+00 | 32 -0.12663 -1.55728e+00 | 33  0.04348 -8.26956e+00
 34 -0.11341 -2.72390e+00 | 35 -0.01379 -6.21941e+00 | 36 -0.03859 -5.41235e+00
 37 -0.03241 -5.68580e+00 | 38  0.02280 -8.50090e+00 | 39 -0.05772 -4.25125e+00
 40 -0.03969 -4.62393e+00 | 41 -0.04202 -3.98816e+00 | 42  0.00029 -4.66015e+00
 43 -0.01838 -3.34652e+00 | 44 -0.03617 -2.49118e+00 | 45 -0.04336 -2.04542e+00
 46 -0.04819 -1.63080e+00 | 47 -0.09415 -8.77170e-01 | 48 -0.06303 -7.46647e-01
 49 -0.12323 -1.98178e-01 | 50  0.07660  2.69317e-02 | 51 -0.10036  3.79404e-02
 52 -0.02973  1.12119e-01 | 53 -0.08070  8.28404e-02 | 54 -0.05378  1.11147e-01
 55 -0.02362  1.41692e-01 | 56 -0.08252  9.19240e-02 | 57 -0.04270  1.25920e-01
 58  0.00354  1.70151e-01 | 59 -0.01055  1.45472e-01 | 60 -0.02748  1.26064e-01
 61 -0.06826  9.34148e-02 | 62  0.00222  1.57501e-01 | 63 -0.06807  8.55561e-02
 64 -0.11463  6.02341e-02 | 65 -0.04249  1.04719e-01 | 66 -0.11996  5.46520e-02
 67 -0.09140  6.60297e-02 | 68 -0.07800  6.88968e-02 | 69  0.02112  1.25944e-01
 70 -0.02564  8.04199e-02 | 71 -0.21920  1.45343e-02 | 72 -0.10328  2.41192e-02
 73 -0.08043  2.76468e-03 | 74 -0.03547 -6.92937e-05 | 75 -0.03446  8.08628e-05
 76 -0.03464  9.99728e-05 | 77 -0.44166 -8.18603e+01 | 78  2.68116 -6.12550e-01
 79 -0.26492 -7.11203e+01 | 80 -0.63616  1.90670e+00 | 81  1.62460  4.00283e+00
 82  3.15717  4.84349e-02 | 83  0.57238  1.94302e-02 | 84 -1.01407 -1.42633e-03
84 variables; iteration 1140; function evaluation 1321; phase 3
Function value -1.0675100e+02; maximum gradient component mag -3.1600e+01
Var    Value     Gradient |Var    Value     Gradient |Var    Value     Gradient
  1  0.01311 -3.16000e+01 |  2 -0.00516 -3.27450e-02 |  3 -0.00604 -3.92203e-02
  4 -0.02218 -4.12890e-02 |  5 -0.02323 -4.89603e-02 |  6 -0.02438 -5.73680e-02
  7 -0.02566 -6.72321e-02 |  8 -0.02706 -7.81854e-02 |  9 -0.02858 -8.99282e-02
 10 -0.03022 -1.02702e-01 | 11 -0.03198 -1.18038e-01 | 12 -0.03368 -1.33369e-01
 13 -0.03563 -1.50285e-01 | 14 -0.03799 -1.67947e-01 | 15 -0.04056 -1.86161e-01
 16 -0.04305 -2.11152e-01 | 17 -0.04627 -2.33757e-01 | 18 -0.04847 -2.61182e-01
 19 -0.05052 -3.28997e-01 | 20 -0.05181 -2.70096e-01 | 21 -0.05263 -2.86360e-01
 22 -0.05253 -2.80266e-01 | 23 -0.05319 -3.02099e-01 | 24 -0.05337 -3.44144e-01
 25 -0.05172 -4.12105e-01 | 26 -0.04055 -5.89277e-01 | 27 -0.00236 -1.01638e+00
 28  0.03636 -1.47638e+00 | 29 -0.05745 -7.31585e-01 | 30 -0.11313 -4.39026e-01
 31 -0.13122 -3.54184e-01 | 32 -0.12665 -3.45361e-01 | 33  0.04349 -1.38276e+00
 34 -0.11349 -3.36246e-01 | 35 -0.01378 -6.54176e-01 | 36 -0.03860 -4.81773e-01
 37 -0.03242 -5.02092e-01 | 38  0.02280 -6.93409e-01 | 39 -0.05776 -3.69879e-01
 40 -0.03969 -3.98139e-01 | 41 -0.04203 -3.63001e-01 | 42  0.00029 -4.35772e-01
 43 -0.01839 -3.21769e-01 | 44 -0.03618 -2.76006e-01 | 45 -0.04338 -2.34577e-01
 46 -0.04820 -1.86503e-01 | 47 -0.09416 -1.13235e-01 | 48 -0.06304 -1.23235e-01
 49 -0.12323 -7.92640e-02 | 50  0.07662  9.08132e-02 | 51 -0.10051  3.77937e-02
 52 -0.02971  4.21880e-02 | 53 -0.08075  2.26751e-02 | 54 -0.05377  3.27985e-02
 55 -0.02363  3.84228e-02 | 56 -0.08254  2.24827e-02 | 57 -0.04269  2.49743e-02
 58  0.00355  3.04521e-02 | 59 -0.01055  3.01326e-02 | 60 -0.02750  2.28407e-02
 61 -0.06826  2.02752e-02 | 62  0.00223  2.64522e-02 | 63 -0.06810  1.84299e-02
 64 -0.11462  9.01513e-03 | 65 -0.04247  1.78936e-02 | 66 -0.11997  6.22701e-03
 67 -0.09138  1.89160e-04 | 68 -0.07799 -2.38306e-03 | 69  0.02116  2.73578e-02
 70 -0.02571  2.07939e-02 | 71 -0.21920  3.24073e-03 | 72 -0.10326  1.38824e-03
 73 -0.08040  5.42112e-04 | 74 -0.03547  1.07410e-04 | 75 -0.03446 -4.36945e-05
 76 -0.03464 -1.38015e-04 | 77 -0.44145 -8.88514e+00 | 78  2.65495 -8.00360e-02
 79 -0.26474 -1.13060e+01 | 80 -0.63001  2.76237e-01 | 81  1.62461  8.87025e-01
 82  3.15587  1.62310e-02 | 83  0.57238 -4.82160e-02 | 84 -1.01401 -4.07316e-04
84 variables; iteration 1160; function evaluation 1343; phase 3
Function value -1.0675110e+02; maximum gradient component mag -7.8769e+01
Var    Value     Gradient |Var    Value     Gradient |Var    Value     Gradient
  1  0.01311 -7.87691e+01 |  2 -0.00516 -4.56688e-02 |  3 -0.00604 -5.47573e-02
  4 -0.02218 -5.77720e-02 |  5 -0.02323 -6.84273e-02 |  6 -0.02438 -8.06506e-02
  7 -0.02566 -9.46226e-02 |  8 -0.02706 -1.10120e-01 |  9 -0.02859 -1.27467e-01
 10 -0.03022 -1.45440e-01 | 11 -0.03198 -1.65510e-01 | 12 -0.03369 -1.89000e-01
 13 -0.03564 -2.11343e-01 | 14 -0.03800 -2.36460e-01 | 15 -0.04057 -2.65498e-01
 16 -0.04306 -2.97008e-01 | 17 -0.04628 -3.31470e-01 | 18 -0.04847 -3.62422e-01
 19 -0.05043 -4.09915e-01 | 20 -0.05184 -3.90394e-01 | 21 -0.05263 -4.00958e-01
 22 -0.05255 -4.00470e-01 | 23 -0.05320 -4.30344e-01 | 24 -0.05336 -4.85529e-01
 25 -0.05171 -5.83953e-01 | 26 -0.04052 -8.32593e-01 | 27 -0.00230 -1.44549e+00
 28  0.03632 -2.21512e+00 | 29 -0.05740 -1.13738e+00 | 30 -0.11315 -7.69833e-01
 31 -0.13125 -6.90896e-01 | 32 -0.12667 -7.69790e-01 | 33  0.04351 -3.60098e+00
 34 -0.11353 -1.07587e+00 | 35 -0.01377 -2.32760e+00 | 36 -0.03861 -1.95524e+00
 37 -0.03242 -2.05521e+00 | 38  0.02280 -3.10845e+00 | 39 -0.05778 -1.59173e+00
 40 -0.03969 -1.79147e+00 | 41 -0.04203 -1.59821e+00 | 42  0.00030 -1.95720e+00
 43 -0.01839 -1.46660e+00 | 44 -0.03618 -1.13865e+00 | 45 -0.04338 -9.63312e-01
 46 -0.04820 -7.90510e-01 | 47 -0.09416 -4.40324e-01 | 48 -0.06303 -3.89081e-01
 49 -0.12323 -1.16005e-01 | 50  0.07663  3.38524e-02 | 51 -0.10058  2.84422e-02
 52 -0.02969  6.57976e-02 | 53 -0.08076  4.79190e-02 | 54 -0.05376  6.30795e-02
 55 -0.02362  8.03172e-02 | 56 -0.08255  4.98987e-02 | 57 -0.04268  6.57761e-02
 58  0.00356  8.63234e-02 | 59 -0.01055  7.31740e-02 | 60 -0.02750  5.78062e-02
 61 -0.06826  4.69629e-02 | 62  0.00225  8.40169e-02 | 63 -0.06812  4.57421e-02
 64 -0.11460  3.18921e-02 | 65 -0.04246  5.28269e-02 | 66 -0.11997  2.53564e-02
 67 -0.09136  2.79559e-02 | 68 -0.07798  2.94904e-02 | 69  0.02118  6.22770e-02
 70 -0.02574  4.06808e-02 | 71 -0.21920  8.07470e-03 | 72 -0.10324  1.13176e-02
 73 -0.08039  1.25549e-03 | 74 -0.03546  1.07071e-04 | 75 -0.03446  3.34372e-05
 76 -0.03463 -9.49596e-06 | 77 -0.44126 -3.08898e+01 | 78  2.63468 -3.05397e-01
 79 -0.26465 -3.18464e+01 | 80 -0.62692  8.83213e-01 | 81  1.62461  1.50825e+00
 82  3.15572  2.22664e-02 | 83  0.57238 -4.76018e-03 | 84 -1.01403 -8.96488e-04
84 variables; iteration 1180; function evaluation 1364; phase 3
Function value -1.0675112e+02; maximum gradient component mag -1.9526e+01
Var    Value     Gradient |Var    Value     Gradient |Var    Value     Gradient
  1  0.01311 -1.95260e+01 |  2 -0.00516 -9.33523e-03 |  3 -0.00604 -1.11017e-02
  4 -0.02218 -1.17208e-02 |  5 -0.02323 -1.38424e-02 |  6 -0.02438 -1.61513e-02
  7 -0.02566 -1.87821e-02 |  8 -0.02706 -2.18991e-02 |  9 -0.02859 -2.50344e-02
 10 -0.03022 -2.85769e-02 | 11 -0.03198 -3.21765e-02 | 12 -0.03369 -3.72617e-02
 13 -0.03564 -4.09944e-02 | 14 -0.03800 -4.51626e-02 | 15 -0.04057 -5.04346e-02
 16 -0.04306 -5.66110e-02 | 17 -0.04628 -6.27462e-02 | 18 -0.04846 -7.20420e-02
 19 -0.05044 -1.06326e-01 | 20 -0.05184 -7.25312e-02 | 21 -0.05263 -7.59458e-02
 22 -0.05255 -7.40595e-02 | 23 -0.05320 -7.93418e-02 | 24 -0.05336 -9.09401e-02
 25 -0.05171 -1.12295e-01 | 26 -0.04053 -1.74421e-01 | 27 -0.00227 -3.39985e-01
 28  0.03631 -4.81045e-01 | 29 -0.05740 -2.42057e-01 | 30 -0.11316 -1.59085e-01
 31 -0.13125 -1.49988e-01 | 32 -0.12667 -1.79871e-01 | 33  0.04352 -1.00053e+00
 34 -0.11354 -3.09950e-01 | 35 -0.01376 -6.81554e-01 | 36 -0.03861 -5.74261e-01
 37 -0.03242 -6.01879e-01 | 38  0.02280 -8.82521e-01 | 39 -0.05778 -4.53724e-01
 40 -0.03969 -4.83079e-01 | 41 -0.04204 -4.16408e-01 | 42  0.00030 -4.85139e-01
 43 -0.01840 -3.47038e-01 | 44 -0.03619 -2.59549e-01 | 45 -0.04338 -2.10356e-01
 46 -0.04820 -1.66822e-01 | 47 -0.09416 -8.73142e-02 | 48 -0.06304 -7.01615e-02
 49 -0.12323 -1.52855e-02 | 50  0.07664  8.71868e-03 | 51 -0.10061  5.02278e-03
 52 -0.02969  1.29944e-02 | 53 -0.08078  9.77597e-03 | 54 -0.05376  1.26604e-02
 55 -0.02362  1.63313e-02 | 56 -0.08256  1.05050e-02 | 57 -0.04267  1.48765e-02
 58  0.00356  1.97855e-02 | 59 -0.01056  1.63265e-02 | 60 -0.02750  1.34785e-02
 61 -0.06826  1.05437e-02 | 62  0.00225  1.55058e-02 | 63 -0.06813  9.61631e-03
 64 -0.11460  6.86917e-03 | 65 -0.04245  1.20553e-02 | 66 -0.11997  6.74481e-03
 67 -0.09136  8.47422e-03 | 68 -0.07797  9.01369e-03 | 69  0.02119  1.56492e-02
 70 -0.02576  9.45358e-03 | 71 -0.21920  1.80951e-03 | 72 -0.10324  2.94043e-03
 73 -0.08038  3.23941e-04 | 74 -0.03546  1.88077e-06 | 75 -0.03446  3.13239e-05
 76 -0.03463  2.25153e-05 | 77 -0.44114 -5.34275e+00 | 78  2.62301 -6.10358e-02
 79 -0.26461 -8.69072e+00 | 80 -0.62577  2.09465e-01 | 81  1.62464  3.32992e-01
 82  3.15304  9.92276e-03 | 83  0.57238 -8.36536e-03 | 84 -1.01403 -9.02913e-04
84 variables; iteration 1200; function evaluation 1387; phase 3
Function value -1.0675143e+02; maximum gradient component mag -3.2308e+02
Var    Value     Gradient |Var    Value     Gradient |Var    Value     Gradient
  1  0.01311 -3.23078e+02 |  2 -0.00517 -1.48079e-01 |  3 -0.00605 -1.77475e-01
  4 -0.02219 -1.86482e-01 |  5 -0.02323 -2.21876e-01 |  6 -0.02439 -2.61508e-01
  7 -0.02567 -3.06545e-01 |  8 -0.02706 -3.54818e-01 |  9 -0.02858 -4.09106e-01
 10 -0.03022 -4.70300e-01 | 11 -0.03200 -5.40897e-01 | 12 -0.03372 -6.20069e-01
 13 -0.03564 -6.85885e-01 | 14 -0.03802 -7.75153e-01 | 15 -0.04059 -8.69356e-01
 16 -0.04305 -9.64682e-01 | 17 -0.04631 -1.08634e+00 | 18 -0.04847 -1.17244e+00
 19 -0.05023 -1.20215e+00 | 20 -0.05189 -1.28955e+00 | 21 -0.05264 -1.31238e+00
 22 -0.05258 -1.32908e+00 | 23 -0.05318 -1.42347e+00 | 24 -0.05334 -1.61702e+00
 25 -0.05169 -1.97337e+00 | 26 -0.04038 -2.82404e+00 | 27 -0.00241 -4.98467e+00
 28  0.03636 -8.05507e+00 | 29 -0.05735 -4.28552e+00 | 30 -0.11324 -3.05772e+00
 31 -0.13130 -2.82925e+00 | 32 -0.12673 -3.27948e+00 | 33  0.04356 -1.57543e+01
 34 -0.11366 -4.92217e+00 | 35 -0.01373 -1.07743e+01 | 36 -0.03863 -9.12910e+00
 37 -0.03242 -9.45973e+00 | 38  0.02282 -1.42405e+01 | 39 -0.05782 -7.19081e+00
 40 -0.03969 -8.04097e+00 | 41 -0.04204 -7.05090e+00 | 42  0.00031 -8.49732e+00
 43 -0.01840 -6.26531e+00 | 44 -0.03618 -4.65473e+00 | 45 -0.04339 -3.89653e+00
 46 -0.04819 -3.12897e+00 | 47 -0.09416 -1.66691e+00 | 48 -0.06303 -1.30564e+00
 49 -0.12322 -2.19923e-01 | 50  0.07667  4.32679e-02 | 51 -0.10080  3.92002e-02
 52 -0.02965  1.93504e-01 | 53 -0.08082  1.65229e-01 | 54 -0.05374  2.15398e-01
 55 -0.02362  2.62780e-01 | 56 -0.08258  1.77469e-01 | 57 -0.04266  2.67249e-01
 58  0.00358  3.81465e-01 | 59 -0.01056  3.09438e-01 | 60 -0.02748  2.88316e-01
 61 -0.06826  1.90260e-01 | 62  0.00228  3.67893e-01 | 63 -0.06816  1.94386e-01
 64 -0.11457  1.44219e-01 | 65 -0.04243  2.45540e-01 | 66 -0.11998  1.42245e-01
 67 -0.09132  1.77938e-01 | 68 -0.07794  1.84559e-01 | 69  0.02123  2.72407e-01
 70 -0.02583  1.69837e-01 | 71 -0.21919  3.82659e-02 | 72 -0.10320  6.40834e-02
 73 -0.08037  8.05738e-03 | 74 -0.03546  2.33365e-04 | 75 -0.03446  2.32232e-04
 76 -0.03463  2.93223e-04 | 77 -0.44105 -1.28768e+02 | 78  2.61312 -1.42219e+00
 79 -0.26438 -1.30117e+02 | 80 -0.61815  3.96175e+00 | 81  1.62481  6.86073e+00
 82  3.13364  5.77632e-02 | 83  0.57238  1.53463e-01 | 84 -1.01409 -1.95631e-03
84 variables; iteration 1220; function evaluation 1410; phase 3
Function value -1.0675177e+02; maximum gradient component mag -7.0609e+01
Var    Value     Gradient |Var    Value     Gradient |Var    Value     Gradient
  1  0.01311 -7.06090e+01 |  2 -0.00516 -3.73660e-02 |  3 -0.00604 -4.47321e-02
  4 -0.02218 -4.70917e-02 |  5 -0.02323 -5.60868e-02 |  6 -0.02438 -6.61739e-02
  7 -0.02566 -7.76165e-02 |  8 -0.02706 -8.96075e-02 |  9 -0.02858 -1.03207e-01
 10 -0.03022 -1.18918e-01 | 11 -0.03199 -1.36989e-01 | 12 -0.03370 -1.56824e-01
 13 -0.03564 -1.73766e-01 | 14 -0.03801 -1.96775e-01 | 15 -0.04059 -2.20186e-01
 16 -0.04307 -2.44713e-01 | 17 -0.04630 -2.75167e-01 | 18 -0.04847 -2.96049e-01
 19 -0.05029 -2.95599e-01 | 20 -0.05187 -3.25262e-01 | 21 -0.05265 -3.31697e-01
 22 -0.05258 -3.35421e-01 | 23 -0.05322 -3.56613e-01 | 24 -0.05339 -4.01235e-01
 25 -0.05174 -4.81623e-01 | 26 -0.04051 -6.66963e-01 | 27 -0.00206 -1.12882e+00
 28  0.03623 -1.77703e+00 | 29 -0.05741 -9.17223e-01 | 30 -0.11323 -6.34140e-01
 31 -0.13131 -5.63398e-01 | 32 -0.12675 -6.22287e-01 | 33  0.04359 -2.78585e+00
 34 -0.11374 -8.71187e-01 | 35 -0.01370 -1.96504e+00 | 36 -0.03863 -1.73227e+00
 37 -0.03243 -1.86154e+00 | 38  0.02284 -2.91156e+00 | 39 -0.05785 -1.51470e+00
 40 -0.03969 -1.76782e+00 | 41 -0.04205 -1.61256e+00 | 42  0.00032 -2.01932e+00
 43 -0.01839 -1.55343e+00 | 44 -0.03619 -1.20170e+00 | 45 -0.04339 -1.04342e+00
 46 -0.04818 -8.66976e-01 | 47 -0.09417 -4.89872e-01 | 48 -0.06303 -4.39404e-01
 49 -0.12322 -1.53453e-01 | 50  0.07670  2.58622e-02 | 51 -0.10093  2.43686e-02
 52 -0.02962  5.68399e-02 | 53 -0.08084  3.95362e-02 | 54 -0.05374  5.36439e-02
 55 -0.02362  6.56100e-02 | 56 -0.08261  4.26434e-02 | 57 -0.04265  5.88643e-02
 58  0.00359  8.11362e-02 | 59 -0.01057  6.51746e-02 | 60 -0.02748  6.04676e-02
 61 -0.06825  3.57257e-02 | 62  0.00229  7.37260e-02 | 63 -0.06818  3.69212e-02
 64 -0.11456  2.40483e-02 | 65 -0.04241  3.60020e-02 | 66 -0.11999  1.78862e-02
 67 -0.09130  1.77429e-02 | 68 -0.07792  1.82547e-02 | 69  0.02126  4.76929e-02
 70 -0.02588  3.59964e-02 | 71 -0.21918  7.26891e-03 | 72 -0.10318  1.03648e-02
 73 -0.08040  1.49290e-03 | 74 -0.03546  1.85126e-05 | 75 -0.03445  7.71119e-05
 76 -0.03463  5.17167e-05 | 77 -0.44124 -3.11963e+01 | 78  2.63076 -3.13578e-01
 79 -0.26419 -2.65701e+01 | 80 -0.61243  8.15394e-01 | 81  1.62486  1.30482e+00
 82  3.12801  1.01794e-02 | 83  0.57238  4.33475e-02 | 84 -1.01399 -2.56083e-04
84 variables; iteration 1240; function evaluation 1432; phase 3
Function value -1.0675202e+02; maximum gradient component mag -4.2224e+01
Var    Value     Gradient |Var    Value     Gradient |Var    Value     Gradient
  1  0.01310 -4.22239e+01 |  2 -0.00516 -1.89747e-02 |  3 -0.00603 -2.27596e-02
  4 -0.02218 -2.41133e-02 |  5 -0.02322 -2.85430e-02 |  6 -0.02437 -3.37226e-02
  7 -0.02565 -3.96585e-02 |  8 -0.02705 -4.64505e-02 |  9 -0.02858 -5.40460e-02
 10 -0.03021 -6.16419e-02 | 11 -0.03197 -6.96563e-02 | 12 -0.03367 -7.92283e-02
 13 -0.03563 -8.97599e-02 | 14 -0.03799 -1.00247e-01 | 15 -0.04057 -1.13203e-01
 16 -0.04305 -1.26993e-01 | 17 -0.04628 -1.40917e-01 | 18 -0.04845 -1.53520e-01
 19 -0.05034 -1.66374e-01 | 20 -0.05185 -1.67441e-01 | 21 -0.05263 -1.71924e-01
 22 -0.05256 -1.72831e-01 | 23 -0.05321 -1.87800e-01 | 24 -0.05338 -2.12275e-01
 25 -0.05173 -2.56552e-01 | 26 -0.04054 -3.67066e-01 | 27 -0.00208 -6.24240e-01
 28  0.03626 -1.01098e+00 | 29 -0.05742 -5.45485e-01 | 30 -0.11322 -3.88395e-01
 31 -0.13134 -3.64452e-01 | 32 -0.12677 -4.28181e-01 | 33  0.04361 -2.09459e+00
 34 -0.11389 -6.44532e-01 | 35 -0.01366 -1.42142e+00 | 36 -0.03865 -1.19504e+00
 37 -0.03244 -1.24756e+00 | 38  0.02285 -1.87330e+00 | 39 -0.05792 -9.34889e-01
 40 -0.03968 -1.03402e+00 | 41 -0.04207 -9.07376e-01 | 42  0.00032 -1.09049e+00
 43 -0.01840 -8.00332e-01 | 44 -0.03620 -6.17486e-01 | 45 -0.04341 -5.12940e-01
 46 -0.04819 -4.15766e-01 | 47 -0.09418 -2.27144e-01 | 48 -0.06303 -1.93984e-01
 49 -0.12323 -4.51587e-02 | 50  0.07675  2.44085e-05 | 51 -0.10123  9.68808e-03
 52 -0.02955  2.95913e-02 | 53 -0.08094  2.31984e-02 | 54 -0.05370  3.21752e-02
 55 -0.02362  4.08314e-02 | 56 -0.08265  2.52760e-02 | 57 -0.04261  3.35089e-02
 58  0.00361  4.32635e-02 | 59 -0.01057  3.78446e-02 | 60 -0.02750  2.98425e-02
 61 -0.06825  2.59454e-02 | 62  0.00232  4.11513e-02 | 63 -0.06825  2.29035e-02
 64 -0.11453  1.64463e-02 | 65 -0.04238  2.97762e-02 | 66 -0.12004  1.45703e-02
 67 -0.09126  1.79213e-02 | 68 -0.07791  1.95521e-02 | 69  0.02133  3.78250e-02
 70 -0.02602  2.15979e-02 | 71 -0.21918  4.00478e-03 | 72 -0.10313  6.52993e-03
 73 -0.08040  7.23947e-04 | 74 -0.03545  1.69848e-05 | 75 -0.03445  5.12513e-06
 76 -0.03463  1.49414e-06 | 77 -0.44133 -1.82718e+01 | 78  2.64069 -1.74329e-01
 79 -0.26381 -1.60165e+01 | 80 -0.60131  5.33872e-01 | 81  1.62487  9.23423e-01
 82  3.12656  6.78472e-03 | 83  0.57238 -1.09730e-02 | 84 -1.01397  5.38688e-05
84 variables; iteration 1260; function evaluation 1457; phase 3
Function value -1.0675205e+02; maximum gradient component mag -2.1634e+01
Var    Value     Gradient |Var    Value     Gradient |Var    Value     Gradient
  1  0.01310 -2.16341e+01 |  2 -0.00515 -3.96229e-03 |  3 -0.00603 -4.75388e-03
  4 -0.02217 -5.01824e-03 |  5 -0.02321 -5.95452e-03 |  6 -0.02437 -7.01580e-03
  7 -0.02565 -8.23723e-03 |  8 -0.02705 -9.65784e-03 |  9 -0.02857 -1.12407e-02
 10 -0.03021 -1.27900e-02 | 11 -0.03197 -1.45183e-02 | 12 -0.03367 -1.65440e-02
 13 -0.03562 -1.86835e-02 | 14 -0.03798 -2.09395e-02 | 15 -0.04056 -2.35785e-02
 16 -0.04305 -2.65193e-02 | 17 -0.04627 -2.95072e-02 | 18 -0.04845 -3.22129e-02
 19 -0.05032 -3.53517e-02 | 20 -0.05184 -3.51184e-02 | 21 -0.05263 -3.62771e-02
 22 -0.05256 -3.65664e-02 | 23 -0.05321 -4.00845e-02 | 24 -0.05337 -4.61915e-02
 25 -0.05172 -5.73635e-02 | 26 -0.04053 -8.57533e-02 | 27 -0.00208 -1.54887e-01
 28  0.03627 -2.64881e-01 | 29 -0.05742 -1.53188e-01 | 30 -0.11324 -1.19542e-01
 31 -0.13136 -1.23847e-01 | 32 -0.12680 -1.64248e-01 | 33  0.04364 -9.30458e-01
 34 -0.11398 -3.29816e-01 | 35 -0.01363 -8.18050e-01 | 36 -0.03866 -7.49171e-01
 37 -0.03244 -8.10238e-01 | 38  0.02286 -1.24017e+00 | 39 -0.05796 -6.24413e-01
 40 -0.03968 -6.91811e-01 | 41 -0.04208 -6.06048e-01 | 42  0.00033 -7.20608e-01
 43 -0.01841 -5.26601e-01 | 44 -0.03621 -4.02614e-01 | 45 -0.04342 -3.37314e-01
 46 -0.04820 -2.75417e-01 | 47 -0.09418 -1.56480e-01 | 48 -0.06303 -1.49754e-01
 49 -0.12323 -6.06051e-02 | 50  0.07678  7.55721e-03 | 51 -0.10142  1.02839e-02
 52 -0.02951  2.00272e-02 | 53 -0.08099  1.29343e-02 | 54 -0.05368  1.78854e-02
 55 -0.02362  2.33447e-02 | 56 -0.08267  1.38644e-02 | 57 -0.04259  1.71579e-02
 58  0.00362  2.17561e-02 | 59 -0.01058  1.79275e-02 | 60 -0.02750  1.36608e-02
 61 -0.06825  1.04745e-02 | 62  0.00234  1.93771e-02 | 63 -0.06829  9.85939e-03
 64 -0.11452  5.87534e-03 | 65 -0.04236  9.50270e-03 | 66 -0.12006  3.33628e-03
 67 -0.09123  1.81009e-03 | 68 -0.07789  1.86386e-03 | 69  0.02138  1.33064e-02
 70 -0.02609  9.80575e-03 | 71 -0.21917  1.63372e-03 | 72 -0.10310  1.80401e-03
 73 -0.08040  2.77228e-04 | 74 -0.03545  1.32320e-05 | 75 -0.03445  1.30385e-05
 76 -0.03463  1.06877e-05 | 77 -0.44135 -1.03999e+01 | 78  2.64316 -9.82564e-02
 79 -0.26358 -7.60414e+00 | 80 -0.59482  2.68836e-01 | 81  1.62486  5.56524e-01
 82  3.12760  4.34772e-03 | 83  0.57238 -9.43290e-04 | 84 -1.01397 -3.95568e-05
84 variables; iteration 1280; function evaluation 1480; phase 3
Function value -1.0675207e+02; maximum gradient component mag -2.7483e+01
Var    Value     Gradient |Var    Value     Gradient |Var    Value     Gradient
  1  0.01310 -2.74832e+01 |  2 -0.00515 -6.49424e-03 |  3 -0.00603 -7.79948e-03
  4 -0.02217 -8.27322e-03 |  5 -0.02321 -9.78072e-03 |  6 -0.02437 -1.15609e-02
  7 -0.02565 -1.36201e-02 |  8 -0.02705 -1.58861e-02 |  9 -0.02857 -1.85838e-02
 10 -0.03021 -2.11841e-02 | 11 -0.03197 -2.39377e-02 | 12 -0.03367 -2.73314e-02
 13 -0.03562 -3.08401e-02 | 14 -0.03798 -3.46103e-02 | 15 -0.04056 -3.90005e-02
 16 -0.04305 -4.37691e-02 | 17 -0.04627 -4.86881e-02 | 18 -0.04845 -5.29256e-02
 19 -0.05032 -5.64185e-02 | 20 -0.05184 -5.79764e-02 | 21 -0.05263 -5.96407e-02
 22 -0.05256 -6.01499e-02 | 23 -0.05321 -6.56401e-02 | 24 -0.05338 -7.50189e-02
 25 -0.05173 -9.20308e-02 | 26 -0.04053 -1.34413e-01 | 27 -0.00208 -2.36225e-01
 28  0.03627 -3.98076e-01 | 29 -0.05741 -2.25059e-01 | 30 -0.11323 -1.71135e-01
 31 -0.13135 -1.72148e-01 | 32 -0.12680 -2.20820e-01 | 33  0.04363 -1.20207e+00
 34 -0.11397 -4.14105e-01 | 35 -0.01364 -1.00586e+00 | 36 -0.03866 -9.10696e-01
 37 -0.03244 -9.81827e-01 | 38  0.02286 -1.50247e+00 | 39 -0.05795 -7.56286e-01
 40 -0.03968 -8.39968e-01 | 41 -0.04208 -7.37839e-01 | 42  0.00033 -8.81024e-01
 43 -0.01841 -6.46393e-01 | 44 -0.03621 -4.95813e-01 | 45 -0.04341 -4.16070e-01
 46 -0.04819 -3.39992e-01 | 47 -0.09418 -1.92407e-01 | 48 -0.06303 -1.82211e-01
 49 -0.12323 -6.93936e-02 | 50  0.07677  6.41716e-03 | 51 -0.10139  1.15269e-02
 52 -0.02951  2.41299e-02 | 53 -0.08098  1.61720e-02 | 54 -0.05368  2.25610e-02
 55 -0.02362  2.94885e-02 | 56 -0.08267  1.73233e-02 | 57 -0.04260  2.13288e-02
 58  0.00362  2.71822e-02 | 59 -0.01058  2.31864e-02 | 60 -0.02750  1.78443e-02
 61 -0.06825  1.42499e-02 | 62  0.00234  2.56046e-02 | 63 -0.06829  1.32952e-02
 64 -0.11452  8.53047e-03 | 65 -0.04237  1.32768e-02 | 66 -0.12006  5.00708e-03
 67 -0.09124  3.73822e-03 | 68 -0.07789  4.06115e-03 | 69  0.02137  1.80134e-02
 70 -0.02608  1.26109e-02 | 71 -0.21917  2.17870e-03 | 72 -0.10311  2.37659e-03
 73 -0.08041  3.41316e-04 | 74 -0.03545  4.36340e-05 | 75 -0.03445  1.27270e-05
 76 -0.03463 -9.09938e-06 | 77 -0.44145 -1.36549e+01 | 78  2.65416 -1.19894e-01
 79 -0.26362 -9.79005e+00 | 80 -0.59578  3.42617e-01 | 81  1.62486  6.74186e-01
 82  3.12762  5.26720e-03 | 83  0.57238 -9.80351e-04 | 84 -1.01397 -9.99652e-06
84 variables; iteration 1300; function evaluation 1504; phase 3
Function value -1.0675208e+02; maximum gradient component mag -7.6991e+00
Var    Value     Gradient |Var    Value     Gradient |Var    Value     Gradient
  1  0.01310 -7.69910e+00 |  2 -0.00516 -3.75358e-03 |  3 -0.00603 -4.48864e-03
  4 -0.02217 -4.74820e-03 |  5 -0.02322 -5.64076e-03 |  6 -0.02437 -6.65656e-03
  7 -0.02565 -7.81427e-03 |  8 -0.02705 -9.08449e-03 |  9 -0.02857 -1.04712e-02
 10 -0.03021 -1.20641e-02 | 11 -0.03197 -1.37431e-02 | 12 -0.03367 -1.56961e-02
 13 -0.03562 -1.76267e-02 | 14 -0.03799 -1.98753e-02 | 15 -0.04057 -2.23073e-02
 16 -0.04305 -2.48818e-02 | 17 -0.04628 -2.77619e-02 | 18 -0.04845 -3.01699e-02
 19 -0.05032 -3.15880e-02 | 20 -0.05185 -3.30337e-02 | 21 -0.05263 -3.37402e-02
 22 -0.05256 -3.41988e-02 | 23 -0.05321 -3.67664e-02 | 24 -0.05338 -4.16222e-02
 25 -0.05173 -5.04173e-02 | 26 -0.04053 -7.15964e-02 | 27 -0.00208 -1.22330e-01
 28  0.03627 -1.97833e-01 | 29 -0.05741 -1.05089e-01 | 30 -0.11323 -7.39225e-02
 31 -0.13135 -6.75650e-02 | 32 -0.12679 -7.72633e-02 | 33  0.04363 -3.64833e-01
 34 -0.11396 -1.12263e-01 | 35 -0.01364 -2.46630e-01 | 36 -0.03866 -2.08864e-01
 37 -0.03244 -2.18488e-01 | 38  0.02286 -3.29969e-01 | 39 -0.05794 -1.66259e-01
 40 -0.03968 -1.86335e-01 | 41 -0.04207 -1.64486e-01 | 42  0.00033 -1.98296e-01
 43 -0.01840 -1.46463e-01 | 44 -0.03620 -1.11791e-01 | 45 -0.04341 -9.38180e-02
 46 -0.04819 -7.60319e-02 | 47 -0.09418 -4.13087e-02 | 48 -0.06303 -3.45947e-02
 49 -0.12323 -9.13001e-03 | 50  0.07677  2.38569e-03 | 51 -0.10136  2.00113e-03
 52 -0.02951  5.33271e-03 | 53 -0.08096  3.94141e-03 | 54 -0.05369  5.43161e-03
 55 -0.02362  6.72250e-03 | 56 -0.08266  4.43520e-03 | 57 -0.04260  6.07253e-03
 58  0.00362  8.32661e-03 | 59 -0.01058  7.07293e-03 | 60 -0.02749  6.43346e-03
 61 -0.06825  4.46609e-03 | 62  0.00233  7.61592e-03 | 63 -0.06828  4.05523e-03
 64 -0.11452  2.82465e-03 | 65 -0.04237  4.95055e-03 | 66 -0.12006  2.55253e-03
 67 -0.09124  3.09017e-03 | 68 -0.07790  3.20999e-03 | 69  0.02136  6.00487e-03
 70 -0.02607  3.87441e-03 | 71 -0.21917  6.91352e-04 | 72 -0.10311  1.17067e-03
 73 -0.08042  1.52887e-04 | 74 -0.03545 -7.62951e-07 | 75 -0.03445  1.62708e-06
 76 -0.03463  5.27126e-06 | 77 -0.44154 -3.65226e+00 | 78  2.66534 -3.01498e-02
 79 -0.26365 -2.79016e+00 | 80 -0.59670  9.71329e-02 | 81  1.62486  1.71901e-01
 82  3.12765  1.32655e-03 | 83  0.57238  2.63478e-04 | 84 -1.01397  4.63499e-06
  ic > imax  in fminim is answer attained ?
Var    Value     Gradient |Var    Value     Gradient |Var    Value     Gradient
  1  0.01310  1.27674e-02 |  2 -0.00516  4.84597e-06 |  3 -0.00603  5.88977e-06
  4 -0.02217  6.45387e-06 |  5 -0.02322  7.37800e-06 |  6 -0.02437  8.75767e-06
  7 -0.02565  1.04530e-05 |  8 -0.02705  1.22477e-05 |  9 -0.02857  1.44146e-05
 10 -0.03021  1.62849e-05 | 11 -0.03197  1.83262e-05 | 12 -0.03367  2.08075e-05
 13 -0.03562  2.35869e-05 | 14 -0.03799  2.60704e-05 | 15 -0.04057  2.94928e-05
 16 -0.04305  3.36533e-05 | 17 -0.04628  3.72810e-05 | 18 -0.04845  4.01273e-05
 19 -0.05032  4.25661e-05 | 20 -0.05185  4.35794e-05 | 21 -0.05263  4.57122e-05
 22 -0.05256  4.49345e-05 | 23 -0.05321  4.95670e-05 | 24 -0.05338  5.59367e-05
 25 -0.05173  6.67900e-05 | 26 -0.04053  9.46541e-05 | 27 -0.00208  1.58737e-04
 28  0.03627  2.57913e-04 | 29 -0.05741  1.40747e-04 | 30 -0.11323  1.01601e-04
 31 -0.13135  9.72377e-05 | 32 -0.12679  1.17130e-04 | 33  0.04363  5.82914e-04
 34 -0.11396  1.81370e-04 | 35 -0.01364  4.17633e-04 | 36 -0.03866  3.71238e-04
 37 -0.03244  4.04294e-04 | 38  0.02286  6.21522e-04 | 39 -0.05794  3.08265e-04
 40 -0.03968  3.42729e-04 | 41 -0.04207  3.03903e-04 | 42  0.00033  3.65242e-04
 43 -0.01840  2.69409e-04 | 44 -0.03620  2.10640e-04 | 45 -0.04341  1.76090e-04
 46 -0.04819  1.44445e-04 | 47 -0.09418  8.23646e-05 | 48 -0.06303  8.12401e-05
 49 -0.12323  2.63648e-05 | 50  0.07677 -3.26878e-06 | 51 -0.10135 -5.49826e-06
 52 -0.02951 -1.14564e-05 | 53 -0.08096 -8.28326e-06 | 54 -0.05369 -1.21679e-05
 55 -0.02362 -1.76545e-05 | 56 -0.08266 -8.17620e-06 | 57 -0.04260 -7.25406e-06
 58  0.00362 -8.97536e-06 | 59 -0.01058 -1.22270e-05 | 60 -0.02749 -9.72168e-06
 61 -0.06825 -1.05348e-05 | 62  0.00233 -1.53407e-05 | 63 -0.06828 -8.83695e-06
 64 -0.11452 -7.84353e-06 | 65 -0.04237 -8.92142e-06 | 66 -0.12006 -2.72512e-06
 67 -0.09124 -2.73924e-06 | 68 -0.07790 -2.84213e-06 | 69  0.02136 -1.14142e-05
 70 -0.02607 -5.18198e-06 | 71 -0.21917 -5.74335e-07 | 72 -0.10311  1.54144e-06
 73 -0.08042  3.96990e-08 | 74 -0.03545 -2.04512e-07 | 75 -0.03445  4.01084e-08
 76 -0.03463  1.59636e-07 | 77 -0.44158  6.44113e-03 | 78  2.66952  5.14110e-05
 79 -0.26365  4.59950e-03 | 80 -0.59672 -1.60371e-04 | 81  1.62486 -2.89197e-04
 82  3.12766 -2.23549e-06 | 83  0.57238  3.41937e-06 | 84 -1.01397 -3.52421e-08
Function minimizer not making progress ... is minimum attained?
Minimprove criterion = 0.0000e+00

 - final statistics:
84 variables; iteration 1318; function evaluation 1554
Function value -1.0675e+02; maximum gradient component mag 1.2767e-02
Exit code = 1;  converg criter 1.0000e-04
Var    Value     Gradient |Var    Value     Gradient |Var    Value     Gradient
  1  0.01310  1.27674e-02 |  2 -0.00516  4.84597e-06 |  3 -0.00603  5.88977e-06
  4 -0.02217  6.45387e-06 |  5 -0.02322  7.37800e-06 |  6 -0.02437  8.75767e-06
  7 -0.02565  1.04530e-05 |  8 -0.02705  1.22477e-05 |  9 -0.02857  1.44146e-05
 10 -0.03021  1.62849e-05 | 11 -0.03197  1.83262e-05 | 12 -0.03367  2.08075e-05
 13 -0.03562  2.35869e-05 | 14 -0.03799  2.60704e-05 | 15 -0.04057  2.94928e-05
 16 -0.04305  3.36533e-05 | 17 -0.04628  3.72810e-05 | 18 -0.04845  4.01273e-05
 19 -0.05032  4.25661e-05 | 20 -0.05185  4.35794e-05 | 21 -0.05263  4.57122e-05
 22 -0.05256  4.49345e-05 | 23 -0.05321  4.95670e-05 | 24 -0.05338  5.59367e-05
 25 -0.05173  6.67900e-05 | 26 -0.04053  9.46541e-05 | 27 -0.00208  1.58737e-04
 28  0.03627  2.57913e-04 | 29 -0.05741  1.40747e-04 | 30 -0.11323  1.01601e-04
 31 -0.13135  9.72377e-05 | 32 -0.12679  1.17130e-04 | 33  0.04363  5.82914e-04
 34 -0.11396  1.81370e-04 | 35 -0.01364  4.17633e-04 | 36 -0.03866  3.71238e-04
 37 -0.03244  4.04294e-04 | 38  0.02286  6.21522e-04 | 39 -0.05794  3.08265e-04
 40 -0.03968  3.42729e-04 | 41 -0.04207  3.03903e-04 | 42  0.00033  3.65242e-04
 43 -0.01840  2.69409e-04 | 44 -0.03620  2.10640e-04 | 45 -0.04341  1.76090e-04
 46 -0.04819  1.44445e-04 | 47 -0.09418  8.23646e-05 | 48 -0.06303  8.12401e-05
 49 -0.12323  2.63648e-05 | 50  0.07677 -3.26878e-06 | 51 -0.10135 -5.49826e-06
 52 -0.02951 -1.14564e-05 | 53 -0.08096 -8.28326e-06 | 54 -0.05369 -1.21679e-05
 55 -0.02362 -1.76545e-05 | 56 -0.08266 -8.17620e-06 | 57 -0.04260 -7.25406e-06
 58  0.00362 -8.97536e-06 | 59 -0.01058 -1.22270e-05 | 60 -0.02749 -9.72168e-06
 61 -0.06825 -1.05348e-05 | 62  0.00233 -1.53407e-05 | 63 -0.06828 -8.83695e-06
 64 -0.11452 -7.84353e-06 | 65 -0.04237 -8.92142e-06 | 66 -0.12006 -2.72512e-06
 67 -0.09124 -2.73924e-06 | 68 -0.07790 -2.84213e-06 | 69  0.02136 -1.14142e-05
 70 -0.02607 -5.18198e-06 | 71 -0.21917 -5.74335e-07 | 72 -0.10311  1.54144e-06
 73 -0.08042  3.96990e-08 | 74 -0.03545 -2.04512e-07 | 75 -0.03445  4.01084e-08
 76 -0.03463  1.59636e-07 | 77 -0.44158  6.44113e-03 | 78  2.66952  5.14110e-05
 79 -0.26365  4.59950e-03 | 80 -0.59672 -1.60371e-04 | 81  1.62486 -2.89197e-04
 82  3.12766 -2.23549e-06 | 83  0.57238  3.41937e-06 | 84 -1.01397 -3.52421e-08

Initial statistics: 85 variables; iteration 0; function evaluation 0; phase 4
Function value -1.0675208e+02; maximum gradient component mag 1.2767e-02
Var    Value     Gradient |Var    Value     Gradient |Var    Value     Gradient
  1  0.01310  1.27673e-02 |  2 -0.00516  4.84588e-06 |  3 -0.00603  5.88966e-06
  4 -0.02217  6.45375e-06 |  5 -0.02322  7.37785e-06 |  6 -0.02437  8.75750e-06
  7 -0.02565  1.04528e-05 |  8 -0.02705  1.22475e-05 |  9 -0.02857  1.44143e-05
 10 -0.03021  1.62846e-05 | 11 -0.03197  1.83259e-05 | 12 -0.03367  2.08071e-05
 13 -0.03562  2.35865e-05 | 14 -0.03799  2.60699e-05 | 15 -0.04057  2.94922e-05
 16 -0.04305  3.36527e-05 | 17 -0.04628  3.72803e-05 | 18 -0.04845  4.01265e-05
 19 -0.05032  4.25653e-05 | 20 -0.05185  4.35786e-05 | 21 -0.05263  4.57114e-05
 22 -0.05256  4.49336e-05 | 23 -0.05321  4.95661e-05 | 24 -0.05338  5.59357e-05
 25 -0.05173  6.67887e-05 | 26 -0.04053  9.46523e-05 | 27 -0.00208  1.58734e-04
 28  0.03627  2.57909e-04 | 29 -0.05741  1.40745e-04 | 30 -0.11323  1.01600e-04
 31 -0.13135  9.72361e-05 | 32 -0.12679  1.17128e-04 | 33  0.04363  5.82906e-04
 34 -0.11396  1.81368e-04 | 35 -0.01364  4.17628e-04 | 36 -0.03866  3.71233e-04
 37 -0.03244  4.04289e-04 | 38  0.02286  6.21515e-04 | 39 -0.05794  3.08261e-04
 40 -0.03968  3.42725e-04 | 41 -0.04207  3.03899e-04 | 42  0.00033  3.65237e-04
 43 -0.01840  2.69405e-04 | 44 -0.03620  2.10638e-04 | 45 -0.04341  1.76088e-04
 46 -0.04819  1.44444e-04 | 47 -0.09418  8.23636e-05 | 48 -0.06303  8.12393e-05
 49 -0.12323  2.63646e-05 | 50  0.07677 -3.26872e-06 | 51 -0.10135 -5.49821e-06
 52 -0.02951 -1.14562e-05 | 53 -0.08096 -8.28316e-06 | 54 -0.05369 -1.21677e-05
 55 -0.02362 -1.76544e-05 | 56 -0.08266 -8.17610e-06 | 57 -0.04260 -7.25392e-06
 58  0.00362 -8.97517e-06 | 59 -0.01058 -1.22268e-05 | 60 -0.02749 -9.72152e-06
 61 -0.06825 -1.05347e-05 | 62  0.00233 -1.53405e-05 | 63 -0.06828 -8.83684e-06
 64 -0.11452 -7.84345e-06 | 65 -0.04237 -8.92129e-06 | 66 -0.12006 -2.72505e-06
 67 -0.09124 -2.73917e-06 | 68 -0.07790 -2.84205e-06 | 69  0.02136 -1.14140e-05
 70 -0.02607 -5.18189e-06 | 71 -0.21917 -5.74318e-07 | 72 -0.10311  1.54146e-06
 73 -0.08042  3.97019e-08 | 74 -0.03545 -2.04511e-07 | 75 -0.03445  4.01083e-08
 76 -0.03463  1.59636e-07 | 77  0.00000  0.00000e+00 | 78 -0.44158  6.44105e-03
 79 -0.66952 -5.14103e-05 | 80 -0.26365  4.59943e-03 | 81 -0.59672 -1.60368e-04
 82  0.37514  2.89193e-04 | 83 -0.87234 -2.23546e-06 | 84  0.57238  3.41937e-06
 85 -0.98603  3.52421e-08 |
  ic > imax  in fminim is answer attained ?
Var    Value     Gradient |Var    Value     Gradient |Var    Value     Gradient
  1  0.01310  1.20667e-02 |  2 -0.00516  4.50336e-06 |  3 -0.00603  5.47915e-06
  4 -0.02217  6.01969e-06 |  5 -0.02322  6.86297e-06 |  6 -0.02437  8.14963e-06
  7 -0.02565  9.73898e-06 |  8 -0.02705  1.14148e-05 |  9 -0.02857  1.34509e-05
 10 -0.03021  1.51813e-05 | 11 -0.03197  1.70671e-05 | 12 -0.03367  1.93733e-05
 13 -0.03562  2.19763e-05 | 14 -0.03799  2.42639e-05 | 15 -0.04057  2.74573e-05
 16 -0.04305  3.13780e-05 | 17 -0.04628  3.47426e-05 | 18 -0.04845  3.73752e-05
 19 -0.05032  3.96702e-05 | 20 -0.05185  4.05686e-05 | 21 -0.05263  4.26256e-05
 22 -0.05256  4.18236e-05 | 23 -0.05321  4.62075e-05 | 24 -0.05338  5.21387e-05
 25 -0.05173  6.21933e-05 | 26 -0.04053  8.81222e-05 | 27 -0.00208  1.47601e-04
 28  0.03627  2.39930e-04 | 29 -0.05741  1.31185e-04 | 30 -0.11323  9.48806e-05
 31 -0.13135  9.10700e-05 | 32 -0.12679  1.10067e-04 | 33  0.04363  5.49512e-04
 34 -0.11396  1.71122e-04 | 35 -0.01364  3.94974e-04 | 36 -0.03866  3.52025e-04
 37 -0.03244  3.84188e-04 | 38  0.02286  5.91222e-04 | 39 -0.05794  2.93055e-04
 40 -0.03968  3.25783e-04 | 41 -0.04207  2.89006e-04 | 42  0.00033  3.47392e-04
 43 -0.01840  2.56314e-04 | 44 -0.03620  2.00664e-04 | 45 -0.04341  1.67765e-04
 46 -0.04819  1.37725e-04 | 47 -0.09418  7.86508e-05 | 48 -0.06303  7.80141e-05
 49 -0.12323  2.54343e-05 | 50  0.07677 -3.04734e-06 | 51 -0.10135 -5.28935e-06
 52 -0.02951 -1.09268e-05 | 53 -0.08096 -7.89714e-06 | 54 -0.05369 -1.16517e-05
 55 -0.02362 -1.70053e-05 | 56 -0.08266 -7.76767e-06 | 57 -0.04260 -6.70159e-06
 58  0.00362 -8.22147e-06 | 59 -0.01058 -1.15746e-05 | 60 -0.02749 -9.16299e-06
 61 -0.06825 -1.01161e-05 | 62  0.00233 -1.46166e-05 | 63 -0.06828 -8.44040e-06
 64 -0.11452 -7.56427e-06 | 65 -0.04237 -8.43431e-06 | 66 -0.12006 -2.48045e-06
 67 -0.09124 -2.45279e-06 | 68 -0.07790 -2.54534e-06 | 69  0.02136 -1.08145e-05
 70 -0.02607 -4.80590e-06 | 71 -0.21917 -5.02941e-07 | 72 -0.10311  1.65045e-06
 73 -0.08042  5.27503e-08 | 74 -0.03545 -2.04322e-07 | 75 -0.03445  4.02771e-08
 76 -0.03463  1.59797e-07 | 77  0.00000  0.00000e+00 | 78 -0.44158  6.10464e-03
 79 -0.66952 -4.87257e-05 | 80 -0.26365  4.34710e-03 | 81 -0.59672 -1.51573e-04
 82  0.37514  2.73190e-04 | 83 -0.87234 -2.11149e-06 | 84  0.57238  3.41940e-06
 85 -0.98603  3.51452e-08 |
Function minimizer not making progress ... is minimum attained?
Minimprove criterion = 0.0000e+00
Warning: the following parameters had issues
  selparm[21] is within 0.1% of lower bound: -4.0000e+00 < -3.9981e+00 < 1.2000e+01


 - final statistics:
85 variables; iteration 2; function evaluation 35
Function value -1.0675e+02; maximum gradient component mag 1.2067e-02
Exit code = 1;  converg criter 1.0000e-04
Var    Value     Gradient |Var    Value     Gradient |Var    Value     Gradient
  1  0.01310  1.20667e-02 |  2 -0.00516  4.50336e-06 |  3 -0.00603  5.47915e-06
  4 -0.02217  6.01969e-06 |  5 -0.02322  6.86297e-06 |  6 -0.02437  8.14963e-06
  7 -0.02565  9.73898e-06 |  8 -0.02705  1.14148e-05 |  9 -0.02857  1.34509e-05
 10 -0.03021  1.51813e-05 | 11 -0.03197  1.70671e-05 | 12 -0.03367  1.93733e-05
 13 -0.03562  2.19763e-05 | 14 -0.03799  2.42639e-05 | 15 -0.04057  2.74573e-05
 16 -0.04305  3.13780e-05 | 17 -0.04628  3.47426e-05 | 18 -0.04845  3.73752e-05
 19 -0.05032  3.96702e-05 | 20 -0.05185  4.05686e-05 | 21 -0.05263  4.26256e-05
 22 -0.05256  4.18236e-05 | 23 -0.05321  4.62075e-05 | 24 -0.05338  5.21387e-05
 25 -0.05173  6.21933e-05 | 26 -0.04053  8.81222e-05 | 27 -0.00208  1.47601e-04
 28  0.03627  2.39930e-04 | 29 -0.05741  1.31185e-04 | 30 -0.11323  9.48806e-05
 31 -0.13135  9.10700e-05 | 32 -0.12679  1.10067e-04 | 33  0.04363  5.49512e-04
 34 -0.11396  1.71122e-04 | 35 -0.01364  3.94974e-04 | 36 -0.03866  3.52025e-04
 37 -0.03244  3.84188e-04 | 38  0.02286  5.91222e-04 | 39 -0.05794  2.93055e-04
 40 -0.03968  3.25783e-04 | 41 -0.04207  2.89006e-04 | 42  0.00033  3.47392e-04
 43 -0.01840  2.56314e-04 | 44 -0.03620  2.00664e-04 | 45 -0.04341  1.67765e-04
 46 -0.04819  1.37725e-04 | 47 -0.09418  7.86508e-05 | 48 -0.06303  7.80141e-05
 49 -0.12323  2.54343e-05 | 50  0.07677 -3.04734e-06 | 51 -0.10135 -5.28935e-06
 52 -0.02951 -1.09268e-05 | 53 -0.08096 -7.89714e-06 | 54 -0.05369 -1.16517e-05
 55 -0.02362 -1.70053e-05 | 56 -0.08266 -7.76767e-06 | 57 -0.04260 -6.70159e-06
 58  0.00362 -8.22147e-06 | 59 -0.01058 -1.15746e-05 | 60 -0.02749 -9.16299e-06
 61 -0.06825 -1.01161e-05 | 62  0.00233 -1.46166e-05 | 63 -0.06828 -8.44040e-06
 64 -0.11452 -7.56427e-06 | 65 -0.04237 -8.43431e-06 | 66 -0.12006 -2.48045e-06
 67 -0.09124 -2.45279e-06 | 68 -0.07790 -2.54534e-06 | 69  0.02136 -1.08145e-05
 70 -0.02607 -4.80590e-06 | 71 -0.21917 -5.02941e-07 | 72 -0.10311  1.65045e-06
 73 -0.08042  5.27503e-08 | 74 -0.03545 -2.04322e-07 | 75 -0.03445  4.02771e-08
 76 -0.03463  1.59797e-07 | 77  0.00000  0.00000e+00 | 78 -0.44158  6.10464e-03
 79 -0.66952 -4.87257e-05 | 80 -0.26365  4.34710e-03 | 81 -0.59672 -1.51573e-04
 82  0.37514  2.73190e-04 | 83 -0.87234 -2.11149e-06 | 84  0.57238  3.41940e-06
 85 -0.98603  3.51452e-08 |
Estimating row 1 out of 85 for hessian
Estimating row 2 out of 85 for hessian
Estimating row 3 out of 85 for hessian
Estimating row 4 out of 85 for hessian
Estimating row 5 out of 85 for hessian
Estimating row 6 out of 85 for hessian
Estimating row 7 out of 85 for hessian
Estimating row 8 out of 85 for hessian
Estimating row 9 out of 85 for hessian
Estimating row 10 out of 85 for hessian
Estimating row 11 out of 85 for hessian
Estimating row 12 out of 85 for hessian
Estimating row 13 out of 85 for hessian
Estimating row 14 out of 85 for hessian
Estimating row 15 out of 85 for hessian
Estimating row 16 out of 85 for hessian
Estimating row 17 out of 85 for hessian
Estimating row 18 out of 85 for hessian
Estimating row 19 out of 85 for hessian
Estimating row 20 out of 85 for hessian
Estimating row 21 out of 85 for hessian
Estimating row 22 out of 85 for hessian
Estimating row 23 out of 85 for hessian
Estimating row 24 out of 85 for hessian
Estimating row 25 out of 85 for hessian
Estimating row 26 out of 85 for hessian
Estimating row 27 out of 85 for hessian
Estimating row 28 out of 85 for hessian
Estimating row 29 out of 85 for hessian
Estimating row 30 out of 85 for hessian
Estimating row 31 out of 85 for hessian
Estimating row 32 out of 85 for hessian
Estimating row 33 out of 85 for hessian
Estimating row 34 out of 85 for hessian
Estimating row 35 out of 85 for hessian
Estimating row 36 out of 85 for hessian
Estimating row 37 out of 85 for hessian
Estimating row 38 out of 85 for hessian
Estimating row 39 out of 85 for hessian
Estimating row 40 out of 85 for hessian
Estimating row 41 out of 85 for hessian
Estimating row 42 out of 85 for hessian
Estimating row 43 out of 85 for hessian
Estimating row 44 out of 85 for hessian
Estimating row 45 out of 85 for hessian
Estimating row 46 out of 85 for hessian
Estimating row 47 out of 85 for hessian
Estimating row 48 out of 85 for hessian
Estimating row 49 out of 85 for hessian
Estimating row 50 out of 85 for hessian
Estimating row 51 out of 85 for hessian
Estimating row 52 out of 85 for hessian
Estimating row 53 out of 85 for hessian
Estimating row 54 out of 85 for hessian
Estimating row 55 out of 85 for hessian
Estimating row 56 out of 85 for hessian
Estimating row 57 out of 85 for hessian
Estimating row 58 out of 85 for hessian
Estimating row 59 out of 85 for hessian
Estimating row 60 out of 85 for hessian
Estimating row 61 out of 85 for hessian
Estimating row 62 out of 85 for hessian
Estimating row 63 out of 85 for hessian
Estimating row 64 out of 85 for hessian
Estimating row 65 out of 85 for hessian
Estimating row 66 out of 85 for hessian
Estimating row 67 out of 85 for hessian
Estimating row 68 out of 85 for hessian
Estimating row 69 out of 85 for hessian
Estimating row 70 out of 85 for hessian
Estimating row 71 out of 85 for hessian
Estimating row 72 out of 85 for hessian
Estimating row 73 out of 85 for hessian
Estimating row 74 out of 85 for hessian
Estimating row 75 out of 85 for hessian
Estimating row 76 out of 85 for hessian
Estimating row 77 out of 85 for hessian
Estimating row 78 out of 85 for hessian
Estimating row 79 out of 85 for hessian
Estimating row 80 out of 85 for hessian
Estimating row 81 out of 85 for hessian
Estimating row 82 out of 85 for hessian
Estimating row 83 out of 85 for hessian
Estimating row 84 out of 85 for hessian
Estimating row 85 out of 85 for hessian
size of file gradfil1.tmp = 0
size of file gradfil2.tmp = 0
size of file varssave.tmp = 0
size of file cmpdiff.tmp = 0
