
Initial statistics: 75 variables; iteration 0; function evaluation 0; phase 1
Function value nan; maximum gradient component mag -7.6028e+06
Var    Value     Gradient |Var    Value     Gradient |Var    Value     Gradient
  1 -0.27215 -7.60279e+06 |  2 -0.00380 -4.71041e+04 |  3 -0.00722 -7.22390e+04
  4 -0.04931 -5.58373e+04 |  5  0.03982 -8.84988e+04 |  6  0.04309 -8.71059e+04
  7 -0.01161 -7.37437e+04 |  8 -0.01774 -7.75659e+04 |  9 -0.02876 -6.42619e+04
 10  0.00050 -6.96551e+04 | 11  0.00432 -6.68177e+04 | 12  0.02314 -6.99335e+04
 13 -0.04088 -3.89078e+04 | 14  0.04530 -7.32392e+04 | 15  0.02654 -6.16074e+04
 16 -0.04543 -4.20204e+04 | 17  0.03910 -8.36523e+04 | 18 -0.01297 -4.76247e+04
 19  0.00540 -2.90551e+03 | 20 -0.03629  4.71284e+04 | 21 -0.00220  3.76396e+04
 22  0.00374  3.17472e+04 | 23  0.01562  2.39515e+04 | 24 -0.04361  5.24940e+03
 25  0.04348  2.01120e+04 | 26 -0.01320  1.43644e+03 | 27  0.00803 -1.04220e+04
 28 -0.03542 -2.31826e+04 | 29 -0.03397 -2.95247e+04 | 30  0.01097 -2.23328e+04
 31  0.04509 -1.57782e+04 | 32  0.03650 -2.38431e+04 | 33  0.01061 -4.34737e+04
 34 -0.00439 -6.59525e+04 | 35 -0.02485 -6.14784e+04 | 36 -0.01704 -6.36592e+04
 37  0.01977 -5.67598e+04 | 38 -0.01155 -4.39587e+04 | 39 -0.02183 -4.76897e+04
 40 -0.01151 -6.06001e+04 | 41 -0.01544 -6.28906e+04 | 42  0.01081 -7.02322e+04
 43  0.01832 -7.25161e+04 | 44  0.00214 -6.88070e+04 | 45 -0.01113 -6.39083e+04
 46  0.00592 -6.09057e+04 | 47  0.03816 -7.55426e+04 | 48  0.00096 -7.14774e+04
 49 -0.04702 -5.41289e+04 | 50 -0.00233 -5.26291e+04 | 51 -0.00551  2.85305e+04
 52  0.03576 -2.81859e+04 | 53 -0.00765 -6.10542e+04 | 54  0.00572 -7.18069e+04
 55 -0.04136 -5.96908e+04 | 56 -0.04924 -4.46282e+04 | 57 -0.01980 -4.61822e+04
 58 -0.03796 -3.88561e+04 | 59  0.01998 -6.14118e+04 | 60 -0.04325 -4.41029e+04
 61  0.01443 -6.22026e+04 | 62 -0.03601 -4.11925e+04 | 63  0.04299 -7.85744e+04
 64  0.00434 -5.96693e+04 | 65 -0.03713 -4.89782e+04 | 66  0.04031 -9.06601e+04
 67  0.03216 -9.40794e+04 | 68  0.05163 -1.15187e+05 | 69 -0.01556 -8.82866e+04
 70 -0.02025 -9.55930e+04 | 71 -0.00465 -1.04792e+05 | 72 -0.01594 -9.32474e+04
 73  0.04558 -2.59038e+04 | 74 -0.05038  1.55282e+02 | 75 -0.01179  1.65630e+02
  ic > imax  in fminim is answer attained ?
Var    Value     Gradient |Var    Value     Gradient |Var    Value     Gradient
  1  2.63741  7.76807e+05 |  2  0.01423 -1.67588e+04 |  3  0.02042 -1.43953e+04
  4 -0.02794 -8.01558e+03 |  5  0.07369 -1.40480e+04 |  6  0.07642 -1.15588e+04
  7  0.01661 -5.97172e+03 |  8  0.01195 -4.00394e+03 |  9 -0.00417 -2.23973e+03
 10  0.02715 -2.27729e+03 | 11  0.02989 -2.29992e+03 | 12  0.04991 -2.19529e+03
 13 -0.02599 -9.56614e+02 | 14  0.07333 -2.22697e+03 | 15  0.05012 -1.72125e+03
 16 -0.02935 -1.17332e+03 | 17  0.07112 -2.91376e+03 | 18  0.00526 -1.55402e+03
 19  0.00652 -2.12327e+04 | 20 -0.05433 -2.46876e+04 | 21 -0.01661 -2.13803e+04
 22 -0.00841 -2.88726e+04 | 23  0.00645 -2.98235e+04 | 24 -0.04562 -1.85795e+04
 25  0.03579 -3.07727e+04 | 26 -0.01375 -1.95751e+04 | 27  0.01202 -2.19912e+04
 28 -0.02654 -1.51446e+04 | 29 -0.02267 -1.42209e+04 | 30  0.01951 -1.74690e+04
 31  0.05113 -1.97942e+04 | 32  0.04563 -1.73021e+04 | 33  0.02725 -1.12634e+04
 34  0.02085 -2.78196e+03 | 35 -0.00132 -2.92231e+03 | 36  0.00733 -4.27509e+03
 37  0.04149 -1.88826e+03 | 38  0.00528 -8.57179e+02 | 39 -0.00358 -1.30577e+03
 40  0.01168 -2.13792e+03 | 41  0.00863 -2.70750e+03 | 42  0.03769 -3.60752e+03
 43  0.04607 -4.29671e+03 | 44  0.02847 -3.62525e+03 | 45  0.01333 -3.16335e+03
 46  0.02923 -2.21440e+03 | 47  0.06707 -3.75701e+03 | 48  0.02831 -4.25919e+03
 49 -0.02631 -2.89783e+03 | 50  0.01781 -2.35077e+03 | 51 -0.01643 -3.70773e+04
 52  0.04655 -2.79877e+04 | 53  0.01571 -1.27559e+03 | 54  0.03320 -1.55128e+03
 55 -0.01851 -1.35385e+03 | 56 -0.03216 -1.00125e+03 | 57 -0.00213 -1.04476e+03
 58 -0.02309 -8.15919e+02 | 59  0.04348 -1.29561e+03 | 60 -0.02637 -8.40064e+02
 61  0.03823 -1.32737e+03 | 62 -0.02024 -7.79294e+02 | 63  0.07306 -1.56499e+03
 64  0.02718 -1.15436e+03 | 65 -0.01839 -9.38998e+02 | 66  0.07500 -2.19973e+03
 67  0.06817 -2.59393e+03 | 68  0.09571 -4.19009e+03 | 69  0.01823 -3.13687e+03
 70  0.01634 -3.89562e+03 | 71  0.03545 -5.59982e+03 | 72  0.01974 -5.94354e+03
 73  0.05549 -6.71938e+02 | 74 -0.05044  3.32592e+01 | 75 -0.01185  4.28869e+01
Function minimizer not making progress ... is minimum attained?
Minimprove criterion = 0.0000e+00

 - final statistics:
75 variables; iteration 2; function evaluation 40
Function value nan; maximum gradient component mag 7.7681e+05
Exit code = 1;  converg criter 1.0000e+01
Var    Value     Gradient |Var    Value     Gradient |Var    Value     Gradient
  1  2.63741  7.76807e+05 |  2  0.01423 -1.67588e+04 |  3  0.02042 -1.43953e+04
  4 -0.02794 -8.01558e+03 |  5  0.07369 -1.40480e+04 |  6  0.07642 -1.15588e+04
  7  0.01661 -5.97172e+03 |  8  0.01195 -4.00394e+03 |  9 -0.00417 -2.23973e+03
 10  0.02715 -2.27729e+03 | 11  0.02989 -2.29992e+03 | 12  0.04991 -2.19529e+03
 13 -0.02599 -9.56614e+02 | 14  0.07333 -2.22697e+03 | 15  0.05012 -1.72125e+03
 16 -0.02935 -1.17332e+03 | 17  0.07112 -2.91376e+03 | 18  0.00526 -1.55402e+03
 19  0.00652 -2.12327e+04 | 20 -0.05433 -2.46876e+04 | 21 -0.01661 -2.13803e+04
 22 -0.00841 -2.88726e+04 | 23  0.00645 -2.98235e+04 | 24 -0.04562 -1.85795e+04
 25  0.03579 -3.07727e+04 | 26 -0.01375 -1.95751e+04 | 27  0.01202 -2.19912e+04
 28 -0.02654 -1.51446e+04 | 29 -0.02267 -1.42209e+04 | 30  0.01951 -1.74690e+04
 31  0.05113 -1.97942e+04 | 32  0.04563 -1.73021e+04 | 33  0.02725 -1.12634e+04
 34  0.02085 -2.78196e+03 | 35 -0.00132 -2.92231e+03 | 36  0.00733 -4.27509e+03
 37  0.04149 -1.88826e+03 | 38  0.00528 -8.57179e+02 | 39 -0.00358 -1.30577e+03
 40  0.01168 -2.13792e+03 | 41  0.00863 -2.70750e+03 | 42  0.03769 -3.60752e+03
 43  0.04607 -4.29671e+03 | 44  0.02847 -3.62525e+03 | 45  0.01333 -3.16335e+03
 46  0.02923 -2.21440e+03 | 47  0.06707 -3.75701e+03 | 48  0.02831 -4.25919e+03
 49 -0.02631 -2.89783e+03 | 50  0.01781 -2.35077e+03 | 51 -0.01643 -3.70773e+04
 52  0.04655 -2.79877e+04 | 53  0.01571 -1.27559e+03 | 54  0.03320 -1.55128e+03
 55 -0.01851 -1.35385e+03 | 56 -0.03216 -1.00125e+03 | 57 -0.00213 -1.04476e+03
 58 -0.02309 -8.15919e+02 | 59  0.04348 -1.29561e+03 | 60 -0.02637 -8.40064e+02
 61  0.03823 -1.32737e+03 | 62 -0.02024 -7.79294e+02 | 63  0.07306 -1.56499e+03
 64  0.02718 -1.15436e+03 | 65 -0.01839 -9.38998e+02 | 66  0.07500 -2.19973e+03
 67  0.06817 -2.59393e+03 | 68  0.09571 -4.19009e+03 | 69  0.01823 -3.13687e+03
 70  0.01634 -3.89562e+03 | 71  0.03545 -5.59982e+03 | 72  0.01974 -5.94354e+03
 73  0.05549 -6.71938e+02 | 74 -0.05044  3.32592e+01 | 75 -0.01185  4.28869e+01

Initial statistics: 75 variables; iteration 0; function evaluation 0; phase 2
Function value nan; maximum gradient component mag -7.7681e+05
Var    Value     Gradient |Var    Value     Gradient |Var    Value     Gradient
  1 -0.63741 -7.76807e+05 |  2  0.01423 -1.67588e+04 |  3  0.02042 -1.43953e+04
  4 -0.02794 -8.01558e+03 |  5  0.07369 -1.40480e+04 |  6  0.07642 -1.15588e+04
  7  0.01661 -5.97172e+03 |  8  0.01195 -4.00394e+03 |  9 -0.00417 -2.23973e+03
 10  0.02715 -2.27729e+03 | 11  0.02989 -2.29992e+03 | 12  0.04991 -2.19529e+03
 13 -0.02599 -9.56614e+02 | 14  0.07333 -2.22697e+03 | 15  0.05012 -1.72125e+03
 16 -0.02935 -1.17332e+03 | 17  0.07112 -2.91376e+03 | 18  0.00526 -1.55402e+03
 19  0.00652 -2.12327e+04 | 20 -0.05433 -2.46876e+04 | 21 -0.01661 -2.13803e+04
 22 -0.00841 -2.88726e+04 | 23  0.00645 -2.98235e+04 | 24 -0.04562 -1.85795e+04
 25  0.03579 -3.07727e+04 | 26 -0.01375 -1.95751e+04 | 27  0.01202 -2.19912e+04
 28 -0.02654 -1.51446e+04 | 29 -0.02267 -1.42209e+04 | 30  0.01951 -1.74690e+04
 31  0.05113 -1.97942e+04 | 32  0.04563 -1.73021e+04 | 33  0.02725 -1.12634e+04
 34  0.02085 -2.78196e+03 | 35 -0.00132 -2.92231e+03 | 36  0.00733 -4.27509e+03
 37  0.04149 -1.88826e+03 | 38  0.00528 -8.57179e+02 | 39 -0.00358 -1.30577e+03
 40  0.01168 -2.13792e+03 | 41  0.00863 -2.70750e+03 | 42  0.03769 -3.60752e+03
 43  0.04607 -4.29671e+03 | 44  0.02847 -3.62525e+03 | 45  0.01333 -3.16335e+03
 46  0.02923 -2.21440e+03 | 47  0.06707 -3.75701e+03 | 48  0.02831 -4.25919e+03
 49 -0.02631 -2.89783e+03 | 50  0.01781 -2.35077e+03 | 51 -0.01643 -3.70773e+04
 52  0.04655 -2.79877e+04 | 53  0.01571 -1.27559e+03 | 54  0.03320 -1.55128e+03
 55 -0.01851 -1.35385e+03 | 56 -0.03216 -1.00125e+03 | 57 -0.00213 -1.04476e+03
 58 -0.02309 -8.15919e+02 | 59  0.04348 -1.29561e+03 | 60 -0.02637 -8.40064e+02
 61  0.03823 -1.32737e+03 | 62 -0.02024 -7.79294e+02 | 63  0.07306 -1.56499e+03
 64  0.02718 -1.15436e+03 | 65 -0.01839 -9.38998e+02 | 66  0.07500 -2.19973e+03
 67  0.06817 -2.59393e+03 | 68  0.09571 -4.19009e+03 | 69  0.01823 -3.13687e+03
 70  0.01634 -3.89562e+03 | 71  0.03545 -5.59982e+03 | 72  0.01974 -5.94354e+03
 73  0.05549 -6.71938e+02 | 74 -0.05044  3.32592e+01 | 75 -0.01185  4.28869e+01
  ic > imax  in fminim is answer attained ?
Var    Value     Gradient |Var    Value     Gradient |Var    Value     Gradient
  1 -0.63741 -7.76807e+05 |  2  0.01423 -1.67588e+04 |  3  0.02042 -1.43953e+04
  4 -0.02794 -8.01558e+03 |  5  0.07369 -1.40480e+04 |  6  0.07642 -1.15588e+04
  7  0.01661 -5.97172e+03 |  8  0.01195 -4.00394e+03 |  9 -0.00417 -2.23973e+03
 10  0.02715 -2.27729e+03 | 11  0.02989 -2.29992e+03 | 12  0.04991 -2.19529e+03
 13 -0.02599 -9.56614e+02 | 14  0.07333 -2.22697e+03 | 15  0.05012 -1.72125e+03
 16 -0.02935 -1.17332e+03 | 17  0.07112 -2.91376e+03 | 18  0.00526 -1.55402e+03
 19  0.00652 -2.12327e+04 | 20 -0.05433 -2.46876e+04 | 21 -0.01661 -2.13803e+04
 22 -0.00841 -2.88726e+04 | 23  0.00645 -2.98235e+04 | 24 -0.04562 -1.85795e+04
 25  0.03579 -3.07727e+04 | 26 -0.01375 -1.95751e+04 | 27  0.01202 -2.19912e+04
 28 -0.02654 -1.51446e+04 | 29 -0.02267 -1.42209e+04 | 30  0.01951 -1.74690e+04
 31  0.05113 -1.97942e+04 | 32  0.04563 -1.73021e+04 | 33  0.02725 -1.12634e+04
 34  0.02085 -2.78196e+03 | 35 -0.00132 -2.92231e+03 | 36  0.00733 -4.27509e+03
 37  0.04149 -1.88826e+03 | 38  0.00528 -8.57179e+02 | 39 -0.00358 -1.30577e+03
 40  0.01168 -2.13792e+03 | 41  0.00863 -2.70750e+03 | 42  0.03769 -3.60752e+03
 43  0.04607 -4.29671e+03 | 44  0.02847 -3.62525e+03 | 45  0.01333 -3.16335e+03
 46  0.02923 -2.21440e+03 | 47  0.06707 -3.75701e+03 | 48  0.02831 -4.25919e+03
 49 -0.02631 -2.89783e+03 | 50  0.01781 -2.35077e+03 | 51 -0.01643 -3.70773e+04
 52  0.04655 -2.79877e+04 | 53  0.01571 -1.27559e+03 | 54  0.03320 -1.55128e+03
 55 -0.01851 -1.35385e+03 | 56 -0.03216 -1.00125e+03 | 57 -0.00213 -1.04476e+03
 58 -0.02309 -8.15919e+02 | 59  0.04348 -1.29561e+03 | 60 -0.02637 -8.40064e+02
 61  0.03823 -1.32737e+03 | 62 -0.02024 -7.79294e+02 | 63  0.07306 -1.56499e+03
 64  0.02718 -1.15436e+03 | 65 -0.01839 -9.38998e+02 | 66  0.07500 -2.19973e+03
 67  0.06817 -2.59393e+03 | 68  0.09571 -4.19009e+03 | 69  0.01823 -3.13687e+03
 70  0.01634 -3.89562e+03 | 71  0.03545 -5.59982e+03 | 72  0.01974 -5.94354e+03
 73  0.05549 -6.71938e+02 | 74 -0.05044  3.32592e+01 | 75 -0.01185  4.28869e+01
Function minimizer not making progress ... is minimum attained?
Minimprove criterion = 0.0000e+00

 - final statistics:
75 variables; iteration 1; function evaluation 30
Function value nan; maximum gradient component mag -7.7681e+05
Exit code = 1;  converg criter 1.0000e+01
Var    Value     Gradient |Var    Value     Gradient |Var    Value     Gradient
  1 -0.63741 -7.76807e+05 |  2  0.01423 -1.67588e+04 |  3  0.02042 -1.43953e+04
  4 -0.02794 -8.01558e+03 |  5  0.07369 -1.40480e+04 |  6  0.07642 -1.15588e+04
  7  0.01661 -5.97172e+03 |  8  0.01195 -4.00394e+03 |  9 -0.00417 -2.23973e+03
 10  0.02715 -2.27729e+03 | 11  0.02989 -2.29992e+03 | 12  0.04991 -2.19529e+03
 13 -0.02599 -9.56614e+02 | 14  0.07333 -2.22697e+03 | 15  0.05012 -1.72125e+03
 16 -0.02935 -1.17332e+03 | 17  0.07112 -2.91376e+03 | 18  0.00526 -1.55402e+03
 19  0.00652 -2.12327e+04 | 20 -0.05433 -2.46876e+04 | 21 -0.01661 -2.13803e+04
 22 -0.00841 -2.88726e+04 | 23  0.00645 -2.98235e+04 | 24 -0.04562 -1.85795e+04
 25  0.03579 -3.07727e+04 | 26 -0.01375 -1.95751e+04 | 27  0.01202 -2.19912e+04
 28 -0.02654 -1.51446e+04 | 29 -0.02267 -1.42209e+04 | 30  0.01951 -1.74690e+04
 31  0.05113 -1.97942e+04 | 32  0.04563 -1.73021e+04 | 33  0.02725 -1.12634e+04
 34  0.02085 -2.78196e+03 | 35 -0.00132 -2.92231e+03 | 36  0.00733 -4.27509e+03
 37  0.04149 -1.88826e+03 | 38  0.00528 -8.57179e+02 | 39 -0.00358 -1.30577e+03
 40  0.01168 -2.13792e+03 | 41  0.00863 -2.70750e+03 | 42  0.03769 -3.60752e+03
 43  0.04607 -4.29671e+03 | 44  0.02847 -3.62525e+03 | 45  0.01333 -3.16335e+03
 46  0.02923 -2.21440e+03 | 47  0.06707 -3.75701e+03 | 48  0.02831 -4.25919e+03
 49 -0.02631 -2.89783e+03 | 50  0.01781 -2.35077e+03 | 51 -0.01643 -3.70773e+04
 52  0.04655 -2.79877e+04 | 53  0.01571 -1.27559e+03 | 54  0.03320 -1.55128e+03
 55 -0.01851 -1.35385e+03 | 56 -0.03216 -1.00125e+03 | 57 -0.00213 -1.04476e+03
 58 -0.02309 -8.15919e+02 | 59  0.04348 -1.29561e+03 | 60 -0.02637 -8.40064e+02
 61  0.03823 -1.32737e+03 | 62 -0.02024 -7.79294e+02 | 63  0.07306 -1.56499e+03
 64  0.02718 -1.15436e+03 | 65 -0.01839 -9.38998e+02 | 66  0.07500 -2.19973e+03
 67  0.06817 -2.59393e+03 | 68  0.09571 -4.19009e+03 | 69  0.01823 -3.13687e+03
 70  0.01634 -3.89562e+03 | 71  0.03545 -5.59982e+03 | 72  0.01974 -5.94354e+03
 73  0.05549 -6.71938e+02 | 74 -0.05044  3.32592e+01 | 75 -0.01185  4.28869e+01

Initial statistics: 92 variables; iteration 0; function evaluation 0; phase 3
Function value 7.1086409e+06; maximum gradient component mag -7.7681e+05
Var    Value     Gradient |Var    Value     Gradient |Var    Value     Gradient
  1 -0.63741 -7.76807e+05 |  2 -0.02936 -1.43582e+04 |  3  0.01423 -1.67588e+04
  4  0.02042 -1.43953e+04 |  5 -0.02794 -8.01558e+03 |  6  0.07369 -1.40480e+04
  7  0.07642 -1.15588e+04 |  8  0.01661 -5.97172e+03 |  9  0.01195 -4.00394e+03
 10 -0.00417 -2.23973e+03 | 11  0.02715 -2.27729e+03 | 12  0.02989 -2.29992e+03
 13  0.04991 -2.19529e+03 | 14 -0.02599 -9.56614e+02 | 15  0.07333 -2.22697e+03
 16  0.05012 -1.72125e+03 | 17 -0.02935 -1.17332e+03 | 18  0.07112 -2.91376e+03
 19  0.00526 -1.55402e+03 | 20  0.00652 -2.12327e+04 | 21 -0.05433 -2.46876e+04
 22 -0.01661 -2.13803e+04 | 23 -0.00841 -2.88726e+04 | 24  0.00645 -2.98235e+04
 25 -0.04562 -1.85795e+04 | 26  0.03579 -3.07727e+04 | 27 -0.01375 -1.95751e+04
 28  0.01202 -2.19912e+04 | 29 -0.02654 -1.51446e+04 | 30 -0.02267 -1.42209e+04
 31  0.01951 -1.74690e+04 | 32  0.05113 -1.97942e+04 | 33  0.04563 -1.73021e+04
 34  0.02725 -1.12634e+04 | 35  0.02085 -2.78196e+03 | 36 -0.00132 -2.92231e+03
 37  0.00733 -4.27509e+03 | 38  0.04149 -1.88826e+03 | 39  0.00528 -8.57179e+02
 40 -0.00358 -1.30577e+03 | 41  0.01168 -2.13792e+03 | 42  0.00863 -2.70750e+03
 43  0.03769 -3.60752e+03 | 44  0.04607 -4.29671e+03 | 45  0.02847 -3.62525e+03
 46  0.01333 -3.16335e+03 | 47  0.02923 -2.21440e+03 | 48  0.06707 -3.75701e+03
 49  0.02831 -4.25919e+03 | 50 -0.02631 -2.89783e+03 | 51  0.01781 -2.35077e+03
 52 -0.01643 -3.70773e+04 | 53  0.04655 -2.79877e+04 | 54  0.01571 -1.27559e+03
 55  0.03320 -1.55128e+03 | 56 -0.01851 -1.35385e+03 | 57 -0.03216 -1.00125e+03
 58 -0.00213 -1.04476e+03 | 59 -0.02309 -8.15919e+02 | 60  0.04348 -1.29561e+03
 61 -0.02637 -8.40064e+02 | 62  0.03823 -1.32737e+03 | 63 -0.02024 -7.79294e+02
 64  0.07306 -1.56499e+03 | 65  0.02718 -1.15436e+03 | 66 -0.01839 -9.38998e+02
 67  0.07500 -2.19973e+03 | 68  0.06817 -2.59393e+03 | 69  0.09571 -4.19009e+03
 70  0.01823 -3.13687e+03 | 71  0.01634 -3.89562e+03 | 72  0.03545 -5.59982e+03
 73  0.01974 -5.94354e+03 | 74  0.05549 -6.71938e+02 | 75 -0.05044  3.32592e+01
 76 -0.01185  4.28869e+01 | 77 -0.52317 -6.78587e+04 | 78 -0.28020 -6.26873e+02
 79 -0.05743  1.24142e+04 | 80  0.43526 -5.10769e+03 | 81 -0.09300  7.51508e+03
 82 -0.99265 -2.46881e-01 | 83  0.12472 -4.51031e+03 | 84  0.89612  2.74390e+03
 85 -0.14109  6.89115e+04 | 86 -0.16318  1.51552e+02 | 87 -0.00938 -9.95591e+04
 88  0.48899  1.37247e+02 | 89 -0.81294 -2.68531e+01 | 90  0.04867  2.40179e-04
 91  0.05083  9.72311e-03 | 92  0.89612  1.90684e-02 |

Intermediate statistics: 92 variables; iteration 20; function evaluation 42; phase 3
Function value -8.2788963e+01; maximum gradient component mag 1.1418e+02
Var    Value     Gradient |Var    Value     Gradient |Var    Value     Gradient
  1  1.36923  1.24360e-02 |  2  0.00121  2.48700e-01 |  3 -0.00507 -1.31631e+00
  4 -0.02328 -1.88844e+00 |  5 -0.01506  1.11871e-01 |  6 -0.02932 -3.41455e+00
  7 -0.02889 -3.33565e+00 |  8 -0.01987 -1.15761e+00 |  9 -0.01844 -8.43830e-01
 10 -0.01546 -1.53591e-01 | 11 -0.01921 -1.10719e+00 | 12 -0.01908 -1.11843e+00
 13 -0.02102 -1.63737e+00 | 14 -0.01014  9.40630e-01 | 15 -0.02245 -2.11740e+00
 16 -0.01862 -1.34316e+00 | 17 -0.00745  1.13932e+00 | 18 -0.01851 -1.85405e+00
 19 -0.00901 -9.67233e-02 | 20 -0.01130 -1.12036e+00 | 21 -0.00403 -9.87040e-02
 22 -0.00467 -9.05558e-01 | 23 -0.00273 -1.15661e+00 | 24  0.00042 -1.07495e+00
 25  0.00160 -1.27074e+00 | 26  0.01012  2.82818e-01 | 27  0.00505 -5.51393e-01
 28  0.00798  5.48967e-01 | 29  0.00423  4.09158e-01 | 30  0.00032  5.20856e-01
 31 -0.00989 -5.78413e-01 | 32 -0.02774 -3.62183e+00 | 33 -0.03935 -5.20717e+00
 34 -0.03858 -2.33897e+00 | 35 -0.02409  3.98406e+00 | 36  0.01385  1.22839e+01
 37 -0.00052 -5.36356e+00 | 38 -0.04760 -1.55042e+01 | 39 -0.04451 -1.65233e+00
 40 -0.03247  8.64316e-01 | 41 -0.02500  1.00242e+00 | 42 -0.02194  5.60965e-01
 43 -0.02765 -1.96187e+00 | 44 -0.03498 -3.61061e+00 | 45 -0.04026 -3.24045e+00
 46 -0.04713 -4.39425e+00 | 47 -0.03059 -6.59743e+00 | 48  0.00821 -8.89635e+00
 49  0.02917 -1.19939e+01 | 50 -0.03643 -1.93640e+01 | 51 -0.01254 -2.86867e+01
 52 -0.08528 -3.44405e+01 | 53 -0.14235 -4.58826e+01 | 54  0.01385 -2.77391e+01
 55 -0.02241 -1.40621e+01 | 56  0.01660  2.72973e-01 | 57  0.02049  1.46234e+01
 58  0.02656  2.08987e+01 | 59 -0.02572  6.65635e+00 | 60 -0.10439 -2.01133e+01
 61  0.03951  6.74794e+00 | 62 -0.06695 -7.42236e+00 | 63 -0.04114  7.27363e+00
 64 -0.01254  1.47529e+01 | 65 -0.00516  2.09856e+01 | 66 -0.03103  1.66261e+01
 67 -0.02115  2.34892e+01 | 68  0.00858  2.71703e+01 | 69  0.01656  4.47506e+01
 70 -0.08207  1.14126e+01 | 71 -0.09643 -1.71762e+00 | 72 -0.07386 -6.31075e+00
 73 -0.02679 -2.20768e+00 | 74 -0.02586 -2.23759e+00 | 75 -0.01137  1.32520e+00
 76 -0.01659  2.51919e-02 | 77 -0.37512  1.14175e+02 | 78 -0.30235  1.69408e+00
 79 -0.10326 -3.90142e+01 | 80  0.37244  1.64415e+01 | 81 -0.37667  9.09060e-02
 82 -0.96106 -5.11128e-02 | 83 -0.11362  5.89362e+00 | 84  0.93414  7.74070e-01
 85  0.52252 -4.27049e+00 | 86 -0.00168 -5.07104e+00 | 87  0.28858  1.20296e+01
 88  0.62484 -5.73288e-01 | 89 -0.81087 -1.02611e-02 | 90  0.04862  2.40436e-04
 91  0.05078  2.51137e-04 | 92  0.89244  1.84060e-02 |
92 variables; iteration 40; function evaluation 68; phase 3
Function value -8.9571274e+01; maximum gradient component mag -2.0754e+01
Var    Value     Gradient |Var    Value     Gradient |Var    Value     Gradient
  1  1.36724  1.10321e-02 |  2  0.00102  1.54054e-01 |  3  0.00185  3.43612e-01
  4 -0.01389  3.85589e-01 |  5 -0.01523  3.75665e-02 |  6 -0.01280  6.13296e-01
  7 -0.01279  5.92566e-01 |  8 -0.01430  1.93254e-01 |  9 -0.01435  1.46876e-01
 10 -0.01456  5.78053e-02 | 11 -0.01339  3.00966e-01 | 12 -0.01288  3.81188e-01
 13 -0.01181  5.86280e-01 | 14 -0.01392  9.79779e-03 | 15 -0.01012  8.49737e-01
 16 -0.01052  5.92228e-01 | 17 -0.01429 -4.76730e-01 | 18 -0.00850  5.33572e-01
 19 -0.01121 -5.76255e-01 | 20 -0.00689 -9.10289e-02 | 21 -0.00589 -4.90092e-01
 22  0.00086  3.07730e-01 | 23  0.00535  5.55992e-01 | 24  0.00803  5.08890e-01
 25  0.00591 -3.75093e-01 | 26  0.01096  4.76924e-01 | 27  0.00394 -7.78398e-01
 28  0.00058 -1.00711e+00 | 29 -0.00073 -6.94261e-01 | 30 -0.00282 -1.23860e-01
 31 -0.00907 -6.63046e-02 | 32 -0.01577 -4.18705e-03 | 33 -0.02240 -3.36683e-02
 34 -0.02483  1.53588e+00 | 35 -0.02389  1.63675e+00 | 36 -0.00466  1.65874e+00
 37  0.02315  2.87037e+00 | 38 -0.01375  1.55839e+00 | 39 -0.03848  1.21810e+00
 40 -0.03597  7.17844e-01 | 41 -0.02972  1.06440e+00 | 42 -0.02480  1.49157e+00
 43 -0.02383  1.04641e+00 | 44 -0.02827  5.10339e-01 | 45 -0.03719  2.56447e-01
 46 -0.04335 -4.28342e-01 | 47 -0.03237 -3.06924e+00 | 48  0.01378 -1.90878e+00
 49  0.01134 -3.70864e+00 | 50 -0.00541  1.61203e+00 | 51 -0.02292 -1.84229e+00
 52 -0.05472 -5.39681e-01 | 53 -0.03028 -6.48020e-01 | 54 -0.01350  1.03550e-01
 55  0.00306  2.06198e+00 | 56  0.01342  1.36981e-01 | 57  0.01964  2.47467e+00
 58  0.00271 -1.01152e+00 | 59 -0.03929 -3.68101e+00 | 60 -0.02950 -3.20495e+00
 61  0.00722 -3.33267e+00 | 62 -0.02671  3.79767e-01 | 63 -0.04507 -9.90415e-01
 64 -0.02004 -2.05211e+00 | 65 -0.01009  1.20036e+00 | 66 -0.02492  2.79179e+00
 67 -0.03173  1.96196e+00 | 68  0.01621  2.84384e+00 | 69 -0.01650  6.24373e+00
 70 -0.09424 -2.58334e+00 | 71 -0.07119  4.33953e+00 | 72 -0.04495  1.18737e+00
 73 -0.01808 -1.65685e-01 | 74 -0.01639  8.73270e-02 | 75 -0.01797 -3.02620e-01
 76 -0.01749 -1.77763e-01 | 77 -0.36599 -2.07538e+01 | 78 -0.26680 -4.33447e-01
 79 -0.08077  5.61887e+00 | 80  0.33653 -1.48128e+00 | 81 -0.35499  2.61358e+00
 82 -0.78056 -8.69855e-03 | 83 -0.11086  1.45990e+00 | 84  1.02570 -4.90655e-01
 85  0.57520 -3.58247e+00 | 86  0.00820 -4.47500e+00 | 87  0.27614  1.21548e+01
 88  0.37832 -6.32956e-02 | 89 -0.78710 -9.04079e-03 | 90  0.04805  2.37598e-04
 91  0.05018  2.48153e-04 | 92  0.85227  1.32898e-02 |
92 variables; iteration 60; function evaluation 102; phase 3
Function value -9.0527554e+01; maximum gradient component mag 7.4849e+00
Var    Value     Gradient |Var    Value     Gradient |Var    Value     Gradient
  1  1.39103  8.34247e-03 |  2 -0.00165 -4.69746e-01 |  3 -0.00113 -3.55938e-01
  4 -0.01661 -2.51250e-01 |  5 -0.01751 -4.88484e-01 |  6 -0.01585 -9.92685e-02
  7 -0.01559 -6.01404e-02 |  8 -0.01620 -2.34622e-01 |  9 -0.01601 -2.18832e-01
 10 -0.01606 -2.61775e-01 | 11 -0.01524 -9.35181e-02 | 12 -0.01504 -7.88432e-02
 13 -0.01464 -2.33307e-02 | 14 -0.01601 -4.09350e-01 | 15 -0.01421 -4.53267e-02
 16 -0.01400 -1.34087e-01 | 17 -0.01471 -4.42763e-01 | 18 -0.01255 -2.58418e-01
 19 -0.00935  4.93147e-02 | 20 -0.00857 -2.40794e-01 | 21 -0.00373  2.86316e-01
 22 -0.00899 -1.48473e+00 | 23 -0.00247 -6.50590e-01 | 24  0.00024 -5.41604e-01
 25  0.00538  1.94181e-01 | 26 -0.00151 -1.26452e+00 | 27  0.00108 -5.25354e-01
 28 -0.00449 -1.28462e+00 | 29 -0.00260 -5.10522e-01 | 30 -0.01217 -2.01926e+00
 31 -0.01445 -1.72011e+00 | 32 -0.01312 -4.82479e-01 | 33 -0.01465  1.79560e-01
 34 -0.02292  2.73278e-01 | 35 -0.02618  5.39782e-01 | 36 -0.01969 -3.71728e-01
 37  0.00514 -3.15921e-01 | 38 -0.01938 -1.22784e+00 | 39 -0.04435 -1.09240e-01
 40 -0.04235 -8.72203e-01 | 41 -0.03654 -9.53645e-01 | 42 -0.03256 -9.54813e-01
 43 -0.02815 -6.04496e-01 | 44 -0.02973 -3.96793e-01 | 45 -0.03891 -5.52363e-01
 46 -0.04079  4.07834e-01 | 47 -0.02358  3.63490e-01 | 48  0.02108  3.52836e+00
 49  0.00800  2.32764e-01 | 50 -0.02357 -1.33949e+00 | 51 -0.01779 -8.40461e-01
 52 -0.05950 -2.07782e+00 | 53 -0.02768 -1.03101e+00 | 54 -0.01286 -1.07051e+00
 55 -0.00997 -2.60144e+00 | 56  0.01624 -2.17645e+00 | 57  0.00370 -4.20290e+00
 58  0.00510 -2.38261e+00 | 59 -0.02939 -3.73488e-01 | 60 -0.02640 -1.94215e+00
 61  0.01439 -2.55373e+00 | 62 -0.03270 -1.29839e+00 | 63 -0.04649 -9.16835e-01
 64 -0.02150 -1.03469e+00 | 65 -0.02246  5.39198e-01 | 66 -0.03757  1.61950e+00
 67 -0.03356  3.28201e+00 | 68  0.03330  5.39646e+00 | 69 -0.02911  9.28629e-01
 70 -0.08976 -1.36534e+00 | 71 -0.08434 -7.90615e-01 | 72 -0.04853  1.83656e-01
 73 -0.01339  9.69835e-01 | 74 -0.01765 -1.95097e-01 | 75 -0.01926 -5.96551e-01
 76 -0.01876 -4.72865e-01 | 77 -0.35664  7.48489e+00 | 78 -0.26762  6.79816e-01
 79 -0.07237  3.15787e+00 | 80  0.28512  1.73361e+00 | 81 -0.35931 -3.27208e+00
 82 -0.66807 -5.20286e-03 | 83 -0.13008  4.43747e-02 | 84  1.26818 -7.63783e-01
 85  0.78800 -8.43969e-01 | 86 -0.01313 -1.79510e-01 | 87  0.26182  2.73241e+00
 88  0.27499 -6.44401e-03 | 89 -0.70060 -6.18006e-03 | 90  0.04558  2.25375e-04
 91  0.04760  2.35358e-04 | 92  0.73351  7.06093e-03 |
92 variables; iteration 80; function evaluation 134; phase 3
Function value -9.0945251e+01; maximum gradient component mag 1.0745e+01
Var    Value     Gradient |Var    Value     Gradient |Var    Value     Gradient
  1  1.40818  1.20007e-02 |  2 -0.00020 -1.22407e-01 |  3 -0.00055 -2.19178e-01
  4 -0.01649 -2.29473e-01 |  5 -0.01591 -1.02496e-01 |  6 -0.01644 -2.53723e-01
  7 -0.01601 -1.71460e-01 |  8 -0.01489  7.57268e-02 |  9 -0.01442  1.57827e-01
 10 -0.01402  2.19383e-01 | 11 -0.01443  8.49403e-02 | 12 -0.01466 -9.70495e-03
 13 -0.01535 -2.19114e-01 | 14 -0.01357  1.57611e-01 | 15 -0.01672 -6.78143e-01
 16 -0.01561 -5.42026e-01 | 17 -0.01133  3.51527e-01 | 18 -0.01217 -1.69906e-01
 19 -0.01103 -3.24023e-01 | 20 -0.00888 -2.68578e-01 | 21 -0.00473  1.44990e-01
 22 -0.00235  9.78740e-02 | 23 -0.00270 -5.25261e-01 | 24  0.00343  3.70764e-01
 25  0.00381  1.80708e-01 | 26  0.00463  3.81776e-01 | 27  0.00445  6.14440e-01
 28 -0.00154 -1.87052e-01 | 29 -0.00385 -2.90874e-01 | 30 -0.00195  6.93906e-01
 31 -0.00623  3.44899e-01 | 32 -0.01024 -2.56889e-01 | 33 -0.00870 -5.53709e-02
 34 -0.00962  5.41980e-01 | 35 -0.02403 -1.30761e+00 | 36 -0.02801 -1.82664e-01
 37 -0.00943 -1.50447e-01 | 38 -0.00707  5.89767e-01 | 39 -0.04427 -5.73373e-02
 40 -0.03760  1.73644e-01 | 41 -0.03245 -1.47172e-01 | 42 -0.02989 -6.09585e-01
 43 -0.02387  3.20828e-02 | 44 -0.02418  3.38782e-01 | 45 -0.03390 -3.18898e-01
 46 -0.03672 -2.97053e-01 | 47 -0.01437 -1.90697e-01 | 48  0.01138 -1.50357e+00
 49  0.00939  1.04618e-01 | 50 -0.02380  3.54990e-03 | 51 -0.01580  6.33080e-01
 52 -0.05376  6.21014e-01 | 53 -0.02255  1.53884e-01 | 54 -0.01175  1.69768e-01
 55 -0.01086  1.68492e-01 | 56  0.00968  5.87494e-01 | 57  0.01226  7.46260e-01
 58  0.00739 -1.65045e-01 | 59 -0.03177 -9.57703e-02 | 60 -0.01869  5.76579e-01
 61  0.02491  4.05669e-01 | 62 -0.03348 -2.67842e-01 | 63 -0.04050  3.56316e-01
 64 -0.01446 -5.53551e-02 | 65 -0.03089  6.61751e-02 | 66 -0.04794  4.44521e-01
 67 -0.04134  5.64341e-01 | 68  0.04057 -1.24417e+00 | 69 -0.02488 -1.54385e+00
 70 -0.08661 -3.30291e-01 | 71 -0.08199 -1.75396e-01 | 72 -0.04679 -3.27467e-01
 73 -0.01782 -1.92389e-01 | 74 -0.01847 -4.16207e-01 | 75 -0.01780 -2.53678e-01
 76 -0.01808 -3.22264e-01 | 77 -0.35290  1.07449e+01 | 78 -0.27657  5.90524e-01
 79 -0.07289  7.41189e-01 | 80  0.25994  1.58071e+00 | 81 -0.32912 -1.03224e+00
 82 -0.58247 -2.64043e-03 | 83 -0.11695  5.35241e-01 | 84  1.45170 -7.97216e-03
 85  0.99768  5.63734e-01 | 86 -0.02979 -7.03560e+00 | 87  0.26302 -2.93287e-01
 88  0.16702 -2.35722e-02 | 89 -0.59171 -4.20766e-03 | 90  0.04203  2.07805e-04
 91  0.04390  2.16972e-04 | 92  0.59540  4.25900e-03 |
92 variables; iteration 100; function evaluation 168; phase 3
Function value -9.0975589e+01; maximum gradient component mag 3.2505e-01
Var    Value     Gradient |Var    Value     Gradient |Var    Value     Gradient
  1  1.40656  1.20347e-02 |  2  0.00028 -6.11414e-03 |  3  0.00021 -3.58865e-02
  4 -0.01585 -7.63690e-02 |  5 -0.01514  8.23610e-02 |  6 -0.01551 -3.04473e-02
  7 -0.01519  2.56433e-02 |  8 -0.01513  1.41232e-02 |  9 -0.01540 -8.45141e-02
 10 -0.01557 -1.60014e-01 | 11 -0.01469  1.97458e-02 | 12 -0.01450  2.94890e-02
 13 -0.01468 -5.79970e-02 | 14 -0.01396  6.38203e-02 | 15 -0.01392  3.02648e-03
 16 -0.01373 -8.49657e-02 | 17 -0.01286 -9.26221e-03 | 18 -0.01146  2.49064e-03
 19 -0.00969 -9.27546e-03 | 20 -0.00764  1.41798e-02 | 21 -0.00531  6.96701e-03
 22 -0.00281 -1.88704e-02 | 23 -0.00019 -8.55034e-03 | 24  0.00202  3.61469e-02
 25  0.00312 -1.05168e-02 | 26  0.00305 -5.46644e-03 | 27  0.00193  1.59201e-02
 28 -0.00051 -3.32527e-02 | 29 -0.00233 -3.18142e-02 | 30 -0.00479 -1.90820e-02
 31 -0.00755 -1.70230e-02 | 32 -0.00910 -2.20311e-02 | 33 -0.00824  2.69714e-02
 34 -0.01136  6.72211e-02 | 35 -0.01846  7.54215e-03 | 36 -0.02749  8.65722e-03
 37 -0.01084 -9.40102e-02 | 38 -0.00849 -2.18493e-02 | 39 -0.04417  4.65108e-03
 40 -0.03835 -5.51579e-03 | 41 -0.03217 -4.21439e-02 | 42 -0.02786 -3.87138e-02
 43 -0.02401  1.58943e-02 | 44 -0.02549 -6.13596e-03 | 45 -0.03270  6.32321e-04
 46 -0.03572  2.60396e-02 | 47 -0.01424  4.58907e-02 | 48  0.01672  8.27858e-02
 49  0.00634  1.94470e-02 | 50 -0.02361 -6.96449e-02 | 51 -0.01594 -4.56377e-02
 52 -0.05500 -5.43899e-02 | 53 -0.02239 -3.29384e-02 | 54 -0.01186 -4.46107e-02
 55 -0.01102 -1.28582e-01 | 56  0.00931 -1.09533e-01 | 57  0.01055 -1.15324e-01
 58  0.00894 -7.23524e-02 | 59 -0.03117  3.63730e-03 | 60 -0.02026  6.40533e-03
 61  0.02501  1.85362e-02 | 62 -0.03217  6.26074e-03 | 63 -0.04161  6.68016e-02
 64 -0.01388  8.80755e-02 | 65 -0.03063  6.20877e-02 | 66 -0.04871  1.19325e-02
 67 -0.04387 -9.88895e-03 | 68  0.04106  1.28420e-02 | 69 -0.02187  8.39033e-02
 70 -0.08706  1.44966e-02 | 71 -0.08242  1.45902e-02 | 72 -0.04599  2.03781e-02
 73 -0.01695  2.17039e-02 | 74 -0.01665  3.34955e-02 | 75 -0.01747 -1.71952e-01
 76 -0.01668  2.33081e-02 | 77 -0.35325  4.36847e-02 | 78 -0.27760  2.29874e-02
 79 -0.07338  1.00682e-01 | 80  0.26060  6.95444e-02 | 81 -0.32979  1.27102e-01
 82 -0.55472 -1.30918e-03 | 83 -0.11914 -6.46609e-02 | 84  1.45828 -4.14151e-02
 85  0.97831  2.93884e-02 | 86 -0.02909  3.25051e-01 | 87  0.26286  3.26216e-03
 88  0.18470  8.21348e-04 | 89 -0.53783 -3.53311e-03 | 90  0.03924  1.93971e-04
 91  0.04098  2.02197e-04 | 92  0.54154  3.58083e-03 |
92 variables; iteration 120; function evaluation 206; phase 3
Function value -9.0977044e+01; maximum gradient component mag -3.3148e-01
Var    Value     Gradient |Var    Value     Gradient |Var    Value     Gradient
  1  1.40591  1.19372e-02 |  2  0.00042  2.84159e-02 |  3  0.00001 -8.58216e-02
  4 -0.01536  4.45164e-02 |  5 -0.01519  6.86250e-02 |  6 -0.01531  1.96904e-02
  7 -0.01543 -3.30780e-02 |  8 -0.01527 -2.19301e-02 |  9 -0.01515 -2.36273e-02
 10 -0.01499 -1.76947e-02 | 11 -0.01470  1.75762e-02 | 12 -0.01458  1.00743e-02
 13 -0.01451 -1.47516e-02 | 14 -0.01421  2.26318e-03 | 15 -0.01381  3.03105e-02
 16 -0.01336  2.51307e-03 | 17 -0.01282 -4.15303e-05 | 18 -0.01142  1.22649e-02
 19 -0.00958  1.55862e-02 | 20 -0.00768  4.82681e-03 | 21 -0.00533 -3.54093e-04
 22 -0.00273 -1.35028e-03 | 23 -0.00013  1.47909e-03 | 24  0.00179 -1.34875e-02
 25  0.00320  3.49457e-03 | 26  0.00296 -2.64320e-02 | 27  0.00176 -1.97636e-02
 28 -0.00042 -1.51244e-02 | 29 -0.00221 -3.50039e-03 | 30 -0.00476 -7.93114e-03
 31 -0.00750 -2.31399e-03 | 32 -0.00901 -2.94332e-03 | 33 -0.00837 -1.43057e-02
 34 -0.01169 -2.60334e-02 | 35 -0.01842  1.87590e-02 | 36 -0.02760  3.59618e-02
 37 -0.01072 -3.62582e-03 | 38 -0.00773  5.79994e-02 | 39 -0.04424 -9.81236e-04
 40 -0.03835 -7.31465e-03 | 41 -0.03203 -2.03269e-03 | 42 -0.02774 -4.32303e-03
 43 -0.02407  4.96165e-03 | 44 -0.02555 -1.53852e-02 | 45 -0.03275 -2.45624e-03
 46 -0.03581  6.91040e-03 | 47 -0.01441 -8.23330e-03 | 48  0.01656  2.39749e-02
 49  0.00645  3.95586e-02 | 50 -0.02343  3.72892e-02 | 51 -0.01591  3.57728e-02
 52 -0.05494  3.35643e-02 | 53 -0.02217  6.43514e-02 | 54 -0.01194  2.91240e-02
 55 -0.01078  2.57880e-02 | 56  0.00941  3.89401e-02 | 57  0.01067  7.21301e-03
 58  0.00898 -2.21576e-02 | 59 -0.03126 -1.18820e-02 | 60 -0.02004  3.04754e-02
 61  0.02497 -3.52759e-02 | 62 -0.03213 -1.91818e-02 | 63 -0.04168 -4.12580e-02
 64 -0.01390 -2.15318e-02 | 65 -0.03067  1.88688e-03 | 66 -0.04863 -7.08619e-04
 67 -0.04384 -4.57843e-02 | 68  0.04124 -7.47053e-02 | 69 -0.02219 -5.46453e-02
 70 -0.08705 -2.82923e-02 | 71 -0.08231 -6.92822e-05 | 72 -0.04592  1.18857e-02
 73 -0.01695  2.19235e-02 | 74 -0.01670  2.20739e-02 | 75 -0.01693 -3.94510e-02
 76 -0.01674  9.75279e-03 | 77 -0.35218 -3.31483e-01 | 78 -0.28301 -2.13475e-02
 79 -0.07227  1.36019e-01 | 80  0.25427 -5.84547e-02 | 81 -0.32945  4.92008e-02
 82 -0.50563  2.52229e-03 | 83 -0.11864  1.94135e-02 | 84  1.45838 -7.87530e-03
 85  0.97138 -1.26781e-02 | 86 -0.02896  3.09757e-01 | 87  0.26278 -3.97714e-02
 88  0.19095  8.55256e-04 | 89 -0.28827 -1.49456e-03 | 90  0.02491  1.23299e-04
 91  0.02616  1.04355e-04 | 92  0.28870  1.53117e-03 |
92 variables; iteration 140; function evaluation 226; phase 3
Function value -9.0977698e+01; maximum gradient component mag -2.1865e-02
Var    Value     Gradient |Var    Value     Gradient |Var    Value     Gradient
  1  1.40617  1.21387e-02 |  2  0.00031  1.81503e-04 |  3  0.00036 -8.44958e-04
  4 -0.01554 -8.82062e-04 |  5 -0.01546  1.87133e-03 |  6 -0.01539  5.07887e-04
  7 -0.01529  7.91476e-04 |  8 -0.01518 -1.84881e-04 |  9 -0.01506 -9.38281e-04
 10 -0.01492 -1.82964e-03 | 11 -0.01477  5.40062e-04 | 12 -0.01462  2.12584e-04
 13 -0.01445 -1.32509e-03 | 14 -0.01422  6.83963e-04 | 15 -0.01393  7.79609e-04
 16 -0.01337 -8.93687e-04 | 17 -0.01282 -4.56122e-04 | 18 -0.01146  4.87604e-04
 19 -0.00964  5.67452e-04 | 20 -0.00769 -8.98225e-05 | 21 -0.00533 -7.98840e-05
 22 -0.00272  4.37538e-05 | 23 -0.00014  4.14931e-05 | 24  0.00185 -5.79012e-04
 25  0.00318  7.65616e-04 | 26  0.00308 -6.02912e-04 | 27  0.00185 -5.63947e-04
 28 -0.00036 -4.48175e-04 | 29 -0.00220  3.99192e-05 | 30 -0.00472 -1.22802e-05
 31 -0.00749 -2.10889e-04 | 32 -0.00900 -1.12572e-04 | 33 -0.00832 -6.76087e-04
 34 -0.01158 -6.94190e-04 | 35 -0.01845  8.32402e-04 | 36 -0.02763  8.08189e-04
 37 -0.01068 -4.02303e-04 | 38 -0.00811  4.28107e-03 | 39 -0.04420 -2.71639e-04
 40 -0.03832  9.11651e-06 | 41 -0.03201  2.68526e-04 | 42 -0.02772  6.08951e-05
 43 -0.02407 -8.99512e-05 | 44 -0.02548 -2.61547e-04 | 45 -0.03272 -2.94918e-04
 46 -0.03581  6.17906e-04 | 47 -0.01434  8.07694e-04 | 48  0.01655  1.82556e-03
 49  0.00641  3.02308e-03 | 50 -0.02345  3.83171e-03 | 51 -0.01593  2.80013e-03
 52 -0.05493  4.07818e-03 | 53 -0.02230  6.01238e-03 | 54 -0.01191  1.97864e-03
 55 -0.01080  1.57215e-03 | 56  0.00934  1.79152e-03 | 57  0.01066 -2.30016e-04
 58  0.00901 -9.99442e-04 | 59 -0.03122  9.30098e-04 | 60 -0.02018  2.72523e-03
 61  0.02503 -3.92522e-04 | 62 -0.03214 -1.43439e-03 | 63 -0.04165 -3.04137e-03
 64 -0.01389 -3.69832e-03 | 65 -0.03067 -3.88720e-03 | 66 -0.04868 -3.65372e-03
 67 -0.04382 -5.17501e-03 | 68  0.04120 -5.93204e-03 | 69 -0.02209 -6.08009e-03
 70 -0.08701 -1.67123e-03 | 71 -0.08236 -3.63063e-04 | 72 -0.04599  2.98540e-04
 73 -0.01704 -7.15253e-04 | 74 -0.01677  3.02127e-03 | 75 -0.01678 -1.67400e-03
 76 -0.01678  3.80934e-04 | 77 -0.35267 -2.18651e-02 | 78 -0.27867 -1.70703e-03
 79 -0.07282  1.40694e-02 | 80  0.25663  6.82772e-04 | 81 -0.32962  4.13235e-03
 82 -0.53262  5.06971e-05 | 83 -0.11887  9.05946e-04 | 84  1.45837 -1.86038e-04
 85  0.97466 -5.95511e-04 | 86 -0.02908 -1.68550e-02 | 87  0.26287  2.49299e-03
 88  0.18434  9.35713e-04 | 89 -0.00444  2.01024e-05 | 90  0.00438  2.16308e-05
 91  0.00828  4.60808e-06 | 92 -0.00152 -7.51349e-06 |
92 variables; iteration 160; function evaluation 249; phase 3
Function value -9.0977776e+01; maximum gradient component mag 7.0836e-01
Var    Value     Gradient |Var    Value     Gradient |Var    Value     Gradient
  1  1.40615  1.21224e-02 |  2  0.00031  1.34795e-04 |  3  0.00036 -3.27431e-04
  4 -0.01554 -2.43932e-04 |  5 -0.01547  9.68439e-04 |  6 -0.01539  3.69048e-04
  7 -0.01529  4.66738e-04 |  8 -0.01518  6.52846e-05 |  9 -0.01505 -3.35762e-04
 10 -0.01492 -7.12238e-04 | 11 -0.01477  2.87508e-04 | 12 -0.01462  1.32607e-04
 13 -0.01445 -6.27332e-04 | 14 -0.01422  3.79654e-04 | 15 -0.01393  4.78513e-04
 16 -0.01337 -3.62801e-04 | 17 -0.01282 -4.42080e-04 | 18 -0.01147 -3.56319e-04
 19 -0.00964  1.92148e-04 | 20 -0.00770 -4.89744e-04 | 21 -0.00533  1.31389e-04
 22 -0.00272  1.21435e-04 | 23 -0.00014  9.91030e-05 | 24  0.00185 -7.08490e-04
 25  0.00318  9.37510e-04 | 26  0.00308 -1.04654e-04 | 27  0.00185 -4.64481e-04
 28 -0.00036 -1.81362e-04 | 29 -0.00220  1.16734e-04 | 30 -0.00472 -1.08476e-04
 31 -0.00749 -3.86419e-04 | 32 -0.00900 -2.63945e-04 | 33 -0.00832 -4.32280e-04
 34 -0.01158  2.04711e-03 | 35 -0.01845  8.67956e-03 | 36 -0.02765  8.86330e-03
 37 -0.01067 -1.21177e-02 | 38 -0.00811 -5.65763e-03 | 39 -0.04420 -4.20352e-04
 40 -0.03832 -1.58769e-04 | 41 -0.03201  5.07191e-04 | 42 -0.02771  5.09901e-04
 43 -0.02407 -8.74766e-05 | 44 -0.02547  9.05002e-04 | 45 -0.03272  4.61923e-04
 46 -0.03581  2.55790e-04 | 47 -0.01434 -1.29780e-04 | 48  0.01655  1.29120e-03
 49  0.00641  4.84945e-03 | 50 -0.02345  2.96220e-03 | 51 -0.01593  4.78982e-03
 52 -0.05493 -3.59299e-05 | 53 -0.02230  1.40865e-03 | 54 -0.01191 -3.38575e-03
 55 -0.01080 -2.92530e-03 | 56  0.00933 -1.86991e-03 | 57  0.01066 -8.09963e-04
 58  0.00901  1.89233e-03 | 59 -0.03122  9.02085e-04 | 60 -0.02019 -1.16533e-03
 61  0.02503 -1.53066e-04 | 62 -0.03214 -2.28109e-04 | 63 -0.04165 -3.58592e-03
 64 -0.01389 -3.45573e-03 | 65 -0.03067 -8.42565e-04 | 66 -0.04868  7.84028e-04
 67 -0.04381 -2.19027e-03 | 68  0.04120 -1.47372e-03 | 69 -0.02209 -8.15039e-04
 70 -0.08701 -4.17887e-04 | 71 -0.08235 -1.29574e-04 | 72 -0.04599  1.45462e-05
 73 -0.01704 -1.03386e-04 | 74 -0.01678  1.26767e-03 | 75 -0.01678 -4.56065e-04
 76 -0.01677  6.00087e-04 | 77 -0.35266  7.08365e-01 | 78 -0.25661  5.06717e-02
 79 -0.07281 -1.31369e-02 | 80  0.24600  8.36711e-02 | 81 -0.32962  8.14843e-04
 82 -0.53314  1.21212e-05 | 83 -0.11888  1.61016e-04 | 84  1.45837  1.10011e-03
 85  0.97462 -3.64872e-06 | 86 -0.02907  2.72520e-02 | 87  0.26288  3.77391e-03
 88  0.13749  6.88883e-04 | 89 -0.01787 -4.62248e-05 | 90 -0.03338 -1.64540e-04
 91 -0.00078 -3.80397e-05 | 92 -0.00895 -4.41908e-05 |
92 variables; iteration 180; function evaluation 273; phase 3
Function value -9.0977870e+01; maximum gradient component mag 6.4474e-01
Var    Value     Gradient |Var    Value     Gradient |Var    Value     Gradient
  1  1.40609  1.21183e-02 |  2  0.00031  3.87187e-04 |  3  0.00037  8.57841e-04
  4 -0.01554  9.73354e-04 |  5 -0.01547 -8.01158e-04 |  6 -0.01539  5.42396e-05
  7 -0.01529 -2.44154e-04 |  8 -0.01518  1.58036e-04 |  9 -0.01505  4.81043e-04
 10 -0.01491  9.68108e-04 | 11 -0.01477 -2.37727e-04 | 12 -0.01462  2.75462e-06
 13 -0.01444  8.74730e-04 | 14 -0.01422 -3.49935e-04 | 15 -0.01393 -2.43444e-04
 16 -0.01337  6.12168e-04 | 17 -0.01282  3.45167e-04 | 18 -0.01147 -1.35684e-04
 19 -0.00964 -1.95273e-04 | 20 -0.00769  6.34916e-04 | 21 -0.00533  7.80617e-04
 22 -0.00272  3.82775e-04 | 23 -0.00014  5.83464e-04 | 24  0.00186  1.11427e-03
 25  0.00318 -1.73283e-04 | 26  0.00308  1.07468e-03 | 27  0.00185  8.19093e-04
 28 -0.00036  7.31842e-04 | 29 -0.00220  9.32806e-05 | 30 -0.00472  3.93425e-04
 31 -0.00749  4.51796e-04 | 32 -0.00900  3.65435e-04 | 33 -0.00832  1.11345e-03
 34 -0.01158  2.76427e-03 | 35 -0.01845  7.83998e-03 | 36 -0.02763  1.04510e-02
 37 -0.01068 -1.01360e-02 | 38 -0.00812 -9.33529e-03 | 39 -0.04420  2.03424e-04
 40 -0.03832  5.16764e-04 | 41 -0.03201  2.10396e-04 | 42 -0.02771  3.32510e-04
 43 -0.02407  5.73244e-04 | 44 -0.02547  4.29327e-04 | 45 -0.03272  4.77651e-04
 46 -0.03581 -6.82476e-04 | 47 -0.01435 -1.94619e-03 | 48  0.01655 -2.43903e-03
 49  0.00641  1.96164e-04 | 50 -0.02346 -9.83154e-04 | 51 -0.01593  2.70683e-03
 52 -0.05493 -5.21958e-04 | 53 -0.02230 -3.59286e-03 | 54 -0.01190 -2.74155e-03
 55 -0.01080 -2.86446e-03 | 56  0.00934 -9.78048e-04 | 57  0.01066 -2.94865e-05
 58  0.00902  2.49281e-03 | 59 -0.03122 -6.22832e-04 | 60 -0.02020 -5.10856e-03
 61  0.02504 -1.44245e-03 | 62 -0.03214  3.09205e-04 | 63 -0.04165 -1.00939e-03
 64 -0.01389 -2.45419e-03 | 65 -0.03067  8.29292e-05 | 66 -0.04868  3.22877e-03
 67 -0.04381  1.80718e-03 | 68  0.04120  5.30264e-03 | 69 -0.02207  1.14018e-02
 70 -0.08702  2.56273e-03 | 71 -0.08236 -5.16530e-04 | 72 -0.04600 -5.29568e-04
 73 -0.01704  5.45131e-04 | 74 -0.01679 -1.91219e-03 | 75 -0.01677  9.91132e-04
 76 -0.01678 -1.22845e-05 | 77 -0.35266  6.44744e-01 | 78 -0.23576  7.12410e-02
 79 -0.07282 -3.11121e-02 | 80  0.22816  6.47120e-02 | 81 -0.32964 -3.50486e-03
 82 -0.53380 -3.52329e-05 | 83 -0.11889  2.27828e-04 | 84  1.45835 -3.29100e-04
 85  0.97457 -7.73497e-04 | 86 -0.02907  2.17546e-03 | 87  0.26287  1.50078e-03
 88  0.04655  2.30136e-04 | 89 -0.00269  2.87198e-05 | 90  0.02221  1.09661e-04
 91  0.01139  1.91633e-05 | 92  0.00659  3.25116e-05 |
92 variables; iteration 200; function evaluation 296; phase 3
Function value -9.0977901e+01; maximum gradient component mag 3.2798e-01
Var    Value     Gradient |Var    Value     Gradient |Var    Value     Gradient
  1  1.40599  1.21063e-02 |  2  0.00031  4.18893e-04 |  3  0.00037  1.03598e-03
  4 -0.01554  6.92921e-04 |  5 -0.01547 -7.07349e-04 |  6 -0.01539  1.35419e-05
  7 -0.01529 -9.87640e-05 |  8 -0.01518  8.18848e-05 |  9 -0.01505  3.33073e-04
 10 -0.01491  6.49160e-04 | 11 -0.01477 -2.09706e-04 | 12 -0.01462  2.25281e-05
 13 -0.01444  8.07468e-04 | 14 -0.01422 -2.33905e-04 | 15 -0.01393 -1.44176e-04
 16 -0.01337  5.07036e-04 | 17 -0.01282  5.19896e-04 | 18 -0.01146  1.42407e-04
 19 -0.00964 -2.28221e-04 | 20 -0.00769  9.34602e-04 | 21 -0.00533  1.04641e-03
 22 -0.00272  4.25953e-04 | 23 -0.00014  6.49410e-04 | 24  0.00186  1.70115e-03
 25  0.00318 -3.04936e-04 | 26  0.00308  1.16716e-03 | 27  0.00185  1.24822e-03
 28 -0.00036  8.80568e-04 | 29 -0.00220  1.13828e-04 | 30 -0.00472  7.34696e-04
 31 -0.00749  9.95881e-04 | 32 -0.00900  6.84277e-04 | 33 -0.00832  1.46651e-03
 34 -0.01158  2.14754e-03 | 35 -0.01844  5.11013e-03 | 36 -0.02762  9.22172e-03
 37 -0.01069 -5.36795e-03 | 38 -0.00812 -6.95397e-03 | 39 -0.04419  2.87686e-04
 40 -0.03832  8.45401e-04 | 41 -0.03201  1.69912e-04 | 42 -0.02771  4.55741e-04
 43 -0.02407  4.70235e-04 | 44 -0.02547 -3.88375e-04 | 45 -0.03272  1.44991e-04
 46 -0.03581 -9.21179e-04 | 47 -0.01435 -2.31611e-03 | 48  0.01654 -3.51027e-03
 49  0.00642 -1.05990e-03 | 50 -0.02346 -1.08207e-03 | 51 -0.01593  2.48056e-03
 52 -0.05493  1.52064e-03 | 53 -0.02231 -2.78161e-03 | 54 -0.01190 -2.55997e-04
 55 -0.01080 -5.85914e-04 | 56  0.00934  1.98974e-03 | 57  0.01065  8.36054e-04
 58  0.00902  1.72455e-03 | 59 -0.03122 -8.40441e-04 | 60 -0.02020 -4.43395e-03
 61  0.02504 -2.73964e-03 | 62 -0.03213 -5.56435e-04 | 63 -0.04165 -6.04696e-04
 64 -0.01389 -2.49849e-03 | 65 -0.03067 -1.16799e-03 | 66 -0.04867  1.93013e-03
 67 -0.04381  9.37632e-04 | 68  0.04119  3.30612e-03 | 69 -0.02206  1.28079e-02
 70 -0.08701  2.92633e-03 | 71 -0.08236 -1.23786e-03 | 72 -0.04600 -1.23463e-03
 73 -0.01704  9.47829e-05 | 74 -0.01679 -1.29845e-03 | 75 -0.01677  7.95100e-04
 76 -0.01678 -1.01317e-04 | 77 -0.35267  3.27980e-01 | 78 -0.22502  4.30921e-02
 79 -0.07282 -2.71373e-02 | 80  0.21356  2.85368e-02 | 81 -0.32964 -1.97696e-03
 82 -0.53370 -2.74751e-05 | 83 -0.11889  4.02728e-04 | 84  1.45835 -8.60734e-04
 85  0.97449  3.87303e-03 | 86 -0.02907  2.76464e-01 | 87  0.26287  3.36601e-04
 88 -0.04840 -2.41134e-04 | 89 -0.00428  2.09836e-05 | 90  0.01580  7.79952e-05
 91  0.01433  3.28137e-05 | 92  0.00480  2.36867e-05 |
92 variables; iteration 220; function evaluation 317; phase 3
Function value -9.0977906e+01; maximum gradient component mag 5.5550e-02
Var    Value     Gradient |Var    Value     Gradient |Var    Value     Gradient
  1  1.40594  1.21108e-02 |  2  0.00031  2.55327e-04 |  3  0.00036  3.02111e-04
  4 -0.01554  7.58044e-05 |  5 -0.01547  1.98615e-04 |  6 -0.01539  1.61426e-04
  7 -0.01529  1.95064e-04 |  8 -0.01518  3.23650e-05 |  9 -0.01505 -2.97592e-05
 10 -0.01491 -1.37759e-04 | 11 -0.01477  3.02364e-05 | 12 -0.01462  2.10888e-05
 13 -0.01445 -3.52448e-05 | 14 -0.01422  6.53826e-05 | 15 -0.01393  4.52569e-05
 16 -0.01337 -5.69801e-05 | 17 -0.01282  1.00960e-04 | 18 -0.01146  1.47135e-04
 19 -0.00964  1.50826e-05 | 20 -0.00769  4.27411e-04 | 21 -0.00533  4.68408e-04
 22 -0.00272  3.29931e-04 | 23 -0.00014  4.40335e-04 | 24  0.00185  6.44684e-04
 25  0.00318  2.23302e-04 | 26  0.00308  4.24961e-04 | 27  0.00185  4.31024e-04
 28 -0.00036  3.40909e-04 | 29 -0.00220  2.16830e-04 | 30 -0.00472  3.08816e-04
 31 -0.00749  4.00921e-04 | 32 -0.00900  3.30922e-04 | 33 -0.00832  4.24570e-04
 34 -0.01158  4.13542e-04 | 35 -0.01845  8.30565e-04 | 36 -0.02763  2.00869e-03
 37 -0.01068 -6.47974e-04 | 38 -0.00811 -4.66669e-04 | 39 -0.04420  3.09662e-05
 40 -0.03832  1.83628e-04 | 41 -0.03201  5.08764e-05 | 42 -0.02771  1.24750e-04
 43 -0.02407  9.31513e-05 | 44 -0.02548 -2.04514e-04 | 45 -0.03272  1.54496e-05
 46 -0.03581 -1.37619e-04 | 47 -0.01434 -2.50614e-04 | 48  0.01655 -3.07528e-04
 49  0.00642  4.71920e-04 | 50 -0.02345  4.76855e-04 | 51 -0.01593  9.86204e-04
 52 -0.05493  1.36111e-03 | 53 -0.02230  5.31035e-04 | 54 -0.01190  6.95639e-04
 55 -0.01080  6.76699e-04 | 56  0.00934  1.48835e-03 | 57  0.01066  5.22536e-04
 58  0.00901  3.35649e-04 | 59 -0.03122 -7.45533e-05 | 60 -0.02019 -3.50514e-04
 61  0.02503 -1.03670e-03 | 62 -0.03214 -5.11850e-04 | 63 -0.04165 -5.68055e-04
 64 -0.01389 -9.96154e-04 | 65 -0.03067 -1.08576e-03 | 66 -0.04868 -6.28382e-04
 67 -0.04381 -1.10431e-03 | 68  0.04120 -7.21006e-04 | 69 -0.02208  1.53297e-03
 70 -0.08701  2.95894e-04 | 71 -0.08236 -5.42588e-04 | 72 -0.04600 -3.93826e-04
 73 -0.01704 -1.27093e-04 | 74 -0.01678  3.05252e-04 | 75 -0.01677 -1.11090e-04
 76 -0.01678 -7.32836e-05 | 77 -0.35267  4.72514e-03 | 78 -0.22432 -1.90113e-03
 79 -0.07282 -3.17111e-03 | 80  0.21243  6.38595e-04 | 81 -0.32963  1.87330e-04
 82 -0.53324  5.51409e-06 | 83 -0.11888  2.52833e-04 | 84  1.45836 -3.18416e-04
 85  0.97450 -2.26899e-04 | 86 -0.02907  5.55503e-02 | 87  0.26287  8.48587e-04
 88 -0.03668 -1.81288e-04 | 89 -0.01082 -1.20146e-05 | 90 -0.00282 -1.39061e-05
 91 -0.01775 -1.17299e-04 | 92 -0.00107 -5.29150e-06 |
92 variables; iteration 240; function evaluation 337; phase 3
Function value -9.0977925e+01; maximum gradient component mag 1.2985e-01
Var    Value     Gradient |Var    Value     Gradient |Var    Value     Gradient
  1  1.40562  1.20467e-02 |  2  0.00031  2.06311e-04 |  3  0.00036  6.42009e-05
  4 -0.01554 -2.68696e-04 |  5 -0.01547  4.93880e-04 |  6 -0.01539  8.20338e-05
  7 -0.01529  2.13121e-04 |  8 -0.01518 -5.75396e-05 |  9 -0.01505 -2.23262e-04
 10 -0.01492 -4.97950e-04 | 11 -0.01477  7.05546e-05 | 12 -0.01462 -1.75180e-05
 13 -0.01445 -3.65432e-04 | 14 -0.01422  1.92766e-04 | 15 -0.01393  5.51774e-05
 16 -0.01337 -3.12482e-04 | 17 -0.01282  3.68736e-05 | 18 -0.01146  1.95782e-04
 19 -0.00964  9.38664e-05 | 20 -0.00769  2.82763e-04 | 21 -0.00533  3.19244e-04
 22 -0.00272  2.26937e-04 | 23 -0.00014  2.81347e-04 | 24  0.00185  3.63614e-04
 25  0.00318  2.68463e-04 | 26  0.00308  5.89466e-05 | 27  0.00185  2.05073e-04
 28 -0.00036  8.97735e-05 | 29 -0.00220  1.58560e-04 | 30 -0.00472  1.42384e-04
 31 -0.00749  1.62017e-04 | 32 -0.00900  9.79926e-05 | 33 -0.00832  2.07897e-04
 34 -0.01158  5.91028e-04 | 35 -0.01845  2.32666e-03 | 36 -0.02763  4.08603e-03
 37 -0.01068 -2.33242e-03 | 38 -0.00811 -6.59820e-04 | 39 -0.04420  3.32379e-05
 40 -0.03832  1.75567e-04 | 41 -0.03201  1.00585e-04 | 42 -0.02771  1.22819e-04
 43 -0.02407  1.17306e-04 | 44 -0.02548 -1.85716e-04 | 45 -0.03272  2.73067e-05
 46 -0.03581 -6.98562e-05 | 47 -0.01435 -1.63419e-06 | 48  0.01655  7.28852e-04
 49  0.00642  2.49465e-03 | 50 -0.02345  2.23241e-03 | 51 -0.01593  3.06336e-03
 52 -0.05493  2.37775e-03 | 53 -0.02230  2.06001e-03 | 54 -0.01191  1.27304e-03
 55 -0.01080  8.33795e-04 | 56  0.00934  2.05582e-03 | 57  0.01065  4.95086e-04
 58  0.00901  2.86578e-04 | 59 -0.03122 -3.98510e-04 | 60 -0.02019 -6.34001e-04
 61  0.02503 -2.22422e-03 | 62 -0.03214 -1.25726e-03 | 63 -0.04165 -1.94825e-03
 64 -0.01389 -2.62787e-03 | 65 -0.03067 -2.62976e-03 | 66 -0.04868 -1.88880e-03
 67 -0.04382 -3.49240e-03 | 68  0.04120 -2.79137e-03 | 69 -0.02208  4.65836e-04
 70 -0.08701 -1.84332e-04 | 71 -0.08236 -9.77375e-04 | 72 -0.04600 -6.26735e-04
 73 -0.01704 -3.83037e-04 | 74 -0.01678  9.22538e-04 | 75 -0.01678 -4.63246e-04
 76 -0.01678 -1.46935e-04 | 77 -0.35267  1.29850e-01 | 78 -0.21931  1.98532e-02
 79 -0.07282 -3.87290e-03 | 80  0.20337  1.16602e-02 | 81 -0.32963  7.84567e-04
 82 -0.53308  1.68717e-05 | 83 -0.11888  2.08576e-04 | 84  1.45836 -4.18780e-04
 85  0.97453  5.95966e-04 | 86 -0.02907  8.74319e-02 | 87  0.26287  4.93139e-04
 88  0.02451  1.20394e-04 | 89 -0.01580 -3.53510e-05 | 90 -0.03212 -1.58463e-04
 91  0.02676  9.03654e-05 | 92 -0.00740 -3.65417e-05 |
92 variables; iteration 260; function evaluation 363; phase 3
Function value -9.0977958e+01; maximum gradient component mag 6.9452e-01
Var    Value     Gradient |Var    Value     Gradient |Var    Value     Gradient
  1  1.40511  1.19781e-02 |  2  0.00031  1.96174e-04 |  3  0.00036 -1.26003e-04
  4 -0.01554 -3.76449e-04 |  5 -0.01547  6.73252e-04 |  6 -0.01539  8.12891e-05
  7 -0.01529  2.05748e-04 |  8 -0.01518 -9.83812e-05 |  9 -0.01505 -3.07695e-04
 10 -0.01492 -6.51583e-04 | 11 -0.01477  8.15469e-05 | 12 -0.01462 -6.05549e-05
 13 -0.01445 -5.67066e-04 | 14 -0.01422  2.01341e-04 | 15 -0.01393  2.54613e-05
 16 -0.01337 -4.64911e-04 | 17 -0.01282 -5.66668e-05 | 18 -0.01146  1.33162e-04
 19 -0.00964  1.39340e-04 | 20 -0.00769  1.52787e-04 | 21 -0.00533  1.71018e-04
 22 -0.00272  1.61214e-04 | 23 -0.00014  2.05909e-04 | 24  0.00185  7.36339e-05
 25  0.00318  3.46155e-04 | 26  0.00308 -1.94486e-04 | 27  0.00185 -7.86006e-05
 28 -0.00036 -1.59581e-04 | 29 -0.00220  4.62966e-05 | 30 -0.00473 -1.50363e-04
 31 -0.00749 -2.00056e-04 | 32 -0.00900 -1.75889e-04 | 33 -0.00832  7.35379e-05
 34 -0.01158  1.64738e-03 | 35 -0.01845  6.86660e-03 | 36 -0.02763  9.22267e-03
 37 -0.01068 -8.97994e-03 | 38 -0.00811 -4.09722e-03 | 39 -0.04420 -4.92406e-05
 40 -0.03832  9.68011e-05 | 41 -0.03201  1.52522e-04 | 42 -0.02772  1.33239e-04
 43 -0.02407  2.19545e-04 | 44 -0.02548  1.17856e-04 | 45 -0.03272  2.95833e-04
 46 -0.03581 -1.38891e-04 | 47 -0.01434  3.18539e-05 | 48  0.01655  1.46084e-03
 49  0.00642  4.72464e-03 | 50 -0.02345  3.20763e-03 | 51 -0.01593  5.02026e-03
 52 -0.05493  1.37482e-03 | 53 -0.02230  1.43447e-03 | 54 -0.01191 -1.08143e-04
 55 -0.01080 -1.37512e-04 | 56  0.00934  2.09447e-03 | 57  0.01066  1.06150e-03
 58  0.00901  2.46729e-03 | 59 -0.03122  4.84370e-04 | 60 -0.02019 -1.17214e-03
 61  0.02503 -2.42649e-03 | 62 -0.03214 -1.36566e-03 | 63 -0.04165 -3.72213e-03
 64 -0.01389 -4.48799e-03 | 65 -0.03067 -3.44401e-03 | 66 -0.04868 -2.09916e-03
 67 -0.04382 -5.05061e-03 | 68  0.04120 -3.24959e-03 | 69 -0.02208  4.21272e-04
 70 -0.08701 -3.12048e-04 | 71 -0.08236 -1.41421e-03 | 72 -0.04600 -7.72339e-04
 73 -0.01704 -3.82150e-04 | 74 -0.01678  1.21216e-03 | 75 -0.01678 -6.57032e-04
 76 -0.01678 -1.95890e-04 | 77 -0.35267  6.94518e-01 | 78 -0.21237  1.37972e-01
 79 -0.07282 -1.26970e-02 | 80  0.18770  5.45168e-02 | 81 -0.32963  1.15181e-03
 82 -0.53297  2.52367e-05 | 83 -0.11888  1.01594e-04 | 84  1.45836 -2.94856e-04
 85  0.97452 -2.87994e-04 | 86 -0.02907  4.31104e-02 | 87  0.26287  5.41244e-04
 88  0.01136  5.59511e-05 | 89 -0.01181 -1.62960e-05 | 90 -0.01075 -5.29979e-05
 91  0.01463  3.42859e-05 | 92 -0.00454 -2.23873e-05 |
92 variables; iteration 280; function evaluation 389; phase 3
Function value -9.0977993e+01; maximum gradient component mag 5.7591e-01
Var    Value     Gradient |Var    Value     Gradient |Var    Value     Gradient
  1  1.40426  1.18744e-02 |  2  0.00031  1.80674e-04 |  3  0.00036 -7.96584e-05
  4 -0.01554 -2.84161e-04 |  5 -0.01547  5.94901e-04 |  6 -0.01539  1.26240e-04
  7 -0.01529  2.29711e-04 |  8 -0.01518 -5.20479e-05 |  9 -0.01505 -2.38938e-04
 10 -0.01492 -5.39085e-04 | 11 -0.01477  9.22684e-05 | 12 -0.01462 -3.30254e-05
 13 -0.01445 -4.74527e-04 | 14 -0.01422  1.80448e-04 | 15 -0.01393  4.29610e-05
 16 -0.01337 -3.81693e-04 | 17 -0.01282 -5.97070e-05 | 18 -0.01146  1.44597e-04
 19 -0.00964  1.33548e-04 | 20 -0.00769  1.76033e-04 | 21 -0.00533  1.74780e-04
 22 -0.00272  1.95558e-04 | 23 -0.00014  2.51340e-04 | 24  0.00185  1.01209e-04
 25  0.00318  3.24558e-04 | 26  0.00308 -8.31207e-05 | 27  0.00185 -5.06016e-05
 28 -0.00036 -6.80403e-05 | 29 -0.00220  9.66458e-05 | 30 -0.00473 -1.08503e-04
 31 -0.00749 -1.35171e-04 | 32 -0.00900 -8.29510e-05 | 33 -0.00832  6.06039e-05
 34 -0.01158  1.16108e-03 | 35 -0.01845  4.92330e-03 | 36 -0.02763  6.58294e-03
 37 -0.01068 -6.43580e-03 | 38 -0.00811 -2.65317e-03 | 39 -0.04420 -1.99946e-06
 40 -0.03832  2.95299e-05 | 41 -0.03201  1.11135e-04 | 42 -0.02771  8.36928e-05
 43 -0.02407  1.75904e-04 | 44 -0.02548  1.34214e-04 | 45 -0.03272  2.44360e-04
 46 -0.03581 -4.96702e-05 | 47 -0.01434  1.38246e-04 | 48  0.01655  1.28747e-03
 49  0.00641  3.56378e-03 | 50 -0.02345  2.48996e-03 | 51 -0.01593  3.75888e-03
 52 -0.05493  1.34504e-03 | 53 -0.02230  1.65427e-03 | 54 -0.01191  1.60872e-04
 55 -0.01080  4.89661e-05 | 56  0.00934  1.65133e-03 | 57  0.01066  9.46120e-04
 58  0.00901  1.92209e-03 | 59 -0.03122  4.58457e-04 | 60 -0.02019 -6.35693e-04
 61  0.02503 -1.73466e-03 | 62 -0.03214 -1.04294e-03 | 63 -0.04165 -2.87842e-03
 64 -0.01389 -3.39800e-03 | 65 -0.03067 -2.68100e-03 | 66 -0.04868 -1.83533e-03
 67 -0.04382 -4.06491e-03 | 68  0.04120 -3.00324e-03 | 69 -0.02208 -4.44540e-04
 70 -0.08701 -4.07279e-04 | 71 -0.08236 -1.01406e-03 | 72 -0.04600 -4.88365e-04
 73 -0.01704 -2.85827e-04 | 74 -0.01678  1.04615e-03 | 75 -0.01678 -5.72417e-04
 76 -0.01678 -1.58903e-04 | 77 -0.35267  5.75906e-01 | 78 -0.20587  1.33403e-01
 79 -0.07282 -8.36399e-03 | 80  0.16814  3.93782e-02 | 81 -0.32963  1.02334e-03
 82 -0.53303  2.09620e-05 | 83 -0.11888  3.16695e-05 | 84  1.45836 -2.12667e-04
 85  0.97452 -1.21182e-03 | 86 -0.02907 -5.98894e-03 | 87  0.26287  7.15550e-04
 88  0.00315  1.55393e-05 | 89  0.00726  7.64887e-05 | 90 -0.00556 -2.74372e-05
 91  0.00494 -1.00701e-05 | 92  0.01447  7.14090e-05 |
92 variables; iteration 300; function evaluation 415; phase 3
Function value -9.0978029e+01; maximum gradient component mag 8.4070e-01
Var    Value     Gradient |Var    Value     Gradient |Var    Value     Gradient
  1  1.40314  1.17160e-02 |  2  0.00031  2.09141e-04 |  3  0.00036  1.93958e-04
  4 -0.01554  1.29431e-04 |  5 -0.01547  2.00634e-04 |  6 -0.01539  1.93840e-04
  7 -0.01529  1.80421e-04 |  8 -0.01518  6.46048e-05 |  9 -0.01505  8.42713e-06
 10 -0.01491 -6.39452e-05 | 11 -0.01477  4.29095e-05 | 12 -0.01462  2.18666e-05
 13 -0.01445 -5.48573e-05 | 14 -0.01422  4.23699e-05 | 15 -0.01393  3.28169e-05
 16 -0.01337 -4.58026e-05 | 17 -0.01282  6.86575e-07 | 18 -0.01146  5.56394e-05
 19 -0.00964  3.52457e-05 | 20 -0.00769  2.84244e-04 | 21 -0.00533  3.26747e-04
 22 -0.00272  2.83740e-04 | 23 -0.00014  3.81346e-04 | 24  0.00185  3.63878e-04
 25  0.00318  2.55439e-04 | 26  0.00308  3.27518e-04 | 27  0.00185  1.83992e-04
 28 -0.00036  1.95641e-04 | 29 -0.00220  1.22520e-04 | 30 -0.00472  5.92578e-05
 31 -0.00749  7.88800e-05 | 32 -0.00900  1.27862e-04 | 33 -0.00832  3.31825e-04
 34 -0.01158  1.55840e-03 | 35 -0.01845  5.54830e-03 | 36 -0.02764  6.98518e-03
 37 -0.01068 -7.47888e-03 | 38 -0.00811 -4.62336e-03 | 39 -0.04420  1.37016e-05
 40 -0.03832  1.01971e-04 | 41 -0.03201  1.39863e-04 | 42 -0.02771  1.58389e-04
 43 -0.02407  2.26805e-04 | 44 -0.02547  3.26549e-04 | 45 -0.03272  3.22475e-04
 46 -0.03581 -1.99174e-04 | 47 -0.01434 -4.45545e-04 | 48  0.01655 -4.69120e-05
 49  0.00641  1.97714e-03 | 50 -0.02345  8.61688e-04 | 51 -0.01593  2.59275e-03
 52 -0.05493  1.63910e-04 | 53 -0.02230 -3.37871e-04 | 54 -0.01191 -1.32985e-03
 55 -0.01080 -1.14884e-03 | 56  0.00934  3.02902e-04 | 57  0.01066  5.79937e-04
 58  0.00901  2.32969e-03 | 59 -0.03122  6.91073e-04 | 60 -0.02019 -1.34168e-03
 61  0.02503 -6.82440e-04 | 62 -0.03214 -2.54649e-04 | 63 -0.04165 -2.00885e-03
 64 -0.01389 -2.53054e-03 | 65 -0.03067 -1.12016e-03 | 66 -0.04868  2.29373e-04
 67 -0.04381 -1.32242e-03 | 68  0.04120 -3.45303e-05 | 69 -0.02208  2.69408e-03
 70 -0.08701  5.37810e-04 | 71 -0.08236 -5.68986e-04 | 72 -0.04600 -2.58234e-04
 73 -0.01704  1.76973e-05 | 74 -0.01678  1.82252e-04 | 75 -0.01677 -9.71911e-05
 76 -0.01678 -2.73390e-05 | 77 -0.35267  8.40697e-01 | 78 -0.20074  2.19910e-01
 79 -0.07282 -1.40393e-02 | 80  0.14764  4.87450e-02 | 81 -0.32963  7.30414e-05
 82 -0.53327  3.39785e-06 | 83 -0.11888  5.97766e-05 | 84  1.45836 -7.21526e-05
 85  0.97453 -1.10651e-03 | 86 -0.02907 -3.93694e-03 | 87  0.26287  1.38528e-03
 88  0.00405  1.99755e-05 | 89 -0.01038 -1.02441e-05 | 90  0.00156  7.71355e-06
 91  0.00714  1.52197e-07 | 92 -0.00244 -1.20297e-05 |
92 variables; iteration 320; function evaluation 438; phase 3
Function value -9.0978063e+01; maximum gradient component mag 1.2708e+00
Var    Value     Gradient |Var    Value     Gradient |Var    Value     Gradient
  1  1.40164  1.15054e-02 |  2  0.00031  2.13912e-04 |  3  0.00036  2.89879e-04
  4 -0.01554  2.60101e-04 |  5 -0.01547  6.44081e-05 |  6 -0.01539  2.13409e-04
  7 -0.01529  1.67110e-04 |  8 -0.01518  1.04104e-04 |  9 -0.01505  9.04920e-05
 10 -0.01491  9.24175e-05 | 11 -0.01477  2.57708e-05 | 12 -0.01462  4.02595e-05
 13 -0.01444  8.53514e-05 | 14 -0.01422 -2.08880e-06 | 15 -0.01393  2.99324e-05
 16 -0.01337  6.56839e-05 | 17 -0.01282  1.85891e-05 | 18 -0.01146  2.36871e-05
 19 -0.00964 -1.05094e-06 | 20 -0.00769  3.12980e-04 | 21 -0.00533  3.71125e-04
 22 -0.00272  3.06341e-04 | 23 -0.00014  4.13523e-04 | 24  0.00185  4.43104e-04
 25  0.00318  2.26370e-04 | 26  0.00308  4.51738e-04 | 27  0.00185  2.50339e-04
 28 -0.00036  2.64471e-04 | 29 -0.00220  1.08757e-04 | 30 -0.00472  9.62649e-05
 31 -0.00749  1.26571e-04 | 32 -0.00900  1.74788e-04 | 33 -0.00832  4.43376e-04
 34 -0.01158  1.95820e-03 | 35 -0.01845  6.77651e-03 | 36 -0.02764  8.39220e-03
 37 -0.01068 -9.23028e-03 | 38 -0.00812 -6.19597e-03 | 39 -0.04420  1.32045e-05
 40 -0.03832  1.46683e-04 | 41 -0.03201  1.70382e-04 | 42 -0.02771  2.08865e-04
 43 -0.02407  2.72380e-04 | 44 -0.02547  4.40166e-04 | 45 -0.03272  3.94873e-04
 46 -0.03581 -3.03099e-04 | 47 -0.01434 -7.56503e-04 | 48  0.01655 -5.87914e-04
 49  0.00641  1.72295e-03 | 50 -0.02345  3.93770e-04 | 51 -0.01593  2.60129e-03
 52 -0.05493 -3.73793e-04 | 53 -0.02230 -1.26524e-03 | 54 -0.01190 -2.15710e-03
 55 -0.01080 -1.81806e-03 | 56  0.00934 -1.59144e-04 | 57  0.01066  5.16254e-04
 58  0.00901  2.86678e-03 | 59 -0.03122  8.87624e-04 | 60 -0.02019 -1.85505e-03
 61  0.02503 -4.16653e-04 | 62 -0.03214 -8.66236e-06 | 63 -0.04165 -2.03577e-03
 64 -0.01389 -2.65278e-03 | 65 -0.03067 -7.21861e-04 | 66 -0.04868  1.07707e-03
 67 -0.04381 -4.97740e-04 | 68  0.04120  1.12520e-03 | 69 -0.02208  4.40206e-03
 70 -0.08701  9.91107e-04 | 71 -0.08236 -5.15919e-04 | 72 -0.04600 -2.38273e-04
 73 -0.01704  1.09936e-04 | 74 -0.01679 -1.04740e-04 | 75 -0.01677  6.43516e-05
 76 -0.01678  1.90349e-05 | 77 -0.35267  1.27079e+00 | 78 -0.19634  3.70237e-01
 79 -0.07282 -1.86342e-02 | 80  0.12429  6.10485e-02 | 81 -0.32963 -2.52692e-04
 82 -0.53335 -2.70943e-06 | 83 -0.11889  8.67179e-05 | 84  1.45836 -2.68972e-05
 85  0.97454 -8.54863e-04 | 86 -0.02907  7.56620e-03 | 87  0.26287  1.62103e-03
 88  0.00585  2.88621e-05 | 89 -0.03298 -1.22480e-04 | 90  0.01143  5.65100e-05
 91  0.01059  1.59037e-05 | 92 -0.02549 -1.25835e-04 |
92 variables; iteration 340; function evaluation 460; phase 3
Function value -9.0978093e+01; maximum gradient component mag 1.0335e+00
Var    Value     Gradient |Var    Value     Gradient |Var    Value     Gradient
  1  1.40034  1.13435e-02 |  2  0.00031  1.89543e-04 |  3  0.00036  4.45385e-04
  4 -0.01554  3.13984e-04 |  5 -0.01547 -8.92864e-05 |  6 -0.01539  2.19755e-04
  7 -0.01529  2.01714e-04 |  8 -0.01518  1.57414e-04 |  9 -0.01505  1.73550e-04
 10 -0.01491  2.17378e-04 | 11 -0.01477  3.25312e-06 | 12 -0.01462  4.88124e-05
 13 -0.01444  2.02755e-04 | 14 -0.01422 -3.28605e-05 | 15 -0.01393  1.28251e-05
 16 -0.01337  1.48179e-04 | 17 -0.01282  2.77348e-05 | 18 -0.01147 -5.21064e-06
 19 -0.00964 -4.00064e-05 | 20 -0.00769  3.36977e-04 | 21 -0.00533  4.08934e-04
 22 -0.00272  3.37493e-04 | 23 -0.00014  4.51527e-04 | 24  0.00185  5.30160e-04
 25  0.00318  2.32636e-04 | 26  0.00308  5.98423e-04 | 27  0.00185  3.55476e-04
 28 -0.00036  3.74292e-04 | 29 -0.00220  1.59527e-04 | 30 -0.00472  2.06372e-04
 31 -0.00749  2.52994e-04 | 32 -0.00900  2.89551e-04 | 33 -0.00832  4.65413e-04
 34 -0.01158  1.49734e-03 | 35 -0.01845  4.69203e-03 | 36 -0.02764  5.69300e-03
 37 -0.01068 -6.37689e-03 | 38 -0.00812 -4.70997e-03 | 39 -0.04420  6.00533e-06
 40 -0.03832  1.39444e-04 | 41 -0.03201  1.36676e-04 | 42 -0.02771  1.82759e-04
 43 -0.02407  1.93890e-04 | 44 -0.02547  3.70283e-04 | 45 -0.03272  2.91170e-04
 46 -0.03581 -2.52638e-04 | 47 -0.01434 -6.77093e-04 | 48  0.01655 -8.44488e-04
 49  0.00641  6.50238e-04 | 50 -0.02345 -2.28448e-04 | 51 -0.01593  1.35909e-03
 52 -0.05493 -4.60620e-04 | 53 -0.02230 -1.38794e-03 | 54 -0.01190 -1.95996e-03
 55 -0.01080 -1.62347e-03 | 56  0.00934 -5.85275e-04 | 57  0.01066  1.18956e-04
 58  0.00901  1.90648e-03 | 59 -0.03122  6.10590e-04 | 60 -0.02019 -1.46569e-03
 61  0.02503  6.74936e-05 | 62 -0.03213  2.56422e-04 | 63 -0.04165 -1.03086e-03
 64 -0.01389 -1.44522e-03 | 65 -0.03067  4.72789e-05 | 66 -0.04868  1.44837e-03
 67 -0.04381  6.44493e-04 | 68  0.04120  1.84625e-03 | 69 -0.02208  4.11727e-03
 70 -0.08701  1.01103e-03 | 71 -0.08236 -1.76814e-04 | 72 -0.04600 -6.71459e-05
 73 -0.01704  1.52723e-04 | 74 -0.01679 -3.03636e-04 | 75 -0.01677  2.13134e-04
 76 -0.01678  4.14520e-05 | 77 -0.35267  1.03350e+00 | 78 -0.19378  3.19695e-01
 79 -0.07282 -1.41997e-02 | 80  0.10695  4.31819e-02 | 81 -0.32963 -5.23503e-04
 82 -0.53341 -7.07101e-06 | 83 -0.11889  1.12887e-04 | 84  1.45836  1.50342e-05
 85  0.97455 -6.65629e-04 | 86 -0.02907  1.50775e-02 | 87  0.26287  1.78464e-03
 88  0.00633  3.12280e-05 | 89 -0.02041 -6.07031e-05 | 90  0.00356  1.75812e-05
 91  0.00995  1.38427e-05 | 92 -0.01249 -6.16213e-05 |
92 variables; iteration 360; function evaluation 485; phase 3
Function value -9.0978126e+01; maximum gradient component mag 8.2139e-01
Var    Value     Gradient |Var    Value     Gradient |Var    Value     Gradient
  1  1.39860  1.11270e-02 |  2  0.00031  1.96924e-04 |  3  0.00036  5.98816e-04
  4 -0.01554  4.83123e-04 |  5 -0.01547 -2.73705e-04 |  6 -0.01539  2.53195e-04
  7 -0.01529  2.02637e-04 |  8 -0.01518  2.15319e-04 |  9 -0.01505  2.84253e-04
 10 -0.01491  4.20013e-04 | 11 -0.01477 -1.74181e-05 | 12 -0.01462  7.75963e-05
 13 -0.01444  3.97487e-04 | 14 -0.01422 -8.82899e-05 | 15 -0.01393  2.05761e-05
 16 -0.01337  3.04729e-04 | 17 -0.01282  5.53373e-05 | 18 -0.01147 -2.84293e-05
 19 -0.00964 -7.48024e-05 | 20 -0.00769  3.96125e-04 | 21 -0.00533  4.81924e-04
 22 -0.00272  3.83242e-04 | 23 -0.00014  5.19845e-04 | 24  0.00185  6.63841e-04
 25  0.00318  2.12799e-04 | 26  0.00308  8.05694e-04 | 27  0.00185  4.90437e-04
 28 -0.00036  5.27741e-04 | 29 -0.00220  2.09186e-04 | 30 -0.00472  3.45285e-04
 31 -0.00749  4.22739e-04 | 32 -0.00900  4.47077e-04 | 33 -0.00832  5.52993e-04
 34 -0.01158  1.14827e-03 | 35 -0.01845  2.99296e-03 | 36 -0.02764  3.44652e-03
 37 -0.01068 -4.09122e-03 | 38 -0.00812 -3.81118e-03 | 39 -0.04420  8.61502e-06
 40 -0.03832  1.52481e-04 | 41 -0.03201  1.23631e-04 | 42 -0.02771  1.79251e-04
 43 -0.02407  1.55741e-04 | 44 -0.02547  3.32351e-04 | 45 -0.03272  2.11344e-04
 46 -0.03581 -2.35665e-04 | 47 -0.01434 -7.67230e-04 | 48  0.01655 -1.42033e-03
 49  0.00641 -7.09367e-04 | 50 -0.02345 -1.17763e-03 | 51 -0.01593 -2.54341e-05
 52 -0.05493 -7.63653e-04 | 53 -0.02230 -1.91894e-03 | 54 -0.01190 -2.08052e-03
 55 -0.01080 -1.66915e-03 | 56  0.00933 -1.20114e-03 | 57  0.01066 -2.45350e-04
 58  0.00901  1.20563e-03 | 59 -0.03122  4.70052e-04 | 60 -0.02019 -1.23157e-03
 61  0.02504  7.55721e-04 | 62 -0.03213  6.70501e-04 | 63 -0.04165  2.38418e-05
 64 -0.01389 -2.35604e-04 | 65 -0.03067  1.01226e-03 | 66 -0.04868  2.21749e-03
 67 -0.04381  2.26487e-03 | 68  0.04120  3.12623e-03 | 69 -0.02207  4.59966e-03
 70 -0.08701  1.24797e-03 | 71 -0.08236  2.20687e-04 | 72 -0.04600  1.34042e-04
 73 -0.01704  2.63076e-04 | 74 -0.01679 -6.64121e-04 | 75 -0.01677  4.32180e-04
 76 -0.01678  1.04199e-04 | 77 -0.35268  8.21388e-01 | 78 -0.19133  2.68736e-01
 79 -0.07283 -1.14832e-02 | 80  0.08633  2.89210e-02 | 81 -0.32963 -8.88167e-04
 82 -0.53353 -1.53302e-05 | 83 -0.11889  1.59178e-04 | 84  1.45836  6.98395e-05
 85  0.97456  4.29894e-05 | 86 -0.02907  4.98796e-02 | 87  0.26288  2.09193e-03
 88  0.00817  4.01550e-05 | 89 -0.00664  6.49577e-06 | 90 -0.00725 -3.58042e-05
 91  0.01060  1.78452e-05 | 92  0.00159  7.85438e-06 |
92 variables; iteration 380; function evaluation 509; phase 3
Function value -9.0978163e+01; maximum gradient component mag 7.9245e-01
Var    Value     Gradient |Var    Value     Gradient |Var    Value     Gradient
  1  1.39626  1.08363e-02 |  2  0.00031  1.60261e-04 |  3  0.00036  9.94992e-05
  4 -0.01554 -9.77017e-05 |  5 -0.01547  3.33413e-04 |  6 -0.01539  1.42742e-04
  7 -0.01529  2.15771e-04 |  8 -0.01518  2.05101e-05 |  9 -0.01505 -9.22703e-05
 10 -0.01491 -2.71371e-04 | 11 -0.01477  5.78624e-05 | 12 -0.01462 -6.58237e-06
 13 -0.01445 -2.34570e-04 | 14 -0.01422  1.05416e-04 | 15 -0.01393  2.69541e-05
 16 -0.01337 -1.95177e-04 | 17 -0.01282 -2.83854e-05 | 18 -0.01146  9.53153e-05
 19 -0.00964  7.40017e-05 | 20 -0.00769  2.15478e-04 | 21 -0.00533  2.31927e-04
 22 -0.00272  2.28899e-04 | 23 -0.00014  2.99265e-04 | 24  0.00185  2.30565e-04
 25  0.00318  2.75795e-04 | 26  0.00308  1.43286e-04 | 27  0.00185  8.86163e-05
 28 -0.00036  9.25836e-05 | 29 -0.00220  1.34528e-04 | 30 -0.00472  2.08461e-05
 31 -0.00749  2.52279e-05 | 32 -0.00900  7.03375e-05 | 33 -0.00832  1.41105e-04
 34 -0.01158  7.50906e-04 | 35 -0.01845  2.86407e-03 | 36 -0.02763  3.81146e-03
 37 -0.01068 -3.70068e-03 | 38 -0.00812 -1.61448e-03 | 39 -0.04420  8.76009e-06
 40 -0.03832  2.97796e-05 | 41 -0.03201  7.73962e-05 | 42 -0.02771  6.70597e-05
 43 -0.02407  1.18420e-04 | 44 -0.02547  1.18016e-04 | 45 -0.03272  1.61894e-04
 46 -0.03581 -2.66498e-05 | 47 -0.01434  5.82369e-05 | 48  0.01655  6.56753e-04
 49  0.00641  1.95085e-03 | 50 -0.02345  1.34767e-03 | 51 -0.01593  2.09818e-03
 52 -0.05493  9.11471e-04 | 53 -0.02230  9.94623e-04 | 54 -0.01190  8.75712e-06
 55 -0.01080 -4.44989e-05 | 56  0.00934  8.59291e-04 | 57  0.01066  5.16838e-04
 58  0.00901  1.10978e-03 | 59 -0.03122  2.65957e-04 | 60 -0.02019 -4.18669e-04
 61  0.02503 -9.26570e-04 | 62 -0.03213 -5.44035e-04 | 63 -0.04165 -1.58781e-03
 64 -0.01389 -1.89003e-03 | 65 -0.03067 -1.44307e-03 | 66 -0.04868 -9.11147e-04
 67 -0.04381 -2.13462e-03 | 68  0.04120 -1.52497e-03 | 69 -0.02208  3.44891e-07
 70 -0.08701 -1.48563e-04 | 71 -0.08236 -5.30926e-04 | 72 -0.04600 -2.35365e-04
 73 -0.01704 -1.39578e-04 | 74 -0.01678  5.71423e-04 | 75 -0.01677 -2.93519e-04
 76 -0.01678 -9.38620e-05 | 77 -0.35268  7.92452e-01 | 78 -0.18904  2.76180e-01
 79 -0.07282 -5.18321e-03 | 80  0.06172  2.28181e-02 | 81 -0.32963  5.07831e-04
 82 -0.53316  1.09815e-05 | 83 -0.11888  3.98933e-05 | 84  1.45836 -1.27079e-04
 85  0.97454 -1.19431e-03 | 86 -0.02907 -1.20566e-02 | 87  0.26287  9.97991e-04
 88  0.00380  1.87399e-05 | 89 -0.00729  2.37509e-06 | 90  0.00109  5.39816e-06
 91  0.00645 -8.72399e-07 | 92 -0.00041 -2.04238e-06 |
92 variables; iteration 400; function evaluation 534; phase 3
Function value -9.0978201e+01; maximum gradient component mag 5.8064e-01
Var    Value     Gradient |Var    Value     Gradient |Var    Value     Gradient
  1  1.39351  1.05055e-02 |  2  0.00031  2.01914e-04 |  3  0.00036  3.15385e-04
  4 -0.01554  3.06677e-04 |  5 -0.01547 -6.99964e-06 |  6 -0.01539  2.08320e-04
  7 -0.01529  1.47453e-04 |  8 -0.01518  1.14572e-04 |  9 -0.01505  1.23710e-04
 10 -0.01491  1.61702e-04 | 11 -0.01477  1.51573e-05 | 12 -0.01462  4.61125e-05
 13 -0.01444  1.50075e-04 | 14 -0.01422 -2.61876e-05 | 15 -0.01393  2.84297e-05
 16 -0.01337  1.18493e-04 | 17 -0.01282  3.02101e-05 | 18 -0.01147  1.31089e-05
 19 -0.00964 -8.09159e-06 | 20 -0.00769  3.17050e-04 | 21 -0.00533  3.76928e-04
 22 -0.00272  3.08764e-04 | 23 -0.00014  4.22218e-04 | 24  0.00185  4.74287e-04
 25  0.00318  2.25676e-04 | 26  0.00308  5.23651e-04 | 27  0.00185  3.20844e-04
 28 -0.00036  3.54335e-04 | 29 -0.00220  1.88507e-04 | 30 -0.00472  2.18020e-04
 31 -0.00749  2.70645e-04 | 32 -0.00900  3.02944e-04 | 33 -0.00832  3.40706e-04
 34 -0.01158  5.94099e-04 | 35 -0.01845  1.48341e-03 | 36 -0.02763  1.74823e-03
 37 -0.01068 -1.95804e-03 | 38 -0.00812 -1.65812e-03 | 39 -0.04420  1.49744e-05
 40 -0.03832  6.77871e-05 | 41 -0.03201  6.90735e-05 | 42 -0.02771  9.28906e-05
 43 -0.02407  1.06607e-04 | 44 -0.02547  1.74524e-04 | 45 -0.03272  1.30123e-04
 46 -0.03581 -6.34361e-05 | 47 -0.01434 -2.78334e-04 | 48  0.01655 -4.17982e-04
 49  0.00641 -2.67353e-05 | 50 -0.02345 -2.94068e-04 | 51 -0.01593  2.37355e-04
 52 -0.05493  2.64798e-05 | 53 -0.02230 -4.54148e-04 | 54 -0.01190 -7.82094e-04
 55 -0.01080 -6.43344e-04 | 56  0.00934 -3.74376e-04 | 57  0.01066 -9.11151e-06
 58  0.00901  6.21666e-04 | 59 -0.03122  2.12192e-04 | 60 -0.02019 -5.34173e-04
 61  0.02503  1.86640e-04 | 62 -0.03213  2.15843e-04 | 63 -0.04165 -1.52195e-04
 64 -0.01389 -2.72420e-04 | 65 -0.03067  2.57416e-04 | 66 -0.04868  7.59059e-04
 67 -0.04381  6.42661e-04 | 68  0.04120  1.04379e-03 | 69 -0.02208  1.73661e-03
 70 -0.08701  4.68605e-04 | 71 -0.08236  6.39490e-05 | 72 -0.04600  7.05740e-05
 73 -0.01704  1.55662e-04 | 74 -0.01679 -2.31074e-04 | 75 -0.01677  1.36265e-04
 76 -0.01678  3.51299e-05 | 77 -0.35268  5.80638e-01 | 78 -0.18719  2.10722e-01
 79 -0.07283 -5.14141e-03 | 80  0.03576  1.33837e-02 | 81 -0.32963 -3.61092e-04
 82 -0.53338 -5.03998e-06 | 83 -0.11889  7.96850e-05 | 84  1.45836 -1.18630e-06
 85  0.97456 -7.15398e-04 | 86 -0.02907  9.71195e-03 | 87  0.26288  1.57090e-03
 88  0.00405  2.00027e-05 | 89 -0.00730  1.38866e-06 | 90 -0.00118 -5.80411e-06
 91  0.00678  1.50348e-06 | 92  0.00045  2.22417e-06 |
92 variables; iteration 420; function evaluation 559; phase 3
Function value -9.0978240e+01; maximum gradient component mag 3.1782e+00
Var    Value     Gradient |Var    Value     Gradient |Var    Value     Gradient
  1  1.38995  1.00879e-02 |  2  0.00031  2.77499e-04 |  3  0.00037  9.34947e-04
  4 -0.01553  1.25877e-03 |  5 -0.01547 -8.82865e-04 |  6 -0.01539  3.78181e-04
  7 -0.01529  4.48244e-05 |  8 -0.01518  3.75937e-04 |  9 -0.01505  6.76010e-04
 10 -0.01491  1.22634e-03 | 11 -0.01477 -8.89148e-05 | 12 -0.01462  1.80121e-04
 13 -0.01444  1.10759e-03 | 14 -0.01422 -3.34818e-04 | 15 -0.01393  2.94641e-05
 16 -0.01337  8.89138e-04 | 17 -0.01282  1.65985e-04 | 18 -0.01147 -1.82927e-04
 19 -0.00964 -2.25443e-04 | 20 -0.00769  5.70884e-04 | 21 -0.00533  7.27127e-04
 22 -0.00272  5.03868e-04 | 23 -0.00014  7.14430e-04 | 24  0.00186  1.06574e-03
 25  0.00318  5.73335e-05 | 26  0.00308  1.43597e-03 | 27  0.00185  8.29297e-04
 28 -0.00036  9.15986e-04 | 29 -0.00220  1.94766e-04 | 30 -0.00472  5.55038e-04
 31 -0.00749  7.13057e-04 | 32 -0.00900  7.40041e-04 | 33 -0.00832  1.03374e-03
 34 -0.01158  2.26631e-03 | 35 -0.01845  5.90010e-03 | 36 -0.02764  6.42550e-03
 37 -0.01067 -8.52201e-03 | 38 -0.00812 -8.80578e-03 | 39 -0.04419  2.20905e-05
 40 -0.03832  2.91335e-04 | 41 -0.03201  2.05659e-04 | 42 -0.02771  3.50237e-04
 43 -0.02407  3.22222e-04 | 44 -0.02547  7.44318e-04 | 45 -0.03271  4.54640e-04
 46 -0.03580 -5.66464e-04 | 47 -0.01434 -1.96692e-03 | 48  0.01655 -3.76998e-03
 49  0.00641 -2.86650e-03 | 50 -0.02346 -3.81900e-03 | 51 -0.01593 -1.33322e-03
 52 -0.05493 -3.14936e-03 | 53 -0.02230 -5.84027e-03 | 54 -0.01190 -5.18968e-03
 55 -0.01079 -4.11845e-03 | 56  0.00933 -3.39679e-03 | 57  0.01066 -5.63775e-04
 58  0.00901  2.83796e-03 | 59 -0.03122  1.17767e-03 | 60 -0.02019 -2.91438e-03
 61  0.02504  2.36184e-03 | 62 -0.03213  1.98694e-03 | 63 -0.04164  9.25538e-04
 64 -0.01389  5.17501e-04 | 65 -0.03067  3.43296e-03 | 66 -0.04868  5.92328e-03
 67 -0.04380  6.64017e-03 | 68  0.04120  8.34742e-03 | 69 -0.02207  1.08634e-02
 70 -0.08701  3.06177e-03 | 71 -0.08236  8.06504e-04 | 72 -0.04599  4.33165e-04
 73 -0.01703  8.22878e-04 | 74 -0.01679 -2.16871e-03 | 75 -0.01677  1.20985e-03
 76 -0.01677  3.44030e-04 | 77 -0.35268  3.17820e+00 | 78 -0.18553  1.20271e+00
 79 -0.07283 -2.58770e-02 | 80  0.00517  5.60331e-02 | 81 -0.32964 -2.41777e-03
 82 -0.53394 -4.52844e-05 | 83 -0.11889  2.16321e-04 | 84  1.45836  3.24333e-04
 85  0.97459  9.37806e-04 | 86 -0.02907  8.91731e-02 | 87  0.26288  3.09038e-03
 88  0.00666  3.23766e-05 | 89 -0.00600  6.66323e-06 | 90 -0.00957 -4.72168e-05
 91  0.00913  1.35694e-05 | 92  0.00386  1.90721e-05 |
92 variables; iteration 440; function evaluation 585; phase 3
Function value -9.0978275e+01; maximum gradient component mag 3.4186e-01
Var    Value     Gradient |Var    Value     Gradient |Var    Value     Gradient
  1  1.38663  9.72205e-03 |  2  0.00031  2.09511e-04 |  3  0.00036  4.59845e-04
  4 -0.01554  5.41531e-04 |  5 -0.01547 -2.39396e-04 |  6 -0.01539  2.40719e-04
  7 -0.01529  1.10703e-04 |  8 -0.01518  1.77053e-04 |  9 -0.01505  2.63138e-04
 10 -0.01491  4.35456e-04 | 11 -0.01477 -1.29624e-05 | 12 -0.01462  7.95463e-05
 13 -0.01444  3.96316e-04 | 14 -0.01422 -1.06092e-04 | 15 -0.01393  2.83442e-05
 16 -0.01337  3.17819e-04 | 17 -0.01282  6.59834e-05 | 18 -0.01147 -3.74955e-05
 19 -0.00964 -6.27098e-05 | 20 -0.00769  3.68300e-04 | 21 -0.00533  4.50879e-04
 22 -0.00272  3.47676e-04 | 23 -0.00014  4.81759e-04 | 24  0.00185  6.13085e-04
 25  0.00318  1.81783e-04 | 26  0.00308  7.52848e-04 | 27  0.00185  4.60993e-04
 28 -0.00036  5.12958e-04 | 29 -0.00220  2.17920e-04 | 30 -0.00472  3.43225e-04
 31 -0.00749  4.27739e-04 | 32 -0.00900  4.50177e-04 | 33 -0.00832  4.51331e-04
 34 -0.01158  4.13243e-04 | 35 -0.01845  3.12800e-04 | 36 -0.02764  7.76020e-05
 37 -0.01067 -4.61011e-04 | 38 -0.00812 -1.43156e-03 | 39 -0.04419  1.58279e-05
 40 -0.03832  8.66215e-05 | 41 -0.03201  5.82141e-05 | 42 -0.02771  1.03962e-04
 43 -0.02407  8.47321e-05 | 44 -0.02547  1.95130e-04 | 45 -0.03272  9.27119e-05
 46 -0.03581 -8.17401e-05 | 47 -0.01434 -4.73202e-04 | 48  0.01655 -1.12482e-03
 49  0.00641 -1.40415e-03 | 50 -0.02345 -1.39211e-03 | 51 -0.01593 -1.10292e-03
 52 -0.05493 -5.53876e-04 | 53 -0.02230 -1.37454e-03 | 54 -0.01190 -1.23637e-03
 55 -0.01079 -9.68297e-04 | 56  0.00934 -1.17143e-03 | 57  0.01066 -3.70003e-04
 58  0.00901  1.88915e-04 | 59 -0.03122  1.45854e-04 | 60 -0.02019 -5.40986e-04
 61  0.02504  9.32920e-04 | 62 -0.03213  7.14067e-04 | 63 -0.04165  8.77355e-04
 64 -0.01389  8.98153e-04 | 65 -0.03067  1.40527e-03 | 66 -0.04868  1.83239e-03
 67 -0.04381  2.51082e-03 | 68  0.04120  2.70770e-03 | 69 -0.02207  2.75435e-03
 70 -0.08701  8.51618e-04 | 71 -0.08236  4.74909e-04 | 72 -0.04599  2.79356e-04
 73 -0.01704  3.25966e-04 | 74 -0.01679 -7.32970e-04 | 75 -0.01677  4.13691e-04
 76 -0.01678  1.15813e-04 | 77 -0.35268  3.41859e-01 | 78 -0.18443  1.31925e-01
 79 -0.07283 -4.33969e-03 | 80 -0.02130  4.76748e-03 | 81 -0.32963 -8.88773e-04
 82 -0.53353 -1.54001e-05 | 83 -0.11889  1.11480e-04 | 84  1.45836  8.49295e-05
 85  0.97457 -2.58440e-04 | 86 -0.02907  2.87036e-02 | 87  0.26288  1.87501e-03
 88  0.00444  2.18655e-05 | 89 -0.00663  2.42514e-06 | 90 -0.00331 -1.63487e-05
 91  0.00702  4.60529e-06 | 92  0.00128  6.32188e-06 |
92 variables; iteration 460; function evaluation 612; phase 3
Function value -9.0978307e+01; maximum gradient component mag 3.7143e+00
Var    Value     Gradient |Var    Value     Gradient |Var    Value     Gradient
  1  1.38274  9.30314e-03 |  2  0.00031  1.62783e-04 |  3  0.00036  1.47841e-04
  4 -0.01554  8.36693e-05 |  5 -0.01547  1.70696e-04 |  6 -0.01539  1.50053e-04
  7 -0.01529  1.47059e-04 |  8 -0.01518  4.79562e-05 |  9 -0.01505 -1.56150e-06
 10 -0.01491 -6.84919e-05 | 11 -0.01477  3.47436e-05 | 12 -0.01462  1.40584e-05
 13 -0.01445 -5.98421e-05 | 14 -0.01422  3.79680e-05 | 15 -0.01393  2.36320e-05
 16 -0.01337 -5.08841e-05 | 17 -0.01282 -3.18296e-06 | 18 -0.01147  4.60246e-05
 19 -0.00964  2.93668e-05 | 20 -0.00769  2.18499e-04 | 21 -0.00533  2.48891e-04
 22 -0.00272  2.17117e-04 | 23 -0.00014  2.91360e-04 | 24  0.00185  2.69889e-04
 25  0.00318  1.93415e-04 | 26  0.00308  2.30665e-04 | 27  0.00185  1.18682e-04
 28 -0.00036  1.23147e-04 | 29 -0.00220  6.82537e-05 | 30 -0.00472  4.50093e-06
 31 -0.00749  1.26850e-05 | 32 -0.00900  5.69124e-05 | 33 -0.00832  2.91105e-04
 34 -0.01158  1.64535e-03 | 35 -0.01845  5.99914e-03 | 36 -0.02763  7.54160e-03
 37 -0.01067 -8.13663e-03 | 38 -0.00812 -5.05245e-03 | 39 -0.04419  1.26671e-05
 40 -0.03832  1.03476e-04 | 41 -0.03201  1.39753e-04 | 42 -0.02771  1.58516e-04
 43 -0.02407  2.30172e-04 | 44 -0.02547  3.39695e-04 | 45 -0.03272  3.36497e-04
 46 -0.03581 -2.32458e-04 | 47 -0.01434 -4.99617e-04 | 48  0.01655 -9.87066e-05
 49  0.00641  2.07381e-03 | 50 -0.02345  8.73092e-04 | 51 -0.01593  2.75730e-03
 52 -0.05493 -7.75551e-06 | 53 -0.02230 -5.26431e-04 | 54 -0.01190 -1.47444e-03
 55 -0.01080 -1.27246e-03 | 56  0.00934  2.97672e-04 | 57  0.01066  6.27342e-04
 58  0.00901  2.54256e-03 | 59 -0.03122  7.63697e-04 | 60 -0.02019 -1.46357e-03
 61  0.02503 -7.04382e-04 | 62 -0.03213 -2.60683e-04 | 63 -0.04165 -2.15718e-03
 64 -0.01389 -2.72327e-03 | 65 -0.03067 -1.17917e-03 | 66 -0.04868  2.80569e-04
 67 -0.04381 -1.38266e-03 | 68  0.04120 -4.90560e-07 | 69 -0.02208  2.94847e-03
 70 -0.08701  5.89304e-04 | 71 -0.08236 -6.24322e-04 | 72 -0.04600 -2.95232e-04
 73 -0.01704  6.93616e-07 | 74 -0.01678  1.78476e-04 | 75 -0.01677 -9.41321e-05
 76 -0.01678 -2.82730e-05 | 77 -0.35268  3.71432e+00 | 78 -0.18349  1.48135e+00
 79 -0.07283 -1.52485e-02 | 80 -0.05034  4.21926e-02 | 81 -0.32963  9.14469e-05
 82 -0.53327  3.39161e-06 | 83 -0.11889  4.08102e-05 | 84  1.45836 -6.27413e-05
 85  0.97457 -9.27353e-04 | 86 -0.02907 -5.66082e-03 | 87  0.26288  1.06940e-03
 88  0.00304  1.49788e-05 | 89 -0.00691 -1.56372e-07 | 90  0.00067  3.30384e-06
 91  0.00557 -1.23582e-06 | 92 -0.00034 -1.66291e-06 |
92 variables; iteration 480; function evaluation 638; phase 3
Function value -9.0978338e+01; maximum gradient component mag 2.5218e+00
Var    Value     Gradient |Var    Value     Gradient |Var    Value     Gradient
  1  1.37838  8.86320e-03 |  2  0.00031  1.50795e-04 |  3  0.00036  9.60081e-05
  4 -0.01554  1.99466e-05 |  5 -0.01547  2.21300e-04 |  6 -0.01539  1.31764e-04
  7 -0.01529  1.44114e-04 |  8 -0.01518  2.78602e-05 |  9 -0.01505 -3.79490e-05
 10 -0.01491 -1.33747e-04 | 11 -0.01477  4.06514e-05 | 12 -0.01462  5.48353e-06
 13 -0.01445 -1.19072e-04 | 14 -0.01422  5.71766e-05 | 15 -0.01393  2.37405e-05
 16 -0.01337 -9.72900e-05 | 17 -0.01282 -1.03238e-05 | 18 -0.01147  5.64273e-05
 19 -0.00964  4.41995e-05 | 20 -0.00769  1.92298e-04 | 21 -0.00533  2.18159e-04
 22 -0.00272  1.98284e-04 | 23 -0.00014  2.64032e-04 | 24  0.00185  2.25157e-04
 25  0.00318  2.05827e-04 | 26  0.00308  1.74825e-04 | 27  0.00185  9.79369e-05
 28 -0.00036  1.04618e-04 | 29 -0.00220  9.44151e-05 | 30 -0.00472  1.90107e-05
 31 -0.00749  2.53821e-05 | 32 -0.00900  6.27669e-05 | 33 -0.00832  1.89078e-04
 34 -0.01158  9.97815e-04 | 35 -0.01845  3.66325e-03 | 36 -0.02763  4.68403e-03
 37 -0.01067 -4.88750e-03 | 38 -0.00812 -2.76090e-03 | 39 -0.04419  1.07514e-05
 40 -0.03832  5.48952e-05 | 41 -0.03201  9.04391e-05 | 42 -0.02771  9.42636e-05
 43 -0.02407  1.47374e-04 | 44 -0.02547  1.94010e-04 | 45 -0.03272  2.10143e-04
 46 -0.03581 -1.00707e-04 | 47 -0.01434 -1.80554e-04 | 48  0.01655  2.47356e-04
 49  0.00641  1.67510e-03 | 50 -0.02345  9.23282e-04 | 51 -0.01593  2.02423e-03
 52 -0.05493  4.10150e-04 | 53 -0.02230  2.30440e-04 | 54 -0.01190 -5.92588e-04
 55 -0.01080 -5.40218e-04 | 56  0.00934  4.71427e-04 | 57  0.01066  4.69951e-04
 58  0.00901  1.50711e-03 | 59 -0.03122  4.16926e-04 | 60 -0.02019 -7.84480e-04
 61  0.02503 -6.81722e-04 | 62 -0.03213 -3.33976e-04 | 63 -0.04165 -1.55321e-03
 64 -0.01389 -1.90773e-03 | 65 -0.03067 -1.07980e-03 | 66 -0.04868 -2.66879e-04
 67 -0.04381 -1.46575e-03 | 68  0.04120 -6.44236e-04 | 69 -0.02208  1.19097e-03
 70 -0.08701  1.74207e-04 | 71 -0.08236 -4.74520e-04 | 72 -0.04600 -2.15427e-04
 73 -0.01704 -3.93808e-05 | 74 -0.01678  2.93328e-04 | 75 -0.01677 -1.59233e-04
 76 -0.01678 -4.50126e-05 | 77 -0.35268  2.52182e+00 | 78 -0.18270  1.02545e+00
 79 -0.07283 -8.48354e-03 | 80 -0.08110  2.25120e-02 | 81 -0.32963  2.13175e-04
 82 -0.53323  5.75467e-06 | 83 -0.11889  2.94751e-05 | 84  1.45836 -7.80484e-05
 85  0.97457 -9.79949e-04 | 86 -0.02907 -1.00530e-02 | 87  0.26288  9.16382e-04
 88  0.00269  1.32837e-05 | 89 -0.00673 -6.09603e-07 | 90  0.00122  5.99782e-06
 91  0.00516 -2.07140e-06 | 92 -0.00055 -2.73289e-06 |
92 variables; iteration 500; function evaluation 664; phase 3
Function value -9.0978364e+01; maximum gradient component mag 3.9059e+00
Var    Value     Gradient |Var    Value     Gradient |Var    Value     Gradient
  1  1.37359  8.40350e-03 |  2  0.00031  1.34482e-04 |  3  0.00036  3.09983e-05
  4 -0.01554 -7.29682e-05 |  5 -0.01547  2.92513e-04 |  6 -0.01539  1.07760e-04
  7 -0.01529  1.45718e-04 |  8 -0.01518  1.24722e-06 |  9 -0.01505 -8.86501e-05
 10 -0.01491 -2.28225e-04 | 11 -0.01477  4.80526e-05 | 12 -0.01462 -8.18172e-06
 13 -0.01445 -2.04903e-04 | 14 -0.01422  8.30610e-05 | 15 -0.01393  2.08851e-05
 16 -0.01337 -1.67048e-04 | 17 -0.01282 -2.38869e-05 | 18 -0.01147  7.07740e-05
 19 -0.00964  5.98130e-05 | 20 -0.00770  1.54043e-04 | 21 -0.00533  1.66904e-04
 22 -0.00272  1.62370e-04 | 23 -0.00014  2.12712e-04 | 24  0.00185  1.44987e-04
 25  0.00318  1.95533e-04 | 26  0.00308  5.83490e-05 | 27  0.00185  1.96989e-05
 28 -0.00036  1.47124e-05 | 29 -0.00220  5.10337e-05 | 30 -0.00472 -6.14118e-05
 31 -0.00749 -7.22387e-05 | 32 -0.00900 -3.04456e-05 | 33 -0.00832  1.63022e-04
 34 -0.01158  1.34921e-03 | 35 -0.01845  5.20775e-03 | 36 -0.02763  6.67797e-03
 37 -0.01067 -6.99218e-03 | 38 -0.00812 -3.87663e-03 | 39 -0.04419  1.02990e-05
 40 -0.03832  6.49663e-05 | 41 -0.03201  1.13452e-04 | 42 -0.02771  1.13788e-04
 43 -0.02407  1.88821e-04 | 44 -0.02547  2.44522e-04 | 45 -0.03272  2.78700e-04
 46 -0.03581 -1.54983e-04 | 47 -0.01434 -2.37468e-04 | 48  0.01655  4.03767e-04
 49  0.00641  2.45446e-03 | 50 -0.02345  1.38055e-03 | 51 -0.01593  2.93400e-03
 52 -0.05493  4.32682e-04 | 53 -0.02230  2.66445e-04 | 54 -0.01190 -7.83153e-04
 55 -0.01080 -7.22956e-04 | 56  0.00934  7.46954e-04 | 57  0.01066  7.02644e-04
 58  0.00901  2.16184e-03 | 59 -0.03122  6.01628e-04 | 60 -0.02019 -1.08274e-03
 61  0.02503 -1.02218e-03 | 62 -0.03213 -5.24229e-04 | 63 -0.04165 -2.27484e-03
 64 -0.01389 -2.78458e-03 | 65 -0.03067 -1.62907e-03 | 66 -0.04868 -5.02663e-04
 67 -0.04381 -2.25878e-03 | 68  0.04120 -1.10506e-03 | 69 -0.02208  1.50835e-03
 70 -0.08701  1.85052e-04 | 71 -0.08236 -7.27901e-04 | 72 -0.04600 -3.49472e-04
 73 -0.01704 -1.03614e-04 | 74 -0.01678  4.62542e-04 | 75 -0.01677 -2.53596e-04
 76 -0.01678 -7.27984e-05 | 77 -0.35269  3.90589e+00 | 78 -0.18207  1.61255e+00
 79 -0.07283 -1.18069e-02 | 80 -0.11317  2.74913e-02 | 81 -0.32963  4.01886e-04
 82 -0.53319  9.33136e-06 | 83 -0.11889  1.30868e-05 | 84  1.45836 -1.05291e-04
 85  0.97458 -1.09139e-03 | 86 -0.02907 -1.75312e-02 | 87  0.26288  7.14649e-04
 88  0.00230  1.13459e-05 | 89 -0.00655 -1.07111e-06 | 90  0.00194  9.57896e-06
 91  0.00471 -3.06307e-06 | 92 -0.00085 -4.19026e-06 |
92 variables; iteration 520; function evaluation 691; phase 3
Function value -9.0978386e+01; maximum gradient component mag 3.9604e+00
Var    Value     Gradient |Var    Value     Gradient |Var    Value     Gradient
  1  1.36833  7.93038e-03 |  2  0.00031  1.51346e-04 |  3  0.00036  2.04165e-04
  4 -0.01554  1.99704e-04 |  5 -0.01547  3.36250e-05 |  6 -0.01539  1.51127e-04
  7 -0.01529  1.09710e-04 |  8 -0.01518  7.44063e-05 |  9 -0.01505  7.05241e-05
 10 -0.01491  8.15960e-05 | 11 -0.01477  1.63914e-05 | 12 -0.01462  2.98535e-05
 13 -0.01445  7.43559e-05 | 14 -0.01422 -8.15786e-06 | 15 -0.01393  2.10380e-05
 16 -0.01337  5.83108e-05 | 17 -0.01282  1.61651e-05 | 18 -0.01147  1.37591e-05
 19 -0.00964 -1.89595e-06 | 20 -0.00769  2.21911e-04 | 21 -0.00533  2.62017e-04
 22 -0.00272  2.14417e-04 | 23 -0.00014  2.91850e-04 | 24  0.00185  3.13300e-04
 25  0.00318  1.50439e-04 | 26  0.00308  3.25102e-04 | 27  0.00185  1.78655e-04
 28 -0.00036  1.92444e-04 | 29 -0.00220  7.62494e-05 | 30 -0.00472  6.84027e-05
 31 -0.00749  9.20494e-05 | 32 -0.00900  1.26331e-04 | 33 -0.00832  3.17608e-04
 34 -0.01158  1.37996e-03 | 35 -0.01845  4.76714e-03 | 36 -0.02763  5.88918e-03
 37 -0.01067 -6.51468e-03 | 38 -0.00812 -4.41003e-03 | 39 -0.04419  1.16033e-05
 40 -0.03832  1.02304e-04 | 41 -0.03201  1.19455e-04 | 42 -0.02771  1.47684e-04
 43 -0.02407  1.94968e-04 | 44 -0.02547  3.14874e-04 | 45 -0.03271  2.82415e-04
 46 -0.03581 -2.17086e-04 | 47 -0.01434 -5.48293e-04 | 48  0.01655 -4.51330e-04
 49  0.00641  1.14799e-03 | 50 -0.02345  2.15005e-04 | 51 -0.01593  1.77827e-03
 52 -0.05493 -3.09287e-04 | 53 -0.02230 -9.50597e-04 | 54 -0.01190 -1.55514e-03
 55 -0.01079 -1.30587e-03 | 56  0.00934 -1.45054e-04 | 57  0.01066  3.76297e-04
 58  0.00901  2.05414e-03 | 59 -0.03122  6.47642e-04 | 60 -0.02019 -1.31732e-03
 61  0.02503 -2.48092e-04 | 62 -0.03213  2.40769e-05 | 63 -0.04165 -1.39905e-03
 64 -0.01389 -1.83163e-03 | 65 -0.03067 -4.60908e-04 | 66 -0.04868  8.05587e-04
 67 -0.04381 -2.74360e-04 | 68  0.04120  8.60883e-04 | 69 -0.02207  3.16196e-03
 70 -0.08701  7.24181e-04 | 71 -0.08236 -3.47299e-04 | 72 -0.04600 -1.57268e-04
 73 -0.01704  9.14483e-05 | 74 -0.01679 -1.03774e-04 | 75 -0.01677  5.98478e-05
 76 -0.01678  1.71777e-05 | 77 -0.35269  3.96040e+00 | 78 -0.18154  1.65457e+00
 79 -0.07284 -1.32475e-02 | 80 -0.14678  2.15095e-02 | 81 -0.32964 -1.95564e-04
 82 -0.53335 -2.37302e-06 | 83 -0.11889  5.16656e-05 | 84  1.45836 -1.06386e-05
 85  0.97459 -5.96503e-04 | 86 -0.02907  4.67941e-03 | 87  0.26288  1.11454e-03
 88  0.00287  1.41628e-05 | 89 -0.00599  3.05574e-07 | 90 -0.00043 -2.13939e-06
 91  0.00517  2.67391e-07 | 92  0.00012  6.11672e-07 |
92 variables; iteration 540; function evaluation 717; phase 3
Function value -9.0978401e+01; maximum gradient component mag 4.2406e-01
Var    Value     Gradient |Var    Value     Gradient |Var    Value     Gradient
  1  1.36299  7.48309e-03 |  2  0.00031  1.47986e-04 |  3  0.00036  2.35506e-04
  4 -0.01554  2.50146e-04 |  5 -0.01547 -2.60380e-05 |  6 -0.01539  1.54212e-04
  7 -0.01529  9.84263e-05 |  8 -0.01518  8.79080e-05 |  9 -0.01505  1.03165e-04
 10 -0.01491  1.46601e-04 | 11 -0.01477  9.06845e-06 | 12 -0.01462  3.76044e-05
 13 -0.01445  1.33994e-04 | 14 -0.01422 -2.68151e-05 | 15 -0.01393  2.16924e-05
 16 -0.01337  1.07631e-04 | 17 -0.01282  2.70402e-05 | 18 -0.01147  4.70286e-06
 19 -0.00964 -1.01303e-05 | 20 -0.00770  2.34494e-04 | 21 -0.00533  2.80656e-04
 22 -0.00272  2.28518e-04 | 23 -0.00014  3.12716e-04 | 24  0.00185  3.58012e-04
 25  0.00318  1.61204e-04 | 26  0.00308  4.05555e-04 | 27  0.00185  2.51331e-04
 28 -0.00036  2.80651e-04 | 29 -0.00220  1.50240e-04 | 30 -0.00472  1.82396e-04
 31 -0.00749  2.26071e-04 | 32 -0.00900  2.46730e-04 | 33 -0.00832  2.42142e-04
 34 -0.01158  2.46849e-04 | 35 -0.01845  3.27788e-04 | 36 -0.02763  3.13482e-04
 37 -0.01067 -4.03773e-04 | 38 -0.00812 -6.17381e-04 | 39 -0.04419  1.11290e-05
 40 -0.03832  3.87054e-05 | 41 -0.03201  3.65153e-05 | 42 -0.02771  5.40734e-05
 43 -0.02407  5.53307e-05 | 44 -0.02547  9.69863e-05 | 45 -0.03271  6.01432e-05
 46 -0.03581 -1.59626e-05 | 47 -0.01434 -1.56239e-04 | 48  0.01655 -3.28123e-04
 49  0.00641 -3.31599e-04 | 50 -0.02345 -3.76236e-04 | 51 -0.01593 -2.17964e-04
 52 -0.05493  3.07049e-05 | 53 -0.02230 -2.89009e-04 | 54 -0.01190 -4.26767e-04
 55 -0.01079 -3.44229e-04 | 56  0.00934 -3.56850e-04 | 57  0.01066 -9.60767e-05
 58  0.00901  1.40437e-04 | 59 -0.03122  6.02617e-05 | 60 -0.02019 -2.28981e-04
 61  0.02503  2.56229e-04 | 62 -0.03213  2.17446e-04 | 63 -0.04165  2.00350e-04
 64 -0.01389  1.88550e-04 | 65 -0.03067  3.97306e-04 | 66 -0.04868  5.89369e-04
 67 -0.04381  7.41903e-04 | 68  0.04120  8.59017e-04 | 69 -0.02207  9.93658e-04
 70 -0.08701  3.01570e-04 | 71 -0.08236  1.49015e-04 | 72 -0.04600  1.04980e-04
 73 -0.01704  1.33402e-04 | 74 -0.01679 -2.23163e-04 | 75 -0.01677  1.26541e-04
 76 -0.01678  3.55855e-05 | 77 -0.35269  4.24056e-01 | 78 -0.18115  1.80711e-01
 79 -0.07284 -1.97673e-03 | 80 -0.17946  9.79558e-04 | 81 -0.32964 -3.17937e-04
 82 -0.53338 -4.82062e-06 | 83 -0.11889  5.80375e-05 | 84  1.45836  9.99587e-06
 85  0.97460 -4.70238e-04 | 86 -0.02907  8.88234e-03 | 87  0.26288  1.15637e-03
 88  0.00287  1.41464e-05 | 89 -0.00566  6.00511e-07 | 90 -0.00094 -4.64555e-06
 91  0.00508  1.01552e-06 | 92  0.00033  1.64092e-06 |
92 variables; iteration 560; function evaluation 744; phase 3
Function value -9.0978408e+01; maximum gradient component mag 1.6182e+00
Var    Value     Gradient |Var    Value     Gradient |Var    Value     Gradient
  1  1.35772  7.06380e-03 |  2  0.00031  1.30766e-04 |  3  0.00036  1.55670e-04
  4 -0.01554  1.35621e-04 |  5 -0.01547  6.71507e-05 |  6 -0.01539  1.27029e-04
  7 -0.01529  1.02825e-04 |  8 -0.01518  5.52181e-05 |  9 -0.01505  3.91368e-05
 10 -0.01491  2.65936e-05 | 11 -0.01477  1.93357e-05 | 12 -0.01462  2.11340e-05
 13 -0.01445  2.52608e-05 | 14 -0.01422  6.84030e-06 | 15 -0.01393  1.94184e-05
 16 -0.01337  1.95331e-05 | 17 -0.01282  9.82891e-06 | 18 -0.01147  2.27444e-05
 19 -0.00964  1.01790e-05 | 20 -0.00770  1.89596e-04 | 21 -0.00533  2.21976e-04
 22 -0.00272  1.87776e-04 | 23 -0.00014  2.54329e-04 | 24  0.00185  2.62976e-04
 25  0.00318  1.53691e-04 | 26  0.00308  2.66710e-04 | 27  0.00185  1.58414e-04
 28 -0.00036  1.74116e-04 | 29 -0.00220  1.01540e-04 | 30 -0.00472  8.82483e-05
 31 -0.00749  1.11241e-04 | 32 -0.00900  1.36909e-04 | 33 -0.00832  2.06558e-04
 34 -0.01158  6.39503e-04 | 35 -0.01844  2.07540e-03 | 36 -0.02763  2.58003e-03
 37 -0.01067 -2.77988e-03 | 38 -0.00812 -1.83824e-03 | 39 -0.04419  9.87284e-06
 40 -0.03832  4.91879e-05 | 41 -0.03201  6.26629e-05 | 42 -0.02771  7.50771e-05
 43 -0.02407  1.00669e-04 | 44 -0.02547  1.50767e-04 | 45 -0.03271  1.36552e-04
 46 -0.03581 -7.34620e-05 | 47 -0.01434 -2.06543e-04 | 48  0.01655 -1.18243e-04
 49  0.00641  5.97863e-04 | 50 -0.02345  1.87710e-04 | 51 -0.01593  8.54657e-04
 52 -0.05493  9.56604e-05 | 53 -0.02230 -1.88902e-04 | 54 -0.01190 -6.05658e-04
 55 -0.01079 -5.17770e-04 | 56  0.00934 -8.41325e-06 | 57  0.01066  1.75992e-04
 58  0.00901  8.72340e-04 | 59 -0.03122  2.62875e-04 | 60 -0.02019 -5.52576e-04
 61  0.02503 -1.61009e-04 | 62 -0.03213 -2.02735e-05 | 63 -0.04165 -6.48650e-04
 64 -0.01389 -8.37298e-04 | 65 -0.03067 -2.69696e-04 | 66 -0.04868  2.70112e-04
 67 -0.04381 -2.31374e-04 | 68  0.04120  2.60817e-04 | 69 -0.02207  1.27634e-03
 70 -0.08701  2.89267e-04 | 71 -0.08236 -1.51267e-04 | 72 -0.04600 -5.38753e-05
 73 -0.01704  5.35121e-05 | 74 -0.01678 -7.91262e-06 | 75 -0.01677  6.87262e-06
 76 -0.01678  1.72009e-06 | 77 -0.35269  1.61820e+00 | 78 -0.18086  6.88716e-01
 79 -0.07284 -5.62946e-03 | 80 -0.21065  4.41418e-03 | 81 -0.32964 -8.39211e-05
 82 -0.53332 -3.62257e-07 | 83 -0.11889  4.01264e-05 | 84  1.45836 -2.34887e-05
 85  0.97460 -6.01281e-04 | 86 -0.02907  7.15586e-04 | 87  0.26288  9.25887e-04
 88  0.00245  1.20898e-05 | 89 -0.00551  8.21879e-08 | 90 -0.00004 -1.99005e-07
 91  0.00460 -2.21220e-07 | 92 -0.00003 -1.59660e-07 |
92 variables; iteration 580; function evaluation 771; phase 3
Function value -9.0978410e+01; maximum gradient component mag 2.1300e-01
Var    Value     Gradient |Var    Value     Gradient |Var    Value     Gradient
  1  1.35401  6.78659e-03 |  2  0.00031  1.23804e-04 |  3  0.00036  1.37580e-04
  4 -0.01554  1.11142e-04 |  5 -0.01547  8.14589e-05 |  6 -0.01539  1.18604e-04
  7 -0.01529  1.01084e-04 |  8 -0.01518  4.80509e-05 |  9 -0.01505  2.68942e-05
 10 -0.01491  4.70710e-06 | 11 -0.01477  2.08743e-05 | 12 -0.01462  1.80063e-05
 13 -0.01445  5.87595e-06 | 14 -0.01422  1.32363e-05 | 15 -0.01393  1.93332e-05
 16 -0.01337  4.47119e-06 | 17 -0.01282  7.90642e-06 | 18 -0.01147  2.72340e-05
 19 -0.00964  1.60908e-05 | 20 -0.00770  1.79652e-04 | 21 -0.00533  2.09673e-04
 22 -0.00272  1.81126e-04 | 23 -0.00014  2.44590e-04 | 24  0.00185  2.48963e-04
 25  0.00318  1.61711e-04 | 26  0.00308  2.52083e-04 | 27  0.00185  1.60005e-04
 28 -0.00036  1.78832e-04 | 29 -0.00220  1.25935e-04 | 30 -0.00472  1.13195e-04
 31 -0.00749  1.38532e-04 | 32 -0.00900  1.59051e-04 | 33 -0.00832  1.46449e-04
 34 -0.01158  1.52182e-04 | 35 -0.01844  2.63022e-04 | 36 -0.02763  3.40785e-04
 37 -0.01067 -2.66903e-04 | 38 -0.00812 -1.47187e-04 | 39 -0.04419  9.04595e-06
 40 -0.03832  1.59158e-05 | 41 -0.03201  2.60525e-05 | 42 -0.02771  2.95906e-05
 43 -0.02407  3.96154e-05 | 44 -0.02547  4.64266e-05 | 45 -0.03271  4.10775e-05
 46 -0.03580  2.09118e-05 | 47 -0.01434  8.39618e-06 | 48  0.01655  6.85903e-05
 49  0.00641  1.77118e-04 | 50 -0.02345  1.20907e-04 | 51 -0.01593  1.90700e-04
 52 -0.05493  3.48783e-04 | 53 -0.02230  2.77253e-04 | 54 -0.01190 -6.09529e-06
 55 -0.01079 -1.82373e-05 | 56  0.00934  4.28112e-05 | 57  0.01066  2.70135e-05
 58  0.00901  7.80317e-05 | 59 -0.03122  6.42921e-06 | 60 -0.02019 -5.42911e-05
 61  0.02503 -6.98853e-05 | 62 -0.03213 -2.52600e-05 | 63 -0.04165 -1.09227e-04
 64 -0.01389 -1.31517e-04 | 65 -0.03067 -9.02263e-05 | 66 -0.04868 -2.85172e-05
 67 -0.04381 -1.15030e-04 | 68  0.04120 -5.13304e-05 | 69 -0.02207  9.44640e-05
 70 -0.08701  2.43280e-05 | 71 -0.08236 -2.07717e-06 | 72 -0.04600  2.54932e-05
 73 -0.01704  3.93548e-05 | 74 -0.01678  3.07901e-05 | 75 -0.01677 -1.44865e-05
 76 -0.01678 -4.50642e-06 | 77 -0.35270  2.13003e-01 | 78 -0.18070  9.39246e-02
 79 -0.07284 -6.22202e-04 | 80 -0.23187 -5.88710e-04 | 81 -0.32964 -4.01493e-05
 82 -0.53331  4.39366e-07 | 83 -0.11889  3.59550e-05 | 84  1.45836 -2.89872e-05
 85  0.97460 -6.07205e-04 | 86 -0.02907 -7.61501e-04 | 87  0.26288  8.58666e-04
 88  0.00230  1.13717e-05 | 89 -0.00536 -1.59266e-08 | 90  0.00012  5.95675e-07
 91  0.00441 -4.32691e-07 | 92 -0.00010 -4.74207e-07 |
92 variables; iteration 600; function evaluation 792; phase 3
Function value -9.0978410e+01; maximum gradient component mag 2.8101e-01
Var    Value     Gradient |Var    Value     Gradient |Var    Value     Gradient
  1  1.35169  6.61878e-03 |  2  0.00031  1.25722e-04 |  3  0.00036  1.68702e-04
  4 -0.01554  1.62569e-04 |  5 -0.01547  3.10038e-05 |  6 -0.01539  1.25545e-04
  7 -0.01529  9.26297e-05 |  8 -0.01518  6.14778e-05 |  9 -0.01505  5.71396e-05
 10 -0.01491  6.43367e-05 | 11 -0.01477  1.46071e-05 | 12 -0.01462  2.51350e-05
 13 -0.01445  5.93854e-05 | 14 -0.01422 -4.42525e-06 | 15 -0.01393  1.90645e-05
 16 -0.01337  4.76487e-05 | 17 -0.01282  1.54466e-05 | 18 -0.01147  1.56113e-05
 19 -0.00964  3.67865e-06 | 20 -0.00770  1.90118e-04 | 21 -0.00533  2.25083e-04
 22 -0.00272  1.88478e-04 | 23 -0.00014  2.56104e-04 | 24  0.00185  2.77267e-04
 25  0.00318  1.49855e-04 | 26  0.00308  2.98597e-04 | 27  0.00185  1.86424e-04
 28 -0.00036  2.08057e-04 | 29 -0.00220  1.25810e-04 | 30 -0.00472  1.32361e-04
 31 -0.00749  1.63291e-04 | 32 -0.00900  1.82607e-04 | 33 -0.00832  1.79263e-04
 34 -0.01158  2.11662e-04 | 35 -0.01844  3.86328e-04 | 36 -0.02763  4.47818e-04
 37 -0.01067 -4.64065e-04 | 38 -0.00812 -4.38119e-04 | 39 -0.04419  9.19190e-06
 40 -0.03832  2.62602e-05 | 41 -0.03201  3.08998e-05 | 42 -0.02771  4.06812e-05
 43 -0.02407  4.69861e-05 | 44 -0.02547  7.08300e-05 | 45 -0.03271  5.21682e-05
 46 -0.03580 -1.75649e-06 | 47 -0.01434 -7.36836e-05 | 48  0.01655 -1.10969e-04
 49  0.00641 -1.69469e-05 | 50 -0.02345 -8.72822e-05 | 51 -0.01593  5.22916e-05
 52 -0.05493  1.77933e-04 | 53 -0.02230 -4.36110e-06 | 54 -0.01190 -2.16612e-04
 55 -0.01079 -1.82570e-04 | 56  0.00934 -1.27851e-04 | 57  0.01066 -1.64614e-05
 58  0.00901  1.48095e-04 | 59 -0.03122  4.35120e-05 | 60 -0.02019 -1.54737e-04
 61  0.02503  6.23981e-05 | 62 -0.03213  7.63973e-05 | 63 -0.04165 -8.45372e-06
 64 -0.01389 -3.52845e-05 | 65 -0.03067  1.05597e-04 | 66 -0.04868  2.46609e-04
 67 -0.04381  2.37662e-04 | 68  0.04120  3.46295e-04 | 69 -0.02207  5.32704e-04
 70 -0.08701  1.53571e-04 | 71 -0.08236  5.06247e-05 | 72 -0.04600  5.10407e-05
 73 -0.01704  7.64491e-05 | 74 -0.01678 -7.88541e-05 | 75 -0.01677  4.59349e-05
 76 -0.01678  1.30370e-05 | 77 -0.35270  2.81013e-01 | 78 -0.18063  1.22823e-01
 79 -0.07284 -1.45553e-03 | 80 -0.24419 -5.85488e-04 | 81 -0.32964 -1.55667e-04
 82 -0.53334 -1.81300e-06 | 83 -0.11889  4.28051e-05 | 84  1.45836 -1.03030e-05
 85  0.97461 -5.09214e-04 | 86 -0.02907  3.30887e-03 | 87  0.26288  9.24972e-04
 88  0.00238  1.17577e-05 | 89 -0.00521  2.35023e-07 | 90 -0.00033 -1.64249e-06
 91  0.00446  1.98775e-07 | 92  0.00009  4.49484e-07 |
92 variables; iteration 620; function evaluation 816; phase 3
Function value -9.0978435e+01; maximum gradient component mag 9.2135e-01
Var    Value     Gradient |Var    Value     Gradient |Var    Value     Gradient
  1  1.33513  5.54329e-03 |  2  0.00031  8.82830e-05 |  3  0.00036 -3.35438e-06
  4 -0.01554 -6.97033e-05 |  5 -0.01547  2.20936e-04 |  6 -0.01539  6.68522e-05
  7 -0.01529  9.44715e-05 |  8 -0.01518 -6.90147e-06 |  9 -0.01505 -7.34800e-05
 10 -0.01491 -1.77389e-04 | 11 -0.01477  3.53501e-05 | 12 -0.01462 -8.61638e-06
 13 -0.01445 -1.61733e-04 | 14 -0.01422  6.44626e-05 | 15 -0.01393  1.42906e-05
 16 -0.01337 -1.29680e-04 | 17 -0.01282 -1.71145e-05 | 18 -0.01147  5.32827e-05
 19 -0.00964  4.61261e-05 | 20 -0.00770  9.49818e-05 | 21 -0.00533  1.01321e-04
 22 -0.00272  1.03565e-04 | 23 -0.00015  1.33905e-04 | 24  0.00185  8.21043e-05
 25  0.00318  1.35447e-04 | 26  0.00308  1.87153e-05 | 27  0.00185  5.31428e-06
 28 -0.00036  2.91981e-06 | 29 -0.00220  4.40925e-05 | 30 -0.00472 -3.73443e-05
 31 -0.00749 -4.46931e-05 | 32 -0.00900 -2.10240e-05 | 33 -0.00832  7.60421e-05
 34 -0.01158  7.12305e-04 | 35 -0.01844  2.81904e-03 | 36 -0.02762  3.66370e-03
 37 -0.01067 -3.75274e-03 | 38 -0.00812 -1.91838e-03 | 39 -0.04419  7.69142e-06
 40 -0.03832  2.84376e-05 | 41 -0.03201  6.36699e-05 | 42 -0.02771  5.67668e-05
 43 -0.02407  1.03161e-04 | 44 -0.02547  1.20664e-04 | 45 -0.03271  1.49829e-04
 46 -0.03580 -6.48816e-05 | 47 -0.01434 -6.19737e-05 | 48  0.01655  3.93586e-04
 49  0.00641  1.56239e-03 | 50 -0.02345  9.63158e-04 | 51 -0.01593  1.77316e-03
 52 -0.05493  4.16097e-04 | 53 -0.02230  4.15457e-04 | 54 -0.01190 -2.57375e-04
 55 -0.01079 -2.63592e-04 | 56  0.00934  5.71342e-04 | 57  0.01066  4.40068e-04
 58  0.00901  1.16441e-03 | 59 -0.03122  3.07332e-04 | 60 -0.02019 -5.19984e-04
 61  0.02503 -7.03109e-04 | 62 -0.03213 -3.90975e-04 | 63 -0.04165 -1.36544e-03
 64 -0.01389 -1.64225e-03 | 65 -0.03067 -1.08190e-03 | 66 -0.04868 -5.20886e-04
 67 -0.04381 -1.57522e-03 | 68  0.04120 -9.69912e-04 | 69 -0.02207  4.68740e-04
 70 -0.08701 -7.38610e-06 | 71 -0.08236 -4.53381e-04 | 72 -0.04600 -2.15133e-04
 73 -0.01704 -8.55739e-05 | 74 -0.01678  3.52962e-04 | 75 -0.01677 -1.96909e-04
 76 -0.01678 -5.43946e-05 | 77 -0.35270  9.21354e-01 | 78 -0.18044  3.95876e-01
 79 -0.07284 -5.89586e-03 | 80 -0.29717 -1.10851e-03 | 81 -0.32964  3.23100e-04
 82 -0.53322  7.20836e-06 | 83 -0.11889  1.72270e-06 | 84  1.45836 -7.34079e-05
 85  0.97462 -7.52853e-04 | 86 -0.02907 -1.30708e-02 | 87  0.26289  4.20536e-04
 88  0.00146  7.21459e-06 | 89 -0.00476 -8.05090e-07 | 90  0.00148  7.32351e-06
 91  0.00337 -2.26294e-06 | 92 -0.00064 -3.17418e-06 |
92 variables; iteration 640; function evaluation 839; phase 3
Function value -9.0978488e+01; maximum gradient component mag -5.1854e-01
Var    Value     Gradient |Var    Value     Gradient |Var    Value     Gradient
  1  1.29790  3.76223e-03 |  2  0.00030 -4.81558e-04 |  3  0.00034 -4.66153e-03
  4 -0.01557 -7.05929e-03 |  5 -0.01545  6.44615e-03 |  6 -0.01540 -1.48092e-03
  7 -0.01529  4.27692e-04 |  8 -0.01519 -2.09800e-03 |  9 -0.01507 -4.15886e-03
 10 -0.01495 -7.88836e-03 | 11 -0.01477  5.70782e-04 | 12 -0.01463 -1.20124e-03
 13 -0.01448 -7.20555e-03 | 14 -0.01422  2.12679e-03 | 15 -0.01393 -2.98070e-04
 16 -0.01340 -5.83203e-03 | 17 -0.01282 -9.78678e-04 | 18 -0.01146  1.30749e-03
 19 -0.00964  1.61732e-03 | 20 -0.00771 -1.95535e-03 | 21 -0.00535 -2.72315e-03
 22 -0.00273 -1.64299e-03 | 23 -0.00016 -2.34308e-03 | 24  0.00182 -4.71439e-03
 25  0.00318  9.51268e-04 | 26  0.00304 -7.48123e-03 | 27  0.00183 -4.37564e-03
 28 -0.00038 -4.91106e-03 | 29 -0.00221 -7.88676e-04 | 30 -0.00474 -3.61191e-03
 31 -0.00751 -4.55587e-03 | 32 -0.00902 -4.28196e-03 | 33 -0.00833 -4.11255e-03
 34 -0.01159 -2.27446e-03 | 35 -0.01843  6.17997e-03 | 36 -0.02758  1.40548e-02
 37 -0.01069 -5.95316e-03 | 38 -0.00808  1.79580e-02 | 39 -0.04420 -2.28349e-05
 40 -0.03833 -1.21001e-03 | 41 -0.03202 -2.96505e-04 | 42 -0.02772 -1.07438e-03
 43 -0.02408 -1.23643e-04 | 44 -0.02549 -2.20439e-03 | 45 -0.03273 -2.63762e-04
 46 -0.03582  1.95372e-03 | 47 -0.01435  8.65247e-03 | 48  0.01655  2.28348e-02
 49  0.00642  3.27743e-02 | 50 -0.02344  2.97881e-02 | 51 -0.01593  2.76574e-02
 52 -0.05493  1.86456e-02 | 53 -0.02228  3.09893e-02 | 54 -0.01190  2.15075e-02
 55 -0.01080  1.61681e-02 | 56  0.00936  2.36213e-02 | 57  0.01065  8.82042e-03
 58  0.00900  1.51627e-03 | 59 -0.03123 -1.89355e-03 | 60 -0.02015  6.86632e-03
 61  0.02500 -2.00715e-02 | 62 -0.03213 -1.39797e-02 | 63 -0.04166 -2.03097e-02
 64 -0.01389 -2.18743e-02 | 65 -0.03068 -2.97697e-02 | 66 -0.04869 -3.51048e-02
 67 -0.04387 -5.14706e-02 | 68  0.04122 -5.16622e-02 | 69 -0.02213 -4.66450e-02
 70 -0.08701 -1.46294e-02 | 71 -0.08236 -9.55625e-03 | 72 -0.04600 -5.01370e-03
 73 -0.01706 -4.96060e-03 | 74 -0.01673  1.42346e-02 | 75 -0.01680 -7.93405e-03
 76 -0.01679 -2.52573e-03 | 77 -0.35269 -3.49406e-01 | 78 -0.18046 -1.21039e-01
 79 -0.07282  5.10914e-02 | 80 -0.35280 -1.94451e-03 | 81 -0.32962  1.53238e-02
 82 -0.52928  3.02177e-04 | 83 -0.11887 -1.23922e-03 | 84  1.45838 -2.49419e-03
 85  0.97447 -1.09965e-02 | 86 -0.02907 -5.18542e-01 | 87  0.26287 -1.17181e-02
 88 -0.01285 -7.49968e-05 | 89 -0.01030 -3.37976e-05 | 90  0.05882  2.91119e-04
 91 -0.01293 -7.64509e-05 | 92 -0.02498 -1.23350e-04 |
92 variables; iteration 660; function evaluation 862; phase 3
Function value -9.0979005e+01; maximum gradient component mag 4.5839e+00
Var    Value     Gradient |Var    Value     Gradient |Var    Value     Gradient
  1  1.01731  7.19248e-05 |  2  0.00031 -7.17224e-05 |  3  0.00036 -6.92699e-05
  4 -0.01554 -4.14304e-04 |  5 -0.01547  1.69999e-04 |  6 -0.01539 -1.27172e-04
  7 -0.01529  5.44899e-05 |  8 -0.01518 -6.47885e-05 |  9 -0.01505 -1.49632e-04
 10 -0.01492 -3.29682e-04 | 11 -0.01477 -2.11031e-05 | 12 -0.01462 -8.97007e-05
 13 -0.01445 -3.14922e-04 | 14 -0.01422  8.00407e-05 | 15 -0.01393 -8.55544e-05
 16 -0.01337 -2.78478e-04 | 17 -0.01282 -6.17039e-05 | 18 -0.01147  3.00541e-05
 19 -0.00964  2.29176e-05 | 20 -0.00770 -1.11119e-04 | 21 -0.00534 -1.70217e-04
 22 -0.00273 -1.25333e-04 | 23 -0.00015 -1.66175e-04 | 24  0.00184 -2.37992e-04
 25  0.00317 -3.64877e-05 | 26  0.00307 -4.05203e-04 | 27  0.00185 -2.75362e-04
 28 -0.00036 -3.80603e-04 | 29 -0.00220 -2.34909e-04 | 30 -0.00472 -3.63845e-04
 31 -0.00749 -4.60850e-04 | 32 -0.00900 -4.10352e-04 | 33 -0.00832  9.12840e-05
 34 -0.01157  2.50019e-03 | 35 -0.01844  9.91943e-03 | 36 -0.02762  1.26753e-02
 37 -0.01066 -1.35425e-02 | 38 -0.00811 -7.93435e-03 | 39 -0.04419  9.90138e-06
 40 -0.03831  1.43288e-04 | 41 -0.03200  1.88307e-04 | 42 -0.02771  1.66273e-04
 43 -0.02406  3.12562e-04 | 44 -0.02547  4.13805e-04 | 45 -0.03271  4.49546e-04
 46 -0.03580 -4.12331e-04 | 47 -0.01434 -6.34226e-04 | 48  0.01655  2.57210e-04
 49  0.00641  4.01981e-03 | 50 -0.02345  2.09040e-03 | 51 -0.01593  5.12437e-03
 52 -0.05492 -2.57137e-04 | 53 -0.02230 -6.99082e-04 | 54 -0.01190 -1.76602e-03
 55 -0.01079 -1.61808e-03 | 56  0.00934  1.33022e-03 | 57  0.01066  1.53741e-03
 58  0.00901  4.53803e-03 | 59 -0.03122  1.41312e-03 | 60 -0.02018 -2.09319e-03
 61  0.02503 -1.45792e-03 | 62 -0.03213 -7.35585e-04 | 63 -0.04164 -4.05054e-03
 64 -0.01389 -5.23331e-03 | 65 -0.03067 -3.06580e-03 | 66 -0.04868 -8.20926e-04
 67 -0.04381 -3.90176e-03 | 68  0.04121 -1.47990e-03 | 69 -0.02207  3.35163e-03
 70 -0.08700  5.33119e-04 | 71 -0.08235 -1.38746e-03 | 72 -0.04599 -7.79711e-04
 73 -0.01704 -2.96573e-04 | 74 -0.01678  6.23107e-04 | 75 -0.01677 -2.94102e-04
 76 -0.01677 -1.72052e-04 | 77 -0.35269  4.58392e+00 | 78 -0.18054  1.95238e+00
 79 -0.07284 -2.36907e-02 | 80 -0.26280  6.57753e-03 | 81 -0.32964  6.28123e-04
 82 -0.53296  2.57787e-05 | 83 -0.11889 -1.15321e-05 | 84  1.45837 -1.68388e-04
 85  0.97469 -6.56435e-04 | 86 -0.02908 -3.43410e-02 | 87  0.26290 -3.37786e-04
 88  0.00137  6.68614e-06 | 89 -0.00194 -3.69215e-06 | 90  0.00281  1.38627e-05
 91  0.00174  3.74920e-06 | 92 -0.00176 -8.68519e-06 |
92 variables; iteration 680; function evaluation 885; phase 3
Function value -9.0979083e+01; maximum gradient component mag 6.4148e-01
Var    Value     Gradient |Var    Value     Gradient |Var    Value     Gradient
  1  1.00517  3.80412e-06 |  2  0.00031 -4.61150e-07 |  3  0.00036  3.10319e-05
  4 -0.01554 -4.16219e-05 |  5 -0.01547  1.11325e-05 |  6 -0.01539 -3.08636e-07
  7 -0.01529  2.42157e-05 |  8 -0.01518 -9.06737e-06 |  9 -0.01505 -1.33807e-05
 10 -0.01491 -4.53528e-05 | 11 -0.01477 -1.43321e-05 | 12 -0.01462 -2.33159e-05
 13 -0.01445 -2.71760e-05 | 14 -0.01423 -2.65133e-05 | 15 -0.01393 -6.04648e-06
 16 -0.01337 -3.09192e-05 | 17 -0.01282 -2.77093e-05 | 18 -0.01147 -2.87212e-06
 19 -0.00964  1.86083e-05 | 20 -0.00770 -6.56303e-06 | 21 -0.00534 -2.25600e-05
 22 -0.00273 -4.55786e-06 | 23 -0.00015  3.93362e-06 | 24  0.00184 -3.94238e-05
 25  0.00317  3.55154e-05 | 26  0.00307 -4.77730e-05 | 27  0.00185 -3.53655e-05
 28 -0.00036 -2.28433e-05 | 29 -0.00220  1.10982e-05 | 30 -0.00472 -1.64949e-05
 31 -0.00749 -4.65381e-05 | 32 -0.00900 -4.75080e-05 | 33 -0.00832 -1.31366e-05
 34 -0.01157  1.92623e-04 | 35 -0.01844  9.98251e-04 | 36 -0.02762  1.27647e-03
 37 -0.01066 -1.41532e-03 | 38 -0.00812 -8.00843e-04 | 39 -0.04419  4.05044e-05
 40 -0.03831  1.06809e-05 | 41 -0.03200 -2.17679e-06 | 42 -0.02771 -2.89519e-05
 43 -0.02406  3.66264e-05 | 44 -0.02547 -7.26015e-06 | 45 -0.03271  2.18098e-05
 46 -0.03580 -3.86077e-05 | 47 -0.01434 -1.80136e-05 | 48  0.01655  5.00329e-05
 49  0.00641  4.57680e-04 | 50 -0.02345  2.07228e-04 | 51 -0.01593  4.90060e-04
 52 -0.05492 -1.23245e-04 | 53 -0.02230 -1.95891e-04 | 54 -0.01190 -2.08024e-04
 55 -0.01079 -1.58553e-04 | 56  0.00934 -1.34916e-05 | 57  0.01066 -1.01800e-04
 58  0.00901  2.41359e-04 | 59 -0.03122  1.19258e-04 | 60 -0.02018  1.50373e-05
 61  0.02503  5.27269e-05 | 62 -0.03213  3.19390e-05 | 63 -0.04164 -4.56780e-04
 64 -0.01389 -4.53790e-04 | 65 -0.03067 -2.21999e-04 | 66 -0.04868  4.33598e-06
 67 -0.04381 -3.38512e-04 | 68  0.04121 -7.83805e-05 | 69 -0.02207  1.95263e-04
 70 -0.08700 -1.19979e-04 | 71 -0.08235 -1.93397e-04 | 72 -0.04599 -4.42309e-05
 73 -0.01703  1.21737e-05 | 74 -0.01678  1.14122e-04 | 75 -0.01677 -4.53296e-05
 76 -0.01677 -5.87784e-05 | 77 -0.35270  6.41482e-01 | 78 -0.18095  2.73917e-01
 79 -0.07284 -2.28024e-03 | 80 -0.19833  1.43083e-03 | 81 -0.32964  1.68147e-04
 82 -0.53330  1.07983e-06 | 83 -0.11889 -6.79143e-05 | 84  1.45837 -3.71958e-05
 85  0.97470  1.46041e-06 | 86 -0.02908 -6.82926e-05 | 87  0.26290 -1.03935e-04
 88 -0.00028 -1.38940e-06 | 89 -0.00081  1.85547e-06 | 90 -0.00055 -2.70744e-06
 91  0.00083 -6.91071e-07 | 92  0.00020  9.80056e-07 |
92 variables; iteration 700; function evaluation 916; phase 3
Function value -9.0979117e+01; maximum gradient component mag 4.7756e+00
Var    Value     Gradient |Var    Value     Gradient |Var    Value     Gradient
  1  0.99067 -3.10500e-05 |  2  0.00031 -5.41064e-06 |  3  0.00036 -7.31333e-05
  4 -0.01554 -6.02184e-05 |  5 -0.01547  5.56281e-05 |  6 -0.01539 -3.79347e-05
  7 -0.01530 -3.84010e-05 |  8 -0.01518 -2.72453e-05 |  9 -0.01505 -3.26129e-05
 10 -0.01492 -4.97069e-05 | 11 -0.01477 -2.39184e-06 | 12 -0.01462 -1.97974e-05
 13 -0.01445 -6.88068e-05 | 14 -0.01422  2.33347e-05 | 15 -0.01393 -2.79477e-05
 16 -0.01337 -5.86335e-05 | 17 -0.01282  9.20915e-06 | 18 -0.01147 -1.02355e-05
 19 -0.00964 -1.23394e-05 | 20 -0.00770 -3.58042e-05 | 21 -0.00534 -2.67592e-05
 22 -0.00273 -2.90448e-05 | 23 -0.00015 -5.47009e-05 | 24  0.00184 -5.41844e-05
 25  0.00317 -4.21204e-05 | 26  0.00307 -1.16017e-04 | 27  0.00185 -8.19004e-05
 28 -0.00036 -1.23923e-04 | 29 -0.00220 -1.14074e-04 | 30 -0.00472 -1.65287e-04
 31 -0.00749 -1.95443e-04 | 32 -0.00900 -1.98483e-04 | 33 -0.00832  8.79098e-05
 34 -0.01157  1.53334e-03 | 35 -0.01844  5.90300e-03 | 36 -0.02762  7.45682e-03
 37 -0.01066 -8.17222e-03 | 38 -0.00811 -5.14954e-03 | 39 -0.04419 -1.15087e-05
 40 -0.03831  8.44884e-05 | 41 -0.03200  1.13447e-04 | 42 -0.02771  1.32597e-04
 43 -0.02406  1.82753e-04 | 44 -0.02547  3.03216e-04 | 45 -0.03271  2.94797e-04
 46 -0.03580 -2.94036e-04 | 47 -0.01434 -5.35794e-04 | 48  0.01655 -1.13520e-04
 49  0.00641  2.03627e-03 | 50 -0.02345  7.86776e-04 | 51 -0.01593  2.67076e-03
 52 -0.05492 -5.38642e-04 | 53 -0.02230 -9.78593e-04 | 54 -0.01190 -1.51782e-03
 55 -0.01079 -1.30045e-03 | 56  0.00934  3.52247e-04 | 57  0.01066  7.43629e-04
 58  0.00901  2.71401e-03 | 59 -0.03122  8.21938e-04 | 60 -0.02018 -1.55879e-03
 61  0.02503 -8.32454e-04 | 62 -0.03213 -3.33230e-04 | 63 -0.04164 -2.11228e-03
 64 -0.01389 -2.68874e-03 | 65 -0.03067 -1.16319e-03 | 66 -0.04868  2.04275e-04
 67 -0.04381 -1.42831e-03 | 68  0.04121  7.30808e-07 | 69 -0.02207  2.89698e-03
 70 -0.08700  6.01063e-04 | 71 -0.08235 -6.87447e-04 | 72 -0.04599 -3.91177e-04
 73 -0.01703 -5.97341e-05 | 74 -0.01678  8.36838e-05 | 75 -0.01677 -6.79761e-05
 76 -0.01677 -3.72269e-05 | 77 -0.35270  4.77561e+00 | 78 -0.18135  2.00445e+00
 79 -0.07284 -1.52636e-02 | 80 -0.16047  2.34214e-02 | 81 -0.32964  1.09671e-04
 82 -0.53328  2.69658e-06 | 83 -0.11889 -1.46667e-05 | 84  1.45837 -4.96055e-06
 85  0.97469 -6.37676e-05 | 86 -0.02908 -2.74221e-03 | 87  0.26290 -1.87293e-04
 88  0.00030  1.45741e-06 | 89 -0.00063  2.74566e-06 | 90 -0.00006 -3.12687e-07
 91  0.00118  1.01470e-06 | 92  0.00034  1.67473e-06 |
92 variables; iteration 720; function evaluation 941; phase 3
Function value -9.0979143e+01; maximum gradient component mag 3.4851e-01
Var    Value     Gradient |Var    Value     Gradient |Var    Value     Gradient
  1  0.99400 -1.01671e-05 |  2  0.00031 -6.97705e-06 |  3  0.00036 -3.40558e-06
  4 -0.01554 -3.15334e-05 |  5 -0.01547  6.63266e-06 |  6 -0.01539 -1.20770e-05
  7 -0.01529  2.14351e-06 |  8 -0.01518 -5.23244e-06 |  9 -0.01505 -9.93461e-06
 10 -0.01491 -2.18092e-05 | 11 -0.01477 -3.24780e-06 | 12 -0.01462 -7.76713e-06
 13 -0.01445 -2.22189e-05 | 14 -0.01422  4.92230e-06 | 15 -0.01393 -1.13120e-05
 16 -0.01337 -2.19323e-05 | 17 -0.01282 -1.46625e-06 | 18 -0.01147 -2.24323e-06
 19 -0.00964  1.82879e-06 | 20 -0.00770 -8.15619e-06 | 21 -0.00534 -9.09420e-06
 22 -0.00273 -8.43828e-06 | 23 -0.00015 -1.15771e-05 | 24  0.00184 -1.52588e-05
 25  0.00317 -2.59155e-06 | 26  0.00307 -2.72408e-05 | 27  0.00185 -1.78107e-05
 28 -0.00036 -2.47829e-05 | 29 -0.00220 -1.53082e-05 | 30 -0.00472 -2.73676e-05
 31 -0.00749 -3.23347e-05 | 32 -0.00900 -2.79548e-05 | 33 -0.00832 -2.56984e-06
 34 -0.01157  1.08323e-04 | 35 -0.01844  4.35239e-04 | 36 -0.02762  5.66946e-04
 37 -0.01066 -5.98573e-04 | 38 -0.00811 -3.23642e-04 | 39 -0.04419 -3.12146e-06
 40 -0.03831  2.89781e-06 | 41 -0.03200  4.50238e-06 | 42 -0.02770  5.37875e-06
 43 -0.02406  1.15532e-05 | 44 -0.02547  1.58012e-05 | 45 -0.03271  2.30637e-05
 46 -0.03580 -1.47969e-05 | 47 -0.01434 -6.33787e-06 | 48  0.01655  6.45919e-05
 49  0.00641  2.52105e-04 | 50 -0.02345  1.57038e-04 | 51 -0.01593  2.77886e-04
 52 -0.05492  1.54120e-06 | 53 -0.02230 -1.17359e-05 | 54 -0.01190 -5.97850e-05
 55 -0.01079 -5.23773e-05 | 56  0.00934  9.38666e-05 | 57  0.01066  8.50970e-05
 58  0.00901  2.00606e-04 | 59 -0.03122  3.97877e-05 | 60 -0.02018 -1.24595e-04
 61  0.02503 -1.38638e-04 | 62 -0.03213 -6.53228e-05 | 63 -0.04164 -1.91615e-04
 64 -0.01389 -2.36968e-04 | 65 -0.03067 -1.65939e-04 | 66 -0.04868 -9.00775e-05
 67 -0.04381 -2.50088e-04 | 68  0.04121 -1.33448e-04 | 69 -0.02207  8.83265e-05
 70 -0.08700  7.74163e-06 | 71 -0.08235 -8.18590e-05 | 72 -0.04599 -4.71000e-05
 73 -0.01703 -2.11521e-05 | 74 -0.01678  3.98537e-05 | 75 -0.01677 -1.92403e-05
 76 -0.01677 -1.46473e-05 | 77 -0.35270  3.48508e-01 | 78 -0.18186  1.46330e-01
 79 -0.07284 -9.50406e-04 | 80 -0.12382  1.73978e-03 | 81 -0.32964  4.26343e-05
 82 -0.53330  9.57427e-07 | 83 -0.11889 -9.86732e-06 | 84  1.45837 -7.85896e-06
 85  0.97469 -1.07552e-06 | 86 -0.02908 -5.29560e-05 | 87  0.26290 -4.09283e-05
 88  0.00015  7.61919e-07 | 89 -0.00101  8.66316e-07 | 90 -0.00009 -4.41024e-07
 91  0.00107  5.04842e-07 | 92  0.00008  4.11099e-07 |
92 variables; iteration 740; function evaluation 967; phase 3
Function value -9.0979159e+01; maximum gradient component mag 2.8334e+00
Var    Value     Gradient |Var    Value     Gradient |Var    Value     Gradient
  1  0.99577  4.73031e-06 |  2  0.00031 -1.75283e-06 |  3  0.00036 -5.59710e-07
  4 -0.01554 -1.94043e-06 |  5 -0.01547 -4.97060e-06 |  6 -0.01539 -3.23699e-06
  7 -0.01529 -2.95616e-06 |  8 -0.01518 -2.04815e-06 |  9 -0.01505 -1.02079e-06
 10 -0.01491 -6.82614e-07 | 11 -0.01477 -2.62652e-06 | 12 -0.01462 -1.88706e-06
 13 -0.01445 -3.99986e-07 | 14 -0.01422 -8.62512e-07 | 15 -0.01393 -6.69653e-06
 16 -0.01337 -3.57674e-06 | 17 -0.01282  3.11247e-06 | 18 -0.01147 -7.24245e-06
 19 -0.00964  1.98581e-06 | 20 -0.00770 -4.30352e-06 | 21 -0.00534 -3.67376e-06
 22 -0.00273 -1.22215e-05 | 23 -0.00015 -1.33401e-05 | 24  0.00184 -2.48732e-05
 25  0.00317 -4.05782e-05 | 26  0.00307 -3.81715e-05 | 27  0.00185 -5.68132e-05
 28 -0.00036 -5.69597e-05 | 29 -0.00220 -7.85876e-05 | 30 -0.00472 -1.06992e-04
 31 -0.00749 -1.12659e-04 | 32 -0.00900 -9.16203e-05 | 33 -0.00832  8.86695e-05
 34 -0.01157  9.89489e-04 | 35 -0.01844  3.80766e-03 | 36 -0.02762  4.75904e-03
 37 -0.01066 -5.33891e-03 | 38 -0.00811 -3.41321e-03 | 39 -0.04419 -3.44888e-06
 40 -0.03831  4.78795e-05 | 41 -0.03200  6.73005e-05 | 42 -0.02770  8.77468e-05
 43 -0.02406  1.28127e-04 | 44 -0.02547  2.09706e-04 | 45 -0.03271  2.12134e-04
 46 -0.03580 -1.85389e-04 | 47 -0.01434 -3.98861e-04 | 48  0.01655 -2.74414e-04
 49  0.00641  1.06259e-03 | 50 -0.02345  3.06167e-04 | 51 -0.01593  1.53082e-03
 52 -0.05492 -4.67879e-04 | 53 -0.02230 -8.50980e-04 | 54 -0.01190 -1.15492e-03
 55 -0.01079 -9.28987e-04 | 56  0.00934  7.04867e-05 | 57  0.01066  4.46490e-04
 58  0.00901  1.72633e-03 | 59 -0.03122  5.17898e-04 | 60 -0.02018 -1.09851e-03
 61  0.02503 -3.75130e-04 | 62 -0.03213 -8.21960e-05 | 63 -0.04164 -1.21764e-03
 64 -0.01389 -1.56764e-03 | 65 -0.03067 -5.33821e-04 | 66 -0.04868  4.28529e-04
 67 -0.04381 -5.26670e-04 | 68  0.04121  3.54990e-04 | 69 -0.02207  2.22790e-03
 70 -0.08700  4.94273e-04 | 71 -0.08235 -3.74887e-04 | 72 -0.04599 -2.02770e-04
 73 -0.01703 -9.51009e-06 | 74 -0.01678 -1.73927e-06 | 75 -0.01677  5.32844e-07
 76 -0.01677 -4.20952e-06 | 77 -0.35270  2.83336e+00 | 78 -0.18241  1.16017e+00
 79 -0.07284 -1.00957e-02 | 80 -0.09366  2.30065e-02 | 81 -0.32964  4.80095e-05
 82 -0.53332  2.01612e-08 | 83 -0.11889 -1.67751e-05 | 84  1.45837  1.25930e-05
 85  0.97469  2.40160e-06 | 86 -0.02908  1.05000e-04 | 87  0.26290 -1.06730e-05
 88  0.00000  2.24527e-08 | 89 -0.00118  6.35668e-09 | 90 -0.00001 -3.53561e-08
 91  0.00097  1.85916e-08 | 92 -0.00000 -2.12094e-08 |
92 variables; iteration 760; function evaluation 993; phase 3
Function value -9.0979168e+01; maximum gradient component mag 2.8964e-01
Var    Value     Gradient |Var    Value     Gradient |Var    Value     Gradient
  1  0.99547  1.74861e-06 |  2  0.00031  1.32825e-07 |  3  0.00036  4.01368e-07
  4 -0.01554  5.84564e-07 |  5 -0.01547 -4.90731e-07 |  6 -0.01539  8.56557e-08
  7 -0.01529 -1.36266e-07 |  8 -0.01518  3.11696e-08 |  9 -0.01505  2.20552e-07
 10 -0.01491  4.66615e-07 | 11 -0.01477 -1.90174e-07 | 12 -0.01462 -6.17812e-08
 13 -0.01445  4.92704e-07 | 14 -0.01422 -4.17610e-07 | 15 -0.01393 -1.68527e-07
 16 -0.01337  2.30010e-07 | 17 -0.01282 -9.68998e-08 | 18 -0.01147 -3.89654e-07
 19 -0.00964 -3.62380e-07 | 20 -0.00770 -3.21489e-07 | 21 -0.00534 -5.75743e-07
 22 -0.00273 -9.45414e-07 | 23 -0.00015 -1.27532e-06 | 24  0.00184 -1.80994e-06
 25  0.00317 -2.95197e-06 | 26  0.00307 -3.23136e-06 | 27  0.00185 -4.44169e-06
 28 -0.00036 -5.33855e-06 | 29 -0.00220 -7.20852e-06 | 30 -0.00472 -8.82784e-06
 31 -0.00749 -1.00109e-05 | 32 -0.00900 -8.71356e-06 | 33 -0.00832  9.87387e-06
 34 -0.01157  1.05023e-04 | 35 -0.01844  4.01983e-04 | 36 -0.02762  4.99633e-04
 37 -0.01066 -5.57807e-04 | 38 -0.00811 -3.62999e-04 | 39 -0.04419 -5.19277e-08
 40 -0.03831  6.19990e-06 | 41 -0.03200  7.62700e-06 | 42 -0.02770  9.28173e-06
 43 -0.02406  1.34056e-05 | 44 -0.02547  2.16205e-05 | 45 -0.03271  2.09612e-05
 46 -0.03580 -1.98927e-05 | 47 -0.01434 -4.30725e-05 | 48  0.01655 -2.99040e-05
 49  0.00641  1.08538e-04 | 50 -0.02345  2.91236e-05 | 51 -0.01593  1.58910e-04
 52 -0.05492 -4.94346e-05 | 53 -0.02230 -8.89416e-05 | 54 -0.01190 -1.22298e-04
 55 -0.01079 -1.03104e-04 | 56  0.00934  2.54421e-07 | 57  0.01066  3.81599e-05
 58  0.00901  1.76964e-04 | 59 -0.03122  5.61388e-05 | 60 -0.02018 -1.07346e-04
 61  0.02503 -3.08527e-05 | 62 -0.03213 -6.40330e-06 | 63 -0.04164 -1.28984e-04
 64 -0.01389 -1.66268e-04 | 65 -0.03067 -5.39327e-05 | 66 -0.04868  4.84882e-05
 67 -0.04381 -5.06707e-05 | 68  0.04121  4.26277e-05 | 69 -0.02207  2.37104e-04
 70 -0.08700  5.12720e-05 | 71 -0.08235 -3.75783e-05 | 72 -0.04599 -1.99396e-05
 73 -0.01703  8.20277e-10 | 74 -0.01678 -8.45308e-07 | 75 -0.01677  5.39470e-07
 76 -0.01677 -5.13193e-09 | 77 -0.35269  2.89645e-01 | 78 -0.18292  1.18004e-01
 79 -0.07284 -1.07389e-03 | 80 -0.07071  2.53302e-03 | 81 -0.32964 -7.52886e-07
 82 -0.53332 -2.18238e-08 | 83 -0.11889  2.96224e-07 | 84  1.45837  1.85251e-07
 85  0.97469  5.67257e-07 | 86 -0.02908  2.67338e-05 | 87  0.26290  1.36702e-07
 88 -0.00000 -1.75916e-08 | 89 -0.00119 -2.72763e-08 | 90  0.00000  3.58626e-09
 91  0.00097 -1.01748e-08 | 92 -0.00000 -1.99680e-08 |
92 variables; iteration 780; function evaluation 1020; phase 3
Function value -9.0979173e+01; maximum gradient component mag 1.2910e+00
Var    Value     Gradient |Var    Value     Gradient |Var    Value     Gradient
  1  0.99512 -1.34739e-06 |  2  0.00031 -3.43296e-07 |  3  0.00036  1.46655e-07
  4 -0.01554 -1.31022e-06 |  5 -0.01547  1.38840e-08 |  6 -0.01539 -4.56272e-07
  7 -0.01529  2.37510e-07 |  8 -0.01518 -2.52894e-07 |  9 -0.01505 -5.28282e-07
 10 -0.01491 -1.09659e-06 | 11 -0.01477 -4.51317e-07 | 12 -0.01462 -6.93614e-07
 13 -0.01445 -1.33261e-06 | 14 -0.01422 -5.96956e-07 | 15 -0.01393 -1.28712e-06
 16 -0.01337 -1.99279e-06 | 17 -0.01282 -1.76914e-06 | 18 -0.01147 -2.12030e-06
 19 -0.00964 -2.59160e-06 | 20 -0.00770 -3.73720e-06 | 21 -0.00534 -4.84358e-06
 22 -0.00273 -6.35126e-06 | 23 -0.00015 -8.22175e-06 | 24  0.00184 -1.07820e-05
 25  0.00317 -1.34612e-05 | 26  0.00307 -1.81732e-05 | 27  0.00185 -2.28517e-05
 28 -0.00036 -2.90788e-05 | 29 -0.00220 -3.59327e-05 | 30 -0.00472 -4.42808e-05
 31 -0.00749 -5.11448e-05 | 32 -0.00900 -4.56804e-05 | 33 -0.00832  4.67318e-05
 34 -0.01157  5.32511e-04 | 35 -0.01844  2.03991e-03 | 36 -0.02762  2.53912e-03
 37 -0.01066 -2.82188e-03 | 38 -0.00811 -1.83161e-03 | 39 -0.04419  3.05597e-07
 40 -0.03831  3.35081e-05 | 41 -0.03200  3.86568e-05 | 42 -0.02770  4.61528e-05
 43 -0.02406  6.50680e-05 | 44 -0.02547  1.07717e-04 | 45 -0.03271  1.03612e-04
 46 -0.03580 -1.01171e-04 | 47 -0.01434 -2.13865e-04 | 48  0.01655 -1.41928e-04
 49  0.00641  5.65556e-04 | 50 -0.02345  1.63717e-04 | 51 -0.01593  8.24271e-04
 52 -0.05492 -2.38858e-04 | 53 -0.02230 -4.34259e-04 | 54 -0.01190 -6.03462e-04
 55 -0.01079 -5.06459e-04 | 56  0.00934  1.36538e-05 | 57  0.01066  1.89913e-04
 58  0.00901  8.86799e-04 | 59 -0.03122  2.80290e-04 | 60 -0.02018 -5.32686e-04
 61  0.02503 -1.59749e-04 | 62 -0.03213 -3.70121e-05 | 63 -0.04164 -6.66143e-04
 64 -0.01389 -8.56832e-04 | 65 -0.03067 -2.91154e-04 | 66 -0.04868  2.26561e-04
 67 -0.04381 -2.86362e-04 | 68  0.04121  1.90455e-04 | 69 -0.02207  1.17562e-03
 70 -0.08700  2.49322e-04 | 71 -0.08235 -1.97366e-04 | 72 -0.04599 -1.05584e-04
 73 -0.01703 -2.21113e-06 | 74 -0.01678  1.52463e-06 | 75 -0.01677 -6.35764e-07
 76 -0.01677 -4.78506e-07 | 77 -0.35269  1.29095e+00 | 78 -0.18344  5.15828e-01
 79 -0.07283 -5.42595e-03 | 80 -0.05100  1.44573e-02 | 81 -0.32964  1.41621e-06
 82 -0.53332  3.52603e-08 | 83 -0.11889 -5.67614e-07 | 84  1.45837 -4.50316e-07
 85  0.97469 -3.75175e-07 | 86 -0.02908 -2.25512e-05 | 87  0.26290 -2.23793e-07
 88  0.00001  2.67371e-08 | 89 -0.00117  3.58269e-08 | 90 -0.00000 -1.09406e-08
 91  0.00097  1.62829e-08 | 92  0.00000  1.90884e-08 |
92 variables; iteration 800; function evaluation 1047; phase 3
Function value -9.0979176e+01; maximum gradient component mag 1.0145e+00
Var    Value     Gradient |Var    Value     Gradient |Var    Value     Gradient
  1  0.99517 -9.25069e-07 |  2  0.00031 -2.27208e-07 |  3  0.00036 -3.88152e-08
  4 -0.01554 -8.24585e-07 |  5 -0.01547  8.26343e-08 |  6 -0.01539 -2.94193e-07
  7 -0.01529  9.97889e-08 |  8 -0.01518 -1.92287e-07 |  9 -0.01505 -3.88804e-07
 10 -0.01491 -7.53429e-07 | 11 -0.01477 -3.12737e-07 | 12 -0.01462 -4.99978e-07
 13 -0.01445 -9.93207e-07 | 14 -0.01422 -4.71787e-07 | 15 -0.01393 -9.73304e-07
 16 -0.01337 -1.51521e-06 | 17 -0.01282 -1.44172e-06 | 18 -0.01147 -1.75217e-06
 19 -0.00964 -2.21916e-06 | 20 -0.00770 -3.13940e-06 | 21 -0.00534 -4.07437e-06
 22 -0.00273 -5.30632e-06 | 23 -0.00015 -6.93469e-06 | 24  0.00184 -9.09842e-06
 25  0.00317 -1.14462e-05 | 26  0.00307 -1.53262e-05 | 27  0.00185 -1.93312e-05
 28 -0.00036 -2.45584e-05 | 29 -0.00220 -3.04253e-05 | 30 -0.00472 -3.74904e-05
 31 -0.00749 -4.32767e-05 | 32 -0.00900 -3.86780e-05 | 33 -0.00832  3.97987e-05
 34 -0.01157  4.52578e-04 | 35 -0.01844  1.73354e-03 | 36 -0.02762  2.15769e-03
 37 -0.01066 -2.39835e-03 | 38 -0.00811 -1.55711e-03 | 39 -0.04419  2.52932e-07
 40 -0.03831  2.84230e-05 | 41 -0.03200  3.29085e-05 | 42 -0.02770  3.93284e-05
 43 -0.02406  5.53459e-05 | 44 -0.02547  9.17014e-05 | 45 -0.03271  8.81243e-05
 46 -0.03580 -8.60386e-05 | 47 -0.01434 -1.82112e-04 | 48  0.01655 -1.21263e-04
 49  0.00641  4.79849e-04 | 50 -0.02345  1.38283e-04 | 51 -0.01593  6.99707e-04
 52 -0.05492 -2.03438e-04 | 53 -0.02230 -3.69718e-04 | 54 -0.01190 -5.13481e-04
 55 -0.01079 -4.30973e-04 | 56  0.00934  1.10810e-05 | 57  0.01066  1.61413e-04
 58  0.00901  7.54008e-04 | 59 -0.03122  2.38424e-04 | 60 -0.02018 -4.52855e-04
 61  0.02503 -1.35390e-04 | 62 -0.03213 -3.11782e-05 | 63 -0.04164 -5.65615e-04
 64 -0.01389 -7.27614e-04 | 65 -0.03067 -2.46588e-04 | 66 -0.04868  1.93520e-04
 67 -0.04381 -2.42026e-04 | 68  0.04121  1.62882e-04 | 69 -0.02207  1.00030e-03
 70 -0.08700  2.12364e-04 | 71 -0.08235 -1.67429e-04 | 72 -0.04599 -8.95962e-05
 73 -0.01703 -1.77154e-06 | 74 -0.01678  9.61536e-07 | 75 -0.01677 -4.44392e-07
 76 -0.01677 -2.54024e-07 | 77 -0.35269  1.01454e+00 | 78 -0.18394  4.00501e-01
 79 -0.07283 -4.61265e-03 | 80 -0.03481  1.29202e-02 | 81 -0.32964  9.48323e-07
 82 -0.53332  2.27740e-08 | 83 -0.11889 -3.61557e-07 | 84  1.45837 -2.47431e-07
 85  0.97469 -2.75954e-07 | 86 -0.02908 -1.54277e-05 | 87  0.26290 -2.31552e-07
 88  0.00000  1.76576e-08 | 89 -0.00118  2.35592e-08 | 90 -0.00000 -7.14749e-09
 91  0.00097  1.05719e-08 | 92  0.00000  1.35632e-08 |
92 variables; iteration 820; function evaluation 1073; phase 3
Function value -9.0979178e+01; maximum gradient component mag 7.7535e-02
Var    Value     Gradient |Var    Value     Gradient |Var    Value     Gradient
  1  0.99533  5.44849e-07 |  2  0.00031  8.70410e-08 |  3  0.00036  5.52472e-08
  4 -0.01554  3.70245e-07 |  5 -0.01547 -1.14681e-07 |  6 -0.01539  1.03230e-07
  7 -0.01529 -7.82706e-08 |  8 -0.01518  3.31388e-08 |  9 -0.01505  1.10582e-07
 10 -0.01491  2.56105e-07 | 11 -0.01477 -1.24245e-08 | 12 -0.01462  4.06831e-08
 13 -0.01445  2.49610e-07 | 14 -0.01422 -1.21543e-07 | 15 -0.01393  3.77233e-08
 16 -0.01337  1.86292e-07 | 17 -0.01282 -2.70634e-08 | 18 -0.01147 -1.02832e-07
 19 -0.00964 -1.53957e-07 | 20 -0.00770 -1.00206e-07 | 21 -0.00534 -1.69537e-07
 22 -0.00273 -2.71702e-07 | 23 -0.00015 -3.98943e-07 | 24  0.00184 -5.51445e-07
 25  0.00317 -9.65760e-07 | 26  0.00307 -9.71278e-07 | 27  0.00185 -1.40346e-06
 28 -0.00036 -1.69508e-06 | 29 -0.00220 -2.34849e-06 | 30 -0.00472 -2.82401e-06
 31 -0.00749 -3.21375e-06 | 32 -0.00900 -2.83879e-06 | 33 -0.00832  3.36138e-06
 34 -0.01157  3.55076e-05 | 35 -0.01844  1.35778e-04 | 36 -0.02762  1.68662e-04
 37 -0.01066 -1.88336e-04 | 38 -0.00811 -1.22936e-04 | 39 -0.04419 -3.42575e-09
 40 -0.03831  2.13533e-06 | 41 -0.03200  2.62312e-06 | 42 -0.02770  3.18339e-06
 43 -0.02406  4.50699e-06 | 44 -0.02547  7.35843e-06 | 45 -0.03271  7.04373e-06
 46 -0.03580 -6.77829e-06 | 47 -0.01434 -1.47804e-05 | 48  0.01655 -1.05745e-05
 49  0.00641  3.60514e-05 | 50 -0.02345  9.25095e-06 | 51 -0.01593  5.32327e-05
 52 -0.05492 -1.68640e-05 | 53 -0.02230 -3.02758e-05 | 54 -0.01190 -4.15776e-05
 55 -0.01079 -3.50675e-05 | 56  0.00934 -3.70130e-07 | 57  0.01066  1.25621e-05
 58  0.00901  5.96546e-05 | 59 -0.03122  1.90877e-05 | 60 -0.02018 -3.60118e-05
 61  0.02503 -9.86999e-06 | 62 -0.03213 -1.91870e-06 | 63 -0.04164 -4.34224e-05
 64 -0.01389 -5.59946e-05 | 65 -0.03067 -1.77253e-05 | 66 -0.04868  1.70445e-05
 67 -0.04381 -1.62431e-05 | 68  0.04121  1.51339e-05 | 69 -0.02207  8.08153e-05
 70 -0.08700  1.75073e-05 | 71 -0.08235 -1.25011e-05 | 72 -0.04599 -6.63617e-06
 73 -0.01703  9.37680e-08 | 74 -0.01678 -4.64334e-07 | 75 -0.01677  2.40173e-07
 76 -0.01677  1.11202e-07 | 77 -0.35269  7.75351e-02 | 78 -0.18437  3.04735e-02
 79 -0.07283 -3.63832e-04 | 80 -0.02239  1.03014e-03 | 81 -0.32964 -5.13078e-07
 82 -0.53332 -1.18910e-08 | 83 -0.11889  1.99105e-07 | 84  1.45837  1.19943e-07
 85  0.97469  1.74585e-07 | 86 -0.02908  8.97166e-06 | 87  0.26290  1.75220e-07
 88 -0.00000 -9.29554e-09 | 89 -0.00118 -1.25125e-08 | 90  0.00000  3.53724e-09
 91  0.00097 -5.76755e-09 | 92 -0.00000 -7.51124e-09 |
92 variables; iteration 840; function evaluation 1100; phase 3
Function value -9.0979178e+01; maximum gradient component mag 2.5769e-01
Var    Value     Gradient |Var    Value     Gradient |Var    Value     Gradient
  1  0.99530  1.99135e-07 |  2  0.00031  2.75540e-08 |  3  0.00036 -2.74274e-09
  4 -0.01554  1.33070e-07 |  5 -0.01547 -5.06046e-08 |  6 -0.01539  1.90130e-08
  7 -0.01529 -6.22893e-08 |  8 -0.01518 -2.26857e-08 |  9 -0.01505 -2.82956e-09
 10 -0.01491  4.27399e-08 | 11 -0.01477 -7.29181e-08 | 12 -0.01462 -7.41763e-08
 13 -0.01445 -2.59595e-08 | 14 -0.01422 -1.94406e-07 | 15 -0.01393 -1.80351e-07
 16 -0.01337 -1.83613e-07 | 17 -0.01282 -3.38453e-07 | 18 -0.01147 -4.69050e-07
 19 -0.00964 -6.21496e-07 | 20 -0.00770 -7.86613e-07 | 21 -0.00534 -1.04682e-06
 22 -0.00273 -1.40222e-06 | 23 -0.00015 -1.87014e-06 | 24  0.00184 -2.47235e-06
 25  0.00317 -3.32624e-06 | 26  0.00307 -4.20305e-06 | 27  0.00185 -5.43360e-06
 28 -0.00036 -6.84023e-06 | 29 -0.00220 -8.66491e-06 | 30 -0.00472 -1.06232e-05
 31 -0.00749 -1.22267e-05 | 32 -0.00900 -1.09085e-05 | 33 -0.00832  1.15837e-05
 34 -0.01157  1.29556e-04 | 35 -0.01844  4.96059e-04 | 36 -0.02762  6.17185e-04
 37 -0.01066 -6.86697e-04 | 38 -0.00811 -4.46388e-04 | 39 -0.04419  5.37305e-08
 40 -0.03831  8.06329e-06 | 41 -0.03200  9.46118e-06 | 42 -0.02770  1.13439e-05
 43 -0.02406  1.59739e-05 | 44 -0.02547  2.63896e-05 | 45 -0.03271  2.53293e-05
 46 -0.03580 -2.46510e-05 | 47 -0.01434 -5.25427e-05 | 48  0.01655 -3.55720e-05
 49  0.00641  1.36093e-04 | 50 -0.02345  3.82984e-05 | 51 -0.01593  1.98981e-04
 52 -0.05492 -5.89515e-05 | 53 -0.02230 -1.06865e-04 | 54 -0.01190 -1.47996e-04
 55 -0.01079 -1.24347e-04 | 56  0.00934  2.20588e-06 | 57  0.01066  4.61331e-05
 58  0.00901  2.16254e-04 | 59 -0.03122  6.85536e-05 | 60 -0.02018 -1.30004e-04
 61  0.02503 -3.81705e-05 | 62 -0.03213 -8.50274e-06 | 63 -0.04164 -1.61143e-04
 64 -0.01389 -2.07408e-04 | 65 -0.03067 -6.92935e-05 | 66 -0.04868  5.68833e-05
 67 -0.04381 -6.71078e-05 | 68  0.04121  4.84675e-05 | 69 -0.02207  2.88192e-04
 70 -0.08700  6.14696e-05 | 71 -0.08235 -4.74278e-05 | 72 -0.04599 -2.53549e-05
 73 -0.01703 -3.14883e-07 | 74 -0.01678 -1.81740e-07 | 75 -0.01677  8.90787e-08
 76 -0.01677  4.71428e-08 | 77 -0.35269  2.57692e-01 | 78 -0.18473  9.97887e-02
 79 -0.07283 -1.32208e-03 | 80 -0.01288  3.91408e-03 | 81 -0.32964 -1.99056e-07
 82 -0.53332 -4.44831e-09 | 83 -0.11889  7.43384e-08 | 84  1.45837  4.50126e-08
 85  0.97469  6.03830e-08 | 86 -0.02908  3.25472e-06 | 87  0.26290  5.79322e-08
 88 -0.00000 -3.40972e-09 | 89 -0.00118 -4.49036e-09 | 90  0.00000  1.30037e-09
 91  0.00097 -2.23884e-09 | 92 -0.00000 -2.71804e-09 |
92 variables; iteration 860; function evaluation 1126; phase 3
Function value -9.0979178e+01; maximum gradient component mag 1.3975e-02
Var    Value     Gradient |Var    Value     Gradient |Var    Value     Gradient
  1  0.99527 -1.13120e-08 |  2  0.00031 -2.60427e-09 |  3  0.00036 -1.05303e-09
  4 -0.01554 -9.26675e-09 |  5 -0.01547  9.69159e-10 |  6 -0.01539 -3.61925e-09
  7 -0.01529  4.14581e-10 |  8 -0.01518 -2.86036e-09 |  9 -0.01505 -5.21117e-09
 10 -0.01491 -9.44392e-09 | 11 -0.01477 -4.73847e-09 | 12 -0.01462 -7.26955e-09
 13 -0.01445 -1.33955e-08 | 14 -0.01422 -8.04785e-09 | 15 -0.01393 -1.44872e-08
 16 -0.01337 -2.16885e-08 | 17 -0.01282 -2.22783e-08 | 18 -0.01147 -2.73988e-08
 19 -0.00964 -3.54752e-08 | 20 -0.00770 -4.90746e-08 | 21 -0.00534 -6.42235e-08
 22 -0.00273 -8.38672e-08 | 23 -0.00015 -1.10011e-07 | 24  0.00184 -1.44334e-07
 25  0.00317 -1.83960e-07 | 26  0.00307 -2.44012e-07 | 27  0.00185 -3.08714e-07
 28 -0.00036 -3.91789e-07 | 29 -0.00220 -4.87078e-07 | 30 -0.00472 -5.99756e-07
 31 -0.00749 -6.91859e-07 | 32 -0.00900 -6.18267e-07 | 33 -0.00832  6.40267e-07
 34 -0.01157  7.25718e-06 | 35 -0.01844  2.77961e-05 | 36 -0.02762  3.45950e-05
 37 -0.01066 -3.84595e-05 | 38 -0.00811 -2.49760e-05 | 39 -0.04419  3.94939e-09
 40 -0.03831  4.55054e-07 | 41 -0.03200  5.28226e-07 | 42 -0.02770  6.31607e-07
 43 -0.02406  8.88930e-07 | 44 -0.02547  1.47190e-06 | 45 -0.03271  1.41407e-06
 46 -0.03580 -1.37994e-06 | 47 -0.01434 -2.92464e-06 | 48  0.01655 -1.95300e-06
 49  0.00641  7.68175e-06 | 50 -0.02345  2.20401e-06 | 51 -0.01593  1.12064e-05
 52 -0.05492 -3.26962e-06 | 53 -0.02230 -5.93924e-06 | 54 -0.01190 -8.24346e-06
 55 -0.01079 -6.92070e-06 | 56  0.00934  1.68318e-07 | 57  0.01066  2.58754e-06
 58  0.00901  1.20953e-05 | 59 -0.03122  3.82682e-06 | 60 -0.02018 -7.26428e-06
 61  0.02503 -2.16484e-06 | 62 -0.03213 -4.95655e-07 | 63 -0.04164 -9.06171e-06
 64 -0.01389 -1.16585e-05 | 65 -0.03067 -3.94108e-06 | 66 -0.04868  3.11810e-06
 67 -0.04381 -3.85942e-06 | 68  0.04121  2.62894e-06 | 69 -0.02207  1.60584e-05
 70 -0.08700  3.41243e-06 | 71 -0.08235 -2.67966e-06 | 72 -0.04599 -1.43397e-06
 73 -0.01703 -2.65563e-08 | 74 -0.01678  1.06596e-08 | 75 -0.01677 -5.17844e-09
 76 -0.01677 -2.81532e-09 | 77 -0.35269  1.39753e-02 | 78 -0.18493  5.38287e-03
 79 -0.07283 -7.39837e-05 | 80 -0.00797  2.21881e-04 | 81 -0.32964  1.17132e-08
 82 -0.53332  2.61788e-10 | 83 -0.11889 -4.21724e-09 | 84  1.45837 -3.04228e-09
 85  0.97469 -3.44167e-09 | 86 -0.02908 -1.86191e-07 | 87  0.26290 -3.43745e-09
 88  0.00000  1.98795e-10 | 89 -0.00118  2.74877e-10 | 90 -0.00000 -7.73118e-11
 91  0.00097  1.16375e-10 | 92  0.00000  1.55575e-10 |

 - final statistics:
92 variables; iteration 863; function evaluation 1129
Function value -9.0979e+01; maximum gradient component mag 3.1089e-05
Exit code = 1;  converg criter 1.0000e-04
Var    Value     Gradient |Var    Value     Gradient |Var    Value     Gradient
  1  0.99527  6.79047e-09 |  2  0.00031  1.22677e-09 |  3  0.00036  2.09041e-10
  4 -0.01554  4.99724e-09 |  5 -0.01547 -1.08470e-09 |  6 -0.01539  1.42039e-09
  7 -0.01529 -1.15512e-09 |  8 -0.01518  4.88125e-10 |  9 -0.01505  1.50691e-09
 10 -0.01491  3.52795e-09 | 11 -0.01477  2.22741e-10 | 12 -0.01462  9.46447e-10
 13 -0.01445  3.53665e-09 | 14 -0.01422 -8.24368e-10 | 15 -0.01393  1.32011e-09
 16 -0.01337  3.37762e-09 | 17 -0.01282  9.49189e-10 | 18 -0.01147  2.97136e-10
 19 -0.00964  1.09778e-10 | 20 -0.00770  1.37916e-09 | 21 -0.00534  1.51538e-09
 22 -0.00273  1.44355e-09 | 23 -0.00015  1.32704e-09 | 24  0.00184  1.42574e-09
 25  0.00317 -1.08002e-09 | 26  0.00307  2.05609e-09 | 27  0.00185  6.49196e-10
 28 -0.00036  1.76339e-09 | 29 -0.00220 -5.09878e-10 | 30 -0.00472  1.47568e-10
 31 -0.00749  6.25185e-10 | 32 -0.00900  8.40642e-10 | 33 -0.00832  3.92983e-09
 34 -0.01157  1.56495e-08 | 35 -0.01844  5.72005e-08 | 36 -0.02762  6.76207e-08
 37 -0.01066 -8.47652e-08 | 38 -0.00811 -6.24303e-08 | 39 -0.04419 -2.87698e-10
 40 -0.03831 -5.29234e-11 | 41 -0.03200  1.68275e-09 | 42 -0.02770  2.53905e-09
 43 -0.02406  3.65526e-09 | 44 -0.02547  5.12394e-09 | 45 -0.03271  4.47986e-09
 46 -0.03580 -3.27465e-09 | 47 -0.01434 -1.19269e-08 | 48  0.01655 -1.61211e-08
 49  0.00641 -9.75307e-10 | 50 -0.02345 -1.28636e-08 | 51 -0.01593  6.01179e-09
 52 -0.05492 -1.68286e-08 | 53 -0.02230 -2.67899e-08 | 54 -0.01190 -3.18645e-08
 55 -0.01079 -2.84958e-08 | 56  0.00934 -1.31588e-08 | 57  0.01066  4.54178e-09
 58  0.00901  3.16653e-08 | 59 -0.03122  1.23164e-08 | 60 -0.02018 -2.10115e-08
 61  0.02503  3.32692e-09 | 62 -0.03213  4.70720e-09 | 63 -0.04164 -8.97120e-09
 64 -0.01389 -1.30252e-08 | 65 -0.03067  9.43464e-09 | 66 -0.04868  2.72681e-08
 67 -0.04381  2.18914e-08 | 68  0.04121  3.14818e-08 | 69 -0.02207  6.01744e-08
 70 -0.08700  1.66560e-08 | 71 -0.08235  1.16296e-09 | 72 -0.04599  1.06210e-09
 73 -0.01703  2.60138e-09 | 74 -0.01678 -6.20311e-09 | 75 -0.01677  3.01166e-09
 76 -0.01677  1.66915e-09 | 77 -0.35269  3.10892e-05 | 78 -0.18493  1.19617e-05
 79 -0.07283 -1.81472e-07 | 80 -0.00793  4.92875e-07 | 81 -0.32964 -6.85554e-09
 82 -0.53332 -1.53790e-10 | 83 -0.11889  2.58333e-09 | 84  1.45837  1.70085e-09
 85  0.97469  2.08235e-09 | 86 -0.02908  1.12666e-07 | 87  0.26290  1.92224e-09
 88 -0.00000 -1.16625e-10 | 89 -0.00118 -1.58463e-10 | 90  0.00000  4.44759e-11
 91  0.00097 -7.22365e-11 | 92 -0.00000 -9.21292e-11 |
Warning: the following parameters had issues
  SR_parm[1] is within 0.1% of upper bound: 1.00000e-04 < 1.99997e+01 < 2.00000e+01
  selparm[13] is within 0.1% of upper bound: 2.00000e+01 < 8.29751e+01 < 8.30000e+01


 - final statistics:
93 variables; iteration 0; function evaluation 0
Function value -9.0979e+01; maximum gradient component mag 3.1090e-05
Exit code = 0;  converg criter 1.0000e-04
Var    Value     Gradient |Var    Value     Gradient |Var    Value     Gradient
  1  0.99527  6.79047e-09 |  2  0.00031  1.22677e-09 |  3  0.00036  2.09041e-10
  4 -0.01554  4.99725e-09 |  5 -0.01547 -1.08471e-09 |  6 -0.01539  1.42038e-09
  7 -0.01529 -1.15512e-09 |  8 -0.01518  4.88125e-10 |  9 -0.01505  1.50691e-09
 10 -0.01491  3.52794e-09 | 11 -0.01477  2.22741e-10 | 12 -0.01462  9.46439e-10
 13 -0.01445  3.53666e-09 | 14 -0.01422 -8.24369e-10 | 15 -0.01393  1.32011e-09
 16 -0.01337  3.37762e-09 | 17 -0.01282  9.49182e-10 | 18 -0.01147  2.97134e-10
 19 -0.00964  1.09782e-10 | 20 -0.00770  1.37916e-09 | 21 -0.00534  1.51536e-09
 22 -0.00273  1.44355e-09 | 23 -0.00015  1.32703e-09 | 24  0.00184  1.42573e-09
 25  0.00317 -1.08003e-09 | 26  0.00307  2.05608e-09 | 27  0.00185  6.49180e-10
 28 -0.00036  1.76337e-09 | 29 -0.00220 -5.09903e-10 | 30 -0.00472  1.47533e-10
 31 -0.00749  6.25136e-10 | 32 -0.00900  8.40606e-10 | 33 -0.00832  3.92987e-09
 34 -0.01157  1.56499e-08 | 35 -0.01844  5.72021e-08 | 36 -0.02762  6.76229e-08
 37 -0.01066 -8.47675e-08 | 38 -0.00811 -6.24320e-08 | 39 -0.04419 -2.87701e-10
 40 -0.03831 -5.29071e-11 | 41 -0.03200  1.68277e-09 | 42 -0.02770  2.53907e-09
 43 -0.02406  3.65530e-09 | 44 -0.02547  5.12402e-09 | 45 -0.03271  4.47993e-09
 46 -0.03580 -3.27476e-09 | 47 -0.01434 -1.19272e-08 | 48  0.01655 -1.61214e-08
 49  0.00641 -9.75072e-10 | 50 -0.02345 -1.28636e-08 | 51 -0.01593  6.01245e-09
 52 -0.05492 -1.68286e-08 | 53 -0.02230 -2.67900e-08 | 54 -0.01190 -3.18650e-08
 55 -0.01079 -2.84963e-08 | 56  0.00934 -1.31590e-08 | 57  0.01066  4.54183e-09
 58  0.00901  3.16660e-08 | 59 -0.03122  1.23165e-08 | 60 -0.02018 -2.10119e-08
 61  0.02503  3.32693e-09 | 62 -0.03213  4.70724e-09 | 63 -0.04164 -8.97167e-09
 64 -0.01389 -1.30258e-08 | 65 -0.03067  9.43457e-09 | 66 -0.04868  2.72685e-08
 67 -0.04381  2.18912e-08 | 68  0.04121  3.14818e-08 | 69 -0.02207  6.01754e-08
 70 -0.08700  1.66563e-08 | 71 -0.08235  1.16282e-09 | 72 -0.04599  1.06200e-09
 73 -0.01703  2.60139e-09 | 74 -0.01678 -6.20311e-09 | 75 -0.01677  3.01165e-09
 76 -0.01677  1.66915e-09 | 77  0.00000  0.00000e+00 | 78 -0.35269  3.10900e-05
 79 -0.18493  1.19620e-05 | 80 -0.07283 -1.81477e-07 | 81 -0.00793  4.92889e-07
 82 -0.32964 -6.85565e-09 | 83 -0.53332 -1.53790e-10 | 84 -0.11889  2.58335e-09
 85  0.54163 -1.70090e-09 | 86  0.97469  2.08174e-09 | 87 -0.02908  1.12635e-07
 88  0.26290  1.92219e-09 | 89 -0.00000 -1.16625e-10 | 90 -0.00118 -1.58463e-10
 91  0.00000  4.44759e-11 | 92  0.00097 -7.22365e-11 | 93 -0.00000 -9.21292e-11
Estimating row 1 out of 93 for hessian
Estimating row 2 out of 93 for hessian
Estimating row 3 out of 93 for hessian
Estimating row 4 out of 93 for hessian
Estimating row 5 out of 93 for hessian
Estimating row 6 out of 93 for hessian
Estimating row 7 out of 93 for hessian
Estimating row 8 out of 93 for hessian
Estimating row 9 out of 93 for hessian
Estimating row 10 out of 93 for hessian
Estimating row 11 out of 93 for hessian
Estimating row 12 out of 93 for hessian
Estimating row 13 out of 93 for hessian
Estimating row 14 out of 93 for hessian
Estimating row 15 out of 93 for hessian
Estimating row 16 out of 93 for hessian
Estimating row 17 out of 93 for hessian
Estimating row 18 out of 93 for hessian
Estimating row 19 out of 93 for hessian
Estimating row 20 out of 93 for hessian
Estimating row 21 out of 93 for hessian
Estimating row 22 out of 93 for hessian
Estimating row 23 out of 93 for hessian
Estimating row 24 out of 93 for hessian
Estimating row 25 out of 93 for hessian
Estimating row 26 out of 93 for hessian
Estimating row 27 out of 93 for hessian
Estimating row 28 out of 93 for hessian
Estimating row 29 out of 93 for hessian
Estimating row 30 out of 93 for hessian
Estimating row 31 out of 93 for hessian
Estimating row 32 out of 93 for hessian
Estimating row 33 out of 93 for hessian
Estimating row 34 out of 93 for hessian
Estimating row 35 out of 93 for hessian
Estimating row 36 out of 93 for hessian
Estimating row 37 out of 93 for hessian
Estimating row 38 out of 93 for hessian
Estimating row 39 out of 93 for hessian
Estimating row 40 out of 93 for hessian
Estimating row 41 out of 93 for hessian
Estimating row 42 out of 93 for hessian
Estimating row 43 out of 93 for hessian
Estimating row 44 out of 93 for hessian
Estimating row 45 out of 93 for hessian
Estimating row 46 out of 93 for hessian
Estimating row 47 out of 93 for hessian
Estimating row 48 out of 93 for hessian
Estimating row 49 out of 93 for hessian
Estimating row 50 out of 93 for hessian
Estimating row 51 out of 93 for hessian
Estimating row 52 out of 93 for hessian
Estimating row 53 out of 93 for hessian
Estimating row 54 out of 93 for hessian
Estimating row 55 out of 93 for hessian
Estimating row 56 out of 93 for hessian
Estimating row 57 out of 93 for hessian
Estimating row 58 out of 93 for hessian
Estimating row 59 out of 93 for hessian
Estimating row 60 out of 93 for hessian
Estimating row 61 out of 93 for hessian
Estimating row 62 out of 93 for hessian
Estimating row 63 out of 93 for hessian
Estimating row 64 out of 93 for hessian
Estimating row 65 out of 93 for hessian
Estimating row 66 out of 93 for hessian
Estimating row 67 out of 93 for hessian
Estimating row 68 out of 93 for hessian
Estimating row 69 out of 93 for hessian
Estimating row 70 out of 93 for hessian
Estimating row 71 out of 93 for hessian
Estimating row 72 out of 93 for hessian
Estimating row 73 out of 93 for hessian
Estimating row 74 out of 93 for hessian
Estimating row 75 out of 93 for hessian
Estimating row 76 out of 93 for hessian
Estimating row 77 out of 93 for hessian
Estimating row 78 out of 93 for hessian
Estimating row 79 out of 93 for hessian
Estimating row 80 out of 93 for hessian
Estimating row 81 out of 93 for hessian
Estimating row 82 out of 93 for hessian
Estimating row 83 out of 93 for hessian
Estimating row 84 out of 93 for hessian
Estimating row 85 out of 93 for hessian
Estimating row 86 out of 93 for hessian
Estimating row 87 out of 93 for hessian
Estimating row 88 out of 93 for hessian
Estimating row 89 out of 93 for hessian
Estimating row 90 out of 93 for hessian
Estimating row 91 out of 93 for hessian
Estimating row 92 out of 93 for hessian
Estimating row 93 out of 93 for hessian
size of file gradfil1.tmp = 0
size of file gradfil2.tmp = 0
size of file varssave.tmp = 0
size of file cmpdiff.tmp = 0
