
Initial statistics: 75 variables; iteration 0; function evaluation 0; phase 1
Function value nan; maximum gradient component mag -1.1173e+07
Var    Value     Gradient |Var    Value     Gradient |Var    Value     Gradient
  1 -0.19398 -1.11730e+07 |  2  0.00000 -6.33308e+04 |  3  0.00000 -5.61104e+04
  4  0.00000 -4.67616e+04 |  5  0.00000 -4.26573e+04 |  6  0.00000 -2.83341e+04
  7  0.00000 -6.66325e+04 |  8  0.00000 -9.21593e+04 |  9  0.00000 -1.20030e+05
 10  0.00000 -1.36389e+05 | 11  0.00000 -1.30295e+05 | 12  0.00000 -1.31408e+05
 13  0.00000 -1.31834e+05 | 14  0.00000 -1.28945e+05 | 15  0.00000 -1.29873e+05
 16  0.00000 -1.22627e+05 | 17  0.00000 -1.23187e+05 | 18  0.00000 -1.16699e+05
 19  0.00000 -1.18863e+05 | 20  0.00000  6.93997e+04 | 21  0.00000  1.19464e+05
 22  0.00000  1.19408e+05 | 23  0.00000  1.01823e+05 | 24  0.00000  9.11903e+04
 25  0.00000  6.95620e+04 | 26  0.00000  6.22805e+04 | 27  0.00000  5.00076e+04
 28  0.00000  4.71763e+04 | 29  0.00000  2.17280e+04 | 30  0.00000  1.41559e+04
 31  0.00000  1.55582e+04 | 32  0.00000  1.31556e+04 | 33  0.00000 -1.15913e+05
 34  0.00000 -1.22880e+05 | 35  0.00000 -8.34079e+04 | 36  0.00000 -1.36973e+05
 37  0.00000 -1.38827e+05 | 38  0.00000 -1.34138e+05 | 39  0.00000 -1.37196e+05
 40  0.00000 -1.03460e+05 | 41  0.00000 -1.04724e+05 | 42  0.00000 -1.07990e+05
 43  0.00000 -1.23660e+05 | 44  0.00000 -1.21353e+05 | 45  0.00000 -1.48317e+05
 46  0.00000 -1.73357e+05 | 47  0.00000 -1.38839e+05 | 48  0.00000 -8.20384e+04
 49  0.00000 -4.66114e+04 | 50  0.00000 -1.81633e+04 | 51  0.00000 -7.64280e+04
 52  0.00000 -1.15860e+05 | 53  0.00000 -1.17131e+05 | 54  0.00000 -1.04844e+05
 55  0.00000 -7.88395e+04 | 56  0.00000 -5.04632e+04 | 57  0.00000 -5.17060e+04
 58  0.00000 -5.38256e+04 | 59  0.00000 -4.57721e+04 | 60  0.00000 -6.15096e+04
 61  0.00000 -6.78665e+04 | 62  0.00000 -5.35260e+04 | 63  0.00000 -5.80573e+04
 64  0.00000 -7.45503e+04 | 65  0.00000 -5.95816e+04 | 66  0.00000 -4.91709e+04
 67  0.00000 -2.57444e+04 | 68  0.00000 -1.30022e+04 | 69  0.00000  1.01308e+04
 70  0.00000  2.63967e+04 | 71  0.00000  4.53135e+04 | 72  0.00000 -5.20743e+05
 73  0.00000 -3.61745e+05 | 74  0.00000 -5.39883e+04 | 75  0.00000  1.81272e+02
  ic > imax  in fminim is answer attained ?
Var    Value     Gradient |Var    Value     Gradient |Var    Value     Gradient
  1 -0.19200 -1.02080e+07 |  2  0.00001 -5.73953e+04 |  3  0.00001 -5.06947e+04
  4  0.00001 -4.17016e+04 |  5  0.00001 -3.63665e+04 |  6  0.00001 -2.33161e+04
  7  0.00001 -6.29583e+04 |  8  0.00002 -9.01335e+04 |  9  0.00002 -1.19398e+05
 10  0.00002 -1.36654e+05 | 11  0.00002 -1.30896e+05 | 12  0.00002 -1.32023e+05
 13  0.00002 -1.32988e+05 | 14  0.00002 -1.30063e+05 | 15  0.00002 -1.30920e+05
 16  0.00002 -1.23807e+05 | 17  0.00002 -1.23824e+05 | 18  0.00002 -1.17350e+05
 19  0.00002 -1.20005e+05 | 20 -0.00001  7.00166e+04 | 21 -0.00002  1.20383e+05
 22 -0.00002  1.20406e+05 | 23 -0.00002  1.02672e+05 | 24 -0.00002  9.20274e+04
 25 -0.00001  7.03101e+04 | 26 -0.00001  6.30642e+04 | 27 -0.00001  5.07480e+04
 28 -0.00001  4.78643e+04 | 29 -0.00000  2.26002e+04 | 30 -0.00000  1.47697e+04
 31 -0.00000  1.60284e+04 | 32 -0.00000  1.36492e+04 | 33  0.00002 -1.15731e+05
 34  0.00002 -1.23133e+05 | 35  0.00001 -8.32714e+04 | 36  0.00002 -1.37632e+05
 37  0.00002 -1.39679e+05 | 38  0.00002 -1.34882e+05 | 39  0.00002 -1.37601e+05
 40  0.00002 -1.03534e+05 | 41  0.00002 -1.04762e+05 | 42  0.00002 -1.07894e+05
 43  0.00002 -1.23553e+05 | 44  0.00002 -1.20724e+05 | 45  0.00003 -1.47792e+05
 46  0.00003 -1.72746e+05 | 47  0.00002 -1.37808e+05 | 48  0.00001 -7.98251e+04
 49  0.00001 -4.55074e+04 | 50  0.00000 -1.73072e+04 | 51  0.00001 -7.56827e+04
 52  0.00002 -1.13640e+05 | 53  0.00002 -1.14844e+05 | 54  0.00002 -1.04031e+05
 55  0.00001 -7.77416e+04 | 56  0.00001 -4.92759e+04 | 57  0.00001 -5.09675e+04
 58  0.00001 -5.31242e+04 | 59  0.00001 -4.50605e+04 | 60  0.00001 -6.07999e+04
 61  0.00001 -6.70976e+04 | 62  0.00001 -5.28376e+04 | 63  0.00001 -5.73900e+04
 64  0.00001 -7.39351e+04 | 65  0.00001 -5.90025e+04 | 66  0.00001 -4.85818e+04
 67  0.00000 -2.50977e+04 | 68  0.00000 -1.22773e+04 | 69 -0.00000  1.08577e+04
 70 -0.00000  2.71721e+04 | 71 -0.00001  4.74117e+04 | 72  0.00009 -2.25402e+05
 73  0.00006 -2.88851e+05 | 74  0.00001 -5.24173e+04 | 75 -0.00000  1.81886e+02
Function minimizer not making progress ... is minimum attained?
Minimprove criterion = 0.0000e+00

 - final statistics:
75 variables; iteration 2; function evaluation 37
Function value nan; maximum gradient component mag -1.0208e+07
Exit code = 1;  converg criter 1.0000e+01
Var    Value     Gradient |Var    Value     Gradient |Var    Value     Gradient
  1 -0.19200 -1.02080e+07 |  2  0.00001 -5.73953e+04 |  3  0.00001 -5.06947e+04
  4  0.00001 -4.17016e+04 |  5  0.00001 -3.63665e+04 |  6  0.00001 -2.33161e+04
  7  0.00001 -6.29583e+04 |  8  0.00002 -9.01335e+04 |  9  0.00002 -1.19398e+05
 10  0.00002 -1.36654e+05 | 11  0.00002 -1.30896e+05 | 12  0.00002 -1.32023e+05
 13  0.00002 -1.32988e+05 | 14  0.00002 -1.30063e+05 | 15  0.00002 -1.30920e+05
 16  0.00002 -1.23807e+05 | 17  0.00002 -1.23824e+05 | 18  0.00002 -1.17350e+05
 19  0.00002 -1.20005e+05 | 20 -0.00001  7.00166e+04 | 21 -0.00002  1.20383e+05
 22 -0.00002  1.20406e+05 | 23 -0.00002  1.02672e+05 | 24 -0.00002  9.20274e+04
 25 -0.00001  7.03101e+04 | 26 -0.00001  6.30642e+04 | 27 -0.00001  5.07480e+04
 28 -0.00001  4.78643e+04 | 29 -0.00000  2.26002e+04 | 30 -0.00000  1.47697e+04
 31 -0.00000  1.60284e+04 | 32 -0.00000  1.36492e+04 | 33  0.00002 -1.15731e+05
 34  0.00002 -1.23133e+05 | 35  0.00001 -8.32714e+04 | 36  0.00002 -1.37632e+05
 37  0.00002 -1.39679e+05 | 38  0.00002 -1.34882e+05 | 39  0.00002 -1.37601e+05
 40  0.00002 -1.03534e+05 | 41  0.00002 -1.04762e+05 | 42  0.00002 -1.07894e+05
 43  0.00002 -1.23553e+05 | 44  0.00002 -1.20724e+05 | 45  0.00003 -1.47792e+05
 46  0.00003 -1.72746e+05 | 47  0.00002 -1.37808e+05 | 48  0.00001 -7.98251e+04
 49  0.00001 -4.55074e+04 | 50  0.00000 -1.73072e+04 | 51  0.00001 -7.56827e+04
 52  0.00002 -1.13640e+05 | 53  0.00002 -1.14844e+05 | 54  0.00002 -1.04031e+05
 55  0.00001 -7.77416e+04 | 56  0.00001 -4.92759e+04 | 57  0.00001 -5.09675e+04
 58  0.00001 -5.31242e+04 | 59  0.00001 -4.50605e+04 | 60  0.00001 -6.07999e+04
 61  0.00001 -6.70976e+04 | 62  0.00001 -5.28376e+04 | 63  0.00001 -5.73900e+04
 64  0.00001 -7.39351e+04 | 65  0.00001 -5.90025e+04 | 66  0.00001 -4.85818e+04
 67  0.00000 -2.50977e+04 | 68  0.00000 -1.22773e+04 | 69 -0.00000  1.08577e+04
 70 -0.00000  2.71721e+04 | 71 -0.00001  4.74117e+04 | 72  0.00009 -2.25402e+05
 73  0.00006 -2.88851e+05 | 74  0.00001 -5.24173e+04 | 75 -0.00000  1.81886e+02

Initial statistics: 79 variables; iteration 0; function evaluation 0; phase 2
Function value nan; maximum gradient component mag -1.0208e+07
Var    Value     Gradient |Var    Value     Gradient |Var    Value     Gradient
  1 -0.53593  2.23236e+05 |  2  0.62679 -4.62832e+04 |  3 -0.53593  2.13173e+06
  4  0.62679 -4.28178e+05 |  5 -0.19200 -1.02080e+07 |  6  0.00001 -5.73953e+04
  7  0.00001 -5.06947e+04 |  8  0.00001 -4.17016e+04 |  9  0.00001 -3.63665e+04
 10  0.00001 -2.33161e+04 | 11  0.00001 -6.29583e+04 | 12  0.00002 -9.01335e+04
 13  0.00002 -1.19398e+05 | 14  0.00002 -1.36654e+05 | 15  0.00002 -1.30896e+05
 16  0.00002 -1.32023e+05 | 17  0.00002 -1.32988e+05 | 18  0.00002 -1.30063e+05
 19  0.00002 -1.30920e+05 | 20  0.00002 -1.23807e+05 | 21  0.00002 -1.23824e+05
 22  0.00002 -1.17350e+05 | 23  0.00002 -1.20005e+05 | 24 -0.00001  7.00166e+04
 25 -0.00002  1.20383e+05 | 26 -0.00002  1.20406e+05 | 27 -0.00002  1.02672e+05
 28 -0.00002  9.20274e+04 | 29 -0.00001  7.03101e+04 | 30 -0.00001  6.30642e+04
 31 -0.00001  5.07480e+04 | 32 -0.00001  4.78643e+04 | 33 -0.00000  2.26002e+04
 34 -0.00000  1.47697e+04 | 35 -0.00000  1.60284e+04 | 36 -0.00000  1.36492e+04
 37  0.00002 -1.15731e+05 | 38  0.00002 -1.23133e+05 | 39  0.00001 -8.32714e+04
 40  0.00002 -1.37632e+05 | 41  0.00002 -1.39679e+05 | 42  0.00002 -1.34882e+05
 43  0.00002 -1.37601e+05 | 44  0.00002 -1.03534e+05 | 45  0.00002 -1.04762e+05
 46  0.00002 -1.07894e+05 | 47  0.00002 -1.23553e+05 | 48  0.00002 -1.20724e+05
 49  0.00003 -1.47792e+05 | 50  0.00003 -1.72746e+05 | 51  0.00002 -1.37808e+05
 52  0.00001 -7.98251e+04 | 53  0.00001 -4.55074e+04 | 54  0.00000 -1.73072e+04
 55  0.00001 -7.56827e+04 | 56  0.00002 -1.13640e+05 | 57  0.00002 -1.14844e+05
 58  0.00002 -1.04031e+05 | 59  0.00001 -7.77416e+04 | 60  0.00001 -4.92759e+04
 61  0.00001 -5.09675e+04 | 62  0.00001 -5.31242e+04 | 63  0.00001 -4.50605e+04
 64  0.00001 -6.07999e+04 | 65  0.00001 -6.70976e+04 | 66  0.00001 -5.28376e+04
 67  0.00001 -5.73900e+04 | 68  0.00001 -7.39351e+04 | 69  0.00001 -5.90025e+04
 70  0.00001 -4.85818e+04 | 71  0.00000 -2.50977e+04 | 72  0.00000 -1.22773e+04
 73 -0.00000  1.08577e+04 | 74 -0.00000  2.71721e+04 | 75 -0.00001  4.74117e+04
 76  0.00009 -2.25402e+05 | 77  0.00006 -2.88851e+05 | 78  0.00001 -5.24173e+04
 79 -0.00000  1.81886e+02 |
  ic > imax  in fminim is answer attained ?
Var    Value     Gradient |Var    Value     Gradient |Var    Value     Gradient
  1 -0.54046 -2.76505e+02 |  2  0.62773  8.46657e+01 |  3 -0.57911 -2.10652e+03
  4  0.63546  9.11067e+02 |  5  0.01473  2.36556e+04 |  6  0.00117 -8.68161e+01
  7  0.00104 -9.96142e+01 |  8  0.00085 -1.19086e+02 |  9  0.00074 -1.41526e+02
 10  0.00048 -1.66933e+02 | 11  0.00129 -1.96853e+02 | 12  0.00184 -2.30513e+02
 13  0.00244 -2.69637e+02 | 14  0.00279 -3.13877e+02 | 15  0.00267 -3.62900e+02
 16  0.00270 -4.18040e+02 | 17  0.00272 -4.72752e+02 | 18  0.00266 -5.36331e+02
 19  0.00267 -6.04382e+02 | 20  0.00253 -6.78228e+02 | 21  0.00253 -7.60126e+02
 22  0.00240 -8.33915e+02 | 23  0.00245 -9.03879e+02 | 24 -0.00143 -9.09290e+02
 25 -0.00246 -9.09164e+02 | 26 -0.00246 -9.64894e+02 | 27 -0.00210 -1.04919e+03
 28 -0.00188 -1.11142e+03 | 29 -0.00144 -1.18020e+03 | 30 -0.00129 -1.20372e+03
 31 -0.00104 -1.19620e+03 | 32 -0.00098 -1.15426e+03 | 33 -0.00046 -1.14198e+03
 34 -0.00030 -1.13395e+03 | 35 -0.00033 -1.10034e+03 | 36 -0.00028 -7.82964e+02
 37  0.00236  1.20910e+02 | 38  0.00252  8.28512e+02 | 39  0.00170  1.39390e+03
 40  0.00281  1.91153e+03 | 41  0.00285  2.34670e+03 | 42  0.00276  3.07209e+03
 43  0.00281  3.77472e+03 | 44  0.00212  3.96765e+03 | 45  0.00214  3.90000e+03
 46  0.00220  4.18224e+03 | 47  0.00252  4.84697e+03 | 48  0.00247  5.25941e+03
 49  0.00302  5.27066e+03 | 50  0.00353  4.74181e+03 | 51  0.00282  3.11736e+03
 52  0.00163  8.95857e+02 | 53  0.00093 -8.71210e+02 | 54  0.00035 -1.14419e+03
 55  0.00155 -9.71339e+02 | 56  0.00232 -9.08235e+02 | 57  0.00235 -9.99430e+02
 58  0.00213 -1.14171e+03 | 59  0.00159 -1.30795e+03 | 60  0.00101 -1.60140e+03
 61  0.00104 -1.79683e+03 | 62  0.00109 -1.74376e+03 | 63  0.00092 -1.49652e+03
 64  0.00124 -1.24664e+03 | 65  0.00137 -8.76117e+02 | 66  0.00108 -3.01670e+02
 67  0.00117  2.00544e+02 | 68  0.00151  4.64141e+02 | 69  0.00121  5.18427e+02
 70  0.00099  1.75489e+02 | 71  0.00051 -4.69912e+02 | 72  0.00025 -8.05537e+02
 73 -0.00022 -3.67815e+02 | 74 -0.00055  2.66791e+02 | 75 -0.00097  3.43117e+02
 76  0.00466  1.15924e+02 | 77  0.00591  7.41830e+00 | 78  0.00107  5.08103e+00
 79 -0.00000  4.77441e+00 |
Function minimizer not making progress ... is minimum attained?
Minimprove criterion = 0.0000e+00

 - final statistics:
79 variables; iteration 2; function evaluation 39
Function value nan; maximum gradient component mag 2.3656e+04
Exit code = 1;  converg criter 1.0000e+01
Var    Value     Gradient |Var    Value     Gradient |Var    Value     Gradient
  1 -0.54046 -2.76505e+02 |  2  0.62773  8.46657e+01 |  3 -0.57911 -2.10652e+03
  4  0.63546  9.11067e+02 |  5  0.01473  2.36556e+04 |  6  0.00117 -8.68161e+01
  7  0.00104 -9.96142e+01 |  8  0.00085 -1.19086e+02 |  9  0.00074 -1.41526e+02
 10  0.00048 -1.66933e+02 | 11  0.00129 -1.96853e+02 | 12  0.00184 -2.30513e+02
 13  0.00244 -2.69637e+02 | 14  0.00279 -3.13877e+02 | 15  0.00267 -3.62900e+02
 16  0.00270 -4.18040e+02 | 17  0.00272 -4.72752e+02 | 18  0.00266 -5.36331e+02
 19  0.00267 -6.04382e+02 | 20  0.00253 -6.78228e+02 | 21  0.00253 -7.60126e+02
 22  0.00240 -8.33915e+02 | 23  0.00245 -9.03879e+02 | 24 -0.00143 -9.09290e+02
 25 -0.00246 -9.09164e+02 | 26 -0.00246 -9.64894e+02 | 27 -0.00210 -1.04919e+03
 28 -0.00188 -1.11142e+03 | 29 -0.00144 -1.18020e+03 | 30 -0.00129 -1.20372e+03
 31 -0.00104 -1.19620e+03 | 32 -0.00098 -1.15426e+03 | 33 -0.00046 -1.14198e+03
 34 -0.00030 -1.13395e+03 | 35 -0.00033 -1.10034e+03 | 36 -0.00028 -7.82964e+02
 37  0.00236  1.20910e+02 | 38  0.00252  8.28512e+02 | 39  0.00170  1.39390e+03
 40  0.00281  1.91153e+03 | 41  0.00285  2.34670e+03 | 42  0.00276  3.07209e+03
 43  0.00281  3.77472e+03 | 44  0.00212  3.96765e+03 | 45  0.00214  3.90000e+03
 46  0.00220  4.18224e+03 | 47  0.00252  4.84697e+03 | 48  0.00247  5.25941e+03
 49  0.00302  5.27066e+03 | 50  0.00353  4.74181e+03 | 51  0.00282  3.11736e+03
 52  0.00163  8.95857e+02 | 53  0.00093 -8.71210e+02 | 54  0.00035 -1.14419e+03
 55  0.00155 -9.71339e+02 | 56  0.00232 -9.08235e+02 | 57  0.00235 -9.99430e+02
 58  0.00213 -1.14171e+03 | 59  0.00159 -1.30795e+03 | 60  0.00101 -1.60140e+03
 61  0.00104 -1.79683e+03 | 62  0.00109 -1.74376e+03 | 63  0.00092 -1.49652e+03
 64  0.00124 -1.24664e+03 | 65  0.00137 -8.76117e+02 | 66  0.00108 -3.01670e+02
 67  0.00117  2.00544e+02 | 68  0.00151  4.64141e+02 | 69  0.00121  5.18427e+02
 70  0.00099  1.75489e+02 | 71  0.00051 -4.69912e+02 | 72  0.00025 -8.05537e+02
 73 -0.00022 -3.67815e+02 | 74 -0.00055  2.66791e+02 | 75 -0.00097  3.43117e+02
 76  0.00466  1.15924e+02 | 77  0.00591  7.41830e+00 | 78  0.00107  5.08103e+00
 79 -0.00000  4.77441e+00 |

Initial statistics: 94 variables; iteration 0; function evaluation 0; phase 3
Function value 2.5368998e+03; maximum gradient component mag 2.3656e+04
Var    Value     Gradient |Var    Value     Gradient |Var    Value     Gradient
  1 -0.54046 -2.76505e+02 |  2  0.62773  8.46656e+01 |  3 -0.64792  7.55604e+02
  4 -0.57911 -2.10652e+03 |  5  0.63546  9.11067e+02 |  6 -0.64792  8.79319e+03
  7  0.01473  2.36556e+04 |  8  0.00000 -7.20276e+01 |  9  0.00117 -8.68160e+01
 10  0.00104 -9.96141e+01 | 11  0.00085 -1.19086e+02 | 12  0.00074 -1.41525e+02
 13  0.00048 -1.66933e+02 | 14  0.00129 -1.96853e+02 | 15  0.00184 -2.30513e+02
 16  0.00244 -2.69637e+02 | 17  0.00279 -3.13876e+02 | 18  0.00267 -3.62899e+02
 19  0.00270 -4.18039e+02 | 20  0.00272 -4.72752e+02 | 21  0.00266 -5.36330e+02
 22  0.00267 -6.04382e+02 | 23  0.00253 -6.78227e+02 | 24  0.00253 -7.60126e+02
 25  0.00240 -8.33915e+02 | 26  0.00245 -9.03878e+02 | 27 -0.00143 -9.09290e+02
 28 -0.00246 -9.09164e+02 | 29 -0.00246 -9.64894e+02 | 30 -0.00210 -1.04919e+03
 31 -0.00188 -1.11142e+03 | 32 -0.00144 -1.18020e+03 | 33 -0.00129 -1.20372e+03
 34 -0.00104 -1.19620e+03 | 35 -0.00098 -1.15426e+03 | 36 -0.00046 -1.14198e+03
 37 -0.00030 -1.13395e+03 | 38 -0.00033 -1.10034e+03 | 39 -0.00028 -7.82963e+02
 40  0.00236  1.20910e+02 | 41  0.00252  8.28512e+02 | 42  0.00170  1.39390e+03
 43  0.00281  1.91153e+03 | 44  0.00285  2.34670e+03 | 45  0.00276  3.07209e+03
 46  0.00281  3.77472e+03 | 47  0.00212  3.96765e+03 | 48  0.00214  3.90000e+03
 49  0.00220  4.18224e+03 | 50  0.00252  4.84697e+03 | 51  0.00247  5.25941e+03
 52  0.00302  5.27066e+03 | 53  0.00353  4.74181e+03 | 54  0.00282  3.11735e+03
 55  0.00163  8.95854e+02 | 56  0.00093 -8.71210e+02 | 57  0.00035 -1.14419e+03
 58  0.00155 -9.71340e+02 | 59  0.00232 -9.08236e+02 | 60  0.00235 -9.99431e+02
 61  0.00213 -1.14171e+03 | 62  0.00159 -1.30795e+03 | 63  0.00101 -1.60140e+03
 64  0.00104 -1.79683e+03 | 65  0.00109 -1.74377e+03 | 66  0.00092 -1.49652e+03
 67  0.00124 -1.24664e+03 | 68  0.00137 -8.76118e+02 | 69  0.00108 -3.01671e+02
 70  0.00117  2.00543e+02 | 71  0.00151  4.64140e+02 | 72  0.00121  5.18425e+02
 73  0.00099  1.75487e+02 | 74  0.00051 -4.69913e+02 | 75  0.00025 -8.05538e+02
 76 -0.00022 -3.67815e+02 | 77 -0.00055  2.66790e+02 | 78 -0.00097  3.43117e+02
 79  0.00466  1.15923e+02 | 80  0.00591  7.41830e+00 | 81  0.00107  5.08103e+00
 82 -0.00000  4.77441e+00 | 83 -0.38722  1.75860e+03 | 84 -0.99265 -2.47237e-01
 85 -0.03301 -5.50989e+02 | 86 -0.10660  1.07939e+03 | 87 -0.99265 -2.47291e-01
 88  0.07752 -1.03708e+03 | 89 -0.13672 -2.53218e+02 | 90 -0.99265 -2.47339e-01
 91  0.07752  2.12456e+02 | 92 -0.38722  3.73124e+01 | 93  0.00000  1.84349e+00
 94  0.07752 -1.14727e+01 |

Intermediate statistics: 94 variables; iteration 20; function evaluation 32; phase 3
Function value 8.7843095e+02; maximum gradient component mag 2.0273e+03
Var    Value     Gradient |Var    Value     Gradient |Var    Value     Gradient
  1 -0.71264  3.53779e+02 |  2  0.62489 -6.19994e+01 |  3 -0.72454 -8.39102e+01
  4 -0.38619  8.43468e+01 |  5  0.57088  2.24577e+02 |  6 -0.67829  2.02733e+03
  7  0.07231  5.22938e+02 |  8  0.02275 -6.21738e+00 |  9  0.02581 -6.68965e+00
 10  0.01762 -4.86175e+00 | 11  0.01999 -5.43831e+00 | 12  0.02236 -6.00571e+00
 13  0.02446 -6.60118e+00 | 14  0.02686 -7.17603e+00 | 15  0.02861 -7.88260e+00
 16  0.02995 -8.62690e+00 | 17  0.03039 -9.40787e+00 | 18  0.02929 -1.01892e+01
 19  0.02706 -1.06337e+01 | 20  0.01572 -6.34804e+00 | 21  0.00218 -3.86273e+00
 22 -0.01266 -4.42336e+00 | 23 -0.02824 -7.89715e+00 | 24 -0.04143 -1.21667e+01
 25 -0.05670 -1.65367e+01 | 26 -0.06652 -1.97107e+01 | 27 -0.06865 -2.10346e+01
 28 -0.07007 -2.30642e+01 | 29 -0.06172 -2.50078e+01 | 30 -0.03751 -2.55792e+01
 31 -0.00003 -2.72840e+01 | 32  0.05217 -3.38261e+01 | 33  0.10513 -4.28462e+01
 34  0.14291 -4.71289e+01 | 35  0.11838  6.63359e+00 | 36  0.04463  3.49273e+01
 37 -0.05825  1.75733e+01 | 38 -0.15268 -8.94792e+00 | 39 -0.06544  4.23689e+01
 40  0.10252  2.36236e+02 | 41  0.02181  1.04424e+02 | 42 -0.06994  1.34679e+01
 43  0.04713  1.33591e+00 | 44 -0.01035 -1.48730e+00 | 45 -0.12114 -7.65758e+01
 46 -0.04172 -1.55869e+02 | 47 -0.00264 -2.39580e+02 | 48  0.00337 -1.31854e+02
 49 -0.01150  1.45846e+02 | 50 -0.05390  2.63959e+02 | 51 -0.06765  2.54893e+02
 52 -0.06424  2.22344e+02 | 53 -0.10250  1.15210e+02 | 54 -0.22621 -3.62124e-01
 55  0.17825 -4.08513e+02 | 56  0.04870 -1.81342e+02 | 57 -0.08725 -9.75778e+01
 58 -0.04769 -1.19439e+02 | 59  0.04355 -8.88773e+01 | 60  0.12429  5.75493e-01
 61 -0.10317 -1.43432e+01 | 62 -0.13551 -1.29546e+01 | 63  0.17429  4.11877e+02
 64  0.04580  1.68176e+02 | 65  0.00564  8.82233e+01 | 66  0.02462  7.43745e+01
 67  0.08515  9.17782e+01 | 68  0.00109  9.35353e+01 | 69 -0.05941  6.76346e+01
 70  0.01035  1.15956e+02 | 71  0.04742  1.51181e+02 | 72 -0.16447 -3.29068e+01
 73 -0.27179 -5.99131e+01 | 74  0.20058 -6.77410e+01 | 75 -0.01187  2.26505e+01
 76 -0.33232 -5.78698e+01 | 77 -0.25486 -4.99684e+01 | 78 -0.11762 -2.60027e+01
 79 -0.04865 -8.61324e+00 | 80 -0.01055  2.23019e+00 | 81 -0.01215  1.76092e+00
 82 -0.01262  1.56152e+00 | 83 -0.43797  6.02993e+01 | 84 -0.99190 -2.28144e-01
 85 -0.03303 -9.86504e+00 | 86 -0.16966 -2.37987e+02 | 87 -0.99190 -2.28141e-01
 88 -0.14941  1.92900e+02 | 89  0.06521 -3.39059e+01 | 90 -0.99190 -2.28152e-01
 91  0.13522  3.55627e+01 | 92 -0.45532  4.09028e+01 | 93 -0.00528  2.88015e+00
 94  0.10028 -8.00613e+00 |
94 variables; iteration 40; function evaluation 58; phase 3
Function value 8.0515516e+02; maximum gradient component mag -5.6798e+02
Var    Value     Gradient |Var    Value     Gradient |Var    Value     Gradient
  1 -0.76023 -7.07119e+01 |  2  0.89137 -2.18078e+01 |  3 -0.79724 -5.67984e+02
  4 -0.42410  2.18284e+02 |  5  0.43024  1.91798e+01 |  6 -0.67188  4.79988e+01
  7  0.07526  4.87638e+01 |  8  0.04313  1.68105e+01 |  9  0.04460  1.71315e+01
 10  0.00902  1.07226e+01 | 11  0.00896  1.07370e+01 | 12  0.00756  1.03798e+01
 13  0.00534  9.83271e+00 | 14  0.00135  8.84636e+00 | 15 -0.00288  7.81022e+00
 16 -0.00835  6.37437e+00 | 17 -0.01545  4.41933e+00 | 18 -0.02541  1.74510e+00
 19 -0.04017 -2.20507e+00 | 20 -0.08252 -1.16929e+01 | 21 -0.11590 -1.94918e+01
 22 -0.14788 -2.71007e+01 | 23 -0.17709 -3.37845e+01 | 24 -0.20472 -3.98636e+01
 25 -0.22759 -4.44442e+01 | 26 -0.24281 -4.78928e+01 | 27 -0.23826 -4.61564e+01
 28 -0.21307 -4.34907e+01 | 29 -0.16506 -3.95199e+01 | 30 -0.13118 -3.34907e+01
 31 -0.04454 -1.90585e+01 | 32  0.18750 -6.45673e+00 | 33  0.15961  3.69858e+01
 34  0.06362  2.73851e+01 | 35 -0.00440  1.55363e+01 | 36 -0.03483  2.93012e+00
 37 -0.13573 -1.82730e+01 | 38 -0.29552 -4.72054e+01 | 39 -0.13525  4.08372e+01
 40  0.09844  4.78023e+02 | 41  0.02660  2.26419e+02 | 42 -0.16829 -5.36173e+00
 43  0.06946  7.21896e+01 | 44 -0.17525 -3.46980e+01 | 45 -0.13651 -4.25846e+01
 46 -0.19447 -4.28112e+01 | 47  0.07019 -5.87879e+01 | 48 -0.15144 -6.55555e+01
 49  0.01502 -1.26608e+01 | 50 -0.08021  5.96228e+01 | 51 -0.08897  5.81032e+01
 52 -0.10230  3.47372e+01 | 53 -0.13208  1.74695e+01 | 54 -0.29867 -4.59972e+01
 55  0.21644 -2.49983e+02 | 56 -0.05417  3.85860e+01 | 57  0.09503 -2.72139e+01
 58 -0.21928 -5.61034e+01 | 59  0.04129 -5.54320e+01 | 60  0.08561  3.79750e+01
 61 -0.07717 -1.00512e+01 | 62 -0.19219 -4.34448e+01 | 63  0.16312 -5.55602e+01
 64 -0.01787 -2.86552e+01 | 65  0.03404 -1.02540e+02 | 66 -0.02832 -1.16084e+02
 67  0.03903 -1.57579e+02 | 68 -0.01316 -1.10619e+01 | 69 -0.09014 -4.05672e+00
 70 -0.04104  1.79154e+01 | 71 -0.03423  6.89625e+01 | 72 -0.07750  1.88356e+01
 73 -0.13483 -2.35658e+01 | 74  0.21856  4.55829e+01 | 75 -0.21156 -3.82309e+01
 76 -0.29688 -5.34794e+01 | 77 -0.39842 -7.01156e+01 | 78 -0.20312 -3.87926e+01
 79 -0.08064 -1.16157e+01 | 80 -0.04390 -4.71087e+00 | 81 -0.04028 -3.92478e+00
 82 -0.03877 -3.68448e+00 | 83 -0.43360  1.22440e+01 | 84 -0.98504 -1.30524e-01
 85  0.09006  2.16181e+00 | 86 -0.16713 -1.77010e+02 | 87 -0.98504 -1.30543e-01
 88 -0.15492  7.74322e+01 | 89  1.11765  6.01826e+00 | 90 -0.98504 -1.30530e-01
 91  0.29577  2.26166e+01 | 92 -0.77897  8.72456e+00 | 93 -0.08326  2.83724e-01
 94  0.15250 -1.35366e-03 |
94 variables; iteration 60; function evaluation 82; phase 3
Function value 7.6301578e+02; maximum gradient component mag 4.3680e+03
Var    Value     Gradient |Var    Value     Gradient |Var    Value     Gradient
  1 -0.75950 -1.56592e+03 |  2  0.89494  5.70340e+01 |  3 -0.79992  3.38430e+03
  4 -0.43197 -4.18660e+02 |  5  0.47671 -1.46423e+02 |  6 -0.67862 -7.51350e+02
  7  0.06067  4.36799e+03 |  8  0.04361  1.22797e+01 |  9  0.04388  1.22148e+01
 10  0.00976  7.30225e+00 | 11  0.00756  6.81898e+00 | 12  0.00476  6.14577e+00
 13  0.00148  5.37440e+00 | 14 -0.00278  4.36689e+00 | 15 -0.00761  3.18495e+00
 16 -0.01282  1.90246e+00 | 17 -0.01834  4.89818e-01 | 18 -0.02511 -1.18459e+00
 19 -0.03249 -2.99662e+00 | 20 -0.03498 -2.82215e+00 | 21 -0.04629 -5.18674e+00
 22 -0.06220 -8.85072e+00 | 23 -0.08578 -1.43688e+01 | 24 -0.11274 -2.05010e+01
 25 -0.14724 -2.79139e+01 | 26 -0.16887 -3.20033e+01 | 27 -0.16268 -2.65481e+01
 28 -0.14677 -2.14838e+01 | 29 -0.12954 -1.87782e+01 | 30 -0.15682 -2.40951e+01
 31 -0.15742 -2.60540e+01 | 32  0.27183  1.57867e+02 | 33  0.20024  1.05421e+02
 34  0.12718  5.40481e+01 | 35  0.01763  2.31111e+01 | 36 -0.05374  1.02604e+01
 37 -0.06709  3.20242e+01 | 38 -0.23564 -2.30344e+01 | 39 -0.07900  9.15150e+01
 40  0.09557  4.08487e+02 | 41  0.00828  2.25017e+02 | 42 -0.04166  1.61027e+02
 43  0.11146  5.03110e+02 | 44 -0.19650 -4.97615e+00 | 45 -0.06936  5.16624e+01
 46 -0.14652  1.63771e+01 | 47  0.10723  4.09591e+02 | 48 -0.12760  3.27071e+01
 49  0.05509  4.18521e+02 | 50 -0.02537  2.77027e+02 | 51 -0.07752  1.25262e+02
 52 -0.08580  6.60988e+01 | 53 -0.09889  3.98323e+01 | 54 -0.15492 -1.08409e+01
 55  0.24422 -5.38158e+02 | 56 -0.01803 -6.93266e+00 | 57  0.11535 -1.48301e+02
 58 -0.28936 -6.27231e+01 | 59  0.14185 -5.67595e+01 | 60  0.06640  9.08664e+00
 61 -0.03645 -1.65229e+01 | 62 -0.05512 -3.79003e+01 | 63  0.16910 -8.00878e+01
 64 -0.00992  1.95253e+00 | 65  0.04096  4.73192e+01 | 66  0.14024  1.01842e+02
 67 -0.02878  8.58264e+00 | 68  0.06034  1.18537e+02 | 69 -0.04830  4.78054e+01
 70  0.00172  8.15158e+01 | 71 -0.00492  8.99401e+01 | 72 -0.08792 -5.74702e+00
 73 -0.12264 -3.96937e+01 | 74  0.24279 -1.94340e+02 | 75 -0.15572 -3.35628e+01
 76 -0.21597 -4.09560e+01 | 77 -0.19338 -4.31961e+01 | 78 -0.24071 -4.79847e+01
 79 -0.07353 -1.14322e+01 | 80 -0.02655 -1.29952e+00 | 81 -0.02467 -1.01288e+00
 82 -0.02432 -9.69908e-01 | 83 -0.47489  7.10103e+01 | 84 -0.85528 -1.33538e-02
 85  0.34894 -1.54887e-01 | 86 -0.15270  3.14522e+02 | 87 -0.85526 -1.32644e-02
 88 -0.14436 -7.83988e+00 | 89  1.10505  2.20991e+00 | 90 -0.85526 -1.35918e-02
 91  0.39953 -3.16654e+00 | 92 -0.77617  9.52686e+00 | 93 -0.77838 -8.65626e-03
 94  0.46447  2.04562e-02 |
94 variables; iteration 80; function evaluation 107; phase 3
Function value 6.6695700e+02; maximum gradient component mag 5.5514e+03
Var    Value     Gradient |Var    Value     Gradient |Var    Value     Gradient
  1 -0.75941 -2.04792e+03 |  2  1.00959 -3.39894e+00 |  3 -0.80947  2.47710e+03
  4 -0.46653 -1.19401e+03 |  5  0.55585  1.64627e+02 |  6 -0.68683  1.31724e+03
  7  0.04858  5.55144e+03 |  8  0.07031  3.90291e+01 |  9  0.06057  3.51413e+01
 10  0.01489  2.18684e+01 | 11  0.00133  1.74805e+01 | 12 -0.01087  1.35471e+01
 13 -0.02328  9.78506e+00 | 14 -0.03656  5.97528e+00 | 15 -0.04967  2.35110e+00
 16 -0.06017 -4.73345e-01 | 17 -0.06564 -1.67266e+00 | 18 -0.06121  3.48902e-01
 19 -0.06481 -3.76728e-01 | 20 -0.01747  1.74726e+01 | 21 -0.04017  1.01829e+01
 22 -0.02126  1.96028e+01 | 23 -0.03443  1.78205e+01 | 24 -0.10946 -7.14844e+00
 25 -0.10536 -4.03852e-01 | 26 -0.13540 -8.59554e+00 | 27 -0.04960  4.32927e+01
 28 -0.11560  3.45015e+00 | 29 -0.15443 -1.65520e+01 | 30 -0.11500 -2.43731e+00
 31 -0.07336  1.00603e+00 | 32  0.33724  2.25852e+02 | 33  0.18916  1.32005e+02
 34  0.16139  1.36712e+02 | 35 -0.02096  4.20923e+01 | 36 -0.01439  7.02655e+01
 37 -0.13754  1.66140e+01 | 38 -0.17431  1.93828e+01 | 39 -0.13717  7.66146e+01
 40  0.05705  5.23963e+02 | 41  0.01898  4.31473e+02 | 42 -0.03089  2.82629e+02
 43  0.07769  6.09296e+02 | 44 -0.05360  1.92406e+02 | 45 -0.02522  1.91394e+02
 46 -0.14055  3.64111e+01 | 47  0.11218  3.71668e+02 | 48 -0.07419  4.47806e+01
 49  0.03570  2.66981e+02 | 50 -0.03515  2.28895e+02 | 51 -0.02526  2.28393e+02
 52 -0.09140  8.01824e+01 | 53 -0.07608  7.49287e+01 | 54 -0.12539  1.02679e+01
 55  0.25494 -4.98288e+02 | 56 -0.04173 -2.26535e+01 | 57  0.09697 -1.50069e+02
 58 -0.06173 -5.69308e+01 | 59  0.19267 -1.74016e+02 | 60  0.00950 -9.58175e+01
 61 -0.24257 -6.15214e+01 | 62  0.10241 -1.11834e+02 | 63  0.17737 -7.41252e+01
 64 -0.04883 -1.94096e+01 | 65  0.09264  1.69678e+01 | 66  0.10536  9.36989e+00
 67  0.10274 -2.37645e+01 | 68 -0.05448  1.77949e+00 | 69  0.02901  3.86345e+01
 70  0.03377  1.39632e+01 | 71 -0.09942 -1.10319e+01 | 72 -0.04055 -1.49099e+01
 73  0.01163 -4.52844e+01 | 74  0.23830 -3.30113e+02 | 75 -0.13097 -4.30421e+01
 76 -0.22124 -4.83318e+01 | 77 -0.08346 -3.45203e+01 | 78 -0.09743 -1.76026e+01
 79 -0.09276 -1.69633e+01 | 80 -0.02680 -1.70391e+00 | 81 -0.00822  2.63963e+00
 82  0.02767  1.14900e+01 | 83 -0.41236  1.52078e+02 | 84 -0.41813  3.95790e-01
 85  1.14150 -1.05052e-02 | 86 -0.15528  3.18647e+02 | 87 -0.42207  2.89618e-01
 88 -0.17877 -2.80717e+01 | 89  0.74537  7.52560e+00 | 90 -0.34570  5.94309e-02
 91  0.10908 -4.77518e+01 | 92 -0.76198  2.47416e+02 | 93  0.69179  5.97388e-03
 94 -4.32761 -2.59920e-03 |
94 variables; iteration 100; function evaluation 131; phase 3
Function value 6.2378873e+02; maximum gradient component mag 1.3327e+03
Var    Value     Gradient |Var    Value     Gradient |Var    Value     Gradient
  1 -0.75091 -5.79454e+02 |  2  1.04301  8.94353e+00 |  3 -0.81523 -2.84592e+02
  4 -0.45859 -4.36928e+02 |  5  0.59737  5.34459e+01 |  6 -0.69353  2.56465e+02
  7  0.05536  1.33266e+03 |  8  0.03946  2.48794e+01 |  9  0.02363  1.93228e+01
 10 -0.01461  1.03534e+01 | 11  0.01405  2.04642e+01 | 12  0.03870  2.97151e+01
 13 -0.10805 -1.69777e+01 | 14 -0.00667  1.50203e+01 | 15 -0.08624 -9.74638e+00
 16 -0.09436 -1.16047e+01 | 17 -0.06584 -2.23450e+00 | 18 -0.03327  9.49466e+00
 19 -0.06230  2.26952e-01 | 20 -0.02387  1.47117e+01 | 21 -0.03169  1.30803e+01
 22  0.00305  2.96001e+01 | 23 -0.06666  4.92302e+00 | 24 -0.08064  4.10820e+00
 25 -0.09066  6.26898e+00 | 26 -0.08180  1.02483e+01 | 27 -0.13883 -9.31770e+00
 28 -0.10952 -3.63297e+00 | 29 -0.13851 -1.87337e+01 | 30 -0.11546 -1.06851e+01
 31 -0.05590 -3.47181e+00 | 32  0.36719  1.29723e+02 | 33  0.18916  1.03777e+02
 34  0.06731  5.60649e+01 | 35 -0.02183  3.03445e+01 | 36 -0.01587  4.52301e+01
 37 -0.14102  4.23495e+00 | 38 -0.21244 -2.41357e+00 | 39 -0.14328  7.45407e+01
 40  0.02119  3.78338e+02 | 41 -0.01431  2.97520e+02 | 42 -0.05495  1.90993e+02
 43  0.05852  4.14168e+02 | 44 -0.03172  1.65133e+02 | 45 -0.05097  6.51069e+01
 46 -0.09946  7.43227e+00 | 47  0.11991  4.12776e+01 | 48 -0.11767 -4.96029e+01
 49  0.04699 -3.56350e+01 | 50 -0.05628 -6.92923e+00 | 51 -0.03738 -7.63572e+01
 52 -0.10761 -9.31592e+01 | 53 -0.08290 -5.87051e+01 | 54 -0.12226 -1.73632e+01
 55  0.25063 -2.33173e+02 | 56 -0.06742  1.07832e+01 | 57  0.06926 -4.34066e+01
 58 -0.00520 -3.47435e+01 | 59  0.19083 -1.30700e+02 | 60 -0.06226 -7.40190e+01
 61 -0.24874 -5.98820e+01 | 62  0.13647 -5.90219e+01 | 63  0.15352 -4.19635e+01
 64 -0.06564 -3.06680e+01 | 65  0.09142 -3.20451e+01 | 66  0.04881 -2.16643e+01
 67  0.12788 -3.52270e+01 | 68 -0.07425 -1.06130e+01 | 69 -0.04173 -1.77466e+01
 70  0.04797 -4.41724e+01 | 71 -0.15536 -3.30653e+01 | 72 -0.07206 -1.59528e+01
 73  0.07619 -9.55883e+00 | 74  0.21255 -1.70981e+02 | 75 -0.14884 -3.43474e+01
 76 -0.07320 -2.66435e+00 | 77 -0.12669 -3.10167e+01 | 78 -0.08667 -1.23396e+01
 79 -0.01849  2.65189e+00 | 80  0.00364  6.05845e+00 | 81  0.00937  7.18370e+00
 82  0.01480  8.56501e+00 | 83 -0.43382  3.76436e+01 | 84 -0.61176 -4.98158e-06
 85  1.08031 -2.50086e-02 | 86 -0.15376  2.37942e+02 | 87 -0.58604  5.36834e-03
 88 -0.16654 -2.55608e+01 | 89  0.75241  4.85375e+00 | 90 -0.43020  1.08522e-02
 91  0.10754 -1.20388e+01 | 92 -0.77311  1.14797e+01 | 93  1.55691 -2.62472e-03
 94 -6.28554 -3.12024e-02 |
94 variables; iteration 120; function evaluation 159; phase 3
Function value 5.5304664e+02; maximum gradient component mag 1.9459e+03
Var    Value     Gradient |Var    Value     Gradient |Var    Value     Gradient
  1 -0.74672 -1.63346e+03 |  2  1.14726 -1.48819e+00 |  3 -0.82263  1.49444e+02
  4 -0.41774 -5.07919e+02 |  5  0.65747  3.71096e+01 |  6 -0.69994  4.66154e+02
  7  0.07308  1.94591e+03 |  8  0.00437  3.64348e+01 |  9 -0.01811  2.48984e+01
 10 -0.02651  2.41770e+01 | 11  0.00155  3.78748e+01 | 12 -0.02465  2.56000e+01
 13 -0.03308  2.38808e+01 | 14 -0.04117  2.25874e+01 | 15 -0.03494  2.83582e+01
 16 -0.02625  3.60334e+01 | 17 -0.04329  3.02525e+01 | 18 -0.06079  2.44728e+01
 19 -0.06797  2.39272e+01 | 20 -0.08536  1.79503e+01 | 21 -0.08120  2.37979e+01
 22 -0.09066  2.35908e+01 | 23 -0.08987  3.17309e+01 | 24 -0.11933  2.05353e+01
 25 -0.14403  7.44097e+00 | 26 -0.15142 -3.02991e+00 | 27 -0.13001  8.97148e+00
 28 -0.12327  8.40173e+00 | 29 -0.11019  2.42782e+01 | 30 -0.15193  2.94169e+01
 31 -0.18245 -3.83075e+01 | 32  0.38119 -1.06283e+03 | 33  0.08539 -1.32021e+02
 34 -0.04707 -6.10987e+01 | 35 -0.02466 -6.58024e+01 | 36  0.09217 -1.74134e+02
 37 -0.07368 -5.05216e+01 | 38 -0.21714 -2.34109e+01 | 39 -0.20498  6.72080e+00
 40 -0.12351  4.30666e+01 | 41 -0.11015  6.08915e+01 | 42 -0.10701  6.35533e+01
 43  0.01295  1.56306e+02 | 44 -0.09182  4.89566e+01 | 45 -0.06101  3.96285e+01
 46 -0.02851  8.11934e+01 | 47  0.09395  1.53847e+02 | 48 -0.03810 -3.62674e+01
 49  0.07335 -1.21825e+02 | 50 -0.25452 -5.88440e+01 | 51  0.00633 -1.09242e+02
 52 -0.06004 -6.46778e+01 | 53 -0.11031 -2.49011e+01 | 54 -0.12975  1.14175e+01
 55  0.22649  4.85384e+01 | 56 -0.06831  4.16228e+01 | 57  0.01154  3.07224e+01
 58  0.07250  9.23446e+01 | 59  0.14761  5.28426e+01 | 60 -0.22540 -4.90703e+01
 61  0.04639  4.08364e+01 | 62  0.11169  2.02713e+02 | 63  0.03376  1.11606e+02
 64  0.12968  3.20737e+02 | 65  0.04232  1.44985e+02 | 66 -0.13323 -1.61613e+00
 67  0.14940  2.43954e+02 | 68 -0.18009 -7.00984e+00 | 69 -0.04536  5.25772e+01
 70  0.01336  6.72307e+01 | 71 -0.15183 -1.94989e+00 | 72 -0.08202  2.42596e+01
 73  0.04368  5.06581e+01 | 74  0.18207 -6.47079e+01 | 75 -0.07782 -4.05841e+00
 76 -0.13203  2.27553e+00 | 77 -0.03400  2.33555e+01 | 78 -0.03140  1.53241e+01
 79 -0.05889 -4.53239e+00 | 80 -0.01708  1.61119e+00 | 81 -0.01924  7.72167e-01
 82 -0.03214 -2.31180e+00 | 83 -0.46720  2.03200e+01 | 84 -0.45825  2.75088e-02
 85  1.41708 -2.66052e-03 | 86 -0.16484  1.16432e+02 | 87 -0.42943  4.13862e-01
 88 -0.16673  4.65387e+01 | 89  1.18270 -5.46423e+00 | 90 -0.71703 -6.39886e-03
 91  0.13630  4.74168e+01 | 92 -0.81454  2.94572e-03 | 93  4.07925 -9.13964e-02
 94 -12.90294 -2.04241e-02 |
94 variables; iteration 140; function evaluation 184; phase 3
Function value 5.0019143e+02; maximum gradient component mag -5.5718e+02
Var    Value     Gradient |Var    Value     Gradient |Var    Value     Gradient
  1 -0.72783  2.74680e+02 |  2  1.13949  3.30717e+01 |  3 -0.82655 -5.51899e+02
  4 -0.38922  1.27417e+01 |  5  0.72104 -2.94293e+01 |  6 -0.70535 -5.57184e+02
  7  0.08651 -1.80732e+02 |  8 -0.01327 -1.24152e+01 |  9 -0.02768 -1.51565e+01
 10 -0.04797 -1.48292e+01 | 11 -0.02971 -1.06275e+01 | 12 -0.02230 -8.51210e+00
 13 -0.01127 -5.44268e+00 | 14 -0.02531 -8.19635e+00 | 15 -0.02982 -8.67010e+00
 16 -0.03396 -9.80445e+00 | 17 -0.02886 -9.16531e+00 | 18 -0.03404 -1.01997e+01
 19 -0.03277 -9.39711e+00 | 20 -0.01890 -5.61156e+00 | 21 -0.04864 -1.05009e+01
 22 -0.06505 -1.16350e+01 | 23 -0.09334 -1.35091e+01 | 24 -0.11981 -1.51328e+01
 25 -0.13345 -1.76160e+01 | 26 -0.05351 -6.31025e+00 | 27 -0.09725 -1.21277e+01
 28 -0.05190 -5.29374e+00 | 29 -0.04929 -5.02246e+00 | 30 -0.17631 -2.94942e+01
 31 -0.09833 -6.22795e+00 | 32  0.37615  4.50018e+02 | 33  0.11778  1.13884e+02
 34  0.07484  8.26616e+01 | 35 -0.07774  1.39385e+01 | 36  0.13883  1.05524e+02
 37 -0.20930 -8.92665e-01 | 38 -0.28415  1.14791e+00 | 39 -0.23648  4.64791e+01
 40 -0.15726  1.16219e+02 | 41 -0.15533  1.15527e+02 | 42 -0.13519  1.17932e+02
 43 -0.05877  1.72671e+02 | 44 -0.06964  1.35030e+02 | 45 -0.07633  7.15221e+01
 46 -0.01483  7.75067e+01 | 47  0.04561  1.02480e+01 | 48  0.03137 -1.09431e+01
 49  0.05619  8.59382e+00 | 50 -0.13442 -2.95758e+01 | 51  0.00557  1.04615e+01
 52 -0.04295 -4.36300e+01 | 53 -0.10436 -6.95404e+01 | 54 -0.22948 -4.23948e+01
 55  0.21831 -6.83021e+01 | 56 -0.13743 -8.41781e-01 | 57  0.09020 -1.81101e+00
 58 -0.03598 -9.58101e+00 | 59  0.15572 -4.09514e+01 | 60 -0.20979 -5.44503e+01
 61  0.10147 -7.84627e+01 | 62  0.04211 -9.90401e+01 | 63  0.03150 -1.16937e+02
 64  0.14575 -8.80390e+01 | 65 -0.09946 -3.72203e+01 | 66  0.00939 -4.41528e+01
 67  0.14352 -5.05384e+01 | 68 -0.22769 -4.68537e+01 | 69 -0.09438 -4.95670e+01
 70  0.04013 -8.09961e+01 | 71 -0.14060 -2.96406e+01 | 72 -0.04314 -3.45585e+01
 73 -0.11081 -4.40408e+01 | 74  0.20293 -8.81376e+01 | 75 -0.09575 -2.14267e+01
 76 -0.12143 -8.64567e+00 | 77 -0.03095 -3.17779e+00 | 78 -0.06793 -1.36928e+00
 79 -0.04855 -2.29366e+00 | 80 -0.02527 -2.89761e-01 | 81 -0.02012  6.06524e-01
 82 -0.01822  1.18940e+00 | 83 -0.49872  1.96864e+01 | 84 -1.80780 -6.73081e+00
 85  1.84582  2.88156e-01 | 86 -0.21145  1.87113e+02 | 87 -1.43177 -1.16653e-02
 88 -0.25037 -3.65776e+01 | 89  0.95494  1.09848e+00 | 90 -1.66604 -7.58446e-03
 91  0.12064 -4.49342e+01 | 92 -0.83890 -8.26892e-03 | 93  5.72925 -1.42291e-03
 94 -20.79044 -9.19480e-03 |
94 variables; iteration 160; function evaluation 208; phase 3
Function value 4.5894892e+02; maximum gradient component mag -3.8356e+03
Var    Value     Gradient |Var    Value     Gradient |Var    Value     Gradient
  1 -0.71921  2.50370e+03 |  2  1.10074  5.16294e+01 |  3 -0.82899 -2.31433e+03
  4 -0.34436  7.52510e+02 |  5  0.80708 -7.38194e+01 |  6 -0.71110 -1.47261e+03
  7  0.10553 -3.83555e+03 |  8 -0.00839 -4.57284e+01 |  9  0.00236 -4.72449e+01
 10  0.00093 -4.23520e+01 | 11 -0.03127 -3.89996e+01 | 12 -0.01526 -3.86323e+01
 13 -0.02894 -3.85851e+01 | 14 -0.02095 -4.16197e+01 | 15 -0.02091 -4.47399e+01
 16 -0.02684 -4.79966e+01 | 17 -0.03245 -5.19623e+01 | 18 -0.04390 -5.51903e+01
 19 -0.04975 -5.85732e+01 | 20 -0.06213 -6.06996e+01 | 21 -0.06988 -6.36215e+01
 22 -0.08498 -6.52791e+01 | 23 -0.11636 -6.19024e+01 | 24 -0.14786 -5.49110e+01
 25 -0.12556 -5.32662e+01 | 26 -0.08838 -7.76707e+01 | 27 -0.09446 -8.17971e+01
 28 -0.08122 -1.07021e+02 | 29 -0.15956 -9.57690e+01 | 30 -0.14464 -1.17065e+02
 31 -0.08472 -4.33981e+01 | 32  0.31832 -5.98147e+00 | 33  0.13075  1.14772e+01
 34  0.05545  5.74387e-01 | 35  0.05235 -3.11692e+00 | 36  0.15770 -4.65286e+01
 37 -0.19231 -1.78862e+00 | 38 -0.37760 -1.61102e+01 | 39 -0.29956  1.51745e+01
 40 -0.25770  3.86086e+01 | 41 -0.25514  4.28246e+01 | 42 -0.22238  5.51271e+01
 43 -0.12467  1.01730e+02 | 44 -0.11375  8.52583e+01 | 45 -0.10034  3.79935e+01
 46 -0.01823  8.96217e+01 | 47  0.03670  1.05004e+02 | 48  0.03740  1.08274e+02
 49  0.02252  1.23661e+02 | 50 -0.01796  1.18670e+02 | 51 -0.03655  4.50282e+01
 52 -0.03459  5.65335e+00 | 53 -0.10208 -2.96689e+01 | 54 -0.16352 -4.02265e+00
 55  0.18575 -1.31244e+02 | 56 -0.18460 -1.18635e+01 | 57  0.07870 -4.61281e+01
 58 -0.09101 -2.29038e+01 | 59  0.11332 -2.41180e+01 | 60 -0.04844 -5.81832e+01
 61  0.02960  7.18523e+00 | 62  0.06379  1.27069e+01 | 63 -0.01171 -4.90052e+01
 64  0.12078 -5.72317e+01 | 65 -0.23640 -4.63187e+01 | 66  0.03188 -4.69102e+01
 67  0.09249  9.60174e+00 | 68 -0.11946 -1.68629e+00 | 69 -0.05334  1.39550e+01
 70 -0.00596  6.80344e+00 | 71 -0.13628 -6.04810e+00 | 72 -0.07863 -1.20157e+01
 73 -0.08348 -3.35889e+01 | 74  0.16060 -6.26988e+01 | 75 -0.02879 -1.36401e+00
 76 -0.17196 -1.68507e+01 | 77 -0.05425 -5.18788e+00 | 78 -0.09085 -4.57964e+00
 79 -0.04957  8.51483e-02 | 80 -0.02674  6.69232e-01 | 81 -0.02700  1.66175e-01
 82 -0.02721  1.61416e-01 | 83 -0.56667 -2.77689e+01 | 84 -1.84886  1.59978e+01
 85  2.30757 -8.02592e-01 | 86 -0.23139  1.84582e+02 | 87 -1.33902  1.69164e-03
 88 -0.35285 -2.28568e+01 | 89  1.21214  1.36965e+01 | 90 -1.09930  1.99881e-02
 91  0.12041  3.92078e+01 | 92 -0.87526 -2.41361e-02 | 93  7.23494 -8.12272e-03
 94 -29.97314  1.39239e-04 |
94 variables; iteration 180; function evaluation 229; phase 3
Function value 4.3315819e+02; maximum gradient component mag -1.1855e+03
Var    Value     Gradient |Var    Value     Gradient |Var    Value     Gradient
  1 -0.70747  6.29308e+02 |  2  1.16123  1.97872e+01 |  3 -0.82796 -1.69942e+02
  4 -0.32282  3.41089e+02 |  5  0.87495 -1.72398e+01 |  6 -0.71364 -4.11350e+02
  7  0.11944 -1.18546e+03 |  8  0.00399 -1.42477e+01 |  9  0.01139 -1.37142e+01
 10 -0.00275 -1.12282e+01 | 11 -0.01838 -1.24823e+01 | 12 -0.02211 -1.21039e+01
 13 -0.03069 -1.27741e+01 | 14 -0.02455 -1.17576e+01 | 15 -0.02813 -1.24397e+01
 16 -0.06269 -1.92567e+01 | 17 -0.05209 -1.81724e+01 | 18 -0.05004 -1.85342e+01
 19 -0.06388 -2.10869e+01 | 20 -0.06250 -2.08645e+01 | 21 -0.07210 -2.22219e+01
 22 -0.07549 -2.17220e+01 | 23 -0.10536 -2.29478e+01 | 24 -0.12928 -2.03831e+01
 25 -0.13200 -1.85300e+01 | 26 -0.10968 -2.66601e+01 | 27 -0.12923 -2.71123e+01
 28 -0.10429 -2.93429e+01 | 29 -0.11243 -3.58032e+01 | 30 -0.20265 -4.71401e+01
 31 -0.07500 -8.10513e+00 | 32  0.30012  1.06697e+02 | 33  0.11456  3.90416e+01
 34  0.01667  1.45335e+01 | 35  0.12622  3.94190e+01 | 36  0.16968  4.16660e+01
 37 -0.23345 -3.25580e+00 | 38 -0.31064 -3.36424e+00 | 39 -0.30973  7.67179e+00
 40 -0.27843  2.17037e+01 | 41 -0.28560  2.27116e+01 | 42 -0.28122  2.09318e+01
 43 -0.22215  3.04230e+01 | 44 -0.17784  4.09992e+01 | 45 -0.12540  2.48599e+01
 46 -0.04980  2.07944e+01 | 47  0.03431  1.56372e+01 | 48  0.01876 -2.15164e+01
 49  0.03438 -1.17322e+00 | 50 -0.05465 -1.17522e+01 | 51 -0.02052  9.79586e-01
 52 -0.05025  5.70451e-01 | 53 -0.08524  5.62605e+00 | 54 -0.19684  3.32711e-01
 55  0.18456 -4.03061e+00 | 56 -0.23872 -2.97166e+01 | 57  0.06910 -2.00461e+01
 58  0.00116  2.66126e+00 | 59  0.04070  1.43709e+01 | 60  0.08727  3.44222e+01
 61 -0.09937 -2.26180e+00 | 62  0.07998 -5.05341e+00 | 63 -0.02843 -5.58153e+01
 64  0.11148 -4.83573e+01 | 65 -0.19641 -4.00725e+01 | 66  0.04313 -2.95168e+01
 67  0.07224 -6.61560e+01 | 68 -0.13607 -2.86591e+01 | 69 -0.06569 -1.66387e+01
 70 -0.01636 -1.68042e+01 | 71 -0.13598 -3.83412e+00 | 72 -0.10344 -2.58170e+00
 73 -0.06680 -7.50880e+00 | 74  0.15133 -1.79874e+01 | 75 -0.01184  4.23078e+00
 76 -0.14972 -3.92701e+00 | 77 -0.05886  5.75275e-01 | 78 -0.06987  4.72962e+00
 79 -0.04722  1.58818e+00 | 80 -0.02673  1.58233e-01 | 81 -0.02461  5.23682e-01
 82 -0.02490  2.11538e-01 | 83 -0.61368  2.19016e+00 | 84 -1.88721 -8.63499e+00
 85  2.00133  1.05786e-05 | 86 -0.24902 -6.58445e+01 | 87 -1.43646 -1.85917e-02
 88 -0.45422  1.99434e+01 | 89  1.07891  1.28569e+00 | 90 -0.62501 -4.85411e-03
 91  0.13462  2.13715e+01 | 92 -0.90530 -2.63809e-02 | 93  7.39464 -4.40566e-03
 94 -32.68073 -5.72980e-03 |
94 variables; iteration 200; function evaluation 250; phase 3
Function value 4.1834471e+02; maximum gradient component mag -1.0389e+03
Var    Value     Gradient |Var    Value     Gradient |Var    Value     Gradient
  1 -0.70324  6.88872e+02 |  2  1.18542  2.66620e+01 |  3 -0.82860 -4.48518e+02
  4 -0.31039  1.87701e+02 |  5  0.94770 -6.24540e+00 |  6 -0.71416 -2.80002e+02
  7  0.12511 -1.03890e+03 |  8 -0.00771 -1.39737e+01 |  9 -0.00291 -1.34885e+01
 10 -0.01764 -1.14707e+01 | 11 -0.02154 -1.10176e+01 | 12 -0.02608 -1.05693e+01
 13 -0.03135 -1.01135e+01 | 14 -0.04017 -1.13714e+01 | 15 -0.03663 -1.00593e+01
 16 -0.04479 -1.17118e+01 | 17 -0.04823 -1.25396e+01 | 18 -0.05706 -1.43560e+01
 19 -0.06682 -1.58354e+01 | 20 -0.07471 -1.65696e+01 | 21 -0.07960 -1.61019e+01
 22 -0.09286 -1.61419e+01 | 23 -0.11973 -1.66374e+01 | 24 -0.14053 -1.59312e+01
 25 -0.13450 -1.37894e+01 | 26 -0.09074 -1.60690e+01 | 27 -0.10876 -1.40276e+01
 28 -0.08769 -1.33612e+01 | 29 -0.12467 -2.31213e+01 | 30 -0.16128 -2.56250e+01
 31 -0.08601 -8.66788e+00 | 32  0.29693  2.23627e+01 | 33  0.08777  7.80487e+00
 34  0.08514  4.15572e-01 | 35  0.06671  7.79368e-01 | 36  0.18577 -1.19127e+01
 37 -0.16780  6.24709e+00 | 38 -0.26617  2.40129e+00 | 39 -0.30488  3.58974e+00
 40 -0.27608  1.83200e+01 | 41 -0.31710  6.34614e+00 | 42 -0.32837 -1.98131e+00
 43 -0.25190  7.84835e+00 | 44 -0.24425 -5.52677e+00 | 45 -0.17704 -1.29792e+01
 46 -0.05634 -4.17324e+00 | 47  0.02535  1.72918e+01 | 48  0.02199  8.38906e+00
 49  0.02682  2.88102e+01 | 50 -0.03844  2.14930e+01 | 51 -0.02596  1.71446e+01
 52 -0.04405  1.56251e+01 | 53 -0.07785  1.06059e+01 | 54 -0.19870  2.63332e+00
 55  0.17766 -1.64631e+01 | 56 -0.18266 -1.53829e+01 | 57  0.06639 -1.25205e+01
 58  0.00143 -9.96857e+00 | 59  0.02100 -2.34675e+01 | 60  0.09039 -2.27170e+01
 61 -0.10402 -2.66646e+01 | 62  0.03927 -1.76429e+01 | 63  0.06664 -1.18358e+01
 64  0.04122 -1.50596e+01 | 65 -0.00654 -1.15854e+01 | 66  0.00101  1.69077e+00
 67  0.07520 -1.46573e+01 | 68 -0.08979 -9.57099e-01 | 69 -0.07968  2.26542e+00
 70 -0.01487  5.55237e+00 | 71 -0.13515  5.89695e+00 | 72 -0.11220  6.41483e+00
 73 -0.06682  6.57991e+00 | 74  0.14158 -3.23213e+00 | 75 -0.00290  1.16693e+00
 76 -0.14307  3.12480e+00 | 77 -0.06667  2.16732e+00 | 78 -0.08040  1.24413e+00
 79 -0.05225  2.35697e-01 | 80 -0.02739  6.90133e-02 | 81 -0.02703  3.49676e-02
 82 -0.02622 -4.81033e-02 | 83 -0.68737 -2.14108e+00 | 84 -1.90120  1.41720e+01
 85  1.65096 -1.30762e-03 | 86 -0.25749  1.91037e+01 | 87 -1.27410  4.36551e-03
 88 -0.56132  7.20313e+00 | 89  0.90524 -4.65483e-01 | 90  0.07186 -1.34505e-01
 91  0.13636  4.46866e+00 | 92 -0.91789 -2.64646e-02 | 93  7.16446 -1.18870e-02
 94 -34.50100 -3.19548e-03 |
94 variables; iteration 220; function evaluation 270; phase 3
Function value 4.1410312e+02; maximum gradient component mag -7.6223e+02
Var    Value     Gradient |Var    Value     Gradient |Var    Value     Gradient
  1 -0.69821  5.13880e+02 |  2  1.10980  1.29297e+01 |  3 -0.82927 -3.21505e+02
  4 -0.31061  1.20629e+02 |  5  0.96505 -3.12948e+00 |  6 -0.71386 -1.30484e+02
  7  0.12627 -7.62226e+02 |  8  0.00643 -6.52617e+00 |  9  0.00447 -7.13585e+00
 10 -0.00804 -5.33682e+00 | 11 -0.01974 -6.55375e+00 | 12 -0.02096 -5.59089e+00
 13 -0.03110 -6.34738e+00 | 14 -0.02920 -5.13936e+00 | 15 -0.04393 -7.30463e+00
 16 -0.04627 -7.34938e+00 | 17 -0.04796 -7.41003e+00 | 18 -0.04794 -6.88741e+00
 19 -0.05263 -6.99573e+00 | 20 -0.06115 -7.67237e+00 | 21 -0.06979 -7.75735e+00
 22 -0.08430 -7.87645e+00 | 23 -0.11609 -9.89840e+00 | 24 -0.13615 -8.51969e+00
 25 -0.13711 -7.78303e+00 | 26 -0.09706 -8.14966e+00 | 27 -0.11799 -8.84853e+00
 28 -0.11016 -1.12406e+01 | 29 -0.11484 -1.31579e+01 | 30 -0.13538 -1.25713e+01
 31 -0.07930 -6.38813e+00 | 32  0.28784 -2.01605e+01 | 33  0.12006 -8.86805e-01
 34  0.12314 -3.88024e+00 | 35  0.01664  1.63801e+00 | 36  0.19486 -1.16356e+01
 37 -0.19204  2.46056e+00 | 38 -0.27878  3.64008e-02 | 39 -0.31950 -1.96081e+00
 40 -0.32458 -2.14472e+00 | 41 -0.33241 -2.24561e+00 | 42 -0.31277  1.35795e+00
 43 -0.25760  2.22168e+00 | 44 -0.22811 -3.53875e-01 | 45 -0.15160 -3.89224e+00
 46 -0.05702 -4.53840e+00 | 47  0.02136 -4.53660e+00 | 48  0.02470 -2.20530e+00
 49  0.02412 -8.85443e-01 | 50 -0.04141 -2.50740e+00 | 51 -0.02861 -6.46895e+00
 52 -0.04784 -6.28795e+00 | 53 -0.08237 -4.33434e+00 | 54 -0.21274 -3.65607e+00
 55  0.17592  1.10517e+01 | 56 -0.14838 -4.26408e+00 | 57  0.06895  2.57916e+00
 58 -0.00741 -2.10108e+00 | 59  0.04299  2.90520e+00 | 60  0.07401  6.63772e+00
 61 -0.02828  5.79771e+00 | 62  0.02434  1.06423e+01 | 63  0.07680  7.07651e+00
 64  0.03369 -4.01508e+00 | 65  0.01997  1.25793e+00 | 66 -0.02389 -3.39007e+00
 67  0.08729 -4.30620e+00 | 68 -0.09801 -5.52242e+00 | 69 -0.08131 -3.42189e+00
 70 -0.01112 -4.23101e+00 | 71 -0.13629 -5.91733e-01 | 72 -0.11401 -1.01904e+00
 73 -0.06656  2.13241e+00 | 74  0.13941 -8.55086e+00 | 75  0.01293  3.36431e+00
 76 -0.14761  2.86323e-01 | 77 -0.06227  9.79670e-01 | 78 -0.07911  1.11846e+00
 79 -0.05034  4.88332e-01 | 80 -0.02585  1.85211e-01 | 81 -0.02581  2.88572e-02
 82 -0.02498  3.45551e-02 | 83 -0.71780 -1.13763e+00 | 84 -1.90675  9.60916e+00
 85  1.91345  1.26081e-04 | 86 -0.26271 -2.62755e+01 | 87 -1.07590  2.59690e-02
 88 -0.67593  5.62646e+00 | 89  0.84866 -6.18689e-01 | 90  0.27065  1.41767e-03
 91  0.13001  7.02385e+00 | 92 -0.92078 -2.79125e-02 | 93  7.68714 -2.37493e-03
 94 -36.03822 -1.92250e-04 |
94 variables; iteration 240; function evaluation 290; phase 3
Function value 4.1275158e+02; maximum gradient component mag -2.0123e+02
Var    Value     Gradient |Var    Value     Gradient |Var    Value     Gradient
  1 -0.69960  9.94424e+01 |  2  1.04596  2.25672e+00 |  3 -0.83044  1.01127e+01
  4 -0.31264  3.14928e+01 |  5  0.97341 -1.71187e+00 |  6 -0.71417 -4.31361e+01
  7  0.12566 -2.01226e+02 |  8 -0.00515 -7.51759e-01 |  9 -0.00403 -5.84749e-01
 10 -0.02064 -7.16068e-01 | 11 -0.02427 -7.09172e-01 | 12 -0.02595 -3.85099e-01
 13 -0.03066 -3.31755e-01 | 14 -0.03313 -5.61944e-02 | 15 -0.04069 -3.48079e-01
 16 -0.04604 -8.70060e-01 | 17 -0.04850 -6.49004e-01 | 18 -0.05168 -4.51299e-01
 19 -0.05633 -3.02559e-01 | 20 -0.06218 -1.56718e-01 | 21 -0.07345 -1.10671e+00
 22 -0.08853 -1.43477e+00 | 23 -0.11483 -1.65606e+00 | 24 -0.13516 -1.31741e+00
 25 -0.13462 -1.00785e+00 | 26 -0.09459 -5.90340e-01 | 27 -0.11588 -1.64093e+00
 28 -0.10407 -1.97503e+00 | 29 -0.10879 -3.79303e+00 | 30 -0.12908 -4.35775e+00
 31 -0.07154 -1.51998e+00 | 32  0.30213 -1.30344e+01 | 33  0.03295 -1.05571e+00
 34  0.15564 -8.30216e+00 | 35 -0.00916 -9.72181e-01 | 36  0.19469 -1.44950e+01
 37 -0.20641 -1.80499e+00 | 38 -0.28167 -1.40100e+00 | 39 -0.31741 -1.40824e+00
 40 -0.31941 -8.09474e-01 | 41 -0.33042 -2.21589e+00 | 42 -0.31943 -2.45153e+00
 43 -0.27413 -6.22523e+00 | 44 -0.23783 -5.90801e+00 | 45 -0.15452 -3.78090e+00
 46 -0.05935 -4.29818e+00 | 47  0.02176 -5.24095e+00 | 48  0.02469 -5.94263e+00
 49  0.02432 -6.34939e+00 | 50 -0.04252 -5.48450e+00 | 51 -0.02721 -3.53676e+00
 52 -0.04711 -4.95282e-01 | 53 -0.08039  5.48509e-01 | 54 -0.19814  2.12591e+00
 55  0.17549  8.89910e+00 | 56 -0.11530  1.02688e+01 | 57  0.06406  2.13472e+00
 58  0.00024  2.09694e+00 | 59  0.04231  4.84455e+00 | 60  0.07500  3.34934e+00
 61 -0.02929  2.42273e+00 | 62  0.02974  3.79963e+00 | 63  0.07050 -7.24850e+00
 64  0.04492 -2.74275e+00 | 65  0.00984 -2.48148e+00 | 66 -0.01445 -1.39140e+00
 67  0.08547  2.01339e+00 | 68 -0.09142  2.79812e-01 | 69 -0.08023  1.67075e+00
 70 -0.00960  3.58076e+00 | 71 -0.13580  1.57180e+00 | 72 -0.11117  9.01979e-01
 73 -0.06982  8.86638e-01 | 74  0.14262  3.19731e-01 | 75  0.00772  1.46974e+00
 76 -0.14651 -3.60687e-01 | 77 -0.06265 -2.34883e-01 | 78 -0.08019  2.75323e-01
 79 -0.05072  1.23399e-01 | 80 -0.02652 -1.80630e-02 | 81 -0.02628 -1.20475e-01
 82 -0.02543 -1.12968e-01 | 83 -0.73145 -2.02680e+00 | 84 -1.90814  6.92147e+00
 85  2.14936  8.65859e-04 | 86 -0.26527  1.91393e+01 | 87 -1.01686  1.16365e-01
 88 -0.79630  1.78590e+00 | 89  0.86198 -3.76655e-01 | 90  0.44875  2.67246e-03
 91  0.12734  5.87118e+00 | 92 -0.92418 -2.89218e-02 | 93  7.66678 -2.25638e-03
 94 -36.56542 -3.86403e-03 |
94 variables; iteration 260; function evaluation 310; phase 3
Function value 4.1239766e+02; maximum gradient component mag -1.1196e+02
Var    Value     Gradient |Var    Value     Gradient |Var    Value     Gradient
  1 -0.70074  5.62928e+01 |  2  1.01298  7.48395e-01 |  3 -0.83064 -5.00686e+01
  4 -0.31438  3.12340e+01 |  5  0.97157 -1.64894e+00 |  6 -0.71430 -1.55680e+01
  7  0.12444 -1.11955e+02 |  8 -0.00563 -1.21891e+00 |  9 -0.00476 -1.11210e+00
 10 -0.01993 -8.39434e-01 | 11 -0.02485 -1.14518e+00 | 12 -0.02650 -8.62797e-01
 13 -0.03131 -8.23759e-01 | 14 -0.03601 -1.23496e+00 | 15 -0.04184 -1.08250e+00
 16 -0.04651 -1.42010e+00 | 17 -0.04922 -1.28573e+00 | 18 -0.05318 -1.34986e+00
 19 -0.05905 -1.61407e+00 | 20 -0.06444 -1.35256e+00 | 21 -0.07256 -1.22916e+00
 22 -0.08689 -1.15146e+00 | 23 -0.11363 -1.35125e+00 | 24 -0.13477 -1.46466e+00
 25 -0.13428 -1.42688e+00 | 26 -0.09485 -1.69129e+00 | 27 -0.11426 -1.89405e+00
 28 -0.10088 -1.73928e+00 | 29 -0.10255 -2.37414e+00 | 30 -0.12387 -3.01954e+00
 31 -0.06989 -1.00490e+00 | 32  0.30445 -7.28627e-01 | 33  0.00740 -1.49199e+00
 34  0.16778 -9.64292e-01 | 35 -0.03570 -1.85073e+00 | 36  0.19492 -4.81835e-01
 37 -0.20625 -1.10822e+00 | 38 -0.28073 -5.75669e-01 | 39 -0.31702 -7.91690e-01
 40 -0.32044 -6.50843e-01 | 41 -0.32680 -4.46550e-01 | 42 -0.31594 -5.27888e-01
 43 -0.26284 -6.40662e-01 | 44 -0.22789  1.95853e-01 | 45 -0.15077 -1.76284e-01
 46 -0.05800 -9.59090e-01 | 47  0.02283 -2.61403e+00 | 48  0.02615 -1.26522e+00
 49  0.02456 -4.40352e-01 | 50 -0.04091  9.59465e-01 | 51 -0.02663  1.36772e+00
 52 -0.04684  1.26326e+00 | 53 -0.07941  1.85899e+00 | 54 -0.19783  1.50532e+00
 55  0.17747  2.46658e+00 | 56 -0.13531  1.62080e-01 | 57  0.06801  1.88066e-01
 58 -0.00144  4.30043e-01 | 59  0.04344  2.11807e+00 | 60  0.07582  1.32719e+00
 61 -0.02693  5.88309e-01 | 62  0.02641  3.47588e-01 | 63  0.07600  2.63559e+00
 64  0.04298  2.24194e+00 | 65  0.01262 -6.04221e-02 | 66 -0.01433 -1.16080e+00
 67  0.08660  2.37881e-01 | 68 -0.09180 -9.71392e-01 | 69 -0.07973 -4.89090e-01
 70 -0.00930 -9.63776e-02 | 71 -0.13587  3.50164e-01 | 72 -0.11091  3.94451e-02
 73 -0.06849  7.18357e-01 | 74  0.14409 -3.58777e+00 | 75  0.00547 -1.37032e+00
 76 -0.14539 -8.77966e-01 | 77 -0.06132 -4.71315e-01 | 78 -0.08059 -1.13885e-01
 79 -0.05028  1.09127e-01 | 80 -0.02641  1.46848e-02 | 81 -0.02557  5.40577e-02
 82 -0.02468  7.24605e-02 | 83 -0.73437 -2.86971e+00 | 84 -1.90815 -1.39420e+00
 85  2.32785  1.79670e-03 | 86 -0.26594  2.67983e+00 | 87 -1.10956  1.76945e-02
 88 -0.85607  1.19033e+00 | 89  0.86401 -9.17967e-02 | 90  0.51137  3.25581e-03
 91  0.12664 -4.35188e-01 | 92 -0.92087 -2.64856e-02 | 93  7.75727 -2.99209e-03
 94 -36.14923 -7.46514e-04 |
94 variables; iteration 280; function evaluation 330; phase 3
Function value 4.1235829e+02; maximum gradient component mag -8.6232e+01
Var    Value     Gradient |Var    Value     Gradient |Var    Value     Gradient
  1 -0.70040  3.99997e+01 |  2  1.01424  8.10337e-01 |  3 -0.83056 -5.35587e+01
  4 -0.31459  1.98394e+01 |  5  0.96987 -1.70315e+00 |  6 -0.71434 -1.28576e+01
  7  0.12472 -8.62316e+01 |  8 -0.00664 -9.62920e-01 |  9 -0.00404 -4.14211e-01
 10 -0.01998 -4.04351e-01 | 11 -0.02492 -7.48238e-01 | 12 -0.02666 -5.26466e-01
 13 -0.03204 -6.55825e-01 | 14 -0.03552 -7.30927e-01 | 15 -0.04203 -7.62743e-01
 16 -0.04532 -6.51888e-01 | 17 -0.04885 -7.26455e-01 | 18 -0.05294 -8.00240e-01
 19 -0.05841 -9.33411e-01 | 20 -0.06485 -1.00536e+00 | 21 -0.07314 -9.40342e-01
 22 -0.08774 -9.85521e-01 | 23 -0.11432 -1.20752e+00 | 24 -0.13525 -1.26798e+00
 25 -0.13498 -1.21348e+00 | 26 -0.09587 -1.27660e+00 | 27 -0.11511 -1.55573e+00
 28 -0.10187 -1.47005e+00 | 29 -0.10164 -1.59641e+00 | 30 -0.12142 -1.98369e+00
 31 -0.06971 -1.17692e+00 | 32  0.30255 -4.75644e+00 | 33 -0.00006 -2.78414e+00
 34  0.17438 -1.62795e+00 | 35 -0.03407 -1.59694e+00 | 36  0.19151 -1.60970e+00
 37 -0.20106 -8.39766e-01 | 38 -0.27765 -6.53731e-01 | 39 -0.31374 -4.88924e-01
 40 -0.32221 -1.69146e+00 | 41 -0.32782 -9.41757e-01 | 42 -0.31371  3.76379e-01
 43 -0.26453 -1.43446e+00 | 44 -0.22602  5.96887e-01 | 45 -0.14753  6.15200e-01
 46 -0.05766  1.27876e-01 | 47  0.02243 -1.42464e+00 | 48  0.02557 -8.67766e-01
 49  0.02415 -1.69930e+00 | 50 -0.04221 -1.82569e+00 | 51 -0.02710 -1.09341e+00
 52 -0.04779 -8.75406e-01 | 53 -0.08059 -4.08351e-01 | 54 -0.19956  1.12729e-01
 55  0.17681  2.23025e+00 | 56 -0.13566  5.62055e-01 | 57  0.06733  1.82631e+00
 58 -0.00115  7.12774e-01 | 59  0.04191  6.03710e-01 | 60  0.07606  1.57486e+00
 61 -0.02893  3.30830e-01 | 62  0.02643  9.32472e-01 | 63  0.07569  2.11492e+00
 64  0.04158  5.68224e-01 | 65  0.01193  6.17189e-01 | 66 -0.01170  1.01579e+00
 67  0.08454  9.66208e-02 | 68 -0.08863  6.50690e-01 | 69 -0.08010  3.47778e-01
 70 -0.00962  5.57064e-01 | 71 -0.13651  1.12007e-01 | 72 -0.10995  2.03860e-01
 73 -0.06992  6.30560e-02 | 74  0.14403 -2.21733e-01 | 75  0.00394 -4.40106e-01
 76 -0.14392  2.67561e-01 | 77 -0.06143  2.56948e-01 | 78 -0.08047  1.76324e-01
 79 -0.05086  3.69673e-02 | 80 -0.02654 -1.10290e-02 | 81 -0.02593 -2.05649e-02
 82 -0.02512 -2.65949e-02 | 83 -0.72918 -5.60564e-01 | 84 -1.90724  5.04301e-01
 85  2.38149  2.15258e-03 | 86 -0.26608  9.36901e+00 | 87 -1.14326  1.31480e-02
 88 -0.87368  9.61619e-01 | 89  0.84059 -3.02886e-01 | 90  0.53404  3.49693e-03
 91  0.12569  1.45767e+00 | 92 -0.92015 -2.74951e-02 | 93  7.71676 -2.71555e-03
 94 -36.10062 -4.95799e-04 |
94 variables; iteration 300; function evaluation 350; phase 3
Function value 4.1230959e+02; maximum gradient component mag -1.9301e+01
Var    Value     Gradient |Var    Value     Gradient |Var    Value     Gradient
  1 -0.69949 -2.21468e+00 |  2  1.01485  6.97124e-01 |  3 -0.83048 -8.40296e+00
  4 -0.31278  6.78153e+00 |  5  0.96896 -1.68739e+00 |  6 -0.71437 -1.29580e-01
  7  0.12566 -1.93011e+01 |  8 -0.00516  6.84160e-02 |  9 -0.00494  2.88237e-02
 10 -0.02057  2.88773e-02 | 11 -0.02382  8.68863e-02 | 12 -0.02634  8.33794e-02
 13 -0.03087  1.69815e-01 | 14 -0.03488 -3.15045e-02 | 15 -0.04117  4.67832e-02
 16 -0.04478  1.14208e-01 | 17 -0.04844  5.90182e-02 | 18 -0.05263  4.93391e-03
 19 -0.05743  1.19883e-01 | 20 -0.06344  2.16924e-01 | 21 -0.07240  8.03638e-02
 22 -0.08745 -1.11835e-01 | 23 -0.11333 -1.34501e-01 | 24 -0.13425 -3.40400e-01
 25 -0.13418 -2.96469e-01 | 26 -0.09530  5.46910e-02 | 27 -0.11448 -8.88044e-02
 28 -0.10241 -1.86468e-01 | 29 -0.10148 -2.16409e-01 | 30 -0.11962 -6.85352e-01
 31 -0.06830 -6.03603e-01 | 32  0.29794 -8.72681e+00 | 33  0.00349 -2.64569e+00
 34  0.17875 -1.94630e+00 | 35 -0.03296 -1.50407e+00 | 36  0.19045 -2.48323e+00
 37 -0.19627 -8.53424e-01 | 38 -0.27122 -5.46652e-01 | 39 -0.30892 -7.88296e-01
 40 -0.31608 -1.13044e+00 | 41 -0.32549 -5.97201e-01 | 42 -0.31731 -7.57030e-01
 43 -0.26418 -5.20503e-01 | 44 -0.22964 -5.41490e-01 | 45 -0.15046 -1.10631e+00
 46 -0.05756 -1.29261e+00 | 47  0.02185 -2.19242e+00 | 48  0.02515 -1.17765e+00
 49  0.02346 -1.01244e+00 | 50 -0.04140  6.26871e-01 | 51 -0.02782  1.70955e-01
 52 -0.04776  7.37643e-01 | 53 -0.08119  4.02594e-01 | 54 -0.20050  2.13917e-01
 55  0.17615  4.23306e-01 | 56 -0.13697 -2.07614e-02 | 57  0.06704  9.44513e-01
 58 -0.00296  7.36269e-01 | 59  0.04281  2.46702e+00 | 60  0.07432  8.42977e-01
 61 -0.02841  1.36727e+00 | 62  0.02631  2.47259e+00 | 63  0.07386  1.02777e+00
 64  0.04200  1.20941e+00 | 65  0.01111  1.00713e+00 | 66 -0.01294  9.88928e-01
 67  0.08436  1.10931e+00 | 68 -0.09022  3.44651e-01 | 69 -0.08035  6.59106e-01
 70 -0.01030  1.31934e+00 | 71 -0.13706  4.13124e-01 | 72 -0.11026  6.74662e-01
 73 -0.07090  2.47759e-01 | 74  0.14337  1.97567e+00 | 75  0.00419  4.67112e-01
 76 -0.14428  4.78109e-01 | 77 -0.06180  4.12937e-01 | 78 -0.08076  2.08342e-01
 79 -0.05119  1.60750e-03 | 80 -0.02658 -1.03432e-02 | 81 -0.02585  5.32592e-03
 82 -0.02508 -5.17059e-03 | 83 -0.72153  5.10205e-02 | 84 -1.90644 -2.43694e-01
 85  2.48544  3.00182e-03 | 86 -0.26629 -4.16796e+00 | 87 -1.25332  5.23086e-03
 88 -0.91181  6.81367e-01 | 89  0.79143 -5.87674e-01 | 90  0.52674  3.41725e-03
 91  0.12317  1.11130e+00 | 92 -0.91884 -1.86858e-02 | 93  7.82863  2.69621e-02
 94 -36.14902 -7.45090e-04 |
94 variables; iteration 320; function evaluation 370; phase 3
Function value 4.1228766e+02; maximum gradient component mag -4.4944e+01
Var    Value     Gradient |Var    Value     Gradient |Var    Value     Gradient
  1 -0.69923  1.40394e+01 |  2  1.00914  4.63450e-01 |  3 -0.83045 -3.05166e+01
  4 -0.31243  1.24388e+01 |  5  0.97235 -1.58869e+00 |  6 -0.71440 -1.42056e+01
  7  0.12604 -4.49441e+01 |  8 -0.00482 -1.95805e-01 |  9 -0.00482 -3.00089e-01
 10 -0.02056 -2.86169e-01 | 11 -0.02384 -2.31687e-01 | 12 -0.02650 -2.46792e-01
 13 -0.03140 -2.59624e-01 | 14 -0.03497 -3.50287e-01 | 15 -0.04132 -3.18431e-01
 16 -0.04527 -3.87886e-01 | 17 -0.04871 -4.09886e-01 | 18 -0.05290 -4.91430e-01
 19 -0.05844 -6.26186e-01 | 20 -0.06485 -6.84232e-01 | 21 -0.07325 -6.63953e-01
 22 -0.08751 -6.20881e-01 | 23 -0.11325 -6.16135e-01 | 24 -0.13406 -6.60252e-01
 25 -0.13460 -7.92472e-01 | 26 -0.09739 -1.10514e+00 | 27 -0.11623 -1.13520e+00
 28 -0.10374 -1.04862e+00 | 29 -0.10217 -8.42904e-01 | 30 -0.12024 -1.19462e+00
 31 -0.06905 -7.88410e-01 | 32  0.29589 -5.58784e+00 | 33  0.01230 -9.96698e-01
 34  0.17804 -2.70565e-01 | 35 -0.03270 -1.27334e+00 | 36  0.18987 -2.22204e+00
 37 -0.19681 -8.23254e-01 | 38 -0.27238 -6.55552e-01 | 39 -0.30931 -6.86980e-01
 40 -0.31332  8.57047e-02 | 41 -0.32561 -1.78597e-01 | 42 -0.31734 -3.23571e-01
 43 -0.26499 -5.01705e-01 | 44 -0.23034 -5.98064e-01 | 45 -0.14919 -3.42227e-01
 46 -0.05773 -2.15573e-01 | 47  0.02142 -1.77811e-01 | 48  0.02461  3.00664e-01
 49  0.02297 -3.71683e-01 | 50 -0.04191  4.23148e-01 | 51 -0.02831 -2.14641e-01
 52 -0.04844  3.27134e-01 | 53 -0.08194  2.99114e-01 | 54 -0.20144  1.69951e-01
 55  0.17541  4.61903e-01 | 56 -0.13721  2.04547e-03 | 57  0.06589 -1.47579e-01
 58 -0.00237  3.15452e-01 | 59  0.04081  2.21600e-02 | 60  0.07449 -7.93680e-02
 61 -0.03033  1.70252e-01 | 62  0.02559  8.95436e-01 | 63  0.07317 -3.12035e-02
 64  0.04139  7.07737e-01 | 65  0.01071  4.63136e-01 | 66 -0.01417  4.05198e-01
 67  0.08407  1.44979e+00 | 68 -0.09100  1.82956e-01 | 69 -0.08068  4.03065e-01
 70 -0.01098  5.98837e-01 | 71 -0.13714  3.50863e-01 | 72 -0.11108  3.49765e-01
 73 -0.07072  3.63572e-01 | 74  0.14238  6.85942e-01 | 75  0.00427  5.13235e-01
 76 -0.14518  2.51309e-01 | 77 -0.06240  1.64296e-01 | 78 -0.08161  8.19810e-03
 79 -0.05144 -2.77301e-03 | 80 -0.02666 -4.87041e-03 | 81 -0.02598 -7.06641e-04
 82 -0.02514  1.34012e-03 | 83 -0.73008 -6.72863e-01 | 84 -1.90730  3.30657e-02
 85  2.52694  3.42040e-03 | 86 -0.26636 -8.31518e+00 | 87 -1.30472  1.60172e-03
 88 -0.92775  5.48547e-01 | 89  0.77698 -6.33298e-01 | 90  0.49970  3.13867e-03
 91  0.12233  6.33360e-01 | 92 -0.91788 -2.73936e-02 | 93  7.66113 -2.28173e-03
 94 -36.15765 -7.90561e-04 |
94 variables; iteration 340; function evaluation 390; phase 3
Function value 4.1225794e+02; maximum gradient component mag -2.5691e+01
Var    Value     Gradient |Var    Value     Gradient |Var    Value     Gradient
  1 -0.69940 -2.56906e+01 |  2  0.99837 -7.31975e-02 |  3 -0.83061  6.79506e+00
  4 -0.31305  3.89074e+00 |  5  0.98032 -1.03984e+00 |  6 -0.71445  7.70055e-01
  7  0.12596  1.97633e+01 |  8 -0.00421  3.46049e-01 |  9 -0.00427  2.34164e-01
 10 -0.02021  1.50645e-01 | 11 -0.02373  1.41222e-01 | 12 -0.02671  3.65731e-02
 13 -0.03178 -5.39736e-02 | 14 -0.03490  7.20180e-04 | 15 -0.04139 -5.84458e-03
 16 -0.04542 -7.34990e-02 | 17 -0.04888 -7.68488e-02 | 18 -0.05306 -1.24564e-01
 19 -0.05851 -2.12965e-01 | 20 -0.06499 -2.73237e-01 | 21 -0.07340 -2.24490e-01
 22 -0.08796 -2.13137e-01 | 23 -0.11397 -2.02633e-01 | 24 -0.13467 -2.72735e-01
 25 -0.13463 -2.64363e-01 | 26 -0.09757 -4.80774e-01 | 27 -0.11587 -2.64416e-01
 28 -0.10388 -1.73688e-01 | 29 -0.10329 -1.37428e-01 | 30 -0.12018 -3.78054e-02
 31 -0.06961  1.25616e-01 | 32  0.29991  6.28515e+00 | 33  0.01474  4.78220e-01
 34  0.16916  3.25696e+00 | 35 -0.02589  4.62480e-01 | 36  0.19061  4.99972e+00
 37 -0.19676 -8.68619e-02 | 38 -0.27208 -7.33404e-02 | 39 -0.30959 -1.12265e-01
 40 -0.31705 -5.37525e-01 | 41 -0.32454  1.80283e-01 | 42 -0.31445  4.11553e-01
 43 -0.26394 -5.01711e-01 | 44 -0.23010 -3.28813e-01 | 45 -0.15119  7.15097e-02
 46 -0.05851  9.35564e-01 | 47  0.02110 -3.74203e-01 | 48  0.02457  6.84564e-02
 49  0.02292 -1.19355e+00 | 50 -0.04260 -7.50045e-01 | 51 -0.02812 -6.43135e-01
 52 -0.04850 -7.58595e-01 | 53 -0.08110 -4.04569e-01 | 54 -0.20026 -1.69796e-01
 55  0.17595  1.48918e+00 | 56 -0.13829 -4.98297e-01 | 57  0.06678 -3.64705e-01
 58 -0.00272 -6.17876e-01 | 59  0.04172 -7.16268e-01 | 60  0.07432 -1.09105e+00
 61 -0.02811  1.23423e-01 | 62  0.02527 -6.56991e-01 | 63  0.07420 -8.00528e-01
 64  0.04147 -6.36913e-01 | 65  0.01043 -1.14317e+00 | 66 -0.01316 -3.68271e-01
 67  0.08408 -9.82348e-03 | 68 -0.09093  1.14230e-01 | 69 -0.07945  7.09177e-01
 70 -0.01133  4.69545e-02 | 71 -0.13575  8.76866e-01 | 72 -0.11102  1.98719e-01
 73 -0.07071 -1.19529e-01 | 74  0.14288 -1.02714e-01 | 75  0.00374  1.67733e-01
 76 -0.14470  3.14024e-01 | 77 -0.06236  4.96756e-02 | 78 -0.08134 -1.19394e-02
 79 -0.05121 -1.45329e-02 | 80 -0.02660 -1.22929e-02 | 81 -0.02596 -1.88737e-02
 82 -0.02511 -1.13547e-02 | 83 -0.73009 -3.44111e-01 | 84 -1.90748 -2.83974e+00
 85  2.66402  5.38934e-03 | 86 -0.26644  2.12363e+01 | 87 -1.38827 -1.06931e-02
 88 -0.96141  1.88427e-01 | 89  0.76806 -6.03867e-01 | 90  0.44008  2.59956e-03
 91  0.12120  3.46048e-01 | 92 -0.91620 -2.68226e-02 | 93  7.46893 -3.47404e-03
 94 -36.18076 -9.14064e-04 |
94 variables; iteration 360; function evaluation 410; phase 3
Function value 4.1224736e+02; maximum gradient component mag -8.9748e+00
Var    Value     Gradient |Var    Value     Gradient |Var    Value     Gradient
  1 -0.69931 -5.84029e-01 |  2  0.99526 -2.16359e-01 |  3 -0.83065  4.67827e+00
  4 -0.31315  4.17801e+00 |  5  0.98160 -9.95385e-01 |  6 -0.71447 -2.94499e+00
  7  0.12598 -8.97476e+00 |  8 -0.00502 -3.72457e-02 |  9 -0.00431  4.35796e-02
 10 -0.02005  3.79274e-02 | 11 -0.02382 -1.82002e-02 | 12 -0.02652 -2.65405e-02
 13 -0.03140 -4.65550e-02 | 14 -0.03478 -4.60811e-02 | 15 -0.04143 -6.79785e-02
 16 -0.04531 -8.21311e-02 | 17 -0.04881 -9.73532e-02 | 18 -0.05288 -1.15179e-01
 19 -0.05804 -9.64466e-02 | 20 -0.06430 -6.50004e-02 | 21 -0.07312 -1.31232e-01
 22 -0.08803 -2.00642e-01 | 23 -0.11426 -2.46236e-01 | 24 -0.13488 -3.27910e-01
 25 -0.13457 -3.04092e-01 | 26 -0.09636 -2.21734e-01 | 27 -0.11521 -2.23848e-01
 28 -0.10337 -2.14816e-01 | 29 -0.10337 -3.18100e-01 | 30 -0.12106 -4.64953e-01
 31 -0.07007 -3.08247e-01 | 32  0.30091 -4.18043e-02 | 33  0.01657 -3.52329e-01
 34  0.16603 -7.22351e-01 | 35 -0.02272 -1.57951e-01 | 36  0.19064 -5.96278e-01
 37 -0.19920 -5.51738e-01 | 38 -0.27500 -5.52291e-01 | 39 -0.31198 -5.47786e-01
 40 -0.31712 -4.29285e-01 | 41 -0.32539 -2.37658e-01 | 42 -0.31496 -8.60954e-02
 43 -0.26151  7.39943e-02 | 44 -0.22890 -7.70575e-02 | 45 -0.15021 -1.16906e-01
 46 -0.05908 -1.85340e-01 | 47  0.02134 -2.27113e-01 | 48  0.02421 -5.71437e-03
 49  0.02296  2.80194e-01 | 50 -0.04275  3.59833e-01 | 51 -0.02828  5.27837e-01
 52 -0.04857  4.26696e-01 | 53 -0.08112  3.69913e-01 | 54 -0.19959  2.25054e-01
 55  0.17570 -2.69288e-01 | 56 -0.13670  1.54351e-01 | 57  0.06632 -8.31362e-02
 58 -0.00207  9.01091e-02 | 59  0.04116 -1.42030e-01 | 60  0.07467  2.41599e-02
 61 -0.02896  7.44154e-02 | 62  0.02560 -4.41550e-02 | 63  0.07439  2.27428e-01
 64  0.04077 -9.84378e-03 | 65  0.01162  1.75040e-01 | 66 -0.01382 -4.49750e-02
 67  0.08407  1.24924e-01 | 68 -0.09038  2.22982e-01 | 69 -0.08041  2.36537e-01
 70 -0.01059  3.04469e-01 | 71 -0.13697  2.44862e-01 | 72 -0.11077  2.14596e-01
 73 -0.07039  1.67688e-01 | 74  0.14275  4.00190e-01 | 75  0.00367  1.88683e-01
 76 -0.14507  1.43855e-01 | 77 -0.06224  9.27897e-02 | 78 -0.08127  3.41159e-02
 79 -0.05117  9.01744e-03 | 80 -0.02654  1.88030e-03 | 81 -0.02589  1.10210e-03
 82 -0.02506  1.89699e-03 | 83 -0.72404 -1.21828e-02 | 84 -1.90662 -1.27755e-01
 85  2.72484  6.80965e-03 | 86 -0.26646 -3.23484e+00 | 87 -1.39664 -1.28470e-02
 88 -0.96498  1.98836e-01 | 89  0.77654 -5.49437e-01 | 90  0.41375  2.38767e-03
 91  0.12155  5.19515e-01 | 92 -0.91486 -2.63984e-02 | 93  7.47836 -3.37402e-03
 94 -36.25020 -1.30156e-03 |
94 variables; iteration 380; function evaluation 432; phase 3
Function value 4.1223749e+02; maximum gradient component mag -5.9991e+01
Var    Value     Gradient |Var    Value     Gradient |Var    Value     Gradient
  1 -0.69928  2.86025e+01 |  2  0.99964 -1.78122e-02 |  3 -0.83068 -1.31006e+01
  4 -0.31329  9.95440e+00 |  5  0.98389 -9.27500e-01 |  6 -0.71447 -1.89220e+01
  7  0.12603 -5.99911e+01 |  8 -0.00470 -1.87976e-01 |  9 -0.00437 -2.05150e-01
 10 -0.02023 -2.13033e-01 | 11 -0.02393 -2.39072e-01 | 12 -0.02657 -2.19527e-01
 13 -0.03134 -1.95584e-01 | 14 -0.03508 -2.93148e-01 | 15 -0.04164 -2.98744e-01
 16 -0.04556 -3.24295e-01 | 17 -0.04897 -3.19747e-01 | 18 -0.05290 -3.02964e-01
 19 -0.05831 -3.71006e-01 | 20 -0.06484 -4.26469e-01 | 21 -0.07341 -3.99427e-01
 22 -0.08824 -4.09359e-01 | 23 -0.11459 -4.80210e-01 | 24 -0.13487 -4.65998e-01
 25 -0.13443 -4.80976e-01 | 26 -0.09624 -6.25307e-01 | 27 -0.11517 -6.29831e-01
 28 -0.10346 -7.47806e-01 | 29 -0.10370 -9.25932e-01 | 30 -0.12057 -6.52960e-01
 31 -0.07021 -7.19279e-01 | 32  0.30105 -4.34039e+00 | 33  0.01839 -8.66477e-01
 34  0.16471 -3.49161e+00 | 35 -0.02076 -7.23659e-01 | 36  0.18991 -4.44560e+00
 37 -0.19690 -4.85275e-01 | 38 -0.27374 -5.01102e-01 | 39 -0.31115 -3.99821e-01
 40 -0.31666 -3.43526e-01 | 41 -0.32482 -1.56664e-01 | 42 -0.31446 -1.26528e-01
 43 -0.26130 -3.01395e-01 | 44 -0.22854 -4.19222e-01 | 45 -0.14982 -6.08682e-01
 46 -0.05926 -1.10181e+00 | 47  0.02100 -2.16783e+00 | 48  0.02416 -1.33963e+00
 49  0.02258 -1.79220e+00 | 50 -0.04288 -8.21608e-01 | 51 -0.02858 -6.17053e-01
 52 -0.04873  1.35134e-02 | 53 -0.08123  1.35453e-01 | 54 -0.19972  1.29574e-01
 55  0.17554  1.91844e+00 | 56 -0.13691  3.02934e-01 | 57  0.06622  7.23898e-01
 58 -0.00224  4.03546e-01 | 59  0.04094  5.83761e-01 | 60  0.07474  1.17494e+00
 61 -0.02953  7.59535e-02 | 62  0.02569  1.92494e-01 | 63  0.07424  6.92841e-01
 64  0.04077  1.39512e-01 | 65  0.01111  2.35585e-01 | 66 -0.01323  5.16659e-01
 67  0.08377  4.63713e-01 | 68 -0.09039  2.19496e-01 | 69 -0.08038  2.06031e-01
 70 -0.01072  7.05703e-02 | 71 -0.13705  1.64273e-01 | 72 -0.11075  1.66123e-01
 73 -0.07031  8.82793e-02 | 74  0.14244 -3.45734e-01 | 75  0.00377  2.25554e-01
 76 -0.14525  1.28572e-01 | 77 -0.06241  5.40055e-02 | 78 -0.08123  7.85066e-02
 79 -0.05126  1.54237e-03 | 80 -0.02662 -1.32784e-02 | 81 -0.02590  2.06742e-03
 82 -0.02508 -1.73028e-03 | 83 -0.67257 -5.74992e-01 | 84 -1.89924  3.45037e+00
 85  2.94693  3.74644e-02 | 86 -0.26647  2.54828e+00 | 87 -1.37349 -7.16840e-03
 88 -0.97378  1.06477e-01 | 89  0.79030 -5.08667e-01 | 90  0.35948  1.98958e-03
 91  0.12259  8.00255e-01 | 92 -0.91099 -1.70585e-02 | 93  7.82152  1.81314e-02
 94 -36.20503 -1.04630e-03 |
94 variables; iteration 400; function evaluation 452; phase 3
Function value 4.1223132e+02; maximum gradient component mag -2.1417e+01
Var    Value     Gradient |Var    Value     Gradient |Var    Value     Gradient
  1 -0.69938  7.51157e+00 |  2  1.00535  2.55746e-01 |  3 -0.83063 -7.85158e+00
  4 -0.31318  5.98484e+00 |  5  0.98640 -7.50659e-01 |  6 -0.71447 -7.33172e+00
  7  0.12591 -2.14170e+01 |  8 -0.00504 -1.83310e-01 |  9 -0.00469 -1.94974e-01
 10 -0.02040 -1.76905e-01 | 11 -0.02397 -1.79475e-01 | 12 -0.02665 -1.79068e-01
 13 -0.03151 -1.84459e-01 | 14 -0.03489 -1.93434e-01 | 15 -0.04150 -2.12251e-01
 16 -0.04546 -2.47947e-01 | 17 -0.04895 -2.66097e-01 | 18 -0.05302 -2.91345e-01
 19 -0.05827 -3.11719e-01 | 20 -0.06468 -3.34727e-01 | 21 -0.07338 -3.63189e-01
 22 -0.08815 -3.84080e-01 | 23 -0.11427 -3.96531e-01 | 24 -0.13462 -3.80139e-01
 25 -0.13430 -3.72693e-01 | 26 -0.09602 -4.19101e-01 | 27 -0.11494 -4.16741e-01
 28 -0.10301 -4.68742e-01 | 29 -0.10294 -5.71679e-01 | 30 -0.12048 -5.85256e-01
 31 -0.06977 -3.90564e-01 | 32  0.29997  4.85893e-01 | 33  0.01651 -1.54276e-01
 34  0.16872 -1.83848e-01 | 35 -0.02546 -4.02508e-01 | 36  0.19010 -2.30130e-01
 37 -0.19619 -3.35969e-01 | 38 -0.27302 -4.05693e-01 | 39 -0.31047 -3.63102e-01
 40 -0.31639 -3.56785e-01 | 41 -0.32537 -2.26370e-01 | 42 -0.31554 -2.18652e-01
 43 -0.26178  4.49256e-02 | 44 -0.22906 -2.07298e-01 | 45 -0.14994 -2.00500e-01
 46 -0.05903 -1.98231e-01 | 47  0.02146  1.89559e-01 | 48  0.02417 -1.90486e-01
 49  0.02307  8.42273e-02 | 50 -0.04276  3.17413e-02 | 51 -0.02823  1.91291e-01
 52 -0.04858  1.90763e-01 | 53 -0.08119  1.98288e-01 | 54 -0.19994  1.42834e-01
 55  0.17567 -1.79702e-01 | 56 -0.13677  1.08743e-01 | 57  0.06632  4.30077e-03
 58 -0.00221  1.04363e-01 | 59  0.04117  7.35719e-02 | 60  0.07468  2.28952e-01
 61 -0.02920  7.39923e-02 | 62  0.02572  5.45546e-02 | 63  0.07412  8.05899e-03
 64  0.04111  6.96340e-02 | 65  0.01124  5.66835e-02 | 66 -0.01358  3.67497e-02
 67  0.08401 -1.13634e-02 | 68 -0.09037  1.21179e-01 | 69 -0.08049  1.11889e-01
 70 -0.01063  1.04474e-01 | 71 -0.13698  1.71267e-01 | 72 -0.11086  9.21732e-02
 73 -0.07044  4.01151e-02 | 74  0.14267 -1.86951e-01 | 75  0.00386  8.47674e-02
 76 -0.14517  9.04391e-02 | 77 -0.06226  6.97823e-02 | 78 -0.08127  3.99526e-02
 79 -0.05120  9.13120e-03 | 80 -0.02656  3.41577e-04 | 81 -0.02592 -2.08954e-03
 82 -0.02509 -1.71355e-03 | 83 -0.66365  1.74988e-03 | 84 -1.89790 -3.84963e-02
 85  2.96881  6.34139e-02 | 86 -0.26646  1.13627e+00 | 87 -1.29869  2.15721e-03
 88 -0.96759  1.68790e-01 | 89  0.80046 -4.44394e-01 | 90  0.36956  2.06012e-03
 91  0.12355  5.51403e-01 | 92 -0.91063 -2.40386e-02 | 93  7.74057 -2.77889e-03
 94 -36.20327 -1.03653e-03 |
94 variables; iteration 420; function evaluation 474; phase 3
Function value 4.1221381e+02; maximum gradient component mag 1.9263e+01
Var    Value     Gradient |Var    Value     Gradient |Var    Value     Gradient
  1 -0.69897 -9.53970e+00 |  2  0.99086 -3.85295e-01 |  3 -0.83058  1.92628e+01
  4 -0.31246  5.67432e-01 |  5  0.99561 -2.37494e-01 |  6 -0.71450  9.81469e-03
  7  0.12635  1.89789e+00 |  8 -0.00526  1.93917e-01 |  9 -0.00467  2.54536e-01
 10 -0.02033  2.29301e-01 | 11 -0.02395  1.95834e-01 | 12 -0.02665  1.70321e-01
 13 -0.03154  1.46720e-01 | 14 -0.03481  1.77432e-01 | 15 -0.04144  1.79199e-01
 16 -0.04539  1.89973e-01 | 17 -0.04897  1.85781e-01 | 18 -0.05308  1.77103e-01
 19 -0.05830  1.82722e-01 | 20 -0.06470  1.75597e-01 | 21 -0.07339  1.72984e-01
 22 -0.08824  1.55851e-01 | 23 -0.11423  1.42765e-01 | 24 -0.13432  8.34583e-02
 25 -0.13387  6.09642e-02 | 26 -0.09543  1.00690e-01 | 27 -0.11444  1.28133e-01
 28 -0.10234  1.93627e-01 | 29 -0.10188  2.03115e-01 | 30 -0.11872  1.87318e-01
 31 -0.06860 -1.05741e-01 | 32  0.29714 -1.33850e+00 | 33  0.01698 -3.30996e-01
 34  0.17242 -9.62205e-01 | 35 -0.02357 -3.72689e-01 | 36  0.18797 -1.27701e+00
 37 -0.19047 -2.52671e-01 | 38 -0.26822 -3.06868e-01 | 39 -0.30662 -2.23325e-01
 40 -0.31399 -3.60458e-01 | 41 -0.32487 -3.24033e-01 | 42 -0.31593 -3.01563e-01
 43 -0.26313 -3.01391e-01 | 44 -0.22942 -3.52038e-01 | 45 -0.14972 -4.40879e-01
 46 -0.05902 -5.83867e-01 | 47  0.02095 -6.25439e-01 | 48  0.02383 -6.00937e-01
 49  0.02262 -4.88572e-01 | 50 -0.04286 -1.69718e-01 | 51 -0.02861 -1.03167e-01
 52 -0.04896  1.07161e-01 | 53 -0.08172  2.00256e-01 | 54 -0.20067  1.68529e-01
 55  0.17509  8.06895e-01 | 56 -0.13757  1.22360e-02 | 57  0.06582  1.82402e-01
 58 -0.00290  1.97462e-01 | 59  0.04074  3.10981e-01 | 60  0.07405  2.68975e-01
 61 -0.02964  1.46627e-01 | 62  0.02501  1.54089e-01 | 63  0.07361  7.10504e-02
 64  0.04045 -8.37739e-03 | 65  0.01098  1.93483e-01 | 66 -0.01418  1.54312e-01
 67  0.08359  2.68842e-01 | 68 -0.09077  6.16388e-02 | 69 -0.08091  7.73274e-02
 70 -0.01100  1.39633e-01 | 71 -0.13743  9.38475e-02 | 72 -0.11120  3.77559e-02
 73 -0.07079  9.06513e-03 | 74  0.14204 -4.70052e-01 | 75  0.00364 -1.09393e-01
 76 -0.14554  4.00850e-02 | 77 -0.06257  3.15775e-02 | 78 -0.08159  3.63092e-02
 79 -0.05143  6.23093e-03 | 80 -0.02664 -3.84410e-04 | 81 -0.02601 -5.71671e-03
 82 -0.02517 -4.92971e-03 | 83 -0.67962 -1.25185e-01 | 84 -1.90049  7.67123e-01
 85  2.96327  5.39879e-02 | 86 -0.26642 -2.88677e+00 | 87 -1.15916  1.16006e-02
 88 -0.94822  3.47032e-01 | 89  0.83287 -3.45456e-01 | 90  0.25142  1.30591e-03
 91  0.12599  5.76899e-01 | 92 -0.90614 -2.41801e-02 | 93  7.42300 -4.01517e-03
 94 -35.62082  2.28258e-03 |
94 variables; iteration 440; function evaluation 495; phase 3
Function value 4.1220848e+02; maximum gradient component mag -9.9939e+00
Var    Value     Gradient |Var    Value     Gradient |Var    Value     Gradient
  1 -0.69885 -9.99387e+00 |  2  0.99362 -2.80214e-01 |  3 -0.83059  7.02200e+00
  4 -0.31243 -8.94740e-01 |  5  1.00539  2.86708e-01 |  6 -0.71450  4.17983e+00
  7  0.12643  9.52302e+00 |  8 -0.00494  1.88315e-01 |  9 -0.00459  1.85328e-01
 10 -0.02033  1.50464e-01 | 11 -0.02384  1.52680e-01 | 12 -0.02655  1.28966e-01
 13 -0.03141  1.24484e-01 | 14 -0.03474  1.39844e-01 | 15 -0.04140  1.38889e-01
 16 -0.04536  1.49452e-01 | 17 -0.04895  1.44444e-01 | 18 -0.05302  1.46892e-01
 19 -0.05823  1.58997e-01 | 20 -0.06463  1.53933e-01 | 21 -0.07339  1.41056e-01
 22 -0.08829  1.22962e-01 | 23 -0.11430  1.19882e-01 | 24 -0.13431  7.12975e-02
 25 -0.13384  3.36524e-02 | 26 -0.09538  5.52147e-02 | 27 -0.11439  9.22720e-02
 28 -0.10241  1.17025e-01 | 29 -0.10178  2.12583e-01 | 30 -0.11858  2.18630e-01
 31 -0.06854 -7.61922e-02 | 32  0.29716 -4.28656e-01 | 33  0.01650 -2.25638e-01
 34  0.17240 -3.42605e-01 | 35 -0.02352 -2.15377e-01 | 36  0.18770 -4.24018e-01
 37 -0.19045 -2.42427e-01 | 38 -0.26778 -2.35194e-01 | 39 -0.30657 -2.19205e-01
 40 -0.31318 -9.75594e-02 | 41 -0.32423 -7.64419e-02 | 42 -0.31540 -7.20823e-02
 43 -0.26264 -4.05756e-02 | 44 -0.22906 -5.32644e-02 | 45 -0.14944 -5.61000e-02
 46 -0.05915 -7.51139e-02 | 47  0.02083 -3.56228e-03 | 48  0.02370 -6.43980e-02
 49  0.02249 -1.75982e-02 | 50 -0.04301  3.06732e-02 | 51 -0.02872  8.24062e-02
 52 -0.04911  8.89627e-02 | 53 -0.08180  9.48275e-02 | 54 -0.20073  7.74002e-02
 55  0.17498  1.39800e-01 | 56 -0.13754  1.24338e-02 | 57  0.06574  4.93208e-02
 58 -0.00292  6.59999e-02 | 59  0.04062  6.96180e-02 | 60  0.07400  1.35929e-01
 61 -0.02970  8.32127e-02 | 62  0.02499  7.92169e-02 | 63  0.07350  8.21133e-02
 64  0.04055  6.05067e-02 | 65  0.01075  3.36672e-02 | 66 -0.01408  6.10322e-02
 67  0.08347  4.29713e-02 | 68 -0.09070  6.25829e-02 | 69 -0.08089  6.44210e-02
 70 -0.01103  6.65041e-02 | 71 -0.13749  6.18805e-02 | 72 -0.11115  6.55424e-02
 73 -0.07081  5.58887e-02 | 74  0.14196 -2.13578e-02 | 75  0.00359  1.67375e-02
 76 -0.14563  3.42260e-02 | 77 -0.06259  2.62649e-02 | 78 -0.08168  1.37935e-02
 79 -0.05146  2.03211e-03 | 80 -0.02664 -3.15138e-04 | 81 -0.02598  7.10523e-04
 82 -0.02515  3.95657e-04 | 83 -0.70671  7.17497e-03 | 84 -1.90439  1.52376e-02
 85  2.94242  3.45358e-02 | 86 -0.26642 -5.27191e-01 | 87 -1.19383  8.93288e-03
 88 -0.94946  3.31402e-01 | 89  0.83509 -3.01985e-01 | 90  0.22338  1.14486e-03
 91  0.12613  4.24355e-02 | 92 -0.90513 -1.89308e-02 | 93  7.79914  2.42862e-03
 94 -35.81224  9.75678e-04 |
94 variables; iteration 460; function evaluation 516; phase 3
Function value 4.1220144e+02; maximum gradient component mag 7.4342e+00
Var    Value     Gradient |Var    Value     Gradient |Var    Value     Gradient
  1 -0.69882 -7.25490e+00 |  2  0.99327 -2.94354e-01 |  3 -0.83057  7.43425e+00
  4 -0.31232 -1.21071e+00 |  5  1.00552  2.96209e-01 |  6 -0.71450  3.66103e+00
  7  0.12646  5.91558e+00 |  8 -0.00501  1.78239e-01 |  9 -0.00464  1.79201e-01
 10 -0.02037  1.49046e-01 | 11 -0.02387  1.51159e-01 | 12 -0.02657  1.28990e-01
 13 -0.03144  1.22547e-01 | 14 -0.03479  1.32454e-01 | 15 -0.04145  1.34203e-01
 16 -0.04542  1.49003e-01 | 17 -0.04902  1.46425e-01 | 18 -0.05309  1.48869e-01
 19 -0.05833  1.49931e-01 | 20 -0.06473  1.44186e-01 | 21 -0.07347  1.43898e-01
 22 -0.08836  1.39157e-01 | 23 -0.11433  1.33457e-01 | 24 -0.13420  9.48672e-02
 25 -0.13365  5.42751e-02 | 26 -0.09494  7.39146e-02 | 27 -0.11409  8.50750e-02
 28 -0.10195  1.25985e-01 | 29 -0.10130  2.12499e-01 | 30 -0.11814  2.03840e-01
 31 -0.06810 -9.29780e-02 | 32  0.29634 -1.38737e+00 | 33  0.01616 -3.60503e-01
 34  0.17406 -6.95576e-01 | 35 -0.02373 -3.29084e-01 | 36  0.18709 -9.08020e-01
 37 -0.18843 -2.15327e-01 | 38 -0.26619 -1.75029e-01 | 39 -0.30538 -1.51513e-01
 40 -0.31263 -1.41188e-01 | 41 -0.32408 -9.27678e-02 | 42 -0.31550 -8.30011e-02
 43 -0.26297 -1.40653e-01 | 44 -0.22909 -1.24886e-01 | 45 -0.14924 -1.64856e-01
 46 -0.05910 -2.57451e-01 | 47  0.02079 -1.97375e-01 | 48  0.02366 -1.97021e-01
 49  0.02248 -4.64654e-02 | 50 -0.04300  2.56702e-03 | 51 -0.02874  6.93199e-02
 52 -0.04916  1.04165e-01 | 53 -0.08188  1.33707e-01 | 54 -0.20099  8.62337e-02
 55  0.17488  5.60378e-01 | 56 -0.13747  8.00124e-02 | 57  0.06563  1.41878e-01
 58 -0.00304  9.26504e-02 | 59  0.04055  1.47642e-01 | 60  0.07390  1.74775e-01
 61 -0.02978  1.13041e-01 | 62  0.02485  1.46242e-01 | 63  0.07340  1.58437e-01
 64  0.04048  1.09944e-01 | 65  0.01072  7.10118e-02 | 66 -0.01423  7.27109e-02
 67  0.08343  1.28339e-01 | 68 -0.09074  4.83158e-02 | 69 -0.08097  5.76897e-02
 70 -0.01107  7.55873e-02 | 71 -0.13750  7.01916e-02 | 72 -0.11120  3.80305e-02
 73 -0.07092  2.63091e-02 | 74  0.14186  5.66438e-02 | 75  0.00365  8.10769e-03
 76 -0.14572  1.16393e-02 | 77 -0.06263  6.17679e-03 | 78 -0.08176  3.91793e-03
 79 -0.05151  1.78665e-03 | 80 -0.02666  6.27886e-04 | 81 -0.02600  5.38902e-04
 82 -0.02517  8.69838e-04 | 83 -0.71295 -4.38488e-02 | 84 -1.90517  5.21245e-01
 85  2.94046  3.33987e-02 | 86 -0.26641 -1.74264e+00 | 87 -1.41693 -2.00888e-02
 88 -0.94690  3.56736e-01 | 89  0.86477 -2.19930e-01 | 90  0.15275  7.64846e-04
 91  0.12780  1.54405e-01 | 92 -0.90154 -1.92779e-02 | 93  7.78572 -6.50583e-04
 94 -36.41960 -2.43372e-03 |
94 variables; iteration 480; function evaluation 539; phase 3
Function value 4.1218890e+02; maximum gradient component mag -1.0221e+01
Var    Value     Gradient |Var    Value     Gradient |Var    Value     Gradient
  1 -0.69879  1.67184e+00 |  2  0.99805 -8.61158e-02 |  3 -0.83057  7.92047e+00
  4 -0.31228  1.57389e+00 |  5  0.99657 -1.90837e-01 |  6 -0.71449 -4.44301e+00
  7  0.12646 -1.02205e+01 |  8 -0.00495  6.98549e-02 |  9 -0.00459  6.61833e-02
 10 -0.02031  5.42739e-02 | 11 -0.02382  5.66958e-02 | 12 -0.02650  4.80411e-02
 13 -0.03139  4.44972e-02 | 14 -0.03479  3.93623e-02 | 15 -0.04147  3.87953e-02
 16 -0.04548  3.70321e-02 | 17 -0.04906  3.76035e-02 | 18 -0.05312  3.62320e-02
 19 -0.05836  3.35004e-02 | 20 -0.06474  3.49954e-02 | 21 -0.07350  2.76981e-02
 22 -0.08841  1.92519e-02 | 23 -0.11440  7.27048e-03 | 24 -0.13417 -1.09076e-02
 25 -0.13350 -2.11683e-02 | 26 -0.09457 -8.35010e-03 | 27 -0.11381 -4.14087e-03
 28 -0.10164  6.78696e-03 | 29 -0.10117  2.31008e-02 | 30 -0.11824 -2.29264e-02
 31 -0.06786 -1.11102e-01 | 32  0.29600 -1.35314e+00 | 33  0.01623 -3.63735e-01
 34  0.17470 -9.05595e-01 | 35 -0.02335 -3.45016e-01 | 36  0.18676 -1.21471e+00
 37 -0.18699 -1.36701e-01 | 38 -0.26509 -9.01829e-02 | 39 -0.30471 -8.27994e-02
 40 -0.31214 -8.42262e-02 | 41 -0.32387 -6.04847e-02 | 42 -0.31544 -7.21372e-02
 43 -0.26306 -2.08318e-01 | 44 -0.22907 -2.11914e-01 | 45 -0.14914 -3.47995e-01
 46 -0.05907 -6.08682e-01 | 47  0.02074 -8.85477e-01 | 48  0.02369 -6.83071e-01
 49  0.02246 -5.59125e-01 | 50 -0.04297 -2.91171e-01 | 51 -0.02874 -2.27787e-01
 52 -0.04916 -9.33721e-02 | 53 -0.08189 -1.34167e-02 | 54 -0.20124 -1.32851e-02
 55  0.17485  3.69276e-01 | 56 -0.13754  1.44974e-02 | 57  0.06564  1.42963e-01
 58 -0.00309  6.88331e-02 | 59  0.04051  1.33988e-01 | 60  0.07390  2.12256e-01
 61 -0.02979  1.05999e-01 | 62  0.02479  1.51825e-01 | 63  0.07340  2.39476e-01
 64  0.04046  1.33075e-01 | 65  0.01075  7.60526e-02 | 66 -0.01428  6.22667e-02
 67  0.08342  9.26171e-02 | 68 -0.09065  5.82652e-02 | 69 -0.08101  5.07232e-02
 70 -0.01104  6.21683e-02 | 71 -0.13752  4.50860e-02 | 72 -0.11120  2.92983e-02
 73 -0.07095  3.35485e-02 | 74  0.14179  1.94468e-01 | 75  0.00383  8.33977e-02
 76 -0.14577  1.85228e-02 | 77 -0.06265 -9.82038e-04 | 78 -0.08178 -6.06367e-05
 79 -0.05154 -1.43230e-03 | 80 -0.02667  3.68404e-04 | 81 -0.02601  1.07853e-03
 82 -0.02517  1.17926e-03 | 83 -0.72472 -1.51465e-01 | 84 -1.90662  8.95060e-01
 85  2.94032  3.33207e-02 | 86 -0.26645 -2.00547e+00 | 87 -1.17889  9.99392e-03
 88 -0.96860  1.65663e-01 | 89  0.89522 -1.63728e-01 | 90  0.07118 -3.61929e-02
 91  0.12923  6.90401e-01 | 92 -0.89521 -1.71730e-02 | 93  7.78882  5.28382e-04
 94 -36.58967 -4.17969e-03 |
94 variables; iteration 500; function evaluation 559; phase 3
Function value 4.1218360e+02; maximum gradient component mag -7.5502e+00
Var    Value     Gradient |Var    Value     Gradient |Var    Value     Gradient
  1 -0.69878  2.67084e+00 |  2  1.00036  1.65681e-02 |  3 -0.83057 -2.02999e+00
  4 -0.31221  1.66749e+00 |  5  0.99505 -2.74242e-01 |  6 -0.71448 -2.61524e+00
  7  0.12647 -7.55021e+00 |  8 -0.00497 -4.22886e-02 |  9 -0.00459 -4.11746e-02
 10 -0.02030 -3.64011e-02 | 11 -0.02385 -3.80728e-02 | 12 -0.02651 -3.46216e-02
 13 -0.03141 -3.34164e-02 | 14 -0.03482 -3.69924e-02 | 15 -0.04150 -3.89702e-02
 16 -0.04554 -4.35248e-02 | 17 -0.04913 -4.37247e-02 | 18 -0.05318 -4.44351e-02
 19 -0.05841 -4.51882e-02 | 20 -0.06479 -4.34636e-02 | 21 -0.07357 -4.60057e-02
 22 -0.08851 -4.75658e-02 | 23 -0.11449 -4.93209e-02 | 24 -0.13414 -4.40618e-02
 25 -0.13333 -3.65804e-02 | 26 -0.09417 -3.99327e-02 | 27 -0.11350 -4.26719e-02
 28 -0.10131 -5.42033e-02 | 29 -0.10100 -7.43908e-02 | 30 -0.11808 -7.38429e-02
 31 -0.06754 -2.04261e-02 | 32  0.29563  1.25992e-02 | 33  0.01701 -1.97426e-02
 34  0.17499  7.69292e-03 | 35 -0.02242 -1.25347e-03 | 36  0.18641  2.62067e-02
 37 -0.18567  1.46438e-02 | 38 -0.26424  2.11611e-02 | 39 -0.30415  7.89254e-03
 40 -0.31187 -4.03260e-02 | 41 -0.32394 -7.24242e-02 | 42 -0.31565 -9.61561e-02
 43 -0.26319 -1.59625e-01 | 44 -0.22918 -1.46576e-01 | 45 -0.14915 -1.53177e-01
 46 -0.05906 -1.83461e-01 | 47  0.02070 -2.93731e-01 | 48  0.02368 -2.59812e-01
 49  0.02246 -3.06379e-01 | 50 -0.04295 -2.17701e-01 | 51 -0.02874 -1.85500e-01
 52 -0.04917 -1.41613e-01 | 53 -0.08189 -1.06390e-01 | 54 -0.20138 -7.38698e-02
 55  0.17479 -8.04061e-02 | 56 -0.13755 -2.96373e-02 | 57  0.06559  5.80507e-03
 58 -0.00314  1.02294e-02 | 59  0.04044  2.90009e-02 | 60  0.07385  3.72169e-02
 61 -0.02982  2.33975e-02 | 62  0.02473  2.21172e-02 | 63  0.07333  4.80440e-02
 64  0.04044  3.93068e-02 | 65  0.01073  2.82317e-02 | 66 -0.01435  2.79670e-02
 67  0.08340  3.16175e-02 | 68 -0.09065  2.82155e-02 | 69 -0.08106  1.60699e-02
 70 -0.01104  1.28023e-02 | 71 -0.13757  9.88355e-03 | 72 -0.11123  3.22448e-03
 73 -0.07100  3.54098e-03 | 74  0.14172  2.33264e-02 | 75  0.00385  1.73000e-02
 76 -0.14582  1.27384e-02 | 77 -0.06269  3.82795e-03 | 78 -0.08181  3.49215e-05
 79 -0.05156 -1.03675e-03 | 80 -0.02669 -1.45888e-04 | 81 -0.02602 -4.25085e-05
 82 -0.02519 -1.75870e-04 | 83 -0.72670 -1.57865e-01 | 84 -1.90687  3.19857e-03
 85  2.95841  4.77419e-02 | 86 -0.26646 -1.37602e-01 | 87 -1.33105 -9.58329e-04
 88 -0.97200  1.31190e-01 | 89  0.94215 -4.15765e-02 | 90  0.32502  1.75856e-03
 91  0.13056  6.89872e-02 | 92 -0.88737 -1.55877e-02 | 93  7.78299  2.25913e-04
 94 -35.95049  1.66809e-04 |
94 variables; iteration 520; function evaluation 580; phase 3
Function value 4.1217530e+02; maximum gradient component mag 4.5426e+00
Var    Value     Gradient |Var    Value     Gradient |Var    Value     Gradient
  1 -0.69870  8.03234e-02 |  2  1.00030  1.06511e-02 |  3 -0.83057  4.54263e+00
  4 -0.31215  4.81364e-01 |  5  0.99985 -1.16457e-02 |  6 -0.71449 -1.62004e+00
  7  0.12656 -2.64383e+00 |  8 -0.00497  2.42284e-02 |  9 -0.00456  3.48809e-02
 10 -0.02025  3.32676e-02 | 11 -0.02383  2.54641e-02 | 12 -0.02649  2.33527e-02
 13 -0.03140  2.01611e-02 | 14 -0.03479  2.17938e-02 | 15 -0.04149  2.32690e-02
 16 -0.04553  2.25172e-02 | 17 -0.04913  2.28203e-02 | 18 -0.05319  2.28089e-02
 19 -0.05843  2.20824e-02 | 20 -0.06482  2.12780e-02 | 21 -0.07360  2.22542e-02
 22 -0.08857  1.91506e-02 | 23 -0.11454  1.57100e-02 | 24 -0.13415  1.35234e-02
 25 -0.13331  2.18108e-02 | 26 -0.09412  3.39713e-02 | 27 -0.11345  3.36056e-02
 28 -0.10126  3.76205e-02 | 29 -0.10095  2.66586e-02 | 30 -0.11798  2.02398e-02
 31 -0.06751  9.47668e-03 | 32  0.29547 -2.14231e-02 | 33  0.01725 -1.83389e-02
 34  0.17495 -1.58511e-01 | 35 -0.02224 -4.30374e-02 | 36  0.18616 -2.40259e-01
 37 -0.18536 -9.95699e-03 | 38 -0.26408 -2.58539e-02 | 39 -0.30398 -5.11783e-03
 40 -0.31167 -2.06882e-02 | 41 -0.32378 -2.78430e-02 | 42 -0.31546 -1.95211e-02
 43 -0.26290 -3.40738e-02 | 44 -0.22904 -6.65880e-02 | 45 -0.14903 -1.19370e-01
 46 -0.05914 -2.04834e-01 | 47  0.02061 -3.16903e-01 | 48  0.02357 -2.79338e-01
 49  0.02234 -2.51264e-01 | 50 -0.04303 -1.40805e-01 | 51 -0.02885 -1.20246e-01
 52 -0.04928 -4.66465e-02 | 53 -0.08198 -6.52374e-03 | 54 -0.20132  9.09372e-03
 55  0.17467  9.35548e-02 | 56 -0.13756  1.74079e-02 | 57  0.06547  9.90500e-03
 58 -0.00320  4.82729e-03 | 59  0.04034 -3.56224e-03 | 60  0.07375  5.32898e-03
 61 -0.02994 -1.04185e-02 | 62  0.02467 -3.24529e-03 | 63  0.07323 -1.40620e-02
 64  0.04034 -2.36787e-02 | 65  0.01069  3.15667e-03 | 66 -0.01444 -2.84019e-03
 67  0.08332 -1.25193e-02 | 68 -0.09075 -1.15224e-02 | 69 -0.08108 -1.53880e-02
 70 -0.01111 -3.89901e-02 | 71 -0.13761 -4.63952e-03 | 72 -0.11126 -1.61406e-02
 73 -0.07102 -1.37656e-02 | 74  0.14161 -7.82405e-02 | 75  0.00375 -2.47734e-02
 76 -0.14588 -3.41790e-03 | 77 -0.06273 -5.36835e-03 | 78 -0.08186  1.77175e-03
 79 -0.05159  9.38826e-04 | 80 -0.02670 -7.14778e-04 | 81 -0.02603 -3.27366e-04
 82 -0.02520 -3.62405e-04 | 83 -0.72290 -3.65285e-02 | 84 -1.90638  3.76662e-01
 85  1.99779  3.65078e-04 | 86 -0.26647 -1.31437e+00 | 87 -1.31922  5.47806e-04
 88 -0.98279  1.04282e-02 | 89  0.95805 -1.18198e-02 | 90  0.07173  3.79170e-04
 91  0.13089  3.40661e-01 | 92 -0.84958 -6.42435e-03 | 93  7.73536 -7.51473e-04
 94 -35.94738  1.69419e-04 |
94 variables; iteration 540; function evaluation 612; phase 3
Function value 4.1217492e+02; maximum gradient component mag -4.4574e+00
Var    Value     Gradient |Var    Value     Gradient |Var    Value     Gradient
  1 -0.69871  2.30244e+00 |  2  1.00053  2.41253e-02 |  3 -0.83057 -4.45740e+00
  4 -0.31216  4.08960e-01 |  5  0.99962 -2.07694e-02 |  6 -0.71449 -4.26196e-01
  7  0.12653 -2.74144e+00 |  8 -0.00494 -4.39336e-02 |  9 -0.00459 -5.05027e-02
 10 -0.02030 -4.52218e-02 | 11 -0.02383 -3.90960e-02 | 12 -0.02649 -3.66722e-02
 13 -0.03140 -3.33830e-02 | 14 -0.03481 -3.61813e-02 | 15 -0.04150 -3.63145e-02
 16 -0.04554 -3.75709e-02 | 17 -0.04913 -3.88266e-02 | 18 -0.05319 -4.09626e-02
 19 -0.05843 -4.25794e-02 | 20 -0.06482 -4.27492e-02 | 21 -0.07360 -4.21243e-02
 22 -0.08855 -3.86172e-02 | 23 -0.11452 -3.59880e-02 | 24 -0.13414 -3.04182e-02
 25 -0.13333 -3.31746e-02 | 26 -0.09415 -4.81579e-02 | 27 -0.11348 -4.96878e-02
 28 -0.10125 -5.35197e-02 | 29 -0.10092 -6.12721e-02 | 30 -0.11797 -5.26813e-02
 31 -0.06747 -3.19191e-02 | 32  0.29544 -2.74158e-01 | 33  0.01704 -3.45402e-02
 34  0.17518 -3.35256e-02 | 35 -0.02246 -2.11905e-02 | 36  0.18620 -9.75356e-02
 37 -0.18557 -1.74297e-02 | 38 -0.26421 -1.28562e-02 | 39 -0.30417 -2.95950e-02
 40 -0.31178 -3.45113e-02 | 41 -0.32386 -3.58882e-02 | 42 -0.31555 -3.12383e-02
 43 -0.26298 -2.87508e-02 | 44 -0.22901 -6.14610e-03 | 45 -0.14894  1.37484e-02
 46 -0.05908  4.13981e-02 | 47  0.02065  7.15110e-02 | 48  0.02360  8.97959e-02
 49  0.02237  6.81289e-02 | 50 -0.04300  3.96623e-02 | 51 -0.02883  2.20526e-02
 52 -0.04926 -4.03192e-04 | 53 -0.08199 -1.37306e-03 | 54 -0.20131  9.11278e-03
 55  0.17470  5.60496e-02 | 56 -0.13756  2.06084e-02 | 57  0.06549  3.18122e-02
 58 -0.00319  2.73672e-02 | 59  0.04037  3.27166e-02 | 60  0.07376  2.11055e-02
 61 -0.02990  1.95821e-02 | 62  0.02468  2.45189e-02 | 63  0.07325  3.02244e-02
 64  0.04038  3.08823e-02 | 65  0.01068  2.65352e-02 | 66 -0.01440  3.26613e-02
 67  0.08334  6.89387e-02 | 68 -0.09073  1.41676e-02 | 69 -0.08107  1.32668e-02
 70 -0.01108  2.58736e-02 | 71 -0.13763  2.48789e-03 | 72 -0.11123  1.47841e-02
 73 -0.07100  2.04581e-02 | 74  0.14164  7.26924e-02 | 75  0.00375  1.55552e-02
 76 -0.14587  4.28736e-03 | 77 -0.06270  8.10682e-03 | 78 -0.08186  9.26893e-05
 79 -0.05158  5.62663e-04 | 80 -0.02669 -8.21843e-05 | 81 -0.02603 -5.34067e-05
 82 -0.02520 -1.35248e-05 | 83 -0.72558 -3.61311e-03 | 84 -1.90672 -1.06563e-01
 85  1.62788  1.36641e-03 | 86 -0.26647  4.47892e-01 | 87 -1.34663 -2.91467e-03
 88 -0.98413 -7.90048e-03 | 89  0.95957  5.88240e-04 | 90  0.07287 -8.62740e-04
 91  0.13086 -7.50892e-02 | 92 -0.83736  2.57920e-03 | 93  7.71154 -9.50248e-04
 94 -35.76286  1.54886e-03 |
94 variables; iteration 560; function evaluation 632; phase 3
Function value 4.1217468e+02; maximum gradient component mag 3.0941e-01
Var    Value     Gradient |Var    Value     Gradient |Var    Value     Gradient
  1 -0.69869 -1.23568e-01 |  2  0.99999  9.41071e-04 |  3 -0.83057  3.09415e-01
  4 -0.31214  1.78982e-02 |  5  0.99997 -1.22462e-03 |  6 -0.71449 -8.06289e-02
  7  0.12656  8.15323e-02 |  8 -0.00494  1.02805e-03 |  9 -0.00456  1.68941e-03
 10 -0.02027  1.11737e-03 | 11 -0.02382  1.23727e-03 | 12 -0.02649  8.15593e-04
 13 -0.03140  7.76248e-04 | 14 -0.03480  6.93036e-04 | 15 -0.04149  6.24813e-04
 16 -0.04553  7.54594e-04 | 17 -0.04913  7.73908e-04 | 18 -0.05319  9.77629e-04
 19 -0.05842  9.43205e-04 | 20 -0.06482  8.91615e-04 | 21 -0.07360  9.90170e-04
 22 -0.08856  7.46689e-04 | 23 -0.11453  7.04718e-04 | 24 -0.13414  8.76116e-04
 25 -0.13331  1.03971e-03 | 26 -0.09414  2.11275e-03 | 27 -0.11347  2.15982e-03
 28 -0.10127  2.61658e-03 | 29 -0.10092  1.96194e-03 | 30 -0.11795  2.41033e-03
 31 -0.06749  1.93707e-03 | 32  0.29541  3.81496e-02 | 33  0.01717  3.98267e-03
 34  0.17507  1.35096e-02 | 35 -0.02230  2.43279e-03 | 36  0.18614  1.59945e-02
 37 -0.18536  2.37948e-04 | 38 -0.26402 -9.04945e-04 | 39 -0.30397 -3.29092e-04
 40 -0.31162 -1.10808e-03 | 41 -0.32373 -8.90140e-04 | 42 -0.31546 -8.00792e-04
 43 -0.26292 -8.05058e-04 | 44 -0.22901 -7.09579e-04 | 45 -0.14897 -8.39464e-04
 46 -0.05913 -3.03696e-03 | 47  0.02061 -5.52509e-03 | 48  0.02357 -7.50929e-03
 49  0.02234 -8.05304e-03 | 50 -0.04303 -3.27645e-03 | 51 -0.02885 -2.68550e-03
 52 -0.04929 -1.43632e-03 | 53 -0.08200 -2.97930e-04 | 54 -0.20133 -3.82172e-05
 55  0.17467 -6.34525e-03 | 56 -0.13760 -8.73691e-04 | 57  0.06547 -4.81069e-03
 58 -0.00322 -2.26733e-03 | 59  0.04034 -3.14133e-03 | 60  0.07374 -3.79349e-03
 61 -0.02992 -1.47925e-03 | 62  0.02466 -2.79543e-03 | 63  0.07323 -6.66312e-03
 64  0.04035 -5.14183e-03 | 65  0.01066 -2.29162e-03 | 66 -0.01443  1.59222e-04
 67  0.08332  2.67991e-04 | 68 -0.09074  6.89454e-05 | 69 -0.08109  5.40598e-04
 70 -0.01110  7.48468e-04 | 71 -0.13763  7.49377e-04 | 72 -0.11125 -1.53487e-04
 73 -0.07102 -1.33252e-03 | 74  0.14161 -1.13895e-02 | 75  0.00375 -1.40302e-03
 76 -0.14589  9.44101e-05 | 77 -0.06272  2.80713e-04 | 78 -0.08187  1.40327e-04
 79 -0.05159 -7.22487e-05 | 80 -0.02670 -5.35702e-05 | 81 -0.02603 -5.25898e-05
 82 -0.02520 -4.50769e-05 | 83 -0.72543  1.85542e-04 | 84 -1.90669 -1.04056e-02
 85  1.58548  1.94452e-04 | 86 -0.26647 -4.82512e-02 | 87 -1.32232 -2.39016e-05
 88 -0.98349  1.38410e-03 | 89  0.95934 -1.12615e-03 | 90  0.07765  2.96856e-05
 91  0.13087  8.74313e-03 | 92 -0.83609  5.28544e-03 | 93  7.73608 -3.93786e-06
 94 -35.98263 -1.00580e-05 |
94 variables; iteration 580; function evaluation 652; phase 3
Function value 4.1217466e+02; maximum gradient component mag -1.5041e-01
Var    Value     Gradient |Var    Value     Gradient |Var    Value     Gradient
  1 -0.69869  8.10968e-02 |  2  0.99984 -7.16482e-03 |  3 -0.83057 -1.50411e-01
  4 -0.31214 -6.90651e-03 |  5  0.99998 -5.34737e-05 |  6 -0.71449  5.44809e-02
  7  0.12656 -7.24583e-02 |  8 -0.00494 -5.84091e-04 |  9 -0.00456 -9.36696e-04
 10 -0.02027 -6.28169e-04 | 11 -0.02382 -7.76304e-04 | 12 -0.02648 -4.53866e-04
 13 -0.03139 -4.79375e-04 | 14 -0.03480 -4.40888e-04 | 15 -0.04149 -3.52026e-04
 16 -0.04553 -4.39094e-04 | 17 -0.04913 -5.04491e-04 | 18 -0.05318 -6.90355e-04
 19 -0.05842 -7.32448e-04 | 20 -0.06482 -8.09286e-04 | 21 -0.07360 -7.87683e-04
 22 -0.08856 -6.92649e-04 | 23 -0.11453 -6.49919e-04 | 24 -0.13414 -7.20359e-04
 25 -0.13331 -7.22321e-04 | 26 -0.09413 -1.37727e-03 | 27 -0.11347 -1.42476e-03
 28 -0.10127 -1.51401e-03 | 29 -0.10092 -1.40960e-03 | 30 -0.11795 -1.43334e-03
 31 -0.06748 -1.29713e-03 | 32  0.29540 -2.21639e-02 | 33  0.01718 -2.89233e-03
 34  0.17508 -9.56507e-03 | 35 -0.02229 -2.00808e-03 | 36  0.18613 -1.15923e-02
 37 -0.18534 -4.18629e-04 | 38 -0.26400  1.85897e-05 | 39 -0.30396 -1.22817e-04
 40 -0.31161 -9.15712e-05 | 41 -0.32372 -2.30552e-04 | 42 -0.31546 -1.41858e-04
 43 -0.26291 -4.68030e-04 | 44 -0.22901 -3.79711e-04 | 45 -0.14897 -2.16154e-04
 46 -0.05913  1.42157e-03 | 47  0.02061  2.95775e-03 | 48  0.02357  4.58115e-03
 49  0.02234  4.77974e-03 | 50 -0.04303  2.24231e-03 | 51 -0.02886  1.91076e-03
 52 -0.04929  1.12264e-03 | 53 -0.08200  3.37413e-04 | 54 -0.20133  2.42037e-04
 55  0.17467  6.29496e-03 | 56 -0.13760  6.47822e-04 | 57  0.06547  2.56152e-03
 58 -0.00322  1.21741e-03 | 59  0.04034  1.68617e-03 | 60  0.07374  2.01551e-03
 61 -0.02993  6.72189e-04 | 62  0.02466  1.31521e-03 | 63  0.07323  3.03630e-03
 64  0.04035  2.39378e-03 | 65  0.01066  1.40328e-03 | 66 -0.01443  1.43183e-04
 67  0.08332 -2.28547e-04 | 68 -0.09074 -2.56432e-04 | 69 -0.08109 -5.49800e-04
 70 -0.01110 -1.17029e-03 | 71 -0.13763 -4.74850e-04 | 72 -0.11125 -6.52263e-05
 73 -0.07102  7.58564e-04 | 74  0.14161  6.06541e-03 | 75  0.00375  7.16018e-04
 76 -0.14589  7.67153e-06 | 77 -0.06272 -3.91602e-06 | 78 -0.08187  3.07662e-05
 79 -0.05159  8.98681e-05 | 80 -0.02670 -2.45045e-06 | 81 -0.02603 -1.84985e-06
 82 -0.02520  9.49225e-06 | 83 -0.72543 -5.10141e-04 | 84 -1.90669  6.64833e-03
 85  1.57752 -1.67439e-05 | 86 -0.26647  2.84093e-02 | 87 -1.32196  1.24012e-05
 88 -0.98360 -1.08555e-04 | 89  0.95977  8.85459e-05 | 90  0.07758  2.08199e-05
 91  0.13088 -2.70522e-03 | 92 -0.84236 -3.66602e-04 | 93  7.74222 -1.79601e-05
 94 -35.98434 -3.28062e-06 |
  ic > imax  in fminim is answer attained ?
Var    Value     Gradient |Var    Value     Gradient |Var    Value     Gradient
  1 -0.69869  1.28176e-04 |  2  0.99998 -3.49424e-07 |  3 -0.83057 -1.46424e-04
  4 -0.31214  3.61770e-06 |  5  0.99998  3.81741e-08 |  6 -0.71449  6.77059e-05
  7  0.12656 -1.77094e-04 |  8 -0.00494 -2.92522e-07 |  9 -0.00456 -9.85141e-07
 10 -0.02027 -5.12608e-07 | 11 -0.02382 -8.48985e-07 | 12 -0.02648 -3.16018e-07
 13 -0.03139 -4.67374e-07 | 14 -0.03480 -3.55584e-07 | 15 -0.04149 -1.30062e-07
 16 -0.04553 -4.26630e-07 | 17 -0.04913 -4.46985e-07 | 18 -0.05318 -8.05168e-07
 19 -0.05842 -9.76780e-07 | 20 -0.06482 -1.21139e-06 | 21 -0.07360 -1.09421e-06
 22 -0.08856 -9.04763e-07 | 23 -0.11453 -1.04349e-06 | 24 -0.13414 -1.16067e-06
 25 -0.13331 -1.14944e-06 | 26 -0.09413 -2.13525e-06 | 27 -0.11347 -2.23236e-06
 28 -0.10127 -1.72457e-06 | 29 -0.10092 -2.76592e-06 | 30 -0.11795 -2.79066e-06
 31 -0.06749 -2.95962e-06 | 32  0.29540 -4.94116e-05 | 33  0.01718 -7.12898e-06
 34  0.17508 -2.36767e-05 | 35 -0.02229 -6.05524e-06 | 36  0.18613 -3.37305e-05
 37 -0.18534 -1.70918e-06 | 38 -0.26400 -1.44605e-06 | 39 -0.30396 -1.12703e-06
 40 -0.31161 -1.61945e-06 | 41 -0.32372 -1.99303e-06 | 42 -0.31546 -1.25386e-06
 43 -0.26291 -1.96570e-06 | 44 -0.22901 -2.37917e-06 | 45 -0.14897 -2.15562e-06
 46 -0.05913 -1.57383e-06 | 47  0.02061 -6.88498e-07 | 48  0.02357  1.07490e-06
 49  0.02234  1.84241e-06 | 50 -0.04303  8.88587e-07 | 51 -0.02886  4.49785e-07
 52 -0.04929  2.14975e-06 | 53 -0.08200  2.18186e-06 | 54 -0.20133  1.71883e-06
 55  0.17467  1.75210e-05 | 56 -0.13760  1.59112e-06 | 57  0.06547  5.80005e-06
 58 -0.00322  3.58189e-06 | 59  0.04034  3.23796e-06 | 60  0.07374  3.57547e-06
 61 -0.02993  1.49988e-06 | 62  0.02466  2.10190e-06 | 63  0.07323  5.57231e-06
 64  0.04035  4.30501e-06 | 65  0.01066  5.27118e-06 | 66 -0.01443  3.65483e-06
 67  0.08332  6.44918e-06 | 68 -0.09074  4.14992e-07 | 69 -0.08109  4.24660e-07
 70 -0.01110  5.89058e-07 | 71 -0.13763  3.70439e-07 | 72 -0.11125  9.86331e-07
 73 -0.07102  2.61949e-06 | 74  0.14161  8.95664e-06 | 75  0.00375  1.94857e-06
 76 -0.14589  4.78371e-07 | 77 -0.06272  9.34237e-07 | 78 -0.08187  1.89806e-07
 79 -0.05159  1.17375e-07 | 80 -0.02670 -3.60534e-08 | 81 -0.02603 -6.86223e-08
 82 -0.02520 -5.12765e-08 | 83 -0.72543 -8.22153e-07 | 84 -1.90669  6.29360e-06
 85  1.57813  3.17382e-09 | 86 -0.26647 -4.49331e-05 | 87 -1.32208 -9.78328e-09
 88 -0.98359  1.31408e-07 | 89  0.95975 -3.14034e-07 | 90  0.07741 -1.84931e-09
 91  0.13088  6.48520e-06 | 92 -0.84189 -1.34478e-08 | 93  7.74205 -4.20107e-09
 94 -35.98301  1.82196e-09 |
Function minimizer not making progress ... is minimum attained?
Minimprove criterion = 0.0000e+00

 - final statistics:
94 variables; iteration 588; function evaluation 689
Function value 4.1217e+02; maximum gradient component mag -1.7709e-04
Exit code = 1;  converg criter 1.0000e-04
Var    Value     Gradient |Var    Value     Gradient |Var    Value     Gradient
  1 -0.69869  1.28176e-04 |  2  0.99998 -3.49424e-07 |  3 -0.83057 -1.46424e-04
  4 -0.31214  3.61770e-06 |  5  0.99998  3.81741e-08 |  6 -0.71449  6.77059e-05
  7  0.12656 -1.77094e-04 |  8 -0.00494 -2.92522e-07 |  9 -0.00456 -9.85141e-07
 10 -0.02027 -5.12608e-07 | 11 -0.02382 -8.48985e-07 | 12 -0.02648 -3.16018e-07
 13 -0.03139 -4.67374e-07 | 14 -0.03480 -3.55584e-07 | 15 -0.04149 -1.30062e-07
 16 -0.04553 -4.26630e-07 | 17 -0.04913 -4.46985e-07 | 18 -0.05318 -8.05168e-07
 19 -0.05842 -9.76780e-07 | 20 -0.06482 -1.21139e-06 | 21 -0.07360 -1.09421e-06
 22 -0.08856 -9.04763e-07 | 23 -0.11453 -1.04349e-06 | 24 -0.13414 -1.16067e-06
 25 -0.13331 -1.14944e-06 | 26 -0.09413 -2.13525e-06 | 27 -0.11347 -2.23236e-06
 28 -0.10127 -1.72457e-06 | 29 -0.10092 -2.76592e-06 | 30 -0.11795 -2.79066e-06
 31 -0.06749 -2.95962e-06 | 32  0.29540 -4.94116e-05 | 33  0.01718 -7.12898e-06
 34  0.17508 -2.36767e-05 | 35 -0.02229 -6.05524e-06 | 36  0.18613 -3.37305e-05
 37 -0.18534 -1.70918e-06 | 38 -0.26400 -1.44605e-06 | 39 -0.30396 -1.12703e-06
 40 -0.31161 -1.61945e-06 | 41 -0.32372 -1.99303e-06 | 42 -0.31546 -1.25386e-06
 43 -0.26291 -1.96570e-06 | 44 -0.22901 -2.37917e-06 | 45 -0.14897 -2.15562e-06
 46 -0.05913 -1.57383e-06 | 47  0.02061 -6.88498e-07 | 48  0.02357  1.07490e-06
 49  0.02234  1.84241e-06 | 50 -0.04303  8.88587e-07 | 51 -0.02886  4.49785e-07
 52 -0.04929  2.14975e-06 | 53 -0.08200  2.18186e-06 | 54 -0.20133  1.71883e-06
 55  0.17467  1.75210e-05 | 56 -0.13760  1.59112e-06 | 57  0.06547  5.80005e-06
 58 -0.00322  3.58189e-06 | 59  0.04034  3.23796e-06 | 60  0.07374  3.57547e-06
 61 -0.02993  1.49988e-06 | 62  0.02466  2.10190e-06 | 63  0.07323  5.57231e-06
 64  0.04035  4.30501e-06 | 65  0.01066  5.27118e-06 | 66 -0.01443  3.65483e-06
 67  0.08332  6.44918e-06 | 68 -0.09074  4.14992e-07 | 69 -0.08109  4.24660e-07
 70 -0.01110  5.89058e-07 | 71 -0.13763  3.70439e-07 | 72 -0.11125  9.86331e-07
 73 -0.07102  2.61949e-06 | 74  0.14161  8.95664e-06 | 75  0.00375  1.94857e-06
 76 -0.14589  4.78371e-07 | 77 -0.06272  9.34237e-07 | 78 -0.08187  1.89806e-07
 79 -0.05159  1.17375e-07 | 80 -0.02670 -3.60534e-08 | 81 -0.02603 -6.86223e-08
 82 -0.02520 -5.12765e-08 | 83 -0.72543 -8.22153e-07 | 84 -1.90669  6.29360e-06
 85  1.57813  3.17382e-09 | 86 -0.26647 -4.49331e-05 | 87 -1.32208 -9.78328e-09
 88 -0.98359  1.31408e-07 | 89  0.95975 -3.14034e-07 | 90  0.07741 -1.84931e-09
 91  0.13088  6.48520e-06 | 92 -0.84189 -1.34478e-08 | 93  7.74205 -4.20107e-09
 94 -35.98301  1.82196e-09 |

Initial statistics: 95 variables; iteration 0; function evaluation 0; phase 4
Function value 4.1217466e+02; maximum gradient component mag -1.7529e-04
Var    Value     Gradient |Var    Value     Gradient |Var    Value     Gradient
  1 -0.69869  1.26853e-04 |  2  0.99998 -3.45800e-07 |  3 -0.83057 -1.44814e-04
  4 -0.31214  3.59384e-06 |  5  0.99998  3.97939e-08 |  6 -0.71449  6.68500e-05
  7  0.12656 -1.75287e-04 |  8 -0.00494 -2.89572e-07 |  9 -0.00456 -9.75018e-07
 10 -0.02027 -5.07724e-07 | 11 -0.02382 -8.40500e-07 | 12 -0.02648 -3.13121e-07
 13 -0.03139 -4.62817e-07 | 14 -0.03480 -3.52344e-07 | 15 -0.04149 -1.29031e-07
 16 -0.04553 -4.22464e-07 | 17 -0.04913 -4.42769e-07 | 18 -0.05318 -7.97124e-07
 19 -0.05842 -9.66848e-07 | 20 -0.06482 -1.19895e-06 | 21 -0.07360 -1.08315e-06
 22 -0.08856 -8.95989e-07 | 23 -0.11453 -1.03293e-06 | 24 -0.13414 -1.14900e-06
 25 -0.13331 -1.13722e-06 | 26 -0.09413 -2.11360e-06 | 27 -0.11347 -2.20946e-06
 28 -0.10127 -1.70816e-06 | 29 -0.10092 -2.73828e-06 | 30 -0.11795 -2.76125e-06
 31 -0.06749 -2.92936e-06 | 32  0.29540 -4.88948e-05 | 33  0.01718 -7.05502e-06
 34  0.17508 -2.34363e-05 | 35 -0.02229 -5.99306e-06 | 36  0.18613 -3.33887e-05
 37 -0.18534 -1.69204e-06 | 38 -0.26400 -1.43086e-06 | 39 -0.30396 -1.11479e-06
 40 -0.31161 -1.60159e-06 | 41 -0.32372 -1.97161e-06 | 42 -0.31546 -1.23996e-06
 43 -0.26291 -1.94456e-06 | 44 -0.22901 -2.35395e-06 | 45 -0.14897 -2.13447e-06
 46 -0.05913 -1.56132e-06 | 47  0.02061 -6.85213e-07 | 48  0.02357  1.06231e-06
 49  0.02234  1.82236e-06 | 50 -0.04303  8.80706e-07 | 51 -0.02886  4.49321e-07
 52 -0.04929  2.12967e-06 | 53 -0.08200  2.15827e-06 | 54 -0.20133  1.69848e-06
 55  0.17467  1.73288e-05 | 56 -0.13760  1.57481e-06 | 57  0.06547  5.73943e-06
 58 -0.00322  3.54358e-06 | 59  0.04034  3.20321e-06 | 60  0.07374  3.54116e-06
 61 -0.02993  1.48573e-06 | 62  0.02466  2.08107e-06 | 63  0.07323  5.51512e-06
 64  0.04035  4.26077e-06 | 65  0.01066  5.21679e-06 | 66 -0.01443  3.61890e-06
 67  0.08332  6.38744e-06 | 68 -0.09074  4.12678e-07 | 69 -0.08109  4.22428e-07
 70 -0.01110  5.86211e-07 | 71 -0.13763  3.67907e-07 | 72 -0.11125  9.76250e-07
 73 -0.07102  2.59165e-06 | 74  0.14161  8.86057e-06 | 75  0.00375  1.92954e-06
 76 -0.14589  4.73375e-07 | 77 -0.06272  9.25019e-07 | 78 -0.08187  1.87437e-07
 79 -0.05159  1.16133e-07 | 80 -0.02670 -3.58744e-08 | 81 -0.02603 -6.79443e-08
 82 -0.02520 -5.08053e-08 | 83  0.00000  0.00000e+00 | 84 -0.72543 -8.12551e-07
 85 -0.09331 -6.22215e-06 | 86  0.42187 -3.14541e-09 | 87 -0.26647 -4.43119e-05
 88 -0.67792  9.65974e-09 | 89 -0.98359  1.30232e-07 | 90  0.95975 -3.10597e-07
 91  0.07741 -1.80984e-09 | 92  0.13088  6.41298e-06 | 93 -0.84189 -1.31061e-08
 94 -0.25795 -4.00829e-09 | 95  0.01699  1.79715e-09 |
Warning: the following parameters had issues
  MGparm[3] is within 0.1% of upper bound: 1.00000e+00 < 1.10000e+02 < 1.10000e+02
  MGparm[15] is within 0.1% of upper bound: 1.00000e+00 < 1.10000e+02 < 1.10000e+02
  selparm[9] is within 0.1% of lower bound: -4.00000e+00 < -3.99734e+00 < 1.20000e+01
  selparm[13] is within 0.1% of upper bound: 2.00000e+01 < 8.09390e+01 < 8.10000e+01


 - final statistics:
95 variables; iteration 2; function evaluation 4
Function value 4.1217e+02; maximum gradient component mag 6.3606e-05
Exit code = 1;  converg criter 1.0000e-04
Var    Value     Gradient |Var    Value     Gradient |Var    Value     Gradient
  1 -0.69869  1.07273e-05 |  2  0.99998 -3.45172e-07 |  3 -0.83057  6.36060e-05
  4 -0.31214  5.81082e-06 |  5  0.99998  3.94518e-08 |  6 -0.71449 -1.91525e-05
  7  0.12656 -4.26930e-05 |  8 -0.00494  7.57573e-07 |  9 -0.00456  8.89086e-08
 10 -0.02027  4.18044e-07 | 11 -0.02382  4.17843e-08 | 12 -0.02648  5.14630e-07
 13 -0.03139  3.01984e-07 | 14 -0.03480  4.12966e-07 | 15 -0.04149  6.38557e-07
 16 -0.04553  3.76690e-07 | 17 -0.04913  3.98687e-07 | 18 -0.05318  9.06977e-08
 19 -0.05842 -6.02781e-08 | 20 -0.06482 -2.94172e-07 | 21 -0.07360 -2.03142e-07
 22 -0.08856 -7.70353e-08 | 23 -0.11453 -2.75300e-07 | 24 -0.13414 -3.56234e-07
 25 -0.13331 -1.39721e-07 | 26 -0.09413 -4.56586e-07 | 27 -0.11347 -5.04683e-07
 28 -0.10127  4.16790e-07 | 29 -0.10092 -3.97278e-07 | 30 -0.11795 -6.72273e-07
 31 -0.06749 -3.60318e-07 | 32  0.29540 -1.62087e-05 | 33  0.01718 -2.73802e-06
 34  0.17508 -9.52000e-06 | 35 -0.02229 -2.81885e-06 | 36  0.18613 -1.59431e-05
 37 -0.18534 -7.08608e-07 | 38 -0.26400 -8.12921e-07 | 39 -0.30396 -6.13607e-07
 40 -0.31161 -1.10295e-06 | 41 -0.32372 -1.50264e-06 | 42 -0.31546 -7.16628e-07
 43 -0.26291 -1.10105e-06 | 44 -0.22901 -1.37921e-06 | 45 -0.14897 -8.78635e-07
 46 -0.05913 -1.09523e-06 | 47  0.02061 -2.71627e-06 | 48  0.02357 -1.61757e-06
 49  0.02234 -5.60294e-07 | 50 -0.04303 -4.81705e-07 | 51 -0.02886 -1.33750e-06
 52 -0.04929  3.02705e-07 | 53 -0.08200 -5.49566e-08 | 54 -0.20133  2.75110e-07
 55  0.17467  3.26319e-06 | 56 -0.13760  7.61563e-07 | 57  0.06547  1.90244e-06
 58 -0.00322  1.34124e-06 | 59  0.04034  1.81370e-07 | 60  0.07374  3.58638e-07
 61 -0.02993  2.64040e-07 | 62  0.02466  1.45143e-07 | 63  0.07323  2.95310e-06
 64  0.04035  2.58665e-06 | 65  0.01066  3.96850e-06 | 66 -0.01443  2.61434e-06
 67  0.08332  5.01507e-06 | 68 -0.09074  2.81798e-07 | 69 -0.08109  2.77984e-07
 70 -0.01110  5.05526e-07 | 71 -0.13763  2.74448e-07 | 72 -0.11125  5.92365e-07
 73 -0.07102  1.76575e-06 | 74  0.14161  5.96260e-06 | 75  0.00375  1.92297e-06
 76 -0.14589  4.71200e-07 | 77 -0.06272  9.19347e-07 | 78 -0.08187  1.85481e-07
 79 -0.05159  1.05419e-07 | 80 -0.02670 -3.70124e-08 | 81 -0.02603 -6.90440e-08
 82 -0.02520 -5.18324e-08 | 83  0.00000  0.00000e+00 | 84 -0.72543 -1.55089e-07
 85 -0.09331 -7.62431e-07 | 86  0.42187 -3.18647e-09 | 87 -0.26647  8.55892e-06
 88 -0.67792  9.75527e-09 | 89 -0.98359  9.21132e-08 | 90  0.95975 -2.90346e-07
 91  0.07741 -1.63619e-09 | 92  0.13088  5.70026e-06 | 93 -0.84189 -1.32767e-08
 94 -0.25795 -4.06165e-09 | 95  0.01699  1.79728e-09 |
Estimating row 1 out of 95 for hessian
Estimating row 2 out of 95 for hessian
Estimating row 3 out of 95 for hessian
Estimating row 4 out of 95 for hessian
Estimating row 5 out of 95 for hessian
Estimating row 6 out of 95 for hessian
Estimating row 7 out of 95 for hessian
Estimating row 8 out of 95 for hessian
Estimating row 9 out of 95 for hessian
Estimating row 10 out of 95 for hessian
Estimating row 11 out of 95 for hessian
Estimating row 12 out of 95 for hessian
Estimating row 13 out of 95 for hessian
Estimating row 14 out of 95 for hessian
Estimating row 15 out of 95 for hessian
Estimating row 16 out of 95 for hessian
Estimating row 17 out of 95 for hessian
Estimating row 18 out of 95 for hessian
Estimating row 19 out of 95 for hessian
Estimating row 20 out of 95 for hessian
Estimating row 21 out of 95 for hessian
Estimating row 22 out of 95 for hessian
Estimating row 23 out of 95 for hessian
Estimating row 24 out of 95 for hessian
Estimating row 25 out of 95 for hessian
Estimating row 26 out of 95 for hessian
Estimating row 27 out of 95 for hessian
Estimating row 28 out of 95 for hessian
Estimating row 29 out of 95 for hessian
Estimating row 30 out of 95 for hessian
Estimating row 31 out of 95 for hessian
Estimating row 32 out of 95 for hessian
Estimating row 33 out of 95 for hessian
Estimating row 34 out of 95 for hessian
Estimating row 35 out of 95 for hessian
Estimating row 36 out of 95 for hessian
Estimating row 37 out of 95 for hessian
Estimating row 38 out of 95 for hessian
Estimating row 39 out of 95 for hessian
Estimating row 40 out of 95 for hessian
Estimating row 41 out of 95 for hessian
Estimating row 42 out of 95 for hessian
Estimating row 43 out of 95 for hessian
Estimating row 44 out of 95 for hessian
Estimating row 45 out of 95 for hessian
Estimating row 46 out of 95 for hessian
Estimating row 47 out of 95 for hessian
Estimating row 48 out of 95 for hessian
Estimating row 49 out of 95 for hessian
Estimating row 50 out of 95 for hessian
Estimating row 51 out of 95 for hessian
Estimating row 52 out of 95 for hessian
Estimating row 53 out of 95 for hessian
Estimating row 54 out of 95 for hessian
Estimating row 55 out of 95 for hessian
Estimating row 56 out of 95 for hessian
Estimating row 57 out of 95 for hessian
Estimating row 58 out of 95 for hessian
Estimating row 59 out of 95 for hessian
Estimating row 60 out of 95 for hessian
Estimating row 61 out of 95 for hessian
Estimating row 62 out of 95 for hessian
Estimating row 63 out of 95 for hessian
Estimating row 64 out of 95 for hessian
Estimating row 65 out of 95 for hessian
Estimating row 66 out of 95 for hessian
Estimating row 67 out of 95 for hessian
Estimating row 68 out of 95 for hessian
Estimating row 69 out of 95 for hessian
Estimating row 70 out of 95 for hessian
Estimating row 71 out of 95 for hessian
Estimating row 72 out of 95 for hessian
Estimating row 73 out of 95 for hessian
Estimating row 74 out of 95 for hessian
Estimating row 75 out of 95 for hessian
Estimating row 76 out of 95 for hessian
Estimating row 77 out of 95 for hessian
Estimating row 78 out of 95 for hessian
Estimating row 79 out of 95 for hessian
Estimating row 80 out of 95 for hessian
Estimating row 81 out of 95 for hessian
Estimating row 82 out of 95 for hessian
Estimating row 83 out of 95 for hessian
Estimating row 84 out of 95 for hessian
Estimating row 85 out of 95 for hessian
Estimating row 86 out of 95 for hessian
Estimating row 87 out of 95 for hessian
Estimating row 88 out of 95 for hessian
Estimating row 89 out of 95 for hessian
Estimating row 90 out of 95 for hessian
Estimating row 91 out of 95 for hessian
Estimating row 92 out of 95 for hessian
Estimating row 93 out of 95 for hessian
Estimating row 94 out of 95 for hessian
Estimating row 95 out of 95 for hessian
size of file gradfil1.tmp = 0
size of file gradfil2.tmp = 0
size of file varssave.tmp = 0
size of file cmpdiff.tmp = 0
