
Initial statistics: 75 variables; iteration 0; function evaluation 0; phase 1
Function value nan; maximum gradient component mag -7.3786e+06
Var    Value     Gradient |Var    Value     Gradient |Var    Value     Gradient
  1 -0.24351 -7.37864e+06 |  2  0.03235 -1.17160e+05 |  3 -0.04171 -7.92203e+04
  4  0.04917 -1.59037e+05 |  5 -0.04378 -8.91454e+04 |  6 -0.02194 -1.13076e+05
  7 -0.01559 -1.03074e+05 |  8  0.02095 -1.18561e+05 |  9  0.03030 -1.16802e+05
 10 -0.01350 -8.89435e+04 | 11 -0.02055 -8.30640e+04 | 12 -0.02137 -7.68342e+04
 13 -0.04485 -6.25600e+04 | 14  0.03242 -9.86426e+04 | 15  0.04511 -1.08872e+05
 16 -0.01759 -7.79558e+04 | 17 -0.02478 -7.01036e+04 | 18 -0.00097 -2.13256e+04
 19 -0.02618  8.33436e+04 | 20  0.01052  1.43688e+05 | 21 -0.03872  1.04081e+05
 22 -0.00483  1.20416e+05 | 23  0.03611  1.46496e+05 | 24 -0.03355  8.26759e+04
 25 -0.03622  7.56435e+04 | 26  0.02117  1.03089e+05 | 27  0.00271  8.23142e+04
 28 -0.02976  5.35017e+04 | 29  0.05090  9.21118e+04 | 30 -0.03222  4.09298e+04
 31 -0.04338  3.28880e+04 | 32  0.04451 -2.62427e+04 | 33 -0.03826 -4.03633e+04
 34  0.04585 -3.53625e+04 | 35  0.01294 -5.72314e+04 | 36 -0.03280 -6.25073e+04
 37  0.01941 -8.68598e+04 | 38 -0.00880 -6.64572e+04 | 39  0.01465 -6.51566e+04
 40 -0.02517 -5.51203e+04 | 41 -0.02998 -5.95177e+04 | 42 -0.04465 -5.12579e+04
 43  0.01402 -6.85309e+04 | 44 -0.04192 -6.46965e+04 | 45 -0.02287 -8.84108e+04
 46 -0.02408 -6.73982e+04 | 47  0.02109 -7.91992e+04 | 48 -0.02034 -1.10056e+05
 49 -0.00060 -1.05026e+05 | 50 -0.02492 -1.06480e+05 | 51  0.04904 -2.19220e+05
 52  0.04659 -1.61565e+05 | 53  0.00886 -9.91533e+04 | 54  0.04859 -1.20839e+05
 55 -0.04286 -6.61801e+04 | 56  0.01036 -9.95489e+04 | 57 -0.01377 -7.38876e+04
 58  0.02145 -9.19468e+04 | 59  0.02007 -9.09754e+04 | 60  0.03795 -9.77868e+04
 61  0.01351 -8.96488e+04 | 62 -0.02748 -8.33813e+04 | 63  0.00147 -9.26171e+04
 64  0.04978 -1.04666e+05 | 65 -0.02867 -6.42717e+04 | 66 -0.02643 -6.76489e+04
 67 -0.04329 -4.91759e+04 | 68 -0.03892 -3.28290e+04 | 69 -0.02659 -1.10682e+04
 70  0.03384  1.80161e+04 | 71  0.02825  3.78424e+04 | 72  0.00107  8.18826e+03
 73  0.03067 -3.06632e+00 | 74 -0.01566  1.42993e+02 | 75  0.00330  1.48360e+02
  ic > imax  in fminim is answer attained ?
Var    Value     Gradient |Var    Value     Gradient |Var    Value     Gradient
  1 -0.21371 -6.92093e+06 |  2  0.03283 -1.37623e+05 |  3 -0.04139 -6.78898e+04
  4  0.04981 -1.52959e+05 |  5 -0.04342 -9.05153e+04 |  6 -0.02149 -1.18112e+05
  7 -0.01518 -1.11489e+05 |  8  0.02142 -1.34544e+05 |  9  0.03077 -1.36243e+05
 10 -0.01314 -1.05663e+05 | 11 -0.02021 -1.02712e+05 | 12 -0.02106 -9.87453e+04
 13 -0.04459 -7.89660e+04 | 14  0.03282 -1.21593e+05 | 15  0.04555 -1.28953e+05
 16 -0.01728 -9.24567e+04 | 17 -0.02450 -8.75562e+04 | 18 -0.00088 -3.40979e+04
 19 -0.02652  9.60018e+04 | 20  0.00993  1.73474e+05 | 21 -0.03915  1.30643e+05
 22 -0.00532  1.50334e+05 | 23  0.03552  1.81889e+05 | 24 -0.03389  1.08726e+05
 25 -0.03653  1.01519e+05 | 26  0.02076  1.35551e+05 | 27  0.00238  1.11854e+05
 28 -0.02997  7.42112e+04 | 29  0.05053  1.26837e+05 | 30 -0.03239  6.61151e+04
 31 -0.04352  5.60739e+04 | 32  0.04462 -1.01465e+03 | 33 -0.03810 -2.90817e+04
 34  0.04599 -1.14650e+04 | 35  0.01318 -4.66263e+04 | 36 -0.03255 -5.99583e+04
 37  0.01976 -8.15226e+04 | 38 -0.00853 -5.83913e+04 | 39  0.01491 -4.74624e+04
 40 -0.02495 -3.99485e+04 | 41 -0.02974 -4.32440e+04 | 42 -0.04444 -3.80294e+04
 43  0.01429 -5.00866e+04 | 44 -0.04166 -5.87005e+04 | 45 -0.02251 -8.50181e+04
 46 -0.02380 -5.91837e+04 | 47  0.02141 -6.39179e+04 | 48 -0.01989 -1.02780e+05
 49 -0.00017 -9.91470e+04 | 50 -0.02449 -9.54493e+04 | 51  0.04992 -1.88372e+05
 52  0.04724 -1.40273e+05 | 53  0.00926 -9.66885e+04 | 54  0.04907 -1.12255e+05
 55 -0.04259 -6.17693e+04 | 56  0.01076 -9.36585e+04 | 57 -0.01347 -6.82504e+04
 58  0.02182 -8.55900e+04 | 59  0.02044 -8.64563e+04 | 60  0.03835 -9.19676e+04
 61  0.01387 -8.42682e+04 | 62 -0.02714 -8.14123e+04 | 63  0.00185 -9.03238e+04
 64  0.05020 -9.81377e+04 | 65 -0.02841 -5.76255e+04 | 66 -0.02616 -5.80720e+04
 67 -0.04309 -3.83625e+04 | 68 -0.03879 -2.03411e+04 | 69 -0.02654  4.99026e+01
 70  0.03377  3.12315e+04 | 71  0.02810  4.97400e+04 | 72  0.00104  1.03290e+04
 73  0.03067 -3.86435e+01 | 74 -0.01566  1.46550e+02 | 75  0.00330  1.52004e+02
Function minimizer not making progress ... is minimum attained?
Minimprove criterion = 0.0000e+00

 - final statistics:
75 variables; iteration 2; function evaluation 38
Function value nan; maximum gradient component mag -6.9209e+06
Exit code = 1;  converg criter 1.0000e+01
Var    Value     Gradient |Var    Value     Gradient |Var    Value     Gradient
  1 -0.21371 -6.92093e+06 |  2  0.03283 -1.37623e+05 |  3 -0.04139 -6.78898e+04
  4  0.04981 -1.52959e+05 |  5 -0.04342 -9.05153e+04 |  6 -0.02149 -1.18112e+05
  7 -0.01518 -1.11489e+05 |  8  0.02142 -1.34544e+05 |  9  0.03077 -1.36243e+05
 10 -0.01314 -1.05663e+05 | 11 -0.02021 -1.02712e+05 | 12 -0.02106 -9.87453e+04
 13 -0.04459 -7.89660e+04 | 14  0.03282 -1.21593e+05 | 15  0.04555 -1.28953e+05
 16 -0.01728 -9.24567e+04 | 17 -0.02450 -8.75562e+04 | 18 -0.00088 -3.40979e+04
 19 -0.02652  9.60018e+04 | 20  0.00993  1.73474e+05 | 21 -0.03915  1.30643e+05
 22 -0.00532  1.50334e+05 | 23  0.03552  1.81889e+05 | 24 -0.03389  1.08726e+05
 25 -0.03653  1.01519e+05 | 26  0.02076  1.35551e+05 | 27  0.00238  1.11854e+05
 28 -0.02997  7.42112e+04 | 29  0.05053  1.26837e+05 | 30 -0.03239  6.61151e+04
 31 -0.04352  5.60739e+04 | 32  0.04462 -1.01465e+03 | 33 -0.03810 -2.90817e+04
 34  0.04599 -1.14650e+04 | 35  0.01318 -4.66263e+04 | 36 -0.03255 -5.99583e+04
 37  0.01976 -8.15226e+04 | 38 -0.00853 -5.83913e+04 | 39  0.01491 -4.74624e+04
 40 -0.02495 -3.99485e+04 | 41 -0.02974 -4.32440e+04 | 42 -0.04444 -3.80294e+04
 43  0.01429 -5.00866e+04 | 44 -0.04166 -5.87005e+04 | 45 -0.02251 -8.50181e+04
 46 -0.02380 -5.91837e+04 | 47  0.02141 -6.39179e+04 | 48 -0.01989 -1.02780e+05
 49 -0.00017 -9.91470e+04 | 50 -0.02449 -9.54493e+04 | 51  0.04992 -1.88372e+05
 52  0.04724 -1.40273e+05 | 53  0.00926 -9.66885e+04 | 54  0.04907 -1.12255e+05
 55 -0.04259 -6.17693e+04 | 56  0.01076 -9.36585e+04 | 57 -0.01347 -6.82504e+04
 58  0.02182 -8.55900e+04 | 59  0.02044 -8.64563e+04 | 60  0.03835 -9.19676e+04
 61  0.01387 -8.42682e+04 | 62 -0.02714 -8.14123e+04 | 63  0.00185 -9.03238e+04
 64  0.05020 -9.81377e+04 | 65 -0.02841 -5.76255e+04 | 66 -0.02616 -5.80720e+04
 67 -0.04309 -3.83625e+04 | 68 -0.03879 -2.03411e+04 | 69 -0.02654  4.99026e+01
 70  0.03377  3.12315e+04 | 71  0.02810  4.97400e+04 | 72  0.00104  1.03290e+04
 73  0.03067 -3.86435e+01 | 74 -0.01566  1.46550e+02 | 75  0.00330  1.52004e+02

Initial statistics: 75 variables; iteration 0; function evaluation 0; phase 2
Function value nan; maximum gradient component mag -6.9209e+06
Var    Value     Gradient |Var    Value     Gradient |Var    Value     Gradient
  1 -0.21371 -6.92093e+06 |  2  0.03283 -1.37623e+05 |  3 -0.04139 -6.78898e+04
  4  0.04981 -1.52959e+05 |  5 -0.04342 -9.05153e+04 |  6 -0.02149 -1.18112e+05
  7 -0.01518 -1.11489e+05 |  8  0.02142 -1.34544e+05 |  9  0.03077 -1.36243e+05
 10 -0.01314 -1.05663e+05 | 11 -0.02021 -1.02712e+05 | 12 -0.02106 -9.87453e+04
 13 -0.04459 -7.89660e+04 | 14  0.03282 -1.21593e+05 | 15  0.04555 -1.28953e+05
 16 -0.01728 -9.24567e+04 | 17 -0.02450 -8.75562e+04 | 18 -0.00088 -3.40979e+04
 19 -0.02652  9.60018e+04 | 20  0.00993  1.73474e+05 | 21 -0.03915  1.30643e+05
 22 -0.00532  1.50334e+05 | 23  0.03552  1.81889e+05 | 24 -0.03389  1.08726e+05
 25 -0.03653  1.01519e+05 | 26  0.02076  1.35551e+05 | 27  0.00238  1.11854e+05
 28 -0.02997  7.42112e+04 | 29  0.05053  1.26837e+05 | 30 -0.03239  6.61151e+04
 31 -0.04352  5.60739e+04 | 32  0.04462 -1.01465e+03 | 33 -0.03810 -2.90817e+04
 34  0.04599 -1.14650e+04 | 35  0.01318 -4.66263e+04 | 36 -0.03255 -5.99583e+04
 37  0.01976 -8.15226e+04 | 38 -0.00853 -5.83913e+04 | 39  0.01491 -4.74624e+04
 40 -0.02495 -3.99485e+04 | 41 -0.02974 -4.32440e+04 | 42 -0.04444 -3.80294e+04
 43  0.01429 -5.00866e+04 | 44 -0.04166 -5.87005e+04 | 45 -0.02251 -8.50181e+04
 46 -0.02380 -5.91837e+04 | 47  0.02141 -6.39179e+04 | 48 -0.01989 -1.02780e+05
 49 -0.00017 -9.91470e+04 | 50 -0.02449 -9.54493e+04 | 51  0.04992 -1.88372e+05
 52  0.04724 -1.40273e+05 | 53  0.00926 -9.66885e+04 | 54  0.04907 -1.12255e+05
 55 -0.04259 -6.17693e+04 | 56  0.01076 -9.36585e+04 | 57 -0.01347 -6.82504e+04
 58  0.02182 -8.55900e+04 | 59  0.02044 -8.64563e+04 | 60  0.03835 -9.19676e+04
 61  0.01387 -8.42682e+04 | 62 -0.02714 -8.14123e+04 | 63  0.00185 -9.03238e+04
 64  0.05020 -9.81377e+04 | 65 -0.02841 -5.76255e+04 | 66 -0.02616 -5.80720e+04
 67 -0.04309 -3.83625e+04 | 68 -0.03879 -2.03411e+04 | 69 -0.02654  4.99026e+01
 70  0.03377  3.12315e+04 | 71  0.02810  4.97400e+04 | 72  0.00104  1.03290e+04
 73  0.03067 -3.86435e+01 | 74 -0.01566  1.46550e+02 | 75  0.00330  1.52004e+02
  ic > imax  in fminim is answer attained ?
Var    Value     Gradient |Var    Value     Gradient |Var    Value     Gradient
  1  0.10318 -1.31177e+02 |  2  0.03913  9.23677e+00 |  3 -0.03828 -5.72897e+00
  4  0.05681  1.73139e+01 |  5 -0.03927 -6.03306e+00 |  6 -0.01608 -4.38422e-01
  7 -0.01007  9.60458e-01 |  8  0.02758  9.99200e+00 |  9  0.03701  1.21238e+01
 10 -0.00830  1.10693e+00 | 11 -0.01551 -7.70204e-01 | 12 -0.01653 -1.18291e+00
 13 -0.04098 -7.16690e+00 | 14  0.03839  1.10720e+01 | 15  0.05146  1.33933e+01
 16 -0.01305 -1.62212e+00 | 17 -0.02049 -3.86510e+00 | 18  0.00068  9.26728e-02
 19 -0.03091 -7.42102e+00 | 20  0.00199 -1.60462e+00 | 21 -0.04513 -1.21479e+01
 22 -0.01220 -7.03521e+00 | 23  0.02719 -2.40455e+00 | 24 -0.03886 -1.43679e+01
 25 -0.04118 -1.56715e+01 | 26  0.01455 -8.40184e+00 | 27 -0.00274 -1.04011e+01
 28 -0.03337 -1.37623e+01 | 29  0.04472  6.13117e-01 | 30 -0.03541 -7.82216e+00
 31 -0.04608 -4.64801e+00 | 32  0.04467  3.00771e+01 | 33 -0.03677  1.17237e+01
 34  0.04651  7.49114e+01 | 35  0.01531  5.21612e+01 | 36 -0.02980 -5.83488e+01
 37  0.02350 -7.30713e+01 | 38 -0.00586  4.59832e+00 | 39  0.01709  1.28131e+01
 40 -0.02312  2.02677e+00 | 41 -0.02776 -1.06126e-01 | 42 -0.04270 -5.39662e+00
 43  0.01659  7.33208e+00 | 44 -0.03897 -7.50699e+00 | 45 -0.01862 -1.16685e+01
 46 -0.02109 -3.24503e+01 | 47  0.02434 -7.05403e+01 | 48 -0.01519 -5.72417e+01
 49  0.00437 -2.57651e+01 | 50 -0.02012  1.84516e+01 | 51  0.05855  1.26473e+02
 52  0.05366  1.10020e+02 | 53  0.01368  4.74394e+01 | 54  0.05421  1.00610e+01
 55 -0.03977 -3.24362e+01 | 56  0.01505 -4.22286e+01 | 57 -0.01035 -1.73187e+01
 58  0.02574  2.94684e+01 | 59  0.02440  4.17537e+01 | 60  0.04256  6.06589e+01
 61  0.01773  5.75586e+01 | 62 -0.02342  2.31945e+01 | 63  0.00598  2.11296e+01
 64  0.05470  2.01613e+01 | 65 -0.02577 -2.41109e+01 | 66 -0.02350 -5.56388e+01
 67 -0.04134 -5.86285e+01 | 68 -0.03786 -1.59554e+01 | 69 -0.02655  2.96631e+01
 70  0.03234  4.98503e+01 | 71  0.02582  1.63089e+01 | 72  0.00057  4.33636e+00
 73  0.03068  1.16958e+01 | 74 -0.01567  3.24275e-01 | 75  0.00330  5.05712e+00
Function minimizer not making progress ... is minimum attained?
Minimprove criterion = 0.0000e+00

 - final statistics:
75 variables; iteration 2; function evaluation 39
Function value nan; maximum gradient component mag -1.3118e+02
Exit code = 1;  converg criter 1.0000e+01
Var    Value     Gradient |Var    Value     Gradient |Var    Value     Gradient
  1  0.10318 -1.31177e+02 |  2  0.03913  9.23677e+00 |  3 -0.03828 -5.72897e+00
  4  0.05681  1.73139e+01 |  5 -0.03927 -6.03306e+00 |  6 -0.01608 -4.38422e-01
  7 -0.01007  9.60458e-01 |  8  0.02758  9.99200e+00 |  9  0.03701  1.21238e+01
 10 -0.00830  1.10693e+00 | 11 -0.01551 -7.70204e-01 | 12 -0.01653 -1.18291e+00
 13 -0.04098 -7.16690e+00 | 14  0.03839  1.10720e+01 | 15  0.05146  1.33933e+01
 16 -0.01305 -1.62212e+00 | 17 -0.02049 -3.86510e+00 | 18  0.00068  9.26728e-02
 19 -0.03091 -7.42102e+00 | 20  0.00199 -1.60462e+00 | 21 -0.04513 -1.21479e+01
 22 -0.01220 -7.03521e+00 | 23  0.02719 -2.40455e+00 | 24 -0.03886 -1.43679e+01
 25 -0.04118 -1.56715e+01 | 26  0.01455 -8.40184e+00 | 27 -0.00274 -1.04011e+01
 28 -0.03337 -1.37623e+01 | 29  0.04472  6.13117e-01 | 30 -0.03541 -7.82216e+00
 31 -0.04608 -4.64801e+00 | 32  0.04467  3.00771e+01 | 33 -0.03677  1.17237e+01
 34  0.04651  7.49114e+01 | 35  0.01531  5.21612e+01 | 36 -0.02980 -5.83488e+01
 37  0.02350 -7.30713e+01 | 38 -0.00586  4.59832e+00 | 39  0.01709  1.28131e+01
 40 -0.02312  2.02677e+00 | 41 -0.02776 -1.06126e-01 | 42 -0.04270 -5.39662e+00
 43  0.01659  7.33208e+00 | 44 -0.03897 -7.50699e+00 | 45 -0.01862 -1.16685e+01
 46 -0.02109 -3.24503e+01 | 47  0.02434 -7.05403e+01 | 48 -0.01519 -5.72417e+01
 49  0.00437 -2.57651e+01 | 50 -0.02012  1.84516e+01 | 51  0.05855  1.26473e+02
 52  0.05366  1.10020e+02 | 53  0.01368  4.74394e+01 | 54  0.05421  1.00610e+01
 55 -0.03977 -3.24362e+01 | 56  0.01505 -4.22286e+01 | 57 -0.01035 -1.73187e+01
 58  0.02574  2.94684e+01 | 59  0.02440  4.17537e+01 | 60  0.04256  6.06589e+01
 61  0.01773  5.75586e+01 | 62 -0.02342  2.31945e+01 | 63  0.00598  2.11296e+01
 64  0.05470  2.01613e+01 | 65 -0.02577 -2.41109e+01 | 66 -0.02350 -5.56388e+01
 67 -0.04134 -5.86285e+01 | 68 -0.03786 -1.59554e+01 | 69 -0.02655  2.96631e+01
 70  0.03234  4.98503e+01 | 71  0.02582  1.63089e+01 | 72  0.00057  4.33636e+00
 73  0.03068  1.16958e+01 | 74 -0.01567  3.24275e-01 | 75  0.00330  5.05712e+00

Initial statistics: 92 variables; iteration 0; function evaluation 0; phase 3
Function value -1.5816016e+01; maximum gradient component mag -2.9090e+02
Var    Value     Gradient |Var    Value     Gradient |Var    Value     Gradient
  1  0.10318 -1.31177e+02 |  2  0.03859  9.11071e+00 |  3  0.03913  9.23677e+00
  4 -0.03828 -5.72897e+00 |  5  0.05681  1.73139e+01 |  6 -0.03927 -6.03306e+00
  7 -0.01608 -4.38422e-01 |  8 -0.01007  9.60458e-01 |  9  0.02758  9.99200e+00
 10  0.03701  1.21238e+01 | 11 -0.00830  1.10693e+00 | 12 -0.01551 -7.70204e-01
 13 -0.01653 -1.18291e+00 | 14 -0.04098 -7.16690e+00 | 15  0.03839  1.10720e+01
 16  0.05146  1.33933e+01 | 17 -0.01305 -1.62212e+00 | 18 -0.02049 -3.86510e+00
 19  0.00068  9.26729e-02 | 20 -0.03091 -7.42102e+00 | 21  0.00199 -1.60462e+00
 22 -0.04513 -1.21479e+01 | 23 -0.01220 -7.03521e+00 | 24  0.02719 -2.40455e+00
 25 -0.03886 -1.43679e+01 | 26 -0.04118 -1.56715e+01 | 27  0.01455 -8.40184e+00
 28 -0.00274 -1.04011e+01 | 29 -0.03337 -1.37623e+01 | 30  0.04472  6.13121e-01
 31 -0.03541 -7.82215e+00 | 32 -0.04608 -4.64800e+00 | 33  0.04467  3.00771e+01
 34 -0.03677  1.17237e+01 | 35  0.04651  7.49114e+01 | 36  0.01531  5.21612e+01
 37 -0.02980 -5.83488e+01 | 38  0.02350 -7.30713e+01 | 39 -0.00586  4.59832e+00
 40  0.01709  1.28131e+01 | 41 -0.02312  2.02677e+00 | 42 -0.02776 -1.06129e-01
 43 -0.04270 -5.39662e+00 | 44  0.01659  7.33207e+00 | 45 -0.03897 -7.50700e+00
 46 -0.01862 -1.16686e+01 | 47 -0.02109 -3.24503e+01 | 48  0.02434 -7.05403e+01
 49 -0.01519 -5.72417e+01 | 50  0.00437 -2.57651e+01 | 51 -0.02012  1.84516e+01
 52  0.05855  1.26473e+02 | 53  0.05366  1.10020e+02 | 54  0.01368  4.74394e+01
 55  0.05421  1.00610e+01 | 56 -0.03977 -3.24362e+01 | 57  0.01505 -4.22286e+01
 58 -0.01035 -1.73187e+01 | 59  0.02574  2.94684e+01 | 60  0.02440  4.17537e+01
 61  0.04256  6.06589e+01 | 62  0.01773  5.75586e+01 | 63 -0.02342  2.31944e+01
 64  0.00598  2.11296e+01 | 65  0.05470  2.01613e+01 | 66 -0.02577 -2.41109e+01
 67 -0.02350 -5.56388e+01 | 68 -0.04134 -5.86285e+01 | 69 -0.03786 -1.59554e+01
 70 -0.02655  2.96631e+01 | 71  0.03234  4.98503e+01 | 72  0.02582  1.63089e+01
 73  0.00057  4.33636e+00 | 74  0.03068  1.16958e+01 | 75 -0.01567  3.24275e-01
 76  0.00330  5.05712e+00 | 77 -0.29882  2.83937e+02 | 78 -0.47185 -2.47553e-02
 79 -0.06279 -2.90897e+02 | 80  0.34427 -1.29374e+01 | 81 -0.09241  9.36853e+01
 82 -0.99265 -2.47332e-01 | 83  0.03179 -1.49012e+02 | 84  0.61890 -8.89098e+00
 85 -0.13611 -3.38016e+01 | 86 -0.14396 -2.55423e+01 | 87 -0.00027 -3.33415e+01
 88  0.89612 -2.04702e+01 | 89 -0.44709 -3.01107e-02 | 90 -0.02998 -1.47895e-04
 91  0.09896  6.69333e-03 | 92  0.29771  1.58657e-03 |

Intermediate statistics: 92 variables; iteration 20; function evaluation 31; phase 3
Function value -8.5094427e+01; maximum gradient component mag -7.6635e+01
Var    Value     Gradient |Var    Value     Gradient |Var    Value     Gradient
  1  0.15384 -1.24756e+01 |  2 -0.00547 -1.50122e+00 |  3 -0.00538 -1.51419e+00
  4 -0.01072  1.06828e+00 |  5 -0.02683 -2.90913e+00 |  6 -0.01012  1.13590e+00
  7 -0.01386  1.76300e-01 |  8 -0.01460 -5.93458e-02 |  9 -0.02077 -1.62073e+00
 10 -0.02206 -1.99359e+00 | 11 -0.01387 -7.45007e-02 | 12 -0.01226  2.50476e-01
 13 -0.01168  3.19421e-01 | 14 -0.00692  1.36854e+00 | 15 -0.02017 -1.89418e+00
 16 -0.02142 -2.34281e+00 | 17 -0.00897  4.08617e-01 | 18 -0.00556  8.55525e-01
 19 -0.00649  2.08203e-01 | 20  0.00204  1.64252e+00 | 21  0.00017  6.16615e-01
 22  0.01241  2.50612e+00 | 23  0.01197  1.63155e+00 | 24  0.01048  6.31384e-01
 25  0.02296  2.43061e+00 | 26  0.02346  2.22320e+00 | 27  0.01509  7.23215e-01
 28  0.01093  4.28326e-01 | 29  0.00707  5.30915e-01 | 30 -0.01878 -3.46652e+00
 31 -0.01434 -3.97364e-01 | 32 -0.02263 -3.56193e-01 | 33 -0.04560 -5.25330e+00
 34 -0.03676 -2.44636e+00 | 35 -0.05913 -1.05037e+01 | 36 -0.04199 -1.05162e+01
 37 -0.00430  2.02049e+00 | 38 -0.00626  2.14001e+00 | 39 -0.05182 -2.94384e+00
 40 -0.05217 -3.28494e+00 | 41 -0.04011 -8.27651e-01 | 42 -0.03649 -4.85796e-01
 43 -0.03142  1.91815e-01 | 44 -0.05155 -4.84736e+00 | 45 -0.04923 -2.22275e+00
 46 -0.06110 -4.86067e+00 | 47 -0.03165 -4.15691e+00 | 48 -0.00686 -9.54174e+00
 49  0.02864 -1.05963e+01 | 50 -0.04711 -1.49218e+01 | 51 -0.01728 -1.03057e+01
 52 -0.07604 -9.15892e+00 | 53 -0.03387 -3.72143e+00 | 54 -0.02312  3.05412e+00
 55  0.00649  1.54542e+01 | 56  0.00349  1.20454e+01 | 57  0.02367  1.97132e+01
 58 -0.00220  9.85599e+00 | 59 -0.03786  6.79443e+00 | 60 -0.02122  9.00689e+00
 61  0.00862  2.94663e+00 | 62 -0.04117 -3.14130e+00 | 63 -0.05811 -8.24474e+00
 64 -0.02783 -1.26005e+01 | 65 -0.04277 -1.31907e+01 | 66 -0.03566 -1.04700e+00
 67 -0.02149  1.03812e+01 | 68  0.01916  6.61770e+00 | 69 -0.03789  2.48529e-01
 70 -0.09759 -3.53686e+00 | 71 -0.09548 -5.76796e+00 | 72 -0.05878 -3.70564e+00
 73 -0.02233 -9.77781e-01 | 74 -0.02687 -2.12895e+00 | 75 -0.01891 -1.81954e-01
 76 -0.02218 -9.85817e-01 | 77 -0.36030 -7.66350e+01 | 78 -0.47005 -7.88101e-02
 79 -0.09595 -1.64065e+01 | 80  0.31491 -1.61113e+01 | 81 -0.35110  8.24637e-01
 82 -0.96428 -5.56948e-02 | 83 -0.14413 -4.26466e+00 | 84  0.80702  2.82144e+00
 85  0.02717 -1.39807e+01 | 86 -0.00407 -4.69378e+01 | 87  0.12563  7.28868e+00
 88  0.79125 -3.87344e+00 | 89 -0.44768 -1.07696e-04 | 90 -0.02995 -1.47901e-04
 91  0.09911 -7.88415e-05 | 92  0.29741  1.58469e-03 |
92 variables; iteration 40; function evaluation 55; phase 3
Function value -8.9447220e+01; maximum gradient component mag 2.8342e+01
Var    Value     Gradient |Var    Value     Gradient |Var    Value     Gradient
  1  0.20021 -4.31791e+00 |  2  0.00152  2.55296e-01 |  3  0.00166  2.69132e-01
  4 -0.01568 -8.25114e-02 |  5 -0.01328  4.82991e-01 |  6 -0.01542 -6.92559e-02
  7 -0.01470  7.67265e-02 |  8 -0.01437  1.22189e-01 |  9 -0.01324  3.56823e-01
 10 -0.01277  4.26498e-01 | 11 -0.01365  1.64665e-01 | 12 -0.01358  1.32649e-01
 13 -0.01331  1.37974e-01 | 14 -0.01360 -5.71269e-03 | 15 -0.01107  5.08234e-01
 16 -0.00988  6.15703e-01 | 17 -0.01080  1.99295e-01 | 18 -0.00950  1.14789e-01
 19 -0.00693  2.12880e-01 | 20 -0.00609 -1.38178e-01 | 21 -0.00220  6.20378e-02
 22 -0.00183 -5.88323e-01 | 23  0.00243 -4.35816e-01 | 24  0.00444 -6.61883e-01
 25  0.00624 -7.67237e-01 | 26  0.00874 -3.94568e-01 | 27 -0.00096 -2.07259e+00
 28 -0.00328 -1.99687e+00 | 29 -0.00925 -2.62179e+00 | 30 -0.01064 -2.08573e+00
 31 -0.01734 -2.59162e+00 | 32 -0.01791 -1.83239e+00 | 33 -0.01412 -1.75289e-01
 34 -0.02283 -3.11317e-01 | 35 -0.03191 -7.30681e-01 | 36 -0.02507  1.03571e-01
 37 -0.00033 -1.12968e+00 | 38 -0.00473  2.06902e+00 | 39 -0.03743  2.29672e+00
 40 -0.03132  2.65789e+00 | 41 -0.03056  1.44386e+00 | 42 -0.02760  1.24563e+00
 43 -0.02578  8.49147e-01 | 44 -0.02561  1.30121e+00 | 45 -0.03684  1.84659e-01
 46 -0.04484 -1.34825e+00 | 47 -0.02159 -1.16829e+00 | 48  0.00798 -3.72535e+00
 49  0.01557 -4.12226e+00 | 50 -0.02464 -5.41992e+00 | 51 -0.01870 -4.80879e+00
 52 -0.06257 -4.39912e+00 | 53 -0.01889  1.03332e+00 | 54 -0.01331  8.94208e-01
 55 -0.00577  1.79038e+00 | 56  0.00836  1.71684e+00 | 57  0.02257  6.26765e+00
 58  0.00028  1.72129e+00 | 59 -0.02636  3.29486e+00 | 60 -0.01924  1.67588e+00
 61  0.01692  3.83367e-01 | 62 -0.03218  1.37768e+00 | 63 -0.03968  3.00254e+00
 64 -0.01945  1.54604e+00 | 65 -0.02604  2.10690e+00 | 66 -0.03195  4.07750e+00
 67 -0.04024 -1.06866e+00 | 68  0.03572  1.41882e-01 | 69 -0.03100  2.69575e-01
 70 -0.09468 -2.01381e+00 | 71 -0.07360  3.60510e+00 | 72 -0.04476  5.47686e-01
 73 -0.01716  8.33686e-02 | 74 -0.01601  2.99525e-01 | 75 -0.01709  2.64169e-02
 76 -0.01666  1.38868e-01 | 77 -0.35029  2.83418e+01 | 78 -0.45362  4.65043e-02
 79 -0.06766  9.73618e+00 | 80  0.26546  5.04184e+00 | 81 -0.33699  6.32119e+00
 82 -0.84112 -1.22875e-02 | 83 -0.12891 -4.33204e+00 | 84  0.67146  8.87215e-01
 85  0.32279 -4.89753e+00 | 86  0.03527 -4.22459e+00 | 87  0.20135  4.73466e+00
 88  0.50456 -7.77645e-01 | 89 -0.45042 -1.47140e-03 | 90 -0.02959 -1.46126e-04
 91  0.09997  2.39307e-04 | 92  0.29355  1.56085e-03 |
92 variables; iteration 60; function evaluation 86; phase 3
Function value -9.0763430e+01; maximum gradient component mag -9.0336e+00
Var    Value     Gradient |Var    Value     Gradient |Var    Value     Gradient
  1  0.25433 -1.42168e+00 |  2  0.00123  2.21759e-01 |  3  0.00155  2.85525e-01
  4 -0.01451  2.45202e-01 |  5 -0.01403  3.42544e-01 |  6 -0.01427  2.59020e-01
  7 -0.01425  2.36330e-01 |  8 -0.01427  1.95852e-01 |  9 -0.01447  1.04943e-01
 10 -0.01476 -1.03658e-02 | 11 -0.01482 -7.27275e-02 | 12 -0.01503 -1.74878e-01
 13 -0.01508 -2.45337e-01 | 14 -0.01450 -1.78858e-01 | 15 -0.01586 -6.01445e-01
 16 -0.01613 -7.99278e-01 | 17 -0.01324 -2.77259e-01 | 18 -0.01114 -1.20853e-01
 19 -0.01086 -4.72631e-01 | 20 -0.00719 -7.77732e-02 | 21 -0.00740 -6.50954e-01
 22 -0.00227 -9.19167e-02 | 23  0.00200  2.66767e-01 | 24  0.00295  3.28517e-02
 25 -0.00054 -9.49878e-01 | 26  0.00771  7.84107e-01 | 27 -0.00289 -1.14881e+00
 28 -0.00054 -2.04076e-01 | 29 -0.00967 -1.77524e+00 | 30 -0.01098 -1.54578e+00
 31 -0.01117 -9.53178e-01 | 32 -0.00572  7.01679e-01 | 33 -0.01175 -8.94743e-01
 34 -0.01604 -1.18837e+00 | 35 -0.01606  6.62869e-01 | 36 -0.02550  6.08280e-01
 37 -0.01302 -2.85385e-01 | 38 -0.01341 -1.41571e-01 | 39 -0.04811 -9.25038e-01
 40 -0.03464  1.38944e+00 | 41 -0.02941  1.10037e+00 | 42 -0.02607  8.86491e-01
 43 -0.02044  1.43688e+00 | 44 -0.02627  2.26481e-01 | 45 -0.02890  1.40623e+00
 46 -0.03409  8.28184e-01 | 47 -0.01552  2.20637e-01 | 48  0.01806  9.88567e-01
 49  0.00730  8.31737e-01 | 50 -0.02248  7.35880e-01 | 51 -0.01606  3.46308e-01
 52 -0.05594  2.76835e-02 | 53 -0.02054  1.15612e+00 | 54 -0.01463 -4.14900e-01
 55 -0.00737  1.05237e+00 | 56  0.00495 -1.09870e+00 | 57  0.01465  3.39390e-01
 58  0.00634 -1.39828e+00 | 59 -0.02905 -1.43175e-01 | 60 -0.02184 -8.77449e-01
 61  0.02525 -7.96773e-01 | 62 -0.03349 -3.85853e-01 | 63 -0.03844  2.06752e+00
 64 -0.01344  1.54640e+00 | 65 -0.02829  8.01464e-01 | 66 -0.05120 -1.83278e+00
 67 -0.04609 -1.94714e+00 | 68  0.03951 -1.35064e+00 | 69 -0.01937  1.00051e+00
 70 -0.08647  8.23661e-01 | 71 -0.08133  8.60035e-01 | 72 -0.05237 -1.78906e+00
 73 -0.01514  5.05017e-01 | 74 -0.01465  5.77697e-01 | 75 -0.01525  4.25576e-01
 76 -0.01502  4.84163e-01 | 77 -0.35800 -9.03360e+00 | 78 -0.48128 -3.73642e-03
 79 -0.07752  3.31103e+00 | 80  0.30548 -1.85852e-01 | 81 -0.33172  4.47078e+00
 82 -0.71613 -6.34262e-03 | 83 -0.12784 -2.53363e+00 | 84  0.54217  5.57349e-01
 85  0.70671 -1.03474e+00 | 86  0.06832  9.62889e-05 | 87  0.25129  7.35207e-01
 88  0.08978  4.45998e-04 | 89 -0.43652 -1.97409e-03 | 90 -0.02810 -1.38736e-04
 91  0.09787  3.50038e-04 | 92  0.27764  1.46417e-03 |
92 variables; iteration 80; function evaluation 117; phase 3
Function value -9.1001939e+01; maximum gradient component mag -6.8581e+00
Var    Value     Gradient |Var    Value     Gradient |Var    Value     Gradient
  1  0.29572 -6.53289e-01 |  2  0.00060  5.98159e-02 |  3  0.00072  7.33046e-02
  4 -0.01475  1.78746e-01 |  5 -0.01559 -4.79951e-02 |  6 -0.01471  1.45389e-01
  7 -0.01493  6.55516e-02 |  8 -0.01503  7.05016e-03 |  9 -0.01535 -1.06213e-01
 10 -0.01527 -1.26291e-01 | 11 -0.01480 -5.27908e-02 | 12 -0.01446 -1.56785e-02
 13 -0.01429 -2.99241e-02 | 14 -0.01471 -1.99218e-01 | 15 -0.01240  2.69848e-01
 16 -0.01161  3.28363e-01 | 17 -0.01328 -2.34725e-01 | 18 -0.01079  2.66637e-02
 19 -0.00784  3.10839e-01 | 20 -0.00840 -2.54557e-01 | 21 -0.00375  2.90941e-01
 22 -0.00142  2.50718e-01 | 23 -0.00064 -1.02620e-01 | 24  0.00089 -1.73187e-01
 25  0.00453  3.63155e-01 | 26  0.00109 -3.01149e-01 | 27  0.00185  1.60681e-01
 28 -0.00093  5.84201e-02 | 29 -0.00255  1.59814e-01 | 30 -0.00451  2.85759e-01
 31 -0.00639  4.84896e-01 | 32 -0.01095 -2.18393e-01 | 33 -0.00764  4.21379e-01
 34 -0.01064  4.46048e-01 | 35 -0.01833  7.63259e-02 | 36 -0.02577  4.61478e-01
 37 -0.01304 -2.57433e-02 | 38 -0.00946 -4.33196e-01 | 39 -0.04415 -1.63450e-01
 40 -0.03823 -3.12557e-02 | 41 -0.03399 -6.23373e-01 | 42 -0.02786 -1.12578e-01
 43 -0.02504 -3.10429e-01 | 44 -0.02511  5.84947e-02 | 45 -0.03267  7.54790e-03
 46 -0.03677 -2.07208e-01 | 47 -0.01541 -2.31270e-01 | 48  0.01621 -1.37364e-01
 49  0.00793  1.38294e-01 | 50 -0.02352  1.22049e-01 | 51 -0.01614  1.52763e-01
 52 -0.05330  1.00702e+00 | 53 -0.02322  2.11268e-01 | 54 -0.01080  4.44444e-01
 55 -0.01274 -4.00048e-01 | 56  0.01108  2.11468e-01 | 57  0.00862 -7.04079e-01
 58  0.01031 -1.59949e-01 | 59 -0.03151 -2.01389e-01 | 60 -0.02013  7.26511e-02
 61  0.02449 -3.45076e-01 | 62 -0.03085  1.85447e-01 | 63 -0.04251 -3.13936e-01
 64 -0.01435 -2.33935e-01 | 65 -0.03004  2.51056e-01 | 66 -0.04845  2.27015e-01
 67 -0.04424  1.86957e-01 | 68  0.04081  1.13919e-01 | 69 -0.02182 -1.47614e-01
 70 -0.08809 -3.16935e-01 | 71 -0.08201  3.72855e-01 | 72 -0.04430  6.28037e-01
 73 -0.01702  2.33267e-02 | 74 -0.01699 -2.18253e-02 | 75 -0.01668  5.18346e-02
 76 -0.01680  2.08085e-02 | 77 -0.35696 -6.85810e+00 | 78 -0.52815 -6.19042e-03
 79 -0.07987 -4.36471e+00 | 80  0.29771 -1.50683e+00 | 81 -0.33089 -1.52973e-01
 82 -0.58903 -2.81802e-03 | 83 -0.12265 -5.13356e-01 | 84  0.54192 -1.15122e-01
 85  0.96325 -5.19907e-02 | 86  0.08445  4.17570e-04 | 87  0.26361  2.57312e-01
 88 -0.17385 -8.79934e-04 | 89 -0.40575 -1.91352e-03 | 90 -0.02571 -1.23458e-04
 91  0.09257  3.47014e-04 | 92  0.25237  1.31517e-03 |
92 variables; iteration 100; function evaluation 147; phase 3
Function value -9.1035334e+01; maximum gradient component mag 1.5564e+00
Var    Value     Gradient |Var    Value     Gradient |Var    Value     Gradient
  1  0.31893 -4.56798e-01 |  2  0.00087  1.32018e-01 |  3  0.00023 -4.25367e-02
  4 -0.01560 -2.54828e-02 |  5 -0.01590 -1.19178e-01 |  6 -0.01546 -3.30377e-02
  7 -0.01547 -6.13467e-02 |  8 -0.01535 -6.42996e-02 |  9 -0.01451  1.04736e-01
 10 -0.01485 -1.66114e-02 | 11 -0.01558 -2.36789e-01 | 12 -0.01531 -2.15518e-01
 13 -0.01421  1.52751e-03 | 14 -0.01335  1.41688e-01 | 15 -0.01357 -1.52883e-03
 16 -0.01327 -5.65789e-02 | 17 -0.01237 -4.39008e-04 | 18 -0.01087  2.49128e-02
 19 -0.00931 -1.25362e-02 | 20 -0.00655  1.88179e-01 | 21 -0.00497  3.81750e-02
 22 -0.00282 -3.45121e-02 | 23 -0.00007  4.15453e-02 | 24  0.00206  9.64061e-02
 25  0.00240 -6.49861e-02 | 26  0.00281  6.93167e-02 | 27  0.00084 -5.82105e-02
 28 -0.00132 -5.49324e-02 | 29 -0.00368 -1.44769e-01 | 30 -0.00605 -1.42498e-01
 31 -0.00745  1.39506e-01 | 32 -0.00929  4.05543e-02 | 33 -0.00926 -1.50417e-01
 34 -0.01252 -1.97640e-01 | 35 -0.01895 -1.00208e-01 | 36 -0.02843 -1.94367e-01
 37 -0.01061  1.04136e-01 | 38 -0.00819  2.23530e-01 | 39 -0.04415 -4.09131e-03
 40 -0.03813 -1.47729e-02 | 41 -0.03149  7.69977e-02 | 42 -0.02742  1.90053e-02
 43 -0.02357  8.46740e-02 | 44 -0.02564 -7.35287e-02 | 45 -0.03239  7.51313e-02
 46 -0.03619 -1.20535e-01 | 47 -0.01482 -1.85625e-01 | 48  0.01643 -2.94680e-01
 49  0.00643 -3.55673e-01 | 50 -0.02333 -1.21464e-01 | 51 -0.01611  1.22835e-02
 52 -0.05496  1.86251e-01 | 53 -0.02193  3.69475e-01 | 54 -0.01231  1.17319e-01
 55 -0.01053  2.24147e-01 | 56  0.00895  3.38961e-02 | 57  0.01102  1.43488e-01
 58  0.00885 -1.65967e-02 | 59 -0.03131  1.68140e-02 | 60 -0.02003  1.47148e-01
 61  0.02490  1.24036e-01 | 62 -0.03205  1.55263e-01 | 63 -0.04171  1.14991e-01
 64 -0.01370  9.43846e-02 | 65 -0.03103 -1.92882e-01 | 66 -0.04886 -1.78314e-01
 67 -0.04380 -4.54012e-02 | 68  0.04103  1.27555e-02 | 69 -0.02257  1.34587e-02
 70 -0.08708  6.89930e-02 | 71 -0.08259 -7.47966e-02 | 72 -0.04674 -2.35134e-01
 73 -0.01673  9.50084e-02 | 74 -0.01573  2.81122e-01 | 75 -0.01756 -1.74381e-01
 76 -0.01683  8.01720e-03 | 77 -0.35225 -4.67535e-01 | 78 -0.55419 -3.44278e-03
 79 -0.07208  1.55640e+00 | 80  0.27030  2.02608e-01 | 81 -0.32951  2.82247e-01
 82 -0.53197  8.39396e-05 | 83 -0.11998 -3.18689e-01 | 84  0.54268  2.98880e-02
 85  0.98404  8.11708e-02 | 86  0.08724  4.31951e-04 | 87  0.26301 -5.15361e-01
 88 -0.20860 -1.06792e-03 | 89 -0.37378 -1.73110e-03 | 90 -0.02354 -1.16130e-04
 91  0.08696  2.94314e-04 | 92  0.22886  1.18074e-03 |
92 variables; iteration 120; function evaluation 181; phase 3
Function value -9.1055605e+01; maximum gradient component mag -1.4718e+00
Var    Value     Gradient |Var    Value     Gradient |Var    Value     Gradient
  1  0.40541 -1.30034e-01 |  2  0.00038  1.14374e-02 |  3 -0.00011 -1.22129e-01
  4 -0.01522  7.06604e-02 |  5 -0.01563 -4.74632e-02 |  6 -0.01480  1.34806e-01
  7 -0.01497  6.87434e-02 |  8 -0.01522 -2.30003e-02 |  9 -0.01485  3.20496e-02
 10 -0.01454  6.85786e-02 | 11 -0.01453  3.03204e-02 | 12 -0.01432  3.80829e-02
 13 -0.01419  1.46777e-02 | 14 -0.01407 -2.29300e-02 | 15 -0.01329  7.48459e-02
 16 -0.01318 -2.80088e-02 | 17 -0.01254 -3.54742e-02 | 18 -0.01139 -9.33860e-02
 19 -0.00917  2.21991e-02 | 20 -0.00807 -1.60544e-01 | 21 -0.00532 -4.38048e-02
 22 -0.00262  5.62987e-03 | 23 -0.00042 -3.99197e-02 | 24  0.00111 -1.11709e-01
 25  0.00296  4.42169e-02 | 26  0.00205 -1.00918e-01 | 27  0.00136  3.89573e-02
 28 -0.00093  2.09231e-02 | 29 -0.00256  9.84555e-02 | 30 -0.00483  1.38442e-01
 31 -0.00878 -1.48346e-01 | 32 -0.00978 -1.70492e-02 | 33 -0.00858  1.31762e-01
 34 -0.01150  2.08650e-01 | 35 -0.01851  1.45690e-01 | 36 -0.02815  1.85977e-01
 37 -0.01150  4.31258e-02 | 38 -0.00531 -7.11819e-02 | 39 -0.04387  1.21885e-02
 40 -0.03782 -4.15964e-03 | 41 -0.03177 -6.29559e-02 | 42 -0.02752 -6.37859e-02
 43 -0.02407 -9.27041e-02 | 44 -0.02531 -1.99499e-02 | 45 -0.03323 -1.63988e-01
 46 -0.03583 -1.38067e-02 | 47 -0.01404  1.46349e-02 | 48  0.01657 -3.76131e-02
 49  0.00625 -2.79002e-02 | 50 -0.02367  2.20111e-02 | 51 -0.01583  8.76221e-02
 52 -0.05501  1.84265e-01 | 53 -0.02211  1.52658e-02 | 54 -0.01200  4.23358e-02
 55 -0.01099 -1.02067e-01 | 56  0.00968 -2.55308e-02 | 57  0.01013 -2.25162e-01
 58  0.00916 -1.23815e-01 | 59 -0.03130 -3.57467e-02 | 60 -0.02032 -1.12989e-01
 61  0.02518 -1.67029e-02 | 62 -0.03238  6.32910e-03 | 63 -0.04175 -8.26851e-02
 64 -0.01404 -9.80107e-02 | 65 -0.03081  7.74446e-02 | 66 -0.04856  1.38816e-01
 67 -0.04404  3.33767e-02 | 68  0.04148  1.18054e-01 | 69 -0.02261  4.33811e-02
 70 -0.08729  3.72385e-04 | 71 -0.08234 -2.17884e-02 | 72 -0.04521  1.69540e-01
 73 -0.01795 -2.20596e-01 | 74 -0.01658  5.76612e-02 | 75 -0.01654  6.26207e-02
 76 -0.01778 -2.42064e-01 | 77 -0.34892  1.02651e+00 | 78 -0.38525 -1.56370e-02
 79 -0.06966 -1.47177e+00 | 80  0.24151 -3.27035e-01 | 81 -0.32922 -5.47025e-02
 82 -0.49421  3.92919e-03 | 83 -0.11960 -1.20145e-01 | 84  0.54091 -4.46654e-02
 85  0.97121 -1.47387e-02 | 86  0.09845  4.88992e-04 | 87  0.26504  4.59232e-01
 88 -0.20528 -1.04966e-03 | 89 -0.24109 -1.00004e-03 | 90 -0.01455 -7.17951e-05
 91  0.06493  1.06280e-04 | 92  0.13435  6.73025e-04 |
92 variables; iteration 140; function evaluation 208; phase 3
Function value -9.1071291e+01; maximum gradient component mag -3.8633e-01
Var    Value     Gradient |Var    Value     Gradient |Var    Value     Gradient
  1  0.74813 -2.40285e-03 |  2  0.00032 -1.13522e-03 |  3  0.00038 -2.70408e-04
  4 -0.01549  7.50270e-03 |  5 -0.01545 -1.85408e-03 |  6 -0.01535  2.22640e-03
  7 -0.01525  4.28313e-04 |  8 -0.01513  6.74770e-04 |  9 -0.01497  4.67062e-03
 10 -0.01481  6.04517e-03 | 11 -0.01465  3.24712e-03 | 12 -0.01447  3.39601e-03
 13 -0.01427  8.55181e-04 | 14 -0.01403 -8.86466e-03 | 15 -0.01358  1.20637e-02
 16 -0.01309  5.20929e-03 | 17 -0.01245 -2.91081e-03 | 18 -0.01105  1.25954e-03
 19 -0.00932  2.17443e-03 | 20 -0.00750 -1.09150e-02 | 21 -0.00520  3.03534e-03
 22 -0.00274  2.85957e-03 | 23 -0.00038 -2.26790e-03 | 24  0.00146 -7.93265e-03
 25  0.00263  5.61942e-03 | 26  0.00237 -5.33573e-03 | 27  0.00107 -2.88266e-04
 28 -0.00106  5.03296e-03 | 29 -0.00298  9.59590e-03 | 30 -0.00535  1.39726e-02
 31 -0.00807 -1.08317e-03 | 32 -0.00954 -1.31725e-03 | 33 -0.00873  1.72999e-02
 34 -0.01186  1.47449e-02 | 35 -0.01860  3.04892e-03 | 36 -0.02760  1.40890e-02
 37 -0.01070 -8.61948e-03 | 38 -0.00777  5.95230e-03 | 39 -0.04372  1.36291e-03
 40 -0.03777  3.59193e-03 | 41 -0.03151 -9.50026e-03 | 42 -0.02724 -4.44061e-03
 43 -0.02369 -8.87202e-03 | 44 -0.02516  8.70529e-04 | 45 -0.03251  1.62805e-03
 46 -0.03566  3.22025e-03 | 47 -0.01427 -7.80947e-04 | 48  0.01652 -5.90694e-04
 49  0.00641  1.54988e-02 | 50 -0.02348  2.63292e-03 | 51 -0.01593  1.22907e-02
 52 -0.05488  3.20126e-02 | 53 -0.02227  2.76980e-02 | 54 -0.01191  2.74566e-02
 55 -0.01070  5.40189e-02 | 56  0.00935  3.24492e-02 | 57  0.01072  3.49521e-02
 58  0.00902  1.43251e-02 | 59 -0.03119  5.53620e-03 | 60 -0.02015 -9.10471e-03
 61  0.02504 -3.43579e-02 | 62 -0.03213 -2.64401e-02 | 63 -0.04163 -3.13170e-02
 64 -0.01389 -4.46371e-02 | 65 -0.03064 -2.64181e-02 | 66 -0.04866 -2.75911e-02
 67 -0.04379 -2.33502e-02 | 68  0.04128 -4.80232e-03 | 69 -0.02210 -3.18799e-03
 70 -0.08704 -1.71944e-02 | 71 -0.08227  1.85538e-02 | 72 -0.04590  1.51070e-02
 73 -0.01702  1.97389e-03 | 74 -0.01677  4.05652e-03 | 75 -0.01678 -1.78299e-03
 76 -0.01678 -9.41810e-04 | 77 -0.35275 -3.86329e-01 | 78 -0.27147 -1.18014e-02
 79 -0.07300  4.35264e-02 | 80  0.25441 -2.28999e-02 | 81 -0.32966  6.80213e-02
 82 -0.51836  1.21562e-03 | 83 -0.11924 -8.82292e-02 | 84  0.54174 -6.67506e-04
 85  0.97353  1.30376e-03 | 86  0.14329  7.18585e-04 | 87  0.26466  1.19032e-02
 88 -0.28635 -1.51682e-03 | 89  0.23611  1.22914e-03 | 90  0.01764  8.70649e-05
 91 -0.02184 -1.14118e-04 | 92 -0.18986 -9.65759e-04 |
92 variables; iteration 160; function evaluation 228; phase 3
Function value -9.1071753e+01; maximum gradient component mag 1.2284e-01
Var    Value     Gradient |Var    Value     Gradient |Var    Value     Gradient
  1  0.94257 -2.66497e-04 |  2  0.00033  2.69808e-04 |  3  0.00038  2.11823e-04
  4 -0.01551  2.43138e-03 |  5 -0.01544 -5.12950e-04 |  6 -0.01536 -1.42755e-03
  7 -0.01525  1.90618e-04 |  8 -0.01513 -3.14608e-04 |  9 -0.01498  1.32350e-03
 10 -0.01483 -4.54553e-04 | 11 -0.01467 -4.53263e-04 | 12 -0.01449  5.72426e-05
 13 -0.01427  1.33034e-04 | 14 -0.01399  1.41386e-03 | 15 -0.01363  5.91158e-04
 16 -0.01311 -2.63783e-04 | 17 -0.01244 -1.59135e-04 | 18 -0.01106 -1.14302e-03
 19 -0.00933  9.26292e-05 | 20 -0.00746 -2.54098e-04 | 21 -0.00522 -4.29317e-04
 22 -0.00276 -2.68271e-04 | 23 -0.00037 -2.83591e-04 | 24  0.00149 -2.16388e-04
 25  0.00260 -8.31633e-05 | 26  0.00240 -4.00544e-05 | 27  0.00107  7.64124e-05
 28 -0.00108  1.00224e-04 | 29 -0.00302  7.15623e-04 | 30 -0.00541  5.72540e-04
 31 -0.00806 -3.77268e-04 | 32 -0.00952 -3.23387e-04 | 33 -0.00879  5.28365e-04
 34 -0.01191  9.46303e-04 | 35 -0.01863  1.98725e-03 | 36 -0.02770  8.54225e-04
 37 -0.01066 -4.89623e-03 | 38 -0.00768 -1.52818e-03 | 39 -0.04373  4.72523e-05
 40 -0.03778  2.73601e-04 | 41 -0.03147  3.58839e-04 | 42 -0.02723 -4.01941e-04
 43 -0.02366 -4.28453e-05 | 44 -0.02516  1.61534e-04 | 45 -0.03252 -1.26805e-03
 46 -0.03567 -8.65351e-05 | 47 -0.01424  2.12918e-04 | 48  0.01654 -6.22427e-04
 49  0.00634 -1.00183e-03 | 50 -0.02347 -2.38898e-03 | 51 -0.01594 -2.40750e-03
 52 -0.05494 -3.72438e-03 | 53 -0.02227 -3.76912e-03 | 54 -0.01191 -1.89091e-03
 55 -0.01076  8.93584e-04 | 56  0.00937  1.18755e-03 | 57  0.01068  2.56279e-03
 58  0.00901  2.91023e-03 | 59 -0.03121  3.29475e-03 | 60 -0.02013  1.09980e-03
 61  0.02505 -5.14882e-04 | 62 -0.03215 -1.37878e-03 | 63 -0.04162 -1.89508e-03
 64 -0.01387 -1.03276e-03 | 65 -0.03067  1.59009e-03 | 66 -0.04864  2.45438e-03
 67 -0.04375  2.13774e-03 | 68  0.04127  1.56132e-03 | 69 -0.02214  1.39326e-03
 70 -0.08700  1.33868e-03 | 71 -0.08230  3.04007e-03 | 72 -0.04594  1.60249e-03
 73 -0.01703  7.04045e-05 | 74 -0.01678  9.79683e-04 | 75 -0.01678 -2.42070e-03
 76 -0.01678 -1.82170e-03 | 77 -0.35252  1.22842e-01 | 78 -0.25684  7.53624e-03
 79 -0.07276  1.73648e-03 | 80  0.24497  1.53097e-02 | 81 -0.32953 -3.55625e-03
 82 -0.53303  1.70479e-05 | 83 -0.11884  2.44367e-03 | 84  0.54173 -4.47314e-04
 85  0.97302 -1.47111e-03 | 86  0.16793  8.47542e-04 | 87  0.26465  2.58382e-04
 88 -0.30889 -1.65642e-03 | 89  0.00693  3.96296e-05 | 90  0.00021  1.01901e-06
 91 -0.02738 -1.38854e-04 | 92  0.02425  1.19726e-04 |
92 variables; iteration 180; function evaluation 249; phase 3
Function value -9.1071800e+01; maximum gradient component mag -1.8198e-01
Var    Value     Gradient |Var    Value     Gradient |Var    Value     Gradient
  1  0.93598 -2.99230e-04 |  2  0.00033  2.98567e-04 |  3  0.00039  5.94655e-04
  4 -0.01551  2.38916e-03 |  5 -0.01544 -1.42349e-04 |  6 -0.01535  8.69874e-04
  7 -0.01525  6.61189e-04 |  8 -0.01513  4.39202e-04 |  9 -0.01498  1.51146e-03
 10 -0.01483  1.78762e-03 | 11 -0.01466  1.03705e-03 | 12 -0.01448  9.67879e-04
 13 -0.01427  1.87491e-04 | 14 -0.01400 -1.69119e-03 | 15 -0.01363  2.02181e-03
 16 -0.01311  1.78030e-04 | 17 -0.01244 -6.58685e-04 | 18 -0.01105  1.16417e-03
 19 -0.00933  1.04504e-04 | 20 -0.00746 -1.25280e-03 | 21 -0.00522 -3.69328e-04
 22 -0.00275  5.39313e-05 | 23 -0.00037 -2.17980e-05 | 24  0.00150  1.66401e-03
 25  0.00260 -6.72650e-04 | 26  0.00240  5.54966e-04 | 27  0.00107 -4.97745e-04
 28 -0.00108  6.68437e-04 | 29 -0.00303 -1.87380e-03 | 30 -0.00542 -1.00806e-03
 31 -0.00807 -2.61873e-03 | 32 -0.00952  9.76098e-04 | 33 -0.00879  7.00217e-04
 34 -0.01192 -2.26778e-03 | 35 -0.01861  1.60373e-03 | 36 -0.02769  2.23636e-03
 37 -0.01069 -2.13579e-03 | 38 -0.00768 -5.22068e-03 | 39 -0.04374 -1.15848e-03
 40 -0.03777  1.18458e-03 | 41 -0.03147  7.07575e-04 | 42 -0.02722  1.66173e-03
 43 -0.02365  1.46625e-03 | 44 -0.02515  2.19184e-03 | 45 -0.03250  2.83318e-03
 46 -0.03566  1.99312e-03 | 47 -0.01425 -1.05489e-03 | 48  0.01654  1.02119e-03
 49  0.00635  1.52524e-03 | 50 -0.02347  1.78937e-03 | 51 -0.01594  2.16720e-04
 52 -0.05494  3.40010e-03 | 53 -0.02226  4.39347e-03 | 54 -0.01191 -2.14638e-04
 55 -0.01076 -2.03278e-03 | 56  0.00936 -4.80039e-03 | 57  0.01068 -2.84342e-03
 58  0.00902 -2.90487e-03 | 59 -0.03121  6.69535e-04 | 60 -0.02014  7.58653e-04
 61  0.02505  1.72307e-03 | 62 -0.03214  2.18867e-03 | 63 -0.04161  3.88648e-03
 64 -0.01387  3.63119e-03 | 65 -0.03066  5.02563e-03 | 66 -0.04865 -1.79478e-03
 67 -0.04376 -3.73817e-03 | 68  0.04127 -5.97212e-03 | 69 -0.02213 -1.22944e-03
 70 -0.08700  3.33407e-03 | 71 -0.08230  2.80150e-03 | 72 -0.04595 -5.43964e-04
 73 -0.01703  1.59068e-03 | 74 -0.01677  2.39691e-03 | 75 -0.01677  5.30169e-04
 76 -0.01677  8.82077e-04 | 77 -0.35253 -1.81981e-01 | 78 -0.25602 -1.81405e-02
 79 -0.07277 -2.43168e-02 | 80  0.24443 -2.47276e-02 | 81 -0.32954  2.49332e-03
 82 -0.53143  1.35314e-04 | 83 -0.11888 -5.13478e-03 | 84  0.54172  3.12785e-04
 85  0.97362  1.96216e-03 | 86  0.16550  8.34726e-04 | 87  0.26464 -9.17927e-03
 88 -0.27523 -1.44971e-03 | 89 -0.03292 -1.56625e-04 | 90 -0.00155 -7.65980e-06
 91  0.04834  2.32240e-04 | 92 -0.02503 -1.23585e-04 |
92 variables; iteration 200; function evaluation 270; phase 3
Function value -9.1072041e+01; maximum gradient component mag 6.6485e-01
Var    Value     Gradient |Var    Value     Gradient |Var    Value     Gradient
  1  0.98445 -6.34674e-05 |  2  0.00033  5.81584e-04 |  3  0.00039  4.68044e-04
  4 -0.01550  4.00719e-03 |  5 -0.01544 -2.64601e-05 |  6 -0.01536 -1.79843e-03
  7 -0.01526 -1.02932e-03 |  8 -0.01513 -1.30696e-04 |  9 -0.01498  2.15607e-03
 10 -0.01484 -1.19303e-03 | 11 -0.01467 -1.11900e-03 | 12 -0.01449 -3.04535e-04
 13 -0.01427  2.89637e-06 | 14 -0.01398  3.26193e-03 | 15 -0.01363 -6.60351e-05
 16 -0.01311 -1.34875e-03 | 17 -0.01244 -1.39970e-04 | 18 -0.01107 -2.29289e-03
 19 -0.00933 -1.55424e-04 | 20 -0.00745  4.08718e-04 | 21 -0.00522 -1.15019e-03
 22 -0.00276 -8.83315e-04 | 23 -0.00037 -3.40356e-04 | 24  0.00149  2.18403e-04
 25  0.00260 -1.32479e-03 | 26  0.00240 -9.34227e-05 | 27  0.00107  1.44558e-04
 28 -0.00109 -5.17446e-04 | 29 -0.00302 -4.87196e-04 | 30 -0.00541 -2.46967e-04
 31 -0.00806 -1.04999e-03 | 32 -0.00952  1.93884e-04 | 33 -0.00880 -3.80949e-04
 34 -0.01192  1.76281e-03 | 35 -0.01862  9.53753e-03 | 36 -0.02771  8.70466e-03
 37 -0.01066 -1.00124e-02 | 38 -0.00767 -8.76851e-03 | 39 -0.04373  1.27945e-04
 40 -0.03778  2.36500e-04 | 41 -0.03147  1.57832e-03 | 42 -0.02723 -2.41829e-04
 43 -0.02365  7.97848e-04 | 44 -0.02516  2.89907e-04 | 45 -0.03252 -2.04243e-03
 46 -0.03567 -8.56453e-04 | 47 -0.01424 -7.02893e-04 | 48  0.01654 -2.62419e-03
 49  0.00633 -1.90268e-03 | 50 -0.02346  1.69434e-04 | 51 -0.01594  1.95345e-03
 52 -0.05494 -2.57354e-03 | 53 -0.02227 -2.90530e-03 | 54 -0.01191 -3.30875e-03
 55 -0.01077 -3.57147e-03 | 56  0.00937 -1.19120e-03 | 57  0.01068  1.31482e-03
 58  0.00901  4.13786e-03 | 59 -0.03121  2.67583e-03 | 60 -0.02014 -2.70302e-05
 61  0.02505  3.96264e-03 | 62 -0.03215  2.59740e-03 | 63 -0.04161 -1.72868e-04
 64 -0.01387 -6.77850e-04 | 65 -0.03067 -5.92302e-04 | 66 -0.04865  1.53199e-03
 67 -0.04375  9.50167e-05 | 68  0.04127  8.56084e-04 | 69 -0.02214  4.54840e-03
 70 -0.08700  1.89619e-03 | 71 -0.08231 -2.30842e-03 | 72 -0.04595 -8.82673e-04
 73 -0.01703  2.25565e-04 | 74 -0.01678  1.46851e-03 | 75 -0.01679 -4.79738e-03
 76 -0.01678 -2.34610e-03 | 77 -0.35252  6.64852e-01 | 78 -0.24546  5.91529e-02
 79 -0.07276 -2.79726e-02 | 80  0.23652  7.10643e-02 | 81 -0.32953 -1.93982e-03
 82 -0.53408 -5.75519e-05 | 83 -0.11884  1.25689e-03 | 84  0.54174  4.37734e-04
 85  0.97326 -9.77865e-05 | 86  0.15788  7.94614e-04 | 87  0.26465 -1.73412e-03
 88 -0.00017 -8.63249e-07 | 89 -0.00100  4.27477e-07 | 90  0.00040  1.97241e-06
 91  0.00428  1.65744e-05 | 92 -0.00172 -8.47190e-06 |
92 variables; iteration 220; function evaluation 290; phase 3
Function value -9.1072048e+01; maximum gradient component mag -2.1390e-02
Var    Value     Gradient |Var    Value     Gradient |Var    Value     Gradient
  1  0.99475 -4.52584e-06 |  2  0.00032 -8.32069e-05 |  3  0.00038 -6.60556e-05
  4 -0.01552 -7.55073e-04 |  5 -0.01544  2.21958e-05 |  6 -0.01535  2.71672e-04
  7 -0.01525  2.45170e-04 |  8 -0.01513  9.47923e-06 |  9 -0.01499 -3.92590e-04
 10 -0.01483  2.06971e-04 | 11 -0.01467  1.97554e-04 | 12 -0.01449  4.78010e-05
 13 -0.01427 -1.59338e-06 | 14 -0.01400 -5.95196e-04 | 15 -0.01363 -5.43310e-06
 16 -0.01311  2.52042e-04 | 17 -0.01244  3.22260e-05 | 18 -0.01105  4.27816e-04
 19 -0.00933  1.23250e-05 | 20 -0.00746 -4.74047e-05 | 21 -0.00522  1.81287e-04
 22 -0.00275  1.17220e-04 | 23 -0.00037  2.63320e-05 | 24  0.00149 -3.95090e-06
 25  0.00261  1.56672e-04 | 26  0.00240  2.94645e-05 | 27  0.00107 -5.99293e-05
 28 -0.00108  5.69677e-05 | 29 -0.00302  1.58746e-05 | 30 -0.00541 -2.77093e-05
 31 -0.00806  1.76563e-04 | 32 -0.00952 -4.17085e-05 | 33 -0.00879  1.12298e-04
 34 -0.01191 -3.86911e-06 | 35 -0.01863 -3.68623e-04 | 36 -0.02770  5.19251e-05
 37 -0.01066  7.02394e-05 | 38 -0.00768  3.94672e-04 | 39 -0.04373 -5.81203e-07
 40 -0.03778 -4.71797e-06 | 41 -0.03148 -2.23460e-04 | 42 -0.02722  1.14783e-04
 43 -0.02366 -6.70005e-05 | 44 -0.02516  7.06924e-05 | 45 -0.03251  4.87720e-04
 46 -0.03567  1.05724e-04 | 47 -0.01425 -2.03009e-05 | 48  0.01654  3.34909e-04
 49  0.00634  6.84686e-04 | 50 -0.02347  1.24171e-04 | 51 -0.01594  2.49198e-04
 52 -0.05494  3.75329e-04 | 53 -0.02227  3.81068e-04 | 54 -0.01191  3.17798e-04
 55 -0.01077  4.72786e-04 | 56  0.00937  2.84438e-04 | 57  0.01068  4.22093e-05
 58  0.00901 -1.11631e-04 | 59 -0.03122 -2.81160e-04 | 60 -0.02014 -3.12171e-04
 61  0.02505 -7.69263e-04 | 62 -0.03215 -4.95558e-04 | 63 -0.04161 -3.54307e-04
 64 -0.01387 -4.49654e-04 | 65 -0.03067 -2.66776e-04 | 66 -0.04865 -3.40955e-04
 67 -0.04375 -3.18295e-04 | 68  0.04127 -8.24459e-05 | 69 -0.02214 -7.76301e-05
 70 -0.08701 -2.28339e-04 | 71 -0.08231  2.26216e-04 | 72 -0.04595  3.08635e-05
 73 -0.01703 -1.18211e-05 | 74 -0.01678 -2.38009e-04 | 75 -0.01677  9.33668e-04
 76 -0.01677  4.27394e-04 | 77 -0.35253 -2.13904e-02 | 78 -0.24207 -3.86820e-03
 79 -0.07276  1.77044e-03 | 80  0.23346 -1.53213e-03 | 81 -0.32953  5.78371e-04
 82 -0.53311  1.18812e-05 | 83 -0.11885 -5.53061e-04 | 84  0.54173 -1.05485e-04
 85  0.97329  7.51153e-05 | 86  0.15579  7.83657e-04 | 87  0.26465  2.81862e-04
 88  0.01745  8.61535e-05 | 89 -0.02051 -9.59606e-05 | 90 -0.00851 -4.20057e-05
 91 -0.02450 -1.24647e-04 | 92 -0.02167 -1.06965e-04 |
92 variables; iteration 240; function evaluation 311; phase 3
Function value -9.1072081e+01; maximum gradient component mag 2.9577e-01
Var    Value     Gradient |Var    Value     Gradient |Var    Value     Gradient
  1  0.98222 -7.44541e-05 |  2  0.00032  1.46332e-04 |  3  0.00038  1.00724e-04
  4 -0.01551  1.44860e-03 |  5 -0.01544 -1.60896e-04 |  6 -0.01536 -6.30859e-04
  7 -0.01525 -2.73537e-04 |  8 -0.01513 -7.23585e-05 |  9 -0.01499  7.01616e-04
 10 -0.01483 -4.64941e-04 | 11 -0.01467 -3.71640e-04 | 12 -0.01449 -7.45698e-05
 13 -0.01427  2.04755e-05 | 14 -0.01399  1.14104e-03 | 15 -0.01363 -6.00791e-05
 16 -0.01311 -5.41250e-04 | 17 -0.01244 -4.95803e-05 | 18 -0.01106 -7.31332e-04
 19 -0.00933 -4.81227e-05 | 20 -0.00745  1.65120e-04 | 21 -0.00522 -3.93082e-04
 22 -0.00276 -2.40004e-04 | 23 -0.00037 -9.94190e-05 | 24  0.00149  7.47015e-05
 25  0.00260 -3.93443e-04 | 26  0.00240  4.27337e-05 | 27  0.00107  2.59652e-05
 28 -0.00108 -1.79023e-04 | 29 -0.00302 -1.54858e-04 | 30 -0.00541 -2.30619e-04
 31 -0.00806 -4.27675e-04 | 32 -0.00952  4.57287e-06 | 33 -0.00880 -2.88526e-04
 34 -0.01191  6.57588e-04 | 35 -0.01863  3.72608e-03 | 36 -0.02770  3.63641e-03
 37 -0.01066 -4.45390e-03 | 38 -0.00768 -3.50568e-03 | 39 -0.04373  1.89684e-05
 40 -0.03778  3.62410e-05 | 41 -0.03147  5.51487e-04 | 42 -0.02723 -2.57884e-05
 43 -0.02366  3.54734e-04 | 44 -0.02516  1.23873e-04 | 45 -0.03251 -6.05278e-04
 46 -0.03567 -3.38060e-04 | 47 -0.01424 -3.02286e-04 | 48  0.01654 -8.67686e-04
 49  0.00634 -4.66496e-04 | 50 -0.02347 -1.82411e-04 | 51 -0.01594  6.32303e-04
 52 -0.05494 -1.49232e-03 | 53 -0.02227 -1.69172e-03 | 54 -0.01191 -1.85653e-03
 55 -0.01077 -2.13925e-03 | 56  0.00937 -8.57474e-04 | 57  0.01068 -1.41445e-04
 58  0.00901  1.41050e-03 | 59 -0.03122  9.23978e-04 | 60 -0.02014 -1.49008e-04
 61  0.02505  1.35394e-03 | 62 -0.03215  9.79424e-04 | 63 -0.04161  4.48799e-06
 64 -0.01387  4.44329e-06 | 65 -0.03067  3.35646e-04 | 66 -0.04865  1.21190e-03
 67 -0.04375  4.40223e-04 | 68  0.04127  7.89215e-04 | 69 -0.02214  2.09187e-03
 70 -0.08700  9.15657e-04 | 71 -0.08231 -5.91956e-04 | 72 -0.04595 -2.83733e-04
 73 -0.01703  7.57489e-05 | 74 -0.01678  4.90805e-04 | 75 -0.01678 -1.60044e-03
 76 -0.01678 -8.82448e-04 | 77 -0.35253  2.95773e-01 | 78 -0.23362  3.39866e-02
 79 -0.07276 -1.07176e-02 | 80  0.22432  2.97712e-02 | 81 -0.32953 -1.95980e-03
 82 -0.53390 -4.52803e-05 | 83 -0.11884  2.04695e-03 | 84  0.54173 -3.26728e-05
 85  0.97329  2.44463e-05 | 86  0.14418  7.23215e-04 | 87  0.26465 -3.94991e-04
 88  0.00576  2.84198e-05 | 89  0.00404  2.53019e-05 | 90  0.00159  7.85347e-06
 91  0.00731  3.14460e-05 | 92  0.00400  1.97319e-05 |
92 variables; iteration 260; function evaluation 335; phase 3
Function value -9.1072132e+01; maximum gradient component mag 1.0634e+00
Var    Value     Gradient |Var    Value     Gradient |Var    Value     Gradient
  1  0.97920 -8.88945e-05 |  2  0.00033  2.48015e-04 |  3  0.00039  2.67881e-04
  4 -0.01551  1.21196e-03 |  5 -0.01544  4.69550e-04 |  6 -0.01536 -2.99397e-04
  7 -0.01526 -1.00493e-03 |  8 -0.01513  1.26567e-04 |  9 -0.01499  8.38853e-04
 10 -0.01483 -1.89997e-04 | 11 -0.01467 -3.91932e-04 | 12 -0.01449 -1.79374e-04
 13 -0.01427 -6.42865e-05 | 14 -0.01399  1.02616e-03 | 15 -0.01363  1.62026e-04
 16 -0.01311 -1.88643e-04 | 17 -0.01244 -6.05604e-05 | 18 -0.01106 -9.77161e-04
 19 -0.00933 -3.52598e-05 | 20 -0.00746 -4.42730e-05 | 21 -0.00522 -4.10939e-04
 22 -0.00276 -4.89822e-04 | 23 -0.00037 -2.61996e-04 | 24  0.00149 -9.91586e-05
 25  0.00260 -6.73859e-04 | 26  0.00240 -4.14170e-04 | 27  0.00107 -2.27026e-05
 28 -0.00108 -3.31631e-04 | 29 -0.00302 -2.48745e-04 | 30 -0.00541  2.40826e-04
 31 -0.00806 -4.68538e-04 | 32 -0.00952 -5.98033e-05 | 33 -0.00879  7.06291e-04
 34 -0.01191  3.14879e-03 | 35 -0.01863  1.14564e-02 | 36 -0.02770  1.29567e-02
 37 -0.01066 -1.36741e-02 | 38 -0.00767 -1.00679e-02 | 39 -0.04373  2.09729e-04
 40 -0.03778  4.01284e-04 | 41 -0.03147  5.84528e-04 | 42 -0.02723 -1.19321e-04
 43 -0.02366  1.94799e-04 | 44 -0.02516  4.91678e-04 | 45 -0.03252 -6.94821e-04
 46 -0.03567 -7.89484e-04 | 47 -0.01424 -1.23036e-03 | 48  0.01654 -2.08197e-03
 49  0.00634  7.32201e-04 | 50 -0.02346  8.83610e-04 | 51 -0.01594  4.22071e-03
 52 -0.05494 -4.14755e-04 | 53 -0.02226 -1.20368e-03 | 54 -0.01191 -1.84471e-03
 55 -0.01076 -8.34745e-04 | 56  0.00937  1.08563e-03 | 57  0.01068  3.13088e-03
 58  0.00901  5.68815e-03 | 59 -0.03121  2.44738e-03 | 60 -0.02014 -1.88558e-03
 61  0.02505  8.24523e-04 | 62 -0.03215  5.83647e-04 | 63 -0.04161 -3.23508e-03
 64 -0.01387 -4.66512e-03 | 65 -0.03067 -2.88372e-03 | 66 -0.04865 -9.69624e-05
 67 -0.04375 -2.30333e-03 | 68  0.04127  2.75453e-04 | 69 -0.02214  5.67652e-03
 70 -0.08700  1.03157e-03 | 71 -0.08231 -1.93246e-03 | 72 -0.04594 -5.17853e-04
 73 -0.01703  5.51475e-05 | 74 -0.01678  3.82488e-04 | 75 -0.01678 -2.04664e-03
 76 -0.01677 -4.00782e-04 | 77 -0.35252  1.06338e+00 | 78 -0.22074  1.72008e-01
 79 -0.07276 -3.13792e-02 | 80  0.20459  9.23334e-02 | 81 -0.32953  2.99724e-03
 82 -0.53236  6.62091e-05 | 83 -0.11886 -4.13803e-03 | 84  0.54174  5.58895e-04
 85  0.97324 -2.24901e-04 | 86  0.12004  5.98969e-04 | 87  0.26465 -4.50281e-04
 88  0.00750  3.70367e-05 | 89 -0.00442 -1.63991e-05 | 90 -0.00330 -1.62911e-05
 91 -0.00006 -4.73528e-06 | 92 -0.00234 -1.15714e-05 |
92 variables; iteration 280; function evaluation 360; phase 3
Function value -9.1072179e+01; maximum gradient component mag 7.1815e-01
Var    Value     Gradient |Var    Value     Gradient |Var    Value     Gradient
  1  0.98135 -7.86180e-05 |  2  0.00032  1.78324e-04 |  3  0.00038  2.12330e-04
  4 -0.01551  6.60287e-04 |  5 -0.01544  4.79801e-04 |  6 -0.01536 -6.63383e-05
  7 -0.01526 -8.41178e-04 |  8 -0.01513  1.42041e-04 |  9 -0.01499  5.49160e-04
 10 -0.01483 -2.51304e-05 | 11 -0.01467 -2.40032e-04 | 12 -0.01449 -1.38557e-04
 13 -0.01427 -6.44206e-05 | 14 -0.01400  5.79292e-04 | 15 -0.01363  1.73316e-04
 16 -0.01311 -1.05188e-06 | 17 -0.01244 -3.86977e-05 | 18 -0.01106 -6.63734e-04
 19 -0.00933 -1.38917e-05 | 20 -0.00746 -9.43833e-05 | 21 -0.00522 -2.51369e-04
 22 -0.00276 -3.67844e-04 | 23 -0.00037 -2.04284e-04 | 24  0.00149 -1.03577e-04
 25  0.00260 -4.82180e-04 | 26  0.00240 -3.69738e-04 | 27  0.00107 -4.95256e-06
 28 -0.00108 -2.12983e-04 | 29 -0.00302 -1.33528e-04 | 30 -0.00541  3.47324e-04
 31 -0.00806 -2.40457e-04 | 32 -0.00952 -8.97048e-07 | 33 -0.00879  6.88774e-04
 34 -0.01191  2.03614e-03 | 35 -0.01863  6.85048e-03 | 36 -0.02770  7.63492e-03
 37 -0.01066 -7.70227e-03 | 38 -0.00767 -5.88639e-03 | 39 -0.04373  1.86063e-04
 40 -0.03778  3.17369e-04 | 41 -0.03147  3.13056e-04 | 42 -0.02723 -1.58927e-04
 43 -0.02366 -1.68061e-05 | 44 -0.02516  2.78420e-04 | 45 -0.03251 -5.80438e-04
 46 -0.03567 -5.01999e-04 | 47 -0.01425 -7.87409e-04 | 48  0.01654 -1.49811e-03
 49  0.00634  8.84409e-05 | 50 -0.02346  6.41121e-04 | 51 -0.01594  2.64437e-03
 52 -0.05494  3.64884e-04 | 53 -0.02227 -4.79478e-05 | 54 -0.01191 -3.67153e-04
 55 -0.01076  5.42831e-04 | 56  0.00937  1.26603e-03 | 57  0.01068  2.70284e-03
 58  0.00901  3.69717e-03 | 59 -0.03121  1.62984e-03 | 60 -0.02014 -1.01620e-03
 61  0.02505  5.38960e-04 | 62 -0.03215  2.77997e-04 | 63 -0.04161 -2.14271e-03
 64 -0.01387 -3.21935e-03 | 65 -0.03067 -2.39238e-03 | 66 -0.04865 -7.43872e-04
 67 -0.04375 -1.89656e-03 | 68  0.04127 -1.98440e-04 | 69 -0.02214  3.12975e-03
 70 -0.08700  3.60453e-04 | 71 -0.08231 -1.32910e-03 | 72 -0.04594 -2.46896e-04
 73 -0.01703  2.76422e-05 | 74 -0.01678  1.95680e-04 | 75 -0.01678 -1.37755e-03
 76 -0.01677 -8.58036e-05 | 77 -0.35252  7.18155e-01 | 78 -0.21144  1.43812e-01
 79 -0.07276 -1.87426e-02 | 80  0.18339  5.38297e-02 | 81 -0.32953  3.34883e-03
 82 -0.53223  7.57239e-05 | 83 -0.11886 -4.44001e-03 | 84  0.54174  5.13989e-04
 85  0.97324 -2.13716e-04 | 86  0.09252  4.58862e-04 | 87  0.26465 -2.69217e-04
 88  0.00573  2.82692e-05 | 89 -0.00648 -2.65903e-05 | 90  0.00273  1.34738e-05
 91 -0.00246 -1.64937e-05 | 92 -0.00375 -1.85140e-05 |
92 variables; iteration 300; function evaluation 383; phase 3
Function value -9.1072216e+01; maximum gradient component mag 3.4741e-01
Var    Value     Gradient |Var    Value     Gradient |Var    Value     Gradient
  1  0.98662 -5.26579e-05 |  2  0.00032  1.21915e-04 |  3  0.00038  1.45385e-04
  4 -0.01551  3.82923e-04 |  5 -0.01544  3.49574e-04 |  6 -0.01536 -2.33747e-05
  7 -0.01525 -5.66435e-04 |  8 -0.01513  1.01580e-04 |  9 -0.01499  3.45956e-04
 10 -0.01483 -4.64840e-06 | 11 -0.01467 -1.55033e-04 | 12 -0.01449 -9.75932e-05
 13 -0.01427 -4.68755e-05 | 14 -0.01400  3.55002e-04 | 15 -0.01363  1.15338e-04
 16 -0.01311  2.32617e-05 | 17 -0.01244 -1.94162e-05 | 18 -0.01106 -4.32711e-04
 19 -0.00933 -1.01850e-05 | 20 -0.00746 -6.49682e-05 | 21 -0.00522 -1.53213e-04
 22 -0.00276 -2.47049e-04 | 23 -0.00037 -1.32088e-04 | 24  0.00149 -7.62228e-05
 25  0.00260 -3.18438e-04 | 26  0.00240 -2.50234e-04 | 27  0.00107  8.94387e-06
 28 -0.00108 -1.27990e-04 | 29 -0.00302 -6.92124e-05 | 30 -0.00541  2.77258e-04
 31 -0.00806 -1.06824e-04 | 32 -0.00952  3.59933e-05 | 33 -0.00879  4.61661e-04
 34 -0.01191  9.93075e-04 | 35 -0.01863  3.10067e-03 | 36 -0.02770  3.25322e-03
 37 -0.01066 -3.04292e-03 | 38 -0.00768 -2.55630e-03 | 39 -0.04373  1.28434e-04
 40 -0.03778  1.89967e-04 | 41 -0.03147  1.62432e-04 | 42 -0.02723 -1.51838e-04
 43 -0.02366 -8.39325e-05 | 44 -0.02516  9.50751e-05 | 45 -0.03251 -4.60668e-04
 46 -0.03567 -2.70226e-04 | 47 -0.01425 -3.88301e-04 | 48  0.01654 -9.73615e-04
 49  0.00634 -3.97085e-04 | 50 -0.02346  3.13425e-04 | 51 -0.01594  1.18461e-03
 52 -0.05494  5.07057e-04 | 53 -0.02227  3.75162e-04 | 54 -0.01191  2.91058e-04
 55 -0.01076  8.60724e-04 | 56  0.00937  9.19869e-04 | 57  0.01068  1.76394e-03
 58  0.00901  1.85304e-03 | 59 -0.03121  8.84231e-04 | 60 -0.02014 -2.99016e-04
 61  0.02505  4.58651e-04 | 62 -0.03215  2.00915e-04 | 63 -0.04161 -9.63328e-04
 64 -0.01387 -1.56740e-03 | 65 -0.03067 -1.48057e-03 | 66 -0.04865 -7.52857e-04
 67 -0.04375 -1.12353e-03 | 68  0.04127 -2.58747e-04 | 69 -0.02214  1.25782e-03
 70 -0.08700  4.55692e-05 | 71 -0.08231 -7.64576e-04 | 72 -0.04594 -8.51578e-05
 73 -0.01703  1.59544e-05 | 74 -0.01678  1.15765e-04 | 75 -0.01677 -8.76521e-04
 76 -0.01677 -2.16754e-05 | 77 -0.35253  3.47408e-01 | 78 -0.20505  7.99723e-02
 79 -0.07276 -8.50051e-03 | 80  0.16309  2.27368e-02 | 81 -0.32953  2.40905e-03
 82 -0.53250  5.61529e-05 | 83 -0.11886 -3.18012e-03 | 84  0.54174  3.54720e-04
 85  0.97325 -1.58588e-04 | 86  0.06482  2.97326e-04 | 87  0.26465 -1.62757e-04
 88  0.00383  1.89192e-05 | 89 -0.00550 -2.17857e-05 | 90  0.00531  2.62025e-05
 91 -0.00195 -1.39639e-05 | 92 -0.00295 -1.45343e-05 |
92 variables; iteration 320; function evaluation 408; phase 3
Function value -9.1072230e+01; maximum gradient component mag -1.0142e-02
Var    Value     Gradient |Var    Value     Gradient |Var    Value     Gradient
  1  1.02293  9.91675e-05 |  2  0.00032 -1.54198e-05 |  3  0.00038 -1.43366e-05
  4 -0.01552 -4.99876e-05 |  5 -0.01544 -2.62722e-05 |  6 -0.01536  1.53961e-05
  7 -0.01525  3.99475e-05 |  8 -0.01513 -6.18673e-06 |  9 -0.01499 -4.23598e-05
 10 -0.01483  2.93080e-06 | 11 -0.01467  1.70650e-05 | 12 -0.01449  7.50016e-06
 13 -0.01427  1.84599e-06 | 14 -0.01400 -4.98266e-05 | 15 -0.01363 -1.04870e-05
 16 -0.01311  5.64640e-06 | 17 -0.01244  1.73060e-07 | 18 -0.01106  4.64603e-05
 19 -0.00933  1.10489e-06 | 20 -0.00746  2.78839e-06 | 21 -0.00522  3.83070e-05
 22 -0.00275  4.83025e-05 | 23 -0.00037  3.15095e-05 | 24  0.00149 -1.63408e-05
 25  0.00261  6.22727e-05 | 26  0.00240  9.41472e-06 | 27  0.00107  2.04845e-06
 28 -0.00108  1.96177e-05 | 29 -0.00302  1.59124e-05 | 30 -0.00541 -1.04171e-05
 31 -0.00806  1.99775e-05 | 32 -0.00952 -1.04481e-05 | 33 -0.00879 -3.97224e-05
 34 -0.01191 -1.78190e-05 | 35 -0.01863 -6.45978e-05 | 36 -0.02770  3.65144e-05
 37 -0.01066 -4.47130e-05 | 38 -0.00768  2.13802e-05 | 39 -0.04373 -2.47339e-05
 40 -0.03778 -1.87040e-05 | 41 -0.03148 -3.36651e-05 | 42 -0.02723  2.15340e-06
 43 -0.02366 -7.33149e-07 | 44 -0.02516 -1.54985e-05 | 45 -0.03251  6.97566e-05
 46 -0.03567  2.89265e-05 | 47 -0.01425  3.65851e-05 | 48  0.01654  1.19284e-04
 49  0.00634  2.03331e-04 | 50 -0.02347  6.04383e-05 | 51 -0.01594  4.00025e-05
 52 -0.05494 -6.68736e-06 | 53 -0.02227 -5.33123e-05 | 54 -0.01191 -8.54836e-05
 55 -0.01077 -1.33987e-04 | 56  0.00937 -7.90236e-05 | 57  0.01068 -1.59756e-04
 58  0.00901 -8.51626e-05 | 59 -0.03122 -1.06185e-04 | 60 -0.02014 -9.27351e-05
 61  0.02505 -1.39310e-04 | 62 -0.03215 -5.88803e-05 | 63 -0.04161 -3.79787e-05
 64 -0.01387 -2.65002e-05 | 65 -0.03067  8.08866e-05 | 66 -0.04865  7.15442e-05
 67 -0.04375  4.14706e-05 | 68  0.04127  1.81789e-05 | 69 -0.02214  1.39236e-05
 70 -0.08700 -1.50977e-05 | 71 -0.08231  2.55834e-05 | 72 -0.04595 -7.47503e-06
 73 -0.01703  3.97655e-06 | 74 -0.01678 -2.51434e-05 | 75 -0.01677  8.96285e-05
 76 -0.01677  2.20820e-05 | 77 -0.35253 -1.01422e-02 | 78 -0.20180 -4.51224e-03
 79 -0.07277  5.50396e-05 | 80  0.15002 -3.41648e-05 | 81 -0.32953 -1.17744e-04
 82 -0.53329 -1.52155e-06 | 83 -0.11884  2.50206e-04 | 84  0.54173 -1.69395e-06
 85  0.97328  1.25442e-05 | 86  0.05150 -6.45246e-04 | 87  0.26465 -9.85165e-06
 88 -0.00385 -1.89967e-05 | 89  0.00056  8.12529e-06 | 90 -0.00966 -4.76991e-05
 91  0.00216  6.18996e-06 | 92  0.00110  5.45125e-06 |
92 variables; iteration 340; function evaluation 428; phase 3
Function value -9.1072231e+01; maximum gradient component mag -9.2273e-02
Var    Value     Gradient |Var    Value     Gradient |Var    Value     Gradient
  1  1.02188  9.41867e-05 |  2  0.00032 -3.14428e-04 |  3  0.00038 -2.93741e-04
  4 -0.01552 -1.76216e-03 |  5 -0.01544 -3.51725e-04 |  6 -0.01535  6.45375e-04
  7 -0.01525  1.01424e-03 |  8 -0.01513 -5.59155e-05 |  9 -0.01499 -1.08482e-03
 10 -0.01483  4.46851e-04 | 11 -0.01467  5.67845e-04 | 12 -0.01449  2.22269e-04
 13 -0.01427  4.75559e-05 | 14 -0.01400 -1.56267e-03 | 15 -0.01363 -6.04737e-05
 16 -0.01311  4.34003e-04 | 17 -0.01244  5.18461e-05 | 18 -0.01105  1.27281e-03
 19 -0.00933  4.91862e-05 | 20 -0.00746 -1.10908e-04 | 21 -0.00522  5.47177e-04
 22 -0.00275  5.46938e-04 | 23 -0.00037  2.46211e-04 | 24  0.00149  1.21055e-05
 25  0.00261  7.53409e-04 | 26  0.00240  2.57849e-04 | 27  0.00107 -1.11612e-04
 28 -0.00108  2.70751e-04 | 29 -0.00302  1.05352e-04 | 30 -0.00541 -3.24017e-04
 31 -0.00806  3.25169e-04 | 32 -0.00952 -1.65979e-04 | 33 -0.00880 -2.15731e-04
 34 -0.01191 -3.85443e-04 | 35 -0.01863 -1.41594e-03 | 36 -0.02769 -1.32036e-05
 37 -0.01066 -3.76241e-04 | 38 -0.00768  1.08004e-03 | 39 -0.04374 -2.12201e-04
 40 -0.03778 -1.80456e-04 | 41 -0.03148 -6.03766e-04 | 42 -0.02722  4.08264e-04
 43 -0.02366  1.80721e-05 | 44 -0.02516  1.31431e-04 | 45 -0.03251  1.57793e-03
 46 -0.03567  4.25442e-04 | 47 -0.01425  1.70607e-04 | 48  0.01654  1.72564e-03
 49  0.00634  2.82553e-03 | 50 -0.02347  3.06249e-04 | 51 -0.01594  3.42572e-04
 52 -0.05494  5.58494e-05 | 53 -0.02227 -1.95475e-04 | 54 -0.01191 -5.68186e-04
 55 -0.01077 -9.11302e-04 | 56  0.00937 -6.16997e-04 | 57  0.01068 -1.94322e-03
 58  0.00901 -1.30725e-03 | 59 -0.03122 -1.29153e-03 | 60 -0.02014 -1.16072e-03
 61  0.02505 -2.38866e-03 | 62 -0.03215 -1.25725e-03 | 63 -0.04162 -6.17107e-04
 64 -0.01387 -3.86595e-04 | 65 -0.03067  9.53020e-04 | 66 -0.04865  5.96992e-04
 67 -0.04375  2.28134e-04 | 68  0.04127  2.54286e-04 | 69 -0.02214  3.61225e-05
 70 -0.08701 -2.70793e-05 | 71 -0.08231  1.07748e-03 | 72 -0.04595  6.25390e-05
 73 -0.01703 -6.08400e-05 | 74 -0.01678 -5.63347e-04 | 75 -0.01676  2.63755e-03
 76 -0.01677  8.50197e-04 | 77 -0.35254 -9.22726e-02 | 78 -0.20152 -2.36672e-02
 79 -0.07277  4.49204e-03 | 80  0.14888 -4.30585e-03 | 81 -0.32953 -1.60605e-03
 82 -0.53374 -3.35420e-05 | 83 -0.11883  2.55227e-03 | 84  0.54173 -4.90419e-04
 85  0.97332  2.30851e-04 | 86  0.05107 -8.15794e-04 | 87  0.26465  4.56539e-04
 88 -0.01129 -5.57396e-05 | 89 -0.00086  1.12342e-06 | 90  0.00424  2.09118e-05
 91 -0.00169 -1.26848e-05 | 92  0.00031  1.55419e-06 |
92 variables; iteration 360; function evaluation 450; phase 3
Function value -9.1072242e+01; maximum gradient component mag 9.0284e-01
Var    Value     Gradient |Var    Value     Gradient |Var    Value     Gradient
  1  0.99856  6.30153e-05 |  2  0.00032  1.13795e-04 |  3  0.00038  1.02371e-04
  4 -0.01551  6.58672e-04 |  5 -0.01544  1.00598e-04 |  6 -0.01536 -2.64158e-04
  7 -0.01525 -3.34722e-04 |  8 -0.01513  7.95416e-06 |  9 -0.01499  3.92853e-04
 10 -0.01483 -1.82942e-04 | 11 -0.01467 -2.12594e-04 | 12 -0.01449 -8.07039e-05
 13 -0.01427 -1.58615e-05 | 14 -0.01400  5.83938e-04 | 15 -0.01363  4.67044e-06
 16 -0.01311 -1.80962e-04 | 17 -0.01244 -2.27102e-05 | 18 -0.01106 -4.65704e-04
 19 -0.00933 -2.76288e-05 | 20 -0.00745  4.59722e-05 | 21 -0.00522 -2.11989e-04
 22 -0.00275 -2.06082e-04 | 23 -0.00037 -1.01579e-04 | 24  0.00149 -2.30245e-05
 25  0.00260 -2.98977e-04 | 26  0.00240 -1.19927e-04 | 27  0.00107 -1.25288e-05
 28 -0.00108 -1.66786e-04 | 29 -0.00302 -1.27488e-04 | 30 -0.00541 -1.73981e-05
 31 -0.00806 -2.44305e-04 | 32 -0.00952 -5.38699e-05 | 33 -0.00879  1.55546e-04
 34 -0.01191  1.45025e-03 | 35 -0.01863  5.63108e-03 | 36 -0.02770  6.38291e-03
 37 -0.01066 -6.99489e-03 | 38 -0.00768 -5.01809e-03 | 39 -0.04373  7.07317e-05
 40 -0.03778  1.35882e-04 | 41 -0.03147  3.26914e-04 | 42 -0.02723 -2.19373e-05
 43 -0.02366  1.78522e-04 | 44 -0.02516  2.25444e-04 | 45 -0.03251 -2.95236e-04
 46 -0.03567 -4.02164e-04 | 47 -0.01425 -5.85547e-04 | 48  0.01654 -9.50400e-04
 49  0.00634  4.44475e-04 | 50 -0.02347  2.85978e-04 | 51 -0.01594  1.92430e-03
 52 -0.05494 -7.03416e-04 | 53 -0.02227 -1.11204e-03 | 54 -0.01191 -1.40911e-03
 55 -0.01077 -1.08511e-03 | 56  0.00937  1.68947e-04 | 57  0.01068  1.07637e-03
 58  0.00901  2.66560e-03 | 59 -0.03122  1.14375e-03 | 60 -0.02014 -9.36278e-04
 61  0.02505  4.68522e-04 | 62 -0.03215  3.77847e-04 | 63 -0.04161 -1.41490e-03
 64 -0.01387 -1.95166e-03 | 65 -0.03067 -9.93821e-04 | 66 -0.04865  4.40247e-04
 67 -0.04375 -7.20261e-04 | 68  0.04127  4.41722e-04 | 69 -0.02214  2.98049e-03
 70 -0.08700  6.72744e-04 | 71 -0.08231 -8.76391e-04 | 72 -0.04595 -3.01573e-04
 73 -0.01703  2.07864e-05 | 74 -0.01678  2.14292e-04 | 75 -0.01677 -9.50810e-04
 76 -0.01677 -3.40106e-04 | 77 -0.35253  9.02841e-01 | 78 -0.19903  2.45576e-01
 79 -0.07277 -1.52756e-02 | 80  0.13673  4.78986e-02 | 81 -0.32953  3.77524e-04
 82 -0.53317  7.24937e-06 | 83 -0.11885 -6.75876e-04 | 84  0.54173  1.58495e-04
 85  0.97327 -7.35539e-05 | 86  0.06500  2.99107e-04 | 87  0.26465 -1.91132e-04
 88  0.00391  1.93055e-05 | 89 -0.00144 -1.76016e-06 | 90 -0.00146 -7.20995e-06
 91  0.00141  2.51889e-06 | 92 -0.00053 -2.62822e-06 |
92 variables; iteration 380; function evaluation 474; phase 3
Function value -9.1072254e+01; maximum gradient component mag 2.8451e-01
Var    Value     Gradient |Var    Value     Gradient |Var    Value     Gradient
  1  0.99881  7.86398e-05 |  2  0.00032 -2.14183e-05 |  3  0.00038  2.45578e-05
  4 -0.01552 -2.37975e-04 |  5 -0.01544  2.31855e-04 |  6 -0.01535  3.09841e-04
  7 -0.01525 -2.96039e-04 |  8 -0.01513  1.12964e-04 |  9 -0.01499 -4.70809e-05
 10 -0.01483  1.95020e-04 | 11 -0.01467  7.29745e-05 | 12 -0.01449 -3.30725e-06
 13 -0.01427 -2.99645e-05 | 14 -0.01400 -2.58722e-04 | 15 -0.01363  1.44208e-04
 16 -0.01311  2.03334e-04 | 17 -0.01244 -8.77934e-06 | 18 -0.01106  4.03277e-05
 19 -0.00933  2.58128e-05 | 20 -0.00746 -1.51819e-04 | 21 -0.00522  6.97569e-05
 22 -0.00275 -1.02307e-05 | 23 -0.00037 -3.67465e-05 | 24  0.00149 -1.08075e-04
 25  0.00260 -4.04406e-06 | 26  0.00240 -1.63504e-04 | 27  0.00107 -3.27502e-05
 28 -0.00108 -3.00204e-06 | 29 -0.00302  2.30951e-05 | 30 -0.00541  2.21340e-04
 31 -0.00806 -1.12419e-07 | 32 -0.00952 -2.73806e-05 | 33 -0.00879  4.24443e-04
 34 -0.01191  7.15816e-04 | 35 -0.01863  1.78385e-03 | 36 -0.02770  2.34760e-03
 37 -0.01066 -2.14193e-03 | 38 -0.00768 -1.51869e-03 | 39 -0.04373  3.33519e-05
 40 -0.03778  1.24502e-04 | 41 -0.03148 -1.37364e-04 | 42 -0.02723 -7.39250e-05
 43 -0.02366 -1.78079e-04 | 44 -0.02516  3.93656e-05 | 45 -0.03251  7.01158e-06
 46 -0.03567 -1.46671e-04 | 47 -0.01425 -3.68893e-04 | 48  0.01654 -4.96396e-04
 49  0.00634  6.01023e-05 | 50 -0.02347  1.15279e-04 | 51 -0.01594  8.14630e-04
 52 -0.05494  5.21821e-04 | 53 -0.02227  3.84097e-04 | 54 -0.01191  2.93904e-04
 55 -0.01076  8.01589e-04 | 56  0.00937  8.02733e-04 | 57  0.01068  1.14259e-03
 58  0.00901  1.16765e-03 | 59 -0.03122  4.62983e-04 | 60 -0.02014 -3.86073e-04
 61  0.02505 -2.49487e-04 | 62 -0.03215 -1.88605e-04 | 63 -0.04161 -8.88477e-04
 64 -0.01387 -1.29595e-03 | 65 -0.03067 -8.80519e-04 | 66 -0.04865 -4.71998e-04
 67 -0.04375 -8.36084e-04 | 68  0.04127 -1.19656e-04 | 69 -0.02214  8.54674e-04
 70 -0.08701 -1.08913e-04 | 71 -0.08231 -1.90135e-04 | 72 -0.04594  7.10954e-05
 73 -0.01703 -9.92446e-06 | 74 -0.01678 -1.25690e-04 | 75 -0.01677  2.70295e-05
 76 -0.01677  3.47883e-04 | 77 -0.35253  2.84510e-01 | 78 -0.19695  7.99185e-02
 79 -0.07277 -4.99405e-03 | 80  0.12510  1.40728e-02 | 81 -0.32953  1.90906e-03
 82 -0.53261  4.78476e-05 | 83 -0.11885 -2.29307e-03 | 84  0.54173  1.79468e-04
 85  0.97326 -9.89779e-05 | 86  0.05571  6.35205e-05 | 87  0.26465  1.45557e-04
 88 -0.00335 -1.65343e-05 | 89  0.00029  6.79982e-06 | 90  0.00137  6.75516e-06
 91  0.00370  1.37591e-05 | 92  0.00297  1.46461e-05 |
92 variables; iteration 400; function evaluation 497; phase 3
Function value -9.1072265e+01; maximum gradient component mag 8.1167e-01
Var    Value     Gradient |Var    Value     Gradient |Var    Value     Gradient
  1  0.99878  7.61931e-05 |  2  0.00032 -2.50663e-05 |  3  0.00038 -3.08504e-05
  4 -0.01552 -9.22397e-05 |  5 -0.01544 -7.41763e-05 |  6 -0.01536  2.08273e-08
  7 -0.01525  1.28591e-04 |  8 -0.01513 -2.41064e-05 |  9 -0.01499 -8.08617e-05
 10 -0.01483 -4.91579e-06 | 11 -0.01467  3.00902e-05 | 12 -0.01449  1.71992e-05
 13 -0.01427  7.40841e-06 | 14 -0.01400 -7.97847e-05 | 15 -0.01363 -3.30088e-05
 16 -0.01311 -8.63880e-06 | 17 -0.01244  2.10073e-06 | 18 -0.01106  8.78259e-05
 19 -0.00933 -8.93968e-06 | 20 -0.00746  8.85766e-06 | 21 -0.00522  1.78061e-05
 22 -0.00275  3.32048e-05 | 23 -0.00037  6.31149e-06 | 24  0.00149 -7.13181e-06
 25  0.00260  2.80109e-05 | 26  0.00240  1.33338e-05 | 27  0.00107 -5.37716e-05
 28 -0.00108 -3.88703e-05 | 29 -0.00302 -6.77120e-05 | 30 -0.00541 -1.61438e-04
 31 -0.00806 -8.21949e-05 | 32 -0.00952 -1.00979e-04 | 33 -0.00879  4.00925e-06
 34 -0.01191  9.35511e-04 | 35 -0.01863  3.75824e-03 | 36 -0.02770  4.78980e-03
 37 -0.01066 -5.43540e-03 | 38 -0.00768 -3.40264e-03 | 39 -0.04373 -1.89292e-05
 40 -0.03778  3.15297e-05 | 41 -0.03148  5.74648e-05 | 42 -0.02722  1.42172e-04
 43 -0.02366  1.68226e-04 | 44 -0.02516  2.25271e-04 | 45 -0.03251  3.37153e-04
 46 -0.03567 -1.48359e-04 | 47 -0.01425 -3.69743e-04 | 48  0.01654 -1.09113e-04
 49  0.00634  1.34566e-03 | 50 -0.02347  2.96973e-04 | 51 -0.01594  1.54279e-03
 52 -0.05494 -5.96452e-04 | 53 -0.02227 -9.87511e-04 | 54 -0.01191 -1.34172e-03
 55 -0.01077 -1.25728e-03 | 56  0.00937 -1.62328e-04 | 57  0.01068  4.03185e-05
 58  0.00901  1.51636e-03 | 59 -0.03122  3.99817e-04 | 60 -0.02014 -1.11447e-03
 61  0.02505 -4.66742e-04 | 62 -0.03215 -1.37788e-04 | 63 -0.04161 -1.23173e-03
 64 -0.01387 -1.53289e-03 | 65 -0.03067 -3.50581e-04 | 66 -0.04865  6.11874e-04
 67 -0.04375 -3.88728e-04 | 68  0.04127  4.85936e-04 | 69 -0.02214  2.29789e-03
 70 -0.08700  5.47917e-04 | 71 -0.08231 -2.71228e-04 | 72 -0.04595 -2.15624e-04
 73 -0.01703 -5.46322e-06 | 74 -0.01678 -2.38298e-05 | 75 -0.01677  2.00028e-04
 76 -0.01677  6.88622e-06 | 77 -0.35253  8.11673e-01 | 78 -0.19458  2.46800e-01
 79 -0.07277 -9.88349e-03 | 80  0.10958  3.48516e-02 | 81 -0.32953 -5.14810e-04
 82 -0.53343 -1.14021e-05 | 83 -0.11884  6.13359e-04 | 84  0.54173 -8.83879e-05
 85  0.97329  3.33051e-05 | 86  0.05460 -3.00474e-05 | 87  0.26465  3.79683e-05
 88 -0.00012 -6.07965e-07 | 89 -0.00128 -9.56157e-07 | 90  0.00001  5.84791e-08
 91  0.00022 -3.28862e-06 | 92 -0.00049 -2.42380e-06 |
92 variables; iteration 420; function evaluation 519; phase 3
Function value -9.1072275e+01; maximum gradient component mag 1.8053e-01
Var    Value     Gradient |Var    Value     Gradient |Var    Value     Gradient
  1  0.99291 -1.77387e-05 |  2  0.00032  1.01742e-05 |  3  0.00038  7.74049e-06
  4 -0.01552  4.12116e-05 |  5 -0.01544  7.21641e-07 |  6 -0.01536 -2.82995e-05
  7 -0.01525 -5.74945e-06 |  8 -0.01513 -4.25250e-06 |  9 -0.01499  2.72154e-05
 10 -0.01483 -9.00966e-06 | 11 -0.01467 -1.17543e-05 | 12 -0.01449 -3.26369e-06
 13 -0.01427  7.24929e-07 | 14 -0.01400  4.00955e-05 | 15 -0.01363 -1.73776e-06
 16 -0.01311 -1.15946e-05 | 17 -0.01244 -2.67026e-06 | 18 -0.01106 -2.44393e-05
 19 -0.00933  1.22694e-06 | 20 -0.00746  6.96185e-06 | 21 -0.00522 -1.19881e-05
 22 -0.00275 -1.20274e-05 | 23 -0.00037 -4.40894e-06 | 24  0.00149  8.63132e-06
 25  0.00260 -1.25688e-05 | 26  0.00240 -4.67594e-06 | 27  0.00107 -4.64342e-07
 28 -0.00108 -1.16399e-05 | 29 -0.00302 -1.50776e-05 | 30 -0.00541 -1.05861e-05
 31 -0.00806 -2.13945e-05 | 32 -0.00952 -1.53593e-05 | 33 -0.00879  7.00344e-06
 34 -0.01191  2.00324e-04 | 35 -0.01863  7.95259e-04 | 36 -0.02770  9.71767e-04
 37 -0.01066 -1.09184e-03 | 38 -0.00768 -7.37687e-04 | 39 -0.04373  6.69915e-07
 40 -0.03778  1.48400e-05 | 41 -0.03147  3.23870e-05 | 42 -0.02723  1.51193e-05
 43 -0.02366  3.48372e-05 | 44 -0.02516  4.34888e-05 | 45 -0.03251  1.20165e-05
 46 -0.03567 -4.59995e-05 | 47 -0.01425 -7.41072e-05 | 48  0.01654 -2.02247e-05
 49  0.00634  1.95926e-04 | 50 -0.02347  8.24818e-05 | 51 -0.01594  3.21324e-04
 52 -0.05494 -1.19225e-04 | 53 -0.02227 -1.95693e-04 | 54 -0.01191 -2.58281e-04
 55 -0.01077 -2.23020e-04 | 56  0.00937 -1.71077e-05 | 57  0.01068  7.07234e-05
 58  0.00901  3.50813e-04 | 59 -0.03122  1.24773e-04 | 60 -0.02014 -1.81314e-04
 61  0.02505 -9.60012e-06 | 62 -0.03215  1.23910e-05 | 63 -0.04161 -2.61745e-04
 64 -0.01387 -3.26557e-04 | 65 -0.03067 -1.03164e-04 | 66 -0.04865  1.06338e-04
 67 -0.04375 -1.05066e-04 | 68  0.04127  3.01325e-05 | 69 -0.02214  4.19478e-04
 70 -0.08700  8.60841e-05 | 71 -0.08231 -1.02883e-04 | 72 -0.04595 -5.26147e-05
 73 -0.01703 -2.36554e-08 | 74 -0.01678  1.68736e-05 | 75 -0.01677 -5.15443e-05
 76 -0.01677 -3.19303e-05 | 77 -0.35253  1.80529e-01 | 78 -0.19267  5.63572e-02
 79 -0.07277 -2.18098e-03 | 80  0.09450  7.16388e-03 | 81 -0.32953  5.38183e-06
 82 -0.53328 -7.05958e-07 | 83 -0.11884  3.69571e-05 | 84  0.54173  2.12151e-05
 85  0.97328  4.72313e-06 | 86  0.05542  4.22800e-05 | 87  0.26465 -3.62736e-05
 88  0.00037  1.82426e-06 | 89 -0.00114 -2.93777e-07 | 90 -0.00013 -6.62895e-07
 91  0.00083 -3.29889e-07 | 92 -0.00011 -5.42493e-07 |
92 variables; iteration 440; function evaluation 542; phase 3
Function value -9.1072284e+01; maximum gradient component mag 7.0965e-01
Var    Value     Gradient |Var    Value     Gradient |Var    Value     Gradient
  1  0.99662  1.43773e-05 |  2  0.00032 -1.11130e-04 |  3  0.00038 -9.93305e-05
  4 -0.01552 -5.77325e-04 |  5 -0.01544 -1.11579e-04 |  6 -0.01535  2.39802e-04
  7 -0.01525  3.10271e-04 |  8 -0.01513 -9.14847e-06 |  9 -0.01499 -3.59258e-04
 10 -0.01483  1.54185e-04 | 11 -0.01467  1.90917e-04 | 12 -0.01449  7.49386e-05
 13 -0.01427  1.35293e-05 | 14 -0.01400 -5.30866e-04 | 15 -0.01363 -8.17417e-06
 16 -0.01311  1.46336e-04 | 17 -0.01244  1.31796e-05 | 18 -0.01105  4.16010e-04
 19 -0.00933  1.15834e-05 | 20 -0.00746 -5.74009e-05 | 21 -0.00522  1.69750e-04
 22 -0.00275  1.70959e-04 | 23 -0.00037  6.11322e-05 | 24  0.00149 -2.12972e-05
 25  0.00261  2.20577e-04 | 26  0.00240  5.68765e-05 | 27  0.00107 -7.44940e-05
 28 -0.00108  5.09462e-05 | 29 -0.00302 -6.94865e-06 | 30 -0.00541 -1.57634e-04
 31 -0.00806  2.74851e-05 | 32 -0.00952 -1.13640e-04 | 33 -0.00879  2.10160e-05
 34 -0.01191  6.23048e-04 | 35 -0.01863  2.35387e-03 | 36 -0.02770  3.49249e-03
 37 -0.01066 -3.99978e-03 | 38 -0.00768 -2.16593e-03 | 39 -0.04373 -6.63586e-05
 40 -0.03778 -8.94392e-06 | 41 -0.03148 -1.55019e-04 | 42 -0.02722  1.92486e-04
 43 -0.02366  8.09733e-05 | 44 -0.02516  1.88511e-04 | 45 -0.03251  6.51416e-04
 46 -0.03567 -8.98608e-06 | 47 -0.01425 -2.72154e-04 | 48  0.01654  2.76012e-04
 49  0.00634  1.62961e-03 | 50 -0.02347  2.61371e-04 | 51 -0.01594  1.20353e-03
 52 -0.05494 -3.01921e-04 | 53 -0.02227 -6.36627e-04 | 54 -0.01191 -9.75567e-04
 55 -0.01077 -9.19088e-04 | 56  0.00937 -1.25274e-04 | 57  0.01068 -2.93843e-04
 58  0.00901  8.32134e-04 | 59 -0.03122 -2.04394e-06 | 60 -0.02014 -1.09799e-03
 61  0.02505 -9.91019e-04 | 62 -0.03215 -4.60712e-04 | 63 -0.04161 -1.09616e-03
 64 -0.01387 -1.29922e-03 | 65 -0.03067 -1.09514e-04 | 66 -0.04865  4.80450e-04
 67 -0.04375 -3.20225e-04 | 68  0.04127  4.04879e-04 | 69 -0.02214  1.67243e-03
 70 -0.08700  3.40353e-04 | 71 -0.08231  1.05999e-04 | 72 -0.04595 -1.01124e-04
 73 -0.01703 -2.15167e-05 | 74 -0.01678 -1.90990e-04 | 75 -0.01677  8.57831e-04
 76 -0.01677  3.01359e-04 | 77 -0.35254  7.09653e-01 | 78 -0.19093  2.36351e-01
 79 -0.07277 -5.99436e-03 | 80  0.07839  2.36019e-02 | 81 -0.32953 -4.74222e-04
 82 -0.53340 -8.78979e-06 | 83 -0.11884  7.00091e-04 | 84  0.54173 -1.73567e-04
 85  0.97329  7.13887e-05 | 86  0.05395 -1.04354e-04 | 87  0.26465  1.82097e-04
 88 -0.00302 -1.49079e-05 | 89 -0.00089  9.46178e-07 | 90  0.00110  5.42439e-06
 91  0.00020 -3.40864e-06 | 92  0.00025  1.21857e-06 |
92 variables; iteration 460; function evaluation 569; phase 3
Function value -9.1072290e+01; maximum gradient component mag 1.3545e+00
Var    Value     Gradient |Var    Value     Gradient |Var    Value     Gradient
  1  1.00162 -5.46023e-05 |  2  0.00032 -3.08523e-05 |  3  0.00038 -3.20628e-05
  4 -0.01552 -6.25376e-05 |  5 -0.01544 -6.90273e-05 |  6 -0.01536  1.82412e-05
  7 -0.01525  8.89256e-05 |  8 -0.01513 -1.44436e-05 |  9 -0.01499 -7.21487e-05
 10 -0.01483 -1.35929e-05 | 11 -0.01467  2.30042e-05 | 12 -0.01449  1.43932e-05
 13 -0.01427  4.78185e-06 | 14 -0.01400 -6.65679e-05 | 15 -0.01363 -2.88478e-05
 16 -0.01311 -1.65796e-05 | 17 -0.01244  9.41152e-08 | 18 -0.01106  6.55717e-05
 19 -0.00933 -1.33210e-05 | 20 -0.00746 -1.77259e-06 | 21 -0.00522  8.42614e-06
 22 -0.00275  3.20335e-05 | 23 -0.00037 -4.24845e-06 | 24  0.00149 -3.18869e-05
 25  0.00260  1.31177e-05 | 26  0.00240  2.18101e-06 | 27  0.00107 -6.31178e-05
 28 -0.00108 -4.94409e-05 | 29 -0.00302 -6.71127e-05 | 30 -0.00541 -1.64238e-04
 31 -0.00806 -1.06711e-04 | 32 -0.00952 -1.09553e-04 | 33 -0.00879  3.21832e-05
 34 -0.01191  1.10543e-03 | 35 -0.01863  4.36422e-03 | 36 -0.02770  5.49782e-03
 37 -0.01066 -6.20672e-03 | 38 -0.00768 -3.93368e-03 | 39 -0.04373 -1.56939e-05
 40 -0.03778  3.44464e-05 | 41 -0.03148  6.27686e-05 | 42 -0.02722  1.37733e-04
 43 -0.02366  1.68448e-04 | 44 -0.02516  2.41405e-04 | 45 -0.03251  3.33525e-04
 46 -0.03567 -1.88792e-04 | 47 -0.01425 -4.52942e-04 | 48  0.01654 -2.85280e-04
 49  0.00634  1.42745e-03 | 50 -0.02347  2.85759e-04 | 51 -0.01594  1.73813e-03
 52 -0.05494 -6.50451e-04 | 53 -0.02227 -1.09154e-03 | 54 -0.01191 -1.46500e-03
 55 -0.01077 -1.33246e-03 | 56  0.00937 -9.80364e-05 | 57  0.01068  1.95864e-04
 58  0.00901  1.82271e-03 | 59 -0.03122  5.10962e-04 | 60 -0.02014 -1.24015e-03
 61  0.02505 -4.65808e-04 | 62 -0.03215 -1.14986e-04 | 63 -0.04161 -1.36839e-03
 64 -0.01387 -1.74197e-03 | 65 -0.03067 -4.72230e-04 | 66 -0.04865  6.22551e-04
 67 -0.04375 -4.90691e-04 | 68  0.04127  5.76620e-04 | 69 -0.02214  2.65854e-03
 70 -0.08700  6.11948e-04 | 71 -0.08231 -3.50584e-04 | 72 -0.04595 -2.31164e-04
 73 -0.01703 -5.26070e-06 | 74 -0.01678 -2.59514e-05 | 75 -0.01677  1.49761e-04
 76 -0.01677  1.35537e-05 | 77 -0.35254  1.35455e+00 | 78 -0.18958  4.65924e-01
 79 -0.07277 -1.15039e-02 | 80  0.06339  3.92483e-02 | 81 -0.32953 -4.50679e-04
 82 -0.53339 -8.07253e-06 | 83 -0.11884  4.27412e-04 | 84  0.54173 -9.35539e-05
 85  0.97329  2.33874e-05 | 86  0.05433 -5.84909e-05 | 87  0.26465  4.31717e-05
 88 -0.00013 -6.29461e-07 | 89 -0.00122 -6.74817e-07 | 90  0.00002  8.13500e-08
 91  0.00042 -2.34362e-06 | 92 -0.00033 -1.63661e-06 |
92 variables; iteration 480; function evaluation 592; phase 3
Function value -9.1072295e+01; maximum gradient component mag 3.0631e-01
Var    Value     Gradient |Var    Value     Gradient |Var    Value     Gradient
  1  1.00319 -1.70095e-05 |  2  0.00032 -2.81561e-05 |  3  0.00038 -4.32417e-05
  4 -0.01552 -2.21578e-05 |  5 -0.01544 -1.46792e-04 |  6 -0.01536 -7.27923e-05
  7 -0.01525  2.02439e-04 |  8 -0.01513 -5.21404e-05 |  9 -0.01499 -7.36581e-05
 10 -0.01483 -6.09385e-05 | 11 -0.01467  1.25761e-05 | 12 -0.01449  2.10831e-05
 13 -0.01427  1.64017e-05 | 14 -0.01400 -1.53936e-05 | 15 -0.01363 -6.82751e-05
 16 -0.01311 -6.67691e-05 | 17 -0.01244  5.68412e-06 | 18 -0.01106  8.41446e-05
 19 -0.00933 -1.35927e-05 | 20 -0.00745  4.95363e-05 | 21 -0.00522  3.56050e-06
 22 -0.00275  4.94037e-05 | 23 -0.00037  2.35587e-05 | 24  0.00149  2.70988e-05
 25  0.00260  4.86895e-05 | 26  0.00240  8.01503e-05 | 27  0.00107 -2.11359e-05
 28 -0.00108 -3.05566e-06 | 29 -0.00302 -2.39023e-05 | 30 -0.00541 -1.74686e-04
 31 -0.00806 -2.50019e-05 | 32 -0.00952 -4.07671e-05 | 33 -0.00880 -1.72565e-04
 34 -0.01191  8.70512e-05 | 35 -0.01863  7.62050e-04 | 36 -0.02770  1.01888e-03
 37 -0.01066 -1.38562e-03 | 38 -0.00768 -7.21679e-04 | 39 -0.04373 -2.33672e-05
 40 -0.03778 -4.79195e-05 | 41 -0.03148  4.33137e-05 | 42 -0.02722  1.08767e-04
 43 -0.02366  1.36122e-04 | 44 -0.02516  8.54595e-05 | 45 -0.03251  2.17118e-04
 46 -0.03567  2.48579e-05 | 47 -0.01425 -1.51914e-06 | 48  0.01654  1.87108e-04
 49  0.00634  6.77751e-04 | 50 -0.02347  4.70429e-05 | 51 -0.01594  3.09606e-04
 52 -0.05494 -4.37105e-04 | 53 -0.02227 -5.49150e-04 | 54 -0.01191 -6.67807e-04
 55 -0.01077 -8.45131e-04 | 56  0.00937 -3.87425e-04 | 57  0.01068 -4.93620e-04
 58  0.00901  1.15148e-04 | 59 -0.03122 -7.33859e-05 | 60 -0.02014 -3.56241e-04
 61  0.02505 -2.22815e-04 | 62 -0.03215 -4.74814e-05 | 63 -0.04161 -1.52432e-04
 64 -0.01387 -1.16977e-04 | 65 -0.03067  2.42645e-04 | 66 -0.04865  4.35751e-04
 67 -0.04375  1.65647e-04 | 68  0.04127  2.57534e-04 | 69 -0.02214  5.95573e-04
 70 -0.08700  2.63336e-04 | 71 -0.08231  2.76425e-05 | 72 -0.04595 -9.80199e-05
 73 -0.01703  6.18077e-07 | 74 -0.01678  4.80278e-06 | 75 -0.01677  1.89513e-04
 76 -0.01677 -8.07960e-05 | 77 -0.35254  3.06308e-01 | 78 -0.18857  1.07926e-01
 79 -0.07277 -1.76307e-03 | 80  0.05043  8.19119e-03 | 81 -0.32953 -1.05662e-03
 82 -0.53362 -2.47638e-05 | 83 -0.11884  1.18692e-03 | 84  0.54173 -1.55574e-04
 85  0.97329  5.81393e-05 | 86  0.05393 -1.07588e-04 | 87  0.26465  8.92736e-06
 88  0.00076  3.72927e-06 | 89 -0.00168 -2.92398e-06 | 90 -0.00040 -1.99226e-06
 91 -0.00056 -7.12108e-06 | 92 -0.00130 -6.41641e-06 |
92 variables; iteration 500; function evaluation 616; phase 3
Function value -9.1072299e+01; maximum gradient component mag 7.3862e-01
Var    Value     Gradient |Var    Value     Gradient |Var    Value     Gradient
  1  1.00643  1.33082e-05 |  2  0.00032 -1.61218e-05 |  3  0.00038 -2.11755e-05
  4 -0.01552 -4.01559e-05 |  5 -0.01544 -6.10650e-05 |  6 -0.01536 -1.57175e-05
  7 -0.01525  9.55844e-05 |  8 -0.01513 -2.04773e-05 |  9 -0.01499 -4.63690e-05
 10 -0.01483 -1.28920e-05 | 11 -0.01467  1.58439e-05 | 12 -0.01449  1.24434e-05
 13 -0.01427  6.86524e-06 | 14 -0.01400 -3.72534e-05 | 15 -0.01363 -2.45407e-05
 16 -0.01311 -1.66990e-05 | 17 -0.01244  1.80097e-06 | 18 -0.01106  5.43355e-05
 19 -0.00933 -6.08740e-06 | 20 -0.00746  1.18698e-05 | 21 -0.00522  7.74508e-06
 22 -0.00275  2.19109e-05 | 23 -0.00037  6.62490e-06 | 24  0.00149  2.72112e-06
 25  0.00260  1.98631e-05 | 26  0.00240  1.97294e-05 | 27  0.00107 -2.86492e-05
 28 -0.00108 -1.86208e-05 | 29 -0.00302 -3.63193e-05 | 30 -0.00541 -1.04821e-04
 31 -0.00806 -4.52105e-05 | 32 -0.00952 -5.34728e-05 | 33 -0.00879 -2.66771e-05
 34 -0.01191  4.51159e-04 | 35 -0.01863  1.89436e-03 | 36 -0.02770  2.41702e-03
 37 -0.01066 -2.78883e-03 | 38 -0.00768 -1.71579e-03 | 39 -0.04373 -1.14441e-05
 40 -0.03778  8.69488e-06 | 41 -0.03148  3.73040e-05 | 42 -0.02722  8.76377e-05
 43 -0.02366  1.05102e-04 | 44 -0.02516  1.25237e-04 | 45 -0.03251  1.96832e-04
 46 -0.03567 -6.14391e-05 | 47 -0.01425 -1.66639e-04 | 48  0.01654 -4.70607e-06
 49  0.00634  7.63307e-04 | 50 -0.02347  1.60906e-04 | 51 -0.01594  7.82601e-04
 52 -0.05494 -3.48761e-04 | 53 -0.02227 -5.52151e-04 | 54 -0.01191 -7.43806e-04
 55 -0.01077 -7.41295e-04 | 56  0.00937 -1.52422e-04 | 57  0.01068 -8.39903e-05
 58  0.00901  7.16216e-04 | 59 -0.03122  1.65089e-04 | 60 -0.02014 -5.93021e-04
 61  0.02505 -2.65455e-04 | 62 -0.03215 -7.81866e-05 | 63 -0.04161 -6.09526e-04
 64 -0.01387 -7.45918e-04 | 65 -0.03067 -1.24246e-04 | 66 -0.04865  3.58618e-04
 67 -0.04375 -1.55429e-04 | 68  0.04127  2.78188e-04 | 69 -0.02214  1.18704e-03
 70 -0.08700  3.09765e-04 | 71 -0.08231 -1.13547e-04 | 72 -0.04595 -1.15542e-04
 73 -0.01703 -9.37352e-07 | 74 -0.01678 -6.48015e-06 | 75 -0.01677  1.20477e-04
 76 -0.01677 -1.39147e-05 | 77 -0.35254  7.38625e-01 | 78 -0.18756  2.66804e-01
 79 -0.07277 -4.92498e-03 | 80  0.03557  1.69949e-02 | 81 -0.32953 -4.32328e-04
 82 -0.53342 -1.03043e-05 | 83 -0.11884  5.09021e-04 | 84  0.54173 -6.83802e-05
 85  0.97329  2.65476e-05 | 86  0.05445 -4.55072e-05 | 87  0.26465  1.59438e-05
 88  0.00013  6.30050e-07 | 89 -0.00131 -1.10487e-06 | 90 -0.00010 -4.83764e-07
 91  0.00028 -3.00009e-06 | 92 -0.00050 -2.46455e-06 |
92 variables; iteration 520; function evaluation 642; phase 3
Function value -9.1072302e+01; maximum gradient component mag 3.6418e-01
Var    Value     Gradient |Var    Value     Gradient |Var    Value     Gradient
  1  1.00429 -4.02120e-06 |  2  0.00032 -4.41493e-06 |  3  0.00038 -5.66223e-06
  4 -0.01552 -1.19485e-05 |  5 -0.01544 -1.58076e-05 |  6 -0.01536 -3.29320e-06
  7 -0.01525  2.54717e-05 |  8 -0.01513 -5.22535e-06 |  9 -0.01499 -1.28770e-05
 10 -0.01483 -2.85068e-06 | 11 -0.01467  4.58167e-06 | 12 -0.01449  3.35229e-06
 13 -0.01427  1.69106e-06 | 14 -0.01400 -1.14279e-05 | 15 -0.01363 -6.32453e-06
 16 -0.01311 -4.01726e-06 | 17 -0.01244  2.39587e-07 | 18 -0.01106  1.46384e-05
 19 -0.00933 -2.15106e-06 | 20 -0.00746  1.95389e-06 | 21 -0.00522  1.63287e-06
 22 -0.00275  4.79860e-06 | 23 -0.00037  3.06000e-07 | 24  0.00149 -1.68750e-06
 25  0.00260  2.85660e-06 | 26  0.00240  1.88038e-06 | 27  0.00107 -1.19159e-05
 28 -0.00108 -9.88181e-06 | 29 -0.00302 -1.60135e-05 | 30 -0.00541 -3.51981e-05
 31 -0.00806 -2.10848e-05 | 32 -0.00952 -2.21153e-05 | 33 -0.00879  2.69101e-06
 34 -0.01191  2.16651e-04 | 35 -0.01863  8.73661e-04 | 36 -0.02770  1.10331e-03
 37 -0.01066 -1.25281e-03 | 38 -0.00768 -7.87738e-04 | 39 -0.04373 -3.06271e-06
 40 -0.03778  8.60249e-06 | 41 -0.03148  1.63945e-05 | 42 -0.02723  3.17202e-05
 43 -0.02366  3.93193e-05 | 44 -0.02516  5.30241e-05 | 45 -0.03251  7.19367e-05
 46 -0.03567 -3.45728e-05 | 47 -0.01425 -8.35679e-05 | 48  0.01654 -2.91249e-05
 49  0.00634  3.05282e-04 | 50 -0.02347  7.28457e-05 | 51 -0.01594  3.56676e-04
 52 -0.05494 -1.34151e-04 | 53 -0.02227 -2.23914e-04 | 54 -0.01191 -3.05766e-04
 55 -0.01077 -2.87496e-04 | 56  0.00937 -3.77369e-05 | 57  0.01068  1.10439e-05
 58  0.00901  3.49209e-04 | 59 -0.03122  9.28261e-05 | 60 -0.02014 -2.56709e-04
 61  0.02505 -1.01354e-04 | 62 -0.03215 -2.84016e-05 | 63 -0.04161 -2.83328e-04
 64 -0.01387 -3.54627e-04 | 65 -0.03067 -8.68075e-05 | 66 -0.04865  1.35475e-04
 67 -0.04375 -9.26060e-05 | 68  0.04127  1.15173e-04 | 69 -0.02214  5.34802e-04
 70 -0.08700  1.29786e-04 | 71 -0.08231 -6.37101e-05 | 72 -0.04595 -4.89146e-05
 73 -0.01703 -4.33814e-07 | 74 -0.01678 -1.88429e-06 | 75 -0.01677  3.35336e-05
 76 -0.01677 -2.51231e-06 | 77 -0.35254  3.64178e-01 | 78 -0.18680  1.33791e-01
 79 -0.07277 -2.29507e-03 | 80  0.02270  7.57637e-03 | 81 -0.32953 -1.13273e-04
 82 -0.53331 -2.66944e-06 | 83 -0.11884  1.33961e-04 | 84  0.54173 -1.82603e-05
 85  0.97328  7.07723e-06 | 86  0.05482 -8.72891e-06 | 87  0.26465  4.54397e-06
 88  0.00003  1.23717e-07 | 89 -0.00114 -2.77871e-07 | 90 -0.00002 -1.07196e-07
 91  0.00074 -7.77483e-07 | 92 -0.00013 -6.24143e-07 |
92 variables; iteration 540; function evaluation 665; phase 3
Function value -9.1072303e+01; maximum gradient component mag 1.1203e-02
Var    Value     Gradient |Var    Value     Gradient |Var    Value     Gradient
  1  1.00279 -2.33478e-05 |  2  0.00032 -9.30178e-07 |  3  0.00038 -1.89828e-06
  4 -0.01552 -6.69046e-06 |  5 -0.01544 -6.56671e-06 |  6 -0.01536 -3.74878e-06
  7 -0.01525  1.46097e-05 |  8 -0.01513 -2.97733e-06 |  9 -0.01499 -5.35488e-06
 10 -0.01483 -6.33457e-07 | 11 -0.01467  2.30823e-06 | 12 -0.01449  1.65467e-06
 13 -0.01427  1.01195e-06 | 14 -0.01400 -5.56302e-06 | 15 -0.01363 -2.43685e-06
 16 -0.01311 -8.97092e-07 | 17 -0.01244  6.49816e-07 | 18 -0.01106  7.53860e-06
 19 -0.00933 -6.60144e-07 | 20 -0.00746  1.73508e-06 | 21 -0.00522  1.63155e-06
 22 -0.00275  1.76287e-06 | 23 -0.00037  1.61943e-06 | 24  0.00149  2.06007e-06
 25  0.00260  2.42208e-06 | 26  0.00240  3.75887e-06 | 27  0.00107 -1.86306e-06
 28 -0.00108  2.20960e-07 | 29 -0.00302 -2.63688e-06 | 30 -0.00541 -8.17824e-06
 31 -0.00806 -5.67978e-07 | 32 -0.00952 -1.31457e-06 | 33 -0.00879 -6.38477e-06
 34 -0.01191 -4.88642e-07 | 35 -0.01863  2.44200e-05 | 36 -0.02770  3.58776e-05
 37 -0.01066 -5.27751e-05 | 38 -0.00768 -1.72202e-05 | 39 -0.04373 -1.00898e-06
 40 -0.03778 -4.32643e-07 | 41 -0.03148  1.82518e-06 | 42 -0.02723  7.40672e-06
 43 -0.02366  7.42113e-06 | 44 -0.02516  6.26024e-06 | 45 -0.03251  1.58130e-05
 46 -0.03567  4.20926e-06 | 47 -0.01425  3.61882e-06 | 48  0.01654  1.85466e-05
 49  0.00634  3.93698e-05 | 50 -0.02347  1.20002e-05 | 51 -0.01594  1.45085e-05
 52 -0.05494 -1.31375e-05 | 53 -0.02227 -1.77986e-05 | 54 -0.01191 -2.75155e-05
 55 -0.01077 -4.04666e-05 | 56  0.00937 -2.43931e-05 | 57  0.01068 -4.19033e-05
 58  0.00901 -1.49597e-05 | 59 -0.03122 -1.61716e-05 | 60 -0.02014 -2.47708e-05
 61  0.02505 -2.21373e-05 | 62 -0.03215 -9.52928e-06 | 63 -0.04161 -1.09201e-05
 64 -0.01387 -8.18358e-06 | 65 -0.03067  1.20487e-05 | 66 -0.04865  1.96127e-05
 67 -0.04375  1.14802e-05 | 68  0.04127  2.79970e-05 | 69 -0.02214  3.76918e-05
 70 -0.08700  2.04478e-05 | 71 -0.08231  1.29443e-05 | 72 -0.04595 -2.67816e-06
 73 -0.01703  6.76744e-07 | 74 -0.01678  8.96979e-07 | 75 -0.01677  1.80497e-05
 76 -0.01677 -1.87823e-06 | 77 -0.35254  1.12030e-02 | 78 -0.18618  3.97500e-03
 79 -0.07278 -3.80953e-05 | 80  0.01089  2.97829e-04 | 81 -0.32953 -5.77879e-05
 82 -0.53329 -1.47365e-06 | 83 -0.11884  7.71297e-05 | 84  0.54173 -8.15805e-06
 85  0.97328  3.68543e-06 | 86  0.05486 -4.46618e-06 | 87  0.26465  2.71884e-06
 88  0.00002  9.43034e-08 | 89 -0.00111 -1.54628e-07 | 90 -0.00001 -6.59701e-08
 91  0.00081 -4.30464e-07 | 92 -0.00007 -3.51018e-07 |
92 variables; iteration 560; function evaluation 689; phase 3
Function value -9.1072304e+01; maximum gradient component mag 3.6333e-01
Var    Value     Gradient |Var    Value     Gradient |Var    Value     Gradient
  1  1.00455 -1.53669e-06 |  2  0.00032 -2.79091e-06 |  3  0.00038 -3.89781e-06
  4 -0.01552 -6.68708e-06 |  5 -0.01544 -1.17837e-05 |  6 -0.01536 -3.98775e-06
  7 -0.01525  1.84787e-05 |  8 -0.01513 -4.15015e-06 |  9 -0.01499 -8.32694e-06
 10 -0.01483 -3.01607e-06 | 11 -0.01467  2.57040e-06 | 12 -0.01449  2.16395e-06
 13 -0.01427  1.22610e-06 | 14 -0.01400 -6.10025e-06 | 15 -0.01363 -5.18409e-06
 16 -0.01311 -3.90693e-06 | 17 -0.01244  4.84117e-08 | 18 -0.01106  9.30987e-06
 19 -0.00933 -1.76893e-06 | 20 -0.00746  1.95634e-06 | 21 -0.00522  2.61177e-07
 22 -0.00275  2.71722e-06 | 23 -0.00037 -2.98479e-07 | 24  0.00149 -1.28462e-06
 25  0.00260  7.87425e-07 | 26  0.00240  5.73056e-07 | 27  0.00107 -9.68163e-06
 28 -0.00108 -9.14999e-06 | 29 -0.00302 -1.40016e-05 | 30 -0.00541 -2.86589e-05
 31 -0.00806 -1.84663e-05 | 32 -0.00952 -1.87625e-05 | 33 -0.00879  3.55019e-06
 34 -0.01191  1.88763e-04 | 35 -0.01863  7.57144e-04 | 36 -0.02770  9.52983e-04
 37 -0.01066 -1.07896e-03 | 38 -0.00768 -6.83887e-04 | 39 -0.04373 -2.18280e-06
 40 -0.03778  8.01700e-06 | 41 -0.03148  1.52239e-05 | 42 -0.02723  2.57146e-05
 43 -0.02366  3.31228e-05 | 44 -0.02516  4.48482e-05 | 45 -0.03251  5.71098e-05
 46 -0.03567 -3.15988e-05 | 47 -0.01425 -7.33571e-05 | 48  0.01654 -2.93085e-05
 49  0.00634  2.53488e-04 | 50 -0.02347  6.16918e-05 | 51 -0.01594  3.07576e-04
 52 -0.05494 -1.14671e-04 | 53 -0.02227 -1.91450e-04 | 54 -0.01191 -2.60638e-04
 55 -0.01077 -2.42049e-04 | 56  0.00937 -2.82285e-05 | 57  0.01068  1.94452e-05
 58  0.00901  3.08159e-04 | 59 -0.03122  8.57850e-05 | 60 -0.02014 -2.16435e-04
 61  0.02505 -7.96824e-05 | 62 -0.03215 -2.08060e-05 | 63 -0.04161 -2.44207e-04
 64 -0.01387 -3.06618e-04 | 65 -0.03067 -7.87139e-05 | 66 -0.04865  1.14246e-04
 67 -0.04375 -8.26448e-05 | 68  0.04127  9.30447e-05 | 69 -0.02214  4.56874e-04
 70 -0.08700  1.08913e-04 | 71 -0.08231 -6.00026e-05 | 72 -0.04595 -4.27406e-05
 73 -0.01703 -4.52272e-07 | 74 -0.01678 -6.75655e-07 | 75 -0.01677  2.20433e-05
 76 -0.01677 -3.67962e-06 | 77 -0.35254  3.63327e-01 | 78 -0.18576  1.37113e-01
 79 -0.07278 -1.99672e-03 | 80  0.00208  6.30795e-03 | 81 -0.32953 -8.51459e-05
 82 -0.53330 -2.03746e-06 | 83 -0.11884  1.00777e-04 | 84  0.54173 -1.29988e-05
 85  0.97328  5.21342e-06 | 86  0.05486 -4.82238e-06 | 87  0.26465  2.14470e-06
 88  0.00004  1.73732e-07 | 89 -0.00113 -2.19292e-07 | 90 -0.00002 -1.10130e-07
 91  0.00078 -5.87709e-07 | 92 -0.00010 -4.91922e-07 |
92 variables; iteration 580; function evaluation 716; phase 3
Function value -9.1072304e+01; maximum gradient component mag 1.5032e-01
Var    Value     Gradient |Var    Value     Gradient |Var    Value     Gradient
  1  1.00474  1.58428e-07 |  2  0.00032 -5.38855e-07 |  3  0.00038 -8.31786e-07
  4 -0.01552 -1.45221e-06 |  5 -0.01544 -2.60369e-06 |  6 -0.01536 -1.10136e-06
  7 -0.01525  4.19015e-06 |  8 -0.01513 -9.88711e-07 |  9 -0.01499 -1.82665e-06
 10 -0.01483 -8.19674e-07 | 11 -0.01467  4.52816e-07 | 12 -0.01449  3.94073e-07
 13 -0.01427  2.31083e-07 | 14 -0.01400 -1.15996e-06 | 15 -0.01363 -1.37010e-06
 16 -0.01311 -1.03118e-06 | 17 -0.01244 -6.18667e-08 | 18 -0.01106  1.81695e-06
 19 -0.00933 -5.88458e-07 | 20 -0.00746  3.70325e-07 | 21 -0.00522 -2.88561e-07
 22 -0.00275  1.63281e-07 | 23 -0.00037 -5.71397e-07 | 24  0.00149 -9.09116e-07
 25  0.00260 -8.05323e-07 | 26  0.00240 -9.67787e-07 | 27  0.00107 -3.58158e-06
 28 -0.00108 -3.95658e-06 | 29 -0.00302 -5.51593e-06 | 30 -0.00541 -9.34753e-06
 31 -0.00806 -7.33971e-06 | 32 -0.00952 -7.08676e-06 | 33 -0.00879  3.68083e-06
 34 -0.01191  7.64297e-05 | 35 -0.01863  3.00862e-04 | 36 -0.02770  3.76768e-04
 37 -0.01066 -4.22981e-04 | 38 -0.00768 -2.71716e-04 | 39 -0.04373 -4.84529e-07
 40 -0.03778  3.85492e-06 | 41 -0.03148  5.99264e-06 | 42 -0.02723  8.67108e-06
 43 -0.02366  1.16317e-05 | 44 -0.02516  1.68692e-05 | 45 -0.03251  1.92326e-05
 46 -0.03567 -1.37939e-05 | 47 -0.01425 -3.04787e-05 | 48  0.01654 -1.64700e-05
 49  0.00634  9.19697e-05 | 50 -0.02347  2.35346e-05 | 51 -0.01594  1.21286e-04
 52 -0.05494 -4.16610e-05 | 53 -0.02227 -7.13839e-05 | 54 -0.01191 -9.75524e-05
 55 -0.01077 -8.71121e-05 | 56  0.00937 -5.54549e-06 | 57  0.01068  1.71576e-05
 58  0.00901  1.26753e-04 | 59 -0.03122  3.77274e-05 | 60 -0.02014 -8.22803e-05
 61  0.02505 -2.71049e-05 | 62 -0.03215 -6.38719e-06 | 63 -0.04161 -9.69146e-05
 64 -0.01387 -1.22978e-04 | 65 -0.03067 -3.59623e-05 | 66 -0.04865  4.06297e-05
 67 -0.04375 -3.63622e-05 | 68  0.04127  3.32412e-05 | 69 -0.02214  1.78069e-04
 70 -0.08700  4.04603e-05 | 71 -0.08231 -2.65737e-05 | 72 -0.04595 -1.65208e-05
 73 -0.01703 -2.43066e-07 | 74 -0.01678 -9.71951e-08 | 75 -0.01677  4.82775e-06
 76 -0.01677 -1.01166e-06 | 77 -0.35254  1.50318e-01 | 78 -0.18542  5.72057e-02
 79 -0.07278 -7.98397e-04 | 80 -0.00562  2.44489e-03 | 81 -0.32953 -1.90786e-05
 82 -0.53328 -4.51551e-07 | 83 -0.11884  2.23836e-05 | 84  0.54173 -2.83918e-06
 85  0.97328  1.12611e-06 | 86  0.05490 -8.84004e-07 | 87  0.26465  2.31102e-07
 88  0.00001  4.36648e-08 | 89 -0.00109 -4.86874e-08 | 90 -0.00001 -2.59533e-08
 91  0.00087 -1.30049e-07 | 92 -0.00002 -1.10251e-07 |
  ic > imax  in fminim is answer attained ?
Var    Value     Gradient |Var    Value     Gradient |Var    Value     Gradient
  1  1.00472 -3.94295e-11 |  2  0.00032  4.46437e-09 |  3  0.00038  7.31844e-09
  4 -0.01552  1.38136e-08 |  5 -0.01544  2.34228e-08 |  6 -0.01536  1.04701e-08
  7 -0.01525 -3.93011e-08 |  8 -0.01513  9.00595e-09 |  9 -0.01499  1.64870e-08
 10 -0.01483  7.14624e-09 | 11 -0.01467 -4.54477e-09 | 12 -0.01449 -4.10596e-09
 13 -0.01427 -2.92744e-09 | 14 -0.01400  9.36094e-09 | 15 -0.01363  1.15484e-08
 16 -0.01311  7.49665e-09 | 17 -0.01244 -1.88304e-09 | 18 -0.01106 -1.95858e-08
 19 -0.00933  1.49422e-09 | 20 -0.00746 -9.05233e-09 | 21 -0.00522 -4.30355e-09
 22 -0.00275 -1.04686e-08 | 23 -0.00037 -7.00894e-09 | 24  0.00149 -7.93835e-09
 25  0.00260 -1.31192e-08 | 26  0.00240 -1.82872e-08 | 27  0.00107 -1.71555e-09
 28 -0.00108 -7.26078e-09 | 29 -0.00302 -3.75838e-09 | 30 -0.00541  1.84274e-08
 31 -0.00806 -1.06152e-08 | 32 -0.00952 -4.66368e-09 | 33 -0.00879  3.93281e-08
 34 -0.01191  1.21869e-07 | 35 -0.01863  3.94602e-07 | 36 -0.02770  4.74020e-07
 37 -0.01066 -4.86046e-07 | 38 -0.00768 -3.50735e-07 | 39 -0.04373  5.13903e-09
 40 -0.03778  1.61012e-08 | 41 -0.03148  5.00384e-09 | 42 -0.02723 -7.32598e-09
 43 -0.02366 -5.32145e-09 | 44 -0.02516  1.33447e-08 | 45 -0.03251 -1.52103e-08
 46 -0.03567 -3.00360e-08 | 47 -0.01425 -5.30302e-08 | 48  0.01654 -7.13952e-08
 49  0.00634  2.78747e-08 | 50 -0.02347  2.90220e-08 | 51 -0.01594  1.54868e-07
 52 -0.05494  8.08852e-09 | 53 -0.02227 -2.29246e-08 | 54 -0.01191 -4.37751e-08
 55 -0.01077  1.06616e-08 | 56  0.00937  6.78596e-08 | 57  0.01068  1.36131e-07
 58  0.00901  2.12464e-07 | 59 -0.03122  8.85758e-08 | 60 -0.02014 -7.21973e-08
 61  0.02505  3.97054e-09 | 62 -0.03215  2.87765e-09 | 63 -0.04161 -1.38977e-07
 64 -0.01387 -1.94401e-07 | 65 -0.03067 -1.13707e-07 | 66 -0.04865 -1.50795e-08
 67 -0.04375 -9.97473e-08 | 68  0.04127  7.25063e-10 | 69 -0.02214  1.94943e-07
 70 -0.08700  1.79103e-08 | 71 -0.08231 -5.87143e-08 | 72 -0.04595 -9.86864e-09
 73 -0.01703 -1.59924e-10 | 74 -0.01678  6.75884e-10 | 75 -0.01677 -4.50206e-08
 76 -0.01677  9.53112e-09 | 77 -0.35254  1.83287e-04 | 78 -0.18532  6.98062e-05
 79 -0.07278 -1.09990e-06 | 80 -0.00801  2.90945e-06 | 81 -0.32953  1.74606e-07
 82 -0.53327  4.16820e-09 | 83 -0.11884 -2.06490e-07 | 84  0.54173  2.55211e-08
 85  0.97328 -1.04268e-08 | 86  0.05491  7.51657e-09 | 87  0.26465 -1.95538e-09
 88 -0.00000 -4.14143e-10 | 89 -0.00108  4.50055e-10 | 90  0.00000  2.42582e-10
 91  0.00090  1.19749e-09 | 92  0.00000  1.01838e-09 |
Function minimizer not making progress ... is minimum attained?
Minimprove criterion = 0.0000e+00

 - final statistics:
92 variables; iteration 598; function evaluation 768
Function value -9.1072e+01; maximum gradient component mag 1.8329e-04
Exit code = 1;  converg criter 1.0000e-04
Var    Value     Gradient |Var    Value     Gradient |Var    Value     Gradient
  1  1.00472 -3.94295e-11 |  2  0.00032  4.46437e-09 |  3  0.00038  7.31844e-09
  4 -0.01552  1.38136e-08 |  5 -0.01544  2.34228e-08 |  6 -0.01536  1.04701e-08
  7 -0.01525 -3.93011e-08 |  8 -0.01513  9.00595e-09 |  9 -0.01499  1.64870e-08
 10 -0.01483  7.14624e-09 | 11 -0.01467 -4.54477e-09 | 12 -0.01449 -4.10596e-09
 13 -0.01427 -2.92744e-09 | 14 -0.01400  9.36094e-09 | 15 -0.01363  1.15484e-08
 16 -0.01311  7.49665e-09 | 17 -0.01244 -1.88304e-09 | 18 -0.01106 -1.95858e-08
 19 -0.00933  1.49422e-09 | 20 -0.00746 -9.05233e-09 | 21 -0.00522 -4.30355e-09
 22 -0.00275 -1.04686e-08 | 23 -0.00037 -7.00894e-09 | 24  0.00149 -7.93835e-09
 25  0.00260 -1.31192e-08 | 26  0.00240 -1.82872e-08 | 27  0.00107 -1.71555e-09
 28 -0.00108 -7.26078e-09 | 29 -0.00302 -3.75838e-09 | 30 -0.00541  1.84274e-08
 31 -0.00806 -1.06152e-08 | 32 -0.00952 -4.66368e-09 | 33 -0.00879  3.93281e-08
 34 -0.01191  1.21869e-07 | 35 -0.01863  3.94602e-07 | 36 -0.02770  4.74020e-07
 37 -0.01066 -4.86046e-07 | 38 -0.00768 -3.50735e-07 | 39 -0.04373  5.13903e-09
 40 -0.03778  1.61012e-08 | 41 -0.03148  5.00384e-09 | 42 -0.02723 -7.32598e-09
 43 -0.02366 -5.32145e-09 | 44 -0.02516  1.33447e-08 | 45 -0.03251 -1.52103e-08
 46 -0.03567 -3.00360e-08 | 47 -0.01425 -5.30302e-08 | 48  0.01654 -7.13952e-08
 49  0.00634  2.78747e-08 | 50 -0.02347  2.90220e-08 | 51 -0.01594  1.54868e-07
 52 -0.05494  8.08852e-09 | 53 -0.02227 -2.29246e-08 | 54 -0.01191 -4.37751e-08
 55 -0.01077  1.06616e-08 | 56  0.00937  6.78596e-08 | 57  0.01068  1.36131e-07
 58  0.00901  2.12464e-07 | 59 -0.03122  8.85758e-08 | 60 -0.02014 -7.21973e-08
 61  0.02505  3.97054e-09 | 62 -0.03215  2.87765e-09 | 63 -0.04161 -1.38977e-07
 64 -0.01387 -1.94401e-07 | 65 -0.03067 -1.13707e-07 | 66 -0.04865 -1.50795e-08
 67 -0.04375 -9.97473e-08 | 68  0.04127  7.25063e-10 | 69 -0.02214  1.94943e-07
 70 -0.08700  1.79103e-08 | 71 -0.08231 -5.87143e-08 | 72 -0.04595 -9.86864e-09
 73 -0.01703 -1.59924e-10 | 74 -0.01678  6.75884e-10 | 75 -0.01677 -4.50206e-08
 76 -0.01677  9.53112e-09 | 77 -0.35254  1.83287e-04 | 78 -0.18532  6.98062e-05
 79 -0.07278 -1.09990e-06 | 80 -0.00801  2.90945e-06 | 81 -0.32953  1.74606e-07
 82 -0.53327  4.16820e-09 | 83 -0.11884 -2.06490e-07 | 84  0.54173  2.55211e-08
 85  0.97328 -1.04268e-08 | 86  0.05491  7.51657e-09 | 87  0.26465 -1.95538e-09
 88 -0.00000 -4.14143e-10 | 89 -0.00108  4.50055e-10 | 90  0.00000  2.42582e-10
 91  0.00090  1.19749e-09 | 92  0.00000  1.01838e-09 |

Initial statistics: 93 variables; iteration 0; function evaluation 0; phase 4
Function value -9.1072304e+01; maximum gradient component mag 1.8019e-04
Var    Value     Gradient |Var    Value     Gradient |Var    Value     Gradient
  1  0.99528  3.84469e-11 |  2  0.00032  4.40498e-09 |  3  0.00038  7.22099e-09
  4 -0.01552  1.36295e-08 |  5 -0.01544  2.31109e-08 |  6 -0.01536  1.03306e-08
  7 -0.01525 -3.87774e-08 |  8 -0.01513  8.88604e-09 |  9 -0.01499  1.62674e-08
 10 -0.01483  7.05112e-09 | 11 -0.01467 -4.48408e-09 | 12 -0.01449 -4.05103e-09
 13 -0.01427 -2.88812e-09 | 14 -0.01400  9.23682e-09 | 15 -0.01363  1.13950e-08
 16 -0.01311  7.39749e-09 | 17 -0.01244 -1.85696e-09 | 18 -0.01106 -1.93237e-08
 19 -0.00933  1.47597e-09 | 20 -0.00746 -8.92941e-09 | 21 -0.00522 -4.24338e-09
 22 -0.00275 -1.03254e-08 | 23 -0.00037 -6.91058e-09 | 24  0.00149 -7.82598e-09
 25  0.00260 -1.29359e-08 | 26  0.00240 -1.80324e-08 | 27  0.00107 -1.67843e-09
 28 -0.00108 -7.14613e-09 | 29 -0.00302 -3.68582e-09 | 30 -0.00541  1.82097e-08
 31 -0.00806 -1.04417e-08 | 32 -0.00952 -4.57289e-09 | 33 -0.00879  3.87740e-08
 34 -0.01191  1.19907e-07 | 35 -0.01863  3.88046e-07 | 36 -0.02770  4.66086e-07
 37 -0.01066 -4.77773e-07 | 38 -0.00768 -3.44892e-07 | 39 -0.04373  5.07053e-09
 40 -0.03778  1.58654e-08 | 41 -0.03148  4.91252e-09 | 42 -0.02723 -7.25798e-09
 43 -0.02366 -5.29219e-09 | 44 -0.02516  1.30980e-08 | 45 -0.03251 -1.50739e-08
 46 -0.03567 -2.95710e-08 | 47 -0.01425 -5.21861e-08 | 48  0.01654 -7.03514e-08
 49  0.00634  2.71469e-08 | 50 -0.02347  2.85353e-08 | 51 -0.01594  1.52283e-07
 52 -0.05494  8.13560e-09 | 53 -0.02227 -2.23396e-08 | 54 -0.01191 -4.28050e-08
 55 -0.01077  1.08442e-08 | 56  0.00937  6.69488e-08 | 57  0.01068  1.34196e-07
 58  0.00901  2.09066e-07 | 59 -0.03122  8.72161e-08 | 60 -0.02014 -7.08956e-08
 61  0.02505  4.01753e-09 | 62 -0.03215  2.86192e-09 | 63 -0.04161 -1.36703e-07
 64 -0.01387 -1.91267e-07 | 65 -0.03067 -1.12010e-07 | 66 -0.04865 -1.50269e-08
 67 -0.04375 -9.82412e-08 | 68  0.04127  5.87973e-10 | 69 -0.02214  1.91592e-07
 70 -0.08700  1.75113e-08 | 71 -0.08231 -5.78077e-08 | 72 -0.04595 -9.67063e-09
 73 -0.01703 -1.56835e-10 | 74 -0.01678  6.66892e-10 | 75 -0.01677 -4.44208e-08
 76 -0.01677  9.40410e-09 | 77  0.00000  0.00000e+00 | 78 -0.35254  1.80192e-04
 79 -0.18532  6.86269e-05 | 80 -0.07278 -1.08178e-06 | 81 -0.00801  2.86031e-06
 82 -0.32953  1.72281e-07 | 83 -0.53327  4.11269e-09 | 84 -0.11884 -2.03740e-07
 85  0.54173  2.51811e-08 | 86  0.97328 -1.02880e-08 | 87  0.05491  7.41636e-09
 88  0.26465 -1.92944e-09 | 89 -0.00000 -4.08630e-10 | 90 -0.00108  4.44061e-10
 91  0.00000  2.39353e-10 | 92  0.00090  1.18154e-09 | 93  0.00000  1.00482e-09
  ic > imax  in fminim is answer attained ?
Var    Value     Gradient |Var    Value     Gradient |Var    Value     Gradient
  1  0.99528  3.82890e-11 |  2  0.00032  4.40636e-09 |  3  0.00038  7.22273e-09
  4 -0.01552  1.36315e-08 |  5 -0.01544  2.31133e-08 |  6 -0.01536  1.03339e-08
  7 -0.01525 -3.87726e-08 |  8 -0.01513  8.89173e-09 |  9 -0.01499  1.62748e-08
 10 -0.01483  7.06071e-09 | 11 -0.01467 -4.47159e-09 | 12 -0.01449 -4.03489e-09
 13 -0.01427 -2.86727e-09 | 14 -0.01400  9.26367e-09 | 15 -0.01363  1.14297e-08
 16 -0.01311  7.44257e-09 | 17 -0.01244 -1.79836e-09 | 18 -0.01106 -1.92470e-08
 19 -0.00933  1.57599e-09 | 20 -0.00746 -8.79700e-09 | 21 -0.00522 -4.06898e-09
 22 -0.00275 -1.00951e-08 | 23 -0.00037 -6.60649e-09 | 24  0.00149 -7.42593e-09
 25  0.00260 -1.24128e-08 | 26  0.00240 -1.73561e-08 | 27  0.00107 -8.14281e-10
 28 -0.00108 -6.05369e-09 | 29 -0.00302 -2.31645e-09 | 30 -0.00541  1.98912e-08
 31 -0.00806 -8.51238e-09 | 32 -0.00952 -2.89764e-09 | 33 -0.00879  3.66469e-08
 34 -0.01191  9.79602e-08 | 35 -0.01863  3.04367e-07 | 36 -0.02770  3.60405e-07
 37 -0.01066 -3.64460e-07 | 38 -0.00768 -2.64491e-07 | 39 -0.04373  5.32550e-09
 40 -0.03778  1.45346e-08 | 41 -0.03148  3.36040e-09 | 42 -0.02723 -9.11655e-09
 43 -0.02366 -7.92204e-09 | 44 -0.02516  8.70759e-09 | 45 -0.03251 -1.93492e-08
 46 -0.03567 -2.54690e-08 | 47 -0.01425 -4.32306e-08 | 48  0.01654 -6.44052e-08
 49  0.00634  4.14037e-09 | 50 -0.02347  2.17261e-08 | 51 -0.01594  1.19033e-07
 52 -0.05494  1.77263e-08 | 53 -0.02227 -3.72449e-09 | 54 -0.01191 -1.78132e-08
 55 -0.01077  3.21644e-08 | 56  0.00937  6.69068e-08 | 57  0.01068  1.26465e-07
 58  0.00901  1.72996e-07 | 59 -0.03122  7.57027e-08 | 60 -0.02014 -4.88882e-08
 61  0.02505  1.05797e-08 | 62 -0.03215  3.91785e-09 | 63 -0.04161 -1.09882e-07
 64 -0.01387 -1.56816e-07 | 65 -0.03067 -1.00924e-07 | 66 -0.04865 -2.47893e-08
 67 -0.04375 -8.71004e-08 | 68  0.04127 -7.45768e-09 | 69 -0.02214  1.43038e-07
 70 -0.08700  7.02976e-09 | 71 -0.08231 -4.96412e-08 | 72 -0.04595 -5.21593e-09
 73 -0.01703 -8.22619e-11 | 74 -0.01678  6.66875e-10 | 75 -0.01677 -4.44204e-08
 76 -0.01677  9.40400e-09 | 77  0.00000  0.00000e+00 | 78 -0.35254  1.38406e-04
 79 -0.18532  5.26929e-05 | 80 -0.07278 -8.37974e-07 | 81 -0.00801  2.19733e-06
 82 -0.32953  1.72249e-07 | 83 -0.53327  4.11269e-09 | 84 -0.11884 -2.03729e-07
 85  0.54173  2.51755e-08 | 86  0.97328 -1.02880e-08 | 87  0.05491  7.41636e-09
 88  0.26465 -1.93038e-09 | 89 -0.00000 -4.08630e-10 | 90 -0.00108  4.44039e-10
 91  0.00000  2.39353e-10 | 92  0.00090  1.18156e-09 | 93  0.00000  1.00482e-09
Function minimizer not making progress ... is minimum attained?
Minimprove criterion = 0.0000e+00
Warning: the following parameters had issues
  SR_parm[1] is within 0.1% of upper bound: 1.0000e-04 < 2.0000e+01 < 2.0000e+01
  selparm[13] is within 0.1% of upper bound: 2.0000e+01 < 8.2972e+01 < 8.3000e+01


 - final statistics:
93 variables; iteration 2; function evaluation 34
Function value -9.1072e+01; maximum gradient component mag 1.3841e-04
Exit code = 1;  converg criter 1.0000e-04
Var    Value     Gradient |Var    Value     Gradient |Var    Value     Gradient
  1  0.99528  3.82890e-11 |  2  0.00032  4.40636e-09 |  3  0.00038  7.22273e-09
  4 -0.01552  1.36315e-08 |  5 -0.01544  2.31133e-08 |  6 -0.01536  1.03339e-08
  7 -0.01525 -3.87726e-08 |  8 -0.01513  8.89173e-09 |  9 -0.01499  1.62748e-08
 10 -0.01483  7.06071e-09 | 11 -0.01467 -4.47159e-09 | 12 -0.01449 -4.03489e-09
 13 -0.01427 -2.86727e-09 | 14 -0.01400  9.26367e-09 | 15 -0.01363  1.14297e-08
 16 -0.01311  7.44257e-09 | 17 -0.01244 -1.79836e-09 | 18 -0.01106 -1.92470e-08
 19 -0.00933  1.57599e-09 | 20 -0.00746 -8.79700e-09 | 21 -0.00522 -4.06898e-09
 22 -0.00275 -1.00951e-08 | 23 -0.00037 -6.60649e-09 | 24  0.00149 -7.42593e-09
 25  0.00260 -1.24128e-08 | 26  0.00240 -1.73561e-08 | 27  0.00107 -8.14281e-10
 28 -0.00108 -6.05369e-09 | 29 -0.00302 -2.31645e-09 | 30 -0.00541  1.98912e-08
 31 -0.00806 -8.51238e-09 | 32 -0.00952 -2.89764e-09 | 33 -0.00879  3.66469e-08
 34 -0.01191  9.79602e-08 | 35 -0.01863  3.04367e-07 | 36 -0.02770  3.60405e-07
 37 -0.01066 -3.64460e-07 | 38 -0.00768 -2.64491e-07 | 39 -0.04373  5.32550e-09
 40 -0.03778  1.45346e-08 | 41 -0.03148  3.36040e-09 | 42 -0.02723 -9.11655e-09
 43 -0.02366 -7.92204e-09 | 44 -0.02516  8.70759e-09 | 45 -0.03251 -1.93492e-08
 46 -0.03567 -2.54690e-08 | 47 -0.01425 -4.32306e-08 | 48  0.01654 -6.44052e-08
 49  0.00634  4.14037e-09 | 50 -0.02347  2.17261e-08 | 51 -0.01594  1.19033e-07
 52 -0.05494  1.77263e-08 | 53 -0.02227 -3.72449e-09 | 54 -0.01191 -1.78132e-08
 55 -0.01077  3.21644e-08 | 56  0.00937  6.69068e-08 | 57  0.01068  1.26465e-07
 58  0.00901  1.72996e-07 | 59 -0.03122  7.57027e-08 | 60 -0.02014 -4.88882e-08
 61  0.02505  1.05797e-08 | 62 -0.03215  3.91785e-09 | 63 -0.04161 -1.09882e-07
 64 -0.01387 -1.56816e-07 | 65 -0.03067 -1.00924e-07 | 66 -0.04865 -2.47893e-08
 67 -0.04375 -8.71004e-08 | 68  0.04127 -7.45768e-09 | 69 -0.02214  1.43038e-07
 70 -0.08700  7.02976e-09 | 71 -0.08231 -4.96412e-08 | 72 -0.04595 -5.21593e-09
 73 -0.01703 -8.22619e-11 | 74 -0.01678  6.66875e-10 | 75 -0.01677 -4.44204e-08
 76 -0.01677  9.40400e-09 | 77  0.00000  0.00000e+00 | 78 -0.35254  1.38406e-04
 79 -0.18532  5.26929e-05 | 80 -0.07278 -8.37974e-07 | 81 -0.00801  2.19733e-06
 82 -0.32953  1.72249e-07 | 83 -0.53327  4.11269e-09 | 84 -0.11884 -2.03729e-07
 85  0.54173  2.51755e-08 | 86  0.97328 -1.02880e-08 | 87  0.05491  7.41636e-09
 88  0.26465 -1.93038e-09 | 89 -0.00000 -4.08630e-10 | 90 -0.00108  4.44039e-10
 91  0.00000  2.39353e-10 | 92  0.00090  1.18156e-09 | 93  0.00000  1.00482e-09
Estimating row 1 out of 93 for hessian
Estimating row 2 out of 93 for hessian
Estimating row 3 out of 93 for hessian
Estimating row 4 out of 93 for hessian
Estimating row 5 out of 93 for hessian
Estimating row 6 out of 93 for hessian
Estimating row 7 out of 93 for hessian
Estimating row 8 out of 93 for hessian
Estimating row 9 out of 93 for hessian
Estimating row 10 out of 93 for hessian
Estimating row 11 out of 93 for hessian
Estimating row 12 out of 93 for hessian
Estimating row 13 out of 93 for hessian
Estimating row 14 out of 93 for hessian
Estimating row 15 out of 93 for hessian
Estimating row 16 out of 93 for hessian
Estimating row 17 out of 93 for hessian
Estimating row 18 out of 93 for hessian
Estimating row 19 out of 93 for hessian
Estimating row 20 out of 93 for hessian
Estimating row 21 out of 93 for hessian
Estimating row 22 out of 93 for hessian
Estimating row 23 out of 93 for hessian
Estimating row 24 out of 93 for hessian
Estimating row 25 out of 93 for hessian
Estimating row 26 out of 93 for hessian
Estimating row 27 out of 93 for hessian
Estimating row 28 out of 93 for hessian
Estimating row 29 out of 93 for hessian
Estimating row 30 out of 93 for hessian
Estimating row 31 out of 93 for hessian
Estimating row 32 out of 93 for hessian
Estimating row 33 out of 93 for hessian
Estimating row 34 out of 93 for hessian
Estimating row 35 out of 93 for hessian
Estimating row 36 out of 93 for hessian
Estimating row 37 out of 93 for hessian
Estimating row 38 out of 93 for hessian
Estimating row 39 out of 93 for hessian
Estimating row 40 out of 93 for hessian
Estimating row 41 out of 93 for hessian
Estimating row 42 out of 93 for hessian
Estimating row 43 out of 93 for hessian
Estimating row 44 out of 93 for hessian
Estimating row 45 out of 93 for hessian
Estimating row 46 out of 93 for hessian
Estimating row 47 out of 93 for hessian
Estimating row 48 out of 93 for hessian
Estimating row 49 out of 93 for hessian
Estimating row 50 out of 93 for hessian
Estimating row 51 out of 93 for hessian
Estimating row 52 out of 93 for hessian
Estimating row 53 out of 93 for hessian
Estimating row 54 out of 93 for hessian
Estimating row 55 out of 93 for hessian
Estimating row 56 out of 93 for hessian
Estimating row 57 out of 93 for hessian
Estimating row 58 out of 93 for hessian
Estimating row 59 out of 93 for hessian
Estimating row 60 out of 93 for hessian
Estimating row 61 out of 93 for hessian
Estimating row 62 out of 93 for hessian
Estimating row 63 out of 93 for hessian
Estimating row 64 out of 93 for hessian
Estimating row 65 out of 93 for hessian
Estimating row 66 out of 93 for hessian
Estimating row 67 out of 93 for hessian
Estimating row 68 out of 93 for hessian
Estimating row 69 out of 93 for hessian
Estimating row 70 out of 93 for hessian
Estimating row 71 out of 93 for hessian
Estimating row 72 out of 93 for hessian
Estimating row 73 out of 93 for hessian
Estimating row 74 out of 93 for hessian
Estimating row 75 out of 93 for hessian
Estimating row 76 out of 93 for hessian
Estimating row 77 out of 93 for hessian
Estimating row 78 out of 93 for hessian
Estimating row 79 out of 93 for hessian
Estimating row 80 out of 93 for hessian
Estimating row 81 out of 93 for hessian
Estimating row 82 out of 93 for hessian
Estimating row 83 out of 93 for hessian
Estimating row 84 out of 93 for hessian
Estimating row 85 out of 93 for hessian
Estimating row 86 out of 93 for hessian
Estimating row 87 out of 93 for hessian
Estimating row 88 out of 93 for hessian
Estimating row 89 out of 93 for hessian
Estimating row 90 out of 93 for hessian
Estimating row 91 out of 93 for hessian
Estimating row 92 out of 93 for hessian
Estimating row 93 out of 93 for hessian
size of file gradfil1.tmp = 0
size of file gradfil2.tmp = 0
size of file varssave.tmp = 0
size of file cmpdiff.tmp = 0
