
Initial statistics: 72 variables; iteration 0; function evaluation 0; phase 1
Function value 4.4290642e+06; maximum gradient component mag -1.0870e+07
Var    Value     Gradient |Var    Value     Gradient |Var    Value     Gradient
  1 -0.22229 -1.08698e+07 |  2 -0.03987 -5.27645e+04 |  3  0.01877 -7.45768e+04
  4  0.02120 -6.37431e+04 |  5  0.03487 -7.55167e+04 |  6 -0.03963 -6.89730e+04
  7 -0.05126 -1.03285e+05 |  8  0.01977 -1.27244e+05 |  9 -0.01248 -1.30741e+05
 10 -0.01159 -1.36368e+05 | 11 -0.04181 -1.13993e+05 | 12 -0.02286 -1.24794e+05
 13 -0.04291 -1.03579e+05 | 14 -0.02636 -1.09213e+05 | 15  0.01225 -1.28044e+05
 16  0.00719 -1.15910e+05 | 17  0.01500 -1.28413e+05 | 18  0.00175 -1.15047e+05
 19  0.03427 -1.13718e+05 | 20 -0.00113  9.16820e+04 | 21  0.05088  1.49891e+05
 22  0.03080  1.38879e+05 | 23 -0.00453  1.06816e+05 | 24  0.04182  1.19603e+05
 25 -0.00312  8.12668e+04 | 26  0.00107  7.50195e+04 | 27  0.03073  7.39996e+04
 28 -0.00909  5.96775e+04 | 29 -0.03842  2.39328e+04 | 30  0.05017  4.42784e+04
 31 -0.03717  2.39425e+04 | 32 -0.01229  2.61903e+04 | 33  0.02426 -1.08053e+05
 34 -0.04624 -9.04347e+04 | 35  0.02612 -6.05324e+04 | 36 -0.04751 -1.07739e+05
 37 -0.02389 -1.07070e+05 | 38  0.04301 -1.21122e+05 | 39 -0.02541 -1.04181e+05
 40  0.04197 -8.09240e+04 | 41  0.04992 -8.32601e+04 | 42 -0.04537 -8.44091e+04
 43 -0.05139 -9.79923e+04 | 44  0.00394 -1.10078e+05 | 45 -0.03664 -1.35031e+05
 46 -0.03471 -1.58778e+05 | 47 -0.03433 -1.30754e+05 | 48 -0.00196 -1.09011e+05
 49 -0.05077 -9.31751e+04 | 50 -0.03224 -7.01483e+04 | 51 -0.03706 -1.15368e+05
 52  0.00518 -1.95388e+05 | 53  0.01506 -1.37898e+05 | 54 -0.02101 -1.38455e+05
 55 -0.04632 -1.13731e+05 | 56  0.03305 -9.62943e+04 | 57  0.02431 -9.34649e+04
 58 -0.03719 -9.18632e+04 | 59 -0.04716 -8.98217e+04 | 60 -0.02711 -1.05023e+05
 61 -0.02170 -1.07008e+05 | 62  0.04255 -9.48048e+04 | 63 -0.00405 -9.91067e+04
 64 -0.03694 -1.13408e+05 | 65 -0.02522 -9.99411e+04 | 66  0.01096 -9.49925e+04
 67 -0.02768 -7.15565e+04 | 68  0.01401 -6.09306e+04 | 69 -0.03914 -4.24929e+04
 70 -0.00176 -2.47611e+04 | 71 -0.03732 -8.62783e+03 | 72 -0.01536 -3.61644e+04

Intermediate statistics: 72 variables; iteration 20; function evaluation 37; phase 1
Function value 4.9434868e+02; maximum gradient component mag 1.2173e+02
Var    Value     Gradient |Var    Value     Gradient |Var    Value     Gradient
  1  1.84742 -5.02771e+00 |  2  0.01548  2.87522e+00 |  3 -0.02868 -3.93164e+00
  4 -0.02724 -3.73661e+00 |  5 -0.03116 -4.83968e+00 |  6 -0.00308  1.57493e+00
  7  0.00008  2.04473e+00 |  8 -0.02237 -3.42689e+00 |  9 -0.00903 -6.44201e-01
 10 -0.00529 -1.47741e-01 | 11  0.00884  2.70649e+00 | 12  0.00582  1.94747e+00
 13  0.01526  4.09463e+00 | 14  0.01507  4.12950e+00 | 15  0.01994  4.93442e+00
 16  0.03573  7.81669e+00 | 17  0.06481  1.25749e+01 | 18  0.08197  1.56049e+01
 19  0.20412  2.89044e+01 | 20  0.11862  2.05721e+01 | 21  0.26084  3.56406e+01
 22  0.20449  4.26375e+01 | 23  0.12188  3.73856e+01 | 24  0.20656  8.54314e+01
 25  0.06773  4.64930e+01 | 26  0.02640  4.34019e+01 | 27 -0.00667  4.08562e+01
 28 -0.09638  4.62717e+00 | 29 -0.13886 -1.23302e+01 | 30 -0.27084 -5.36196e+01
 31 -0.04984 -3.51233e+01 | 32 -0.05323 -6.10738e+01 | 33 -0.31368 -6.75169e+01
 34  0.00922 -2.32244e+01 | 35 -0.02587 -1.99653e+00 | 36 -0.08217 -2.30744e+00
 37 -0.05153  3.02390e+00 | 38  0.06611  2.68299e+01 | 39 -0.11040 -9.10449e+00
 40 -0.06843 -5.35743e+00 | 41  0.05469 -1.37187e+01 | 42  0.11074 -1.64787e+01
 43 -0.07091 -1.72504e+01 | 44 -0.15150 -3.90200e+01 | 45 -0.13409 -5.08458e+01
 46 -0.19581 -6.10256e+01 | 47 -0.17723 -5.99470e+01 | 48 -0.02914 -7.69880e+01
 49 -0.01829 -5.60483e+01 | 50 -0.18534 -3.40934e+01 | 51 -0.02051  1.15534e+01
 52 -0.07783 -2.67390e+01 | 53 -0.06249 -7.50389e+01 | 54 -0.03816 -7.20464e+01
 55 -0.00515 -3.61061e+01 | 56 -0.26218 -5.97390e+01 | 57  0.04330  1.21732e+02
 58 -0.03919  8.03259e+01 | 59 -0.03582  3.24143e+01 | 60 -0.09279 -3.41344e+01
 61  0.02467 -7.15113e+01 | 62 -0.13606 -1.07031e+01 | 63 -0.12500  1.18463e+01
 64 -0.04492  7.63079e+01 | 65 -0.09819  6.46302e+01 | 66 -0.15076 -5.44161e+00
 67 -0.30522 -5.89658e+01 | 68  0.09471  7.53126e+01 | 69  0.00692  3.90720e+01
 70 -0.04203  7.67887e-01 | 71 -0.01289  1.81245e+00 | 72 -0.02350 -7.94725e-01
72 variables; iteration 40; function evaluation 64; phase 1
Function value 4.4384958e+02; maximum gradient component mag -8.8044e+01
Var    Value     Gradient |Var    Value     Gradient |Var    Value     Gradient
  1  1.83720 -5.83397e+00 |  2 -0.00192 -1.15858e+00 |  3 -0.00559  1.76398e+00
  4 -0.00476  1.82525e+00 |  5 -0.00168  2.39328e+00 |  6 -0.01145 -1.20251e-01
  7 -0.01087 -1.99821e-01 |  8  0.00051  2.19969e+00 |  9 -0.00192  1.31906e+00
 10  0.00048  1.50012e+00 | 11 -0.00061  1.00039e+00 | 12  0.00354  1.83075e+00
 13  0.00298  1.73126e+00 | 14  0.00717  2.66023e+00 | 15  0.01624  4.37681e+00
 16  0.02103  5.04124e+00 | 17  0.03073  6.43907e+00 | 18  0.03682  7.73710e+00
 19  0.07816  1.52672e+01 | 20  0.05420  1.08141e+01 | 21  0.40736  2.87155e+01
 22  0.13417  3.31174e+01 | 23  0.06446  2.38986e+01 | 24  0.10143  4.66882e+01
 25  0.02129  2.87184e+01 | 26 -0.01155  2.69829e+01 | 27 -0.04333  2.43170e+01
 28 -0.07054  2.12911e+01 | 29 -0.08761  1.91635e+01 | 30 -0.06833  2.86323e+01
 31 -0.02922  3.82350e+01 | 32 -0.01726  3.53920e+01 | 33 -0.05298  1.51261e+01
 34  0.00254  8.47584e+00 | 35 -0.07976 -2.95498e+01 | 36 -0.04850 -2.42636e+01
 37 -0.02867 -3.82653e+01 | 38  0.02137 -7.77509e+01 | 39 -0.04924 -1.46639e+01
 40  0.02408 -1.86676e+01 | 41 -0.05365 -4.64166e+01 | 42  0.11429 -7.32409e+01
 43 -0.06073 -1.32717e+01 | 44 -0.06103  3.05762e-01 | 45 -0.14867 -2.47224e+01
 46 -0.10228 -7.48244e+00 | 47 -0.10715 -5.26747e+00 | 48 -0.01730  2.85385e+01
 49 -0.01072  4.98812e+01 | 50 -0.08359  3.16872e+01 | 51 -0.03792  2.90115e+01
 52 -0.05669  2.60656e+01 | 53 -0.02590  4.10730e+01 | 54 -0.00058  5.75191e+01
 55 -0.02340  2.71426e+01 | 56 -0.10415 -3.87141e+01 | 57  0.04817 -7.36111e+01
 58 -0.05957 -7.41796e+01 | 59 -0.02148 -7.74491e+01 | 60 -0.03294 -7.89992e+01
 61  0.01042 -8.80438e+01 | 62 -0.07719  1.92467e+01 | 63 -0.08374  3.82364e+01
 64 -0.04659  3.16520e+01 | 65 -0.08215  2.91768e+01 | 66 -0.17829 -2.24595e+01
 67 -0.12905 -1.24697e+01 | 68  0.10407  2.26716e+01 | 69  0.00075 -8.43875e+00
 70 -0.00086  5.01323e-01 | 71 -0.02314 -1.10496e+00 | 72 -0.01893 -4.93006e-03
72 variables; iteration 60; function evaluation 95; phase 1
Function value 4.2973498e+02; maximum gradient component mag -9.2366e+01
Var    Value     Gradient |Var    Value     Gradient |Var    Value     Gradient
  1  1.83621 -3.14422e+00 |  2  0.00811  1.47191e+00 |  3 -0.02372 -2.41602e+00
  4 -0.02295 -2.33327e+00 |  5 -0.02586 -3.15741e+00 |  6 -0.00698  1.22053e+00
  7 -0.00448  1.62766e+00 |  8 -0.02210 -2.74336e+00 |  9 -0.01338 -8.92871e-01
 10 -0.01337 -1.13201e+00 | 11 -0.00860 -1.97427e-01 | 12 -0.01325 -1.28999e+00
 13 -0.01005 -4.34884e-01 | 14 -0.01144 -6.19936e-01 | 15 -0.00966 -2.34494e-01
 16  0.00040  2.05760e+00 | 17  0.02848  8.26459e+00 | 18  0.03425  9.91628e+00
 19  0.06120  1.58783e+01 | 20  0.02401  7.94711e+00 | 21  0.50292  6.89879e+01
 22  0.04898  1.83720e+01 | 23  0.02380  1.57300e+01 | 24  0.06306  3.55905e+01
 25 -0.01139  1.62639e+01 | 26 -0.05314  7.86491e+00 | 27 -0.06555  1.05185e+01
 28 -0.11321 -3.25654e+00 | 29 -0.07276  1.80374e+01 | 30 -0.05236  2.10533e+01
 31 -0.05378  6.56587e-01 | 32  0.00088  2.09572e+00 | 33 -0.03109 -1.73995e+00
 34 -0.03813 -7.21489e+00 | 35  0.03310  1.51276e+01 | 36 -0.05728 -8.06973e-01
 37 -0.00454  7.06025e-01 | 38  0.08068 -3.56976e+01 | 39 -0.05730 -2.06195e+01
 40 -0.00248 -3.75005e+01 | 41 -0.10958 -4.84325e+01 | 42  0.17268 -9.23659e+01
 43 -0.08718 -1.91856e+01 | 44 -0.11072 -1.82823e+01 | 45 -0.08718 -9.63190e+00
 46 -0.06524  2.32563e+00 | 47 -0.07515  1.74196e+00 | 48 -0.03033  1.50760e+01
 49 -0.03203  1.94051e+01 | 50 -0.08864 -4.87410e+00 | 51 -0.04651 -3.66035e+01
 52 -0.07263 -3.00806e+01 | 53 -0.01671 -3.03824e+01 | 54 -0.01943 -2.50165e+01
 55 -0.04152  1.78820e+00 | 56 -0.04933 -5.89438e+00 | 57  0.03095 -1.97892e+01
 58 -0.04292 -3.54874e+01 | 59 -0.03109 -4.55086e+00 | 60 -0.02412  1.21094e+01
 61  0.02744 -6.39390e+00 | 62 -0.11064 -6.20718e+00 | 63 -0.11774 -1.20807e+01
 64 -0.02246  1.21442e+01 | 65 -0.13223  1.41433e+01 | 66 -0.12518  2.70493e+01
 67 -0.09262  2.38579e+01 | 68  0.07786  3.37470e+01 | 69  0.04950  1.72702e+01
 70 -0.02369  7.34400e-01 | 71 -0.01525  8.75750e-01 | 72 -0.02033 -3.46134e-01
Maximum number of function evaluations exceeded

 - final statistics:
72 variables; iteration 64; function evaluation 100
Function value 4.2775e+02; maximum gradient component mag 6.9130e+01
Exit code = 3;  converg criter 1.0000e+01
Var    Value     Gradient |Var    Value     Gradient |Var    Value     Gradient
  1  1.83455 -6.30463e+00 |  2  0.00699  1.19299e+00 |  3 -0.02332 -2.33151e+00
  4 -0.02293 -2.34048e+00 |  5 -0.02389 -2.69164e+00 |  6 -0.01749 -1.29721e+00
  7 -0.01903 -1.82307e+00 |  8 -0.01733 -1.58799e+00 |  9 -0.01565 -1.37729e+00
 10 -0.01153 -6.25910e-01 | 11 -0.00944 -2.77151e-01 | 12 -0.00565  6.00369e-01
 13 -0.00497  8.78300e-01 | 14 -0.00170  1.77430e+00 | 15  0.00878  4.16392e+00
 16  0.01226  4.92352e+00 | 17  0.01525  5.43234e+00 | 18  0.03052  9.20577e+00
 19  0.05576  1.48219e+01 | 20  0.02374  7.94542e+00 | 21  0.51485  6.91302e+01
 22  0.03077  1.35285e+01 | 23  0.02342  1.53853e+01 | 24  0.05538  3.22022e+01
 25 -0.01461  1.44428e+01 | 26 -0.05661  5.79534e+00 | 27 -0.05482  1.41217e+01
 28 -0.09344  3.84308e+00 | 29 -0.11086 -1.12539e+00 | 30 -0.06897  1.07044e+01
 31 -0.04735  9.61160e-02 | 32  0.00552  1.02460e+00 | 33 -0.01793 -3.11536e-01
 34 -0.01681 -1.09416e+01 | 35  0.00583 -1.18124e+01 | 36 -0.03926 -6.96176e+00
 37 -0.00873 -6.51499e+00 | 38  0.08996 -2.96756e+01 | 39 -0.06000 -1.77052e+01
 40  0.00528 -2.98451e+01 | 41 -0.12310 -4.51172e+01 | 42  0.18068 -5.45993e+01
 43 -0.08607 -1.32056e+01 | 44 -0.10035 -1.05659e+01 | 45 -0.07468 -1.00266e+00
 46 -0.07584  1.51858e+00 | 47 -0.06821  6.27260e+00 | 48 -0.02118  2.04919e+01
 49 -0.03320  1.96737e+01 | 50 -0.08995 -2.57421e+00 | 51 -0.03447 -2.46287e+01
 52 -0.07575 -2.20803e+01 | 53 -0.01185 -1.74411e+01 | 54 -0.01336 -1.31850e+01
 55 -0.03951  7.72170e+00 | 56 -0.04477  7.24528e-01 | 57  0.03133  7.45670e+00
 58 -0.02386 -2.04568e+00 | 59 -0.03374  1.03860e+01 | 60 -0.02401  2.11052e+01
 61  0.03536  1.30030e+01 | 62 -0.10595 -1.33877e+00 | 63 -0.11903 -1.61605e+01
 64 -0.01799 -1.03127e+01 | 65 -0.13027 -1.68512e+00 | 66 -0.12469  6.22327e+00
 67 -0.09439  1.76920e-01 | 68  0.08330 -2.17981e+01 | 69  0.04657 -5.31715e+00
 70 -0.01029  9.51094e-01 | 71 -0.00177  4.10428e+00 | 72 -0.00907  2.36033e+00

Initial statistics: 72 variables; iteration 0; function evaluation 0; phase 2
Function value 4.2775239e+02; maximum gradient component mag 6.9130e+01
Var    Value     Gradient |Var    Value     Gradient |Var    Value     Gradient
  1  0.16545  6.30463e+00 |  2  0.00699  1.19299e+00 |  3 -0.02332 -2.33151e+00
  4 -0.02293 -2.34048e+00 |  5 -0.02389 -2.69164e+00 |  6 -0.01749 -1.29721e+00
  7 -0.01903 -1.82307e+00 |  8 -0.01733 -1.58799e+00 |  9 -0.01565 -1.37729e+00
 10 -0.01153 -6.25910e-01 | 11 -0.00944 -2.77151e-01 | 12 -0.00565  6.00369e-01
 13 -0.00497  8.78300e-01 | 14 -0.00170  1.77430e+00 | 15  0.00878  4.16392e+00
 16  0.01226  4.92352e+00 | 17  0.01525  5.43234e+00 | 18  0.03052  9.20577e+00
 19  0.05576  1.48219e+01 | 20  0.02374  7.94542e+00 | 21  0.51485  6.91302e+01
 22  0.03077  1.35285e+01 | 23  0.02342  1.53853e+01 | 24  0.05538  3.22022e+01
 25 -0.01461  1.44428e+01 | 26 -0.05661  5.79534e+00 | 27 -0.05482  1.41217e+01
 28 -0.09344  3.84308e+00 | 29 -0.11086 -1.12539e+00 | 30 -0.06897  1.07044e+01
 31 -0.04735  9.61160e-02 | 32  0.00552  1.02460e+00 | 33 -0.01793 -3.11536e-01
 34 -0.01681 -1.09416e+01 | 35  0.00583 -1.18124e+01 | 36 -0.03926 -6.96176e+00
 37 -0.00873 -6.51499e+00 | 38  0.08996 -2.96756e+01 | 39 -0.06000 -1.77052e+01
 40  0.00528 -2.98451e+01 | 41 -0.12310 -4.51172e+01 | 42  0.18068 -5.45993e+01
 43 -0.08607 -1.32056e+01 | 44 -0.10035 -1.05659e+01 | 45 -0.07468 -1.00266e+00
 46 -0.07584  1.51858e+00 | 47 -0.06821  6.27260e+00 | 48 -0.02118  2.04919e+01
 49 -0.03320  1.96737e+01 | 50 -0.08995 -2.57421e+00 | 51 -0.03447 -2.46287e+01
 52 -0.07575 -2.20803e+01 | 53 -0.01185 -1.74411e+01 | 54 -0.01336 -1.31850e+01
 55 -0.03951  7.72170e+00 | 56 -0.04477  7.24528e-01 | 57  0.03133  7.45670e+00
 58 -0.02386 -2.04568e+00 | 59 -0.03374  1.03860e+01 | 60 -0.02401  2.11052e+01
 61  0.03536  1.30030e+01 | 62 -0.10595 -1.33877e+00 | 63 -0.11903 -1.61605e+01
 64 -0.01799 -1.03127e+01 | 65 -0.13027 -1.68512e+00 | 66 -0.12469  6.22327e+00
 67 -0.09439  1.76920e-01 | 68  0.08330 -2.17981e+01 | 69  0.04657 -5.31715e+00
 70 -0.01029  9.51094e-01 | 71 -0.00177  4.10428e+00 | 72 -0.00907  2.36033e+00

Intermediate statistics: 72 variables; iteration 20; function evaluation 26; phase 2
Function value 4.1528345e+02; maximum gradient component mag -4.2590e+02
Var    Value     Gradient |Var    Value     Gradient |Var    Value     Gradient
  1  0.01155 -4.25901e+02 |  2 -0.00093 -5.82344e-01 |  3 -0.00755  1.68788e+00
  4 -0.00711  1.75051e+00 |  5 -0.00566  2.05312e+00 |  6 -0.00877  1.24528e+00
  7 -0.00661  1.71715e+00 |  8 -0.00636  1.73518e+00 |  9 -0.00587  1.82291e+00
 10 -0.00672  1.61408e+00 | 11 -0.00668  1.72317e+00 | 12 -0.00861  1.51844e+00
 13 -0.00910  1.78831e+00 | 14 -0.01117  1.74100e+00 | 15 -0.01674  7.86285e-01
 16 -0.01786  1.13813e+00 | 17 -0.01815  1.84614e+00 | 18 -0.02812  1.79478e-01
 19 -0.04209 -2.86623e+00 | 20 -0.02060  4.01887e+00 | 21  0.47794  2.43546e+02
 22 -0.03976  3.45069e+00 | 23 -0.04934  4.04240e+00 | 24 -0.07200  1.96065e-01
 25 -0.06121  7.09737e+00 | 26 -0.06805  9.13549e+00 | 27 -0.08292  8.27060e+00
 28 -0.09595  7.43602e+00 | 29 -0.10124  6.50762e+00 | 30 -0.09174  3.91963e+00
 31 -0.03531  2.94675e+00 | 32  0.04267 -1.56288e+01 | 33 -0.06634 -2.61656e+01
 34 -0.00486 -4.04599e+01 | 35 -0.01124 -5.09639e+01 | 36 -0.03350 -3.81957e+01
 37 -0.00866 -4.18691e+01 | 38  0.09759 -1.01092e+02 | 39 -0.07563 -3.53205e+01
 40 -0.11657 -3.51343e+01 | 41  0.14662 -7.21593e+01 | 42  0.11492 -3.57629e+01
 43 -0.02941 -6.44515e+00 | 44 -0.05082 -3.41015e+00 | 45 -0.05600  1.30229e+00
 46 -0.05903  6.97202e+00 | 47 -0.05777  1.42556e+01 | 48 -0.01819  1.83466e+01
 49  0.04741 -1.67221e+01 | 50 -0.08232 -2.82212e+01 | 51 -0.01810 -3.71411e+01
 52 -0.04674  2.55547e+01 | 53 -0.00704  9.17695e+01 | 54  0.02815  1.23363e+02
 55 -0.03109  4.86605e+01 | 56 -0.01396 -2.41387e+01 | 57  0.05232 -1.56289e+02
 58 -0.02464 -1.27784e+02 | 59  0.02433 -1.02863e+02 | 60 -0.05090 -1.86381e+01
 61  0.08518 -1.36402e+02 | 62 -0.20485 -6.41437e+01 | 63 -0.05138 -9.09470e+01
 64  0.00166 -1.58059e+02 | 65 -0.10683 -5.13437e+01 | 66 -0.07624  1.61393e+01
 67 -0.07686  8.26471e+01 | 68  0.09917  3.48448e+02 | 69  0.05353  1.34135e+02
 70 -0.00806  2.04438e+01 | 71 -0.03099 -1.83070e+00 | 72 -0.02674 -9.19264e-01
72 variables; iteration 40; function evaluation 53; phase 2
Function value 4.0920904e+02; maximum gradient component mag 3.3853e+02
Var    Value     Gradient |Var    Value     Gradient |Var    Value     Gradient
  1 -0.00083  9.29044e+01 |  2 -0.00889 -1.52615e+00 |  3 -0.01127  1.93279e+00
  4 -0.01206  1.88324e+00 |  5 -0.01157  2.18203e+00 |  6 -0.01786  7.70560e-01
  7 -0.01676  1.28855e+00 |  8 -0.01859  1.10151e+00 |  9 -0.02030  1.00424e+00
 10 -0.02398  4.55897e-01 | 11 -0.02650  3.54548e-01 | 12 -0.03090 -1.23279e-01
 13 -0.03284  1.56853e-01 | 14 -0.03645  6.13380e-02 | 15 -0.04362 -1.09211e+00
 16 -0.04560 -4.53171e-01 | 17 -0.04655  7.51398e-01 | 18 -0.05394 -1.13295e-01
 19 -0.06232 -1.70569e+00 | 20 -0.04246  6.02943e+00 | 21  0.38892  3.38525e+02
 22 -0.05918  6.89113e+00 | 23 -0.07263  6.31497e+00 | 24 -0.12768 -1.00669e+01
 25 -0.08990  3.63107e+00 | 26 -0.08035  9.50298e+00 | 27 -0.12344 -6.07492e+00
 28 -0.10032  5.55505e+00 | 29 -0.08548  1.01454e+01 | 30 -0.11724 -1.37338e+01
 31  0.00495 -2.64221e+01 | 32  0.00389 -8.47073e+01 | 33 -0.10030 -4.55990e+01
 34  0.02756 -4.47265e+01 | 35 -0.19369 -4.90378e+01 | 36  0.03608 -1.24390e+01
 37 -0.05781 -3.87583e+01 | 38  0.05425 -3.31318e+01 | 39  0.05684  7.79953e+01
 40 -0.24529 -4.11766e+01 | 41  0.12905 -2.24928e+01 | 42  0.04545 -2.47015e+01
 43  0.02824  1.33273e+01 | 44 -0.03995 -1.02619e+01 | 45 -0.13131 -2.72317e+01
 46 -0.04468  5.85486e+00 | 47 -0.05232  3.15562e+01 | 48 -0.06266  2.08861e+01
 49  0.08245 -7.69826e+01 | 50 -0.12917 -3.07129e+01 | 51  0.01161  7.90797e+00
 52 -0.09220 -2.83468e+00 | 53 -0.01927  1.59004e+00 | 54  0.02127 -4.19255e+01
 55 -0.04295 -5.07739e+01 | 56 -0.07042 -4.95380e+01 | 57  0.08375  1.39594e+01
 58 -0.08729 -6.50976e+01 | 59  0.04407 -6.41942e+01 | 60 -0.10150 -1.55035e+01
 61  0.07519 -9.05904e+01 | 62 -0.21986 -4.83161e+01 | 63  0.00006  1.77865e+01
 64 -0.05118 -1.12980e+02 | 65 -0.08303 -1.04766e+02 | 66 -0.06854 -4.88797e+01
 67 -0.11199  2.45978e+01 | 68  0.07806  3.31074e+02 | 69  0.04656  1.92018e+02
 70 -0.01436  3.26922e+01 | 71 -0.03808 -1.83079e+00 | 72 -0.03108 -3.90469e-01
72 variables; iteration 60; function evaluation 82; phase 2
Function value 3.8877923e+02; maximum gradient component mag -3.5523e+03
Var    Value     Gradient |Var    Value     Gradient |Var    Value     Gradient
  1  0.00569 -3.55233e+03 |  2 -0.04117 -9.26149e+00 |  3 -0.02802 -1.87280e+00
  4 -0.02903 -1.96884e+00 |  5 -0.02591 -9.85230e-01 |  6 -0.04081 -4.61459e+00
  7 -0.03428 -2.67986e+00 |  8 -0.03706 -3.09681e+00 |  9 -0.03928 -3.31309e+00
 10 -0.04735 -5.00526e+00 | 11 -0.04752 -4.45327e+00 | 12 -0.05313 -5.22822e+00
 13 -0.04724 -2.76489e+00 | 14 -0.04198 -3.29840e-01 | 15 -0.04646 -7.84973e-01
 16 -0.04211  1.69722e+00 | 17 -0.05803 -1.63612e+00 | 18 -0.07978 -6.84126e+00
 19 -0.10954 -1.45596e+01 | 20 -0.06232  1.04616e+00 | 21  0.31638  2.57641e+02
 22 -0.06193  6.92417e+00 | 23 -0.06355  1.01471e+01 | 24 -0.07554  8.54064e+00
 25 -0.09099  1.68990e+00 | 26 -0.08179  4.26913e+00 | 27 -0.17882 -2.87573e+01
 28 -0.08648 -6.01932e-01 | 29 -0.07199 -4.43643e+00 | 30 -0.09809 -3.00615e+01
 31 -0.02096 -7.95771e+01 | 32 -0.00012 -1.54660e+02 | 33 -0.08198 -7.40860e+01
 34  0.00610 -1.14042e+02 | 35 -0.28182 -7.04315e+01 | 36  0.03434 -2.37727e+02
 37 -0.06155 -2.10040e+02 | 38  0.01522 -3.99165e+02 | 39  0.05600 -3.21828e+02
 40 -0.23094 -5.99739e+01 | 41  0.10742 -3.99026e+02 | 42 -0.00584 -1.42470e+02
 43 -0.00452 -1.93524e+01 | 44  0.00527  2.63841e+01 | 45 -0.15053 -1.10152e+01
 46 -0.02691  2.93171e+01 | 47 -0.11038 -3.29404e+00 | 48 -0.12533 -1.44919e+01
 49  0.06645 -1.45708e+02 | 50 -0.05321  3.96426e+01 | 51 -0.03971  9.65149e+01
 52 -0.10481  5.15211e+01 | 53 -0.00325  2.07946e+01 | 54 -0.05881 -1.16399e+02
 55 -0.05567 -7.39764e+01 | 56 -0.02940  1.94614e+01 | 57  0.02784  9.19068e+01
 58 -0.04111  2.06292e+01 | 59  0.02118  1.72411e+01 | 60 -0.17051 -1.74526e+01
 61  0.04890  1.03566e+02 | 62 -0.10682  5.82456e+01 | 63 -0.04775  1.32206e+02
 64 -0.06970 -4.25172e+01 | 65 -0.06356 -1.12676e+02 | 66 -0.12940 -1.12428e+02
 67 -0.12772 -6.90013e+01 | 68  0.04598  4.67705e+01 | 69  0.01965  9.68210e+01
 70 -0.02952  2.18853e+01 | 71 -0.01904  4.47922e+00 | 72 -0.02193  3.49415e+00
Maximum number of function evaluations exceeded

 - final statistics:
72 variables; iteration 76; function evaluation 100
Function value 3.7711e+02; maximum gradient component mag 6.1061e+03
Exit code = 3;  converg criter 1.0000e+01
Var    Value     Gradient |Var    Value     Gradient |Var    Value     Gradient
  1  0.00768  6.10613e+03 |  2  0.10805  3.53037e+01 |  3 -0.05167 -5.57782e+00
  4 -0.03887 -1.39858e+00 |  5 -0.05047 -3.86724e+00 |  6  0.00034  1.21697e+01
  7 -0.02356  6.06850e+00 |  8 -0.03130  5.05761e+00 |  9 -0.04306  2.85215e+00
 10 -0.05150  1.78234e+00 | 11 -0.04340  6.60731e+00 | 12 -0.00802  2.27457e+01
 13 -0.02237  2.00507e+01 | 14 -0.04341  1.43878e+01 | 15 -0.06522  8.01586e+00
 16 -0.09418 -6.85898e-01 | 17 -0.06773  1.27098e+01 | 18 -0.08611  7.24698e+00
 19 -0.14506 -1.34008e+01 | 20 -0.07486  1.96948e+01 | 21  0.29407  6.22570e+02
 22 -0.06135  3.89837e+01 | 23 -0.05624  5.01377e+01 | 24 -0.05797  5.64337e+01
 25 -0.10188  3.05589e+01 | 26 -0.09045  4.17004e+01 | 27 -0.15334  7.24189e+00
 28 -0.06679  7.73197e+01 | 29 -0.08523  7.05163e+01 | 30 -0.11899  4.46961e+01
 31 -0.02629  1.30930e+02 | 32  0.01986  1.92557e+02 | 33 -0.08035  1.11605e+02
 34 -0.01380  2.25098e+02 | 35 -0.28301 -2.63890e+01 | 36  0.02355  3.34041e+02
 37 -0.02198  1.18772e+02 | 38 -0.00394  5.10717e+01 | 39  0.05834  2.71505e+02
 40 -0.22965 -2.56759e+00 | 41  0.10634  1.64158e+02 | 42 -0.02045  3.11134e+00
 43 -0.01713  6.53109e+01 | 44 -0.00070  8.29015e+01 | 45 -0.12083  7.93194e+00
 46 -0.03456  1.58218e+01 | 47 -0.11807 -2.07192e+01 | 48 -0.15699 -2.65912e+01
 49  0.06194 -1.59870e+02 | 50 -0.07470  5.84952e+00 | 51 -0.04807  6.13943e+01
 52 -0.12057  4.29591e+01 | 53 -0.01515  4.16878e+01 | 54 -0.08191 -7.55609e+01
 55 -0.03874 -2.74372e+01 | 56 -0.05694  1.26007e+01 | 57  0.01285  5.54144e+01
 58 -0.03959  4.87024e+01 | 59  0.01196  5.12735e+01 | 60 -0.17238 -1.60510e+01
 61  0.03778 -1.25530e+01 | 62 -0.11660 -7.66088e+00 | 63 -0.07410  2.50721e+01
 64 -0.06582 -8.72043e+01 | 65 -0.07210 -1.17021e+02 | 66 -0.14432 -9.82175e+01
 67 -0.11600 -4.08991e+01 | 68  0.03090  9.69504e+01 | 69 -0.00156  8.73633e+01
 70 -0.02547  2.61625e+01 | 71 -0.01261  7.60998e+00 | 72 -0.05389 -2.94397e+00

Initial statistics: 83 variables; iteration 0; function evaluation 0; phase 3
Function value 3.7710533e+02; maximum gradient component mag 6.1061e+03
Var    Value     Gradient |Var    Value     Gradient |Var    Value     Gradient
  1  0.00768  6.10613e+03 |  2  0.00974  5.95882e+00 |  3  0.10805  3.53037e+01
  4 -0.05167 -5.57782e+00 |  5 -0.03887 -1.39858e+00 |  6 -0.05047 -3.86724e+00
  7  0.00034  1.21697e+01 |  8 -0.02356  6.06850e+00 |  9 -0.03130  5.05761e+00
 10 -0.04306  2.85215e+00 | 11 -0.05150  1.78234e+00 | 12 -0.04340  6.60731e+00
 13 -0.00802  2.27457e+01 | 14 -0.02237  2.00507e+01 | 15 -0.04341  1.43878e+01
 16 -0.06522  8.01586e+00 | 17 -0.09418 -6.85898e-01 | 18 -0.06773  1.27098e+01
 19 -0.08611  7.24698e+00 | 20 -0.14506 -1.34008e+01 | 21 -0.07486  1.96948e+01
 22  0.29407  6.22570e+02 | 23 -0.06135  3.89837e+01 | 24 -0.05624  5.01377e+01
 25 -0.05797  5.64337e+01 | 26 -0.10188  3.05589e+01 | 27 -0.09045  4.17004e+01
 28 -0.15334  7.24189e+00 | 29 -0.06679  7.73197e+01 | 30 -0.08523  7.05163e+01
 31 -0.11899  4.46961e+01 | 32 -0.02629  1.30930e+02 | 33  0.01986  1.92557e+02
 34 -0.08035  1.11605e+02 | 35 -0.01380  2.25098e+02 | 36 -0.28301 -2.63890e+01
 37  0.02355  3.34041e+02 | 38 -0.02198  1.18772e+02 | 39 -0.00394  5.10717e+01
 40  0.05834  2.71505e+02 | 41 -0.22965 -2.56759e+00 | 42  0.10634  1.64158e+02
 43 -0.02045  3.11134e+00 | 44 -0.01713  6.53109e+01 | 45 -0.00070  8.29015e+01
 46 -0.12083  7.93194e+00 | 47 -0.03456  1.58218e+01 | 48 -0.11807 -2.07192e+01
 49 -0.15699 -2.65912e+01 | 50  0.06194 -1.59870e+02 | 51 -0.07470  5.84952e+00
 52 -0.04807  6.13943e+01 | 53 -0.12057  4.29591e+01 | 54 -0.01515  4.16878e+01
 55 -0.08191 -7.55609e+01 | 56 -0.03874 -2.74372e+01 | 57 -0.05694  1.26007e+01
 58  0.01285  5.54144e+01 | 59 -0.03959  4.87024e+01 | 60  0.01196  5.12735e+01
 61 -0.17238 -1.60510e+01 | 62  0.03778 -1.25530e+01 | 63 -0.11660 -7.66088e+00
 64 -0.07410  2.50721e+01 | 65 -0.06582 -8.72043e+01 | 66 -0.07210 -1.17021e+02
 67 -0.14432 -9.82175e+01 | 68 -0.11600 -4.08991e+01 | 69  0.03090  9.69504e+01
 70 -0.00156  8.73633e+01 | 71 -0.02547  2.61625e+01 | 72 -0.01261  7.60998e+00
 73 -0.05389 -2.94397e+00 | 74 -0.26981  1.83882e+02 | 75 -0.01669 -1.24482e+02
 76 -0.11962  5.78336e+02 | 77  0.05350 -4.22969e+02 | 78  0.07395  1.84484e+01
 79  0.08185 -7.07275e+01 | 80 -0.25720 -1.70330e+02 | 81  0.12567  1.03485e+02
 82 -0.15580 -1.91182e+02 | 83  0.04946  2.00047e+02 |

Intermediate statistics: 83 variables; iteration 20; function evaluation 24; phase 3
Function value 2.6049334e+02; maximum gradient component mag 2.7623e+04
Var    Value     Gradient |Var    Value     Gradient |Var    Value     Gradient
  1  0.01325  2.76226e+04 |  2  0.00997  1.60231e+01 |  3  0.03929  3.03591e+01
  4 -0.01579  1.62561e+01 |  5 -0.01086  2.14859e+01 |  6 -0.01236  2.47718e+01
  7  0.00472  3.75986e+01 |  8  0.00013  4.11058e+01 |  9  0.00020  4.77808e+01
 10 -0.00143  5.41602e+01 | 11 -0.00217  6.18885e+01 | 12  0.00253  7.54662e+01
 13  0.01671  1.00319e+02 | 14  0.01098  1.07741e+02 | 15  0.00331  1.14434e+02
 16 -0.00382  1.21457e+02 | 17 -0.01365  1.26281e+02 | 18  0.00033  1.68181e+02
 19 -0.00842  1.72945e+02 | 20 -0.03387  1.51800e+02 | 21 -0.00276  2.34464e+02
 22  0.20825  1.33044e+03 | 23 -0.00414  2.80597e+02 | 24 -0.02006  2.53793e+02
 25 -0.04443  2.06575e+02 | 26 -0.06318  1.80928e+02 | 27 -0.07377  1.75600e+02
 28 -0.08644  1.62726e+02 | 29 -0.11526  1.33315e+02 | 30 -0.11630  1.68812e+02
 31 -0.10493  2.50934e+02 | 32 -0.05689  5.10864e+02 | 33  0.04575  1.36572e+03
 34 -0.09615  3.93764e+02 | 35 -0.07201  4.39877e+02 | 36 -0.10896  3.30006e+02
 37 -0.00278  1.09474e+03 | 38  0.01815  1.28471e+03 | 39  0.06055  1.49420e+03
 40  0.02595  9.41053e+02 | 41 -0.16614  1.14841e+02 | 42  0.10284  8.00615e+02
 43 -0.01309  1.62888e+02 | 44 -0.00926  7.61756e+01 | 45 -0.00687 -7.17379e+00
 46 -0.07514 -3.06979e+01 | 47 -0.04733 -7.04356e+00 | 48 -0.05542  3.47108e+01
 49 -0.15015  3.09010e+01 | 50  0.05390  3.79135e+02 | 51 -0.19606 -5.13755e+01
 52 -0.08268 -6.77469e+01 | 53 -0.14818 -6.55631e+01 | 54 -0.11606 -1.73038e+02
 55 -0.07019 -1.74180e+02 | 56 -0.12927 -4.35349e+01 | 57 -0.07317 -3.56710e+01
 58 -0.05166  7.12409e+01 | 59 -0.02173  1.20858e+02 | 60 -0.07101  9.45745e+01
 61 -0.11959 -7.09221e+00 | 62 -0.02452 -1.39926e+02 | 63 -0.11934 -8.19050e+01
 64 -0.14161 -7.52911e+01 | 65 -0.06871 -1.24282e+02 | 66 -0.13985 -1.89956e+01
 67 -0.10656  1.67906e+01 | 68 -0.10348  5.86981e+01 | 69 -0.01179  1.03224e+02
 70 -0.10162  1.65631e+01 | 71 -0.08405  1.42772e+01 | 72 -0.04353  1.18604e+01
 73 -0.05007  7.98026e+00 | 74 -0.31221  6.27365e+02 | 75 -0.02172 -4.07022e+02
 76 -0.33915  1.38384e+03 | 77 -0.05886 -6.46755e+02 | 78  0.23271  2.02432e+02
 79  0.02578 -2.39845e+02 | 80 -0.08152 -2.77123e+02 | 81  0.12518  3.94359e+02
 82 -0.08289 -5.09029e+01 | 83  0.00173 -7.98128e+01 |
83 variables; iteration 40; function evaluation 46; phase 3
Function value 2.4609322e+02; maximum gradient component mag 7.1758e+03
Var    Value     Gradient |Var    Value     Gradient |Var    Value     Gradient
  1  0.01640  7.17580e+03 |  2  0.01837  1.12953e+01 |  3 -0.02430 -4.66635e-02
  4  0.02428  2.05292e+01 |  5  0.02157  2.18495e+01 |  6  0.02744  2.65779e+01
  7  0.01432  2.46367e+01 |  8  0.02456  3.21442e+01 |  9  0.02868  3.80972e+01
 10  0.03197  4.45002e+01 | 11  0.03352  5.08113e+01 | 12  0.03198  5.64251e+01
 13  0.02779  6.15010e+01 | 14  0.02353  6.67292e+01 | 15  0.01890  7.25372e+01
 16  0.01462  7.81859e+01 | 17  0.00961  8.36750e+01 | 18  0.01195  9.80267e+01
 19  0.00250  9.97169e+01 | 20 -0.01267  9.51943e+01 | 21 -0.00065  1.23515e+02
 22  0.20047  6.70145e+02 | 23 -0.00421  1.46700e+02 | 24 -0.02125  1.31565e+02
 25 -0.04932  1.02164e+02 | 26 -0.06916  8.78725e+01 | 27 -0.08794  7.71690e+01
 28 -0.09087  7.83830e+01 | 29 -0.15424  2.96237e+01 | 30 -0.14218  5.12251e+01
 31 -0.12236  8.98710e+01 | 32 -0.09159  1.58236e+02 | 33  0.01548  4.19595e+02
 34 -0.08460  1.40912e+02 | 35 -0.06067  1.94387e+02 | 36 -0.06520  1.34338e+02
 37 -0.02820  1.38898e+02 | 38  0.00653  1.38877e+02 | 39  0.05005  8.61881e+00
 40  0.01835  7.75141e+01 | 41 -0.08142 -1.43595e+01 | 42  0.09296  4.26824e+01
 43  0.00199 -2.36711e+01 | 44  0.00234 -5.99882e+01 | 45 -0.06093 -6.24397e+01
 46 -0.01648 -3.43543e+01 | 47 -0.07946 -1.18483e+01 | 48 -0.05986  3.36534e+01
 49 -0.13019  3.69908e+01 | 50  0.02731  2.63538e+02 | 51 -0.15160 -6.32291e+01
 52 -0.12081 -9.21325e+01 | 53 -0.12944 -7.06183e+01 | 54 -0.17409 -7.72382e+01
 55 -0.05442  5.18425e+01 | 56 -0.16567  3.62560e+01 | 57 -0.07860 -5.16358e+00
 58 -0.04765 -1.10906e+02 | 59 -0.04353 -2.37540e+02 | 60 -0.08855 -1.36450e+02
 61 -0.10041 -4.37937e+01 | 62 -0.05056 -4.35169e+01 | 63 -0.09066  4.56163e+01
 64 -0.18575  1.85532e+01 | 65 -0.05853  7.00798e+01 | 66 -0.17529  1.85989e+01
 67 -0.09049  4.82504e+01 | 68 -0.13235  8.59879e+00 | 69 -0.01670  5.61799e+01
 70 -0.09919  2.52422e+01 | 71 -0.19235 -1.27173e+01 | 72 -0.13705 -5.08286e+00
 73 -0.09458  1.80484e+00 | 74 -0.34955  2.87111e+01 | 75 -0.07221 -3.36211e+01
 76 -0.36349  2.27310e+02 | 77 -0.08841 -9.96916e+01 | 78  0.59037  2.19394e+01
 79  0.24009 -3.07648e+01 | 80 -0.14812 -2.03835e+02 | 81  0.05792  2.68163e+02
 82 -0.02822 -1.20295e+02 | 83  0.05468  1.55667e+02 |
83 variables; iteration 60; function evaluation 68; phase 3
Function value 2.1746262e+02; maximum gradient component mag 2.1433e+04
Var    Value     Gradient |Var    Value     Gradient |Var    Value     Gradient
  1  0.02276  2.14328e+04 |  2  0.00396  1.30310e+01 |  3  0.00456  1.57899e+01
  4 -0.00239  2.00642e+01 |  5 -0.00936  2.05959e+01 |  6 -0.01621  2.13775e+01
  7 -0.01107  2.77222e+01 |  8 -0.01616  3.00494e+01 |  9 -0.01039  3.84015e+01
 10 -0.00117  5.01172e+01 | 11  0.00405  6.09849e+01 | 12  0.00023  6.66713e+01
 13 -0.01134  6.68067e+01 | 14 -0.03090  6.00017e+01 | 15 -0.04308  5.92120e+01
 16 -0.04169  6.89074e+01 | 17 -0.03998  8.06552e+01 | 18 -0.03137  1.03545e+02
 19 -0.04112  1.03811e+02 | 20 -0.05360  1.00561e+02 | 21 -0.06438  1.03722e+02
 22  0.19815  1.01522e+03 | 23 -0.05591  1.39754e+02 | 24 -0.04929  1.55929e+02
 25 -0.04754  1.61458e+02 | 26 -0.07985  1.20184e+02 | 27 -0.09018  1.11443e+02
 28 -0.11183  8.50067e+01 | 29 -0.14357  5.37539e+01 | 30 -0.16199  4.47203e+01
 31 -0.12674  8.87777e+01 | 32 -0.12371  9.93256e+01 | 33  0.00422  2.93203e+02
 34 -0.06869  1.23573e+02 | 35 -0.11170  1.25408e+02 | 36 -0.03918  2.74193e+02
 37 -0.04293  1.48251e+02 | 38 -0.01277  7.90280e+01 | 39  0.04404  6.85093e+01
 40 -0.00927  3.77606e+02 | 41 -0.05537  2.72377e+02 | 42  0.07243  1.02920e+03
 43 -0.04696  4.46873e+02 | 44  0.00423  7.06532e+02 | 45 -0.06801  3.33996e+02
 46 -0.01879  4.48060e+02 | 47 -0.07388  1.88839e+02 | 48 -0.11178  7.72805e+01
 49 -0.11935  7.27597e+01 | 50  0.00841  2.53733e+02 | 51 -0.11402  1.80443e+01
 52 -0.14407 -1.01571e+02 | 53 -0.17512 -1.22301e+02 | 54 -0.12845 -2.01433e+02
 55 -0.09427 -2.21811e+02 | 56 -0.17860 -5.12410e+01 | 57 -0.08451  1.14630e+02
 58 -0.05971  2.26930e+02 | 59 -0.07011  1.01062e+02 | 60 -0.06696  2.57134e+02
 61 -0.15501  1.47464e+02 | 62 -0.05419  4.04218e+02 | 63 -0.09362  3.43262e+02
 64 -0.22623  7.48301e+01 | 65 -0.07692  3.47550e+02 | 66 -0.14419  2.10612e+02
 67 -0.13425  1.04037e+02 | 68 -0.12803  7.87360e+01 | 69 -0.04041  2.23128e+02
 70 -0.10143  9.47690e+01 | 71 -0.19963 -4.33370e+00 | 72 -0.20907 -1.71843e+01
 73 -0.15538 -8.93454e+00 | 74 -0.29200  6.35998e+02 | 75  0.03027 -3.49887e+02
 76 -0.33678  9.74371e+02 | 77 -0.06404 -3.88727e+02 | 78  0.78613  2.10417e+01
 79  0.27103 -1.06545e+02 | 80 -0.15464 -1.31155e+02 | 81  0.01499  1.81381e+02
 82 -0.06858  2.96233e+02 | 83  0.01811 -3.76041e+02 |
83 variables; iteration 80; function evaluation 94; phase 3
Function value 1.8910120e+02; maximum gradient component mag 3.9233e+04
Var    Value     Gradient |Var    Value     Gradient |Var    Value     Gradient
  1  0.02098  3.92327e+04 |  2  0.00472  5.16231e+01 |  3  0.01960  7.31639e+01
  4 -0.05589  3.53120e+01 |  5 -0.05291  4.59794e+01 |  6 -0.04416  6.31382e+01
  7 -0.01932  9.99883e+01 |  8 -0.02886  1.06668e+02 |  9 -0.02293  1.32590e+02
 10 -0.02389  1.52091e+02 | 11 -0.02911  1.65929e+02 | 12 -0.03197  1.84412e+02
 13 -0.03117  2.09785e+02 | 14 -0.05237  1.90563e+02 | 15 -0.07650  1.69896e+02
 16 -0.04859  2.51219e+02 | 17 -0.05377  2.71165e+02 | 18 -0.05032  3.23829e+02
 19 -0.06858  2.98160e+02 | 20 -0.06956  3.20174e+02 | 21 -0.07557  3.44875e+02
 22  0.20572  3.51961e+03 | 23 -0.06549  4.47110e+02 | 24 -0.05076  5.13337e+02
 25 -0.05821  4.70712e+02 | 26 -0.08879  3.57672e+02 | 27 -0.08872  3.62158e+02
 28 -0.10773  2.99660e+02 | 29 -0.10588  3.05395e+02 | 30 -0.13179  2.60140e+02
 31 -0.13201  2.90491e+02 | 32 -0.11944  3.87791e+02 | 33  0.01339  1.45076e+03
 34 -0.02956  1.05227e+03 | 35 -0.13972  4.27728e+02 | 36 -0.03233  1.06462e+03
 37 -0.03311  8.79410e+02 | 38 -0.00329  9.15882e+02 | 39  0.05764  1.51800e+03
 40 -0.01398  1.11017e+03 | 41 -0.03932  6.64436e+02 | 42  0.07014  1.48701e+03
 43 -0.05242  5.03541e+02 | 44 -0.00751  6.12197e+02 | 45 -0.05227  3.51345e+02
 46 -0.01452  4.84530e+02 | 47 -0.05850  2.65756e+02 | 48 -0.11993  1.32605e+02
 49 -0.07967  2.20058e+02 | 50  0.00902  3.95778e+02 | 51 -0.09965  1.22461e+02
 52 -0.14474 -3.61315e+01 | 53 -0.18260 -7.47630e+01 | 54 -0.11401 -1.40195e+02
 55 -0.08446 -2.94004e+02 | 56 -0.19401 -1.97268e+02 | 57 -0.08443 -4.55960e+02
 58 -0.05427 -5.31948e+02 | 59 -0.06798 -6.03314e+02 | 60 -0.06769 -5.10526e+02
 61 -0.14819 -3.00466e+02 | 62 -0.05374 -6.83181e+02 | 63 -0.09522 -4.50666e+02
 64 -0.22627 -1.96449e+02 | 65 -0.07477 -4.71132e+02 | 66 -0.14583 -1.58672e+02
 67 -0.12771 -1.71068e+02 | 68 -0.12411 -1.00266e+02 | 69 -0.04455  4.40622e+01
 70 -0.09280  1.00897e+02 | 71 -0.12773  2.57195e+01 | 72 -0.14088 -1.76091e-01
 73 -0.12556 -5.92060e-01 | 74 -0.27913  4.70676e+02 | 75  0.03710 -3.84477e+02
 76 -0.32947  2.67926e+03 | 77 -0.04952 -1.27651e+03 | 78  0.79150  8.45308e+01
 79  0.25249 -5.45140e+02 | 80 -0.15278 -8.65988e+01 | 81 -0.04119  9.77989e+01
 82 -0.05506 -5.47803e+02 | 83  0.02898  4.21138e+02 |
83 variables; iteration 100; function evaluation 123; phase 3
Function value 1.5789058e+02; maximum gradient component mag 2.3388e+04
Var    Value     Gradient |Var    Value     Gradient |Var    Value     Gradient
  1  0.02219  2.33875e+04 |  2 -0.02615  1.08489e+01 |  3  0.00074  2.60420e+01
  4 -0.01885  2.59625e+01 |  5 -0.04083  2.07406e+01 |  6 -0.02647  3.33392e+01
  7 -0.03726  3.39882e+01 |  8  0.00715  7.15654e+01 |  9 -0.00911  6.97992e+01
 10 -0.01607  7.50117e+01 | 11 -0.01768  8.50764e+01 | 12 -0.02671  8.86582e+01
 13 -0.03648  9.12562e+01 | 14 -0.04523  9.40198e+01 | 15 -0.05834  9.33227e+01
 16 -0.05678  1.08813e+02 | 17 -0.04561  1.41115e+02 | 18 -0.04842  1.59723e+02
 19 -0.06153  1.55040e+02 | 20 -0.06596  1.64334e+02 | 21 -0.07824  1.67001e+02
 22  0.17694  1.46375e+03 | 23 -0.07074  2.09681e+02 | 24 -0.06141  2.33293e+02
 25 -0.06683  2.19456e+02 | 26 -0.09550  1.65738e+02 | 27 -0.10453  1.52132e+02
 28 -0.11472  1.34387e+02 | 29 -0.10553  1.48971e+02 | 30 -0.13303  1.16569e+02
 31 -0.14619  1.06571e+02 | 32 -0.13939  1.31235e+02 | 33  0.01723  6.48597e+02
 34 -0.03374  5.02010e+02 | 35 -0.14872  1.98144e+02 | 36 -0.05101  4.44434e+02
 37 -0.02491  4.81518e+02 | 38  0.00631  4.53482e+02 | 39  0.04461  5.22055e+02
 40 -0.05147  3.46175e+02 | 41 -0.03618  1.99047e+02 | 42  0.06198  6.85526e+02
 43 -0.07949  2.64209e+02 | 44 -0.01698  3.73355e+02 | 45 -0.04245  2.82624e+02
 46 -0.04030  2.94587e+02 | 47 -0.04937  2.41785e+02 | 48 -0.12992  7.34074e+01
 49 -0.09416  4.98198e+01 | 50  0.00368 -4.19087e+01 | 51 -0.11925 -1.16503e+01
 52 -0.13658 -1.92274e+01 | 53 -0.18455 -9.51109e+00 | 54 -0.12695  2.43910e+01
 55 -0.09220  8.40089e+01 | 56 -0.16734  3.17276e+01 | 57 -0.09317  7.78036e+00
 58 -0.06873  3.14697e+01 | 59 -0.05021 -3.50907e+00 | 60 -0.09457  1.38884e+01
 61 -0.13600  4.29699e+01 | 62 -0.05465  9.55536e+01 | 63 -0.11378  9.15879e+01
 64 -0.18981  5.02015e+01 | 65 -0.07485  1.51349e+02 | 66 -0.17896  4.73077e+01
 67 -0.11337  6.84409e+01 | 68 -0.12985  3.10426e+01 | 69 -0.04627 -4.72271e+01
 70 -0.12834 -2.67728e+01 | 71 -0.17172 -4.02299e+00 | 72 -0.15792 -1.36369e+00
 73 -0.13379 -3.06667e-01 | 74 -0.32090  6.62216e+02 | 75 -0.04376 -3.77329e+02
 76 -0.27381  1.14839e+03 | 77 -0.00571 -7.27184e+02 | 78  0.89813  1.87792e+01
 79  0.21692 -3.04972e+02 | 80 -0.13500  2.12965e+01 | 81 -0.11918 -1.14847e+01
 82 -0.04043  4.59029e+01 | 83  0.03764 -2.91405e+01 |
83 variables; iteration 120; function evaluation 147; phase 3
Function value 1.3254775e+02; maximum gradient component mag 2.1830e+04
Var    Value     Gradient |Var    Value     Gradient |Var    Value     Gradient
  1  0.02057  2.18303e+04 |  2 -0.00339  1.77281e+01 |  3 -0.00964  1.92159e+01
  4 -0.01165  2.69332e+01 |  5 -0.01898  2.88931e+01 |  6 -0.00643  4.19534e+01
  7 -0.02263  4.03990e+01 |  8  0.00292  6.64191e+01 |  9 -0.00429  7.25602e+01
 10 -0.00025  8.91505e+01 | 11 -0.00473  9.98342e+01 | 12 -0.01072  1.09919e+02
 13 -0.03020  1.05202e+02 | 14 -0.03144  1.20901e+02 | 15 -0.03758  1.32832e+02
 16 -0.03389  1.60318e+02 | 17 -0.01984  2.14662e+02 | 18 -0.03485  2.18183e+02
 19 -0.04237  2.30257e+02 | 20 -0.03189  2.84754e+02 | 21 -0.06428  2.36604e+02
 22  0.10007  9.91599e+02 | 23 -0.06633  2.72345e+02 | 24 -0.06386  2.99192e+02
 25 -0.06632  3.12045e+02 | 26 -0.08790  2.76530e+02 | 27 -0.10443  2.52463e+02
 28 -0.10663  2.56161e+02 | 29 -0.10812  2.64703e+02 | 30 -0.12745  2.35102e+02
 31 -0.13884  2.15557e+02 | 32 -0.16997  1.67880e+02 | 33  0.04403  1.26376e+03
 34 -0.08094  5.37516e+02 | 35 -0.17373  2.27195e+02 | 36 -0.05584  5.52003e+02
 37 -0.04086  5.48343e+02 | 38  0.01380  6.67230e+02 | 39  0.03053  6.30700e+02
 40 -0.16419  1.44911e+02 | 41  0.01829  3.84717e+02 | 42  0.03559  3.88687e+02
 43 -0.13435  7.82108e+01 | 44 -0.00936  1.95881e+02 | 45 -0.03910  1.48508e+02
 46 -0.07155  7.17485e+01 | 47 -0.04563  4.26267e+01 | 48 -0.21497 -6.47712e+00
 49 -0.11490  3.41480e+01 | 50  0.02245 -3.36683e+01 | 51 -0.15794 -1.62053e+01
 52 -0.10654 -5.18849e+01 | 53 -0.20161 -2.74779e+01 | 54 -0.09994 -4.31176e+01
 55 -0.10668 -8.03761e+01 | 56 -0.14599 -5.07040e+01 | 57 -0.09123 -8.99588e+01
 58 -0.06077 -7.31995e+01 | 59 -0.05120 -9.51670e+01 | 60 -0.07193 -3.97537e+01
 61 -0.16425 -3.22290e+01 | 62 -0.03130 -8.00224e+01 | 63 -0.14798 -5.19379e+01
 64 -0.14430 -3.93225e+01 | 65 -0.08575 -8.72383e+01 | 66 -0.15476 -3.28797e+01
 67 -0.11378 -3.09411e+01 | 68 -0.12162 -1.23433e+01 | 69 -0.03906 -1.77645e+01
 70 -0.11377 -1.33310e+00 | 71 -0.15775 -1.39190e+00 | 72 -0.13233  5.99630e-01
 73 -0.12176 -7.39384e-01 | 74 -0.38458  8.47976e+02 | 75 -0.17263 -2.73331e+02
 76 -0.10171  1.15355e+03 | 77  0.09135 -1.01674e+03 | 78  1.33763 -9.06656e+01
 79  0.12819 -4.86445e+02 | 80 -0.16529 -8.00680e-02 | 81 -0.33527  9.51797e-03
 82 -0.04186 -1.17373e+02 | 83  0.03600  1.22563e+02 |
83 variables; iteration 140; function evaluation 171; phase 3
Function value 1.2564541e+02; maximum gradient component mag 1.8278e+04
Var    Value     Gradient |Var    Value     Gradient |Var    Value     Gradient
  1  0.01905  1.82782e+04 |  2 -0.00242  1.68521e+01 |  3 -0.00753  1.85713e+01
  4 -0.01389  2.41050e+01 |  5 -0.01489  2.86001e+01 |  6 -0.01711  3.33213e+01
  7 -0.02281  3.69443e+01 |  8 -0.00551  5.55970e+01 |  9 -0.01428  5.92951e+01
 10 -0.01637  6.83356e+01 | 11 -0.01926  7.78232e+01 | 12 -0.01851  9.19733e+01
 13 -0.02424  1.00804e+02 | 14 -0.02943  1.10513e+02 | 15 -0.03509  1.21262e+02
 16 -0.04333  1.29287e+02 | 17 -0.03347  1.67393e+02 | 18 -0.03787  1.86779e+02
 19 -0.04495  1.96623e+02 | 20 -0.04713  2.16031e+02 | 21 -0.05471  2.24353e+02
 22  0.10984  9.34004e+02 | 23 -0.06178  2.45741e+02 | 24 -0.06066  2.66061e+02
 25 -0.06411  2.74779e+02 | 26 -0.08711  2.39155e+02 | 27 -0.10118  2.22817e+02
 28 -0.10594  2.20654e+02 | 29 -0.10087  2.44122e+02 | 30 -0.12097  2.15131e+02
 31 -0.12535  2.11523e+02 | 32 -0.12766  2.15886e+02 | 33  0.04533  1.04185e+03
 34 -0.09985  3.50346e+02 | 35 -0.15386  1.92471e+02 | 36 -0.06211  3.60797e+02
 37 -0.02614  4.23669e+02 | 38  0.00678  4.33290e+02 | 39  0.04248  4.53031e+02
 40 -0.21417  6.26446e+01 | 41  0.03307  3.09474e+02 | 42  0.02892  2.67692e+02
 43 -0.10225  7.83409e+01 | 44 -0.01378  1.60595e+02 | 45 -0.03365  1.41125e+02
 46 -0.06601  7.90422e+01 | 47 -0.05522  7.56858e+01 | 48 -0.13102  3.57449e+01
 49 -0.21731  7.69530e+00 | 50  0.04391  4.44623e+01 | 51 -0.17121  1.32285e+01
 52 -0.09600  2.05061e+01 | 53 -0.18629  9.67084e+00 | 54 -0.10251  1.83483e+01
 55 -0.08809 -9.48425e+00 | 56 -0.15966 -1.33186e+01 | 57 -0.07248 -3.23650e+01
 58 -0.06838 -5.56994e+01 | 59 -0.04000 -9.06272e+01 | 60 -0.06723 -7.36319e+01
 61 -0.18257 -5.83599e+01 | 62 -0.01638 -1.13642e+02 | 63 -0.17183 -6.16330e+01
 64 -0.12534 -4.18618e+01 | 65 -0.08784 -9.49980e+01 | 66 -0.14692 -4.63258e+01
 67 -0.11311 -5.74411e+01 | 68 -0.12292 -3.38304e+01 | 69 -0.02959 -3.24045e+01
 70 -0.11335 -1.27470e+01 | 71 -0.13159 -2.38743e-01 | 72 -0.11777  1.58384e-03
 73 -0.10326  3.90584e-01 | 74 -0.40833  1.18627e+03 | 75 -0.28256 -2.29716e+02
 76 -0.09867  9.65160e+02 | 77  0.09014 -8.56503e+02 | 78  1.26008 -5.45140e+01
 79  0.14902 -4.01686e+02 | 80 -0.14193 -3.41048e+00 | 81 -0.32523  1.44549e-01
 82 -0.05919 -8.22473e+01 | 83  0.02775  8.63163e+01 |
83 variables; iteration 160; function evaluation 195; phase 3
Function value 1.2151519e+02; maximum gradient component mag 2.4738e+04
Var    Value     Gradient |Var    Value     Gradient |Var    Value     Gradient
  1  0.01914  2.47379e+04 |  2 -0.00530  2.24324e+01 |  3 -0.00282  2.87871e+01
  4 -0.02340  2.85780e+01 |  5 -0.01952  3.70536e+01 |  6 -0.01220  4.93854e+01
  7 -0.01792  5.51922e+01 |  8 -0.03549  5.31723e+01 |  9 -0.02964  6.88424e+01
 10 -0.02656  8.47428e+01 | 11 -0.02132  1.05664e+02 | 12 -0.02855  1.15115e+02
 13 -0.03521  1.25178e+02 | 14 -0.03736  1.41813e+02 | 15 -0.04417  1.54277e+02
 16 -0.03149  2.01700e+02 | 17 -0.03515  2.28167e+02 | 18 -0.04008  2.53063e+02
 19 -0.04256  2.77324e+02 | 20 -0.04288  3.07939e+02 | 21 -0.06694  2.73927e+02
 22  0.09435  1.11081e+03 | 23 -0.05722  3.48577e+02 | 24 -0.06317  3.55130e+02
 25 -0.07237  3.50588e+02 | 26 -0.07821  3.61316e+02 | 27 -0.08536  3.63152e+02
 28 -0.09580  3.41831e+02 | 29 -0.10094  3.40829e+02 | 30 -0.10215  3.55725e+02
 31 -0.09825  3.70360e+02 | 32 -0.07507  4.44560e+02 | 33  0.02487  1.02627e+03
 34 -0.11062  3.51358e+02 | 35 -0.14971  2.26324e+02 | 36 -0.06177  4.10665e+02
 37 -0.02965  4.71674e+02 | 38  0.00779  5.44474e+02 | 39  0.04541  6.04548e+02
 40 -0.27561  3.50134e+01 | 41  0.04062  4.74960e+02 | 42  0.02178  3.63241e+02
 43 -0.08655  1.31359e+02 | 44 -0.01823  2.00996e+02 | 45 -0.03673  1.63884e+02
 46 -0.06055  1.15074e+02 | 47 -0.05671  1.05038e+02 | 48 -0.14910  4.85432e+01
 49 -0.17673  4.11345e+01 | 50  0.04118  1.05168e+02 | 51 -0.17117  1.16392e+01
 52 -0.09092 -9.13411e+00 | 53 -0.19482 -2.10972e+01 | 54 -0.10034 -2.99382e+01
 55 -0.08702 -4.02297e+01 | 56 -0.16115 -2.68574e+01 | 57 -0.06560 -6.68685e+01
 58 -0.08654 -8.63630e+01 | 59 -0.02032 -8.12375e+01 | 60 -0.10474 -6.67287e+01
 61 -0.12426 -3.17952e+01 | 62 -0.02948 -5.46278e+01 | 63 -0.15749 -4.54517e+01
 64 -0.12555  5.86098e+00 | 65 -0.08757 -2.95883e+01 | 66 -0.15165 -8.96678e+00
 67 -0.11007 -3.83858e+00 | 68 -0.12348 -5.52327e+00 | 69 -0.03178  4.22123e+00
 70 -0.10382  5.79536e+00 | 71 -0.13528  5.85812e-01 | 72 -0.11048  4.30426e-01
 73 -0.10073 -1.75473e-02 | 74 -0.42436  3.06142e+03 | 75 -0.40598 -2.99796e+02
 76 -0.07792  1.20688e+03 | 77  0.10749 -1.04232e+03 | 78  1.28600 -8.23962e+01
 79  0.15031 -5.37124e+02 | 80 -0.14005  2.26153e-01 | 81 -0.34020  2.41933e-01
 82 -0.07108 -7.85039e+01 | 83  0.01430  5.30677e+01 |
83 variables; iteration 180; function evaluation 217; phase 3
Function value 1.1801816e+02; maximum gradient component mag 1.7548e+04
Var    Value     Gradient |Var    Value     Gradient |Var    Value     Gradient
  1  0.01991  1.75478e+04 |  2 -0.00562  1.68532e+01 |  3 -0.00110  2.27586e+01
  4 -0.02320  2.16984e+01 |  5 -0.02233  2.70525e+01 |  6 -0.02424  3.19794e+01
  7 -0.02192  4.01984e+01 |  8 -0.02148  4.87077e+01 |  9 -0.02376  5.65976e+01
 10 -0.02559  6.57824e+01 | 11 -0.02703  7.65059e+01 | 12 -0.02854  8.85582e+01
 13 -0.03287  9.84859e+01 | 14 -0.03923  1.06674e+02 | 15 -0.04276  1.19768e+02
 16 -0.04357  1.37957e+02 | 17 -0.03960  1.68324e+02 | 18 -0.04807  1.80351e+02
 19 -0.05231  1.94292e+02 | 20 -0.05054  2.20066e+02 | 21 -0.06765  2.06738e+02
 22  0.08431  7.97049e+02 | 23 -0.06950  2.37311e+02 | 24 -0.06811  2.59660e+02
 25 -0.06731  2.81842e+02 | 26 -0.08238  2.67752e+02 | 27 -0.08638  2.77866e+02
 28 -0.09371  2.69418e+02 | 29 -0.08751  2.97589e+02 | 30 -0.09222  2.98860e+02
 31 -0.08421  3.18923e+02 | 32 -0.05645  3.93784e+02 | 33  0.01032  7.02581e+02
 34 -0.12002  2.48927e+02 | 35 -0.15474  1.68636e+02 | 36 -0.05802  3.30524e+02
 37 -0.03518  3.31199e+02 | 38  0.00754  3.82320e+02 | 39  0.04416  4.03602e+02
 40 -0.29035  1.40224e+01 | 41  0.04144  2.75539e+02 | 42  0.01849  1.45784e+02
 43 -0.09390  5.29532e+01 | 44 -0.01246  1.07630e+02 | 45 -0.04301  7.15166e+01
 46 -0.06711  4.82853e+01 | 47 -0.04516  5.61409e+01 | 48 -0.17572  9.41381e+00
 49 -0.20082  1.14025e+01 | 50  0.04207  5.25835e+01 | 51 -0.16453  4.86186e+00
 52 -0.09734 -3.74651e+00 | 53 -0.17805 -6.74320e+00 | 54 -0.11159 -2.10453e+01
 55 -0.08247 -2.18155e+01 | 56 -0.16220 -1.49471e+01 | 57 -0.07306 -2.47681e+01
 58 -0.07296 -2.62984e+01 | 59 -0.03447 -3.62496e+01 | 60 -0.08431 -2.24412e+01
 61 -0.13159 -1.77288e+01 | 62 -0.04281 -3.30220e+01 | 63 -0.10575 -1.42750e+01
 64 -0.18121 -2.78174e+01 | 65 -0.07057 -3.97802e+01 | 66 -0.16437 -2.23258e+01
 67 -0.11068 -3.02367e+01 | 68 -0.12505 -1.77031e+01 | 69 -0.03451 -1.76150e+01
 70 -0.10328 -3.56549e+00 | 71 -0.13679 -3.54453e-01 | 72 -0.11634 -2.60452e-01
 73 -0.10244  2.55728e-01 | 74 -0.42967  2.79906e+03 | 75 -0.46993 -1.87702e+02
 76 -0.06032  7.89820e+02 | 77  0.12474 -6.54291e+02 | 78  1.27949 -5.93519e+01
 79  0.14966 -3.89507e+02 | 80 -0.14141 -4.86765e+00 | 81 -0.33522  2.41269e-01
 82 -0.07617 -4.14968e+01 | 83  0.01602  4.44271e+01 |
83 variables; iteration 200; function evaluation 241; phase 3
Function value 1.1426926e+02; maximum gradient component mag -1.2887e+04
Var    Value     Gradient |Var    Value     Gradient |Var    Value     Gradient
  1  0.01599 -1.28869e+04 |  2 -0.00595 -1.21781e+01 |  3 -0.00874 -1.50000e+01
  4 -0.01132 -1.42366e+01 |  5 -0.02864 -1.94642e+01 |  6 -0.02613 -2.27621e+01
  7 -0.03386 -2.74846e+01 |  8  0.00674 -3.27306e+01 |  9 -0.01539 -3.84270e+01
 10 -0.02700 -4.45510e+01 | 11 -0.04058 -5.04719e+01 | 12 -0.03626 -5.90033e+01
 13 -0.02549 -7.05949e+01 | 14 -0.04181 -7.57411e+01 | 15 -0.04212 -8.71300e+01
 16 -0.05341 -9.55854e+01 | 17 -0.03285 -1.23909e+02 | 18 -0.04982 -1.29405e+02
 19 -0.05817 -1.37147e+02 | 20 -0.05103 -1.57592e+02 | 21 -0.07091 -1.52203e+02
 22  0.05256 -3.79046e+02 | 23 -0.07714 -1.67139e+02 | 24 -0.06701 -1.90389e+02
 25 -0.06023 -2.12428e+02 | 26 -0.07322 -2.09496e+02 | 27 -0.08311 -2.06525e+02
 28 -0.08540 -2.06575e+02 | 29 -0.04876 -2.67820e+02 | 30 -0.05562 -2.66409e+02
 31 -0.04037 -3.09241e+02 | 32 -0.05622 -2.77226e+02 | 33 -0.01445 -3.33920e+02
 34 -0.12020 -1.37560e+02 | 35 -0.16365 -1.04528e+02 | 36 -0.07366 -1.97342e+02
 37 -0.01160 -2.78910e+02 | 38 -0.00259 -2.68223e+02 | 39  0.05151 -3.32572e+02
 40 -0.32205 -3.41888e+01 | 41  0.04348 -2.28392e+02 | 42  0.03302 -1.94257e+02
 43 -0.13230 -6.04834e+01 | 44 -0.00029 -1.09913e+02 | 45 -0.03421 -5.00874e+01
 46 -0.07786 -4.56229e+01 | 47 -0.03562 -2.54975e+01 | 48 -0.20239 -2.60565e+00
 49 -0.24003 -3.37532e+00 | 50  0.05713  6.82616e+00 | 51 -0.16210  4.49008e+00
 52 -0.07720  1.00859e+01 | 53 -0.16440  5.81605e+00 | 54 -0.09610  1.01677e+01
 55 -0.06648  1.55348e+01 | 56 -0.15033  1.48638e+00 | 57 -0.05894  2.10040e+01
 58 -0.06352  1.57081e+01 | 59 -0.02176  9.81026e+00 | 60 -0.07359  1.70057e+01
 61 -0.11729  1.15297e+01 | 62 -0.02733  5.71400e+00 | 63 -0.10949  1.23984e+00
 64 -0.14397  5.07477e+00 | 65 -0.07049 -1.96506e+01 | 66 -0.14212 -5.25856e+00
 67 -0.10835 -1.23578e+01 | 68 -0.11290 -3.61748e+00 | 69 -0.02065  8.22654e-01
 70 -0.08169  2.35883e+00 | 71 -0.11624  4.68826e-01 | 72 -0.08946  6.94725e-02
 73 -0.08014  5.08316e-01 | 74 -0.43586 -3.72381e+03 | 75 -0.59390  1.14915e+02
 76  0.04286 -5.04802e+02 | 77  0.16309  4.18031e+02 | 78  1.29257  5.61919e+01
 79  0.13781  2.67837e+02 | 80 -0.13858  6.83959e+00 | 81 -0.26491  1.12952e-01
 82 -0.10160  1.56633e+01 | 83 -0.00045 -1.81141e+01 |
83 variables; iteration 220; function evaluation 264; phase 3
Function value 1.1219913e+02; maximum gradient component mag 3.1460e+03
Var    Value     Gradient |Var    Value     Gradient |Var    Value     Gradient
  1  0.01517  3.14601e+03 |  2 -0.00430  3.57819e+00 |  3 -0.00368  4.76653e+00
  4 -0.02428  3.79771e+00 |  5 -0.01973  6.41046e+00 |  6 -0.02729  5.54861e+00
  7 -0.02398  8.30996e+00 |  8 -0.00904  1.55520e+01 |  9 -0.01846  1.46654e+01
 10 -0.02771  1.38787e+01 | 11 -0.03580  1.35728e+01 | 12 -0.03702  1.61064e+01
 13 -0.03436  2.05924e+01 | 14 -0.03910  2.21273e+01 | 15 -0.04918  2.14892e+01
 16 -0.06366  1.87867e+01 | 17 -0.04577  3.32055e+01 | 18 -0.06245  2.91407e+01
 19 -0.06550  3.14116e+01 | 20 -0.06162  3.75232e+01 | 21 -0.07198  3.41807e+01
 22  0.03179  1.23660e+02 | 23 -0.05920  4.73722e+01 | 24 -0.07004  4.26238e+01
 25 -0.05300  5.73584e+01 | 26 -0.07356  4.54417e+01 | 27 -0.08899  3.63720e+01
 28 -0.09185  3.41042e+01 | 29 -0.01929  8.48922e+01 | 30 -0.03703  6.31892e+01
 31 -0.01601  5.77593e+01 | 32 -0.06474  1.32714e+01 | 33 -0.03657  3.89786e+01
 34 -0.11210  3.33787e+01 | 35 -0.14349  1.75110e+01 | 36 -0.10818  7.13206e+00
 37  0.00433  6.91714e+01 | 38 -0.00986  3.25395e+01 | 39  0.05516  6.41234e+01
 40 -0.32407 -1.53873e+01 | 41  0.04589  5.99054e+01 | 42  0.03501  1.17035e+01
 43 -0.13869 -9.70319e+00 | 44  0.00739 -9.16386e+00 | 45 -0.04621 -8.19991e+00
 46 -0.06673 -2.67250e+01 | 47 -0.03149 -2.69389e+01 | 48 -0.25318 -2.00491e+01
 49 -0.24819 -1.27870e+01 | 50  0.06309 -6.89207e+01 | 51 -0.16455 -1.08974e+01
 52 -0.07063 -8.77419e-01 | 53 -0.15648  9.33289e+00 | 54 -0.09179  1.75997e+01
 55 -0.06218  3.26033e+01 | 56 -0.13951  1.51419e+01 | 57 -0.05710  2.62138e+01
 58 -0.06174  2.60291e+01 | 59 -0.01432  3.98978e+01 | 60 -0.07605  2.04981e+01
 61 -0.10957  2.49696e+01 | 62 -0.02419  5.38768e+01 | 63 -0.10198  3.29501e+01
 64 -0.15070  2.37313e+01 | 65 -0.06167  5.27663e+01 | 66 -0.14703  2.34879e+01
 67 -0.10349  2.76187e+01 | 68 -0.11159  1.71849e+01 | 69 -0.01553  1.44435e+01
 70 -0.07457  3.25283e+00 | 71 -0.11031  7.83889e-02 | 72 -0.08055  5.63548e-02
 73 -0.07508 -1.07327e-01 | 74 -0.43830  1.16673e+03 | 75 -0.69534 -1.97222e+01
 76  0.09393  5.50444e+01 | 77  0.19051 -1.03445e+02 | 78  1.21170 -7.30485e+00
 79  0.15172 -1.02045e+02 | 80 -0.14088 -3.59261e+00 | 81 -0.23073  1.48302e+00
 82 -0.11192  4.90137e+01 | 83 -0.00791 -4.65833e+01 |
83 variables; iteration 240; function evaluation 287; phase 3
Function value 1.0747803e+02; maximum gradient component mag -3.0937e+04
Var    Value     Gradient |Var    Value     Gradient |Var    Value     Gradient
  1  0.01649 -3.09373e+04 |  2 -0.00595 -3.83346e+01 |  3  0.00409 -4.79149e+01
  4 -0.03479 -4.86681e+01 |  5 -0.01628 -6.22368e+01 |  6 -0.04170 -6.81293e+01
  7 -0.00989 -9.47991e+01 |  8 -0.02669 -1.04306e+02 |  9 -0.02245 -1.27454e+02
 10 -0.03650 -1.38838e+02 | 11 -0.03895 -1.60573e+02 | 12 -0.03758 -1.88981e+02
 13 -0.04115 -2.13231e+02 | 14 -0.03763 -2.51458e+02 | 15 -0.05805 -2.53808e+02
 16 -0.06515 -2.80323e+02 | 17 -0.05357 -3.52792e+02 | 18 -0.07068 -3.57429e+02
 19 -0.06545 -4.08801e+02 | 20 -0.06464 -4.47015e+02 | 21 -0.06931 -4.60218e+02
 22  0.00483 -8.42796e+02 | 23 -0.04806 -5.94978e+02 | 24 -0.06407 -5.56093e+02
 25 -0.04620 -6.58138e+02 | 26 -0.07961 -5.29629e+02 | 27 -0.09409 -4.80514e+02
 28 -0.10514 -4.32697e+02 | 29 -0.00808 -8.65348e+02 | 30 -0.04182 -6.64102e+02
 31 -0.00640 -8.78973e+02 | 32 -0.05816 -5.96874e+02 | 33 -0.05982 -5.62355e+02
 34 -0.10669 -3.63303e+02 | 35 -0.13508 -2.90849e+02 | 36 -0.14393 -2.79337e+02
 37  0.01846 -6.89089e+02 | 38 -0.01283 -4.71100e+02 | 39  0.04804 -4.85638e+02
 40 -0.31007 -4.53799e+01 | 41  0.04550 -4.45308e+02 | 42  0.03168 -2.70948e+02
 43 -0.16495 -6.37785e+01 | 44  0.01395 -2.64557e+02 | 45 -0.07355 -1.13028e+02
 46 -0.04365 -1.40033e+02 | 47 -0.05653 -6.80281e+01 | 48 -0.22292 -1.77323e+01
 49 -0.20588 -4.54488e+00 | 50  0.05471 -3.27834e+01 | 51 -0.17907 -1.34945e+01
 52 -0.08064 -1.60061e+01 | 53 -0.16472  4.85776e+00 | 54 -0.09889  3.75297e-01
 55 -0.07323  1.11204e+01 | 56 -0.14590  1.12073e+01 | 57 -0.06462  1.47367e+01
 58 -0.06618  2.27350e+01 | 59 -0.02135  6.87804e+01 | 60 -0.08118  5.15877e+01
 61 -0.11787  4.13511e+01 | 62 -0.02986  7.14547e+01 | 63 -0.11272  3.93845e+01
 64 -0.15281  3.58811e+01 | 65 -0.06637  7.62190e+01 | 66 -0.15744  3.43511e+01
 67 -0.10255  6.05532e+01 | 68 -0.11560  3.42126e+01 | 69 -0.02195  1.36017e+01
 70 -0.09042  1.44464e+00 | 71 -0.11708  9.32326e-01 | 72 -0.09318  2.25987e-01
 73 -0.08771 -5.11486e-01 | 74 -0.43973 -1.34019e+04 | 75 -0.84645  8.39723e+01
 76  0.11068 -1.00311e+03 | 77  0.22117  6.55644e+02 | 78  1.12312  6.27317e+01
 79  0.16073  8.76499e+02 | 80 -0.11193  1.81249e+01 | 81 -0.21239 -2.75580e+00
 82 -0.08457  6.95576e+01 | 83  0.01077 -3.39098e+01 |
83 variables; iteration 260; function evaluation 314; phase 3
Function value 9.6376939e+01; maximum gradient component mag 6.0031e+04
Var    Value     Gradient |Var    Value     Gradient |Var    Value     Gradient
  1  0.00619  6.00312e+04 |  2 -0.02790  8.94059e+01 |  3 -0.02449  1.15610e+02
  4 -0.03440  1.33210e+02 |  5 -0.04835  1.42396e+02 |  6 -0.03444  1.99244e+02
  7 -0.05402  2.01284e+02 |  8  0.00362  4.03624e+02 |  9 -0.01461  4.11515e+02
 10 -0.02876  4.30250e+02 | 11 -0.05625  3.97653e+02 | 12 -0.06386  4.33922e+02
 13 -0.05591  5.36011e+02 | 14 -0.03484  7.34011e+02 | 15 -0.07372  6.06994e+02
 16 -0.10760  5.16781e+02 | 17 -0.04088  1.03245e+03 | 18 -0.06381  9.45667e+02
 19 -0.03975  1.22508e+03 | 20 -0.03406  1.33352e+03 | 21 -0.05371  1.14679e+03
 22 -0.05660  1.11820e+03 | 23 -0.02380  1.46614e+03 | 24 -0.04062  1.27226e+03
 25 -0.01681  1.48439e+03 | 26 -0.04888  1.08613e+03 | 27 -0.08245  7.61278e+02
 28 -0.04782  9.00658e+02 | 29  0.06655  1.94243e+03 | 30  0.01013  1.14367e+03
 31  0.04903  1.46174e+03 | 32 -0.11758  3.70686e+02 | 33 -0.09450  4.59859e+02
 34 -0.09131  4.82226e+02 | 35 -0.12830  2.90738e+02 | 36 -0.14235  1.92452e+02
 37  0.02466  1.00233e+03 | 38  0.05780  9.44953e+02 | 39 -0.01023  5.16089e+02
 40 -0.26858  9.04123e+00 | 41  0.10160  9.80711e+02 | 42 -0.02958  3.07624e+02
 43 -0.14267  7.25364e+01 | 44  0.04362  4.06590e+02 | 45 -0.11084  9.59489e+01
 46 -0.00319  1.53479e+02 | 47 -0.11046  5.76481e+01 | 48 -0.22174 -5.42468e-01
 49 -0.18059  1.96192e+00 | 50  0.06592  7.17763e+01 | 51 -0.15944  9.94551e+00
 52 -0.05403  2.01819e+01 | 53 -0.15664  1.44197e-01 | 54 -0.06531 -1.63214e+01
 55 -0.06039 -5.50876e+01 | 56 -0.11479 -2.90536e+01 | 57 -0.04480 -6.30283e+01
 58 -0.04340 -6.19194e+01 | 59  0.00051 -9.09698e+01 | 60 -0.06319 -6.09265e+01
 61 -0.09939 -4.24566e+01 | 62 -0.00131 -9.91482e+01 | 63 -0.11245 -5.77511e+01
 64 -0.11283 -3.66728e+01 | 65 -0.05504 -7.67489e+01 | 66 -0.12257 -2.09710e+01
 67 -0.08952 -1.60713e+01 | 68 -0.09412  5.23676e+00 | 69  0.00341  2.89393e+01
 70 -0.06890  9.08610e+00 | 71 -0.09527  2.78702e+00 | 72 -0.07739  4.17283e-01
 73 -0.07191  4.29292e-02 | 74 -0.43991  2.58463e+04 | 75 -1.05772  5.74734e+01
 76  0.30592  1.14125e+03 | 77  0.26458 -1.25753e+03 | 78  1.32707 -3.65841e+02
 79  0.16350 -1.90644e+03 | 80 -0.10163  8.41058e+00 | 81 -0.33413 -1.63102e+00
 82 -0.08894 -8.74376e+01 | 83  0.00798  6.27828e+01 |
83 variables; iteration 280; function evaluation 339; phase 3
Function value 8.7598401e+01; maximum gradient component mag 5.2891e+03
Var    Value     Gradient |Var    Value     Gradient |Var    Value     Gradient
  1  0.00634  5.28911e+03 |  2 -0.01388  8.11620e+00 |  3 -0.02564  6.63902e+00
  4 -0.03017  1.18525e+01 |  5 -0.04396  9.95065e+00 |  6 -0.03472  1.74532e+01
  7 -0.05626  1.26624e+01 |  8  0.00485  4.91786e+01 |  9 -0.02538  3.91320e+01
 10 -0.03858  3.85772e+01 | 11 -0.06604  2.94001e+01 | 12 -0.07204  3.26075e+01
 13 -0.05679  5.02835e+01 | 14 -0.05096  6.37008e+01 | 15 -0.06422  6.27783e+01
 16 -0.09620  4.62864e+01 | 17 -0.03036  1.20756e+02 | 18 -0.07135  8.56361e+01
 19 -0.04627  1.20277e+02 | 20 -0.02650  1.51253e+02 | 21 -0.05610  1.12438e+02
 22 -0.10855  5.77107e+01 | 23 -0.02487  1.51674e+02 | 24 -0.04670  1.22837e+02
 25 -0.01394  1.65921e+02 | 26 -0.02295  1.54881e+02 | 27 -0.07023  1.01299e+02
 28 -0.05383  1.21824e+02 | 29  0.06171  2.96146e+02 | 30  0.04636  2.34768e+02
 31  0.08911  2.53529e+02 | 32 -0.18727  1.96180e+01 | 33 -0.12331  4.40149e+01
 34 -0.12874  5.49731e+01 | 35 -0.12461  3.84157e+01 | 36 -0.07423  2.24083e+01
 37 -0.00221  1.54704e+02 | 38  0.07277 -4.21472e+00 | 39 -0.02850  5.21749e+00
 40 -0.25326 -4.93939e+01 | 41  0.11215 -7.56352e+01 | 42 -0.07678 -5.55664e+01
 43 -0.11252 -6.76154e+01 | 44  0.05048 -6.04918e+01 | 45 -0.15579 -2.13218e+01
 46  0.01380 -4.01585e+01 | 47 -0.14592 -2.82368e+00 | 48 -0.21571 -1.02227e+01
 49 -0.14277  1.91961e+00 | 50  0.06686 -2.42080e+01 | 51 -0.15056 -6.50895e+00
 52 -0.05032 -1.03235e+01 | 53 -0.13247  9.19669e-01 | 54 -0.07138  1.27761e+01
 55 -0.04460  3.49272e+01 | 56 -0.11582  3.39212e+01 | 57 -0.03804  4.17947e+01
 58 -0.04217  1.44169e+01 | 59  0.00897 -6.77404e-01 | 60 -0.06289 -2.99155e+01
 61 -0.08225 -3.39077e+01 | 62 -0.00886 -8.28699e+01 | 63 -0.07414 -3.40409e+01
 64 -0.14641 -2.92323e+01 | 65 -0.03663 -1.86751e+01 | 66 -0.13080  2.42005e+00
 67 -0.08214  1.12480e+01 | 68 -0.08844  1.64373e+01 | 69  0.01107  3.20818e+01
 70 -0.05972  3.72140e-02 | 71 -0.09616 -7.61371e-01 | 72 -0.06795  2.98251e-01
 73 -0.06059  8.05356e-01 | 74 -0.44080  2.07717e+03 | 75 -1.16261  1.07764e+01
 76  0.38079  6.21947e+01 | 77  0.28730 -1.50838e+02 | 78  1.51949 -5.99924e+01
 79  0.14561 -1.68822e+02 | 80 -0.07498 -4.25336e-02 | 81 -0.33827  1.19849e-02
 82 -0.10119 -1.25598e+01 | 83  0.00120  1.44939e+01 |
83 variables; iteration 300; function evaluation 362; phase 3
Function value 8.3277133e+01; maximum gradient component mag 4.4458e+04
Var    Value     Gradient |Var    Value     Gradient |Var    Value     Gradient
  1  0.00702  4.44580e+04 |  2 -0.00732  8.57430e+01 |  3 -0.01606  9.70562e+01
  4 -0.01687  1.23376e+02 |  5 -0.03012  1.32974e+02 |  6 -0.04362  1.42854e+02
  7 -0.04415  1.74162e+02 |  8  0.01752  3.64060e+02 |  9 -0.01941  3.17907e+02
 10 -0.04674  2.96747e+02 | 11 -0.06053  3.10256e+02 | 12 -0.05189  3.93972e+02
 13 -0.03197  5.42093e+02 | 14 -0.07326  4.37563e+02 | 15 -0.06988  5.20785e+02
 16 -0.07718  5.60916e+02 | 17 -0.01387  1.07523e+03 | 18 -0.06253  7.94319e+02
 19 -0.06920  7.93573e+02 | 20 -0.04137  1.03176e+03 | 21 -0.06908  8.19033e+02
 22 -0.13108  4.69239e+02 | 23 -0.04089  1.00897e+03 | 24 -0.06326  8.34522e+02
 25 -0.01534  1.17648e+03 | 26 -0.03368  9.51047e+02 | 27 -0.06408  6.77589e+02
 28 -0.04165  7.10109e+02 | 29  0.05244  1.25299e+03 | 30  0.03957  9.90622e+02
 31  0.08693  1.26314e+03 | 32 -0.20127  1.11166e+02 | 33 -0.12168  2.08467e+02
 34 -0.13663  1.86589e+02 | 35 -0.16478  1.25041e+02 | 36 -0.03912  3.68905e+02
 37 -0.02180  4.73483e+02 | 38  0.06816  6.49139e+02 | 39 -0.02414  3.26216e+02
 40 -0.24814 -5.55662e+00 | 41  0.10464  5.83403e+02 | 42 -0.09038  9.67751e+01
 43 -0.06353  8.16159e+01 | 44  0.03645  2.00256e+02 | 45 -0.16499  1.54075e+01
 46  0.01754  1.05422e+02 | 47 -0.14677  2.86543e+01 | 48 -0.21808  1.31357e+00
 49 -0.17185  1.01284e+01 | 50  0.06826  9.95153e+01 | 51 -0.15028  1.20876e+01
 52 -0.05187 -2.89727e+00 | 53 -0.13800 -1.18772e+01 | 54 -0.07249 -2.69875e+01
 55 -0.04638 -3.57952e+01 | 56 -0.12135 -1.31120e+01 | 57 -0.04010 -1.88171e+01
 58 -0.04201 -1.33084e+01 | 59  0.00349 -1.46668e+01 | 60 -0.05585 -1.22798e+01
 61 -0.09373 -1.06722e+01 | 62 -0.00367 -2.81720e+01 | 63 -0.08939 -1.67647e+01
 64 -0.13005 -1.12546e+01 | 65 -0.04206 -2.05654e+01 | 66 -0.13423 -9.27676e+00
 67 -0.08129 -2.24054e-02 | 68 -0.09205 -9.92650e-01 | 69  0.00632 -2.99818e+00
 70 -0.05722 -2.21519e+00 | 71 -0.09755 -2.94686e-01 | 72 -0.06991  2.33864e-01
 73 -0.06471  2.03956e-01 | 74 -0.44059  2.23129e+04 | 75 -1.17701  1.32920e+02
 76  0.39018  6.80401e+02 | 77  0.29276 -7.80704e+02 | 78  1.60371 -5.44536e+02
 79  0.07887 -1.03086e+03 | 80 -0.05916 -1.05927e+01 | 81 -0.22510  4.80770e+00
 82 -0.10418 -3.23820e+01 | 83 -0.00076  2.11021e+01 |
83 variables; iteration 320; function evaluation 386; phase 3
Function value 7.8393838e+01; maximum gradient component mag -1.9666e+04
Var    Value     Gradient |Var    Value     Gradient |Var    Value     Gradient
  1  0.01129 -1.96660e+04 |  2 -0.00557 -3.78556e+01 |  3 -0.01924 -4.53411e+01
  4 -0.01448 -5.16857e+01 |  5 -0.03650 -5.88229e+01 |  6 -0.00793 -8.05037e+01
  7 -0.03403 -8.62144e+01 |  8  0.00131 -1.26779e+02 |  9 -0.02713 -1.28892e+02
 10 -0.03593 -1.45357e+02 | 11 -0.03317 -1.74536e+02 | 12 -0.03981 -1.96243e+02
 13 -0.03623 -2.33060e+02 | 14 -0.06845 -2.16665e+02 | 15 -0.07320 -2.41001e+02
 16 -0.05928 -3.01852e+02 | 17 -0.02145 -4.47370e+02 | 18 -0.06115 -3.71243e+02
 19 -0.07676 -3.50923e+02 | 20 -0.06020 -4.05185e+02 | 21 -0.09194 -3.23039e+02
 22 -0.14001 -2.33078e+02 | 23 -0.03221 -4.89581e+02 | 24 -0.07315 -3.62068e+02
 25 -0.03611 -4.46330e+02 | 26 -0.03360 -4.16069e+02 | 27 -0.05799 -3.02522e+02
 28 -0.04896 -2.61872e+02 | 29  0.02218 -3.52597e+02 | 30  0.03316 -3.22919e+02
 31  0.08527 -5.11573e+02 | 32 -0.18454 -7.55074e+01 | 33 -0.12126 -1.03569e+02
 34 -0.12835 -8.15279e+01 | 35 -0.18264 -7.12123e+01 | 36 -0.02814 -2.02273e+02
 37 -0.06336 -1.09773e+02 | 38  0.07649 -3.99947e+02 | 39 -0.03940 -1.42039e+02
 40 -0.26835 -7.39773e+01 | 41  0.09652 -2.33044e+02 | 42 -0.07906 -4.31489e+01
 43 -0.07257 -7.12572e+01 | 44  0.02514 -9.82686e+01 | 45 -0.15068 -3.35194e+01
 46  0.01399 -9.23372e+01 | 47 -0.17546 -2.95740e+01 | 48 -0.21162 -2.25615e+01
 49 -0.16316 -1.75060e+01 | 50  0.05566 -7.36303e+01 | 51 -0.17238 -1.47673e+01
 52 -0.05832 -2.74839e+01 | 53 -0.17215 -2.11615e+01 | 54 -0.07761 -2.00488e+01
 55 -0.06351 -2.40593e+01 | 56 -0.13473 -4.79198e+00 | 57 -0.05198  7.85787e+00
 58 -0.04986  1.05271e+01 | 59 -0.01268  1.86507e+01 | 60 -0.05625  2.10571e+01
 61 -0.11963 -7.32980e-01 | 62 -0.01149  1.97782e+01 | 63 -0.10380  6.31796e+00
 64 -0.13633  8.44139e+00 | 65 -0.05437  1.89985e+01 | 66 -0.13835  1.34307e+01
 67 -0.09188  2.16389e+01 | 68 -0.09794  1.94492e+01 | 69 -0.00763  2.89104e+01
 70 -0.07196  1.05068e+01 | 71 -0.11388  4.09148e-01 | 72 -0.08423  3.01042e-01
 73 -0.07763  8.62886e-02 | 74 -0.44062 -9.61099e+03 | 75 -1.18925 -6.07203e+01
 76  0.34508 -3.79324e+02 | 77  0.28607  2.47792e+02 | 78  1.70499  2.85462e+02
 79  0.07583  4.18123e+02 | 80 -0.05330 -1.61013e+00 | 81 -0.24156  4.78835e-01
 82 -0.08583  4.49856e+00 | 83  0.01158  4.01310e+00 |
83 variables; iteration 340; function evaluation 407; phase 3
Function value 6.8921894e+01; maximum gradient component mag 4.7172e+04
Var    Value     Gradient |Var    Value     Gradient |Var    Value     Gradient
  1  0.01237  4.71718e+04 |  2 -0.00696  8.33733e+01 |  3 -0.01087  9.95507e+01
  4 -0.01338  1.24389e+02 |  5 -0.02150  1.41417e+02 |  6 -0.01533  1.83867e+02
  7 -0.02591  2.03769e+02 |  8 -0.01359  2.76689e+02 |  9 -0.02907  2.91331e+02
 10 -0.04182  3.11940e+02 | 11 -0.02797  4.19425e+02 | 12 -0.02797  4.96103e+02
 13 -0.02771  5.81298e+02 | 14 -0.07569  4.47673e+02 | 15 -0.07825  5.10986e+02
 16 -0.04809  7.64003e+02 | 17 -0.02003  1.09664e+03 | 18 -0.05461  9.18290e+02
 19 -0.08657  7.45485e+02 | 20 -0.07439  8.54090e+02 | 21 -0.08950  7.53965e+02
 22 -0.16563  3.80852e+02 | 23 -0.03365  1.20580e+03 | 24 -0.07442  8.72344e+02
 25 -0.03080  1.20701e+03 | 26 -0.05000  9.85924e+02 | 27 -0.06135  8.34293e+02
 28 -0.04949  8.12388e+02 | 29  0.02180  1.22477e+03 | 30  0.02023  1.05926e+03
 31  0.07730  1.49950e+03 | 32 -0.16355  1.98477e+02 | 33 -0.12786  2.45574e+02
 34 -0.13169  2.22817e+02 | 35 -0.18782  1.04459e+02 | 36 -0.00590  5.12117e+02
 37 -0.08286  2.56274e+02 | 38  0.07648  7.90484e+02 | 39 -0.05084  2.83685e+02
 40 -0.21587  1.45157e+01 | 41  0.09714  5.92979e+02 | 42 -0.12278  8.87683e+01
 43 -0.06068  1.06312e+02 | 44  0.02237  2.36819e+02 | 45 -0.13375  5.76468e+01
 46  0.00985  1.63409e+02 | 47 -0.17806  2.54159e+01 | 48 -0.21995  3.58738e+00
 49 -0.12975  3.27873e+01 | 50  0.05225  9.73094e+01 | 51 -0.14496  1.69915e+01
 52 -0.07085 -6.83274e+00 | 53 -0.13772 -8.25661e+00 | 54 -0.09234 -2.81979e+01
 55 -0.05618 -2.27529e+01 | 56 -0.13286 -3.19333e+00 | 57 -0.05449 -1.35868e+01
 58 -0.05024 -1.25348e+01 | 59 -0.01152 -1.76808e+01 | 60 -0.05950 -4.07219e+00
 61 -0.11275 -6.90703e+00 | 62 -0.01224 -9.38070e+00 | 63 -0.10585 -1.83629e+01
 64 -0.13324 -1.11638e+01 | 65 -0.05630 -3.22161e+01 | 66 -0.13584 -2.03410e+01
 67 -0.09657 -3.49778e+01 | 68 -0.09700 -2.43071e+01 | 69 -0.00829 -3.17653e+01
 70 -0.06973 -1.01604e+01 | 71 -0.10862 -9.03446e-01 | 72 -0.08195 -2.91725e-01
 73 -0.07680 -5.95618e-01 | 74 -0.44030  2.01651e+04 | 75 -1.26870  1.97423e+02
 76  0.35368  8.05346e+02 | 77  0.30490 -6.52603e+02 | 78  1.73307 -6.94647e+02
 79  0.04344 -8.63267e+02 | 80 -0.02984  1.11513e+02 | 81 -0.31486 -9.65379e+00
 82 -0.09868 -2.36086e+01 | 83  0.00229  1.31630e+01 |
83 variables; iteration 360; function evaluation 428; phase 3
Function value 6.2807943e+01; maximum gradient component mag 3.8378e+04
Var    Value     Gradient |Var    Value     Gradient |Var    Value     Gradient
  1  0.01193  3.83784e+04 |  2 -0.00712  5.88272e+01 |  3 -0.00828  7.22845e+01
  4 -0.01513  8.71126e+01 |  5 -0.02144  1.00343e+02 |  6 -0.01854  1.26886e+02
  7 -0.00956  1.68693e+02 |  8 -0.01237  1.99527e+02 |  9 -0.02156  2.21387e+02
 10 -0.03696  2.30776e+02 | 11 -0.01865  3.24012e+02 | 12 -0.01257  4.04079e+02
 13 -0.01742  4.54468e+02 | 14 -0.06360  3.55105e+02 | 15 -0.08069  3.57849e+02
 16 -0.04010  5.93009e+02 | 17 -0.01733  8.21004e+02 | 18 -0.04759  7.14677e+02
 19 -0.08984  5.33573e+02 | 20 -0.08592  5.77460e+02 | 21 -0.08810  5.73329e+02
 22 -0.18063  2.43185e+02 | 23 -0.03831  8.95432e+02 | 24 -0.07137  7.00324e+02
 25 -0.02744  9.93034e+02 | 26 -0.06456  7.12602e+02 | 27 -0.06093  6.96126e+02
 28 -0.04592  7.13815e+02 | 29  0.02282  1.09358e+03 | 30 -0.00216  8.11304e+02
 31  0.05077  1.13919e+03 | 32 -0.10826  2.95701e+02 | 33 -0.12900  2.35227e+02
 34 -0.11448  2.70673e+02 | 35 -0.17448  1.30816e+02 | 36 -0.00895  5.34075e+02
 37 -0.07332  2.96510e+02 | 38  0.07958  7.75345e+02 | 39 -0.08917  1.63093e+02
 40 -0.13299  5.43096e+01 | 41  0.09766  5.57907e+02 | 42 -0.17668  3.44887e+01
 43 -0.04616  8.70461e+01 | 44  0.02659  2.08909e+02 | 45 -0.13885  3.91701e+01
 46  0.00750  1.03797e+02 | 47 -0.15122  2.98691e+01 | 48 -0.21355  4.89790e-01
 49 -0.16275  1.14882e+01 | 50  0.06515  6.92528e+01 | 51 -0.15185  1.38715e+01
 52 -0.05868  2.27582e+01 | 53 -0.13855  8.53557e+00 | 54 -0.08460  6.94178e+00
 55 -0.04729  6.92136e+00 | 56 -0.13765 -5.83826e+00 | 57 -0.04510  2.53409e-01
 58 -0.05235  4.44067e-01 | 59 -0.00205  5.72301e+00 | 60 -0.06745 -5.08826e+00
 61 -0.08937  3.77456e+00 | 62 -0.02117 -1.31150e+01 | 63 -0.07703  1.25112e+01
 64 -0.15554 -8.12304e+00 | 65 -0.04735  1.45515e+00 | 66 -0.13654 -4.28452e+00
 67 -0.09554 -1.82569e+01 | 68 -0.09510 -1.61350e+01 | 69 -0.00454 -2.74892e+01
 70 -0.05740 -5.99668e+00 | 71 -0.10456 -1.03380e+00 | 72 -0.07037  1.94599e-01
 73 -0.06636 -8.59977e-03 | 74 -0.43927  1.34088e+04 | 75 -1.35645  2.17742e+02
 76  0.36608  6.11330e+02 | 77  0.32858 -4.01053e+02 | 78  1.69861 -5.12821e+02
 79  0.01768 -5.57719e+02 | 80 -0.04046 -3.52199e+01 | 81 -0.57589  6.64850e-01
 82 -0.11549  2.94818e+00 | 83 -0.00867 -6.19850e+00 |
83 variables; iteration 380; function evaluation 449; phase 3
Function value 5.8900902e+01; maximum gradient component mag 2.4556e+04
Var    Value     Gradient |Var    Value     Gradient |Var    Value     Gradient
  1  0.01190  2.45559e+04 |  2 -0.01459  3.47159e+01 |  3 -0.01692  4.23975e+01
  4 -0.01973  5.52677e+01 |  5 -0.02683  6.26279e+01 |  6 -0.02520  7.87166e+01
  7 -0.02200  9.98206e+01 |  8 -0.00865  1.38398e+02 |  9 -0.02150  1.47226e+02
 10 -0.03766  1.50788e+02 | 11 -0.02606  2.00890e+02 | 12 -0.01714  2.57664e+02
 13 -0.01861  2.97774e+02 | 14 -0.06466  2.28498e+02 | 15 -0.08396  2.23548e+02
 16 -0.04064  3.86244e+02 | 17 -0.01857  5.32536e+02 | 18 -0.04691  4.67353e+02
 19 -0.08500  3.57366e+02 | 20 -0.08453  3.74918e+02 | 21 -0.08550  3.75299e+02
 22 -0.20729  1.04043e+02 | 23 -0.03678  5.85131e+02 | 24 -0.06796  4.62726e+02
 25 -0.02776  6.41143e+02 | 26 -0.07375  4.23601e+02 | 27 -0.06619  4.30099e+02
 28 -0.04556  4.67044e+02 | 29  0.02031  7.04094e+02 | 30 -0.00389  5.22952e+02
 31  0.04762  7.24759e+02 | 32 -0.09432  2.12083e+02 | 33 -0.13724  1.35374e+02
 34 -0.10614  1.86709e+02 | 35 -0.15059  9.89021e+01 | 36 -0.01228  3.23066e+02
 37 -0.07188  1.95601e+02 | 38  0.08186  4.80936e+02 | 39 -0.12690  5.97846e+01
 40 -0.07496  5.49476e+01 | 41  0.08979  3.59170e+02 | 42 -0.22524  3.93504e+00
 43 -0.00928  9.37860e+01 | 44  0.01092  1.32046e+02 | 45 -0.13732  2.50015e+01
 46  0.02076  8.21947e+01 | 47 -0.20810 -1.77208e-01 | 48 -0.17677  7.02093e+00
 49 -0.15340  1.08731e+01 | 50  0.06254  5.01630e+01 | 51 -0.15236  1.10808e+01
 52 -0.06066  1.09815e+01 | 53 -0.14397  2.35271e+00 | 54 -0.08327  4.82872e-01
 55 -0.05492 -5.45009e+00 | 56 -0.12861 -2.28207e-01 | 57 -0.05292 -6.97972e+00
 58 -0.04599 -3.01254e+00 | 59 -0.01021 -1.42855e+01 | 60 -0.05469  1.07277e+00
 61 -0.10640 -4.60764e+00 | 62 -0.01452 -5.51490e+00 | 63 -0.09025  1.05363e+00
 64 -0.14059 -1.87535e+00 | 65 -0.05108  1.08798e+00 | 66 -0.13554 -2.17366e-02
 67 -0.09205 -1.73567e+00 | 68 -0.09455 -2.78304e+00 | 69 -0.00592 -7.12719e+00
 70 -0.06218 -1.74397e+00 | 71 -0.10730 -2.00221e-01 | 72 -0.07690 -3.35205e-02
 73 -0.07169 -1.62300e-01 | 74 -0.43842  6.44778e+03 | 75 -1.43086  1.45852e+02
 76  0.41007  3.47553e+02 | 77  0.33996 -2.41267e+02 | 78  1.70362 -3.32227e+02
 79  0.00548 -3.40663e+02 | 80 -0.04249 -1.29202e+01 | 81 -0.78922  6.24621e-02
 82 -0.10606  4.94186e-01 | 83 -0.00201 -2.70291e+00 |
83 variables; iteration 400; function evaluation 472; phase 3
Function value 5.5368613e+01; maximum gradient component mag 1.7616e+04
Var    Value     Gradient |Var    Value     Gradient |Var    Value     Gradient
  1  0.01336  1.76155e+04 |  2 -0.01052  2.73977e+01 |  3 -0.00840  3.56690e+01
  4 -0.02453  3.88722e+01 |  5 -0.02764  4.62660e+01 |  6 -0.01875  6.38622e+01
  7 -0.02387  7.36220e+01 |  8 -0.03796  7.65692e+01 |  9 -0.03262  9.87992e+01
 10 -0.03544  1.15308e+02 | 11 -0.02167  1.57632e+02 | 12 -0.02378  1.82771e+02
 13 -0.03081  2.00707e+02 | 14 -0.05143  1.92838e+02 | 15 -0.08289  1.66413e+02
 16 -0.04380  2.81572e+02 | 17 -0.03054  3.62499e+02 | 18 -0.04739  3.50181e+02
 19 -0.07311  2.98184e+02 | 20 -0.08098  2.90836e+02 | 21 -0.08447  2.85789e+02
 22 -0.19322  8.67057e+01 | 23 -0.03051  4.75476e+02 | 24 -0.06879  3.51418e+02
 25 -0.03972  4.47057e+02 | 26 -0.07472  3.23442e+02 | 27 -0.07110  3.19722e+02
 28 -0.05249  3.45122e+02 | 29  0.01173  5.21442e+02 | 30 -0.01632  3.72304e+02
 31  0.04223  5.44577e+02 | 32 -0.08457  1.73615e+02 | 33 -0.13447  9.79791e+01
 34 -0.13066  1.02989e+02 | 35 -0.12876  8.20685e+01 | 36 -0.01807  1.93645e+02
 37 -0.07514  1.20425e+02 | 38  0.07841  3.26317e+02 | 39 -0.12904  4.70595e+01
 40 -0.06607  3.47406e+01 | 41  0.08239  1.52192e+02 | 42 -0.23905 -1.05000e+01
 43  0.00242  5.34372e+01 | 44 -0.00654  4.84195e+01 | 45 -0.12465  7.66155e+00
 46  0.01362  5.93852e+01 | 47 -0.18582  1.04099e+01 | 48 -0.17856  6.98085e+00
 49 -0.17262  5.39370e-01 | 50  0.05885  1.63557e-01 | 51 -0.17735 -7.43359e+00
 52 -0.06270 -1.33324e+01 | 53 -0.16540 -7.90651e+00 | 54 -0.08506 -1.96262e+00
 55 -0.06401  2.47024e+00 | 56 -0.13729  6.23039e+00 | 57 -0.05656  1.06486e+01
 58 -0.05363  8.32653e+00 | 59 -0.01292  1.07368e+00 | 60 -0.06814 -3.46088e+00
 61 -0.10741 -1.73632e+00 | 62 -0.02092 -4.57948e+00 | 63 -0.10005  2.34848e+00
 64 -0.14130  6.88211e+00 | 65 -0.05779  1.69375e+01 | 66 -0.14027  9.59688e+00
 67 -0.09543  5.65564e+00 | 68 -0.10059 -5.14827e+00 | 69 -0.01184 -1.90964e+01
 70 -0.07515 -5.92314e+00 | 71 -0.11307 -4.23017e-01 | 72 -0.08550  1.10952e-01
 73 -0.07831  9.98672e-02 | 74 -0.43767  4.71823e+03 | 75 -1.42854  1.20362e+02
 76  0.39807  2.51211e+02 | 77  0.34157 -1.62418e+02 | 78  1.69589 -2.35111e+02
 79  0.02181 -2.71202e+02 | 80 -0.04286  3.58164e+02 | 81 -0.91292 -7.33307e-01
 82 -0.09078  2.62255e-01 | 83  0.00685  4.43035e+00 |
83 variables; iteration 420; function evaluation 493; phase 3
Function value 5.3511558e+01; maximum gradient component mag -6.3422e+03
Var    Value     Gradient |Var    Value     Gradient |Var    Value     Gradient
  1  0.01271 -6.34222e+03 |  2 -0.00442 -7.43358e+00 |  3 -0.00465 -9.08865e+00
  4 -0.02306 -1.03505e+01 |  5 -0.02110 -1.21427e+01 |  6 -0.02751 -1.56630e+01
  7 -0.01887 -1.76629e+01 |  8 -0.03735 -2.32504e+01 |  9 -0.03099 -2.68070e+01
 10 -0.03740 -3.18727e+01 | 11 -0.02566 -3.75528e+01 | 12 -0.02576 -4.44320e+01
 13 -0.03277 -5.12209e+01 | 14 -0.05021 -5.65901e+01 | 15 -0.07108 -6.15048e+01
 16 -0.04453 -7.65863e+01 | 17 -0.03679 -9.05750e+01 | 18 -0.04868 -9.55764e+01
 19 -0.07094 -9.22639e+01 | 20 -0.08212 -9.19226e+01 | 21 -0.06950 -9.89560e+01
 22 -0.18332 -7.30033e+01 | 23 -0.02890 -1.28535e+02 | 24 -0.06145 -1.11100e+02
 25 -0.03244 -1.28705e+02 | 26 -0.07528 -9.87296e+01 | 27 -0.07324 -9.25367e+01
 28 -0.05910 -8.88465e+01 | 29  0.00839 -1.24156e+02 | 30 -0.02785 -1.01033e+02
 31  0.03689 -1.67396e+02 | 32 -0.06993 -8.70800e+01 | 33 -0.13616 -6.29682e+01
 34 -0.15560 -5.10433e+01 | 35 -0.10109 -6.59154e+01 | 36 -0.02371 -1.12254e+02
 37 -0.06993 -6.00009e+01 | 38  0.08066 -1.91516e+02 | 39 -0.16043 -4.48652e+01
 40 -0.04749 -7.06440e+01 | 41  0.08010 -9.90280e+01 | 42 -0.24097 -2.80666e+01
 43  0.00549 -4.73615e+01 | 44 -0.01049 -2.82548e+01 | 45 -0.11289 -1.99155e+01
 46  0.01273 -2.25557e+01 | 47 -0.19794 -7.57503e+00 | 48 -0.18094 -3.42839e+00
 49 -0.16373 -1.53185e+00 | 50  0.05951  4.73551e-01 | 51 -0.16224  3.45352e-01
 52 -0.06435 -7.72291e-01 | 53 -0.15344 -6.08267e-01 | 54 -0.08674 -5.89073e+00
 55 -0.05852 -5.96706e+00 | 56 -0.13723 -3.29190e+00 | 57 -0.05339 -4.44845e+00
 58 -0.05308 -8.56143e-01 | 59 -0.01138 -7.80276e-01 | 60 -0.06436  1.53529e+00
 61 -0.10963 -2.05394e+00 | 62 -0.01662 -6.18359e+00 | 63 -0.10089 -8.03959e+00
 64 -0.14049 -5.88020e+00 | 65 -0.05599 -1.51672e+01 | 66 -0.14146 -6.96518e+00
 67 -0.09469 -3.43754e+00 | 68 -0.10187  1.58999e+00 | 69 -0.00880  9.63365e+00
 70 -0.07153  3.04272e+00 | 71 -0.11019  2.91437e-01 | 72 -0.08184 -2.77587e-02
 73 -0.07476  8.75156e-02 | 74 -0.43662 -1.38361e+03 | 75 -1.44455 -4.20192e+01
 76  0.41971 -1.07460e+02 | 77  0.34552  5.78910e+01 | 78  1.68082  8.42696e+01
 79  0.03461  7.95403e+01 | 80 -0.04279 -1.53026e+02 | 81 -0.99437 -2.49158e-01
 82 -0.09914 -9.00339e+00 | 83  0.00187  3.19919e+00 |
83 variables; iteration 440; function evaluation 517; phase 3
Function value 5.2384946e+01; maximum gradient component mag 3.7139e+03
Var    Value     Gradient |Var    Value     Gradient |Var    Value     Gradient
  1  0.01224  3.71387e+03 |  2 -0.00877  6.74420e+00 |  3 -0.00823  8.97684e+00
  4 -0.02551  9.41340e+00 |  5 -0.02404  1.25499e+01 |  6 -0.02652  1.47366e+01
  7 -0.02361  1.95821e+01 |  8 -0.02921  2.14557e+01 |  9 -0.02754  2.70188e+01
 10 -0.03726  2.74786e+01 | 11 -0.03498  3.45211e+01 | 12 -0.03203  4.30321e+01
 13 -0.03331  4.96701e+01 | 14 -0.04401  5.02396e+01 | 15 -0.07126  3.96305e+01
 16 -0.05395  6.04002e+01 | 17 -0.04012  8.21584e+01 | 18 -0.05027  8.18025e+01
 19 -0.06485  7.38592e+01 | 20 -0.07002  7.30382e+01 | 21 -0.06045  8.35866e+01
 22 -0.17613  9.75460e-01 | 23 -0.03193  1.17178e+02 | 24 -0.05604  9.32329e+01
 25 -0.03042  1.21528e+02 | 26 -0.08145  6.82775e+01 | 27 -0.08138  6.71727e+01
 28 -0.06465  7.76448e+01 | 29  0.01169  1.44689e+02 | 30 -0.02783  8.42007e+01
 31  0.03011  1.19012e+02 | 32 -0.05898  3.60907e+01 | 33 -0.13480  3.97573e+00
 34 -0.16399  3.00323e+00 | 35 -0.08481  2.38374e+01 | 36 -0.02825  3.19489e+01
 37 -0.06511  3.21417e+01 | 38  0.08160  8.33503e+01 | 39 -0.17223 -1.56098e+01
 40 -0.03711 -1.18767e+00 | 41  0.07782  4.73104e+01 | 42 -0.24969 -1.87290e+01
 43  0.01663  5.62932e+00 | 44 -0.02723 -8.76157e+00 | 45 -0.08571 -1.31984e+01
 46  0.00825  2.70582e+00 | 47 -0.19203 -2.46641e-01 | 48 -0.17094  5.50897e+00
 49 -0.16874  3.48967e+00 | 50  0.06105  3.68083e+01 | 51 -0.16241  5.25614e+00
 52 -0.06370  5.53491e+00 | 53 -0.15554  1.51631e+00 | 54 -0.08473 -2.08285e+00
 55 -0.05872 -5.61357e+00 | 56 -0.13717 -5.47129e+00 | 57 -0.05156 -1.18754e+01
 58 -0.05495 -1.42907e+01 | 59 -0.00849 -1.80384e+01 | 60 -0.06992 -1.51668e+01
 61 -0.10226 -6.56710e+00 | 62 -0.01958 -2.00840e+01 | 63 -0.09508 -7.77403e+00
 64 -0.14565 -8.58948e+00 | 65 -0.05361 -1.56501e+01 | 66 -0.14421 -1.05176e+01
 67 -0.09304 -9.02384e+00 | 68 -0.10288 -7.03992e+00 | 69 -0.00854 -6.26315e+00
 70 -0.07183 -8.40133e-01 | 71 -0.10943  2.55156e-02 | 72 -0.08184  3.42497e-02
 73 -0.07521  2.39480e-02 | 74 -0.43556  1.10337e+03 | 75 -1.46407  3.99572e+01
 76  0.43362  3.83767e+01 | 77  0.35811 -2.87476e+01 | 78  1.65323 -4.32815e+01
 79  0.04870 -7.73460e+01 | 80 -0.04250 -6.15933e+01 | 81 -1.08221 -1.06755e-01
 82 -0.09864 -1.84329e+01 | 83  0.00153  1.02114e+01 |
83 variables; iteration 460; function evaluation 542; phase 3
Function value 5.1288739e+01; maximum gradient component mag 4.5213e+04
Var    Value     Gradient |Var    Value     Gradient |Var    Value     Gradient
  1  0.01205  4.52134e+04 |  2 -0.00988  7.14600e+01 |  3 -0.01069  8.82745e+01
  4 -0.02434  9.86283e+01 |  5 -0.03004  1.14811e+02 |  6 -0.03107  1.39807e+02
  7 -0.03377  1.66718e+02 |  8 -0.02147  2.27066e+02 |  9 -0.02590  2.62446e+02
 10 -0.04070  2.74339e+02 | 11 -0.04838  3.04165e+02 | 12 -0.04647  3.65438e+02
 13 -0.04439  4.35023e+02 | 14 -0.04615  4.97626e+02 | 15 -0.07002  4.71609e+02
 16 -0.06363  5.75782e+02 | 17 -0.04575  7.64608e+02 | 18 -0.05455  7.94332e+02
 19 -0.05297  8.64063e+02 | 20 -0.05476  8.95245e+02 | 21 -0.05655  9.00553e+02
 22 -0.16550  3.48498e+02 | 23 -0.03034  1.15308e+03 | 24 -0.04852  1.02339e+03
 25 -0.03082  1.17135e+03 | 26 -0.07698  7.84524e+02 | 27 -0.08376  7.08867e+02
 28 -0.06890  7.42189e+02 | 29  0.01304  1.30656e+03 | 30 -0.03778  8.00015e+02
 31  0.02118  1.20011e+03 | 32 -0.04666  6.41587e+02 | 33 -0.13827  2.74092e+02
 34 -0.16058  2.20780e+02 | 35 -0.07266  4.22625e+02 | 36 -0.03663  5.02635e+02
 37 -0.04870  4.00268e+02 | 38  0.07740  8.76784e+02 | 39 -0.16557  8.92428e+01
 40 -0.03022  2.58483e+02 | 41  0.07666  5.29266e+02 | 42 -0.25566  8.59439e+00
 43  0.01676  2.27817e+02 | 44 -0.02797  1.53443e+02 | 45 -0.06602  8.54392e+01
 46 -0.00377  1.16548e+02 | 47 -0.15405  3.64477e+01 | 48 -0.18307  1.40100e+01
 49 -0.16262  1.34549e+01 | 50  0.06129  7.00042e+01 | 51 -0.16743  5.08724e+00
 52 -0.06276  2.09792e+00 | 53 -0.16019 -3.94360e+00 | 54 -0.08476 -1.19244e+01
 55 -0.05941 -1.45254e+01 | 56 -0.13840 -1.04681e+01 | 57 -0.05270 -2.09736e+01
 58 -0.05224 -2.32818e+01 | 59 -0.01251 -3.91560e+01 | 60 -0.06230 -2.35055e+01
 61 -0.11390 -2.23174e+01 | 62 -0.01507 -3.90644e+01 | 63 -0.10305 -2.08318e+01
 64 -0.13812 -1.18100e+01 | 65 -0.05669 -2.43068e+01 | 66 -0.13879 -8.37122e+00
 67 -0.09463 -1.04337e+01 | 68 -0.10167 -6.81850e+00 | 69 -0.00894 -6.43884e+00
 70 -0.07400 -1.69279e+00 | 71 -0.11085 -7.70325e-02 | 72 -0.08441  3.98623e-02
 73 -0.07739  5.58998e-03 | 74 -0.43468  9.34794e+03 | 75 -1.48743  3.85239e+02
 76  0.42649  6.07518e+02 | 77  0.37072 -3.03810e+02 | 78  1.59428 -4.99400e+02
 79  0.06786 -8.49853e+02 | 80 -0.04185  1.99712e+02 | 81 -1.15925  1.02193e+00
 82 -0.09325 -3.94350e+01 | 83  0.00602  2.82064e+01 |
83 variables; iteration 480; function evaluation 566; phase 3
Function value 4.9482023e+01; maximum gradient component mag 3.1713e+04
Var    Value     Gradient |Var    Value     Gradient |Var    Value     Gradient
  1  0.01192  3.17132e+04 |  2 -0.00897  4.77647e+01 |  3 -0.00845  5.99215e+01
  4 -0.02902  6.17053e+01 |  5 -0.02999  7.56154e+01 |  6 -0.03881  8.45206e+01
  7 -0.03290  1.10762e+02 |  8 -0.03030  1.38386e+02 |  9 -0.03047  1.66391e+02
 10 -0.03678  1.86987e+02 | 11 -0.04921  1.97307e+02 | 12 -0.04782  2.36229e+02
 13 -0.04891  2.73867e+02 | 14 -0.03206  3.69560e+02 | 15 -0.05991  3.37388e+02
 16 -0.06947  3.59042e+02 | 17 -0.05624  4.62324e+02 | 18 -0.05850  5.09973e+02
 19 -0.04580  6.14061e+02 | 20 -0.05025  6.26630e+02 | 21 -0.04929  6.49258e+02
 22 -0.15514  2.51713e+02 | 23 -0.03655  7.46945e+02 | 24 -0.04351  7.30543e+02
 25 -0.03256  7.98697e+02 | 26 -0.07682  5.45713e+02 | 27 -0.07707  5.26968e+02
 28 -0.06800  5.33667e+02 | 29  0.00677  9.06079e+02 | 30 -0.04314  5.65194e+02
 31 -0.00134  7.60231e+02 | 32 -0.02575  5.85175e+02 | 33 -0.14373  1.98846e+02
 34 -0.15317  1.74939e+02 | 35 -0.06665  3.10581e+02 | 36 -0.04402  3.42832e+02
 37 -0.02678  3.30512e+02 | 38  0.06850  5.60937e+02 | 39 -0.15830  5.96111e+01
 40 -0.01986  1.76987e+02 | 41  0.07068  3.88372e+02 | 42 -0.23253  1.31491e+01
 43  0.02220  1.94030e+02 | 44 -0.03830  1.14187e+02 | 45 -0.05628  7.36556e+01
 46  0.00338  9.63667e+01 | 47 -0.19404  6.58398e+00 | 48 -0.16386  5.73329e+00
 49 -0.15390  2.49089e+00 | 50  0.06365  3.00138e+00 | 51 -0.16514 -1.59990e+00
 52 -0.06123 -1.55463e+00 | 53 -0.15535 -4.60510e-01 | 54 -0.08395 -8.37778e-01
 55 -0.05753  1.78402e-01 | 56 -0.13662 -7.73266e-01 | 57 -0.05156 -2.29901e-01
 58 -0.05185  1.71261e-01 | 59 -0.00928  9.79556e-01 | 60 -0.06382  1.41386e+00
 61 -0.10666  4.85602e-01 | 62 -0.01575  2.66667e+00 | 63 -0.09871  4.54678e-01
 64 -0.13813  2.42104e+00 | 65 -0.05482  3.42524e+00 | 66 -0.13764  3.77587e+00
 67 -0.09327  3.72510e+00 | 68 -0.09886  1.49733e+00 | 69 -0.00750  1.14617e+00
 70 -0.07063 -2.40753e-01 | 71 -0.10944  8.58113e-02 | 72 -0.08207 -6.01784e-02
 73 -0.07511  5.65443e-03 | 74 -0.43366  5.66401e+03 | 75 -1.53138  2.74426e+02
 76  0.40329  4.21485e+02 | 77  0.38446 -1.68102e+02 | 78  1.51181 -2.97964e+02
 79  0.07171 -6.16475e+02 | 80 -0.04017  7.74241e+01 | 81 -1.24975  9.22081e-01
 82 -0.09665  4.86783e-01 | 83  0.00323 -5.93403e-01 |
83 variables; iteration 500; function evaluation 589; phase 3
Function value 4.7459020e+01; maximum gradient component mag 8.2666e+03
Var    Value     Gradient |Var    Value     Gradient |Var    Value     Gradient
  1  0.01201  8.26656e+03 |  2 -0.00743  1.21734e+01 |  3 -0.00511  1.62664e+01
  4 -0.02559  1.58890e+01 |  5 -0.02607  1.97347e+01 |  6 -0.03996  1.83243e+01
  7 -0.03494  2.58552e+01 |  8 -0.03608  3.14686e+01 |  9 -0.03136  4.13348e+01
 10 -0.03474  4.73396e+01 | 11 -0.05286  4.38076e+01 | 12 -0.05535  5.08941e+01
 13 -0.06397  5.38558e+01 | 14 -0.02162  1.04617e+02 | 15 -0.05088  8.89909e+01
 16 -0.08087  7.25603e+01 | 17 -0.08150  8.43606e+01 | 18 -0.06514  1.16195e+02
 19 -0.03047  1.78791e+02 | 20 -0.04289  1.68958e+02 | 21 -0.03760  1.83540e+02
 22 -0.12695  6.78125e+01 | 23 -0.04042  1.85819e+02 | 24 -0.03559  2.01487e+02
 25 -0.03836  1.97295e+02 | 26 -0.08290  1.27028e+02 | 27 -0.08801  1.17832e+02
 28 -0.07154  1.33005e+02 | 29  0.00764  2.50504e+02 | 30 -0.05377  1.30114e+02
 31 -0.01910  1.66677e+02 | 32 -0.01406  1.67988e+02 | 33 -0.14893  4.48602e+01
 34 -0.15925  4.44321e+01 | 35 -0.05079  1.01679e+02 | 36 -0.06763  1.02502e+02
 37 -0.00099  1.38045e+02 | 38  0.05367  1.90397e+02 | 39 -0.12801  3.29792e+01
 40 -0.01515  5.01175e+01 | 41  0.06458  1.16004e+02 | 42 -0.21130 -2.31289e+00
 43  0.02728  4.16036e+01 | 44 -0.06320  2.08996e+01 | 45 -0.03133  9.06028e+00
 46 -0.00699  5.37783e+00 | 47 -0.21312 -1.27308e+01 | 48 -0.14258 -1.69698e+00
 49 -0.15016 -3.84377e+00 | 50  0.06126 -2.58714e+01 | 51 -0.16161 -3.22738e+00
 52 -0.06314 -3.31437e+00 | 53 -0.15916 -3.14828e-01 | 54 -0.08330  1.84073e+00
 55 -0.06006  4.18686e+00 | 56 -0.13561  3.79153e+00 | 57 -0.05274  8.85246e+00
 58 -0.05256  1.13119e+01 | 59 -0.01075  1.52067e+01 | 60 -0.06509  1.14599e+01
 61 -0.10866  5.53470e+00 | 62 -0.01681  1.08768e+01 | 63 -0.09889  4.43703e+00
 64 -0.14231  1.39579e+00 | 65 -0.05509  4.22812e+00 | 66 -0.13987  3.31863e+00
 67 -0.09478  3.25376e+00 | 68 -0.10102  3.42314e+00 | 69 -0.00870  3.90049e+00
 70 -0.07273  1.07140e+00 | 71 -0.11059  2.84103e-02 | 72 -0.08312 -1.19786e-02
 73 -0.07618 -5.05522e-03 | 74 -0.43207  1.52949e+03 | 75 -1.54026  8.60540e+01
 76  0.37406  9.97688e+01 | 77  0.38386 -3.29707e+01 | 78  1.38524 -5.30374e+01
 79  0.10221 -1.84638e+02 | 80 -0.03560 -5.26425e+01 | 81 -1.32178 -1.40277e+00
 82 -0.09553  1.13810e+01 | 83  0.00389 -9.39060e+00 |
83 variables; iteration 520; function evaluation 612; phase 3
Function value 4.6513558e+01; maximum gradient component mag 2.9894e+04
Var    Value     Gradient |Var    Value     Gradient |Var    Value     Gradient
  1  0.01135  2.98944e+04 |  2 -0.00846  4.50071e+01 |  3 -0.00514  5.83320e+01
  4 -0.02767  5.84364e+01 |  5 -0.02538  7.41662e+01 |  6 -0.03229  8.43282e+01
  7 -0.03093  1.04744e+02 |  8 -0.04026  1.15526e+02 |  9 -0.03351  1.48965e+02
 10 -0.03968  1.67098e+02 | 11 -0.05439  1.71567e+02 | 12 -0.05948  1.92779e+02
 13 -0.06151  2.21363e+02 | 14 -0.03384  3.30877e+02 | 15 -0.05583  3.17044e+02
 16 -0.08602  2.78529e+02 | 17 -0.07862  3.42661e+02 | 18 -0.06277  4.44404e+02
 19 -0.03605  6.04455e+02 | 20 -0.03774  6.33132e+02 | 21 -0.03416  6.73462e+02
 22 -0.12160  3.16363e+02 | 23 -0.04562  6.35798e+02 | 24 -0.03172  7.40530e+02
 25 -0.03067  7.50092e+02 | 26 -0.07965  4.93951e+02 | 27 -0.08603  4.55805e+02
 28 -0.07490  4.76175e+02 | 29  0.01154  9.05264e+02 | 30 -0.06429  4.55903e+02
 31 -0.01979  6.19679e+02 | 32 -0.01326  6.18667e+02 | 33 -0.14993  1.88321e+02
 34 -0.16098  1.71111e+02 | 35 -0.03862  4.10339e+02 | 36 -0.08886  2.46688e+02
 37  0.00870  4.55264e+02 | 38  0.05259  5.40608e+02 | 39 -0.14391  8.49311e+01
 40 -0.00341  2.42235e+02 | 41  0.06095  3.58707e+02 | 42 -0.21299  2.06299e+01
 43  0.03241  2.01071e+02 | 44 -0.07008  8.06289e+01 | 45 -0.02728  8.18393e+01
 46 -0.01015  8.41327e+01 | 47 -0.18502  1.09745e+01 | 48 -0.15200  1.36451e+01
 49 -0.15276  7.60364e+00 | 50  0.06303  3.22221e+01 | 51 -0.16266  4.89272e+00
 52 -0.06164  4.77133e+00 | 53 -0.16085 -6.87948e-01 | 54 -0.08078 -3.38370e+00
 55 -0.06033 -7.51993e+00 | 56 -0.13368 -3.00117e+00 | 57 -0.05142 -7.77539e+00
 58 -0.05276 -7.33303e+00 | 59 -0.00821 -7.48031e+00 | 60 -0.06782 -6.96145e+00
 61 -0.10433 -3.18131e+00 | 62 -0.01668 -9.67503e+00 | 63 -0.09794 -4.56771e+00
 64 -0.14141 -3.74183e+00 | 65 -0.05380 -5.64196e+00 | 66 -0.14024 -2.50480e+00
 67 -0.09309 -3.44189e+00 | 68 -0.10080 -3.31408e+00 | 69 -0.00753 -6.32143e+00
 70 -0.07256 -1.67959e+00 | 71 -0.11039 -4.67361e-01 | 72 -0.08311 -4.32642e-02
 73 -0.07614 -4.34476e-02 | 74 -0.43165  5.06460e+03 | 75 -1.54138  2.94355e+02
 76  0.39200  3.98681e+02 | 77  0.38218 -1.59283e+02 | 78  1.34666 -1.81083e+02
 79  0.10504 -6.76009e+02 | 80 -0.03199 -1.59437e+00 | 81 -1.22173  8.63610e-03
 82 -0.09419 -7.07112e+00 | 83  0.00439  5.18210e+00 |
83 variables; iteration 540; function evaluation 634; phase 3
Function value 4.5621186e+01; maximum gradient component mag 1.9857e+04
Var    Value     Gradient |Var    Value     Gradient |Var    Value     Gradient
  1  0.01157  1.98570e+04 |  2 -0.00732  2.89552e+01 |  3 -0.00877  3.53021e+01
  4 -0.02267  3.95784e+01 |  5 -0.02689  4.61362e+01 |  6 -0.02895  5.53966e+01
  7 -0.03315  6.45665e+01 |  8 -0.03587  7.63273e+01 |  9 -0.03144  9.68118e+01
 10 -0.03485  1.11426e+02 | 11 -0.04572  1.18048e+02 | 12 -0.05064  1.32739e+02
 13 -0.06099  1.40347e+02 | 14 -0.02963  2.21726e+02 | 15 -0.04434  2.26079e+02
 16 -0.08219  1.82642e+02 | 17 -0.08071  2.14123e+02 | 18 -0.06405  2.83746e+02
 19 -0.03795  3.89125e+02 | 20 -0.04397  3.94104e+02 | 21 -0.03259  4.50501e+02
 22 -0.11848  2.07983e+02 | 23 -0.05071  4.02362e+02 | 24 -0.03238  4.90979e+02
 25 -0.03509  4.84894e+02 | 26 -0.07496  3.44169e+02 | 27 -0.08243  3.15987e+02
 28 -0.07782  3.14381e+02 | 29  0.00135  5.74514e+02 | 30 -0.06420  3.10206e+02
 31 -0.01938  4.25298e+02 | 32 -0.01348  4.25705e+02 | 33 -0.14976  1.27562e+02
 34 -0.17321  1.03060e+02 | 35 -0.03196  2.93714e+02 | 36 -0.10160  1.48440e+02
 37  0.01390  3.22387e+02 | 38  0.05026  3.69485e+02 | 39 -0.15087  5.00821e+01
 40  0.00119  1.77821e+02 | 41  0.05687  2.55871e+02 | 42 -0.19681  1.84823e+01
 43  0.03563  1.45286e+02 | 44 -0.09495  4.55764e+01 | 45 -0.00769  6.69813e+01
 46 -0.02395  4.98387e+01 | 47 -0.16465  1.19722e+01 | 48 -0.15503  8.92757e+00
 49 -0.15476  4.81096e+00 | 50  0.06343  2.47853e+01 | 51 -0.16179  3.68669e+00
 52 -0.06139  2.05351e+00 | 53 -0.15825 -2.22132e+00 | 54 -0.08178 -4.67147e+00
 55 -0.05926 -7.87234e+00 | 56 -0.13389 -2.72200e+00 | 57 -0.05189 -5.30387e+00
 58 -0.05144 -3.30835e+00 | 59 -0.00882 -5.45236e+00 | 60 -0.06501 -4.45440e+00
 61 -0.10532 -3.19793e+00 | 62 -0.01621 -7.91874e+00 | 63 -0.09703 -4.61117e+00
 64 -0.14066 -4.26037e+00 | 65 -0.05373 -6.64455e+00 | 66 -0.13829 -2.22260e+00
 67 -0.09340 -4.19880e+00 | 68 -0.09878 -1.56629e+00 | 69 -0.00743 -9.06957e-01
 70 -0.07095 -3.19645e-01 | 71 -0.11017 -1.63033e-01 | 72 -0.08238 -9.75456e-03
 73 -0.07557 -1.16017e-02 | 74 -0.43151  3.18056e+03 | 75 -1.56149  1.91271e+02
 76  0.39547  2.56748e+02 | 77  0.39510 -8.85743e+01 | 78  1.32872 -1.13251e+02
 79  0.10107 -4.46605e+02 | 80 -0.02574 -2.12201e-01 | 81 -1.11612  1.70196e-02
 82 -0.09579 -6.75651e+00 | 83  0.00350  3.14075e+00 |
83 variables; iteration 560; function evaluation 657; phase 3
Function value 4.5122259e+01; maximum gradient component mag 2.0335e+04
Var    Value     Gradient |Var    Value     Gradient |Var    Value     Gradient
  1  0.01129  2.03351e+04 |  2 -0.00588  2.96470e+01 |  3 -0.00700  3.62582e+01
  4 -0.02602  3.76704e+01 |  5 -0.02439  4.77254e+01 |  6 -0.02662  5.70602e+01
  7 -0.02891  6.79517e+01 |  8 -0.03741  7.49484e+01 |  9 -0.03207  9.61509e+01
 10 -0.03016  1.17016e+02 | 11 -0.04206  1.22764e+02 | 12 -0.04738  1.37500e+02
 13 -0.05482  1.49907e+02 | 14 -0.02765  2.26668e+02 | 15 -0.04478  2.26252e+02
 16 -0.07175  2.03528e+02 | 17 -0.07908  2.18827e+02 | 18 -0.06371  2.86472e+02
 19 -0.03411  4.05594e+02 | 20 -0.03796  4.19349e+02 | 21 -0.03631  4.41392e+02
 22 -0.12212  2.03605e+02 | 23 -0.05044  4.10733e+02 | 24 -0.03697  4.82574e+02
 25 -0.04087  4.73742e+02 | 26 -0.07817  3.44506e+02 | 27 -0.08905  3.07227e+02
 28 -0.07854  3.22969e+02 | 29 -0.00083  5.84108e+02 | 30 -0.05141  3.59594e+02
 31 -0.01803  4.46471e+02 | 32 -0.01802  4.27269e+02 | 33 -0.14973  1.34931e+02
 34 -0.17662  1.05180e+02 | 35 -0.03032  3.14124e+02 | 36 -0.11377  1.40381e+02
 37  0.02174  3.57193e+02 | 38  0.04535  3.50831e+02 | 39 -0.15409  4.55329e+01
 40  0.00702  1.90403e+02 | 41  0.05283  2.35996e+02 | 42 -0.18761  2.11583e+01
 43  0.03840  1.50972e+02 | 44 -0.11453  3.81680e+01 | 45  0.00068  7.96349e+01
 46 -0.02925  5.38660e+01 | 47 -0.16484  1.23591e+01 | 48 -0.16288  7.53232e+00
 49 -0.14721  7.69444e+00 | 50  0.06325  2.97939e+01 | 51 -0.16045  3.73368e+00
 52 -0.06090  2.64156e+00 | 53 -0.15477 -7.23325e-01 | 54 -0.08195 -3.80603e+00
 55 -0.05707 -5.29994e+00 | 56 -0.13411 -2.72185e+00 | 57 -0.05055 -4.74163e+00
 58 -0.05067 -3.06642e+00 | 59 -0.00844 -4.25150e+00 | 60 -0.06296 -6.28078e-01
 61 -0.10666 -1.88788e+00 | 62 -0.01406 -1.13015e+00 | 63 -0.09838 -1.95633e+00
 64 -0.13848 -9.82512e-01 | 65 -0.05332 -3.06403e+00 | 66 -0.13780 -9.88487e-01
 67 -0.09289 -3.02052e+00 | 68 -0.09867 -2.63282e+00 | 69 -0.00617 -5.20608e+00
 70 -0.06963 -1.64423e+00 | 71 -0.10845 -2.61517e-01 | 72 -0.08078 -6.02212e-02
 73 -0.07412 -3.19628e-02 | 74 -0.43174  3.40583e+03 | 75 -1.55482  1.99710e+02
 76  0.41149  2.59735e+02 | 77  0.39407 -9.48334e+01 | 78  1.32027 -1.10995e+02
 79  0.10166 -4.46247e+02 | 80 -0.02187 -9.16443e-02 | 81 -1.01260  1.49229e-01
 82 -0.09717 -3.56908e+00 | 83  0.00307  1.93589e+00 |
83 variables; iteration 580; function evaluation 680; phase 3
Function value 4.4820999e+01; maximum gradient component mag 1.0796e+04
Var    Value     Gradient |Var    Value     Gradient |Var    Value     Gradient
  1  0.01115  1.07960e+04 |  2 -0.00515  1.65841e+01 |  3 -0.00824  1.94103e+01
  4 -0.02259  2.18460e+01 |  5 -0.02396  2.64291e+01 |  6 -0.02816  3.04540e+01
  7 -0.02789  3.77001e+01 |  8 -0.03042  4.44259e+01 |  9 -0.03062  5.36267e+01
 10 -0.03244  6.27404e+01 | 11 -0.04574  6.34145e+01 | 12 -0.05110  7.07654e+01
 13 -0.05122  8.36022e+01 | 14 -0.03034  1.22615e+02 | 15 -0.04601  1.22129e+02
 16 -0.07319  1.06201e+02 | 17 -0.07003  1.27479e+02 | 18 -0.06412  1.53931e+02
 19 -0.03347  2.24953e+02 | 20 -0.03848  2.29383e+02 | 21 -0.03940  2.35636e+02
 22 -0.13002  9.22567e+01 | 23 -0.04205  2.41583e+02 | 24 -0.04000  2.57039e+02
 25 -0.04368  2.52051e+02 | 26 -0.07417  1.91076e+02 | 27 -0.08476  1.69568e+02
 28 -0.07871  1.71712e+02 | 29 -0.00624  3.05229e+02 | 30 -0.04940  1.93269e+02
 31 -0.00933  2.57252e+02 | 32 -0.02449  2.17714e+02 | 33 -0.15315  6.61549e+01
 34 -0.16991  5.95812e+01 | 35 -0.03227  1.61028e+02 | 36 -0.11526  7.22074e+01
 37  0.02411  1.95734e+02 | 38  0.04234  1.84943e+02 | 39 -0.14470  2.35435e+01
 40  0.00580  9.18580e+01 | 41  0.05273  1.04532e+02 | 42 -0.18851  4.69647e+00
 43  0.03895  7.20297e+01 | 44 -0.11887  1.65990e+01 | 45  0.00224  3.64176e+01
 46 -0.03144  2.52184e+01 | 47 -0.16573  5.17815e+00 | 48 -0.15989  3.68406e+00
 49 -0.15291  2.37614e+00 | 50  0.06384  1.54956e+01 | 51 -0.16074  2.10186e+00
 52 -0.06050  3.39308e+00 | 53 -0.15390  1.30862e+00 | 54 -0.08175  4.42950e-01
 55 -0.05627  3.03599e-01 | 56 -0.13418 -8.40568e-01 | 57 -0.04970 -2.06894e+00
 58 -0.05112 -2.54149e+00 | 59 -0.00735 -4.42455e+00 | 60 -0.06462 -3.20585e+00
 61 -0.10375 -1.81764e+00 | 62 -0.01499 -5.80501e+00 | 63 -0.09607 -2.33240e+00
 64 -0.14041 -2.73804e+00 | 65 -0.05229 -4.64861e+00 | 66 -0.13914 -2.79873e+00
 67 -0.09217 -3.25214e+00 | 68 -0.09930 -2.70370e+00 | 69 -0.00564 -3.55845e+00
 70 -0.06918 -8.51204e-01 | 71 -0.10753 -8.77848e-02 | 72 -0.07989 -3.08884e-03
 73 -0.07345 -4.03020e-03 | 74 -0.43240  1.99921e+03 | 75 -1.53888  1.08941e+02
 76  0.41854  1.30375e+02 | 77  0.38830 -5.09194e+01 | 78  1.33558 -6.29562e+01
 79  0.09927 -2.45225e+02 | 80 -0.02103 -7.87246e-02 | 81 -0.95789 -4.71562e-02
 82 -0.09829 -3.60253e+00 | 83  0.00225  1.65447e+00 |
83 variables; iteration 600; function evaluation 701; phase 3
Function value 4.4680195e+01; maximum gradient component mag 2.4753e+03
Var    Value     Gradient |Var    Value     Gradient |Var    Value     Gradient
  1  0.01095  2.47530e+03 |  2 -0.00665  4.27357e+00 |  3 -0.00764  5.28549e+00
  4 -0.02589  5.10698e+00 |  5 -0.02570  6.78402e+00 |  6 -0.02730  8.17100e+00
  7 -0.03049  9.28081e+00 |  8 -0.02460  1.39781e+01 |  9 -0.02813  1.55750e+01
 10 -0.03242  1.70559e+01 | 11 -0.04353  1.58085e+01 | 12 -0.05033  1.64504e+01
 13 -0.05552  1.78824e+01 | 14 -0.03068  3.49598e+01 | 15 -0.04546  3.23843e+01
 16 -0.07373  2.21257e+01 | 17 -0.06287  3.32164e+01 | 18 -0.06349  3.79643e+01
 19 -0.03326  6.34641e+01 | 20 -0.04171  6.08179e+01 | 21 -0.04013  6.39475e+01
 22 -0.13224  6.77395e+00 | 23 -0.03879  6.72758e+01 | 24 -0.03742  7.07389e+01
 25 -0.04370  6.61723e+01 | 26 -0.07305  4.49883e+01 | 27 -0.08703  3.53395e+01
 28 -0.08455  3.45962e+01 | 29 -0.00577  8.05347e+01 | 30 -0.04824  3.83234e+01
 31 -0.00991  4.84923e+01 | 32 -0.02327  4.14664e+01 | 33 -0.15741  5.61280e+00
 34 -0.17383  1.03165e+01 | 35 -0.02785  3.62280e+01 | 36 -0.12433  8.84328e+00
 37  0.02662  3.90922e+01 | 38  0.04205  3.85277e+01 | 39 -0.14468 -4.88648e+00
 40  0.00636  1.46269e+01 | 41  0.05273  1.79602e+01 | 42 -0.18172 -4.82198e+00
 43  0.03926  8.16174e+00 | 44 -0.12716 -1.42339e-01 | 45  0.00811  3.93763e+00
 46 -0.03692  1.83579e+00 | 47 -0.16206  1.95313e-01 | 48 -0.15830  6.48564e-01
 49 -0.15115  1.92030e-01 | 50  0.06388  1.77939e+00 | 51 -0.16101 -2.00769e-01
 52 -0.05971 -1.65210e-01 | 53 -0.15380 -9.98694e-02 | 54 -0.08110 -2.09409e-01
 55 -0.05602 -6.62954e-02 | 56 -0.13370 -1.68463e-01 | 57 -0.04931  6.19033e-02
 58 -0.05057 -1.30825e-01 | 59 -0.00680  5.17567e-01 | 60 -0.06402  3.53973e-01
 61 -0.10314  1.30106e+00 | 62 -0.01453  1.91662e+00 | 63 -0.09565  2.51653e+00
 64 -0.13932  1.56958e+00 | 65 -0.05187  3.67467e+00 | 66 -0.13841  1.41469e+00
 67 -0.09142  2.21810e+00 | 68 -0.09832  9.51378e-01 | 69 -0.00507  7.36988e-01
 70 -0.06872  1.53757e-01 | 71 -0.10733  4.36708e-02 | 72 -0.07978 -8.86059e-03
 73 -0.07339 -2.43954e-02 | 74 -0.43251  5.62547e+02 | 75 -1.54181  3.04193e+01
 76  0.43051  1.68885e+01 | 77  0.38991 -4.77155e+00 | 78  1.32432 -1.43771e+01
 79  0.10167 -7.00092e+01 | 80 -0.01870 -4.70322e-02 | 81 -0.87989 -1.64425e-02
 82 -0.09759  1.69821e+00 | 83  0.00270 -1.27397e+00 |
83 variables; iteration 620; function evaluation 726; phase 3
Function value 4.4488936e+01; maximum gradient component mag 1.2401e+04
Var    Value     Gradient |Var    Value     Gradient |Var    Value     Gradient
  1  0.01073  1.24012e+04 |  2 -0.00677  1.79487e+01 |  3 -0.00913  2.14515e+01
  4 -0.02418  2.37893e+01 |  5 -0.02720  2.80438e+01 |  6 -0.02547  3.56925e+01
  7 -0.02815  4.21127e+01 |  8 -0.02585  5.28926e+01 |  9 -0.02998  6.04966e+01
 10 -0.03218  7.03973e+01 | 11 -0.04511  7.18272e+01 | 12 -0.04977  8.08671e+01
 13 -0.05076  9.43702e+01 | 14 -0.03141  1.35192e+02 | 15 -0.05009  1.30892e+02
 16 -0.07142  1.21763e+02 | 17 -0.06240  1.54483e+02 | 18 -0.05798  1.82656e+02
 19 -0.03615  2.43982e+02 | 20 -0.03409  2.65303e+02 | 21 -0.04116  2.57988e+02
 22 -0.13257  1.02178e+02 | 23 -0.03829  2.78758e+02 | 24 -0.04235  2.81231e+02
 25 -0.04263  2.84985e+02 | 26 -0.07333  2.17010e+02 | 27 -0.09082  1.80547e+02
 28 -0.08133  1.89266e+02 | 29 -0.00923  3.34832e+02 | 30 -0.04646  2.25333e+02
 31 -0.00407  3.04416e+02 | 32 -0.02669  2.37196e+02 | 33 -0.16049  6.61589e+01
 34 -0.18143  5.69245e+01 | 35 -0.02414  2.02557e+02 | 36 -0.13331  6.95531e+01
 37  0.02993  2.44359e+02 | 38  0.03990  2.23186e+02 | 39 -0.13944  3.42202e+01
 40  0.00539  1.17686e+02 | 41  0.05315  1.56780e+02 | 42 -0.17330  1.66855e+01
 43  0.03744  9.44038e+01 | 44 -0.12472  2.04363e+01 | 45  0.00964  5.21551e+01
 46 -0.03889  2.40007e+01 | 47 -0.16392  5.06074e+00 | 48 -0.15692  5.27340e+00
 49 -0.15017  3.41416e+00 | 50  0.06367  1.60337e+01 | 51 -0.15947  2.10690e+00
 52 -0.05961  2.11690e+00 | 53 -0.15283  5.94880e-02 | 54 -0.08089 -1.33828e+00
 55 -0.05546 -2.01085e+00 | 56 -0.13326 -1.61937e+00 | 57 -0.04897 -3.41248e+00
 58 -0.04996 -3.38392e+00 | 59 -0.00655 -5.10717e+00 | 60 -0.06325 -3.17270e+00
 61 -0.10323 -2.20284e+00 | 62 -0.01386 -5.33388e+00 | 63 -0.09546 -2.00003e+00
 64 -0.13898 -1.99350e+00 | 65 -0.05142 -3.03237e+00 | 66 -0.13792 -1.59537e+00
 67 -0.09116 -1.86856e+00 | 68 -0.09787 -1.80446e+00 | 69 -0.00466 -3.09694e+00
 70 -0.06826 -8.76793e-01 | 71 -0.10705 -9.31828e-02 | 72 -0.07958 -1.24828e-02
 73 -0.07316 -1.41876e-02 | 74 -0.43287  2.34137e+03 | 75 -1.53416  1.21780e+02
 76  0.44121  1.43873e+02 | 77  0.39247 -6.00898e+01 | 78  1.31731 -6.70511e+01
 79  0.10201 -2.80685e+02 | 80 -0.01647 -2.88521e-02 | 81 -0.75268 -7.67472e-03
 82 -0.09760 -4.16848e+00 | 83  0.00276  2.72754e+00 |
83 variables; iteration 640; function evaluation 749; phase 3
Function value 4.4370047e+01; maximum gradient component mag 8.0136e+03
Var    Value     Gradient |Var    Value     Gradient |Var    Value     Gradient
  1  0.01069  8.01362e+03 |  2 -0.00610  1.19134e+01 |  3 -0.00483  1.54577e+01
  4 -0.02356  1.57158e+01 |  5 -0.02272  1.99481e+01 |  6 -0.03032  2.12121e+01
  7 -0.03057  2.62845e+01 |  8 -0.02487  3.53969e+01 |  9 -0.03099  3.90028e+01
 10 -0.03560  4.38372e+01 | 11 -0.04425  4.64440e+01 | 12 -0.04718  5.33645e+01
 13 -0.04982  6.11113e+01 | 14 -0.03673  8.40064e+01 | 15 -0.04694  8.77999e+01
 16 -0.06738  8.07119e+01 | 17 -0.05943  1.02566e+02 | 18 -0.06077  1.14683e+02
 19 -0.03330  1.65061e+02 | 20 -0.03492  1.73502e+02 | 21 -0.03855  1.73663e+02
 22 -0.12959  6.14977e+01 | 23 -0.04149  1.77465e+02 | 24 -0.04412  1.80864e+02
 25 -0.04881  1.75813e+02 | 26 -0.07212  1.41108e+02 | 27 -0.09422  1.09904e+02
 28 -0.08239  1.19221e+02 | 29 -0.00714  2.23393e+02 | 30 -0.04613  1.43654e+02
 31 -0.00021  2.06234e+02 | 32 -0.02852  1.52263e+02 | 33 -0.16211  3.75581e+01
 34 -0.18738  3.04719e+01 | 35 -0.02131  1.34708e+02 | 36 -0.13990  3.87573e+01
 37  0.03170  1.59613e+02 | 38  0.03817  1.43478e+02 | 39 -0.13404  2.32110e+01
 40  0.00476  7.70084e+01 | 41  0.05306  1.02391e+02 | 42 -0.16964  1.06146e+01
 43  0.03596  6.43367e+01 | 44 -0.11531  1.57611e+01 | 45  0.00573  3.19438e+01
 46 -0.03537  1.46070e+01 | 47 -0.16559  1.85758e+00 | 48 -0.15860  2.10287e+00
 49 -0.15166  7.42325e-01 | 50  0.06432  5.30024e+00 | 51 -0.16135 -8.75477e-02
 52 -0.05893  3.02699e-01 | 53 -0.15394 -9.74908e-02 | 54 -0.08008 -3.38154e-02
 55 -0.05583 -6.51249e-01 | 56 -0.13259 -2.28926e-01 | 57 -0.04891 -1.02217e+00
 58 -0.05004 -1.04865e+00 | 59 -0.00623 -1.32664e+00 | 60 -0.06378 -1.44717e+00
 61 -0.10278 -4.49697e-01 | 62 -0.01372 -2.67560e+00 | 63 -0.09582 -1.37003e+00
 64 -0.13878 -1.55532e+00 | 65 -0.05137 -2.66085e+00 | 66 -0.13821 -1.60259e+00
 67 -0.09108 -1.10693e+00 | 68 -0.09800 -5.98232e-01 | 69 -0.00444 -3.97868e-01
 70 -0.06830 -1.89692e-02 | 71 -0.10669  4.25681e-02 | 72 -0.07925  1.62024e-02
 73 -0.07295 -1.14401e-02 | 74 -0.43310  1.61677e+03 | 75 -1.52779  8.17013e+01
 76  0.44418  8.67124e+01 | 77  0.39353 -3.59278e+01 | 78  1.30668 -4.21129e+01
 79  0.10368 -1.89573e+02 | 80 -0.01526 -2.30351e-02 | 81 -0.65645 -5.24506e-03
 82 -0.09761 -2.07521e+00 | 83  0.00269  9.82868e-01 |
83 variables; iteration 660; function evaluation 771; phase 3
Function value 4.4242708e+01; maximum gradient component mag 9.6985e+03
Var    Value     Gradient |Var    Value     Gradient |Var    Value     Gradient
  1  0.01066  9.69846e+03 |  2 -0.00720  1.42031e+01 |  3 -0.00811  1.75055e+01
  4 -0.02293  1.95423e+01 |  5 -0.02596  2.28909e+01 |  6 -0.02854  2.71179e+01
  7 -0.03215  3.15575e+01 |  8 -0.02386  4.37181e+01 |  9 -0.03036  4.81956e+01
 10 -0.03253  5.60619e+01 | 11 -0.04540  5.66022e+01 | 12 -0.04771  6.55596e+01
 13 -0.04886  7.63983e+01 | 14 -0.03564  1.03764e+02 | 15 -0.04655  1.08123e+02
 16 -0.07144  9.56138e+01 | 17 -0.06071  1.24527e+02 | 18 -0.06199  1.39216e+02
 19 -0.03849  1.91008e+02 | 20 -0.03593  2.08781e+02 | 21 -0.03950  2.09240e+02
 22 -0.12293  8.70820e+01 | 23 -0.04519  2.08300e+02 | 24 -0.04328  2.21485e+02
 25 -0.04472  2.22057e+02 | 26 -0.06731  1.81179e+02 | 27 -0.08688  1.46866e+02
 28 -0.08453  1.43395e+02 | 29 -0.01215  2.58831e+02 | 30 -0.04262  1.82426e+02
 31  0.00174  2.54492e+02 | 32 -0.03130  1.78952e+02 | 33 -0.16296  4.64155e+01
 34 -0.19201  3.47792e+01 | 35 -0.01870  1.63119e+02 | 36 -0.15156  3.83947e+01
 37  0.03516  1.85389e+02 | 38  0.03542  1.55676e+02 | 39 -0.13110  2.95441e+01
 40  0.00511  9.62302e+01 | 41  0.05278  1.24101e+02 | 42 -0.16498  1.47725e+01
 43  0.03286  7.81719e+01 | 44 -0.09986  2.55773e+01 | 45 -0.00096  4.16241e+01
 46 -0.03021  2.65761e+01 | 47 -0.16925  4.79226e+00 | 48 -0.16188  4.27657e+00
 49 -0.15061  3.83507e+00 | 50  0.06413  2.16368e+01 | 51 -0.16132  1.88288e+00
 52 -0.05910  1.44595e+00 | 53 -0.15416 -1.08757e+00 | 54 -0.08034 -3.32976e+00
 55 -0.05569 -5.19631e+00 | 56 -0.13347 -3.49809e+00 | 57 -0.04863 -6.15619e+00
 58 -0.05025 -6.77419e+00 | 59 -0.00633 -9.70686e+00 | 60 -0.06366 -7.00366e+00
 61 -0.10343 -5.01164e+00 | 62 -0.01350 -1.01410e+01 | 63 -0.09655 -4.78196e+00
 64 -0.13793 -2.63325e+00 | 65 -0.05181 -4.67507e+00 | 66 -0.13757 -1.50587e+00
 67 -0.09124 -1.64404e+00 | 68 -0.09814 -1.39166e+00 | 69 -0.00445 -1.48039e+00
 70 -0.06874 -5.53368e-01 | 71 -0.10667  1.66937e-02 | 72 -0.07951  2.86729e-02
 73 -0.07324 -1.99666e-02 | 74 -0.43340  1.97509e+03 | 75 -1.52064  9.62970e+01
 76  0.44429  1.08993e+02 | 77  0.39559 -4.48668e+01 | 78  1.28875 -4.77219e+01
 79  0.10604 -2.26197e+02 | 80 -0.01432 -1.96535e-02 | 81 -0.54134 -3.57625e-03
 82 -0.09710 -9.66558e+00 | 83  0.00307  6.39356e+00 |
83 variables; iteration 680; function evaluation 792; phase 3
Function value 4.4131922e+01; maximum gradient component mag 1.0256e+04
Var    Value     Gradient |Var    Value     Gradient |Var    Value     Gradient
  1  0.01109  1.02558e+04 |  2 -0.00670  1.48641e+01 |  3 -0.00839  1.79785e+01
  4 -0.02430  1.96219e+01 |  5 -0.02767  2.29109e+01 |  6 -0.02519  2.97468e+01
  7 -0.02942  3.41922e+01 |  8 -0.02108  4.69726e+01 |  9 -0.02832  5.13473e+01
 10 -0.03082  5.94697e+01 | 11 -0.04181  6.17259e+01 | 12 -0.04775  6.82887e+01
 13 -0.04846  8.00592e+01 | 14 -0.03046  1.14133e+02 | 15 -0.04444  1.15462e+02
 16 -0.07241  9.91557e+01 | 17 -0.05772  1.34592e+02 | 18 -0.06348  1.43813e+02
 19 -0.04078  1.95874e+02 | 20 -0.04314  2.04654e+02 | 21 -0.04585  2.06768e+02
 22 -0.12245  9.29617e+01 | 23 -0.04485  2.19593e+02 | 24 -0.04503  2.29140e+02
 25 -0.04785  2.26856e+02 | 26 -0.06513  1.94906e+02 | 27 -0.08571  1.56819e+02
 28 -0.08711  1.47210e+02 | 29 -0.01453  2.66038e+02 | 30 -0.03684  2.01620e+02
 31 -0.00401  2.52199e+02 | 32 -0.02859  1.91744e+02 | 33 -0.16399  4.97571e+01
 34 -0.18761  4.17568e+01 | 35 -0.02015  1.73008e+02 | 36 -0.15017  4.38124e+01
 37  0.03327  2.08779e+02 | 38  0.03619  1.80712e+02 | 39 -0.13348  3.18481e+01
 40  0.00394  9.80326e+01 | 41  0.05237  1.27662e+02 | 42 -0.16691  1.49500e+01
 43  0.03254  7.88458e+01 | 44 -0.10015  2.51698e+01 | 45 -0.00295  4.16166e+01
 46 -0.02835  2.92950e+01 | 47 -0.17383  3.94684e+00 | 48 -0.15989  4.80888e+00
 49 -0.15149  3.25751e+00 | 50  0.06354  1.58280e+01 | 51 -0.16062  1.95885e+00
 52 -0.06020  2.73215e+00 | 53 -0.15328  7.78272e-01 | 54 -0.08157 -2.48504e-01
 55 -0.05608 -4.76246e-01 | 56 -0.13364 -6.74749e-01 | 57 -0.04970 -2.12258e+00
 58 -0.05058 -2.22733e+00 | 59 -0.00738 -3.49844e+00 | 60 -0.06340 -1.93494e+00
 61 -0.10489 -2.07996e+00 | 62 -0.01395 -3.16341e+00 | 63 -0.09714 -1.97655e+00
 64 -0.13875 -1.41461e+00 | 65 -0.05247 -3.66614e+00 | 66 -0.13824 -2.01403e+00
 67 -0.09217 -3.11094e+00 | 68 -0.09862 -2.91962e+00 | 69 -0.00537 -5.02730e+00
 70 -0.06872 -1.40716e+00 | 71 -0.10737 -1.69236e-01 | 72 -0.07965 -2.13591e-02
 73 -0.07312  9.91350e-03 | 74 -0.43342  2.07689e+03 | 75 -1.52246  1.01335e+02
 76  0.43840  1.17244e+02 | 77  0.39476 -4.70650e+01 | 78  1.29524 -5.11461e+01
 79  0.10499 -2.35610e+02 | 80 -0.01427 -1.90889e-02 | 81 -0.54053 -3.56695e-03
 82 -0.09814 -2.64817e+00 | 83  0.00250  1.75853e+00 |
83 variables; iteration 700; function evaluation 817; phase 3
Function value 4.4002322e+01; maximum gradient component mag 1.0184e+04
Var    Value     Gradient |Var    Value     Gradient |Var    Value     Gradient
  1  0.01133  1.01839e+04 |  2 -0.00636  1.49071e+01 |  3 -0.00680  1.85211e+01
  4 -0.02341  1.98849e+01 |  5 -0.02584  2.36034e+01 |  6 -0.02636  2.90054e+01
  7 -0.02949  3.39706e+01 |  8 -0.02388  4.50008e+01 |  9 -0.03021  4.98202e+01
 10 -0.03300  5.75529e+01 | 11 -0.03800  6.44157e+01 | 12 -0.04538  6.99526e+01
 13 -0.05021  7.80120e+01 | 14 -0.03163  1.12199e+02 | 15 -0.04721  1.11581e+02
 16 -0.06662  1.05363e+02 | 17 -0.05648  1.35709e+02 | 18 -0.06491  1.41086e+02
 19 -0.04073  1.95247e+02 | 20 -0.03863  2.12789e+02 | 21 -0.04626  2.05578e+02
 22 -0.12017  9.54885e+01 | 23 -0.04389  2.21217e+02 | 24 -0.04869  2.21090e+02
 25 -0.05391  2.14051e+02 | 26 -0.06936  1.86861e+02 | 27 -0.08798  1.52959e+02
 28 -0.08498  1.49981e+02 | 29 -0.01517  2.63267e+02 | 30 -0.02918  2.13466e+02
 31 -0.00981  2.34713e+02 | 32 -0.02541  1.93062e+02 | 33 -0.16700  4.76742e+01
 34 -0.18080  4.72025e+01 | 35 -0.02168  1.68371e+02 | 36 -0.14945  4.21185e+01
 37  0.03239  2.00842e+02 | 38  0.03760  1.72919e+02 | 39 -0.14088  2.53887e+01
 40  0.00596  1.03542e+02 | 41  0.05139  1.32039e+02 | 42 -0.16917  1.51077e+01
 43  0.03374  8.62322e+01 | 44 -0.10511  2.59909e+01 | 45 -0.00107  4.60554e+01
 46 -0.03068  3.08901e+01 | 47 -0.16911  6.33919e+00 | 48 -0.16029  5.60609e+00
 49 -0.15199  3.90522e+00 | 50  0.06309  1.89324e+01 | 51 -0.16123  2.10489e+00
 52 -0.06065  2.27059e+00 | 53 -0.15376  5.80894e-02 | 54 -0.08212 -1.70064e+00
 55 -0.05671 -2.96758e+00 | 56 -0.13413 -1.84822e+00 | 57 -0.05032 -4.26286e+00
 58 -0.05095 -4.12099e+00 | 59 -0.00774 -5.89266e+00 | 60 -0.06402 -3.71766e+00
 61 -0.10460 -2.61953e+00 | 62 -0.01485 -5.00489e+00 | 63 -0.09689 -2.13926e+00
 64 -0.13923 -1.44516e+00 | 65 -0.05289 -3.01550e+00 | 66 -0.13829 -1.23296e+00
 67 -0.09248 -2.00097e+00 | 68 -0.09852 -1.80391e+00 | 69 -0.00596 -3.28947e+00
 70 -0.06916 -9.57889e-01 | 71 -0.10810 -1.29037e-01 | 72 -0.08019 -1.56229e-02
 73 -0.07369 -8.48327e-03 | 74 -0.43318  1.97588e+03 | 75 -1.53155  9.96739e+01
 76  0.43621  1.16988e+02 | 77  0.39472 -4.63936e+01 | 78  1.29691 -4.98792e+01
 79  0.10746 -2.27923e+02 | 80 -0.01299 -1.46689e-02 | 81 -0.52270 -3.36358e-03
 82 -0.09766 -4.94624e+00 | 83  0.00270  3.25275e+00 |
83 variables; iteration 720; function evaluation 843; phase 3
Function value 4.3841571e+01; maximum gradient component mag 9.1874e+03
Var    Value     Gradient |Var    Value     Gradient |Var    Value     Gradient
  1  0.01114  9.18735e+03 |  2 -0.00652  1.35004e+01 |  3 -0.00853  1.61805e+01
  4 -0.02239  1.84986e+01 |  5 -0.02758  2.06797e+01 |  6 -0.02967  2.47888e+01
  7 -0.03414  2.84358e+01 |  8 -0.02076  4.28317e+01 |  9 -0.02827  4.64620e+01
 10 -0.03151  5.32247e+01 | 11 -0.04519  5.30034e+01 | 12 -0.04837  6.07503e+01
 13 -0.04698  7.31224e+01 | 14 -0.04087  9.19813e+01 | 15 -0.04563  1.02418e+02
 16 -0.06567  9.55303e+01 | 17 -0.05526  1.23678e+02 | 18 -0.06209  1.30490e+02
 19 -0.03626  1.83707e+02 | 20 -0.03484  1.98682e+02 | 21 -0.04895  1.80231e+02
 22 -0.11721  8.70121e+01 | 23 -0.04517  1.96235e+02 | 24 -0.04896  1.97717e+02
 25 -0.05319  1.92984e+02 | 26 -0.07038  1.65199e+02 | 27 -0.08781  1.36328e+02
 28 -0.07472  1.48144e+02 | 29 -0.02155  2.22837e+02 | 30 -0.02826  1.92304e+02
 31 -0.00170  2.28913e+02 | 32 -0.02936  1.66914e+02 | 33 -0.17187  3.62747e+01
 34 -0.18222  3.93108e+01 | 35 -0.02100  1.55089e+02 | 36 -0.14723  4.09415e+01
 37  0.03292  1.86790e+02 | 38  0.03769  1.57698e+02 | 39 -0.13995  2.32702e+01
 40  0.00670  9.60404e+01 | 41  0.05154  1.19681e+02 | 42 -0.16583  1.39643e+01
 43  0.03365  7.58875e+01 | 44 -0.10486  2.31914e+01 | 45  0.00044  4.08839e+01
 46 -0.03185  2.66571e+01 | 47 -0.16691  6.26616e+00 | 48 -0.16048  5.16740e+00
 49 -0.15156  3.58602e+00 | 50  0.06345  1.72987e+01 | 51 -0.16020  1.98641e+00
 52 -0.06021  1.90126e+00 | 53 -0.15233 -7.51179e-02 | 54 -0.08197 -1.56942e+00
 55 -0.05576 -2.64385e+00 | 56 -0.13406 -2.04053e+00 | 57 -0.04967 -4.09335e+00
 58 -0.05042 -4.48689e+00 | 59 -0.00720 -6.78273e+00 | 60 -0.06321 -4.20898e+00
 61 -0.10389 -3.08195e+00 | 62 -0.01442 -6.39527e+00 | 63 -0.09602 -2.47463e+00
 64 -0.13866 -1.38927e+00 | 65 -0.05226 -2.59050e+00 | 66 -0.13780 -1.02364e+00
 67 -0.09175 -1.20006e+00 | 68 -0.09782 -1.26793e+00 | 69 -0.00538 -2.10593e+00
 70 -0.06823 -5.55066e-01 | 71 -0.10761 -3.55357e-02 | 72 -0.07967  1.43018e-03
 73 -0.07337 -2.30105e-02 | 74 -0.43327  1.75954e+03 | 75 -1.53358  8.81698e+01
 76  0.44089  1.01827e+02 | 77  0.39932 -3.95354e+01 | 78  1.30152 -4.53454e+01
 79  0.10835 -2.04830e+02 | 80 -0.01062 -5.01976e-01 | 81 -0.43888  8.07270e-02
 82 -0.09813 -5.77711e+00 | 83  0.00245  3.78186e+00 |
83 variables; iteration 740; function evaluation 867; phase 3
Function value 4.3750067e+01; maximum gradient component mag 6.2024e+03
Var    Value     Gradient |Var    Value     Gradient |Var    Value     Gradient
  1  0.01133  6.20236e+03 |  2 -0.00663  9.26720e+00 |  3 -0.00810  1.12344e+01
  4 -0.02390  1.23362e+01 |  5 -0.02681  1.43677e+01 |  6 -0.02533  1.86424e+01
  7 -0.03163  2.02419e+01 |  8 -0.02207  2.97302e+01 |  9 -0.02816  3.24786e+01
 10 -0.02923  3.83067e+01 | 11 -0.04146  3.80561e+01 | 12 -0.04748  4.16985e+01
 13 -0.04766  4.95523e+01 | 14 -0.03321  7.01073e+01 | 15 -0.04891  6.80785e+01
 16 -0.07311  5.83213e+01 | 17 -0.04826  9.22853e+01 | 18 -0.06401  8.74584e+01
 19 -0.03945  1.24742e+02 | 20 -0.04015  1.32195e+02 | 21 -0.05012  1.23643e+02
 22 -0.11531  5.61232e+01 | 23 -0.04850  1.31690e+02 | 24 -0.05268  1.31600e+02
 25 -0.05496  1.30621e+02 | 26 -0.06512  1.19019e+02 | 27 -0.08269  9.68263e+01
 28 -0.07559  9.93316e+01 | 29 -0.02189  1.53411e+02 | 30 -0.02859  1.28845e+02
 31 -0.00130  1.54729e+02 | 32 -0.03104  1.08553e+02 | 33 -0.17339  1.87275e+01
 34 -0.18057  2.54924e+01 | 35 -0.02255  1.05189e+02 | 36 -0.14600  2.57179e+01
 37  0.03283  1.23895e+02 | 38  0.03656  9.95116e+01 | 39 -0.13992  1.15288e+01
 40  0.00661  6.34777e+01 | 41  0.05094  7.68333e+01 | 42 -0.16801  6.77032e+00
 43  0.03384  4.93007e+01 | 44 -0.10802  1.48277e+01 | 45  0.00109  2.61398e+01
 46 -0.03338  1.72878e+01 | 47 -0.16684  4.08547e+00 | 48 -0.16159  3.32040e+00
 49 -0.15148  2.30200e+00 | 50  0.06285  1.12141e+01 | 51 -0.15985  1.56264e+00
 52 -0.06086  1.62629e+00 | 53 -0.15208  3.58553e-01 | 54 -0.08260 -8.01562e-01
 55 -0.05595 -1.12109e+00 | 56 -0.13458 -1.27835e+00 | 57 -0.04991 -2.48473e+00
 58 -0.05101 -3.12136e+00 | 59 -0.00738 -4.25534e+00 | 60 -0.06393 -3.07627e+00
 61 -0.10401 -1.71333e+00 | 62 -0.01482 -3.12367e+00 | 63 -0.09644 -7.15395e-01
 64 -0.13897  5.45552e-03 | 65 -0.05268 -9.31969e-02 | 66 -0.13817 -2.53683e-02
 67 -0.09221 -2.14625e-01 | 68 -0.09826 -7.48697e-01 | 69 -0.00575 -1.75538e+00
 70 -0.06856 -5.23345e-01 | 71 -0.10784 -5.85019e-02 | 72 -0.07976 -1.09943e-02
 73 -0.07336 -9.06227e-03 | 74 -0.43340  1.24778e+03 | 75 -1.53044  6.15603e+01
 76  0.44090  6.37851e+01 | 77  0.39965 -2.43662e+01 | 78  1.30342 -3.05868e+01
 79  0.10796 -1.39219e+02 | 80 -0.00990 -2.41324e+00 | 81 -0.41682  4.24057e-01
 82 -0.09839 -2.82038e+00 | 83  0.00224  1.75310e+00 |
83 variables; iteration 760; function evaluation 889; phase 3
Function value 4.3673800e+01; maximum gradient component mag 2.7472e+03
Var    Value     Gradient |Var    Value     Gradient |Var    Value     Gradient
  1  0.01142  2.74718e+03 |  2 -0.00600  4.60888e+00 |  3 -0.00825  5.28025e+00
  4 -0.02302  6.18983e+00 |  5 -0.02735  6.50719e+00 |  6 -0.02570  9.01676e+00
  7 -0.03224  9.04790e+00 |  8 -0.02152  1.56360e+01 |  9 -0.02796  1.62287e+01
 10 -0.03018  1.86806e+01 | 11 -0.04131  1.75318e+01 | 12 -0.04624  1.91934e+01
 13 -0.04482  2.40478e+01 | 14 -0.03935  3.16945e+01 | 15 -0.04715  3.30206e+01
 16 -0.06729  2.71736e+01 | 17 -0.05087  4.26947e+01 | 18 -0.06150  4.14912e+01
 19 -0.04195  5.98643e+01 | 20 -0.03894  6.63070e+01 | 21 -0.04839  6.09254e+01
 22 -0.11331  1.85472e+01 | 23 -0.04954  6.24336e+01 | 24 -0.05275  6.22540e+01
 25 -0.06017  5.73987e+01 | 26 -0.06291  5.63337e+01 | 27 -0.08679  3.91444e+01
 28 -0.07446  4.45728e+01 | 29 -0.02237  7.28196e+01 | 30 -0.02632  5.65355e+01
 31 -0.00310  6.48539e+01 | 32 -0.03011  4.27820e+01 | 33 -0.17632 -1.89113e+00
 34 -0.17688  9.17084e+00 | 35 -0.02417  4.60824e+01 | 36 -0.14330  7.33370e+00
 37  0.03224  5.47387e+01 | 38  0.03664  4.21169e+01 | 39 -0.14166 -9.69768e-01
 40  0.00742  2.86008e+01 | 41  0.04988  2.90217e+01 | 42 -0.16694  6.12124e-02
 43  0.03487  1.88151e+01 | 44 -0.11546  4.59010e+00 | 45  0.00336  1.01954e+01
 46 -0.03459  7.92892e+00 | 47 -0.16855  9.63272e-01 | 48 -0.16135  1.62105e+00
 49 -0.15043  1.49284e+00 | 50  0.06252  7.77503e+00 | 51 -0.16004  1.18490e+00
 52 -0.06107  1.44336e+00 | 53 -0.15233  5.00827e-01 | 54 -0.08269 -4.28959e-01
 55 -0.05632 -9.35207e-01 | 56 -0.13461 -8.31028e-01 | 57 -0.05015 -1.68771e+00
 58 -0.05120 -2.47232e+00 | 59 -0.00756 -3.19462e+00 | 60 -0.06406 -2.66095e+00
 61 -0.10453 -1.77681e+00 | 62 -0.01472 -2.83075e+00 | 63 -0.09747 -1.08442e+00
 64 -0.13819  8.35843e-01 | 65 -0.05317  6.18145e-01 | 66 -0.13807  6.38820e-01
 67 -0.09245  7.24504e-01 | 68 -0.09832  5.49034e-02 | 69 -0.00596 -8.63389e-01
 70 -0.06877 -2.19887e-01 | 71 -0.10804 -3.07124e-02 | 72 -0.07987 -6.66518e-03
 73 -0.07353 -2.40562e-02 | 74 -0.43329  6.14673e+02 | 75 -1.53294  3.06371e+01
 76  0.43986  1.95824e+01 | 77  0.39936 -7.05944e+00 | 78  1.30418 -1.31383e+01
 79  0.10797 -6.42928e+01 | 80 -0.00826 -2.94869e+00 | 81 -0.40489  5.51335e-01
 82 -0.09814 -1.94970e+00 | 83  0.00237  1.23310e+00 |
83 variables; iteration 780; function evaluation 910; phase 3
Function value 4.3580165e+01; maximum gradient component mag 5.9070e+03
Var    Value     Gradient |Var    Value     Gradient |Var    Value     Gradient
  1  0.01157  5.90703e+03 |  2 -0.00614  9.03298e+00 |  3 -0.00799  1.07918e+01
  4 -0.02238  1.23584e+01 |  5 -0.02627  1.39527e+01 |  6 -0.02712  1.71586e+01
  7 -0.03171  1.93335e+01 |  8 -0.02151  2.88804e+01 |  9 -0.02732  3.16395e+01
 10 -0.03086  3.59054e+01 | 11 -0.03999  3.73486e+01 | 12 -0.04471  4.17002e+01
 13 -0.04382  5.01980e+01 | 14 -0.03890  6.29877e+01 | 15 -0.04667  6.73389e+01
 16 -0.06737  6.05197e+01 | 17 -0.05169  8.55147e+01 | 18 -0.05945  8.88169e+01
 19 -0.04153  1.17968e+02 | 20 -0.04032  1.27601e+02 | 21 -0.05285  1.16163e+02
 22 -0.10918  5.89228e+01 | 23 -0.05512  1.18986e+02 | 24 -0.05289  1.27171e+02
 25 -0.05586  1.25511e+02 | 26 -0.06497  1.15664e+02 | 27 -0.08304  9.34568e+01
 28 -0.07792  9.37821e+01 | 29 -0.02703  1.41960e+02 | 30 -0.02554  1.28913e+02
 31 -0.00112  1.53549e+02 | 32 -0.03105  1.07852e+02 | 33 -0.17910  1.54461e+01
 34 -0.17694  2.71528e+01 | 35 -0.02434  1.02809e+02 | 36 -0.14229  2.80938e+01
 37  0.03124  1.25645e+02 | 38  0.03684  1.08009e+02 | 39 -0.14188  1.24300e+01
 40  0.00692  6.07534e+01 | 41  0.04960  6.35506e+01 | 42 -0.16877  4.95624e+00
 43  0.03570  4.06073e+01 | 44 -0.12234  8.18308e+00 | 45  0.00566  1.95801e+01
 46 -0.03696  1.00468e+01 | 47 -0.16791  8.90191e-01 | 48 -0.16154  1.32648e+00
 49 -0.14965  1.54168e+00 | 50  0.06173  8.26102e+00 | 51 -0.16040  1.22400e+00
 52 -0.06157  8.35834e-01 | 53 -0.15393 -2.98003e-01 | 54 -0.08280 -1.00251e+00
 55 -0.05734 -2.20389e+00 | 56 -0.13472 -1.20443e+00 | 57 -0.05101 -2.49384e+00
 58 -0.05123 -1.92819e+00 | 59 -0.00839 -2.77179e+00 | 60 -0.06415 -1.59846e+00
 61 -0.10525 -1.46090e+00 | 62 -0.01533 -3.89927e+00 | 63 -0.09736 -2.91847e+00
 64 -0.13976 -2.60382e+00 | 65 -0.05324 -5.26176e+00 | 66 -0.13888 -2.59886e+00
 67 -0.09273 -3.26017e+00 | 68 -0.09876 -2.13983e+00 | 69 -0.00652 -2.43922e+00
 70 -0.06980 -6.94537e-01 | 71 -0.10865 -6.65293e-02 | 72 -0.08069  6.65953e-03
 73 -0.07412  1.32539e-02 | 74 -0.43327  1.16275e+03 | 75 -1.53277  5.82220e+01
 76  0.44027  6.10136e+01 | 77  0.40066 -2.26181e+01 | 78  1.30408 -2.96672e+01
 79  0.10760 -1.35270e+02 | 80 -0.00699 -1.63059e+00 | 81 -0.40492  3.13972e-01
 82 -0.09709 -4.00740e+00 | 83  0.00307  2.85053e+00 |
83 variables; iteration 800; function evaluation 931; phase 3
Function value 4.3508754e+01; maximum gradient component mag 7.1655e+03
Var    Value     Gradient |Var    Value     Gradient |Var    Value     Gradient
  1  0.01149  7.16554e+03 |  2 -0.00556  1.09511e+01 |  3 -0.00547  1.38004e+01
  4 -0.02295  1.44353e+01 |  5 -0.02461  1.73398e+01 |  6 -0.02716  2.04396e+01
  7 -0.03034  2.38327e+01 |  8 -0.02430  3.24745e+01 |  9 -0.02995  3.59422e+01
 10 -0.03301  4.12575e+01 | 11 -0.04016  4.45401e+01 | 12 -0.04313  5.10594e+01
 13 -0.04508  5.89126e+01 | 14 -0.04134  7.25345e+01 | 15 -0.04419  8.24810e+01
 16 -0.06443  7.57878e+01 | 17 -0.04953  1.04168e+02 | 18 -0.05995  1.05367e+02
 19 -0.04545  1.34048e+02 | 20 -0.04135  1.49323e+02 | 21 -0.04751  1.45773e+02
 22 -0.10548  7.68541e+01 | 23 -0.05665  1.39367e+02 | 24 -0.05653  1.45763e+02
 25 -0.05393  1.52396e+02 | 26 -0.06207  1.42384e+02 | 27 -0.08565  1.09416e+02
 28 -0.07956  1.10767e+02 | 29 -0.02835  1.66590e+02 | 30 -0.02362  1.57452e+02
 31 -0.00006  1.84362e+02 | 32 -0.03167  1.27325e+02 | 33 -0.18370  1.86040e+01
 34 -0.17357  3.48243e+01 | 35 -0.02462  1.20111e+02 | 36 -0.14363  3.36071e+01
 37  0.03205  1.49975e+02 | 38  0.03630  1.29780e+02 | 39 -0.13950  1.89984e+01
 40  0.00616  7.83921e+01 | 41  0.05067  8.97082e+01 | 42 -0.17310  7.33283e+00
 43  0.03635  5.69146e+01 | 44 -0.12468  1.16866e+01 | 45  0.00709  2.85897e+01
 46 -0.03859  1.35461e+01 | 47 -0.16638  2.21853e+00 | 48 -0.16211  2.04976e+00
 49 -0.14888  2.33507e+00 | 50  0.06187  9.86798e+00 | 51 -0.16051  1.09403e+00
 52 -0.06121  1.04994e+00 | 53 -0.15346 -1.16272e-01 | 54 -0.08259 -9.34595e-01
 55 -0.05699 -1.93990e+00 | 56 -0.13446 -1.02925e+00 | 57 -0.05069 -2.57519e+00
 58 -0.05109 -2.68911e+00 | 59 -0.00808 -3.98902e+00 | 60 -0.06397 -2.61312e+00
 61 -0.10510 -2.31262e+00 | 62 -0.01499 -4.46467e+00 | 63 -0.09731 -2.54272e+00
 64 -0.13929 -1.81478e+00 | 65 -0.05313 -3.71959e+00 | 66 -0.13848 -1.56161e+00
 67 -0.09268 -2.01138e+00 | 68 -0.09843 -1.08885e+00 | 69 -0.00622 -1.49238e+00
 70 -0.06938 -4.19220e-01 | 71 -0.10835 -4.81468e-02 | 72 -0.08033 -3.31320e-03
 73 -0.07379  8.55457e-03 | 74 -0.43338  1.40750e+03 | 75 -1.53048  6.95462e+01
 76  0.44430  7.58640e+01 | 77  0.40121 -2.90395e+01 | 78  1.29838 -3.49341e+01
 79  0.10900 -1.61817e+02 | 80 -0.00639 -1.58996e+00 | 81 -0.40192  3.12128e-01
 82 -0.09733 -4.12584e+00 | 83  0.00296  2.98450e+00 |
83 variables; iteration 820; function evaluation 953; phase 3
Function value 4.3448528e+01; maximum gradient component mag 4.9505e+03
Var    Value     Gradient |Var    Value     Gradient |Var    Value     Gradient
  1  0.01132  4.95049e+03 |  2 -0.00532  7.87179e+00 |  3 -0.00718  9.33291e+00
  4 -0.02325  1.01616e+01 |  5 -0.02421  1.24327e+01 |  6 -0.02660  1.46101e+01
  7 -0.02789  1.76693e+01 |  8 -0.02346  2.37831e+01 |  9 -0.02864  2.61769e+01
 10 -0.03131  3.00907e+01 | 11 -0.03852  3.20133e+01 | 12 -0.04109  3.68626e+01
 13 -0.04084  4.39455e+01 | 14 -0.03835  5.35214e+01 | 15 -0.04359  5.88649e+01
 16 -0.06078  5.48517e+01 | 17 -0.04955  7.35981e+01 | 18 -0.05927  7.42953e+01
 19 -0.04900  9.16342e+01 | 20 -0.04231  1.05442e+02 | 21 -0.05098  9.95290e+01
 22 -0.10200  5.24562e+01 | 23 -0.06244  9.16447e+01 | 24 -0.05655  1.02347e+02
 25 -0.05083  1.10993e+02 | 26 -0.06425  9.74345e+01 | 27 -0.08803  7.25801e+01
 28 -0.08356  7.24739e+01 | 29 -0.02778  1.18146e+02 | 30 -0.01923  1.13474e+02
 31  0.00321  1.34204e+02 | 32 -0.03501  8.44144e+01 | 33 -0.18841  5.29208e+00
 34 -0.17225  2.32470e+01 | 35 -0.02425  8.34224e+01 | 36 -0.14900  1.83195e+01
 37  0.03458  1.04873e+02 | 38  0.03410  8.35141e+01 | 39 -0.13412  1.14824e+01
 40  0.00492  5.04789e+01 | 41  0.05230  5.98637e+01 | 42 -0.18217  3.66326e-01
 43  0.03791  3.82693e+01 | 44 -0.12953  6.30515e+00 | 45  0.00853  2.03190e+01
 46 -0.03948  1.05725e+01 | 47 -0.16722  1.58973e+00 | 48 -0.16262  1.84724e+00
 49 -0.14901  2.03963e+00 | 50  0.06215  8.84461e+00 | 51 -0.15994  1.13992e+00
 52 -0.06071  1.06683e+00 | 53 -0.15267 -1.22873e-01 | 54 -0.08212 -8.72140e-01
 55 -0.05643 -1.78681e+00 | 56 -0.13382 -8.22212e-01 | 57 -0.05024 -2.24377e+00
 58 -0.05069 -2.10393e+00 | 59 -0.00756 -2.97761e+00 | 60 -0.06365 -1.82392e+00
 61 -0.10453 -1.42543e+00 | 62 -0.01444 -2.78863e+00 | 63 -0.09719 -1.87977e+00
 64 -0.13854 -9.66008e-01 | 65 -0.05280 -2.74050e+00 | 66 -0.13808 -1.17101e+00
 67 -0.09235 -1.60026e+00 | 68 -0.09813 -1.13888e+00 | 69 -0.00566 -1.82359e+00
 70 -0.06865 -4.91240e-01 | 71 -0.10783 -7.72124e-02 | 72 -0.07971 -1.25952e-02
 73 -0.07324  5.11421e-03 | 74 -0.43365  1.03304e+03 | 75 -1.52491  4.93778e+01
 76  0.45653  4.68727e+01 | 77  0.40389 -1.84081e+01 | 78  1.28570 -2.29214e+01
 79  0.11139 -1.13610e+02 | 80 -0.00649 -5.80765e-01 | 81 -0.41380  1.10051e-01
 82 -0.09798 -2.99114e+00 | 83  0.00256  2.04643e+00 |
83 variables; iteration 840; function evaluation 978; phase 3
Function value 4.3379375e+01; maximum gradient component mag 1.2671e+04
Var    Value     Gradient |Var    Value     Gradient |Var    Value     Gradient
  1  0.01114  1.26712e+04 |  2 -0.00589  1.87318e+01 |  3 -0.00766  2.26079e+01
  4 -0.02327  2.47580e+01 |  5 -0.02483  2.98873e+01 |  6 -0.02738  3.54513e+01
  7 -0.03006  4.19141e+01 |  8 -0.02503  5.46309e+01 |  9 -0.02820  6.32158e+01
 10 -0.03327  7.10541e+01 | 11 -0.03801  7.99551e+01 | 12 -0.04414  8.84134e+01
 13 -0.04039  1.08284e+02 | 14 -0.04336  1.22669e+02 | 15 -0.04506  1.41253e+02
 16 -0.06084  1.39859e+02 | 17 -0.05234  1.75193e+02 | 18 -0.05587  1.91306e+02
 19 -0.05160  2.17110e+02 | 20 -0.04091  2.56122e+02 | 21 -0.04847  2.48331e+02
 22 -0.09558  1.59699e+02 | 23 -0.06199  2.30254e+02 | 24 -0.04855  2.72398e+02
 25 -0.05161  2.69824e+02 | 26 -0.06908  2.32433e+02 | 27 -0.08382  1.98972e+02
 28 -0.07912  1.97715e+02 | 29 -0.03260  2.77955e+02 | 30 -0.01675  2.96767e+02
 31  0.00266  3.34762e+02 | 32 -0.03415  2.27389e+02 | 33 -0.18820  4.44426e+01
 34 -0.17317  6.56702e+01 | 35 -0.02349  2.15481e+02 | 36 -0.14978  6.10243e+01
 37  0.03560  2.63844e+02 | 38  0.03425  2.07488e+02 | 39 -0.13557  3.72175e+01
 40  0.00622  1.27025e+02 | 41  0.05237  1.56606e+02 | 42 -0.18025  1.38694e+01
 43  0.03819  1.02633e+02 | 44 -0.12870  2.08686e+01 | 45  0.00894  5.57483e+01
 46 -0.03898  2.97262e+01 | 47 -0.16638  6.68743e+00 | 48 -0.16238  5.19097e+00
 49 -0.14913  4.29510e+00 | 50  0.06279  1.81608e+01 | 51 -0.15924  2.33142e+00
 52 -0.06023  1.88433e+00 | 53 -0.15186 -4.25306e-01 | 54 -0.08173 -1.94839e+00
 55 -0.05576 -3.46139e+00 | 56 -0.13347 -1.92213e+00 | 57 -0.04969 -3.97256e+00
 58 -0.05025 -3.69278e+00 | 59 -0.00711 -4.92214e+00 | 60 -0.06295 -2.70215e+00
 61 -0.10427 -2.22270e+00 | 62 -0.01387 -3.37316e+00 | 63 -0.09665 -1.85662e+00
 64 -0.13821 -9.00807e-01 | 65 -0.05227 -1.99547e+00 | 66 -0.13762 -7.43010e-01
 67 -0.09191 -1.29324e+00 | 68 -0.09771 -1.41199e+00 | 69 -0.00512 -2.75428e+00
 70 -0.06794 -8.64720e-01 | 71 -0.10738 -1.29563e-01 | 72 -0.07923 -2.04079e-02
 73 -0.07285 -8.17836e-03 | 74 -0.43339  2.39429e+03 | 75 -1.53120  1.18407e+02
 76  0.45449  1.41972e+02 | 77  0.40942 -5.18997e+01 | 78  1.27385 -5.67979e+01
 79  0.11259 -2.82911e+02 | 80 -0.00675 -2.57373e-02 | 81 -0.44486  1.32585e-03
 82 -0.09853 -4.16593e+00 | 83  0.00226  2.65041e+00 |
83 variables; iteration 860; function evaluation 1003; phase 3
Function value 4.3218530e+01; maximum gradient component mag 1.1206e+04
Var    Value     Gradient |Var    Value     Gradient |Var    Value     Gradient
  1  0.01112  1.12065e+04 |  2 -0.00642  1.67218e+01 |  3 -0.00775  2.03702e+01
  4 -0.02273  2.25982e+01 |  5 -0.02668  2.61020e+01 |  6 -0.02597  3.27007e+01
  7 -0.03241  3.64165e+01 |  8 -0.02292  5.07783e+01 |  9 -0.02939  5.62144e+01
 10 -0.03367  6.37150e+01 | 11 -0.03902  7.10758e+01 | 12 -0.04425  7.93073e+01
 13 -0.04177  9.59702e+01 | 14 -0.04328  1.10383e+02 | 15 -0.04615  1.25558e+02
 16 -0.05936  1.27250e+02 | 17 -0.05006  1.60858e+02 | 18 -0.05515  1.72836e+02
 19 -0.05326  1.91675e+02 | 20 -0.05536  2.00881e+02 | 21 -0.04852  2.22635e+02
 22 -0.08304  1.61616e+02 | 23 -0.06193  2.05629e+02 | 24 -0.05216  2.34950e+02
 25 -0.05087  2.41843e+02 | 26 -0.06565  2.13273e+02 | 27 -0.08065  1.81884e+02
 28 -0.07309  1.85757e+02 | 29 -0.03740  2.36974e+02 | 30 -0.01430  2.69426e+02
 31  0.00126  2.96251e+02 | 32 -0.03298  2.06137e+02 | 33 -0.19111  3.59400e+01
 34 -0.17396  5.66667e+01 | 35 -0.02328  1.87710e+02 | 36 -0.15262  4.97685e+01
 37  0.03690  2.33904e+02 | 38  0.03334  1.81885e+02 | 39 -0.13266  3.30975e+01
 40  0.00527  1.07033e+02 | 41  0.05365  1.37046e+02 | 42 -0.18750  8.68509e+00
 43  0.03961  9.24024e+01 | 44 -0.13318  1.69385e+01 | 45  0.01056  4.92052e+01
 46 -0.03919  2.43691e+01 | 47 -0.16844  3.90547e+00 | 48 -0.16162  3.46444e+00
 49 -0.14856  2.68127e+00 | 50  0.06266  1.06783e+01 | 51 -0.15931  1.06671e+00
 52 -0.06024  2.07740e-01 | 53 -0.15198 -1.27973e+00 | 54 -0.08190 -1.99726e+00
 55 -0.05580 -3.05149e+00 | 56 -0.13377 -1.55691e+00 | 57 -0.04984 -2.51259e+00
 58 -0.04995 -2.12445e+00 | 59 -0.00719 -4.13041e+00 | 60 -0.06268 -2.95707e+00
 61 -0.10401 -2.84760e+00 | 62 -0.01417 -5.88897e+00 | 63 -0.09585 -3.27136e+00
 64 -0.13863 -2.78651e+00 | 65 -0.05199 -4.88726e+00 | 66 -0.13753 -2.08540e+00
 67 -0.09154 -2.52792e+00 | 68 -0.09727 -1.52269e+00 | 69 -0.00511 -8.83663e-01
 70 -0.06820 -4.85424e-01 | 71 -0.10754 -4.15796e-03 | 72 -0.07961  1.30446e-02
 73 -0.07325  1.28106e-03 | 74 -0.43324  2.01571e+03 | 75 -1.53911  1.01962e+02
 76  0.46028  1.21475e+02 | 77  0.42516 -3.82141e+01 | 78  1.24948 -4.65840e+01
 79  0.11460 -2.58426e+02 | 80 -0.00858 -6.47699e-03 | 81 -0.55348 -3.71928e-03
 82 -0.09774 -5.27887e+00 | 83  0.00271  3.34291e+00 |
83 variables; iteration 880; function evaluation 1030; phase 3
Function value 4.3063155e+01; maximum gradient component mag 1.1203e+04
Var    Value     Gradient |Var    Value     Gradient |Var    Value     Gradient
  1  0.01116  1.12026e+04 |  2 -0.00679  1.67721e+01 |  3 -0.00771  2.06218e+01
  4 -0.02175  2.32844e+01 |  5 -0.02861  2.54830e+01 |  6 -0.02536  3.33854e+01
  7 -0.03096  3.76579e+01 |  8 -0.02412  5.05073e+01 |  9 -0.02913  5.69863e+01
 10 -0.03250  6.52923e+01 | 11 -0.03978  7.11453e+01 | 12 -0.04324  8.10418e+01
 13 -0.04245  9.61604e+01 | 14 -0.04504  1.09292e+02 | 15 -0.04999  1.21666e+02
 16 -0.06150  1.25446e+02 | 17 -0.05177  1.59366e+02 | 18 -0.05665  1.71553e+02
 19 -0.05208  1.95079e+02 | 20 -0.05274  2.06943e+02 | 21 -0.05693  2.06545e+02
 22 -0.07494  1.75834e+02 | 23 -0.05986  2.09718e+02 | 24 -0.05792  2.21816e+02
 25 -0.05935  2.22161e+02 | 26 -0.06086  2.21460e+02 | 27 -0.07922  1.82881e+02
 28 -0.06269  2.02892e+02 | 29 -0.03444  2.40170e+02 | 30 -0.01113  2.72116e+02
 31 -0.00222  2.81145e+02 | 32 -0.03130  2.04413e+02 | 33 -0.18767  3.72039e+01
 34 -0.17822  5.10676e+01 | 35 -0.02341  1.80443e+02 | 36 -0.14926  5.00798e+01
 37  0.03640  2.21130e+02 | 38  0.03395  1.73311e+02 | 39 -0.13279  3.13845e+01
 40  0.00549  1.03790e+02 | 41  0.05347  1.36972e+02 | 42 -0.18139  1.11282e+01
 43  0.03938  9.11236e+01 | 44 -0.13491  1.60740e+01 | 45  0.01167  5.20901e+01
 46 -0.03931  2.78440e+01 | 47 -0.16728  5.60399e+00 | 48 -0.16126  4.77517e+00
 49 -0.15066  3.50506e+00 | 50  0.06376  1.81045e+01 | 51 -0.15878  2.24541e+00
 52 -0.05980  2.37269e+00 | 53 -0.15024 -2.71271e-01 | 54 -0.08168 -1.38716e+00
 55 -0.05524 -3.48432e+00 | 56 -0.13269 -1.35515e+00 | 57 -0.04972 -2.83329e+00
 58 -0.04960 -1.72817e+00 | 59 -0.00678 -2.24315e+00 | 60 -0.06208 -8.17987e-01
 61 -0.10349 -9.19214e-01 | 62 -0.01378 -1.38247e+00 | 63 -0.09540 -6.39906e-01
 64 -0.13811 -5.30845e-01 | 65 -0.05177 -7.16411e-01 | 66 -0.13696 -1.51673e-01
 67 -0.09157 -5.69646e-01 | 68 -0.09667 -9.34492e-01 | 69 -0.00482 -2.30119e+00
 70 -0.06664 -7.75060e-01 | 71 -0.10716 -1.17708e-01 | 72 -0.07859 -3.73122e-02
 73 -0.07242 -4.18929e-02 | 74 -0.43290  1.91598e+03 | 75 -1.55005  1.01214e+02
 76  0.45940  1.19631e+02 | 77  0.44327 -3.07156e+01 | 78  1.23214 -4.34778e+01
 79  0.11668 -2.60618e+02 | 80 -0.00945 -7.55454e-03 | 81 -0.60469 -4.39172e-03
 82 -0.09978 -1.71843e+00 | 83  0.00143  4.61234e-01 |
83 variables; iteration 900; function evaluation 1056; phase 3
Function value 4.2957730e+01; maximum gradient component mag 8.8467e+03
Var    Value     Gradient |Var    Value     Gradient |Var    Value     Gradient
  1  0.01080  8.84674e+03 |  2 -0.00662  1.35581e+01 |  3 -0.00743  1.67116e+01
  4 -0.02436  1.77925e+01 |  5 -0.02665  2.11693e+01 |  6 -0.02644  2.63906e+01
  7 -0.03029  3.04531e+01 |  8 -0.02773  3.87710e+01 |  9 -0.03091  4.47364e+01
 10 -0.03675  4.94802e+01 | 11 -0.04162  5.53698e+01 | 12 -0.04577  6.24819e+01
 13 -0.04451  7.48493e+01 | 14 -0.04332  8.87875e+01 | 15 -0.05455  9.18422e+01
 16 -0.06017  1.00528e+02 | 17 -0.04820  1.31384e+02 | 18 -0.05141  1.43451e+02
 19 -0.05202  1.54967e+02 | 20 -0.04849  1.71137e+02 | 21 -0.05659  1.64100e+02
 22 -0.07077  1.44149e+02 | 23 -0.05804  1.68402e+02 | 24 -0.06906  1.56444e+02
 25 -0.06159  1.71177e+02 | 26 -0.06534  1.67286e+02 | 27 -0.07303  1.52728e+02
 28 -0.06515  1.56335e+02 | 29 -0.03192  1.94302e+02 | 30 -0.00329  2.28986e+02
 31 -0.00165  2.23903e+02 | 32 -0.03285  1.58647e+02 | 33 -0.18701  2.59078e+01
 34 -0.18188  3.53510e+01 | 35 -0.02326  1.40649e+02 | 36 -0.14714  3.93338e+01
 37  0.03711  1.77785e+02 | 38  0.03366  1.43861e+02 | 39 -0.12784  2.77349e+01
 40  0.00462  7.89744e+01 | 41  0.05493  1.02679e+02 | 42 -0.18299  5.63875e+00
 43  0.03999  6.71980e+01 | 44 -0.13671  1.04061e+01 | 45  0.01379  3.80668e+01
 46 -0.04126  1.79127e+01 | 47 -0.16549  3.15914e+00 | 48 -0.16193  2.41610e+00
 49 -0.15005  1.57661e+00 | 50  0.06428  8.64700e+00 | 51 -0.15782  9.49693e-01
 52 -0.05923  1.10302e+00 | 53 -0.14905  3.78452e-02 | 54 -0.08122 -2.87399e-01
 55 -0.05413 -5.41210e-01 | 56 -0.13232 -6.88175e-02 | 57 -0.04877 -2.21311e-01
 58 -0.04900  3.39526e-01 | 59 -0.00607 -1.50119e-01 | 60 -0.06142  4.02292e-01
 61 -0.10304 -1.98639e-01 | 62 -0.01284  5.15915e-01 | 63 -0.09514  1.69483e-01
 64 -0.13718  3.31671e-01 | 65 -0.05115  1.71597e-01 | 66 -0.13634  1.30229e-01
 67 -0.09100 -3.65907e-01 | 68 -0.09626 -6.24977e-01 | 69 -0.00397 -1.48847e+00
 70 -0.06597 -5.45603e-01 | 71 -0.10631 -4.82300e-02 | 72 -0.07793 -6.81431e-03
 73 -0.07183 -1.39390e-02 | 74 -0.43284  1.53408e+03 | 75 -1.54863  8.12999e+01
 76  0.47389  8.73383e+01 | 77  0.45904 -2.01081e+01 | 78  1.21785 -3.28830e+01
 79  0.11854 -2.13565e+02 | 80 -0.01135 -1.09427e-02 | 81 -0.69558 -6.06107e-03
 82 -0.10009  4.07040e-01 | 83  0.00128 -1.07104e+00 |
83 variables; iteration 920; function evaluation 1083; phase 3
Function value 4.2782086e+01; maximum gradient component mag 1.5813e+04
Var    Value     Gradient |Var    Value     Gradient |Var    Value     Gradient
  1  0.01051  1.58131e+04 |  2 -0.00609  2.51263e+01 |  3 -0.00712  3.07345e+01
  4 -0.02357  3.31018e+01 |  5 -0.02602  3.94211e+01 |  6 -0.02749  4.75299e+01
  7 -0.02993  5.63437e+01 |  8 -0.02841  6.96752e+01 |  9 -0.03180  8.05182e+01
 10 -0.03705  9.04836e+01 | 11 -0.04380  9.96827e+01 | 12 -0.04679  1.14133e+02
 13 -0.04480  1.36495e+02 | 14 -0.04693  1.55590e+02 | 15 -0.05156  1.73626e+02
 16 -0.05527  1.93792e+02 | 17 -0.05141  2.29689e+02 | 18 -0.05745  2.44177e+02
 19 -0.05434  2.72417e+02 | 20 -0.04588  3.12754e+02 | 21 -0.06147  2.81669e+02
 22 -0.07076  2.61988e+02 | 23 -0.04718  3.32841e+02 | 24 -0.07220  2.74457e+02
 25 -0.05972  3.10818e+02 | 26 -0.06626  2.95555e+02 | 27 -0.06781  2.85407e+02
 28 -0.07229  2.58388e+02 | 29 -0.03609  3.26417e+02 | 30  0.00973  4.46022e+02
 31 -0.00717  3.72825e+02 | 32 -0.03076  2.87647e+02 | 33 -0.18767  5.97474e+01
 34 -0.18588  6.47305e+01 | 35 -0.02423  2.44841e+02 | 36 -0.14513  7.75422e+01
 37  0.03896  3.12644e+02 | 38  0.03180  2.43444e+02 | 39 -0.12380  5.63122e+01
 40  0.00527  1.42827e+02 | 41  0.05486  1.80923e+02 | 42 -0.17566  1.84972e+01
 43  0.03935  1.18646e+02 | 44 -0.13649  2.14647e+01 | 45  0.01587  6.94579e+01
 46 -0.04399  3.16948e+01 | 47 -0.16286  8.22585e+00 | 48 -0.16307  5.45380e+00
 49 -0.15043  4.05970e+00 | 50  0.06475  2.27624e+01 | 51 -0.15751  2.44006e+00
 52 -0.05863  2.55387e+00 | 53 -0.14781 -1.32710e-01 | 54 -0.08089 -1.81143e+00
 55 -0.05322 -3.10072e+00 | 56 -0.13204 -2.06304e+00 | 57 -0.04803 -4.50479e+00
 58 -0.04843 -4.48436e+00 | 59 -0.00534 -6.98409e+00 | 60 -0.06078 -4.28509e+00
 61 -0.10242 -3.74014e+00 | 62 -0.01204 -6.81568e+00 | 63 -0.09488 -3.91829e+00
 64 -0.13613 -2.15222e+00 | 65 -0.05054 -4.71549e+00 | 66 -0.13567 -1.96917e+00
 67 -0.09030 -2.59494e+00 | 68 -0.09547 -2.13025e+00 | 69 -0.00324 -3.24607e+00
 70 -0.06520 -9.80144e-01 | 71 -0.10583 -8.88147e-02 | 72 -0.07750 -3.43139e-03
 73 -0.07148 -1.99228e-02 | 74 -0.43268  2.58646e+03 | 75 -1.55360  1.39885e+02
 76  0.49272  1.57502e+02 | 77  0.48022 -3.16266e+01 | 78  1.19554 -5.23934e+01
 79  0.12122 -3.78397e+02 | 80 -0.01315 -1.58029e-02 | 81 -0.80040 -9.68737e-03
 82 -0.10007 -6.35931e+00 | 83  0.00134  3.70705e+00 |
83 variables; iteration 940; function evaluation 1109; phase 3
Function value 4.2582722e+01; maximum gradient component mag 1.0060e+03
Var    Value     Gradient |Var    Value     Gradient |Var    Value     Gradient
  1  0.01030  1.00602e+03 |  2 -0.00669  1.80601e+00 |  3 -0.00793  2.19169e+00
  4 -0.02401  2.42434e+00 |  5 -0.02599  2.75534e+00 |  6 -0.02908  2.88829e+00
  7 -0.03140  3.37436e+00 |  8 -0.02904  5.45958e+00 |  9 -0.03158  6.17419e+00
 10 -0.03591  6.39571e+00 | 11 -0.04363  5.55594e+00 | 12 -0.04446  7.20218e+00
 13 -0.04258  1.00175e+01 | 14 -0.04113  1.29536e+01 | 15 -0.04778  1.30158e+01
 16 -0.05379  1.32732e+01 | 17 -0.05226  1.67523e+01 | 18 -0.05949  1.62212e+01
 19 -0.05616  1.97033e+01 | 20 -0.05841  2.02055e+01 | 21 -0.06303  1.88055e+01
 22 -0.07544  1.33043e+01 | 23 -0.04174  3.02190e+01 | 24 -0.06236  2.07877e+01
 25 -0.06030  2.26620e+01 | 26 -0.05954  2.49390e+01 | 27 -0.07292  1.98602e+01
 28 -0.07761  1.75015e+01 | 29 -0.04203  2.88667e+01 | 30  0.01874  4.54350e+01
 31 -0.01494  3.05489e+01 | 32 -0.02643  2.58697e+01 | 33 -0.18752 -9.53102e+00
 34 -0.18959 -4.62771e+00 | 35 -0.02325  1.79089e+01 | 36 -0.14639 -1.59000e+00
 37  0.03947  1.56533e+01 | 38  0.03232  9.80260e+00 | 39 -0.12461 -2.72104e+00
 40  0.00605  1.59467e+00 | 41  0.05505  2.92737e+00 | 42 -0.17096 -5.51856e+00
 43  0.03816 -2.29415e+00 | 44 -0.12879 -3.11797e+00 | 45  0.01463 -2.43597e+00
 46 -0.04286 -3.17775e+00 | 47 -0.16275 -1.12640e+00 | 48 -0.16322 -1.09306e+00
 49 -0.15111 -1.41632e+00 | 50  0.06537 -2.67557e+00 | 51 -0.15743 -8.51288e-01
 52 -0.05787 -8.04683e-01 | 53 -0.14756 -4.01955e-01 | 54 -0.08015 -6.14070e-02
 55 -0.05278 -6.73315e-03 | 56 -0.13133  2.41696e-01 | 57 -0.04758  8.76035e-01
 58 -0.04785  1.60195e+00 | 59 -0.00483  2.00710e+00 | 60 -0.06032  1.95309e+00
 61 -0.10153  1.33822e+00 | 62 -0.01178  3.09443e+00 | 63 -0.09371  1.62516e+00
 64 -0.13629  1.10808e+00 | 65 -0.04986  2.36589e+00 | 66 -0.13523  1.36247e+00
 67 -0.08985  1.58873e+00 | 68 -0.09492  1.35827e+00 | 69 -0.00265  1.90258e+00
 70 -0.06453  4.42128e-01 | 71 -0.10539  7.18078e-02 | 72 -0.07707  2.33246e-03
 73 -0.07110 -1.57098e-02 | 74 -0.43241  2.07713e+02 | 75 -1.55947  1.13052e+01
 76  0.51253 -2.84233e-01 | 77  0.49723  2.78775e-01 | 78  1.18321 -4.62313e+00
 79  0.12277 -3.81429e+01 | 80 -0.01529 -2.51711e-02 | 81 -0.89564 -1.89767e-02
 82 -0.10038  2.08129e+00 | 83  0.00117 -1.83779e+00 |
83 variables; iteration 960; function evaluation 1136; phase 3
Function value 4.2353014e+01; maximum gradient component mag 1.5703e+04
Var    Value     Gradient |Var    Value     Gradient |Var    Value     Gradient
  1  0.01009  1.57028e+04 |  2 -0.00705  2.53916e+01 |  3 -0.00783  3.12191e+01
  4 -0.02412  3.36921e+01 |  5 -0.02619  4.03346e+01 |  6 -0.02695  4.90286e+01
  7 -0.02986  5.76570e+01 |  8 -0.03183  6.82817e+01 |  9 -0.03436  7.96872e+01
 10 -0.03507  9.41115e+01 | 11 -0.04005  1.05544e+02 | 12 -0.04389  1.19502e+02
 13 -0.04484  1.38439e+02 | 14 -0.03870  1.70830e+02 | 15 -0.04473  1.87463e+02
 16 -0.05201  2.01400e+02 | 17 -0.06142  2.09897e+02 | 18 -0.06097  2.36455e+02
 19 -0.05288  2.75327e+02 | 20 -0.06760  2.55148e+02 | 21 -0.05788  2.88051e+02
 22 -0.08587  2.24687e+02 | 23 -0.04115  3.48085e+02 | 24 -0.04795  3.38670e+02
 25 -0.06212  3.00539e+02 | 26 -0.06049  3.06264e+02 | 27 -0.07254  2.68494e+02
 28 -0.07593  2.45167e+02 | 29 -0.05782  2.64809e+02 | 30  0.02679  5.01681e+02
 31 -0.01974  3.27639e+02 | 32 -0.02416  2.99424e+02 | 33 -0.18825  5.97235e+01
 34 -0.18544  6.53552e+01 | 35 -0.02471  2.41646e+02 | 36 -0.14490  7.62321e+01
 37  0.03969  3.09909e+02 | 38  0.03257  2.42174e+02 | 39 -0.12256  5.60844e+01
 40  0.00577  1.41492e+02 | 41  0.05553  1.81378e+02 | 42 -0.16358  2.30647e+01
 43  0.03594  1.11999e+02 | 44 -0.11799  2.71865e+01 | 45  0.01212  6.35429e+01
 46 -0.04085  3.07233e+01 | 47 -0.16346  8.38908e+00 | 48 -0.16446  5.63559e+00
 49 -0.14986  4.64576e+00 | 50  0.06541  2.40467e+01 | 51 -0.15639  2.89536e+00
 52 -0.05781  2.87526e+00 | 53 -0.14707 -4.96762e-02 | 54 -0.07992 -1.88319e+00
 55 -0.05232 -3.26327e+00 | 56 -0.13123 -2.25423e+00 | 57 -0.04702 -4.71405e+00
 58 -0.04777 -4.77313e+00 | 59 -0.00436 -7.22377e+00 | 60 -0.06034 -4.58279e+00
 61 -0.10121 -3.65604e+00 | 62 -0.01141 -7.14075e+00 | 63 -0.09355 -3.40029e+00
 64 -0.13607 -2.43213e+00 | 65 -0.04950 -4.67925e+00 | 66 -0.13514 -2.12631e+00
 67 -0.08953 -2.96165e+00 | 68 -0.09490 -2.49578e+00 | 69 -0.00233 -3.84681e+00
 70 -0.06432 -1.07848e+00 | 71 -0.10514 -1.07983e-01 | 72 -0.07697 -5.89945e-03
 73 -0.07096 -1.22288e-02 | 74 -0.43176  2.40113e+03 | 75 -1.56777  1.42278e+02
 76  0.54291  1.31381e+02 | 77  0.52569 -2.07458e+01 | 78  1.16932 -4.46863e+01
 79  0.12602 -3.79457e+02 | 80 -0.01877 -5.22871e-02 | 81 -1.09265  2.14099e-02
 82 -0.10039 -6.45358e+00 | 83  0.00114  3.74150e+00 |
83 variables; iteration 980; function evaluation 1158; phase 3
Function value 4.2243818e+01; maximum gradient component mag 1.0611e+04
Var    Value     Gradient |Var    Value     Gradient |Var    Value     Gradient
  1  0.00988  1.06112e+04 |  2 -0.00695  1.73313e+01 |  3 -0.00811  2.11706e+01
  4 -0.02570  2.22668e+01 |  5 -0.02618  2.74234e+01 |  6 -0.02705  3.33411e+01
  7 -0.03052  3.87612e+01 |  8 -0.03578  4.38121e+01 |  9 -0.03441  5.39716e+01
 10 -0.03305  6.55116e+01 | 11 -0.03728  7.37821e+01 | 12 -0.04338  8.11669e+01
 13 -0.04802  9.03417e+01 | 14 -0.03566  1.20078e+02 | 15 -0.04239  1.30285e+02
 16 -0.05181  1.36264e+02 | 17 -0.06697  1.32993e+02 | 18 -0.05934  1.61553e+02
 19 -0.05045  1.90403e+02 | 20 -0.06606  1.73447e+02 | 21 -0.05736  1.94614e+02
 22 -0.09443  1.35272e+02 | 23 -0.04171  2.34481e+02 | 24 -0.04462  2.35990e+02
 25 -0.06184  2.02465e+02 | 26 -0.05954  2.08264e+02 | 27 -0.06905  1.86687e+02
 28 -0.07298  1.69629e+02 | 29 -0.06601  1.65635e+02 | 30  0.02907  3.49230e+02
 31 -0.02044  2.21306e+02 | 32 -0.02466  2.03655e+02 | 33 -0.18830  3.57183e+01
 34 -0.17583  4.78920e+01 | 35 -0.02997  1.52446e+02 | 36 -0.13477  5.63402e+01
 37  0.03917  2.05836e+02 | 38  0.03245  1.59641e+02 | 39 -0.12103  3.77464e+01
 40  0.00634  9.77889e+01 | 41  0.05555  1.23814e+02 | 42 -0.16258  1.50424e+01
 43  0.03676  7.84471e+01 | 44 -0.12268  1.71925e+01 | 45  0.01407  4.57164e+01
 46 -0.04259  2.13393e+01 | 47 -0.16238  6.16198e+00 | 48 -0.16524  3.64023e+00
 49 -0.14959  2.96585e+00 | 50  0.06554  1.63491e+01 | 51 -0.15659  1.73314e+00
 52 -0.05739  1.24465e+00 | 53 -0.14764 -6.65754e-01 | 54 -0.07915 -2.37644e+00
 55 -0.05239 -3.86097e+00 | 56 -0.13065 -2.02862e+00 | 57 -0.04669 -3.95637e+00
 58 -0.04758 -3.51346e+00 | 59 -0.00398 -4.33634e+00 | 60 -0.06039 -2.55531e+00
 61 -0.10109 -1.75463e+00 | 62 -0.01085 -2.55509e+00 | 63 -0.09393 -1.56518e+00
 64 -0.13554 -9.72213e-01 | 65 -0.04928 -2.33936e+00 | 66 -0.13497 -1.02056e+00
 67 -0.08930 -1.58301e+00 | 68 -0.09485 -1.16540e+00 | 69 -0.00189 -1.83204e+00
 70 -0.06443 -5.97732e-01 | 71 -0.10489 -8.52751e-02 | 72 -0.07695 -1.71055e-02
 73 -0.07086 -7.95750e-03 | 74 -0.43132  1.62276e+03 | 75 -1.57136  9.97300e+01
 76  0.56130  8.22041e+01 | 77  0.54223 -1.17782e+01 | 78  1.17497 -3.13883e+01
 79  0.12733 -2.59090e+02 | 80 -0.02067 -8.19609e-02 | 81 -1.26943  6.97404e-03
 82 -0.09990 -4.05138e+00 | 83  0.00147  2.42953e+00 |
83 variables; iteration 1000; function evaluation 1182; phase 3
Function value 4.2134055e+01; maximum gradient component mag 4.1568e+03
Var    Value     Gradient |Var    Value     Gradient |Var    Value     Gradient
  1  0.01000  4.15680e+03 |  2 -0.00700  6.96278e+00 |  3 -0.00735  8.78735e+00
  4 -0.02468  9.11023e+00 |  5 -0.02581  1.11260e+01 |  6 -0.02717  1.34523e+01
  7 -0.02979  1.57010e+01 |  8 -0.03665  1.65393e+01 |  9 -0.03498  2.13019e+01
 10 -0.03426  2.62173e+01 | 11 -0.03848  2.92028e+01 | 12 -0.04225  3.28027e+01
 13 -0.04874  3.50824e+01 | 14 -0.03402  5.12778e+01 | 15 -0.03815  5.66611e+01
 16 -0.05153  5.49441e+01 | 17 -0.07007  4.88183e+01 | 18 -0.06321  6.12274e+01
 19 -0.04608  8.21046e+01 | 20 -0.06456  6.97326e+01 | 21 -0.06141  7.47443e+01
 22 -0.09831  4.49271e+01 | 23 -0.04776  9.11461e+01 | 24 -0.04414  9.80893e+01
 25 -0.07038  7.33016e+01 | 26 -0.05288  9.18637e+01 | 27 -0.05965  8.48754e+01
 28 -0.07171  7.02201e+01 | 29 -0.06662  6.69328e+01 | 30  0.02575  1.47202e+02
 31 -0.02080  9.38687e+01 | 32 -0.02525  8.89425e+01 | 33 -0.18294  8.71780e+00
 34 -0.17275  1.70840e+01 | 35 -0.03502  5.21613e+01 | 36 -0.12306  2.31694e+01
 37  0.03618  6.74366e+01 | 38  0.03387  5.56898e+01 | 39 -0.12107  1.20771e+01
 40  0.00542  3.29232e+01 | 41  0.05536  4.40666e+01 | 42 -0.15772  4.76259e+00
 43  0.03552  2.77900e+01 | 44 -0.12278  5.20525e+00 | 45  0.01497  1.70003e+01
 46 -0.04493  5.96541e+00 | 47 -0.16064  2.62403e+00 | 48 -0.16536  1.10743e+00
 49 -0.14976  8.63249e-01 | 50  0.06504  6.67974e+00 | 51 -0.15654  6.35450e-01
 52 -0.05785  6.39662e-01 | 53 -0.14782 -1.82146e-01 | 54 -0.07956 -7.83736e-01
 55 -0.05267 -1.40400e+00 | 56 -0.13101 -7.26018e-01 | 57 -0.04707 -1.41191e+00
 58 -0.04768 -9.52691e-01 | 59 -0.00443 -1.77772e+00 | 60 -0.06046 -9.16406e-01
 61 -0.10149 -1.08323e+00 | 62 -0.01119 -2.35517e+00 | 63 -0.09407 -1.79269e+00
 64 -0.13602 -1.46921e+00 | 65 -0.04947 -3.03935e+00 | 66 -0.13535 -1.38328e+00
 67 -0.08945 -1.67044e+00 | 68 -0.09514 -9.37762e-01 | 69 -0.00220 -8.53146e-01
 70 -0.06488 -3.08422e-01 | 71 -0.10515 -3.00549e-02 | 72 -0.07727 -1.38342e-02
 73 -0.07113 -3.10348e-03 | 74 -0.43081  6.38219e+02 | 75 -1.57966  4.09402e+01
 76  0.57215  2.68676e+01 | 77  0.56660 -3.09643e+00 | 78  1.17892 -1.34940e+01
 79  0.12830 -1.08192e+02 | 80 -0.02218 -1.22915e-01 | 81 -1.42785  3.19047e-03
 82 -0.09961 -2.27086e+00 | 83  0.00167  1.35479e+00 |
83 variables; iteration 1020; function evaluation 1206; phase 3
Function value 4.1981627e+01; maximum gradient component mag 6.6152e+03
Var    Value     Gradient |Var    Value     Gradient |Var    Value     Gradient
  1  0.01043  6.61524e+03 |  2 -0.00648  1.09683e+01 |  3 -0.00822  1.31719e+01
  4 -0.02387  1.44539e+01 |  5 -0.02653  1.69481e+01 |  6 -0.02522  2.16562e+01
  7 -0.02982  2.44135e+01 |  8 -0.03470  2.74526e+01 |  9 -0.03516  3.32303e+01
 10 -0.03351  4.09786e+01 | 11 -0.03473  4.79513e+01 | 12 -0.03983  5.30495e+01
 13 -0.04630  5.74050e+01 | 14 -0.03532  7.67926e+01 | 15 -0.03784  8.68970e+01
 16 -0.04673  9.06426e+01 | 17 -0.07693  7.25048e+01 | 18 -0.05956  1.01006e+02
 19 -0.04820  1.23641e+02 | 20 -0.06630  1.08203e+02 | 21 -0.05988  1.19666e+02
 22 -0.09211  8.35643e+01 | 23 -0.05947  1.25035e+02 | 24 -0.04532  1.49608e+02
 25 -0.07455  1.11807e+02 | 26 -0.04939  1.47152e+02 | 27 -0.05671  1.35086e+02
 28 -0.07042  1.11259e+02 | 29 -0.06418  1.08131e+02 | 30  0.01477  2.03354e+02
 31 -0.02380  1.36515e+02 | 32 -0.02163  1.35036e+02 | 33 -0.17584  2.34881e+01
 34 -0.18127  2.54017e+01 | 35 -0.03226  9.38707e+01 | 36 -0.12380  3.93816e+01
 37  0.03308  1.17313e+02 | 38  0.03691  1.03085e+02 | 39 -0.12616  2.00320e+01
 40  0.00430  5.79859e+01 | 41  0.05569  8.21289e+01 | 42 -0.15884  1.02917e+01
 43  0.03376  4.69210e+01 | 44 -0.11293  1.22476e+01 | 45  0.01006  2.65916e+01
 46 -0.04022  1.28117e+01 | 47 -0.16319  4.07687e+00 | 48 -0.16446  2.61962e+00
 49 -0.15097  1.82092e+00 | 50  0.06446  1.07127e+01 | 51 -0.15745  1.12869e+00
 52 -0.05877  4.31861e-01 | 53 -0.14929 -1.01436e+00 | 54 -0.08044 -2.37793e+00
 55 -0.05390 -3.98094e+00 | 56 -0.13197 -1.91439e+00 | 57 -0.04810 -3.43440e+00
 58 -0.04865 -2.89286e+00 | 59 -0.00519 -3.80397e+00 | 60 -0.06172 -2.67895e+00
 61 -0.10154 -1.27724e+00 | 62 -0.01274 -2.94332e+00 | 63 -0.09389 -9.77089e-01
 64 -0.13738 -1.22552e+00 | 65 -0.05023 -1.80207e+00 | 66 -0.13608 -8.38750e-01
 67 -0.09010 -9.64758e-01 | 68 -0.09566 -3.12272e-01 | 69 -0.00336  3.08007e-01
 70 -0.06596 -4.31656e-02 | 71 -0.10629 -7.23387e-03 | 72 -0.07828 -1.63520e-02
 73 -0.07207 -1.99881e-02 | 74 -0.43028  9.29572e+02 | 75 -1.59073  6.28058e+01
 76  0.56743  4.75357e+01 | 77  0.58015 -4.63244e+00 | 78  1.17807 -1.99687e+01
 79  0.12933 -1.61022e+02 | 80 -0.02257 -2.33479e+00 | 81 -1.48353 -2.16350e-01
 82 -0.09905 -3.88283e+00 | 83  0.00185  2.03866e+00 |
83 variables; iteration 1040; function evaluation 1233; phase 3
Function value 4.1812799e+01; maximum gradient component mag 1.6144e+04
Var    Value     Gradient |Var    Value     Gradient |Var    Value     Gradient
  1  0.01060  1.61444e+04 |  2 -0.00607  2.62190e+01 |  3 -0.00757  3.18071e+01
  4 -0.02289  3.48354e+01 |  5 -0.02553  4.13069e+01 |  6 -0.02447  5.13720e+01
  7 -0.02915  5.89948e+01 |  8 -0.02996  7.07862e+01 |  9 -0.03369  8.14371e+01
 10 -0.03526  9.52949e+01 | 11 -0.03446  1.13662e+02 | 12 -0.04021  1.26109e+02
 13 -0.04482  1.40703e+02 | 14 -0.04641  1.61047e+02 | 15 -0.04404  1.91727e+02
 16 -0.04228  2.24067e+02 | 17 -0.07102  1.94292e+02 | 18 -0.05805  2.46531e+02
 19 -0.05503  2.73996e+02 | 20 -0.06684  2.60885e+02 | 21 -0.05729  2.93950e+02
 22 -0.08533  2.28964e+02 | 23 -0.06256  2.91575e+02 | 24 -0.04719  3.46625e+02
 25 -0.06999  2.85807e+02 | 26 -0.05048  3.43067e+02 | 27 -0.04948  3.39809e+02
 28 -0.06601  2.78132e+02 | 29 -0.06971  2.49466e+02 | 30  0.00306  4.38529e+02
 31 -0.02388  3.33520e+02 | 32 -0.01851  3.34121e+02 | 33 -0.17468  7.61344e+01
 34 -0.18329  7.18293e+01 | 35 -0.03176  2.42674e+02 | 36 -0.12379  1.05109e+02
 37  0.03239  3.16546e+02 | 38  0.03699  2.72027e+02 | 39 -0.12582  6.01829e+01
 40  0.00423  1.49688e+02 | 41  0.05528  1.89467e+02 | 42 -0.16222  2.57050e+01
 43  0.03515  1.16317e+02 | 44 -0.11767  2.84142e+01 | 45  0.01037  6.55568e+01
 46 -0.03989  3.30560e+01 | 47 -0.16328  9.20095e+00 | 48 -0.16474  5.96023e+00
 49 -0.15056  4.72722e+00 | 50  0.06420  2.24274e+01 | 51 -0.15754  2.75856e+00
 52 -0.05931  2.33288e+00 | 53 -0.14951 -3.24875e-01 | 54 -0.08099 -2.00858e+00
 55 -0.05415 -3.48334e+00 | 56 -0.13249 -2.12654e+00 | 57 -0.04848 -4.67485e+00
 58 -0.04893 -4.79153e+00 | 59 -0.00585 -7.03893e+00 | 60 -0.06143 -4.26573e+00
 61 -0.10301 -3.64864e+00 | 62 -0.01258 -6.69277e+00 | 63 -0.09530 -3.69106e+00
 64 -0.13677 -2.15556e+00 | 65 -0.05091 -4.65927e+00 | 66 -0.13620 -2.01391e+00
 67 -0.09051 -2.73034e+00 | 68 -0.09608 -2.35992e+00 | 69 -0.00386 -3.75747e+00
 70 -0.06632 -1.08556e+00 | 71 -0.10666 -1.29234e-01 | 72 -0.07852 -9.44499e-03
 73 -0.07226 -4.92372e-03 | 74 -0.42996  2.17049e+03 | 75 -1.59479  1.50881e+02
 76  0.56788  1.26832e+02 | 77  0.59014 -1.14569e+01 | 78  1.17975 -4.75216e+01
 79  0.12928 -3.83200e+02 | 80 -0.02129 -4.69417e+00 | 81 -1.50669 -4.97485e-01
 82 -0.09891 -6.47972e+00 | 83  0.00203  4.26751e+00 |
83 variables; iteration 1060; function evaluation 1259; phase 3
Function value 4.1646899e+01; maximum gradient component mag 4.8391e+03
Var    Value     Gradient |Var    Value     Gradient |Var    Value     Gradient
  1  0.01049  4.83912e+03 |  2 -0.00585  8.31105e+00 |  3 -0.00721  1.00396e+01
  4 -0.02244  1.11827e+01 |  5 -0.02448  1.31837e+01 |  6 -0.02583  1.58597e+01
  7 -0.02865  1.84065e+01 |  8 -0.02703  2.33599e+01 |  9 -0.03266  2.54907e+01
 10 -0.03671  2.86204e+01 | 11 -0.03791  3.37055e+01 | 12 -0.04050  3.86358e+01
 13 -0.04095  4.53549e+01 | 14 -0.05021  4.66708e+01 | 15 -0.04298  6.05604e+01
 16 -0.04636  6.71668e+01 | 17 -0.05105  7.25552e+01 | 18 -0.05582  7.70918e+01
 19 -0.05791  8.15276e+01 | 20 -0.06982  7.50225e+01 | 21 -0.07004  7.72501e+01
 22 -0.08487  6.44457e+01 | 23 -0.06578  8.48427e+01 | 24 -0.04700  1.08597e+02
 25 -0.07030  8.48261e+01 | 26 -0.04800  1.10459e+02 | 27 -0.04530  1.12633e+02
 28 -0.06204  8.98441e+01 | 29 -0.06947  7.49174e+01 | 30 -0.00016  1.34712e+02
 31 -0.02463  1.01288e+02 | 32 -0.01820  1.09261e+02 | 33 -0.17155  1.70944e+01
 34 -0.18420  1.58798e+01 | 35 -0.03380  6.96002e+01 | 36 -0.12140  3.20207e+01
 37  0.03330  9.03850e+01 | 38  0.03565  7.24569e+01 | 39 -0.12268  1.63481e+01
 40  0.00416  4.23813e+01 | 41  0.05552  5.44397e+01 | 42 -0.16340  5.36686e+00
 43  0.03629  3.61967e+01 | 44 -0.12459  6.92957e+00 | 45  0.01317  2.20190e+01
 46 -0.04273  9.71989e+00 | 47 -0.16197  3.32029e+00 | 48 -0.16515  1.70729e+00
 49 -0.15090  1.25609e+00 | 50  0.06422  8.44192e+00 | 51 -0.15780  8.35096e-01
 52 -0.05909  9.39902e-01 | 53 -0.14940 -6.57657e-02 | 54 -0.08080 -6.67950e-01
 55 -0.05395 -1.36263e+00 | 56 -0.13245 -1.01364e+00 | 57 -0.04824 -2.40237e+00
 58 -0.04874 -2.73007e+00 | 59 -0.00566 -4.39739e+00 | 60 -0.06128 -2.84723e+00
 61 -0.10298 -2.71635e+00 | 62 -0.01226 -4.74925e+00 | 63 -0.09544 -3.17315e+00
 64 -0.13642 -1.73207e+00 | 65 -0.05076 -3.92601e+00 | 66 -0.13599 -1.53698e+00
 67 -0.09033 -1.93276e+00 | 68 -0.09591 -1.20956e+00 | 69 -0.00360 -1.28294e+00
 70 -0.06632 -3.70169e-01 | 71 -0.10650 -3.23001e-02 | 72 -0.07848  2.85666e-03
 73 -0.07221  2.76486e-03 | 74 -0.42978  6.70384e+02 | 75 -1.59680  4.70488e+01
 76  0.58826  3.04663e+01 | 77  0.61482 -2.31417e+00 | 78  1.18135 -1.46712e+01
 79  0.13094 -1.14241e+02 | 80 -0.02029 -3.74902e+00 | 81 -1.51273 -4.17176e-01
 82 -0.09858 -4.44673e+00 | 83  0.00228  3.18509e+00 |
83 variables; iteration 1080; function evaluation 1286; phase 3
Function value 4.1496671e+01; maximum gradient component mag 1.1887e+04
Var    Value     Gradient |Var    Value     Gradient |Var    Value     Gradient
  1  0.01032  1.18872e+04 |  2 -0.00623  1.95413e+01 |  3 -0.00803  2.35345e+01
  4 -0.02333  2.58316e+01 |  5 -0.02494  3.10396e+01 |  6 -0.02664  3.71470e+01
  7 -0.02870  4.40604e+01 |  8 -0.02793  5.39599e+01 |  9 -0.03283  6.09183e+01
 10 -0.03615  6.97568e+01 | 11 -0.03774  8.11939e+01 | 12 -0.03778  9.57244e+01
 13 -0.03623  1.13684e+02 | 14 -0.05009  1.14190e+02 | 15 -0.04523  1.39884e+02
 16 -0.04448  1.62162e+02 | 17 -0.03815  1.95639e+02 | 18 -0.04964  1.96104e+02
 19 -0.06446  1.83697e+02 | 20 -0.06971  1.85111e+02 | 21 -0.06716  1.95631e+02
 22 -0.09079  1.55887e+02 | 23 -0.07251  1.93454e+02 | 24 -0.05670  2.34007e+02
 25 -0.06612  2.17572e+02 | 26 -0.04421  2.68961e+02 | 27 -0.05028  2.50512e+02
 28 -0.05359  2.31179e+02 | 29 -0.06962  1.85031e+02 | 30 -0.00341  3.11091e+02
 31 -0.03003  2.34052e+02 | 32 -0.01552  2.61060e+02 | 33 -0.16379  6.50602e+01
 34 -0.18548  5.06803e+01 | 35 -0.03404  1.74253e+02 | 36 -0.12167  7.78811e+01
 37  0.03382  2.31148e+02 | 38  0.03592  1.90520e+02 | 39 -0.12013  4.63388e+01
 40  0.00312  1.05806e+02 | 41  0.05689  1.40623e+02 | 42 -0.16378  1.77514e+01
 43  0.03563  8.74105e+01 | 44 -0.11709  2.13085e+01 | 45  0.01086  4.99339e+01
 46 -0.03954  2.54008e+01 | 47 -0.16417  6.93611e+00 | 48 -0.16440  4.68852e+00
 49 -0.15189  3.14202e+00 | 50  0.06498  1.78303e+01 | 51 -0.15792  1.84295e+00
 52 -0.05838  1.71331e+00 | 53 -0.14884 -3.69853e-01 | 54 -0.08033 -1.76362e+00
 55 -0.05338 -3.13593e+00 | 56 -0.13198 -2.03855e+00 | 57 -0.04779 -4.31424e+00
 58 -0.04828 -4.39569e+00 | 59 -0.00511 -6.53218e+00 | 60 -0.06095 -4.04079e+00
 61 -0.10194 -3.20174e+00 | 62 -0.01212 -6.44947e+00 | 63 -0.09422 -3.22309e+00
 64 -0.13658 -2.30573e+00 | 65 -0.05007 -4.34688e+00 | 66 -0.13569 -1.86493e+00
 67 -0.08983 -2.31121e+00 | 68 -0.09531 -1.77034e+00 | 69 -0.00311 -2.58669e+00
 70 -0.06557 -7.83613e-01 | 71 -0.10612 -7.98813e-02 | 72 -0.07804 -3.30617e-03
 73 -0.07185 -5.72650e-03 | 74 -0.42940  1.52580e+03 | 75 -1.60432  1.11036e+02
 76  0.61544  7.99003e+01 | 77  0.64899 -4.96579e+00 | 78  1.18640 -3.58038e+01
 79  0.13186 -2.78314e+02 | 80 -0.02029 -1.97844e+00 | 81 -1.50428 -2.12338e-01
 82 -0.09901 -6.17213e+00 | 83  0.00199  4.21107e+00 |
83 variables; iteration 1100; function evaluation 1313; phase 3
Function value 4.1404961e+01; maximum gradient component mag 8.6501e+03
Var    Value     Gradient |Var    Value     Gradient |Var    Value     Gradient
  1  0.01036  8.65013e+03 |  2 -0.00630  1.42730e+01 |  3 -0.00777  1.72722e+01
  4 -0.02332  1.89227e+01 |  5 -0.02466  2.28239e+01 |  6 -0.02677  2.70767e+01
  7 -0.02779  3.26387e+01 |  8 -0.02742  3.98773e+01 |  9 -0.03271  4.45143e+01
 10 -0.03615  5.07953e+01 | 11 -0.03822  5.88234e+01 | 12 -0.03735  7.03399e+01
 13 -0.03553  8.40608e+01 | 14 -0.05126  8.17184e+01 | 15 -0.04418  1.03340e+02
 16 -0.04374  1.19566e+02 | 17 -0.04143  1.39111e+02 | 18 -0.05379  1.37330e+02
 19 -0.06501  1.32335e+02 | 20 -0.05967  1.48411e+02 | 21 -0.06404  1.46319e+02
 22 -0.09424  1.06349e+02 | 23 -0.07580  1.34476e+02 | 24 -0.06581  1.55422e+02
 25 -0.05833  1.70301e+02 | 26 -0.05175  1.83790e+02 | 27 -0.04489  1.93280e+02
 28 -0.04949  1.76381e+02 | 29 -0.07297  1.29779e+02 | 30 -0.00445  2.25954e+02
 31 -0.02936  1.69626e+02 | 32 -0.01761  1.88840e+02 | 33 -0.15844  4.97396e+01
 34 -0.18464  3.57770e+01 | 35 -0.03561  1.24009e+02 | 36 -0.11962  5.76738e+01
 37  0.03339  1.67595e+02 | 38  0.03597  1.39403e+02 | 39 -0.11919  3.47436e+01
 40  0.00248  7.58421e+01 | 41  0.05701  1.03722e+02 | 42 -0.16192  1.29350e+01
 43  0.03497  6.28087e+01 | 44 -0.11589  1.53740e+01 | 45  0.01078  3.55218e+01
 46 -0.03981  1.75169e+01 | 47 -0.16439  4.87099e+00 | 48 -0.16430  3.40249e+00
 49 -0.15202  2.09203e+00 | 50  0.06497  1.28403e+01 | 51 -0.15772  1.34981e+00
 52 -0.05841  1.38391e+00 | 53 -0.14836 -1.19958e-01 | 54 -0.08045 -1.06721e+00
 55 -0.05325 -2.00521e+00 | 56 -0.13194 -1.29138e+00 | 57 -0.04780 -2.79586e+00
 58 -0.04829 -2.84631e+00 | 59 -0.00502 -4.18340e+00 | 60 -0.06099 -2.70127e+00
 61 -0.10167 -2.03160e+00 | 62 -0.01221 -4.21611e+00 | 63 -0.09398 -1.91229e+00
 64 -0.13665 -1.43597e+00 | 65 -0.05002 -2.57928e+00 | 66 -0.13568 -1.15932e+00
 67 -0.08982 -1.43983e+00 | 68 -0.09519 -1.22880e+00 | 69 -0.00309 -1.95298e+00
 70 -0.06532 -5.88220e-01 | 71 -0.10607 -5.50017e-02 | 72 -0.07784 -1.60569e-03
 73 -0.07170 -6.41855e-03 | 74 -0.42916  1.08341e+03 | 75 -1.60930  8.03067e+01
 76  0.62480  5.41747e+01 | 77  0.66551 -3.01043e+00 | 78  1.19000 -2.65892e+01
 79  0.13229 -2.01617e+02 | 80 -0.02001 -1.55096e+00 | 81 -1.50391 -1.66542e-01
 82 -0.09938 -3.78793e+00 | 83  0.00173  2.45333e+00 |
83 variables; iteration 1120; function evaluation 1339; phase 3
Function value 4.1333679e+01; maximum gradient component mag 4.6449e+03
Var    Value     Gradient |Var    Value     Gradient |Var    Value     Gradient
  1  0.01026  4.64493e+03 |  2 -0.00641  7.72492e+00 |  3 -0.00776  9.34766e+00
  4 -0.02360  1.02256e+01 |  5 -0.02469  1.24264e+01 |  6 -0.02740  1.44230e+01
  7 -0.02812  1.76178e+01 |  8 -0.02770  2.18193e+01 |  9 -0.03289  2.39491e+01
 10 -0.03616  2.72456e+01 | 11 -0.03904  3.11655e+01 | 12 -0.03759  3.81094e+01
 13 -0.03493  4.66326e+01 | 14 -0.04928  4.44822e+01 | 15 -0.03992  5.93672e+01
 16 -0.04481  6.44474e+01 | 17 -0.04551  7.29087e+01 | 18 -0.05752  7.07706e+01
 19 -0.06174  7.29440e+01 | 20 -0.05307  8.60238e+01 | 21 -0.06309  7.87910e+01
 22 -0.09210  5.38189e+01 | 23 -0.08257  6.37475e+01 | 24 -0.06771  8.06686e+01
 25 -0.05457  9.57690e+01 | 26 -0.06182  9.00429e+01 | 27 -0.03751  1.15992e+02
 28 -0.05230  9.52043e+01 | 29 -0.07559  6.66323e+01 | 30 -0.00175  1.27957e+02
 31 -0.02409  9.55152e+01 | 32 -0.02287  1.00907e+02 | 33 -0.15387  2.68009e+01
 34 -0.18436  1.61499e+01 | 35 -0.03655  6.44881e+01 | 36 -0.11796  3.16788e+01
 37  0.03347  8.85373e+01 | 38  0.03599  7.32965e+01 | 39 -0.11909  1.83915e+01
 40  0.00269  3.98771e+01 | 41  0.05728  5.73402e+01 | 42 -0.16281  5.65442e+00
 43  0.03547  3.44065e+01 | 44 -0.11809  7.61370e+00 | 45  0.01193  1.95604e+01
 46 -0.04080  8.75153e+00 | 47 -0.16405  2.50837e+00 | 48 -0.16451  1.63084e+00
 49 -0.15184  6.65842e-01 | 50  0.06511  6.35196e+00 | 51 -0.15758  5.19800e-01
 52 -0.05818  7.45404e-01 | 53 -0.14807 -5.23858e-03 | 54 -0.08023 -4.44071e-01
 55 -0.05298 -9.39615e-01 | 56 -0.13174 -6.80983e-01 | 57 -0.04754 -1.53543e+00
 58 -0.04808 -1.65067e+00 | 59 -0.00478 -2.56085e+00 | 60 -0.06077 -1.70585e+00
 61 -0.10152 -1.35336e+00 | 62 -0.01190 -2.77633e+00 | 63 -0.09391 -1.34638e+00
 64 -0.13635 -9.72255e-01 | 65 -0.04980 -1.74950e+00 | 66 -0.13547 -7.52559e-01
 67 -0.08962 -8.77082e-01 | 68 -0.09499 -6.31009e-01 | 69 -0.00281 -8.77192e-01
 70 -0.06509 -2.76574e-01 | 71 -0.10585 -1.64109e-02 | 72 -0.07765  2.68997e-03
 73 -0.07153 -2.71482e-03 | 74 -0.42896  5.83905e+02 | 75 -1.61185  4.37793e+01
 76  0.63414  2.48995e+01 | 77  0.68038 -1.25820e+00 | 78  1.18460 -1.41190e+01
 79  0.13310 -1.07975e+02 | 80 -0.01920 -6.74475e-01 | 81 -1.50084 -6.98000e-02
 82 -0.09941 -2.40180e+00 | 83  0.00174  1.61534e+00 |
83 variables; iteration 1140; function evaluation 1366; phase 3
Function value 4.1238039e+01; maximum gradient component mag 9.7576e+03
Var    Value     Gradient |Var    Value     Gradient |Var    Value     Gradient
  1  0.00997  9.75757e+03 |  2 -0.00632  1.61146e+01 |  3 -0.00792  1.94494e+01
  4 -0.02368  2.11802e+01 |  5 -0.02495  2.55849e+01 |  6 -0.02737  3.02064e+01
  7 -0.02896  3.60681e+01 |  8 -0.02935  4.35622e+01 |  9 -0.03320  4.97144e+01
 10 -0.03597  5.72419e+01 | 11 -0.03854  6.58150e+01 | 12 -0.03860  7.76960e+01
 13 -0.03799  9.14886e+01 | 14 -0.04696  9.63259e+01 | 15 -0.04268  1.17366e+02
 16 -0.04543  1.31106e+02 | 17 -0.05026  1.41857e+02 | 18 -0.05414  1.52686e+02
 19 -0.06246  1.51963e+02 | 20 -0.04715  1.87467e+02 | 21 -0.05033  1.87565e+02
 22 -0.08963  1.26485e+02 | 23 -0.09000  1.29580e+02 | 24 -0.06962  1.67329e+02
 25 -0.04873  2.08738e+02 | 26 -0.06478  1.81692e+02 | 27 -0.03925  2.27553e+02
 28 -0.05444  1.88488e+02 | 29 -0.08182  1.33799e+02 | 30 -0.00035  2.64276e+02
 31 -0.01533  2.19795e+02 | 32 -0.03027  1.89583e+02 | 33 -0.15003  6.27869e+01
 34 -0.18219  4.29950e+01 | 35 -0.03668  1.40160e+02 | 36 -0.11866  6.70771e+01
 37  0.03487  1.93617e+02 | 38  0.03541  1.58529e+02 | 39 -0.11783  3.98640e+01
 40  0.00323  8.70317e+01 | 41  0.05781  1.17278e+02 | 42 -0.16392  1.37494e+01
 43  0.03613  7.12183e+01 | 44 -0.11847  1.65820e+01 | 45  0.01267  4.07114e+01
 46 -0.04078  1.95474e+01 | 47 -0.16417  5.30714e+00 | 48 -0.16485  3.53653e+00
 49 -0.15131  2.33800e+00 | 50  0.06563  1.44910e+01 | 51 -0.15727  1.42235e+00
 52 -0.05749  1.44801e+00 | 53 -0.14756 -2.66393e-01 | 54 -0.07956 -1.40809e+00
 55 -0.05235 -2.52684e+00 | 56 -0.13117 -1.68062e+00 | 57 -0.04689 -3.55769e+00
 58 -0.04753 -3.71593e+00 | 59 -0.00417 -5.49046e+00 | 60 -0.06022 -3.52063e+00
 61 -0.10104 -2.82277e+00 | 62 -0.01118 -5.69816e+00 | 63 -0.09358 -2.94373e+00
 64 -0.13572 -2.01627e+00 | 65 -0.04921 -3.75297e+00 | 66 -0.13499 -1.61948e+00
 67 -0.08906 -1.86229e+00 | 68 -0.09450 -1.38457e+00 | 69 -0.00212 -1.97314e+00
 70 -0.06449 -6.01324e-01 | 71 -0.10533 -5.74411e-02 | 72 -0.07723  8.47147e-04
 73 -0.07117 -7.00265e-03 | 74 -0.42884  1.19391e+03 | 75 -1.61285  9.06359e+01
 76  0.64710  5.71858e+01 | 77  0.69654 -2.69994e+00 | 78  1.17997 -2.84836e+01
 79  0.13314 -2.30790e+02 | 80 -0.01616 -2.55667e-02 | 81 -1.38157  4.59824e-03
 82 -0.09950 -5.29622e+00 | 83  0.00172  3.60226e+00 |
83 variables; iteration 1160; function evaluation 1392; phase 3
Function value 4.1137733e+01; maximum gradient component mag -2.0035e+02
Var    Value     Gradient |Var    Value     Gradient |Var    Value     Gradient
  1  0.00975 -2.00347e+02 |  2 -0.00629 -1.48853e-01 |  3 -0.00777 -2.79881e-01
  4 -0.02403 -3.00484e-01 |  5 -0.02481 -2.10854e-01 |  6 -0.02716 -5.02916e-01
  7 -0.02865 -5.27362e-01 |  8 -0.02975 -4.14785e-01 |  9 -0.03390 -1.10231e+00
 10 -0.03561 -1.11363e+00 | 11 -0.03944 -1.67746e+00 | 12 -0.04024 -1.37335e+00
 13 -0.04024 -8.33094e-01 | 14 -0.04733 -2.29517e+00 | 15 -0.04129  4.59839e-02
 16 -0.04677 -9.72316e-01 | 17 -0.05098 -1.64946e+00 | 18 -0.05597 -2.66120e+00
 19 -0.06147 -4.02637e+00 | 20 -0.04573  8.12905e-01 | 21 -0.04699  4.37500e-01
 22 -0.08464 -1.04475e+01 | 23 -0.09273 -1.26509e+01 | 24 -0.07081 -6.57019e+00
 25 -0.04255  1.72465e+00 | 26 -0.05901 -1.80442e+00 | 27 -0.04983  2.47640e+00
 28 -0.05094  2.95778e+00 | 29 -0.08708 -8.47557e+00 | 30 -0.00145  4.44419e+00
 31 -0.00484  2.36809e+00 | 32 -0.03918  2.27642e+00 | 33 -0.14813 -4.46121e+00
 34 -0.18200 -7.01935e+00 | 35 -0.03552 -4.08924e+00 | 36 -0.12173 -1.64451e+00
 37  0.03648 -5.99469e+00 | 38  0.03478 -6.94480e+00 | 39 -0.11773 -2.21810e+00
 40  0.00411 -5.00386e+00 | 41  0.05795 -1.33733e+00 | 42 -0.16407 -3.72991e+00
 43  0.03677 -6.42948e-01 | 44 -0.12071 -1.47265e+00 | 45  0.01420 -1.06609e-01
 46 -0.04208 -1.33358e+00 | 47 -0.16352 -1.03154e-01 | 48 -0.16491 -1.98139e-01
 49 -0.15075 -5.77886e-01 | 50  0.06595  5.79523e-01 | 51 -0.15654 -1.74988e-01
 52 -0.05703  1.67198e-01 | 53 -0.14672  1.04276e-01 | 54 -0.07910  1.37975e-01
 55 -0.05173  1.36174e-01 | 56 -0.13062 -5.99457e-02 | 57 -0.04635 -2.90902e-01
 58 -0.04707 -4.96859e-01 | 59 -0.00361 -1.08629e+00 | 60 -0.05984 -8.67696e-01
 61 -0.10041 -7.38922e-01 | 62 -0.01070 -1.63799e+00 | 63 -0.09298 -8.43134e-01
 64 -0.13542 -7.60657e-01 | 65 -0.04868 -1.32241e+00 | 66 -0.13456 -5.79702e-01
 67 -0.08868 -6.55350e-01 | 68 -0.09408 -2.50955e-01 | 69 -0.00154 -2.46527e-02
 70 -0.06385  9.65511e-03 | 71 -0.10482  1.85557e-02 | 72 -0.07677  6.36448e-03
 73 -0.07073  3.18109e-03 | 74 -0.42892  4.92566e+00 | 75 -1.61138 -3.50895e-02
 76  0.65871 -7.46433e+00 | 77  0.70909  3.20245e-01 | 78  1.17718 -1.97041e-01
 79  0.13330  3.44761e+00 | 80 -0.01138 -9.49655e-03 | 81 -1.16199  1.20749e-02
 82 -0.09987 -1.14277e+00 | 83  0.00150  7.91847e-01 |
83 variables; iteration 1180; function evaluation 1417; phase 3
Function value 4.1058542e+01; maximum gradient component mag 3.2649e+03
Var    Value     Gradient |Var    Value     Gradient |Var    Value     Gradient
  1  0.00953  3.26488e+03 |  2 -0.00647  5.44261e+00 |  3 -0.00839  6.38697e+00
  4 -0.02505  6.76018e+00 |  5 -0.02535  8.55648e+00 |  6 -0.02748  1.00417e+01
  7 -0.02939  1.19007e+01 |  8 -0.03329  1.33066e+01 |  9 -0.03487  1.58597e+01
 10 -0.03545  1.91468e+01 | 11 -0.03868  2.16435e+01 | 12 -0.04088  2.49847e+01
 13 -0.04122  2.95781e+01 | 14 -0.04576  3.22736e+01 | 15 -0.04109  4.09577e+01
 16 -0.05089  4.09851e+01 | 17 -0.04523  5.10358e+01 | 18 -0.05260  5.18587e+01
 19 -0.06203  4.93160e+01 | 20 -0.04628  6.48820e+01 | 21 -0.05055  6.34419e+01
 22 -0.07874  4.26909e+01 | 23 -0.09283  3.44816e+01 | 24 -0.06937  5.30556e+01
 25 -0.04456  7.47151e+01 | 26 -0.05019  7.15905e+01 | 27 -0.05879  6.46483e+01
 28 -0.04848  7.03557e+01 | 29 -0.08685  3.78686e+01 | 30 -0.00401  9.17267e+01
 31  0.00352  9.53514e+01 | 32 -0.04626  5.78906e+01 | 33 -0.14550  1.93848e+01
 34 -0.18212  9.72376e+00 | 35 -0.03467  4.69968e+01 | 36 -0.12270  2.08034e+01
 37  0.03725  6.36255e+01 | 38  0.03489  4.93096e+01 | 39 -0.11660  1.20395e+01
 40  0.00396  2.76632e+01 | 41  0.05901  4.34861e+01 | 42 -0.16756  1.89199e+00
 43  0.03779  2.83608e+01 | 44 -0.12271  5.22684e+00 | 45  0.01531  1.72824e+01
 46 -0.04263  7.03730e+00 | 47 -0.16271  2.29300e+00 | 48 -0.16476  1.36294e+00
 49 -0.15042  6.15792e-01 | 50  0.06634  6.01888e+00 | 51 -0.15622  4.51728e-01
 52 -0.05652  6.41571e-01 | 53 -0.14650 -4.84253e-02 | 54 -0.07853 -4.99625e-01
 55 -0.05134 -9.59515e-01 | 56 -0.13010 -6.83459e-01 | 57 -0.04588 -1.58324e+00
 58 -0.04665 -1.68595e+00 | 59 -0.00323 -2.71491e+00 | 60 -0.05940 -1.53767e+00
 61 -0.10012 -1.33771e+00 | 62 -0.01021 -2.75272e+00 | 63 -0.09259 -1.31414e+00
 64 -0.13522 -1.27984e+00 | 65 -0.04819 -2.22460e+00 | 66 -0.13432 -1.10640e+00
 67 -0.08830 -1.34803e+00 | 68 -0.09384 -8.01814e-01 | 69 -0.00104 -9.04355e-01
 70 -0.06346 -2.47953e-01 | 71 -0.10440 -1.26407e-02 | 72 -0.07649  2.26266e-03
 73 -0.07047  2.41665e-03 | 74 -0.42902  4.39088e+02 | 75 -1.60838  3.25265e+01
 76  0.66743  1.35111e+01 | 77  0.72032 -6.04443e-01 | 78  1.17876 -9.85321e+00
 79  0.13399 -7.71895e+01 | 80 -0.00843 -4.94925e-03 | 81 -1.01013  1.79632e-01
 82 -0.09993 -2.59382e+00 | 83  0.00151  1.86919e+00 |
83 variables; iteration 1200; function evaluation 1443; phase 3
Function value 4.0971305e+01; maximum gradient component mag 9.2335e+03
Var    Value     Gradient |Var    Value     Gradient |Var    Value     Gradient
  1  0.00960  9.23346e+03 |  2 -0.00665  1.52525e+01 |  3 -0.00800  1.85074e+01
  4 -0.02368  2.01781e+01 |  5 -0.02553  2.40885e+01 |  6 -0.02655  2.91225e+01
  7 -0.02952  3.39560e+01 |  8 -0.03234  3.95739e+01 |  9 -0.03476  4.61107e+01
 10 -0.03491  5.49536e+01 | 11 -0.03745  6.31101e+01 | 12 -0.04116  7.12402e+01
 13 -0.04359  8.10979e+01 | 14 -0.04576  9.20441e+01 | 15 -0.04250  1.10864e+02
 16 -0.04703  1.21407e+02 | 17 -0.05060  1.32902e+02 | 18 -0.04777  1.52821e+02
 19 -0.06540  1.38127e+02 | 20 -0.04801  1.74408e+02 | 21 -0.05440  1.69219e+02
 22 -0.07413  1.39615e+02 | 23 -0.08914  1.22098e+02 | 24 -0.07062  1.54742e+02
 25 -0.05139  1.90767e+02 | 26 -0.04055  2.13970e+02 | 27 -0.06466  1.68174e+02
 28 -0.04433  1.94563e+02 | 29 -0.08609  1.20039e+02 | 30 -0.00998  2.31540e+02
 31  0.00395  2.49222e+02 | 32 -0.04696  1.54316e+02 | 33 -0.14137  6.44166e+01
 34 -0.18481  3.82047e+01 | 35 -0.03377  1.37582e+02 | 36 -0.12414  5.94404e+01
 37  0.03700  1.86919e+02 | 38  0.03525  1.50821e+02 | 39 -0.11827  3.67677e+01
 40  0.00463  8.41115e+01 | 41  0.05834  1.12763e+02 | 42 -0.16667  1.20201e+01
 43  0.03817  7.15896e+01 | 44 -0.12509  1.48857e+01 | 45  0.01581  4.35413e+01
 46 -0.04281  2.00150e+01 | 47 -0.16230  6.06972e+00 | 48 -0.16475  3.94565e+00
 49 -0.15055  2.87940e+00 | 50  0.06626  1.76535e+01 | 51 -0.15658  1.94177e+00
 52 -0.05671  1.93550e+00 | 53 -0.14671 -2.80252e-01 | 54 -0.07879 -1.81581e+00
 55 -0.05153 -3.27916e+00 | 56 -0.13052 -2.18736e+00 | 57 -0.04603 -4.44943e+00
 58 -0.04688 -4.70936e+00 | 59 -0.00328 -6.83001e+00 | 60 -0.05972 -4.78675e+00
 61 -0.10010 -3.69064e+00 | 62 -0.01042 -7.85591e+00 | 63 -0.09291 -4.11475e+00
 64 -0.13501 -2.86660e+00 | 65 -0.04838 -5.31034e+00 | 66 -0.13446 -2.40843e+00
 67 -0.08823 -2.58270e+00 | 68 -0.09384 -1.91806e+00 | 69 -0.00125 -2.46510e+00
 70 -0.06375 -7.43607e-01 | 71 -0.10474 -7.62878e-02 | 72 -0.07679  7.12718e-04
 73 -0.07078 -1.10454e-02 | 74 -0.42878  1.13487e+03 | 75 -1.61350  8.64042e+01
 76  0.67253  4.84502e+01 | 77  0.73435 -1.89270e+00 | 78  1.17102 -2.56455e+01
 79  0.13378 -2.19914e+02 | 80 -0.00830 -4.86861e-03 | 81 -1.02564  7.67746e-02
 82 -0.09952 -6.78782e+00 | 83  0.00168  4.60867e+00 |
83 variables; iteration 1220; function evaluation 1470; phase 3
Function value 4.0856124e+01; maximum gradient component mag 1.1152e+04
Var    Value     Gradient |Var    Value     Gradient |Var    Value     Gradient
  1  0.00961  1.11517e+04 |  2 -0.00653  1.82215e+01 |  3 -0.00817  2.19830e+01
  4 -0.02462  2.35930e+01 |  5 -0.02511  2.89008e+01 |  6 -0.02740  3.41989e+01
  7 -0.02949  4.04917e+01 |  8 -0.03234  4.72069e+01 |  9 -0.03501  5.48283e+01
 10 -0.03467  6.56222e+01 | 11 -0.03781  7.48448e+01 | 12 -0.03937  8.66629e+01
 13 -0.04076  9.97106e+01 | 14 -0.04546  1.10052e+02 | 15 -0.03985  1.35355e+02
 16 -0.04522  1.47094e+02 | 17 -0.04676  1.64281e+02 | 18 -0.05136  1.75434e+02
 19 -0.06142  1.71789e+02 | 20 -0.05509  1.93896e+02 | 21 -0.05376  2.02911e+02
 22 -0.07399  1.68011e+02 | 23 -0.08323  1.57091e+02 | 24 -0.07648  1.75058e+02
 25 -0.06201  2.05976e+02 | 26 -0.03123  2.77124e+02 | 27 -0.06111  2.08414e+02
 28 -0.04619  2.28248e+02 | 29 -0.08454  1.48098e+02 | 30 -0.01806  2.59737e+02
 31  0.00611  3.04462e+02 | 32 -0.04907  1.83252e+02 | 33 -0.13742  8.33997e+01
 34 -0.18186  5.13968e+01 | 35 -0.03459  1.68164e+02 | 36 -0.12416  7.28269e+01
 37  0.03699  2.29712e+02 | 38  0.03564  1.84113e+02 | 39 -0.12009  4.36884e+01
 40  0.00549  1.06237e+02 | 41  0.05795  1.40439e+02 | 42 -0.16563  1.63305e+01
 43  0.03839  8.77860e+01 | 44 -0.12581  1.80746e+01 | 45  0.01586  5.13216e+01
 46 -0.04230  2.32135e+01 | 47 -0.16305  6.34781e+00 | 48 -0.16472  4.14344e+00
 49 -0.15001  3.11014e+00 | 50  0.06640  1.67520e+01 | 51 -0.15646  1.78904e+00
 52 -0.05654  1.75945e+00 | 53 -0.14645 -2.33121e-01 | 54 -0.07871 -1.60965e+00
 55 -0.05139 -2.83131e+00 | 56 -0.13025 -1.78915e+00 | 57 -0.04604 -3.90454e+00
 58 -0.04670 -3.97592e+00 | 59 -0.00327 -5.82444e+00 | 60 -0.05942 -3.68014e+00
 61 -0.10012 -2.79975e+00 | 62 -0.01029 -5.39553e+00 | 63 -0.09279 -2.63108e+00
 64 -0.13484 -1.71943e+00 | 65 -0.04838 -3.28093e+00 | 66 -0.13410 -1.38282e+00
 67 -0.08834 -1.86247e+00 | 68 -0.09362 -1.52711e+00 | 69 -0.00119 -2.45437e+00
 70 -0.06342 -7.64211e-01 | 71 -0.10464 -8.81421e-02 | 72 -0.07657 -3.47586e-03
 73 -0.07056 -5.73480e-03 | 74 -0.42862  1.35389e+03 | 75 -1.61657  1.04399e+02
 76  0.68401  5.66133e+01 | 77  0.75053 -2.03074e+00 | 78  1.17283 -3.07869e+01
 79  0.13401 -2.62588e+02 | 80 -0.00816 -4.74256e-03 | 81 -1.02314  8.47865e-02
 82 -0.09992 -5.25352e+00 | 83  0.00147  3.49727e+00 |
83 variables; iteration 1240; function evaluation 1496; phase 3
Function value 4.0756770e+01; maximum gradient component mag 1.5086e+03
Var    Value     Gradient |Var    Value     Gradient |Var    Value     Gradient
  1  0.00973  1.50855e+03 |  2 -0.00641  2.46191e+00 |  3 -0.00828  2.78919e+00
  4 -0.02445  3.04193e+00 |  5 -0.02533  3.83453e+00 |  6 -0.02642  4.72561e+00
  7 -0.02919  5.27249e+00 |  8 -0.03153  6.10520e+00 |  9 -0.03352  7.19655e+00
 10 -0.03352  9.13350e+00 | 11 -0.03527  1.06787e+01 | 12 -0.03760  1.22288e+01
 13 -0.03899  1.42933e+01 | 14 -0.04664  1.39321e+01 | 15 -0.04102  1.94669e+01
 16 -0.04320  2.17826e+01 | 17 -0.04589  2.38574e+01 | 18 -0.04921  2.53800e+01
 19 -0.06071  2.18378e+01 | 20 -0.05378  2.71184e+01 | 21 -0.06086  2.43628e+01
 22 -0.07775  1.61907e+01 | 23 -0.07632  1.75751e+01 | 24 -0.07470  1.93830e+01
 25 -0.07377  2.06335e+01 | 26 -0.03204  4.49509e+01 | 27 -0.05279  3.37255e+01
 28 -0.04860  3.49788e+01 | 29 -0.08171  1.57389e+01 | 30 -0.02581  3.57857e+01
 31  0.00747  4.84544e+01 | 32 -0.05175  2.66837e+01 | 33 -0.13262  1.47707e+01
 34 -0.18050  4.49279e+00 | 35 -0.03528  2.51772e+01 | 36 -0.12490  8.89031e+00
 37  0.03682  3.45543e+01 | 38  0.03564  2.55820e+01 | 39 -0.12063  4.49564e+00
 40  0.00543  1.29942e+01 | 41  0.05760  1.97578e+01 | 42 -0.16528 -9.90413e-01
 43  0.03803  1.25095e+01 | 44 -0.12372  1.23172e+00 | 45  0.01473  7.93115e+00
 46 -0.04119  2.73675e+00 | 47 -0.16382  7.41504e-01 | 48 -0.16507  2.84053e-01
 49 -0.15008  1.67468e-01 | 50  0.06629  2.76917e+00 | 51 -0.15665  1.01750e-01
 52 -0.05672  2.41688e-01 | 53 -0.14638 -6.33524e-02 | 54 -0.07903 -2.41704e-01
 55 -0.05151 -4.56042e-01 | 56 -0.13050 -2.90878e-01 | 57 -0.04628 -6.67599e-01
 58 -0.04681 -7.58396e-01 | 59 -0.00346 -1.24810e+00 | 60 -0.05944 -8.39578e-01
 61 -0.10021 -7.20675e-01 | 62 -0.01053 -1.45603e+00 | 63 -0.09280 -8.44002e-01
 64 -0.13493 -4.94539e-01 | 65 -0.04852 -1.01493e+00 | 66 -0.13423 -4.37435e-01
 67 -0.08840 -3.97870e-01 | 68 -0.09357 -2.10368e-01 | 69 -0.00141 -1.20501e-01
 70 -0.06345 -3.33224e-02 | 71 -0.10487  4.31985e-03 | 72 -0.07668  3.39072e-03
 73 -0.07067 -1.05197e-04 | 74 -0.42857  1.99165e+02 | 75 -1.61986  1.50437e+01
 76  0.69208  2.61851e+00 | 77  0.76258 -9.25977e-02 | 78  1.17996 -4.97154e+00
 79  0.13313 -3.67176e+01 | 80 -0.00941 -6.36331e-03 | 81 -1.04459  4.45537e-02
 82 -0.09993 -1.27384e+00 | 83  0.00144  8.43722e-01 |
83 variables; iteration 1260; function evaluation 1523; phase 3
Function value 4.0712542e+01; maximum gradient component mag 2.6625e+03
Var    Value     Gradient |Var    Value     Gradient |Var    Value     Gradient
  1  0.00956  2.66249e+03 |  2 -0.00679  4.18107e+00 |  3 -0.00820  5.02937e+00
  4 -0.02453  5.40149e+00 |  5 -0.02541  6.68899e+00 |  6 -0.02620  8.25895e+00
  7 -0.02874  9.50455e+00 |  8 -0.03269  1.04734e+01 |  9 -0.03436  1.24761e+01
 10 -0.03445  1.53534e+01 | 11 -0.03485  1.84857e+01 | 12 -0.03809  2.07509e+01
 13 -0.04111  2.32926e+01 | 14 -0.04794  2.41425e+01 | 15 -0.04387  3.10054e+01
 16 -0.04072  3.79266e+01 | 17 -0.04371  4.14340e+01 | 18 -0.04858  4.33726e+01
 19 -0.05953  3.98816e+01 | 20 -0.05364  4.65592e+01 | 21 -0.06419  4.10450e+01
 22 -0.07840  3.24886e+01 | 23 -0.07003  3.89934e+01 | 24 -0.06808  4.20276e+01
 25 -0.07353  3.95117e+01 | 26 -0.03526  6.86731e+01 | 27 -0.04496  6.13997e+01
 28 -0.05095  5.48330e+01 | 29 -0.08748  2.81854e+01 | 30 -0.03079  5.67135e+01
 31  0.01097  8.22262e+01 | 32 -0.05374  4.35442e+01 | 33 -0.13267  2.32041e+01
 34 -0.17979  1.08131e+01 | 35 -0.03415  4.41069e+01 | 36 -0.12718  1.57632e+01
 37  0.03775  5.98267e+01 | 38  0.03560  4.50110e+01 | 39 -0.12020  8.95888e+00
 40  0.00570  2.39931e+01 | 41  0.05792  3.53812e+01 | 42 -0.16398  1.42488e+00
 43  0.03777  2.10895e+01 | 44 -0.12046  3.71041e+00 | 45  0.01407  1.22702e+01
 46 -0.03997  5.23879e+00 | 47 -0.16444  1.25479e+00 | 48 -0.16464  8.05353e-01
 49 -0.14997  4.02520e-01 | 50  0.06673  2.95608e+00 | 51 -0.15614  1.97070e-01
 52 -0.05628  3.16913e-01 | 53 -0.14574 -2.43807e-02 | 54 -0.07868 -2.78226e-01
 55 -0.05096 -2.73410e-01 | 56 -0.13008 -2.15576e-01 | 57 -0.04588 -3.39177e-01
 58 -0.04635 -1.16013e-01 | 59 -0.00312 -5.08839e-01 | 60 -0.05889  4.18388e-02
 61 -0.09985 -1.62937e-01 | 62 -0.01017 -1.52413e-01 | 63 -0.09212  1.73719e-01
 64 -0.13487 -8.61340e-02 | 65 -0.04806  1.74503e-01 | 66 -0.13383  1.32026e-01
 67 -0.08811  2.73046e-02 | 68 -0.09321 -6.88707e-02 | 69 -0.00098 -2.97836e-01
 70 -0.06285 -1.11984e-01 | 71 -0.10449 -1.12937e-02 | 72 -0.07631 -5.62059e-03
 73 -0.07034 -6.04361e-03 | 74 -0.42856  3.39307e+02 | 75 -1.62013  2.59579e+01
 76  0.70037  8.29627e+00 | 77  0.76958 -2.81331e-01 | 78  1.18232 -8.22489e+00
 79  0.13287 -6.32086e+01 | 80 -0.00986 -7.04904e-03 | 81 -1.03892  5.09909e-02
 82 -0.10037 -9.50628e-02 | 83  0.00119 -9.72347e-02 |
83 variables; iteration 1280; function evaluation 1546; phase 3
Function value 4.0699653e+01; maximum gradient component mag -7.2741e+02
Var    Value     Gradient |Var    Value     Gradient |Var    Value     Gradient
  1  0.00955 -7.27413e+02 |  2 -0.00644 -1.18786e+00 |  3 -0.00843 -1.65829e+00
  4 -0.02454 -1.73314e+00 |  5 -0.02544 -1.94692e+00 |  6 -0.02651 -2.21631e+00
  7 -0.02876 -2.78736e+00 |  8 -0.03253 -3.75126e+00 |  9 -0.03400 -4.16710e+00
 10 -0.03390 -4.22421e+00 | 11 -0.03524 -4.66171e+00 | 12 -0.03801 -5.48417e+00
 13 -0.04074 -6.34071e+00 | 14 -0.04652 -7.97360e+00 | 15 -0.04067 -6.92865e+00
 16 -0.04132 -7.52429e+00 | 17 -0.04549 -8.94652e+00 | 18 -0.05378 -1.12930e+01
 19 -0.06077 -1.32519e+01 | 20 -0.05403 -1.21992e+01 | 21 -0.06585 -1.50254e+01
 22 -0.07744 -1.76020e+01 | 23 -0.06754 -1.58830e+01 | 24 -0.06405 -1.56735e+01
 25 -0.07090 -1.71204e+01 | 26 -0.03823 -1.04872e+01 | 27 -0.04167 -9.69473e+00
 28 -0.05169 -1.06251e+01 | 29 -0.09097 -1.87671e+01 | 30 -0.03175 -1.42958e+01
 31  0.01227 -1.16105e+01 | 32 -0.05460 -9.82290e+00 | 33 -0.13351 -3.83232e+00
 34 -0.17951 -6.75182e+00 | 35 -0.03384 -6.86151e+00 | 36 -0.12780 -6.34882e+00
 37  0.03785 -1.07056e+01 | 38  0.03563 -1.19199e+01 | 39 -0.12051 -5.25857e+00
 40  0.00588 -9.02812e+00 | 41  0.05786 -7.18893e+00 | 42 -0.16397 -4.79146e+00
 43  0.03783 -4.96206e+00 | 44 -0.12073 -2.55232e+00 | 45  0.01429 -2.88146e+00
 46 -0.04031 -2.75489e+00 | 47 -0.16404 -7.84805e-01 | 48 -0.16472 -6.72255e-01
 49 -0.15002 -7.38193e-01 | 50  0.06676 -2.01319e+00 | 51 -0.15615 -4.06890e-01
 52 -0.05625 -2.07617e-01 | 53 -0.14574  5.51413e-02 | 54 -0.07862  2.68443e-01
 55 -0.05095  5.25041e-01 | 56 -0.13006  2.78520e-01 | 57 -0.04582  6.88832e-01
 58 -0.04639  7.83203e-01 | 59 -0.00302  9.63264e-01 | 60 -0.05901  7.81454e-01
 61 -0.09964  5.62956e-01 | 62 -0.01020  9.73156e-01 | 63 -0.09203  7.24373e-01
 64 -0.13492  2.48094e-01 | 65 -0.04798  8.53808e-01 | 66 -0.13394  3.22777e-01
 67 -0.08801  5.18879e-01 | 68 -0.09321  3.99716e-01 | 69 -0.00094  5.83345e-01
 70 -0.06283  1.83996e-01 | 71 -0.10447  2.56425e-02 | 72 -0.07628  2.28205e-04
 73 -0.07032 -2.17107e-03 | 74 -0.42854 -5.87830e+01 | 75 -1.62025 -5.07591e+00
 76  0.70183 -9.24763e+00 | 77  0.77061  2.97776e-01 | 78  1.17999  1.30992e+00
 79  0.13292  1.50427e+01 | 80 -0.01039 -7.96513e-03 | 81 -1.06254  3.17938e-02
 82 -0.10036  1.07991e+00 | 83  0.00118 -8.56605e-01 |
83 variables; iteration 1300; function evaluation 1571; phase 3
Function value 4.0666381e+01; maximum gradient component mag 1.7579e+03
Var    Value     Gradient |Var    Value     Gradient |Var    Value     Gradient
  1  0.00966  1.75790e+03 |  2 -0.00706  2.71330e+00 |  3 -0.00767  3.49076e+00
  4 -0.02386  3.77466e+00 |  5 -0.02509  4.58094e+00 |  6 -0.02637  5.55002e+00
  7 -0.02939  6.15372e+00 |  8 -0.03083  7.44534e+00 |  9 -0.03367  8.43174e+00
 10 -0.03486  1.01600e+01 | 11 -0.03727  1.16610e+01 | 12 -0.03953  1.34542e+01
 13 -0.04015  1.60798e+01 | 14 -0.04830  1.56693e+01 | 15 -0.04318  2.14112e+01
 16 -0.04222  2.55610e+01 | 17 -0.04461  2.81399e+01 | 18 -0.05320  2.71823e+01
 19 -0.05579  2.83113e+01 | 20 -0.05278  3.19751e+01 | 21 -0.06740  2.50103e+01
 22 -0.07810  1.97318e+01 | 23 -0.06782  2.59993e+01 | 24 -0.05997  3.15486e+01
 25 -0.07356  2.47983e+01 | 26 -0.04534  4.20863e+01 | 27 -0.03748  4.74900e+01
 28 -0.05456  3.59064e+01 | 29 -0.08746  1.61598e+01 | 30 -0.03235  3.74438e+01
 31  0.01119  5.73029e+01 | 32 -0.05554  2.89628e+01 | 33 -0.12851  1.84879e+01
 34 -0.18032  5.83653e+00 | 35 -0.03533  2.77747e+01 | 36 -0.12499  9.41261e+00
 37  0.03699  3.71194e+01 | 38  0.03580  2.80368e+01 | 39 -0.11984  5.68162e+00
 40  0.00514  1.58346e+01 | 41  0.05799  2.62471e+01 | 42 -0.16442  1.54931e-01
 43  0.03758  1.58446e+01 | 44 -0.12015  2.57684e+00 | 45  0.01364  9.64860e+00
 46 -0.03958  3.98998e+00 | 47 -0.16487  6.75757e-01 | 48 -0.16517  2.14855e-01
 49 -0.15002  1.09855e-01 | 50  0.06654  2.42520e+00 | 51 -0.15644  1.94070e-01
 52 -0.05657  6.29607e-01 | 53 -0.14593  2.73503e-01 | 54 -0.07896  1.46334e-01
 55 -0.05125  1.09515e-03 | 56 -0.13034 -1.32793e-01 | 57 -0.04613 -5.28148e-01
 58 -0.04661 -6.14498e-01 | 59 -0.00329 -1.21980e+00 | 60 -0.05918 -8.65650e-01
 61 -0.10009 -8.12501e-01 | 62 -0.01031 -1.62308e+00 | 63 -0.09271 -1.14185e+00
 64 -0.13463 -6.40766e-01 | 65 -0.04839 -1.45959e+00 | 66 -0.13396 -6.54198e-01
 67 -0.08827 -8.35906e-01 | 68 -0.09334 -5.29987e-01 | 69 -0.00124 -4.89084e-01
 70 -0.06318 -1.53519e-01 | 71 -0.10476 -1.33913e-02 | 72 -0.07655 -2.25264e-04
 73 -0.07055 -2.32193e-03 | 74 -0.42845  2.21698e+02 | 75 -1.62223  1.69350e+01
 76  0.69930  3.68324e+00 | 77  0.77535 -1.22225e-01 | 78  1.18403 -5.73965e+00
 79  0.13301 -4.23285e+01 | 80 -0.01263 -1.23647e-02 | 81 -1.13249  1.48696e-02
 82 -0.10010 -1.13161e+00 | 83  0.00132  6.84905e-01 |
83 variables; iteration 1320; function evaluation 1593; phase 3
Function value 4.0648283e+01; maximum gradient component mag 6.5037e+02
Var    Value     Gradient |Var    Value     Gradient |Var    Value     Gradient
  1  0.00972  6.50368e+02 |  2 -0.00677  9.57399e-01 |  3 -0.00757  1.27610e+00
  4 -0.02370  1.40843e+00 |  5 -0.02492  1.72015e+00 |  6 -0.02672  1.96096e+00
  7 -0.02818  2.39402e+00 |  8 -0.03034  2.72433e+00 |  9 -0.03321  2.91832e+00
 10 -0.03417  3.77003e+00 | 11 -0.03702  4.13979e+00 | 12 -0.03726  5.46976e+00
 13 -0.04010  6.02303e+00 | 14 -0.04685  5.28634e+00 | 15 -0.04264  8.52093e+00
 16 -0.04815  8.29965e+00 | 17 -0.04186  1.25244e+01 | 18 -0.05786  8.03907e+00
 19 -0.05866  8.86709e+00 | 20 -0.05325  1.19228e+01 | 21 -0.06296  8.47814e+00
 22 -0.07869  2.55748e+00 | 23 -0.06681  7.39959e+00 | 24 -0.05876  1.09950e+01
 25 -0.07426  5.30595e+00 | 26 -0.04722  1.68953e+01 | 27 -0.03511  2.28803e+01
 28 -0.05720  1.34943e+01 | 29 -0.08715  6.31284e-01 | 30 -0.03236  1.37046e+01
 31  0.01184  2.47180e+01 | 32 -0.05802  9.94422e+00 | 33 -0.12692  9.96448e+00
 34 -0.17834  9.83579e-01 | 35 -0.03695  1.12876e+01 | 36 -0.12301  3.73782e+00
 37  0.03684  1.71210e+01 | 38  0.03533  1.03898e+01 | 39 -0.11964  1.83496e+00
 40  0.00530  6.24551e+00 | 41  0.05762  1.18713e+01 | 42 -0.16487 -2.05970e+00
 43  0.03795  7.12104e+00 | 44 -0.12296 -3.92353e-02 | 45  0.01434  4.60292e+00
 46 -0.04031  1.24447e+00 | 47 -0.16514 -2.20833e-01 | 48 -0.16518 -3.92282e-01
 49 -0.15008 -4.65994e-01 | 50  0.06643 -4.59733e-01 | 51 -0.15668 -2.87896e-01
 52 -0.05659 -7.79469e-02 | 53 -0.14607 -5.88107e-02 | 54 -0.07903 -1.29134e-01
 55 -0.05136 -1.42484e-01 | 56 -0.13041 -2.17778e-02 | 57 -0.04624 -5.69986e-02
 58 -0.04669  3.72777e-02 | 59 -0.00337  5.73726e-02 | 60 -0.05926  2.84449e-02
 61 -0.10018 -1.17438e-02 | 62 -0.01036  4.59149e-01 | 63 -0.09292 -4.00284e-02
 64 -0.13448  4.01673e-01 | 65 -0.04856  3.79242e-01 | 66 -0.13388  3.50862e-01
 67 -0.08841  3.03397e-01 | 68 -0.09331  3.03476e-01 | 69 -0.00133  4.09629e-01
 70 -0.06323  5.50531e-02 | 71 -0.10484  3.49817e-03 | 72 -0.07656 -1.14468e-04
 73 -0.07057 -3.94446e-03 | 74 -0.42845  9.33072e+01 | 75 -1.62292  6.83744e+00
 76  0.70274 -2.17299e+00 | 77  0.78086  5.62487e-02 | 78  1.18527 -2.59363e+00
 79  0.13277 -1.70808e+01 | 80 -0.01294 -1.33728e-02 | 81 -1.13271  1.48439e-02
 82 -0.10008  1.22418e-01 | 83  0.00133 -1.45795e-01 |
83 variables; iteration 1340; function evaluation 1619; phase 3
Function value 4.0610069e+01; maximum gradient component mag 2.3036e+03
Var    Value     Gradient |Var    Value     Gradient |Var    Value     Gradient
  1  0.00971  2.30363e+03 |  2 -0.00650  3.79132e+00 |  3 -0.00816  4.46616e+00
  4 -0.02345  5.10847e+00 |  5 -0.02532  5.96595e+00 |  6 -0.02715  7.04432e+00
  7 -0.02916  8.28384e+00 |  8 -0.02789  1.09136e+01 |  9 -0.03306  1.14781e+01
 10 -0.03488  1.34395e+01 | 11 -0.03791  1.51820e+01 | 12 -0.03863  1.81703e+01
 13 -0.04162  2.03987e+01 | 14 -0.05072  1.99125e+01 | 15 -0.04498  2.69364e+01
 16 -0.04724  3.02368e+01 | 17 -0.04268  3.74942e+01 | 18 -0.05828  3.27515e+01
 19 -0.05631  3.70142e+01 | 20 -0.05722  3.89919e+01 | 21 -0.05734  4.03557e+01
 22 -0.07305  3.11628e+01 | 23 -0.06422  3.76865e+01 | 24 -0.05415  4.57674e+01
 25 -0.07076  3.59307e+01 | 26 -0.05178  4.94904e+01 | 27 -0.03481  6.17668e+01
 28 -0.06213  4.13605e+01 | 29 -0.08797  2.32237e+01 | 30 -0.03467  4.69686e+01
 31  0.01137  7.09773e+01 | 32 -0.05708  3.60382e+01 | 33 -0.12404  2.55757e+01
 34 -0.18094  8.95685e+00 | 35 -0.03611  3.71537e+01 | 36 -0.12243  1.48736e+01
 37  0.03611  5.06833e+01 | 38  0.03659  3.91605e+01 | 39 -0.12072  7.70982e+00
 40  0.00500  1.90274e+01 | 41  0.05813  3.01719e+01 | 42 -0.16538  3.55160e-01
 43  0.03786  1.65628e+01 | 44 -0.12067  2.48464e+00 | 45  0.01366  9.64277e+00
 46 -0.03908  4.23267e+00 | 47 -0.16563  5.87412e-01 | 48 -0.16413  5.66024e-01
 49 -0.15042  1.43976e-01 | 50  0.06663  2.56624e+00 | 51 -0.15651  1.14021e-01
 52 -0.05654  2.73115e-01 | 53 -0.14570 -5.87809e-02 | 54 -0.07912 -2.75749e-01
 55 -0.05120 -4.83408e-01 | 56 -0.13040 -3.17071e-01 | 57 -0.04625 -7.23529e-01
 58 -0.04650 -5.90451e-01 | 59 -0.00334 -1.09585e+00 | 60 -0.05902 -5.55467e-01
 61 -0.09982 -4.30212e-01 | 62 -0.01057 -1.06394e+00 | 63 -0.09210 -3.71421e-01
 64 -0.13493 -4.49851e-01 | 65 -0.04828 -6.01337e-01 | 66 -0.13384 -2.30841e-01
 67 -0.08822 -3.01215e-01 | 68 -0.09302 -1.11735e-01 | 69 -0.00133  1.71814e-03
 70 -0.06296 -1.06176e-02 | 71 -0.10489  7.33091e-03 | 72 -0.07657 -1.00694e-03
 73 -0.07059 -4.90811e-03 | 74 -0.42831  2.67412e+02 | 75 -1.62732  2.07602e+01
 76  0.70030  6.40782e+00 | 77  0.78762 -1.80885e-01 | 78  1.18239 -7.24376e+00
 79  0.13306 -5.51404e+01 | 80 -0.01517 -2.09881e-02 | 81 -1.18939  1.02443e-02
 82 -0.10020 -9.13438e-01 | 83  0.00125  5.06816e-01 |
83 variables; iteration 1360; function evaluation 1643; phase 3
Function value 4.0541625e+01; maximum gradient component mag 8.9904e+02
Var    Value     Gradient |Var    Value     Gradient |Var    Value     Gradient
  1  0.00975  8.99043e+02 |  2 -0.00616  1.61839e+00 |  3 -0.00794  1.77782e+00
  4 -0.02309  2.22269e+00 |  5 -0.02475  2.54552e+00 |  6 -0.02594  3.11111e+00
  7 -0.02959  3.06968e+00 |  8 -0.02781  4.77853e+00 |  9 -0.03348  4.31067e+00
 10 -0.03518  5.16306e+00 | 11 -0.03719  6.04733e+00 | 12 -0.04100  6.45815e+00
 13 -0.04116  8.21672e+00 | 14 -0.05099  6.57650e+00 | 15 -0.04671  1.02851e+01
 16 -0.05038  1.10520e+01 | 17 -0.04164  1.69360e+01 | 18 -0.06127  1.08667e+01
 19 -0.06038  1.26740e+01 | 20 -0.05486  1.62441e+01 | 21 -0.05552  1.65787e+01
 22 -0.06517  1.25041e+01 | 23 -0.06394  1.34634e+01 | 24 -0.04959  2.03524e+01
 25 -0.06668  1.31475e+01 | 26 -0.05573  1.87904e+01 | 27 -0.04317  2.50722e+01
 28 -0.06635  1.42526e+01 | 29 -0.08478  4.57622e+00 | 30 -0.03313  1.78688e+01
 31  0.01425  3.04337e+01 | 32 -0.06308  1.00438e+01 | 33 -0.12002  1.35638e+01
 34 -0.18124  6.30864e-01 | 35 -0.03747  1.38230e+01 | 36 -0.11856  6.20883e+00
 37  0.03478  1.99283e+01 | 38  0.03732  1.62526e+01 | 39 -0.12088  2.43959e+00
 40  0.00439  6.56734e+00 | 41  0.05856  1.53539e+01 | 42 -0.16867 -2.30692e+00
 43  0.03848  8.65256e+00 | 44 -0.12347  1.46011e-01 | 45  0.01423  5.45624e+00
 46 -0.03960  2.25141e+00 | 47 -0.16594  3.84010e-02 | 48 -0.16403  4.15481e-01
 49 -0.15011  1.80191e-01 | 50  0.06650  2.34781e+00 | 51 -0.15637  2.21091e-01
 52 -0.05664  5.01343e-01 | 53 -0.14574  1.56346e-01 | 54 -0.07913  4.40600e-02
 55 -0.05131 -1.32026e-01 | 56 -0.13035 -2.23307e-02 | 57 -0.04630 -2.91287e-01
 58 -0.04667 -2.74046e-01 | 59 -0.00335 -4.59553e-01 | 60 -0.05920 -3.55731e-01
 61 -0.09996 -2.81580e-01 | 62 -0.01054 -4.39715e-01 | 63 -0.09244 -1.48473e-01
 64 -0.13480  6.16027e-03 | 65 -0.04843  1.55887e-02 | 66 -0.13395  3.92640e-02
 67 -0.08833  1.67087e-02 | 68 -0.09320 -6.58134e-02 | 69 -0.00139 -2.11843e-01
 70 -0.06301 -4.50669e-02 | 71 -0.10489 -5.49787e-03 | 72 -0.07650  4.32203e-04
 73 -0.07055 -8.40632e-03 | 74 -0.42835  1.12842e+02 | 75 -1.62596  8.45734e+00
 76  0.70300 -9.46059e-01 | 77  0.79954  2.29309e-02 | 78  1.18409 -3.22732e+00
 79  0.13340 -2.19578e+01 | 80 -0.01590 -2.38700e-02 | 81 -1.12773  1.54385e-02
 82 -0.10035 -1.49817e-01 | 83  0.00113 -1.44625e-01 |
83 variables; iteration 1380; function evaluation 1670; phase 3
Function value 4.0448104e+01; maximum gradient component mag 8.3517e+03
Var    Value     Gradient |Var    Value     Gradient |Var    Value     Gradient
  1  0.00974  8.35167e+03 |  2 -0.00653  1.33552e+01 |  3 -0.00781  1.62174e+01
  4 -0.02341  1.77241e+01 |  5 -0.02532  2.10933e+01 |  6 -0.02594  2.56811e+01
  7 -0.02866  2.99847e+01 |  8 -0.02983  3.57872e+01 |  9 -0.03328  4.09542e+01
 10 -0.03547  4.74693e+01 | 11 -0.03636  5.57242e+01 | 12 -0.04056  6.24444e+01
 13 -0.04237  7.16052e+01 | 14 -0.04879  7.72507e+01 | 15 -0.04569  9.32838e+01
 16 -0.04888  1.03599e+02 | 17 -0.04558  1.21835e+02 | 18 -0.05981  1.17372e+02
 19 -0.06072  1.25898e+02 | 20 -0.04968  1.49915e+02 | 21 -0.06023  1.39900e+02
 22 -0.06165  1.40021e+02 | 23 -0.05726  1.51277e+02 | 24 -0.04965  1.69565e+02
 25 -0.05867  1.58203e+02 | 26 -0.05775  1.62606e+02 | 27 -0.05541  1.65307e+02
 28 -0.07052  1.36666e+02 | 29 -0.08262  1.12716e+02 | 30 -0.03426  1.72590e+02
 31  0.01722  2.56219e+02 | 32 -0.06829  1.16090e+02 | 33 -0.11757  8.25479e+01
 34 -0.17667  4.32699e+01 | 35 -0.04004  1.22559e+02 | 36 -0.11568  6.12548e+01
 37  0.03474  1.74034e+02 | 38  0.03685  1.44777e+02 | 39 -0.11895  3.51120e+01
 40  0.00380  7.77276e+01 | 41  0.05882  1.07556e+02 | 42 -0.16750  1.08197e+01
 43  0.03753  6.50939e+01 | 44 -0.11811  1.47391e+01 | 45  0.01231  3.64911e+01
 46 -0.03770  1.90612e+01 | 47 -0.16794  3.80343e+00 | 48 -0.16461  3.15241e+00
 49 -0.14985  2.42901e+00 | 50  0.06653  1.19910e+01 | 51 -0.15622  1.39094e+00
 52 -0.05656  1.46493e+00 | 53 -0.14547 -1.80264e-02 | 54 -0.07915 -9.23435e-01
 55 -0.05110 -1.52925e+00 | 56 -0.13033 -9.85669e-01 | 57 -0.04624 -2.12575e+00
 58 -0.04648 -1.91919e+00 | 59 -0.00342 -3.15779e+00 | 60 -0.05879 -1.60631e+00
 61 -0.10020 -1.63070e+00 | 62 -0.01035 -2.83991e+00 | 63 -0.09241 -1.41798e+00
 64 -0.13473 -9.69035e-01 | 65 -0.04839 -1.84909e+00 | 66 -0.13380 -7.31907e-01
 67 -0.08834 -1.14961e+00 | 68 -0.09313 -1.11596e+00 | 69 -0.00129 -1.94667e+00
 70 -0.06283 -6.09463e-01 | 71 -0.10475 -6.90141e-02 | 72 -0.07637 -1.14609e-02
 73 -0.07041 -1.14366e-02 | 74 -0.42861  9.84641e+02 | 75 -1.62291  7.60606e+01
 76  0.70826  3.62536e+01 | 77  0.81213 -8.69426e-01 | 78  1.19195 -2.53936e+01
 79  0.13325 -1.93903e+02 | 80 -0.01806 -3.80170e-02 | 81 -1.01687  1.14471e-01
 82 -0.10058 -2.56763e+00 | 83  0.00104  1.40945e+00 |
83 variables; iteration 1400; function evaluation 1697; phase 3
Function value 4.0400630e+01; maximum gradient component mag 6.6260e+03
Var    Value     Gradient |Var    Value     Gradient |Var    Value     Gradient
  1  0.00986  6.62597e+03 |  2 -0.00635  1.06851e+01 |  3 -0.00776  1.29128e+01
  4 -0.02373  1.40110e+01 |  5 -0.02529  1.67896e+01 |  6 -0.02625  2.03451e+01
  7 -0.02809  2.41068e+01 |  8 -0.03023  2.82995e+01 |  9 -0.03293  3.27187e+01
 10 -0.03540  3.77490e+01 | 11 -0.03630  4.43898e+01 | 12 -0.03954  5.03011e+01
 13 -0.04254  5.68054e+01 | 14 -0.04642  6.30834e+01 | 15 -0.04545  7.45076e+01
 16 -0.04764  8.36288e+01 | 17 -0.05314  8.93841e+01 | 18 -0.06291  8.97433e+01
 19 -0.05531  1.06009e+02 | 20 -0.05089  1.18234e+02 | 21 -0.05972  1.11769e+02
 22 -0.06264  1.10026e+02 | 23 -0.04982  1.30091e+02 | 24 -0.05663  1.26012e+02
 25 -0.05491  1.30761e+02 | 26 -0.05600  1.31854e+02 | 27 -0.06286  1.22199e+02
 28 -0.06953  1.09361e+02 | 29 -0.08196  8.87428e+01 | 30 -0.03419  1.37190e+02
 31  0.01742  2.05047e+02 | 32 -0.06985  8.98991e+01 | 33 -0.11812  6.66735e+01
 34 -0.17131  3.72393e+01 | 35 -0.04373  9.24237e+01 | 36 -0.11091  5.16886e+01
 37  0.03379  1.35639e+02 | 38  0.03668  1.13861e+02 | 39 -0.11857  2.85401e+01
 40  0.00358  6.05903e+01 | 41  0.05821  8.44362e+01 | 42 -0.16177  9.35422e+00
 43  0.03547  5.00556e+01 | 44 -0.11159  1.29018e+01 | 45  0.01021  2.79872e+01
 46 -0.03662  1.55717e+01 | 47 -0.16894  2.91524e+00 | 48 -0.16545  2.42134e+00
 49 -0.14996  1.93515e+00 | 50  0.06629  9.38501e+00 | 51 -0.15622  1.06514e+00
 52 -0.05680  1.09889e+00 | 53 -0.14518 -2.65584e-02 | 54 -0.07951 -8.05280e-01
 55 -0.05116 -1.20549e+00 | 56 -0.13052 -7.49619e-01 | 57 -0.04647 -1.64943e+00
 58 -0.04660 -1.42024e+00 | 59 -0.00358 -2.35398e+00 | 60 -0.05885 -1.09930e+00
 61 -0.10026 -1.15370e+00 | 62 -0.01056 -1.84859e+00 | 63 -0.09247 -9.16862e-01
 64 -0.13475 -5.36532e-01 | 65 -0.04858 -1.14745e+00 | 66 -0.13380 -4.18728e-01
 67 -0.08852 -8.25544e-01 | 68 -0.09308 -8.39543e-01 | 69 -0.00150 -1.57823e+00
 70 -0.06281 -4.97597e-01 | 71 -0.10491 -5.73366e-02 | 72 -0.07638 -9.17939e-03
 73 -0.07043 -7.36541e-03 | 74 -0.42877  7.72347e+02 | 75 -1.62304  5.89664e+01
 76  0.71036  2.73630e+01 | 77  0.81946 -6.22996e-01 | 78  1.19728 -2.07972e+01
 79  0.13324 -1.53555e+02 | 80 -0.02163 -8.93058e-02 | 81 -1.01066  1.72275e-01
 82 -0.10071 -1.81307e+00 | 83  0.00096  9.57760e-01 |
83 variables; iteration 1420; function evaluation 1723; phase 3
Function value 4.0355528e+01; maximum gradient component mag -1.7301e+02
Var    Value     Gradient |Var    Value     Gradient |Var    Value     Gradient
  1  0.00986 -1.73014e+02 |  2 -0.00622 -7.52819e-02 |  3 -0.00786 -2.32395e-01
  4 -0.02365 -1.27028e-01 |  5 -0.02504 -1.82202e-01 |  6 -0.02615 -1.27525e-01
  7 -0.02832 -3.14725e-01 |  8 -0.02955 -2.18004e-01 |  9 -0.03247 -5.53384e-01
 10 -0.03448 -6.18597e-01 | 11 -0.03640 -6.31465e-01 | 12 -0.03889 -7.74543e-01
 13 -0.04233 -1.18532e+00 | 14 -0.04427 -1.16000e+00 | 15 -0.04477 -6.77990e-01
 16 -0.04803 -1.04969e+00 | 17 -0.05686 -3.06753e+00 | 18 -0.05723 -2.67087e+00
 19 -0.05272 -1.03051e+00 | 20 -0.05773 -2.34888e+00 | 21 -0.05967 -2.95534e+00
 22 -0.05624 -2.11620e+00 | 23 -0.05350 -1.53005e+00 | 24 -0.06155 -4.08915e+00
 25 -0.05876 -3.33571e+00 | 26 -0.05351 -1.30593e+00 | 27 -0.06779 -4.52308e+00
 28 -0.06407 -3.63874e+00 | 29 -0.07983 -9.65971e+00 | 30 -0.03241 -4.45361e+00
 31  0.01834 -7.20888e-02 | 32 -0.07201 -7.93203e+00 | 33 -0.11894  4.15625e+00
 34 -0.17281 -2.49621e+00 | 35 -0.04323 -4.97858e+00 | 36 -0.11212  1.02593e-01
 37  0.03425 -5.02718e+00 | 38  0.03634 -4.15547e+00 | 39 -0.11900 -9.40882e-01
 40  0.00384 -4.96295e+00 | 41  0.05808 -4.06931e-01 | 42 -0.16163 -3.24983e+00
 43  0.03567 -1.88085e+00 | 44 -0.11440 -1.11770e+00 | 45  0.01170 -1.44530e+00
 46 -0.03859 -8.44788e-01 | 47 -0.16780 -9.05069e-01 | 48 -0.16547 -4.30466e-01
 49 -0.15015 -5.01351e-01 | 50  0.06617 -1.47173e+00 | 51 -0.15619 -2.84720e-01
 52 -0.05683 -1.13653e-01 | 53 -0.14504  7.40634e-02 | 54 -0.07952  2.17149e-01
 55 -0.05118  3.51589e-01 | 56 -0.13050  2.71242e-01 | 57 -0.04645  4.38930e-01
 58 -0.04666  5.60983e-01 | 59 -0.00345  7.52245e-01 | 60 -0.05909  5.64187e-01
 61 -0.09988  4.77088e-01 | 62 -0.01069  9.56953e-01 | 63 -0.09229  5.92876e-01
 64 -0.13483  4.61873e-01 | 65 -0.04851  8.51874e-01 | 66 -0.13388  4.02431e-01
 67 -0.08844  4.31534e-01 | 68 -0.09302  2.69641e-01 | 69 -0.00147  2.52088e-01
 70 -0.06278  5.85586e-02 | 71 -0.10490  1.19070e-02 | 72 -0.07634  6.17163e-04
 73 -0.07039 -1.11223e-04 | 74 -0.42869 -2.64347e+01 | 75 -1.62484 -2.51686e+00
 76  0.71448 -6.14656e+00 | 77  0.82723  1.29329e-01 | 78  1.18463 -5.25380e-02
 79  0.13465  4.65005e+00 | 80 -0.02202 -1.00382e-01 | 81 -1.01233  1.52045e-01
 82 -0.10068  9.08795e-01 | 83  0.00096 -7.01398e-01 |
83 variables; iteration 1440; function evaluation 1750; phase 3
Function value 4.0337718e+01; maximum gradient component mag 2.0230e+03
Var    Value     Gradient |Var    Value     Gradient |Var    Value     Gradient
  1  0.00993  2.02299e+03 |  2 -0.00637  3.36064e+00 |  3 -0.00771  4.03056e+00
  4 -0.02342  4.50053e+00 |  5 -0.02486  5.36934e+00 |  6 -0.02616  6.47730e+00
  7 -0.02861  7.41880e+00 |  8 -0.02946  9.10904e+00 |  9 -0.03190  1.04511e+01
 10 -0.03447  1.19215e+01 | 11 -0.03616  1.39541e+01 | 12 -0.03771  1.63308e+01
 13 -0.04070  1.82840e+01 | 14 -0.04443  2.00617e+01 | 15 -0.04636  2.30127e+01
 16 -0.04721  2.65849e+01 | 17 -0.05469  2.67189e+01 | 18 -0.05562  3.00316e+01
 19 -0.05972  3.05356e+01 | 20 -0.05699  3.44058e+01 | 21 -0.05777  3.53636e+01
 22 -0.05429  3.79536e+01 | 23 -0.05291  3.99059e+01 | 24 -0.06117  3.62007e+01
 25 -0.06544  3.44660e+01 | 26 -0.05471  4.22675e+01 | 27 -0.07114  3.26940e+01
 28 -0.05873  3.82648e+01 | 29 -0.07809  2.38229e+01 | 30 -0.03285  4.17452e+01
 31  0.01717  6.48213e+01 | 32 -0.07065  2.30458e+01 | 33 -0.11912  2.39068e+01
 34 -0.17361  9.76852e+00 | 35 -0.04300  2.76354e+01 | 36 -0.11232  1.68710e+01
 37  0.03394  4.13329e+01 | 38  0.03657  3.54978e+01 | 39 -0.12013  8.40084e+00
 40  0.00411  1.70542e+01 | 41  0.05768  2.72887e+01 | 42 -0.15999  1.20259e+00
 43  0.03527  1.42781e+01 | 44 -0.11378  3.16881e+00 | 45  0.01152  7.69755e+00
 46 -0.03864  3.65395e+00 | 47 -0.16776  2.62195e-01 | 48 -0.16554  3.42612e-01
 49 -0.15025  1.12237e-01 | 50  0.06605  1.32693e+00 | 51 -0.15628  6.36993e-02
 52 -0.05697  1.40613e-01 | 53 -0.14503 -1.23488e-02 | 54 -0.07971 -6.32604e-02
 55 -0.05128 -1.67578e-01 | 56 -0.13067 -5.70222e-02 | 57 -0.04661 -2.12175e-01
 58 -0.04673 -1.08239e-01 | 59 -0.00359 -2.04765e-01 | 60 -0.05910 -2.52706e-02
 61 -0.10001 -8.20351e-03 | 62 -0.01081  3.33417e-02 | 63 -0.09238  4.94421e-02
 64 -0.13487  1.14330e-01 | 65 -0.04861  2.30250e-01 | 66 -0.13396  1.00745e-01
 67 -0.08850  1.42011e-01 | 68 -0.09302  1.57064e-02 | 69 -0.00161 -8.53010e-02
 70 -0.06285 -6.49740e-02 | 71 -0.10504 -2.42915e-03 | 72 -0.07642 -8.11937e-04
 73 -0.07048 -3.52088e-03 | 74 -0.42860  2.22529e+02 | 75 -1.62738  1.68824e+01
 76  0.71501  4.56366e+00 | 77  0.83098 -9.56188e-02 | 78  1.18148 -6.19848e+00
 79  0.13486 -4.62953e+01 | 80 -0.02245 -1.12577e-01 | 81 -1.01751  1.10527e-01
 82 -0.10065 -1.52436e-02 | 83  0.00098 -8.85723e-02 |
83 variables; iteration 1460; function evaluation 1775; phase 3
Function value 4.0322913e+01; maximum gradient component mag 1.2651e+03
Var    Value     Gradient |Var    Value     Gradient |Var    Value     Gradient
  1  0.00991  1.26508e+03 |  2 -0.00624  2.21807e+00 |  3 -0.00779  2.57384e+00
  4 -0.02328  2.99156e+00 |  5 -0.02483  3.51345e+00 |  6 -0.02634  4.18029e+00
  7 -0.02882  4.70548e+00 |  8 -0.02814  6.37547e+00 |  9 -0.03216  6.68413e+00
 10 -0.03507  7.46184e+00 | 11 -0.03582  9.14669e+00 | 12 -0.03865  1.02895e+01
 13 -0.03964  1.22440e+01 | 14 -0.04562  1.23666e+01 | 15 -0.04911  1.36646e+01
 16 -0.04834  1.67853e+01 | 17 -0.04986  1.90022e+01 | 18 -0.05075  2.13817e+01
 19 -0.06108  1.84634e+01 | 20 -0.06134  1.98803e+01 | 21 -0.05847  2.21831e+01
 22 -0.05470  2.43344e+01 | 23 -0.04885  2.79812e+01 | 24 -0.06162  2.23437e+01
 25 -0.06549  2.09709e+01 | 26 -0.05483  2.72628e+01 | 27 -0.07268  1.89604e+01
 28 -0.05562  2.58979e+01 | 29 -0.07995  1.17032e+01 | 30 -0.03493  2.47999e+01
 31  0.01667  4.12230e+01 | 32 -0.06841  1.26887e+01 | 33 -0.12158  1.57045e+01
 34 -0.17187  5.96072e+00 | 35 -0.04323  1.60592e+01 | 36 -0.11256  1.09254e+01
 37  0.03423  2.53540e+01 | 38  0.03633  2.16144e+01 | 39 -0.12048  5.01607e+00
 40  0.00469  1.03486e+01 | 41  0.05715  1.74132e+01 | 42 -0.15713  3.86012e-01
 43  0.03465  8.86408e+00 | 44 -0.11162  2.16490e+00 | 45  0.01084  4.78520e+00
 46 -0.03819  2.61124e+00 | 47 -0.16788  1.48629e-01 | 48 -0.16569  2.85644e-01
 49 -0.15031  7.22333e-02 | 50  0.06604  1.19403e+00 | 51 -0.15629  5.15803e-02
 52 -0.05695  1.41308e-01 | 53 -0.14514 -3.14150e-02 | 54 -0.07965 -7.10214e-02
 55 -0.05129 -2.43065e-01 | 56 -0.13066 -1.24380e-01 | 57 -0.04656 -3.43286e-01
 58 -0.04674 -3.22706e-01 | 59 -0.00356 -5.09988e-01 | 60 -0.05912 -3.00636e-01
 61 -0.10002 -2.24409e-01 | 62 -0.01078 -4.05832e-01 | 63 -0.09242 -2.10127e-01
 64 -0.13483 -5.46276e-02 | 65 -0.04862 -1.42348e-01 | 66 -0.13391  5.09039e-03
 67 -0.08850  8.95146e-03 | 68 -0.09303 -6.18589e-03 | 69 -0.00159 -2.06596e-02
 70 -0.06289 -3.09970e-02 | 71 -0.10505 -6.15209e-04 | 72 -0.07646  2.83395e-04
 73 -0.07051 -2.37666e-03 | 74 -0.42864  1.37967e+02 | 75 -1.62619  1.02460e+01
 76  0.71778  8.65633e-01 | 77  0.83199 -2.02777e-02 | 78  1.18424 -4.15901e+00
 79  0.13448 -2.89758e+01 | 80 -0.02363 -1.56963e-01 | 81 -1.02373  8.27624e-02
 82 -0.10056 -4.14304e-01 | 83  0.00104  2.43877e-01 |
83 variables; iteration 1480; function evaluation 1798; phase 3
Function value 4.0312804e+01; maximum gradient component mag -4.3579e+02
Var    Value     Gradient |Var    Value     Gradient |Var    Value     Gradient
  1  0.00999 -4.35789e+02 |  2 -0.00607 -4.35624e-01 |  3 -0.00745 -6.11022e-01
  4 -0.02315 -5.18429e-01 |  5 -0.02480 -7.41709e-01 |  6 -0.02592 -8.13411e-01
  7 -0.02823 -1.17423e+00 |  8 -0.02789 -8.24156e-01 |  9 -0.03117 -1.42042e+00
 10 -0.03459 -2.04943e+00 | 11 -0.03607 -2.16059e+00 | 12 -0.03893 -2.63268e+00
 13 -0.03963 -2.54169e+00 | 14 -0.04428 -3.52647e+00 | 15 -0.04550 -3.59738e+00
 16 -0.04779 -4.02297e+00 | 17 -0.04715 -3.65440e+00 | 18 -0.05438 -5.46247e+00
 19 -0.05744 -6.26569e+00 | 20 -0.06504 -8.33762e+00 | 21 -0.06275 -7.93301e+00
 22 -0.05507 -6.19729e+00 | 23 -0.04935 -5.09836e+00 | 24 -0.06447 -9.28006e+00
 25 -0.06600 -9.69694e+00 | 26 -0.05526 -6.60105e+00 | 27 -0.07338 -1.01636e+01
 28 -0.05392 -5.61465e+00 | 29 -0.07761 -1.28597e+01 | 30 -0.03452 -1.03444e+01
 31  0.01641 -1.02216e+01 | 32 -0.06921 -1.21660e+01 | 33 -0.12189  6.41069e-01
 34 -0.17123 -3.53879e+00 | 35 -0.04411 -8.90314e+00 | 36 -0.11205 -1.83107e+00
 37  0.03407 -1.09817e+01 | 38  0.03601 -8.48694e+00 | 39 -0.12076 -2.32603e+00
 40  0.00471 -6.69965e+00 | 41  0.05672 -4.57565e+00 | 42 -0.15547 -2.68995e+00
 43  0.03407 -4.73682e+00 | 44 -0.11124 -1.37741e+00 | 45  0.01072 -3.00901e+00
 46 -0.03866 -1.58767e+00 | 47 -0.16810 -9.10835e-01 | 48 -0.16616 -4.97273e-01
 49 -0.15016 -4.27532e-01 | 50  0.06580 -1.46898e+00 | 51 -0.15614 -2.32241e-01
 52 -0.05718 -9.86962e-02 | 53 -0.14492  1.30162e-01 | 54 -0.07995  3.00922e-01
 55 -0.05130  6.07777e-01 | 56 -0.13085  3.08872e-01 | 57 -0.04670  5.46130e-01
 58 -0.04684  5.21248e-01 | 59 -0.00374  4.91089e-01 | 60 -0.05913  4.19632e-01
 61 -0.10025  1.76705e-01 | 62 -0.01088  5.79752e-01 | 63 -0.09256  2.35778e-01
 64 -0.13493  2.65996e-01 | 65 -0.04878  4.00361e-01 | 66 -0.13397  2.23679e-01
 67 -0.08870  1.38412e-01 | 68 -0.09313  8.71865e-02 | 69 -0.00174  6.88647e-02
 70 -0.06292  2.41654e-02 | 71 -0.10511  7.79479e-03 | 72 -0.07644  5.17111e-04
 73 -0.07049  1.47274e-04 | 74 -0.42872 -5.96586e+01 | 75 -1.62570 -5.09160e+00
 76  0.71993 -7.18872e+00 | 77  0.83446  1.47338e-01 | 78  1.18444  6.50136e-01
 79  0.13456  1.04350e+01 | 80 -0.02457 -2.05630e-01 | 81 -1.03096  6.38864e-02
 82 -0.10073  5.91153e-01 | 83  0.00095 -4.46257e-01 |
83 variables; iteration 1500; function evaluation 1819; phase 3
Function value 4.0305008e+01; maximum gradient component mag -3.9931e+02
Var    Value     Gradient |Var    Value     Gradient |Var    Value     Gradient
  1  0.00997 -3.99311e+02 |  2 -0.00594 -3.57038e-01 |  3 -0.00756 -5.83183e-01
  4 -0.02334 -5.09038e-01 |  5 -0.02502 -7.26861e-01 |  6 -0.02651 -8.80338e-01
  7 -0.02802 -1.01851e+00 |  8 -0.02867 -9.09889e-01 |  9 -0.03162 -1.39852e+00
 10 -0.03352 -1.60521e+00 | 11 -0.03562 -1.85305e+00 | 12 -0.03925 -2.50058e+00
 13 -0.04135 -2.75066e+00 | 14 -0.04440 -3.26904e+00 | 15 -0.04680 -3.62184e+00
 16 -0.04783 -3.66458e+00 | 17 -0.04610 -2.95082e+00 | 18 -0.04891 -3.53308e+00
 19 -0.05671 -5.60824e+00 | 20 -0.06366 -7.50639e+00 | 21 -0.06682 -8.51141e+00
 22 -0.05334 -5.21085e+00 | 23 -0.05229 -5.28509e+00 | 24 -0.06422 -8.68495e+00
 25 -0.06687 -9.35948e+00 | 26 -0.05568 -6.05691e+00 | 27 -0.07289 -9.46818e+00
 28 -0.05603 -5.42821e+00 | 29 -0.07457 -1.16949e+01 | 30 -0.03330 -9.47657e+00
 31  0.01657 -9.60319e+00 | 32 -0.06984 -1.22519e+01 | 33 -0.12180  5.80152e-01
 34 -0.17168 -3.69544e+00 | 35 -0.04398 -8.37104e+00 | 36 -0.11204 -1.44419e+00
 37  0.03414 -1.02528e+01 | 38  0.03603 -7.76632e+00 | 39 -0.12093 -2.30687e+00
 40  0.00485 -5.99089e+00 | 41  0.05674 -3.62301e+00 | 42 -0.15562 -2.53468e+00
 43  0.03416 -3.53996e+00 | 44 -0.11139 -1.06928e+00 | 45  0.01079 -2.29075e+00
 46 -0.03868 -1.17032e+00 | 47 -0.16810 -8.51732e-01 | 48 -0.16627 -5.30411e-01
 49 -0.15011 -5.01538e-01 | 50  0.06582 -1.90895e+00 | 51 -0.15608 -2.56731e-01
 52 -0.05713 -1.54192e-01 | 53 -0.14496  7.04033e-02 | 54 -0.07985  2.36053e-01
 55 -0.05129  4.97009e-01 | 56 -0.13077  3.07603e-01 | 57 -0.04664  6.10298e-01
 58 -0.04683  6.34311e-01 | 59 -0.00367  8.10455e-01 | 60 -0.05915  6.10128e-01
 61 -0.10019  3.52540e-01 | 62 -0.01083  8.89179e-01 | 63 -0.09252  3.67815e-01
 64 -0.13496  2.76128e-01 | 65 -0.04871  4.12377e-01 | 66 -0.13403  1.53414e-01
 67 -0.08864  1.39930e-01 | 68 -0.09315  1.39074e-01 | 69 -0.00168  2.17836e-01
 70 -0.06290  7.15145e-02 | 71 -0.10506  8.91260e-03 | 72 -0.07641 -1.21272e-03
 73 -0.07045  2.55347e-03 | 74 -0.42877 -5.23436e+01 | 75 -1.62451 -4.50585e+00
 76  0.71916 -7.05743e+00 | 77  0.83414  1.43563e-01 | 78  1.18371  5.83294e-01
 79  0.13474  1.01058e+01 | 80 -0.02461 -2.08224e-01 | 81 -1.02449  8.02651e-02
 82 -0.10074  7.92939e-01 | 83  0.00094 -6.11636e-01 |
83 variables; iteration 1520; function evaluation 1843; phase 3
Function value 4.0295267e+01; maximum gradient component mag -1.9305e+02
Var    Value     Gradient |Var    Value     Gradient |Var    Value     Gradient
  1  0.01005 -1.93048e+02 |  2 -0.00616 -1.15227e-01 |  3 -0.00767 -2.50625e-01
  4 -0.02328 -1.00460e-01 |  5 -0.02488 -2.17673e-01 |  6 -0.02605 -1.91127e-01
  7 -0.02847 -4.57668e-01 |  8 -0.02831  7.58158e-05 |  9 -0.03126 -3.54120e-01
 10 -0.03376 -5.69840e-01 | 11 -0.03512 -4.41644e-01 | 12 -0.03801 -7.05039e-01
 13 -0.03882 -3.79473e-01 | 14 -0.04538 -1.69146e+00 | 15 -0.04624 -1.35568e+00
 16 -0.04620 -8.06333e-01 | 17 -0.04614 -2.33264e-01 | 18 -0.04843 -4.18085e-01
 19 -0.06065 -3.75199e+00 | 20 -0.06111 -3.73721e+00 | 21 -0.07150 -6.78898e+00
 22 -0.05191 -1.31819e+00 | 23 -0.05170 -1.47864e+00 | 24 -0.06587 -5.69261e+00
 25 -0.06936 -6.56187e+00 | 26 -0.05664 -2.41858e+00 | 27 -0.07267 -6.01588e+00
 28 -0.05675 -1.85189e+00 | 29 -0.07216 -8.03818e+00 | 30 -0.03258 -5.15073e+00
 31  0.01599 -4.06137e+00 | 32 -0.06891 -9.73896e+00 | 33 -0.12458  1.10953e+00
 34 -0.16880 -1.71329e+00 | 35 -0.04490 -6.06469e+00 | 36 -0.11128  1.31931e-01
 37  0.03368 -5.72368e+00 | 38  0.03623 -2.28563e+00 | 39 -0.12231 -1.25927e+00
 40  0.00536 -2.90053e+00 | 41  0.05589 -7.13129e-01 | 42 -0.15104 -1.08996e+00
 43  0.03289 -1.68112e+00 | 44 -0.10839 -6.51342e-02 | 45  0.00988 -1.04480e+00
 46 -0.03846 -4.53559e-01 | 47 -0.16826 -4.86518e-01 | 48 -0.16641 -2.08280e-01
 49 -0.15028 -2.17281e-01 | 50  0.06566 -6.91573e-01 | 51 -0.15614 -1.04963e-01
 52 -0.05728 -2.83117e-02 | 53 -0.14496  4.51275e-02 | 54 -0.08004  1.17080e-01
 55 -0.05140  2.76563e-01 | 56 -0.13092  1.66886e-01 | 57 -0.04679  3.60993e-01
 58 -0.04695  4.34435e-01 | 59 -0.00380  5.75287e-01 | 60 -0.05925  4.63028e-01
 61 -0.10023  2.69282e-01 | 62 -0.01103  5.98370e-01 | 63 -0.09248  3.31340e-01
 64 -0.13518  1.57805e-01 | 65 -0.04881  3.66907e-01 | 66 -0.13414  1.27335e-01
 67 -0.08876  1.20417e-01 | 68 -0.09321  7.84043e-02 | 69 -0.00183  6.03105e-02
 70 -0.06296  2.67893e-02 | 71 -0.10517  2.86107e-03 | 72 -0.07645 -2.64702e-04
 73 -0.07051 -9.72041e-04 | 74 -0.42886 -2.82305e+01 | 75 -1.62410 -2.63803e+00
 76  0.72043 -6.02691e+00 | 77  0.83663  1.19798e-01 | 78  1.18181 -1.97720e-02
 79  0.13480  4.93719e+00 | 80 -0.02585 -3.00610e-01 | 81 -1.03086  6.40726e-02
 82 -0.10079  5.87204e-01 | 83  0.00090 -5.13223e-01 |
83 variables; iteration 1540; function evaluation 1864; phase 3
Function value 4.0285514e+01; maximum gradient component mag 1.7683e+02
Var    Value     Gradient |Var    Value     Gradient |Var    Value     Gradient
  1  0.01004  1.76833e+02 |  2 -0.00631  4.16102e-01 |  3 -0.00760  4.62474e-01
  4 -0.02332  6.41181e-01 |  5 -0.02517  6.09401e-01 |  6 -0.02572  9.86869e-01
  7 -0.02882  7.30893e-01 |  8 -0.02812  1.59963e+00 |  9 -0.03114  1.47601e+00
 10 -0.03335  1.62628e+00 | 11 -0.03550  1.85911e+00 | 12 -0.03746  2.21975e+00
 13 -0.03964  2.54931e+00 | 14 -0.04425  2.14748e+00 | 15 -0.04716  2.34213e+00
 16 -0.04503  4.14729e+00 | 17 -0.04513  5.27644e+00 | 18 -0.04958  4.84589e+00
 19 -0.05984  2.06148e+00 | 20 -0.06297  1.49509e+00 | 21 -0.07015 -7.24298e-01
 22 -0.04841  6.58671e+00 | 23 -0.05432  4.55875e+00 | 24 -0.06763  1.59027e-01
 25 -0.06915 -1.04175e-01 | 26 -0.05647  4.84422e+00 | 27 -0.07102  7.76360e-01
 28 -0.06170  3.42191e+00 | 29 -0.07007 -1.70483e+00 | 30 -0.03164  2.85888e+00
 31  0.01611  7.21284e+00 | 32 -0.06909 -4.47061e+00 | 33 -0.12520  4.04714e+00
 34 -0.16863  5.96922e-01 | 35 -0.04468 -3.43009e-01 | 36 -0.11168  2.97329e+00
 37  0.03374  1.92947e+00 | 38  0.03626  4.05250e+00 | 39 -0.12306 -4.80216e-02
 40  0.00576  1.56046e+00 | 41  0.05563  4.47382e+00 | 42 -0.15027 -8.81251e-02
 43  0.03279  1.62796e+00 | 44 -0.10814  8.80812e-01 | 45  0.00979  7.20645e-01
 46 -0.03844  3.83595e-01 | 47 -0.16817 -2.81309e-01 | 48 -0.16656 -1.55516e-01
 49 -0.15026 -1.81887e-01 | 50  0.06563 -6.04921e-01 | 51 -0.15618 -8.96750e-02
 52 -0.05730 -1.64363e-02 | 53 -0.14507  3.20928e-02 | 54 -0.08003  7.72764e-02
 55 -0.05144  1.65399e-01 | 56 -0.13096  8.74880e-02 | 57 -0.04679  2.44234e-01
 58 -0.04698  2.96884e-01 | 59 -0.00381  4.61330e-01 | 60 -0.05928  3.75902e-01
 61 -0.10032  1.85369e-01 | 62 -0.01100  5.69041e-01 | 63 -0.09263  2.10471e-01
 64 -0.13511  1.67273e-01 | 65 -0.04886  3.30167e-01 | 66 -0.13414  1.54176e-01
 67 -0.08878  1.26148e-01 | 68 -0.09325  7.55891e-02 | 69 -0.00185  1.72001e-02
 70 -0.06305 -6.34492e-03 | 71 -0.10520 -5.20696e-03 | 72 -0.07650 -6.79164e-04
 73 -0.07054 -2.54340e-04 | 74 -0.42890  1.81046e+01 | 75 -1.62314  9.09371e-01
 76  0.71981 -4.27212e+00 | 77  0.83747  8.36875e-02 | 78  1.17678 -1.03339e+00
 79  0.13500 -3.74106e+00 | 80 -0.02608 -3.24820e-01 | 81 -1.03086  6.40764e-02
 82 -0.10070  4.45839e-01 | 83  0.00096 -3.45466e-01 |
83 variables; iteration 1560; function evaluation 1884; phase 3
Function value 4.0276996e+01; maximum gradient component mag 1.9964e+03
Var    Value     Gradient |Var    Value     Gradient |Var    Value     Gradient
  1  0.01005  1.99640e+03 |  2 -0.00634  3.31598e+00 |  3 -0.00735  4.07242e+00
  4 -0.02304  4.54796e+00 |  5 -0.02486  5.29036e+00 |  6 -0.02571  6.52675e+00
  7 -0.02888  7.22349e+00 |  8 -0.02764  9.60865e+00 |  9 -0.03137  1.04989e+01
 10 -0.03351  1.21189e+01 | 11 -0.03642  1.36686e+01 | 12 -0.03809  1.59692e+01
 13 -0.03995  1.83921e+01 | 14 -0.04638  1.89403e+01 | 15 -0.04662  2.26285e+01
 16 -0.04658  2.66267e+01 | 17 -0.04463  3.18348e+01 | 18 -0.05186  3.18308e+01
 19 -0.06072  2.96831e+01 | 20 -0.06473  2.96474e+01 | 21 -0.06409  3.13935e+01
 22 -0.04569  4.30493e+01 | 23 -0.05440  3.87599e+01 | 24 -0.06811  3.18561e+01
 25 -0.06796  3.28346e+01 | 26 -0.05750  4.04788e+01 | 27 -0.06898  3.38885e+01
 28 -0.06609  3.39533e+01 | 29 -0.07004  2.77210e+01 | 30 -0.03160  4.19047e+01
 31  0.01618  6.15930e+01 | 32 -0.06930  2.12400e+01 | 33 -0.12488  1.94133e+01
 34 -0.16811  1.11285e+01 | 35 -0.04517  2.45553e+01 | 36 -0.11034  1.68666e+01
 37  0.03319  3.86252e+01 | 38  0.03675  3.61386e+01 | 39 -0.12399  7.30848e+00
 40  0.00600  1.97180e+01 | 41  0.05544  2.69616e+01 | 42 -0.14963  3.93009e+00
 43  0.03281  1.63297e+01 | 44 -0.10833  5.05345e+00 | 45  0.00991  9.75618e+00
 46 -0.03847  5.25549e+00 | 47 -0.16800  1.08641e+00 | 48 -0.16639  8.72676e-01
 49 -0.15026  6.81443e-01 | 50  0.06562  3.44785e+00 | 51 -0.15616  3.88991e-01
 52 -0.05734  3.21200e-01 | 53 -0.14497 -9.64947e-02 | 54 -0.08012 -4.74995e-01
 55 -0.05145 -6.78100e-01 | 56 -0.13100 -4.01985e-01 | 57 -0.04685 -8.08086e-01
 58 -0.04696 -6.96775e-01 | 59 -0.00382 -9.91304e-01 | 60 -0.05930 -6.18850e-01
 61 -0.10017 -4.48408e-01 | 62 -0.01112 -9.68349e-01 | 63 -0.09243 -4.27876e-01
 64 -0.13518 -4.01903e-01 | 65 -0.04885 -7.17736e-01 | 66 -0.13409 -3.24772e-01
 67 -0.08876 -4.96608e-01 | 68 -0.09314 -3.78628e-01 | 69 -0.00190 -5.79064e-01
 70 -0.06303 -1.68567e-01 | 71 -0.10527 -1.94562e-02 | 72 -0.07657 -9.50312e-04
 73 -0.07061 -2.42891e-03 | 74 -0.42885  2.26220e+02 | 75 -1.62487  1.68674e+01
 76  0.72077  4.45024e+00 | 77  0.84221 -8.67292e-02 | 78  1.17393 -5.94492e+00
 79  0.13504 -4.66500e+01 | 80 -0.02671 -3.91972e-01 | 81 -1.05442  3.65359e-02
 82 -0.10064 -9.75183e-01 | 83  0.00098  5.48979e-01 |
83 variables; iteration 1580; function evaluation 1906; phase 3
Function value 4.0271073e+01; maximum gradient component mag -7.2871e+00
Var    Value     Gradient |Var    Value     Gradient |Var    Value     Gradient
  1  0.01003 -1.58315e+00 |  2 -0.00601  2.54985e-01 |  3 -0.00762  1.64805e-01
  4 -0.02273  4.79441e-01 |  5 -0.02507  2.52904e-01 |  6 -0.02620  3.90758e-01
  7 -0.02885  1.73323e-01 |  8 -0.02788  9.99688e-01 |  9 -0.03131  6.49340e-01
 10 -0.03375  6.09216e-01 | 11 -0.03603  6.57361e-01 | 12 -0.03850  7.01727e-01
 13 -0.04039  9.35987e-01 | 14 -0.04477  4.41182e-01 | 15 -0.04700  6.46377e-01
 16 -0.04958  7.01034e-01 | 17 -0.04580  2.78085e+00 | 18 -0.05371  1.07585e+00
 19 -0.06242 -1.19173e+00 | 20 -0.06265 -9.24552e-01 | 21 -0.06125 -3.95480e-01
 22 -0.04559  4.50321e+00 | 23 -0.05420  1.61427e+00 | 24 -0.06663 -2.34601e+00
 25 -0.06496 -1.70076e+00 | 26 -0.05892  8.36286e-01 | 27 -0.06781 -1.17868e+00
 28 -0.06838 -1.57332e+00 | 29 -0.07131 -4.79164e+00 | 30 -0.03113 -6.16798e-01
 31  0.01696  2.70912e+00 | 32 -0.07053 -7.28711e+00 | 33 -0.12425  2.53408e+00
 34 -0.16805 -5.76307e-01 | 35 -0.04534 -3.99859e+00 | 36 -0.10973  1.65511e+00
 37  0.03298 -2.74525e+00 | 38  0.03692  2.12788e+00 | 39 -0.12375 -5.59013e-01
 40  0.00587  2.21400e-01 | 41  0.05556  2.29735e+00 | 42 -0.14941 -2.19429e-01
 43  0.03269  4.19075e-01 | 44 -0.10798  6.25420e-01 | 45  0.00992  1.15728e-01
 46 -0.03855 -1.77353e-01 | 47 -0.16781 -3.26295e-01 | 48 -0.16660 -1.99270e-01
 49 -0.15006 -4.35442e-02 | 50  0.06563  2.69968e-01 | 51 -0.15619  8.84326e-03
 52 -0.05729  7.06519e-02 | 53 -0.14513 -2.55753e-02 | 54 -0.08002 -1.14324e-01
 55 -0.05146 -1.03202e-01 | 56 -0.13097 -6.15357e-02 | 57 -0.04679 -4.82519e-02
 58 -0.04696  2.86056e-02 | 59 -0.00380  6.30951e-02 | 60 -0.05928  1.72558e-02
 61 -0.10030 -1.47627e-01 | 62 -0.01100 -3.76413e-01 | 63 -0.09262 -3.80548e-01
 64 -0.13506 -2.83090e-01 | 65 -0.04886 -6.08200e-01 | 66 -0.13407 -2.43233e-01
 67 -0.08878 -3.78460e-01 | 68 -0.09317 -1.40672e-01 | 69 -0.00187 -1.93482e-01
 70 -0.06305 -2.21372e-02 | 71 -0.10525 -6.29206e-03 | 72 -0.07656  3.15321e-03
 73 -0.07060  1.50031e-03 | 74 -0.42886 -5.41522e+00 | 75 -1.62377 -8.80923e-01
 76  0.72109 -5.00123e+00 | 77  0.84294  9.57745e-02 | 78  1.17483 -6.51543e-01
 79  0.13500 -8.62330e-01 | 80 -0.02664 -3.80803e-01 | 81 -1.04298  4.62157e-02
 82 -0.10057 -3.29201e-01 | 83  0.00103  1.49600e-01 |
83 variables; iteration 1600; function evaluation 1930; phase 3
Function value 4.0264986e+01; maximum gradient component mag -2.9164e+02
Var    Value     Gradient |Var    Value     Gradient |Var    Value     Gradient
  1  0.00999 -2.91641e+02 |  2 -0.00602 -2.19478e-01 |  3 -0.00757 -3.93095e-01
  4 -0.02331 -2.90929e-01 |  5 -0.02516 -5.13329e-01 |  6 -0.02593 -4.28207e-01
  7 -0.02882 -8.70078e-01 |  8 -0.02772 -2.27894e-01 |  9 -0.03119 -7.85943e-01
 10 -0.03351 -1.02654e+00 | 11 -0.03619 -1.34507e+00 | 12 -0.03855 -1.55862e+00
 13 -0.04006 -1.54072e+00 | 14 -0.04482 -2.43299e+00 | 15 -0.04742 -2.71286e+00
 16 -0.04810 -2.50844e+00 | 17 -0.04890 -2.32672e+00 | 18 -0.05355 -3.30099e+00
 19 -0.06028 -5.03812e+00 | 20 -0.06008 -4.92094e+00 | 21 -0.06535 -6.49973e+00
 22 -0.04586 -1.30899e+00 | 23 -0.05446 -3.99705e+00 | 24 -0.06451 -7.01044e+00
 25 -0.06095 -6.08292e+00 | 26 -0.06175 -5.69948e+00 | 27 -0.06679 -6.28291e+00
 28 -0.06933 -6.97435e+00 | 29 -0.07268 -9.93805e+00 | 30 -0.03128 -7.11012e+00
 31  0.01800 -5.98773e+00 | 32 -0.07188 -1.18396e+01 | 33 -0.12434 -2.47864e-01
 34 -0.16776 -2.14283e+00 | 35 -0.04526 -7.28917e+00 | 36 -0.10994  9.43581e-02
 37  0.03327 -7.48951e+00 | 38  0.03667 -3.08419e+00 | 39 -0.12321 -1.80664e+00
 40  0.00581 -3.22508e+00 | 41  0.05565 -1.88044e+00 | 42 -0.14910 -9.40375e-01
 43  0.03244 -2.48589e+00 | 44 -0.10663 -2.93525e-02 | 45  0.00949 -1.63628e+00
 46 -0.03822 -7.65972e-01 | 47 -0.16791 -3.82699e-01 | 48 -0.16659 -2.10778e-01
 49 -0.15017 -1.54100e-01 | 50  0.06571 -4.64210e-01 | 51 -0.15610 -7.41892e-02
 52 -0.05722 -1.14098e-02 | 53 -0.14503  3.29690e-02 | 54 -0.07992  7.21006e-02
 55 -0.05137  1.39106e-01 | 56 -0.13087  6.65928e-02 | 57 -0.04669  1.33784e-01
 58 -0.04691  1.08199e-01 | 59 -0.00371  1.09541e-01 | 60 -0.05925  7.21855e-02
 61 -0.10018  4.24263e-03 | 62 -0.01094  5.16738e-02 | 63 -0.09250  2.03952e-02
 64 -0.13506  1.66803e-02 | 65 -0.04876  4.78969e-02 | 66 -0.13409  1.86085e-02
 67 -0.08867  2.15244e-02 | 68 -0.09319  4.11639e-02 | 69 -0.00176  6.40074e-02
 70 -0.06299  2.75084e-02 | 71 -0.10513  3.51145e-03 | 72 -0.07648  8.68327e-04
 73 -0.07053 -6.47498e-04 | 74 -0.42890 -3.78090e+01 | 75 -1.62291 -3.34907e+00
 76  0.72288 -6.34737e+00 | 77  0.84431  1.21038e-01 | 78  1.17585  1.35545e-01
 79  0.13487  5.81580e+00 | 80 -0.02696 -4.24992e-01 | 81 -1.03828  5.18289e-02
 82 -0.10066  9.56359e-02 | 83  0.00098 -1.01715e-01 |
83 variables; iteration 1620; function evaluation 1953; phase 3
Function value 4.0261417e+01; maximum gradient component mag -2.1523e+02
Var    Value     Gradient |Var    Value     Gradient |Var    Value     Gradient
  1  0.01000 -2.15235e+02 |  2 -0.00616 -1.20484e-01 |  3 -0.00755 -2.23070e-01
  4 -0.02326 -9.98710e-02 |  5 -0.02515 -2.97579e-01 |  6 -0.02623 -2.48967e-01
  7 -0.02895 -6.01146e-01 |  8 -0.02728  2.59661e-01 |  9 -0.03092 -2.86877e-01
 10 -0.03343 -5.08555e-01 | 11 -0.03663 -8.99744e-01 | 12 -0.03870 -9.45410e-01
 13 -0.03981 -7.19723e-01 | 14 -0.04503 -1.65863e+00 | 15 -0.04701 -1.65369e+00
 16 -0.04822 -1.47604e+00 | 17 -0.04504  5.25655e-03 | 18 -0.05510 -2.47811e+00
 19 -0.05887 -3.31677e+00 | 20 -0.06114 -3.83500e+00 | 21 -0.06825 -5.94062e+00
 22 -0.04667  1.04020e-01 | 23 -0.05453 -2.42200e+00 | 24 -0.06253 -4.92228e+00
 25 -0.06038 -4.30354e+00 | 26 -0.06492 -4.91730e+00 | 27 -0.06619 -4.55650e+00
 28 -0.06681 -4.84683e+00 | 29 -0.07284 -8.61078e+00 | 30 -0.03184 -5.39349e+00
 31  0.01773 -3.55840e+00 | 32 -0.07142 -1.04840e+01 | 33 -0.12441  5.70786e-01
 34 -0.16805 -1.76283e+00 | 35 -0.04514 -6.40781e+00 | 36 -0.11044  2.94490e-01
 37  0.03349 -6.66320e+00 | 38  0.03646 -2.48244e+00 | 39 -0.12297 -1.53530e+00
 40  0.00584 -2.92306e+00 | 41  0.05552 -1.48429e+00 | 42 -0.14821 -6.80135e-01
 43  0.03224 -2.25309e+00 | 44 -0.10639  1.38402e-01 | 45  0.00952 -1.13458e+00
 46 -0.03836 -4.71504e-01 | 47 -0.16778 -2.35977e-01 | 48 -0.16664 -1.25628e-01
 49 -0.15023 -7.43010e-02 | 50  0.06570  1.41832e-01 | 51 -0.15611  5.72699e-03
 52 -0.05722  4.66285e-02 | 53 -0.14500  1.47230e-02 | 54 -0.07993  2.16736e-03
 55 -0.05137 -1.74556e-02 | 56 -0.13088 -2.28384e-02 | 57 -0.04670 -3.52952e-02
 58 -0.04691 -4.51506e-02 | 59 -0.00370 -2.15875e-02 | 60 -0.05927 -2.43809e-02
 61 -0.10013 -2.26305e-02 | 62 -0.01096 -8.39000e-02 | 63 -0.09247 -6.81923e-02
 64 -0.13508 -8.09859e-02 | 65 -0.04874 -1.16882e-01 | 66 -0.13410 -8.35130e-02
 67 -0.08866 -8.97920e-02 | 68 -0.09317 -5.41970e-02 | 69 -0.00176 -9.13998e-02
 70 -0.06297 -1.77576e-02 | 71 -0.10515 -3.55362e-03 | 72 -0.07648  1.23620e-05
 73 -0.07053  6.47305e-06 | 74 -0.42891 -3.04087e+01 | 75 -1.62303 -2.78555e+00
 76  0.72334 -5.95108e+00 | 77  0.84457  1.13515e-01 | 78  1.17714 -8.28723e-02
 79  0.13474  3.96860e+00 | 80 -0.02740 -4.93676e-01 | 81 -1.05031  3.95121e-02
 82 -0.10065 -6.94255e-02 | 83  0.00098  3.71281e-02 |
83 variables; iteration 1640; function evaluation 1973; phase 3
Function value 4.0259307e+01; maximum gradient component mag 9.1201e+02
Var    Value     Gradient |Var    Value     Gradient |Var    Value     Gradient
  1  0.00999  9.12006e+02 |  2 -0.00597  1.71840e+00 |  3 -0.00781  1.87805e+00
  4 -0.02358  2.15928e+00 |  5 -0.02497  2.57303e+00 |  6 -0.02587  3.24445e+00
  7 -0.02858  3.50652e+00 |  8 -0.02742  5.06926e+00 |  9 -0.03087  5.33707e+00
 10 -0.03304  6.10299e+00 | 11 -0.03666  6.51167e+00 | 12 -0.03857  7.63348e+00
 13 -0.03978  9.10720e+00 | 14 -0.04481  9.27963e+00 | 15 -0.04678  1.07665e+01
 16 -0.04844  1.23886e+01 | 17 -0.04634  1.56211e+01 | 18 -0.05428  1.44954e+01
 19 -0.06180  1.28326e+01 | 20 -0.06001  1.48230e+01 | 21 -0.06687  1.25188e+01
 22 -0.04593  2.20739e+01 | 23 -0.05516  1.83093e+01 | 24 -0.06118  1.61822e+01
 25 -0.06130  1.65790e+01 | 26 -0.06615  1.54150e+01 | 27 -0.06564  1.61334e+01
 28 -0.06607  1.50468e+01 | 29 -0.07327  9.01278e+00 | 30 -0.03175  1.87476e+01
 31  0.01781  3.05336e+01 | 32 -0.07170  5.21325e+00 | 33 -0.12452  1.01609e+01
 34 -0.16781  4.89004e+00 | 35 -0.04526  9.52213e+00 | 36 -0.11063  8.94740e+00
 37  0.03369  1.71065e+01 | 38  0.03624  1.70942e+01 | 39 -0.12284  3.10222e+00
 40  0.00591  8.19428e+00 | 41  0.05548  1.23003e+01 | 42 -0.14834  1.65289e+00
 43  0.03233  6.65066e+00 | 44 -0.10682  2.63515e+00 | 45  0.00968  4.29624e+00
 46 -0.03855  2.50924e+00 | 47 -0.16768  5.74206e-01 | 48 -0.16666  4.18422e-01
 49 -0.15026  3.03278e-01 | 50  0.06567  1.76380e+00 | 51 -0.15611  1.95677e-01
 52 -0.05722  1.85320e-01 | 53 -0.14505 -4.77362e-02 | 54 -0.07991 -1.89192e-01
 55 -0.05139 -3.49923e-01 | 56 -0.13087 -2.16808e-01 | 57 -0.04669 -4.80822e-01
 58 -0.04693 -5.49398e-01 | 59 -0.00367 -7.78589e-01 | 60 -0.05935 -6.02352e-01
 61 -0.10005 -3.61115e-01 | 62 -0.01099 -8.85822e-01 | 63 -0.09248 -4.05796e-01
 64 -0.13505 -2.72056e-01 | 65 -0.04876 -5.61885e-01 | 66 -0.13410 -2.51460e-01
 67 -0.08865 -2.54891e-01 | 68 -0.09318 -1.72564e-01 | 69 -0.00174 -1.87603e-01
 70 -0.06301 -6.07758e-02 | 71 -0.10514 -7.98209e-03 | 72 -0.07649  7.68876e-04
 73 -0.07053  1.39438e-03 | 74 -0.42887  1.02741e+02 | 75 -1.62338  7.39063e+00
 76  0.72411 -6.45502e-01 | 77  0.84597  1.12151e-02 | 78  1.17461 -3.12026e+00
 79  0.13485 -2.22841e+01 | 80 -0.02751 -5.13093e-01 | 81 -1.06415  3.09987e-02
 82 -0.10060 -7.71026e-01 | 83  0.00101  5.26329e-01 |
83 variables; iteration 1660; function evaluation 1995; phase 3
Function value 4.0253060e+01; maximum gradient component mag 1.6328e+03
Var    Value     Gradient |Var    Value     Gradient |Var    Value     Gradient
  1  0.00998  1.63276e+03 |  2 -0.00607  2.81694e+00 |  3 -0.00765  3.28638e+00
  4 -0.02342  3.68127e+00 |  5 -0.02522  4.27684e+00 |  6 -0.02607  5.31986e+00
  7 -0.02871  5.99072e+00 |  8 -0.02786  7.97762e+00 |  9 -0.03103  8.81682e+00
 10 -0.03315  1.01638e+01 | 11 -0.03590  1.14732e+01 | 12 -0.03807  1.32225e+01
 13 -0.03945  1.54434e+01 | 14 -0.04455  1.62639e+01 | 15 -0.04724  1.83690e+01
 16 -0.04861  2.11186e+01 | 17 -0.04558  2.61324e+01 | 18 -0.05145  2.65487e+01
 19 -0.06042  2.43170e+01 | 20 -0.06108  2.58790e+01 | 21 -0.06394  2.55218e+01
 22 -0.04725  3.51154e+01 | 23 -0.05727  3.04078e+01 | 24 -0.06168  2.90892e+01
 25 -0.06384  2.86601e+01 | 26 -0.06894  2.71071e+01 | 27 -0.06586  2.91558e+01
 28 -0.06281  2.93374e+01 | 29 -0.07223  2.08149e+01 | 30 -0.03164  3.42816e+01
 31  0.01838  5.28598e+01 | 32 -0.07251  1.50404e+01 | 33 -0.12558  1.58519e+01
 34 -0.16705  9.52582e+00 | 35 -0.04518  2.01320e+01 | 36 -0.11157  1.42254e+01
 37  0.03418  3.23344e+01 | 38  0.03583  2.95999e+01 | 39 -0.12274  6.11187e+00
 40  0.00611  1.54492e+01 | 41  0.05526  2.10317e+01 | 42 -0.14690  3.35370e+00
 43  0.03180  1.16503e+01 | 44 -0.10519  4.32048e+00 | 45  0.00927  6.91880e+00
 46 -0.03841  3.93447e+00 | 47 -0.16782  9.87516e-01 | 48 -0.16688  6.75870e-01
 49 -0.15019  5.34433e-01 | 50  0.06567  2.56316e+00 | 51 -0.15598  2.94978e-01
 52 -0.05720  2.43944e-01 | 53 -0.14480 -7.53605e-02 | 54 -0.07994 -3.15203e-01
 55 -0.05128 -5.01650e-01 | 56 -0.13084 -3.09986e-01 | 57 -0.04665 -5.84832e-01
 58 -0.04685 -5.92564e-01 | 59 -0.00365 -8.88902e-01 | 60 -0.05921 -5.80947e-01
 61 -0.10004 -4.29700e-01 | 62 -0.01092 -9.53608e-01 | 63 -0.09241 -4.27630e-01
 64 -0.13499 -2.86273e-01 | 65 -0.04871 -5.44549e-01 | 66 -0.13402 -2.23003e-01
 67 -0.08863 -2.43381e-01 | 68 -0.09309 -1.80283e-01 | 69 -0.00169 -2.44936e-01
 70 -0.06287 -8.31298e-02 | 71 -0.10508 -8.81454e-03 | 72 -0.07640 -4.92942e-04
 73 -0.07045 -1.38950e-03 | 74 -0.42891  1.85968e+02 | 75 -1.62347  1.37137e+01
 76  0.72463  2.70556e+00 | 77  0.84499 -5.40513e-02 | 78  1.17573 -5.07446e+00
 79  0.13472 -3.89176e+01 | 80 -0.02761 -5.34274e-01 | 81 -1.04968  4.00166e-02
 82 -0.10074 -8.64089e-01 | 83  0.00093  5.48663e-01 |
83 variables; iteration 1680; function evaluation 2015; phase 3
Function value 4.0251589e+01; maximum gradient component mag -1.1003e+03
Var    Value     Gradient |Var    Value     Gradient |Var    Value     Gradient
  1  0.00999 -1.10031e+03 |  2 -0.00611 -1.51404e+00 |  3 -0.00729 -1.86845e+00
  4 -0.02323 -1.94115e+00 |  5 -0.02513 -2.50751e+00 |  6 -0.02626 -2.91917e+00
  7 -0.02848 -3.62891e+00 |  8 -0.02798 -3.72233e+00 |  9 -0.03099 -4.70616e+00
 10 -0.03300 -5.49838e+00 | 11 -0.03602 -6.58228e+00 | 12 -0.03793 -7.47004e+00
 13 -0.04012 -8.49038e+00 | 14 -0.04418 -9.98759e+00 | 15 -0.04740 -1.14046e+01
 16 -0.04852 -1.24690e+01 | 17 -0.04686 -1.30108e+01 | 18 -0.05266 -1.50334e+01
 19 -0.05944 -1.70617e+01 | 20 -0.06130 -1.81019e+01 | 21 -0.06148 -1.87817e+01
 22 -0.04751 -1.69791e+01 | 23 -0.05762 -1.93540e+01 | 24 -0.06277 -2.09745e+01
 25 -0.06361 -2.13654e+01 | 26 -0.06868 -2.17120e+01 | 27 -0.06594 -2.04382e+01
 28 -0.06284 -1.95546e+01 | 29 -0.07221 -2.23707e+01 | 30 -0.03137 -2.40551e+01
 31  0.01874 -3.02587e+01 | 32 -0.07343 -2.31822e+01 | 33 -0.12522 -7.41858e+00
 34 -0.16693 -6.71258e+00 | 35 -0.04538 -1.92519e+01 | 36 -0.11136 -6.77495e+00
 37  0.03416 -2.59629e+01 | 38  0.03579 -1.90886e+01 | 39 -0.12261 -5.47912e+00
 40  0.00605 -1.22215e+01 | 41  0.05526 -1.30220e+01 | 42 -0.14663 -2.39816e+00
 43  0.03168 -8.99945e+00 | 44 -0.10492 -1.53790e+00 | 45  0.00920 -4.92940e+00
 46 -0.03842 -2.21036e+00 | 47 -0.16787 -5.34155e-01 | 48 -0.16693 -3.66249e-01
 49 -0.15018 -2.82373e-01 | 50  0.06568 -1.22426e+00 | 51 -0.15596 -1.68190e-01
 52 -0.05719 -1.20788e-01 | 53 -0.14472  3.17549e-02 | 54 -0.07994  1.30305e-01
 55 -0.05125  2.41690e-01 | 56 -0.13081  1.44593e-01 | 57 -0.04665  3.37041e-01
 58 -0.04683  3.53262e-01 | 59 -0.00365  4.19604e-01 | 60 -0.05917  2.94639e-01
 61 -0.10005  1.98019e-01 | 62 -0.01091  3.59330e-01 | 63 -0.09237  2.30421e-01
 64 -0.13503  1.41405e-01 | 65 -0.04869  3.57259e-01 | 66 -0.13403  1.64165e-01
 67 -0.08862  2.33964e-01 | 68 -0.09308  1.83517e-01 | 69 -0.00168  2.71203e-01
 70 -0.06283  7.64308e-02 | 71 -0.10505  1.05425e-02 | 72 -0.07636  8.88748e-05
 73 -0.07042 -1.15994e-03 | 74 -0.42890 -1.34732e+02 | 75 -1.62366 -1.07626e+01
 76  0.72525 -9.97006e+00 | 77  0.84603  1.88824e-01 | 78  1.17557  2.28584e+00
 79  0.13478  2.42616e+01 | 80 -0.02757 -5.26728e-01 | 81 -1.04296  4.62333e-02
 82 -0.10080  4.39268e-01 | 83  0.00090 -2.97717e-01 |
83 variables; iteration 1700; function evaluation 2035; phase 3
Function value 4.0244671e+01; maximum gradient component mag 1.3003e+03
Var    Value     Gradient |Var    Value     Gradient |Var    Value     Gradient
  1  0.00992  1.30031e+03 |  2 -0.00625  2.24025e+00 |  3 -0.00767  2.64148e+00
  4 -0.02368  2.91417e+00 |  5 -0.02513  3.47038e+00 |  6 -0.02603  4.32978e+00
  7 -0.02888  4.75394e+00 |  8 -0.02840  6.37587e+00 |  9 -0.03099  7.17252e+00
 10 -0.03318  8.22736e+00 | 11 -0.03536  9.45137e+00 | 12 -0.03833  1.05752e+01
 13 -0.03992  1.23312e+01 | 14 -0.04456  1.30126e+01 | 15 -0.04766  1.45234e+01
 16 -0.04809  1.71916e+01 | 17 -0.04830  2.00524e+01 | 18 -0.05397  2.02300e+01
 19 -0.05758  2.05194e+01 | 20 -0.06140  2.02697e+01 | 21 -0.06213  2.08482e+01
 22 -0.04852  2.79782e+01 | 23 -0.05720  2.42462e+01 | 24 -0.06198  2.27221e+01
 25 -0.05895  2.48403e+01 | 26 -0.06907  2.09010e+01 | 27 -0.06527  2.31931e+01
 28 -0.06120  2.39362e+01 | 29 -0.07522  1.41371e+01 | 30 -0.03296  2.64860e+01
 31  0.01936  4.33802e+01 | 32 -0.07316  1.01692e+01 | 33 -0.12575  1.28137e+01
 34 -0.16660  7.79182e+00 | 35 -0.04477  1.57724e+01 | 36 -0.11230  1.14971e+01
 37  0.03452  2.58906e+01 | 38  0.03582  2.37876e+01 | 39 -0.12278  4.56781e+00
 40  0.00640  1.20274e+01 | 41  0.05524  1.63767e+01 | 42 -0.14647  2.65230e+00
 43  0.03191  9.09181e+00 | 44 -0.10508  3.63953e+00 | 45  0.00933  5.69814e+00
 46 -0.03822  3.43694e+00 | 47 -0.16772  8.90295e-01 | 48 -0.16680  6.14987e-01
 49 -0.15027  4.71993e-01 | 50  0.06586  2.57553e+00 | 51 -0.15598  2.73829e-01
 52 -0.05702  2.36206e-01 | 53 -0.14472 -4.88883e-02 | 54 -0.07976 -2.41738e-01
 55 -0.05115 -4.36669e-01 | 56 -0.13068 -2.71867e-01 | 57 -0.04651 -5.29977e-01
 58 -0.04673 -5.12173e-01 | 59 -0.00352 -7.16671e-01 | 60 -0.05908 -3.85132e-01
 61 -0.09995 -2.79625e-01 | 62 -0.01077 -5.35485e-01 | 63 -0.09231 -2.06862e-01
 64 -0.13490 -1.51033e-01 | 65 -0.04857 -2.75328e-01 | 66 -0.13394 -1.32808e-01
 67 -0.08850 -1.44813e-01 | 68 -0.09301 -1.95873e-01 | 69 -0.00154 -3.88697e-01
 70 -0.06273 -1.31279e-01 | 71 -0.10496 -1.80372e-02 | 72 -0.07630 -2.74488e-03
 73 -0.07036 -2.24171e-04 | 74 -0.42887  1.48670e+02 | 75 -1.62374  1.08887e+01
 76  0.72672  1.12382e+00 | 77  0.84578 -2.41802e-02 | 78  1.17710 -4.21677e+00
 79  0.13453 -3.13498e+01 | 80 -0.02725 -4.77374e-01 | 81 -1.05099  3.89862e-02
 82 -0.10079 -5.77069e-01 | 83  0.00091  4.00447e-01 |
83 variables; iteration 1720; function evaluation 2059; phase 3
Function value 4.0211649e+01; maximum gradient component mag 4.3993e+02
Var    Value     Gradient |Var    Value     Gradient |Var    Value     Gradient
  1  0.00996  4.39926e+02 |  2 -0.00626  8.44923e-01 |  3 -0.00765  9.53290e-01
  4 -0.02356  1.11962e+00 |  5 -0.02515  1.26201e+00 |  6 -0.02599  1.69177e+00
  7 -0.02860  1.70682e+00 |  8 -0.02914  2.39971e+00 |  9 -0.03155  2.62497e+00
 10 -0.03353  3.04155e+00 | 11 -0.03560  3.51388e+00 | 12 -0.03809  3.95618e+00
 13 -0.04001  4.62782e+00 | 14 -0.04508  4.30834e+00 | 15 -0.04764  4.92237e+00
 16 -0.04756  6.43663e+00 | 17 -0.04842  7.66298e+00 | 18 -0.05366  7.18174e+00
 19 -0.06097  5.46300e+00 | 20 -0.06098  6.19277e+00 | 21 -0.06448  5.24406e+00
 22 -0.05372  9.27166e+00 | 23 -0.05679  8.27318e+00 | 24 -0.06683  4.80819e+00
 25 -0.05101  1.09053e+01 | 26 -0.06315  7.14519e+00 | 27 -0.06586  6.77983e+00
 28 -0.05496  1.01196e+01 | 29 -0.07715  2.18298e-02 | 30 -0.03983  5.96301e+00
 31  0.01817  1.56338e+01 | 32 -0.06935 -7.16838e-01 | 33 -0.12562  5.97356e+00
 34 -0.16705  2.76696e+00 | 35 -0.04444  3.50891e+00 | 36 -0.11212  4.71193e+00
 37  0.03396  8.19696e+00 | 38  0.03637  9.86259e+00 | 39 -0.12315  1.65344e+00
 40  0.00640  4.95107e+00 | 41  0.05499  7.69580e+00 | 42 -0.14524  1.67215e+00
 43  0.03197  3.60728e+00 | 44 -0.10583  1.78823e+00 | 45  0.00947  2.23390e+00
 46 -0.03811  1.36635e+00 | 47 -0.16748  3.11124e-01 | 48 -0.16661  1.59128e-01
 49 -0.14988  1.52874e-01 | 50  0.06576 -1.08028e-02 | 51 -0.15591  2.86894e-02
 52 -0.05717 -1.30374e-02 | 53 -0.14481  6.08384e-03 | 54 -0.07993 -7.22660e-02
 55 -0.05123  8.40190e-02 | 56 -0.13086  1.21024e-02 | 57 -0.04661  9.27917e-02
 58 -0.04683  7.20015e-02 | 59 -0.00362  1.14724e-01 | 60 -0.05915  7.01981e-02
 61 -0.10005  4.27863e-02 | 62 -0.01089  1.57721e-01 | 63 -0.09237  1.27316e-01
 64 -0.13495  1.20330e-01 | 65 -0.04867  2.16366e-01 | 66 -0.13397  8.57598e-02
 67 -0.08858  6.83607e-02 | 68 -0.09304  1.76797e-02 | 69 -0.00170 -3.45529e-02
 70 -0.06284  1.53325e-02 | 71 -0.10512  1.46240e-03 | 72 -0.07645 -6.73447e-05
 73 -0.07049  2.76133e-04 | 74 -0.42873  4.77612e+01 | 75 -1.62583  3.19460e+00
 76  0.73230 -2.84127e+00 | 77  0.85058  5.32840e-02 | 78  1.18735 -1.95264e+00
 79  0.13396 -1.12432e+01 | 80 -0.02719 -4.66396e-01 | 81 -1.14711  1.33471e-02
 82 -0.10069  1.37416e-01 | 83  0.00095 -1.69821e-01 |
83 variables; iteration 1740; function evaluation 2083; phase 3
Function value 4.0200998e+01; maximum gradient component mag -3.7992e+02
Var    Value     Gradient |Var    Value     Gradient |Var    Value     Gradient
  1  0.01001 -3.79920e+02 |  2 -0.00630 -4.82865e-01 |  3 -0.00750 -6.09041e-01
  4 -0.02365 -6.30382e-01 |  5 -0.02519 -8.23723e-01 |  6 -0.02611 -8.37846e-01
  7 -0.02850 -1.21595e+00 |  8 -0.02965 -1.25178e+00 |  9 -0.03175 -1.52926e+00
 10 -0.03374 -1.77504e+00 | 11 -0.03529 -1.89202e+00 | 12 -0.03741 -2.15225e+00
 13 -0.03952 -2.42256e+00 | 14 -0.04571 -3.81031e+00 | 15 -0.04753 -4.02987e+00
 16 -0.04562 -3.29825e+00 | 17 -0.04681 -3.40478e+00 | 18 -0.05066 -4.29041e+00
 19 -0.06448 -7.97585e+00 | 20 -0.06152 -7.22826e+00 | 21 -0.06063 -7.16499e+00
 22 -0.05433 -5.74997e+00 | 23 -0.06046 -7.62858e+00 | 24 -0.07044 -1.04235e+01
 25 -0.05653 -6.99984e+00 | 26 -0.06066 -7.48183e+00 | 27 -0.06652 -8.08651e+00
 28 -0.05200 -4.53805e+00 | 29 -0.07290 -1.12863e+01 | 30 -0.04106 -1.03706e+01
 31  0.01686 -9.80898e+00 | 32 -0.06777 -1.20520e+01 | 33 -0.12539 -4.35699e-01
 34 -0.16731 -1.86005e+00 | 35 -0.04477 -7.82799e+00 | 36 -0.11148 -1.19109e+00
 37  0.03358 -8.82052e+00 | 38  0.03653 -4.39109e+00 | 39 -0.12353 -1.75972e+00
 40  0.00640 -3.62828e+00 | 41  0.05481 -3.46135e+00 | 42 -0.14501 -1.71316e-01
 43  0.03200 -3.20429e+00 | 44 -0.10663 -2.27050e-01 | 45  0.00972 -1.58979e+00
 46 -0.03846 -7.83251e-01 | 47 -0.16720 -1.48802e-01 | 48 -0.16664 -1.87257e-01
 49 -0.14995 -7.44034e-02 | 50  0.06569 -8.49856e-01 | 51 -0.15600 -5.91377e-02
 52 -0.05725 -7.32276e-02 | 53 -0.14486  3.28719e-02 | 54 -0.08002  7.58719e-02
 55 -0.05133  2.40883e-01 | 56 -0.13092  1.38721e-01 | 57 -0.04673  3.46233e-01
 58 -0.04688  3.71400e-01 | 59 -0.00372  5.34107e-01 | 60 -0.05919  3.71667e-01
 61 -0.10012  2.66978e-01 | 62 -0.01099  5.93913e-01 | 63 -0.09241  3.35824e-01
 64 -0.13503  2.37640e-01 | 65 -0.04876  4.56241e-01 | 66 -0.13402  1.94332e-01
 67 -0.08865  2.00204e-01 | 68 -0.09307  1.10627e-01 | 69 -0.00179  9.62639e-02
 70 -0.06290  4.00233e-02 | 71 -0.10520  2.73629e-03 | 72 -0.07649 -1.03301e-03
 73 -0.07053 -1.99861e-04 | 74 -0.42866 -4.87629e+01 | 75 -1.62749 -4.29157e+00
 76  0.73244 -6.47199e+00 | 77  0.85215  1.22703e-01 | 78  1.18814  4.04072e-01
 79  0.13398  7.87278e+00 | 80 -0.02721 -4.68723e-01 | 81 -1.19785  9.77909e-03
 82 -0.10070  5.66000e-01 | 83  0.00094 -4.49874e-01 |
83 variables; iteration 1760; function evaluation 2106; phase 3
Function value 4.0189961e+01; maximum gradient component mag 1.4237e+03
Var    Value     Gradient |Var    Value     Gradient |Var    Value     Gradient
  1  0.01001  1.42369e+03 |  2 -0.00637  2.40499e+00 |  3 -0.00762  2.89311e+00
  4 -0.02368  3.17109e+00 |  5 -0.02513  3.77754e+00 |  6 -0.02596  4.72272e+00
  7 -0.02827  5.38045e+00 |  8 -0.02980  6.44496e+00 |  9 -0.03179  7.51305e+00
 10 -0.03359  8.79248e+00 | 11 -0.03507  1.03757e+01 | 12 -0.03741  1.18608e+01
 13 -0.03927  1.36630e+01 | 14 -0.04579  1.37007e+01 | 15 -0.04766  1.58570e+01
 16 -0.04552  1.98758e+01 | 17 -0.04564  2.30270e+01 | 18 -0.05055  2.36999e+01
 19 -0.06501  1.87598e+01 | 20 -0.06151  2.21233e+01 | 21 -0.06237  2.26847e+01
 22 -0.05291  2.78427e+01 | 23 -0.06243  2.36458e+01 | 24 -0.07255  1.95285e+01
 25 -0.05472  2.93325e+01 | 26 -0.05633  2.95757e+01 | 27 -0.06462  2.56802e+01
 28 -0.05846  2.76127e+01 | 29 -0.06974  1.86648e+01 | 30 -0.04192  2.52709e+01
 31  0.01638  4.45363e+01 | 32 -0.06670  1.47737e+01 | 33 -0.12591  1.50360e+01
 34 -0.16686  9.13683e+00 | 35 -0.04494  1.80220e+01 | 36 -0.11107  1.24138e+01
 37  0.03349  2.68935e+01 | 38  0.03661  2.54057e+01 | 39 -0.12367  5.22173e+00
 40  0.00650  1.30640e+01 | 41  0.05473  1.68935e+01 | 42 -0.14427  3.55897e+00
 43  0.03173  9.73692e+00 | 44 -0.10550  3.77554e+00 | 45  0.00940  6.25466e+00
 46 -0.03819  3.32551e+00 | 47 -0.16710  9.69250e-01 | 48 -0.16688  5.40603e-01
 49 -0.15018  6.51307e-01 | 50  0.06585  3.49198e+00 | 51 -0.15617  4.56648e-01
 52 -0.05711  3.97977e-01 | 53 -0.14491 -5.69611e-02 | 54 -0.07987 -2.58002e-01
 55 -0.05133 -6.19121e-01 | 56 -0.13076 -2.97120e-01 | 57 -0.04672 -5.89765e-01
 58 -0.04682 -4.35245e-01 | 59 -0.00367 -4.80584e-01 | 60 -0.05914 -1.57637e-01
 61 -0.10006 -6.17103e-02 | 62 -0.01092 -1.43126e-02 | 63 -0.09241 -5.78144e-03
 64 -0.13495  2.29594e-02 | 65 -0.04872 -5.14980e-03 | 66 -0.13399 -3.61280e-02
 67 -0.08862 -1.00485e-01 | 68 -0.09302 -2.31632e-01 | 69 -0.00172 -5.59864e-01
 70 -0.06281 -1.94292e-01 | 71 -0.10515 -3.53767e-02 | 72 -0.07640 -7.12012e-03
 73 -0.07046 -5.12587e-03 | 74 -0.42874  1.57324e+02 | 75 -1.62663  1.16684e+01
 76  0.73260  1.64969e+00 | 77  0.85365 -2.76513e-02 | 78  1.18765 -4.82417e+00
 79  0.13390 -3.37932e+01 | 80 -0.02743 -5.03408e-01 | 81 -1.22322  8.58846e-03
 82 -0.10081 -2.58843e-01 | 83  0.00088  8.46335e-02 |
83 variables; iteration 1780; function evaluation 2128; phase 3
Function value 4.0176764e+01; maximum gradient component mag -6.0821e+02
Var    Value     Gradient |Var    Value     Gradient |Var    Value     Gradient
  1  0.00999 -6.08211e+02 |  2 -0.00630 -8.32805e-01 |  3 -0.00748 -1.03124e+00
  4 -0.02367 -1.09811e+00 |  5 -0.02520 -1.38149e+00 |  6 -0.02641 -1.58384e+00
  7 -0.02853 -2.01756e+00 |  8 -0.02917 -2.07209e+00 |  9 -0.03154 -2.58050e+00
 10 -0.03383 -3.07906e+00 | 11 -0.03560 -3.46053e+00 | 12 -0.03780 -3.96381e+00
 13 -0.03966 -4.41365e+00 | 14 -0.04592 -6.01158e+00 | 15 -0.04766 -6.50509e+00
 16 -0.04760 -6.62634e+00 | 17 -0.04597 -6.37056e+00 | 18 -0.05291 -8.27038e+00
 19 -0.06254 -1.08240e+01 | 20 -0.05984 -1.04240e+01 | 21 -0.06554 -1.20561e+01
 22 -0.05276 -9.39599e+00 | 23 -0.06467 -1.25187e+01 | 24 -0.06621 -1.33440e+01
 25 -0.05035 -1.01354e+01 | 26 -0.06049 -1.18391e+01 | 27 -0.06051 -1.10352e+01
 28 -0.06164 -1.10046e+01 | 29 -0.07125 -1.47411e+01 | 30 -0.04303 -1.53247e+01
 31  0.01723 -1.68286e+01 | 32 -0.06771 -1.53979e+01 | 33 -0.12544 -2.40187e+00
 34 -0.16622 -2.89037e+00 | 35 -0.04526 -1.15478e+01 | 36 -0.11063 -3.05346e+00
 37  0.03340 -1.45284e+01 | 38  0.03668 -8.95395e+00 | 39 -0.12329 -2.59213e+00
 40  0.00630 -5.94793e+00 | 41  0.05491 -6.02501e+00 | 42 -0.14447 -5.49992e-01
 43  0.03169 -5.14270e+00 | 44 -0.10493 -6.49764e-01 | 45  0.00907 -3.11608e+00
 46 -0.03772 -1.52236e+00 | 47 -0.16767 -4.87952e-01 | 48 -0.16676 -4.48552e-01
 49 -0.14994 -2.80697e-01 | 50  0.06580 -1.96775e+00 | 51 -0.15599 -1.98351e-01
 52 -0.05715 -1.90546e-01 | 53 -0.14479  3.22687e-02 | 54 -0.07994  1.77316e-01
 55 -0.05126  3.85219e-01 | 56 -0.13083  2.60352e-01 | 57 -0.04668  6.20979e-01
 58 -0.04682  6.88593e-01 | 59 -0.00365  1.00332e+00 | 60 -0.05912  6.78326e-01
 61 -0.10006  5.15867e-01 | 62 -0.01092  1.17133e+00 | 63 -0.09238  6.12701e-01
 64 -0.13491  4.92909e-01 | 65 -0.04872  8.88261e-01 | 66 -0.13392  4.21232e-01
 67 -0.08862  4.41987e-01 | 68 -0.09299  2.96681e-01 | 69 -0.00173  3.52062e-01
 70 -0.06279  1.08178e-01 | 71 -0.10514  1.05909e-02 | 72 -0.07642 -1.29982e-03
 73 -0.07048 -1.82895e-03 | 74 -0.42872 -7.67797e+01 | 75 -1.62689 -6.43658e+00
 76  0.73515 -7.41312e+00 | 77  0.85783  1.36974e-01 | 78  1.18863  1.04519e+00
 79  0.13393  1.28040e+01 | 80 -0.02819 -6.48912e-01 | 81 -1.27306  6.86885e-03
 82 -0.10079  1.03641e+00 | 83  0.00088 -8.21395e-01 |
83 variables; iteration 1800; function evaluation 2154; phase 3
Function value 4.0171075e+01; maximum gradient component mag 1.0482e+03
Var    Value     Gradient |Var    Value     Gradient |Var    Value     Gradient
  1  0.01001  1.04822e+03 |  2 -0.00631  1.80307e+00 |  3 -0.00739  2.20783e+00
  4 -0.02355  2.39890e+00 |  5 -0.02510  2.81274e+00 |  6 -0.02626  3.46156e+00
  7 -0.02832  3.97615e+00 |  8 -0.02911  5.01661e+00 |  9 -0.03155  5.66475e+00
 10 -0.03388  6.45525e+00 | 11 -0.03564  7.58209e+00 | 12 -0.03750  8.84604e+00
 13 -0.03929  1.02451e+01 | 14 -0.04606  9.86298e+00 | 15 -0.04777  1.15745e+01
 16 -0.04727  1.42214e+01 | 17 -0.04532  1.76066e+01 | 18 -0.05215  1.70340e+01
 19 -0.06253  1.41209e+01 | 20 -0.05886  1.70760e+01 | 21 -0.06121  1.67637e+01
 22 -0.05288  2.07684e+01 | 23 -0.06864  1.40898e+01 | 24 -0.06558  1.61545e+01
 25 -0.05510  2.15201e+01 | 26 -0.06237  1.90990e+01 | 27 -0.05978  2.07709e+01
 28 -0.06148  1.90750e+01 | 29 -0.06831  1.29076e+01 | 30 -0.04250  1.74409e+01
 31  0.01776  3.35586e+01 | 32 -0.06927  8.17987e+00 | 33 -0.12526  1.18466e+01
 34 -0.16593  7.12144e+00 | 35 -0.04561  1.20093e+01 | 36 -0.11087  9.65417e+00
 37  0.03374  1.99633e+01 | 38  0.03624  1.99736e+01 | 39 -0.12298  4.39291e+00
 40  0.00636  1.03060e+01 | 41  0.05476  1.35183e+01 | 42 -0.14385  2.90482e+00
 43  0.03145  6.48144e+00 | 44 -0.10471  2.74343e+00 | 45  0.00910  3.71704e+00
 46 -0.03794  2.15030e+00 | 47 -0.16790  4.32333e-01 | 48 -0.16694  2.31058e-01
 49 -0.14999  3.19194e-01 | 50  0.06579  1.13895e+00 | 51 -0.15598  1.70335e-01
 52 -0.05713  1.33134e-01 | 53 -0.14462 -1.00484e-02 | 54 -0.07996 -1.23502e-01
 55 -0.05121 -1.74969e-01 | 56 -0.13078 -6.35313e-02 | 57 -0.04668 -7.71874e-02
 58 -0.04679  6.42230e-02 | 59 -0.00364  2.38453e-01 | 60 -0.05906  2.91706e-01
 61 -0.10005  2.26352e-01 | 62 -0.01087  6.54791e-01 | 63 -0.09239  3.10100e-01
 64 -0.13486  2.93674e-01 | 65 -0.04871  4.64183e-01 | 66 -0.13390  2.04119e-01
 67 -0.08862  1.71841e-01 | 68 -0.09294  3.32501e-02 | 69 -0.00169 -1.45478e-01
 70 -0.06269 -5.32096e-02 | 71 -0.10509 -1.14552e-02 | 72 -0.07632 -4.40119e-03
 73 -0.07039 -4.37555e-03 | 74 -0.42873  1.12192e+02 | 75 -1.62730  8.18325e+00
 76  0.73567 -8.06918e-02 | 77  0.85896  3.67211e-03 | 78  1.18788 -3.72218e+00
 79  0.13407 -2.51305e+01 | 80 -0.02775 -5.59916e-01 | 81 -1.26281  7.17217e-03
 82 -0.10093  3.66201e-01 | 83  0.00081 -3.77349e-01 |
83 variables; iteration 1820; function evaluation 2178; phase 3
Function value 4.0166395e+01; maximum gradient component mag -1.0234e+03
Var    Value     Gradient |Var    Value     Gradient |Var    Value     Gradient
  1  0.01001 -1.02338e+03 |  2 -0.00626 -1.47951e+00 |  3 -0.00741 -1.81283e+00
  4 -0.02355 -1.92640e+00 |  5 -0.02508 -2.38502e+00 |  6 -0.02634 -2.80526e+00
  7 -0.02832 -3.43163e+00 |  8 -0.02909 -3.79918e+00 |  9 -0.03146 -4.59530e+00
 10 -0.03389 -5.45060e+00 | 11 -0.03551 -6.16341e+00 | 12 -0.03736 -6.99082e+00
 13 -0.03930 -7.90705e+00 | 14 -0.04590 -9.92337e+00 | 15 -0.04746 -1.09158e+01
 16 -0.04653 -1.14894e+01 | 17 -0.04583 -1.21589e+01 | 18 -0.05206 -1.42351e+01
 19 -0.06301 -1.70438e+01 | 20 -0.05974 -1.70617e+01 | 21 -0.06049 -1.77682e+01
 22 -0.05566 -1.73271e+01 | 23 -0.06675 -1.98352e+01 | 24 -0.06559 -2.03735e+01
 25 -0.05517 -1.90762e+01 | 26 -0.06306 -1.99446e+01 | 27 -0.06077 -1.87071e+01
 28 -0.05461 -1.73089e+01 | 29 -0.07074 -2.10864e+01 | 30 -0.04480 -2.32593e+01
 31  0.01753 -2.93923e+01 | 32 -0.06817 -2.13422e+01 | 33 -0.12565 -5.86264e+00
 34 -0.16618 -5.29469e+00 | 35 -0.04535 -1.73832e+01 | 36 -0.11141 -6.38850e+00
 37  0.03390 -2.34645e+01 | 38  0.03613 -1.67961e+01 | 39 -0.12272 -4.25395e+00
 40  0.00632 -1.07691e+01 | 41  0.05476 -1.25514e+01 | 42 -0.14387 -1.62745e+00
 43  0.03150 -9.10208e+00 | 44 -0.10486 -1.76195e+00 | 45  0.00913 -5.32727e+00
 46 -0.03792 -2.66628e+00 | 47 -0.16797 -8.30577e-01 | 48 -0.16688 -6.47503e-01
 49 -0.15003 -4.35824e-01 | 50  0.06580 -2.37730e+00 | 51 -0.15599 -2.60304e-01
 52 -0.05712 -2.32471e-01 | 53 -0.14463  4.02178e-02 | 54 -0.07995  2.47985e-01
 55 -0.05121  4.54213e-01 | 56 -0.13078  3.30202e-01 | 57 -0.04668  7.46305e-01
 58 -0.04678  8.75443e-01 | 59 -0.00363  1.29700e+00 | 60 -0.05907  9.17006e-01
 61 -0.10003  6.90134e-01 | 62 -0.01088  1.52547e+00 | 63 -0.09237  7.50411e-01
 64 -0.13486  5.98599e-01 | 65 -0.04870  1.06171e+00 | 66 -0.13389  4.95594e-01
 67 -0.08862  5.48812e-01 | 68 -0.09293  3.73311e-01 | 69 -0.00169  4.40990e-01
 70 -0.06269  1.20294e-01 | 71 -0.10509  1.18230e-02 | 72 -0.07632 -1.57173e-03
 73 -0.07039 -2.54487e-03 | 74 -0.42865 -1.25816e+02 | 75 -1.62850 -1.03025e+01
 76  0.73771 -9.11962e+00 | 77  0.85927  1.67539e-01 | 78  1.19126  2.30329e+00
 79  0.13391  2.28349e+01 | 80 -0.02784 -5.80776e-01 | 81 -1.29521  6.28041e-03
 82 -0.10093  1.31487e+00 | 83  0.00080 -1.01341e+00 |
83 variables; iteration 1840; function evaluation 2205; phase 3
Function value 4.0159518e+01; maximum gradient component mag 1.7494e+03
Var    Value     Gradient |Var    Value     Gradient |Var    Value     Gradient
  1  0.01000  1.74937e+03 |  2 -0.00630  2.95894e+00 |  3 -0.00745  3.59495e+00
  4 -0.02350  3.92608e+00 |  5 -0.02505  4.64481e+00 |  6 -0.02647  5.57914e+00
  7 -0.02822  6.59669e+00 |  8 -0.02887  8.17891e+00 |  9 -0.03147  9.28521e+00
 10 -0.03395  1.05890e+01 | 11 -0.03564  1.23930e+01 | 12 -0.03748  1.43948e+01
 13 -0.03939  1.65362e+01 | 14 -0.04585  1.68662e+01 | 15 -0.04742  1.95924e+01
 16 -0.04660  2.35496e+01 | 17 -0.04584  2.76551e+01 | 18 -0.05180  2.80905e+01
 19 -0.06345  2.44236e+01 | 20 -0.06060  2.79091e+01 | 21 -0.06211  2.82683e+01
 22 -0.05523  3.24576e+01 | 23 -0.06551  2.76442e+01 | 24 -0.06941  2.66961e+01
 25 -0.05274  3.69197e+01 | 26 -0.05668  3.57561e+01 | 27 -0.06054  3.38450e+01
 28 -0.05882  3.33585e+01 | 29 -0.06979  2.38250e+01 | 30 -0.04648  2.94710e+01
 31  0.01720  5.45045e+01 | 32 -0.06693  1.93862e+01 | 33 -0.12602  1.76657e+01
 34 -0.16619  1.11896e+01 | 35 -0.04540  2.19469e+01 | 36 -0.11096  1.46632e+01
 37  0.03370  3.37912e+01 | 38  0.03633  3.18233e+01 | 39 -0.12270  7.42430e+00
 40  0.00628  1.63046e+01 | 41  0.05481  2.03394e+01 | 42 -0.14395  4.19042e+00
 43  0.03156  1.13835e+01 | 44 -0.10476  4.16298e+00 | 45  0.00902  6.66543e+00
 46 -0.03771  3.82740e+00 | 47 -0.16812  7.83767e-01 | 48 -0.16675  5.47606e-01
 49 -0.15012  4.91634e-01 | 50  0.06584  2.03853e+00 | 51 -0.15599  3.03285e-01
 52 -0.05710  2.78370e-01 | 53 -0.14463  1.20696e-02 | 54 -0.07992 -7.79910e-02
 55 -0.05120 -1.58437e-01 | 56 -0.13075 -6.10108e-02 | 57 -0.04667 -1.21900e-01
 58 -0.04676 -2.13283e-02 | 59 -0.00362 -6.73444e-02 | 60 -0.05905  4.13804e-02
 61 -0.10001 -1.59364e-03 | 62 -0.01087  4.73414e-02 | 63 -0.09235  2.76185e-02
 64 -0.13484  8.81597e-02 | 65 -0.04870  6.21106e-02 | 66 -0.13386  5.96558e-02
 67 -0.08861 -3.17502e-02 | 68 -0.09292 -1.37713e-01 | 69 -0.00167 -3.57905e-01
 70 -0.06267 -1.17405e-01 | 71 -0.10507 -1.52517e-02 | 72 -0.07630 -2.94286e-03
 73 -0.07038 -3.11968e-03 | 74 -0.42869  1.90611e+02 | 75 -1.62791  1.42945e+01
 76  0.73950  2.95416e+00 | 77  0.86127 -4.94558e-02 | 78  1.19262 -5.86354e+00
 79  0.13394 -4.06722e+01 | 80 -0.02767 -5.45858e-01 | 81 -1.31048  5.91702e-03
 82 -0.10095  6.51067e-02 | 83  0.00079 -2.00832e-01 |
83 variables; iteration 1860; function evaluation 2232; phase 3
Function value 4.0151715e+01; maximum gradient component mag 1.9869e+03
Var    Value     Gradient |Var    Value     Gradient |Var    Value     Gradient
  1  0.00998  1.98686e+03 |  2 -0.00625  3.35473e+00 |  3 -0.00733  4.09322e+00
  4 -0.02328  4.48883e+00 |  5 -0.02503  5.25291e+00 |  6 -0.02639  6.32330e+00
  7 -0.02820  7.45845e+00 |  8 -0.02832  9.38444e+00 |  9 -0.03120  1.05648e+01
 10 -0.03394  1.19645e+01 | 11 -0.03583  1.39046e+01 | 12 -0.03756  1.61901e+01
 13 -0.03934  1.86523e+01 | 14 -0.04573  1.92122e+01 | 15 -0.04729  2.22649e+01
 16 -0.04724  2.62246e+01 | 17 -0.04552  3.12430e+01 | 18 -0.05223  3.14777e+01
 19 -0.06213  2.87245e+01 | 20 -0.05823  3.31694e+01 | 21 -0.06108  3.28649e+01
 22 -0.05534  3.66753e+01 | 23 -0.06916  2.96419e+01 | 24 -0.06403  3.39937e+01
 25 -0.05515  4.02747e+01 | 26 -0.06166  3.74991e+01 | 27 -0.05797  3.99937e+01
 28 -0.05958  3.73610e+01 | 29 -0.06903  2.80475e+01 | 30 -0.04661  3.40022e+01
 31  0.01862  6.27471e+01 | 32 -0.06930  2.16191e+01 | 33 -0.12596  1.93350e+01
 34 -0.16586  1.25002e+01 | 35 -0.04563  2.49525e+01 | 36 -0.11137  1.63317e+01
 37  0.03418  3.86692e+01 | 38  0.03583  3.54840e+01 | 39 -0.12224  8.49171e+00
 40  0.00632  1.90128e+01 | 41  0.05480  2.38127e+01 | 42 -0.14364  4.75094e+00
 43  0.03131  1.31380e+01 | 44 -0.10410  4.73365e+00 | 45  0.00889  7.41836e+00
 46 -0.03776  4.29426e+00 | 47 -0.16850  8.39533e-01 | 48 -0.16692  6.31427e-01
 49 -0.15014  5.55905e-01 | 50  0.06584  2.52363e+00 | 51 -0.15594  3.45314e-01
 52 -0.05704  3.35473e-01 | 53 -0.14449  7.17175e-03 | 54 -0.07987 -1.44493e-01
 55 -0.05111 -2.92198e-01 | 56 -0.13068 -1.44125e-01 | 57 -0.04660 -3.07221e-01
 58 -0.04672 -2.17746e-01 | 59 -0.00354 -2.76637e-01 | 60 -0.05902 -1.11345e-01
 61 -0.09995 -9.38845e-02 | 62 -0.01079 -1.03720e-01 | 63 -0.09234 -6.92341e-02
 64 -0.13477  5.02465e-02 | 65 -0.04865 -2.68746e-02 | 66 -0.13382  1.90727e-02
 67 -0.08858 -6.76134e-02 | 68 -0.09288 -1.60284e-01 | 69 -0.00159 -4.06346e-01
 70 -0.06258 -1.32363e-01 | 71 -0.10499 -1.71941e-02 | 72 -0.07621 -3.35326e-03
 73 -0.07030 -4.39942e-03 | 74 -0.42870  2.17576e+02 | 75 -1.62782  1.63789e+01
 76  0.74222  3.93072e+00 | 77  0.86411 -6.70215e-02 | 78  1.19279 -6.54937e+00
 79  0.13405 -4.59695e+01 | 80 -0.02740 -4.99427e-01 | 81 -1.31001  5.93028e-03
 82 -0.10103 -1.45286e-01 | 83  0.00075 -5.49237e-02 |
83 variables; iteration 1880; function evaluation 2258; phase 3
Function value 4.0137352e+01; maximum gradient component mag -3.8183e+02
Var    Value     Gradient |Var    Value     Gradient |Var    Value     Gradient
  1  0.00998 -3.81832e+02 |  2 -0.00612 -3.50909e-01 |  3 -0.00729 -4.51075e-01
  4 -0.02322 -4.08861e-01 |  5 -0.02489 -6.12500e-01 |  6 -0.02639 -7.51846e-01
  7 -0.02815 -9.35706e-01 |  8 -0.02809 -6.15720e-01 |  9 -0.03111 -1.09712e+00
 10 -0.03382 -1.49289e+00 | 11 -0.03580 -1.68201e+00 | 12 -0.03747 -1.76848e+00
 13 -0.03934 -1.91889e+00 | 14 -0.04559 -3.28296e+00 | 15 -0.04716 -3.36717e+00
 16 -0.04663 -2.93235e+00 | 17 -0.04595 -2.45082e+00 | 18 -0.05214 -3.94158e+00
 19 -0.06251 -6.71073e+00 | 20 -0.06014 -6.05782e+00 | 21 -0.06136 -6.52153e+00
 22 -0.05809 -5.84783e+00 | 23 -0.06573 -8.11205e+00 | 24 -0.06715 -8.76222e+00
 25 -0.05454 -5.65306e+00 | 26 -0.05624 -5.69908e+00 | 27 -0.05827 -5.54245e+00
 28 -0.05599 -5.02822e+00 | 29 -0.07089 -1.06319e+01 | 30 -0.05135 -1.17306e+01
 31  0.01824 -1.01577e+01 | 32 -0.06669 -1.22673e+01 | 33 -0.12753 -1.67904e+00
 34 -0.16625 -2.21014e+00 | 35 -0.04538 -9.16985e+00 | 36 -0.11134 -1.98362e+00
 37  0.03408 -1.17968e+01 | 38  0.03595 -6.67068e+00 | 39 -0.12226 -1.59734e+00
 40  0.00630 -4.85934e+00 | 41  0.05482 -5.67857e+00 | 42 -0.14356 -3.59967e-01
 43  0.03130 -4.56824e+00 | 44 -0.10409 -4.21214e-01 | 45  0.00885 -2.99639e+00
 46 -0.03778 -1.29955e+00 | 47 -0.16843 -5.55760e-01 | 48 -0.16686 -3.51861e-01
 49 -0.15025 -3.06958e-01 | 50  0.06582 -1.33261e+00 | 51 -0.15605 -1.56545e-01
 52 -0.05705 -9.16251e-02 | 53 -0.14464  5.18643e-02 | 54 -0.07986  2.09828e-01
 55 -0.05117  3.16235e-01 | 56 -0.13072  2.10257e-01 | 57 -0.04660  4.34947e-01
 58 -0.04676  4.72903e-01 | 59 -0.00356  6.91615e-01 | 60 -0.05909  4.36932e-01
 61 -0.09997  3.24128e-01 | 62 -0.01081  6.77386e-01 | 63 -0.09238  2.90585e-01
 64 -0.13482  2.74323e-01 | 65 -0.04866  4.30972e-01 | 66 -0.13388  2.21971e-01
 67 -0.08858  2.48771e-01 | 68 -0.09293  1.86899e-01 | 69 -0.00161  2.36354e-01
 70 -0.06268  6.32258e-02 | 71 -0.10501  9.26648e-03 | 72 -0.07627  2.84626e-04
 73 -0.07035 -1.76123e-03 | 74 -0.42863 -5.38115e+01 | 75 -1.62811 -4.68858e+00
 76  0.74703 -6.13587e+00 | 77  0.86624  1.10617e-01 | 78  1.19883  4.99855e-01
 79  0.13394  9.24040e+00 | 80 -0.02713 -4.78572e-01 | 81 -1.37031  3.43969e-03
 82 -0.10091  6.42191e-01 | 83  0.00082 -5.21319e-01 |
83 variables; iteration 1900; function evaluation 2285; phase 3
Function value 4.0126764e+01; maximum gradient component mag 1.2292e+03
Var    Value     Gradient |Var    Value     Gradient |Var    Value     Gradient
  1  0.00995  1.22922e+03 |  2 -0.00608  2.24537e+00 |  3 -0.00727  2.70128e+00
  4 -0.02314  3.00925e+00 |  5 -0.02487  3.47569e+00 |  6 -0.02625  4.17780e+00
  7 -0.02822  4.85203e+00 |  8 -0.02768  6.47411e+00 |  9 -0.03087  7.05544e+00
 10 -0.03361  7.90150e+00 | 11 -0.03593  9.04135e+00 | 12 -0.03776  1.05457e+01
 13 -0.03950  1.22166e+01 | 14 -0.04534  1.23852e+01 | 15 -0.04710  1.43872e+01
 16 -0.04741  1.70507e+01 | 17 -0.04589  2.06475e+01 | 18 -0.05269  2.02507e+01
 19 -0.06118  1.81864e+01 | 20 -0.05799  2.12423e+01 | 21 -0.06099  2.06640e+01
 22 -0.05826  2.22154e+01 | 23 -0.06812  1.81021e+01 | 24 -0.06344  2.12152e+01
 25 -0.05685  2.50327e+01 | 26 -0.05807  2.53250e+01 | 27 -0.05552  2.69278e+01
 28 -0.05839  2.43099e+01 | 29 -0.06982  1.56257e+01 | 30 -0.05236  1.75125e+01
 31  0.01938  3.95538e+01 | 32 -0.06808  1.04443e+01 | 33 -0.12792  1.11141e+01
 34 -0.16604  7.08041e+00 | 35 -0.04545  1.33896e+01 | 36 -0.11135  1.03009e+01
 37  0.03424  2.18262e+01 | 38  0.03578  2.15774e+01 | 39 -0.12220  5.10137e+00
 40  0.00635  1.14842e+01 | 41  0.05482  1.48681e+01 | 42 -0.14339  3.27248e+00
 43  0.03114  8.15732e+00 | 44 -0.10359  3.40751e+00 | 45  0.00879  4.51074e+00
 46 -0.03796  2.83225e+00 | 47 -0.16830  6.40409e-01 | 48 -0.16696  5.08396e-01
 49 -0.15024  3.96817e-01 | 50  0.06577  2.04382e+00 | 51 -0.15599  2.58600e-01
 52 -0.05706  2.45202e-01 | 53 -0.14465 -8.99371e-03 | 54 -0.07983 -1.51238e-01
 55 -0.05115 -3.04141e-01 | 56 -0.13073 -2.03507e-01 | 57 -0.04655 -4.27948e-01
 58 -0.04676 -4.63041e-01 | 59 -0.00352 -6.23826e-01 | 60 -0.05912 -4.46761e-01
 61 -0.09993 -3.23710e-01 | 62 -0.01080 -6.93260e-01 | 63 -0.09235 -3.63320e-01
 64 -0.13486 -2.33865e-01 | 65 -0.04861 -4.89209e-01 | 66 -0.13391 -2.20497e-01
 67 -0.08854 -2.74518e-01 | 68 -0.09295 -2.27272e-01 | 69 -0.00158 -3.59411e-01
 70 -0.06271 -1.07858e-01 | 71 -0.10499 -1.14625e-02 | 72 -0.07628 -1.88262e-04
 73 -0.07036 -9.11219e-04 | 74 -0.42864  1.31976e+02 | 75 -1.62744  9.77728e+00
 76  0.74993  6.49638e-01 | 77  0.86861 -1.01128e-02 | 78  1.20033 -4.46235e+00
 79  0.13380 -2.81045e+01 | 80 -0.02660 -4.13551e-01 | 81 -1.38200  2.65455e-03
 82 -0.10083 -6.25504e-01 | 83  0.00088  3.90854e-01 |
83 variables; iteration 1920; function evaluation 2306; phase 3
Function value 4.0120377e+01; maximum gradient component mag 5.2107e+03
Var    Value     Gradient |Var    Value     Gradient |Var    Value     Gradient
  1  0.00992  5.21073e+03 |  2 -0.00616  8.54537e+00 |  3 -0.00734  1.03734e+01
  4 -0.02328  1.12663e+01 |  5 -0.02496  1.34169e+01 |  6 -0.02620  1.61537e+01
  7 -0.02836  1.89783e+01 |  8 -0.02793  2.34264e+01 |  9 -0.03099  2.67721e+01
 10 -0.03361  3.07179e+01 | 11 -0.03601  3.52804e+01 | 12 -0.03796  4.07005e+01
 13 -0.03973  4.66986e+01 | 14 -0.04530  5.05075e+01 | 15 -0.04715  5.76563e+01
 16 -0.04757  6.62389e+01 | 17 -0.04613  7.67694e+01 | 18 -0.05295  7.94177e+01
 19 -0.06109  7.81447e+01 | 20 -0.05826  8.61535e+01 | 21 -0.06137  8.63631e+01
 22 -0.05861  9.04315e+01 | 23 -0.06702  8.46665e+01 | 24 -0.06449  9.09046e+01
 25 -0.05717  1.00971e+02 | 26 -0.05572  1.04822e+02 | 27 -0.05487  1.05367e+02
 28 -0.05833  9.76103e+01 | 29 -0.07025  7.92019e+01 | 30 -0.05389  8.84038e+01
 31  0.01949  1.62785e+02 | 32 -0.06749  6.90514e+01 | 33 -0.12806  4.46359e+01
 34 -0.16589  3.12137e+01 | 35 -0.04507  7.09958e+01 | 36 -0.11156  4.09481e+01
 37  0.03422  1.06818e+02 | 38  0.03592  9.22780e+01 | 39 -0.12215  2.21703e+01
 40  0.00636  5.21275e+01 | 41  0.05487  6.56160e+01 | 42 -0.14340  1.22756e+01
 43  0.03127  3.91342e+01 | 44 -0.10366  1.25016e+01 | 45  0.00890  2.29598e+01
 46 -0.03794  1.27499e+01 | 47 -0.16775  3.39166e+00 | 48 -0.16690  2.41755e+00
 49 -0.15002  2.06248e+00 | 50  0.06580  9.51987e+00 | 51 -0.15593  1.20977e+00
 52 -0.05703  9.92304e-01 | 53 -0.14472 -1.54544e-01 | 54 -0.07977 -9.49583e-01
 55 -0.05114 -1.64036e+00 | 56 -0.13072 -1.01924e+00 | 57 -0.04651 -2.10579e+00
 58 -0.04672 -2.13398e+00 | 59 -0.00350 -2.99580e+00 | 60 -0.05908 -1.91200e+00
 61 -0.09990 -1.42123e+00 | 62 -0.01078 -2.89397e+00 | 63 -0.09227 -1.37293e+00
 64 -0.13488 -9.92184e-01 | 65 -0.04855 -1.88401e+00 | 66 -0.13390 -8.77725e-01
 67 -0.08847 -1.13048e+00 | 68 -0.09293 -9.93691e-01 | 69 -0.00155 -1.57725e+00
 70 -0.06273 -4.73106e-01 | 71 -0.10501 -5.83896e-02 | 72 -0.07634 -4.41316e-03
 73 -0.07040 -2.61025e-03 | 74 -0.42861  5.90215e+02 | 75 -1.62767  4.55355e+01
 76  0.75260  1.70174e+01 | 77  0.87128 -2.92248e-01 | 78  1.20033 -1.67483e+01
 79  0.13335 -1.20519e+02 | 80 -0.02632 -4.94164e-01 | 81 -1.40364 -5.94526e-03
 82 -0.10072 -2.75963e+00 | 83  0.00095  1.81780e+00 |
83 variables; iteration 1940; function evaluation 2329; phase 3
Function value 4.0097155e+01; maximum gradient component mag 3.1511e+02
Var    Value     Gradient |Var    Value     Gradient |Var    Value     Gradient
  1  0.00981  3.15110e+02 |  2 -0.00622  7.33354e-01 |  3 -0.00733  8.88808e-01
  4 -0.02316  1.06638e+00 |  5 -0.02494  1.12609e+00 |  6 -0.02604  1.44333e+00
  7 -0.02840  1.48509e+00 |  8 -0.02771  2.47424e+00 |  9 -0.03083  2.44223e+00
 10 -0.03341  2.62148e+00 | 11 -0.03632  2.76962e+00 | 12 -0.03874  3.14955e+00
 13 -0.04045  3.79853e+00 | 14 -0.04467  3.67935e+00 | 15 -0.04742  4.13492e+00
 16 -0.05004  4.59951e+00 | 17 -0.04677  7.14482e+00 | 18 -0.05466  5.63814e+00
 19 -0.05740  5.53129e+00 | 20 -0.05485  7.13217e+00 | 21 -0.06231  4.72072e+00
 22 -0.05680  6.71565e+00 | 23 -0.06099  5.35134e+00 | 24 -0.06379  4.52877e+00
 25 -0.06668  3.67177e+00 | 26 -0.05250  9.27949e+00 | 27 -0.05308  9.51553e+00
 28 -0.05940  6.72860e+00 | 29 -0.06938  7.39850e-01 | 30 -0.05793 -5.80367e-01
 31  0.02019  1.20288e+01 | 32 -0.06651 -2.23957e+00 | 33 -0.12950  2.83891e+00
 34 -0.16561  1.77950e+00 | 35 -0.04448  8.91721e-01 | 36 -0.11246  3.08625e+00
 37  0.03468  3.07539e+00 | 38  0.03586  5.17541e+00 | 39 -0.12167  1.04268e+00
 40  0.00637  2.18615e+00 | 41  0.05526  4.36074e+00 | 42 -0.14441  1.19445e+00
 43  0.03159  1.82920e+00 | 44 -0.10363  1.57328e+00 | 45  0.00896  1.02772e+00
 46 -0.03769  1.10912e+00 | 47 -0.16790  2.96756e-01 | 48 -0.16690  2.29738e-01
 49 -0.14988  2.22840e-01 | 50  0.06600  7.36135e-01 | 51 -0.15582  1.38177e-01
 52 -0.05678  9.21577e-02 | 53 -0.14470 -1.26441e-02 | 54 -0.07946 -8.18063e-02
 55 -0.05098 -1.51859e-01 | 56 -0.13047 -9.56577e-02 | 57 -0.04627 -1.87562e-01
 58 -0.04657 -2.16003e-01 | 59 -0.00328 -2.76948e-01 | 60 -0.05899 -2.10584e-01
 61 -0.09974 -1.19524e-01 | 62 -0.01053 -2.28491e-01 | 63 -0.09221 -7.74659e-02
 64 -0.13470 -2.99346e-02 | 65 -0.04836 -6.74393e-02 | 66 -0.13380 -4.80156e-02
 67 -0.08830 -3.98336e-02 | 68 -0.09289 -6.70673e-02 | 69 -0.00130 -1.01686e-01
 70 -0.06259 -2.92052e-02 | 71 -0.10480 -4.85651e-03 | 72 -0.07620 -5.79978e-04
 73 -0.07027 -2.40947e-04 | 74 -0.42853  3.24529e+01 | 75 -1.62729  2.05027e+00
 76  0.76107 -3.00648e+00 | 77  0.88005  5.27988e-02 | 78  1.20028 -1.78224e+00
 79  0.13337 -8.57621e+00 | 80 -0.02453 -5.15759e-01 | 81 -1.43651 -2.19979e-02
 82 -0.10075 -2.11344e-01 | 83  0.00094  1.44341e-01 |
83 variables; iteration 1960; function evaluation 2350; phase 3
Function value 4.0094072e+01; maximum gradient component mag 1.2423e+02
Var    Value     Gradient |Var    Value     Gradient |Var    Value     Gradient
  1  0.00982  1.24233e+02 |  2 -0.00607  4.80847e-01 |  3 -0.00725  5.57090e-01
  4 -0.02339  6.22085e-01 |  5 -0.02489  6.81382e-01 |  6 -0.02591  9.27510e-01
  7 -0.02866  7.63332e-01 |  8 -0.02776  1.68113e+00 |  9 -0.03081  1.54302e+00
 10 -0.03304  1.68229e+00 | 11 -0.03596  1.67839e+00 | 12 -0.03887  1.73533e+00
 13 -0.04061  2.17776e+00 | 14 -0.04449  1.98660e+00 | 15 -0.04682  2.35428e+00
 16 -0.04950  2.56966e+00 | 17 -0.04710  4.47717e+00 | 18 -0.05456  3.00048e+00
 19 -0.05805  2.49361e+00 | 20 -0.05550  3.85645e+00 | 21 -0.06144  2.02049e+00
 22 -0.05773  3.22234e+00 | 23 -0.05918  2.78406e+00 | 24 -0.06498  9.17440e-01
 25 -0.06794  5.24557e-02 | 26 -0.05205  5.76291e+00 | 27 -0.05559  5.08188e+00
 28 -0.05527  4.70374e+00 | 29 -0.06981 -2.30154e+00 | 30 -0.05859 -3.93384e+00
 31  0.01973  5.97256e+00 | 32 -0.06553 -4.82823e+00 | 33 -0.12993  1.12449e+00
 34 -0.16600  4.20735e-01 | 35 -0.04427 -2.12713e+00 | 36 -0.11269  1.14521e+00
 37  0.03463 -2.38516e+00 | 38  0.03592  9.33573e-01 | 39 -0.12177 -6.73595e-03
 40  0.00633 -7.80144e-02 | 41  0.05526  1.95572e+00 | 42 -0.14459  8.38743e-01
 43  0.03167  8.69629e-01 | 44 -0.10407  1.25398e+00 | 45  0.00908  5.96247e-01
 46 -0.03784  8.88798e-01 | 47 -0.16777  2.67181e-01 | 48 -0.16689  1.71273e-01
 49 -0.14987  1.32359e-01 | 50  0.06594  1.21873e-01 | 51 -0.15588  3.48545e-02
 52 -0.05683 -3.07235e-02 | 53 -0.14480 -4.80642e-02 | 54 -0.07949 -1.03948e-01
 55 -0.05103 -1.25517e-01 | 56 -0.13051 -6.22203e-02 | 57 -0.04631 -1.15752e-01
 58 -0.04661 -1.61796e-01 | 59 -0.00332 -2.30954e-01 | 60 -0.05905 -2.16655e-01
 61 -0.09978 -1.22079e-01 | 62 -0.01058 -2.29173e-01 | 63 -0.09221 -4.07989e-02
 64 -0.13479 -4.86461e-02 | 65 -0.04837 -5.13390e-02 | 66 -0.13389 -8.20074e-02
 67 -0.08831 -5.93595e-03 | 68 -0.09294  1.53555e-02 | 69 -0.00134  1.20017e-01
 70 -0.06268  3.86672e-02 | 71 -0.10484  5.37172e-03 | 72 -0.07626  1.38303e-03
 73 -0.07032  1.19139e-03 | 74 -0.42849  1.11247e+01 | 75 -1.62758  3.83081e-01
 76  0.76148 -3.74101e+00 | 77  0.87946  6.55799e-02 | 78  1.20206 -1.20351e+00
 79  0.13330 -3.99676e+00 | 80 -0.02427 -5.01351e-01 | 81 -1.43982 -2.26019e-02
 82 -0.10067 -2.08943e-01 | 83  0.00098  1.45451e-01 |
83 variables; iteration 1980; function evaluation 2372; phase 3
Function value 4.0035047e+01; maximum gradient component mag 8.7493e+03
Var    Value     Gradient |Var    Value     Gradient |Var    Value     Gradient
  1  0.00968  8.74933e+03 |  2 -0.00625  1.41653e+01 |  3 -0.00743  1.72171e+01
  4 -0.02323  1.86966e+01 |  5 -0.02540  2.21156e+01 |  6 -0.02677  2.65350e+01
  7 -0.02912  3.11885e+01 |  8 -0.02564  3.98799e+01 |  9 -0.03025  4.47732e+01
 10 -0.03379  5.08255e+01 | 11 -0.03769  5.72921e+01 | 12 -0.04010  6.56932e+01
 13 -0.04078  7.62947e+01 | 14 -0.04535  8.40706e+01 | 15 -0.04715  9.57645e+01
 16 -0.05291  1.03317e+02 | 17 -0.04843  1.23089e+02 | 18 -0.05577  1.27543e+02
 19 -0.05539  1.38492e+02 | 20 -0.05429  1.48923e+02 | 21 -0.06055  1.45247e+02
 22 -0.05659  1.53532e+02 | 23 -0.06009  1.53096e+02 | 24 -0.05966  1.59914e+02
 25 -0.06680  1.52229e+02 | 26 -0.04852  1.85675e+02 | 27 -0.06675  1.54789e+02
 28 -0.05210  1.72073e+02 | 29 -0.06427  1.43880e+02 | 30 -0.06352  1.38327e+02
 31  0.01980  2.74540e+02 | 32 -0.06275  1.28162e+02 | 33 -0.13277  7.08408e+01
 34 -0.16532  5.33575e+01 | 35 -0.04284  1.25783e+02 | 36 -0.11503  6.60655e+01
 37  0.03549  1.88600e+02 | 38  0.03580  1.59014e+02 | 39 -0.12201  3.76576e+01
 40  0.00716  8.87282e+01 | 41  0.05492  1.07749e+02 | 42 -0.14222  1.96872e+01
 43  0.03136  6.30501e+01 | 44 -0.10176  1.99806e+01 | 45  0.00853  3.68490e+01
 46 -0.03676  2.04611e+01 | 47 -0.16829  5.04212e+00 | 48 -0.16669  3.80510e+00
 49 -0.14986  3.34663e+00 | 50  0.06647  1.62347e+01 | 51 -0.15583  2.02359e+00
 52 -0.05632  1.81903e+00 | 53 -0.14461 -1.59611e-01 | 54 -0.07900 -1.29889e+00
 55 -0.05070 -2.42492e+00 | 56 -0.13004 -1.46503e+00 | 57 -0.04597 -3.16923e+00
 58 -0.04627 -3.04299e+00 | 59 -0.00298 -4.28398e+00 | 60 -0.05870 -2.59168e+00
 61 -0.09946 -2.01782e+00 | 62 -0.01019 -4.39177e+00 | 63 -0.09195 -2.28408e+00
 64 -0.13449 -1.80387e+00 | 65 -0.04808 -3.59162e+00 | 66 -0.13347 -1.61595e+00
 67 -0.08814 -2.27162e+00 | 68 -0.09261 -1.89926e+00 | 69 -0.00098 -3.11131e+00
 70 -0.06222 -9.18120e-01 | 71 -0.10451 -1.12756e-01 | 72 -0.07595 -1.23932e-02
 73 -0.07004 -6.98870e-03 | 74 -0.42847  1.00491e+03 | 75 -1.62754  7.85165e+01
 76  0.77565  2.84300e+01 | 77  0.89619 -4.14811e-01 | 78  1.20936 -2.90511e+01
 79  0.13161 -2.03108e+02 | 80 -0.02168 -7.88297e-01 | 81 -1.47816 -6.74345e-02
 82 -0.10097 -4.15878e+00 | 83  0.00080  2.60340e+00 |
83 variables; iteration 2000; function evaluation 2394; phase 3
Function value 4.0014115e+01; maximum gradient component mag -3.8258e+02
Var    Value     Gradient |Var    Value     Gradient |Var    Value     Gradient
  1  0.00965 -3.82581e+02 |  2 -0.00620 -4.09433e-01 |  3 -0.00751 -5.53462e-01
  4 -0.02312 -4.33652e-01 |  5 -0.02539 -8.02699e-01 |  6 -0.02674 -9.15788e-01
  7 -0.02905 -1.26032e+00 |  8 -0.02514  5.00996e-02 |  9 -0.03005 -9.47477e-01
 10 -0.03376 -1.62750e+00 | 11 -0.03793 -2.42687e+00 | 12 -0.04029 -2.72836e+00
 13 -0.04079 -2.54079e+00 | 14 -0.04532 -3.44828e+00 | 15 -0.04719 -3.63324e+00
 16 -0.05356 -5.09981e+00 | 17 -0.04773 -3.23274e+00 | 18 -0.05637 -5.38821e+00
 19 -0.05552 -5.08918e+00 | 20 -0.05266 -4.31401e+00 | 21 -0.06064 -6.60351e+00
 22 -0.05346 -4.89258e+00 | 23 -0.06676 -8.63164e+00 | 24 -0.05658 -6.33236e+00
 25 -0.06361 -8.19116e+00 | 26 -0.04856 -4.10010e+00 | 27 -0.06550 -7.64566e+00
 28 -0.06221 -6.84839e+00 | 29 -0.05891 -8.53730e+00 | 30 -0.06251 -1.32241e+01
 31  0.02056 -7.56577e+00 | 32 -0.06432 -1.08038e+01 | 33 -0.13274 -3.30152e+00
 34 -0.16488 -1.90200e+00 | 35 -0.04327 -8.49096e+00 | 36 -0.11441 -2.18058e+00
 37  0.03551 -8.69075e+00 | 38  0.03572 -4.67155e+00 | 39 -0.12200 -2.02892e+00
 40  0.00716 -5.00398e+00 | 41  0.05502 -5.94768e+00 | 42 -0.14248 -5.00115e-01
 43  0.03130 -5.22008e+00 | 44 -0.10134 -1.83459e-01 | 45  0.00839 -3.14930e+00
 46 -0.03675 -1.11952e+00 | 47 -0.16838 -4.59543e-01 | 48 -0.16681 -2.33061e-01
 49 -0.15006 -1.98427e-01 | 50  0.06648 -5.77793e-01 | 51 -0.15578 -3.81191e-02
 52 -0.05629  8.22802e-02 | 53 -0.14450  1.07150e-01 | 54 -0.07896  2.75772e-01
 55 -0.05063  3.10435e-01 | 56 -0.13001  2.00118e-01 | 57 -0.04589  3.57289e-01
 58 -0.04625  4.24338e-01 | 59 -0.00290  6.31552e-01 | 60 -0.05873  3.97897e-01
 61 -0.09935  3.31510e-01 | 62 -0.01015  3.17445e-01 | 63 -0.09194  8.79478e-02
 64 -0.13441  1.51811e-02 | 65 -0.04802 -6.59537e-02 | 66 -0.13350 -2.61379e-02
 67 -0.08805 -6.54802e-02 | 68 -0.09263 -5.33862e-02 | 69 -0.00090 -1.73081e-01
 70 -0.06218 -2.92845e-02 | 71 -0.10444 -5.87600e-03 | 72 -0.07590 -2.27678e-03
 73 -0.07000 -1.86509e-03 | 74 -0.42859 -4.37060e+01 | 75 -1.62564 -3.90433e+00
 76  0.77803 -5.26548e+00 | 77  0.90110  8.43052e-02 | 78  1.20935  3.31752e-02
 79  0.13161  3.50519e+00 | 80 -0.02140 -8.90425e-01 | 81 -1.48268 -8.01355e-02
 82 -0.10097  4.95122e-01 | 83  0.00080 -3.73968e-01 |
83 variables; iteration 2020; function evaluation 2421; phase 3
Function value 3.9973713e+01; maximum gradient component mag 2.5478e+03
Var    Value     Gradient |Var    Value     Gradient |Var    Value     Gradient
  1  0.00961  2.54780e+03 |  2 -0.00629  4.30690e+00 |  3 -0.00748  5.21786e+00
  4 -0.02319  5.77453e+00 |  5 -0.02526  6.68231e+00 |  6 -0.02632  8.13857e+00
  7 -0.02894  9.32024e+00 |  8 -0.02609  1.27229e+01 |  9 -0.03040  1.37935e+01
 10 -0.03363  1.54454e+01 | 11 -0.03792  1.68879e+01 | 12 -0.04062  1.92585e+01
 13 -0.04127  2.27824e+01 | 14 -0.04508  2.50438e+01 | 15 -0.04779  2.82390e+01
 16 -0.05453  2.92484e+01 | 17 -0.04844  3.75394e+01 | 18 -0.05638  3.73918e+01
 19 -0.05519  4.15537e+01 | 20 -0.05286  4.59695e+01 | 21 -0.06021  4.28479e+01
 22 -0.04909  5.10556e+01 | 23 -0.06571  4.11955e+01 | 24 -0.05621  4.94086e+01
 25 -0.05918  4.85136e+01 | 26 -0.05224  5.47647e+01 | 27 -0.07697  3.82147e+01
 28 -0.05963  4.76855e+01 | 29 -0.05383  4.64909e+01 | 30 -0.06053  3.70629e+01
 31  0.01922  8.18108e+01 | 32 -0.06237  3.35397e+01 | 33 -0.13439  1.93051e+01
 34 -0.16550  1.51213e+01 | 35 -0.04317  3.37434e+01 | 36 -0.11448  1.92496e+01
 37  0.03577  5.09838e+01 | 38  0.03547  4.41541e+01 | 39 -0.12117  1.01550e+01
 40  0.00679  2.45238e+01 | 41  0.05556  3.22935e+01 | 42 -0.14482  5.70020e+00
 43  0.03181  1.83649e+01 | 44 -0.10275  6.48773e+00 | 45  0.00895  1.04745e+01
 46 -0.03733  6.38196e+00 | 47 -0.16823  1.53897e+00 | 48 -0.16692  1.20135e+00
 49 -0.14963  1.05164e+00 | 50  0.06634  4.89416e+00 | 51 -0.15561  6.39104e-01
 52 -0.05632  5.20669e-01 | 53 -0.14451 -9.06450e-02 | 54 -0.07894 -5.17519e-01
 55 -0.05061 -9.21591e-01 | 56 -0.13004 -5.65285e-01 | 57 -0.04582 -1.19629e+00
 58 -0.04625 -1.24245e+00 | 59 -0.00285 -1.72650e+00 | 60 -0.05875 -1.16346e+00
 61 -0.09938 -8.25491e-01 | 62 -0.01009 -1.70473e+00 | 63 -0.09196 -8.21118e-01
 64 -0.13440 -5.72893e-01 | 65 -0.04796 -1.09337e+00 | 66 -0.13356 -5.25398e-01
 67 -0.08797 -6.29128e-01 | 68 -0.09268 -5.19562e-01 | 69 -0.00084 -7.48844e-01
 70 -0.06226 -2.20186e-01 | 71 -0.10441 -2.66370e-02 | 72 -0.07593 -1.26439e-03
 73 -0.07003 -1.68314e-03 | 74 -0.42861  2.98819e+02 | 75 -1.62457  2.27527e+01
 76  0.78260  5.37537e+00 | 77  0.90898 -5.94703e-02 | 78  1.21307 -9.38152e+00
 79  0.13198 -6.14346e+01 | 80 -0.02089 -6.29629e-01 | 81 -1.48347 -5.54672e-02
 82 -0.10081 -1.61813e+00 | 83  0.00091  1.08460e+00 |
83 variables; iteration 2040; function evaluation 2447; phase 3
Function value 3.9947582e+01; maximum gradient component mag 1.2253e+03
Var    Value     Gradient |Var    Value     Gradient |Var    Value     Gradient
  1  0.00956  1.22535e+03 |  2 -0.00631  2.15673e+00 |  3 -0.00757  2.58582e+00
  4 -0.02328  2.92990e+00 |  5 -0.02535  3.28332e+00 |  6 -0.02644  4.05289e+00
  7 -0.02906  4.50545e+00 |  8 -0.02649  6.74261e+00 |  9 -0.03070  6.97609e+00
 10 -0.03376  7.68179e+00 | 11 -0.03782  8.17340e+00 | 12 -0.04066  9.24256e+00
 13 -0.04165  1.11087e+01 | 14 -0.04501  1.21901e+01 | 15 -0.04825  1.35378e+01
 16 -0.05432  1.36624e+01 | 17 -0.04863  1.89047e+01 | 18 -0.05603  1.81900e+01
 19 -0.05588  2.01641e+01 | 20 -0.05344  2.29156e+01 | 21 -0.05961  2.08355e+01
 22 -0.04624  2.77439e+01 | 23 -0.06112  2.09815e+01 | 24 -0.05984  2.24682e+01
 25 -0.05580  2.51440e+01 | 26 -0.06071  2.36933e+01 | 27 -0.08211  1.41229e+01
 28 -0.05557  2.55223e+01 | 29 -0.05038  2.38856e+01 | 30 -0.05784  1.56730e+01
 31  0.01801  4.11717e+01 | 32 -0.06067  1.46423e+01 | 33 -0.13565  8.66265e+00
 34 -0.16601  7.09335e+00 | 35 -0.04257  1.49408e+01 | 36 -0.11542  9.34349e+00
 37  0.03616  2.40329e+01 | 38  0.03530  2.14231e+01 | 39 -0.12104  4.43930e+00
 40  0.00694  1.12255e+01 | 41  0.05564  1.57003e+01 | 42 -0.14558  2.61086e+00
 43  0.03225  8.35739e+00 | 44 -0.10404  3.36477e+00 | 45  0.00954  4.75510e+00
 46 -0.03769  3.05951e+00 | 47 -0.16803  6.41989e-01 | 48 -0.16678  5.68497e-01
 49 -0.14963  4.91252e-01 | 50  0.06647  2.49692e+00 | 51 -0.15559  3.20272e-01
 52 -0.05617  2.89368e-01 | 53 -0.14448 -2.92587e-02 | 54 -0.07877 -2.31172e-01
 55 -0.05050 -4.37198e-01 | 56 -0.12990 -2.80758e-01 | 57 -0.04568 -6.01876e-01
 58 -0.04616 -6.33317e-01 | 59 -0.00274 -8.78707e-01 | 60 -0.05868 -6.15978e-01
 61 -0.09928 -4.23104e-01 | 62 -0.00995 -9.45306e-01 | 63 -0.09189 -4.70319e-01
 64 -0.13433 -3.60489e-01 | 65 -0.04785 -6.74538e-01 | 66 -0.13348 -3.22960e-01
 67 -0.08790 -3.86429e-01 | 68 -0.09264 -2.89530e-01 | 69 -0.00070 -3.88886e-01
 70 -0.06216 -1.08658e-01 | 71 -0.10428 -1.19832e-02 | 72 -0.07583 -5.42035e-04
 73 -0.06994 -1.66496e-03 | 74 -0.42863  1.48495e+02 | 75 -1.62368  1.10385e+01
 76  0.78616  6.83716e-01 | 77  0.91409  4.97281e-03 | 78  1.21479 -5.22756e+00
 79  0.13156 -3.23560e+01 | 80 -0.02121 -8.88777e-01 | 81 -1.48454 -8.12851e-02
 82 -0.10087 -8.66785e-01 | 83  0.00089  5.66135e-01 |
83 variables; iteration 2060; function evaluation 2474; phase 3
Function value 3.9932148e+01; maximum gradient component mag 2.4340e+03
Var    Value     Gradient |Var    Value     Gradient |Var    Value     Gradient
  1  0.00952  2.43402e+03 |  2 -0.00632  4.10664e+00 |  3 -0.00759  4.94919e+00
  4 -0.02331  5.48406e+00 |  5 -0.02537  6.34234e+00 |  6 -0.02639  7.74665e+00
  7 -0.02910  8.83091e+00 |  8 -0.02674  1.19487e+01 |  9 -0.03083  1.30105e+01
 10 -0.03378  1.46721e+01 | 11 -0.03778  1.61364e+01 | 12 -0.04074  1.82794e+01
 13 -0.04190  2.14214e+01 | 14 -0.04497  2.38943e+01 | 15 -0.04849  2.65231e+01
 16 -0.05421  2.79541e+01 | 17 -0.04827  3.59064e+01 | 18 -0.05566  3.60154e+01
 19 -0.05625  3.89268e+01 | 20 -0.05266  4.39819e+01 | 21 -0.06000  4.09433e+01
 22 -0.04398  5.23727e+01 | 23 -0.06169  4.17354e+01 | 24 -0.06315  4.24684e+01
 25 -0.04995  5.26545e+01 | 26 -0.06708  4.23786e+01 | 27 -0.07668  3.65299e+01
 28 -0.06362  4.31249e+01 | 29 -0.04669  4.89229e+01 | 30 -0.05544  3.79904e+01
 31  0.01867  7.85358e+01 | 32 -0.06229  3.22017e+01 | 33 -0.13537  1.81124e+01
 34 -0.16616  1.41072e+01 | 35 -0.04255  3.25277e+01 | 36 -0.11565  1.81860e+01
 37  0.03644  4.95745e+01 | 38  0.03512  4.22065e+01 | 39 -0.12084  9.46763e+00
 40  0.00699  2.32870e+01 | 41  0.05579  3.06861e+01 | 42 -0.14637  4.94725e+00
 43  0.03252  1.76758e+01 | 44 -0.10490  5.87623e+00 | 45  0.00995  1.02174e+01
 46 -0.03805  5.98687e+00 | 47 -0.16798  1.41230e+00 | 48 -0.16681  1.12777e+00
 49 -0.14950  9.56596e-01 | 50  0.06648  4.63847e+00 | 51 -0.15547  5.89327e-01
 52 -0.05609  5.06590e-01 | 53 -0.14436 -6.57821e-02 | 54 -0.07868 -4.41889e-01
 55 -0.05041 -8.04510e-01 | 56 -0.12981 -5.01960e-01 | 57 -0.04559 -1.08070e+00
 58 -0.04609 -1.11434e+00 | 59 -0.00265 -1.57531e+00 | 60 -0.05861 -1.03468e+00
 61 -0.09922 -7.52684e-01 | 62 -0.00985 -1.58453e+00 | 63 -0.09184 -7.74001e-01
 64 -0.13426 -5.70013e-01 | 65 -0.04777 -1.08297e+00 | 66 -0.13343 -5.07480e-01
 67 -0.08784 -6.33987e-01 | 68 -0.09259 -5.16398e-01 | 69 -0.00060 -7.58250e-01
 70 -0.06207 -2.19661e-01 | 71 -0.10418 -2.58197e-02 | 72 -0.07575 -1.59638e-03
 73 -0.06987 -1.66858e-03 | 74 -0.42875  2.94022e+02 | 75 -1.62192  2.21427e+01
 76  0.78895  4.89098e+00 | 77  0.91790 -4.46094e-02 | 78  1.21557 -9.19135e+00
 79  0.13172 -5.93596e+01 | 80 -0.02173 -9.47184e-01 | 81 -1.47995 -8.35223e-02
 82 -0.10091 -1.48167e+00 | 83  0.00087  9.88106e-01 |
83 variables; iteration 2080; function evaluation 2498; phase 3
Function value 3.9922803e+01; maximum gradient component mag -1.1439e+03
Var    Value     Gradient |Var    Value     Gradient |Var    Value     Gradient
  1  0.00950 -1.14385e+03 |  2 -0.00633 -1.66725e+00 |  3 -0.00760 -2.06808e+00
  4 -0.02334 -2.09858e+00 |  5 -0.02534 -2.71787e+00 |  6 -0.02637 -3.13515e+00
  7 -0.02901 -3.98224e+00 |  8 -0.02717 -3.80149e+00 |  9 -0.03103 -5.03049e+00
 10 -0.03384 -6.05369e+00 | 11 -0.03757 -7.34198e+00 | 12 -0.04052 -8.50641e+00
 13 -0.04183 -9.37176e+00 | 14 -0.04494 -1.06942e+01 | 15 -0.04839 -1.21832e+01
 16 -0.05359 -1.40867e+01 | 17 -0.04836 -1.39436e+01 | 18 -0.05543 -1.61904e+01
 19 -0.05650 -1.71613e+01 | 20 -0.05260 -1.72324e+01 | 21 -0.05832 -1.88569e+01
 22 -0.04593 -1.73839e+01 | 23 -0.05475 -1.94746e+01 | 24 -0.06761 -2.21508e+01
 25 -0.05192 -2.01214e+01 | 26 -0.07377 -2.27715e+01 | 27 -0.07437 -2.19849e+01
 28 -0.05810 -1.92008e+01 | 29 -0.04669 -2.00126e+01 | 30 -0.05550 -2.49913e+01
 31  0.01809 -3.02370e+01 | 32 -0.06112 -2.15717e+01 | 33 -0.13628 -1.00567e+01
 34 -0.16700 -7.27719e+00 | 35 -0.04170 -1.90309e+01 | 36 -0.11770 -8.35815e+00
 37  0.03717 -2.60671e+01 | 38  0.03464 -2.05338e+01 | 39 -0.12047 -5.89885e+00
 40  0.00716 -1.27403e+01 | 41  0.05572 -1.40010e+01 | 42 -0.14653 -2.71728e+00
 43  0.03278 -9.33392e+00 | 44 -0.10605 -1.96591e+00 | 45  0.01046 -5.45289e+00
 46 -0.03848 -2.41824e+00 | 47 -0.16776 -7.30845e-01 | 48 -0.16677 -4.21799e-01
 49 -0.14940 -3.44624e-01 | 50  0.06649 -1.54297e+00 | 51 -0.15540 -1.71140e-01
 52 -0.05606 -1.53247e-01 | 53 -0.14429  2.06810e-02 | 54 -0.07866  1.58835e-01
 55 -0.05036  2.42279e-01 | 56 -0.12977  1.43785e-01 | 57 -0.04555  2.75730e-01
 58 -0.04605  2.35061e-01 | 59 -0.00262  3.15831e-01 | 60 -0.05856  1.54076e-01
 61 -0.09918  1.34241e-01 | 62 -0.00981  2.24173e-01 | 63 -0.09181  9.80423e-02
 64 -0.13422  5.14466e-02 | 65 -0.04773  1.13278e-01 | 66 -0.13339  3.71117e-02
 67 -0.08780  7.99567e-02 | 68 -0.09255  1.06109e-01 | 69 -0.00055  2.53785e-01
 70 -0.06202  8.62524e-02 | 71 -0.10415  1.16339e-02 | 72 -0.07572  1.32968e-03
 73 -0.06984  8.73020e-04 | 74 -0.42874 -1.28109e+02 | 75 -1.62212 -1.03644e+01
 76  0.79002 -7.49842e+00 | 77  0.91627  1.07086e-01 | 78  1.21872  2.65506e+00
 79  0.13160  2.24384e+01 | 80 -0.02159 -1.00214e+00 | 81 -1.48196 -9.02020e-02
 82 -0.10093  2.57259e-01 | 83  0.00086 -1.46005e-01 |
83 variables; iteration 2100; function evaluation 2525; phase 3
Function value 3.9915597e+01; maximum gradient component mag 1.1694e+03
Var    Value     Gradient |Var    Value     Gradient |Var    Value     Gradient
  1  0.00948  1.16937e+03 |  2 -0.00634  2.03772e+00 |  3 -0.00762  2.43646e+00
  4 -0.02336  2.76143e+00 |  5 -0.02535  3.10856e+00 |  6 -0.02635  3.86926e+00
  7 -0.02898  4.28102e+00 |  8 -0.02737  6.15917e+00 |  9 -0.03115  6.47832e+00
 10 -0.03386  7.24654e+00 | 11 -0.03745  7.84777e+00 | 12 -0.04041  8.81311e+00
 13 -0.04183  1.04441e+01 | 14 -0.04494  1.15544e+01 | 15 -0.04825  1.27926e+01
 16 -0.05331  1.32750e+01 | 17 -0.04847  1.80287e+01 | 18 -0.05537  1.74929e+01
 19 -0.05625  1.89231e+01 | 20 -0.05131  2.27840e+01 | 21 -0.05725  2.08091e+01
 22 -0.04862  2.52710e+01 | 23 -0.05361  2.34322e+01 | 24 -0.07062  1.61680e+01
 25 -0.05272  2.53962e+01 | 26 -0.07476  1.59546e+01 | 27 -0.06531  2.08057e+01
 28 -0.06378  2.06321e+01 | 29 -0.04468  2.53099e+01 | 30 -0.05694  1.51480e+01
 31  0.01898  4.03640e+01 | 32 -0.06218  1.34359e+01 | 33 -0.13593  8.19493e+00
 34 -0.16743  6.36404e+00 | 35 -0.04113  1.54002e+01 | 36 -0.11921  7.96393e+00
 37  0.03772  2.42647e+01 | 38  0.03428  1.96339e+01 | 39 -0.12023  4.10497e+00
 40  0.00734  1.09332e+01 | 41  0.05564  1.49812e+01 | 42 -0.14642  2.23855e+00
 43  0.03295  8.46942e+00 | 44 -0.10677  2.94406e+00 | 45  0.01082  4.99680e+00
 46 -0.03876  2.98968e+00 | 47 -0.16762  6.81761e-01 | 48 -0.16672  5.81718e-01
 49 -0.14935  4.92720e-01 | 50  0.06653  2.44528e+00 | 51 -0.15535  3.17059e-01
 52 -0.05599  2.79745e-01 | 53 -0.14417 -3.05014e-02 | 54 -0.07861 -2.19869e-01
 55 -0.05028 -4.23341e-01 | 56 -0.12971 -2.66128e-01 | 57 -0.04550 -5.92124e-01
 58 -0.04599 -6.22139e-01 | 59 -0.00256 -8.97554e-01 | 60 -0.05849 -5.99293e-01
 61 -0.09912 -4.37931e-01 | 62 -0.00975 -9.35036e-01 | 63 -0.09175 -4.64889e-01
 64 -0.13416 -3.50930e-01 | 65 -0.04768 -6.60235e-01 | 66 -0.13332 -3.09616e-01
 67 -0.08775 -3.80512e-01 | 68 -0.09247 -2.96505e-01 | 69 -0.00049 -4.04053e-01
 70 -0.06193 -1.13088e-01 | 71 -0.10410 -1.32733e-02 | 72 -0.07566 -8.28586e-04
 73 -0.06979 -8.79700e-04 | 74 -0.42881  1.45431e+02 | 75 -1.62149  1.06410e+01
 76  0.79200  4.63965e-01 | 77  0.91558  6.75077e-03 | 78  1.22228 -5.09809e+00
 79  0.13131 -2.97164e+01 | 80 -0.02081 -1.03775e+00 | 81 -1.49026 -1.00268e-01
 82 -0.10097 -8.51072e-01 | 83  0.00083  5.74238e-01 |
83 variables; iteration 2120; function evaluation 2551; phase 3
Function value 3.9896825e+01; maximum gradient component mag 1.1593e+03
Var    Value     Gradient |Var    Value     Gradient |Var    Value     Gradient
  1  0.00946  1.15926e+03 |  2 -0.00637  2.00214e+00 |  3 -0.00765  2.39240e+00
  4 -0.02345  2.69962e+00 |  5 -0.02532  3.07151e+00 |  6 -0.02634  3.81731e+00
  7 -0.02886  4.25255e+00 |  8 -0.02794  5.90049e+00 |  9 -0.03142  6.30128e+00
 10 -0.03393  7.11679e+00 | 11 -0.03713  7.83866e+00 | 12 -0.04006  8.80509e+00
 13 -0.04166  1.03524e+01 | 14 -0.04490  1.13917e+01 | 15 -0.04790  1.27333e+01
 16 -0.05278  1.32776e+01 | 17 -0.04875  1.76376e+01 | 18 -0.05552  1.71404e+01
 19 -0.05537  1.90166e+01 | 20 -0.04995  2.30841e+01 | 21 -0.05599  2.10415e+01
 22 -0.05455  2.19720e+01 | 23 -0.05563  2.20569e+01 | 24 -0.06891  1.65973e+01
 25 -0.05910  2.18535e+01 | 26 -0.06624  1.94819e+01 | 27 -0.05905  2.33440e+01
 28 -0.06725  1.86958e+01 | 29 -0.04168  2.62614e+01 | 30 -0.06276  1.28322e+01
 31  0.01997  4.07167e+01 | 32 -0.06210  1.36213e+01 | 33 -0.13605  8.24312e+00
 34 -0.16841  6.16312e+00 | 35 -0.03996  1.63374e+01 | 36 -0.12186  7.05870e+00
 37  0.03849  2.49112e+01 | 38  0.03390  1.88539e+01 | 39 -0.12004  4.01449e+00
 40  0.00763  1.12143e+01 | 41  0.05553  1.49677e+01 | 42 -0.14648  2.26515e+00
 43  0.03332  8.89949e+00 | 44 -0.10821  2.84250e+00 | 45  0.01139  5.45018e+00
 46 -0.03912  3.11963e+00 | 47 -0.16729  7.69280e-01 | 48 -0.16658  6.28139e-01
 49 -0.14923  5.38291e-01 | 50  0.06657  2.64483e+00 | 51 -0.15531  3.39140e-01
 52 -0.05593  2.92835e-01 | 53 -0.14409 -3.85887e-02 | 54 -0.07857 -2.46850e-01
 55 -0.05022 -4.63527e-01 | 56 -0.12966 -2.86709e-01 | 57 -0.04546 -6.39005e-01
 58 -0.04592 -6.62618e-01 | 59 -0.00251 -9.65545e-01 | 60 -0.05842 -6.23944e-01
 61 -0.09907 -4.63593e-01 | 62 -0.00970 -9.56877e-01 | 63 -0.09169 -4.68015e-01
 64 -0.13409 -3.51989e-01 | 65 -0.04763 -6.62328e-01 | 66 -0.13326 -3.07938e-01
 67 -0.08769 -3.86241e-01 | 68 -0.09240 -3.08521e-01 | 69 -0.00044 -4.26304e-01
 70 -0.06186 -1.21503e-01 | 71 -0.10407 -1.46388e-02 | 72 -0.07564 -1.48622e-03
 73 -0.06977 -6.86315e-04 | 74 -0.42880  1.44281e+02 | 75 -1.62190  1.05454e+01
 76  0.79609  3.71161e-01 | 77  0.91475  6.50184e-03 | 78  1.23037 -5.11655e+00
 79  0.13093 -2.81520e+01 | 80 -0.01763 -1.03844e+00 | 81 -1.51907 -1.24571e-01
 82 -0.10098 -8.89536e-01 | 83  0.00083  6.00141e-01 |
83 variables; iteration 2140; function evaluation 2578; phase 3
Function value 3.9882479e+01; maximum gradient component mag 1.7307e+03
Var    Value     Gradient |Var    Value     Gradient |Var    Value     Gradient
  1  0.00945  1.73071e+03 |  2 -0.00639  2.91172e+00 |  3 -0.00769  3.49352e+00
  4 -0.02355  3.87104e+00 |  5 -0.02534  4.50508e+00 |  6 -0.02639  5.53103e+00
  7 -0.02882  6.30403e+00 |  8 -0.02843  8.19364e+00 |  9 -0.03167  9.05076e+00
 10 -0.03405  1.03516e+01 | 11 -0.03701  1.16303e+01 | 12 -0.03990  1.31373e+01
 13 -0.04169  1.52255e+01 | 14 -0.04491  1.68629e+01 | 15 -0.04794  1.88654e+01
 16 -0.05252  2.01305e+01 | 17 -0.04902  2.53287e+01 | 18 -0.05557  2.53481e+01
 19 -0.05527  2.79421e+01 | 20 -0.05080  3.24273e+01 | 21 -0.05698  3.01910e+01
 22 -0.05624  3.09790e+01 | 23 -0.06063  2.94518e+01 | 24 -0.06299  2.93423e+01
 25 -0.06029  3.16988e+01 | 26 -0.05639  3.50622e+01 | 27 -0.06588  3.01012e+01
 28 -0.06509  2.93789e+01 | 29 -0.04039  3.81795e+01 | 30 -0.06603  2.07647e+01
 31  0.01984  5.82642e+01 | 32 -0.06073  2.31548e+01 | 33 -0.13657  1.26862e+01
 34 -0.16881  9.47983e+00 | 35 -0.03947  2.54874e+01 | 36 -0.12242  1.10019e+01
 37  0.03854  3.82168e+01 | 38  0.03404  2.91687e+01 | 39 -0.12010  6.55450e+00
 40  0.00768  1.73468e+01 | 41  0.05560  2.22724e+01 | 42 -0.14699  3.40386e+00
 43  0.03363  1.32636e+01 | 44 -0.10903  3.83582e+00 | 45  0.01164  7.81047e+00
 46 -0.03917  4.21775e+00 | 47 -0.16705  1.05442e+00 | 48 -0.16644  8.09009e-01
 49 -0.14922  6.67640e-01 | 50  0.06662  3.28066e+00 | 51 -0.15536  4.10339e-01
 52 -0.05589  3.61306e-01 | 53 -0.14417 -4.49366e-02 | 54 -0.07852 -3.10704e-01
 55 -0.05023 -5.81457e-01 | 56 -0.12964 -3.57081e-01 | 57 -0.04544 -7.87355e-01
 58 -0.04591 -7.93596e-01 | 59 -0.00250 -1.13772e+00 | 60 -0.05842 -7.13382e-01
 61 -0.09907 -5.31026e-01 | 62 -0.00968 -1.08813e+00 | 63 -0.09169 -5.32370e-01
 64 -0.13408 -3.96817e-01 | 65 -0.04761 -7.41738e-01 | 66 -0.13326 -3.40293e-01
 67 -0.08767 -4.35562e-01 | 68 -0.09240 -3.59399e-01 | 69 -0.00042 -5.28150e-01
 70 -0.06188 -1.54702e-01 | 71 -0.10407 -1.91804e-02 | 72 -0.07566 -1.67611e-03
 73 -0.06978 -1.24118e-03 | 74 -0.42873  2.12495e+02 | 75 -1.62247  1.58509e+01
 76  0.79853  2.23168e+00 | 77  0.91634 -1.71265e-02 | 78  1.23452 -7.20540e+00
 79  0.13072 -4.05661e+01 | 80 -0.01548 -8.77507e-01 | 81 -1.53418 -1.17015e-01
 82 -0.10092 -1.03003e+00 | 83  0.00086  6.98428e-01 |
83 variables; iteration 2160; function evaluation 2604; phase 3
Function value 3.9879047e+01; maximum gradient component mag -6.4827e+02
Var    Value     Gradient |Var    Value     Gradient |Var    Value     Gradient
  1  0.00945 -6.48266e+02 |  2 -0.00643 -9.46474e-01 |  3 -0.00772 -1.19061e+00
  4 -0.02359 -1.18487e+00 |  5 -0.02536 -1.55437e+00 |  6 -0.02642 -1.74505e+00
  7 -0.02883 -2.28147e+00 |  8 -0.02861 -2.15644e+00 |  9 -0.03177 -2.89985e+00
 10 -0.03414 -3.45961e+00 | 11 -0.03703 -4.16662e+00 | 12 -0.03992 -4.88937e+00
 13 -0.04177 -5.38023e+00 | 14 -0.04493 -6.22533e+00 | 15 -0.04808 -7.10501e+00
 16 -0.05251 -8.35587e+00 | 17 -0.04933 -7.75734e+00 | 18 -0.05574 -9.52295e+00
 19 -0.05572 -9.76858e+00 | 20 -0.05234 -9.25337e+00 | 21 -0.05794 -1.08608e+01
 22 -0.05540 -1.05581e+01 | 23 -0.06031 -1.20489e+01 | 24 -0.06049 -1.25245e+01
 25 -0.05832 -1.20914e+01 | 26 -0.05517 -1.09788e+01 | 27 -0.07324 -1.38529e+01
 28 -0.06013 -1.07977e+01 | 29 -0.04135 -9.84506e+00 | 30 -0.06592 -1.75223e+01
 31  0.01887 -1.44132e+01 | 32 -0.05896 -1.26363e+01 | 33 -0.13723 -5.79764e+00
 34 -0.16895 -4.33326e+00 | 35 -0.03940 -9.82259e+00 | 36 -0.12212 -5.45581e+00
 37  0.03834 -1.32557e+01 | 38  0.03424 -1.20434e+01 | 39 -0.12015 -3.70494e+00
 40  0.00760 -6.88434e+00 | 41  0.05569 -7.41359e+00 | 42 -0.14731 -1.66573e+00
 43  0.03372 -4.83644e+00 | 44 -0.10913 -1.10662e+00 | 45  0.01161 -2.66297e+00
 46 -0.03907 -1.21711e+00 | 47 -0.16698 -3.67047e-01 | 48 -0.16640 -2.10648e-01
 49 -0.14923 -1.83821e-01 | 50  0.06662 -7.49499e-01 | 51 -0.15540 -8.74515e-02
 52 -0.05590 -6.90061e-02 | 53 -0.14427  1.12315e-02 | 54 -0.07851  8.26668e-02
 55 -0.05026  1.10379e-01 | 56 -0.12966  6.93685e-02 | 57 -0.04545  1.11475e-01
 58 -0.04593  1.00226e-01 | 59 -0.00252  1.08877e-01 | 60 -0.05844  6.78008e-02
 61 -0.09910  4.99582e-02 | 62 -0.00969  9.62658e-02 | 63 -0.09172  3.82693e-02
 64 -0.13410  5.75782e-03 | 65 -0.04762  2.83065e-02 | 66 -0.13328  1.13272e-02
 67 -0.08769  1.96942e-02 | 68 -0.09244  4.37444e-02 | 69 -0.00044  1.29680e-01
 70 -0.06193  4.34548e-02 | 71 -0.10409  5.06012e-03 | 72 -0.07569  9.85264e-05
 73 -0.06981  3.90274e-04 | 74 -0.42868 -6.64255e+01 | 75 -1.62287 -5.66469e+00
 76  0.79811 -5.64815e+00 | 77  0.91685  8.57347e-02 | 78  1.23512  1.30717e+00
 79  0.13072  1.33303e+01 | 80 -0.01550 -9.23146e-01 | 81 -1.53461 -1.23394e-01
 82 -0.10088  1.07482e-01 | 83  0.00089 -5.02767e-02 |
83 variables; iteration 2180; function evaluation 2629; phase 3
Function value 3.9873591e+01; maximum gradient component mag 2.3644e+03
Var    Value     Gradient |Var    Value     Gradient |Var    Value     Gradient
  1  0.00945  2.36445e+03 |  2 -0.00641  3.94247e+00 |  3 -0.00779  4.72240e+00
  4 -0.02364  5.20006e+00 |  5 -0.02524  6.16172e+00 |  6 -0.02650  7.44478e+00
  7 -0.02884  8.60123e+00 |  8 -0.02891  1.07867e+01 |  9 -0.03190  1.21646e+01
 10 -0.03422  1.39816e+01 | 11 -0.03707  1.58336e+01 | 12 -0.03992  1.79520e+01
 13 -0.04186  2.06502e+01 | 14 -0.04512  2.29289e+01 | 15 -0.04829  2.56090e+01
 16 -0.05271  2.76237e+01 | 17 -0.04976  3.36929e+01 | 18 -0.05608  3.43193e+01
 19 -0.05649  3.71926e+01 | 20 -0.05400  4.13481e+01 | 21 -0.05870  3.99485e+01
 22 -0.05342  4.39105e+01 | 23 -0.05751  4.25283e+01 | 24 -0.05827  4.37118e+01
 25 -0.05405  4.76074e+01 | 26 -0.06292  4.30127e+01 | 27 -0.07807  3.38755e+01
 28 -0.05542  4.64360e+01 | 29 -0.04224  4.97273e+01 | 30 -0.06324  3.21982e+01
 31  0.01777  7.57656e+01 | 32 -0.05768  3.44843e+01 | 33 -0.13779  1.72369e+01
 34 -0.16902  1.30756e+01 | 35 -0.03945  3.49470e+01 | 36 -0.12163  1.57664e+01
 37  0.03813  5.20929e+01 | 38  0.03445  4.08907e+01 | 39 -0.12032  9.36860e+00
 40  0.00757  2.38159e+01 | 41  0.05573  2.99947e+01 | 42 -0.14756  4.60687e+00
 43  0.03382  1.79520e+01 | 44 -0.10948  5.00701e+00 | 45  0.01170  1.04669e+01
 46 -0.03912  5.49705e+00 | 47 -0.16689  1.37071e+00 | 48 -0.16636  1.00676e+00
 49 -0.14926  8.22269e-01 | 50  0.06664  4.05509e+00 | 51 -0.15547  4.78606e-01
 52 -0.05590  4.16865e-01 | 53 -0.14433 -6.63047e-02 | 54 -0.07850 -3.83635e-01
 55 -0.05029 -6.96869e-01 | 56 -0.12965 -4.19737e-01 | 57 -0.04546 -9.44451e-01
 58 -0.04594 -9.48482e-01 | 59 -0.00253 -1.36945e+00 | 60 -0.05847 -8.53134e-01
 61 -0.09911 -6.35743e-01 | 62 -0.00969 -1.30035e+00 | 63 -0.09176 -6.46030e-01
 64 -0.13410 -4.57544e-01 | 65 -0.04764 -8.99580e-01 | 66 -0.13330 -4.16021e-01
 67 -0.08769 -5.21864e-01 | 68 -0.09246 -4.29635e-01 | 69 -0.00045 -6.38748e-01
 70 -0.06196 -1.85599e-01 | 71 -0.10409 -2.23367e-02 | 72 -0.07570 -2.21142e-03
 73 -0.06982 -1.59805e-03 | 74 -0.42864  2.87575e+02 | 75 -1.62327  2.17887e+01
 76  0.79724  4.35635e+00 | 77  0.91800 -4.19463e-02 | 78  1.23538 -9.48870e+00
 79  0.13079 -5.45953e+01 | 80 -0.01666 -9.55365e-01 | 81 -1.52606 -1.20373e-01
 82 -0.10086 -1.25839e+00 | 83  0.00090  8.25667e-01 |
83 variables; iteration 2200; function evaluation 2652; phase 3
Function value 3.9861057e+01; maximum gradient component mag 3.3166e+03
Var    Value     Gradient |Var    Value     Gradient |Var    Value     Gradient
  1  0.00941  3.31656e+03 |  2 -0.00657  5.47914e+00 |  3 -0.00778  6.64824e+00
  4 -0.02374  7.24043e+00 |  5 -0.02552  8.55947e+00 |  6 -0.02656  1.04061e+01
  7 -0.02884  1.21249e+01 |  8 -0.02948  1.47788e+01 |  9 -0.03225  1.69029e+01
 10 -0.03451  1.95030e+01 | 11 -0.03708  2.22967e+01 | 12 -0.03992  2.53334e+01
 13 -0.04198  2.89966e+01 | 14 -0.04514  3.23376e+01 | 15 -0.04859  3.59989e+01
 16 -0.05254  3.93429e+01 | 17 -0.05058  4.65295e+01 | 18 -0.05626  4.83361e+01
 19 -0.05692  5.20521e+01 | 20 -0.05458  5.73103e+01 | 21 -0.05796  5.69375e+01
 22 -0.05172  6.26967e+01 | 23 -0.05376  6.29210e+01 | 24 -0.06045  5.99255e+01
 25 -0.05043  6.95160e+01 | 26 -0.07278  5.32776e+01 | 27 -0.07213  5.38958e+01
 28 -0.05988  6.10574e+01 | 29 -0.04002  7.06292e+01 | 30 -0.05981  5.03176e+01
 31  0.01778  1.05052e+02 | 32 -0.05839  4.92076e+01 | 33 -0.13770  2.47149e+01
 34 -0.16906  1.85237e+01 | 35 -0.03953  4.87225e+01 | 36 -0.12166  2.20038e+01
 37  0.03841  7.00983e+01 | 38  0.03423  5.45056e+01 | 39 -0.11994  1.29035e+01
 40  0.00763  3.24038e+01 | 41  0.05582  4.10645e+01 | 42 -0.14769  6.53206e+00
 43  0.03395  2.57968e+01 | 44 -0.10999  7.15503e+00 | 45  0.01204  1.56243e+01
 46 -0.03945  8.22742e+00 | 47 -0.16677  2.15371e+00 | 48 -0.16634  1.58844e+00
 49 -0.14915  1.31145e+00 | 50  0.06666  6.40775e+00 | 51 -0.15531  7.96972e-01
 52 -0.05582  7.21928e-01 | 53 -0.14421 -7.06180e-02 | 54 -0.07842 -5.63848e-01
 55 -0.05018 -1.01827e+00 | 56 -0.12958 -6.51121e-01 | 57 -0.04535 -1.40810e+00
 58 -0.04587 -1.45742e+00 | 59 -0.00244 -2.19102e+00 | 60 -0.05839 -1.40284e+00
 61 -0.09905 -1.10728e+00 | 62 -0.00959 -2.23840e+00 | 63 -0.09169 -1.09204e+00
 64 -0.13405 -7.89706e-01 | 65 -0.04755 -1.47766e+00 | 66 -0.13324 -6.60655e-01
 67 -0.08763 -8.53884e-01 | 68 -0.09242 -7.11390e-01 | 69 -0.00034 -1.04875e+00
 70 -0.06187 -3.05066e-01 | 71 -0.10400 -3.62132e-02 | 72 -0.07562 -2.13735e-03
 73 -0.06975 -2.06482e-03 | 74 -0.42869  4.01795e+02 | 75 -1.62224  3.05151e+01
 76  0.79830  7.53947e+00 | 77  0.92034 -7.87942e-02 | 78  1.23564 -1.29074e+01
 79  0.13102 -7.56330e+01 | 80 -0.01774 -9.62120e-01 | 81 -1.51728 -1.13962e-01
 82 -0.10091 -2.01715e+00 | 83  0.00088  1.32807e+00 |
83 variables; iteration 2220; function evaluation 2677; phase 3
Function value 3.9855658e+01; maximum gradient component mag -5.6135e+01
Var    Value     Gradient |Var    Value     Gradient |Var    Value     Gradient
  1  0.00940 -5.61353e+01 |  2 -0.00652 -3.17759e-02 |  3 -0.00784 -8.30467e-02
  4 -0.02383 -1.80907e-02 |  5 -0.02541 -9.50992e-02 |  6 -0.02662 -2.98999e-02
  7 -0.02883 -1.92415e-01 |  8 -0.02975  3.38388e-02 |  9 -0.03235 -1.63118e-01
 10 -0.03460 -2.39993e-01 | 11 -0.03704 -3.33461e-01 | 12 -0.03981 -4.79700e-01
 13 -0.04202 -4.53747e-01 | 14 -0.04515 -6.85685e-01 | 15 -0.04862 -9.73700e-01
 16 -0.05231 -1.37407e+00 | 17 -0.05068 -1.65977e-01 | 18 -0.05610 -1.16708e+00
 19 -0.05667 -9.36550e-01 | 20 -0.05428  8.54641e-02 | 21 -0.05702 -7.13804e-01
 22 -0.05213  6.60962e-01 | 23 -0.05328  2.15122e-01 | 24 -0.06370 -2.92456e+00
 25 -0.05232  7.15655e-01 | 26 -0.07150 -4.15955e+00 | 27 -0.06570 -1.67060e+00
 28 -0.06676 -1.88314e+00 | 29 -0.03711  3.24664e+00 | 30 -0.06011 -6.52696e+00
 31  0.01837  4.52134e+00 | 32 -0.05929 -2.98038e+00 | 33 -0.13730 -9.39937e-01
 34 -0.16907 -8.18814e-01 | 35 -0.03953 -5.82165e-01 | 36 -0.12163 -9.28949e-01
 37  0.03840 -7.51829e-02 | 38  0.03431 -1.45953e+00 | 39 -0.12006 -1.09077e+00
 40  0.00770 -6.65985e-01 | 41  0.05582 -2.65100e-01 | 42 -0.14779 -5.50399e-01
 43  0.03408 -2.31348e-01 | 44 -0.11054 -7.53449e-02 | 45  0.01226  1.59607e-02
 46 -0.03962  9.94336e-03 | 47 -0.16666 -2.24930e-02 | 48 -0.16632  1.67910e-02
 49 -0.14914 -1.56590e-02 | 50  0.06668  1.53051e-01 | 51 -0.15533  2.96593e-03
 52 -0.05579  1.30092e-02 | 53 -0.14419 -3.77655e-03 | 54 -0.07839  2.18447e-02
 55 -0.05016  1.33579e-02 | 56 -0.12955  6.25774e-03 | 57 -0.04534 -3.29388e-02
 58 -0.04584 -6.18115e-02 | 59 -0.00242 -1.89749e-01 | 60 -0.05837 -1.25119e-01
 61 -0.09903 -1.27790e-01 | 62 -0.00957 -2.43266e-01 | 63 -0.09168 -1.25225e-01
 64 -0.13402 -9.84573e-02 | 65 -0.04754 -1.69890e-01 | 66 -0.13322 -6.46519e-02
 67 -0.08762 -8.15078e-02 | 68 -0.09240 -4.91973e-02 | 69 -0.00032 -1.22676e-02
 70 -0.06184  3.22078e-03 | 71 -0.10397  2.14276e-03 | 72 -0.07560  3.27701e-04
 73 -0.06973  4.19459e-04 | 74 -0.42874  5.60152e+00 | 75 -1.62169 -9.17944e-02
 76  0.80038 -3.60400e+00 | 77  0.92206  5.88033e-02 | 78  1.23716 -7.45773e-01
 79  0.13110  1.08317e+00 | 80 -0.01723 -9.29402e-01 | 81 -1.52105 -1.13087e-01
 82 -0.10093 -1.74874e-01 | 83  0.00087  1.11688e-01 |
83 variables; iteration 2240; function evaluation 2701; phase 3
Function value 3.9852492e+01; maximum gradient component mag -2.0552e+03
Var    Value     Gradient |Var    Value     Gradient |Var    Value     Gradient
  1  0.00941 -2.05518e+03 |  2 -0.00655 -3.31476e+00 |  3 -0.00785 -4.06469e+00
  4 -0.02384 -4.31090e+00 |  5 -0.02543 -5.25108e+00 |  6 -0.02666 -6.21476e+00
  7 -0.02881 -7.49575e+00 |  8 -0.02981 -8.65637e+00 |  9 -0.03238 -1.02625e+01
 10 -0.03455 -1.19083e+01 | 11 -0.03695 -1.37424e+01 | 12 -0.03971 -1.57927e+01
 13 -0.04191 -1.78814e+01 | 14 -0.04522 -2.02623e+01 | 15 -0.04837 -2.28398e+01
 16 -0.05204 -2.55579e+01 | 17 -0.05065 -2.77908e+01 | 18 -0.05573 -3.05446e+01
 19 -0.05620 -3.24206e+01 | 20 -0.05373 -3.39427e+01 | 21 -0.05635 -3.52760e+01
 22 -0.05428 -3.59010e+01 | 23 -0.05478 -3.71022e+01 | 24 -0.06370 -3.85561e+01
 25 -0.05776 -3.89601e+01 | 26 -0.06492 -3.87015e+01 | 27 -0.06350 -3.74474e+01
 28 -0.06909 -3.60404e+01 | 29 -0.03520 -3.80628e+01 | 30 -0.06255 -3.98304e+01
 31  0.01875 -5.54653e+01 | 32 -0.05949 -3.34443e+01 | 33 -0.13713 -1.61357e+01
 34 -0.16911 -1.22296e+01 | 35 -0.03949 -2.97729e+01 | 36 -0.12183 -1.46647e+01
 37  0.03845 -4.22861e+01 | 38  0.03427 -3.54832e+01 | 39 -0.12011 -9.50534e+00
 40  0.00777 -2.05088e+01 | 41  0.05573 -2.47905e+01 | 42 -0.14742 -4.62548e+00
 43  0.03404 -1.53940e+01 | 44 -0.11061 -4.17854e+00 | 45  0.01230 -8.90153e+00
 46 -0.03968 -4.62841e+00 | 47 -0.16661 -1.23811e+00 | 48 -0.16633 -8.66711e-01
 49 -0.14915 -7.55032e-01 | 50  0.06667 -3.32905e+00 | 51 -0.15535 -4.26665e-01
 52 -0.05580 -3.50996e-01 | 53 -0.14416  4.73612e-02 | 54 -0.07842  3.57765e-01
 55 -0.05017  5.79157e-01 | 56 -0.12956  3.58494e-01 | 57 -0.04536  7.09292e-01
 58 -0.04585  6.88186e-01 | 59 -0.00243  8.99093e-01 | 60 -0.05837  5.59869e-01
 61 -0.09902  4.03674e-01 | 62 -0.00959  8.16255e-01 | 63 -0.09167  3.83777e-01
 64 -0.13402  2.57902e-01 | 65 -0.04754  5.15144e-01 | 66 -0.13322  2.41807e-01
 67 -0.08762  3.31786e-01 | 68 -0.09238  3.15344e-01 | 69 -0.00033  5.76747e-01
 70 -0.06183  1.75855e-01 | 71 -0.10399  2.27312e-02 | 72 -0.07560  1.70658e-03
 73 -0.06973  1.40777e-03 | 74 -0.42873 -2.30392e+02 | 75 -1.62209 -1.82816e+01
 76  0.80191 -1.00866e+01 | 77  0.92240  1.38192e-01 | 78  1.23927  6.57932e+00
 79  0.13102  4.66750e+01 | 80 -0.01589 -8.65921e-01 | 81 -1.53091 -1.12921e-01
 82 -0.10093  8.23617e-01 | 83  0.00086 -5.31212e-01 |
83 variables; iteration 2260; function evaluation 2728; phase 3
Function value 3.9847973e+01; maximum gradient component mag 6.8809e+02
Var    Value     Gradient |Var    Value     Gradient |Var    Value     Gradient
  1  0.00941  6.88090e+02 |  2 -0.00659  1.15281e+00 |  3 -0.00785  1.37739e+00
  4 -0.02390  1.53602e+00 |  5 -0.02547  1.78192e+00 |  6 -0.02672  2.20711e+00
  7 -0.02874  2.51379e+00 |  8 -0.03004  3.13607e+00 |  9 -0.03250  3.49719e+00
 10 -0.03472  4.01351e+00 | 11 -0.03696  4.62420e+00 | 12 -0.03956  5.23704e+00
 13 -0.04188  6.00216e+00 | 14 -0.04518  6.49494e+00 | 15 -0.04836  7.16867e+00
 16 -0.05172  7.74086e+00 | 17 -0.05122  9.77302e+00 | 18 -0.05584  9.72816e+00
 19 -0.05617  1.08277e+01 | 20 -0.05430  1.25710e+01 | 21 -0.05607  1.23627e+01
 22 -0.05569  1.26146e+01 | 23 -0.05504  1.32179e+01 | 24 -0.06023  1.15914e+01
 25 -0.06258  1.11515e+01 | 26 -0.05965  1.32596e+01 | 27 -0.06830  1.04721e+01
 28 -0.06441  1.16313e+01 | 29 -0.03502  1.93245e+01 | 30 -0.06440  4.67390e+00
 31  0.01815  2.66185e+01 | 32 -0.05803  9.02140e+00 | 33 -0.13770  4.83189e+00
 34 -0.16922  3.51903e+00 | 35 -0.03936  1.05702e+01 | 36 -0.12204  4.02630e+00
 37  0.03846  1.57739e+01 | 38  0.03427  1.08624e+01 | 39 -0.11998  2.18943e+00
 40  0.00775  7.09174e+00 | 41  0.05571  9.20343e+00 | 42 -0.14721  1.24678e+00
 43  0.03401  5.77605e+00 | 44 -0.11055  1.54936e+00 | 45  0.01226  3.60407e+00
 46 -0.03963  1.83220e+00 | 47 -0.16651  4.96526e-01 | 48 -0.16631  3.51277e-01
 49 -0.14917  2.61237e-01 | 50  0.06667  1.49381e+00 | 51 -0.15538  1.70512e-01
 52 -0.05581  1.67698e-01 | 53 -0.14421 -1.91290e-02 | 54 -0.07842 -1.29271e-01
 55 -0.05019 -2.60552e-01 | 56 -0.12959 -1.63774e-01 | 57 -0.04537 -3.69842e-01
 58 -0.04587 -3.76412e-01 | 59 -0.00244 -5.74577e-01 | 60 -0.05839 -3.51353e-01
 61 -0.09904 -2.74863e-01 | 62 -0.00960 -5.32629e-01 | 63 -0.09169 -2.58557e-01
 64 -0.13404 -1.89647e-01 | 65 -0.04756 -3.41719e-01 | 66 -0.13323 -1.46546e-01
 67 -0.08763 -1.87012e-01 | 68 -0.09240 -1.50113e-01 | 69 -0.00035 -1.99915e-01
 70 -0.06187 -5.95599e-02 | 71 -0.10401 -6.60999e-03 | 72 -0.07563 -8.31137e-04
 73 -0.06975 -7.95715e-04 | 74 -0.42865  9.23139e+01 | 75 -1.62304  6.62222e+00
 76  0.80255 -1.17741e+00 | 77  0.92271  2.93159e-02 | 78  1.24098 -3.42301e+00
 79  0.13098 -1.50559e+01 | 80 -0.01470 -7.70293e-01 | 81 -1.53847 -1.05906e-01
 82 -0.10090 -4.97422e-01 | 83  0.00088  3.35409e-01 |
83 variables; iteration 2280; function evaluation 2755; phase 3
Function value 3.9842887e+01; maximum gradient component mag 8.7169e+02
Var    Value     Gradient |Var    Value     Gradient |Var    Value     Gradient
  1  0.00942  8.71692e+02 |  2 -0.00660  1.45276e+00 |  3 -0.00788  1.73691e+00
  4 -0.02400  1.90465e+00 |  5 -0.02544  2.26419e+00 |  6 -0.02685  2.74091e+00
  7 -0.02877  3.18063e+00 |  8 -0.03033  3.84314e+00 |  9 -0.03265  4.37828e+00
 10 -0.03482  5.05296e+00 | 11 -0.03699  5.84640e+00 | 12 -0.03953  6.65226e+00
 13 -0.04194  7.57835e+00 | 14 -0.04525  8.25547e+00 | 15 -0.04850  9.11230e+00
 16 -0.05164  9.98111e+00 | 17 -0.05202  1.19451e+01 | 18 -0.05614  1.22680e+01
 19 -0.05698  1.33422e+01 | 20 -0.05667  1.46169e+01 | 21 -0.05791  1.47054e+01
 22 -0.05499  1.61062e+01 | 23 -0.05637  1.59352e+01 | 24 -0.05538  1.69883e+01
 25 -0.05740  1.66737e+01 | 26 -0.05959  1.66799e+01 | 27 -0.07488  1.09101e+01
 28 -0.06111  1.61310e+01 | 29 -0.03615  2.26318e+01 | 30 -0.06372  7.76060e+00
 31  0.01728  3.17300e+01 | 32 -0.05665  1.24866e+01 | 33 -0.13807  6.24731e+00
 34 -0.16923  4.62793e+00 | 35 -0.03942  1.33605e+01 | 36 -0.12141  5.56023e+00
 37  0.03816  2.00522e+01 | 38  0.03455  1.46536e+01 | 39 -0.12009  3.16565e+00
 40  0.00768  9.04077e+00 | 41  0.05574  1.13057e+01 | 42 -0.14722  1.62867e+00
 43  0.03407  6.90425e+00 | 44 -0.11071  1.79387e+00 | 45  0.01228  4.16144e+00
 46 -0.03959  2.03649e+00 | 47 -0.16635  5.55319e-01 | 48 -0.16625  3.65031e-01
 49 -0.14921  2.67424e-01 | 50  0.06669  1.57336e+00 | 51 -0.15545  1.66059e-01
 52 -0.05582  1.58268e-01 | 53 -0.14430 -2.73912e-02 | 54 -0.07842 -1.45757e-01
 55 -0.05023 -2.74898e-01 | 56 -0.12961 -1.67227e-01 | 57 -0.04539 -3.74768e-01
 58 -0.04589 -3.68422e-01 | 59 -0.00247 -5.56571e-01 | 60 -0.05841 -3.26965e-01
 61 -0.09908 -2.60479e-01 | 62 -0.00962 -4.96356e-01 | 63 -0.09173 -2.51033e-01
 64 -0.13405 -1.82293e-01 | 65 -0.04758 -3.48617e-01 | 66 -0.13325 -1.50382e-01
 67 -0.08765 -1.96478e-01 | 68 -0.09242 -1.54140e-01 | 69 -0.00038 -2.15936e-01
 70 -0.06191 -6.51835e-02 | 71 -0.10403 -7.13327e-03 | 72 -0.07566 -1.00897e-03
 73 -0.06978 -7.72950e-04 | 74 -0.42860  1.13806e+02 | 75 -1.62357  8.32149e+00
 76  0.80195 -5.91748e-01 | 77  0.92363  2.27891e-02 | 78  1.24219 -4.10706e+00
 79  0.13096 -1.90438e+01 | 80 -0.01498 -7.19918e-01 | 81 -1.53571 -9.71332e-02
 82 -0.10086 -4.94913e-01 | 83  0.00090  3.23349e-01 |
83 variables; iteration 2300; function evaluation 2781; phase 3
Function value 3.9837428e+01; maximum gradient component mag -1.4928e+03
Var    Value     Gradient |Var    Value     Gradient |Var    Value     Gradient
  1  0.00941 -1.49279e+03 |  2 -0.00668 -2.45277e+00 |  3 -0.00792 -2.99807e+00
  4 -0.02411 -3.20759e+00 |  5 -0.02551 -3.87120e+00 |  6 -0.02699 -4.61481e+00
  7 -0.02877 -5.50346e+00 |  8 -0.03070 -6.50015e+00 |  9 -0.03286 -7.62866e+00
 10 -0.03502 -8.83887e+00 | 11 -0.03706 -1.01224e+01 | 12 -0.03953 -1.16003e+01
 13 -0.04204 -1.31771e+01 | 14 -0.04535 -1.49884e+01 | 15 -0.04865 -1.69454e+01
 16 -0.05160 -1.89143e+01 | 17 -0.05283 -2.06149e+01 | 18 -0.05648 -2.26354e+01
 19 -0.05762 -2.39801e+01 | 20 -0.05795 -2.50713e+01 | 21 -0.05851 -2.59744e+01
 22 -0.05409 -2.60370e+01 | 23 -0.05447 -2.69905e+01 | 24 -0.05497 -2.80596e+01
 25 -0.05101 -2.79580e+01 | 26 -0.06719 -2.86971e+01 | 27 -0.07404 -2.80995e+01
 28 -0.06121 -2.58703e+01 | 29 -0.03646 -2.62160e+01 | 30 -0.06125 -3.05209e+01
 31  0.01690 -3.78471e+01 | 32 -0.05656 -2.40087e+01 | 33 -0.13802 -1.14947e+01
 34 -0.16923 -8.80876e+00 | 35 -0.03950 -2.12486e+01 | 36 -0.12122 -1.06664e+01
 37  0.03819 -3.01832e+01 | 38  0.03453 -2.58294e+01 | 39 -0.11990 -6.73971e+00
 40  0.00769 -1.45209e+01 | 41  0.05574 -1.77743e+01 | 42 -0.14691 -3.21784e+00
 43  0.03406 -1.08435e+01 | 44 -0.11082 -2.98980e+00 | 45  0.01240 -6.19204e+00
 46 -0.03971 -3.33747e+00 | 47 -0.16622 -8.38060e-01 | 48 -0.16623 -6.39689e-01
 49 -0.14920 -5.82233e-01 | 50  0.06670 -2.41075e+00 | 51 -0.15542 -3.20745e-01
 52 -0.05580 -2.51842e-01 | 53 -0.14426  3.76485e-02 | 54 -0.07840  2.55856e-01
 55 -0.05020  4.17843e-01 | 56 -0.12959  2.53793e-01 | 57 -0.04536  5.18272e-01
 58 -0.04587  5.16339e-01 | 59 -0.00244  6.83579e-01 | 60 -0.05839  4.42295e-01
 61 -0.09905  3.13333e-01 | 62 -0.00959  6.59567e-01 | 63 -0.09171  3.05832e-01
 64 -0.13403  2.09993e-01 | 65 -0.04756  4.13826e-01 | 66 -0.13323  1.99544e-01
 67 -0.08763  2.58804e-01 | 68 -0.09240  2.44793e-01 | 69 -0.00035  4.27428e-01
 70 -0.06188  1.27411e-01 | 71 -0.10401  1.64314e-02 | 72 -0.07564  1.15361e-03
 73 -0.06976  7.77913e-04 | 74 -0.42861 -1.62466e+02 | 75 -1.62339 -1.31569e+01
 76  0.80175 -8.27167e+00 | 77  0.92480  1.13965e-01 | 78  1.24302  4.69088e+00
 79  0.13106  3.50102e+01 | 80 -0.01615 -6.70262e-01 | 81 -1.52595 -8.43383e-02
 82 -0.10087  6.38182e-01 | 83  0.00090 -4.17356e-01 |
83 variables; iteration 2320; function evaluation 2808; phase 3
Function value 3.9835459e+01; maximum gradient component mag -8.2020e+02
Var    Value     Gradient |Var    Value     Gradient |Var    Value     Gradient
  1  0.00941 -8.20197e+02 |  2 -0.00669 -1.35518e+00 |  3 -0.00792 -1.66412e+00
  4 -0.02413 -1.77728e+00 |  5 -0.02550 -2.14029e+00 |  6 -0.02702 -2.55647e+00
  7 -0.02876 -3.04702e+00 |  8 -0.03084 -3.64269e+00 |  9 -0.03293 -4.27024e+00
 10 -0.03509 -4.94719e+00 | 11 -0.03707 -5.61779e+00 | 12 -0.03948 -6.42896e+00
 13 -0.04205 -7.32217e+00 | 14 -0.04538 -8.43668e+00 | 15 -0.04871 -9.60870e+00
 16 -0.05145 -1.07087e+01 | 17 -0.05307 -1.15538e+01 | 18 -0.05640 -1.27870e+01
 19 -0.05769 -1.35167e+01 | 20 -0.05800 -1.40161e+01 | 21 -0.05782 -1.44130e+01
 22 -0.05370 -1.39414e+01 | 23 -0.05260 -1.42671e+01 | 24 -0.05864 -1.59264e+01
 25 -0.04999 -1.43416e+01 | 26 -0.07009 -1.72603e+01 | 27 -0.06918 -1.60288e+01
 28 -0.06528 -1.46274e+01 | 29 -0.03514 -1.21389e+01 | 30 -0.06014 -1.91994e+01
 31  0.01711 -1.78310e+01 | 32 -0.05724 -1.36151e+01 | 33 -0.13775 -6.32600e+00
 34 -0.16913 -4.94253e+00 | 35 -0.03965 -1.13948e+01 | 36 -0.12101 -5.92125e+00
 37  0.03820 -1.58351e+01 | 38  0.03450 -1.41591e+01 | 39 -0.11988 -3.81740e+00
 40  0.00773 -7.70708e+00 | 41  0.05571 -9.53695e+00 | 42 -0.14674 -1.79144e+00
 43  0.03404 -5.78194e+00 | 44 -0.11094 -1.65249e+00 | 45  0.01249 -3.25635e+00
 46 -0.03983 -1.86192e+00 | 47 -0.16619 -4.41309e-01 | 48 -0.16625 -3.65926e-01
 49 -0.14919 -3.56362e-01 | 50  0.06671 -1.32028e+00 | 51 -0.15540 -1.91426e-01
 52 -0.05578 -1.39315e-01 | 53 -0.14421  2.17088e-02 | 54 -0.07839  1.51268e-01
 55 -0.05017  2.37082e-01 | 56 -0.12957  1.43156e-01 | 57 -0.04535  2.84158e-01
 58 -0.04585  2.84785e-01 | 59 -0.00243  3.60023e-01 | 60 -0.05837  2.41223e-01
 61 -0.09903  1.62521e-01 | 62 -0.00958  3.54603e-01 | 63 -0.09169  1.56830e-01
 64 -0.13401  1.08285e-01 | 65 -0.04754  2.11915e-01 | 66 -0.13321  1.07646e-01
 67 -0.08762  1.39041e-01 | 68 -0.09238  1.38725e-01 | 69 -0.00033  2.50087e-01
 70 -0.06185  7.45219e-02 | 71 -0.10399  1.01283e-02 | 72 -0.07561  6.06296e-04
 73 -0.06974  2.75808e-04 | 74 -0.42866 -8.40867e+01 | 75 -1.62288 -7.04324e+00
 76  0.80243 -6.05678e+00 | 77  0.92579  8.73857e-02 | 78  1.24310  2.19957e+00
 79  0.13114  1.98497e+01 | 80 -0.01663 -6.53898e-01 | 81 -1.52184 -7.97872e-02
 82 -0.10091  3.39678e-01 | 83  0.00088 -2.27165e-01 |
83 variables; iteration 2340; function evaluation 2833; phase 3
Function value 3.9832350e+01; maximum gradient component mag -2.6337e+03
Var    Value     Gradient |Var    Value     Gradient |Var    Value     Gradient
  1  0.00941 -2.63369e+03 |  2 -0.00669 -4.35280e+00 |  3 -0.00792 -5.30601e+00
  4 -0.02416 -5.70064e+00 |  5 -0.02551 -6.85512e+00 |  6 -0.02707 -8.20218e+00
  7 -0.02874 -9.73439e+00 |  8 -0.03092 -1.15320e+01 |  9 -0.03294 -1.34675e+01
 10 -0.03509 -1.55923e+01 | 11 -0.03702 -1.78896e+01 | 12 -0.03938 -2.04756e+01
 13 -0.04195 -2.32605e+01 | 14 -0.04537 -2.62910e+01 | 15 -0.04858 -2.95984e+01
 16 -0.05108 -3.29619e+01 | 17 -0.05306 -3.63054e+01 | 18 -0.05601 -3.95517e+01
 19 -0.05739 -4.20164e+01 | 20 -0.05805 -4.41218e+01 | 21 -0.05717 -4.57200e+01
 22 -0.05474 -4.66816e+01 | 23 -0.05247 -4.83772e+01 | 24 -0.06071 -4.94504e+01
 25 -0.05470 -5.05220e+01 | 26 -0.06527 -4.92814e+01 | 27 -0.06519 -4.77643e+01
 28 -0.06943 -4.55011e+01 | 29 -0.03288 -5.02059e+01 | 30 -0.06154 -4.91113e+01
 31  0.01726 -7.12992e+01 | 32 -0.05737 -4.15224e+01 | 33 -0.13763 -1.99717e+01
 34 -0.16908 -1.52263e+01 | 35 -0.03977 -3.77663e+01 | 36 -0.12086 -1.83475e+01
 37  0.03816 -5.40267e+01 | 38  0.03449 -4.48633e+01 | 39 -0.11990 -1.13873e+01
 40  0.00775 -2.56757e+01 | 41  0.05564 -3.17488e+01 | 42 -0.14636 -5.50355e+00
 43  0.03397 -1.94473e+01 | 44 -0.11091 -5.32353e+00 | 45  0.01251 -1.12928e+01
 46 -0.03990 -6.02391e+00 | 47 -0.16615 -1.53299e+00 | 48 -0.16628 -1.15512e+00
 49 -0.14921 -1.01811e+00 | 50  0.06669 -4.43066e+00 | 51 -0.15541 -5.74367e-01
 52 -0.05579 -4.67635e-01 | 53 -0.14418  6.76683e-02 | 54 -0.07842  4.55701e-01
 55 -0.05017  7.62182e-01 | 56 -0.12958  4.66719e-01 | 57 -0.04536  9.70322e-01
 58 -0.04586  9.69551e-01 | 59 -0.00243  1.34342e+00 | 60 -0.05837  8.55577e-01
 61 -0.09903  6.30172e-01 | 62 -0.00959  1.29864e+00 | 63 -0.09169  6.08641e-01
 64 -0.13401  4.27927e-01 | 65 -0.04755  8.25801e-01 | 66 -0.13322  3.84510e-01
 67 -0.08763  5.03050e-01 | 68 -0.09237  4.57524e-01 | 69 -0.00034  7.59106e-01
 70 -0.06184  2.26699e-01 | 71 -0.10400  2.84219e-02 | 72 -0.07561  2.03156e-03
 73 -0.06974  1.35142e-03 | 74 -0.42867 -2.96934e+02 | 75 -1.62293 -2.35125e+01
 76  0.80395 -1.18376e+01 | 77  0.92689  1.54312e-01 | 78  1.24401  8.98284e+00
 79  0.13115  6.12044e+01 | 80 -0.01579 -5.83585e-01 | 81 -1.52717 -7.39411e-02
 82 -0.10092  1.23683e+00 | 83  0.00087 -8.13343e-01 |
83 variables; iteration 2360; function evaluation 2859; phase 3
Function value 3.9827591e+01; maximum gradient component mag -3.2637e+02
Var    Value     Gradient |Var    Value     Gradient |Var    Value     Gradient
  1  0.00942 -3.26367e+02 |  2 -0.00671 -5.62074e-01 |  3 -0.00792 -6.88542e-01
  4 -0.02422 -7.52517e-01 |  5 -0.02550 -8.77805e-01 |  6 -0.02717 -1.08783e+00
  7 -0.02868 -1.23697e+00 |  8 -0.03113 -1.61373e+00 |  9 -0.03303 -1.83749e+00
 10 -0.03522 -2.13236e+00 | 11 -0.03703 -2.31962e+00 | 12 -0.03925 -2.60263e+00
 13 -0.04194 -3.02001e+00 | 14 -0.04537 -3.64893e+00 | 15 -0.04857 -4.21178e+00
 16 -0.05087 -4.58135e+00 | 17 -0.05354 -5.04972e+00 | 18 -0.05612 -5.53975e+00
 19 -0.05736 -5.79326e+00 | 20 -0.05810 -5.97768e+00 | 21 -0.05676 -5.75187e+00
 22 -0.05593 -5.71865e+00 | 23 -0.05297 -5.17338e+00 | 24 -0.05608 -6.16927e+00
 25 -0.06047 -7.06351e+00 | 26 -0.06231 -6.76625e+00 | 27 -0.06891 -7.43746e+00
 28 -0.06485 -6.00827e+00 | 29 -0.03256 -1.21353e+00 | 30 -0.06285 -1.13087e+01
 31  0.01671 -3.39194e+00 | 32 -0.05627 -5.61263e+00 | 33 -0.13805 -2.45937e+00
 34 -0.16902 -2.00938e+00 | 35 -0.03984 -4.16508e+00 | 36 -0.12070 -2.46238e+00
 37  0.03809 -5.42578e+00 | 38  0.03451 -5.62411e+00 | 39 -0.11976 -1.44950e+00
 40  0.00770 -2.66053e+00 | 41  0.05559 -3.63594e+00 | 42 -0.14593 -5.65915e-01
 43  0.03387 -2.10048e+00 | 44 -0.11075 -6.49972e-01 | 45  0.01247 -1.12334e+00
 46 -0.03990 -8.28715e-01 | 47 -0.16607 -1.29566e-01 | 48 -0.16628 -1.80130e-01
 49 -0.14925 -2.09640e-01 | 50  0.06668 -5.85789e-01 | 51 -0.15545 -1.05444e-01
 52 -0.05581 -6.31053e-02 | 53 -0.14421  1.14545e-02 | 54 -0.07844  7.77641e-02
 55 -0.05019  1.13734e-01 | 56 -0.12961  6.41909e-02 | 57 -0.04538  1.32790e-01
 58 -0.04587  1.36382e-01 | 59 -0.00245  1.67189e-01 | 60 -0.05839  1.18382e-01
 61 -0.09905  7.50766e-02 | 62 -0.00961  1.77018e-01 | 63 -0.09171  7.12614e-02
 64 -0.13402  5.26662e-02 | 65 -0.04757  9.95868e-02 | 66 -0.13323  5.63465e-02
 67 -0.08764  7.43989e-02 | 68 -0.09238  7.83859e-02 | 69 -0.00036  1.38973e-01
 70 -0.06186  3.90117e-02 | 71 -0.10402  6.01634e-03 | 72 -0.07562  3.38283e-04
 73 -0.06975 -1.44145e-04 | 74 -0.42858 -2.70814e+01 | 75 -1.62424 -2.64790e+00
 76  0.80460 -4.41120e+00 | 77  0.92793  6.81870e-02 | 78  1.24537  4.00005e-01
 79  0.13113  9.03684e+00 | 80 -0.01477 -4.56405e-01 | 81 -1.53213 -5.96790e-02
 82 -0.10091  1.59492e-01 | 83  0.00087 -1.14855e-01 |
83 variables; iteration 2380; function evaluation 2886; phase 3
Function value 3.9826702e+01; maximum gradient component mag -6.1136e+02
Var    Value     Gradient |Var    Value     Gradient |Var    Value     Gradient
  1  0.00942 -6.11359e+02 |  2 -0.00673 -1.03242e+00 |  3 -0.00792 -1.25884e+00
  4 -0.02424 -1.37008e+00 |  5 -0.02552 -1.62009e+00 |  6 -0.02720 -1.97503e+00
  7 -0.02870 -2.28928e+00 |  8 -0.03120 -2.85899e+00 |  9 -0.03307 -3.28388e+00
 10 -0.03525 -3.80602e+00 | 11 -0.03706 -4.25078e+00 | 12 -0.03930 -4.82038e+00
 13 -0.04199 -5.53499e+00 | 14 -0.04540 -6.45480e+00 | 15 -0.04863 -7.36609e+00
 16 -0.05100 -8.12161e+00 | 17 -0.05372 -8.96105e+00 | 18 -0.05631 -9.79332e+00
 19 -0.05757 -1.03218e+01 | 20 -0.05852 -1.07847e+01 | 21 -0.05777 -1.09123e+01
 22 -0.05564 -1.06998e+01 | 23 -0.05509 -1.09743e+01 | 24 -0.05242 -1.07997e+01
 25 -0.05712 -1.16638e+01 | 26 -0.06387 -1.23671e+01 | 27 -0.07150 -1.29084e+01
 28 -0.06316 -1.05646e+01 | 29 -0.03362 -7.45140e+00 | 30 -0.06234 -1.59112e+01
 31  0.01665 -1.16650e+01 | 32 -0.05621 -9.95634e+00 | 33 -0.13801 -4.57928e+00
 34 -0.16898 -3.61080e+00 | 35 -0.03987 -8.32201e+00 | 36 -0.12055 -4.39166e+00
 37  0.03804 -1.14370e+01 | 38  0.03455 -1.04308e+01 | 39 -0.11971 -2.61459e+00
 40  0.00768 -5.53348e+00 | 41  0.05562 -7.17494e+00 | 42 -0.14593 -1.16637e+00
 43  0.03387 -4.29148e+00 | 44 -0.11071 -1.23578e+00 | 45  0.01246 -2.41095e+00
 46 -0.03987 -1.50143e+00 | 47 -0.16604 -3.08399e-01 | 48 -0.16627 -3.08624e-01
 49 -0.14925 -3.17517e-01 | 50  0.06670 -1.07828e+00 | 51 -0.15545 -1.67526e-01
 52 -0.05580 -1.14300e-01 | 53 -0.14422  2.01536e-02 | 54 -0.07843  1.31284e-01
 55 -0.05019  2.07371e-01 | 56 -0.12960  1.20794e-01 | 57 -0.04537  2.51545e-01
 58 -0.04587  2.52091e-01 | 59 -0.00245  3.22976e-01 | 60 -0.05839  2.12608e-01
 61 -0.09905  1.41734e-01 | 62 -0.00960  3.10357e-01 | 63 -0.09171  1.32778e-01
 64 -0.13402  9.67327e-02 | 65 -0.04757  1.83535e-01 | 66 -0.13323  9.58609e-02
 67 -0.08764  1.25219e-01 | 68 -0.09238  1.24678e-01 | 69 -0.00036  2.15616e-01
 70 -0.06187  6.27955e-02 | 71 -0.10401  9.15555e-03 | 72 -0.07562  6.67999e-04
 73 -0.06975  5.69603e-05 | 74 -0.42855 -6.01432e+01 | 75 -1.62447 -5.23225e+00
 76  0.80419 -5.33526e+00 | 77  0.92821  7.85919e-02 | 78  1.24550  1.46638e+00
 79  0.13111  1.54766e+01 | 80 -0.01500 -4.42838e-01 | 81 -1.53014 -5.69694e-02
 82 -0.10090  2.95994e-01 | 83  0.00088 -2.07968e-01 |
83 variables; iteration 2400; function evaluation 2912; phase 3
Function value 3.9823721e+01; maximum gradient component mag -1.5597e+03
Var    Value     Gradient |Var    Value     Gradient |Var    Value     Gradient
  1  0.00942 -1.55968e+03 |  2 -0.00675 -2.60578e+00 |  3 -0.00793 -3.16873e+00
  4 -0.02430 -3.43222e+00 |  5 -0.02553 -4.09259e+00 |  6 -0.02729 -4.94413e+00
  7 -0.02870 -5.79704e+00 |  8 -0.03138 -7.01344e+00 |  9 -0.03316 -8.11557e+00
 10 -0.03534 -9.39394e+00 | 11 -0.03710 -1.06936e+01 | 12 -0.03929 -1.21972e+01
 13 -0.04205 -1.39076e+01 | 14 -0.04542 -1.58156e+01 | 15 -0.04870 -1.78656e+01
 16 -0.05072 -1.97945e+01 | 17 -0.05434 -2.19451e+01 | 18 -0.05631 -2.38173e+01
 19 -0.05808 -2.53041e+01 | 20 -0.06016 -2.66331e+01 | 21 -0.05833 -2.73085e+01
 22 -0.05497 -2.75126e+01 | 23 -0.05431 -2.83886e+01 | 24 -0.05495 -2.94916e+01
 25 -0.05124 -2.94273e+01 | 26 -0.06612 -2.98470e+01 | 27 -0.06908 -2.87653e+01
 28 -0.06683 -2.73165e+01 | 29 -0.03323 -2.73068e+01 | 30 -0.06102 -3.13327e+01
 31  0.01642 -3.92737e+01 | 32 -0.05628 -2.45876e+01 | 33 -0.13778 -1.16035e+01
 34 -0.16884 -8.96072e+00 | 35 -0.04013 -2.21865e+01 | 36 -0.11995 -1.08278e+01
 37  0.03789 -3.15405e+01 | 38  0.03462 -2.64354e+01 | 39 -0.11964 -6.46753e+00
 40  0.00764 -1.49541e+01 | 41  0.05559 -1.88642e+01 | 42 -0.14555 -3.08059e+00
 43  0.03379 -1.14886e+01 | 44 -0.11059 -3.17034e+00 | 45  0.01246 -6.66360e+00
 46 -0.03991 -3.71851e+00 | 47 -0.16598 -8.76930e-01 | 48 -0.16627 -7.24783e-01
 49 -0.14927 -6.68613e-01 | 50  0.06670 -2.70119e+00 | 51 -0.15545 -3.69362e-01
 52 -0.05580 -2.85159e-01 | 53 -0.14420  4.53019e-02 | 54 -0.07844  2.94148e-01
 55 -0.05018  4.88898e-01 | 56 -0.12961  2.92645e-01 | 57 -0.04537  6.18472e-01
 58 -0.04587  6.16034e-01 | 59 -0.00245  8.42397e-01 | 60 -0.05839  5.32128e-01
 61 -0.09904  3.84693e-01 | 62 -0.00961  7.94487e-01 | 63 -0.09170  3.64385e-01
 64 -0.13401  2.62684e-01 | 65 -0.04757  5.00165e-01 | 66 -0.13322  2.40092e-01
 67 -0.08764  3.16237e-01 | 68 -0.09237  2.92205e-01 | 69 -0.00036  4.81029e-01
 70 -0.06185  1.42351e-01 | 71 -0.10401  1.90285e-02 | 72 -0.07562  1.60157e-03
 73 -0.06975  5.82911e-04 | 74 -0.42860 -1.71463e+02 | 75 -1.62401 -1.38764e+01
 76  0.80455 -8.35150e+00 | 77  0.92971  1.11882e-01 | 78  1.24603  5.03087e+00
 79  0.13112  3.70390e+01 | 80 -0.01582 -3.57481e-01 | 81 -1.52147 -4.23823e-02
 82 -0.10092  7.62777e-01 | 83  0.00087 -5.16367e-01 |
83 variables; iteration 2420; function evaluation 2939; phase 3
Function value 3.9822027e+01; maximum gradient component mag -7.1911e+02
Var    Value     Gradient |Var    Value     Gradient |Var    Value     Gradient
  1  0.00943 -7.19109e+02 |  2 -0.00676 -1.22138e+00 |  3 -0.00793 -1.47912e+00
  4 -0.02431 -1.62362e+00 |  5 -0.02553 -1.90772e+00 |  6 -0.02733 -2.34851e+00
  7 -0.02868 -2.68931e+00 |  8 -0.03145 -3.39755e+00 |  9 -0.03319 -3.86913e+00
 10 -0.03540 -4.48586e+00 | 11 -0.03712 -5.00831e+00 | 12 -0.03923 -5.65543e+00
 13 -0.04204 -6.51348e+00 | 14 -0.04544 -7.54566e+00 | 15 -0.04873 -8.60056e+00
 16 -0.05068 -9.40073e+00 | 17 -0.05451 -1.06276e+01 | 18 -0.05638 -1.14201e+01
 19 -0.05813 -1.21566e+01 | 20 -0.06000 -1.29068e+01 | 21 -0.05720 -1.26755e+01
 22 -0.05474 -1.24614e+01 | 23 -0.04991 -1.19419e+01 | 24 -0.05775 -1.39553e+01
 25 -0.05554 -1.34019e+01 | 26 -0.06725 -1.49456e+01 | 27 -0.06807 -1.40087e+01
 28 -0.06565 -1.28278e+01 | 29 -0.03242 -9.40019e+00 | 30 -0.06082 -1.74025e+01
 31  0.01579 -1.48603e+01 | 32 -0.05545 -1.14228e+01 | 33 -0.13817 -5.27877e+00
 34 -0.16884 -4.16321e+00 | 35 -0.04019 -1.00461e+01 | 36 -0.11982 -4.99950e+00
 37  0.03786 -1.39761e+01 | 38  0.03462 -1.21543e+01 | 39 -0.11960 -2.85030e+00
 40  0.00762 -6.59738e+00 | 41  0.05557 -8.64513e+00 | 42 -0.14537 -1.27430e+00
 43  0.03374 -5.18342e+00 | 44 -0.11052 -1.46579e+00 | 45  0.01245 -2.97287e+00
 46 -0.03993 -1.82840e+00 | 47 -0.16596 -3.65468e-01 | 48 -0.16629 -3.70345e-01
 49 -0.14928 -3.75752e-01 | 50  0.06669 -1.32201e+00 | 51 -0.15546 -2.00012e-01
 52 -0.05581 -1.39841e-01 | 53 -0.14420  2.48182e-02 | 54 -0.07845  1.57215e-01
 55 -0.05019  2.54340e-01 | 56 -0.12962  1.46369e-01 | 57 -0.04538  3.14625e-01
 58 -0.04588  3.10924e-01 | 59 -0.00245  4.12822e-01 | 60 -0.05839  2.59240e-01
 61 -0.09905  1.80579e-01 | 62 -0.00961  3.82603e-01 | 63 -0.09171  1.67701e-01
 64 -0.13402  1.26942e-01 | 65 -0.04758  2.39029e-01 | 66 -0.13323  1.21075e-01
 67 -0.08764  1.63665e-01 | 68 -0.09237  1.57026e-01 | 69 -0.00037  2.62353e-01
 70 -0.06186  7.61729e-02 | 71 -0.10402  1.12306e-02 | 72 -0.07562  1.02768e-03
 73 -0.06975  5.56175e-05 | 74 -0.42858 -7.36724e+01 | 75 -1.62432 -6.27602e+00
 76  0.80493 -5.64359e+00 | 77  0.93043  8.15418e-02 | 78  1.24591  1.87014e+00
 79  0.13118  1.80213e+01 | 80 -0.01582 -3.03029e-01 | 81 -1.51961 -3.48413e-02
 82 -0.10092  3.69852e-01 | 83  0.00087 -2.60787e-01 |
83 variables; iteration 2440; function evaluation 2966; phase 3
Function value 3.9820680e+01; maximum gradient component mag -2.9005e+02
Var    Value     Gradient |Var    Value     Gradient |Var    Value     Gradient
  1  0.00943 -2.90051e+02 |  2 -0.00676 -5.12407e-01 |  3 -0.00791 -6.14731e-01
  4 -0.02431 -6.99038e-01 |  5 -0.02552 -7.91477e-01 |  6 -0.02735 -1.02341e+00
  7 -0.02867 -1.10164e+00 |  8 -0.03145 -1.54316e+00 |  9 -0.03316 -1.69243e+00
 10 -0.03539 -1.97144e+00 | 11 -0.03710 -2.09820e+00 | 12 -0.03917 -2.30754e+00
 13 -0.04199 -2.72526e+00 | 14 -0.04540 -3.30999e+00 | 15 -0.04864 -3.84270e+00
 16 -0.05054 -4.06008e+00 | 17 -0.05438 -4.80204e+00 | 18 -0.05617 -5.03389e+00
 19 -0.05780 -5.35939e+00 | 20 -0.05962 -5.80538e+00 | 21 -0.05710 -5.22224e+00
 22 -0.05567 -5.01260e+00 | 23 -0.05274 -4.43998e+00 | 24 -0.05555 -5.34751e+00
 25 -0.05875 -5.93059e+00 | 26 -0.06306 -6.24554e+00 | 27 -0.06814 -6.54392e+00
 28 -0.06628 -5.63506e+00 | 29 -0.03165 -1.02027e-01 | 30 -0.06224 -1.05120e+01
 31  0.01608 -2.32143e+00 | 32 -0.05568 -4.75144e+00 | 33 -0.13805 -2.01182e+00
 34 -0.16873 -1.68507e+00 | 35 -0.04028 -3.87337e+00 | 36 -0.11972 -2.01095e+00
 37  0.03783 -4.98593e+00 | 38  0.03460 -4.81749e+00 | 39 -0.11956 -9.70900e-01
 40  0.00761 -2.37279e+00 | 41  0.05554 -3.50541e+00 | 42 -0.14517 -3.40323e-01
 43  0.03367 -2.03370e+00 | 44 -0.11039 -5.97871e-01 | 45  0.01241 -1.12579e+00
 46 -0.03993 -8.89225e-01 | 47 -0.16597 -1.12346e-01 | 48 -0.16631 -1.95643e-01
 49 -0.14930 -2.30717e-01 | 50  0.06668 -6.19816e-01 | 51 -0.15547 -1.14526e-01
 52 -0.05581 -6.37836e-02 | 53 -0.14419  1.63566e-02 | 54 -0.07846  9.21402e-02
 55 -0.05019  1.40730e-01 | 56 -0.12963  7.49926e-02 | 57 -0.04539  1.66836e-01
 58 -0.04588  1.63122e-01 | 59 -0.00246  2.06418e-01 | 60 -0.05840  1.26938e-01
 61 -0.09904  8.18296e-02 | 62 -0.00962  1.75587e-01 | 63 -0.09171  6.62510e-02
 64 -0.13402  5.53925e-02 | 65 -0.04758  9.88944e-02 | 66 -0.13323  5.72552e-02
 67 -0.08765  8.22126e-02 | 68 -0.09237  8.63992e-02 | 69 -0.00037  1.46865e-01
 70 -0.06186  4.17034e-02 | 71 -0.10402  7.19483e-03 | 72 -0.07561  7.39596e-04
 73 -0.06975 -2.65020e-04 | 74 -0.42855 -2.41846e+01 | 75 -1.62476 -2.42500e+00
 76  0.80599 -4.24710e+00 | 77  0.93137  6.62089e-02 | 78  1.24643  2.46182e-01
 79  0.13112  8.17030e+00 | 80 -0.01492 -2.52746e-01 | 81 -1.52465 -2.98736e-02
 82 -0.10092  1.75215e-01 | 83  0.00086 -1.36782e-01 |
83 variables; iteration 2460; function evaluation 2992; phase 3
Function value 3.9818672e+01; maximum gradient component mag -1.4813e+03
Var    Value     Gradient |Var    Value     Gradient |Var    Value     Gradient
  1  0.00943 -1.48132e+03 |  2 -0.00676 -2.47989e+00 |  3 -0.00791 -3.00815e+00
  4 -0.02434 -3.27628e+00 |  5 -0.02553 -3.88943e+00 |  6 -0.02739 -4.72681e+00
  7 -0.02868 -5.50479e+00 |  8 -0.03153 -6.71101e+00 |  9 -0.03320 -7.73269e+00
 10 -0.03541 -8.95471e+00 | 11 -0.03713 -1.01744e+01 | 12 -0.03923 -1.15839e+01
 13 -0.04207 -1.32299e+01 | 14 -0.04540 -1.50484e+01 | 15 -0.04869 -1.70081e+01
 16 -0.05049 -1.87987e+01 | 17 -0.05482 -2.09669e+01 | 18 -0.05634 -2.26723e+01
 19 -0.05816 -2.40940e+01 | 20 -0.06072 -2.54262e+01 | 21 -0.05820 -2.59533e+01
 22 -0.05547 -2.61577e+01 | 23 -0.05448 -2.69433e+01 | 24 -0.05345 -2.78560e+01
 25 -0.05316 -2.79606e+01 | 26 -0.06502 -2.83077e+01 | 27 -0.06907 -2.73577e+01
 28 -0.06645 -2.58833e+01 | 29 -0.03256 -2.55364e+01 | 30 -0.06155 -2.99923e+01
 31  0.01593 -3.70250e+01 | 32 -0.05564 -2.32786e+01 | 33 -0.13790 -1.09277e+01
 34 -0.16867 -8.45900e+00 | 35 -0.04040 -2.12119e+01 | 36 -0.11941 -1.02541e+01
 37  0.03775 -3.01306e+01 | 38  0.03463 -2.50062e+01 | 39 -0.11943 -5.87849e+00
 40  0.00755 -1.42217e+01 | 41  0.05554 -1.80793e+01 | 42 -0.14494 -2.79960e+00
 43  0.03361 -1.10433e+01 | 44 -0.11023 -3.02787e+00 | 45  0.01238 -6.45373e+00
 46 -0.03992 -3.64371e+00 | 47 -0.16593 -8.32477e-01 | 48 -0.16631 -7.15916e-01
 49 -0.14932 -6.63684e-01 | 50  0.06669 -2.64924e+00 | 51 -0.15548 -3.66383e-01
 52 -0.05581 -2.83042e-01 | 53 -0.14418  4.31904e-02 | 54 -0.07847  2.85962e-01
 55 -0.05019  4.79896e-01 | 56 -0.12963  2.85283e-01 | 57 -0.04539  6.14074e-01
 58 -0.04588  6.09863e-01 | 59 -0.00246  8.46240e-01 | 60 -0.05840  5.25901e-01
 61 -0.09905  3.85104e-01 | 62 -0.00962  7.90773e-01 | 63 -0.09171  3.60868e-01
 64 -0.13402  2.65463e-01 | 65 -0.04758  4.99448e-01 | 66 -0.13323  2.38542e-01
 67 -0.08765  3.19408e-01 | 68 -0.09237  2.95290e-01 | 69 -0.00038  4.79622e-01
 70 -0.06185  1.41023e-01 | 71 -0.10403  1.92476e-02 | 72 -0.07562  1.78617e-03
 73 -0.06975  4.99612e-04 | 74 -0.42855 -1.63032e+02 | 75 -1.62485 -1.32679e+01
 76  0.80589 -8.03675e+00 | 77  0.93219  1.07067e-01 | 78  1.24706  4.74004e+00
 79  0.13106  3.51636e+01 | 80 -0.01535 -1.78386e-01 | 81 -1.51747 -1.85024e-02
 82 -0.10092  7.53813e-01 | 83  0.00086 -5.15530e-01 |
83 variables; iteration 2480; function evaluation 3019; phase 3
Function value 3.9817274e+01; maximum gradient component mag -2.6076e+02
Var    Value     Gradient |Var    Value     Gradient |Var    Value     Gradient
  1  0.00943 -2.60761e+02 |  2 -0.00677 -4.63624e-01 |  3 -0.00791 -5.48438e-01
  4 -0.02435 -6.39567e-01 |  5 -0.02553 -7.11425e-01 |  6 -0.02743 -9.43942e-01
  7 -0.02867 -9.83887e-01 |  8 -0.03157 -1.43774e+00 |  9 -0.03322 -1.54729e+00
 10 -0.03547 -1.80778e+00 | 11 -0.03717 -1.90334e+00 | 12 -0.03920 -2.07205e+00
 13 -0.04210 -2.47938e+00 | 14 -0.04543 -3.01139e+00 | 15 -0.04878 -3.53928e+00
 16 -0.05058 -3.68607e+00 | 17 -0.05488 -4.52038e+00 | 18 -0.05651 -4.66350e+00
 19 -0.05818 -4.97008e+00 | 20 -0.06011 -5.42372e+00 | 21 -0.05724 -4.71783e+00
 22 -0.05497 -4.26930e+00 | 23 -0.05089 -3.36083e+00 | 24 -0.05475 -4.53639e+00
 25 -0.05705 -4.88122e+00 | 26 -0.06733 -6.74803e+00 | 27 -0.06920 -6.23967e+00
 28 -0.06399 -4.49145e+00 | 29 -0.03223  4.67585e-01 | 30 -0.06116 -9.84593e+00
 31  0.01536 -1.67837e+00 | 32 -0.05492 -4.10830e+00 | 33 -0.13827 -1.77272e+00
 34 -0.16862 -1.49250e+00 | 35 -0.04047 -3.65529e+00 | 36 -0.11928 -1.77222e+00
 37  0.03773 -4.69673e+00 | 38  0.03462 -4.34631e+00 | 39 -0.11934 -6.70916e-01
 40  0.00752 -2.19714e+00 | 41  0.05554 -3.28907e+00 | 42 -0.14485 -2.12984e-01
 43  0.03356 -1.92302e+00 | 44 -0.11012 -5.40091e-01 | 45  0.01236 -1.08068e+00
 46 -0.03992 -8.73910e-01 | 47 -0.16594 -9.29657e-02 | 48 -0.16633 -1.94493e-01
 49 -0.14932 -2.31041e-01 | 50  0.06669 -6.07882e-01 | 51 -0.15548 -1.13867e-01
 52 -0.05581 -6.29360e-02 | 53 -0.14418  1.60902e-02 | 54 -0.07846  9.00782e-02
 55 -0.05018  1.40820e-01 | 56 -0.12963  7.30041e-02 | 57 -0.04539  1.70139e-01
 58 -0.04588  1.63831e-01 | 59 -0.00245  2.13778e-01 | 60 -0.05840  1.25099e-01
 61 -0.09904  8.30248e-02 | 62 -0.00962  1.76374e-01 | 63 -0.09171  6.68210e-02
 64 -0.13402  5.96644e-02 | 65 -0.04758  1.04985e-01 | 66 -0.13322  5.97353e-02
 67 -0.08765  8.72961e-02 | 68 -0.09236  9.00979e-02 | 69 -0.00037  1.47939e-01
 70 -0.06185  4.14814e-02 | 71 -0.10402  7.46810e-03 | 72 -0.07561  8.90699e-04
 73 -0.06975 -2.89825e-04 | 74 -0.42851 -2.15578e+01 | 75 -1.62531 -2.22476e+00
 76  0.80635 -4.13735e+00 | 77  0.93332  6.49457e-02 | 78  1.24663  1.17929e-01
 79  0.13110  7.38200e+00 | 80 -0.01537 -1.28988e-01 | 81 -1.51366 -1.15689e-02
 82 -0.10093  1.76106e-01 | 83  0.00086 -1.40070e-01 |
83 variables; iteration 2500; function evaluation 3046; phase 3
Function value 3.9814837e+01; maximum gradient component mag 2.3290e+02
Var    Value     Gradient |Var    Value     Gradient |Var    Value     Gradient
  1  0.00944  2.32899e+02 |  2 -0.00676  3.65455e-01 |  3 -0.00788  4.61389e-01
  4 -0.02434  4.39649e-01 |  5 -0.02551  5.92930e-01 |  6 -0.02744  5.99484e-01
  7 -0.02865  8.64434e-01 |  8 -0.03156  7.22126e-01 |  9 -0.03318  9.90462e-01
 10 -0.03544  1.12318e+00 | 11 -0.03715  1.48016e+00 | 12 -0.03916  1.82106e+00
 13 -0.04207  1.91858e+00 | 14 -0.04534  1.93118e+00 | 15 -0.04866  2.00011e+00
 16 -0.05028  2.58022e+00 | 17 -0.05508  2.11864e+00 | 18 -0.05618  2.78999e+00
 19 -0.05821  2.80635e+00 | 20 -0.06131  2.28743e+00 | 21 -0.05792  3.66740e+00
 22 -0.05533  4.52620e+00 | 23 -0.05312  5.36515e+00 | 24 -0.05542  4.76694e+00
 25 -0.05480  5.37015e+00 | 26 -0.06360  3.31172e+00 | 27 -0.06750  2.88764e+00
 28 -0.06817  2.77626e+00 | 29 -0.03145  1.12459e+01 | 30 -0.06200 -1.88622e+00
 31  0.01542  1.25630e+01 | 32 -0.05503  3.53431e+00 | 33 -0.13803  1.99689e+00
 34 -0.16849  1.33351e+00 | 35 -0.04069  3.24170e+00 | 36 -0.11880  1.71858e+00
 37  0.03757  5.35601e+00 | 38  0.03468  4.06363e+00 | 39 -0.11932  1.51802e+00
 40  0.00745  2.55306e+00 | 41  0.05552  2.55289e+00 | 42 -0.14463  8.62853e-01
 43  0.03347  1.63445e+00 | 44 -0.10991  4.54007e-01 | 45  0.01228  9.96562e-01
 46 -0.03988  1.89235e-01 | 47 -0.16595  1.94743e-01 | 48 -0.16635  2.02651e-03
 49 -0.14935 -6.64708e-02 | 50  0.06668  1.81820e-01 | 51 -0.15550 -1.86793e-02
 52 -0.05583  1.70114e-02 | 53 -0.14418  3.11371e-03 | 54 -0.07849  1.11530e-02
 55 -0.05019  8.23320e-03 | 56 -0.12965 -9.47176e-03 | 57 -0.04541  3.66289e-04
 58 -0.04590 -8.57983e-03 | 59 -0.00247 -2.58508e-02 | 60 -0.05841 -3.16355e-02
 61 -0.09905 -3.27817e-02 | 62 -0.00964 -6.24712e-02 | 63 -0.09172 -5.08295e-02
 64 -0.13402 -2.07182e-02 | 65 -0.04760 -5.56384e-02 | 66 -0.13323 -1.47316e-02
 67 -0.08766 -6.34511e-03 | 68 -0.09236  1.04366e-02 | 69 -0.00039  2.00791e-02
 70 -0.06186  3.36652e-03 | 71 -0.10404  3.10070e-03 | 72 -0.07562  6.22762e-04
 73 -0.06975 -5.56579e-04 | 74 -0.42854  3.45512e+01 | 75 -1.62519  2.16743e+00
 76  0.80771 -2.54567e+00 | 77  0.93508  4.86178e-02 | 78  1.24761 -1.78773e+00
 79  0.13096 -4.14980e+00 | 80 -0.01504 -7.72381e-02 | 81 -1.51042 -4.74233e-03
 82 -0.10093 -5.44204e-02 | 83  0.00085  7.55776e-03 |
83 variables; iteration 2520; function evaluation 3072; phase 3
Function value 3.9809983e+01; maximum gradient component mag -9.1466e+02
Var    Value     Gradient |Var    Value     Gradient |Var    Value     Gradient
  1  0.00945 -9.14656e+02 |  2 -0.00673 -1.51916e+00 |  3 -0.00784 -1.82996e+00
  4 -0.02431 -2.02200e+00 |  5 -0.02548 -2.37674e+00 |  6 -0.02744 -2.94782e+00
  7 -0.02862 -3.35514e+00 |  8 -0.03145 -4.19413e+00 |  9 -0.03312 -4.78761e+00
 10 -0.03540 -5.56813e+00 | 11 -0.03710 -6.25474e+00 | 12 -0.03908 -7.05963e+00
 13 -0.04196 -8.12461e+00 | 14 -0.04538 -9.35787e+00 | 15 -0.04859 -1.06148e+01
 16 -0.05013 -1.15761e+01 | 17 -0.05535 -1.33089e+01 | 18 -0.05639 -1.41634e+01
 19 -0.05839 -1.51128e+01 | 20 -0.06138 -1.61948e+01 | 21 -0.05760 -1.59538e+01
 22 -0.05592 -1.59985e+01 | 23 -0.05268 -1.59972e+01 | 24 -0.04979 -1.61223e+01
 25 -0.05756 -1.73302e+01 | 26 -0.06640 -1.80842e+01 | 27 -0.07080 -1.76685e+01
 28 -0.06587 -1.60050e+01 | 29 -0.03197 -1.32968e+01 | 30 -0.05930 -2.04848e+01
 31  0.01517 -2.10601e+01 | 32 -0.05555 -1.47394e+01 | 33 -0.13806 -6.68974e+00
 34 -0.16856 -5.25836e+00 | 35 -0.04064 -1.34725e+01 | 36 -0.11956 -6.50827e+00
 37  0.03797 -1.88369e+01 | 38  0.03423 -1.55227e+01 | 39 -0.11897 -3.23070e+00
 40  0.00754 -8.87333e+00 | 41  0.05533 -1.15768e+01 | 42 -0.14375 -1.45119e+00
 43  0.03324 -7.10152e+00 | 44 -0.10967 -1.89767e+00 | 45  0.01233 -4.16480e+00
 46 -0.04011 -2.48857e+00 | 47 -0.16597 -4.89925e-01 | 48 -0.16646 -4.92983e-01
 49 -0.14933 -4.76616e-01 | 50  0.06665 -1.75806e+00 | 51 -0.15543 -2.53175e-01
 52 -0.05583 -1.84805e-01 | 53 -0.14405  3.29342e-02 | 54 -0.07852  2.00554e-01
 55 -0.05015  3.33664e-01 | 56 -0.12965  1.89842e-01 | 57 -0.04540  4.27385e-01
 58 -0.04588  4.16257e-01 | 59 -0.00245  5.91771e-01 | 60 -0.05838  3.47881e-01
 61 -0.09901  2.61400e-01 | 62 -0.00963  5.20058e-01 | 63 -0.09169  2.28617e-01
 64 -0.13400  1.75688e-01 | 65 -0.04758  3.21982e-01 | 66 -0.13321  1.54589e-01
 67 -0.08765  2.18395e-01 | 68 -0.09232  2.07588e-01 | 69 -0.00037  3.33158e-01
 70 -0.06180  9.74492e-02 | 71 -0.10402  1.42840e-02 | 72 -0.07557  1.65065e-03
 73 -0.06972  5.47234e-05 | 74 -0.42850 -9.93419e+01 | 75 -1.62599 -8.33056e+00
 76  0.80760 -6.16078e+00 | 77  0.93532  8.58384e-02 | 78  1.24922  2.55093e+00
 79  0.13066  2.15267e+01 | 80 -0.01169 -1.00609e-02 | 81 -1.30795  5.97955e-03
 82 -0.10099  5.02681e-01 | 83  0.00082 -3.54999e-01 |
83 variables; iteration 2540; function evaluation 3099; phase 3
Function value 3.9803589e+01; maximum gradient component mag 9.5168e+02
Var    Value     Gradient |Var    Value     Gradient |Var    Value     Gradient
  1  0.00948  9.51682e+02 |  2 -0.00668  1.60234e+00 |  3 -0.00776  1.97371e+00
  4 -0.02421  2.06685e+00 |  5 -0.02542  2.53502e+00 |  6 -0.02738  2.90000e+00
  7 -0.02854  3.62191e+00 |  8 -0.03120  4.01573e+00 |  9 -0.03294  4.79661e+00
 10 -0.03531  5.48348e+00 | 11 -0.03700  6.52277e+00 | 12 -0.03887  7.65686e+00
 13 -0.04176  8.51903e+00 | 14 -0.04522  9.24050e+00 | 15 -0.04841  1.02320e+01
 16 -0.04946  1.20458e+01 | 17 -0.05572  1.17523e+01 | 18 -0.05601  1.37548e+01
 19 -0.05896  1.40073e+01 | 20 -0.06385  1.30868e+01 | 21 -0.05809  1.62710e+01
 22 -0.05525  1.77046e+01 | 23 -0.04892  2.10794e+01 | 24 -0.05515  1.89117e+01
 25 -0.05573  1.92566e+01 | 26 -0.06580  1.58473e+01 | 27 -0.06802  1.55594e+01
 28 -0.07018  1.42400e+01 | 29 -0.03121  2.69644e+01 | 30 -0.05876  1.09046e+01
 31  0.01388  3.17799e+01 | 32 -0.05417  1.44637e+01 | 33 -0.13850  7.15940e+00
 34 -0.16851  5.31743e+00 | 35 -0.04096  1.29391e+01 | 36 -0.11878  6.51997e+00
 37  0.03762  1.96537e+01 | 38  0.03436  1.60062e+01 | 39 -0.11924  4.62323e+00
 40  0.00746  9.33706e+00 | 41  0.05523  1.08596e+01 | 42 -0.14354  2.54343e+00
 43  0.03306  6.61840e+00 | 44 -0.10925  1.92168e+00 | 45  0.01210  3.90589e+00
 46 -0.04002  1.70499e+00 | 47 -0.16609  6.31788e-01 | 48 -0.16652  3.06587e-01
 49 -0.14939  1.91316e-01 | 50  0.06658  1.36191e+00 | 51 -0.15548  1.37006e-01
 52 -0.05591  1.49111e-01 | 53 -0.14412 -1.02693e-02 | 54 -0.07859 -9.98758e-02
 55 -0.05022 -1.91137e-01 | 56 -0.12972 -1.37456e-01 | 57 -0.04547 -2.62072e-01
 58 -0.04595 -2.82649e-01 | 59 -0.00251 -3.94022e-01 | 60 -0.05845 -2.84158e-01
 61 -0.09907 -2.08284e-01 | 62 -0.00971 -4.48199e-01 | 63 -0.09174 -2.37300e-01
 64 -0.13407 -1.53692e-01 | 65 -0.04765 -3.10635e-01 | 66 -0.13327 -1.36567e-01
 67 -0.08771 -1.52354e-01 | 68 -0.09238 -1.15420e-01 | 69 -0.00045 -1.78259e-01
 70 -0.06187 -5.45190e-02 | 71 -0.10408 -3.94446e-03 | 72 -0.07562  3.41453e-04
 73 -0.06976 -1.04485e-03 | 74 -0.42853  1.15350e+02 | 75 -1.62574  8.49118e+00
 76  0.80891 -2.56815e-01 | 77  0.93750  2.63170e-02 | 78  1.25086 -4.67468e+00
 79  0.13027 -2.14883e+01 | 80 -0.01101 -8.59063e-03 | 81 -1.23511  8.11523e-03
 82 -0.10097 -4.07849e-01 | 83  0.00083  2.43707e-01 |
83 variables; iteration 2560; function evaluation 3126; phase 3
Function value 3.9794808e+01; maximum gradient component mag 1.8453e+03
Var    Value     Gradient |Var    Value     Gradient |Var    Value     Gradient
  1  0.00951  1.84531e+03 |  2 -0.00655  3.13949e+00 |  3 -0.00764  3.83719e+00
  4 -0.02403  4.08118e+00 |  5 -0.02530  4.93492e+00 |  6 -0.02715  5.78766e+00
  7 -0.02844  7.01354e+00 |  8 -0.03077  8.09923e+00 |  9 -0.03262  9.51977e+00
 10 -0.03500  1.09271e+01 | 11 -0.03687  1.27384e+01 | 12 -0.03880  1.47777e+01
 13 -0.04166  1.65869e+01 | 14 -0.04481  1.84062e+01 | 15 -0.04820  2.04036e+01
 16 -0.04932  2.34818e+01 | 17 -0.05590  2.38370e+01 | 18 -0.05586  2.73174e+01
 19 -0.05854  2.83982e+01 | 20 -0.06347  2.77197e+01 | 21 -0.05795  3.20071e+01
 22 -0.05644  3.32833e+01 | 23 -0.05319  3.62040e+01 | 24 -0.04988  3.95462e+01
 25 -0.05873  3.51283e+01 | 26 -0.06577  3.22532e+01 | 27 -0.06749  3.17155e+01
 28 -0.06633  3.13099e+01 | 29 -0.03225  4.58271e+01 | 30 -0.06289  2.41038e+01
 31  0.01285  5.60881e+01 | 32 -0.05203  2.92052e+01 | 33 -0.13924  1.34348e+01
 34 -0.16823  1.03525e+01 | 35 -0.04139  2.50496e+01 | 36 -0.11746  1.29717e+01
 37  0.03699  3.72701e+01 | 38  0.03470  3.09552e+01 | 39 -0.11949  8.22283e+00
 40  0.00715  1.75616e+01 | 41  0.05536  2.16637e+01 | 42 -0.14432  4.25476e+00
 43  0.03298  1.30255e+01 | 44 -0.10860  3.80238e+00 | 45  0.01163  7.65295e+00
 46 -0.03962  3.80698e+00 | 47 -0.16639  1.13824e+00 | 48 -0.16657  7.02300e-01
 49 -0.14944  5.41685e-01 | 50  0.06650  2.94842e+00 | 51 -0.15559  3.40094e-01
 52 -0.05600  3.14068e-01 | 53 -0.14433 -3.88584e-02 | 54 -0.07865 -2.68143e-01
 55 -0.05035 -4.81376e-01 | 56 -0.12981 -3.12523e-01 | 57 -0.04555 -6.37080e-01
 58 -0.04604 -6.58416e-01 | 59 -0.00261 -9.23215e-01 | 60 -0.05856 -6.16385e-01
 61 -0.09917 -4.58816e-01 | 62 -0.00980 -9.52820e-01 | 63 -0.09184 -4.81689e-01
 64 -0.13416 -3.31700e-01 | 65 -0.04773 -6.50962e-01 | 66 -0.13336 -2.94908e-01
 67 -0.08779 -3.59014e-01 | 68 -0.09248 -2.89696e-01 | 69 -0.00055 -4.47979e-01
 70 -0.06202 -1.34071e-01 | 71 -0.10417 -1.38475e-02 | 72 -0.07572 -3.31257e-04
 73 -0.06984 -1.29738e-03 | 74 -0.42834  2.15892e+02 | 75 -1.62774  1.65868e+01
 76  0.81251  2.50484e+00 | 77  0.94217  3.67709e-03 | 78  1.25382 -8.32011e+00
 79  0.12962 -4.27291e+01 | 80 -0.01088 -8.21513e-03 | 81 -1.32157  5.68108e-03
 82 -0.10088 -8.96925e-01 | 83  0.00088  5.75798e-01 |
83 variables; iteration 2580; function evaluation 3151; phase 3
Function value 3.9787783e+01; maximum gradient component mag 1.5692e+03
Var    Value     Gradient |Var    Value     Gradient |Var    Value     Gradient
  1  0.00951  1.56916e+03 |  2 -0.00649  2.72194e+00 |  3 -0.00758  3.32378e+00
  4 -0.02390  3.54913e+00 |  5 -0.02523  4.26968e+00 |  6 -0.02702  5.01304e+00
  7 -0.02842  6.04852e+00 |  8 -0.03065  6.99864e+00 |  9 -0.03252  8.22114e+00
 10 -0.03489  9.42336e+00 | 11 -0.03690  1.09463e+01 | 12 -0.03887  1.27019e+01
 13 -0.04180  1.42121e+01 | 14 -0.04455  1.59107e+01 | 15 -0.04827  1.74533e+01
 16 -0.04926  2.02153e+01 | 17 -0.05670  1.99372e+01 | 18 -0.05582  2.34301e+01
 19 -0.05921  2.39430e+01 | 20 -0.06538  2.25516e+01 | 21 -0.05867  2.70968e+01
 22 -0.05392  3.00063e+01 | 23 -0.05030  3.28781e+01 | 24 -0.05205  3.30374e+01
 25 -0.05534  3.19909e+01 | 26 -0.06761  2.65324e+01 | 27 -0.06818  2.67230e+01
 28 -0.07069  2.46106e+01 | 29 -0.03166  4.04671e+01 | 30 -0.05922  2.11413e+01
 31  0.01152  4.71010e+01 | 32 -0.05121  2.47330e+01 | 33 -0.13959  1.11043e+01
 34 -0.16799  8.64494e+00 | 35 -0.04193  2.02672e+01 | 36 -0.11620  1.13877e+01
 37  0.03664  3.09351e+01 | 38  0.03482  2.60957e+01 | 39 -0.11951  6.88063e+00
 40  0.00691  1.43604e+01 | 41  0.05556  1.83727e+01 | 42 -0.14545  3.35275e+00
 43  0.03303  1.07576e+01 | 44 -0.10845  3.21508e+00 | 45  0.01147  6.32229e+00
 46 -0.03950  3.22175e+00 | 47 -0.16670  9.07402e-01 | 48 -0.16663  5.82179e-01
 49 -0.14941  4.51962e-01 | 50  0.06646  2.49102e+00 | 51 -0.15561  2.85352e-01
 52 -0.05602  2.70504e-01 | 53 -0.14439 -3.04208e-02 | 54 -0.07865 -2.19430e-01
 55 -0.05038 -4.03988e-01 | 56 -0.12981 -2.61462e-01 | 57 -0.04557 -5.52665e-01
 58 -0.04606 -5.78204e-01 | 59 -0.00263 -8.24520e-01 | 60 -0.05859 -5.53971e-01
 61 -0.09921 -4.16239e-01 | 62 -0.00981 -8.68094e-01 | 63 -0.09188 -4.45468e-01
 64 -0.13419 -3.05208e-01 | 65 -0.04775 -6.03211e-01 | 66 -0.13340 -2.76688e-01
 67 -0.08781 -3.30083e-01 | 68 -0.09253 -2.59156e-01 | 69 -0.00056 -3.84275e-01
 70 -0.06206 -1.12464e-01 | 71 -0.10417 -1.13145e-02 | 72 -0.07573 -8.51934e-05
 73 -0.06985 -1.03691e-03 | 74 -0.42835  1.84761e+02 | 75 -1.62727  1.41164e+01
 76  0.81399  1.67688e+00 | 77  0.94593  1.55413e-02 | 78  1.25540 -7.40639e+00
 79  0.12927 -3.74326e+01 | 80 -0.00852 -4.73074e-03 | 81 -1.13279  1.48341e-02
 82 -0.10087 -8.06207e-01 | 83  0.00089  5.22326e-01 |
83 variables; iteration 2600; function evaluation 3176; phase 3
Function value 3.9782462e+01; maximum gradient component mag 5.1049e+02
Var    Value     Gradient |Var    Value     Gradient |Var    Value     Gradient
  1  0.00952  5.10490e+02 |  2 -0.00646  1.00119e+00 |  3 -0.00755  1.23053e+00
  4 -0.02389  1.29274e+00 |  5 -0.02527  1.53919e+00 |  6 -0.02690  1.80055e+00
  7 -0.02844  2.17705e+00 |  8 -0.03053  2.48937e+00 |  9 -0.03243  2.93217e+00
 10 -0.03471  3.33463e+00 | 11 -0.03692  3.85094e+00 | 12 -0.03901  4.50943e+00
 13 -0.04187  4.96991e+00 | 14 -0.04422  5.65382e+00 | 15 -0.04811  5.93143e+00
 16 -0.04925  7.14557e+00 | 17 -0.05696  5.96943e+00 | 18 -0.05550  8.04341e+00
 19 -0.05899  7.79483e+00 | 20 -0.06519  6.26592e+00 | 21 -0.05823  9.35427e+00
 22 -0.05446  1.08809e+01 | 23 -0.05232  1.19903e+01 | 24 -0.04920  1.36348e+01
 25 -0.05852  1.04263e+01 | 26 -0.06640  8.33925e+00 | 27 -0.06766  8.59069e+00
 28 -0.06978  7.64100e+00 | 29 -0.03147  1.80255e+01 | 30 -0.06053  3.04332e+00
 31  0.01085  1.68359e+01 | 32 -0.05001  7.93269e+00 | 33 -0.14006  3.07285e+00
 34 -0.16793  2.51013e+00 | 35 -0.04209  4.82581e+00 | 36 -0.11569  3.84926e+00
 37  0.03646  8.22676e+00 | 38  0.03491  7.10843e+00 | 39 -0.11935  2.10208e+00
 40  0.00664  3.12841e+00 | 41  0.05582  5.22243e+00 | 42 -0.14672  7.91762e-01
 43  0.03316  2.67267e+00 | 44 -0.10837  1.03406e+00 | 45  0.01128  1.74734e+00
 46 -0.03926  1.00537e+00 | 47 -0.16697  2.54305e-01 | 48 -0.16663  1.63426e-01
 49 -0.14935  1.25985e-01 | 50  0.06643  8.91705e-01 | 51 -0.15562  9.99382e-02
 52 -0.05605  8.81477e-02 | 53 -0.14448 -2.43023e-02 | 54 -0.07865 -1.08816e-01
 55 -0.05043 -1.85599e-01 | 56 -0.12984 -1.20980e-01 | 57 -0.04559 -2.44315e-01
 58 -0.04608 -2.59903e-01 | 59 -0.00267 -4.01408e-01 | 60 -0.05861 -2.70277e-01
 61 -0.09927 -2.28575e-01 | 62 -0.00983 -4.36487e-01 | 63 -0.09192 -2.31831e-01
 64 -0.13423 -1.71800e-01 | 65 -0.04777 -3.22942e-01 | 66 -0.13343 -1.46303e-01
 67 -0.08783 -1.77107e-01 | 68 -0.09258 -1.14393e-01 | 69 -0.00059 -1.24854e-01
 70 -0.06213 -3.85849e-02 | 71 -0.10420 -2.17445e-03 | 72 -0.07577  9.01613e-04
 73 -0.06989  6.29847e-04 | 74 -0.42825  6.22681e+01 | 75 -1.62828  4.45625e+00
 76  0.81630 -1.51264e+00 | 77  0.94868  4.58299e-02 | 78  1.25761 -3.35136e+00
 79  0.12902 -1.39297e+01 | 80 -0.00689 -3.12371e-03 | 81 -1.11509  1.71765e-02
 82 -0.10080 -4.08511e-01 | 83  0.00094  2.85181e-01 |
83 variables; iteration 2620; function evaluation 3196; phase 3
Function value 3.9774687e+01; maximum gradient component mag 8.5938e+03
Var    Value     Gradient |Var    Value     Gradient |Var    Value     Gradient
  1  0.00950  8.59382e+03 |  2 -0.00677  1.42316e+01 |  3 -0.00764  1.74387e+01
  4 -0.02431  1.85773e+01 |  5 -0.02563  2.23820e+01 |  6 -0.02718  2.67547e+01
  7 -0.02866  3.18958e+01 |  8 -0.03090  3.73830e+01 |  9 -0.03269  4.38186e+01
 10 -0.03508  5.05660e+01 | 11 -0.03724  5.82951e+01 | 12 -0.03932  6.70313e+01
 13 -0.04244  7.55148e+01 | 14 -0.04445  8.56028e+01 | 15 -0.04823  9.51896e+01
 16 -0.04963  1.07488e+02 | 17 -0.05696  1.12624e+02 | 18 -0.05619  1.26865e+02
 19 -0.05881  1.33212e+02 | 20 -0.06516  1.32392e+02 | 21 -0.05882  1.46708e+02
 22 -0.05414  1.56101e+02 | 23 -0.05218  1.64153e+02 | 24 -0.04866  1.76049e+02
 25 -0.05728  1.64608e+02 | 26 -0.06709  1.51700e+02 | 27 -0.06673  1.51091e+02
 28 -0.06933  1.41877e+02 | 29 -0.03177  1.90304e+02 | 30 -0.05948  1.38604e+02
 31  0.00953  2.41689e+02 | 32 -0.04772  1.44155e+02 | 33 -0.14065  6.33451e+01
 34 -0.16796  4.95565e+01 | 35 -0.04173  1.22352e+02 | 36 -0.11553  6.27426e+01
 37  0.03619  1.78793e+02 | 38  0.03547  1.46548e+02 | 39 -0.11958  3.63985e+01
 40  0.00652  8.35085e+01 | 41  0.05620  1.05310e+02 | 42 -0.14821  1.72600e+01
 43  0.03358  6.35687e+01 | 44 -0.10866  1.76546e+01 | 45  0.01118  3.69624e+01
 46 -0.03876  1.92901e+01 | 47 -0.16702  4.84616e+00 | 48 -0.16631  3.43099e+00
 49 -0.14921  2.77896e+00 | 50  0.06646  1.29646e+01 | 51 -0.15568  1.58822e+00
 52 -0.05606  1.30689e+00 | 53 -0.14470 -2.45819e-01 | 54 -0.07862 -1.35430e+00
 55 -0.05049 -2.26477e+00 | 56 -0.12987 -1.41240e+00 | 57 -0.04561 -2.91090e+00
 58 -0.04607 -2.89218e+00 | 59 -0.00272 -4.22765e+00 | 60 -0.05859 -2.58218e+00
 61 -0.09937 -2.03223e+00 | 62 -0.00983 -3.92797e+00 | 63 -0.09193 -1.87891e+00
 64 -0.13430 -1.39946e+00 | 65 -0.04778 -2.60880e+00 | 66 -0.13342 -1.14490e+00
 67 -0.08784 -1.59594e+00 | 68 -0.09262 -1.34867e+00 | 69 -0.00061 -2.07483e+00
 70 -0.06227 -6.59205e-01 | 71 -0.10423 -7.28158e-02 | 72 -0.07589 -5.49595e-03
 73 -0.06997 -1.84236e-03 | 74 -0.42815  9.85640e+02 | 75 -1.62897  7.86219e+01
 76  0.81566  2.28252e+01 | 77  0.94857 -1.61679e-01 | 78  1.26017 -3.52786e+01
 79  0.12948 -1.93793e+02 | 80 -0.00507 -1.77640e-03 | 81 -1.06145  3.23629e-02
 82 -0.10063 -3.81906e+00 | 83  0.00105  2.55377e+00 |
83 variables; iteration 2640; function evaluation 3219; phase 3
Function value 3.9754307e+01; maximum gradient component mag 2.7890e+03
Var    Value     Gradient |Var    Value     Gradient |Var    Value     Gradient
  1  0.00952  2.78902e+03 |  2 -0.00667  4.68878e+00 |  3 -0.00785  5.69828e+00
  4 -0.02423  6.08652e+00 |  5 -0.02551  7.35776e+00 |  6 -0.02719  8.74382e+00
  7 -0.02869  1.04622e+01 |  8 -0.03109  1.21321e+01 |  9 -0.03296  1.42450e+01
 10 -0.03492  1.65741e+01 | 11 -0.03742  1.89771e+01 | 12 -0.03996  2.16826e+01
 13 -0.04267  2.45115e+01 | 14 -0.04416  2.81814e+01 | 15 -0.04823  3.09439e+01
 16 -0.05090  3.44651e+01 | 17 -0.05664  3.60954e+01 | 18 -0.05624  4.11802e+01
 19 -0.05781  4.37162e+01 | 20 -0.06226  4.36274e+01 | 21 -0.05801  4.83286e+01
 22 -0.05329  5.23510e+01 | 23 -0.05675  5.14005e+01 | 24 -0.05193  5.69065e+01
 25 -0.05868  5.30677e+01 | 26 -0.06552  4.95554e+01 | 27 -0.06301  5.15553e+01
 28 -0.06578  4.80175e+01 | 29 -0.03373  6.52572e+01 | 30 -0.06136  4.06533e+01
 31  0.00632  7.87161e+01 | 32 -0.04268  5.20265e+01 | 33 -0.14238  2.04071e+01
 34 -0.16870  1.62867e+01 | 35 -0.04110  3.98388e+01 | 36 -0.11535  2.07550e+01
 37  0.03556  5.67866e+01 | 38  0.03608  4.66119e+01 | 39 -0.11963  1.17548e+01
 40  0.00624  2.47549e+01 | 41  0.05630  3.19485e+01 | 42 -0.14889  5.03744e+00
 43  0.03395  1.96525e+01 | 44 -0.10952  5.52261e+00 | 45  0.01120  1.20410e+01
 46 -0.03850  6.51533e+00 | 47 -0.16655  1.68913e+00 | 48 -0.16609  1.21371e+00
 49 -0.14929  1.01908e+00 | 50  0.06647  4.82165e+00 | 51 -0.15581  6.05117e-01
 52 -0.05612  4.59228e-01 | 53 -0.14501 -1.18259e-01 | 54 -0.07867 -4.90020e-01
 55 -0.05059 -6.87208e-01 | 56 -0.13004 -5.33678e-01 | 57 -0.04567 -9.42354e-01
 58 -0.04615 -9.82459e-01 | 59 -0.00285 -1.74143e+00 | 60 -0.05862 -1.01596e+00
 61 -0.09955 -9.99631e-01 | 62 -0.00993 -1.89161e+00 | 63 -0.09197 -9.20440e-01
 64 -0.13444 -8.51080e-01 | 65 -0.04787 -1.56965e+00 | 66 -0.13345 -6.10148e-01
 67 -0.08792 -9.33088e-01 | 68 -0.09273 -6.71771e-01 | 69 -0.00072 -7.85598e-01
 70 -0.06244 -2.54766e-01 | 71 -0.10433 -1.59839e-02 | 72 -0.07602  2.12616e-03
 73 -0.07009  4.03618e-03 | 74 -0.42789  3.19039e+02 | 75 -1.63171  2.55635e+01
 76  0.81611  5.35804e+00 | 77  0.95092 -7.51878e-03 | 78  1.25909 -1.22614e+01
 79  0.12940 -6.35233e+01 | 80 -0.00153 -2.94773e-04 | 81 -1.02783  7.08873e-02
 82 -0.10051 -1.72328e+00 | 83  0.00112  1.10720e+00 |
83 variables; iteration 2660; function evaluation 3243; phase 3
Function value 3.9749228e+01; maximum gradient component mag -1.2714e+03
Var    Value     Gradient |Var    Value     Gradient |Var    Value     Gradient
  1  0.00953 -1.27141e+03 |  2 -0.00666 -2.05729e+00 |  3 -0.00781 -2.49834e+00
  4 -0.02420 -2.72110e+00 |  5 -0.02547 -3.24992e+00 |  6 -0.02711 -3.91425e+00
  7 -0.02870 -4.62209e+00 |  8 -0.03122 -5.60151e+00 |  9 -0.03288 -6.44526e+00
 10 -0.03501 -7.46162e+00 | 11 -0.03739 -8.61001e+00 | 12 -0.03993 -9.87468e+00
 13 -0.04288 -1.12948e+01 | 14 -0.04432 -1.24857e+01 | 15 -0.04841 -1.43239e+01
 16 -0.05156 -1.60398e+01 | 17 -0.05610 -1.79797e+01 | 18 -0.05667 -1.92137e+01
 19 -0.05689 -2.01933e+01 | 20 -0.05908 -2.13585e+01 | 21 -0.05745 -2.18147e+01
 22 -0.05249 -2.15730e+01 | 23 -0.05890 -2.31172e+01 | 24 -0.05693 -2.36681e+01
 25 -0.05524 -2.35736e+01 | 26 -0.06643 -2.43359e+01 | 27 -0.06297 -2.27673e+01
 28 -0.06342 -2.16691e+01 | 29 -0.03453 -2.08572e+01 | 30 -0.06196 -2.70355e+01
 31  0.00513 -3.28014e+01 | 32 -0.04100 -1.92324e+01 | 33 -0.14319 -9.81822e+00
 34 -0.16897 -7.33947e+00 | 35 -0.04106 -1.92866e+01 | 36 -0.11510 -8.56206e+00
 37  0.03541 -2.66390e+01 | 38  0.03623 -2.20524e+01 | 39 -0.11970 -4.94545e+00
 40  0.00617 -1.34920e+01 | 41  0.05641 -1.56444e+01 | 42 -0.14941 -3.06121e+00
 43  0.03402 -1.01711e+01 | 44 -0.10953 -2.71715e+00 | 45  0.01115 -5.96249e+00
 46 -0.03843 -3.15747e+00 | 47 -0.16653 -9.04677e-01 | 48 -0.16611 -6.76912e-01
 49 -0.14948 -5.89204e-01 | 50  0.06655 -2.41345e+00 | 51 -0.15603 -3.30189e-01
 52 -0.05607 -2.47230e-01 | 53 -0.14509  3.68114e-02 | 54 -0.07859  2.35292e-01
 55 -0.05067  3.89220e-01 | 56 -0.12992  2.47602e-01 | 57 -0.04569  5.01518e-01
 58 -0.04619  5.15172e-01 | 59 -0.00279  7.10323e-01 | 60 -0.05877  4.51098e-01
 61 -0.09943  3.19975e-01 | 62 -0.00993  6.72820e-01 | 63 -0.09209  3.00042e-01
 64 -0.13433  2.38674e-01 | 65 -0.04788  4.37477e-01 | 66 -0.13356  2.03782e-01
 67 -0.08788  2.78179e-01 | 68 -0.09275  2.62176e-01 | 69 -0.00072  4.21335e-01
 70 -0.06244  1.22019e-01 | 71 -0.10436  1.60570e-02 | 72 -0.07601  1.79845e-03
 73 -0.07008  7.97105e-04 | 74 -0.42784 -1.34779e+02 | 75 -1.63221 -1.15654e+01
 76  0.81717 -6.89337e+00 | 77  0.95255  9.18651e-02 | 78  1.25994  3.90350e+00
 79  0.12947  2.82430e+01 | 80 -0.00066 -4.33103e-05 | 81 -1.02968  6.65805e-02
 82 -0.10050  6.44087e-01 | 83  0.00111 -4.22863e-01 |
83 variables; iteration 2680; function evaluation 3263; phase 3
Function value 3.9745461e+01; maximum gradient component mag 8.8275e+02
Var    Value     Gradient |Var    Value     Gradient |Var    Value     Gradient
  1  0.00954  8.82751e+02 |  2 -0.00655  1.54847e+00 |  3 -0.00784  1.84480e+00
  4 -0.02403  2.00079e+00 |  5 -0.02540  2.40015e+00 |  6 -0.02704  2.83102e+00
  7 -0.02858  3.40817e+00 |  8 -0.03125  3.76502e+00 |  9 -0.03279  4.56886e+00
 10 -0.03491  5.29366e+00 | 11 -0.03733  6.04576e+00 | 12 -0.03981  6.90620e+00
 13 -0.04252  7.76499e+00 | 14 -0.04382  9.21752e+00 | 15 -0.04823  9.70076e+00
 16 -0.05157  1.05347e+01 | 17 -0.05681  1.05902e+01 | 18 -0.05718  1.24571e+01
 19 -0.05666  1.41346e+01 | 20 -0.05793  1.47605e+01 | 21 -0.05717  1.57349e+01
 22 -0.05340  1.75422e+01 | 23 -0.05969  1.52421e+01 | 24 -0.05397  1.84304e+01
 25 -0.05802  1.72121e+01 | 26 -0.06680  1.43777e+01 | 27 -0.06380  1.63228e+01
 28 -0.06203  1.67257e+01 | 29 -0.03494  2.43151e+01 | 30 -0.06162  8.63836e+00
 31  0.00511  2.51003e+01 | 32 -0.04111  1.84706e+01 | 33 -0.14334  5.71881e+00
 34 -0.16896  4.96498e+00 | 35 -0.04097  1.17540e+01 | 36 -0.11542  6.59994e+00
 37  0.03546  1.64841e+01 | 38  0.03615  1.39154e+01 | 39 -0.11971  3.92375e+00
 40  0.00619  7.29997e+00 | 41  0.05632  1.06553e+01 | 42 -0.14910  1.47315e+00
 43  0.03395  6.53051e+00 | 44 -0.10952  1.80551e+00 | 45  0.01110  3.69572e+00
 46 -0.03847  2.01118e+00 | 47 -0.16654  4.86973e-01 | 48 -0.16614  3.22093e-01
 49 -0.14952  2.26313e-01 | 50  0.06650  1.41220e+00 | 51 -0.15594  1.71260e-01
 52 -0.05611  1.18592e-01 | 53 -0.14512 -4.87833e-02 | 54 -0.07862 -8.89496e-02
 55 -0.05066 -1.29071e-01 | 56 -0.12998 -1.25975e-01 | 57 -0.04570 -2.11248e-01
 58 -0.04620 -2.60853e-01 | 59 -0.00284 -5.39327e-01 | 60 -0.05872 -2.71361e-01
 61 -0.09954 -3.33724e-01 | 62 -0.00994 -4.50192e-01 | 63 -0.09205 -2.08930e-01
 64 -0.13446 -2.62278e-01 | 65 -0.04788 -3.56622e-01 | 66 -0.13355 -1.12180e-01
 67 -0.08793 -2.54122e-01 | 68 -0.09279 -2.17651e-01 | 69 -0.00074 -2.71796e-01
 70 -0.06246 -9.51370e-02 | 71 -0.10435 -4.05190e-03 | 72 -0.07601  2.11652e-03
 73 -0.07008  2.71926e-03 | 74 -0.42781  1.06429e+02 | 75 -1.63241  8.23297e+00
 76  0.81709 -4.37230e-01 | 77  0.95191  4.03130e-02 | 78  1.26078 -4.65514e+00
 79  0.12938 -2.00778e+01 | 80  0.00029  2.03052e-04 | 81 -1.02779  7.10010e-02
 82 -0.10053 -4.67687e-01 | 83  0.00110  3.09702e-01 |
83 variables; iteration 2700; function evaluation 3286; phase 3
Function value 3.9669028e+01; maximum gradient component mag 3.8946e+03
Var    Value     Gradient |Var    Value     Gradient |Var    Value     Gradient
  1  0.00957  3.89456e+03 |  2 -0.00665  6.37373e+00 |  3 -0.00784  7.74623e+00
  4 -0.02402  8.35143e+00 |  5 -0.02527  1.00827e+01 |  6 -0.02698  1.19783e+01
  7 -0.02846  1.43073e+01 |  8 -0.03024  1.68857e+01 |  9 -0.03248  1.96131e+01
 10 -0.03474  2.26440e+01 | 11 -0.03693  2.61048e+01 | 12 -0.03938  2.98699e+01
 13 -0.04222  3.37096e+01 | 14 -0.04438  3.82110e+01 | 15 -0.04714  4.29636e+01
 16 -0.05159  4.66012e+01 | 17 -0.05551  5.04616e+01 | 18 -0.05757  5.52805e+01
 19 -0.05492  6.21287e+01 | 20 -0.05329  6.75203e+01 | 21 -0.05488  6.86969e+01
 22 -0.05938  6.57913e+01 | 23 -0.06173  6.59249e+01 | 24 -0.04594  8.28996e+01
 25 -0.06198  6.99422e+01 | 26 -0.07048  6.43348e+01 | 27 -0.07182  6.32934e+01
 28 -0.06470  6.69524e+01 | 29 -0.03332  8.77279e+01 | 30 -0.05203  6.40311e+01
 31  0.00018  9.79085e+01 | 32 -0.03808  7.21295e+01 | 33 -0.14451  2.75019e+01
 34 -0.17077  2.22526e+01 | 35 -0.03892  5.89605e+01 | 36 -0.12159  2.66178e+01
 37  0.03740  8.76353e+01 | 38  0.03483  6.88043e+01 | 39 -0.11957  1.77559e+01
 40  0.00697  4.06561e+01 | 41  0.05561  5.01811e+01 | 42 -0.14723  8.38358e+00
 43  0.03388  2.98326e+01 | 44 -0.11047  7.96101e+00 | 45  0.01160  1.73056e+01
 46 -0.03901  8.70902e+00 | 47 -0.16666  2.15934e+00 | 48 -0.16608  1.53493e+00
 49 -0.14912  1.29025e+00 | 50  0.06640  5.85538e+00 | 51 -0.15595  6.94458e-01
 52 -0.05612  5.52733e-01 | 53 -0.14478 -1.51746e-01 | 54 -0.07875 -7.66287e-01
 55 -0.05062 -1.22378e+00 | 56 -0.12996 -6.66931e-01 | 57 -0.04577 -1.35745e+00
 58 -0.04616 -1.18033e+00 | 59 -0.00279 -1.51690e+00 | 60 -0.05874 -8.93610e-01
 61 -0.09932 -6.22613e-01 | 62 -0.00999 -1.32963e+00 | 63 -0.09205 -6.03085e-01
 64 -0.13421 -2.74621e-01 | 65 -0.04791 -6.48373e-01 | 66 -0.13350 -2.90427e-01
 67 -0.08787 -3.24601e-01 | 68 -0.09258 -3.89665e-01 | 69 -0.00076 -8.48976e-01
 70 -0.06231 -2.66565e-01 | 71 -0.10442 -3.37927e-02 | 72 -0.07597 -5.22714e-03
 73 -0.07006 -6.27756e-03 | 74 -0.42778  4.36973e+02 | 75 -1.63491  3.54501e+01
 76  0.83802  7.44095e+00 | 77  0.97313  3.25286e-02 | 78  1.28349 -1.75840e+01
 79  0.12768 -8.42456e+01 | 80  0.01408 -1.04261e-03 | 81 -1.10572  1.87272e-02
 82 -0.10057 -1.33847e+00 | 83  0.00104  8.33205e-01 |
83 variables; iteration 2720; function evaluation 3310; phase 3
Function value 3.9617306e+01; maximum gradient component mag 7.3015e+02
Var    Value     Gradient |Var    Value     Gradient |Var    Value     Gradient
  1  0.00961  7.30152e+02 |  2 -0.00620  1.40471e+00 |  3 -0.00746  1.66033e+00
  4 -0.02358  1.81727e+00 |  5 -0.02498  2.14814e+00 |  6 -0.02633  2.59734e+00
  7 -0.02816  3.01518e+00 |  8 -0.02966  3.63916e+00 |  9 -0.03187  4.14657e+00
 10 -0.03390  4.79984e+00 | 11 -0.03620  5.48246e+00 | 12 -0.03878  6.19217e+00
 13 -0.04134  6.97739e+00 | 14 -0.04380  7.86684e+00 | 15 -0.04636  8.88444e+00
 16 -0.05059  9.23695e+00 | 17 -0.05458  9.64945e+00 | 18 -0.05655  1.07051e+01
 19 -0.05449  1.28726e+01 | 20 -0.05476  1.38269e+01 | 21 -0.05413  1.46496e+01
 22 -0.06112  1.18122e+01 | 23 -0.05808  1.34335e+01 | 24 -0.05334  1.60031e+01
 25 -0.05781  1.46748e+01 | 26 -0.06912  1.10085e+01 | 27 -0.07363  9.86810e+00
 28 -0.07390  9.55384e+00 | 29 -0.03156  2.24472e+01 | 30 -0.04497  9.98952e+00
 31 -0.00414  1.32809e+01 | 32 -0.03603  1.48322e+01 | 33 -0.14588  4.51848e+00
 34 -0.17214  4.01938e+00 | 35 -0.03830  1.17293e+01 | 36 -0.12450  2.83071e+00
 37  0.03838  1.61858e+01 | 38  0.03373  1.01996e+01 | 39 -0.11972  2.88555e+00
 40  0.00740  6.24404e+00 | 41  0.05502  7.51368e+00 | 42 -0.14657  1.28131e+00
 43  0.03373  4.82827e+00 | 44 -0.11117  1.26783e+00 | 45  0.01187  3.30415e+00
 46 -0.03965  1.64185e+00 | 47 -0.16706  3.47797e-01 | 48 -0.16638  3.16143e-01
 49 -0.14919  3.05533e-01 | 50  0.06630  1.46934e+00 | 51 -0.15578  1.91442e-01
 52 -0.05614  2.42793e-01 | 53 -0.14443  4.88020e-02 | 54 -0.07885 -2.48122e-02
 55 -0.05051 -8.63750e-02 | 56 -0.12996 -4.54429e-02 | 57 -0.04578 -1.71093e-01
 58 -0.04614 -1.49416e-01 | 59 -0.00280 -2.33158e-01 | 60 -0.05862 -9.72060e-02
 61 -0.09933 -1.16065e-01 | 62 -0.00998 -2.60062e-01 | 63 -0.09196 -1.34779e-01
 64 -0.13425 -5.81660e-02 | 65 -0.04789 -1.51656e-01 | 66 -0.13345 -7.83217e-02
 67 -0.08792 -1.06745e-01 | 68 -0.09251 -1.51884e-01 | 69 -0.00074 -3.60231e-01
 70 -0.06211 -9.15432e-02 | 71 -0.10436 -1.47188e-02 | 72 -0.07581 -2.31296e-03
 73 -0.06992 -1.11406e-03 | 74 -0.42804  8.35259e+01 | 75 -1.63288  6.20094e+00
 76  0.85055 -7.78291e-01 | 77  0.98426  1.22708e-01 | 78  1.29483 -4.34075e+00
 79  0.12568 -1.54387e+01 | 80  0.01870 -6.36299e-03 | 81 -1.35307  5.07145e-03
 82 -0.10085 -1.41610e-01 | 83  0.00089  5.80573e-02 |
83 variables; iteration 2740; function evaluation 3332; phase 3
Function value 3.9615298e+01; maximum gradient component mag 1.0587e+03
Var    Value     Gradient |Var    Value     Gradient |Var    Value     Gradient
  1  0.00963  1.05870e+03 |  2 -0.00618  1.93822e+00 |  3 -0.00746  2.30416e+00
  4 -0.02357  2.51262e+00 |  5 -0.02486  3.01859e+00 |  6 -0.02634  3.59326e+00
  7 -0.02817  4.19643e+00 |  8 -0.02950  5.09289e+00 |  9 -0.03173  5.83057e+00
 10 -0.03390  6.70016e+00 | 11 -0.03618  7.67687e+00 | 12 -0.03876  8.70083e+00
 13 -0.04126  9.84817e+00 | 14 -0.04381  1.10649e+01 | 15 -0.04626  1.25303e+01
 16 -0.05037  1.33026e+01 | 17 -0.05431  1.40976e+01 | 18 -0.05645  1.54889e+01
 19 -0.05442  1.80863e+01 | 20 -0.05524  1.90870e+01 | 21 -0.05453  2.01830e+01
 22 -0.06123  1.72603e+01 | 23 -0.05769  1.94342e+01 | 24 -0.05551  2.12535e+01
 25 -0.05664  2.13990e+01 | 26 -0.06862  1.69397e+01 | 27 -0.07238  1.58394e+01
 28 -0.07497  1.43082e+01 | 29 -0.03160  2.93712e+01 | 30 -0.04534  1.58345e+01
 31 -0.00495  2.05846e+01 | 32 -0.03522  2.07372e+01 | 33 -0.14617  6.69630e+00
 34 -0.17215  5.86694e+00 | 35 -0.03840  1.67294e+01 | 36 -0.12408  5.27749e+00
 37  0.03812  2.33805e+01 | 38  0.03391  1.59850e+01 | 39 -0.12009  4.18214e+00
 40  0.00737  9.88131e+00 | 41  0.05499  1.23945e+01 | 42 -0.14654  2.09985e+00
 43  0.03367  7.22947e+00 | 44 -0.11112  1.84094e+00 | 45  0.01178  4.42752e+00
 46 -0.03965  2.18506e+00 | 47 -0.16701  4.99321e-01 | 48 -0.16641  3.82918e-01
 49 -0.14920  3.44761e-01 | 50  0.06623  1.46717e+00 | 51 -0.15582  1.59207e-01
 52 -0.05622  3.17866e-02 | 53 -0.14450 -8.99195e-02 | 54 -0.07894 -3.10124e-01
 55 -0.05056 -3.78996e-01 | 56 -0.13008 -2.21415e-01 | 57 -0.04583 -3.26740e-01
 58 -0.04619 -2.13476e-01 | 59 -0.00287 -2.30888e-01 | 60 -0.05867  4.01507e-03
 61 -0.09939  4.48918e-02 | 62 -0.01007  2.76806e-01 | 63 -0.09194  2.56709e-01
 64 -0.13438  1.38902e-01 | 65 -0.04795  3.37934e-01 | 66 -0.13346  2.07787e-01
 67 -0.08799  1.31204e-01 | 68 -0.09257  1.24863e-02 | 69 -0.00080 -9.54151e-02
 70 -0.06223 -6.63725e-02 | 71 -0.10441 -8.23228e-03 | 72 -0.07588 -3.51091e-03
 73 -0.06998 -1.54666e-03 | 74 -0.42803  1.21357e+02 | 75 -1.63293  9.27808e+00
 76  0.85129 -3.06252e-04 | 77  0.98508  1.26518e-01 | 78  1.29650 -5.81763e+00
 79  0.12549 -2.25391e+01 | 80  0.01897 -6.82392e-03 | 81 -1.35565  5.02579e-03
 82 -0.10080 -4.75658e-02 | 83  0.00093  1.02720e-03 |
83 variables; iteration 2760; function evaluation 3357; phase 3
Function value 3.9580919e+01; maximum gradient component mag 4.1330e+03
Var    Value     Gradient |Var    Value     Gradient |Var    Value     Gradient
  1  0.00964  4.13296e+03 |  2 -0.00616  7.02199e+00 |  3 -0.00740  8.49621e+00
  4 -0.02356  9.15628e+00 |  5 -0.02495  1.09793e+01 |  6 -0.02643  1.31227e+01
  7 -0.02824  1.55118e+01 |  8 -0.02937  1.85780e+01 |  9 -0.03174  2.14950e+01
 10 -0.03393  2.48335e+01 | 11 -0.03633  2.85017e+01 | 12 -0.03890  3.25399e+01
 13 -0.04123  3.70235e+01 | 14 -0.04340  4.19275e+01 | 15 -0.04626  4.70528e+01
 16 -0.05034  5.13485e+01 | 17 -0.05501  5.50577e+01 | 18 -0.05641  6.08313e+01
 19 -0.05496  6.71999e+01 | 20 -0.05616  7.05012e+01 | 21 -0.05442  7.48100e+01
 22 -0.06006  7.08312e+01 | 23 -0.05937  7.37581e+01 | 24 -0.05419  8.16153e+01
 25 -0.05851  7.93312e+01 | 26 -0.06862  7.19170e+01 | 27 -0.07012  7.05487e+01
 28 -0.07228  6.63594e+01 | 29 -0.03447  9.37480e+01 | 30 -0.04427  7.55690e+01
 31 -0.00751  9.60629e+01 | 32 -0.03240  8.11980e+01 | 33 -0.14769  2.82088e+01
 34 -0.17184  2.33170e+01 | 35 -0.03889  6.18212e+01 | 36 -0.12182  2.68709e+01
 37  0.03714  8.65704e+01 | 38  0.03471  6.85562e+01 | 39 -0.12073  1.68104e+01
 40  0.00717  3.94421e+01 | 41  0.05512  4.84612e+01 | 42 -0.14678  8.27915e+00
 43  0.03355  2.95767e+01 | 44 -0.11028  8.10290e+00 | 45  0.01133  1.76981e+01
 46 -0.03926  9.23678e+00 | 47 -0.16699  2.40854e+00 | 48 -0.16643  1.77441e+00
 49 -0.14920  1.56823e+00 | 50  0.06622  7.15487e+00 | 51 -0.15604  8.27518e-01
 52 -0.05622  7.04233e-01 | 53 -0.14485 -1.21832e-01 | 54 -0.07886 -7.68302e-01
 55 -0.05072 -1.29295e+00 | 56 -0.13003 -7.12574e-01 | 57 -0.04590 -1.54099e+00
 58 -0.04626 -1.40177e+00 | 59 -0.00293 -1.86462e+00 | 60 -0.05879 -1.01760e+00
 61 -0.09950 -7.77187e-01 | 62 -0.01008 -1.48462e+00 | 63 -0.09213 -7.01546e-01
 64 -0.13440 -4.93916e-01 | 65 -0.04802 -1.01147e+00 | 66 -0.13360 -4.59488e-01
 67 -0.08804 -6.29319e-01 | 68 -0.09269 -5.89604e-01 | 69 -0.00087 -1.15924e+00
 70 -0.06237 -3.42616e-01 | 71 -0.10447 -4.55655e-02 | 72 -0.07597 -8.30322e-03
 73 -0.07004 -3.11701e-03 | 74 -0.42786  4.63768e+02 | 75 -1.63401  3.74976e+01
 76  0.85836  7.17079e+00 | 77  0.99500  2.76606e-01 | 78  1.29749 -1.98593e+01
 79  0.12549 -9.00346e+01 | 80  0.01837 -2.18298e-01 | 81 -1.67603 -7.36988e-02
 82 -0.10067 -1.66321e+00 | 83  0.00100  1.06896e+00 |
83 variables; iteration 2780; function evaluation 3378; phase 3
Function value 3.9566653e+01; maximum gradient component mag -9.4363e+02
Var    Value     Gradient |Var    Value     Gradient |Var    Value     Gradient
  1  0.00967 -9.43630e+02 |  2 -0.00614 -1.34426e+00 |  3 -0.00744 -1.69335e+00
  4 -0.02356 -1.79361e+00 |  5 -0.02497 -2.19530e+00 |  6 -0.02628 -2.59420e+00
  7 -0.02809 -3.14351e+00 |  8 -0.02962 -3.65508e+00 |  9 -0.03175 -4.34570e+00
 10 -0.03395 -5.09280e+00 | 11 -0.03631 -5.92161e+00 | 12 -0.03890 -6.85567e+00
 13 -0.04100 -7.72072e+00 | 14 -0.04330 -8.68935e+00 | 15 -0.04611 -9.85145e+00
 16 -0.05014 -1.13478e+01 | 17 -0.05477 -1.29535e+01 | 18 -0.05607 -1.38725e+01
 19 -0.05552 -1.43468e+01 | 20 -0.05725 -1.52376e+01 | 21 -0.05395 -1.51362e+01
 22 -0.06068 -1.67576e+01 | 23 -0.06101 -1.73792e+01 | 24 -0.05282 -1.66236e+01
 25 -0.06221 -1.82622e+01 | 26 -0.06790 -1.86847e+01 | 27 -0.06522 -1.72763e+01
 28 -0.06554 -1.65269e+01 | 29 -0.04061 -1.52526e+01 | 30 -0.04657 -2.25590e+01
 31 -0.00914 -2.98881e+01 | 32 -0.02975 -1.57956e+01 | 33 -0.14884 -8.28828e+00
 34 -0.17166 -5.28801e+00 | 35 -0.03912 -1.28359e+01 | 36 -0.11964 -7.09292e+00
 37  0.03594 -1.75745e+01 | 38  0.03575 -1.52853e+01 | 39 -0.12159 -4.05105e+00
 40  0.00691 -1.01133e+01 | 41  0.05531 -1.31417e+01 | 42 -0.14786 -2.45244e+00
 43  0.03371 -9.11760e+00 | 44 -0.11005 -2.52009e+00 | 45  0.01086 -5.70785e+00
 46 -0.03867 -3.23365e+00 | 47 -0.16697 -1.01268e+00 | 48 -0.16640 -7.79018e-01
 49 -0.14932 -6.35932e-01 | 50  0.06620 -3.59398e+00 | 51 -0.15638 -5.30691e-01
 52 -0.05628 -3.52814e-01 | 53 -0.14534  9.88326e-02 | 54 -0.07885  4.91947e-01
 55 -0.05096  7.52865e-01 | 56 -0.13010  5.58288e-01 | 57 -0.04602  1.00093e+00
 58 -0.04639  1.09531e+00 | 59 -0.00307  1.58349e+00 | 60 -0.05894  1.13000e+00
 61 -0.09971  7.43556e-01 | 62 -0.01017  1.49370e+00 | 63 -0.09240  6.00175e-01
 64 -0.13448  4.89900e-01 | 65 -0.04814  7.58838e-01 | 66 -0.13379  2.81206e-01
 67 -0.08812  4.22567e-01 | 68 -0.09290  3.44995e-01 | 69 -0.00100  4.21188e-01
 70 -0.06263  1.49361e-01 | 71 -0.10460  1.16762e-02 | 72 -0.07613 -5.12702e-03
 73 -0.07018 -7.60663e-04 | 74 -0.42757 -9.61428e+01 | 75 -1.63645 -8.57426e+00
 76  0.85880 -4.63073e+00 | 77  0.99559  3.02279e-01 | 78  1.29836  3.17489e+00
 79  0.12553  2.11355e+01 | 80  0.01989 -1.63637e-01 | 81 -1.67794 -5.54829e-02
 82 -0.10049  1.41214e+00 | 83  0.00110 -9.96264e-01 |
83 variables; iteration 2800; function evaluation 3402; phase 3
Function value 3.9456425e+01; maximum gradient component mag 2.8689e+03
Var    Value     Gradient |Var    Value     Gradient |Var    Value     Gradient
  1  0.00960  2.86888e+03 |  2 -0.00717  4.61406e+00 |  3 -0.00834  5.63777e+00
  4 -0.02465  6.04812e+00 |  5 -0.02603  7.29391e+00 |  6 -0.02756  8.74147e+00
  7 -0.02938  1.03559e+01 |  8 -0.03071  1.24326e+01 |  9 -0.03310  1.43736e+01
 10 -0.03530  1.66258e+01 | 11 -0.03777  1.90650e+01 | 12 -0.04004  2.19157e+01
 13 -0.04251  2.48958e+01 | 14 -0.04495  2.80940e+01 | 15 -0.04752  3.16775e+01
 16 -0.05057  3.50051e+01 | 17 -0.05423  3.79164e+01 | 18 -0.05613  4.15978e+01
 19 -0.05609  4.52235e+01 | 20 -0.05806  4.68265e+01 | 21 -0.05495  5.08124e+01
 22 -0.06166  4.67099e+01 | 23 -0.06096  4.86812e+01 | 24 -0.05338  5.61819e+01
 25 -0.06356  4.99624e+01 | 26 -0.06405  5.11778e+01 | 27 -0.06101  5.37077e+01
 28 -0.06316  5.05848e+01 | 29 -0.05244  5.29398e+01 | 30 -0.02926  6.05149e+01
 31 -0.01473  6.10938e+01 | 32 -0.02672  6.24101e+01 | 33 -0.14911  1.89713e+01
 34 -0.17218  1.59065e+01 | 35 -0.03892  4.25106e+01 | 36 -0.11715  2.05706e+01
 37  0.03490  6.21740e+01 | 38  0.03701  5.11962e+01 | 39 -0.12163  1.28241e+01
 40  0.00674  3.13618e+01 | 41  0.05576  4.06637e+01 | 42 -0.14754  7.10344e+00
 43  0.03384  2.52292e+01 | 44 -0.10891  7.18212e+00 | 45  0.01057  1.48116e+01
 46 -0.03787  7.50189e+00 | 47 -0.16651  1.87722e+00 | 48 -0.16557  1.45404e+00
 49 -0.14917  1.27835e+00 | 50  0.06631  6.28192e+00 | 51 -0.15624  8.81485e-01
 52 -0.05625  7.78129e-01 | 53 -0.14555 -1.18312e-01 | 54 -0.07877 -6.22984e-01
 55 -0.05092 -1.06983e+00 | 56 -0.13026 -7.42612e-01 | 57 -0.04588 -1.56331e+00
 58 -0.04639 -1.79771e+00 | 59 -0.00292 -2.85187e+00 | 60 -0.05909 -2.24953e+00
 61 -0.09941 -1.63103e+00 | 62 -0.01026 -3.60124e+00 | 63 -0.09207 -1.66471e+00
 64 -0.13461 -1.23369e+00 | 65 -0.04799 -2.07713e+00 | 66 -0.13373 -9.60603e-01
 67 -0.08795 -1.12404e+00 | 68 -0.09281 -7.31828e-01 | 69 -0.00096 -6.46577e-01
 70 -0.06278 -1.80533e-01 | 71 -0.10463 -4.52329e-03 | 72 -0.07630  8.36157e-03
 73 -0.07036 -1.48003e-03 | 74 -0.42716  3.12530e+02 | 75 -1.64118  2.62672e+01
 76  0.88596  3.41973e+00 | 77  1.03087 -3.18490e-02 | 78  1.31348 -1.48617e+01
 79  0.12478 -6.16725e+01 | 80  0.03654 -4.50993e-01 | 81 -1.68297 -1.40966e-02
 82 -0.10014 -2.79350e+00 | 83  0.00127  1.70215e+00 |
83 variables; iteration 2820; function evaluation 3428; phase 3
Function value 3.9005854e+01; maximum gradient component mag -9.8862e+01
Var    Value     Gradient |Var    Value     Gradient |Var    Value     Gradient
  1  0.00944 -9.88621e+01 |  2 -0.00686 -2.69299e-01 |  3 -0.00811 -3.37429e-01
  4 -0.02487 -4.88856e-01 |  5 -0.02591 -4.67529e-01 |  6 -0.02730 -5.02792e-01
  7 -0.02931 -6.67138e-01 |  8 -0.03051 -5.83684e-01 |  9 -0.03292 -7.99585e-01
 10 -0.03514 -9.44167e-01 | 11 -0.03754 -1.11060e+00 | 12 -0.03977 -1.20193e+00
 13 -0.04288 -1.53131e+00 | 14 -0.04526 -1.65246e+00 | 15 -0.04726 -1.62921e+00
 16 -0.05076 -2.08635e+00 | 17 -0.05435 -2.57199e+00 | 18 -0.05550 -2.41106e+00
 19 -0.05619 -2.31380e+00 | 20 -0.05737 -2.45524e+00 | 21 -0.05628 -2.13304e+00
 22 -0.05841 -2.87832e+00 | 23 -0.06051 -3.57777e+00 | 24 -0.05313 -1.49794e+00
 25 -0.05978 -3.05937e+00 | 26 -0.06403 -3.24895e+00 | 27 -0.06447 -2.26280e+00
 28 -0.06804 -2.72787e+00 | 29 -0.04976 -3.39265e-01 | 30 -0.02564 -2.10612e+00
 31 -0.01235 -6.14019e+00 | 32 -0.03153  4.33522e+00 | 33 -0.14912 -1.22049e+00
 34 -0.17096 -1.11897e+00 | 35 -0.03806 -2.91943e+00 | 36 -0.12241 -9.36805e-01
 37  0.04022 -4.89060e+00 | 38  0.03129  9.81227e-01 | 39 -0.11779  6.26545e-01
 40  0.00916  8.75943e-01 | 41  0.05387  3.98540e+00 | 42 -0.14401  9.12106e-01
 43  0.03336  2.50999e+00 | 44 -0.11090  9.25010e-01 | 45  0.01346  6.28251e-01
 46 -0.04214  3.45035e-01 | 47 -0.16552  8.33317e-02 | 48 -0.16503 -1.69657e-01
 49 -0.14809 -2.60093e-01 | 50  0.06651 -1.18397e+00 | 51 -0.15580 -1.88043e-01
 52 -0.05576 -2.37158e-01 | 53 -0.14453 -4.84663e-02 | 54 -0.07842 -3.27392e-02
 55 -0.05026  1.66949e-01 | 56 -0.12976  8.31328e-02 | 57 -0.04542  2.83541e-01
 58 -0.04586  3.33471e-01 | 59 -0.00253  3.61541e-01 | 60 -0.05839  3.42160e-01
 61 -0.09925  3.39489e-02 | 62 -0.00956  3.39873e-01 | 63 -0.09195  7.44181e-02
 64 -0.13397  1.02789e-01 | 65 -0.04762  3.24237e-01 | 66 -0.13318  2.91523e-01
 67 -0.08769  1.99402e-01 | 68 -0.09233  1.77814e-01 | 69 -0.00036  2.09252e-01
 70 -0.06206 -9.31078e-03 | 71 -0.10409  5.52129e-03 | 72 -0.07572 -4.64112e-03
 73 -0.06980  3.83546e-03 | 74 -0.42741 -1.58410e+00 | 75 -1.63905 -7.80892e-01
 76  0.88256 -2.11844e+00 | 77  1.02666 -8.59305e-02 | 78  1.29805 -6.02973e-01
 79  0.12445  3.03227e+00 | 80  0.04359 -1.15455e+01 | 81 -0.98237  9.86149e-03
 82 -0.10057  2.56913e-01 | 83  0.00110 -9.73739e-02 |
83 variables; iteration 2840; function evaluation 3450; phase 3
Function value 3.8973182e+01; maximum gradient component mag 2.2912e+02
Var    Value     Gradient |Var    Value     Gradient |Var    Value     Gradient
  1  0.00936  2.29124e+02 |  2 -0.00672  3.46257e-01 |  3 -0.00788  4.27664e-01
  4 -0.02422  4.37149e-01 |  5 -0.02551  5.51170e-01 |  6 -0.02727  5.99099e-01
  7 -0.02879  7.73579e-01 |  8 -0.03039  9.87459e-01 |  9 -0.03259  1.08883e+00
 10 -0.03468  1.26805e+00 | 11 -0.03726  1.36618e+00 | 12 -0.03944  1.64622e+00
 13 -0.04171  1.93547e+00 | 14 -0.04421  2.18332e+00 | 15 -0.04633  2.63861e+00
 16 -0.04988  2.59373e+00 | 17 -0.05357  2.48952e+00 | 18 -0.05461  3.17184e+00
 19 -0.05551  3.57045e+00 | 20 -0.05748  3.43323e+00 | 21 -0.05421  4.77344e+00
 22 -0.06137  2.29990e+00 | 23 -0.05882  3.27123e+00 | 24 -0.05549  4.63115e+00
 25 -0.06266  2.69239e+00 | 26 -0.06520  2.96241e+00 | 27 -0.06429  4.29750e+00
 28 -0.06660  3.72475e+00 | 29 -0.04818  6.63440e+00 | 30 -0.02293  6.08748e+00
 31 -0.00890  2.00419e+00 | 32 -0.03701  8.39365e+00 | 33 -0.14924  9.76522e-01
 34 -0.17006  1.42749e+00 | 35 -0.03804  3.73319e+00 | 36 -0.12959  3.37611e-01
 37  0.04437  3.53661e+00 | 38  0.02685  4.73137e-01 | 39 -0.11463  1.05188e+00
 40  0.01032  2.06939e+00 | 41  0.05285  3.43794e+00 | 42 -0.14099  1.12142e+00
 43  0.03289  3.50087e+00 | 44 -0.11202  1.20298e+00 | 45  0.01466  2.22021e+00
 46 -0.04425  1.42926e+00 | 47 -0.16582  5.47709e-01 | 48 -0.16582  1.75380e-01
 49 -0.14756  9.80682e-02 | 50  0.06637  1.97112e-01 | 51 -0.15492  8.69955e-02
 52 -0.05566 -1.02512e-01 | 53 -0.14343 -7.32819e-02 | 54 -0.07842 -3.10453e-01
 55 -0.04970 -1.33707e-01 | 56 -0.12961 -2.10903e-01 | 57 -0.04509  9.66371e-02
 58 -0.04560  2.81937e-01 | 59 -0.00226  2.03535e-01 | 60 -0.05800  4.33921e-01
 61 -0.09903  3.79200e-02 | 62 -0.00921  6.60187e-01 | 63 -0.09169  2.86515e-01
 64 -0.13369  1.88940e-01 | 65 -0.04740  3.58531e-01 | 66 -0.13278  3.78041e-01
 67 -0.08762 -5.63600e-02 | 68 -0.09204 -8.54954e-02 | 69 -0.00000 -1.89972e-01
 70 -0.06149 -1.17970e-01 | 71 -0.10373 -2.00150e-02 | 72 -0.07519  3.58528e-03
 73 -0.06938  4.05207e-03 | 74 -0.42779  3.38158e+01 | 75 -1.63517  2.09390e+00
 76  0.88335 -1.48229e+00 | 77  1.02061 -9.97826e-02 | 78  1.29109 -1.81434e+00
 79  0.12543 -2.08851e+00 | 80  0.04362 -1.08175e+00 | 81 -0.98525 -1.07983e-02
 82 -0.10113  3.60854e-01 | 83  0.00080 -2.30876e-01 |
83 variables; iteration 2860; function evaluation 3473; phase 3
Function value 3.8935962e+01; maximum gradient component mag 1.5967e+03
Var    Value     Gradient |Var    Value     Gradient |Var    Value     Gradient
  1  0.00937  1.59672e+03 |  2 -0.00633  2.74623e+00 |  3 -0.00748  3.32841e+00
  4 -0.02386  3.53262e+00 |  5 -0.02508  4.28135e+00 |  6 -0.02678  5.04408e+00
  7 -0.02833  6.02334e+00 |  8 -0.03007  7.12236e+00 |  9 -0.03210  8.29111e+00
 10 -0.03429  9.55466e+00 | 11 -0.03656  1.09779e+01 | 12 -0.03891  1.25810e+01
 13 -0.04123  1.43296e+01 | 14 -0.04386  1.60778e+01 | 15 -0.04738  1.77087e+01
 16 -0.04954  1.99305e+01 | 17 -0.05207  2.19846e+01 | 18 -0.05465  2.38172e+01
 19 -0.05643  2.51663e+01 | 20 -0.05829  2.60274e+01 | 21 -0.05790  2.73014e+01
 22 -0.05861  2.72588e+01 | 23 -0.05815  2.83677e+01 | 24 -0.05589  3.07563e+01
 25 -0.05877  3.00536e+01 | 26 -0.06326  2.90086e+01 | 27 -0.06495  2.87254e+01
 28 -0.06759  2.64570e+01 | 29 -0.05838  2.71080e+01 | 30 -0.01892  3.82410e+01
 31 -0.00684  3.43571e+01 | 32 -0.04121  2.88669e+01 | 33 -0.14704  1.01008e+01
 34 -0.16875  9.08080e+00 | 35 -0.03956  2.28033e+01 | 36 -0.12673  1.07659e+01
 37  0.04379  3.73710e+01 | 38  0.02715  2.79017e+01 | 39 -0.11574  7.58676e+00
 40  0.01046  1.66422e+01 | 41  0.05274  1.88827e+01 | 42 -0.14095  3.46016e+00
 43  0.03255  1.07516e+01 | 44 -0.11151  3.12960e+00 | 45  0.01470  5.76655e+00
 46 -0.04467  2.65679e+00 | 47 -0.16646  6.51650e-01 | 48 -0.16597  3.67991e-01
 49 -0.14755  2.85709e-01 | 50  0.06636  1.08107e+00 | 51 -0.15499  1.26938e-01
 52 -0.05557  1.07364e-01 | 53 -0.14337 -3.94936e-03 | 54 -0.07830 -1.07425e-01
 55 -0.04973 -1.18528e-01 | 56 -0.12935 -6.21586e-02 | 57 -0.04510 -1.06255e-01
 58 -0.04562 -4.07739e-02 | 59 -0.00213 -4.37196e-02 | 60 -0.05818  7.00392e-02
 61 -0.09873 -7.88061e-04 | 62 -0.00924  8.95942e-02 | 63 -0.09164  3.13566e-03
 64 -0.13370  1.98679e-03 | 65 -0.04732 -8.35649e-02 | 66 -0.13297 -1.80043e-02
 67 -0.08754 -1.49439e-01 | 68 -0.09203 -1.41469e-01 | 69  0.00006 -3.36948e-01
 70 -0.06134 -9.84115e-02 | 71 -0.10364 -1.69048e-02 | 72 -0.07506 -2.88406e-03
 73 -0.06926 -7.80706e-04 | 74 -0.42782  1.82563e+02 | 75 -1.63514  1.43437e+01
 76  0.88635  1.05845e+00 | 77  1.02562 -6.55070e-02 | 78  1.28583 -7.97545e+00
 79  0.12543 -3.44359e+01 | 80  0.04363  1.81434e+00 | 81 -0.98730 -4.63988e-02
 82 -0.10132 -1.69471e-02 | 83  0.00066 -3.32926e-02 |
83 variables; iteration 2880; function evaluation 3494; phase 3
Function value 3.8925542e+01; maximum gradient component mag 1.6881e+03
Var    Value     Gradient |Var    Value     Gradient |Var    Value     Gradient
  1  0.00930  1.68813e+03 |  2 -0.00660  2.81697e+00 |  3 -0.00768  3.44832e+00
  4 -0.02390  3.71344e+00 |  5 -0.02520  4.47298e+00 |  6 -0.02678  5.31522e+00
  7 -0.02828  6.36491e+00 |  8 -0.03032  7.42217e+00 |  9 -0.03221  8.69578e+00
 10 -0.03444  1.00146e+01 | 11 -0.03673  1.15056e+01 | 12 -0.03849  1.34227e+01
 13 -0.04148  1.49953e+01 | 14 -0.04417  1.68133e+01 | 15 -0.04750  1.86211e+01
 16 -0.04934  2.11099e+01 | 17 -0.05169  2.33663e+01 | 18 -0.05370  2.56043e+01
 19 -0.05637  2.65740e+01 | 20 -0.05822  2.74934e+01 | 21 -0.05737  2.90759e+01
 22 -0.06010  2.79501e+01 | 23 -0.05677  3.06780e+01 | 24 -0.05632  3.21568e+01
 25 -0.05825  3.19883e+01 | 26 -0.06374  3.03897e+01 | 27 -0.06575  2.99352e+01
 28 -0.06732  2.81405e+01 | 29 -0.06095  2.74696e+01 | 30 -0.01532  4.27639e+01
 31 -0.00329  3.98931e+01 | 32 -0.04626  2.87242e+01 | 33 -0.14529  1.13044e+01
 34 -0.16813  9.72814e+00 | 35 -0.03976  2.37332e+01 | 36 -0.12780  1.08275e+01
 37  0.04475  3.82966e+01 | 38  0.02619  2.70183e+01 | 39 -0.11472  7.78572e+00
 40  0.01064  1.78065e+01 | 41  0.05278  2.13690e+01 | 42 -0.14065  3.96898e+00
 43  0.03253  1.28404e+01 | 44 -0.11158  3.65009e+00 | 45  0.01505  6.98348e+00
 46 -0.04510  3.26504e+00 | 47 -0.16670  7.82217e-01 | 48 -0.16595  5.58178e-01
 49 -0.14733  4.45275e-01 | 50  0.06640  1.91302e+00 | 51 -0.15473  2.65145e-01
 52 -0.05539  2.03048e-01 | 53 -0.14322 -1.07239e-01 | 54 -0.07805 -1.80361e-01
 55 -0.04963 -4.88650e-01 | 56 -0.12904 -1.76804e-01 | 57 -0.04495 -5.39307e-01
 58 -0.04550 -4.77500e-01 | 59 -0.00188 -5.25100e-01 | 60 -0.05820 -3.83020e-01
 61 -0.09830 -4.91553e-02 | 62 -0.00919 -3.51216e-01 | 63 -0.09127 -7.17088e-02
 64 -0.13376 -2.96327e-01 | 65 -0.04709 -4.55231e-01 | 66 -0.13291 -2.03092e-01
 67 -0.08736 -2.68669e-01 | 68 -0.09192 -2.33597e-01 | 69  0.00026 -3.03836e-01
 70 -0.06113 -8.14841e-02 | 71 -0.10345 -8.78546e-03 | 72 -0.07490 -3.44196e-03
 73 -0.06914 -3.78573e-03 | 74 -0.42798  1.94268e+02 | 75 -1.63314  1.51180e+01
 76  0.88862  1.22076e+00 | 77  1.02546 -6.42543e-02 | 78  1.28518 -8.32254e+00
 79  0.12568 -3.62519e+01 | 80  0.04363  2.31999e+00 | 81 -0.98702 -3.84821e-02
 82 -0.10145 -4.77878e-01 | 83  0.00056  2.13805e-01 |
83 variables; iteration 2900; function evaluation 3514; phase 3
Function value 3.8923974e+01; maximum gradient component mag -5.3101e+02
Var    Value     Gradient |Var    Value     Gradient |Var    Value     Gradient
  1  0.00929 -5.31007e+02 |  2 -0.00652 -8.21585e-01 |  3 -0.00772 -1.00983e+00
  4 -0.02396 -1.08422e+00 |  5 -0.02530 -1.30492e+00 |  6 -0.02688 -1.57956e+00
  7 -0.02849 -1.85641e+00 |  8 -0.03023 -2.16425e+00 |  9 -0.03219 -2.53125e+00
 10 -0.03436 -2.96222e+00 | 11 -0.03662 -3.41797e+00 | 12 -0.03891 -3.89092e+00
 13 -0.04132 -4.41403e+00 | 14 -0.04379 -4.97117e+00 | 15 -0.04751 -5.87356e+00
 16 -0.04924 -6.32441e+00 | 17 -0.05149 -6.90605e+00 | 18 -0.05386 -7.55676e+00
 19 -0.05624 -8.26583e+00 | 20 -0.05827 -8.91100e+00 | 21 -0.05778 -9.01960e+00
 22 -0.05992 -9.75993e+00 | 23 -0.05596 -9.14860e+00 | 24 -0.05706 -9.73641e+00
 25 -0.05745 -9.63741e+00 | 26 -0.06391 -1.01271e+01 | 27 -0.06702 -9.62371e+00
 28 -0.06883 -9.43461e+00 | 29 -0.06036 -9.69971e+00 | 30 -0.01373 -9.44117e+00
 31 -0.00259 -1.55575e+01 | 32 -0.04783 -9.06141e+00 | 33 -0.14467 -4.48400e+00
 34 -0.16802 -3.07199e+00 | 35 -0.03988 -8.72463e+00 | 36 -0.12783 -3.72647e+00
 37  0.04491 -1.21529e+01 | 38  0.02599 -9.49827e+00 | 39 -0.11469 -2.39631e+00
 40  0.01077 -5.76029e+00 | 41  0.05268 -6.47853e+00 | 42 -0.14019 -1.08107e+00
 43  0.03240 -4.28206e+00 | 44 -0.11141 -7.88743e-01 | 45  0.01512 -2.54382e+00
 46 -0.04526 -1.11956e+00 | 47 -0.16666 -3.40604e-01 | 48 -0.16608 -2.51848e-01
 49 -0.14734 -2.01268e-01 | 50  0.06643 -9.37335e-01 | 51 -0.15471 -1.20113e-01
 52 -0.05537 -9.54484e-02 | 53 -0.14297  1.72144e-02 | 54 -0.07812  1.07890e-01
 55 -0.04948  1.70750e-01 | 56 -0.12912  1.14380e-01 | 57 -0.04488  2.30888e-01
 58 -0.04544  2.42142e-01 | 59 -0.00188  3.53513e-01 | 60 -0.05803  2.34041e-01
 61 -0.09844  1.92205e-01 | 62 -0.00904  3.90005e-01 | 63 -0.09142  1.93273e-01
 64 -0.13353  1.52290e-01 | 65 -0.04709  2.73756e-01 | 66 -0.13285  1.28346e-01
 67 -0.08734  1.62012e-01 | 68 -0.09186  1.21687e-01 | 69  0.00032  1.67010e-01
 70 -0.06105  4.84810e-02 | 71 -0.10340  5.34496e-03 | 72 -0.07482 -3.54860e-04
 73 -0.06907 -5.04650e-04 | 74 -0.42806 -5.22615e+01 | 75 -1.63246 -4.90863e+00
 76  0.89073 -2.68334e+00 | 77  1.02786 -8.74971e-02 | 78  1.28577  1.21879e+00
 79  0.12561  1.21995e+01 | 80  0.04363  2.25949e+00 | 81 -0.98682 -3.36514e-02
 82 -0.10150  3.55735e-01 | 83  0.00056 -2.41274e-01 |
83 variables; iteration 2920; function evaluation 3534; phase 3
Function value 3.8921539e+01; maximum gradient component mag -6.4928e+02
Var    Value     Gradient |Var    Value     Gradient |Var    Value     Gradient
  1  0.00926 -6.49285e+02 |  2 -0.00694 -1.11724e+00 |  3 -0.00776 -1.25361e+00
  4 -0.02381 -1.29523e+00 |  5 -0.02559 -1.67799e+00 |  6 -0.02704 -1.97949e+00
  7 -0.02799 -2.15730e+00 |  8 -0.03023 -2.66735e+00 |  9 -0.03245 -3.18363e+00
 10 -0.03496 -3.78990e+00 | 11 -0.03722 -4.35105e+00 | 12 -0.03788 -4.52701e+00
 13 -0.04115 -5.38518e+00 | 14 -0.04392 -6.14610e+00 | 15 -0.04766 -7.18274e+00
 16 -0.04901 -7.69403e+00 | 17 -0.05173 -8.53862e+00 | 18 -0.05325 -9.13250e+00
 19 -0.05698 -1.02565e+01 | 20 -0.05653 -1.04021e+01 | 21 -0.05685 -1.07742e+01
 22 -0.06037 -1.18132e+01 | 23 -0.05753 -1.15680e+01 | 24 -0.05889 -1.22719e+01
 25 -0.05715 -1.17668e+01 | 26 -0.06019 -1.14651e+01 | 27 -0.06795 -1.18580e+01
 28 -0.06914 -1.14120e+01 | 29 -0.06161 -1.18342e+01 | 30 -0.01342 -1.19740e+01
 31 -0.00263 -1.77884e+01 | 32 -0.04756 -1.03391e+01 | 33 -0.14460 -5.08937e+00
 34 -0.16793 -3.67734e+00 | 35 -0.03984 -1.08206e+01 | 36 -0.12776 -4.87615e+00
 37  0.04493 -1.68244e+01 | 38  0.02599 -1.34015e+01 | 39 -0.11423 -3.31745e+00
 40  0.01059 -7.91388e+00 | 41  0.05288 -8.11727e+00 | 42 -0.14076 -1.27938e+00
 43  0.03255 -4.05696e+00 | 44 -0.11124 -6.67588e-01 | 45  0.01490 -2.10079e+00
 46 -0.04481 -6.02920e-01 | 47 -0.16682 -2.66733e-01 | 48 -0.16612 -2.49142e-01
 49 -0.14732 -2.62786e-01 | 50  0.06647 -1.48176e+00 | 51 -0.15465 -1.12908e-01
 52 -0.05532 -4.21449e-02 | 53 -0.14313  2.79555e-02 | 54 -0.07798  2.73655e-01
 55 -0.04951  2.97492e-01 | 56 -0.12902  2.25356e-01 | 57 -0.04484  4.28655e-01
 58 -0.04543  4.56941e-01 | 59 -0.00184  6.30156e-01 | 60 -0.05807  3.72858e-01
 61 -0.09836  3.25175e-01 | 62 -0.00905  4.97607e-01 | 63 -0.09130  2.62725e-01
 64 -0.13367 -2.47252e-02 | 65 -0.04703  5.17119e-02 | 66 -0.13285  3.60642e-02
 67 -0.08732 -5.63342e-03 | 68 -0.09190 -2.84617e-03 | 69  0.00036  7.87153e-02
 70 -0.06106  3.21763e-02 | 71 -0.10336  3.54348e-03 | 72 -0.07483 -8.00853e-04
 73 -0.06907 -7.02284e-04 | 74 -0.42805 -6.38874e+01 | 75 -1.63183 -5.84719e+00
 76  0.89380 -2.79714e+00 | 77  1.03067 -8.46829e-02 | 78  1.28713  1.73451e+00
 79  0.12546  1.48206e+01 | 80  0.04363  2.59298e+00 | 81 -0.98662 -3.06167e-02
 82 -0.10150  5.88819e-01 | 83  0.00055 -4.57196e-01 |
83 variables; iteration 2940; function evaluation 3558; phase 3
Function value 3.8907951e+01; maximum gradient component mag -9.6777e+02
Var    Value     Gradient |Var    Value     Gradient |Var    Value     Gradient
  1  0.00929 -9.67771e+02 |  2 -0.00687 -1.62070e+00 |  3 -0.00776 -1.88951e+00
  4 -0.02389 -1.99852e+00 |  5 -0.02555 -2.48774e+00 |  6 -0.02677 -2.89431e+00
  7 -0.02859 -3.47459e+00 |  8 -0.03007 -4.00476e+00 |  9 -0.03233 -4.76211e+00
 10 -0.03441 -5.51508e+00 | 11 -0.03670 -6.36139e+00 | 12 -0.03941 -7.35826e+00
 13 -0.04156 -8.27137e+00 | 14 -0.04436 -9.38662e+00 | 15 -0.04675 -1.04897e+01
 16 -0.04972 -1.17862e+01 | 17 -0.05120 -1.27710e+01 | 18 -0.05528 -1.42964e+01
 19 -0.05433 -1.47131e+01 | 20 -0.05552 -1.54932e+01 | 21 -0.05730 -1.63121e+01
 22 -0.06260 -1.75899e+01 | 23 -0.05887 -1.74601e+01 | 24 -0.05753 -1.78604e+01
 25 -0.05972 -1.81897e+01 | 26 -0.05899 -1.72057e+01 | 27 -0.06506 -1.68511e+01
 28 -0.06909 -1.65449e+01 | 29 -0.06269 -1.71539e+01 | 30 -0.01210 -1.97543e+01
 31 -0.00796 -2.61572e+01 | 32 -0.04134 -1.46382e+01 | 33 -0.14710 -7.39078e+00
 34 -0.16974 -5.53544e+00 | 35 -0.03865 -1.41969e+01 | 36 -0.12827 -6.85936e+00
 37  0.04439 -2.27661e+01 | 38  0.02684 -1.75635e+01 | 39 -0.11548 -4.76150e+00
 40  0.01078 -1.08649e+01 | 41  0.05279 -1.23685e+01 | 42 -0.14169 -2.22267e+00
 43  0.03323 -7.48555e+00 | 44 -0.11363 -2.07885e+00 | 45  0.01549 -4.85845e+00
 46 -0.04512 -2.26429e+00 | 47 -0.16619 -6.30264e-01 | 48 -0.16579 -5.18146e-01
 49 -0.14722 -4.64643e-01 | 50  0.06642 -2.44375e+00 | 51 -0.15474 -1.88803e-01
 52 -0.05537 -1.67028e-01 | 53 -0.14339 -2.48162e-02 | 54 -0.07800  3.22831e-01
 55 -0.04965  3.73977e-01 | 56 -0.12909  3.28542e-01 | 57 -0.04495  6.89404e-01
 58 -0.04545  8.02779e-01 | 59 -0.00194  1.04854e+00 | 60 -0.05810  6.63488e-01
 61 -0.09844  5.02490e-01 | 62 -0.00915  7.83114e-01 | 63 -0.09129  3.71425e-01
 64 -0.13378 -7.77735e-02 | 65 -0.04709 -1.00347e-02 | 66 -0.13284  3.28224e-02
 67 -0.08738 -1.34984e-01 | 68 -0.09190 -3.83673e-02 | 69  0.00025  1.27250e-01
 70 -0.06121  3.46282e-02 | 71 -0.10351  3.04969e-03 | 72 -0.07498 -3.32991e-04
 73 -0.06919  8.60855e-04 | 74 -0.42777 -9.88377e+01 | 75 -1.63550 -8.83835e+00
 76  0.91161 -2.75929e+00 | 77  1.05053 -8.24274e-02 | 78  1.30044  3.26491e+00
 79  0.12396  2.15281e+01 | 80  0.04363  4.96662e-02 | 81 -0.98520 -8.44493e-03
 82 -0.10132  8.82937e-01 | 83  0.00065 -6.85391e-01 |
83 variables; iteration 2960; function evaluation 3582; phase 3
Function value 3.8902991e+01; maximum gradient component mag -1.3054e+03
Var    Value     Gradient |Var    Value     Gradient |Var    Value     Gradient
  1  0.00926 -1.30537e+03 |  2 -0.00658 -2.11951e+00 |  3 -0.00778 -2.58603e+00
  4 -0.02400 -2.77088e+00 |  5 -0.02537 -3.33883e+00 |  6 -0.02687 -3.98858e+00
  7 -0.02864 -4.75364e+00 |  8 -0.03017 -5.52724e+00 |  9 -0.03230 -6.50219e+00
 10 -0.03450 -7.55859e+00 | 11 -0.03673 -8.69836e+00 | 12 -0.03917 -9.96757e+00
 13 -0.04150 -1.12843e+01 | 14 -0.04427 -1.27653e+01 | 15 -0.04678 -1.43261e+01
 16 -0.04945 -1.59913e+01 | 17 -0.05142 -1.75344e+01 | 18 -0.05422 -1.92034e+01
 19 -0.05522 -2.03401e+01 | 20 -0.05659 -2.14073e+01 | 21 -0.05729 -2.22091e+01
 22 -0.06209 -2.32802e+01 | 23 -0.05636 -2.32954e+01 | 24 -0.05529 -2.40625e+01
 25 -0.05872 -2.45018e+01 | 26 -0.06389 -2.42342e+01 | 27 -0.06716 -2.31574e+01
 28 -0.07021 -2.23183e+01 | 29 -0.06289 -2.28256e+01 | 30 -0.00817 -2.82236e+01
 31 -0.00690 -3.47617e+01 | 32 -0.04400 -2.16866e+01 | 33 -0.14650 -1.01298e+01
 34 -0.16942 -7.64954e+00 | 35 -0.03887 -1.93067e+01 | 36 -0.12867 -8.87650e+00
 37  0.04487 -2.90182e+01 | 38  0.02633 -2.16945e+01 | 39 -0.11527 -5.97745e+00
 40  0.01101 -1.36065e+01 | 41  0.05269 -1.61797e+01 | 42 -0.14128 -3.01938e+00
 43  0.03311 -1.01013e+01 | 44 -0.11376 -2.68417e+00 | 45  0.01582 -6.04706e+00
 46 -0.04570 -2.92215e+00 | 47 -0.16634 -8.27878e-01 | 48 -0.16580 -5.65120e-01
 49 -0.14715 -4.78902e-01 | 50  0.06645 -2.25400e+00 | 51 -0.15472 -2.79420e-01
 52 -0.05530 -2.36707e-01 | 53 -0.14305  3.56970e-02 | 54 -0.07802  2.26547e-01
 55 -0.04945  3.89151e-01 | 56 -0.12908  2.40918e-01 | 57 -0.04481  5.01063e-01
 58 -0.04540  5.00978e-01 | 59 -0.00183  7.06377e-01 | 60 -0.05802  4.42037e-01
 61 -0.09840  3.37849e-01 | 62 -0.00898  6.67798e-01 | 63 -0.09140  3.27363e-01
 64 -0.13350  2.27616e-01 | 65 -0.04703  4.42810e-01 | 66 -0.13283  1.99399e-01
 67 -0.08727  2.62645e-01 | 68 -0.09184  2.30135e-01 | 69  0.00038  3.67833e-01
 70 -0.06106  1.11064e-01 | 71 -0.10337  1.34644e-02 | 72 -0.07483  9.46223e-04
 73 -0.06907  7.69599e-04 | 74 -0.42785 -1.34538e+02 | 75 -1.63460 -1.17295e+01
 76  0.91798 -2.99820e+00 | 77  1.05761 -9.32417e-02 | 78  1.30283  4.89051e+00
 79  0.12384  2.89785e+01 | 80  0.04362 -3.62859e-01 | 81 -0.98488 -1.18412e-03
 82 -0.10141  6.47912e-01 | 83  0.00062 -4.23453e-01 |
83 variables; iteration 2980; function evaluation 3603; phase 3
Function value 3.8902166e+01; maximum gradient component mag -8.8420e+02
Var    Value     Gradient |Var    Value     Gradient |Var    Value     Gradient
  1  0.00926 -8.84203e+02 |  2 -0.00659 -1.42469e+00 |  3 -0.00778 -1.73988e+00
  4 -0.02398 -1.85588e+00 |  5 -0.02538 -2.24713e+00 |  6 -0.02683 -2.67025e+00
  7 -0.02861 -3.19555e+00 |  8 -0.03013 -3.68494e+00 |  9 -0.03231 -4.36567e+00
 10 -0.03447 -5.07751e+00 | 11 -0.03674 -5.85132e+00 | 12 -0.03917 -6.70819e+00
 13 -0.04147 -7.57349e+00 | 14 -0.04423 -8.59328e+00 | 15 -0.04679 -9.63806e+00
 16 -0.04936 -1.07529e+01 | 17 -0.05138 -1.17460e+01 | 18 -0.05415 -1.29168e+01
 19 -0.05529 -1.36664e+01 | 20 -0.05614 -1.43116e+01 | 21 -0.05700 -1.49279e+01
 22 -0.06248 -1.62891e+01 | 23 -0.05720 -1.58113e+01 | 24 -0.05666 -1.62998e+01
 25 -0.05861 -1.65684e+01 | 26 -0.06195 -1.62206e+01 | 27 -0.06701 -1.57611e+01
 28 -0.07021 -1.54075e+01 | 29 -0.06348 -1.59389e+01 | 30 -0.00807 -1.77605e+01
 31 -0.00743 -2.46602e+01 | 32 -0.04341 -1.44652e+01 | 33 -0.14674 -7.19624e+00
 34 -0.16953 -5.25855e+00 | 35 -0.03879 -1.30579e+01 | 36 -0.12876 -6.14749e+00
 37  0.04485 -1.94702e+01 | 38  0.02635 -1.49116e+01 | 39 -0.11530 -4.09206e+00
 40  0.01101 -9.09074e+00 | 41  0.05269 -1.08773e+01 | 42 -0.14140 -2.07254e+00
 43  0.03315 -6.82639e+00 | 44 -0.11390 -1.84696e+00 | 45  0.01584 -4.13065e+00
 46 -0.04571 -2.04449e+00 | 47 -0.16631 -5.84932e-01 | 48 -0.16578 -3.89813e-01
 49 -0.14715 -3.26286e-01 | 50  0.06645 -1.52954e+00 | 51 -0.15474 -1.89201e-01
 52 -0.05531 -1.61443e-01 | 53 -0.14308  2.29869e-02 | 54 -0.07802  1.48784e-01
 55 -0.04947  2.57589e-01 | 56 -0.12910  1.58865e-01 | 57 -0.04482  3.34955e-01
 58 -0.04541  3.34839e-01 | 59 -0.00184  4.71597e-01 | 60 -0.05803  2.94340e-01
 61 -0.09842  2.24418e-01 | 62 -0.00899  4.50136e-01 | 63 -0.09142  2.20506e-01
 64 -0.13351  1.56214e-01 | 65 -0.04704  3.04325e-01 | 66 -0.13284  1.39757e-01
 67 -0.08728  1.79533e-01 | 68 -0.09186  1.59045e-01 | 69  0.00037  2.55834e-01
 70 -0.06108  7.55905e-02 | 71 -0.10338  9.10586e-03 | 72 -0.07485  6.89020e-04
 73 -0.06908  4.99161e-04 | 74 -0.42783 -8.78819e+01 | 75 -1.63474 -7.90919e+00
 76  0.92019 -2.37911e+00 | 77  1.05974 -8.12862e-02 | 78  1.30397  2.97693e+00
 79  0.12371  1.98723e+01 | 80  0.04362 -5.71464e-01 | 81 -0.98477  5.48006e-04
 82 -0.10139  4.32348e-01 | 83  0.00063 -2.82687e-01 |
83 variables; iteration 3000; function evaluation 3623; phase 3
Function value 3.8902038e+01; maximum gradient component mag -2.7860e+02
Var    Value     Gradient |Var    Value     Gradient |Var    Value     Gradient
  1  0.00926 -2.78603e+02 |  2 -0.00662 -4.28620e-01 |  3 -0.00777 -5.16314e-01
  4 -0.02391 -5.28807e-01 |  5 -0.02533 -6.59502e-01 |  6 -0.02682 -7.85386e-01
  7 -0.02856 -9.49618e-01 |  8 -0.03017 -1.05597e+00 |  9 -0.03230 -1.28602e+00
 10 -0.03436 -1.48387e+00 | 11 -0.03670 -1.74199e+00 | 12 -0.03915 -2.00998e+00
 13 -0.04121 -2.16941e+00 | 14 -0.04425 -2.60573e+00 | 15 -0.04671 -2.86759e+00
 16 -0.04938 -3.23970e+00 | 17 -0.05130 -3.39994e+00 | 18 -0.05406 -3.85874e+00
 19 -0.05553 -4.10677e+00 | 20 -0.05613 -4.18520e+00 | 21 -0.05728 -4.58377e+00
 22 -0.06278 -6.24468e+00 | 23 -0.05735 -4.95119e+00 | 24 -0.05626 -4.81946e+00
 25 -0.05871 -5.19621e+00 | 26 -0.06188 -4.97028e+00 | 27 -0.06704 -5.13506e+00
 28 -0.07008 -5.43246e+00 | 29 -0.06373 -6.02314e+00 | 30 -0.00793 -2.59333e+00
 31 -0.00722 -9.97389e+00 | 32 -0.04372 -4.15895e+00 | 33 -0.14669 -2.94544e+00
 34 -0.16948 -1.79735e+00 | 35 -0.03883 -4.10229e+00 | 36 -0.12883 -2.20289e+00
 37  0.04490 -5.91539e+00 | 38  0.02626 -5.26441e+00 | 39 -0.11526 -1.39982e+00
 40  0.01101 -2.67825e+00 | 41  0.05267 -3.29796e+00 | 42 -0.14135 -6.95560e-01
 43  0.03312 -2.14345e+00 | 44 -0.11387 -6.21405e-01 | 45  0.01585 -1.39353e+00
 46 -0.04577 -7.77380e-01 | 47 -0.16634 -2.35830e-01 | 48 -0.16579 -1.26836e-01
 49 -0.14714 -9.24776e-02 | 50  0.06643 -4.30459e-01 | 51 -0.15473 -5.09793e-02
 52 -0.05531 -3.48982e-02 | 53 -0.14306  1.58330e-02 | 54 -0.07803  5.78517e-02
 55 -0.04946  9.76231e-02 | 56 -0.12911  5.00478e-02 | 57 -0.04482  1.04897e-01
 58 -0.04541  9.32926e-02 | 59 -0.00184  9.19673e-02 | 60 -0.05804  4.92817e-02
 61 -0.09841  4.30379e-02 | 62 -0.00899  7.48414e-02 | 63 -0.09143  4.53669e-02
 64 -0.13349  6.30269e-02 | 65 -0.04705  1.08331e-01 | 66 -0.13283  5.98766e-02
 67 -0.08729  7.31941e-02 | 68 -0.09186  6.00752e-02 | 69  0.00037  1.12050e-01
 70 -0.06108  2.93192e-02 | 71 -0.10337  4.60630e-03 | 72 -0.07484  4.83695e-04
 73 -0.06908 -6.07103e-04 | 74 -0.42784 -2.14728e+01 | 75 -1.63466 -2.45167e+00
 76  0.92046 -1.60147e+00 | 77  1.05974 -6.23598e-02 | 78  1.30421  2.00708e-01
 79  0.12371  6.85636e+00 | 80  0.04362 -7.46140e-01 | 81 -0.98467  2.17149e-03
 82 -0.10141  1.10660e-01 | 83  0.00062 -8.07486e-02 |
83 variables; iteration 3020; function evaluation 3644; phase 3
Function value 3.8827937e+01; maximum gradient component mag 3.0952e+03
Var    Value     Gradient |Var    Value     Gradient |Var    Value     Gradient
  1  0.00932  3.09516e+03 |  2 -0.00673  5.07267e+00 |  3 -0.00771  6.23300e+00
  4 -0.02400  6.68029e+00 |  5 -0.02529  8.05137e+00 |  6 -0.02696  9.56359e+00
  7 -0.02873  1.13250e+01 |  8 -0.03041  1.34134e+01 |  9 -0.03247  1.56363e+01
 10 -0.03512  1.78730e+01 | 11 -0.03671  2.08926e+01 | 12 -0.03872  2.41059e+01
 13 -0.04152  2.71666e+01 | 14 -0.04390  3.06569e+01 | 15 -0.04951  3.27980e+01
 16 -0.04611  4.02512e+01 | 17 -0.04903  4.40097e+01 | 18 -0.05576  4.48402e+01
 19 -0.05167  5.15885e+01 | 20 -0.05199  5.46017e+01 | 21 -0.06458  4.73689e+01
 22 -0.06443  4.80898e+01 | 23 -0.06015  5.28140e+01 | 24 -0.05837  5.63195e+01
 25 -0.05508  6.02278e+01 | 26 -0.05925  5.87749e+01 | 27 -0.06311  5.61113e+01
 28 -0.07312  4.70086e+01 | 29 -0.06147  5.00377e+01 | 30 -0.01532  7.54710e+01
 31  0.00434  8.06500e+01 | 32 -0.05641  4.43472e+01 | 33 -0.14102  2.21650e+01
 34 -0.16794  1.80090e+01 | 35 -0.03977  4.66724e+01 | 36 -0.12782  2.13381e+01
 37  0.04478  7.38484e+01 | 38  0.02608  5.18919e+01 | 39 -0.11581  1.41818e+01
 40  0.01118  3.42099e+01 | 41  0.05236  3.87228e+01 | 42 -0.14104  6.59441e+00
 43  0.03289  2.10695e+01 | 44 -0.11434  5.12515e+00 | 45  0.01598  1.19612e+01
 46 -0.04649  5.88626e+00 | 47 -0.16603  1.86800e+00 | 48 -0.16596  1.19823e+00
 49 -0.14717  8.73091e-01 | 50  0.06610  4.13086e+00 | 51 -0.15438  5.19066e-01
 52 -0.05565 -2.89823e-01 | 53 -0.14248 -4.65190e-01 | 54 -0.07861 -1.70622e+00
 55 -0.04924 -1.67242e+00 | 56 -0.12974 -1.21370e+00 | 57 -0.04482 -1.41612e+00
 58 -0.04551 -1.17725e+00 | 59 -0.00203 -1.53973e+00 | 60 -0.05788 -7.01537e-01
 61 -0.09883 -5.01413e-01 | 62 -0.00896  4.95914e-01 | 63 -0.09173  5.09229e-01
 64 -0.13320  9.79189e-01 | 65 -0.04734  2.03149e+00 | 66 -0.13249  1.40782e+00
 67 -0.08752  1.11879e+00 | 68 -0.09187  5.51586e-01 | 69  0.00027  3.89356e-01
 70 -0.06124 -1.49941e-01 | 71 -0.10341 -1.13321e-02 | 72 -0.07492 -5.00320e-03
 73 -0.06914 -1.62084e-03 | 74 -0.42851  3.67148e+02 | 75 -1.62716  2.81403e+01
 76  0.93955  1.97776e+00 | 77  1.07878  7.82441e-02 | 78  1.33966 -1.66550e+01
 79  0.12011 -6.28622e+01 | 80  0.04363  1.32501e+00 | 81 -0.98633 -2.40633e-02
 82 -0.10137 -7.87737e-01 | 83  0.00069  6.21197e-01 |
83 variables; iteration 3040; function evaluation 3669; phase 3
Function value 3.8715495e+01; maximum gradient component mag 3.7195e+03
Var    Value     Gradient |Var    Value     Gradient |Var    Value     Gradient
  1  0.00936  3.71950e+03 |  2 -0.00714  6.03966e+00 |  3 -0.00844  7.32991e+00
  4 -0.02454  7.93421e+00 |  5 -0.02600  9.52726e+00 |  6 -0.02763  1.13694e+01
  7 -0.02935  1.35171e+01 |  8 -0.03126  1.59327e+01 |  9 -0.03329  1.86248e+01
 10 -0.03533  2.16296e+01 | 11 -0.03766  2.48802e+01 | 12 -0.04002  2.85306e+01
 13 -0.04244  3.24136e+01 | 14 -0.04480  3.65854e+01 | 15 -0.04845  4.05298e+01
 16 -0.04894  4.65458e+01 | 17 -0.05181  5.10034e+01 | 18 -0.05525  5.46322e+01
 19 -0.05391  6.01801e+01 | 20 -0.05486  6.31415e+01 | 21 -0.06187  5.97309e+01
 22 -0.05850  6.32097e+01 | 23 -0.05901  6.46987e+01 | 24 -0.05801  6.80324e+01
 25 -0.05494  7.21361e+01 | 26 -0.05832  7.09676e+01 | 27 -0.06074  6.89357e+01
 28 -0.06593  6.22157e+01 | 29 -0.05499  6.52209e+01 | 30 -0.03384  7.54443e+01
 31  0.01149  1.07976e+02 | 32 -0.05929  5.45975e+01 | 33 -0.13758  2.88326e+01
 34 -0.16773  2.15421e+01 | 35 -0.03889  5.38190e+01 | 36 -0.12664  2.38503e+01
 37  0.04347  8.00198e+01 | 38  0.02774  5.70174e+01 | 39 -0.11659  1.58926e+01
 40  0.01103  3.76492e+01 | 41  0.05222  4.50960e+01 | 42 -0.14081  9.03478e+00
 43  0.03332  3.25690e+01 | 44 -0.11420  9.22825e+00 | 45  0.01545  2.31344e+01
 46 -0.04489  1.18575e+01 | 47 -0.16609  3.38087e+00 | 48 -0.16516  2.41373e+00
 49 -0.14709  1.98822e+00 | 50  0.06632  9.43328e+00 | 51 -0.15504  1.24699e+00
 52 -0.05537  1.52136e+00 | 53 -0.14329  2.13289e-01 | 54 -0.07818 -1.04181e-01
 55 -0.04970 -8.48179e-01 | 56 -0.12922 -6.13868e-01 | 57 -0.04509 -1.69725e+00
 58 -0.04550 -1.90734e+00 | 59 -0.00205 -2.99305e+00 | 60 -0.05808 -1.97535e+00
 61 -0.09845 -1.59452e+00 | 62 -0.00930 -3.78228e+00 | 63 -0.09136 -1.80796e+00
 64 -0.13368 -1.26047e+00 | 65 -0.04715 -2.33757e+00 | 66 -0.13311 -1.25427e+00
 67 -0.08728 -1.27407e+00 | 68 -0.09188 -1.19760e+00 | 69  0.00010 -1.93201e+00
 70 -0.06116 -5.05723e-01 | 71 -0.10364 -6.48175e-02 | 72 -0.07502 -1.33513e-03
 73 -0.06925 -3.23296e-03 | 74 -0.42882  4.38825e+02 | 75 -1.62412  3.29782e+01
 76  0.96865  1.36641e+00 | 77  1.12055  2.01627e-01 | 78  1.38467 -2.24998e+01
 79  0.11339 -7.40806e+01 | 80  0.04363  6.58054e-02 | 81 -0.98474 -3.60900e-03
 82 -0.10127 -2.52498e+00 | 83  0.00068  1.75909e+00 |
83 variables; iteration 3060; function evaluation 3693; phase 3
Function value 3.8684878e+01; maximum gradient component mag -2.3394e+02
Var    Value     Gradient |Var    Value     Gradient |Var    Value     Gradient
  1  0.00945 -2.33939e+02 |  2 -0.00691 -3.94584e-01 |  3 -0.00811 -4.74483e-01
  4 -0.02436 -5.07357e-01 |  5 -0.02577 -6.13302e-01 |  6 -0.02736 -7.38110e-01
  7 -0.02906 -8.67532e-01 |  8 -0.03092 -1.01214e+00 |  9 -0.03298 -1.19152e+00
 10 -0.03514 -1.38557e+00 | 11 -0.03746 -1.60078e+00 | 12 -0.03994 -1.84412e+00
 13 -0.04238 -2.07734e+00 | 14 -0.04494 -2.34542e+00 | 15 -0.04743 -2.58205e+00
 16 -0.05049 -3.03368e+00 | 17 -0.05296 -3.31231e+00 | 18 -0.05475 -3.46273e+00
 19 -0.05684 -3.87096e+00 | 20 -0.05775 -4.02757e+00 | 21 -0.05725 -3.96082e+00
 22 -0.05500 -3.49775e+00 | 23 -0.05679 -4.17773e+00 | 24 -0.05718 -4.44781e+00
 25 -0.05807 -4.50699e+00 | 26 -0.06031 -4.30978e+00 | 27 -0.06276 -4.00215e+00
 28 -0.06226 -3.61505e+00 | 29 -0.05185 -3.58484e+00 | 30 -0.03995 -6.57028e+00
 31  0.00778 -5.00871e+00 | 32 -0.05236 -3.93670e+00 | 33 -0.14050 -1.54366e+00
 34 -0.16857 -1.23953e+00 | 35 -0.03876 -3.39041e+00 | 36 -0.12537 -1.59564e+00
 37  0.04237 -5.29615e+00 | 38  0.02859 -3.96801e+00 | 39 -0.11774 -9.91786e-01
 40  0.01067 -2.63375e+00 | 41  0.05226 -2.96678e+00 | 42 -0.14211 -4.84463e-01
 43  0.03328 -1.87280e+00 | 44 -0.11401 -4.68754e-01 | 45  0.01496 -1.04385e+00
 46 -0.04471 -4.78179e-01 | 47 -0.16611 -1.08454e-01 | 48 -0.16514 -9.58939e-02
 49 -0.14706 -8.98718e-02 | 50  0.06602 -4.44527e-01 | 51 -0.15520 -4.81967e-02
 52 -0.05568 -1.58495e-02 | 53 -0.14371  2.63356e-02 | 54 -0.07848  9.56458e-02
 55 -0.04999  1.36931e-01 | 56 -0.12959  7.54098e-02 | 57 -0.04532  1.30708e-01
 58 -0.04576  1.00435e-01 | 59 -0.00233  1.00223e-01 | 60 -0.05832  4.48931e-02
 61 -0.09882  2.72903e-02 | 62 -0.00952  1.89571e-02 | 63 -0.09167  9.34482e-03
 64 -0.13385  1.38911e-02 | 65 -0.04748  2.76115e-02 | 66 -0.13315  3.23777e-03
 67 -0.08759  3.08850e-02 | 68 -0.09211  3.01106e-02 | 69 -0.00019  6.65469e-02
 70 -0.06160  2.01527e-02 | 71 -0.10387  2.68793e-03 | 72 -0.07533 -3.86890e-05
 73 -0.06950  3.63633e-04 | 74 -0.42871 -2.05584e+01 | 75 -1.62482 -2.22053e+00
 76  0.97351 -5.13898e-01 | 77  1.12972 -8.72211e-02 | 78  1.39612  8.53558e-01
 79  0.11106  5.21374e+00 | 80  0.04362 -2.01052e-01 | 81 -0.98446 -2.40747e-03
 82 -0.10101  1.01109e-01 | 83  0.00083 -5.26377e-02 |
83 variables; iteration 3080; function evaluation 3713; phase 3
Function value 3.8682861e+01; maximum gradient component mag -2.0535e+03
Var    Value     Gradient |Var    Value     Gradient |Var    Value     Gradient
  1  0.00946 -2.05351e+03 |  2 -0.00681 -3.38508e+00 |  3 -0.00820 -4.16119e+00
  4 -0.02440 -4.45830e+00 |  5 -0.02560 -5.31364e+00 |  6 -0.02734 -6.39622e+00
  7 -0.02895 -7.56709e+00 |  8 -0.03105 -8.96354e+00 |  9 -0.03303 -1.04595e+01
 10 -0.03486 -1.20577e+01 | 11 -0.03765 -1.39783e+01 | 12 -0.03996 -1.59742e+01
 13 -0.04224 -1.80931e+01 | 14 -0.04504 -2.04117e+01 | 15 -0.04771 -2.29438e+01
 16 -0.05002 -2.55338e+01 | 17 -0.05292 -2.81652e+01 | 18 -0.05606 -3.07218e+01
 19 -0.05669 -3.25640e+01 | 20 -0.05691 -3.41526e+01 | 21 -0.05624 -3.53416e+01
 22 -0.05524 -3.59670e+01 | 23 -0.05567 -3.71441e+01 | 24 -0.05764 -3.85248e+01
 25 -0.06007 -3.88905e+01 | 26 -0.06166 -3.84888e+01 | 27 -0.06264 -3.70803e+01
 28 -0.06245 -3.55383e+01 | 29 -0.05022 -3.67069e+01 | 30 -0.03894 -4.23291e+01
 31  0.00693 -5.50008e+01 | 32 -0.05164 -3.33335e+01 | 33 -0.14098 -1.51009e+01
 34 -0.16877 -1.17342e+01 | 35 -0.03872 -3.01524e+01 | 36 -0.12564 -1.36540e+01
 37  0.04248 -4.48739e+01 | 38  0.02839 -3.38453e+01 | 39 -0.11766 -8.89157e+00
 40  0.01071 -2.14665e+01 | 41  0.05214 -2.51795e+01 | 42 -0.14173 -4.44518e+00
 43  0.03306 -1.52690e+01 | 44 -0.11323 -3.79232e+00 | 45  0.01471 -8.93763e+00
 46 -0.04459 -4.44360e+00 | 47 -0.16636 -1.28801e+00 | 48 -0.16515 -9.17487e-01
 49 -0.14710 -7.99048e-01 | 50  0.06600 -3.70299e+00 | 51 -0.15523 -4.82526e-01
 52 -0.05571 -4.18757e-01 | 53 -0.14365  7.49974e-02 | 54 -0.07854  3.74618e-01
 55 -0.04998  6.79973e-01 | 56 -0.12963  3.87691e-01 | 57 -0.04534  7.98233e-01
 58 -0.04579  7.65362e-01 | 59 -0.00235  1.14712e+00 | 60 -0.05832  7.50651e-01
 61 -0.09886  5.72021e-01 | 62 -0.00952  1.24958e+00 | 63 -0.09171  6.16903e-01
 64 -0.13385  5.03965e-01 | 65 -0.04749  9.73645e-01 | 66 -0.13319  3.98697e-01
 67 -0.08761  5.75061e-01 | 68 -0.09213  4.47322e-01 | 69 -0.00021  6.19353e-01
 70 -0.06159  1.93200e-01 | 71 -0.10388  2.27075e-02 | 72 -0.07531  2.41690e-03
 73 -0.06950  8.38574e-04 | 74 -0.42874 -2.30641e+02 | 75 -1.62457 -1.84180e+01
 76  0.97458 -1.23192e+00 | 77  1.13109 -2.31042e-01 | 78  1.39817  1.21472e+01
 79  0.11074  4.20846e+01 | 80  0.04363  1.35199e-02 | 81 -0.98430  1.02289e-03
 82 -0.10104  1.11177e+00 | 83  0.00082 -6.92632e-01 |
83 variables; iteration 3100; function evaluation 3738; phase 3
Function value 3.8651363e+01; maximum gradient component mag 2.8835e+03
Var    Value     Gradient |Var    Value     Gradient |Var    Value     Gradient
  1  0.00957  2.88346e+03 |  2 -0.00701  4.73031e+00 |  3 -0.00809  5.80062e+00
  4 -0.02436  6.23376e+00 |  5 -0.02587  7.45968e+00 |  6 -0.02736  8.94647e+00
  7 -0.02915  1.06055e+01 |  8 -0.03092  1.25530e+01 |  9 -0.03302  1.46417e+01
 10 -0.03526  1.69222e+01 | 11 -0.03746  1.95336e+01 | 12 -0.03985  2.23901e+01
 13 -0.04230  2.54276e+01 | 14 -0.04484  2.86212e+01 | 15 -0.04796  3.19347e+01
 16 -0.04999  3.58836e+01 | 17 -0.05231  3.96623e+01 | 18 -0.05533  4.26792e+01
 19 -0.05609  4.57746e+01 | 20 -0.05616  4.86897e+01 | 21 -0.05653  5.02630e+01
 22 -0.05812  4.97522e+01 | 23 -0.05479  5.36330e+01 | 24 -0.05781  5.33369e+01
 25 -0.05952  5.32597e+01 | 26 -0.06302  5.23028e+01 | 27 -0.06506  5.10939e+01
 28 -0.06710  4.78183e+01 | 29 -0.05314  5.21036e+01 | 30 -0.02477  6.38139e+01
 31  0.00153  7.35307e+01 | 32 -0.04885  4.65394e+01 | 33 -0.14255  2.03648e+01
 34 -0.16932  1.61068e+01 | 35 -0.03885  4.16380e+01 | 36 -0.12481  1.93103e+01
 37  0.04181  6.34834e+01 | 38  0.02860  4.82808e+01 | 39 -0.11859  1.26420e+01
 40  0.01055  3.04148e+01 | 41  0.05188  3.59613e+01 | 42 -0.14262  6.37286e+00
 43  0.03309  2.16075e+01 | 44 -0.11442  5.51293e+00 | 45  0.01466  1.26385e+01
 46 -0.04494  6.36032e+00 | 47 -0.16638  1.74629e+00 | 48 -0.16533  1.13740e+00
 49 -0.14695  8.76676e-01 | 50  0.06560  3.63180e+00 | 51 -0.15530  4.74252e-01
 52 -0.05597  3.43243e-01 | 53 -0.14405 -1.43927e-01 | 54 -0.07872 -4.21128e-01
 55 -0.05032 -7.56034e-01 | 56 -0.12980 -3.79311e-01 | 57 -0.04562 -7.36280e-01
 58 -0.04600 -6.30462e-01 | 59 -0.00261 -9.41261e-01 | 60 -0.05859 -5.81633e-01
 61 -0.09904 -4.10816e-01 | 62 -0.00984 -9.39057e-01 | 63 -0.09184 -4.19349e-01
 64 -0.13416 -3.97873e-01 | 65 -0.04776 -7.10827e-01 | 66 -0.13335 -2.72675e-01
 67 -0.08787 -4.34096e-01 | 68 -0.09236 -3.89420e-01 | 69 -0.00048 -5.84424e-01
 70 -0.06193 -2.11111e-01 | 71 -0.10407 -2.56997e-02 | 72 -0.07553 -5.41530e-03
 73 -0.06966 -1.30486e-03 | 74 -0.42902  3.48464e+02 | 75 -1.62061  2.57022e+01
 76  0.99126  4.61984e-01 | 77  1.14813  1.89870e-01 | 78  1.42689 -1.96093e+01
 79  0.10557 -5.70677e+01 | 80  0.04363  2.35998e-02 | 81 -0.98434 -2.56405e-03
 82 -0.10091 -8.76203e-01 | 83  0.00088  5.25012e-01 |
83 variables; iteration 3120; function evaluation 3760; phase 3
Function value 3.8646655e+01; maximum gradient component mag -4.7595e+02
Var    Value     Gradient |Var    Value     Gradient |Var    Value     Gradient
  1  0.00957 -4.75945e+02 |  2 -0.00697 -7.84924e-01 |  3 -0.00824 -9.62826e-01
  4 -0.02446 -1.02368e+00 |  5 -0.02592 -1.24306e+00 |  6 -0.02741 -1.46300e+00
  7 -0.02923 -1.75626e+00 |  8 -0.03098 -2.02423e+00 |  9 -0.03313 -2.39918e+00
 10 -0.03524 -2.76878e+00 | 11 -0.03757 -3.19896e+00 | 12 -0.04006 -3.67376e+00
 13 -0.04247 -4.14753e+00 | 14 -0.04525 -4.73646e+00 | 15 -0.04792 -5.31799e+00
 16 -0.05015 -5.84886e+00 | 17 -0.05202 -6.28274e+00 | 18 -0.05440 -6.89611e+00
 19 -0.05629 -7.46062e+00 | 20 -0.05745 -7.87602e+00 | 21 -0.05792 -8.22049e+00
 22 -0.05874 -8.66136e+00 | 23 -0.05710 -8.59780e+00 | 24 -0.05658 -8.82918e+00
 25 -0.05634 -8.66665e+00 | 26 -0.06034 -8.74985e+00 | 27 -0.06496 -8.69802e+00
 28 -0.06536 -8.27360e+00 | 29 -0.05656 -8.60172e+00 | 30 -0.02580 -9.65885e+00
 31  0.00210 -1.26851e+01 | 32 -0.04893 -7.91884e+00 | 33 -0.14213 -3.70607e+00
 34 -0.16934 -2.79063e+00 | 35 -0.03877 -7.33380e+00 | 36 -0.12446 -3.22119e+00
 37  0.04155 -1.08401e+01 | 38  0.02895 -7.77511e+00 | 39 -0.11880 -2.19278e+00
 40  0.01051 -5.21409e+00 | 41  0.05194 -5.83796e+00 | 42 -0.14270 -1.11735e+00
 43  0.03311 -3.92817e+00 | 44 -0.11407 -1.00629e+00 | 45  0.01449 -2.27500e+00
 46 -0.04466 -8.82878e-01 | 47 -0.16642 -2.57025e-01 | 48 -0.16519 -2.27035e-01
 49 -0.14699 -2.30357e-01 | 50  0.06564 -1.27262e+00 | 51 -0.15541 -1.64933e-01
 52 -0.05597 -1.54113e-01 | 53 -0.14411 -1.42420e-02 | 54 -0.07873  1.15865e-01
 55 -0.05034  1.52574e-01 | 56 -0.12983  1.49516e-01 | 57 -0.04564  3.10591e-01
 58 -0.04602  3.81252e-01 | 59 -0.00262  5.44723e-01 | 60 -0.05861  3.66301e-01
 61 -0.09907  3.10085e-01 | 62 -0.00984  5.16649e-01 | 63 -0.09190  2.67711e-01
 64 -0.13414  1.47881e-01 | 65 -0.04778  2.76844e-01 | 66 -0.13340  1.47892e-01
 67 -0.08787  1.82945e-01 | 68 -0.09238  1.41958e-01 | 69 -0.00051  2.16376e-01
 70 -0.06195  5.09799e-02 | 71 -0.10411  4.64264e-03 | 72 -0.07555 -1.91909e-03
 73 -0.06969 -4.01918e-04 | 74 -0.42899 -4.75601e+01 | 75 -1.62092 -4.20627e+00
 76  0.99183  1.71893e-02 | 77  1.14860 -1.23825e-01 | 78  1.42875  2.83441e+00
 79  0.10552  9.49417e+00 | 80  0.04363 -1.76579e-02 | 81 -0.98419 -1.06440e-03
 82 -0.10087  4.89483e-01 | 83  0.00090 -3.31070e-01 |
83 variables; iteration 3140; function evaluation 3784; phase 3
Function value 3.8639507e+01; maximum gradient component mag -4.6348e+02
Var    Value     Gradient |Var    Value     Gradient |Var    Value     Gradient
  1  0.00963 -4.63479e+02 |  2 -0.00701 -7.57498e-01 |  3 -0.00824 -9.19234e-01
  4 -0.02451 -9.90608e-01 |  5 -0.02593 -1.19113e+00 |  6 -0.02751 -1.42177e+00
  7 -0.02927 -1.68902e+00 |  8 -0.03111 -1.96904e+00 |  9 -0.03317 -2.31013e+00
 10 -0.03538 -2.69274e+00 | 11 -0.03769 -3.10053e+00 | 12 -0.04010 -3.53991e+00
 13 -0.04256 -4.01031e+00 | 14 -0.04515 -4.53602e+00 | 15 -0.04786 -5.11251e+00
 16 -0.05036 -5.69347e+00 | 17 -0.05258 -6.20207e+00 | 18 -0.05515 -6.84979e+00
 19 -0.05642 -7.24298e+00 | 20 -0.05715 -7.54627e+00 | 21 -0.05759 -7.88234e+00
 22 -0.05831 -8.30284e+00 | 23 -0.05637 -8.15806e+00 | 24 -0.05681 -8.60936e+00
 25 -0.05739 -8.64555e+00 | 26 -0.06063 -8.60106e+00 | 27 -0.06369 -8.23575e+00
 28 -0.06433 -7.90956e+00 | 29 -0.05331 -7.86325e+00 | 30 -0.03116 -1.00156e+01
 31  0.00401 -1.19245e+01 | 32 -0.04977 -7.68741e+00 | 33 -0.14171 -3.59237e+00
 34 -0.16928 -2.65586e+00 | 35 -0.03874 -6.92152e+00 | 36 -0.12407 -3.06600e+00
 37  0.04113 -1.04568e+01 | 38  0.02921 -7.68088e+00 | 39 -0.11924 -2.09299e+00
 40  0.01046 -4.97484e+00 | 41  0.05178 -5.68332e+00 | 42 -0.14295 -1.09360e+00
 43  0.03310 -3.65789e+00 | 44 -0.11421 -9.13161e-01 | 45  0.01435 -2.26722e+00
 46 -0.04466 -1.05779e+00 | 47 -0.16643 -3.02983e-01 | 48 -0.16502 -2.02161e-01
 49 -0.14695 -1.62154e-01 | 50  0.06547 -7.00305e-01 | 51 -0.15548 -8.34869e-02
 52 -0.05613 -7.25249e-02 | 53 -0.14423  1.40291e-02 | 54 -0.07892  6.87082e-02
 55 -0.05047  1.30280e-01 | 56 -0.13003  6.86777e-02 | 57 -0.04576  1.48053e-01
 58 -0.04616  1.30417e-01 | 59 -0.00278  1.80906e-01 | 60 -0.05870  1.07073e-01
 61 -0.09926  7.42518e-02 | 62 -0.00998  1.76029e-01 | 63 -0.09204  8.15247e-02
 64 -0.13424  5.95774e-02 | 65 -0.04792  1.19584e-01 | 66 -0.13352  5.06668e-02
 67 -0.08798  6.46835e-02 | 68 -0.09250  6.44245e-02 | 69 -0.00068  1.13926e-01
 70 -0.06212  3.63221e-02 | 71 -0.10424  4.91843e-03 | 72 -0.07568  8.83559e-04
 73 -0.06981  6.41254e-04 | 74 -0.42922 -4.74176e+01 | 75 -1.61791 -4.12108e+00
 76  0.99504  2.29358e-01 | 77  1.15252 -1.27016e-01 | 78  1.44462  3.05932e+00
 79  0.10259  8.99606e+00 | 80  0.04363  9.53543e-02 | 81 -0.98408 -3.65331e-04
 82 -0.10077  1.66184e-01 | 83  0.00096 -1.04951e-01 |
83 variables; iteration 3160; function evaluation 3804; phase 3
Function value 3.8638524e+01; maximum gradient component mag -4.3499e+02
Var    Value     Gradient |Var    Value     Gradient |Var    Value     Gradient
  1  0.00966 -4.34989e+02 |  2 -0.00704 -7.13661e-01 |  3 -0.00829 -8.70780e-01
  4 -0.02453 -9.28472e-01 |  5 -0.02596 -1.11799e+00 |  6 -0.02755 -1.33917e+00
  7 -0.02929 -1.58430e+00 |  8 -0.03110 -1.83647e+00 |  9 -0.03321 -2.16692e+00
 10 -0.03540 -2.51975e+00 | 11 -0.03770 -2.90165e+00 | 12 -0.04016 -3.32453e+00
 13 -0.04251 -3.73584e+00 | 14 -0.04516 -4.24602e+00 | 15 -0.04791 -4.79802e+00
 16 -0.05038 -5.33750e+00 | 17 -0.05218 -5.69877e+00 | 18 -0.05505 -6.39384e+00
 19 -0.05625 -6.74528e+00 | 20 -0.05733 -7.11364e+00 | 21 -0.05767 -7.41136e+00
 22 -0.05909 -8.00587e+00 | 23 -0.05640 -7.65522e+00 | 24 -0.05662 -8.04530e+00
 25 -0.05713 -8.05907e+00 | 26 -0.06059 -8.06026e+00 | 27 -0.06423 -7.83732e+00
 28 -0.06468 -7.47829e+00 | 29 -0.05384 -7.43689e+00 | 30 -0.02938 -9.20778e+00
 31  0.00347 -1.12539e+01 | 32 -0.04953 -7.32001e+00 | 33 -0.14190 -3.48964e+00
 34 -0.16934 -2.53300e+00 | 35 -0.03876 -6.56692e+00 | 36 -0.12375 -2.84142e+00
 37  0.04091 -9.87549e+00 | 38  0.02936 -7.08862e+00 | 39 -0.11955 -2.03345e+00
 40  0.01044 -4.66622e+00 | 41  0.05174 -5.30520e+00 | 42 -0.14315 -1.06633e+00
 43  0.03309 -3.44323e+00 | 44 -0.11418 -8.46818e-01 | 45  0.01423 -2.14991e+00
 46 -0.04461 -9.65183e-01 | 47 -0.16651 -2.95918e-01 | 48 -0.16502 -1.99498e-01
 49 -0.14694 -1.66464e-01 | 50  0.06540 -7.52891e-01 | 51 -0.15553 -9.40768e-02
 52 -0.05618 -7.82875e-02 | 53 -0.14432  1.44761e-02 | 54 -0.07896  7.75443e-02
 55 -0.05054  1.31816e-01 | 56 -0.13007  7.89351e-02 | 57 -0.04582  1.63122e-01
 58 -0.04621  1.57327e-01 | 59 -0.00283  2.29376e-01 | 60 -0.05876  1.41533e-01
 61 -0.09930  1.08214e-01 | 62 -0.01004  2.20938e-01 | 63 -0.09209  1.03710e-01
 64 -0.13429  7.77439e-02 | 65 -0.04797  1.44616e-01 | 66 -0.13357  6.20410e-02
 67 -0.08803  8.88794e-02 | 68 -0.09255  7.70317e-02 | 69 -0.00074  1.23480e-01
 70 -0.06219  3.85681e-02 | 71 -0.10428  4.64592e-03 | 72 -0.07572  4.56907e-04
 73 -0.06985  2.93818e-04 | 74 -0.42929 -4.34750e+01 | 75 -1.61680 -3.80263e+00
 76  0.99645  3.68418e-01 | 77  1.15334 -1.25438e-01 | 78  1.45043  2.96242e+00
 79  0.10149  8.33368e+00 | 80  0.04363  1.05324e-01 | 81 -0.98398  1.46752e-04
 82 -0.10074  2.08893e-01 | 83  0.00098 -1.34662e-01 |
83 variables; iteration 3180; function evaluation 3824; phase 3
Function value 3.8638412e+01; maximum gradient component mag 7.3524e+01
Var    Value     Gradient |Var    Value     Gradient |Var    Value     Gradient
  1  0.00967  7.35244e+01 |  2 -0.00704  1.27363e-01 |  3 -0.00828  1.54152e-01
  4 -0.02454  1.70559e-01 |  5 -0.02597  2.02521e-01 |  6 -0.02754  2.46478e-01
  7 -0.02931  2.91313e-01 |  8 -0.03111  3.76536e-01 |  9 -0.03322  4.20762e-01
 10 -0.03543  4.70936e-01 | 11 -0.03772  5.46671e-01 | 12 -0.04014  6.35528e-01
 13 -0.04255  7.44445e-01 | 14 -0.04522  7.90515e-01 | 15 -0.04800  8.55818e-01
 16 -0.05038  9.94060e-01 | 17 -0.05232  1.27355e+00 | 18 -0.05492  1.24865e+00
 19 -0.05638  1.29227e+00 | 20 -0.05722  1.38862e+00 | 21 -0.05760  1.36311e+00
 22 -0.05916  7.46804e-01 | 23 -0.05627  1.62405e+00 | 24 -0.05674  1.47992e+00
 25 -0.05698  1.66638e+00 | 26 -0.06069  1.42499e+00 | 27 -0.06423  1.26772e+00
 28 -0.06463  1.24408e+00 | 29 -0.05354  1.67229e+00 | 30 -0.02970  1.44206e+00
 31  0.00356  2.12555e+00 | 32 -0.04952  9.39302e-01 | 33 -0.14191  1.78677e-01
 34 -0.16933  3.37952e-01 | 35 -0.03877  8.45716e-01 | 36 -0.12364  5.81800e-01
 37  0.04083  1.07720e+00 | 38  0.02941  1.27088e+00 | 39 -0.11964  1.43258e-01
 40  0.01042  5.85737e-01 | 41  0.05172  8.56771e-01 | 42 -0.14323  4.11803e-02
 43  0.03310  4.68240e-01 | 44 -0.11425  1.80600e-01 | 45  0.01421  2.03886e-01
 46 -0.04461  1.81088e-01 | 47 -0.16651  1.85742e-02 | 48 -0.16500  2.64172e-02
 49 -0.14692  2.40722e-02 | 50  0.06537  1.11325e-01 | 51 -0.15554  1.44190e-02
 52 -0.05620  1.18339e-02 | 53 -0.14436 -1.71564e-03 | 54 -0.07898 -1.09418e-02
 55 -0.05057 -1.93952e-02 | 56 -0.13010 -1.21924e-02 | 57 -0.04585 -2.56808e-02
 58 -0.04624 -2.71239e-02 | 59 -0.00286 -3.81474e-02 | 60 -0.05879 -2.55806e-02
 61 -0.09933 -1.89324e-02 | 62 -0.01007 -3.69732e-02 | 63 -0.09211 -1.82888e-02
 64 -0.13432 -1.21895e-02 | 65 -0.04800 -2.41771e-02 | 66 -0.13359 -1.08955e-02
 67 -0.08805 -1.48702e-02 | 68 -0.09258 -1.25972e-02 | 69 -0.00076 -1.93679e-02
 70 -0.06222 -5.89184e-03 | 71 -0.10430 -6.58878e-04 | 72 -0.07574  2.00436e-06
 73 -0.06987 -3.49288e-06 | 74 -0.42933  1.78361e+01 | 75 -1.61621  7.31042e-01
 76  0.99684  4.38952e-01 | 77  1.15367 -7.60051e-02 | 78  1.45321 -5.93664e-01
 79  0.10093 -1.49803e+00 | 80  0.04363  1.36225e-01 | 81 -0.98398 -1.42598e-04
 82 -0.10072 -3.55417e-02 | 83  0.00099  2.35969e-02 |
83 variables; iteration 3200; function evaluation 3844; phase 3
Function value 3.8635549e+01; maximum gradient component mag 5.4436e+02
Var    Value     Gradient |Var    Value     Gradient |Var    Value     Gradient
  1  0.00968  5.44363e+02 |  2 -0.00699  9.13979e-01 |  3 -0.00830  1.09242e+00
  4 -0.02457  1.17376e+00 |  5 -0.02601  1.40965e+00 |  6 -0.02751  1.71070e+00
  7 -0.02939  1.99537e+00 |  8 -0.03122  2.38337e+00 |  9 -0.03327  2.78450e+00
 10 -0.03540  3.23750e+00 | 11 -0.03770  3.72885e+00 | 12 -0.04028  4.23012e+00
 13 -0.04302  4.72071e+00 | 14 -0.04568  5.27771e+00 | 15 -0.04803  6.06359e+00
 16 -0.05014  6.90161e+00 | 17 -0.05276  7.55816e+00 | 18 -0.05461  8.36455e+00
 19 -0.05593  8.88995e+00 | 20 -0.05722  9.18585e+00 | 21 -0.05666  9.78235e+00
 22 -0.05718  9.57972e+00 | 23 -0.05793  9.48559e+00 | 24 -0.05730  1.00488e+01
 25 -0.05805  1.01696e+01 | 26 -0.06094  1.00832e+01 | 27 -0.06382  9.81249e+00
 28 -0.06303  9.85440e+00 | 29 -0.05511  9.48995e+00 | 30 -0.02811  1.17177e+01
 31  0.00294  1.42104e+01 | 32 -0.04931  8.75257e+00 | 33 -0.14179  3.82162e+00
 34 -0.16951  3.06312e+00 | 35 -0.03863  7.77570e+00 | 36 -0.12442  3.53786e+00
 37  0.04115  1.19477e+01 | 38  0.02906  9.09227e+00 | 39 -0.11925  2.40687e+00
 40  0.01044  5.52793e+00 | 41  0.05159  6.76037e+00 | 42 -0.14255  1.22756e+00
 43  0.03297  3.82530e+00 | 44 -0.11429  1.04694e+00 | 45  0.01432  2.30362e+00
 46 -0.04478  1.19024e+00 | 47 -0.16644  3.14508e-01 | 48 -0.16498  2.02998e-01
 49 -0.14688  1.53570e-01 | 50  0.06534  6.42157e-01 | 51 -0.15552  6.59189e-02
 52 -0.05620  6.70350e-02 | 53 -0.14428 -1.71364e-02 | 54 -0.07901 -4.86875e-02
 55 -0.05056 -1.28550e-01 | 56 -0.13009 -6.24458e-02 | 57 -0.04588 -1.53036e-01
 58 -0.04622 -1.45922e-01 | 59 -0.00287 -2.40968e-01 | 60 -0.05876 -1.61169e-01
 61 -0.09930 -1.16248e-01 | 62 -0.01010 -2.99042e-01 | 63 -0.09204 -1.45950e-01
 64 -0.13432 -1.39601e-01 | 65 -0.04800 -2.68195e-01 | 66 -0.13357 -1.17271e-01
 67 -0.08805 -1.31763e-01 | 68 -0.09253 -8.44426e-02 | 69 -0.00078 -6.26108e-02
 70 -0.06219 -2.22569e-02 | 71 -0.10431 -1.33959e-03 | 72 -0.07574 -9.68292e-04
 73 -0.06986  6.03460e-05 | 74 -0.42957  7.32813e+01 | 75 -1.61347  4.72348e+00
 76  0.99260  1.75006e-01 | 77  1.14613 -2.89116e-02 | 78  1.45783 -3.90753e+00
 79  0.09995 -1.06112e+01 | 80  0.04363 -2.32765e-03 | 81 -0.98407 -2.23091e-04
 82 -0.10075 -2.50895e-01 | 83  0.00097  1.56368e-01 |
83 variables; iteration 3220; function evaluation 3866; phase 3
Function value 3.8633960e+01; maximum gradient component mag -8.5915e+02
Var    Value     Gradient |Var    Value     Gradient |Var    Value     Gradient
  1  0.00970 -8.59145e+02 |  2 -0.00704 -1.40957e+00 |  3 -0.00827 -1.71372e+00
  4 -0.02455 -1.84489e+00 |  5 -0.02597 -2.21964e+00 |  6 -0.02758 -2.65771e+00
  7 -0.02931 -3.14764e+00 |  8 -0.03121 -3.70604e+00 |  9 -0.03329 -4.34114e+00
 10 -0.03547 -5.03756e+00 | 11 -0.03782 -5.81227e+00 | 12 -0.04028 -6.65529e+00
 13 -0.04274 -7.54692e+00 | 14 -0.04525 -8.49479e+00 | 15 -0.04795 -9.56133e+00
 16 -0.05045 -1.06573e+01 | 17 -0.05287 -1.17273e+01 | 18 -0.05534 -1.28224e+01
 19 -0.05671 -1.36130e+01 | 20 -0.05760 -1.42751e+01 | 21 -0.05786 -1.47973e+01
 22 -0.05663 -1.49070e+01 | 23 -0.05680 -1.54913e+01 | 24 -0.05687 -1.61225e+01
 25 -0.05743 -1.62419e+01 | 26 -0.06043 -1.60318e+01 | 27 -0.06374 -1.54084e+01
 28 -0.06432 -1.47457e+01 | 29 -0.05426 -1.51054e+01 | 30 -0.02866 -1.81888e+01
 31  0.00337 -2.23118e+01 | 32 -0.04974 -1.40436e+01 | 33 -0.14160 -6.30544e+00
 34 -0.16955 -4.82262e+00 | 35 -0.03859 -1.27053e+01 | 36 -0.12456 -5.90304e+00
 37  0.04116 -1.86546e+01 | 38  0.02899 -1.43351e+01 | 39 -0.11925 -3.63261e+00
 40  0.01047 -9.11779e+00 | 41  0.05148 -1.04805e+01 | 42 -0.14247 -1.86251e+00
 43  0.03296 -6.72355e+00 | 44 -0.11442 -1.70771e+00 | 45  0.01434 -3.95693e+00
 46 -0.04486 -1.88948e+00 | 47 -0.16642 -5.09106e-01 | 48 -0.16496 -3.75762e-01
 49 -0.14687 -3.15002e-01 | 50  0.06529 -1.43878e+00 | 51 -0.15550 -1.79202e-01
 52 -0.05625 -1.52818e-01 | 53 -0.14426  2.10465e-02 | 54 -0.07908  1.45395e-01
 55 -0.05058  2.47097e-01 | 56 -0.13015  1.53533e-01 | 57 -0.04591  3.21549e-01
 58 -0.04625  3.21506e-01 | 59 -0.00291  4.48880e-01 | 60 -0.05876  2.81419e-01
 61 -0.09934  2.14728e-01 | 62 -0.01013  4.25225e-01 | 63 -0.09207  2.05040e-01
 64 -0.13433  1.39427e-01 | 65 -0.04804  2.64882e-01 | 66 -0.13359  1.23215e-01
 67 -0.08808  1.61020e-01 | 68 -0.09255  1.43107e-01 | 69 -0.00083  2.39863e-01
 70 -0.06220  7.18146e-02 | 71 -0.10435  8.85740e-03 | 72 -0.07576  5.57120e-04
 73 -0.06988  4.92125e-04 | 74 -0.42974 -9.93710e+01 | 75 -1.61138 -7.67881e+00
 76  0.99028 -1.31211e-01 | 77  1.14237 -1.52458e-01 | 78  1.46177  6.26226e+00
 79  0.09916  1.60937e+01 | 80  0.04363 -6.03901e-02 | 81 -0.98418 -1.20607e-03
 82 -0.10076  4.09022e-01 | 83  0.00096 -2.69908e-01 |
83 variables; iteration 3240; function evaluation 3886; phase 3
Function value 3.8633793e+01; maximum gradient component mag -7.4959e+00
Var    Value     Gradient |Var    Value     Gradient |Var    Value     Gradient
  1  0.00971 -7.49586e+00 |  2 -0.00705 -5.68622e-03 |  3 -0.00829 -5.71630e-03
  4 -0.02456 -8.91335e-03 |  5 -0.02599 -1.05162e-02 |  6 -0.02759 -1.56991e-02
  7 -0.02934 -1.43997e-02 |  8 -0.03121 -2.09629e-03 |  9 -0.03330 -1.30803e-02
 10 -0.03549 -2.67137e-02 | 11 -0.03784 -3.98071e-02 | 12 -0.04031 -4.87832e-02
 13 -0.04278 -4.78606e-02 | 14 -0.04532 -6.07798e-02 | 15 -0.04801 -7.25060e-02
 16 -0.05057 -1.01852e-01 | 17 -0.05291 -5.97905e-02 | 18 -0.05530 -1.19530e-01
 19 -0.05668 -1.32467e-01 | 20 -0.05754 -1.13852e-01 | 21 -0.05780 -1.53833e-01
 22 -0.05661  7.79130e-02 | 23 -0.05688 -1.08892e-01 | 24 -0.05688 -1.65919e-01
 25 -0.05749 -1.17431e-01 | 26 -0.06038 -7.84696e-02 | 27 -0.06378 -1.23212e-01
 28 -0.06438 -1.47619e-01 | 29 -0.05441 -8.48234e-02 | 30 -0.02804 -5.55002e-02
 31  0.00315 -7.42790e-02 | 32 -0.04964 -2.58384e-01 | 33 -0.14167 -1.33504e-01
 34 -0.16960 -2.90777e-02 | 35 -0.03858 -2.31037e-01 | 36 -0.12456 -2.09318e-01
 37  0.04112 -8.29092e-02 | 38  0.02897 -3.04964e-01 | 39 -0.11928  8.13121e-02
 40  0.01046 -2.26125e-01 | 41  0.05143 -1.17950e-01 | 42 -0.14246  3.21429e-02
 43  0.03294 -1.69144e-01 | 44 -0.11443  1.88125e-02 | 45  0.01432 -6.76216e-02
 46 -0.04489 -2.91843e-02 | 47 -0.16643  2.32911e-05 | 48 -0.16494 -1.00127e-02
 49 -0.14685 -6.60713e-03 | 50  0.06524 -7.13832e-03 | 51 -0.15551 -1.94025e-03
 52 -0.05628 -4.21168e-04 | 53 -0.14428  5.33192e-04 | 54 -0.07912  1.48640e-03
 55 -0.05061  1.97243e-03 | 56 -0.13018  5.91175e-04 | 57 -0.04594 -6.58079e-05
 58 -0.04628 -1.60272e-03 | 59 -0.00294 -3.84355e-03 | 60 -0.05878 -2.93754e-03
 61 -0.09937 -3.53159e-03 | 62 -0.01016 -5.46038e-03 | 63 -0.09209 -3.94410e-03
 64 -0.13435 -2.45840e-03 | 65 -0.04807 -4.20740e-03 | 66 -0.13361 -2.10758e-03
 67 -0.08811 -1.51817e-03 | 68 -0.09257  6.40776e-05 | 69 -0.00086  1.06355e-03
 70 -0.06223  5.19380e-04 | 71 -0.10437  1.46955e-04 | 72 -0.07578  5.97347e-05
 73 -0.06990  3.98672e-05 | 74 -0.42983  5.67091e+00 | 75 -1.61020 -1.70113e-01
 76  0.98977 -1.75938e-02 | 77  1.14098 -7.67057e-02 | 78  1.46531  1.55202e-01
 79  0.09843 -1.29683e-01 | 80  0.04362 -7.62029e-02 | 81 -0.98419 -1.59091e-03
 82 -0.10074 -4.16503e-03 | 83  0.00097  3.95283e-03 |
83 variables; iteration 3260; function evaluation 3907; phase 3
Function value 3.8632485e+01; maximum gradient component mag -2.4145e+03
Var    Value     Gradient |Var    Value     Gradient |Var    Value     Gradient
  1  0.00972 -2.41448e+03 |  2 -0.00719 -3.99502e+00 |  3 -0.00818 -4.79697e+00
  4 -0.02440 -5.14977e+00 |  5 -0.02582 -6.20185e+00 |  6 -0.02754 -7.44858e+00
  7 -0.02936 -8.85878e+00 |  8 -0.03134 -1.04550e+01 |  9 -0.03306 -1.21572e+01
 10 -0.03544 -1.41394e+01 | 11 -0.03767 -1.62768e+01 | 12 -0.04016 -1.86546e+01
 13 -0.04189 -2.10838e+01 | 14 -0.04532 -2.38694e+01 | 15 -0.04763 -2.68078e+01
 16 -0.05116 -2.99539e+01 | 17 -0.05467 -3.30409e+01 | 18 -0.05516 -3.58868e+01
 19 -0.05655 -3.81019e+01 | 20 -0.05810 -3.99889e+01 | 21 -0.05644 -4.14209e+01
 22 -0.05684 -4.21449e+01 | 23 -0.05767 -4.34809e+01 | 24 -0.05556 -4.52287e+01
 25 -0.05828 -4.55586e+01 | 26 -0.06044 -4.50167e+01 | 27 -0.06396 -4.32146e+01
 28 -0.06431 -4.13146e+01 | 29 -0.05439 -4.24795e+01 | 30 -0.02851 -5.09817e+01
 31  0.00335 -6.27376e+01 | 32 -0.04979 -3.90575e+01 | 33 -0.14161 -1.75391e+01
 34 -0.16956 -1.35288e+01 | 35 -0.03866 -3.53330e+01 | 36 -0.12433 -1.62705e+01
 37  0.04101 -5.28335e+01 | 38  0.02905 -4.02887e+01 | 39 -0.11941 -1.04203e+01
 40  0.01045 -2.54042e+01 | 41  0.05145 -2.96543e+01 | 42 -0.14273 -5.41427e+00
 43  0.03297 -1.87397e+01 | 44 -0.11446 -4.83620e+00 | 45  0.01431 -1.12273e+01
 46 -0.04496 -5.46116e+00 | 47 -0.16635 -1.40438e+00 | 48 -0.16485 -9.54131e-01
 49 -0.14696 -7.88442e-01 | 50  0.06523 -3.35683e+00 | 51 -0.15551 -4.02575e-01
 52 -0.05630 -2.72886e-01 | 53 -0.14424  1.11279e-01 | 54 -0.07917  3.79647e-01
 55 -0.05061  6.29792e-01 | 56 -0.13022  3.41790e-01 | 57 -0.04596  7.11864e-01
 58 -0.04630  6.79095e-01 | 59 -0.00296  8.87829e-01 | 60 -0.05879  5.09792e-01
 61 -0.09938  3.73942e-01 | 62 -0.01018  7.13352e-01 | 63 -0.09213  3.16855e-01
 64 -0.13432  2.87384e-01 | 65 -0.04812  5.01339e-01 | 66 -0.13360  2.64636e-01
 67 -0.08813  3.64450e-01 | 68 -0.09259  3.36701e-01 | 69 -0.00089  6.07390e-01
 70 -0.06224  1.86295e-01 | 71 -0.10437  2.44806e-02 | 72 -0.07579  2.99383e-03
 73 -0.06992 -1.11984e-03 | 74 -0.43016 -3.00402e+02 | 75 -1.60550 -2.13148e+01
 76  0.99237 -2.01880e-01 | 77  1.13942 -2.81863e-01 | 78  1.46335  1.75288e+01
 79  0.09885  4.54414e+01 | 80  0.04363  9.80688e-02 | 81 -0.98408  3.34573e-04
 82 -0.10076  8.17257e-01 | 83  0.00096 -5.52674e-01 |
83 variables; iteration 3280; function evaluation 3930; phase 3
Function value 3.8627557e+01; maximum gradient component mag -4.1887e+02
Var    Value     Gradient |Var    Value     Gradient |Var    Value     Gradient
  1  0.00970 -4.18868e+02 |  2 -0.00705 -6.85568e-01 |  3 -0.00829 -8.35452e-01
  4 -0.02459 -9.06159e-01 |  5 -0.02603 -1.09156e+00 |  6 -0.02758 -1.29265e+00
  7 -0.02933 -1.53344e+00 |  8 -0.03127 -1.81075e+00 |  9 -0.03335 -2.12256e+00
 10 -0.03552 -2.45998e+00 | 11 -0.03782 -2.82744e+00 | 12 -0.04030 -3.24283e+00
 13 -0.04295 -3.72105e+00 | 14 -0.04530 -4.13622e+00 | 15 -0.04802 -4.66491e+00
 16 -0.05034 -5.14721e+00 | 17 -0.05224 -5.51906e+00 | 18 -0.05533 -6.25719e+00
 19 -0.05649 -6.58420e+00 | 20 -0.05684 -6.76020e+00 | 21 -0.05875 -7.45525e+00
 22 -0.05707 -7.26348e+00 | 23 -0.05624 -7.37067e+00 | 24 -0.05865 -8.28480e+00
 25 -0.05666 -7.69492e+00 | 26 -0.06025 -7.73816e+00 | 27 -0.06347 -7.42917e+00
 28 -0.06389 -7.07352e+00 | 29 -0.05456 -7.34088e+00 | 30 -0.02903 -8.89550e+00
 31  0.00295 -1.08650e+01 | 32 -0.04909 -6.70455e+00 | 33 -0.14150 -2.96659e+00
 34 -0.16967 -2.31461e+00 | 35 -0.03860 -6.05329e+00 | 36 -0.12417 -2.74106e+00
 37  0.04098 -8.99083e+00 | 38  0.02925 -6.89279e+00 | 39 -0.11962 -1.78353e+00
 40  0.01058 -4.39397e+00 | 41  0.05148 -5.10186e+00 | 42 -0.14267 -9.25158e-01
 43  0.03316 -3.32919e+00 | 44 -0.11487 -8.91119e-01 | 45  0.01446 -2.00474e+00
 46 -0.04477 -9.51705e-01 | 47 -0.16641 -2.60703e-01 | 48 -0.16484 -1.88385e-01
 49 -0.14688 -1.39057e-01 | 50  0.06532 -5.71815e-01 | 51 -0.15545 -6.50323e-02
 52 -0.05621 -4.34766e-02 | 53 -0.14414  1.73377e-02 | 54 -0.07912  8.96905e-02
 55 -0.05055  1.33783e-01 | 56 -0.13014  7.39508e-02 | 57 -0.04592  1.28665e-01
 58 -0.04623  8.99055e-02 | 59 -0.00291  1.07919e-01 | 60 -0.05867  4.47593e-02
 61 -0.09932  2.47450e-02 | 62 -0.01015  6.19761e-02 | 63 -0.09198  5.87098e-04
 64 -0.13430 -1.59143e-02 | 65 -0.04805 -4.58789e-02 | 66 -0.13355 -4.11225e-02
 67 -0.08807 -4.45607e-02 | 68 -0.09249 -3.56572e-03 | 69 -0.00085  5.55666e-02
 70 -0.06212  2.46670e-02 | 71 -0.10434  3.58150e-03 | 72 -0.07576  7.30932e-04
 73 -0.06988  1.12995e-03 | 74 -0.43075 -4.97206e+01 | 75 -1.59720 -3.79682e+00
 76  0.99141 -6.02910e-03 | 77  1.13013 -1.03893e-01 | 78  1.45961  3.03409e+00
 79  0.09964  7.84796e+00 | 80  0.04363  3.23264e-02 | 81 -0.98407 -3.52026e-04
 82 -0.10081  7.08707e-02 | 83  0.00093 -4.44773e-02 |
83 variables; iteration 3300; function evaluation 3954; phase 3
Function value 3.8625278e+01; maximum gradient component mag -1.2569e+03
Var    Value     Gradient |Var    Value     Gradient |Var    Value     Gradient
  1  0.00970 -1.25686e+03 |  2 -0.00704 -2.06731e+00 |  3 -0.00827 -2.51402e+00
  4 -0.02453 -2.70246e+00 |  5 -0.02597 -3.25528e+00 |  6 -0.02757 -3.89378e+00
  7 -0.02940 -4.63949e+00 |  8 -0.03131 -5.46418e+00 |  9 -0.03328 -6.36474e+00
 10 -0.03546 -7.38104e+00 | 11 -0.03775 -8.49680e+00 | 12 -0.04028 -9.74812e+00
 13 -0.04259 -1.10255e+01 | 14 -0.04545 -1.24863e+01 | 15 -0.04772 -1.39576e+01
 16 -0.05040 -1.55924e+01 | 17 -0.05322 -1.72388e+01 | 18 -0.05513 -1.87131e+01
 19 -0.05652 -1.98687e+01 | 20 -0.05778 -2.08998e+01 | 21 -0.05741 -2.15560e+01
 22 -0.05714 -2.19647e+01 | 23 -0.05706 -2.27159e+01 | 24 -0.05591 -2.34615e+01
 25 -0.05795 -2.38266e+01 | 26 -0.06088 -2.34788e+01 | 27 -0.06440 -2.25572e+01
 28 -0.06498 -2.15478e+01 | 29 -0.05531 -2.21028e+01 | 30 -0.02545 -2.66276e+01
 31  0.00181 -3.27455e+01 | 32 -0.04873 -2.04595e+01 | 33 -0.14190 -9.11416e+00
 34 -0.16973 -7.05085e+00 | 35 -0.03861 -1.84193e+01 | 36 -0.12448 -8.42400e+00
 37  0.04117 -2.73301e+01 | 38  0.02903 -2.07943e+01 | 39 -0.11942 -5.37164e+00
 40  0.01060 -1.29997e+01 | 41  0.05145 -1.50537e+01 | 42 -0.14254 -2.74990e+00
 43  0.03309 -9.64035e+00 | 44 -0.11475 -2.51964e+00 | 45  0.01450 -5.79780e+00
 46 -0.04491 -2.78590e+00 | 47 -0.16642 -7.31299e-01 | 48 -0.16485 -5.05636e-01
 49 -0.14689 -4.09732e-01 | 50  0.06532 -1.77103e+00 | 51 -0.15539 -2.16219e-01
 52 -0.05620 -1.47812e-01 | 53 -0.14404  6.33391e-02 | 54 -0.07912  2.36343e-01
 55 -0.05050  3.74954e-01 | 56 -0.13012  2.04482e-01 | 57 -0.04590  4.05840e-01
 58 -0.04621  3.62006e-01 | 59 -0.00290  4.47510e-01 | 60 -0.05865  2.52417e-01
 61 -0.09928  1.84717e-01 | 62 -0.01014  3.39119e-01 | 63 -0.09195  1.55491e-01
 64 -0.13428  1.22485e-01 | 65 -0.04805  2.14236e-01 | 66 -0.13353  1.01085e-01
 67 -0.08807  1.51163e-01 | 68 -0.09248  1.54721e-01 | 69 -0.00083  3.15629e-01
 70 -0.06207  9.87553e-02 | 71 -0.10429  1.34403e-02 | 72 -0.07571  1.38796e-03
 73 -0.06985  5.66656e-04 | 74 -0.43111 -1.64666e+02 | 75 -1.59157 -1.09981e+01
 76  0.99180 -9.61005e-02 | 77  1.12506 -1.61567e-01 | 78  1.45907  9.02904e+00
 79  0.09975  2.37900e+01 | 80  0.04363  8.87423e-03 | 81 -0.98413 -3.11551e-04
 82 -0.10088  4.12173e-01 | 83  0.00089 -2.67092e-01 |
83 variables; iteration 3320; function evaluation 3975; phase 3
Function value 3.8620796e+01; maximum gradient component mag -9.2640e+02
Var    Value     Gradient |Var    Value     Gradient |Var    Value     Gradient
  1  0.00969 -9.26404e+02 |  2 -0.00705 -1.52821e+00 |  3 -0.00829 -1.85941e+00
  4 -0.02456 -1.99871e+00 |  5 -0.02599 -2.40552e+00 |  6 -0.02757 -2.87492e+00
  7 -0.02937 -3.42102e+00 |  8 -0.03127 -4.02543e+00 |  9 -0.03333 -4.70753e+00
 10 -0.03549 -5.45285e+00 | 11 -0.03780 -6.27881e+00 | 12 -0.04028 -7.19700e+00
 13 -0.04279 -8.17012e+00 | 14 -0.04540 -9.21744e+00 | 15 -0.04786 -1.03144e+01
 16 -0.05048 -1.15215e+01 | 17 -0.05301 -1.27030e+01 | 18 -0.05518 -1.38192e+01
 19 -0.05648 -1.46586e+01 | 20 -0.05745 -1.53902e+01 | 21 -0.05750 -1.59105e+01
 22 -0.05718 -1.62097e+01 | 23 -0.05709 -1.67748e+01 | 24 -0.05667 -1.73650e+01
 25 -0.05764 -1.75789e+01 | 26 -0.06014 -1.72989e+01 | 27 -0.06326 -1.66181e+01
 28 -0.06347 -1.58558e+01 | 29 -0.05340 -1.62813e+01 | 30 -0.03182 -1.97850e+01
 31  0.00439 -2.40272e+01 | 32 -0.05010 -1.50174e+01 | 33 -0.14110 -6.65287e+00
 34 -0.16950 -5.17752e+00 | 35 -0.03859 -1.35169e+01 | 36 -0.12436 -6.18020e+00
 37  0.04110 -2.00653e+01 | 38  0.02920 -1.52213e+01 | 39 -0.11957 -3.93566e+00
 40  0.01066 -9.58342e+00 | 41  0.05146 -1.11640e+01 | 42 -0.14252 -2.02734e+00
 43  0.03319 -7.12572e+00 | 44 -0.11484 -1.87443e+00 | 45  0.01454 -4.36757e+00
 46 -0.04478 -2.15001e+00 | 47 -0.16640 -5.82074e-01 | 48 -0.16475 -4.16816e-01
 49 -0.14688 -3.47972e-01 | 50  0.06536 -1.56764e+00 | 51 -0.15535 -1.90169e-01
 52 -0.05615 -1.41336e-01 | 53 -0.14397  4.06370e-02 | 54 -0.07912  1.93376e-01
 55 -0.05048  3.06673e-01 | 56 -0.13009  1.77756e-01 | 57 -0.04590  3.60980e-01
 58 -0.04617  3.40896e-01 | 59 -0.00289  4.41197e-01 | 60 -0.05857  2.66072e-01
 61 -0.09925  1.94544e-01 | 62 -0.01015  3.65143e-01 | 63 -0.09186  1.65616e-01
 64 -0.13425  1.06018e-01 | 65 -0.04803  1.83391e-01 | 66 -0.13348  8.86981e-02
 67 -0.08806  1.14338e-01 | 68 -0.09243  1.22372e-01 | 69 -0.00083  2.50189e-01
 70 -0.06200  7.78526e-02 | 71 -0.10428  1.05344e-02 | 72 -0.07571  8.59789e-04
 73 -0.06985  3.24868e-04 | 74 -0.43177 -1.26571e+02 | 75 -1.58127 -8.06709e+00
 76  0.99189 -4.78469e-02 | 77  1.11732 -1.29134e-01 | 78  1.45862  6.67448e+00
 79  0.09982  1.75293e+01 | 80  0.04363  1.06403e-02 | 81 -0.98407  3.01297e-04
 82 -0.10091  3.95851e-01 | 83  0.00087 -2.62430e-01 |
83 variables; iteration 3340; function evaluation 4000; phase 3
Function value 3.8618621e+01; maximum gradient component mag 1.7262e+03
Var    Value     Gradient |Var    Value     Gradient |Var    Value     Gradient
  1  0.00966  1.72619e+03 |  2 -0.00704  2.83023e+00 |  3 -0.00831  3.43392e+00
  4 -0.02464  3.67626e+00 |  5 -0.02600  4.44672e+00 |  6 -0.02768  5.28638e+00
  7 -0.02925  6.34314e+00 |  8 -0.03136  7.41539e+00 |  9 -0.03335  8.69167e+00
 10 -0.03566  1.00218e+01 | 11 -0.03787  1.15867e+01 | 12 -0.04016  1.33412e+01
 13 -0.04290  1.50344e+01 | 14 -0.04529  1.69918e+01 | 15 -0.04751  1.93155e+01
 16 -0.05036  2.13439e+01 | 17 -0.05301  2.34468e+01 | 18 -0.05498  2.56620e+01
 19 -0.05559  2.76446e+01 | 20 -0.05803  2.81822e+01 | 21 -0.05725  2.96835e+01
 22 -0.05719  3.00014e+01 | 23 -0.05797  3.03839e+01 | 24 -0.05618  3.24867e+01
 25 -0.05695  3.28205e+01 | 26 -0.06095  3.18464e+01 | 27 -0.06300  3.12219e+01
 28 -0.06534  2.88900e+01 | 29 -0.05408  3.05310e+01 | 30 -0.02887  3.62547e+01
 31  0.00344  4.51534e+01 | 32 -0.04965  2.77841e+01 | 33 -0.14156  1.24823e+01
 34 -0.16946  9.73150e+00 | 35 -0.03854  2.51988e+01 | 36 -0.12480  1.14636e+01
 37  0.04141  3.77664e+01 | 38  0.02896  2.86364e+01 | 39 -0.11919  7.60789e+00
 40  0.01070  1.81775e+01 | 41  0.05151  2.11431e+01 | 42 -0.14239  3.89019e+00
 43  0.03318  1.35864e+01 | 44 -0.11471  3.58044e+00 | 45  0.01462  8.07231e+00
 46 -0.04483  3.85396e+00 | 47 -0.16638  1.03898e+00 | 48 -0.16483  6.94790e-01
 49 -0.14684  5.40606e-01 | 50  0.06542  2.23398e+00 | 51 -0.15525  2.76410e-01
 52 -0.05608  1.76566e-01 | 53 -0.14387 -7.55114e-02 | 54 -0.07905 -3.28208e-01
 55 -0.05039 -4.83094e-01 | 56 -0.13001 -2.76385e-01 | 57 -0.04581 -5.00838e-01
 58 -0.04612 -4.20617e-01 | 59 -0.00281 -4.72929e-01 | 60 -0.05850 -2.19158e-01
 61 -0.09920 -1.59923e-01 | 62 -0.01006 -2.51623e-01 | 63 -0.09179 -9.13886e-02
 64 -0.13423 -9.63253e-02 | 65 -0.04796 -1.53522e-01 | 66 -0.13344 -6.98721e-02
 67 -0.08801 -1.28565e-01 | 68 -0.09239 -1.74693e-01 | 69 -0.00076 -4.15304e-01
 70 -0.06191 -1.32275e-01 | 71 -0.10421 -1.88370e-02 | 72 -0.07565 -2.74955e-03
 73 -0.06979 -1.00968e-03 | 74 -0.43198  2.60637e+02 | 75 -1.57734  1.48371e+01
 76  0.99095  2.85595e-01 | 77  1.11203  4.73766e-02 | 78  1.45315 -1.21912e+01
 79  0.10088 -3.29453e+01 | 80  0.04363  8.80822e-02 | 81 -0.98426 -2.04122e-03
 82 -0.10096 -4.09755e-01 | 83  0.00084  2.74546e-01 |
83 variables; iteration 3360; function evaluation 4023; phase 3
Function value 3.8615600e+01; maximum gradient component mag -1.0751e+03
Var    Value     Gradient |Var    Value     Gradient |Var    Value     Gradient
  1  0.00969 -1.07509e+03 |  2 -0.00703 -1.77628e+00 |  3 -0.00829 -2.16545e+00
  4 -0.02460 -2.33916e+00 |  5 -0.02599 -2.80269e+00 |  6 -0.02757 -3.34818e+00
  7 -0.02932 -3.97151e+00 |  8 -0.03124 -4.68188e+00 |  9 -0.03332 -5.47784e+00
 10 -0.03544 -6.33791e+00 | 11 -0.03780 -7.31192e+00 | 12 -0.04026 -8.37228e+00
 13 -0.04272 -9.49583e+00 | 14 -0.04521 -1.06825e+01 | 15 -0.04807 -1.20536e+01
 16 -0.05050 -1.34122e+01 | 17 -0.05290 -1.47581e+01 | 18 -0.05527 -1.60964e+01
 19 -0.05677 -1.71075e+01 | 20 -0.05729 -1.78760e+01 | 21 -0.05766 -1.85411e+01
 22 -0.05703 -1.88385e+01 | 23 -0.05648 -1.94185e+01 | 24 -0.05670 -2.02149e+01
 25 -0.05799 -2.04763e+01 | 26 -0.06043 -2.01099e+01 | 27 -0.06459 -1.94255e+01
 28 -0.06435 -1.84464e+01 | 29 -0.05566 -1.90487e+01 | 30 -0.02577 -2.28139e+01
 31  0.00175 -2.82092e+01 | 32 -0.04852 -1.74961e+01 | 33 -0.14194 -7.80067e+00
 34 -0.16974 -6.05280e+00 | 35 -0.03859 -1.57681e+01 | 36 -0.12456 -7.15126e+00
 37  0.04125 -2.32988e+01 | 38  0.02903 -1.76346e+01 | 39 -0.11950 -4.59315e+00
 40  0.01073 -1.11651e+01 | 41  0.05140 -1.30032e+01 | 42 -0.14234 -2.35009e+00
 43  0.03316 -8.16796e+00 | 44 -0.11488 -2.12748e+00 | 45  0.01461 -4.89336e+00
 46 -0.04486 -2.37969e+00 | 47 -0.16648 -6.64625e-01 | 48 -0.16480 -4.95934e-01
 49 -0.14685 -4.24740e-01 | 50  0.06535 -2.04466e+00 | 51 -0.15526 -2.49766e-01
 52 -0.05613 -2.26919e-01 | 53 -0.14383  1.76474e-02 | 54 -0.07914  1.87223e-01
 55 -0.05043  3.33262e-01 | 56 -0.13006  2.18689e-01 | 57 -0.04589  4.62945e-01
 58 -0.04615  4.78064e-01 | 59 -0.00287  7.06129e-01 | 60 -0.05851  4.54207e-01
 61 -0.09922  3.38894e-01 | 62 -0.01014  6.97573e-01 | 63 -0.09179  3.28413e-01
 64 -0.13424  2.18263e-01 | 65 -0.04802  4.26629e-01 | 66 -0.13345  1.87591e-01
 67 -0.08806  2.31934e-01 | 68 -0.09239  2.02747e-01 | 69 -0.00083  2.99811e-01
 70 -0.06191  9.10022e-02 | 71 -0.10425  9.58609e-03 | 72 -0.07567  6.12949e-04
 73 -0.06981  1.13079e-03 | 74 -0.43245 -1.55944e+02 | 75 -1.56989 -9.19262e+00
 76  0.99163 -8.23855e-02 | 77  1.10677 -1.27340e-01 | 78  1.45647  7.67680e+00
 79  0.10027  2.04970e+01 | 80  0.04363  3.60759e-03 | 81 -0.98413  3.04075e-05
 82 -0.10099  6.34313e-01 | 83  0.00082 -4.14085e-01 |
83 variables; iteration 3380; function evaluation 4046; phase 3
Function value 3.8611630e+01; maximum gradient component mag 3.1543e+03
Var    Value     Gradient |Var    Value     Gradient |Var    Value     Gradient
  1  0.00965  3.15429e+03 |  2 -0.00707  5.17120e+00 |  3 -0.00829  6.29547e+00
  4 -0.02454  6.77789e+00 |  5 -0.02601  8.13731e+00 |  6 -0.02758  9.73179e+00
  7 -0.02929  1.15731e+01 |  8 -0.03119  1.36535e+01 |  9 -0.03337  1.59027e+01
 10 -0.03541  1.84816e+01 | 11 -0.03780  2.12451e+01 | 12 -0.04022  2.43430e+01
 13 -0.04259  2.76890e+01 | 14 -0.04526  3.10920e+01 | 15 -0.04812  3.48525e+01
 16 -0.05040  3.89799e+01 | 17 -0.05280  4.30243e+01 | 18 -0.05519  4.67239e+01
 19 -0.05648  4.96624e+01 | 20 -0.05758  5.20047e+01 | 21 -0.05749  5.39975e+01
 22 -0.05688  5.50908e+01 | 23 -0.05700  5.65773e+01 | 24 -0.05612  5.93070e+01
 25 -0.05772  5.92781e+01 | 26 -0.06033  5.88301e+01 | 27 -0.06427  5.59755e+01
 28 -0.06419  5.39362e+01 | 29 -0.05486  5.52102e+01 | 30 -0.02844  6.66379e+01
 31  0.00298  8.19559e+01 | 32 -0.04919  5.11427e+01 | 33 -0.14172  2.27863e+01
 34 -0.16958  1.76839e+01 | 35 -0.03852  4.60802e+01 | 36 -0.12488  2.10381e+01
 37  0.04150  6.89972e+01 | 38  0.02895  5.22989e+01 | 39 -0.11927  1.37598e+01
 40  0.01081  3.32674e+01 | 41  0.05150  3.87988e+01 | 42 -0.14222  7.12544e+00
 43  0.03323  2.46627e+01 | 44 -0.11484  6.44944e+00 | 45  0.01474  1.47158e+01
 46 -0.04481  7.04069e+00 | 47 -0.16645  1.86708e+00 | 48 -0.16478  1.27425e+00
 49 -0.14687  9.95975e-01 | 50  0.06548  4.25025e+00 | 51 -0.15518  5.22409e-01
 52 -0.05601  3.67357e-01 | 53 -0.14369 -1.38460e-01 | 54 -0.07904 -5.56982e-01
 55 -0.05033 -8.97053e-01 | 56 -0.12994 -4.88497e-01 | 57 -0.04580 -9.43492e-01
 58 -0.04605 -8.17790e-01 | 59 -0.00278 -1.02016e+00 | 60 -0.05840 -5.65092e-01
 61 -0.09910 -3.96357e-01 | 62 -0.01006 -7.60837e-01 | 63 -0.09167 -3.01476e-01
 64 -0.13414 -1.77024e-01 | 65 -0.04794 -2.73338e-01 | 66 -0.13336 -9.97821e-02
 67 -0.08798 -1.69130e-01 | 68 -0.09230 -2.65830e-01 | 69 -0.00073 -6.60964e-01
 70 -0.06177 -2.24863e-01 | 71 -0.10415 -3.09470e-02 | 72 -0.07559 -4.75512e-03
 73 -0.06974 -3.49760e-03 | 74 -0.43293  5.05084e+02 | 75 -1.56121  2.65180e+01
 76  0.99149  4.90534e-01 | 77  1.09958  1.16044e-01 | 78  1.44862 -2.20747e+01
 79  0.10179 -6.03794e+01 | 80  0.04363  2.68619e-02 | 81 -0.98416 -6.41125e-04
 82 -0.10107 -8.58256e-01 | 83  0.00077  5.61154e-01 |
83 variables; iteration 3400; function evaluation 4067; phase 3
Function value 3.8608797e+01; maximum gradient component mag -6.0460e+02
Var    Value     Gradient |Var    Value     Gradient |Var    Value     Gradient
  1  0.00967 -6.04597e+02 |  2 -0.00699 -9.90315e-01 |  3 -0.00827 -1.21882e+00
  4 -0.02459 -1.32321e+00 |  5 -0.02598 -1.58118e+00 |  6 -0.02757 -1.89043e+00
  7 -0.02931 -2.23876e+00 |  8 -0.03123 -2.63795e+00 |  9 -0.03334 -3.09743e+00
 10 -0.03547 -3.57868e+00 | 11 -0.03780 -4.12659e+00 | 12 -0.04017 -4.70238e+00
 13 -0.04282 -5.37812e+00 | 14 -0.04519 -6.01081e+00 | 15 -0.04787 -6.76297e+00
 16 -0.05036 -7.53669e+00 | 17 -0.05292 -8.32128e+00 | 18 -0.05505 -9.03814e+00
 19 -0.05666 -9.65122e+00 | 20 -0.05750 -1.01012e+01 | 21 -0.05781 -1.04902e+01
 22 -0.05723 -1.06383e+01 | 23 -0.05688 -1.09723e+01 | 24 -0.05644 -1.13245e+01
 25 -0.05756 -1.15153e+01 | 26 -0.06021 -1.13121e+01 | 27 -0.06349 -1.08915e+01
 28 -0.06371 -1.03733e+01 | 29 -0.05352 -1.06022e+01 | 30 -0.03126 -1.31585e+01
 31  0.00429 -1.57570e+01 | 32 -0.05016 -9.96421e+00 | 33 -0.14118 -4.37017e+00
 34 -0.16945 -3.42022e+00 | 35 -0.03860 -8.91256e+00 | 36 -0.12474 -4.02763e+00
 37  0.04139 -1.30600e+01 | 38  0.02899 -9.87672e+00 | 39 -0.11938 -2.56578e+00
 40  0.01079 -6.24005e+00 | 41  0.05144 -7.20758e+00 | 42 -0.14225 -1.30352e+00
 43  0.03321 -4.60057e+00 | 44 -0.11486 -1.18875e+00 | 45  0.01469 -2.72036e+00
 46 -0.04481 -1.30904e+00 | 47 -0.16648 -3.69121e-01 | 48 -0.16473 -2.73163e-01
 49 -0.14688 -2.34935e-01 | 50  0.06542 -1.08509e+00 | 51 -0.15519 -1.46480e-01
 52 -0.05605 -1.52028e-01 | 53 -0.14368 -1.14469e-03 | 54 -0.07912  5.30497e-02
 55 -0.05035  1.36545e-01 | 56 -0.13001  8.68721e-02 | 57 -0.04584  2.09202e-01
 58 -0.04610  2.24991e-01 | 59 -0.00283  3.72141e-01 | 60 -0.05842  2.49667e-01
 61 -0.09915  2.04301e-01 | 62 -0.01011  4.51878e-01 | 63 -0.09168  2.34440e-01
 64 -0.13419  1.66787e-01 | 65 -0.04799  3.34038e-01 | 66 -0.13340  1.45056e-01
 67 -0.08801  1.95758e-01 | 68 -0.09233  1.54533e-01 | 69 -0.00079  2.07646e-01
 70 -0.06180  6.02504e-02 | 71 -0.10418  6.77107e-03 | 72 -0.07563  3.34422e-04
 73 -0.06977  5.37860e-04 | 74 -0.43339 -9.20951e+01 | 75 -1.55234 -5.06698e+00
 76  0.99170 -1.52933e-02 | 77  1.09453 -9.02471e-02 | 78  1.45379  4.28824e+00
 79  0.10078  1.15807e+01 | 80  0.04363 -2.60332e-02 | 81 -0.98416 -5.17327e-06
 82 -0.10107  3.45826e-01 | 83  0.00077 -2.18408e-01 |
83 variables; iteration 3420; function evaluation 4088; phase 3
Function value 3.8606581e+01; maximum gradient component mag -4.2746e+02
Var    Value     Gradient |Var    Value     Gradient |Var    Value     Gradient
  1  0.00972 -4.27460e+02 |  2 -0.00705 -6.93492e-01 |  3 -0.00833 -8.52609e-01
  4 -0.02465 -9.32055e-01 |  5 -0.02607 -1.11404e+00 |  6 -0.02760 -1.31200e+00
  7 -0.02929 -1.54050e+00 |  8 -0.03120 -1.81360e+00 |  9 -0.03358 -2.20683e+00
 10 -0.03549 -2.48272e+00 | 11 -0.03798 -2.90589e+00 | 12 -0.04059 -3.36265e+00
 13 -0.04272 -3.71003e+00 | 14 -0.04555 -4.26294e+00 | 15 -0.04759 -4.61873e+00
 16 -0.05056 -5.28196e+00 | 17 -0.05300 -5.80380e+00 | 18 -0.05570 -6.44752e+00
 19 -0.05623 -6.61885e+00 | 20 -0.05709 -6.93407e+00 | 21 -0.05727 -7.19216e+00
 22 -0.05678 -7.30771e+00 | 23 -0.05732 -7.76231e+00 | 24 -0.05738 -8.10502e+00
 25 -0.05720 -7.96228e+00 | 26 -0.06080 -8.02047e+00 | 27 -0.06254 -7.36755e+00
 28 -0.06418 -7.31608e+00 | 29 -0.05373 -7.37905e+00 | 30 -0.03024 -9.20745e+00
 31  0.00401 -1.07816e+01 | 32 -0.05000 -6.91335e+00 | 33 -0.14130 -3.02905e+00
 34 -0.16944 -2.29861e+00 | 35 -0.03861 -6.13002e+00 | 36 -0.12443 -2.76617e+00
 37  0.04115 -9.28105e+00 | 38  0.02912 -7.29177e+00 | 39 -0.11974 -1.92271e+00
 40  0.01082 -4.79392e+00 | 41  0.05126 -5.62240e+00 | 42 -0.14216 -9.77980e-01
 43  0.03318 -3.50672e+00 | 44 -0.11498 -8.75106e-01 | 45  0.01460 -1.88467e+00
 46 -0.04479 -8.14094e-01 | 47 -0.16651 -2.04050e-01 | 48 -0.16470 -1.52716e-01
 49 -0.14684 -9.55844e-02 | 50  0.06531 -2.97548e-01 | 51 -0.15522 -3.41359e-02
 52 -0.05614 -3.33820e-02 | 53 -0.14374  6.87920e-03 | 54 -0.07924  2.06616e-02
 55 -0.05044  3.95925e-02 | 56 -0.13010  1.67421e-02 | 57 -0.04595  3.79127e-02
 58 -0.04617  2.49880e-02 | 59 -0.00293  4.71853e-02 | 60 -0.05846  2.35920e-02
 61 -0.09924  2.47221e-02 | 62 -0.01021  8.50433e-02 | 63 -0.09174  1.15946e-02
 64 -0.13423  1.24047e-02 | 65 -0.04809 -8.00632e-03 | 66 -0.13345 -1.74827e-02
 67 -0.08809 -2.32977e-02 | 68 -0.09238  1.09557e-03 | 69 -0.00090  4.25819e-02
 70 -0.06189  1.10301e-02 | 71 -0.10427  6.64606e-04 | 72 -0.07570  1.73982e-04
 73 -0.06984  8.68419e-04 | 74 -0.43379 -6.73784e+01 | 75 -1.54473 -3.64320e+00
 76  0.99172  6.99461e-03 | 77  1.09071 -7.91196e-02 | 78  1.46503  3.21494e+00
 79  0.09852  7.92416e+00 | 80  0.04363  8.30362e-03 | 81 -0.98416 -5.64605e-04
 82 -0.10103  3.06556e-02 | 83  0.00079 -5.90558e-03 |
83 variables; iteration 3440; function evaluation 4110; phase 3
Function value 3.8601904e+01; maximum gradient component mag -8.6916e+02
Var    Value     Gradient |Var    Value     Gradient |Var    Value     Gradient
  1  0.00970 -8.69165e+02 |  2 -0.00707 -1.42851e+00 |  3 -0.00839 -1.75713e+00
  4 -0.02454 -1.85927e+00 |  5 -0.02589 -2.21863e+00 |  6 -0.02762 -2.69093e+00
  7 -0.02935 -3.18486e+00 |  8 -0.03131 -3.76292e+00 |  9 -0.03327 -4.37283e+00
 10 -0.03551 -5.08715e+00 | 11 -0.03783 -5.86097e+00 | 12 -0.04028 -6.70790e+00
 13 -0.04276 -7.60841e+00 | 14 -0.04525 -8.55652e+00 | 15 -0.04807 -9.65686e+00
 16 -0.05053 -1.07470e+01 | 17 -0.05294 -1.18195e+01 | 18 -0.05543 -1.29264e+01
 19 -0.05651 -1.36586e+01 | 20 -0.05748 -1.43372e+01 | 21 -0.05746 -1.48068e+01
 22 -0.05687 -1.50406e+01 | 23 -0.05675 -1.55711e+01 | 24 -0.05659 -1.61659e+01
 25 -0.05756 -1.63516e+01 | 26 -0.06071 -1.61473e+01 | 27 -0.06448 -1.55904e+01
 28 -0.06463 -1.48357e+01 | 29 -0.05510 -1.52532e+01 | 30 -0.02623 -1.82039e+01
 31  0.00192 -2.25470e+01 | 32 -0.04849 -1.38310e+01 | 33 -0.14203 -6.20094e+00
 34 -0.16975 -4.80639e+00 | 35 -0.03849 -1.25844e+01 | 36 -0.12486 -5.81686e+00
 37  0.04134 -1.90426e+01 | 38  0.02899 -1.43950e+01 | 39 -0.11954 -3.75220e+00
 40  0.01083 -9.26636e+00 | 41  0.05133 -1.08523e+01 | 42 -0.14225 -2.00089e+00
 43  0.03322 -7.00236e+00 | 44 -0.11502 -1.85063e+00 | 45  0.01471 -4.30386e+00
 46 -0.04488 -2.04262e+00 | 47 -0.16649 -5.14761e-01 | 48 -0.16465 -3.52852e-01
 49 -0.14686 -2.88402e-01 | 50  0.06535 -1.32058e+00 | 51 -0.15513 -1.53633e-01
 52 -0.05608 -9.83341e-02 | 53 -0.14362  4.65182e-02 | 54 -0.07920  2.11510e-01
 55 -0.05038  3.13341e-01 | 56 -0.13003  1.72819e-01 | 57 -0.04591  3.34895e-01
 58 -0.04611  2.98391e-01 | 59 -0.00289  3.10975e-01 | 60 -0.05839  1.72430e-01
 61 -0.09916  1.16086e-01 | 62 -0.01019  1.55712e-01 | 63 -0.09162  6.45826e-02
 64 -0.13421  7.38839e-03 | 65 -0.04806 -1.04814e-02 | 66 -0.13338  1.79599e-02
 67 -0.08808  6.40859e-03 | 68 -0.09233  5.10677e-02 | 69 -0.00086  2.05510e-01
 70 -0.06179  6.45926e-02 | 71 -0.10420  9.87612e-03 | 72 -0.07564  1.31555e-03
 73 -0.06980  8.75183e-04 | 74 -0.43433 -1.51239e+02 | 75 -1.53321 -7.19925e+00
 76  0.99201 -3.16955e-02 | 77  1.08195 -9.48462e-02 | 78  1.45892  6.23432e+00
 79  0.09977  1.64273e+01 | 80  0.04363  6.33220e-02 | 81 -0.98413  4.06292e-04
 82 -0.10113  2.63353e-01 | 83  0.00073 -1.84212e-01 |
83 variables; iteration 3460; function evaluation 4132; phase 3
Function value 3.8600871e+01; maximum gradient component mag -9.7915e+02
Var    Value     Gradient |Var    Value     Gradient |Var    Value     Gradient
  1  0.00967 -9.79146e+02 |  2 -0.00703 -1.61769e+00 |  3 -0.00836 -1.98810e+00
  4 -0.02448 -2.10060e+00 |  5 -0.02591 -2.53085e+00 |  6 -0.02760 -3.05245e+00
  7 -0.02929 -3.60430e+00 |  8 -0.03114 -4.23172e+00 |  9 -0.03318 -4.94623e+00
 10 -0.03542 -5.75297e+00 | 11 -0.03776 -6.63154e+00 | 12 -0.04013 -7.57289e+00
 13 -0.04274 -8.62480e+00 | 14 -0.04526 -9.70615e+00 | 15 -0.04790 -1.09047e+01
 16 -0.05044 -1.21563e+01 | 17 -0.05289 -1.33834e+01 | 18 -0.05507 -1.45625e+01
 19 -0.05659 -1.54865e+01 | 20 -0.05747 -1.62358e+01 | 21 -0.05760 -1.67974e+01
 22 -0.05710 -1.70781e+01 | 23 -0.05689 -1.76496e+01 | 24 -0.05688 -1.83418e+01
 25 -0.05754 -1.84940e+01 | 26 -0.06075 -1.82634e+01 | 27 -0.06406 -1.75373e+01
 28 -0.06484 -1.67965e+01 | 29 -0.05552 -1.72746e+01 | 30 -0.02598 -2.06561e+01
 31  0.00207 -2.57399e+01 | 32 -0.04894 -1.59440e+01 | 33 -0.14182 -7.04772e+00
 34 -0.16958 -5.47027e+00 | 35 -0.03862 -1.43417e+01 | 36 -0.12503 -6.54309e+00
 37  0.04161 -2.15930e+01 | 38  0.02879 -1.61417e+01 | 39 -0.11923 -4.16443e+00
 40  0.01088 -1.02558e+01 | 41  0.05139 -1.20023e+01 | 42 -0.14209 -2.17326e+00
 43  0.03321 -7.33034e+00 | 44 -0.11478 -1.88727e+00 | 45  0.01477 -4.56638e+00
 46 -0.04491 -2.24278e+00 | 47 -0.16650 -5.84295e-01 | 48 -0.16471 -4.15318e-01
 49 -0.14685 -3.59305e-01 | 50  0.06543 -1.84080e+00 | 51 -0.15499 -1.92325e-01
 52 -0.05600 -1.10970e-01 | 53 -0.14344  8.48605e-02 | 54 -0.07914  3.27662e-01
 55 -0.05026  5.01802e-01 | 56 -0.12995  2.68193e-01 | 57 -0.04582  5.31443e-01
 58 -0.04603  4.65421e-01 | 59 -0.00281  5.11531e-01 | 60 -0.05828  3.03346e-01
 61 -0.09907  1.90503e-01 | 62 -0.01011  2.89623e-01 | 63 -0.09153  1.42024e-01
 64 -0.13414  6.08226e-02 | 65 -0.04798  1.00633e-01 | 66 -0.13329  7.36806e-02
 67 -0.08802  4.68159e-02 | 68 -0.09225  7.41561e-02 | 69 -0.00077  2.18586e-01
 70 -0.06165  7.40887e-02 | 71 -0.10411  1.06254e-02 | 72 -0.07555  1.30867e-03
 73 -0.06972  8.09165e-04 | 74 -0.43453 -1.74013e+02 | 75 -1.52901 -8.02868e+00
 76  0.99165 -6.58638e-02 | 77  1.07766 -9.63932e-02 | 78  1.44929  6.77843e+00
 79  0.10167  1.88588e+01 | 80  0.04363  3.26225e-02 | 81 -0.98429 -1.11345e-03
 82 -0.10123  4.90018e-01 | 83  0.00067 -3.30246e-01 |
83 variables; iteration 3480; function evaluation 4154; phase 3
Function value 3.8595814e+01; maximum gradient component mag 8.6815e+02
Var    Value     Gradient |Var    Value     Gradient |Var    Value     Gradient
  1  0.00967  8.68153e+02 |  2 -0.00702  1.44169e+00 |  3 -0.00826  1.75297e+00
  4 -0.02456  1.87603e+00 |  5 -0.02599  2.25445e+00 |  6 -0.02752  2.71347e+00
  7 -0.02934  3.20201e+00 |  8 -0.03127  3.77484e+00 |  9 -0.03327  4.42833e+00
 10 -0.03542  5.13364e+00 | 11 -0.03773  5.91237e+00 | 12 -0.04021  6.75982e+00
 13 -0.04274  7.65481e+00 | 14 -0.04531  8.60393e+00 | 15 -0.04791  9.69977e+00
 16 -0.05058  1.07435e+01 | 17 -0.05283  1.19430e+01 | 18 -0.05495  1.30473e+01
 19 -0.05665  1.37026e+01 | 20 -0.05776  1.43063e+01 | 21 -0.05763  1.49242e+01
 22 -0.05716  1.52050e+01 | 23 -0.05659  1.58236e+01 | 24 -0.05676  1.62871e+01
 25 -0.05735  1.65394e+01 | 26 -0.06012  1.64178e+01 | 27 -0.06375  1.55886e+01
 28 -0.06405  1.49748e+01 | 29 -0.05359  1.56862e+01 | 30 -0.03068  1.77108e+01
 31  0.00403  2.31563e+01 | 32 -0.04993  1.40462e+01 | 33 -0.14138  6.39607e+00
 34 -0.16947  4.91434e+00 | 35 -0.03856  1.27458e+01 | 36 -0.12499  5.79652e+00
 37  0.04155  1.88318e+01 | 38  0.02890  1.42946e+01 | 39 -0.11937  3.76095e+00
 40  0.01093  8.96075e+00 | 41  0.05137  1.03520e+01 | 42 -0.14206  1.90055e+00
 43  0.03327  6.57822e+00 | 44 -0.11496  1.73317e+00 | 45  0.01482  3.94950e+00
 46 -0.04482  1.93501e+00 | 47 -0.16653  5.38882e-01 | 48 -0.16465  3.91749e-01
 49 -0.14685  3.39141e-01 | 50  0.06545  1.52493e+00 | 51 -0.15502  1.91370e-01
 52 -0.05597  1.70496e-01 | 53 -0.14341 -1.49814e-02 | 54 -0.07916 -1.38372e-01
 55 -0.05025 -2.36139e-01 | 56 -0.12994 -1.50909e-01 | 57 -0.04583 -3.18500e-01
 58 -0.04603 -3.31885e-01 | 59 -0.00280 -4.77983e-01 | 60 -0.05826 -3.14101e-01
 61 -0.09906 -2.39431e-01 | 62 -0.01012 -5.00568e-01 | 63 -0.09150 -2.47133e-01
 64 -0.13413 -1.93323e-01 | 65 -0.04798 -3.78998e-01 | 66 -0.13331 -1.75735e-01
 67 -0.08801 -2.31501e-01 | 68 -0.09224 -1.86120e-01 | 69 -0.00079 -2.71205e-01
 70 -0.06162 -7.58590e-02 | 71 -0.10411 -9.02075e-03 | 72 -0.07556 -4.96900e-04
 73 -0.06973 -5.57132e-04 | 74 -0.43519  1.75369e+02 | 75 -1.51351  6.75434e+00
 76  0.99176  1.85324e-01 | 77  1.06947 -2.27539e-02 | 78  1.45188 -6.16022e+00
 79  0.10114 -1.65911e+01 | 80  0.04363 -1.35902e-02 | 81 -0.98419 -1.11845e-04
 82 -0.10123 -4.59477e-01 | 83  0.00067  2.92220e-01 |
83 variables; iteration 3500; function evaluation 4174; phase 3
Function value 3.8595380e+01; maximum gradient component mag 1.1775e+02
Var    Value     Gradient |Var    Value     Gradient |Var    Value     Gradient
  1  0.00970  1.17753e+02 |  2 -0.00705  1.99571e-01 |  3 -0.00830  2.38199e-01
  4 -0.02459  2.51278e-01 |  5 -0.02600  3.06919e-01 |  6 -0.02755  3.79851e-01
  7 -0.02935  4.39785e-01 |  8 -0.03132  5.05339e-01 |  9 -0.03334  6.04967e-01
 10 -0.03547  7.10111e-01 | 11 -0.03780  8.09869e-01 | 12 -0.04027  9.24459e-01
 13 -0.04281  1.03533e+00 | 14 -0.04530  1.17900e+00 | 15 -0.04796  1.32682e+00
 16 -0.05054  1.45421e+00 | 17 -0.05297  1.62744e+00 | 18 -0.05517  1.77599e+00
 19 -0.05654  1.88404e+00 | 20 -0.05750  1.96786e+00 | 21 -0.05757  2.05680e+00
 22 -0.05704  2.12335e+00 | 23 -0.05686  2.15395e+00 | 24 -0.05668  2.24490e+00
 25 -0.05749  2.25358e+00 | 26 -0.06048  2.21491e+00 | 27 -0.06338  2.21407e+00
 28 -0.06376  2.13506e+00 | 29 -0.05361  2.30020e+00 | 30 -0.03067  2.04759e+00
 31  0.00412  3.48023e+00 | 32 -0.05002  1.89411e+00 | 33 -0.14131  9.46530e-01
 34 -0.16949  7.14864e-01 | 35 -0.03854  1.80677e+00 | 36 -0.12485  8.22321e-01
 37  0.04140  2.59197e+00 | 38  0.02898  1.94207e+00 | 39 -0.11956  5.28668e-01
 40  0.01091  1.15918e+00 | 41  0.05130  1.30685e+00 | 42 -0.14214  2.37138e-01
 43  0.03327  8.01081e-01 | 44 -0.11509  2.02937e-01 | 45  0.01477  4.54553e-01
 46 -0.04483  2.46557e-01 | 47 -0.16653  8.03990e-02 | 48 -0.16461  5.93492e-02
 49 -0.14683  5.94112e-02 | 50  0.06538  2.60962e-01 | 51 -0.15505  3.97969e-02
 52 -0.05603  4.24993e-02 | 53 -0.14347  6.78674e-03 | 54 -0.07922  7.48562e-03
 55 -0.05032  5.57050e-03 | 56 -0.13001 -8.26482e-03 | 57 -0.04589 -3.10667e-02
 58 -0.04608 -6.34092e-02 | 59 -0.00287 -1.18608e-01 | 60 -0.05830 -8.94062e-02
 61 -0.09912 -7.57907e-02 | 62 -0.01018 -1.61834e-01 | 63 -0.09154 -9.43827e-02
 64 -0.13417 -8.19785e-02 | 65 -0.04804 -1.75412e-01 | 66 -0.13335 -8.72683e-02
 67 -0.08805 -1.15950e-01 | 68 -0.09228 -7.74072e-02 | 69 -0.00086 -7.46929e-02
 70 -0.06169 -1.67325e-02 | 71 -0.10417 -1.33411e-03 | 72 -0.07562  2.47573e-04
 73 -0.06977  4.19860e-04 | 74 -0.43526  2.79856e+01 | 75 -1.51191  8.05481e-01
 76  0.99171  8.12019e-02 | 77  1.06930 -5.07313e-02 | 78  1.45895 -8.02919e-01
 79  0.09973 -2.33155e+00 | 80  0.04363  3.54048e-02 | 81 -0.98419 -3.09986e-04
 82 -0.10120 -1.26112e-01 | 83  0.00069  7.87130e-02 |
83 variables; iteration 3520; function evaluation 4198; phase 3
Function value 3.8590914e+01; maximum gradient component mag -7.6988e+02
Var    Value     Gradient |Var    Value     Gradient |Var    Value     Gradient
  1  0.00969 -7.69877e+02 |  2 -0.00703 -1.26416e+00 |  3 -0.00829 -1.54109e+00
  4 -0.02456 -1.65904e+00 |  5 -0.02598 -1.99278e+00 |  6 -0.02759 -2.38863e+00
  7 -0.02933 -2.82913e+00 |  8 -0.03126 -3.33513e+00 |  9 -0.03331 -3.89711e+00
 10 -0.03551 -4.52577e+00 | 11 -0.03781 -5.20540e+00 | 12 -0.04028 -5.96356e+00
 13 -0.04277 -6.76736e+00 | 14 -0.04526 -7.60705e+00 | 15 -0.04798 -8.56679e+00
 16 -0.05044 -9.53477e+00 | 17 -0.05290 -1.04962e+01 | 18 -0.05516 -1.14353e+01
 19 -0.05666 -1.21674e+01 | 20 -0.05746 -1.27351e+01 | 21 -0.05761 -1.31803e+01
 22 -0.05688 -1.33510e+01 | 23 -0.05673 -1.38210e+01 | 24 -0.05688 -1.44068e+01
 25 -0.05748 -1.45092e+01 | 26 -0.06080 -1.43643e+01 | 27 -0.06388 -1.37580e+01
 28 -0.06450 -1.31718e+01 | 29 -0.05540 -1.36168e+01 | 30 -0.02640 -1.61371e+01
 31  0.00241 -2.00864e+01 | 32 -0.04909 -1.24173e+01 | 33 -0.14182 -5.53118e+00
 34 -0.16964 -4.29996e+00 | 35 -0.03855 -1.12579e+01 | 36 -0.12508 -5.12879e+00
 37  0.04156 -1.68466e+01 | 38  0.02882 -1.27530e+01 | 39 -0.11945 -3.31779e+00
 40  0.01097 -8.11363e+00 | 41  0.05126 -9.40159e+00 | 42 -0.14194 -1.71625e+00
 43  0.03323 -6.00801e+00 | 44 -0.11506 -1.55736e+00 | 45  0.01484 -3.59671e+00
 46 -0.04492 -1.72723e+00 | 47 -0.16659 -4.65712e-01 | 48 -0.16463 -3.27981e-01
 49 -0.14683 -2.59029e-01 | 50  0.06539 -1.15603e+00 | 51 -0.15499 -1.44998e-01
 52 -0.05600 -1.04622e-01 | 53 -0.14335  3.18371e-02 | 54 -0.07923  1.42311e-01
 55 -0.05027  2.29499e-01 | 56 -0.12997  1.30012e-01 | 57 -0.04588  2.52478e-01
 58 -0.04605  2.25367e-01 | 59 -0.00285  2.96468e-01 | 60 -0.05825  1.69799e-01
 61 -0.09908  1.24553e-01 | 62 -0.01017  2.39564e-01 | 63 -0.09148  1.00584e-01
 64 -0.13414  5.90510e-02 | 65 -0.04803  9.43351e-02 | 66 -0.13332  3.55810e-02
 67 -0.08804  5.90439e-02 | 68 -0.09224  7.99951e-02 | 69 -0.00085  1.83045e-01
 70 -0.06161  6.24030e-02 | 71 -0.10413  8.35712e-03 | 72 -0.07557  9.65136e-04
 73 -0.06974  6.93996e-04 | 74 -0.43585 -1.58106e+02 | 75 -1.49647 -6.04522e+00
 76  0.99176 -3.32087e-02 | 77  1.05992 -7.99509e-02 | 78  1.45697  5.49418e+00
 79  0.10015  1.45919e+01 | 80  0.04363  4.92216e-03 | 81 -0.98420  1.87274e-04
 82 -0.10127  2.49038e-01 | 83  0.00065 -1.66676e-01 |
83 variables; iteration 3540; function evaluation 4220; phase 3
Function value 3.8587748e+01; maximum gradient component mag -4.4618e+02
Var    Value     Gradient |Var    Value     Gradient |Var    Value     Gradient
  1  0.00965 -4.46182e+02 |  2 -0.00700 -7.12129e-01 |  3 -0.00823 -8.63760e-01
  4 -0.02452 -9.35543e-01 |  5 -0.02594 -1.12440e+00 |  6 -0.02756 -1.35502e+00
  7 -0.02940 -1.62816e+00 |  8 -0.03113 -1.86264e+00 |  9 -0.03316 -2.17722e+00
 10 -0.03542 -2.55278e+00 | 11 -0.03760 -2.90354e+00 | 12 -0.04038 -3.41670e+00
 13 -0.04286 -3.86523e+00 | 14 -0.04510 -4.27119e+00 | 15 -0.04815 -4.90496e+00
 16 -0.05040 -5.39035e+00 | 17 -0.05267 -5.87580e+00 | 18 -0.05495 -6.41581e+00
 19 -0.05676 -6.92603e+00 | 20 -0.05751 -7.21040e+00 | 21 -0.05751 -7.42197e+00
 22 -0.05675 -7.46828e+00 | 23 -0.05661 -7.75253e+00 | 24 -0.05640 -8.03189e+00
 25 -0.05770 -8.22559e+00 | 26 -0.06118 -8.22925e+00 | 27 -0.06381 -7.77129e+00
 28 -0.06401 -7.38046e+00 | 29 -0.05477 -7.68097e+00 | 30 -0.02855 -9.13169e+00
 31  0.00380 -1.10308e+01 | 32 -0.05026 -6.98967e+00 | 33 -0.14142 -3.02441e+00
 34 -0.16941 -2.40240e+00 | 35 -0.03858 -6.36707e+00 | 36 -0.12545 -2.97589e+00
 37  0.04190 -1.00333e+01 | 38  0.02862 -7.70019e+00 | 39 -0.11913 -2.03701e+00
 40  0.01106 -5.06107e+00 | 41  0.05135 -5.92761e+00 | 42 -0.14170 -1.10233e+00
 43  0.03324 -4.00847e+00 | 44 -0.11490 -1.02696e+00 | 45  0.01497 -2.37098e+00
 46 -0.04494 -1.07610e+00 | 47 -0.16658 -2.52310e-01 | 48 -0.16466 -1.44487e-01
 49 -0.14687 -6.45283e-02 | 50  0.06552 -8.00378e-02 | 51 -0.15491 -2.41732e-02
 52 -0.05587  3.99883e-02 | 53 -0.14315  4.60071e-02 | 54 -0.07914  7.66654e-02
 55 -0.05014  7.82894e-02 | 56 -0.12985  1.93835e-02 | 57 -0.04577 -2.71942e-02
 58 -0.04595 -9.45250e-02 | 59 -0.00274 -2.08517e-01 | 60 -0.05812 -1.84990e-01
 61 -0.09897 -1.47318e-01 | 62 -0.01007 -3.29742e-01 | 63 -0.09137 -2.12135e-01
 64 -0.13403 -1.69543e-01 | 65 -0.04793 -3.83385e-01 | 66 -0.13322 -1.91015e-01
 67 -0.08796 -2.00594e-01 | 68 -0.09214 -8.41148e-02 | 69 -0.00073  3.99478e-02
 70 -0.06145  2.77765e-02 | 71 -0.10402  5.35015e-03 | 72 -0.07547  1.57443e-03
 73 -0.06965  1.04711e-03 | 74 -0.43633 -9.78684e+01 | 75 -1.48305 -3.55598e+00
 76  0.99173  1.16094e-02 | 77  1.05232 -6.93044e-02 | 78  1.44735  2.96661e+00
 79  0.10203  8.56120e+00 | 80  0.04363  2.24554e-02 | 81 -0.98428  1.63866e-04
 82 -0.10137 -2.63123e-01 | 83  0.00059  1.62369e-01 |
83 variables; iteration 3560; function evaluation 4244; phase 3
Function value 3.8586291e+01; maximum gradient component mag -3.1390e+02
Var    Value     Gradient |Var    Value     Gradient |Var    Value     Gradient
  1  0.00969 -3.13902e+02 |  2 -0.00708 -5.16713e-01 |  3 -0.00823 -6.04449e-01
  4 -0.02454 -6.63287e-01 |  5 -0.02602 -8.12376e-01 |  6 -0.02761 -9.67435e-01
  7 -0.02945 -1.16699e+00 |  8 -0.03116 -1.31322e+00 |  9 -0.03327 -1.55670e+00
 10 -0.03546 -1.81257e+00 | 11 -0.03772 -2.07232e+00 | 12 -0.04040 -2.43805e+00
 13 -0.04286 -2.75119e+00 | 14 -0.04527 -3.06356e+00 | 15 -0.04792 -3.43934e+00
 16 -0.05044 -3.83816e+00 | 17 -0.05299 -4.24175e+00 | 18 -0.05518 -4.60896e+00
 19 -0.05659 -4.90230e+00 | 20 -0.05751 -5.13965e+00 | 21 -0.05754 -5.28906e+00
 22 -0.05694 -5.33640e+00 | 23 -0.05677 -5.54631e+00 | 24 -0.05672 -5.78344e+00
 25 -0.05741 -5.82031e+00 | 26 -0.06067 -5.81874e+00 | 27 -0.06347 -5.49419e+00
 28 -0.06385 -5.24316e+00 | 29 -0.05409 -5.39478e+00 | 30 -0.02983 -6.72067e+00
 31  0.00410 -7.70875e+00 | 32 -0.05024 -4.99368e+00 | 33 -0.14129 -2.12576e+00
 34 -0.16942 -1.68338e+00 | 35 -0.03858 -4.52959e+00 | 36 -0.12507 -2.07177e+00
 37  0.04158 -7.01180e+00 | 38  0.02884 -5.38729e+00 | 39 -0.11949 -1.38851e+00
 40  0.01102 -3.36800e+00 | 41  0.05125 -3.88605e+00 | 42 -0.14187 -7.14015e-01
 43  0.03326 -2.57336e+00 | 44 -0.11507 -6.59079e-01 | 45  0.01489 -1.57436e+00
 46 -0.04491 -7.61945e-01 | 47 -0.16655 -1.75863e-01 | 48 -0.16458 -1.16128e-01
 49 -0.14683 -6.44003e-02 | 50  0.06541 -1.96238e-01 | 51 -0.15496 -3.36486e-02
 52 -0.05597  1.74191e-02 | 53 -0.14325  3.74970e-02 | 54 -0.07924  5.04546e-02
 55 -0.05023  6.39275e-02 | 56 -0.12996  1.17510e-02 | 57 -0.04587 -7.13191e-03
 58 -0.04603 -5.43154e-02 | 59 -0.00284 -9.60318e-02 | 60 -0.05819 -7.89495e-02
 61 -0.09906 -6.87647e-02 | 62 -0.01017 -1.32654e-01 | 63 -0.09143 -9.37997e-02
 64 -0.13411 -7.61476e-02 | 65 -0.04803 -1.92949e-01 | 66 -0.13330 -9.95044e-02
 67 -0.08803 -8.92319e-02 | 68 -0.09221 -2.24187e-02 | 69 -0.00084  6.45375e-02
 70 -0.06155  3.04821e-02 | 71 -0.10410  5.15888e-03 | 72 -0.07556  5.52365e-04
 73 -0.06973 -1.90644e-05 | 74 -0.43651 -6.84414e+01 | 75 -1.47781 -2.48600e+00
 76  0.99193  3.56130e-02 | 77  1.05125 -6.61369e-02 | 78  1.45715  2.23677e+00
 79  0.10009  5.84292e+00 | 80  0.04363  5.11440e-02 | 81 -0.98427 -7.17543e-04
 82 -0.10131 -1.19493e-01 | 83  0.00062  7.81582e-02 |
83 variables; iteration 3580; function evaluation 4268; phase 3
Function value 3.8583329e+01; maximum gradient component mag -1.0885e+03
Var    Value     Gradient |Var    Value     Gradient |Var    Value     Gradient
  1  0.00971 -1.08853e+03 |  2 -0.00705 -1.80026e+00 |  3 -0.00830 -2.19183e+00
  4 -0.02456 -2.35595e+00 |  5 -0.02598 -2.83312e+00 |  6 -0.02760 -3.39163e+00
  7 -0.02935 -4.02435e+00 |  8 -0.03129 -4.74594e+00 |  9 -0.03332 -5.53830e+00
 10 -0.03552 -6.42663e+00 | 11 -0.03782 -7.39599e+00 | 12 -0.04028 -8.46841e+00
 13 -0.04276 -9.60683e+00 | 14 -0.04528 -1.08146e+01 | 15 -0.04800 -1.21699e+01
 16 -0.05044 -1.35454e+01 | 17 -0.05300 -1.49371e+01 | 18 -0.05516 -1.62515e+01
 19 -0.05648 -1.72423e+01 | 20 -0.05742 -1.80913e+01 | 21 -0.05757 -1.87178e+01
 22 -0.05715 -1.90450e+01 | 23 -0.05704 -1.96950e+01 | 24 -0.05726 -2.04980e+01
 25 -0.05728 -2.05924e+01 | 26 -0.06023 -2.03107e+01 | 27 -0.06368 -1.95271e+01
 28 -0.06475 -1.87429e+01 | 29 -0.05461 -1.91992e+01 | 30 -0.02726 -2.31264e+01
 31  0.00238 -2.85105e+01 | 32 -0.04877 -1.76062e+01 | 33 -0.14192 -7.86865e+00
 34 -0.16968 -6.11721e+00 | 35 -0.03850 -1.59563e+01 | 36 -0.12510 -7.23313e+00
 37  0.04153 -2.36900e+01 | 38  0.02887 -1.78907e+01 | 39 -0.11957 -4.65009e+00
 40  0.01102 -1.12884e+01 | 41  0.05121 -1.30370e+01 | 42 -0.14190 -2.38678e+00
 43  0.03327 -8.31947e+00 | 44 -0.11515 -2.16430e+00 | 45  0.01487 -5.02582e+00
 46 -0.04488 -2.44243e+00 | 47 -0.16659 -6.64812e-01 | 48 -0.16455 -4.86278e-01
 49 -0.14684 -4.05110e-01 | 50  0.06538 -1.86437e+00 | 51 -0.15495 -2.39199e-01
 52 -0.05599 -1.98086e-01 | 53 -0.14325  3.07247e-02 | 54 -0.07928  1.71256e-01
 55 -0.05026  3.04511e-01 | 56 -0.12998  1.80132e-01 | 57 -0.04590  3.83829e-01
 58 -0.04605  3.77710e-01 | 59 -0.00287  5.50598e-01 | 60 -0.05819  3.53011e-01
 61 -0.09908  2.67857e-01 | 62 -0.01021  5.55167e-01 | 63 -0.09142  2.68312e-01
 64 -0.13413  1.89917e-01 | 65 -0.04806  3.53309e-01 | 66 -0.13330  1.62174e-01
 67 -0.08806  2.23871e-01 | 68 -0.09222  2.03247e-01 | 69 -0.00088  3.38702e-01
 70 -0.06155  1.02744e-01 | 71 -0.10412  1.27556e-02 | 72 -0.07558  7.51091e-04
 73 -0.06974  3.54586e-04 | 74 -0.43694 -2.58985e+02 | 75 -1.46412 -8.02775e+00
 76  0.99195 -6.45622e-02 | 77  1.04445 -8.63054e-02 | 78  1.45893  7.83749e+00
 79  0.09973  2.05762e+01 | 80  0.04363  2.63630e-02 | 81 -0.98424 -3.61419e-04
 82 -0.10132  5.02738e-01 | 83  0.00061 -3.26304e-01 |
83 variables; iteration 3600; function evaluation 4289; phase 3
Function value 3.8582799e+01; maximum gradient component mag -1.4467e+03
Var    Value     Gradient |Var    Value     Gradient |Var    Value     Gradient
  1  0.00967 -1.44675e+03 |  2 -0.00702 -2.38966e+00 |  3 -0.00834 -2.92630e+00
  4 -0.02455 -3.13190e+00 |  5 -0.02588 -3.74290e+00 |  6 -0.02760 -4.50868e+00
  7 -0.02933 -5.34305e+00 |  8 -0.03126 -6.29935e+00 |  9 -0.03323 -7.33985e+00
 10 -0.03545 -8.51949e+00 | 11 -0.03772 -9.80163e+00 | 12 -0.04027 -1.12424e+01
 13 -0.04263 -1.27301e+01 | 14 -0.04525 -1.43495e+01 | 15 -0.04797 -1.61403e+01
 16 -0.05034 -1.79581e+01 | 17 -0.05290 -1.97978e+01 | 18 -0.05516 -2.15580e+01
 19 -0.05649 -2.28770e+01 | 20 -0.05739 -2.39949e+01 | 21 -0.05764 -2.48354e+01
 22 -0.05707 -2.52509e+01 | 23 -0.05685 -2.60825e+01 | 24 -0.05682 -2.70858e+01
 25 -0.05752 -2.73405e+01 | 26 -0.06064 -2.69823e+01 | 27 -0.06406 -2.59214e+01
 28 -0.06465 -2.47870e+01 | 29 -0.05511 -2.54694e+01 | 30 -0.02662 -3.07505e+01
 31  0.00242 -3.78260e+01 | 32 -0.04906 -2.34979e+01 | 33 -0.14185 -1.04681e+01
 34 -0.16968 -8.18304e+00 | 35 -0.03850 -2.12314e+01 | 36 -0.12542 -9.62197e+00
 37  0.04181 -3.15900e+01 | 38  0.02869 -2.37093e+01 | 39 -0.11931 -6.20886e+00
 40  0.01109 -1.50727e+01 | 41  0.05128 -1.75489e+01 | 42 -0.14181 -3.23128e+00
 43  0.03331 -1.11298e+01 | 44 -0.11511 -2.89493e+00 | 45  0.01498 -6.68065e+00
 46 -0.04491 -3.21188e+00 | 47 -0.16661 -8.74407e-01 | 48 -0.16459 -6.28093e-01
 49 -0.14689 -5.26028e-01 | 50  0.06548 -2.33629e+00 | 51 -0.15488 -3.00191e-01
 52 -0.05589 -2.59498e-01 | 53 -0.14312  2.67871e-02 | 54 -0.07919  2.20699e-01
 55 -0.05015  3.88072e-01 | 56 -0.12988  2.31909e-01 | 57 -0.04581  4.84395e-01
 58 -0.04597  4.66760e-01 | 59 -0.00278  6.75394e-01 | 60 -0.05810  4.18561e-01
 61 -0.09899  3.19013e-01 | 62 -0.01012  6.62342e-01 | 63 -0.09133  3.11812e-01
 64 -0.13406  2.17020e-01 | 65 -0.04798  4.15535e-01 | 66 -0.13323  1.88964e-01
 67 -0.08799  2.59945e-01 | 68 -0.09215  2.36369e-01 | 69 -0.00079  3.97636e-01
 70 -0.06143  1.22334e-01 | 71 -0.10404  1.51306e-02 | 72 -0.07549  1.87876e-03
 73 -0.06967  1.31354e-03 | 74 -0.43705 -3.52062e+02 | 75 -1.46035 -1.05896e+01
 76  0.99166 -1.28756e-01 | 77  1.04121 -9.41250e-02 | 78  1.45031  1.00895e+01
 79  0.10144  2.77291e+01 | 80  0.04363  3.59147e-02 | 81 -0.98430 -3.03570e-04
 82 -0.10140  5.96349e-01 | 83  0.00057 -3.85516e-01 |
83 variables; iteration 3620; function evaluation 4311; phase 3
Function value 3.8580074e+01; maximum gradient component mag -8.6679e+02
Var    Value     Gradient |Var    Value     Gradient |Var    Value     Gradient
  1  0.00968 -8.66791e+02 |  2 -0.00704 -1.43446e+00 |  3 -0.00829 -1.74660e+00
  4 -0.02455 -1.87688e+00 |  5 -0.02598 -2.25727e+00 |  6 -0.02757 -2.69840e+00
  7 -0.02933 -3.20275e+00 |  8 -0.03126 -3.77770e+00 |  9 -0.03332 -4.41510e+00
 10 -0.03550 -5.11745e+00 | 11 -0.03780 -5.88993e+00 | 12 -0.04025 -6.74206e+00
 13 -0.04276 -7.65288e+00 | 14 -0.04526 -8.60859e+00 | 15 -0.04792 -9.67581e+00
 16 -0.05049 -1.07979e+01 | 17 -0.05294 -1.18826e+01 | 18 -0.05513 -1.29301e+01
 19 -0.05653 -1.37318e+01 | 20 -0.05749 -1.44104e+01 | 21 -0.05758 -1.48967e+01
 22 -0.05707 -1.51417e+01 | 23 -0.05687 -1.56529e+01 | 24 -0.05661 -1.62271e+01
 25 -0.05756 -1.64202e+01 | 26 -0.06045 -1.62005e+01 | 27 -0.06354 -1.55515e+01
 28 -0.06396 -1.48750e+01 | 29 -0.05390 -1.52619e+01 | 30 -0.02987 -1.84979e+01
 31  0.00378 -2.26289e+01 | 32 -0.04981 -1.40406e+01 | 33 -0.14150 -6.24526e+00
 34 -0.16944 -4.85914e+00 | 35 -0.03854 -1.27087e+01 | 36 -0.12522 -5.74786e+00
 37  0.04168 -1.89424e+01 | 38  0.02880 -1.42689e+01 | 39 -0.11943 -3.71762e+00
 40  0.01108 -9.07469e+00 | 41  0.05125 -1.04956e+01 | 42 -0.14176 -1.91246e+00
 43  0.03331 -6.67937e+00 | 44 -0.11512 -1.73178e+00 | 45  0.01496 -4.01827e+00
 46 -0.04487 -1.94424e+00 | 47 -0.16660 -5.29547e-01 | 48 -0.16454 -3.86906e-01
 49 -0.14685 -3.25790e-01 | 50  0.06545 -1.51259e+00 | 51 -0.15486 -1.90397e-01
 52 -0.05591 -1.65862e-01 | 53 -0.14311  1.94825e-02 | 54 -0.07923  1.39358e-01
 55 -0.05018  2.49017e-01 | 56 -0.12990  1.53290e-01 | 57 -0.04585  3.27214e-01
 58 -0.04598  3.30228e-01 | 59 -0.00281  4.75150e-01 | 60 -0.05810  3.02217e-01
 61 -0.09900  2.30582e-01 | 62 -0.01016  4.68497e-01 | 63 -0.09132  2.29408e-01
 64 -0.13408  1.61205e-01 | 65 -0.04801  3.11236e-01 | 66 -0.13324  1.43762e-01
 67 -0.08802  1.88252e-01 | 68 -0.09215  1.64262e-01 | 69 -0.00083  2.60861e-01
 70 -0.06144  7.75059e-02 | 71 -0.10406  9.34814e-03 | 72 -0.07552  6.34569e-04
 73 -0.06969  4.79430e-04 | 74 -0.43741 -2.20077e+02 | 75 -1.44808 -6.23325e+00
 76  0.99208 -2.72539e-02 | 77  1.03741 -8.34977e-02 | 78  1.45411  6.13908e+00
 79  0.10070  1.65390e+01 | 80  0.04363  1.03484e-02 | 81 -0.98425 -3.29150e-05
 82 -0.10140  4.33825e-01 | 83  0.00057 -2.82029e-01 |
83 variables; iteration 3640; function evaluation 4338; phase 3
Function value 3.8578010e+01; maximum gradient component mag -7.6331e+02
Var    Value     Gradient |Var    Value     Gradient |Var    Value     Gradient
  1  0.00970 -7.63310e+02 |  2 -0.00705 -1.27291e+00 |  3 -0.00830 -1.55030e+00
  4 -0.02457 -1.66902e+00 |  5 -0.02601 -2.00951e+00 |  6 -0.02758 -2.39560e+00
  7 -0.02935 -2.84589e+00 |  8 -0.03129 -3.35703e+00 |  9 -0.03335 -3.92251e+00
 10 -0.03552 -4.54562e+00 | 11 -0.03782 -5.23078e+00 | 12 -0.04026 -5.98313e+00
 13 -0.04273 -6.78585e+00 | 14 -0.04527 -7.64138e+00 | 15 -0.04795 -8.59571e+00
 16 -0.05049 -9.58449e+00 | 17 -0.05297 -1.05545e+01 | 18 -0.05525 -1.15053e+01
 19 -0.05653 -1.21913e+01 | 20 -0.05736 -1.27684e+01 | 21 -0.05744 -1.31976e+01
 22 -0.05714 -1.34563e+01 | 23 -0.05716 -1.39594e+01 | 24 -0.05686 -1.44581e+01
 25 -0.05725 -1.45251e+01 | 26 -0.06049 -1.43703e+01 | 27 -0.06402 -1.38495e+01
 28 -0.06425 -1.31934e+01 | 29 -0.05504 -1.36351e+01 | 30 -0.02705 -1.62555e+01
 31  0.00273 -2.01530e+01 | 32 -0.04929 -1.24698e+01 | 33 -0.14175 -5.54162e+00
 34 -0.16955 -4.29578e+00 | 35 -0.03856 -1.12566e+01 | 36 -0.12520 -5.04003e+00
 37  0.04165 -1.65196e+01 | 38  0.02876 -1.24497e+01 | 39 -0.11950 -3.21389e+00
 40  0.01110 -7.83752e+00 | 41  0.05117 -9.03693e+00 | 42 -0.14173 -1.63516e+00
 43  0.03328 -5.68840e+00 | 44 -0.11521 -1.47713e+00 | 45  0.01496 -3.45423e+00
 46 -0.04494 -1.71436e+00 | 47 -0.16662 -4.85705e-01 | 48 -0.16453 -3.78993e-01
 49 -0.14683 -3.45115e-01 | 50  0.06539 -1.68947e+00 | 51 -0.15486 -2.15828e-01
 52 -0.05595 -2.23272e-01 | 53 -0.14311 -9.22691e-03 | 54 -0.07929  8.81411e-02
 55 -0.05020  2.01305e-01 | 56 -0.12994  1.42117e-01 | 57 -0.04589  3.44109e-01
 58 -0.04601  3.88893e-01 | 59 -0.00285  6.32639e-01 | 60 -0.05811  4.34187e-01
 61 -0.09902  3.46745e-01 | 62 -0.01021  7.40449e-01 | 63 -0.09132  3.88419e-01
 64 -0.13411  2.81368e-01 | 65 -0.04805  5.71294e-01 | 66 -0.13326  2.68897e-01
 67 -0.08805  3.37708e-01 | 68 -0.09217  2.50957e-01 | 69 -0.00087  3.08956e-01
 70 -0.06146  8.32173e-02 | 71 -0.10408  8.61652e-03 | 72 -0.07554 -1.27713e-04
 73 -0.06971 -2.34056e-05 | 74 -0.43772 -2.00975e+02 | 75 -1.43627 -5.32308e+00
 76  0.99223 -6.09732e-03 | 77  1.03275 -8.53425e-02 | 78  1.45828  5.52796e+00
 79  0.09987  1.44898e+01 | 80  0.04363  1.10104e-02 | 81 -0.98429 -5.17508e-04
 82 -0.10140  6.07651e-01 | 83  0.00056 -3.90226e-01 |
83 variables; iteration 3660; function evaluation 4360; phase 3
Function value 3.8576634e+01; maximum gradient component mag -1.2043e+03
Var    Value     Gradient |Var    Value     Gradient |Var    Value     Gradient
  1  0.00968 -1.20432e+03 |  2 -0.00704 -1.99190e+00 |  3 -0.00827 -2.42160e+00
  4 -0.02456 -2.60834e+00 |  5 -0.02598 -3.13583e+00 |  6 -0.02758 -3.74999e+00
  7 -0.02933 -4.44808e+00 |  8 -0.03125 -5.24315e+00 |  9 -0.03330 -6.12467e+00
 10 -0.03551 -7.10778e+00 | 11 -0.03781 -8.18044e+00 | 12 -0.04022 -9.35364e+00
 13 -0.04287 -1.06473e+01 | 14 -0.04515 -1.19322e+01 | 15 -0.04797 -1.34465e+01
 16 -0.05052 -1.49887e+01 | 17 -0.05295 -1.65003e+01 | 18 -0.05502 -1.79359e+01
 19 -0.05652 -1.90598e+01 | 20 -0.05765 -2.00234e+01 | 21 -0.05780 -2.07146e+01
 22 -0.05691 -2.10074e+01 | 23 -0.05645 -2.16751e+01 | 24 -0.05641 -2.25203e+01
 25 -0.05766 -2.28003e+01 | 26 -0.06078 -2.25233e+01 | 27 -0.06371 -2.16062e+01
 28 -0.06441 -2.07026e+01 | 29 -0.05398 -2.12240e+01 | 30 -0.02890 -2.55703e+01
 31  0.00345 -3.14922e+01 | 32 -0.04966 -1.95001e+01 | 33 -0.14162 -8.69378e+00
 34 -0.16946 -6.75852e+00 | 35 -0.03854 -1.76546e+01 | 36 -0.12535 -7.99133e+00
 37  0.04177 -2.63492e+01 | 38  0.02873 -1.98496e+01 | 39 -0.11937 -5.17931e+00
 40  0.01112 -1.26284e+01 | 41  0.05123 -1.45758e+01 | 42 -0.14167 -2.66541e+00
 43  0.03330 -9.29720e+00 | 44 -0.11511 -2.41089e+00 | 45  0.01500 -5.58483e+00
 46 -0.04489 -2.69227e+00 | 47 -0.16663 -7.36328e-01 | 48 -0.16453 -5.35152e-01
 49 -0.14684 -4.46283e-01 | 50  0.06546 -2.06345e+00 | 51 -0.15481 -2.58041e-01
 52 -0.05588 -2.18235e-01 | 53 -0.14302  3.18175e-02 | 54 -0.07924  2.00936e-01
 55 -0.05014  3.49658e-01 | 56 -0.12988  2.15400e-01 | 57 -0.04584  4.50565e-01
 58 -0.04596  4.51116e-01 | 59 -0.00280  6.47230e-01 | 60 -0.05805  4.06592e-01
 61 -0.09897  3.10967e-01 | 62 -0.01016  6.27770e-01 | 63 -0.09127  3.01429e-01
 64 -0.13405  2.10402e-01 | 65 -0.04800  3.99826e-01 | 66 -0.13321  1.78440e-01
 67 -0.08801  2.35699e-01 | 68 -0.09212  2.10682e-01 | 69 -0.00082  3.39411e-01
 70 -0.06138  1.03884e-01 | 71 -0.10403  1.23003e-02 | 72 -0.07549  8.85095e-04
 73 -0.06967  7.18343e-04 | 74 -0.43791 -3.33494e+02 | 75 -1.42873 -8.32264e+00
 76  0.99235 -5.12800e-02 | 77  1.02985 -9.55466e-02 | 78  1.45333  8.50173e+00
 79  0.10086  2.30066e+01 | 80  0.04363  1.28212e-02 | 81 -0.98427  1.29013e-04
 82 -0.10145  5.86611e-01 | 83  0.00053 -3.82746e-01 |
83 variables; iteration 3680; function evaluation 4381; phase 3
Function value 3.8575337e+01; maximum gradient component mag 3.0548e+02
Var    Value     Gradient |Var    Value     Gradient |Var    Value     Gradient
  1  0.00970  3.05478e+02 |  2 -0.00704  5.21103e-01 |  3 -0.00835  6.14014e-01
  4 -0.02452  6.89499e-01 |  5 -0.02593  8.30735e-01 |  6 -0.02759  9.70825e-01
  7 -0.02928  1.17428e+00 |  8 -0.03123  1.37493e+00 |  9 -0.03333  1.59099e+00
 10 -0.03562  1.80392e+00 | 11 -0.03775  2.13897e+00 | 12 -0.04051  2.35323e+00
 13 -0.04250  2.83736e+00 | 14 -0.04554  3.01812e+00 | 15 -0.04784  3.52604e+00
 16 -0.05026  3.95275e+00 | 17 -0.05296  4.27944e+00 | 18 -0.05539  4.58513e+00
 19 -0.05664  4.91114e+00 | 20 -0.05708  5.32419e+00 | 21 -0.05743  5.42682e+00
 22 -0.05710  5.48080e+00 | 23 -0.05726  5.49763e+00 | 24 -0.05702  5.74722e+00
 25 -0.05769  5.85145e+00 | 26 -0.06047  5.86154e+00 | 27 -0.06350  5.69833e+00
 28 -0.06405  5.42690e+00 | 29 -0.05459  5.50343e+00 | 30 -0.02791  6.72029e+00
 31  0.00294  8.04400e+00 | 32 -0.04935  5.10481e+00 | 33 -0.14165  2.33465e+00
 34 -0.16965  1.74636e+00 | 35 -0.03851  4.54008e+00 | 36 -0.12531  2.03405e+00
 37  0.04166  6.58840e+00 | 38  0.02876  4.94792e+00 | 39 -0.11955  1.28433e+00
 40  0.01113  2.84421e+00 | 41  0.05112  3.12198e+00 | 42 -0.14156  6.22098e-01
 43  0.03325  2.07103e+00 | 44 -0.11512  6.05395e-01 | 45  0.01494  1.42738e+00
 46 -0.04490  7.26391e-01 | 47 -0.16668  2.08959e-01 | 48 -0.16451  1.65211e-01
 49 -0.14685  1.63442e-01 | 50  0.06540  8.88874e-01 | 51 -0.15486  9.78902e-02
 52 -0.05593  9.90136e-02 | 53 -0.14308 -9.35895e-03 | 54 -0.07930 -6.82230e-02
 55 -0.05020 -1.47739e-01 | 56 -0.12993 -1.00505e-01 | 57 -0.04590 -2.28721e-01
 58 -0.04600 -2.50505e-01 | 59 -0.00286 -3.97306e-01 | 60 -0.05809 -2.73293e-01
 61 -0.09902 -2.10066e-01 | 62 -0.01022 -4.39897e-01 | 63 -0.09130 -2.28245e-01
 64 -0.13410 -1.68581e-01 | 65 -0.04806 -3.42629e-01 | 66 -0.13324 -1.44016e-01
 67 -0.08806 -1.79093e-01 | 68 -0.09216 -1.23767e-01 | 69 -0.00088 -1.19932e-01
 70 -0.06144 -3.45012e-02 | 71 -0.10407 -2.94409e-03 | 72 -0.07553  5.17583e-04
 73 -0.06971 -1.44415e-04 | 74 -0.43813  9.14228e+01 | 75 -1.41973  1.93911e+00
 76  0.99263  1.47778e-01 | 77  1.02698 -7.86066e-02 | 78  1.45854 -2.17152e+00
 79  0.09982 -5.88602e+00 | 80  0.04362 -7.72654e-02 | 81 -0.98421  5.07021e-04
 82 -0.10142 -4.03492e-01 | 83  0.00055  2.58993e-01 |
83 variables; iteration 3700; function evaluation 4401; phase 3
Function value 3.8574164e+01; maximum gradient component mag -1.1976e+02
Var    Value     Gradient |Var    Value     Gradient |Var    Value     Gradient
  1  0.00967 -1.19756e+02 |  2 -0.00700 -1.68754e-01 |  3 -0.00838 -2.44748e-01
  4 -0.02451 -2.25486e-01 |  5 -0.02592 -2.69083e-01 |  6 -0.02749 -3.18372e-01
  7 -0.02921 -3.69781e-01 |  8 -0.03126 -4.76256e-01 |  9 -0.03324 -5.35477e-01
 10 -0.03538 -6.15099e-01 | 11 -0.03759 -6.84281e-01 | 12 -0.04046 -9.09258e-01
 13 -0.04271 -9.53971e-01 | 14 -0.04535 -1.10688e+00 | 15 -0.04791 -1.20847e+00
 16 -0.05054 -1.38421e+00 | 17 -0.05306 -1.52615e+00 | 18 -0.05525 -1.64488e+00
 19 -0.05649 -1.70504e+00 | 20 -0.05770 -1.87270e+00 | 21 -0.05766 -1.87830e+00
 22 -0.05710 -1.87330e+00 | 23 -0.05667 -1.89388e+00 | 24 -0.05640 -1.92862e+00
 25 -0.05730 -1.97372e+00 | 26 -0.06052 -1.99626e+00 | 27 -0.06400 -1.98555e+00
 28 -0.06445 -1.89175e+00 | 29 -0.05459 -1.90157e+00 | 30 -0.02778 -2.19746e+00
 31  0.00310 -2.92684e+00 | 32 -0.04960 -1.80470e+00 | 33 -0.14173 -7.61155e-01
 34 -0.16945 -5.68589e-01 | 35 -0.03859 -1.52565e+00 | 36 -0.12543 -6.48449e-01
 37  0.04189 -2.45517e+00 | 38  0.02859 -1.94921e+00 | 39 -0.11926 -5.04624e-01
 40  0.01118 -1.66130e+00 | 41  0.05118 -2.26266e+00 | 42 -0.14153 -3.90350e-01
 43  0.03332 -1.36385e+00 | 44 -0.11527 -3.54972e-01 | 45  0.01509 -7.66236e-01
 46 -0.04497 -3.38280e-01 | 47 -0.16668 -8.03586e-02 | 48 -0.16454 -2.46352e-02
 49 -0.14688  2.71794e-02 | 50  0.06548  4.41465e-01 | 51 -0.15479  4.89886e-02
 52 -0.05585  7.95638e-02 | 53 -0.14297  1.99296e-02 | 54 -0.07923  3.23383e-02
 55 -0.05011  2.94497e-03 | 56 -0.12987 -3.59767e-02 | 57 -0.04582 -1.11577e-01
 58 -0.04594 -1.88786e-01 | 59 -0.00278 -3.80814e-01 | 60 -0.05802 -2.96423e-01
 61 -0.09894 -2.35326e-01 | 62 -0.01015 -5.26507e-01 | 63 -0.09123 -2.85118e-01
 64 -0.13403 -2.15983e-01 | 65 -0.04799 -4.54289e-01 | 66 -0.13318 -1.98277e-01
 67 -0.08800 -2.34910e-01 | 68 -0.09211 -1.39609e-01 | 69 -0.00080 -5.57366e-02
 70 -0.06134 -1.12870e-02 | 71 -0.10399  2.13283e-03 | 72 -0.07546  2.21509e-03
 73 -0.06965  1.26791e-03 | 74 -0.43831 -3.48248e+01 | 75 -1.41152 -9.33856e-01
 76  0.99286  1.11562e-01 | 77  1.02355 -9.32251e-02 | 78  1.45163  7.46487e-01
 79  0.10118  2.21920e+00 | 80  0.04363 -7.31637e-02 | 81 -0.98439 -1.15129e-03
 82 -0.10149 -4.10273e-01 | 83  0.00052  2.77140e-01 |
83 variables; iteration 3720; function evaluation 4423; phase 3
Function value 3.8573045e+01; maximum gradient component mag -8.4405e+02
Var    Value     Gradient |Var    Value     Gradient |Var    Value     Gradient
  1  0.00970 -8.44050e+02 |  2 -0.00710 -1.40360e+00 |  3 -0.00832 -1.70009e+00
  4 -0.02455 -1.82001e+00 |  5 -0.02602 -2.20047e+00 |  6 -0.02760 -2.62351e+00
  7 -0.02936 -3.11349e+00 |  8 -0.03130 -3.67137e+00 |  9 -0.03334 -4.28748e+00
 10 -0.03552 -4.96865e+00 | 11 -0.03782 -5.71796e+00 | 12 -0.04023 -6.53507e+00
 13 -0.04279 -7.43264e+00 | 14 -0.04523 -8.34683e+00 | 15 -0.04803 -9.41511e+00
 16 -0.05047 -1.04752e+01 | 17 -0.05292 -1.15306e+01 | 18 -0.05513 -1.25506e+01
 19 -0.05658 -1.33408e+01 | 20 -0.05726 -1.39438e+01 | 21 -0.05753 -1.44537e+01
 22 -0.05685 -1.46585e+01 | 23 -0.05693 -1.52099e+01 | 24 -0.05688 -1.58056e+01
 25 -0.05782 -1.59893e+01 | 26 -0.06066 -1.57616e+01 | 27 -0.06349 -1.50802e+01
 28 -0.06403 -1.44395e+01 | 29 -0.05383 -1.47912e+01 | 30 -0.02913 -1.79413e+01
 31  0.00340 -2.20267e+01 | 32 -0.04952 -1.36272e+01 | 33 -0.14161 -6.06602e+00
 34 -0.16952 -4.73273e+00 | 35 -0.03852 -1.23852e+01 | 36 -0.12525 -5.59357e+00
 37  0.04166 -1.84684e+01 | 38  0.02880 -1.38906e+01 | 39 -0.11952 -3.60158e+00
 40  0.01113 -8.86669e+00 | 41  0.05117 -1.02079e+01 | 42 -0.14167 -1.86743e+00
 43  0.03331 -6.57886e+00 | 44 -0.11519 -1.70862e+00 | 45  0.01497 -3.96526e+00
 46 -0.04487 -1.88732e+00 | 47 -0.16665 -5.00790e-01 | 48 -0.16446 -3.51565e-01
 49 -0.14686 -2.88766e-01 | 50  0.06542 -1.23211e+00 | 51 -0.15480 -1.47528e-01
 52 -0.05591 -1.07636e-01 | 53 -0.14300  3.41806e-02 | 54 -0.07929  1.51988e-01
 55 -0.05017  2.40072e-01 | 56 -0.12991  1.39898e-01 | 57 -0.04589  2.79251e-01
 58 -0.04598  2.65694e-01 | 59 -0.00284  3.48204e-01 | 60 -0.05805  2.02322e-01
 61 -0.09899  1.49429e-01 | 62 -0.01021  2.79872e-01 | 63 -0.09125  1.27822e-01
 64 -0.13408  8.56714e-02 | 65 -0.04804  1.62939e-01 | 66 -0.13322  7.18121e-02
 67 -0.08805  9.90559e-02 | 68 -0.09213  9.90148e-02 | 69 -0.00087  1.89402e-01
 70 -0.06138  6.00681e-02 | 71 -0.10405  7.69059e-03 | 72 -0.07551  9.89919e-04
 73 -0.06969  7.30728e-04 | 74 -0.43850 -2.58540e+02 | 75 -1.40301 -5.57144e+00
 76  0.99284  2.36897e-02 | 77  1.02153 -1.08008e-01 | 78  1.45784  6.05434e+00
 79  0.09995  1.59423e+01 | 80  0.04363  1.31545e-02 | 81 -0.98426 -4.42592e-05
 82 -0.10147  3.12328e-01 | 83  0.00052 -2.02872e-01 |
83 variables; iteration 3740; function evaluation 4446; phase 3
Function value 3.8571628e+01; maximum gradient component mag 4.8582e+02
Var    Value     Gradient |Var    Value     Gradient |Var    Value     Gradient
  1  0.00967  4.85821e+02 |  2 -0.00715  7.78900e-01 |  3 -0.00833  9.67750e-01
  4 -0.02449  1.07193e+00 |  5 -0.02601  1.25912e+00 |  6 -0.02758  1.51209e+00
  7 -0.02933  1.79838e+00 |  8 -0.03131  2.10387e+00 |  9 -0.03325  2.49439e+00
 10 -0.03548  2.86991e+00 | 11 -0.03772  3.32533e+00 | 12 -0.04019  3.79901e+00
 13 -0.04272  4.29849e+00 | 14 -0.04519  4.85628e+00 | 15 -0.04801  5.40924e+00
 16 -0.05047  6.04189e+00 | 17 -0.05290  6.68680e+00 | 18 -0.05512  7.28075e+00
 19 -0.05655  7.70165e+00 | 20 -0.05741  8.10726e+00 | 21 -0.05767  8.33968e+00
 22 -0.05690  8.61152e+00 | 23 -0.05679  8.82084e+00 | 24 -0.05662  9.17288e+00
 25 -0.05759  9.20265e+00 | 26 -0.06050  9.12205e+00 | 27 -0.06388  8.70158e+00
 28 -0.06422  8.35911e+00 | 29 -0.05412  8.73010e+00 | 30 -0.02891  1.01804e+01
 31  0.00348  1.27412e+01 | 32 -0.04971  7.79664e+00 | 33 -0.14156  3.54948e+00
 34 -0.16948  2.69360e+00 | 35 -0.03853  6.97860e+00 | 36 -0.12544  3.21945e+00
 37  0.04185  1.05750e+01 | 38  0.02869  8.08777e+00 | 39 -0.11932  2.17463e+00
 40  0.01116  5.12629e+00 | 41  0.05123  6.05114e+00 | 42 -0.14159  1.11972e+00
 43  0.03333  3.73360e+00 | 44 -0.11512  9.84446e-01 | 45  0.01504  2.25330e+00
 46 -0.04486  1.15057e+00 | 47 -0.16666  3.35386e-01 | 48 -0.16447  2.61713e-01
 49 -0.14693  2.21030e-01 | 50  0.06551  1.26910e+00 | 51 -0.15476  1.63757e-01
 52 -0.05583  1.55486e-01 | 53 -0.14290 -8.45147e-03 | 54 -0.07924 -1.13231e-01
 55 -0.05009 -2.28607e-01 | 56 -0.12984 -1.42132e-01 | 57 -0.04582 -2.95784e-01
 58 -0.04592 -2.81391e-01 | 59 -0.00278 -4.22711e-01 | 60 -0.05798 -2.85746e-01
 61 -0.09891 -2.03333e-01 | 62 -0.01016 -4.49588e-01 | 63 -0.09117 -2.16491e-01
 64 -0.13402 -1.55524e-01 | 65 -0.04799 -2.87190e-01 | 66 -0.13316 -1.16608e-01
 67 -0.08800 -1.56711e-01 | 68 -0.09208 -1.44188e-01 | 69 -0.00081 -2.07275e-01
 70 -0.06129 -6.57173e-02 | 71 -0.10399 -7.38722e-03 | 72 -0.07545 -1.62073e-04
 73 -0.06964 -5.29177e-04 | 74 -0.43874  1.59753e+02 | 75 -1.39150  2.97730e+00
 76  0.99317  1.94550e-01 | 77  1.01734 -1.13475e-01 | 78  1.45191 -3.46853e+00
 79  0.10113 -9.32017e+00 | 80  0.04363 -5.93674e-03 | 81 -0.98431 -5.81854e-04
 82 -0.10153 -3.84783e-01 | 83  0.00049  2.43596e-01 |
83 variables; iteration 3760; function evaluation 4469; phase 3
Function value 3.8570653e+01; maximum gradient component mag -6.4975e+02
Var    Value     Gradient |Var    Value     Gradient |Var    Value     Gradient
  1  0.00969 -6.49750e+02 |  2 -0.00703 -1.07430e+00 |  3 -0.00829 -1.31204e+00
  4 -0.02458 -1.41668e+00 |  5 -0.02598 -1.69488e+00 |  6 -0.02757 -2.02843e+00
  7 -0.02935 -2.41054e+00 |  8 -0.03125 -2.83402e+00 |  9 -0.03333 -3.31986e+00
 10 -0.03546 -3.83675e+00 | 11 -0.03785 -4.43847e+00 | 12 -0.04029 -5.07589e+00
 13 -0.04277 -5.75301e+00 | 14 -0.04532 -6.48336e+00 | 15 -0.04792 -7.26935e+00
 16 -0.05046 -8.10864e+00 | 17 -0.05295 -8.92969e+00 | 18 -0.05521 -9.73009e+00
 19 -0.05650 -1.03101e+01 | 20 -0.05745 -1.08188e+01 | 21 -0.05751 -1.11758e+01
 22 -0.05698 -1.13473e+01 | 23 -0.05686 -1.17572e+01 | 24 -0.05680 -1.22238e+01
 25 -0.05754 -1.23298e+01 | 26 -0.06068 -1.21923e+01 | 27 -0.06374 -1.16757e+01
 28 -0.06435 -1.11928e+01 | 29 -0.05463 -1.15028e+01 | 30 -0.02763 -1.37840e+01
 31  0.00291 -1.71058e+01 | 32 -0.04937 -1.05363e+01 | 33 -0.14172 -4.66359e+00
 34 -0.16952 -3.63668e+00 | 35 -0.03854 -9.55905e+00 | 36 -0.12541 -4.29159e+00
 37  0.04179 -1.41862e+01 | 38  0.02868 -1.06759e+01 | 39 -0.11942 -2.74127e+00
 40  0.01118 -6.80167e+00 | 41  0.05114 -7.81526e+00 | 42 -0.14148 -1.40224e+00
 43  0.03329 -4.96903e+00 | 44 -0.11514 -1.26658e+00 | 45  0.01502 -2.97921e+00
 46 -0.04491 -1.44399e+00 | 47 -0.16667 -3.93418e-01 | 48 -0.16449 -2.95228e-01
 49 -0.14683 -2.52584e-01 | 50  0.06544 -1.21649e+00 | 51 -0.15474 -1.52732e-01
 52 -0.05588 -1.38211e-01 | 53 -0.14289  1.25204e-02 | 54 -0.07930  1.09416e-01
 55 -0.05012  1.99356e-01 | 56 -0.12988  1.27295e-01 | 57 -0.04587  2.73936e-01
 58 -0.04595  2.84471e-01 | 59 -0.00282  4.08486e-01 | 60 -0.05799  2.66610e-01
 61 -0.09895  2.02365e-01 | 62 -0.01019  4.12419e-01 | 63 -0.09120  2.03326e-01
 64 -0.13404  1.47522e-01 | 65 -0.04803  2.81603e-01 | 66 -0.13318  1.31771e-01
 67 -0.08804  1.63042e-01 | 68 -0.09209  1.37847e-01 | 69 -0.00085  2.05182e-01
 70 -0.06131  5.94594e-02 | 71 -0.10402  6.90116e-03 | 72 -0.07548  2.79301e-04
 73 -0.06966  3.30313e-04 | 74 -0.43891 -2.13570e+02 | 75 -1.38281 -4.10319e+00
 76  0.99362  9.92454e-02 | 77  1.01527 -1.36069e-01 | 78  1.45559  4.63653e+00
 79  0.10041  1.23707e+01 | 80  0.04363  2.42244e-02 | 81 -0.98429 -2.13394e-05
 82 -0.10152  3.79734e-01 | 83  0.00049 -2.47838e-01 |
83 variables; iteration 3780; function evaluation 4490; phase 3
Function value 3.8569746e+01; maximum gradient component mag -6.6315e+02
Var    Value     Gradient |Var    Value     Gradient |Var    Value     Gradient
  1  0.00969 -6.63154e+02 |  2 -0.00703 -1.09497e+00 |  3 -0.00828 -1.33574e+00
  4 -0.02458 -1.44368e+00 |  5 -0.02603 -1.74160e+00 |  6 -0.02761 -2.07731e+00
  7 -0.02934 -2.45623e+00 |  8 -0.03126 -2.89194e+00 |  9 -0.03336 -3.39304e+00
 10 -0.03557 -3.94191e+00 | 11 -0.03779 -4.51190e+00 | 12 -0.04026 -5.16849e+00
 13 -0.04276 -5.86798e+00 | 14 -0.04526 -6.60009e+00 | 15 -0.04803 -7.44380e+00
 16 -0.05050 -8.28470e+00 | 17 -0.05295 -9.11328e+00 | 18 -0.05517 -9.92059e+00
 19 -0.05657 -1.05377e+01 | 20 -0.05752 -1.10568e+01 | 21 -0.05775 -1.14589e+01
 22 -0.05702 -1.15904e+01 | 23 -0.05681 -1.19918e+01 | 24 -0.05661 -1.24411e+01
 25 -0.05713 -1.25116e+01 | 26 -0.06037 -1.23947e+01 | 27 -0.06399 -1.19875e+01
 28 -0.06420 -1.14243e+01 | 29 -0.05455 -1.17641e+01 | 30 -0.02832 -1.41384e+01
 31  0.00353 -1.73961e+01 | 32 -0.04998 -1.08785e+01 | 33 -0.14139 -4.74655e+00
 34 -0.16946 -3.72520e+00 | 35 -0.03858 -9.79898e+00 | 36 -0.12536 -4.38145e+00
 37  0.04178 -1.44781e+01 | 38  0.02868 -1.08484e+01 | 39 -0.11942 -2.76322e+00
 40  0.01118 -6.87950e+00 | 41  0.05113 -7.87539e+00 | 42 -0.14145 -1.40794e+00
 43  0.03328 -5.01213e+00 | 44 -0.11515 -1.27363e+00 | 45  0.01504 -2.98939e+00
 46 -0.04493 -1.46133e+00 | 47 -0.16669 -4.06347e-01 | 48 -0.16447 -2.99984e-01
 49 -0.14679 -2.52439e-01 | 50  0.06543 -1.24502e+00 | 51 -0.15473 -1.58339e-01
 52 -0.05587 -1.29023e-01 | 53 -0.14288  2.03593e-02 | 54 -0.07930  1.30041e-01
 55 -0.05012  2.25258e-01 | 56 -0.12988  1.36212e-01 | 57 -0.04587  2.78334e-01
 58 -0.04595  2.64087e-01 | 59 -0.00282  3.85212e-01 | 60 -0.05798  2.44924e-01
 61 -0.09896  1.77459e-01 | 62 -0.01020  3.70351e-01 | 63 -0.09119  1.84990e-01
 64 -0.13405  1.34081e-01 | 65 -0.04803  2.61429e-01 | 66 -0.13319  1.09562e-01
 67 -0.08803  1.58950e-01 | 68 -0.09209  1.38564e-01 | 69 -0.00086  2.05712e-01
 70 -0.06130  6.56296e-02 | 71 -0.10402  8.21237e-03 | 72 -0.07548  5.32995e-04
 73 -0.06966  3.45734e-04 | 74 -0.43909 -2.25906e+02 | 75 -1.37280 -4.08207e+00
 76  0.99400  1.24929e-01 | 77  1.01306 -1.53646e-01 | 78  1.45710  4.76940e+00
 79  0.10011  1.25714e+01 | 80  0.04363 -5.06570e-02 | 81 -0.98426  3.54947e-04
 82 -0.10153  3.55450e-01 | 83  0.00049 -2.24040e-01 |
83 variables; iteration 3800; function evaluation 4512; phase 3
Function value 3.8568954e+01; maximum gradient component mag -7.1370e+02
Var    Value     Gradient |Var    Value     Gradient |Var    Value     Gradient
  1  0.00969 -7.13697e+02 |  2 -0.00705 -1.17900e+00 |  3 -0.00830 -1.43803e+00
  4 -0.02458 -1.54854e+00 |  5 -0.02601 -1.86259e+00 |  6 -0.02761 -2.22825e+00
  7 -0.02935 -2.63702e+00 |  8 -0.03126 -3.10447e+00 |  9 -0.03335 -3.63509e+00
 10 -0.03553 -4.21491e+00 | 11 -0.03781 -4.84526e+00 | 12 -0.04028 -5.54816e+00
 13 -0.04276 -6.29396e+00 | 14 -0.04529 -7.08394e+00 | 15 -0.04800 -7.97363e+00
 16 -0.05049 -8.87941e+00 | 17 -0.05296 -9.77402e+00 | 18 -0.05519 -1.06438e+01
 19 -0.05654 -1.12908e+01 | 20 -0.05746 -1.18428e+01 | 21 -0.05762 -1.22559e+01
 22 -0.05691 -1.24084e+01 | 23 -0.05684 -1.28616e+01 | 24 -0.05672 -1.33576e+01
 25 -0.05743 -1.34752e+01 | 26 -0.06051 -1.33186e+01 | 27 -0.06373 -1.27990e+01
 28 -0.06413 -1.22358e+01 | 29 -0.05417 -1.25511e+01 | 30 -0.02884 -1.51923e+01
 31  0.00352 -1.86385e+01 | 32 -0.04981 -1.15655e+01 | 33 -0.14145 -5.07362e+00
 34 -0.16945 -3.98041e+00 | 35 -0.03857 -1.04882e+01 | 36 -0.12536 -4.70190e+00
 37  0.04179 -1.56205e+01 | 38  0.02870 -1.17357e+01 | 39 -0.11941 -2.99978e+00
 40  0.01118 -7.50842e+00 | 41  0.05114 -8.61486e+00 | 42 -0.14144 -1.54977e+00
 43  0.03329 -5.53764e+00 | 44 -0.11512 -1.41264e+00 | 45  0.01503 -3.31783e+00
 46 -0.04489 -1.59621e+00 | 47 -0.16669 -4.29824e-01 | 48 -0.16445 -3.09100e-01
 49 -0.14682 -2.53194e-01 | 50  0.06544 -1.16672e+00 | 51 -0.15472 -1.45061e-01
 52 -0.05586 -1.10687e-01 | 53 -0.14285  2.68156e-02 | 54 -0.07930  1.38326e-01
 55 -0.05011  2.26329e-01 | 56 -0.12987  1.34078e-01 | 57 -0.04587  2.66740e-01
 58 -0.04594  2.50586e-01 | 59 -0.00282  3.31402e-01 | 60 -0.05796  1.98998e-01
 61 -0.09894  1.43299e-01 | 62 -0.01020  2.80059e-01 | 63 -0.09117  1.29626e-01
 64 -0.13403  9.23421e-02 | 65 -0.04803  1.68892e-01 | 66 -0.13317  7.45424e-02
 67 -0.08803  1.01767e-01 | 68 -0.09207  1.03031e-01 | 69 -0.00086  1.86433e-01
 70 -0.06128  5.90878e-02 | 71 -0.10401  7.68841e-03 | 72 -0.07547  7.89949e-04
 73 -0.06966  6.20682e-04 | 74 -0.43925 -2.53454e+02 | 75 -1.36327 -4.31069e+00
 76  0.99447  1.57912e-01 | 77  1.01082 -1.78000e-01 | 78  1.45625  5.09459e+00
 79  0.10028  1.35264e+01 | 80  0.04363 -1.61062e-02 | 81 -0.98428  2.59495e-05
 82 -0.10154  2.96053e-01 | 83  0.00048 -1.91579e-01 |
83 variables; iteration 3820; function evaluation 4535; phase 3
Function value 3.8568353e+01; maximum gradient component mag -5.0260e+02
Var    Value     Gradient |Var    Value     Gradient |Var    Value     Gradient
  1  0.00970 -5.02598e+02 |  2 -0.00703 -8.25573e-01 |  3 -0.00829 -1.00844e+00
  4 -0.02457 -1.08822e+00 |  5 -0.02603 -1.31588e+00 |  6 -0.02753 -1.54895e+00
  7 -0.02933 -1.85047e+00 |  8 -0.03126 -2.18025e+00 |  9 -0.03339 -2.56959e+00
 10 -0.03551 -2.96137e+00 | 11 -0.03776 -3.39449e+00 | 12 -0.04025 -3.89574e+00
 13 -0.04280 -4.43589e+00 | 14 -0.04532 -4.99056e+00 | 15 -0.04801 -5.61270e+00
 16 -0.05053 -6.25546e+00 | 17 -0.05294 -6.86779e+00 | 18 -0.05521 -7.48718e+00
 19 -0.05657 -7.94561e+00 | 20 -0.05747 -8.32472e+00 | 21 -0.05764 -8.62153e+00
 22 -0.05684 -8.68115e+00 | 23 -0.05680 -9.02896e+00 | 24 -0.05666 -9.37382e+00
 25 -0.05752 -9.47985e+00 | 26 -0.06057 -9.35955e+00 | 27 -0.06400 -9.03525e+00
 28 -0.06439 -8.62609e+00 | 29 -0.05435 -8.80060e+00 | 30 -0.02789 -1.05890e+01
 31  0.00307 -1.31171e+01 | 32 -0.04953 -8.05332e+00 | 33 -0.14156 -3.49077e+00
 34 -0.16953 -2.77038e+00 | 35 -0.03856 -7.33024e+00 | 36 -0.12541 -3.28726e+00
 37  0.04181 -1.10248e+01 | 38  0.02867 -8.27641e+00 | 39 -0.11941 -2.09909e+00
 40  0.01120 -5.42853e+00 | 41  0.05111 -6.30693e+00 | 42 -0.14134 -1.10944e+00
 43  0.03327 -4.02995e+00 | 44 -0.11508 -1.00298e+00 | 45  0.01503 -2.37288e+00
 46 -0.04490 -1.12393e+00 | 47 -0.16669 -2.90482e-01 | 48 -0.16446 -2.12537e-01
 49 -0.14680 -1.73653e-01 | 50  0.06544 -8.94425e-01 | 51 -0.15471 -1.16786e-01
 52 -0.05586 -8.46840e-02 | 53 -0.14283  2.33640e-02 | 54 -0.07931  1.23726e-01
 55 -0.05010  2.04212e-01 | 56 -0.12988  1.13374e-01 | 57 -0.04587  2.14523e-01
 58 -0.04593  1.75548e-01 | 59 -0.00282  2.14710e-01 | 60 -0.05794  1.28941e-01
 61 -0.09895  7.58961e-02 | 62 -0.01020  1.54462e-01 | 63 -0.09116  6.84387e-02
 64 -0.13403  5.38568e-02 | 65 -0.04803  9.25296e-02 | 66 -0.13317  3.69510e-02
 67 -0.08803  7.29561e-02 | 68 -0.09207  8.24595e-02 | 69 -0.00086  1.61100e-01
 70 -0.06127  4.97123e-02 | 71 -0.10400  7.43768e-03 | 72 -0.07547  7.90080e-04
 73 -0.06965  7.08612e-04 | 74 -0.43940 -1.84505e+02 | 75 -1.35423 -3.00393e+00
 76  0.99500  2.20630e-01 | 77  1.00878 -2.06759e-01 | 78  1.45573  3.57492e+00
 79  0.10038  9.53552e+00 | 80  0.04363 -4.47384e-02 | 81 -0.98428  1.93029e-04
 82 -0.10155  1.87996e-01 | 83  0.00047 -1.09229e-01 |
83 variables; iteration 3840; function evaluation 4558; phase 3
Function value 3.8567843e+01; maximum gradient component mag -6.0621e+02
Var    Value     Gradient |Var    Value     Gradient |Var    Value     Gradient
  1  0.00970 -6.06213e+02 |  2 -0.00708 -1.00988e+00 |  3 -0.00831 -1.22576e+00
  4 -0.02458 -1.31722e+00 |  5 -0.02600 -1.58030e+00 |  6 -0.02763 -1.89918e+00
  7 -0.02938 -2.24948e+00 |  8 -0.03129 -2.64408e+00 |  9 -0.03330 -3.07812e+00
 10 -0.03551 -3.57984e+00 | 11 -0.03788 -4.13453e+00 | 12 -0.04032 -4.72683e+00
 13 -0.04277 -5.34995e+00 | 14 -0.04530 -6.02416e+00 | 15 -0.04800 -6.77771e+00
 16 -0.05051 -7.55276e+00 | 17 -0.05295 -8.30476e+00 | 18 -0.05521 -9.04897e+00
 19 -0.05655 -9.59731e+00 | 20 -0.05744 -1.00584e+01 | 21 -0.05762 -1.04149e+01
 22 -0.05681 -1.05100e+01 | 23 -0.05682 -1.09267e+01 | 24 -0.05671 -1.13497e+01
 25 -0.05744 -1.14475e+01 | 26 -0.06061 -1.13302e+01 | 27 -0.06384 -1.08875e+01
 28 -0.06432 -1.04198e+01 | 29 -0.05438 -1.06719e+01 | 30 -0.02805 -1.28624e+01
 31  0.00316 -1.59206e+01 | 32 -0.04961 -9.83772e+00 | 33 -0.14151 -4.28536e+00
 34 -0.16946 -3.37409e+00 | 35 -0.03859 -8.95974e+00 | 36 -0.12536 -3.99094e+00
 37  0.04181 -1.33146e+01 | 38  0.02867 -9.97107e+00 | 39 -0.11937 -2.50542e+00
 40  0.01119 -6.38540e+00 | 41  0.05113 -7.24310e+00 | 42 -0.14135 -1.28369e+00
 43  0.03327 -4.67961e+00 | 44 -0.11506 -1.18532e+00 | 45  0.01503 -2.83163e+00
 46 -0.04488 -1.35591e+00 | 47 -0.16669 -3.59937e-01 | 48 -0.16446 -2.67061e-01
 49 -0.14685 -2.20173e-01 | 50  0.06545 -9.40894e-01 | 51 -0.15469 -1.11629e-01
 52 -0.05585 -9.40602e-02 | 53 -0.14279  1.66534e-02 | 54 -0.07932  8.98202e-02
 55 -0.05009  1.51709e-01 | 56 -0.12986  9.53037e-02 | 57 -0.04587  2.02340e-01
 58 -0.04593  2.11964e-01 | 59 -0.00281  3.09264e-01 | 60 -0.05794  1.90362e-01
 61 -0.09892  1.52872e-01 | 62 -0.01021  2.98513e-01 | 63 -0.09113  1.40323e-01
 64 -0.13403  8.71438e-02 | 65 -0.04803  1.68171e-01 | 66 -0.13315  7.39783e-02
 67 -0.08803  8.78846e-02 | 68 -0.09205  8.08888e-02 | 69 -0.00086  1.37343e-01
 70 -0.06125  4.45491e-02 | 71 -0.10400  4.71526e-03 | 72 -0.07546  4.27774e-04
 73 -0.06965  3.76535e-04 | 74 -0.43955 -2.30179e+02 | 75 -1.34473 -3.51312e+00
 76  0.99556  2.63950e-01 | 77  1.00701 -2.41332e-01 | 78  1.45633  4.33112e+00
 79  0.10027  1.14804e+01 | 80  0.04363  4.54366e-02 | 81 -0.98431 -2.74026e-04
 82 -0.10158  2.77564e-01 | 83  0.00045 -1.88532e-01 |
83 variables; iteration 3860; function evaluation 4579; phase 3
Function value 3.8567443e+01; maximum gradient component mag -6.0348e+02
Var    Value     Gradient |Var    Value     Gradient |Var    Value     Gradient
  1  0.00970 -6.03483e+02 |  2 -0.00709 -1.00632e+00 |  3 -0.00832 -1.21784e+00
  4 -0.02459 -1.30963e+00 |  5 -0.02601 -1.57243e+00 |  6 -0.02764 -1.89045e+00
  7 -0.02940 -2.23868e+00 |  8 -0.03130 -2.62971e+00 |  9 -0.03327 -3.05017e+00
 10 -0.03553 -3.56174e+00 | 11 -0.03792 -4.11857e+00 | 12 -0.04034 -4.70287e+00
 13 -0.04277 -5.31798e+00 | 14 -0.04531 -5.98783e+00 | 15 -0.04801 -6.73906e+00
 16 -0.05053 -7.51181e+00 | 17 -0.05295 -8.25261e+00 | 18 -0.05522 -8.99583e+00
 19 -0.05657 -9.54380e+00 | 20 -0.05742 -9.99268e+00 | 21 -0.05764 -1.03570e+01
 22 -0.05672 -1.04268e+01 | 23 -0.05683 -1.08625e+01 | 24 -0.05666 -1.12726e+01
 25 -0.05742 -1.13756e+01 | 26 -0.06059 -1.12619e+01 | 27 -0.06386 -1.08315e+01
 28 -0.06432 -1.03646e+01 | 29 -0.05419 -1.05854e+01 | 30 -0.02828 -1.28189e+01
 31  0.00328 -1.58451e+01 | 32 -0.04972 -9.81305e+00 | 33 -0.14143 -4.24770e+00
 34 -0.16942 -3.34692e+00 | 35 -0.03862 -8.93918e+00 | 36 -0.12532 -3.97129e+00
 37  0.04180 -1.32883e+01 | 38  0.02867 -9.93618e+00 | 39 -0.11935 -2.47056e+00
 40  0.01118 -6.36955e+00 | 41  0.05112 -7.17004e+00 | 42 -0.14130 -1.26167e+00
 43  0.03326 -4.66332e+00 | 44 -0.11503 -1.18167e+00 | 45  0.01502 -2.83596e+00
 46 -0.04487 -1.34929e+00 | 47 -0.16670 -3.56194e-01 | 48 -0.16445 -2.65923e-01
 49 -0.14685 -2.12756e-01 | 50  0.06545 -8.69310e-01 | 51 -0.15468 -9.78651e-02
 52 -0.05585 -7.53810e-02 | 53 -0.14277  2.10003e-02 | 54 -0.07933  9.42063e-02
 55 -0.05009  1.46047e-01 | 56 -0.12986  9.11037e-02 | 57 -0.04588  1.87137e-01
 58 -0.04593  1.94151e-01 | 59 -0.00282  2.83260e-01 | 60 -0.05793  1.66603e-01
 61 -0.09891  1.37813e-01 | 62 -0.01022  2.56385e-01 | 63 -0.09111  1.12943e-01
 64 -0.13404  5.57016e-02 | 65 -0.04803  1.07690e-01 | 66 -0.13315  4.01396e-02
 67 -0.08804  4.51605e-02 | 68 -0.09204  5.17229e-02 | 69 -0.00087  1.08599e-01
 70 -0.06123  3.90272e-02 | 71 -0.10401  3.78762e-03 | 72 -0.07546  4.36459e-04
 73 -0.06965  4.97026e-04 | 74 -0.43971 -2.39073e+02 | 75 -1.33348 -3.40651e+00
 76  0.99619  3.28609e-01 | 77  1.00509 -2.85825e-01 | 78  1.45714  4.32548e+00
 79  0.10011  1.13948e+01 | 80  0.04363  6.32200e-02 | 81 -0.98430 -2.58742e-04
 82 -0.10159  2.46759e-01 | 83  0.00044 -1.72086e-01 |
83 variables; iteration 3880; function evaluation 4603; phase 3
Function value 3.8567233e+01; maximum gradient component mag -3.6858e+01
Var    Value     Gradient |Var    Value     Gradient |Var    Value     Gradient
  1  0.00970 -3.68575e+01 |  2 -0.00707 -6.56465e-02 |  3 -0.00832 -7.93227e-02
  4 -0.02459 -8.59723e-02 |  5 -0.02601 -1.02096e-01 |  6 -0.02762 -1.24041e-01
  7 -0.02938 -1.45648e-01 |  8 -0.03129 -1.64359e-01 |  9 -0.03334 -1.91592e-01
 10 -0.03553 -2.28515e-01 | 11 -0.03786 -2.66914e-01 | 12 -0.04032 -3.03972e-01
 13 -0.04280 -3.38999e-01 | 14 -0.04533 -3.83304e-01 | 15 -0.04803 -4.38160e-01
 16 -0.05055 -4.90205e-01 | 17 -0.05296 -5.09055e-01 | 18 -0.05523 -5.69502e-01
 19 -0.05657 -5.96039e-01 | 20 -0.05746 -6.14606e-01 | 21 -0.05763 -6.48674e-01
 22 -0.05670 -5.09632e-01 | 23 -0.05681 -6.54435e-01 | 24 -0.05671 -6.93834e-01
 25 -0.05744 -6.79195e-01 | 26 -0.06058 -7.04716e-01 | 27 -0.06386 -6.95941e-01
 28 -0.06429 -6.60441e-01 | 29 -0.05419 -5.77119e-01 | 30 -0.02829 -7.98148e-01
 31  0.00325 -1.01290e+00 | 32 -0.04969 -5.94091e-01 | 33 -0.14139 -9.01128e-02
 34 -0.16945 -1.46785e-01 | 35 -0.03862 -6.09386e-01 | 36 -0.12531 -1.83790e-01
 37  0.04179 -8.78804e-01 | 38  0.02867 -5.97354e-01 | 39 -0.11936 -1.53166e-02
 40  0.01119 -4.85410e-01 | 41  0.05111 -4.30042e-01 | 42 -0.14124 -5.42672e-03
 43  0.03325 -3.46833e-01 | 44 -0.11499 -3.32141e-02 | 45  0.01502 -2.01231e-01
 46 -0.04486 -7.86411e-02 | 47 -0.16670 -5.40641e-03 | 48 -0.16444 -1.39417e-02
 49 -0.14684 -9.72429e-03 | 50  0.06544 -2.97405e-02 | 51 -0.15468 -1.96149e-03
 52 -0.05585 -8.15484e-04 | 53 -0.14275  1.87444e-03 | 54 -0.07934  4.92194e-03
 55 -0.05008  6.78940e-03 | 56 -0.12987  3.45551e-03 | 57 -0.04588  6.43126e-03
 58 -0.04592  5.34134e-03 | 59 -0.00282  6.47893e-03 | 60 -0.05791  1.69378e-03
 61 -0.09892  2.34730e-03 | 62 -0.01022  1.65605e-03 | 63 -0.09111 -1.48211e-03
 64 -0.13402 -4.44349e-03 | 65 -0.04804 -9.91577e-03 | 66 -0.13315 -5.84610e-03
 67 -0.08804 -8.15072e-03 | 68 -0.09204 -3.63181e-03 | 69 -0.00087  1.64212e-03
 70 -0.06123  1.52284e-03 | 71 -0.10400  1.14002e-04 | 72 -0.07546  3.85962e-05
 73 -0.06965  6.18235e-05 | 74 -0.43984 -1.66813e+01 | 75 -1.32354 -3.12043e-01
 76  0.99658  4.04739e-01 | 77  1.00307 -3.15164e-01 | 78  1.45699  2.87106e-01
 79  0.10014  6.41604e-01 | 80  0.04363  1.52451e-02 | 81 -0.98430 -3.23225e-04
 82 -0.10160  3.10825e-03 | 83  0.00044 -3.68851e-03 |
83 variables; iteration 3900; function evaluation 4632; phase 3
Function value 3.8563688e+01; maximum gradient component mag -1.8263e+01
Var    Value     Gradient |Var    Value     Gradient |Var    Value     Gradient
  1  0.00968 -1.82627e+01 |  2 -0.00703 -2.46042e-02 |  3 -0.00830 -3.93627e-02
  4 -0.02453 -3.34831e-02 |  5 -0.02591 -2.87925e-02 |  6 -0.02759 -6.01294e-02
  7 -0.02934 -6.71808e-02 |  8 -0.03123 -6.98440e-02 |  9 -0.03332 -9.33894e-02
 10 -0.03542 -9.03961e-02 | 11 -0.03773 -1.05549e-01 | 12 -0.04021 -1.28161e-01
 13 -0.04270 -1.47406e-01 | 14 -0.04522 -1.63262e-01 | 15 -0.04786 -1.77933e-01
 16 -0.05032 -1.86077e-01 | 17 -0.05292 -2.39040e-01 | 18 -0.05505 -2.33992e-01
 19 -0.05647 -2.67199e-01 | 20 -0.05748 -3.04555e-01 | 21 -0.05744 -2.61991e-01
 22 -0.05782 -5.20435e-01 | 23 -0.05693 -3.42209e-01 | 24 -0.05663 -3.02764e-01
 25 -0.05760 -3.59940e-01 | 26 -0.06030 -2.70381e-01 | 27 -0.06346 -2.46089e-01
 28 -0.06371 -1.80051e-01 | 29 -0.05419 -2.57892e-01 | 30 -0.02951 -5.90417e-01
 31  0.00373 -2.16160e-01 | 32 -0.04964 -1.82959e-01 | 33 -0.14193 -1.96314e-01
 34 -0.16952 -9.13686e-02 | 35 -0.03834 -1.25209e-01 | 36 -0.12586 -1.68733e-01
 37  0.04192 -4.14544e-01 | 38  0.02866 -3.90758e-01 | 39 -0.11959 -1.76556e-01
 40  0.01132 -1.67533e-01 | 41  0.05112 -3.02679e-01 | 42 -0.14175 -1.18322e-01
 43  0.03348 -2.18831e-01 | 44 -0.11565 -1.11244e-01 | 45  0.01520 -1.93794e-01
 46 -0.04498 -1.15777e-01 | 47 -0.16665 -2.00676e-02 | 48 -0.16439 -1.30177e-03
 49 -0.14682 -7.42245e-04 | 50  0.06547 -8.92692e-03 | 51 -0.15467 -1.02364e-02
 52 -0.05582 -1.89585e-02 | 53 -0.14279 -4.33827e-03 | 54 -0.07929 -1.16566e-02
 55 -0.05007  3.27745e-03 | 56 -0.12985 -7.45913e-03 | 57 -0.04584 -5.52131e-03
 58 -0.04591 -1.69252e-02 | 59 -0.00280 -5.02460e-02 | 60 -0.05791 -2.85413e-02
 61 -0.09892 -2.40541e-02 | 62 -0.01019 -3.23494e-02 | 63 -0.09112  4.29771e-04
 64 -0.13401  2.02536e-02 | 65 -0.04802  4.20374e-02 | 66 -0.13315  3.54580e-02
 67 -0.08803  4.47542e-02 | 68 -0.09207  3.36770e-02 | 69 -0.00084  5.90933e-02
 70 -0.06124  1.19541e-02 | 71 -0.10397  2.57275e-03 | 72 -0.07545  4.32325e-04
 73 -0.06964  1.17939e-04 | 74 -0.43993 -1.29730e+00 | 75 -1.31621 -1.06392e-01
 76  0.98785 -8.51471e-02 | 77  0.98804  1.60581e-01 | 78  1.45464  1.35186e-01
 79  0.10054  3.39967e-01 | 80  0.04363  2.00885e-02 | 81 -0.98431  1.05035e-04
 82 -0.10159 -2.93595e-02 | 83  0.00045  2.32423e-02 |
83 variables; iteration 3920; function evaluation 4654; phase 3
Function value 3.8562128e+01; maximum gradient component mag -4.8513e+02
Var    Value     Gradient |Var    Value     Gradient |Var    Value     Gradient
  1  0.00968 -4.85131e+02 |  2 -0.00704 -8.00395e-01 |  3 -0.00827 -9.72687e-01
  4 -0.02454 -1.04590e+00 |  5 -0.02596 -1.25818e+00 |  6 -0.02754 -1.49988e+00
  7 -0.02930 -1.78227e+00 |  8 -0.03123 -2.10115e+00 |  9 -0.03330 -2.46060e+00
 10 -0.03544 -2.84691e+00 | 11 -0.03776 -3.27902e+00 | 12 -0.04021 -3.75326e+00
 13 -0.04270 -4.25973e+00 | 14 -0.04522 -4.79354e+00 | 15 -0.04789 -5.39001e+00
 16 -0.05038 -6.00405e+00 | 17 -0.05293 -6.62763e+00 | 18 -0.05514 -7.21219e+00
 19 -0.05651 -7.65488e+00 | 20 -0.05744 -8.02846e+00 | 21 -0.05760 -8.31106e+00
 22 -0.05716 -8.45331e+00 | 23 -0.05687 -8.72970e+00 | 24 -0.05675 -9.06498e+00
 25 -0.05752 -9.14586e+00 | 26 -0.06062 -9.03718e+00 | 27 -0.06386 -8.67983e+00
 28 -0.06445 -8.32756e+00 | 29 -0.05502 -8.61224e+00 | 30 -0.02705 -1.01292e+01
 31  0.00286 -1.26939e+01 | 32 -0.04933 -7.81651e+00 | 33 -0.14203 -3.56994e+00
 34 -0.16957 -2.74362e+00 | 35 -0.03842 -7.06174e+00 | 36 -0.12585 -3.22660e+00
 37  0.04200 -1.05829e+01 | 38  0.02857 -7.99025e+00 | 39 -0.11949 -2.16124e+00
 40  0.01134 -5.07819e+00 | 41  0.05111 -5.95634e+00 | 42 -0.14157 -1.13036e+00
 43  0.03342 -3.79509e+00 | 44 -0.11552 -1.01573e+00 | 45  0.01521 -2.30156e+00
 46 -0.04500 -1.11426e+00 | 47 -0.16670 -3.04686e-01 | 48 -0.16444 -2.14887e-01
 49 -0.14682 -1.77335e-01 | 50  0.06548 -8.06091e-01 | 51 -0.15464 -1.01762e-01
 52 -0.05580 -8.44928e-02 | 53 -0.14273  1.39155e-02 | 54 -0.07928  8.06033e-02
 55 -0.05004  1.41053e-01 | 56 -0.12982  8.31878e-02 | 57 -0.04583  1.73189e-01
 58 -0.04590  1.67597e-01 | 59 -0.00278  2.30800e-01 | 60 -0.05789  1.41772e-01
 61 -0.09889  1.05322e-01 | 62 -0.01017  2.12422e-01 | 63 -0.09109  9.98483e-02
 64 -0.13400  6.82854e-02 | 65 -0.04801  1.27720e-01 | 66 -0.13313  5.84876e-02
 67 -0.08802  7.97970e-02 | 68 -0.09204  7.79370e-02 | 69 -0.00083  1.40601e-01
 70 -0.06119  4.27810e-02 | 71 -0.10395  5.48831e-03 | 72 -0.07543  5.44189e-04
 73 -0.06962  3.51674e-04 | 74 -0.44006 -2.02521e+02 | 75 -1.30548 -2.45646e+00
 76  0.98552 -2.64899e-01 | 77  0.98245  1.20959e-01 | 78  1.45276  3.39975e+00
 79  0.10093  9.27076e+00 | 80  0.04363  1.43093e-03 | 81 -0.98432  2.53963e-04
 82 -0.10162  2.04806e-01 | 83  0.00043 -1.33008e-01 |
83 variables; iteration 3940; function evaluation 4677; phase 3
Function value 3.8560942e+01; maximum gradient component mag -6.3024e+02
Var    Value     Gradient |Var    Value     Gradient |Var    Value     Gradient
  1  0.00968 -6.30243e+02 |  2 -0.00701 -1.03647e+00 |  3 -0.00827 -1.26828e+00
  4 -0.02455 -1.36544e+00 |  5 -0.02601 -1.65255e+00 |  6 -0.02754 -1.95793e+00
  7 -0.02930 -2.32423e+00 |  8 -0.03128 -2.75374e+00 |  9 -0.03329 -3.20502e+00
 10 -0.03547 -3.71995e+00 | 11 -0.03774 -4.27220e+00 | 12 -0.04024 -4.90432e+00
 13 -0.04270 -5.55440e+00 | 14 -0.04525 -6.25933e+00 | 15 -0.04786 -7.02398e+00
 16 -0.05038 -7.83218e+00 | 17 -0.05287 -8.62660e+00 | 18 -0.05513 -9.40176e+00
 19 -0.05652 -9.98434e+00 | 20 -0.05734 -1.04473e+01 | 21 -0.05755 -1.08227e+01
 22 -0.05742 -1.10775e+01 | 23 -0.05695 -1.13942e+01 | 24 -0.05665 -1.17931e+01
 25 -0.05753 -1.19327e+01 | 26 -0.06038 -1.17529e+01 | 27 -0.06350 -1.12778e+01
 28 -0.06402 -1.08088e+01 | 29 -0.05429 -1.11280e+01 | 30 -0.02919 -1.34919e+01
 31  0.00368 -1.64637e+01 | 32 -0.04975 -1.02449e+01 | 33 -0.14175 -4.61884e+00
 34 -0.16948 -3.57167e+00 | 35 -0.03843 -9.23619e+00 | 36 -0.12578 -4.18275e+00
 37  0.04196 -1.36992e+01 | 38  0.02863 -1.02934e+01 | 39 -0.11949 -2.73748e+00
 40  0.01133 -6.51966e+00 | 41  0.05113 -7.56895e+00 | 42 -0.14155 -1.40947e+00
 43  0.03343 -4.76192e+00 | 44 -0.11546 -1.24854e+00 | 45  0.01518 -2.84469e+00
 46 -0.04492 -1.37951e+00 | 47 -0.16673 -3.94949e-01 | 48 -0.16441 -2.81459e-01
 49 -0.14679 -2.33338e-01 | 50  0.06549 -1.15117e+00 | 51 -0.15463 -1.33613e-01
 52 -0.05579 -8.47311e-02 | 53 -0.14273  3.85683e-02 | 54 -0.07927  1.80254e-01
 55 -0.05004  2.70392e-01 | 56 -0.12980  1.62623e-01 | 57 -0.04583  3.02654e-01
 58 -0.04589  2.72508e-01 | 59 -0.00278  3.53717e-01 | 60 -0.05788  2.09117e-01
 61 -0.09889  1.36998e-01 | 62 -0.01017  2.48560e-01 | 63 -0.09108  9.97562e-02
 64 -0.13399  6.54343e-02 | 65 -0.04800  1.09216e-01 | 66 -0.13313  3.55281e-02
 67 -0.08801  5.25408e-02 | 68 -0.09203  6.76766e-02 | 69 -0.00083  1.27073e-01
 70 -0.06118  4.64627e-02 | 71 -0.10395  5.78736e-03 | 72 -0.07543  5.96660e-04
 73 -0.06962  8.62256e-04 | 74 -0.44018 -2.73268e+02 | 75 -1.29494 -3.08205e+00
 76  0.98582 -2.88558e-01 | 77  0.98064  1.13767e-01 | 78  1.45282  4.43956e+00
 79  0.10092  1.20425e+01 | 80  0.04363 -2.89351e-02 | 81 -0.98432  1.36304e-04
 82 -0.10163  3.08328e-01 | 83  0.00043 -1.95657e-01 |
83 variables; iteration 3960; function evaluation 4700; phase 3
Function value 3.8559650e+01; maximum gradient component mag -4.8128e+01
Var    Value     Gradient |Var    Value     Gradient |Var    Value     Gradient
  1  0.00968 -4.81280e+01 |  2 -0.00715 -1.12894e-01 |  3 -0.00829 -1.06944e-01
  4 -0.02449 -9.52378e-02 |  5 -0.02588 -1.09078e-01 |  6 -0.02756 -1.61183e-01
  7 -0.02933 -1.91766e-01 |  8 -0.03114 -1.94849e-01 |  9 -0.03335 -2.74887e-01
 10 -0.03539 -2.83557e-01 | 11 -0.03784 -3.68505e-01 | 12 -0.04016 -3.81220e-01
 13 -0.04274 -4.61165e-01 | 14 -0.04521 -5.02176e-01 | 15 -0.04795 -5.87237e-01
 16 -0.05038 -6.32701e-01 | 17 -0.05303 -7.41068e-01 | 18 -0.05510 -7.59210e-01
 19 -0.05638 -7.82678e-01 | 20 -0.05756 -9.00001e-01 | 21 -0.05765 -9.16980e-01
 22 -0.05734 -9.66951e-01 | 23 -0.05681 -9.22533e-01 | 24 -0.05676 -9.84055e-01
 25 -0.05752 -9.83728e-01 | 26 -0.06032 -9.13350e-01 | 27 -0.06355 -8.80359e-01
 28 -0.06376 -7.79950e-01 | 29 -0.05479 -1.01015e+00 | 30 -0.02877 -1.18332e+00
 31  0.00371 -1.18619e+00 | 32 -0.04990 -8.80443e-01 | 33 -0.14177 -4.21995e-01
 34 -0.16949 -2.92134e-01 | 35 -0.03841 -6.66023e-01 | 36 -0.12587 -3.49870e-01
 37  0.04198 -1.01113e+00 | 38  0.02860 -7.95988e-01 | 39 -0.11955 -2.64556e-01
 40  0.01136 -4.04616e-01 | 41  0.05109 -5.13456e-01 | 42 -0.14156 -1.27047e-01
 43  0.03343 -3.50061e-01 | 44 -0.11554 -1.35377e-01 | 45  0.01521 -3.35351e-01
 46 -0.04499 -2.08573e-01 | 47 -0.16666 -5.55748e-02 | 48 -0.16442 -5.97278e-02
 49 -0.14690 -6.65223e-02 | 50  0.06548 -1.40371e-01 | 51 -0.15464 -3.12809e-02
 52 -0.05581 -1.13282e-01 | 53 -0.14269 -6.20387e-02 | 54 -0.07932 -1.79707e-01
 55 -0.05003 -1.95083e-01 | 56 -0.12984 -9.92297e-02 | 57 -0.04584 -8.61131e-02
 58 -0.04590  2.20569e-02 | 59 -0.00279  1.57405e-01 | 60 -0.05789  1.45714e-01
 61 -0.09888  1.64227e-01 | 62 -0.01019  4.04910e-01 | 63 -0.09105  2.54203e-01
 64 -0.13401  1.85668e-01 | 65 -0.04801  4.28902e-01 | 66 -0.13312  2.31269e-01
 67 -0.08802  2.68610e-01 | 68 -0.09204  1.59410e-01 | 69 -0.00084  1.52656e-01
 70 -0.06119  2.35065e-02 | 71 -0.10395  9.11994e-04 | 72 -0.07543 -5.28607e-04
 73 -0.06963 -1.46315e-03 | 74 -0.44032 -1.33979e+01 | 75 -1.28189 -2.07338e-01
 76  0.98670 -1.28816e-01 | 77  0.97880  1.00419e-01 | 78  1.45405  3.67705e-01
 79  0.10068  9.75136e-01 | 80  0.04363  3.99220e-02 | 81 -0.98434 -4.96289e-05
 82 -0.10163  1.88788e-01 | 83  0.00042 -1.33966e-01 |
83 variables; iteration 3980; function evaluation 4721; phase 3
Function value 3.8558990e+01; maximum gradient component mag -1.0021e+03
Var    Value     Gradient |Var    Value     Gradient |Var    Value     Gradient
  1  0.00968 -1.00211e+03 |  2 -0.00707 -1.66399e+00 |  3 -0.00827 -2.01262e+00
  4 -0.02454 -2.16368e+00 |  5 -0.02595 -2.60062e+00 |  6 -0.02758 -3.11783e+00
  7 -0.02930 -3.69161e+00 |  8 -0.03122 -4.35049e+00 |  9 -0.03330 -5.09061e+00
 10 -0.03547 -5.90062e+00 | 11 -0.03777 -6.78963e+00 | 12 -0.04022 -7.77222e+00
 13 -0.04272 -8.82264e+00 | 14 -0.04525 -9.93182e+00 | 15 -0.04791 -1.11642e+01
 16 -0.05040 -1.24364e+01 | 17 -0.05294 -1.37106e+01 | 18 -0.05512 -1.49177e+01
 19 -0.05650 -1.58342e+01 | 20 -0.05756 -1.66325e+01 | 21 -0.05750 -1.71693e+01
 22 -0.05703 -1.74618e+01 | 23 -0.05663 -1.80152e+01 | 24 -0.05676 -1.87473e+01
 25 -0.05759 -1.89362e+01 | 26 -0.06084 -1.87221e+01 | 27 -0.06409 -1.79907e+01
 28 -0.06423 -1.71632e+01 | 29 -0.05436 -1.76409e+01 | 30 -0.02776 -2.12390e+01
 31  0.00314 -2.61577e+01 | 32 -0.04950 -1.62030e+01 | 33 -0.14195 -7.29285e+00
 34 -0.16954 -5.64062e+00 | 35 -0.03843 -1.46410e+01 | 36 -0.12584 -6.64974e+00
 37  0.04199 -2.19219e+01 | 38  0.02857 -1.65232e+01 | 39 -0.11950 -4.37641e+00
 40  0.01134 -1.04712e+01 | 41  0.05109 -1.21209e+01 | 42 -0.14153 -2.27008e+00
 43  0.03342 -7.80165e+00 | 44 -0.11553 -2.06871e+00 | 45  0.01521 -4.77025e+00
 46 -0.04499 -2.31775e+00 | 47 -0.16672 -6.39299e-01 | 48 -0.16443 -4.60429e-01
 49 -0.14683 -3.75370e-01 | 50  0.06547 -1.63421e+00 | 51 -0.15462 -2.07214e-01
 52 -0.05581 -1.98870e-01 | 53 -0.14269  5.40095e-03 | 54 -0.07931  9.99317e-02
 55 -0.05004  2.05103e-01 | 56 -0.12983  1.30967e-01 | 57 -0.04584  3.11016e-01
 58 -0.04590  3.41813e-01 | 59 -0.00279  5.10978e-01 | 60 -0.05788  3.22009e-01
 61 -0.09888  2.65070e-01 | 62 -0.01020  5.44888e-01 | 63 -0.09105  2.73707e-01
 64 -0.13401  1.77263e-01 | 65 -0.04802  3.60020e-01 | 66 -0.13312  1.74453e-01
 67 -0.08803  2.13890e-01 | 68 -0.09203  1.84823e-01 | 69 -0.00084  3.06469e-01
 70 -0.06118  8.82047e-02 | 71 -0.10395  1.07390e-02 | 72 -0.07543  9.17829e-04
 73 -0.06963  2.05406e-04 | 74 -0.44039 -4.61093e+02 | 75 -1.27492 -4.55489e+00
 76  0.98683 -3.26329e-01 | 77  0.97776  1.07502e-01 | 78  1.45427  7.09327e+00
 79  0.10064  1.90814e+01 | 80  0.04363 -3.18375e-02 | 81 -0.98431  5.75483e-04
 82 -0.10164  4.58326e-01 | 83  0.00042 -3.11782e-01 |
83 variables; iteration 4000; function evaluation 4741; phase 3
Function value 3.8558128e+01; maximum gradient component mag -8.4021e+02
Var    Value     Gradient |Var    Value     Gradient |Var    Value     Gradient
  1  0.00968 -8.40209e+02 |  2 -0.00705 -1.39293e+00 |  3 -0.00826 -1.68614e+00
  4 -0.02453 -1.81344e+00 |  5 -0.02597 -2.18376e+00 |  6 -0.02756 -2.61278e+00
  7 -0.02930 -3.09419e+00 |  8 -0.03123 -3.64846e+00 |  9 -0.03329 -4.26737e+00
 10 -0.03547 -4.94894e+00 | 11 -0.03776 -5.69141e+00 | 12 -0.04021 -6.51594e+00
 13 -0.04271 -7.39616e+00 | 14 -0.04524 -8.32674e+00 | 15 -0.04789 -9.35762e+00
 16 -0.05038 -1.04244e+01 | 17 -0.05292 -1.14931e+01 | 18 -0.05512 -1.25073e+01
 19 -0.05648 -1.32752e+01 | 20 -0.05742 -1.39247e+01 | 21 -0.05757 -1.44051e+01
 22 -0.05738 -1.47004e+01 | 23 -0.05697 -1.51533e+01 | 24 -0.05672 -1.57110e+01
 25 -0.05753 -1.58708e+01 | 26 -0.06040 -1.56388e+01 | 27 -0.06367 -1.50252e+01
 28 -0.06429 -1.43998e+01 | 29 -0.05502 -1.48737e+01 | 30 -0.02751 -1.77929e+01
 31  0.00296 -2.19809e+01 | 32 -0.04933 -1.35799e+01 | 33 -0.14197 -6.12758e+00
 34 -0.16955 -4.74009e+00 | 35 -0.03842 -1.22937e+01 | 36 -0.12583 -5.57603e+00
 37  0.04198 -1.83751e+01 | 38  0.02859 -1.38205e+01 | 39 -0.11950 -3.66582e+00
 40  0.01134 -8.76781e+00 | 41  0.05110 -1.01570e+01 | 42 -0.14153 -1.90401e+00
 43  0.03343 -6.52818e+00 | 44 -0.11552 -1.73010e+00 | 45  0.01521 -3.97553e+00
 46 -0.04496 -1.92530e+00 | 47 -0.16673 -5.33800e-01 | 48 -0.16442 -3.82370e-01
 49 -0.14682 -3.12048e-01 | 50  0.06548 -1.40312e+00 | 51 -0.15461 -1.76906e-01
 52 -0.05580 -1.61992e-01 | 53 -0.14268  9.78224e-03 | 54 -0.07930  1.07732e-01
 55 -0.05003  2.01657e-01 | 56 -0.12982  1.28053e-01 | 57 -0.04584  2.87093e-01
 58 -0.04589  3.03852e-01 | 59 -0.00279  4.42207e-01 | 60 -0.05787  2.77068e-01
 61 -0.09887  2.22512e-01 | 62 -0.01019  4.40934e-01 | 63 -0.09104  2.18622e-01
 64 -0.13400  1.37696e-01 | 65 -0.04801  2.72173e-01 | 66 -0.13312  1.32109e-01
 67 -0.08802  1.63437e-01 | 68 -0.09202  1.45814e-01 | 69 -0.00084  2.48066e-01
 70 -0.06116  7.31931e-02 | 71 -0.10394  9.29608e-03 | 72 -0.07542  6.83703e-04
 73 -0.06962  1.82629e-04 | 74 -0.44049 -3.96361e+02 | 75 -1.26471 -3.68528e+00
 76  0.98682 -2.92223e-01 | 77  0.97508  9.86394e-02 | 78  1.45321  5.91930e+00
 79  0.10085  1.60297e+01 | 80  0.04363 -3.73835e-02 | 81 -0.98431  5.32336e-04
 82 -0.10165  3.90926e-01 | 83  0.00041 -2.66034e-01 |
83 variables; iteration 4020; function evaluation 4763; phase 3
Function value 3.8557241e+01; maximum gradient component mag 5.2523e+01
Var    Value     Gradient |Var    Value     Gradient |Var    Value     Gradient
  1  0.00967  5.25227e+01 |  2 -0.00699  1.02342e-01 |  3 -0.00829  1.07074e-01
  4 -0.02462  9.86227e-02 |  5 -0.02596  1.45658e-01 |  6 -0.02750  1.84834e-01
  7 -0.02937  1.87350e-01 |  8 -0.03133  2.12646e-01 |  9 -0.03332  2.70484e-01
 10 -0.03539  3.41503e-01 | 11 -0.03784  3.49484e-01 | 12 -0.04030  4.01005e-01
 13 -0.04267  4.93176e-01 | 14 -0.04510  5.82543e-01 | 15 -0.04791  6.05282e-01
 16 -0.05036  6.91606e-01 | 17 -0.05297  7.26711e-01 | 18 -0.05508  8.27362e-01
 19 -0.05655  8.43018e-01 | 20 -0.05743  9.02080e-01 | 21 -0.05746  9.64626e-01
 22 -0.05714  9.44499e-01 | 23 -0.05669  1.02611e+00 | 24 -0.05669  1.02233e+00
 25 -0.05755  1.01893e+00 | 26 -0.06075  9.49503e-01 | 27 -0.06392  9.24978e-01
 28 -0.06423  9.21458e-01 | 29 -0.05421  1.02623e+00 | 30 -0.02832  1.12356e+00
 31  0.00344  1.36406e+00 | 32 -0.04973  7.37596e-01 | 33 -0.14180  3.06565e-01
 34 -0.16952  2.46364e-01 | 35 -0.03840  7.61642e-01 | 36 -0.12590  3.14156e-01
 37  0.04203  1.16347e+00 | 38  0.02858  8.84400e-01 | 39 -0.11950  1.69757e-01
 40  0.01139  5.06994e-01 | 41  0.05108  4.67449e-01 | 42 -0.14140  1.00686e-01
 43  0.03341  5.61385e-01 | 44 -0.11537  1.89465e-01 | 45  0.01520  4.78309e-01
 46 -0.04495  2.46488e-01 | 47 -0.16669  8.50939e-02 | 48 -0.16440  6.54335e-02
 49 -0.14685  5.15086e-02 | 50  0.06551  2.89634e-01 | 51 -0.15460  3.72924e-02
 52 -0.05577  6.96497e-02 | 53 -0.14264  3.43275e-02 | 54 -0.07929  4.67569e-02
 55 -0.05000  4.73575e-02 | 56 -0.12979  7.66698e-03 | 57 -0.04581 -3.68428e-02
 58 -0.04587 -9.17620e-02 | 59 -0.00277 -1.51628e-01 | 60 -0.05782 -9.76358e-02
 61 -0.09889 -1.08423e-01 | 62 -0.01015 -1.85290e-01 | 63 -0.09106 -1.25826e-01
 64 -0.13395 -6.74667e-02 | 65 -0.04799 -1.71032e-01 | 66 -0.13312 -1.14392e-01
 67 -0.08800 -1.09310e-01 | 68 -0.09200 -7.24688e-02 | 69 -0.00082 -1.00402e-01
 70 -0.06112 -1.65608e-02 | 71 -0.10393 -2.86873e-03 | 72 -0.07540  3.40934e-04
 73 -0.06959  1.11733e-03 | 74 -0.44058  2.93984e+01 | 75 -1.25408  1.93349e-01
 76  0.98698 -9.68912e-02 | 77  0.97353  8.32063e-02 | 78  1.45265 -3.90169e-01
 79  0.10095 -9.82231e-01 | 80  0.04363  1.33197e-01 | 81 -0.98440 -8.88910e-04
 82 -0.10167 -1.33258e-01 | 83  0.00040  1.11787e-01 |
83 variables; iteration 4040; function evaluation 4786; phase 3
Function value 3.8556484e+01; maximum gradient component mag 4.3407e+01
Var    Value     Gradient |Var    Value     Gradient |Var    Value     Gradient
  1  0.00968  4.34065e+01 |  2 -0.00703  5.47446e-02 |  3 -0.00829  6.11193e-02
  4 -0.02456  6.72340e-02 |  5 -0.02595  8.88839e-02 |  6 -0.02764  7.78099e-02
  7 -0.02929  1.26353e-01 |  8 -0.03123  1.44471e-01 |  9 -0.03324  1.79188e-01
 10 -0.03544  1.94128e-01 | 11 -0.03768  2.43040e-01 | 12 -0.04015  2.70000e-01
 13 -0.04273  2.77796e-01 | 14 -0.04537  2.79893e-01 | 15 -0.04788  3.68157e-01
 16 -0.05038  4.07223e-01 | 17 -0.05280  4.76075e-01 | 18 -0.05518  4.62201e-01
 19 -0.05634  5.56016e-01 | 20 -0.05746  5.22529e-01 | 21 -0.05770  5.04778e-01
 22 -0.05734  4.91344e-01 | 23 -0.05689  5.60241e-01 | 24 -0.05671  5.99324e-01
 25 -0.05755  5.91502e-01 | 26 -0.06037  6.45677e-01 | 27 -0.06370  5.87233e-01
 28 -0.06393  6.22726e-01 | 29 -0.05499  4.23970e-01 | 30 -0.02814  6.85970e-01
 31  0.00330  7.89512e-01 | 32 -0.04956  4.56523e-01 | 33 -0.14188  1.37424e-01
 34 -0.16950  1.37119e-01 | 35 -0.03842  4.52276e-01 | 36 -0.12586  2.43313e-01
 37  0.04202  1.07983e+00 | 38  0.02857  8.98515e-01 | 39 -0.11942  2.73439e-01
 40  0.01133  9.24876e-01 | 41  0.05113  1.27907e+00 | 42 -0.14153  2.19914e-01
 43  0.03344  8.42653e-01 | 44 -0.11549  1.93673e-01 | 45  0.01522  4.49274e-01
 46 -0.04494  1.54249e-01 | 47 -0.16675 -9.10240e-03 | 48 -0.16441 -3.77181e-02
 49 -0.14680 -7.05967e-02 | 50  0.06549 -5.35622e-01 | 51 -0.15459 -6.81990e-02
 52 -0.05577 -9.63977e-02 | 53 -0.14265 -2.95470e-02 | 54 -0.07929 -2.12499e-02
 55 -0.05002  8.01730e-03 | 56 -0.12979  3.52819e-02 | 57 -0.04583  1.19468e-01
 58 -0.04587  1.85321e-01 | 59 -0.00278  3.48096e-01 | 60 -0.05784  2.66557e-01
 61 -0.09887  2.06929e-01 | 62 -0.01017  4.59089e-01 | 63 -0.09103  2.49268e-01
 64 -0.13398  1.99286e-01 | 65 -0.04800  4.15967e-01 | 66 -0.13311  1.89422e-01
 67 -0.08801  2.27204e-01 | 68 -0.09200  1.40116e-01 | 69 -0.00083  8.20165e-02
 70 -0.06113  1.51067e-02 | 71 -0.10393 -4.00140e-04 | 72 -0.07541 -1.09725e-03
 73 -0.06960 -6.05146e-04 | 74 -0.44067  3.14899e+01 | 75 -1.24340  1.98364e-01
 76  0.98691 -1.03402e-01 | 77  0.97095  7.78657e-02 | 78  1.45242 -2.69622e-01
 79  0.10100 -7.34499e-01 | 80  0.04363 -7.20628e-02 | 81 -0.98433 -1.58857e-06
 82 -0.10167  3.55398e-01 | 83  0.00040 -2.25503e-01 |
83 variables; iteration 4060; function evaluation 4806; phase 3
Function value 3.8555798e+01; maximum gradient component mag -9.6184e+02
Var    Value     Gradient |Var    Value     Gradient |Var    Value     Gradient
  1  0.00968 -9.61836e+02 |  2 -0.00704 -1.59566e+00 |  3 -0.00829 -1.94490e+00
  4 -0.02453 -2.08511e+00 |  5 -0.02594 -2.50486e+00 |  6 -0.02759 -3.01041e+00
  7 -0.02932 -3.56192e+00 |  8 -0.03125 -4.20155e+00 |  9 -0.03329 -4.90581e+00
 10 -0.03544 -5.67951e+00 | 11 -0.03774 -6.53945e+00 | 12 -0.04021 -7.48985e+00
 13 -0.04268 -8.49547e+00 | 14 -0.04521 -9.56496e+00 | 15 -0.04788 -1.07539e+01
 16 -0.05042 -1.19905e+01 | 17 -0.05295 -1.32172e+01 | 18 -0.05509 -1.43716e+01
 19 -0.05659 -1.52800e+01 | 20 -0.05741 -1.60048e+01 | 21 -0.05748 -1.65413e+01
 22 -0.05720 -1.68532e+01 | 23 -0.05691 -1.74026e+01 | 24 -0.05677 -1.80674e+01
 25 -0.05748 -1.82338e+01 | 26 -0.06056 -1.80073e+01 | 27 -0.06375 -1.72911e+01
 28 -0.06440 -1.65728e+01 | 29 -0.05475 -1.70534e+01 | 30 -0.02767 -2.04723e+01
 31  0.00321 -2.52377e+01 | 32 -0.04960 -1.56678e+01 | 33 -0.14191 -7.05490e+00
 34 -0.16952 -5.45773e+00 | 35 -0.03842 -1.41616e+01 | 36 -0.12593 -6.42424e+00
 37  0.04204 -2.11054e+01 | 38  0.02854 -1.58621e+01 | 39 -0.11945 -4.17103e+00
 40  0.01136 -9.91849e+00 | 41  0.05109 -1.13833e+01 | 42 -0.14148 -2.12463e+00
 43  0.03342 -7.26358e+00 | 44 -0.11550 -1.90691e+00 | 45  0.01523 -4.38305e+00
 46 -0.04498 -2.13088e+00 | 47 -0.16675 -6.00008e-01 | 48 -0.16440 -4.33172e-01
 49 -0.14680 -3.70068e-01 | 50  0.06548 -1.77665e+00 | 51 -0.15459 -2.24478e-01
 52 -0.05578 -2.04007e-01 | 53 -0.14263  1.31002e-02 | 54 -0.07930  1.44815e-01
 55 -0.05001  2.72888e-01 | 56 -0.12980  1.75097e-01 | 57 -0.04583  3.91034e-01
 58 -0.04587  4.16551e-01 | 59 -0.00278  6.08808e-01 | 60 -0.05784  4.00706e-01
 61 -0.09886  3.05355e-01 | 62 -0.01018  6.23251e-01 | 63 -0.09103  3.15874e-01
 64 -0.13398  2.29719e-01 | 65 -0.04801  4.49724e-01 | 66 -0.13310  2.13397e-01
 67 -0.08802  2.66520e-01 | 68 -0.09201  2.16382e-01 | 69 -0.00083  3.07900e-01
 70 -0.06113  8.84445e-02 | 71 -0.10393  1.04447e-02 | 72 -0.07541  5.04057e-04
 73 -0.06960  1.45252e-04 | 74 -0.44075 -4.86496e+02 | 75 -1.23308 -3.69552e+00
 76  0.98692 -3.14213e-01 | 77  0.96921  9.05724e-02 | 78  1.45341  6.81068e+00
 79  0.10082  1.83954e+01 | 80  0.04363 -2.29184e-02 | 81 -0.98432  5.27287e-04
 82 -0.10168  5.67234e-01 | 83  0.00039 -3.71455e-01 |
83 variables; iteration 4080; function evaluation 4829; phase 3
Function value 3.8555238e+01; maximum gradient component mag -7.6484e+02
Var    Value     Gradient |Var    Value     Gradient |Var    Value     Gradient
  1  0.00968 -7.64839e+02 |  2 -0.00704 -1.25774e+00 |  3 -0.00827 -1.52735e+00
  4 -0.02455 -1.64381e+00 |  5 -0.02598 -1.97816e+00 |  6 -0.02754 -2.35729e+00
  7 -0.02931 -2.80112e+00 |  8 -0.03125 -3.30473e+00 |  9 -0.03330 -3.86122e+00
 10 -0.03546 -4.47414e+00 | 11 -0.03777 -5.15095e+00 | 12 -0.04022 -5.89532e+00
 13 -0.04272 -6.69140e+00 | 14 -0.04524 -7.53087e+00 | 15 -0.04790 -8.46588e+00
 16 -0.05038 -9.42763e+00 | 17 -0.05292 -1.03968e+01 | 18 -0.05513 -1.13155e+01
 19 -0.05649 -1.20071e+01 | 20 -0.05744 -1.25980e+01 | 21 -0.05757 -1.30292e+01
 22 -0.05723 -1.32727e+01 | 23 -0.05686 -1.36887e+01 | 24 -0.05669 -1.42043e+01
 25 -0.05755 -1.43564e+01 | 26 -0.06059 -1.41707e+01 | 27 -0.06382 -1.36108e+01
 28 -0.06432 -1.30284e+01 | 29 -0.05474 -1.34185e+01 | 30 -0.02756 -1.60707e+01
 31  0.00302 -1.98512e+01 | 32 -0.04939 -1.22456e+01 | 33 -0.14195 -5.51858e+00
 34 -0.16954 -4.27433e+00 | 35 -0.03842 -1.11074e+01 | 36 -0.12587 -5.05976e+00
 37  0.04201 -1.67761e+01 | 38  0.02857 -1.26611e+01 | 39 -0.11950 -3.37741e+00
 40  0.01138 -8.17311e+00 | 41  0.05108 -9.54437e+00 | 42 -0.14144 -1.78380e+00
 43  0.03342 -6.10892e+00 | 44 -0.11549 -1.60521e+00 | 45  0.01522 -3.67409e+00
 46 -0.04496 -1.74595e+00 | 47 -0.16673 -4.62621e-01 | 48 -0.16440 -3.19033e-01
 49 -0.14683 -2.46062e-01 | 50  0.06548 -1.04442e+00 | 51 -0.15459 -1.25694e-01
 52 -0.05578 -7.59529e-02 | 53 -0.14262  4.08883e-02 | 54 -0.07931  1.57087e-01
 55 -0.05001  2.34632e-01 | 56 -0.12980  1.30233e-01 | 57 -0.04584  2.35931e-01
 58 -0.04587  1.98787e-01 | 59 -0.00278  2.37533e-01 | 60 -0.05783  1.22477e-01
 61 -0.09886  8.31395e-02 | 62 -0.01019  1.38829e-01 | 63 -0.09102  3.94530e-02
 64 -0.13398  9.69541e-03 | 65 -0.04801 -3.74848e-03 | 66 -0.13310 -1.12086e-02
 67 -0.08802 -1.69591e-04 | 68 -0.09200  4.14328e-02 | 69 -0.00084  1.47219e-01
 70 -0.06112  5.28307e-02 | 71 -0.10393  7.21436e-03 | 72 -0.07541  1.17003e-03
 73 -0.06961  1.03475e-03 | 74 -0.44082 -3.99227e+02 | 75 -1.22390 -2.86492e+00
 76  0.98757 -2.42204e-01 | 77  0.96834  8.63482e-02 | 78  1.45332  5.36426e+00
 79  0.10082  1.45471e+01 | 80  0.04363 -5.91983e-03 | 81 -0.98434  1.84206e-04
 82 -0.10168  1.86728e-01 | 83  0.00039 -1.23573e-01 |
83 variables; iteration 4100; function evaluation 4850; phase 3
Function value 3.8554606e+01; maximum gradient component mag -9.7011e+02
Var    Value     Gradient |Var    Value     Gradient |Var    Value     Gradient
  1  0.00968 -9.70108e+02 |  2 -0.00703 -1.60111e+00 |  3 -0.00828 -1.94868e+00
  4 -0.02455 -2.09678e+00 |  5 -0.02597 -2.52150e+00 |  6 -0.02755 -3.01056e+00
  7 -0.02933 -3.57914e+00 |  8 -0.03126 -4.21843e+00 |  9 -0.03331 -4.92717e+00
 10 -0.03547 -5.70947e+00 | 11 -0.03778 -6.57257e+00 | 12 -0.04023 -7.52427e+00
 13 -0.04272 -8.53734e+00 | 14 -0.04523 -9.60673e+00 | 15 -0.04791 -1.08019e+01
 16 -0.05040 -1.20325e+01 | 17 -0.05292 -1.32616e+01 | 18 -0.05512 -1.44347e+01
 19 -0.05652 -1.53249e+01 | 20 -0.05743 -1.60712e+01 | 21 -0.05756 -1.66200e+01
 22 -0.05724 -1.69259e+01 | 23 -0.05689 -1.74680e+01 | 24 -0.05672 -1.81302e+01
 25 -0.05747 -1.83038e+01 | 26 -0.06051 -1.80702e+01 | 27 -0.06377 -1.73630e+01
 28 -0.06424 -1.66134e+01 | 29 -0.05473 -1.71170e+01 | 30 -0.02780 -2.05568e+01
 31  0.00324 -2.53342e+01 | 32 -0.04961 -1.57136e+01 | 33 -0.14185 -7.05457e+00
 34 -0.16952 -5.46733e+00 | 35 -0.03843 -1.42112e+01 | 36 -0.12587 -6.43953e+00
 37  0.04201 -2.12244e+01 | 38  0.02857 -1.59743e+01 | 39 -0.11951 -4.23118e+00
 40  0.01138 -1.01802e+01 | 41  0.05107 -1.18040e+01 | 42 -0.14143 -2.19639e+00
 43  0.03342 -7.51562e+00 | 44 -0.11549 -1.96485e+00 | 45  0.01522 -4.51704e+00
 46 -0.04497 -2.17350e+00 | 47 -0.16674 -5.89084e-01 | 48 -0.16439 -4.17806e-01
 49 -0.14682 -3.43682e-01 | 50  0.06548 -1.54183e+00 | 51 -0.15458 -1.92613e-01
 52 -0.05578 -1.57474e-01 | 53 -0.14261  3.09379e-02 | 54 -0.07932  1.64006e-01
 55 -0.05001  2.80227e-01 | 56 -0.12981  1.66091e-01 | 57 -0.04584  3.40921e-01
 58 -0.04588  3.28408e-01 | 59 -0.00279  4.51591e-01 | 60 -0.05783  2.75937e-01
 61 -0.09886  2.10342e-01 | 62 -0.01019  4.15047e-01 | 63 -0.09101  1.97974e-01
 64 -0.13398  1.34435e-01 | 65 -0.04802  2.51344e-01 | 66 -0.13310  1.13815e-01
 67 -0.08802  1.51882e-01 | 68 -0.09200  1.44687e-01 | 69 -0.00084  2.58244e-01
 70 -0.06112  8.03882e-02 | 71 -0.10393  1.00834e-02 | 72 -0.07541  9.48331e-04
 73 -0.06961  7.58527e-04 | 74 -0.44089 -5.14618e+02 | 75 -1.21321 -3.43013e+00
 76  0.98737 -2.94453e-01 | 77  0.96632  8.78006e-02 | 78  1.45426  6.86499e+00
 79  0.10064  1.84688e+01 | 80  0.04363  1.44060e-02 | 81 -0.98434  1.80019e-04
 82 -0.10169  4.07147e-01 | 83  0.00039 -2.66342e-01 |
83 variables; iteration 4120; function evaluation 4873; phase 3
Function value 3.8553955e+01; maximum gradient component mag 1.4162e+02
Var    Value     Gradient |Var    Value     Gradient |Var    Value     Gradient
  1  0.00968  1.41616e+02 |  2 -0.00704  2.35418e-01 |  3 -0.00829  2.81748e-01
  4 -0.02457  3.01885e-01 |  5 -0.02596  3.71976e-01 |  6 -0.02758  4.33851e-01
  7 -0.02931  5.24459e-01 |  8 -0.03127  6.10709e-01 |  9 -0.03329  7.22245e-01
 10 -0.03545  8.36038e-01 | 11 -0.03774  9.69422e-01 | 12 -0.04022  1.10075e+00
 13 -0.04271  1.24683e+00 | 14 -0.04526  1.39718e+00 | 15 -0.04790  1.57819e+00
 16 -0.05041  1.75383e+00 | 17 -0.05291  1.93290e+00 | 18 -0.05513  2.10595e+00
 19 -0.05652  2.22313e+00 | 20 -0.05744  2.33713e+00 | 21 -0.05753  2.42890e+00
 22 -0.05723  2.42595e+00 | 23 -0.05687  2.52748e+00 | 24 -0.05668  2.64391e+00
 25 -0.05746  2.67764e+00 | 26 -0.06059  2.60904e+00 | 27 -0.06375  2.52015e+00
 28 -0.06425  2.39128e+00 | 29 -0.05414  2.56623e+00 | 30 -0.02862  2.90480e+00
 31  0.00352  3.74442e+00 | 32 -0.04973  2.23871e+00 | 33 -0.14183  9.65079e-01
 34 -0.16948  7.73782e-01 | 35 -0.03842  2.05419e+00 | 36 -0.12588  9.06683e-01
 37  0.04201  3.06774e+00 | 38  0.02857  2.29013e+00 | 39 -0.11950  5.87670e-01
 40  0.01137  1.55112e+00 | 41  0.05108  1.81711e+00 | 42 -0.14145  3.19240e-01
 43  0.03343  1.19444e+00 | 44 -0.11549  3.03343e-01 | 45  0.01522  7.27967e-01
 46 -0.04496  3.45764e-01 | 47 -0.16674  9.07560e-02 | 48 -0.16439  6.45625e-02
 49 -0.14682  5.55633e-02 | 50  0.06548  2.49078e-01 | 51 -0.15458  3.00297e-02
 52 -0.05578  1.80528e-02 | 53 -0.14260 -6.91716e-03 | 54 -0.07932 -3.89631e-02
 55 -0.05001 -5.03716e-02 | 56 -0.12981 -3.07145e-02 | 57 -0.04584 -5.51373e-02
 58 -0.04587 -4.86611e-02 | 59 -0.00279 -5.49482e-02 | 60 -0.05782 -2.78832e-02
 61 -0.09886 -1.95970e-02 | 62 -0.01019 -3.34684e-02 | 63 -0.09101 -1.99457e-02
 64 -0.13398 -1.03995e-02 | 65 -0.04801 -2.74213e-02 | 66 -0.13310 -1.81668e-02
 67 -0.08802 -2.12363e-02 | 68 -0.09200 -2.25835e-02 | 69 -0.00084 -4.47017e-02
 70 -0.06111 -1.29021e-02 | 71 -0.10393 -1.83615e-03 | 72 -0.07541 -2.05365e-04
 73 -0.06960 -1.39406e-04 | 74 -0.44097  8.06763e+01 | 75 -1.20038  4.50922e-01
 76  0.98723 -7.20443e-02 | 77  0.96411  6.55951e-02 | 78  1.45405 -9.94403e-01
 79  0.10068 -2.68843e+00 | 80  0.04363 -1.49178e-02 | 81 -0.98434  1.02318e-05
 82 -0.10169 -5.42821e-02 | 83  0.00039  3.45842e-02 |
83 variables; iteration 4140; function evaluation 4894; phase 3
Function value 3.8553487e+01; maximum gradient component mag -5.8059e+02
Var    Value     Gradient |Var    Value     Gradient |Var    Value     Gradient
  1  0.00968 -5.80585e+02 |  2 -0.00704 -9.53918e-01 |  3 -0.00828 -1.16057e+00
  4 -0.02456 -1.24859e+00 |  5 -0.02597 -1.49947e+00 |  6 -0.02757 -1.79359e+00
  7 -0.02931 -2.12432e+00 |  8 -0.03125 -2.50892e+00 |  9 -0.03330 -2.93010e+00
 10 -0.03545 -3.39204e+00 | 11 -0.03775 -3.90165e+00 | 12 -0.04022 -4.47263e+00
 13 -0.04271 -5.07403e+00 | 14 -0.04525 -5.71802e+00 | 15 -0.04790 -6.42181e+00
 16 -0.05043 -7.16288e+00 | 17 -0.05293 -7.89106e+00 | 18 -0.05513 -8.58657e+00
 19 -0.05651 -9.11787e+00 | 20 -0.05744 -9.56244e+00 | 21 -0.05754 -9.88263e+00
 22 -0.05722 -1.00795e+01 | 23 -0.05692 -1.04056e+01 | 24 -0.05671 -1.07852e+01
 25 -0.05744 -1.08778e+01 | 26 -0.06053 -1.07559e+01 | 27 -0.06368 -1.03208e+01
 28 -0.06425 -9.90297e+00 | 29 -0.05425 -1.01406e+01 | 30 -0.02860 -1.22712e+01
 31  0.00350 -1.50080e+01 | 32 -0.04969 -9.31148e+00 | 33 -0.14183 -4.20057e+00
 34 -0.16949 -3.24748e+00 | 35 -0.03842 -8.43710e+00 | 36 -0.12589 -3.85743e+00
 37  0.04201 -1.27787e+01 | 38  0.02858 -9.65089e+00 | 39 -0.11951 -2.57023e+00
 40  0.01138 -6.19262e+00 | 41  0.05107 -7.21282e+00 | 42 -0.14143 -1.35329e+00
 43  0.03343 -4.60812e+00 | 44 -0.11550 -1.20900e+00 | 45  0.01523 -2.76013e+00
 46 -0.04495 -1.31272e+00 | 47 -0.16674 -3.48261e-01 | 48 -0.16438 -2.37429e-01
 49 -0.14681 -1.78763e-01 | 50  0.06548 -7.64199e-01 | 51 -0.15457 -9.30158e-02
 52 -0.05577 -5.63594e-02 | 53 -0.14260  3.05560e-02 | 54 -0.07932  1.13021e-01
 55 -0.05001  1.74880e-01 | 56 -0.12980  9.48701e-02 | 57 -0.04584  1.73819e-01
 58 -0.04587  1.45052e-01 | 59 -0.00279  1.71801e-01 | 60 -0.05782  8.92279e-02
 61 -0.09886  5.67644e-02 | 62 -0.01019  9.65134e-02 | 63 -0.09100  2.23565e-02
 64 -0.13398  4.98121e-03 | 65 -0.04801 -1.21688e-02 | 66 -0.13310 -1.54060e-02
 67 -0.08802 -6.50817e-03 | 68 -0.09199  2.79665e-02 | 69 -0.00084  1.07469e-01
 70 -0.06111  3.96472e-02 | 71 -0.10393  5.53644e-03 | 72 -0.07541  9.79134e-04
 73 -0.06960  8.00555e-04 | 74 -0.44103 -3.22453e+02 | 75 -1.19046 -1.85274e+00
 76  0.98762 -2.03891e-01 | 77  0.96290  7.79861e-02 | 78  1.45394  4.08762e+00
 79  0.10070  1.10318e+01 | 80  0.04363 -7.81519e-03 | 81 -0.98433  2.43296e-04
 82 -0.10169  1.29578e-01 | 83  0.00038 -8.60354e-02 |
83 variables; iteration 4160; function evaluation 4916; phase 3
Function value 3.8552980e+01; maximum gradient component mag -4.3117e+02
Var    Value     Gradient |Var    Value     Gradient |Var    Value     Gradient
  1  0.00968 -4.31168e+02 |  2 -0.00704 -7.02958e-01 |  3 -0.00828 -8.53391e-01
  4 -0.02454 -9.16882e-01 |  5 -0.02598 -1.10539e+00 |  6 -0.02756 -1.32033e+00
  7 -0.02930 -1.56072e+00 |  8 -0.03125 -1.84618e+00 |  9 -0.03330 -2.15855e+00
 10 -0.03546 -2.50023e+00 | 11 -0.03775 -2.87175e+00 | 12 -0.04021 -3.29138e+00
 13 -0.04271 -3.73602e+00 | 14 -0.04524 -4.20911e+00 | 15 -0.04791 -4.73073e+00
 16 -0.05041 -5.27073e+00 | 17 -0.05295 -5.81661e+00 | 18 -0.05513 -6.32243e+00
 19 -0.05651 -6.71320e+00 | 20 -0.05746 -7.04750e+00 | 21 -0.05752 -7.27056e+00
 22 -0.05723 -7.43125e+00 | 23 -0.05678 -7.63310e+00 | 24 -0.05674 -7.94760e+00
 25 -0.05764 -8.05074e+00 | 26 -0.06061 -7.93314e+00 | 27 -0.06374 -7.59907e+00
 28 -0.06416 -7.26226e+00 | 29 -0.05463 -7.51209e+00 | 30 -0.02794 -8.97201e+00
 31  0.00313 -1.10839e+01 | 32 -0.04941 -6.78857e+00 | 33 -0.14194 -3.09047e+00
 34 -0.16953 -2.38799e+00 | 35 -0.03842 -6.21455e+00 | 36 -0.12590 -2.86942e+00
 37  0.04202 -9.57911e+00 | 38  0.02857 -7.26223e+00 | 39 -0.11951 -1.95258e+00
 40  0.01139 -4.72362e+00 | 41  0.05107 -5.54531e+00 | 42 -0.14142 -1.04636e+00
 43  0.03343 -3.54334e+00 | 44 -0.11548 -9.26933e-01 | 45  0.01522 -2.11189e+00
 46 -0.04495 -9.92396e-01 | 47 -0.16675 -2.55041e-01 | 48 -0.16439 -1.65410e-01
 49 -0.14682 -1.03476e-01 | 50  0.06548 -3.73775e-01 | 51 -0.15457 -4.46550e-02
 52 -0.05577 -1.49641e-02 | 53 -0.14258  2.71778e-02 | 54 -0.07933  7.03567e-02
 55 -0.05000  1.06278e-01 | 56 -0.12981  4.81640e-02 | 57 -0.04584  7.84799e-02
 58 -0.04587  4.64922e-02 | 59 -0.00278  3.62570e-02 | 60 -0.05781 -1.51157e-03
 61 -0.09885 -6.41022e-03 | 62 -0.01019 -4.42660e-02 | 63 -0.09099 -5.31783e-02
 64 -0.13398 -6.31042e-02 | 65 -0.04801 -1.49102e-01 | 66 -0.13310 -8.08734e-02
 67 -0.08802 -8.59309e-02 | 68 -0.09199 -2.96306e-02 | 69 -0.00084  4.53638e-02
 70 -0.06110  2.34113e-02 | 71 -0.10393  3.96037e-03 | 72 -0.07540  9.49588e-04
 73 -0.06960  6.48861e-04 | 74 -0.44110 -2.46043e+02 | 75 -1.17863 -1.30541e+00
 76  0.98743 -1.80707e-01 | 77  0.96051  7.33369e-02 | 78  1.45348  3.00930e+00
 79  0.10080  8.18962e+00 | 80  0.04363 -2.24863e-02 | 81 -0.98433  3.12773e-04
 82 -0.10170 -1.39123e-02 | 83  0.00038  1.57281e-03 |
83 variables; iteration 4180; function evaluation 4938; phase 3
Function value 3.8552563e+01; maximum gradient component mag -7.6195e+01
Var    Value     Gradient |Var    Value     Gradient |Var    Value     Gradient
  1  0.00968 -7.61946e+01 |  2 -0.00705 -1.26886e-01 |  3 -0.00828 -1.50853e-01
  4 -0.02455 -1.61091e-01 |  5 -0.02597 -1.94813e-01 |  6 -0.02756 -2.32458e-01
  7 -0.02932 -2.76937e-01 |  8 -0.03125 -3.27048e-01 |  9 -0.03330 -3.79572e-01
 10 -0.03546 -4.41550e-01 | 11 -0.03780 -5.16020e-01 | 12 -0.04025 -5.86647e-01
 13 -0.04272 -6.60060e-01 | 14 -0.04522 -7.35913e-01 | 15 -0.04791 -8.35165e-01
 16 -0.05037 -9.17924e-01 | 17 -0.05291 -1.02562e+00 | 18 -0.05513 -1.11402e+00
 19 -0.05650 -1.18603e+00 | 20 -0.05743 -1.24317e+00 | 21 -0.05759 -1.29696e+00
 22 -0.05723 -1.34072e+00 | 23 -0.05687 -1.36277e+00 | 24 -0.05666 -1.39061e+00
 25 -0.05746 -1.40514e+00 | 26 -0.06045 -1.37909e+00 | 27 -0.06381 -1.36677e+00
 28 -0.06413 -1.27616e+00 | 29 -0.05449 -1.33801e+00 | 30 -0.02838 -1.61636e+00
 31  0.00353 -1.89520e+00 | 32 -0.04981 -1.25563e+00 | 33 -0.14175 -5.59753e-01
 34 -0.16948 -4.28393e-01 | 35 -0.03843 -1.08125e+00 | 36 -0.12591 -5.07311e-01
 37  0.04205 -1.62931e+00 | 38  0.02855 -1.25200e+00 | 39 -0.11949 -3.57906e-01
 40  0.01140 -7.99817e-01 | 41  0.05107 -9.63328e-01 | 42 -0.14138 -1.92917e-01
 43  0.03343 -6.21017e-01 | 44 -0.11549 -1.76386e-01 | 45  0.01524 -3.89875e-01
 46 -0.04496 -1.89529e-01 | 47 -0.16675 -5.44877e-02 | 48 -0.16438 -3.45431e-02
 49 -0.14682 -2.46678e-02 | 50  0.06549 -7.99997e-02 | 51 -0.15456 -7.47756e-03
 52 -0.05576 -6.83115e-04 | 53 -0.14257  4.46042e-03 | 54 -0.07931  1.80153e-02
 55 -0.04999  1.84115e-02 | 56 -0.12979  1.15158e-02 | 57 -0.04583  1.68240e-02
 58 -0.04586  1.31894e-02 | 59 -0.00277  9.60692e-03 | 60 -0.05780 -2.51831e-03
 61 -0.09884 -1.16018e-03 | 62 -0.01019 -1.39803e-02 | 63 -0.09098 -1.23381e-02
 64 -0.13397 -1.68214e-02 | 65 -0.04801 -3.20562e-02 | 66 -0.13308 -1.32425e-02
 67 -0.08801 -1.89881e-02 | 68 -0.09198 -9.04791e-03 | 69 -0.00083  4.92040e-03
 70 -0.06108  2.99019e-03 | 71 -0.10391  5.41164e-04 | 72 -0.07539  1.50015e-04
 73 -0.06959  9.84492e-05 | 74 -0.44115 -4.26082e+01 | 75 -1.16762 -2.28869e-01
 76  0.98783 -9.61995e-02 | 77  0.95945  6.52406e-02 | 78  1.45347  5.28060e-01
 79  0.10079  1.44781e+00 | 80  0.04363  1.13129e-02 | 81 -0.98436 -3.99907e-05
 82 -0.10171  9.35589e-04 | 83  0.00037 -5.83535e-03 |
83 variables; iteration 4200; function evaluation 4959; phase 3
Function value 3.8552190e+01; maximum gradient component mag -8.6287e+02
Var    Value     Gradient |Var    Value     Gradient |Var    Value     Gradient
  1  0.00968 -8.62875e+02 |  2 -0.00703 -1.42992e+00 |  3 -0.00829 -1.74555e+00
  4 -0.02455 -1.87636e+00 |  5 -0.02596 -2.25100e+00 |  6 -0.02755 -2.69270e+00
  7 -0.02933 -3.20174e+00 |  8 -0.03126 -3.77377e+00 |  9 -0.03331 -4.40737e+00
 10 -0.03547 -5.10425e+00 | 11 -0.03774 -5.86883e+00 | 12 -0.04020 -6.72204e+00
 13 -0.04273 -7.63622e+00 | 14 -0.04525 -8.59455e+00 | 15 -0.04790 -9.65616e+00
 16 -0.05043 -1.07656e+01 | 17 -0.05290 -1.18551e+01 | 18 -0.05513 -1.29081e+01
 19 -0.05650 -1.37002e+01 | 20 -0.05744 -1.43715e+01 | 21 -0.05752 -1.48533e+01
 22 -0.05722 -1.51334e+01 | 23 -0.05685 -1.56111e+01 | 24 -0.05677 -1.62173e+01
 25 -0.05757 -1.63783e+01 | 26 -0.06059 -1.61703e+01 | 27 -0.06359 -1.54987e+01
 28 -0.06418 -1.48507e+01 | 29 -0.05447 -1.52843e+01 | 30 -0.02824 -1.84163e+01
 31  0.00322 -2.27314e+01 | 32 -0.04945 -1.40698e+01 | 33 -0.14193 -6.34819e+00
 34 -0.16950 -4.90366e+00 | 35 -0.03842 -1.27151e+01 | 36 -0.12588 -5.73147e+00
 37  0.04202 -1.88394e+01 | 38  0.02858 -1.41299e+01 | 39 -0.11951 -3.73027e+00
 40  0.01139 -8.91383e+00 | 41  0.05107 -1.02597e+01 | 42 -0.14142 -1.90660e+00
 43  0.03344 -6.50984e+00 | 44 -0.11551 -1.70143e+00 | 45  0.01524 -3.90711e+00
 46 -0.04495 -1.89014e+00 | 47 -0.16673 -5.19315e-01 | 48 -0.16436 -3.80517e-01
 49 -0.14684 -3.38264e-01 | 50  0.06549 -1.60957e+00 | 51 -0.15456 -2.03525e-01
 52 -0.05576 -1.79696e-01 | 53 -0.14257  2.13450e-02 | 54 -0.07932  1.55481e-01
 55 -0.04999  2.77734e-01 | 56 -0.12979  1.73088e-01 | 57 -0.04583  3.69061e-01
 58 -0.04586  3.74843e-01 | 59 -0.00278  5.28058e-01 | 60 -0.05780  3.43881e-01
 61 -0.09885  2.60077e-01 | 62 -0.01019  5.34158e-01 | 63 -0.09099  2.76093e-01
 64 -0.13396  2.16789e-01 | 65 -0.04801  4.19950e-01 | 66 -0.13309  1.98110e-01
 67 -0.08802  2.54340e-01 | 68 -0.09198  2.00847e-01 | 69 -0.00084  2.82467e-01
 70 -0.06109  8.04684e-02 | 71 -0.10392  9.37792e-03 | 72 -0.07540  4.00972e-04
 73 -0.06960  3.71461e-04 | 74 -0.44121 -5.00818e+02 | 75 -1.15582 -2.21171e+00
 76  0.98801 -2.43432e-01 | 77  0.95776  8.12949e-02 | 78  1.45341  6.10682e+00
 79  0.10080  1.64854e+01 | 80  0.04363 -2.53679e-03 | 81 -0.98435  1.07578e-04
 82 -0.10171  5.12205e-01 | 83  0.00037 -3.25005e-01 |
83 variables; iteration 4220; function evaluation 4983; phase 3
Function value 3.8551786e+01; maximum gradient component mag -5.8682e+02
Var    Value     Gradient |Var    Value     Gradient |Var    Value     Gradient
  1  0.00968 -5.86821e+02 |  2 -0.00704 -9.72079e-01 |  3 -0.00829 -1.18415e+00
  4 -0.02455 -1.27206e+00 |  5 -0.02596 -1.52749e+00 |  6 -0.02756 -1.82797e+00
  7 -0.02933 -2.17176e+00 |  8 -0.03126 -2.56012e+00 |  9 -0.03330 -2.98799e+00
 10 -0.03546 -3.46127e+00 | 11 -0.03777 -3.98582e+00 | 12 -0.04023 -4.56319e+00
 13 -0.04272 -5.17945e+00 | 14 -0.04524 -5.82799e+00 | 15 -0.04791 -6.55151e+00
 16 -0.05040 -7.29767e+00 | 17 -0.05292 -8.04420e+00 | 18 -0.05514 -8.75711e+00
 19 -0.05651 -9.29542e+00 | 20 -0.05744 -9.75021e+00 | 21 -0.05756 -1.00821e+01
 22 -0.05722 -1.02763e+01 | 23 -0.05684 -1.05894e+01 | 24 -0.05670 -1.09936e+01
 25 -0.05753 -1.11113e+01 | 26 -0.06051 -1.09610e+01 | 27 -0.06371 -1.05303e+01
 28 -0.06410 -1.00660e+01 | 29 -0.05443 -1.03718e+01 | 30 -0.02845 -1.25097e+01
 31  0.00344 -1.53726e+01 | 32 -0.04967 -9.54466e+00 | 33 -0.14182 -4.30016e+00
 34 -0.16949 -3.32289e+00 | 35 -0.03842 -8.61331e+00 | 36 -0.12590 -3.89685e+00
 37  0.04204 -1.28155e+01 | 38  0.02857 -9.62959e+00 | 39 -0.11951 -2.55184e+00
 40  0.01140 -6.09136e+00 | 41  0.05106 -7.03737e+00 | 42 -0.14139 -1.31490e+00
 43  0.03344 -4.48259e+00 | 44 -0.11551 -1.17845e+00 | 45  0.01525 -2.70331e+00
 46 -0.04495 -1.30728e+00 | 47 -0.16675 -3.60900e-01 | 48 -0.16436 -2.59835e-01
 49 -0.14682 -2.22701e-01 | 50  0.06549 -1.03415e+00 | 51 -0.15456 -1.29665e-01
 52 -0.05576 -1.10204e-01 | 53 -0.14256  1.53641e-02 | 54 -0.07932  1.03827e-01
 55 -0.04999  1.78498e-01 | 56 -0.12979  1.10815e-01 | 57 -0.04583  2.32100e-01
 58 -0.04586  2.33702e-01 | 59 -0.00278  3.26300e-01 | 60 -0.05779  2.06843e-01
 61 -0.09884  1.56190e-01 | 62 -0.01019  3.14510e-01 | 63 -0.09098  1.56289e-01
 64 -0.13396  1.15002e-01 | 65 -0.04801  2.21987e-01 | 66 -0.13308  1.04955e-01
 67 -0.08802  1.33915e-01 | 68 -0.09198  1.13202e-01 | 69 -0.00084  1.74627e-01
 70 -0.06108  5.15817e-02 | 71 -0.10391  6.20127e-03 | 72 -0.07539  4.16947e-04
 73 -0.06959  3.28406e-04 | 74 -0.44126 -3.47743e+02 | 75 -1.14153 -1.37129e+00
 76  0.98797 -1.91118e-01 | 77  0.95570  7.44730e-02 | 78  1.45357  4.14848e+00
 79  0.10077  1.11971e+01 | 80  0.04363  2.67017e-03 | 81 -0.98435  8.81598e-05
 82 -0.10172  3.04942e-01 | 83  0.00037 -1.97624e-01 |
83 variables; iteration 4240; function evaluation 5006; phase 3
Function value 3.8551462e+01; maximum gradient component mag -4.2809e+02
Var    Value     Gradient |Var    Value     Gradient |Var    Value     Gradient
  1  0.00968 -4.28092e+02 |  2 -0.00704 -7.04733e-01 |  3 -0.00827 -8.53995e-01
  4 -0.02455 -9.19952e-01 |  5 -0.02598 -1.10861e+00 |  6 -0.02756 -1.32383e+00
  7 -0.02932 -1.56932e+00 |  8 -0.03124 -1.84950e+00 |  9 -0.03330 -2.16205e+00
 10 -0.03546 -2.50480e+00 | 11 -0.03778 -2.88712e+00 | 12 -0.04023 -3.30302e+00
 13 -0.04271 -3.74508e+00 | 14 -0.04524 -4.21919e+00 | 15 -0.04790 -4.73914e+00
 16 -0.05040 -5.28117e+00 | 17 -0.05293 -5.82470e+00 | 18 -0.05514 -6.33828e+00
 19 -0.05649 -6.72552e+00 | 20 -0.05743 -7.05555e+00 | 21 -0.05755 -7.29515e+00
 22 -0.05720 -7.44241e+00 | 23 -0.05686 -7.67156e+00 | 24 -0.05672 -7.96206e+00
 25 -0.05753 -8.04264e+00 | 26 -0.06055 -7.93815e+00 | 27 -0.06373 -7.61691e+00
 28 -0.06424 -7.30367e+00 | 29 -0.05455 -7.51967e+00 | 30 -0.02808 -9.01179e+00
 31  0.00327 -1.10995e+01 | 32 -0.04955 -6.84419e+00 | 33 -0.14187 -3.09544e+00
 34 -0.16952 -2.39848e+00 | 35 -0.03842 -6.22125e+00 | 36 -0.12592 -2.84353e+00
 37  0.04204 -9.40315e+00 | 38  0.02856 -7.08808e+00 | 39 -0.11951 -1.89663e+00
 40  0.01141 -4.54897e+00 | 41  0.05106 -5.31273e+00 | 42 -0.14138 -1.00066e+00
 43  0.03344 -3.40398e+00 | 44 -0.11552 -9.01583e-01 | 45  0.01525 -2.06132e+00
 46 -0.04495 -9.92122e-01 | 47 -0.16676 -2.73527e-01 | 48 -0.16437 -1.87756e-01
 49 -0.14682 -1.43621e-01 | 50  0.06549 -6.17241e-01 | 51 -0.15455 -7.58087e-02
 52 -0.05576 -5.43388e-02 | 53 -0.14255  1.47711e-02 | 54 -0.07932  7.08687e-02
 55 -0.04999  1.11441e-01 | 56 -0.12979  6.52448e-02 | 57 -0.04584  1.26960e-01
 58 -0.04586  1.19150e-01 | 59 -0.00278  1.62405e-01 | 60 -0.05779  9.24478e-02
 61 -0.09884  6.80318e-02 | 62 -0.01019  1.28656e-01 | 63 -0.09097  4.95330e-02
 64 -0.13397  1.73954e-02 | 65 -0.04801  2.87407e-02 | 66 -0.13308  9.21229e-03
 67 -0.08802  1.37428e-02 | 68 -0.09197  3.39490e-02 | 69 -0.00084  8.93677e-02
 70 -0.06108  3.12153e-02 | 71 -0.10392  4.14920e-03 | 72 -0.07540  6.28876e-04
 73 -0.06959  5.03440e-04 | 74 -0.44132 -2.59921e+02 | 75 -1.12718 -9.05491e-01
 76  0.98781 -1.65821e-01 | 77  0.95339  6.99882e-02 | 78  1.45339  3.00439e+00
 79  0.10081  8.15239e+00 | 80  0.04363 -1.37469e-03 | 81 -0.98434  2.50416e-04
 82 -0.10172  1.27008e-01 | 83  0.00037 -8.75000e-02 |
83 variables; iteration 4260; function evaluation 5029; phase 3
Function value 3.8551229e+01; maximum gradient component mag -2.0034e+02
Var    Value     Gradient |Var    Value     Gradient |Var    Value     Gradient
  1  0.00968 -2.00341e+02 |  2 -0.00704 -3.30893e-01 |  3 -0.00828 -4.02853e-01
  4 -0.02455 -4.32960e-01 |  5 -0.02597 -5.20884e-01 |  6 -0.02756 -6.22634e-01
  7 -0.02932 -7.40343e-01 |  8 -0.03125 -8.72406e-01 |  9 -0.03330 -1.01928e+00
 10 -0.03546 -1.18013e+00 | 11 -0.03777 -1.35901e+00 | 12 -0.04022 -1.55496e+00
 13 -0.04272 -1.76558e+00 | 14 -0.04524 -1.98705e+00 | 15 -0.04790 -2.23158e+00
 16 -0.05040 -2.48623e+00 | 17 -0.05292 -2.74424e+00 | 18 -0.05513 -2.98586e+00
 19 -0.05650 -3.16999e+00 | 20 -0.05743 -3.32544e+00 | 21 -0.05756 -3.43809e+00
 22 -0.05721 -3.52226e+00 | 23 -0.05686 -3.61763e+00 | 24 -0.05670 -3.74922e+00
 25 -0.05752 -3.78908e+00 | 26 -0.06053 -3.73809e+00 | 27 -0.06374 -3.59057e+00
 28 -0.06419 -3.43923e+00 | 29 -0.05450 -3.54604e+00 | 30 -0.02824 -4.26159e+00
 31  0.00336 -5.23668e+00 | 32 -0.04963 -3.25421e+00 | 33 -0.14184 -1.48651e+00
 34 -0.16950 -1.14045e+00 | 35 -0.03842 -2.93012e+00 | 36 -0.12593 -1.33757e+00
 37  0.04205 -4.36702e+00 | 38  0.02856 -3.28883e+00 | 39 -0.11950 -8.91135e-01
 40  0.01141 -2.07284e+00 | 41  0.05106 -2.41492e+00 | 42 -0.14137 -4.60983e-01
 43  0.03344 -1.53461e+00 | 44 -0.11551 -4.12387e-01 | 45  0.01526 -9.29789e-01
 46 -0.04496 -4.52433e-01 | 47 -0.16675 -1.27178e-01 | 48 -0.16436 -8.97915e-02
 49 -0.14682 -7.73405e-02 | 50  0.06550 -3.58329e-01 | 51 -0.15454 -4.50923e-02
 52 -0.05575 -3.83945e-02 | 53 -0.14254  4.82129e-03 | 54 -0.07932  3.51094e-02
 55 -0.04998  5.99636e-02 | 56 -0.12978  3.76010e-02 | 57 -0.04583  7.88641e-02
 58 -0.04585  7.98707e-02 | 59 -0.00278  1.12484e-01 | 60 -0.05778  7.12751e-02
 61 -0.09883  5.45101e-02 | 62 -0.01019  1.10421e-01 | 63 -0.09096  5.63251e-02
 64 -0.13396  4.09691e-02 | 65 -0.04801  8.08713e-02 | 66 -0.13307  3.86567e-02
 67 -0.08802  4.89517e-02 | 68 -0.09197  4.12277e-02 | 69 -0.00084  6.22923e-02
 70 -0.06106  1.81875e-02 | 71 -0.10391  2.18955e-03 | 72 -0.07539  1.40665e-04
 73 -0.06959  1.17566e-04 | 74 -0.44136 -1.21688e+02 | 75 -1.11324 -3.72976e-01
 76  0.98796 -1.16062e-01 | 77  0.95170  6.38211e-02 | 78  1.45324  1.40823e+00
 79  0.10084  3.83507e+00 | 80  0.04363  5.20305e-04 | 81 -0.98435  9.47031e-05
 82 -0.10173  1.06285e-01 | 83  0.00036 -6.86872e-02 |
83 variables; iteration 4280; function evaluation 5053; phase 3
Function value 3.8551087e+01; maximum gradient component mag -3.0660e+02
Var    Value     Gradient |Var    Value     Gradient |Var    Value     Gradient
  1  0.00968 -3.06596e+02 |  2 -0.00704 -5.06154e-01 |  3 -0.00828 -6.16140e-01
  4 -0.02455 -6.61535e-01 |  5 -0.02597 -7.96087e-01 |  6 -0.02756 -9.50338e-01
  7 -0.02932 -1.12920e+00 |  8 -0.03126 -1.33275e+00 |  9 -0.03331 -1.55664e+00
 10 -0.03547 -1.80266e+00 | 11 -0.03777 -2.07386e+00 | 12 -0.04023 -2.37514e+00
 13 -0.04272 -2.69678e+00 | 14 -0.04524 -3.03246e+00 | 15 -0.04791 -3.41065e+00
 16 -0.05040 -3.79783e+00 | 17 -0.05292 -4.18962e+00 | 18 -0.05513 -4.55749e+00
 19 -0.05651 -4.84089e+00 | 20 -0.05745 -5.07970e+00 | 21 -0.05756 -5.24818e+00
 22 -0.05723 -5.36691e+00 | 23 -0.05682 -5.51047e+00 | 24 -0.05670 -5.72350e+00
 25 -0.05755 -5.79178e+00 | 26 -0.06054 -5.71047e+00 | 27 -0.06377 -5.48929e+00
 28 -0.06413 -5.23282e+00 | 29 -0.05455 -5.41843e+00 | 30 -0.02815 -6.49153e+00
 31  0.00333 -8.00182e+00 | 32 -0.04962 -4.96234e+00 | 33 -0.14185 -2.24957e+00
 34 -0.16950 -1.73294e+00 | 35 -0.03842 -4.47895e+00 | 36 -0.12593 -2.04011e+00
 37  0.04204 -6.70395e+00 | 38  0.02856 -5.05414e+00 | 39 -0.11952 -1.35355e+00
 40  0.01141 -3.21088e+00 | 41  0.05105 -3.73311e+00 | 42 -0.14136 -7.03209e-01
 43  0.03343 -2.37080e+00 | 44 -0.11551 -6.25905e-01 | 45  0.01525 -1.42637e+00
 46 -0.04496 -6.87671e-01 | 47 -0.16676 -1.88027e-01 | 48 -0.16436 -1.32354e-01
 49 -0.14682 -1.08862e-01 | 50  0.06549 -4.92552e-01 | 51 -0.15454 -6.09000e-02
 52 -0.05576 -4.74039e-02 | 53 -0.14253  1.15951e-02 | 54 -0.07933  5.73138e-02
 55 -0.04998  9.45639e-02 | 56 -0.12979  5.58415e-02 | 57 -0.04584  1.11956e-01
 58 -0.04586  1.06313e-01 | 59 -0.00278  1.42941e-01 | 60 -0.05778  8.63163e-02
 61 -0.09884  6.42447e-02 | 62 -0.01019  1.24193e-01 | 63 -0.09096  5.81099e-02
 64 -0.13396  4.05571e-02 | 65 -0.04801  7.49624e-02 | 66 -0.13308  3.35569e-02
 67 -0.08802  4.54525e-02 | 68 -0.09197  4.37174e-02 | 69 -0.00084  7.87657e-02
 70 -0.06107  2.47410e-02 | 71 -0.10391  3.10643e-03 | 72 -0.07539  3.12221e-04
 73 -0.06959  2.41143e-04 | 74 -0.44140 -1.90434e+02 | 75 -1.09980 -5.00407e-01
 76  0.98806 -1.33217e-01 | 77  0.95009  6.60514e-02 | 78  1.45376  2.16371e+00
 79  0.10074  5.84509e+00 | 80  0.04363 -4.79989e-03 | 81 -0.98435  1.00519e-04
 82 -0.10173  1.28868e-01 | 83  0.00036 -8.35226e-02 |
83 variables; iteration 4300; function evaluation 5075; phase 3
Function value 3.8551031e+01; maximum gradient component mag -1.5677e+02
Var    Value     Gradient |Var    Value     Gradient |Var    Value     Gradient
  1  0.00968 -1.56769e+02 |  2 -0.00704 -2.58604e-01 |  3 -0.00828 -3.14886e-01
  4 -0.02455 -3.38163e-01 |  5 -0.02597 -4.07176e-01 |  6 -0.02756 -4.85489e-01
  7 -0.02932 -5.77604e-01 |  8 -0.03125 -6.82102e-01 |  9 -0.03330 -7.96700e-01
 10 -0.03546 -9.22175e-01 | 11 -0.03777 -1.06045e+00 | 12 -0.04022 -1.21458e+00
 13 -0.04272 -1.37993e+00 | 14 -0.04524 -1.55142e+00 | 15 -0.04791 -1.74406e+00
 16 -0.05040 -1.94202e+00 | 17 -0.05292 -2.14483e+00 | 18 -0.05513 -2.33184e+00
 19 -0.05650 -2.47797e+00 | 20 -0.05744 -2.60112e+00 | 21 -0.05756 -2.68587e+00
 22 -0.05722 -2.76097e+00 | 23 -0.05683 -2.82224e+00 | 24 -0.05670 -2.92978e+00
 25 -0.05754 -2.96717e+00 | 26 -0.06054 -2.92256e+00 | 27 -0.06376 -2.80906e+00
 28 -0.06415 -2.67568e+00 | 29 -0.05453 -2.78038e+00 | 30 -0.02820 -3.32582e+00
 31  0.00335 -4.09331e+00 | 32 -0.04963 -2.54498e+00 | 33 -0.14184 -1.16856e+00
 34 -0.16950 -8.93198e-01 | 35 -0.03842 -2.28783e+00 | 36 -0.12594 -1.04881e+00
 37  0.04205 -3.41906e+00 | 38  0.02855 -2.58022e+00 | 39 -0.11951 -7.03345e-01
 40  0.01142 -1.62666e+00 | 41  0.05105 -1.90126e+00 | 42 -0.14136 -3.64488e-01
 43  0.03344 -1.19993e+00 | 44 -0.11551 -3.22223e-01 | 45  0.01526 -7.23326e-01
 46 -0.04496 -3.51241e-01 | 47 -0.16676 -9.80439e-02 | 48 -0.16436 -6.88170e-02
 49 -0.14682 -5.80010e-02 | 50  0.06550 -2.68745e-01 | 51 -0.15454 -3.35692e-02
 52 -0.05575 -2.72340e-02 | 53 -0.14252  5.28662e-03 | 54 -0.07932  2.94731e-02
 55 -0.04998  4.94687e-02 | 56 -0.12979  2.98796e-02 | 57 -0.04583  6.09682e-02
 58 -0.04585  5.93964e-02 | 59 -0.00278  8.19379e-02 | 60 -0.05778  5.11138e-02
 61 -0.09883  3.85230e-02 | 62 -0.01019  7.64323e-02 | 63 -0.09096  3.77271e-02
 64 -0.13396  2.74212e-02 | 65 -0.04801  5.23872e-02 | 66 -0.13307  2.41476e-02
 67 -0.08802  3.15738e-02 | 68 -0.09196  2.75336e-02 | 69 -0.00084  4.40214e-02
 70 -0.06106  1.33066e-02 | 71 -0.10391  1.62512e-03 | 72 -0.07539  1.31130e-04
 73 -0.06959  1.02939e-04 | 74 -0.44143 -9.75181e+01 | 75 -1.08970 -2.24029e-01
 76  0.98806 -1.04159e-01 | 77  0.94877  6.17459e-02 | 78  1.45337  1.10132e+00
 79  0.10081  3.00103e+00 | 80  0.04363 -4.15465e-03 | 81 -0.98435  8.93062e-05
 82 -0.10174  7.62864e-02 | 83  0.00036 -4.87636e-02 |
83 variables; iteration 4320; function evaluation 5096; phase 3
Function value 3.8551021e+01; maximum gradient component mag -2.3136e+00
Var    Value     Gradient |Var    Value     Gradient |Var    Value     Gradient
  1  0.00968 -2.31357e+00 |  2 -0.00704 -2.86890e-03 |  3 -0.00828 -3.55203e-03
  4 -0.02455 -3.82202e-03 |  5 -0.02597 -4.59953e-03 |  6 -0.02756 -5.47498e-03
  7 -0.02932 -6.65823e-03 |  8 -0.03125 -9.02825e-03 |  9 -0.03330 -1.00149e-02
 10 -0.03546 -1.10592e-02 | 11 -0.03777 -1.23818e-02 | 12 -0.04023 -1.43626e-02
 13 -0.04272 -1.67917e-02 | 14 -0.04524 -1.88141e-02 | 15 -0.04791 -1.96199e-02
 16 -0.05040 -2.14585e-02 | 17 -0.05292 -2.94152e-02 | 18 -0.05513 -2.93210e-02
 19 -0.05650 -3.27455e-02 | 20 -0.05744 -3.62018e-02 | 21 -0.05756 -3.47613e-02
 22 -0.05721 -6.37438e-02 | 23 -0.05685 -4.19636e-02 | 24 -0.05671 -4.05681e-02
 25 -0.05753 -4.57144e-02 | 26 -0.06053 -3.83391e-02 | 27 -0.06374 -3.40235e-02
 28 -0.06418 -3.31580e-02 | 29 -0.05452 -5.26858e-02 | 30 -0.02820 -4.28204e-02
 31  0.00334 -5.14006e-02 | 32 -0.04961 -3.57180e-02 | 33 -0.14185 -4.88603e-02
 34 -0.16950 -2.33874e-02 | 35 -0.03842 -2.06078e-02 | 36 -0.12593 -2.66466e-02
 37  0.04205 -3.97952e-02 | 38  0.02856 -4.19635e-02 | 39 -0.11951 -3.66209e-02
 40  0.01142 -7.48753e-03 | 41  0.05105 -3.14376e-02 | 42 -0.14136 -1.96422e-02
 43  0.03344 -8.87981e-03 | 44 -0.11551 -1.33143e-02 | 45  0.01526 -8.01710e-03
 46 -0.04495 -6.84633e-03 | 47 -0.16676 -4.52417e-03 | 48 -0.16436 -1.34202e-03
 49 -0.14682 -1.01284e-03 | 50  0.06549 -4.74530e-03 | 51 -0.15454 -6.83307e-04
 52 -0.05575 -4.41997e-04 | 53 -0.14252  1.18189e-04 | 54 -0.07933  5.40844e-04
 55 -0.04998  8.35073e-04 | 56 -0.12979  4.90013e-04 | 57 -0.04583  9.25425e-04
 58 -0.04585  8.48060e-04 | 59 -0.00278  1.15702e-03 | 60 -0.05778  6.67003e-04
 61 -0.09883  5.05917e-04 | 62 -0.01019  1.01498e-03 | 63 -0.09096  4.57326e-04
 64 -0.13396  3.40977e-04 | 65 -0.04801  6.57294e-04 | 66 -0.13307  3.05951e-04
 67 -0.08802  4.68645e-04 | 68 -0.09197  4.75054e-04 | 69 -0.00084  8.37276e-04
 70 -0.06106  2.42991e-04 | 71 -0.10391  3.67981e-05 | 72 -0.07539  5.45972e-06
 73 -0.06959  2.65215e-06 | 74 -0.44144 -5.05925e-01 | 75 -1.08384  5.96411e-03
 76  0.98807 -7.40555e-02 | 77  0.94807  5.73619e-02 | 78  1.45351  1.12989e-02
 79  0.10079  5.41074e-02 | 80  0.04363 -1.77578e-03 | 81 -0.98435  6.09380e-05
 82 -0.10174  1.02585e-03 | 83  0.00036 -6.38178e-04 |
83 variables; iteration 4340; function evaluation 5116; phase 3
Function value 3.8551021e+01; maximum gradient component mag 5.7436e+00
Var    Value     Gradient |Var    Value     Gradient |Var    Value     Gradient
  1  0.00968  5.74356e+00 |  2 -0.00704  1.07100e-02 |  3 -0.00828  1.25493e-02
  4 -0.02455  1.36548e-02 |  5 -0.02597  1.59499e-02 |  6 -0.02756  1.95481e-02
  7 -0.02932  2.28704e-02 |  8 -0.03125  2.56956e-02 |  9 -0.03330  3.03969e-02
 10 -0.03546  3.58131e-02 | 11 -0.03777  4.20299e-02 | 12 -0.04023  4.77669e-02
 13 -0.04272  5.34275e-02 | 14 -0.04524  6.05183e-02 | 15 -0.04791  6.92641e-02
 16 -0.05040  7.77627e-02 | 17 -0.05292  7.98684e-02 | 18 -0.05513  8.99323e-02
 19 -0.05650  9.33121e-02 | 20 -0.05744  9.57447e-02 | 21 -0.05756  1.02288e-01
 22 -0.05721  7.47220e-02 | 23 -0.05684  1.03318e-01 | 24 -0.05670  1.09244e-01
 25 -0.05753  1.04185e-01 | 26 -0.06053  1.10251e-01 | 27 -0.06374  1.07450e-01
 28 -0.06417  1.06377e-01 | 29 -0.05452  8.69840e-02 | 30 -0.02819  1.27412e-01
 31  0.00334  1.57348e-01 | 32 -0.04961  9.19590e-02 | 33 -0.14185  8.71523e-03
 34 -0.16950  2.11005e-02 | 35 -0.03842  9.50408e-02 | 36 -0.12593  2.59808e-02
 37  0.04205  1.38039e-01 | 38  0.02856  9.27610e-02 | 39 -0.11951 -1.01210e-03
 40  0.01142  7.94063e-02 | 41  0.05105  6.87611e-02 | 42 -0.14136 -8.90709e-04
 43  0.03344  5.77962e-02 | 44 -0.11551  4.65940e-03 | 45  0.01526  3.23393e-02
 46 -0.04495  1.15161e-02 | 47 -0.16676  1.39967e-04 | 48 -0.16436  2.09833e-03
 49 -0.14682  1.89492e-03 | 50  0.06549  9.53538e-03 | 51 -0.15454  8.97002e-04
 52 -0.05575  7.18163e-04 | 53 -0.14252  8.69448e-05 | 54 -0.07933 -1.05409e-03
 55 -0.04998 -1.56829e-03 | 56 -0.12979 -1.27759e-03 | 57 -0.04583 -2.70233e-03
 58 -0.04585 -2.99292e-03 | 59 -0.00278 -2.86366e-03 | 60 -0.05778 -1.35704e-03
 61 -0.09883 -1.91123e-04 | 62 -0.01019 -1.16208e-04 | 63 -0.09096  9.08203e-04
 64 -0.13396  6.84135e-04 | 65 -0.04801  1.66857e-03 | 66 -0.13307  6.36811e-04
 67 -0.08802  9.56372e-04 | 68 -0.09197  5.35010e-05 | 69 -0.00084 -1.37311e-03
 70 -0.06106 -4.52879e-04 | 71 -0.10391 -5.41990e-05 | 72 -0.07539 -7.42802e-06
 73 -0.06959 -9.38903e-06 | 74 -0.44144  4.62273e+00 | 75 -1.08347  1.72679e-02
 76  0.98808 -7.20869e-02 | 77  0.94804  5.71299e-02 | 78  1.45349 -4.54931e-02
 79  0.10079 -9.86172e-02 | 80  0.04363 -2.94457e-03 | 81 -0.98435  6.31621e-05
 82 -0.10174 -1.61750e-03 | 83  0.00036  1.82450e-03 |
83 variables; iteration 4360; function evaluation 5142; phase 3
Function value 3.8550898e+01; maximum gradient component mag -4.7707e+02
Var    Value     Gradient |Var    Value     Gradient |Var    Value     Gradient
  1  0.00968 -4.77066e+02 |  2 -0.00705 -7.89436e-01 |  3 -0.00828 -9.58491e-01
  4 -0.02455 -1.03125e+00 |  5 -0.02597 -1.23842e+00 |  6 -0.02756 -1.48139e+00
  7 -0.02932 -1.75821e+00 |  8 -0.03125 -2.07311e+00 |  9 -0.03330 -2.42124e+00
 10 -0.03546 -2.80467e+00 | 11 -0.03777 -3.23021e+00 | 12 -0.04023 -3.69776e+00
 13 -0.04272 -4.19533e+00 | 14 -0.04524 -4.72288e+00 | 15 -0.04791 -5.30767e+00
 16 -0.05040 -5.91331e+00 | 17 -0.05292 -6.51987e+00 | 18 -0.05514 -7.09600e+00
 19 -0.05650 -7.53077e+00 | 20 -0.05743 -7.89956e+00 | 21 -0.05756 -8.16844e+00
 22 -0.05721 -8.32883e+00 | 23 -0.05686 -8.58525e+00 | 24 -0.05671 -8.90994e+00
 25 -0.05752 -9.00212e+00 | 26 -0.06053 -8.88359e+00 | 27 -0.06373 -8.53032e+00
 28 -0.06419 -8.16753e+00 | 29 -0.05451 -8.41273e+00 | 30 -0.02820 -1.01132e+01
 31  0.00333 -1.24499e+01 | 32 -0.04960 -7.70878e+00 | 33 -0.14185 -3.47914e+00
 34 -0.16950 -2.68895e+00 | 35 -0.03841 -6.96979e+00 | 36 -0.12593 -3.16589e+00
 37  0.04204 -1.04473e+01 | 38  0.02856 -7.86646e+00 | 39 -0.11952 -2.09225e+00
 40  0.01142 -5.00606e+00 | 41  0.05105 -5.80385e+00 | 42 -0.14136 -1.08741e+00
 43  0.03344 -3.70810e+00 | 44 -0.11552 -9.77598e-01 | 45  0.01525 -2.23468e+00
 46 -0.04495 -1.07263e+00 | 47 -0.16676 -2.92447e-01 | 48 -0.16436 -2.08335e-01
 49 -0.14682 -1.72274e-01 | 50  0.06549 -7.89483e-01 | 51 -0.15454 -9.73275e-02
 52 -0.05575 -7.80923e-02 | 53 -0.14253  1.41549e-02 | 54 -0.07933  8.47050e-02
 55 -0.04998  1.41786e-01 | 56 -0.12979  8.66290e-02 | 57 -0.04584  1.77547e-01
 58 -0.04585  1.74616e-01 | 59 -0.00278  2.35541e-01 | 60 -0.05778  1.43392e-01
 61 -0.09883  1.03335e-01 | 62 -0.01019  2.03157e-01 | 63 -0.09096  9.12805e-02
 64 -0.13396  6.20028e-02 | 65 -0.04801  1.14793e-01 | 66 -0.13307  5.20833e-02
 67 -0.08802  6.90861e-02 | 68 -0.09196  6.95908e-02 | 69 -0.00084  1.27438e-01
 70 -0.06106  3.96491e-02 | 71 -0.10391  4.93711e-03 | 72 -0.07539  4.79410e-04
 73 -0.06959  3.89682e-04 | 74 -0.44146 -3.03358e+02 | 75 -1.07246 -5.53309e-01
 76  0.98805 -1.66170e-01 | 77  0.94380  7.01252e-02 | 78  1.45369  3.36597e+00
 79  0.10075  9.09202e+00 | 80  0.04363  3.15028e-03 | 81 -0.98435  1.29161e-04
 82 -0.10174  2.07107e-01 | 83  0.00036 -1.38191e-01 |
83 variables; iteration 4380; function evaluation 5164; phase 3
Function value 3.8549470e+01; maximum gradient component mag -8.5091e+02
Var    Value     Gradient |Var    Value     Gradient |Var    Value     Gradient
  1  0.00968 -8.50912e+02 |  2 -0.00700 -1.40452e+00 |  3 -0.00828 -1.72008e+00
  4 -0.02452 -1.84321e+00 |  5 -0.02599 -2.22963e+00 |  6 -0.02754 -2.65236e+00
  7 -0.02932 -3.15386e+00 |  8 -0.03125 -3.72041e+00 |  9 -0.03332 -4.35106e+00
 10 -0.03548 -5.03761e+00 | 11 -0.03773 -5.78690e+00 | 12 -0.04020 -6.63018e+00
 13 -0.04273 -7.53255e+00 | 14 -0.04521 -8.46773e+00 | 15 -0.04792 -9.52966e+00
 16 -0.05039 -1.06093e+01 | 17 -0.05291 -1.16939e+01 | 18 -0.05507 -1.27177e+01
 19 -0.05653 -1.35176e+01 | 20 -0.05752 -1.41891e+01 | 21 -0.05752 -1.46482e+01
 22 -0.05737 -1.49538e+01 | 23 -0.05648 -1.53295e+01 | 24 -0.05656 -1.59569e+01
 25 -0.05776 -1.61849e+01 | 26 -0.06066 -1.59538e+01 | 27 -0.06420 -1.53824e+01
 28 -0.06355 -1.45327e+01 | 29 -0.05495 -1.51321e+01 | 30 -0.02789 -1.81113e+01
 31  0.00344 -2.23349e+01 | 32 -0.04985 -1.39083e+01 | 33 -0.14176 -6.22788e+00
 34 -0.16948 -4.82993e+00 | 35 -0.03842 -1.25491e+01 | 36 -0.12600 -5.66356e+00
 37  0.04209 -1.85574e+01 | 38  0.02852 -1.39215e+01 | 39 -0.11951 -3.67140e+00
 40  0.01144 -8.80002e+00 | 41  0.05104 -1.01696e+01 | 42 -0.14132 -1.88640e+00
 43  0.03343 -6.40584e+00 | 44 -0.11548 -1.66125e+00 | 45  0.01526 -3.86037e+00
 46 -0.04497 -1.89786e+00 | 47 -0.16678 -5.34584e-01 | 48 -0.16437 -3.85743e-01
 49 -0.14683 -3.28179e-01 | 50  0.06551 -1.50416e+00 | 51 -0.15454 -1.92689e-01
 52 -0.05574 -1.70582e-01 | 53 -0.14248  2.54103e-02 | 54 -0.07933  1.39537e-01
 55 -0.04995  2.54562e-01 | 56 -0.12978  1.51191e-01 | 57 -0.04582  3.23675e-01
 58 -0.04584  3.24901e-01 | 59 -0.00276  4.99671e-01 | 60 -0.05777  3.32276e-01
 61 -0.09880  2.72285e-01 | 62 -0.01019  5.55256e-01 | 63 -0.09093  2.99753e-01
 64 -0.13395  2.14323e-01 | 65 -0.04800  4.24400e-01 | 66 -0.13306  1.92900e-01
 67 -0.08801  2.49475e-01 | 68 -0.09195  1.91233e-01 | 69 -0.00083  2.53282e-01
 70 -0.06103  7.46604e-02 | 71 -0.10389  8.65326e-03 | 72 -0.07537  4.34895e-04
 73 -0.06957  2.64714e-04 | 74 -0.44150 -5.46412e+02 | 75 -1.04707 -6.20578e-01
 76  0.98809 -2.37032e-01 | 77  0.90437  1.03066e-01 | 78  1.45334  6.02212e+00
 79  0.10082  1.62615e+01 | 80  0.04363 -2.90104e-02 | 81 -0.98436  2.69578e-04
 82 -0.10176  4.88780e-01 | 83  0.00035 -2.98285e-01 |
83 variables; iteration 4400; function evaluation 5186; phase 3
Function value 3.8543781e+01; maximum gradient component mag 6.3641e+02
Var    Value     Gradient |Var    Value     Gradient |Var    Value     Gradient
  1  0.00967  6.36409e+02 |  2 -0.00700  1.05291e+00 |  3 -0.00826  1.27336e+00
  4 -0.02453  1.36811e+00 |  5 -0.02598  1.63509e+00 |  6 -0.02756  1.95654e+00
  7 -0.02930  2.32979e+00 |  8 -0.03124  2.74296e+00 |  9 -0.03330  3.20212e+00
 10 -0.03546  3.70975e+00 | 11 -0.03773  4.28150e+00 | 12 -0.04019  4.89919e+00
 13 -0.04269  5.55579e+00 | 14 -0.04520  6.25903e+00 | 15 -0.04788  7.03261e+00
 16 -0.05034  7.84863e+00 | 17 -0.05290  8.62391e+00 | 18 -0.05501  9.43086e+00
 19 -0.05656  9.93205e+00 | 20 -0.05761  1.03711e+01 | 21 -0.05746  1.08385e+01
 22 -0.05775  1.07370e+01 | 23 -0.05591  1.17171e+01 | 24 -0.05630  1.19489e+01
 25 -0.05813  1.16532e+01 | 26 -0.06064  1.16938e+01 | 27 -0.06450  1.09750e+01
 28 -0.06190  1.16255e+01 | 29 -0.05521  1.08198e+01 | 30 -0.03015  1.28747e+01
 31  0.00481  1.71874e+01 | 32 -0.05092  9.76346e+00 | 33 -0.14129  4.53054e+00
 34 -0.16940  3.52217e+00 | 35 -0.03825  9.29675e+00 | 36 -0.12610  4.13796e+00
 37  0.04200  1.40743e+01 | 38  0.02867  1.05902e+01 | 39 -0.11979  2.71598e+00
 40  0.01149  6.92547e+00 | 41  0.05101  7.94401e+00 | 42 -0.14147  1.43258e+00
 43  0.03352  5.20804e+00 | 44 -0.11567  1.32878e+00 | 45  0.01525  3.10955e+00
 46 -0.04490  1.43605e+00 | 47 -0.16682  3.55680e-01 | 48 -0.16437  2.48018e-01
 49 -0.14684  1.95147e-01 | 50  0.06556  8.75750e-01 | 51 -0.15461  1.00193e-01
 52 -0.05565  4.47865e-02 | 53 -0.14240 -4.02297e-02 | 54 -0.07929 -1.74097e-01
 55 -0.04989 -2.37945e-01 | 56 -0.12974 -1.36585e-01 | 57 -0.04578 -2.30389e-01
 58 -0.04579 -1.80629e-01 | 59 -0.00271 -1.42043e-01 | 60 -0.05771 -4.44438e-02
 61 -0.09874 -2.81902e-03 | 62 -0.01014  3.94581e-02 | 63 -0.09088  5.83936e-02
 64 -0.13390  4.28981e-02 | 65 -0.04795  1.14132e-01 | 66 -0.13301  5.00620e-02
 67 -0.08797  5.62487e-02 | 68 -0.09187 -5.29482e-03 | 69 -0.00078 -1.23908e-01
 70 -0.06094 -4.43351e-02 | 71 -0.10386 -6.95114e-03 | 72 -0.07531 -1.26482e-03
 73 -0.06952 -1.13714e-03 | 74 -0.44154  4.13463e+02 | 75 -1.00511  3.34111e-01
 76  0.98422 -2.85557e-02 | 77  0.77078  1.83822e-02 | 78  1.45312 -4.46068e+00
 79  0.10087 -1.20595e+01 | 80  0.04363  5.85989e-04 | 81 -0.98435  2.30985e-04
 82 -0.10180 -9.46931e-02 | 83  0.00032  7.35167e-02 |
83 variables; iteration 4420; function evaluation 5224; phase 3
Function value 3.8465122e+01; maximum gradient component mag 1.2337e+04
Var    Value     Gradient |Var    Value     Gradient |Var    Value     Gradient
  1  0.00961  1.23373e+04 |  2 -0.00700  2.04297e+01 |  3 -0.00833  2.48066e+01
  4 -0.02458  2.66860e+01 |  5 -0.02591  3.21456e+01 |  6 -0.02761  3.83468e+01
  7 -0.02926  4.56038e+01 |  8 -0.03121  5.37409e+01 |  9 -0.03327  6.27952e+01
 10 -0.03556  7.26551e+01 | 11 -0.03784  8.37069e+01 | 12 -0.04036  9.57965e+01
 13 -0.04273  1.08855e+02 | 14 -0.04533  1.22471e+02 | 15 -0.04791  1.37835e+02
 16 -0.05031  1.53719e+02 | 17 -0.05314  1.68848e+02 | 18 -0.05519  1.84091e+02
 19 -0.05653  1.95442e+02 | 20 -0.05774  2.04490e+02 | 21 -0.05742  2.12427e+02
 22 -0.05843  2.13250e+02 | 23 -0.05602  2.24800e+02 | 24 -0.05606  2.33058e+02
 25 -0.05749  2.34101e+02 | 26 -0.06049  2.31132e+02 | 27 -0.06425  2.20941e+02
 28 -0.06161  2.17619e+02 | 29 -0.05531  2.17009e+02 | 30 -0.03319  2.52065e+02
 31  0.00470  3.27538e+02 | 32 -0.05008  1.98685e+02 | 33 -0.14043  9.02439e+01
 34 -0.16956  6.91583e+01 | 35 -0.03750  1.80931e+02 | 36 -0.12513  8.15695e+01
 37  0.04053  2.65415e+02 | 38  0.02984  2.03946e+02 | 39 -0.12079  5.29482e+01
 40  0.01099  1.30211e+02 | 41  0.05088  1.51624e+02 | 42 -0.14212  2.80728e+01
 43  0.03353  9.76025e+01 | 44 -0.11536  2.53989e+01 | 45  0.01426  5.80996e+01
 46 -0.04427  2.82975e+01 | 47 -0.16700  7.72658e+00 | 48 -0.16450  5.68020e+00
 49 -0.14709  4.83839e+00 | 50  0.06573  2.31197e+01 | 51 -0.15561  2.88667e+00
 52 -0.05513  2.63854e+00 | 53 -0.14295 -1.27860e-01 | 54 -0.07882 -1.84247e+00
 55 -0.04980 -3.30702e+00 | 56 -0.12963 -2.23063e+00 | 57 -0.04553 -4.89867e+00
 58 -0.04578 -5.34967e+00 | 59 -0.00251 -8.04548e+00 | 60 -0.05791 -5.37543e+00
 61 -0.09855 -3.97869e+00 | 62 -0.00997 -8.15802e+00 | 63 -0.09098 -3.97658e+00
 64 -0.13391 -2.85582e+00 | 65 -0.04782 -5.44972e+00 | 66 -0.13312 -2.57317e+00
 67 -0.08794 -3.37131e+00 | 68 -0.09199 -2.82972e+00 | 69 -0.00051 -4.02393e+00
 70 -0.06096 -1.20196e+00 | 71 -0.10360 -1.43897e-01 | 72 -0.07505 -8.61530e-04
 73 -0.06928  2.56404e-03 | 74 -0.44142  7.82005e+03 | 75 -0.91697 -1.69792e+01
 76  1.04164 -7.76846e+00 | 77  0.54434 -1.80878e+01 | 78  1.46315 -8.93741e+01
 79  0.09881 -2.34454e+02 | 80  0.04363  1.01590e+00 | 81 -0.98427 -3.51437e-03
 82 -0.10179 -7.27557e+00 | 83  0.00034  4.70871e+00 |
83 variables; iteration 4440; function evaluation 5247; phase 3
Function value 3.8434427e+01; maximum gradient component mag 5.6012e+01
Var    Value     Gradient |Var    Value     Gradient |Var    Value     Gradient
  1  0.00953  2.07792e+01 |  2 -0.00693  7.37355e-02 |  3 -0.00820  7.82003e-02
  4 -0.02442  9.49317e-02 |  5 -0.02585  1.05108e-01 |  6 -0.02745  1.18104e-01
  7 -0.02924  1.29299e-01 |  8 -0.03108  1.73447e-01 |  9 -0.03318  1.83229e-01
 10 -0.03532  2.16263e-01 | 11 -0.03766  2.35581e-01 | 12 -0.04010  2.74275e-01
 13 -0.04267  2.84052e-01 | 14 -0.04506  3.65126e-01 | 15 -0.04790  3.55242e-01
 16 -0.05038  4.05947e-01 | 17 -0.05296  4.28735e-01 | 18 -0.05506  5.10829e-01
 19 -0.05665  4.75863e-01 | 20 -0.05745  5.50052e-01 | 21 -0.05757  5.79792e-01
 22 -0.05715  5.94850e-01 | 23 -0.05726  4.95506e-01 | 24 -0.05706  5.40961e-01
 25 -0.05780  5.64130e-01 | 26 -0.06079  5.56242e-01 | 27 -0.06413  5.24705e-01
 28 -0.06476  5.54652e-01 | 29 -0.05484  7.66037e-01 | 30 -0.03280  1.47543e-01
 31  0.00277  9.17804e-01 | 32 -0.04805  1.29877e-01 | 33 -0.14011  3.56114e-01
 34 -0.17004  2.36097e-01 | 35 -0.03667  8.34891e-02 | 36 -0.12465  1.68480e-02
 37  0.03933 -2.73406e-01 | 38  0.03093 -3.35917e-01 | 39 -0.12176  4.05235e-02
 40  0.01053 -6.47812e-01 | 41  0.05093 -6.71489e-01 | 42 -0.14288 -5.77290e-02
 43  0.03357 -6.27062e-01 | 44 -0.11496 -1.36265e-01 | 45  0.01341 -4.40854e-01
 46 -0.04359 -2.81391e-01 | 47 -0.16720 -5.63128e-02 | 48 -0.16483 -4.02603e-02
 49 -0.14721 -1.79390e-02 | 50  0.06602 -1.77554e-02 | 51 -0.15659 -6.28943e-03
 52 -0.05447 -3.36533e-02 | 53 -0.14336 -1.04857e-02 | 54 -0.07824 -4.22744e-02
 55 -0.04968 -6.08809e-02 | 56 -0.12928 -2.93942e-02 | 57 -0.04531 -2.59809e-02
 58 -0.04558  3.03979e-03 | 59 -0.00228  6.35625e-02 | 60 -0.05779  7.62212e-02
 61 -0.09842  9.17456e-02 | 62 -0.00966  1.95611e-01 | 63 -0.09104  1.78191e-01
 64 -0.13369  1.46086e-01 | 65 -0.04763  3.51060e-01 | 66 -0.13307  1.44358e-01
 67 -0.08782  2.33923e-01 | 68 -0.09187  1.31353e-01 | 69 -0.00019  7.03127e-02
 70 -0.06074  1.03370e-02 | 71 -0.10329  6.73378e-04 | 72 -0.07474  1.36193e-03
 73 -0.06902 -3.08543e-04 | 74 -0.44131  5.60122e+01 | 75 -0.88134 -1.74796e-01
 76  1.08647  1.58345e+00 | 77  0.47963  1.49101e+00 | 78  1.44824 -3.68017e-01
 79  0.10169 -8.28914e-01 | 80  0.04363  2.09157e-01 | 81 -0.98413 -3.91460e-04
 82 -0.10186  1.21312e-01 | 83  0.00033 -4.53132e-02 |
83 variables; iteration 4460; function evaluation 5268; phase 3
Function value 3.8399785e+01; maximum gradient component mag 4.2035e+03
Var    Value     Gradient |Var    Value     Gradient |Var    Value     Gradient
  1  0.00925  4.20347e+03 |  2 -0.00697  6.93980e+00 |  3 -0.00817  8.44898e+00
  4 -0.02447  9.06916e+00 |  5 -0.02586  1.09156e+01 |  6 -0.02746  1.30379e+01
  7 -0.02917  1.54947e+01 |  8 -0.03102  1.82879e+01 |  9 -0.03307  2.13674e+01
 10 -0.03519  2.47706e+01 | 11 -0.03748  2.85303e+01 | 12 -0.03998  3.26503e+01
 13 -0.04243  3.70976e+01 | 14 -0.04506  4.17314e+01 | 15 -0.04778  4.69343e+01
 16 -0.05027  5.23412e+01 | 17 -0.05262  5.78437e+01 | 18 -0.05464  6.31948e+01
 19 -0.05657  6.67216e+01 | 20 -0.05769  6.99839e+01 | 21 -0.05771  7.26234e+01
 22 -0.05664  7.46273e+01 | 23 -0.05652  7.71197e+01 | 24 -0.05753  7.91238e+01
 25 -0.05865  7.98333e+01 | 26 -0.06206  7.85947e+01 | 27 -0.06524  7.56576e+01
 28 -0.06554  7.27904e+01 | 29 -0.05829  7.31301e+01 | 30 -0.03052  8.97975e+01
 31  0.00066  1.09512e+02 | 32 -0.04588  7.08084e+01 | 33 -0.13967  3.13851e+01
 34 -0.17036  2.36332e+01 | 35 -0.03518  6.29228e+01 | 36 -0.12489  2.79654e+01
 37  0.03839  8.93020e+01 | 38  0.03239  7.04118e+01 | 39 -0.12266  1.78327e+01
 40  0.01030  4.40844e+01 | 41  0.05136  5.17003e+01 | 42 -0.14375  9.44041e+00
 43  0.03399  3.30717e+01 | 44 -0.11427  8.75571e+00 | 45  0.01252  1.96697e+01
 46 -0.04241  9.94060e+00 | 47 -0.16748  2.72002e+00 | 48 -0.16525  2.03198e+00
 49 -0.14734  1.88698e+00 | 50  0.06691  9.25784e+00 | 51 -0.15781  1.11898e+00
 52 -0.05307  1.08205e+00 | 53 -0.14331 -5.30988e-02 | 54 -0.07707 -7.71014e-01
 55 -0.04893 -1.44069e+00 | 56 -0.12848 -9.65227e-01 | 57 -0.04448 -2.22238e+00
 58 -0.04496 -2.49120e+00 | 59 -0.00146 -3.79617e+00 | 60 -0.05732 -2.59235e+00
 61 -0.09769 -1.99023e+00 | 62 -0.00878 -4.05466e+00 | 63 -0.09072 -2.15861e+00
 64 -0.13300 -1.62761e+00 | 65 -0.04694 -3.31037e+00 | 66 -0.13255 -1.54780e+00
 67 -0.08732 -1.85927e+00 | 68 -0.09128 -1.23181e+00 | 69  0.00076 -1.33032e+00
 70 -0.05991 -3.39983e-01 | 71 -0.10248 -3.36941e-02 | 72 -0.07393  5.33721e-03
 73 -0.06831  2.70022e-03 | 74 -0.44112  2.47844e+03 | 75 -0.83423 -1.18193e+01
 76  1.10808 -6.29318e+00 | 77  0.42398 -2.17495e+01 | 78  1.39580 -2.65445e+01
 79  0.11187 -8.51147e+01 | 80  0.04363  2.97537e-01 | 81 -0.98395  9.38826e-04
 82 -0.10219 -3.81716e+00 | 83  0.00018  2.42044e+00 |
83 variables; iteration 4480; function evaluation 5290; phase 3
Function value 3.8385905e+01; maximum gradient component mag 3.4094e+03
Var    Value     Gradient |Var    Value     Gradient |Var    Value     Gradient
  1  0.00910  3.40942e+03 |  2 -0.00672  5.67036e+00 |  3 -0.00783  6.91611e+00
  4 -0.02407  7.43638e+00 |  5 -0.02546  8.92987e+00 |  6 -0.02700  1.06646e+01
  7 -0.02870  1.26581e+01 |  8 -0.03054  1.49266e+01 |  9 -0.03259  1.74218e+01
 10 -0.03470  2.01856e+01 | 11 -0.03698  2.32444e+01 | 12 -0.03946  2.65962e+01
 13 -0.04194  3.02044e+01 | 14 -0.04437  3.40901e+01 | 15 -0.04729  3.82155e+01
 16 -0.04957  4.27720e+01 | 17 -0.05215  4.71170e+01 | 18 -0.05479  5.10757e+01
 19 -0.05627  5.43166e+01 | 20 -0.05750  5.69602e+01 | 21 -0.05696  5.96169e+01
 22 -0.05927  5.86763e+01 | 23 -0.05777  6.18848e+01 | 24 -0.05630  6.56287e+01
 25 -0.05817  6.56968e+01 | 26 -0.06196  6.44333e+01 | 27 -0.06713  6.05409e+01
 28 -0.06654  5.91210e+01 | 29 -0.06219  5.73742e+01 | 30 -0.03064  7.36844e+01
 31 -0.00293  8.53897e+01 | 32 -0.04213  5.94327e+01 | 33 -0.14031  2.51891e+01
 34 -0.17110  1.90913e+01 | 35 -0.03412  5.20055e+01 | 36 -0.12444  2.29236e+01
 37  0.03717  7.11052e+01 | 38  0.03374  5.74282e+01 | 39 -0.12441  1.38158e+01
 40  0.01024  3.42430e+01 | 41  0.05138  3.98619e+01 | 42 -0.14449  7.16821e+00
 43  0.03434  2.52880e+01 | 44 -0.11431  6.55467e+00 | 45  0.01188  1.47909e+01
 46 -0.04165  7.72366e+00 | 47 -0.16781  2.08825e+00 | 48 -0.16550  1.47284e+00
 49 -0.14760  1.20161e+00 | 50  0.06752  5.38683e+00 | 51 -0.15882  6.62320e-01
 52 -0.05204  6.12324e-01 | 53 -0.14312 -1.23909e-01 | 54 -0.07632 -5.44826e-01
 55 -0.04839 -9.35351e-01 | 56 -0.12793 -5.37436e-01 | 57 -0.04400 -1.10770e+00
 58 -0.04446 -1.13293e+00 | 59 -0.00093 -1.80482e+00 | 60 -0.05689 -1.18619e+00
 61 -0.09710 -9.63976e-01 | 62 -0.00825 -1.93902e+00 | 63 -0.09038 -9.68585e-01
 64 -0.13248 -7.12148e-01 | 65 -0.04649 -1.39635e+00 | 66 -0.13207 -5.61408e-01
 67 -0.08700 -8.01347e-01 | 68 -0.09071 -5.88137e-01 | 69  0.00140 -7.42565e-01
 70 -0.05919 -2.39486e-01 | 71 -0.10195 -2.74935e-02 | 72 -0.07330 -6.51096e-04
 73 -0.06776  5.41810e-04 | 74 -0.44099  1.91706e+03 | 75 -0.80351 -1.12850e+01
 76  1.10321 -4.88062e+00 | 77  0.39840 -2.39889e+01 | 78  1.35873 -1.98721e+01
 79  0.11737 -7.10045e+01 | 80  0.04363  6.48338e-02 | 81 -0.98365  4.24748e-03
 82 -0.10256 -1.67836e+00 | 83 -0.00003  9.91323e-01 |
83 variables; iteration 4500; function evaluation 5312; phase 3
Function value 3.8344895e+01; maximum gradient component mag 8.9289e+02
Var    Value     Gradient |Var    Value     Gradient |Var    Value     Gradient
  1  0.00904  8.92893e+02 |  2 -0.00674  1.43678e+00 |  3 -0.00792  1.74807e+00
  4 -0.02422  1.86486e+00 |  5 -0.02549  2.27270e+00 |  6 -0.02706  2.70377e+00
  7 -0.02876  3.20934e+00 |  8 -0.03066  3.77172e+00 |  9 -0.03260  4.42849e+00
 10 -0.03476  5.11632e+00 | 11 -0.03716  5.85167e+00 | 12 -0.03938  6.78005e+00
 13 -0.04198  7.65631e+00 | 14 -0.04453  8.61892e+00 | 15 -0.04713  9.73735e+00
 16 -0.04995  1.07385e+01 | 17 -0.05255  1.18209e+01 | 18 -0.05570  1.25265e+01
 19 -0.05524  1.41635e+01 | 20 -0.05722  1.44896e+01 | 21 -0.05761  1.49625e+01
 22 -0.05917  1.44578e+01 | 23 -0.06015  1.45452e+01 | 24 -0.05779  1.62403e+01
 25 -0.05661  1.73683e+01 | 26 -0.05915  1.73756e+01 | 27 -0.06239  1.68307e+01
 28 -0.06530  1.55131e+01 | 29 -0.05819  1.55269e+01 | 30 -0.04685  1.40904e+01
 31  0.00092  2.32827e+01 | 32 -0.04232  1.59500e+01 | 33 -0.13896  6.79377e+00
 34 -0.17084  5.15019e+00 | 35 -0.03361  1.38051e+01 | 36 -0.12260  5.79803e+00
 37  0.03560  1.47402e+01 | 38  0.03551  1.24057e+01 | 39 -0.12626  2.77993e+00
 40  0.01019  7.50202e+00 | 41  0.05154  9.26974e+00 | 42 -0.14536  1.74458e+00
 43  0.03477  6.77782e+00 | 44 -0.11427  1.79496e+00 | 45  0.01141  4.07846e+00
 46 -0.04084  2.10862e+00 | 47 -0.16773  5.12567e-01 | 48 -0.16512  1.92482e-01
 49 -0.14756 -1.82489e-01 | 50  0.06785 -2.56251e+00 | 51 -0.15948 -3.90259e-01
 52 -0.05151 -9.03742e-01 | 53 -0.14300 -4.37147e-01 | 54 -0.07603 -6.31862e-01
 55 -0.04811 -4.74797e-01 | 56 -0.12774 -1.34156e-02 | 57 -0.04380  6.26770e-01
 58 -0.04418  1.29069e+00 | 59 -0.00069  2.31614e+00 | 60 -0.05661  1.80467e+00
 61 -0.09680  1.41586e+00 | 62 -0.00802  3.29106e+00 | 63 -0.09016  1.93270e+00
 64 -0.13216  1.58001e+00 | 65 -0.04627  3.43443e+00 | 66 -0.13175  1.79522e+00
 67 -0.08681  1.91645e+00 | 68 -0.09028  1.13792e+00 | 69  0.00166  6.78464e-01
 70 -0.05881  5.04158e-02 | 71 -0.10180 -1.24126e-02 | 72 -0.07306 -7.77906e-03
 73 -0.06755 -6.23122e-03 | 74 -0.44081  4.99515e+02 | 75 -0.77123 -3.57747e+00
 76  1.07029 -1.52065e-01 | 77  0.38843 -5.84870e+00 | 78  1.36080 -5.62958e+00
 79  0.11792 -1.55291e+01 | 80  0.04363  8.94295e-01 | 81 -0.98344  2.59262e-03
 82 -0.10265  2.41834e+00 | 83 -0.00009 -1.67729e+00 |
83 variables; iteration 4520; function evaluation 5336; phase 3
Function value 3.8330844e+01; maximum gradient component mag 3.1318e+02
Var    Value     Gradient |Var    Value     Gradient |Var    Value     Gradient
  1  0.00909  3.13185e+02 |  2 -0.00676  4.97040e-01 |  3 -0.00793  6.08559e-01
  4 -0.02419  6.53404e-01 |  5 -0.02558  7.81487e-01 |  6 -0.02710  9.37283e-01
  7 -0.02884  1.10163e+00 |  8 -0.03069  1.30705e+00 |  9 -0.03274  1.51688e+00
 10 -0.03484  1.76495e+00 | 11 -0.03717  2.01688e+00 | 12 -0.03952  2.33941e+00
 13 -0.04204  2.64321e+00 | 14 -0.04462  2.96382e+00 | 15 -0.04731  3.33685e+00
 16 -0.04986  3.71634e+00 | 17 -0.05266  4.00896e+00 | 18 -0.05461  4.49347e+00
 19 -0.05629  4.70612e+00 | 20 -0.05730  4.96601e+00 | 21 -0.05823  4.91288e+00
 22 -0.05559  5.85123e+00 | 23 -0.05637  5.72872e+00 | 24 -0.05862  5.16836e+00
 25 -0.05946  5.27282e+00 | 26 -0.06128  5.61672e+00 | 27 -0.06340  5.85621e+00
 28 -0.06572  5.27048e+00 | 29 -0.05415  6.49968e+00 | 30 -0.04661  3.39371e+00
 31  0.00554  9.60713e+00 | 32 -0.04850  3.63143e+00 | 33 -0.13723  2.34947e+00
 34 -0.17026  1.68510e+00 | 35 -0.03413  4.45447e+00 | 36 -0.12427  2.04434e+00
 37  0.03709  6.94019e+00 | 38  0.03391  5.60525e+00 | 39 -0.12485  1.49389e+00
 40  0.01047  3.87155e+00 | 41  0.05121  4.57668e+00 | 42 -0.14427  8.61844e-01
 43  0.03444  2.92326e+00 | 44 -0.11449  7.28224e-01 | 45  0.01200  1.54501e+00
 46 -0.04168  6.51621e-01 | 47 -0.16786  1.23471e-01 | 48 -0.16532  3.98896e-02
 49 -0.14741 -5.53959e-03 | 50  0.06757 -2.02374e-01 | 51 -0.15881 -3.11708e-02
 52 -0.05195 -8.65381e-02 | 53 -0.14277 -4.20386e-02 | 54 -0.07636 -6.32351e-02
 55 -0.04822 -3.77848e-02 | 56 -0.12791  1.09443e-03 | 57 -0.04394  7.10615e-02
 58 -0.04437  1.02920e-01 | 59 -0.00083  2.55486e-01 | 60 -0.05676  2.09999e-01
 61 -0.09693  1.93208e-01 | 62 -0.00820  4.55546e-01 | 63 -0.09021  3.07765e-01
 64 -0.13237  2.44326e-01 | 65 -0.04638  5.18793e-01 | 66 -0.13200  2.47691e-01
 67 -0.08686  3.02231e-01 | 68 -0.09050  1.70327e-01 | 69  0.00147  1.06554e-01
 70 -0.05898  1.39278e-02 | 71 -0.10193 -1.25800e-03 | 72 -0.07322 -1.64709e-03
 73 -0.06769 -1.77233e-03 | 74 -0.44086  1.75052e+02 | 75 -0.77894 -1.17037e+00
 76  1.06597  5.92950e-01 | 77  0.39857 -1.00125e+00 | 78  1.38607 -2.61855e+00
 79  0.11358 -5.30120e+00 | 80  0.04362 -6.57359e-02 | 81 -0.98391  1.37931e-03
 82 -0.10264  3.43822e-01 | 83 -0.00008 -2.11361e-01 |
83 variables; iteration 4540; function evaluation 5359; phase 3
Function value 3.8324249e+01; maximum gradient component mag 2.6127e+03
Var    Value     Gradient |Var    Value     Gradient |Var    Value     Gradient
  1  0.00902  2.61274e+03 |  2 -0.00676  4.28630e+00 |  3 -0.00793  5.21848e+00
  4 -0.02419  5.60351e+00 |  5 -0.02556  6.73994e+00 |  6 -0.02710  8.04919e+00
  7 -0.02882  9.54945e+00 |  8 -0.03069  1.12575e+01 |  9 -0.03271  1.31525e+01
 10 -0.03483  1.52431e+01 | 11 -0.03712  1.75494e+01 | 12 -0.03953  2.01160e+01
 13 -0.04205  2.28239e+01 | 14 -0.04462  2.56980e+01 | 15 -0.04735  2.88954e+01
 16 -0.04992  3.21884e+01 | 17 -0.05252  3.54458e+01 | 18 -0.05436  3.88982e+01
 19 -0.05679  4.07492e+01 | 20 -0.05747  4.31032e+01 | 21 -0.05793  4.45596e+01
 22 -0.05396  4.79608e+01 | 23 -0.05303  5.01936e+01 | 24 -0.05767  4.88525e+01
 25 -0.06173  4.73225e+01 | 26 -0.06469  4.69408e+01 | 27 -0.06684  4.59653e+01
 28 -0.06697  4.45861e+01 | 29 -0.05539  4.76845e+01 | 30 -0.04061  5.06114e+01
 31  0.00488  7.20386e+01 | 32 -0.04950  4.10476e+01 | 33 -0.13638  2.02059e+01
 34 -0.17048  1.47732e+01 | 35 -0.03369  4.00437e+01 | 36 -0.12458  1.76019e+01
 37  0.03688  5.59737e+01 | 38  0.03411  4.53240e+01 | 39 -0.12535  1.09612e+01
 40  0.01053  2.76175e+01 | 41  0.05106  3.18134e+01 | 42 -0.14417  5.78567e+00
 43  0.03444  2.02854e+01 | 44 -0.11443  5.22994e+00 | 45  0.01177  1.16196e+01
 46 -0.04165  5.78360e+00 | 47 -0.16808  1.49114e+00 | 48 -0.16549  1.04816e+00
 49 -0.14733  8.50187e-01 | 50  0.06775  3.95994e+00 | 51 -0.15920  4.73266e-01
 52 -0.05150  4.39180e-01 | 53 -0.14264 -4.97936e-02 | 54 -0.07602 -3.30072e-01
 55 -0.04796 -6.05338e-01 | 56 -0.12766 -3.77272e-01 | 57 -0.04370 -8.25858e-01
 58 -0.04415 -8.72797e-01 | 59 -0.00057 -1.26211e+00 | 60 -0.05659 -8.05473e-01
 61 -0.09667 -6.15768e-01 | 62 -0.00793 -1.25437e+00 | 63 -0.09010 -6.15225e-01
 64 -0.13212 -4.41210e-01 | 65 -0.04615 -8.71890e-01 | 66 -0.13183 -4.14184e-01
 67 -0.08670 -5.05254e-01 | 68 -0.09026 -4.26941e-01 | 69  0.00178 -6.32871e-01
 70 -0.05865 -1.88741e-01 | 71 -0.10166 -2.17362e-02 | 72 -0.07291 -1.54255e-03
 73 -0.06742 -1.16437e-03 | 74 -0.44078  1.35469e+03 | 75 -0.76678 -1.00279e+01
 76  1.06545 -2.20575e+00 | 77  0.38822 -2.14813e+01 | 78  1.38004 -1.62461e+01
 79  0.11464 -5.35219e+01 | 80  0.04362 -7.59338e-02 | 81 -0.98407 -1.07252e-04
 82 -0.10280 -1.14745e+00 | 83 -0.00016  7.42371e-01 |
83 variables; iteration 4560; function evaluation 5383; phase 3
Function value 3.8288775e+01; maximum gradient component mag 1.1127e+03
Var    Value     Gradient |Var    Value     Gradient |Var    Value     Gradient
  1  0.00905  1.11273e+03 |  2 -0.00678  1.86002e+00 |  3 -0.00796  2.26491e+00
  4 -0.02426  2.42333e+00 |  5 -0.02561  2.92239e+00 |  6 -0.02714  3.49505e+00
  7 -0.02888  4.14084e+00 |  8 -0.03077  4.87899e+00 |  9 -0.03276  5.71179e+00
 10 -0.03490  6.61948e+00 | 11 -0.03723  7.61149e+00 | 12 -0.03958  8.75555e+00
 13 -0.04216  9.91382e+00 | 14 -0.04472  1.11643e+01 | 15 -0.04738  1.25803e+01
 16 -0.05013  1.39408e+01 | 17 -0.05283  1.53072e+01 | 18 -0.05503  1.67327e+01
 19 -0.05654  1.77998e+01 | 20 -0.05762  1.87188e+01 | 21 -0.05793  1.94025e+01
 22 -0.05427  2.13887e+01 | 23 -0.05265  2.28349e+01 | 24 -0.05702  2.15688e+01
 25 -0.06189  2.00187e+01 | 26 -0.06570  1.95807e+01 | 27 -0.06887  1.90172e+01
 28 -0.06930  1.86316e+01 | 29 -0.06120  1.92111e+01 | 30 -0.02880  2.63708e+01
 31 -0.00291  2.83449e+01 | 32 -0.04299  1.86042e+01 | 33 -0.13833  8.46430e+00
 34 -0.17176  6.19716e+00 | 35 -0.03284  1.70222e+01 | 36 -0.12336  7.41617e+00
 37  0.03517  2.27640e+01 | 38  0.03544  1.90081e+01 | 39 -0.12739  4.43349e+00
 40  0.01031  1.13545e+01 | 41  0.05079  1.29465e+01 | 42 -0.14505  2.30897e+00
 43  0.03454  8.22491e+00 | 44 -0.11440  2.12158e+00 | 45  0.01095  4.62611e+00
 46 -0.04108  2.34674e+00 | 47 -0.16837  6.34509e-01 | 48 -0.16541  5.01761e-01
 49 -0.14718  4.93614e-01 | 50  0.06775  2.52950e+00 | 51 -0.16002  3.26960e-01
 52 -0.05120  3.44287e-01 | 53 -0.14277  4.46319e-02 | 54 -0.07591 -1.08451e-01
 55 -0.04790 -2.80794e-01 | 56 -0.12768 -2.40863e-01 | 57 -0.04369 -5.88468e-01
 58 -0.04409 -7.07279e-01 | 59 -0.00052 -1.07246e+00 | 60 -0.05658 -7.61607e-01
 61 -0.09654 -5.67851e-01 | 62 -0.00791 -1.21981e+00 | 63 -0.09010 -6.46689e-01
 64 -0.13203 -4.89342e-01 | 65 -0.04612 -9.98764e-01 | 66 -0.13179 -5.03962e-01
 67 -0.08668 -6.02583e-01 | 68 -0.09008 -4.39343e-01 | 69  0.00184 -5.01534e-01
 70 -0.05854 -1.17593e-01 | 71 -0.10164 -9.95378e-03 | 72 -0.07279  1.84067e-04
 73 -0.06732  7.24525e-04 | 74 -0.44061  5.12597e+02 | 75 -0.74141 -4.37979e+00
 76  1.05377 -4.49127e-01 | 77  0.37620 -1.09075e+01 | 78  1.39511 -7.84090e+00
 79  0.11251 -2.23334e+01 | 80  0.04362 -6.21770e-02 | 81 -0.98393 -1.58001e-03
 82 -0.10277 -1.04678e+00 | 83 -0.00014  7.05580e-01 |
83 variables; iteration 4580; function evaluation 5407; phase 3
Function value 3.8273832e+01; maximum gradient component mag 6.6529e+02
Var    Value     Gradient |Var    Value     Gradient |Var    Value     Gradient
  1  0.00908  6.65291e+02 |  2 -0.00679  1.12025e+00 |  3 -0.00800  1.36086e+00
  4 -0.02425  1.46393e+00 |  5 -0.02563  1.75870e+00 |  6 -0.02717  2.10422e+00
  7 -0.02889  2.49656e+00 |  8 -0.03077  2.94460e+00 |  9 -0.03279  3.44347e+00
 10 -0.03492  3.99359e+00 | 11 -0.03720  4.60453e+00 | 12 -0.03964  5.27644e+00
 13 -0.04216  5.98848e+00 | 14 -0.04471  6.74705e+00 | 15 -0.04741  7.59169e+00
 16 -0.04999  8.45282e+00 | 17 -0.05257  9.30707e+00 | 18 -0.05490  1.01255e+01
 19 -0.05634  1.07918e+01 | 20 -0.05752  1.13098e+01 | 21 -0.05783  1.17102e+01
 22 -0.05784  1.18195e+01 | 23 -0.05772  1.22499e+01 | 24 -0.05733  1.29164e+01
 25 -0.05834  1.30808e+01 | 26 -0.06218  1.27375e+01 | 27 -0.06681  1.19095e+01
 28 -0.06941  1.10821e+01 | 29 -0.06428  1.05119e+01 | 30 -0.02757  1.68099e+01
 31 -0.00846  1.45429e+01 | 32 -0.03679  1.29533e+01 | 33 -0.14055  4.75488e+00
 34 -0.17252  3.61099e+00 | 35 -0.03246  1.01339e+01 | 36 -0.12187  4.46415e+00
 37  0.03379  1.26596e+01 | 38  0.03655  1.09767e+01 | 39 -0.12851  2.43922e+00
 40  0.00999  6.44357e+00 | 41  0.05083  7.49066e+00 | 42 -0.14592  1.33889e+00
 43  0.03468  4.89855e+00 | 44 -0.11433  1.28058e+00 | 45  0.01034  2.85800e+00
 46 -0.04047  1.52042e+00 | 47 -0.16828  4.10491e-01 | 48 -0.16520  3.06298e-01
 49 -0.14728  2.73035e-01 | 50  0.06772  1.29756e+00 | 51 -0.16062  1.57586e-01
 52 -0.05115  1.62826e-01 | 53 -0.14339 -1.68552e-04 | 54 -0.07584 -9.08292e-02
 55 -0.04813 -1.78764e-01 | 56 -0.12776 -1.23401e-01 | 57 -0.04380 -2.81177e-01
 58 -0.04421 -3.13185e-01 | 59 -0.00064 -4.77274e-01 | 60 -0.05675 -3.23316e-01
 61 -0.09670 -2.47493e-01 | 62 -0.00802 -5.12980e-01 | 63 -0.09029 -2.58185e-01
 64 -0.13215 -1.90358e-01 | 65 -0.04625 -3.74289e-01 | 66 -0.13193 -1.73493e-01
 67 -0.08680 -2.21254e-01 | 68 -0.09024 -1.67245e-01 | 69  0.00173 -2.12708e-01
 70 -0.05879 -5.83264e-02 | 71 -0.10173 -6.49930e-03 | 72 -0.07291  6.04290e-05
 73 -0.06742  1.21030e-04 | 74 -0.44050  3.00014e+02 | 75 -0.73089 -2.72745e+00
 76  1.04714 -2.03872e-02 | 77  0.37259 -6.67897e+00 | 78  1.40411 -5.14676e+00
 79  0.11118 -1.27393e+01 | 80  0.04363 -4.66115e-03 | 81 -0.98347  4.09117e-05
 82 -0.10258 -4.48315e-01 | 83 -0.00003  2.89219e-01 |
83 variables; iteration 4600; function evaluation 5427; phase 3
Function value 3.8272437e+01; maximum gradient component mag 3.8404e+02
Var    Value     Gradient |Var    Value     Gradient |Var    Value     Gradient
  1  0.00905  3.84036e+02 |  2 -0.00679  6.30417e-01 |  3 -0.00801  7.57721e-01
  4 -0.02424  8.23177e-01 |  5 -0.02561  9.93289e-01 |  6 -0.02719  1.17545e+00
  7 -0.02886  1.40987e+00 |  8 -0.03075  1.65946e+00 |  9 -0.03278  1.93891e+00
 10 -0.03490  2.25063e+00 | 11 -0.03715  2.60720e+00 | 12 -0.03972  2.94687e+00
 13 -0.04217  3.37051e+00 | 14 -0.04462  3.83055e+00 | 15 -0.04749  4.25635e+00
 16 -0.04994  4.78294e+00 | 17 -0.05254  5.25666e+00 | 18 -0.05457  5.82777e+00
 19 -0.05600  6.22091e+00 | 20 -0.05745  6.40686e+00 | 21 -0.05779  6.62413e+00
 22 -0.05859  6.36767e+00 | 23 -0.05841  6.64406e+00 | 24 -0.05789  7.13139e+00
 25 -0.05854  7.35016e+00 | 26 -0.06072  7.68275e+00 | 27 -0.06600  6.89231e+00
 28 -0.06787  6.63750e+00 | 29 -0.06532  5.27480e+00 | 30 -0.03030  9.71379e+00
 31 -0.00816  7.63748e+00 | 32 -0.03639  7.91117e+00 | 33 -0.14023  2.70705e+00
 34 -0.17258  2.06915e+00 | 35 -0.03225  5.94043e+00 | 36 -0.12147  2.58391e+00
 37  0.03335  6.73742e+00 | 38  0.03698  5.91525e+00 | 39 -0.12885  1.23946e+00
 40  0.00991  3.19596e+00 | 41  0.05087  3.68005e+00 | 42 -0.14616  6.96504e-01
 43  0.03477  2.75396e+00 | 44 -0.11427  7.64435e-01 | 45  0.01013  1.83338e+00
 46 -0.04024  9.82112e-01 | 47 -0.16824  2.45512e-01 | 48 -0.16514  1.37193e-01
 49 -0.14729  3.65573e-02 | 50  0.06783 -1.62593e-01 | 51 -0.16092 -4.53918e-02
 52 -0.05095 -1.65284e-01 | 53 -0.14352 -1.05271e-01 | 54 -0.07567 -2.05028e-01
 55 -0.04808 -2.10016e-01 | 56 -0.12768 -7.14288e-02 | 57 -0.04371  1.78423e-03
 58 -0.04414  1.60375e-01 | 59 -0.00057  3.96744e-01 | 60 -0.05672  3.58022e-01
 61 -0.09663  3.00417e-01 | 62 -0.00793  7.05207e-01 | 63 -0.09028  4.53977e-01
 64 -0.13208  3.84053e-01 | 65 -0.04618  8.38810e-01 | 66 -0.13188  4.36428e-01
 67 -0.08675  5.03999e-01 | 68 -0.09020  2.77812e-01 | 69  0.00183  1.25718e-01
 70 -0.05873  4.70990e-03 | 71 -0.10165 -2.05290e-03 | 72 -0.07283 -2.48108e-03
 73 -0.06735 -2.01005e-03 | 74 -0.44045  1.77448e+02 | 75 -0.72610 -1.64312e+00
 76  1.04539  2.09343e-01 | 77  0.36934 -4.02331e+00 | 78  1.40111 -3.29713e+00
 79  0.11175 -6.58384e+00 | 80  0.04363  3.11837e-02 | 81 -0.98340  1.76209e-04
 82 -0.10257  4.66678e-01 | 83 -0.00002 -2.95920e-01 |
83 variables; iteration 4620; function evaluation 5451; phase 3
Function value 3.8242803e+01; maximum gradient component mag 2.3734e+03
Var    Value     Gradient |Var    Value     Gradient |Var    Value     Gradient
  1  0.00912  2.37344e+03 |  2 -0.00684  3.90317e+00 |  3 -0.00803  4.75069e+00
  4 -0.02429  5.10292e+00 |  5 -0.02570  6.13133e+00 |  6 -0.02724  7.33094e+00
  7 -0.02897  8.70322e+00 |  8 -0.03085  1.02653e+01 |  9 -0.03290  1.19945e+01
 10 -0.03503  1.39143e+01 | 11 -0.03733  1.60359e+01 | 12 -0.03981  1.83646e+01
 13 -0.04229  2.08754e+01 | 14 -0.04489  2.34995e+01 | 15 -0.04766  2.64013e+01
 16 -0.05000  2.95330e+01 | 17 -0.05276  3.24210e+01 | 18 -0.05453  3.56229e+01
 19 -0.05672  3.74355e+01 | 20 -0.05799  3.92287e+01 | 21 -0.05759  4.10988e+01
 22 -0.05895  4.08297e+01 | 23 -0.05768  4.30648e+01 | 24 -0.05664  4.55028e+01
 25 -0.05867  4.53280e+01 | 26 -0.06006  4.59298e+01 | 27 -0.06550  4.28909e+01
 28 -0.06536  4.19689e+01 | 29 -0.06096  4.06691e+01 | 30 -0.04384  4.43602e+01
 31 -0.00191  6.06999e+01 | 32 -0.04044  4.12936e+01 | 33 -0.13674  1.79247e+01
 34 -0.17231  1.29235e+01 | 35 -0.03208  3.60961e+01 | 36 -0.11946  1.63835e+01
 37  0.03144  4.65662e+01 | 38  0.03826  4.18266e+01 | 39 -0.13110  9.24824e+00
 40  0.00972  2.50849e+01 | 41  0.05043  2.94610e+01 | 42 -0.14690  5.22078e+00
 43  0.03480  1.90097e+01 | 44 -0.11431  4.87978e+00 | 45  0.00928  1.04952e+01
 46 -0.03978  5.42289e+00 | 47 -0.16847  1.34688e+00 | 48 -0.16491  9.34912e-01
 49 -0.14706  7.10327e-01 | 50  0.06767  3.08193e+00 | 51 -0.16175  3.47941e-01
 52 -0.05078  3.07739e-01 | 53 -0.14388 -6.70906e-02 | 54 -0.07566 -3.63746e-01
 55 -0.04820 -5.92686e-01 | 56 -0.12779 -3.49506e-01 | 57 -0.04383 -6.94348e-01
 58 -0.04420 -6.41966e-01 | 59 -0.00065 -8.71938e-01 | 60 -0.05681 -5.15593e-01
 61 -0.09665 -3.80786e-01 | 62 -0.00804 -7.52124e-01 | 63 -0.09039 -3.29075e-01
 64 -0.13210 -2.26285e-01 | 65 -0.04627 -4.04695e-01 | 66 -0.13195 -1.58557e-01
 67 -0.08683 -2.18571e-01 | 68 -0.09014 -2.34870e-01 | 69  0.00176 -4.59082e-01
 70 -0.05881 -1.47344e-01 | 71 -0.10173 -1.78543e-02 | 72 -0.07284 -1.40689e-03
 73 -0.06736 -1.49755e-03 | 74 -0.44031  1.05473e+03 | 75 -0.70932 -1.10077e+01
 76  1.05469 -1.77086e+00 | 77  0.36031 -2.91253e+01 | 78  1.43372 -1.68275e+01
 79  0.10626 -4.70969e+01 | 80  0.04362 -4.23396e-02 | 81 -0.98318 -1.21310e-03
 82 -0.10244 -7.74102e-01 | 83  0.00006  4.99615e-01 |
83 variables; iteration 4640; function evaluation 5471; phase 3
Function value 3.8240973e+01; maximum gradient component mag -3.4643e+02
Var    Value     Gradient |Var    Value     Gradient |Var    Value     Gradient
  1  0.00912 -3.46431e+02 |  2 -0.00685 -5.73950e-01 |  3 -0.00806 -6.96759e-01
  4 -0.02430 -7.45425e-01 |  5 -0.02575 -9.12040e-01 |  6 -0.02726 -1.07770e+00
  7 -0.02902 -1.28754e+00 |  8 -0.03088 -1.50616e+00 |  9 -0.03292 -1.76129e+00
 10 -0.03504 -2.03434e+00 | 11 -0.03735 -2.34575e+00 | 12 -0.03976 -2.67620e+00
 13 -0.04224 -3.03080e+00 | 14 -0.04497 -3.46684e+00 | 15 -0.04753 -3.85480e+00
 16 -0.05002 -4.27817e+00 | 17 -0.05278 -4.77314e+00 | 18 -0.05512 -5.20535e+00
 19 -0.05627 -5.43698e+00 | 20 -0.05765 -5.79288e+00 | 21 -0.05824 -6.07990e+00
 22 -0.05798 -6.19133e+00 | 23 -0.05784 -6.38905e+00 | 24 -0.05804 -6.68940e+00
 25 -0.05822 -6.60513e+00 | 26 -0.06140 -6.56954e+00 | 27 -0.06348 -5.84757e+00
 28 -0.06657 -5.72664e+00 | 29 -0.05921 -5.67557e+00 | 30 -0.04384 -7.80808e+00
 31 -0.00264 -8.57911e+00 | 32 -0.03946 -5.99131e+00 | 33 -0.13743 -2.61561e+00
 34 -0.17239 -1.94164e+00 | 35 -0.03197 -5.14140e+00 | 36 -0.11991 -1.99689e+00
 37  0.03167 -5.24079e+00 | 38  0.03808 -4.35568e+00 | 39 -0.13075 -1.02436e+00
 40  0.00970 -2.75570e+00 | 41  0.05044 -3.59664e+00 | 42 -0.14680 -7.04017e-01
 43  0.03477 -2.79686e+00 | 44 -0.11414 -7.86571e-01 | 45  0.00923 -1.94589e+00
 46 -0.03968 -1.05032e+00 | 47 -0.16858 -2.98598e-01 | 48 -0.16491 -1.52060e-01
 49 -0.14703 -3.20894e-02 | 50  0.06766  2.12770e-01 | 51 -0.16174  3.12515e-02
 52 -0.05081  1.07400e-01 | 53 -0.14394  6.61908e-02 | 54 -0.07565  1.58348e-01
 55 -0.04823  1.32197e-01 | 56 -0.12780  3.83530e-02 | 57 -0.04385 -6.99686e-02
 58 -0.04422 -2.10940e-01 | 59 -0.00066 -4.25472e-01 | 60 -0.05685 -3.70859e-01
 61 -0.09666 -2.94316e-01 | 62 -0.00805 -7.07786e-01 | 63 -0.09042 -4.31290e-01
 64 -0.13212 -3.41787e-01 | 65 -0.04628 -7.31184e-01 | 66 -0.13201 -3.90954e-01
 67 -0.08682 -4.12411e-01 | 68 -0.09018 -2.15079e-01 | 69  0.00174 -7.74493e-02
 70 -0.05884  1.28839e-02 | 71 -0.10175  7.71612e-03 | 72 -0.07287  3.47708e-03
 73 -0.06739  1.67194e-03 | 74 -0.44032 -1.91895e+02 | 75 -0.71025  2.05861e+00
 76  1.05471  1.03445e+00 | 77  0.36086  3.13546e+00 | 78  1.43399  1.60080e+00
 79  0.10621  7.38368e+00 | 80  0.04362 -1.73658e-01 | 81 -0.98312  1.09539e-03
 82 -0.10241 -5.21774e-01 | 83  0.00008  3.46193e-01 |
83 variables; iteration 4660; function evaluation 5496; phase 3
Function value 3.8218068e+01; maximum gradient component mag 4.9229e+03
Var    Value     Gradient |Var    Value     Gradient |Var    Value     Gradient
  1  0.00924  4.92290e+03 |  2 -0.00688  8.15629e+00 |  3 -0.00809  9.92035e+00
  4 -0.02436  1.06608e+01 |  5 -0.02576  1.28222e+01 |  6 -0.02732  1.53217e+01
  7 -0.02905  1.81993e+01 |  8 -0.03096  2.14556e+01 |  9 -0.03299  2.50902e+01
 10 -0.03515  2.90918e+01 | 11 -0.03745  3.35287e+01 | 12 -0.03991  3.84298e+01
 13 -0.04249  4.36066e+01 | 14 -0.04487  4.92473e+01 | 15 -0.04773  5.52696e+01
 16 -0.05045  6.14353e+01 | 17 -0.05310  6.76180e+01 | 18 -0.05525  7.37532e+01
 19 -0.05571  7.93363e+01 | 20 -0.05643  8.36811e+01 | 21 -0.05734  8.60299e+01
 22 -0.05726  8.74099e+01 | 23 -0.05924  8.82540e+01 | 24 -0.06066  9.02574e+01
 25 -0.06011  9.29693e+01 | 26 -0.05826  9.71739e+01 | 27 -0.06212  9.28802e+01
 28 -0.06792  8.41294e+01 | 29 -0.06337  8.23193e+01 | 30 -0.03442  1.02497e+02
 31 -0.00600  1.21164e+02 | 32 -0.03776  8.97878e+01 | 33 -0.13900  3.70173e+01
 34 -0.17253  2.74134e+01 | 35 -0.03269  7.60048e+01 | 36 -0.11964  3.42689e+01
 37  0.03204  9.79994e+01 | 38  0.03748  8.52094e+01 | 39 -0.13009  1.89947e+01
 40  0.00962  4.89848e+01 | 41  0.05042  5.64805e+01 | 42 -0.14682  9.93856e+00
 43  0.03457  3.59244e+01 | 44 -0.11454  9.21097e+00 | 45  0.00957  1.99616e+01
 46 -0.04028  1.03963e+01 | 47 -0.16837  2.64973e+00 | 48 -0.16493  1.86389e+00
 49 -0.14711  1.46954e+00 | 50  0.06722  6.53242e+00 | 51 -0.16117  7.50833e-01
 52 -0.05148  7.07937e-01 | 53 -0.14415 -7.75595e-02 | 54 -0.07614 -6.20361e-01
 55 -0.04862 -1.03874e+00 | 56 -0.12819 -6.57660e-01 | 57 -0.04419 -1.35795e+00
 58 -0.04459 -1.37462e+00 | 59 -0.00106 -1.96806e+00 | 60 -0.05718 -1.23094e+00
 61 -0.09711 -9.32594e-01 | 62 -0.00843 -1.85125e+00 | 63 -0.09070 -8.60285e-01
 64 -0.13253 -6.13675e-01 | 65 -0.04664 -1.16528e+00 | 66 -0.13232 -5.20940e-01
 67 -0.08714 -6.95220e-01 | 68 -0.09064 -6.42057e-01 | 69  0.00131 -1.04027e+00
 70 -0.05936 -3.20493e-01 | 71 -0.10208 -3.95629e-02 | 72 -0.07325 -3.31311e-03
 73 -0.06771 -1.69013e-03 | 74 -0.44044  2.31633e+03 | 75 -0.72616 -2.20930e+01
 76  1.04004 -3.15868e+00 | 77  0.37002 -5.18293e+01 | 78  1.45645 -3.58224e+01
 79  0.10211 -9.59437e+01 | 80  0.04363  1.53917e-01 | 81 -0.98319 -2.08257e-03
 82 -0.10223 -1.74576e+00 | 83  0.00017  1.11861e+00 |
83 variables; iteration 4680; function evaluation 5520; phase 3
Function value 3.8207778e+01; maximum gradient component mag -1.9623e+02
Var    Value     Gradient |Var    Value     Gradient |Var    Value     Gradient
  1  0.00926 -1.96231e+02 |  2 -0.00693 -3.24792e-01 |  3 -0.00815 -3.96019e-01
  4 -0.02440 -4.23531e-01 |  5 -0.02580 -5.07608e-01 |  6 -0.02738 -6.12222e-01
  7 -0.02911 -7.22034e-01 |  8 -0.03102 -8.52925e-01 |  9 -0.03307 -9.97910e-01
 10 -0.03521 -1.15479e+00 | 11 -0.03752 -1.32883e+00 | 12 -0.04000 -1.53010e+00
 13 -0.04250 -1.73205e+00 | 14 -0.04505 -1.95429e+00 | 15 -0.04776 -2.19911e+00
 16 -0.05028 -2.44375e+00 | 17 -0.05271 -2.66209e+00 | 18 -0.05492 -2.88016e+00
 19 -0.05686 -3.20170e+00 | 20 -0.05802 -3.39257e+00 | 21 -0.05794 -3.41684e+00
 22 -0.05758 -3.47870e+00 | 23 -0.05682 -3.44652e+00 | 24 -0.05622 -3.45248e+00
 25 -0.05777 -3.67673e+00 | 26 -0.06266 -4.05324e+00 | 27 -0.06742 -4.10381e+00
 28 -0.06844 -3.60314e+00 | 29 -0.06150 -3.66855e+00 | 30 -0.03054 -2.85331e+00
 31 -0.00587 -5.73189e+00 | 32 -0.03894 -3.50740e+00 | 33 -0.13892 -1.60322e+00
 34 -0.17265 -1.15324e+00 | 35 -0.03265 -3.10448e+00 | 36 -0.12047 -1.40157e+00
 37  0.03253 -3.91524e+00 | 38  0.03694 -3.43946e+00 | 39 -0.12960 -7.36129e-01
 40  0.00966 -1.98151e+00 | 41  0.05028 -2.32490e+00 | 42 -0.14644 -4.07561e-01
 43  0.03441 -1.47652e+00 | 44 -0.11466 -3.81391e-01 | 45  0.00974 -8.26307e-01
 46 -0.04067 -4.35060e-01 | 47 -0.16838 -1.15264e-01 | 48 -0.16500 -9.19972e-02
 49 -0.14698 -9.98459e-02 | 50  0.06708 -5.50365e-01 | 51 -0.16104 -7.57193e-02
 52 -0.05158 -9.29671e-02 | 53 -0.14420 -1.21771e-02 | 54 -0.07619  2.46081e-03
 55 -0.04869  4.30594e-02 | 56 -0.12821  3.53422e-02 | 57 -0.04424  1.04588e-01
 58 -0.04464  1.35594e-01 | 59 -0.00111  2.27692e-01 | 60 -0.05724  1.70963e-01
 61 -0.09718  1.32739e-01 | 62 -0.00847  2.90843e-01 | 63 -0.09077  1.64933e-01
 64 -0.13258  1.22716e-01 | 65 -0.04669  2.52537e-01 | 66 -0.13238  1.26735e-01
 67 -0.08719  1.62294e-01 | 68 -0.09073  1.09592e-01 | 69  0.00126  1.13866e-01
 70 -0.05945  2.76375e-02 | 71 -0.10210  2.85042e-03 | 72 -0.07329 -2.62189e-04
 73 -0.06775 -9.05462e-05 | 74 -0.44047 -9.10314e+01 | 75 -0.73064  8.97415e-01
 76  1.03486  5.86341e-01 | 77  0.37132  2.31459e+00 | 78  1.46486  1.07942e+00
 79  0.10039  4.36893e+00 | 80  0.04363  5.41189e-02 | 81 -0.98327 -3.20840e-04
 82 -0.10220  2.25813e-01 | 83  0.00019 -1.43483e-01 |
83 variables; iteration 4700; function evaluation 5543; phase 3
Function value 3.8203149e+01; maximum gradient component mag 5.0865e+03
Var    Value     Gradient |Var    Value     Gradient |Var    Value     Gradient
  1  0.00925  5.08651e+03 |  2 -0.00694  8.40333e+00 |  3 -0.00816  1.02214e+01
  4 -0.02442  1.09905e+01 |  5 -0.02580  1.32263e+01 |  6 -0.02740  1.57970e+01
  7 -0.02911  1.87692e+01 |  8 -0.03105  2.21227e+01 |  9 -0.03309  2.58706e+01
 10 -0.03525  3.00030e+01 | 11 -0.03756  3.45872e+01 | 12 -0.04004  3.96343e+01
 13 -0.04252  4.50388e+01 | 14 -0.04515  5.06835e+01 | 15 -0.04783  5.70199e+01
 16 -0.05035  6.35485e+01 | 17 -0.05276  7.01348e+01 | 18 -0.05515  7.62358e+01
 19 -0.05710  8.05373e+01 | 20 -0.05830  8.44614e+01 | 21 -0.05873  8.73296e+01
 22 -0.05848  8.89460e+01 | 23 -0.05642  9.41649e+01 | 24 -0.05400  1.00543e+02
 25 -0.05554  1.01004e+02 | 26 -0.06402  9.39804e+01 | 27 -0.06766  8.99605e+01
 28 -0.06761  8.71036e+01 | 29 -0.05907  8.90460e+01 | 30 -0.03745  1.02651e+02
 31 -0.00338  1.28530e+02 | 32 -0.04012  9.00899e+01 | 33 -0.13756  3.86693e+01
 34 -0.17250  2.82309e+01 | 35 -0.03251  7.83768e+01 | 36 -0.11949  3.51724e+01
 37  0.03166  1.00542e+02 | 38  0.03765  8.77022e+01 | 39 -0.13054  1.96028e+01
 40  0.00957  5.09438e+01 | 41  0.05021  5.89558e+01 | 42 -0.14682  1.04639e+01
 43  0.03450  3.78590e+01 | 44 -0.11457  9.76879e+00 | 45  0.00935  2.12741e+01
 46 -0.04035  1.10908e+01 | 47 -0.16843  2.83919e+00 | 48 -0.16491  1.98825e+00
 49 -0.14690  1.54779e+00 | 50  0.06714  6.70214e+00 | 51 -0.16147  7.42392e-01
 52 -0.05136  6.82455e-01 | 53 -0.14430 -1.15953e-01 | 54 -0.07606 -7.15479e-01
 55 -0.04863 -1.16435e+00 | 56 -0.12817 -7.13567e-01 | 57 -0.04418 -1.44219e+00
 58 -0.04458 -1.40375e+00 | 59 -0.00104 -1.97161e+00 | 60 -0.05719 -1.19509e+00
 61 -0.09710 -9.22296e-01 | 62 -0.00840 -1.79497e+00 | 63 -0.09075 -8.33453e-01
 64 -0.13251 -6.00301e-01 | 65 -0.04664 -1.12496e+00 | 66 -0.13233 -4.84784e-01
 67 -0.08714 -6.45985e-01 | 68 -0.09063 -6.13055e-01 | 69  0.00135 -1.03440e+00
 70 -0.05937 -3.25902e-01 | 71 -0.10204 -4.00536e-02 | 72 -0.07320 -3.75040e-03
 73 -0.06768 -2.19113e-03 | 74 -0.44040  2.38050e+03 | 75 -0.72234 -2.32440e+01
 76  1.03266 -2.71451e+00 | 77  0.36614 -5.67244e+01 | 78  1.47020 -3.79906e+01
 79  0.09947 -9.79939e+01 | 80  0.04363  1.54114e-01 | 81 -0.98318 -2.02070e-03
 82 -0.10219 -1.77000e+00 | 83  0.00020  1.11444e+00 |
83 variables; iteration 4720; function evaluation 5565; phase 3
Function value 3.8194839e+01; maximum gradient component mag -4.4329e+02
Var    Value     Gradient |Var    Value     Gradient |Var    Value     Gradient
  1  0.00927 -4.43294e+02 |  2 -0.00696 -7.30904e-01 |  3 -0.00818 -8.89323e-01
  4 -0.02445 -9.56310e-01 |  5 -0.02585 -1.14990e+00 |  6 -0.02743 -1.37513e+00
  7 -0.02917 -1.63214e+00 |  8 -0.03108 -1.92542e+00 |  9 -0.03313 -2.25130e+00
 10 -0.03529 -2.61023e+00 | 11 -0.03761 -3.00848e+00 | 12 -0.04008 -3.44880e+00
 13 -0.04259 -3.91657e+00 | 14 -0.04514 -4.41387e+00 | 15 -0.04785 -4.96562e+00
 16 -0.05037 -5.52898e+00 | 17 -0.05293 -6.09846e+00 | 18 -0.05517 -6.63005e+00
 19 -0.05658 -7.03622e+00 | 20 -0.05761 -7.38936e+00 | 21 -0.05788 -7.66457e+00
 22 -0.05756 -7.81100e+00 | 23 -0.05772 -8.16618e+00 | 24 -0.05794 -8.56771e+00
 25 -0.05841 -8.61363e+00 | 26 -0.06032 -8.26839e+00 | 27 -0.06395 -7.86371e+00
 28 -0.06634 -7.48440e+00 | 29 -0.05912 -7.53345e+00 | 30 -0.04205 -9.57050e+00
 31 -0.00228 -1.08968e+01 | 32 -0.04029 -7.96891e+00 | 33 -0.13692 -3.31402e+00
 34 -0.17243 -2.44656e+00 | 35 -0.03254 -6.80790e+00 | 36 -0.11860 -3.03629e+00
 37  0.03097 -8.92575e+00 | 38  0.03813 -7.70277e+00 | 39 -0.13117 -1.75292e+00
 40  0.00947 -4.55748e+00 | 41  0.05015 -5.30788e+00 | 42 -0.14713 -9.46285e-01
 43  0.03453 -3.39920e+00 | 44 -0.11457 -8.79368e-01 | 45  0.00909 -1.91647e+00
 46 -0.04015 -9.86601e-01 | 47 -0.16845 -2.54206e-01 | 48 -0.16480 -1.85581e-01
 49 -0.14684 -1.59365e-01 | 50  0.06707 -7.66204e-01 | 51 -0.16171 -9.63098e-02
 52 -0.05136 -9.60962e-02 | 53 -0.14457  3.18958e-03 | 54 -0.07605  5.32858e-02
 55 -0.04875  1.10518e-01 | 56 -0.12822  7.09895e-02 | 57 -0.04424  1.60869e-01
 58 -0.04464  1.69520e-01 | 59 -0.00110  2.53377e-01 | 60 -0.05729  1.69473e-01
 61 -0.09716  1.27759e-01 | 62 -0.00847  2.68951e-01 | 63 -0.09085  1.38503e-01
 64 -0.13256  9.83445e-02 | 65 -0.04670  1.95136e-01 | 66 -0.13242  9.24028e-02
 67 -0.08720  1.23639e-01 | 68 -0.09070  9.82141e-02 | 69  0.00128  1.37689e-01
 70 -0.05949  3.87894e-02 | 71 -0.10210  4.40467e-03 | 72 -0.07327  2.11184e-04
 73 -0.06773  2.15723e-04 | 74 -0.44038 -2.08550e+02 | 75 -0.72014  2.12077e+00
 76  1.02535  5.11292e-01 | 77  0.36444  4.82642e+00 | 78  1.47892  3.09622e+00
 79  0.09775  8.92826e+00 | 80  0.04363  3.31745e-02 | 81 -0.98296 -1.78962e-05
 82 -0.10209  2.34919e-01 | 83  0.00027 -1.51837e-01 |
83 variables; iteration 4740; function evaluation 5587; phase 3
Function value 3.8193238e+01; maximum gradient component mag 4.4575e+02
Var    Value     Gradient |Var    Value     Gradient |Var    Value     Gradient
  1  0.00930  4.45749e+02 |  2 -0.00696  7.44232e-01 |  3 -0.00818  9.05859e-01
  4 -0.02444  9.73284e-01 |  5 -0.02585  1.17017e+00 |  6 -0.02742  1.40139e+00
  7 -0.02917  1.66218e+00 |  8 -0.03108  1.96139e+00 |  9 -0.03312  2.29521e+00
 10 -0.03528  2.66258e+00 | 11 -0.03759  3.07000e+00 | 12 -0.04004  3.52248e+00
 13 -0.04253  4.00942e+00 | 14 -0.04514  4.49478e+00 | 15 -0.04779  5.07357e+00
 16 -0.05048  5.59700e+00 | 17 -0.05299  6.17777e+00 | 18 -0.05495  6.84047e+00
 19 -0.05603  7.40100e+00 | 20 -0.05734  7.66220e+00 | 21 -0.05822  7.69425e+00
 22 -0.05748  7.99836e+00 | 23 -0.05840  7.86930e+00 | 24 -0.05898  7.94256e+00
 25 -0.05923  8.25852e+00 | 26 -0.05869  9.50788e+00 | 27 -0.06331  8.82152e+00
 28 -0.06766  7.54302e+00 | 29 -0.06052  7.60553e+00 | 30 -0.03748  9.02216e+00
 31 -0.00351  1.13226e+01 | 32 -0.03985  8.01661e+00 | 33 -0.13787  3.37299e+00
 34 -0.17244  2.47254e+00 | 35 -0.03276  6.77265e+00 | 36 -0.11931  3.05901e+00
 37  0.03171  8.55444e+00 | 38  0.03752  7.49800e+00 | 39 -0.13036  1.67207e+00
 40  0.00954  4.41313e+00 | 41  0.05021  5.17779e+00 | 42 -0.14684  9.25118e-01
 43  0.03444  3.37260e+00 | 44 -0.11466  8.83833e-01 | 45  0.00943  1.95626e+00
 46 -0.04045  1.04191e+00 | 47 -0.16837  2.82784e-01 | 48 -0.16487  2.14455e-01
 49 -0.14691  2.01678e-01 | 50  0.06697  1.00489e+00 | 51 -0.16129  1.25956e-01
 52 -0.05163  1.38235e-01 | 53 -0.14452  9.50300e-04 | 54 -0.07622 -5.48286e-02
 55 -0.04885 -1.25728e-01 | 56 -0.12831 -8.32026e-02 | 57 -0.04434 -2.02329e-01
 58 -0.04474 -2.33288e-01 | 59 -0.00121 -3.81977e-01 | 60 -0.05737 -2.71003e-01
 61 -0.09728 -2.15308e-01 | 62 -0.00858 -4.63478e-01 | 63 -0.09090 -2.47540e-01
 64 -0.13267 -1.85373e-01 | 65 -0.04680 -3.72610e-01 | 66 -0.13249 -1.75444e-01
 67 -0.08727 -2.18687e-01 | 68 -0.09084 -1.50889e-01 | 69  0.00115 -1.63185e-01
 70 -0.05962 -4.29980e-02 | 71 -0.10220 -4.72743e-03 | 72 -0.07339  2.00858e-04
 73 -0.06784  1.81771e-04 | 74 -0.44046  2.14807e+02 | 75 -0.73026 -1.96326e+00
 76  1.02290  6.80122e-02 | 77  0.36986 -4.52820e+00 | 78  1.47773 -3.62988e+00
 79  0.09784 -8.27201e+00 | 80  0.04362 -3.25858e-02 | 81 -0.98302  2.08439e-04
 82 -0.10207 -3.77757e-01 | 83  0.00027  2.36019e-01 |
83 variables; iteration 4760; function evaluation 5610; phase 3
Function value 3.8190583e+01; maximum gradient component mag -1.1196e+03
Var    Value     Gradient |Var    Value     Gradient |Var    Value     Gradient
  1  0.00929 -1.11964e+03 |  2 -0.00696 -1.83515e+00 |  3 -0.00818 -2.23297e+00
  4 -0.02445 -2.40155e+00 |  5 -0.02588 -2.89280e+00 |  6 -0.02742 -3.45097e+00
  7 -0.02919 -4.10362e+00 |  8 -0.03110 -4.83750e+00 |  9 -0.03314 -5.65497e+00
 10 -0.03530 -6.55773e+00 | 11 -0.03763 -7.56112e+00 | 12 -0.04004 -8.65314e+00
 13 -0.04258 -9.83588e+00 | 14 -0.04514 -1.10858e+01 | 15 -0.04780 -1.24593e+01
 16 -0.05035 -1.38864e+01 | 17 -0.05294 -1.53118e+01 | 18 -0.05535 -1.66914e+01
 19 -0.05676 -1.77256e+01 | 20 -0.05781 -1.86201e+01 | 21 -0.05788 -1.92663e+01
 22 -0.05741 -1.96239e+01 | 23 -0.05691 -2.02836e+01 | 24 -0.05649 -2.10608e+01
 25 -0.05776 -2.13852e+01 | 26 -0.06266 -2.13305e+01 | 27 -0.06612 -2.03251e+01
 28 -0.06753 -1.91073e+01 | 29 -0.05996 -1.91974e+01 | 30 -0.03480 -2.23306e+01
 31 -0.00392 -2.79367e+01 | 32 -0.04006 -1.97242e+01 | 33 -0.13797 -8.38884e+00
 34 -0.17247 -6.14484e+00 | 35 -0.03279 -1.71364e+01 | 36 -0.11951 -7.76802e+00
 37  0.03187 -2.25980e+01 | 38  0.03735 -1.96582e+01 | 39 -0.13024 -4.46308e+00
 40  0.00956 -1.15471e+01 | 41  0.05018 -1.33754e+01 | 42 -0.14674 -2.38703e+00
 43  0.03439 -8.61362e+00 | 44 -0.11468 -2.22723e+00 | 45  0.00948 -4.86915e+00
 46 -0.04058 -2.49408e+00 | 47 -0.16842 -6.18637e-01 | 48 -0.16494 -4.15867e-01
 49 -0.14688 -2.88180e-01 | 50  0.06694 -1.11088e+00 | 51 -0.16121 -1.05764e-01
 52 -0.05165 -6.81257e-02 | 53 -0.14448  4.89354e-02 | 54 -0.07623  1.75128e-01
 55 -0.04884  2.51246e-01 | 56 -0.12831  1.38757e-01 | 57 -0.04433  2.45140e-01
 58 -0.04475  1.96936e-01 | 59 -0.00121  2.46722e-01 | 60 -0.05738  1.19283e-01
 61 -0.09728  9.43076e-02 | 62 -0.00857  1.56663e-01 | 63 -0.09091  4.94405e-02
 64 -0.13269  2.23659e-02 | 65 -0.04679  2.43149e-02 | 66 -0.13251 -7.91843e-03
 67 -0.08728  4.47402e-03 | 68 -0.09086  4.78738e-02 | 69  0.00115  1.54475e-01
 70 -0.05962  5.61028e-02 | 71 -0.10219  6.59745e-03 | 72 -0.07338  1.20456e-03
 73 -0.06783  1.01243e-03 | 74 -0.44048 -5.32537e+02 | 75 -0.73219  4.97794e+00
 76  1.01822  5.48685e-01 | 77  0.37024  1.20708e+01 | 78  1.47948  8.18205e+00
 79  0.09750  2.17072e+01 | 80  0.04362 -2.50384e-02 | 81 -0.98306  6.92697e-04
 82 -0.10209  2.12652e-01 | 83  0.00026 -1.28832e-01 |
83 variables; iteration 4780; function evaluation 5632; phase 3
Function value 3.8187804e+01; maximum gradient component mag -7.6323e+02
Var    Value     Gradient |Var    Value     Gradient |Var    Value     Gradient
  1  0.00930 -7.63231e+02 |  2 -0.00698 -1.25955e+00 |  3 -0.00821 -1.53195e+00
  4 -0.02448 -1.64695e+00 |  5 -0.02589 -1.98117e+00 |  6 -0.02746 -2.36826e+00
  7 -0.02921 -2.81141e+00 |  8 -0.03113 -3.31571e+00 |  9 -0.03318 -3.87695e+00
 10 -0.03535 -4.49575e+00 | 11 -0.03766 -5.18219e+00 | 12 -0.04014 -5.94171e+00
 13 -0.04265 -6.74702e+00 | 14 -0.04520 -7.59993e+00 | 15 -0.04792 -8.55301e+00
 16 -0.05045 -9.52638e+00 | 17 -0.05294 -1.04870e+01 | 18 -0.05509 -1.13919e+01
 19 -0.05669 -1.21398e+01 | 20 -0.05779 -1.27652e+01 | 21 -0.05795 -1.32103e+01
 22 -0.05748 -1.34380e+01 | 23 -0.05737 -1.39313e+01 | 24 -0.05738 -1.45170e+01
 25 -0.05820 -1.47155e+01 | 26 -0.06085 -1.44717e+01 | 27 -0.06471 -1.38352e+01
 28 -0.06670 -1.30454e+01 | 29 -0.05918 -1.30962e+01 | 30 -0.03958 -1.55624e+01
 31 -0.00275 -1.90169e+01 | 32 -0.04029 -1.35804e+01 | 33 -0.13723 -5.74668e+00
 34 -0.17247 -4.21729e+00 | 35 -0.03267 -1.17272e+01 | 36 -0.11878 -5.28872e+00
 37  0.03120 -1.51847e+01 | 38  0.03787 -1.32748e+01 | 39 -0.13089 -2.96899e+00
 40  0.00948 -7.71419e+00 | 41  0.05011 -8.91044e+00 | 42 -0.14702 -1.57794e+00
 43  0.03446 -5.69433e+00 | 44 -0.11467 -1.46433e+00 | 45  0.00921 -3.17602e+00
 46 -0.04035 -1.65123e+00 | 47 -0.16843 -4.14137e-01 | 48 -0.16481 -2.83292e-01
 49 -0.14682 -2.05013e-01 | 50  0.06694 -8.28322e-01 | 51 -0.16153 -8.74299e-02
 52 -0.05154 -8.50102e-02 | 53 -0.14464  1.39089e-02 | 54 -0.07616  9.91924e-02
 55 -0.04886  1.56639e-01 | 56 -0.12831  9.60517e-02 | 57 -0.04434  1.85987e-01
 58 -0.04474  1.68680e-01 | 59 -0.00120  2.28842e-01 | 60 -0.05739  1.26510e-01
 61 -0.09727  9.74351e-02 | 62 -0.00857  1.77894e-01 | 63 -0.09093  7.32612e-02
 64 -0.13266  5.32904e-02 | 65 -0.04679  9.55361e-02 | 66 -0.13251  3.39862e-02
 67 -0.08727  5.64363e-02 | 68 -0.09082  6.64338e-02 | 69  0.00117  1.33141e-01
 70 -0.05963  4.34647e-02 | 71 -0.10219  5.32255e-03 | 72 -0.07337  7.58753e-04
 73 -0.06782  5.02958e-04 | 74 -0.44044 -3.58733e+02 | 75 -0.72720  3.46808e+00
 76  1.01288  2.28475e-01 | 77  0.36699  8.41728e+00 | 78  1.48550  5.66123e+00
 79  0.09631  1.47567e+01 | 80  0.04363 -1.39456e-02 | 81 -0.98293  6.17990e-04
 82 -0.10203  1.92001e-01 | 83  0.00029 -1.22317e-01 |
83 variables; iteration 4800; function evaluation 5652; phase 3
Function value 3.8186893e+01; maximum gradient component mag -5.1209e+02
Var    Value     Gradient |Var    Value     Gradient |Var    Value     Gradient
  1  0.00932 -5.12092e+02 |  2 -0.00700 -8.48404e-01 |  3 -0.00822 -1.02903e+00
  4 -0.02449 -1.10797e+00 |  5 -0.02589 -1.32906e+00 |  6 -0.02747 -1.59028e+00
  7 -0.02922 -1.88584e+00 |  8 -0.03114 -2.22619e+00 |  9 -0.03319 -2.60214e+00
 10 -0.03536 -3.01880e+00 | 11 -0.03767 -3.47603e+00 | 12 -0.04017 -3.99187e+00
 13 -0.04263 -4.51853e+00 | 14 -0.04527 -5.11517e+00 | 15 -0.04787 -5.72595e+00
 16 -0.05041 -6.38342e+00 | 17 -0.05301 -7.05161e+00 | 18 -0.05509 -7.62674e+00
 19 -0.05667 -8.13916e+00 | 20 -0.05787 -8.59289e+00 | 21 -0.05814 -8.91085e+00
 22 -0.05717 -8.93339e+00 | 23 -0.05721 -9.31110e+00 | 24 -0.05713 -9.69727e+00
 25 -0.05812 -9.86621e+00 | 26 -0.06154 -9.81482e+00 | 27 -0.06501 -9.29778e+00
 28 -0.06695 -8.74995e+00 | 29 -0.05955 -8.78864e+00 | 30 -0.03726 -1.03304e+01
 31 -0.00340 -1.28054e+01 | 32 -0.04004 -9.10635e+00 | 33 -0.13767 -3.87875e+00
 34 -0.17252 -2.86449e+00 | 35 -0.03277 -7.97166e+00 | 36 -0.11906 -3.60028e+00
 37  0.03150 -1.03582e+01 | 38  0.03760 -9.01387e+00 | 39 -0.13055 -1.99495e+00
 40  0.00950 -5.13843e+00 | 41  0.05012 -5.85181e+00 | 42 -0.14687 -1.01612e+00
 43  0.03441 -3.64932e+00 | 44 -0.11478 -9.21000e-01 | 45  0.00938 -1.92894e+00
 46 -0.04052 -1.00313e+00 | 47 -0.16836 -2.39923e-01 | 48 -0.16484 -1.67003e-01
 49 -0.14682 -1.11465e-01 | 50  0.06688 -4.66513e-01 | 51 -0.16136 -5.58155e-02
 52 -0.05167 -6.74340e-02 | 53 -0.14464 -1.01221e-02 | 54 -0.07625  5.15523e-02
 55 -0.04893  8.63934e-02 | 56 -0.12836  6.33130e-02 | 57 -0.04439  1.26746e-01
 58 -0.04480  1.14548e-01 | 59 -0.00127  1.27841e-01 | 60 -0.05743  5.80273e-02
 61 -0.09734  2.77146e-02 | 62 -0.00863  3.72474e-02 | 63 -0.09097 -7.18879e-03
 64 -0.13272 -3.03440e-03 | 65 -0.04685 -1.64492e-02 | 66 -0.13255 -8.01395e-03
 67 -0.08732  2.49767e-03 | 68 -0.09089  3.19848e-02 | 69  0.00109  1.00222e-01
 70 -0.05971  3.12385e-02 | 71 -0.10224  3.96772e-03 | 72 -0.07344  8.12582e-04
 73 -0.06788  4.50673e-04 | 74 -0.44048 -2.39114e+02 | 75 -0.73242  2.25747e+00
 76  1.00963  3.93197e-02 | 77  0.36943  5.68766e+00 | 78  1.48662  3.77963e+00
 79  0.09602  9.93513e+00 | 80  0.04363  1.65677e-02 | 81 -0.98294  8.54418e-04
 82 -0.10201  6.50278e-02 | 83  0.00030 -5.84019e-02 |
83 variables; iteration 4820; function evaluation 5672; phase 3
Function value 3.8186695e+01; maximum gradient component mag 1.5288e+02
Var    Value     Gradient |Var    Value     Gradient |Var    Value     Gradient
  1  0.00932  1.52876e+02 |  2 -0.00699  2.52527e-01 |  3 -0.00822  3.07370e-01
  4 -0.02448  3.30839e-01 |  5 -0.02590  3.98126e-01 |  6 -0.02747  4.76057e-01
  7 -0.02922  5.65445e-01 |  8 -0.03114  6.67215e-01 |  9 -0.03319  7.80579e-01
 10 -0.03536  9.06373e-01 | 11 -0.03768  1.04365e+00 | 12 -0.04014  1.19895e+00
 13 -0.04266  1.36019e+00 | 14 -0.04520  1.53583e+00 | 15 -0.04791  1.72228e+00
 16 -0.05044  1.92130e+00 | 17 -0.05295  2.12230e+00 | 18 -0.05522  2.30971e+00
 19 -0.05671  2.43788e+00 | 20 -0.05772  2.56744e+00 | 21 -0.05792  2.66720e+00
 22 -0.05748  2.74970e+00 | 23 -0.05729  2.84350e+00 | 24 -0.05724  2.93305e+00
 25 -0.05805  2.96341e+00 | 26 -0.06121  2.90198e+00 | 27 -0.06494  2.80138e+00
 28 -0.06697  2.65835e+00 | 29 -0.05939  2.77042e+00 | 30 -0.03777  2.94948e+00
 31 -0.00309  4.02774e+00 | 32 -0.04030  2.58237e+00 | 33 -0.13752  1.17202e+00
 34 -0.17248  8.47229e-01 | 35 -0.03278  2.31180e+00 | 36 -0.11903  1.05220e+00
 37  0.03147  2.99032e+00 | 38  0.03760  2.58382e+00 | 39 -0.13061  5.87086e-01
 40  0.00950  1.52346e+00 | 41  0.05009  1.78098e+00 | 42 -0.14690  3.19197e-01
 43  0.03440  1.15781e+00 | 44 -0.11474  3.02910e-01 | 45  0.00933  6.70286e-01
 46 -0.04050  3.51643e-01 | 47 -0.16842  9.36645e-02 | 48 -0.16483  6.91082e-02
 49 -0.14683  5.98077e-02 | 50  0.06686  2.85036e-01 | 51 -0.16137  3.34395e-02
 52 -0.05168  3.35976e-02 | 53 -0.14462 -2.14768e-03 | 54 -0.07627 -2.08015e-02
 55 -0.04892 -3.97716e-02 | 56 -0.12838 -2.64003e-02 | 57 -0.04440 -6.00302e-02
 58 -0.04480 -6.66459e-02 | 59 -0.00127 -1.04758e-01 | 60 -0.05743 -7.13062e-02
 61 -0.09734 -5.53626e-02 | 62 -0.00864 -1.16025e-01 | 63 -0.09096 -5.91793e-02
 64 -0.13273 -4.34617e-02 | 65 -0.04686 -8.61098e-02 | 66 -0.13256 -4.03710e-02
 67 -0.08732 -4.87168e-02 | 68 -0.09089 -3.64117e-02 | 69  0.00109 -4.31460e-02
 70 -0.05971 -1.21133e-02 | 71 -0.10225 -1.19126e-03 | 72 -0.07344 -4.89973e-06
 73 -0.06788  1.68909e-05 | 74 -0.44048  7.91783e+01 | 75 -0.73255 -6.84476e-01
 76  1.00798 -1.39533e-01 | 77  0.36922 -1.43916e+00 | 78  1.48839 -1.30452e+00
 79  0.09563 -2.75639e+00 | 80  0.04363 -6.75573e-03 | 81 -0.98301 -3.18423e-05
 82 -0.10201 -1.01019e-01 | 83  0.00031  6.41315e-02 |
83 variables; iteration 4840; function evaluation 5692; phase 3
Function value 3.8185302e+01; maximum gradient component mag -1.8290e+02
Var    Value     Gradient |Var    Value     Gradient |Var    Value     Gradient
  1  0.00936 -1.82902e+02 |  2 -0.00701 -3.01473e-01 |  3 -0.00824 -3.66609e-01
  4 -0.02451 -3.93889e-01 |  5 -0.02592 -4.73428e-01 |  6 -0.02750 -5.66442e-01
  7 -0.02926 -6.72677e-01 |  8 -0.03118 -7.93666e-01 |  9 -0.03324 -9.28718e-01
 10 -0.03541 -1.07761e+00 | 11 -0.03773 -1.24140e+00 | 12 -0.04022 -1.42585e+00
 13 -0.04273 -1.61778e+00 | 14 -0.04528 -1.82513e+00 | 15 -0.04797 -2.04885e+00
 16 -0.05051 -2.28643e+00 | 17 -0.05300 -2.50891e+00 | 18 -0.05532 -2.74738e+00
 19 -0.05677 -2.92513e+00 | 20 -0.05775 -3.05798e+00 | 21 -0.05792 -3.15566e+00
 22 -0.05758 -3.22350e+00 | 23 -0.05742 -3.35372e+00 | 24 -0.05727 -3.48777e+00
 25 -0.05801 -3.52673e+00 | 26 -0.06107 -3.47784e+00 | 27 -0.06495 -3.32817e+00
 28 -0.06710 -3.14639e+00 | 29 -0.05991 -3.17172e+00 | 30 -0.03703 -3.67674e+00
 31 -0.00401 -4.60586e+00 | 32 -0.03946 -3.26903e+00 | 33 -0.13755 -1.39731e+00
 34 -0.17271 -1.02208e+00 | 35 -0.03268 -2.85847e+00 | 36 -0.11839 -1.30881e+00
 37  0.03081 -3.75136e+00 | 38  0.03801 -3.28256e+00 | 39 -0.13133 -7.19618e-01
 40  0.00941 -1.83865e+00 | 41  0.04994 -2.07894e+00 | 42 -0.14714 -3.62958e-01
 43  0.03439 -1.30373e+00 | 44 -0.11480 -3.33198e-01 | 45  0.00905 -7.13962e-01
 46 -0.04037 -3.68015e-01 | 47 -0.16848 -9.00866e-02 | 48 -0.16474 -6.50243e-02
 49 -0.14676 -5.22761e-02 | 50  0.06677 -2.33469e-01 | 51 -0.16164 -2.11576e-02
 52 -0.05167 -1.68053e-02 | 53 -0.14476  6.83593e-03 | 54 -0.07631  2.28192e-02
 55 -0.04900  3.71540e-02 | 56 -0.12845  2.32820e-02 | 57 -0.04448  5.13800e-02
 58 -0.04485  5.61703e-02 | 59 -0.00134  8.46661e-02 | 60 -0.05749  5.62390e-02
 61 -0.09739  4.27903e-02 | 62 -0.00871  8.88273e-02 | 63 -0.09103  4.19672e-02
 64 -0.13277  3.00732e-02 | 65 -0.04692  5.82223e-02 | 66 -0.13260  2.83004e-02
 67 -0.08738  2.76452e-02 | 68 -0.09090  2.21267e-02 | 69  0.00102  2.76426e-02
 70 -0.05977  7.67601e-03 | 71 -0.10231  3.48998e-04 | 72 -0.07347 -7.37217e-05
 73 -0.06791  4.13711e-05 | 74 -0.44046 -8.59587e+01 | 75 -0.72938  8.54858e-01
 76  1.01108  3.51776e-02 | 77  0.36665  2.09858e+00 | 78  1.49819  1.44096e+00
 79  0.09357  3.45153e+00 | 80  0.04363  7.51182e-03 | 81 -0.98287  1.06661e-05
 82 -0.10195  8.67699e-02 | 83  0.00034 -5.57247e-02 |
83 variables; iteration 4860; function evaluation 5712; phase 3
Function value 3.8185292e+01; maximum gradient component mag 1.0602e+01
Var    Value     Gradient |Var    Value     Gradient |Var    Value     Gradient
  1  0.00936  1.06023e+01 |  2 -0.00701  1.74444e-02 |  3 -0.00824  2.12291e-02
  4 -0.02451  2.28045e-02 |  5 -0.02593  2.73978e-02 |  6 -0.02751  3.27927e-02
  7 -0.02926  3.89199e-02 |  8 -0.03119  4.58574e-02 |  9 -0.03324  5.36316e-02
 10 -0.03541  6.21507e-02 | 11 -0.03774  7.15526e-02 | 12 -0.04021  8.19947e-02
 13 -0.04273  9.29959e-02 | 14 -0.04528  1.04659e-01 | 15 -0.04797  1.17840e-01
 16 -0.05050  1.31235e-01 | 17 -0.05304  1.44244e-01 | 18 -0.05530  1.57131e-01
 19 -0.05673  1.66827e-01 | 20 -0.05775  1.75543e-01 | 21 -0.05797  1.81384e-01
 22 -0.05761  1.84483e-01 | 23 -0.05739  1.90702e-01 | 24 -0.05724  1.98498e-01
 25 -0.05801  2.00182e-01 | 26 -0.06110  1.97562e-01 | 27 -0.06494  1.89634e-01
 28 -0.06707  1.81281e-01 | 29 -0.05984  1.84694e-01 | 30 -0.03707  2.20063e-01
 31 -0.00395  2.73887e-01 | 32 -0.03952  1.75267e-01 | 33 -0.13754  7.72361e-02
 34 -0.17271  5.93691e-02 | 35 -0.03268  1.59204e-01 | 36 -0.11842  7.21122e-02
 37  0.03083  2.34224e-01 | 38  0.03799  1.83604e-01 | 39 -0.13131  4.57402e-02
 40  0.00942  1.12730e-01 | 41  0.04994  1.28656e-01 | 42 -0.14713  2.31104e-02
 43  0.03439  8.11328e-02 | 44 -0.11480  2.08019e-02 | 45  0.00905  4.70917e-02
 46 -0.04038  2.26182e-02 | 47 -0.16848  5.71763e-03 | 48 -0.16474  3.96043e-03
 49 -0.14675  3.02176e-03 | 50  0.06676  1.24370e-02 | 51 -0.16164  9.25260e-04
 52 -0.05168  2.09231e-04 | 53 -0.14478 -7.90067e-04 | 54 -0.07632 -1.88234e-03
 55 -0.04901 -2.63978e-03 | 56 -0.12846 -1.46670e-03 | 57 -0.04448 -2.88771e-03
 58 -0.04486 -2.89117e-03 | 59 -0.00135 -4.03042e-03 | 60 -0.05750 -2.48293e-03
 61 -0.09739 -1.94056e-03 | 62 -0.00872 -3.75316e-03 | 63 -0.09103 -1.68222e-03
 64 -0.13277 -1.11329e-03 | 65 -0.04693 -2.07122e-03 | 66 -0.13261 -9.47593e-04
 67 -0.08739 -5.48677e-04 | 68 -0.09091 -6.06295e-04 | 69  0.00101 -9.58021e-04
 70 -0.05978 -3.31455e-04 | 71 -0.10231 -7.16271e-06 | 72 -0.07348  8.36618e-07
 73 -0.06792 -5.40519e-06 | 74 -0.44047  6.33505e+00 | 75 -0.72980 -1.21490e-02
 76  1.01106 -5.73435e-03 | 77  0.36676 -3.67407e-02 | 78  1.49886 -7.25994e-02
 79  0.09341 -2.06832e-01 | 80  0.04363  9.44690e-06 | 81 -0.98288 -4.74403e-07
 82 -0.10195 -4.44171e-03 | 83  0.00034  2.77413e-03 |
83 variables; iteration 4880; function evaluation 5734; phase 3
Function value 3.8185129e+01; maximum gradient component mag 7.0220e+02
Var    Value     Gradient |Var    Value     Gradient |Var    Value     Gradient
  1  0.00935  7.02199e+02 |  2 -0.00701  1.15102e+00 |  3 -0.00823  1.40343e+00
  4 -0.02450  1.50928e+00 |  5 -0.02593  1.81274e+00 |  6 -0.02750  2.16885e+00
  7 -0.02926  2.57524e+00 |  8 -0.03117  3.04011e+00 |  9 -0.03323  3.55604e+00
 10 -0.03540  4.12356e+00 | 11 -0.03771  4.75908e+00 | 12 -0.04021  5.44473e+00
 13 -0.04272  6.19022e+00 | 14 -0.04531  6.96011e+00 | 15 -0.04795  7.84754e+00
 16 -0.05045  8.75677e+00 | 17 -0.05321  9.55793e+00 | 18 -0.05523  1.05059e+01
 19 -0.05673  1.11320e+01 | 20 -0.05767  1.17311e+01 | 21 -0.05767  1.22436e+01
 22 -0.05758  1.23707e+01 | 23 -0.05769  1.26762e+01 | 24 -0.05734  1.32769e+01
 25 -0.05802  1.34887e+01 | 26 -0.06121  1.32828e+01 | 27 -0.06497  1.27196e+01
 28 -0.06693  1.20822e+01 | 29 -0.06002  1.20611e+01 | 30 -0.03710  1.41280e+01
 31 -0.00417  1.74311e+01 | 32 -0.03929  1.24132e+01 | 33 -0.13751  5.27758e+00
 34 -0.17278  3.84953e+00 | 35 -0.03260  1.08160e+01 | 36 -0.11837  4.98427e+00
 37  0.03071  1.44289e+01 | 38  0.03808  1.26892e+01 | 39 -0.13141  2.82505e+00
 40  0.00939  7.26728e+00 | 41  0.04992  8.28036e+00 | 42 -0.14719  1.45888e+00
 43  0.03439  5.23240e+00 | 44 -0.11477  1.34230e+00 | 45  0.00897  2.90717e+00
 46 -0.04033  1.49301e+00 | 47 -0.16852  3.66016e-01 | 48 -0.16474  2.50852e-01
 49 -0.14673  1.92238e-01 | 50  0.06678  8.20718e-01 | 51 -0.16175  8.24844e-02
 52 -0.05161  7.13973e-02 | 53 -0.14482 -2.04614e-02 | 54 -0.07626 -9.14548e-02
 55 -0.04900 -1.52415e-01 | 56 -0.12843 -8.92553e-02 | 57 -0.04446 -1.91081e-01
 58 -0.04484 -1.86407e-01 | 59 -0.00132 -2.56601e-01 | 60 -0.05749 -1.55002e-01
 61 -0.09738 -1.25233e-01 | 62 -0.00869 -2.50746e-01 | 63 -0.09104 -1.29410e-01
 64 -0.13275 -9.09405e-02 | 65 -0.04691 -1.79731e-01 | 66 -0.13261 -8.04380e-02
 67 -0.08737 -8.85340e-02 | 68 -0.09090 -7.37768e-02 | 69  0.00104 -1.16372e-01
 70 -0.05977 -3.37358e-02 | 71 -0.10228 -3.46008e-03 | 72 -0.07345 -1.21455e-04
 73 -0.06789 -3.69183e-04 | 74 -0.44051  3.41142e+02 | 75 -0.73411 -3.06911e+00
 76  1.01099 -1.52589e-01 | 77  0.36542 -7.96330e+00 | 78  1.49914 -5.52281e+00
 79  0.09339 -1.31910e+01 | 80  0.04363  5.03952e-03 | 81 -0.98287 -1.03977e-04
 82 -0.10194 -2.59339e-01 | 83  0.00035  1.65184e-01 |
83 variables; iteration 4900; function evaluation 5756; phase 3
Function value 3.8184817e+01; maximum gradient component mag -4.8904e+02
Var    Value     Gradient |Var    Value     Gradient |Var    Value     Gradient
  1  0.00936 -4.89043e+02 |  2 -0.00701 -8.08425e-01 |  3 -0.00824 -9.82375e-01
  4 -0.02451 -1.05658e+00 |  5 -0.02592 -1.27105e+00 |  6 -0.02751 -1.52153e+00
  7 -0.02926 -1.80461e+00 |  8 -0.03118 -2.13008e+00 |  9 -0.03324 -2.49151e+00
 10 -0.03541 -2.88847e+00 | 11 -0.03773 -3.33085e+00 | 12 -0.04021 -3.81987e+00
 13 -0.04272 -4.33807e+00 | 14 -0.04527 -4.88903e+00 | 15 -0.04795 -5.49472e+00
 16 -0.05050 -6.12824e+00 | 17 -0.05303 -6.75306e+00 | 18 -0.05534 -7.36308e+00
 19 -0.05668 -7.79960e+00 | 20 -0.05778 -8.21269e+00 | 21 -0.05800 -8.51065e+00
 22 -0.05764 -8.67458e+00 | 23 -0.05739 -8.97619e+00 | 24 -0.05722 -9.33313e+00
 25 -0.05797 -9.45397e+00 | 26 -0.06107 -9.34375e+00 | 27 -0.06498 -8.93730e+00
 28 -0.06708 -8.42918e+00 | 29 -0.05976 -8.46851e+00 | 30 -0.03726 -9.91992e+00
 31 -0.00393 -1.22996e+01 | 32 -0.03950 -8.73819e+00 | 33 -0.13753 -3.72207e+00
 34 -0.17271 -2.71317e+00 | 35 -0.03267 -7.51627e+00 | 36 -0.11842 -3.38116e+00
 37  0.03082 -9.44247e+00 | 38  0.03800 -8.31540e+00 | 39 -0.13131 -1.82608e+00
 40  0.00941 -4.79222e+00 | 41  0.04994 -5.56134e+00 | 42 -0.14714 -9.90879e-01
 43  0.03440 -3.61647e+00 | 44 -0.11480 -9.39623e-01 | 45  0.00905 -2.05864e+00
 46 -0.04037 -1.08544e+00 | 47 -0.16849 -2.79083e-01 | 48 -0.16473 -1.95752e-01
 49 -0.14675 -1.50880e-01 | 50  0.06677 -6.31857e-01 | 51 -0.16164 -7.03921e-02
 52 -0.05167 -6.39316e-02 | 53 -0.14477  1.10194e-02 | 54 -0.07631  6.40839e-02
 55 -0.04900  1.02925e-01 | 56 -0.12845  6.38093e-02 | 57 -0.04448  1.25528e-01
 58 -0.04485  1.22661e-01 | 59 -0.00134  1.78467e-01 | 60 -0.05749  1.08751e-01
 61 -0.09739  8.32317e-02 | 62 -0.00871  1.60370e-01 | 63 -0.09103  6.75900e-02
 64 -0.13277  4.35962e-02 | 65 -0.04692  7.86446e-02 | 66 -0.13261  3.16251e-02
 67 -0.08738  4.92125e-02 | 68 -0.09091  5.29602e-02 | 69  0.00102  9.75626e-02
 70 -0.05977  3.19503e-02 | 71 -0.10231  3.96452e-03 | 72 -0.07347  4.90914e-04
 73 -0.06791  2.72175e-04 | 74 -0.44056 -2.37780e+02 | 75 -0.74017  2.13424e+00
 76  1.01111  1.00868e-01 | 77  0.36660  5.47595e+00 | 78  1.49857  3.85860e+00
 79  0.09348  9.15728e+00 | 80  0.04363 -2.35065e-03 | 81 -0.98288  8.87579e-05
 82 -0.10195  1.50543e-01 | 83  0.00034 -9.72572e-02 |
83 variables; iteration 4920; function evaluation 5778; phase 3
Function value 3.8184512e+01; maximum gradient component mag -7.6267e+02
Var    Value     Gradient |Var    Value     Gradient |Var    Value     Gradient
  1  0.00936 -7.62667e+02 |  2 -0.00701 -1.25892e+00 |  3 -0.00824 -1.53194e+00
  4 -0.02451 -1.64729e+00 |  5 -0.02593 -1.98176e+00 |  6 -0.02750 -2.36792e+00
  7 -0.02926 -2.81328e+00 |  8 -0.03118 -3.31795e+00 |  9 -0.03324 -3.88046e+00
 10 -0.03541 -4.50157e+00 | 11 -0.03774 -5.19035e+00 | 12 -0.04021 -5.94954e+00
 13 -0.04273 -6.75919e+00 | 14 -0.04528 -7.61618e+00 | 15 -0.04797 -8.56548e+00
 16 -0.05050 -9.54343e+00 | 17 -0.05304 -1.05182e+01 | 18 -0.05529 -1.14485e+01
 19 -0.05672 -1.21618e+01 | 20 -0.05775 -1.27775e+01 | 21 -0.05796 -1.32395e+01
 22 -0.05760 -1.34964e+01 | 23 -0.05740 -1.39796e+01 | 24 -0.05723 -1.45380e+01
 25 -0.05801 -1.47327e+01 | 26 -0.06109 -1.45510e+01 | 27 -0.06495 -1.38970e+01
 28 -0.06707 -1.31156e+01 | 29 -0.05983 -1.32044e+01 | 30 -0.03706 -1.53989e+01
 31 -0.00390 -1.91192e+01 | 32 -0.03956 -1.35605e+01 | 33 -0.13756 -5.77354e+00
 34 -0.17269 -4.20565e+00 | 35 -0.03268 -1.16944e+01 | 36 -0.11849 -5.31806e+00
 37  0.03089 -1.50259e+01 | 38  0.03796 -1.32260e+01 | 39 -0.13127 -2.93397e+00
 40  0.00943 -7.67179e+00 | 41  0.04994 -8.87561e+00 | 42 -0.14710 -1.57760e+00
 43  0.03439 -5.72570e+00 | 44 -0.11481 -1.48184e+00 | 45  0.00908 -3.23248e+00
 46 -0.04039 -1.68474e+00 | 47 -0.16848 -4.31401e-01 | 48 -0.16474 -3.08796e-01
 49 -0.14675 -2.52817e-01 | 50  0.06677 -1.15519e+00 | 51 -0.16161 -1.36529e-01
 52 -0.05167 -1.26476e-01 | 53 -0.14475  1.59289e-02 | 54 -0.07632  1.12549e-01
 55 -0.04900  1.95463e-01 | 56 -0.12845  1.19503e-01 | 57 -0.04448  2.51910e-01
 58 -0.04485  2.50170e-01 | 59 -0.00134  3.51749e-01 | 60 -0.05748  2.20224e-01
 61 -0.09739  1.66792e-01 | 62 -0.00871  3.37048e-01 | 63 -0.09102  1.65041e-01
 64 -0.13277  1.18190e-01 | 65 -0.04692  2.27359e-01 | 66 -0.13260  1.04184e-01
 67 -0.08738  1.36204e-01 | 68 -0.09091  1.18233e-01 | 69  0.00102  1.88740e-01
 70 -0.05977  5.63279e-02 | 71 -0.10230  6.92160e-03 | 72 -0.07347  4.71715e-04
 73 -0.06791  3.87962e-04 | 74 -0.44063 -3.77722e+02 | 75 -0.74807  3.20330e+00
 76  1.01126  1.64944e-01 | 77  0.36695  8.52276e+00 | 78  1.49821  6.00762e+00
 79  0.09355  1.43202e+01 | 80  0.04363  2.42596e-03 | 81 -0.98289  1.50284e-04
 82 -0.10196  3.22210e-01 | 83  0.00033 -2.06856e-01 |
83 variables; iteration 4940; function evaluation 5802; phase 3
Function value 3.8184200e+01; maximum gradient component mag 3.6321e+02
Var    Value     Gradient |Var    Value     Gradient |Var    Value     Gradient
  1  0.00936  3.63213e+02 |  2 -0.00701  5.99402e-01 |  3 -0.00824  7.29373e-01
  4 -0.02451  7.85546e-01 |  5 -0.02593  9.43838e-01 |  6 -0.02751  1.12770e+00
  7 -0.02926  1.34068e+00 |  8 -0.03119  1.57986e+00 |  9 -0.03324  1.84916e+00
 10 -0.03541  2.14579e+00 | 11 -0.03773  2.47228e+00 | 12 -0.04021  2.83414e+00
 13 -0.04272  3.22112e+00 | 14 -0.04528  3.62646e+00 | 15 -0.04798  4.07616e+00
 16 -0.05048  4.55248e+00 | 17 -0.05305  5.00257e+00 | 18 -0.05526  5.46199e+00
 19 -0.05679  5.76965e+00 | 20 -0.05772  6.09179e+00 | 21 -0.05799  6.29636e+00
 22 -0.05757  6.43892e+00 | 23 -0.05741  6.64732e+00 | 24 -0.05716  6.95168e+00
 25 -0.05803  7.00374e+00 | 26 -0.06111  6.92029e+00 | 27 -0.06505  6.57474e+00
 28 -0.06699  6.26839e+00 | 29 -0.05985  6.28425e+00 | 30 -0.03705  7.34233e+00
 31 -0.00388  9.12413e+00 | 32 -0.03960  6.39616e+00 | 33 -0.13753  2.73179e+00
 34 -0.17270  1.98809e+00 | 35 -0.03268  5.52400e+00 | 36 -0.11849  2.51164e+00
 37  0.03089  7.14701e+00 | 38  0.03796  6.26740e+00 | 39 -0.13128  1.40135e+00
 40  0.00944  3.69836e+00 | 41  0.04993  4.30793e+00 | 42 -0.14709  7.74119e-01
 43  0.03440  2.82560e+00 | 44 -0.11484  7.37271e-01 | 45  0.00910  1.63619e+00
 46 -0.04040  8.46676e-01 | 47 -0.16848  2.17638e-01 | 48 -0.16473  1.55533e-01
 49 -0.14675  1.29826e-01 | 50  0.06677  5.90823e-01 | 51 -0.16161  6.04885e-02
 52 -0.05167  5.10227e-02 | 53 -0.14474 -1.59828e-02 | 54 -0.07632 -6.22877e-02
 55 -0.04900 -1.04800e-01 | 56 -0.12845 -6.23793e-02 | 57 -0.04448 -1.35663e-01
 58 -0.04485 -1.41694e-01 | 59 -0.00134 -2.02854e-01 | 60 -0.05748 -1.30464e-01
 61 -0.09739 -1.01272e-01 | 62 -0.00872 -2.05819e-01 | 63 -0.09101 -1.02671e-01
 64 -0.13277 -7.25689e-02 | 65 -0.04693 -1.41248e-01 | 66 -0.13261 -6.63342e-02
 67 -0.08738 -6.90092e-02 | 68 -0.09091 -5.46253e-02 | 69  0.00101 -7.58702e-02
 70 -0.05976 -2.19435e-02 | 71 -0.10230 -2.08151e-03 | 72 -0.07347  6.87052e-05
 73 -0.06792 -8.29045e-05 | 74 -0.44069  1.85170e+02 | 75 -0.75594 -1.43713e+00
 76  1.01111 -7.81868e-02 | 77  0.36695 -3.93801e+00 | 78  1.49842 -2.85490e+00
 79  0.09350 -6.82372e+00 | 80  0.04363 -3.36459e-04 | 81 -0.98288  2.15276e-05
 82 -0.10196 -2.04493e-01 | 83  0.00033  1.30519e-01 |
83 variables; iteration 4960; function evaluation 5824; phase 3
Function value 3.8183931e+01; maximum gradient component mag -4.0193e+02
Var    Value     Gradient |Var    Value     Gradient |Var    Value     Gradient
  1  0.00936 -4.01931e+02 |  2 -0.00701 -6.60754e-01 |  3 -0.00825 -8.03862e-01
  4 -0.02451 -8.64272e-01 |  5 -0.02593 -1.03917e+00 |  6 -0.02750 -1.24015e+00
  7 -0.02927 -1.47625e+00 |  8 -0.03118 -1.73890e+00 |  9 -0.03324 -2.03405e+00
 10 -0.03542 -2.36281e+00 | 11 -0.03774 -2.72209e+00 | 12 -0.04022 -3.12302e+00
 13 -0.04274 -3.54655e+00 | 14 -0.04529 -3.99771e+00 | 15 -0.04797 -4.49166e+00
 16 -0.05053 -5.01043e+00 | 17 -0.05301 -5.50930e+00 | 18 -0.05526 -5.99448e+00
 19 -0.05668 -6.36538e+00 | 20 -0.05782 -6.71666e+00 | 21 -0.05795 -6.93597e+00
 22 -0.05764 -7.08513e+00 | 23 -0.05742 -7.33359e+00 | 24 -0.05725 -7.62430e+00
 25 -0.05806 -7.73653e+00 | 26 -0.06097 -7.59911e+00 | 27 -0.06488 -7.27277e+00
 28 -0.06704 -6.86928e+00 | 29 -0.05979 -6.90712e+00 | 30 -0.03733 -8.09108e+00
 31 -0.00385 -9.96078e+00 | 32 -0.03956 -7.08566e+00 | 33 -0.13750 -3.01000e+00
 34 -0.17270 -2.19515e+00 | 35 -0.03266 -6.13041e+00 | 36 -0.11843 -2.81204e+00
 37  0.03082 -8.00206e+00 | 38  0.03801 -7.06464e+00 | 39 -0.13134 -1.57608e+00
 40  0.00943 -4.14373e+00 | 41  0.04993 -4.80318e+00 | 42 -0.14712 -8.53531e-01
 43  0.03440 -3.10713e+00 | 44 -0.11480 -8.02196e-01 | 45  0.00906 -1.73868e+00
 46 -0.04037 -8.90700e-01 | 47 -0.16849 -2.18750e-01 | 48 -0.16473 -1.49765e-01
 49 -0.14675 -1.14465e-01 | 50  0.06677 -4.95532e-01 | 51 -0.16163 -5.07447e-02
 52 -0.05165 -2.84687e-02 | 53 -0.14474  2.44037e-02 | 54 -0.07630  8.27937e-02
 55 -0.04899  1.22168e-01 | 56 -0.12844  6.73354e-02 | 57 -0.04447  1.27317e-01
 58 -0.04484  1.11579e-01 | 59 -0.00133  1.25815e-01 | 60 -0.05747  6.78812e-02
 61 -0.09738  4.53709e-02 | 62 -0.00871  8.17073e-02 | 63 -0.09101  3.34582e-02
 64 -0.13276  2.44236e-02 | 65 -0.04692  3.71499e-02 | 66 -0.13259  1.81232e-02
 67 -0.08739  1.08257e-02 | 68 -0.09090  2.13500e-02 | 69  0.00102  5.73232e-02
 70 -0.05975  1.91738e-02 | 71 -0.10229  2.33048e-03 | 72 -0.07346  3.40680e-04
 73 -0.06790  3.54603e-04 | 74 -0.44074 -2.05683e+02 | 75 -0.76249  1.60867e+00
 76  1.01114  8.32407e-02 | 77  0.36650  4.51153e+00 | 78  1.49852  3.15966e+00
 79  0.09349  7.53112e+00 | 80  0.04363  6.21935e-03 | 81 -0.98288  1.68839e-04
 82 -0.10197  1.21704e-01 | 83  0.00033 -7.86537e-02 |
83 variables; iteration 4980; function evaluation 5850; phase 3
Function value 3.8183680e+01; maximum gradient component mag -1.9140e+02
Var    Value     Gradient |Var    Value     Gradient |Var    Value     Gradient
  1  0.00936 -1.91396e+02 |  2 -0.00701 -3.13770e-01 |  3 -0.00824 -3.83127e-01
  4 -0.02451 -4.13334e-01 |  5 -0.02592 -4.95051e-01 |  6 -0.02751 -5.93157e-01
  7 -0.02926 -7.03220e-01 |  8 -0.03118 -8.29790e-01 |  9 -0.03324 -9.71134e-01
 10 -0.03541 -1.12573e+00 | 11 -0.03774 -1.29849e+00 | 12 -0.04021 -1.48736e+00
 13 -0.04273 -1.69061e+00 | 14 -0.04526 -1.90107e+00 | 15 -0.04797 -2.14247e+00
 16 -0.05047 -2.37711e+00 | 17 -0.05301 -2.62306e+00 | 18 -0.05528 -2.85962e+00
 19 -0.05679 -3.06003e+00 | 20 -0.05762 -3.15879e+00 | 21 -0.05804 -3.33415e+00
 22 -0.05763 -3.38252e+00 | 23 -0.05741 -3.50163e+00 | 24 -0.05729 -3.65057e+00
 25 -0.05799 -3.68155e+00 | 26 -0.06110 -3.64426e+00 | 27 -0.06491 -3.47276e+00
 28 -0.06703 -3.27204e+00 | 29 -0.05974 -3.27801e+00 | 30 -0.03740 -3.90292e+00
 31 -0.00386 -4.77419e+00 | 32 -0.03955 -3.44439e+00 | 33 -0.13748 -1.46114e+00
 34 -0.17271 -1.06945e+00 | 35 -0.03265 -2.95679e+00 | 36 -0.11844 -1.33185e+00
 37  0.03081 -3.68833e+00 | 38  0.03802 -3.25239e+00 | 39 -0.13135 -7.14697e-01
 40  0.00942 -1.88629e+00 | 41  0.04993 -2.19576e+00 | 42 -0.14713 -3.90559e-01
 43  0.03440 -1.41942e+00 | 44 -0.11482 -3.64295e-01 | 45  0.00906 -7.76179e-01
 46 -0.04037 -4.01890e-01 | 47 -0.16849 -9.43954e-02 | 48 -0.16472 -5.88839e-02
 49 -0.14675 -3.78126e-02 | 50  0.06678 -8.67030e-02 | 51 -0.16163  6.27649e-03
 52 -0.05165  2.24135e-02 | 53 -0.14473  2.20327e-02 | 54 -0.07631  4.24327e-02
 55 -0.04898  5.14874e-02 | 56 -0.12844  2.28207e-02 | 57 -0.04447  3.64364e-02
 58 -0.04484  2.44332e-02 | 59 -0.00133  8.06959e-03 | 60 -0.05747 -3.48127e-03
 61 -0.09737 -5.50518e-03 | 62 -0.00871 -2.64062e-02 | 63 -0.09100 -2.29932e-02
 64 -0.13275 -1.89533e-02 | 65 -0.04692 -4.93857e-02 | 66 -0.13259 -2.47614e-02
 67 -0.08738 -4.36831e-02 | 68 -0.09090 -2.56307e-02 | 69  0.00102 -1.51356e-02
 70 -0.05974 -2.49062e-03 | 71 -0.10229 -4.02203e-04 | 72 -0.07346  1.19774e-04
 73 -0.06790  2.89729e-04 | 74 -0.44080 -9.90518e+01 | 75 -0.76955  7.57743e-01
 76  1.01117  3.96671e-02 | 77  0.36633  2.14237e+00 | 78  1.49866  1.50902e+00
 79  0.09347  3.57137e+00 | 80  0.04363  1.27878e-02 | 81 -0.98289 -6.34968e-05
 82 -0.10198  1.73063e-02 | 83  0.00032 -9.32883e-03 |
83 variables; iteration 5000; function evaluation 5872; phase 3
Function value 3.8183434e+01; maximum gradient component mag -3.8368e+02
Var    Value     Gradient |Var    Value     Gradient |Var    Value     Gradient
  1  0.00936 -3.83677e+02 |  2 -0.00701 -6.33944e-01 |  3 -0.00824 -7.69307e-01
  4 -0.02451 -8.27958e-01 |  5 -0.02593 -9.96834e-01 |  6 -0.02751 -1.19156e+00
  7 -0.02926 -1.41378e+00 |  8 -0.03118 -1.66868e+00 |  9 -0.03324 -1.95256e+00
 10 -0.03541 -2.26428e+00 | 11 -0.03772 -2.60872e+00 | 12 -0.04022 -2.99564e+00
 13 -0.04273 -3.40138e+00 | 14 -0.04527 -3.83166e+00 | 15 -0.04797 -4.30957e+00
 16 -0.05060 -4.82859e+00 | 17 -0.05302 -5.28843e+00 | 18 -0.05523 -5.74484e+00
 19 -0.05672 -6.11930e+00 | 20 -0.05769 -6.41622e+00 | 21 -0.05800 -6.67120e+00
 22 -0.05771 -6.81770e+00 | 23 -0.05743 -7.04400e+00 | 24 -0.05726 -7.32268e+00
 25 -0.05798 -7.41008e+00 | 26 -0.06100 -7.30753e+00 | 27 -0.06487 -6.98449e+00
 28 -0.06702 -6.59798e+00 | 29 -0.05985 -6.65571e+00 | 30 -0.03734 -7.79616e+00
 31 -0.00386 -9.63246e+00 | 32 -0.03955 -6.86658e+00 | 33 -0.13750 -2.91996e+00
 34 -0.17270 -2.13026e+00 | 35 -0.03267 -5.91715e+00 | 36 -0.11845 -2.65988e+00
 37  0.03084 -7.43768e+00 | 38  0.03799 -6.51906e+00 | 39 -0.13131 -1.41908e+00
 40  0.00943 -3.70973e+00 | 41  0.04993 -4.28807e+00 | 42 -0.14711 -7.66063e-01
 43  0.03441 -2.80240e+00 | 44 -0.11482 -7.32169e-01 | 45  0.00907 -1.61762e+00
 46 -0.04037 -8.53372e-01 | 47 -0.16850 -2.18303e-01 | 48 -0.16472 -1.52870e-01
 49 -0.14675 -1.16979e-01 | 50  0.06677 -5.03305e-01 | 51 -0.16163 -6.45499e-02
 52 -0.05165 -5.59333e-02 | 53 -0.14473  5.38377e-03 | 54 -0.07632  4.57135e-02
 55 -0.04899  7.41920e-02 | 56 -0.12845  4.44965e-02 | 57 -0.04448  8.35520e-02
 58 -0.04485  7.71396e-02 | 59 -0.00134  1.17178e-01 | 60 -0.05747  6.92728e-02
 61 -0.09738  5.14092e-02 | 62 -0.00872  1.02864e-01 | 63 -0.09100  3.71835e-02
 64 -0.13277  1.17823e-02 | 65 -0.04692  2.02010e-02 | 66 -0.13260  1.75872e-03
 67 -0.08738  2.37745e-02 | 68 -0.09090  3.75652e-02 | 69  0.00101  8.82631e-02
 70 -0.05975  3.06748e-02 | 71 -0.10230  4.33251e-03 | 72 -0.07347  7.24738e-04
 73 -0.06791  3.71726e-04 | 74 -0.44086 -2.03356e+02 | 75 -0.77742  1.44378e+00
 76  1.01116  8.02691e-02 | 77  0.36663  4.29915e+00 | 78  1.49850  3.02273e+00
 79  0.09349  7.16730e+00 | 80  0.04363 -5.96375e-03 | 81 -0.98289  1.13669e-05
 82 -0.10197  7.84733e-02 | 83  0.00033 -5.43838e-02 |
83 variables; iteration 5020; function evaluation 5893; phase 3
Function value 3.8183231e+01; maximum gradient component mag 1.2757e+02
Var    Value     Gradient |Var    Value     Gradient |Var    Value     Gradient
  1  0.00936  1.27573e+02 |  2 -0.00701  2.12191e-01 |  3 -0.00824  2.58218e-01
  4 -0.02451  2.77952e-01 |  5 -0.02593  3.34262e-01 |  6 -0.02751  3.99852e-01
  7 -0.02926  4.74817e-01 |  8 -0.03119  5.59183e-01 |  9 -0.03324  6.55193e-01
 10 -0.03541  7.59538e-01 | 11 -0.03774  8.74694e-01 | 12 -0.04021  1.00345e+00
 13 -0.04273  1.13913e+00 | 14 -0.04528  1.28378e+00 | 15 -0.04798  1.44342e+00
 16 -0.05050  1.61073e+00 | 17 -0.05306  1.76321e+00 | 18 -0.05531  1.92460e+00
 19 -0.05669  2.06205e+00 | 20 -0.05778  2.14398e+00 | 21 -0.05794  2.24110e+00
 22 -0.05757  2.28735e+00 | 23 -0.05740  2.35451e+00 | 24 -0.05722  2.45734e+00
 25 -0.05801  2.48194e+00 | 26 -0.06110  2.45157e+00 | 27 -0.06495  2.34021e+00
 28 -0.06707  2.21147e+00 | 29 -0.05983  2.23260e+00 | 30 -0.03709  2.60632e+00
 31 -0.00388  3.27164e+00 | 32 -0.03958  2.28031e+00 | 33 -0.13754  9.79309e-01
 34 -0.17269  7.16664e-01 | 35 -0.03267  1.96951e+00 | 36 -0.11850  8.82672e-01
 37  0.03089  2.48469e+00 | 38  0.03797  2.16773e+00 | 39 -0.13130  4.77850e-01
 40  0.00945  1.25567e+00 | 41  0.04993  1.45315e+00 | 42 -0.14709  2.56948e-01
 43  0.03440  9.31827e-01 | 44 -0.11484  2.39630e-01 | 45  0.00910  5.29780e-01
 46 -0.04039  2.78239e-01 | 47 -0.16849  7.29850e-02 | 48 -0.16472  5.24559e-02
 49 -0.14675  4.53739e-02 | 50  0.06677  2.04773e-01 | 51 -0.16160  1.73370e-02
 52 -0.05166  2.21031e-02 | 53 -0.14471 -7.95300e-04 | 54 -0.07632 -1.09839e-02
 55 -0.04898 -2.15860e-02 | 56 -0.12845 -1.73064e-02 | 57 -0.04448 -4.53784e-02
 58 -0.04484 -6.02508e-02 | 59 -0.00134 -9.58441e-02 | 60 -0.05746 -6.77005e-02
 61 -0.09737 -5.41747e-02 | 62 -0.00872 -1.10712e-01 | 63 -0.09099 -5.70125e-02
 64 -0.13276 -4.41646e-02 | 65 -0.04692 -8.91469e-02 | 66 -0.13259 -4.40848e-02
 67 -0.08738 -4.34022e-02 | 68 -0.09089 -2.84417e-02 | 69  0.00102 -2.20871e-02
 70 -0.05974 -4.51828e-03 | 71 -0.10229 -3.13453e-05 | 72 -0.07346  1.60712e-04
 73 -0.06791  9.59077e-05 | 74 -0.44090  6.88166e+01 | 75 -0.78415 -4.27990e-01
 76  1.01117 -2.73963e-02 | 77  0.36685 -1.33910e+00 | 78  1.49838 -1.00619e+00
 79  0.09352 -2.40300e+00 | 80  0.04363 -3.23256e-03 | 81 -0.98289 -1.19080e-05
 82 -0.10198 -9.96423e-02 | 83  0.00032  6.22511e-02 |
83 variables; iteration 5040; function evaluation 5917; phase 3
Function value 3.8183049e+01; maximum gradient component mag -4.7821e+02
Var    Value     Gradient |Var    Value     Gradient |Var    Value     Gradient
  1  0.00936 -4.78206e+02 |  2 -0.00701 -7.89553e-01 |  3 -0.00825 -9.60271e-01
  4 -0.02451 -1.03110e+00 |  5 -0.02593 -1.24143e+00 |  6 -0.02751 -1.48355e+00
  7 -0.02926 -1.76268e+00 |  8 -0.03119 -2.07897e+00 |  9 -0.03324 -2.43137e+00
 10 -0.03541 -2.81988e+00 | 11 -0.03774 -3.25193e+00 | 12 -0.04021 -3.72702e+00
 13 -0.04273 -4.23338e+00 | 14 -0.04528 -4.77161e+00 | 15 -0.04796 -5.36413e+00
 16 -0.05049 -5.97674e+00 | 17 -0.05303 -6.58730e+00 | 18 -0.05529 -7.17229e+00
 19 -0.05674 -7.62283e+00 | 20 -0.05776 -8.00686e+00 | 21 -0.05796 -8.29403e+00
 22 -0.05762 -8.45883e+00 | 23 -0.05739 -8.75539e+00 | 24 -0.05724 -9.11022e+00
 25 -0.05801 -9.23079e+00 | 26 -0.06112 -9.12034e+00 | 27 -0.06496 -8.70880e+00
 28 -0.06708 -8.21624e+00 | 29 -0.05987 -8.27269e+00 | 30 -0.03698 -9.62935e+00
 31 -0.00399 -1.19776e+01 | 32 -0.03948 -8.48765e+00 | 33 -0.13757 -3.61511e+00
 34 -0.17271 -2.63253e+00 | 35 -0.03266 -7.32858e+00 | 36 -0.11849 -3.33726e+00
 37  0.03086 -9.44390e+00 | 38  0.03798 -8.31150e+00 | 39 -0.13132 -1.83829e+00
 40  0.00944 -4.80463e+00 | 41  0.04993 -5.55346e+00 | 42 -0.14709 -9.87600e-01
 43  0.03440 -3.59256e+00 | 44 -0.11482 -9.31403e-01 | 45  0.00908 -2.04253e+00
 46 -0.04037 -1.06563e+00 | 47 -0.16851 -2.73672e-01 | 48 -0.16472 -1.94500e-01
 49 -0.14675 -1.55872e-01 | 50  0.06677 -7.10631e-01 | 51 -0.16161 -8.83624e-02
 52 -0.05165 -8.16956e-02 | 53 -0.14471  7.55050e-03 | 54 -0.07632  6.71909e-02
 55 -0.04898  1.16526e-01 | 56 -0.12844  7.15863e-02 | 57 -0.04448  1.48765e-01
 58 -0.04484  1.45504e-01 | 59 -0.00134  2.05489e-01 | 60 -0.05746  1.26677e-01
 61 -0.09737  9.51069e-02 | 62 -0.00872  1.92419e-01 | 63 -0.09099  9.26217e-02
 64 -0.13276  6.46338e-02 | 65 -0.04692  1.24373e-01 | 66 -0.13259  5.64142e-02
 67 -0.08738  7.97267e-02 | 68 -0.09089  7.28666e-02 | 69  0.00102  1.23313e-01
 70 -0.05974  3.78479e-02 | 71 -0.10229  4.89468e-03 | 72 -0.07346  4.04753e-04
 73 -0.06790  1.97689e-04 | 74 -0.44094 -2.59132e+02 | 75 -0.79017  1.68276e+00
 76  1.01114  9.96682e-02 | 77  0.36666  5.36353e+00 | 78  1.49848  3.76885e+00
 79  0.09350  8.96920e+00 | 80  0.04363 -1.13219e-02 | 81 -0.98289  1.04853e-04
 82 -0.10198  1.79947e-01 | 83  0.00032 -1.17975e-01 |
83 variables; iteration 5060; function evaluation 5939; phase 3
Function value 3.8182855e+01; maximum gradient component mag -8.4371e+02
Var    Value     Gradient |Var    Value     Gradient |Var    Value     Gradient
  1  0.00935 -8.43709e+02 |  2 -0.00700 -1.39874e+00 |  3 -0.00823 -1.70248e+00
  4 -0.02451 -1.83398e+00 |  5 -0.02593 -2.20733e+00 |  6 -0.02751 -2.63737e+00
  7 -0.02926 -3.13231e+00 |  8 -0.03118 -3.69244e+00 |  9 -0.03324 -4.32108e+00
 10 -0.03541 -5.01167e+00 | 11 -0.03773 -5.77689e+00 | 12 -0.04020 -6.62139e+00
 13 -0.04273 -7.52443e+00 | 14 -0.04527 -8.47736e+00 | 15 -0.04799 -9.53960e+00
 16 -0.05051 -1.06245e+01 | 17 -0.05300 -1.16991e+01 | 18 -0.05527 -1.27381e+01
 19 -0.05671 -1.35361e+01 | 20 -0.05773 -1.42174e+01 | 21 -0.05798 -1.47403e+01
 22 -0.05759 -1.50204e+01 | 23 -0.05740 -1.55606e+01 | 24 -0.05726 -1.61909e+01
 25 -0.05803 -1.64048e+01 | 26 -0.06109 -1.61989e+01 | 27 -0.06500 -1.54794e+01
 28 -0.06717 -1.46133e+01 | 29 -0.06001 -1.47175e+01 | 30 -0.03688 -1.71411e+01
 31 -0.00418 -2.13734e+01 | 32 -0.03930 -1.51653e+01 | 33 -0.13757 -6.46228e+00
 34 -0.17277 -4.70996e+00 | 35 -0.03261 -1.30154e+01 | 36 -0.11847 -5.85288e+00
 37  0.03080 -1.63260e+01 | 38  0.03803 -1.43641e+01 | 39 -0.13137 -3.17047e+00
 40  0.00943 -8.28625e+00 | 41  0.04992 -9.58642e+00 | 42 -0.14712 -1.69829e+00
 43  0.03441 -6.15725e+00 | 44 -0.11482 -1.58802e+00 | 45  0.00905 -3.46189e+00
 46 -0.04036 -1.83634e+00 | 47 -0.16851 -4.83611e-01 | 48 -0.16472 -3.55693e-01
 49 -0.14674 -3.00068e-01 | 50  0.06679 -1.37384e+00 | 51 -0.16164 -1.47610e-01
 52 -0.05162 -1.69737e-01 | 53 -0.14473 -9.15807e-04 | 54 -0.07629  9.10572e-02
 55 -0.04897  1.79238e-01 | 56 -0.12842  1.27607e-01 | 57 -0.04446  2.96274e-01
 58 -0.04483  3.34064e-01 | 59 -0.00132  5.12969e-01 | 60 -0.05746  3.40978e-01
 61 -0.09735  2.71500e-01 | 62 -0.00870  5.49463e-01 | 63 -0.09099  2.80737e-01
 64 -0.13274  2.12787e-01 | 65 -0.04691  4.24365e-01 | 66 -0.13258  2.00453e-01
 67 -0.08738  2.42185e-01 | 68 -0.09088  1.83176e-01 | 69  0.00103  2.23677e-01
 70 -0.05972  6.02087e-02 | 71 -0.10227  6.02911e-03 | 72 -0.07344  2.72452e-05
 73 -0.06789  3.20989e-05 | 74 -0.44099 -4.60264e+02 | 75 -0.79775  2.82049e+00
 76  1.01133  1.85521e-01 | 77  0.36598  9.43655e+00 | 78  1.49826  6.66887e+00
 79  0.09357  1.58878e+01 | 80  0.04363 -1.22610e-03 | 81 -0.98287  4.40235e-04
 82 -0.10199  4.89420e-01 | 83  0.00032 -3.05815e-01 |
83 variables; iteration 5080; function evaluation 5964; phase 3
Function value 3.8182666e+01; maximum gradient component mag -6.7414e+02
Var    Value     Gradient |Var    Value     Gradient |Var    Value     Gradient
  1  0.00935 -6.74140e+02 |  2 -0.00701 -1.11307e+00 |  3 -0.00824 -1.35395e+00
  4 -0.02451 -1.45702e+00 |  5 -0.02592 -1.75235e+00 |  6 -0.02750 -2.09469e+00
  7 -0.02926 -2.48791e+00 |  8 -0.03118 -2.93416e+00 |  9 -0.03324 -3.43225e+00
 10 -0.03541 -3.98130e+00 | 11 -0.03773 -4.58994e+00 | 12 -0.04021 -5.26188e+00
 13 -0.04273 -5.97835e+00 | 14 -0.04527 -6.73528e+00 | 15 -0.04798 -7.57664e+00
 16 -0.05051 -8.44243e+00 | 17 -0.05303 -9.30044e+00 | 18 -0.05529 -1.01236e+01
 19 -0.05673 -1.07561e+01 | 20 -0.05774 -1.12972e+01 | 21 -0.05797 -1.17097e+01
 22 -0.05762 -1.19381e+01 | 23 -0.05740 -1.23624e+01 | 24 -0.05724 -1.28594e+01
 25 -0.05800 -1.30289e+01 | 26 -0.06109 -1.28726e+01 | 27 -0.06494 -1.22923e+01
 28 -0.06711 -1.16033e+01 | 29 -0.05993 -1.16833e+01 | 30 -0.03729 -1.36327e+01
 31 -0.00408 -1.69364e+01 | 32 -0.03933 -1.20190e+01 | 33 -0.13749 -5.11582e+00
 34 -0.17275 -3.72890e+00 | 35 -0.03260 -1.03545e+01 | 36 -0.11835 -4.68861e+00
 37  0.03071 -1.32119e+01 | 38  0.03811 -1.16217e+01 | 39 -0.13147 -2.57139e+00
 40  0.00942 -6.73619e+00 | 41  0.04991 -7.79967e+00 | 42 -0.14716 -1.38763e+00
 43  0.03442 -5.04242e+00 | 44 -0.11480 -1.30468e+00 | 45  0.00900 -2.84898e+00
 46 -0.04032 -1.48805e+00 | 47 -0.16852 -3.80266e-01 | 48 -0.16471 -2.71439e-01
 49 -0.14673 -2.19192e-01 | 50  0.06679 -9.69023e-01 | 51 -0.16169 -1.04154e-01
 52 -0.05159 -9.53590e-02 | 53 -0.14473  1.71009e-02 | 54 -0.07628  9.79128e-02
 55 -0.04896  1.64056e-01 | 56 -0.12842  1.01929e-01 | 57 -0.04446  2.14425e-01
 58 -0.04482  2.17301e-01 | 59 -0.00131  3.05562e-01 | 60 -0.05745  1.90795e-01
 61 -0.09734  1.46606e-01 | 62 -0.00869  2.88909e-01 | 63 -0.09098  1.36813e-01
 64 -0.13273  9.78710e-02 | 65 -0.04691  1.85539e-01 | 66 -0.13257  8.58070e-02
 67 -0.08737  1.03890e-01 | 68 -0.09087  9.20389e-02 | 69  0.00104  1.45952e-01
 70 -0.05971  4.30643e-02 | 71 -0.10227  4.79888e-03 | 72 -0.07343  3.25799e-04
 73 -0.06788  3.43847e-04 | 74 -0.44103 -3.75667e+02 | 75 -0.80518  2.19073e+00
 76  1.01130  1.46805e-01 | 77  0.36547  7.52837e+00 | 78  1.49851  5.30794e+00
 79  0.09352  1.26582e+01 | 80  0.04363  9.65085e-03 | 81 -0.98287  1.42531e-04
 82 -0.10200  2.84363e-01 | 83  0.00031 -1.80783e-01 |
83 variables; iteration 5100; function evaluation 5986; phase 3
Function value 3.8182502e+01; maximum gradient component mag -3.6119e+02
Var    Value     Gradient |Var    Value     Gradient |Var    Value     Gradient
  1  0.00935 -3.61189e+02 |  2 -0.00701 -6.04746e-01 |  3 -0.00824 -7.34468e-01
  4 -0.02451 -7.89915e-01 |  5 -0.02593 -9.51946e-01 |  6 -0.02750 -1.13574e+00
  7 -0.02927 -1.35236e+00 |  8 -0.03118 -1.59194e+00 |  9 -0.03324 -1.86251e+00
 10 -0.03542 -2.16210e+00 | 11 -0.03774 -2.49104e+00 | 12 -0.04021 -2.85461e+00
 13 -0.04274 -3.24682e+00 | 14 -0.04529 -3.65841e+00 | 15 -0.04801 -4.11946e+00
 16 -0.05054 -4.59067e+00 | 17 -0.05304 -5.04811e+00 | 18 -0.05530 -5.49495e+00
 19 -0.05672 -5.83622e+00 | 20 -0.05769 -6.11653e+00 | 21 -0.05799 -6.36058e+00
 22 -0.05760 -6.47411e+00 | 23 -0.05740 -6.70892e+00 | 24 -0.05724 -6.97711e+00
 25 -0.05796 -7.05824e+00 | 26 -0.06111 -6.98907e+00 | 27 -0.06491 -6.66489e+00
 28 -0.06709 -6.29669e+00 | 29 -0.05986 -6.33223e+00 | 30 -0.03733 -7.41787e+00
 31 -0.00400 -9.17690e+00 | 32 -0.03940 -6.50988e+00 | 33 -0.13749 -2.76266e+00
 34 -0.17274 -2.00775e+00 | 35 -0.03262 -5.55658e+00 | 36 -0.11839 -2.51229e+00
 37  0.03074 -7.04449e+00 | 38  0.03807 -6.19672e+00 | 39 -0.13144 -1.37058e+00
 40  0.00943 -3.57819e+00 | 41  0.04991 -4.13172e+00 | 42 -0.14713 -7.30692e-01
 43  0.03441 -2.65201e+00 | 44 -0.11479 -6.86928e-01 | 45  0.00901 -1.52900e+00
 46 -0.04033 -8.22720e-01 | 47 -0.16853 -2.30720e-01 | 48 -0.16471 -1.84021e-01
 49 -0.14672 -1.74060e-01 | 50  0.06678 -9.00797e-01 | 51 -0.16166 -1.00745e-01
 52 -0.05160 -1.30947e-01 | 53 -0.14473 -1.74320e-02 | 54 -0.07629  2.86418e-02
 55 -0.04897  8.49790e-02 | 56 -0.12842  7.61961e-02 | 57 -0.04446  2.04036e-01
 58 -0.04482  2.56420e-01 | 59 -0.00132  4.02407e-01 | 60 -0.05745  2.78981e-01
 61 -0.09735  2.21653e-01 | 62 -0.00870  4.60012e-01 | 63 -0.09099  2.48309e-01
 64 -0.13274  2.01114e-01 | 65 -0.04692  4.07354e-01 | 66 -0.13257  2.04336e-01
 67 -0.08738  2.31474e-01 | 68 -0.09088  1.59479e-01 | 69  0.00103  1.58929e-01
 70 -0.05972  3.58799e-02 | 71 -0.10227  2.54773e-03 | 72 -0.07344 -6.28301e-04
 73 -0.06789 -5.38974e-04 | 74 -0.44107 -1.98819e+02 | 75 -0.81211  1.11483e+00
 76  1.01114  7.55310e-02 | 77  0.36575  4.07096e+00 | 78  1.49900  2.88374e+00
 79  0.09340  6.82401e+00 | 80  0.04363  5.14516e-03 | 81 -0.98285  3.50056e-04
 82 -0.10199  4.00494e-01 | 83  0.00032 -2.53469e-01 |
83 variables; iteration 5120; function evaluation 6007; phase 3
Function value 3.8182356e+01; maximum gradient component mag -3.5194e+02
Var    Value     Gradient |Var    Value     Gradient |Var    Value     Gradient
  1  0.00936 -3.51938e+02 |  2 -0.00701 -5.83004e-01 |  3 -0.00824 -7.08728e-01
  4 -0.02451 -7.62090e-01 |  5 -0.02593 -9.17032e-01 |  6 -0.02750 -1.09549e+00
  7 -0.02926 -1.30220e+00 |  8 -0.03118 -1.53508e+00 |  9 -0.03324 -1.79541e+00
 10 -0.03541 -2.08313e+00 | 11 -0.03774 -2.40204e+00 | 12 -0.04021 -2.75278e+00
 13 -0.04273 -3.12823e+00 | 14 -0.04528 -3.52431e+00 | 15 -0.04798 -3.96512e+00
 16 -0.05052 -4.41994e+00 | 17 -0.05303 -4.86574e+00 | 18 -0.05529 -5.29656e+00
 19 -0.05673 -5.62854e+00 | 20 -0.05774 -5.90970e+00 | 21 -0.05797 -6.12728e+00
 22 -0.05761 -6.24526e+00 | 23 -0.05739 -6.46754e+00 | 24 -0.05724 -6.72695e+00
 25 -0.05800 -6.81373e+00 | 26 -0.06111 -6.73719e+00 | 27 -0.06495 -6.43138e+00
 28 -0.06708 -6.06889e+00 | 29 -0.05985 -6.10817e+00 | 30 -0.03715 -7.13158e+00
 31 -0.00396 -8.85060e+00 | 32 -0.03947 -6.28268e+00 | 33 -0.13754 -2.67233e+00
 34 -0.17271 -1.94454e+00 | 35 -0.03264 -5.40230e+00 | 36 -0.11848 -2.44796e+00
 37  0.03084 -6.89464e+00 | 38  0.03801 -6.06471e+00 | 39 -0.13135 -1.33896e+00
 40  0.00944 -3.50699e+00 | 41  0.04992 -4.05841e+00 | 42 -0.14709 -7.22155e-01
 43  0.03441 -2.62777e+00 | 44 -0.11482 -6.81319e-01 | 45  0.00907 -1.49977e+00
 46 -0.04036 -7.88392e-01 | 47 -0.16852 -2.06296e-01 | 48 -0.16471 -1.50324e-01
 49 -0.14674 -1.26478e-01 | 50  0.06678 -5.90068e-01 | 51 -0.16162 -6.87583e-02
 52 -0.05163 -6.96120e-02 | 53 -0.14469  3.46873e-03 | 54 -0.07631  4.77673e-02
 55 -0.04897  8.77774e-02 | 56 -0.12843  5.78250e-02 | 57 -0.04447  1.28926e-01
 58 -0.04483  1.38147e-01 | 59 -0.00133  2.00661e-01 | 60 -0.05744  1.30205e-01
 61 -0.09736  9.98000e-02 | 62 -0.00871  2.02932e-01 | 63 -0.09098  1.01433e-01
 64 -0.13275  7.62913e-02 | 65 -0.04692  1.49660e-01 | 66 -0.13258  7.23229e-02
 67 -0.08738  8.80339e-02 | 68 -0.09088  6.99275e-02 | 69  0.00102  9.72290e-02
 70 -0.05972  2.70722e-02 | 71 -0.10228  3.07572e-03 | 72 -0.07345  8.12189e-05
 73 -0.06789  2.84497e-05 | 74 -0.44111 -1.99689e+02 | 75 -0.81893  1.06572e+00
 76  1.01120  7.53032e-02 | 77  0.36636  3.95293e+00 | 78  1.49842  2.77849e+00
 79  0.09352  6.61171e+00 | 80  0.04363 -1.18218e-03 | 81 -0.98289  5.07624e-05
 82 -0.10200  1.87381e-01 | 83  0.00031 -1.20388e-01 |
83 variables; iteration 5140; function evaluation 6031; phase 3
Function value 3.8182196e+01; maximum gradient component mag -2.7133e+02
Var    Value     Gradient |Var    Value     Gradient |Var    Value     Gradient
  1  0.00936 -2.71327e+02 |  2 -0.00702 -4.58456e-01 |  3 -0.00824 -5.54224e-01
  4 -0.02452 -6.01442e-01 |  5 -0.02592 -7.16543e-01 |  6 -0.02751 -8.60219e-01
  7 -0.02926 -1.02069e+00 |  8 -0.03119 -1.20560e+00 |  9 -0.03324 -1.40739e+00
 10 -0.03541 -1.63351e+00 | 11 -0.03774 -1.88336e+00 | 12 -0.04022 -2.16207e+00
 13 -0.04275 -2.45751e+00 | 14 -0.04528 -2.76441e+00 | 15 -0.04801 -3.11820e+00
 16 -0.05049 -3.46056e+00 | 17 -0.05307 -3.82855e+00 | 18 -0.05531 -4.15926e+00
 19 -0.05670 -4.40582e+00 | 20 -0.05771 -4.62579e+00 | 21 -0.05799 -4.81169e+00
 22 -0.05759 -4.89323e+00 | 23 -0.05741 -5.08002e+00 | 24 -0.05725 -5.28162e+00
 25 -0.05800 -5.34678e+00 | 26 -0.06108 -5.27899e+00 | 27 -0.06494 -5.04321e+00
 28 -0.06714 -4.77634e+00 | 29 -0.05995 -4.81082e+00 | 30 -0.03698 -5.57496e+00
 31 -0.00408 -6.98272e+00 | 32 -0.03939 -4.93710e+00 | 33 -0.13756 -2.09984e+00
 34 -0.17274 -1.52306e+00 | 35 -0.03263 -4.20436e+00 | 36 -0.11846 -1.89676e+00
 37  0.03081 -5.32038e+00 | 38  0.03802 -4.68788e+00 | 39 -0.13139 -1.03772e+00
 40  0.00944 -2.69716e+00 | 41  0.04991 -3.10403e+00 | 42 -0.14711 -5.47920e-01
 43  0.03441 -1.96894e+00 | 44 -0.11485 -5.08902e-01 | 45  0.00906 -1.11252e+00
 46 -0.04036 -5.98230e-01 | 47 -0.16851 -1.67758e-01 | 48 -0.16472 -1.46438e-01
 49 -0.14673 -1.49415e-01 | 50  0.06677 -7.71808e-01 | 51 -0.16159 -6.04399e-02
 52 -0.05163 -9.67755e-02 | 53 -0.14469 -1.52371e-02 | 54 -0.07631  1.52893e-02
 55 -0.04897  5.85719e-02 | 56 -0.12842  6.75377e-02 | 57 -0.04448  1.98568e-01
 58 -0.04483  2.72498e-01 | 59 -0.00133  4.26980e-01 | 60 -0.05745  2.98618e-01
 61 -0.09735  2.41890e-01 | 62 -0.00871  4.91119e-01 | 63 -0.09098  2.55057e-01
 64 -0.13273  2.16426e-01 | 65 -0.04693  4.30700e-01 | 66 -0.13255  2.25272e-01
 67 -0.08740  2.23526e-01 | 68 -0.09087  1.43703e-01 | 69  0.00102  1.12048e-01
 70 -0.05971  1.49378e-02 | 71 -0.10228 -1.99959e-03 | 72 -0.07345 -1.49176e-03
 73 -0.06789 -6.85842e-04 | 74 -0.44116 -1.52074e+02 | 75 -0.82815  7.62122e-01
 76  1.01117  5.79774e-02 | 77  0.36619  3.09518e+00 | 78  1.49896  2.18464e+00
 79  0.09340  5.15636e+00 | 80  0.04363  6.18630e-02 | 81 -0.98289 -1.12385e-05
 82 -0.10201  4.48753e-01 | 83  0.00030 -2.83482e-01 |
83 variables; iteration 5160; function evaluation 6054; phase 3
Function value 3.8182053e+01; maximum gradient component mag -6.0371e+02
Var    Value     Gradient |Var    Value     Gradient |Var    Value     Gradient
  1  0.00936 -6.03713e+02 |  2 -0.00701 -1.00051e+00 |  3 -0.00824 -1.21552e+00
  4 -0.02452 -1.31166e+00 |  5 -0.02592 -1.57252e+00 |  6 -0.02751 -1.88242e+00
  7 -0.02926 -2.23422e+00 |  8 -0.03119 -2.63701e+00 |  9 -0.03324 -3.08277e+00
 10 -0.03541 -3.57565e+00 | 11 -0.03773 -4.12255e+00 | 12 -0.04021 -4.72780e+00
 13 -0.04273 -5.37059e+00 | 14 -0.04528 -6.05071e+00 | 15 -0.04798 -6.80785e+00
 16 -0.05048 -7.57602e+00 | 17 -0.05305 -8.36062e+00 | 18 -0.05530 -9.09710e+00
 19 -0.05672 -9.66081e+00 | 20 -0.05774 -1.01487e+01 | 21 -0.05799 -1.05227e+01
 22 -0.05762 -1.07257e+01 | 23 -0.05742 -1.11102e+01 | 24 -0.05725 -1.15540e+01
 25 -0.05800 -1.17046e+01 | 26 -0.06107 -1.15597e+01 | 27 -0.06491 -1.10368e+01
 28 -0.06708 -1.04246e+01 | 29 -0.05987 -1.04946e+01 | 30 -0.03722 -1.22534e+01
 31 -0.00397 -1.52152e+01 | 32 -0.03945 -1.08028e+01 | 33 -0.13752 -4.59668e+00
 34 -0.17273 -3.34954e+00 | 35 -0.03263 -9.29954e+00 | 36 -0.11845 -4.21490e+00
 37  0.03080 -1.18880e+01 | 38  0.03803 -1.04612e+01 | 39 -0.13141 -2.32073e+00
 40  0.00945 -6.05899e+00 | 41  0.04991 -6.99860e+00 | 42 -0.14711 -1.24321e+00
 43  0.03442 -4.49772e+00 | 44 -0.11485 -1.16284e+00 | 45  0.00906 -2.52504e+00
 46 -0.04036 -1.31612e+00 | 47 -0.16851 -3.38428e-01 | 48 -0.16471 -2.54271e-01
 49 -0.14674 -2.19865e-01 | 50  0.06678 -1.02293e+00 | 51 -0.16160 -9.49506e-02
 52 -0.05163 -1.00683e-01 | 53 -0.14468  9.68632e-03 | 54 -0.07631  7.92431e-02
 55 -0.04897  1.43643e-01 | 56 -0.12842  1.01807e-01 | 57 -0.04447  2.37883e-01
 58 -0.04482  2.73644e-01 | 59 -0.00133  4.07419e-01 | 60 -0.05744  2.68671e-01
 61 -0.09735  2.12749e-01 | 62 -0.00871  4.25855e-01 | 63 -0.09097  2.07959e-01
 64 -0.13273  1.62272e-01 | 65 -0.04693  3.14819e-01 | 66 -0.13256  1.57068e-01
 67 -0.08739  1.62991e-01 | 68 -0.09087  1.22424e-01 | 69  0.00102  1.43672e-01
 70 -0.05970  3.44604e-02 | 71 -0.10228  1.79780e-03 | 72 -0.07345 -5.75629e-04
 73 -0.06789  1.89591e-05 | 74 -0.44120 -3.52559e+02 | 75 -0.83710  1.63014e+00
 76  1.01117  1.27370e-01 | 77  0.36613  6.76771e+00 | 78  1.49881  4.78058e+00
 79  0.09344  1.13516e+01 | 80  0.04363  4.71327e-02 | 81 -0.98290 -1.07632e-06
 82 -0.10201  4.06267e-01 | 83  0.00030 -2.56948e-01 |
83 variables; iteration 5180; function evaluation 6078; phase 3
Function value 3.8181938e+01; maximum gradient component mag -2.8175e+02
Var    Value     Gradient |Var    Value     Gradient |Var    Value     Gradient
  1  0.00935 -2.81749e+02 |  2 -0.00701 -4.66424e-01 |  3 -0.00824 -5.66997e-01
  4 -0.02450 -6.08405e-01 |  5 -0.02593 -7.34099e-01 |  6 -0.02751 -8.76603e-01
  7 -0.02926 -1.04189e+00 |  8 -0.03118 -1.22742e+00 |  9 -0.03324 -1.43684e+00
 10 -0.03542 -1.66699e+00 | 11 -0.03774 -1.92065e+00 | 12 -0.04021 -2.20153e+00
 13 -0.04273 -2.50000e+00 | 14 -0.04528 -2.81920e+00 | 15 -0.04797 -3.16884e+00
 16 -0.05051 -3.53176e+00 | 17 -0.05304 -3.89150e+00 | 18 -0.05530 -4.23711e+00
 19 -0.05672 -4.49731e+00 | 20 -0.05773 -4.72198e+00 | 21 -0.05797 -4.89830e+00
 22 -0.05760 -4.98927e+00 | 23 -0.05740 -5.17113e+00 | 24 -0.05726 -5.38169e+00
 25 -0.05801 -5.45080e+00 | 26 -0.06109 -5.38189e+00 | 27 -0.06494 -5.13939e+00
 28 -0.06710 -4.85301e+00 | 29 -0.05991 -4.88605e+00 | 30 -0.03723 -5.70256e+00
 31 -0.00402 -7.06534e+00 | 32 -0.03939 -5.00945e+00 | 33 -0.13750 -2.13050e+00
 34 -0.17274 -1.55750e+00 | 35 -0.03261 -4.32273e+00 | 36 -0.11842 -1.96366e+00
 37  0.03076 -5.55611e+00 | 38  0.03807 -4.87015e+00 | 39 -0.13143 -1.06965e+00
 40  0.00944 -2.78937e+00 | 41  0.04991 -3.22183e+00 | 42 -0.14711 -5.73438e-01
 43  0.03442 -2.09442e+00 | 44 -0.11481 -5.43820e-01 | 45  0.00903 -1.21112e+00
 46 -0.04032 -6.41122e-01 | 47 -0.16853 -1.69157e-01 | 48 -0.16470 -1.20110e-01
 49 -0.14673 -9.36463e-02 | 50  0.06679 -4.19413e-01 | 51 -0.16166 -5.47285e-02
 52 -0.05159 -6.31199e-02 | 53 -0.14470 -7.19477e-03 | 54 -0.07629  2.69102e-02
 55 -0.04896  5.64714e-02 | 56 -0.12842  4.11336e-02 | 57 -0.04446  9.55495e-02
 58 -0.04482  1.01111e-01 | 59 -0.00132  1.39441e-01 | 60 -0.05743  8.46831e-02
 61 -0.09734  6.51075e-02 | 62 -0.00870  1.27994e-01 | 63 -0.09096  6.52521e-02
 64 -0.13273  4.85458e-02 | 65 -0.04691  9.61290e-02 | 66 -0.13257  4.82424e-02
 67 -0.08737  6.21286e-02 | 68 -0.09087  5.31101e-02 | 69  0.00104  8.40404e-02
 70 -0.05970  2.35788e-02 | 71 -0.10226  3.14690e-03 | 72 -0.07343  2.70814e-04
 73 -0.06788 -2.81392e-05 | 74 -0.44124 -1.66875e+02 | 75 -0.84561  7.28037e-01
 76  1.01121  5.98753e-02 | 77  0.36578  3.13174e+00 | 78  1.49849  2.21925e+00
 79  0.09352  5.29503e+00 | 80  0.04362 -2.44763e-02 | 81 -0.98286  3.06217e-04
 82 -0.10201  1.15639e-01 | 83  0.00031 -7.98349e-02 |
83 variables; iteration 5200; function evaluation 6101; phase 3
Function value 3.8181837e+01; maximum gradient component mag -1.1626e+02
Var    Value     Gradient |Var    Value     Gradient |Var    Value     Gradient
  1  0.00936 -1.16263e+02 |  2 -0.00701 -1.91791e-01 |  3 -0.00824 -2.33584e-01
  4 -0.02451 -2.51231e-01 |  5 -0.02593 -3.02022e-01 |  6 -0.02751 -3.60933e-01
  7 -0.02926 -4.28724e-01 |  8 -0.03119 -5.05843e-01 |  9 -0.03324 -5.91459e-01
 10 -0.03541 -6.86200e-01 | 11 -0.03774 -7.91414e-01 | 12 -0.04021 -9.07365e-01
 13 -0.04273 -1.03087e+00 | 14 -0.04528 -1.16114e+00 | 15 -0.04798 -1.30615e+00
 16 -0.05051 -1.45613e+00 | 17 -0.05304 -1.60362e+00 | 18 -0.05530 -1.74605e+00
 19 -0.05673 -1.85343e+00 | 20 -0.05774 -1.94519e+00 | 21 -0.05797 -2.01821e+00
 22 -0.05760 -2.05471e+00 | 23 -0.05739 -2.13012e+00 | 24 -0.05725 -2.21827e+00
 25 -0.05801 -2.24644e+00 | 26 -0.06109 -2.21799e+00 | 27 -0.06495 -2.11854e+00
 28 -0.06709 -1.99961e+00 | 29 -0.05989 -2.01404e+00 | 30 -0.03717 -2.35058e+00
 31 -0.00401 -2.91736e+00 | 32 -0.03942 -2.07101e+00 | 33 -0.13752 -8.80880e-01
 34 -0.17273 -6.40746e-01 | 35 -0.03262 -1.78231e+00 | 36 -0.11845 -8.06510e-01
 37  0.03080 -2.27178e+00 | 38  0.03804 -2.00143e+00 | 39 -0.13141 -4.45160e-01
 40  0.00945 -1.17076e+00 | 41  0.04991 -1.35707e+00 | 42 -0.14710 -2.41634e-01
 43  0.03442 -8.76658e-01 | 44 -0.11484 -2.26713e-01 | 45  0.00906 -4.92743e-01
 46 -0.04035 -2.55112e-01 | 47 -0.16852 -6.44434e-02 | 48 -0.16470 -4.58640e-02
 49 -0.14674 -3.86965e-02 | 50  0.06679 -1.76924e-01 | 51 -0.16163 -1.98480e-02
 52 -0.05161 -1.42448e-02 | 53 -0.14468  6.90852e-03 | 54 -0.07631  2.15616e-02
 55 -0.04896  3.41183e-02 | 56 -0.12842  1.84183e-02 | 57 -0.04447  3.52336e-02
 58 -0.04482  3.28903e-02 | 59 -0.00133  4.86477e-02 | 60 -0.05743  3.22084e-02
 61 -0.09735  2.39438e-02 | 62 -0.00871  5.02304e-02 | 63 -0.09096  2.39019e-02
 64 -0.13274  1.61532e-02 | 65 -0.04692  3.05941e-02 | 66 -0.13257  1.22161e-02
 67 -0.08738  1.75483e-02 | 68 -0.09087  1.51430e-02 | 69  0.00103  2.36218e-02
 70 -0.05970  7.82217e-03 | 71 -0.10227  9.41284e-04 | 72 -0.07344  6.57613e-05
 73 -0.06789  1.09347e-04 | 74 -0.44127 -6.96249e+01 | 75 -0.85458  2.87421e-01
 76  1.01119  2.45128e-02 | 77  0.36602  1.29407e+00 | 78  1.49868  9.17899e-01
 79  0.09347  2.17524e+00 | 80  0.04363  7.61148e-03 | 81 -0.98290 -7.67064e-05
 82 -0.10201  4.82745e-02 | 83  0.00030 -2.86876e-02 |
83 variables; iteration 5220; function evaluation 6122; phase 3
Function value 3.8181765e+01; maximum gradient component mag -1.7278e+02
Var    Value     Gradient |Var    Value     Gradient |Var    Value     Gradient
  1  0.00935 -1.72780e+02 |  2 -0.00701 -2.85042e-01 |  3 -0.00824 -3.46567e-01
  4 -0.02451 -3.73840e-01 |  5 -0.02593 -4.49551e-01 |  6 -0.02750 -5.36675e-01
  7 -0.02926 -6.37861e-01 |  8 -0.03118 -7.52116e-01 |  9 -0.03324 -8.79441e-01
 10 -0.03541 -1.02054e+00 | 11 -0.03773 -1.17645e+00 | 12 -0.04021 -1.34870e+00
 13 -0.04273 -1.53228e+00 | 14 -0.04528 -1.72697e+00 | 15 -0.04798 -1.94294e+00
 16 -0.05051 -2.16403e+00 | 17 -0.05304 -2.38610e+00 | 18 -0.05530 -2.59571e+00
 19 -0.05672 -2.75550e+00 | 20 -0.05775 -2.89488e+00 | 21 -0.05797 -3.00243e+00
 22 -0.05760 -3.05752e+00 | 23 -0.05740 -3.16961e+00 | 24 -0.05725 -3.29619e+00
 25 -0.05801 -3.33838e+00 | 26 -0.06109 -3.29688e+00 | 27 -0.06494 -3.14819e+00
 28 -0.06710 -2.97499e+00 | 29 -0.05990 -2.99434e+00 | 30 -0.03719 -3.49702e+00
 31 -0.00401 -4.33919e+00 | 32 -0.03941 -3.07777e+00 | 33 -0.13752 -1.31019e+00
 34 -0.17273 -9.56451e-01 | 35 -0.03261 -2.65426e+00 | 36 -0.11846 -1.20191e+00
 37  0.03080 -3.39381e+00 | 38  0.03805 -2.98438e+00 | 39 -0.13142 -6.63468e-01
 40  0.00945 -1.73406e+00 | 41  0.04991 -2.00771e+00 | 42 -0.14710 -3.58048e-01
 43  0.03442 -1.29537e+00 | 44 -0.11484 -3.34580e-01 | 45  0.00906 -7.26273e-01
 46 -0.04034 -3.77598e-01 | 47 -0.16852 -9.65040e-02 | 48 -0.16470 -6.96461e-02
 49 -0.14674 -5.71810e-02 | 50  0.06679 -2.62156e-01 | 51 -0.16163 -3.06820e-02
 52 -0.05160 -3.03414e-02 | 53 -0.14467  2.04609e-03 | 54 -0.07630  2.33076e-02
 55 -0.04895  4.14712e-02 | 56 -0.12842  2.67442e-02 | 57 -0.04446  5.75733e-02
 58 -0.04482  5.93890e-02 | 59 -0.00132  8.35986e-02 | 60 -0.05743  5.24457e-02
 61 -0.09734  4.07912e-02 | 62 -0.00871  8.10996e-02 | 63 -0.09095  3.93962e-02
 64 -0.13273  2.86598e-02 | 65 -0.04691  5.41326e-02 | 66 -0.13257  2.63212e-02
 67 -0.08738  3.15658e-02 | 68 -0.09086  2.74501e-02 | 69  0.00103  4.25681e-02
 70 -0.05969  1.21813e-02 | 71 -0.10226  1.43383e-03 | 72 -0.07344  8.77108e-05
 73 -0.06788  8.29090e-05 | 74 -0.44131 -1.04876e+02 | 75 -0.86356  3.95326e-01
 76  1.01121  3.70080e-02 | 77  0.36595  1.91893e+00 | 78  1.49841  1.35924e+00
 79  0.09353  3.24638e+00 | 80  0.04363  5.87570e-03 | 81 -0.98289  5.99088e-05
 82 -0.10202  7.54637e-02 | 83  0.00030 -4.87805e-02 |
83 variables; iteration 5240; function evaluation 6146; phase 3
Function value 3.8181714e+01; maximum gradient component mag -2.1576e+02
Var    Value     Gradient |Var    Value     Gradient |Var    Value     Gradient
  1  0.00936 -2.15757e+02 |  2 -0.00701 -3.56247e-01 |  3 -0.00824 -4.33417e-01
  4 -0.02451 -4.66082e-01 |  5 -0.02593 -5.60961e-01 |  6 -0.02751 -6.70187e-01
  7 -0.02926 -7.96208e-01 |  8 -0.03119 -9.38892e-01 |  9 -0.03324 -1.09825e+00
 10 -0.03541 -1.27401e+00 | 11 -0.03774 -1.46878e+00 | 12 -0.04021 -1.68373e+00
 13 -0.04273 -1.91265e+00 | 14 -0.04528 -2.15533e+00 | 15 -0.04797 -2.42395e+00
 16 -0.05051 -2.70106e+00 | 17 -0.05303 -2.97616e+00 | 18 -0.05530 -3.23961e+00
 19 -0.05673 -3.44106e+00 | 20 -0.05775 -3.61451e+00 | 21 -0.05797 -3.74606e+00
 22 -0.05761 -3.81769e+00 | 23 -0.05739 -3.95470e+00 | 24 -0.05725 -4.11450e+00
 25 -0.05801 -4.16876e+00 | 26 -0.06110 -4.11760e+00 | 27 -0.06495 -3.93231e+00
 28 -0.06709 -3.71178e+00 | 29 -0.05989 -3.73708e+00 | 30 -0.03715 -4.35908e+00
 31 -0.00400 -5.41258e+00 | 32 -0.03943 -3.83993e+00 | 33 -0.13753 -1.63447e+00
 34 -0.17273 -1.19171e+00 | 35 -0.03262 -3.31162e+00 | 36 -0.11847 -1.50161e+00
 37  0.03081 -4.23824e+00 | 38  0.03803 -3.72611e+00 | 39 -0.13140 -8.23799e-01
 40  0.00945 -2.15554e+00 | 41  0.04991 -2.49387e+00 | 42 -0.14709 -4.44143e-01
 43  0.03442 -1.61488e+00 | 44 -0.11484 -4.18359e-01 | 45  0.00907 -9.16542e-01
 46 -0.04035 -4.79059e-01 | 47 -0.16853 -1.22963e-01 | 48 -0.16470 -8.73016e-02
 49 -0.14674 -6.99942e-02 | 50  0.06679 -3.13494e-01 | 51 -0.16162 -3.71542e-02
 52 -0.05161 -3.51817e-02 | 53 -0.14466  3.57593e-03 | 54 -0.07631  2.99113e-02
 55 -0.04896  5.18401e-02 | 56 -0.12842  3.22007e-02 | 57 -0.04447  6.77972e-02
 58 -0.04482  6.76492e-02 | 59 -0.00132  9.47365e-02 | 60 -0.05742  5.88022e-02
 61 -0.09734  4.47362e-02 | 62 -0.00871  8.93207e-02 | 63 -0.09095  4.30855e-02
 64 -0.13274  3.03072e-02 | 65 -0.04692  5.79548e-02 | 66 -0.13257  2.68767e-02
 67 -0.08738  3.49767e-02 | 68 -0.09086  3.13837e-02 | 69  0.00103  5.16474e-02
 70 -0.05969  1.55113e-02 | 71 -0.10227  1.94541e-03 | 72 -0.07344  1.63642e-04
 73 -0.06788  1.03601e-04 | 74 -0.44134 -1.32617e+02 | 75 -0.87272  4.57460e-01
 76  1.01119  4.56367e-02 | 77  0.36609  2.40788e+00 | 78  1.49853  1.70044e+00
 79  0.09350  4.04704e+00 | 80  0.04363 -1.46517e-03 | 81 -0.98289  6.18294e-05
 82 -0.10202  8.46690e-02 | 83  0.00030 -5.48823e-02 |
83 variables; iteration 5260; function evaluation 6169; phase 3
Function value 3.8181691e+01; maximum gradient component mag -1.7565e+01
Var    Value     Gradient |Var    Value     Gradient |Var    Value     Gradient
  1  0.00936 -1.75650e+01 |  2 -0.00701 -2.91061e-02 |  3 -0.00824 -3.54815e-02
  4 -0.02451 -3.79116e-02 |  5 -0.02593 -4.55868e-02 |  6 -0.02751 -5.46174e-02
  7 -0.02926 -6.47866e-02 |  8 -0.03119 -7.64868e-02 |  9 -0.03324 -8.94549e-02
 10 -0.03541 -1.03703e-01 | 11 -0.03774 -1.19647e-01 | 12 -0.04021 -1.37249e-01
 13 -0.04273 -1.55838e-01 | 14 -0.04528 -1.75392e-01 | 15 -0.04797 -1.97303e-01
 16 -0.05050 -2.19823e-01 | 17 -0.05303 -2.42115e-01 | 18 -0.05530 -2.63818e-01
 19 -0.05673 -2.80223e-01 | 20 -0.05775 -2.93851e-01 | 21 -0.05797 -3.04741e-01
 22 -0.05761 -3.10530e-01 | 23 -0.05739 -3.21514e-01 | 24 -0.05725 -3.35045e-01
 25 -0.05801 -3.39427e-01 | 26 -0.06110 -3.35170e-01 | 27 -0.06495 -3.20213e-01
 28 -0.06709 -3.01907e-01 | 29 -0.05989 -3.04288e-01 | 30 -0.03715 -3.54359e-01
 31 -0.00401 -4.39862e-01 | 32 -0.03942 -3.10846e-01 | 33 -0.13753 -1.32437e-01
 34 -0.17273 -9.63214e-02 | 35 -0.03262 -2.68328e-01 | 36 -0.11847 -1.22154e-01
 37  0.03081 -3.46295e-01 | 38  0.03803 -3.03378e-01 | 39 -0.13140 -6.64435e-02
 40  0.00945 -1.74345e-01 | 41  0.04991 -2.01504e-01 | 42 -0.14709 -3.57993e-02
 43  0.03442 -1.31448e-01 | 44 -0.11485 -3.43090e-02 | 45  0.00907 -7.66607e-02
 46 -0.04035 -4.04830e-02 | 47 -0.16853 -1.05378e-02 | 48 -0.16469 -7.21924e-03
 49 -0.14674 -5.60641e-03 | 50  0.06679 -2.43382e-02 | 51 -0.16162 -3.08556e-03
 52 -0.05161 -2.80653e-03 | 53 -0.14466  3.32767e-04 | 54 -0.07631  2.40752e-03
 55 -0.04895  4.16498e-03 | 56 -0.12842  2.44657e-03 | 57 -0.04447  5.02005e-03
 58 -0.04482  4.78497e-03 | 59 -0.00132  6.79164e-03 | 60 -0.05742  4.36318e-03
 61 -0.09734  3.08951e-03 | 62 -0.00871  6.58180e-03 | 63 -0.09095  3.23591e-03
 64 -0.13274  2.12272e-03 | 65 -0.04692  4.28108e-03 | 66 -0.13257  1.84375e-03
 67 -0.08738  2.74577e-03 | 68 -0.09086  2.42210e-03 | 69  0.00103  4.10225e-03
 70 -0.05969  1.31991e-03 | 71 -0.10227  1.81797e-04 | 72 -0.07344  2.23898e-05
 73 -0.06788  8.76285e-06 | 74 -0.44137 -1.08398e+01 | 75 -0.88075  3.60320e-02
 76  1.01119  3.43876e-03 | 77  0.36607  1.93483e-01 | 78  1.49858  1.39511e-01
 79  0.09349  3.27634e-01 | 80  0.04363 -9.48078e-04 | 81 -0.98289 -3.48341e-06
 82 -0.10202  6.07110e-03 | 83  0.00030 -3.97680e-03 |
83 variables; iteration 5280; function evaluation 6194; phase 3
Function value 3.8181686e+01; maximum gradient component mag -1.4014e+01
Var    Value     Gradient |Var    Value     Gradient |Var    Value     Gradient
  1  0.00936 -1.40139e+01 |  2 -0.00701 -2.31424e-02 |  3 -0.00824 -2.81596e-02
  4 -0.02451 -3.02634e-02 |  5 -0.02593 -3.64372e-02 |  6 -0.02751 -4.35317e-02
  7 -0.02926 -5.17190e-02 |  8 -0.03119 -6.09810e-02 |  9 -0.03324 -7.13386e-02
 10 -0.03541 -8.27493e-02 | 11 -0.03774 -9.54016e-02 | 12 -0.04021 -1.09358e-01
 13 -0.04273 -1.24220e-01 | 14 -0.04528 -1.39984e-01 | 15 -0.04797 -1.57414e-01
 16 -0.05050 -1.75421e-01 | 17 -0.05303 -1.93268e-01 | 18 -0.05529 -2.10402e-01
 19 -0.05673 -2.23511e-01 | 20 -0.05775 -2.34774e-01 | 21 -0.05797 -2.43269e-01
 22 -0.05761 -2.47964e-01 | 23 -0.05739 -2.56819e-01 | 24 -0.05724 -2.67221e-01
 25 -0.05801 -2.70770e-01 | 26 -0.06110 -2.67434e-01 | 27 -0.06495 -2.55418e-01
 28 -0.06709 -2.41044e-01 | 29 -0.05989 -2.42721e-01 | 30 -0.03715 -2.83080e-01
 31 -0.00400 -3.51502e-01 | 32 -0.03943 -2.49279e-01 | 33 -0.13753 -1.06114e-01
 34 -0.17273 -7.73816e-02 | 35 -0.03262 -2.15054e-01 | 36 -0.11848 -9.75288e-02
 37  0.03082 -2.75420e-01 | 38  0.03803 -2.41970e-01 | 39 -0.13140 -5.34189e-02
 40  0.00946 -1.39756e-01 | 41  0.04991 -1.61683e-01 | 42 -0.14708 -2.88079e-02
 43  0.03442 -1.04879e-01 | 44 -0.11485 -2.71960e-02 | 45  0.00907 -5.97869e-02
 46 -0.04035 -3.13007e-02 | 47 -0.16853 -8.06315e-03 | 48 -0.16469 -5.70057e-03
 49 -0.14674 -4.52963e-03 | 50  0.06679 -2.01779e-02 | 51 -0.16162 -2.43962e-03
 52 -0.05161 -2.36707e-03 | 53 -0.14466  1.60932e-04 | 54 -0.07631  1.86741e-03
 55 -0.04895  3.27604e-03 | 56 -0.12842  2.05786e-03 | 57 -0.04447  4.37001e-03
 58 -0.04482  4.36938e-03 | 59 -0.00132  6.06520e-03 | 60 -0.05742  3.73979e-03
 61 -0.09734  2.84804e-03 | 62 -0.00871  5.66783e-03 | 63 -0.09095  2.74722e-03
 64 -0.13274  1.92103e-03 | 65 -0.04692  3.68532e-03 | 66 -0.13257  1.73939e-03
 67 -0.08738  2.26690e-03 | 68 -0.09086  2.04930e-03 | 69  0.00103  3.43682e-03
 70 -0.05969  1.02551e-03 | 71 -0.10227  1.32394e-04 | 72 -0.07344  1.17454e-05
 73 -0.06788  5.98667e-06 | 74 -0.44138 -8.73769e+00 | 75 -0.88551  2.66057e-02
 76  1.01120  2.95627e-03 | 77  0.36610  1.56237e-01 | 78  1.49848  1.10440e-01
 79  0.09351  2.62813e-01 | 80  0.04363 -3.03867e-04 | 81 -0.98289  4.68170e-06
 82 -0.10202  5.33037e-03 | 83  0.00030 -3.49067e-03 |
  ic > imax  in fminim is answer attained ?
Var    Value     Gradient |Var    Value     Gradient |Var    Value     Gradient
  1  0.00936  6.01998e-03 |  2 -0.00701  9.94790e-06 |  3 -0.00824  1.20792e-05
  4 -0.02451  1.30236e-05 |  5 -0.02593  1.53235e-05 |  6 -0.02751  1.86142e-05
  7 -0.02926  2.18745e-05 |  8 -0.03119  2.60803e-05 |  9 -0.03324  3.03542e-05
 10 -0.03541  3.51455e-05 | 11 -0.03774  4.06155e-05 | 12 -0.04021  4.67204e-05
 13 -0.04273  5.30850e-05 | 14 -0.04528  5.94866e-05 | 15 -0.04797  6.72103e-05
 16 -0.05050  7.45285e-05 | 17 -0.05303  8.24857e-05 | 18 -0.05529  8.96936e-05
 19 -0.05673  9.52983e-05 | 20 -0.05775  9.97680e-05 | 21 -0.05797  1.03845e-04
 22 -0.05761  1.05737e-04 | 23 -0.05739  1.09457e-04 | 24 -0.05724  1.13922e-04
 25 -0.05801  1.15167e-04 | 26 -0.06110  1.13920e-04 | 27 -0.06495  1.08664e-04
 28 -0.06709  1.02805e-04 | 29 -0.05989  1.03485e-04 | 30 -0.03715  1.20745e-04
 31 -0.00400  1.50899e-04 | 32 -0.03943  1.06961e-04 | 33 -0.13753  4.58503e-05
 34 -0.17273  3.30016e-05 | 35 -0.03262  9.24607e-05 | 36 -0.11848  4.20090e-05
 37  0.03082  1.19589e-04 | 38  0.03803  1.06534e-04 | 39 -0.13140  2.44770e-05
 40  0.00946  6.44063e-05 | 41  0.04991  7.38087e-05 | 42 -0.14708  1.27268e-05
 43  0.03442  4.49466e-05 | 44 -0.11485  1.12673e-05 | 45  0.00907  2.19906e-05
 46 -0.04035  1.05694e-05 | 47 -0.16853  2.04552e-06 | 48 -0.16469  1.49955e-06
 49 -0.14674  1.44989e-06 | 50  0.06679  6.02654e-06 | 51 -0.16162 -3.12052e-07
 52 -0.05161 -1.98155e-06 | 53 -0.14466 -1.85187e-06 | 54 -0.07631 -2.61174e-06
 55 -0.04895 -3.13463e-06 | 56 -0.12842 -1.18207e-06 | 57 -0.04447 -1.18934e-06
 58 -0.04482 -2.86195e-07 | 59 -0.00132 -8.06177e-07 | 60 -0.05742 -6.12424e-07
 61 -0.09734 -3.55685e-08 | 62 -0.00871 -3.15428e-07 | 63 -0.09095  5.42582e-07
 64 -0.13274  5.14174e-07 | 65 -0.04692  1.32120e-06 | 66 -0.13257  1.49217e-06
 67 -0.08738  1.50215e-06 | 68 -0.09086  9.83548e-07 | 69  0.00103  1.39056e-06
 70 -0.05969  9.00197e-08 | 71 -0.10227  6.46932e-08 | 72 -0.07344  4.21436e-09
 73 -0.06788 -2.39413e-08 | 74 -0.44138  3.78830e-03 | 75 -0.88583 -1.14576e-05
 76  1.01120 -1.20960e-06 | 77  0.36611 -6.59896e-05 | 78  1.49848 -4.74827e-05
 79  0.09351 -1.12456e-04 | 80  0.04363 -2.53870e-06 | 81 -0.98289  2.06317e-08
 82 -0.10202 -2.10940e-06 | 83  0.00030  8.33304e-07 |
Function minimizer not making progress ... is minimum attained?
Minimprove criterion = 0.0000e+00

 - final statistics:
83 variables; iteration 5289; function evaluation 6232
Function value 3.8182e+01; maximum gradient component mag 6.0200e-03
Exit code = 1;  converg criter 1.0000e-04
Var    Value     Gradient |Var    Value     Gradient |Var    Value     Gradient
  1  0.00936  6.01998e-03 |  2 -0.00701  9.94790e-06 |  3 -0.00824  1.20792e-05
  4 -0.02451  1.30236e-05 |  5 -0.02593  1.53235e-05 |  6 -0.02751  1.86142e-05
  7 -0.02926  2.18745e-05 |  8 -0.03119  2.60803e-05 |  9 -0.03324  3.03542e-05
 10 -0.03541  3.51455e-05 | 11 -0.03774  4.06155e-05 | 12 -0.04021  4.67204e-05
 13 -0.04273  5.30850e-05 | 14 -0.04528  5.94866e-05 | 15 -0.04797  6.72103e-05
 16 -0.05050  7.45285e-05 | 17 -0.05303  8.24857e-05 | 18 -0.05529  8.96936e-05
 19 -0.05673  9.52983e-05 | 20 -0.05775  9.97680e-05 | 21 -0.05797  1.03845e-04
 22 -0.05761  1.05737e-04 | 23 -0.05739  1.09457e-04 | 24 -0.05724  1.13922e-04
 25 -0.05801  1.15167e-04 | 26 -0.06110  1.13920e-04 | 27 -0.06495  1.08664e-04
 28 -0.06709  1.02805e-04 | 29 -0.05989  1.03485e-04 | 30 -0.03715  1.20745e-04
 31 -0.00400  1.50899e-04 | 32 -0.03943  1.06961e-04 | 33 -0.13753  4.58503e-05
 34 -0.17273  3.30016e-05 | 35 -0.03262  9.24607e-05 | 36 -0.11848  4.20090e-05
 37  0.03082  1.19589e-04 | 38  0.03803  1.06534e-04 | 39 -0.13140  2.44770e-05
 40  0.00946  6.44063e-05 | 41  0.04991  7.38087e-05 | 42 -0.14708  1.27268e-05
 43  0.03442  4.49466e-05 | 44 -0.11485  1.12673e-05 | 45  0.00907  2.19906e-05
 46 -0.04035  1.05694e-05 | 47 -0.16853  2.04552e-06 | 48 -0.16469  1.49955e-06
 49 -0.14674  1.44989e-06 | 50  0.06679  6.02654e-06 | 51 -0.16162 -3.12052e-07
 52 -0.05161 -1.98155e-06 | 53 -0.14466 -1.85187e-06 | 54 -0.07631 -2.61174e-06
 55 -0.04895 -3.13463e-06 | 56 -0.12842 -1.18207e-06 | 57 -0.04447 -1.18934e-06
 58 -0.04482 -2.86195e-07 | 59 -0.00132 -8.06177e-07 | 60 -0.05742 -6.12424e-07
 61 -0.09734 -3.55685e-08 | 62 -0.00871 -3.15428e-07 | 63 -0.09095  5.42582e-07
 64 -0.13274  5.14174e-07 | 65 -0.04692  1.32120e-06 | 66 -0.13257  1.49217e-06
 67 -0.08738  1.50215e-06 | 68 -0.09086  9.83548e-07 | 69  0.00103  1.39056e-06
 70 -0.05969  9.00197e-08 | 71 -0.10227  6.46932e-08 | 72 -0.07344  4.21436e-09
 73 -0.06788 -2.39413e-08 | 74 -0.44138  3.78830e-03 | 75 -0.88583 -1.14576e-05
 76  1.01120 -1.20960e-06 | 77  0.36611 -6.59896e-05 | 78  1.49848 -4.74827e-05
 79  0.09351 -1.12456e-04 | 80  0.04363 -2.53870e-06 | 81 -0.98289  2.06317e-08
 82 -0.10202 -2.10940e-06 | 83  0.00030  8.33304e-07 |

Initial statistics: 87 variables; iteration 0; function evaluation 0; phase 4
Function value 3.8181686e+01; maximum gradient component mag 6.0232e-03
Var    Value     Gradient |Var    Value     Gradient |Var    Value     Gradient
  1  0.00936  6.02323e-03 |  2 -0.00701  9.95327e-06 |  3 -0.00824  1.20858e-05
  4 -0.02451  1.30306e-05 |  5 -0.02593  1.53320e-05 |  6 -0.02751  1.86243e-05
  7 -0.02926  2.18865e-05 |  8 -0.03119  2.60945e-05 |  9 -0.03324  3.03707e-05
 10 -0.03541  3.51647e-05 | 11 -0.03774  4.06377e-05 | 12 -0.04021  4.67458e-05
 13 -0.04273  5.31139e-05 | 14 -0.04528  5.95191e-05 | 15 -0.04797  6.72468e-05
 16 -0.05050  7.45692e-05 | 17 -0.05303  8.25305e-05 | 18 -0.05529  8.97424e-05
 19 -0.05673  9.53502e-05 | 20 -0.05775  9.98225e-05 | 21 -0.05797  1.03902e-04
 22 -0.05761  1.05794e-04 | 23 -0.05739  1.09516e-04 | 24 -0.05724  1.13984e-04
 25 -0.05801  1.15229e-04 | 26 -0.06110  1.13982e-04 | 27 -0.06495  1.08723e-04
 28 -0.06709  1.02861e-04 | 29 -0.05989  1.03541e-04 | 30 -0.03715  1.20811e-04
 31 -0.00400  1.50981e-04 | 32 -0.03943  1.07018e-04 | 33 -0.13753  4.58750e-05
 34 -0.17273  3.30196e-05 | 35 -0.03262  9.25106e-05 | 36 -0.11848  4.20316e-05
 37  0.03082  1.19653e-04 | 38  0.03803  1.06590e-04 | 39 -0.13140  2.44895e-05
 40  0.00946  6.44388e-05 | 41  0.04991  7.38463e-05 | 42 -0.14708  1.27335e-05
 43  0.03442  4.49710e-05 | 44 -0.11485  1.12736e-05 | 45  0.00907  2.20044e-05
 46 -0.04035  1.05766e-05 | 47 -0.16853  2.04735e-06 | 48 -0.16469  1.50085e-06
 49 -0.14674  1.45093e-06 | 50  0.06679  6.03114e-06 | 51 -0.16162 -3.11525e-07
 52 -0.05161 -1.98108e-06 | 53 -0.14466 -1.85195e-06 | 54 -0.07631 -2.61221e-06
 55 -0.04895 -3.13543e-06 | 56 -0.12842 -1.18255e-06 | 57 -0.04447 -1.19034e-06
 58 -0.04482 -2.87167e-07 | 59 -0.00132 -8.07529e-07 | 60 -0.05742 -6.13253e-07
 61 -0.09734 -3.61944e-08 | 62 -0.00871 -3.16672e-07 | 63 -0.09095  5.42000e-07
 64 -0.13274  5.13771e-07 | 65 -0.04692  1.32044e-06 | 66 -0.13257  1.49183e-06
 67 -0.08738  1.50170e-06 | 68 -0.09086  9.83126e-07 | 69  0.00103  1.38983e-06
 70 -0.05969  8.97953e-08 | 71 -0.10227  6.46656e-08 | 72 -0.07344  4.21194e-09
 73 -0.06788 -2.39432e-08 | 74  0.00000 -1.93996e-09 | 75  0.00000 -1.10062e-13
 76  0.00000  0.00000e+00 | 77  0.00000  0.00000e+00 | 78 -0.44138  3.79034e-03
 79 -0.88583 -1.14637e-05 | 80  0.98880  1.21029e-06 | 81  0.36611 -6.60259e-05
 82  0.50152  4.75083e-05 | 83  0.09351 -1.12517e-04 | 84  0.04363 -2.53870e-06
 85 -0.98289  2.06311e-08 | 86 -0.10202 -2.11062e-06 | 87  0.00030  8.34088e-07
  ic > imax  in fminim is answer attained ?
Var    Value     Gradient |Var    Value     Gradient |Var    Value     Gradient
  1  0.00936  3.35595e-03 |  2 -0.00701  5.54931e-06 |  3 -0.00824  6.72794e-06
  4 -0.02451  7.26906e-06 |  5 -0.02593  8.40107e-06 |  6 -0.02751  1.03399e-05
  7 -0.02926  1.20474e-05 |  8 -0.03119  1.44890e-05 |  9 -0.03324  1.67966e-05
 10 -0.03541  1.94203e-05 | 11 -0.03774  2.24850e-05 | 12 -0.04021  2.59361e-05
 13 -0.04273  2.94748e-05 | 14 -0.04528  3.28838e-05 | 15 -0.04797  3.72909e-05
 16 -0.05050  4.11928e-05 | 17 -0.05303  4.57504e-05 | 18 -0.05529  4.97057e-05
 19 -0.05673  5.28150e-05 | 20 -0.05775  5.51428e-05 | 21 -0.05797  5.76043e-05
 22 -0.05761  5.85991e-05 | 23 -0.05739  6.06403e-05 | 24 -0.05724  6.31349e-05
 25 -0.05801  6.37072e-05 | 26 -0.06110  6.30888e-05 | 27 -0.06495  6.01202e-05
 28 -0.06709  5.69877e-05 | 29 -0.05989  5.73516e-05 | 30 -0.03715  6.69395e-05
 31 -0.00400  8.40514e-05 | 32 -0.03943  5.95392e-05 | 33 -0.13753  2.56569e-05
 34 -0.17273  1.82817e-05 | 35 -0.03262  5.15448e-05 | 36 -0.11848  2.34599e-05
 37  0.03082  6.72130e-05 | 38  0.03803  6.04806e-05 | 39 -0.13140  1.42849e-05
 40  0.00946  3.77483e-05 | 41  0.04991  4.29887e-05 | 42 -0.14708  7.24447e-06
 43  0.03442  2.50389e-05 | 44 -0.11485  6.11804e-06 | 45  0.00907  1.07447e-05
 46 -0.04035  4.70369e-06 | 47 -0.16853  5.47743e-07 | 48 -0.16469  4.34962e-07
 49 -0.14674  5.94780e-07 | 50  0.06679  2.21215e-06 | 51 -0.16162 -7.50496e-07
 52 -0.05161 -2.37880e-06 | 53 -0.14466 -1.78929e-06 | 54 -0.07631 -2.22846e-06
 55 -0.04895 -2.48728e-06 | 56 -0.12842 -7.87864e-07 | 57 -0.04447 -3.71246e-07
 58 -0.04482  5.23389e-07 | 59 -0.00132  3.33453e-07 | 60 -0.05742  9.51485e-08
 61 -0.09734  5.00606e-07 | 62 -0.00871  7.53975e-07 | 63 -0.09095  1.05019e-06
 64 -0.13274  8.69488e-07 | 65 -0.04692  1.99757e-06 | 66 -0.13257  1.79786e-06
 67 -0.08738  1.90452e-06 | 68 -0.09086  1.35114e-06 | 69  0.00103  2.00069e-06
 70 -0.05969  2.76257e-07 | 71 -0.10227  8.73732e-08 | 72 -0.07344  6.08164e-09
 73 -0.06788 -2.24653e-08 | 74  0.00000 -1.93996e-09 | 75  0.00000 -1.10062e-13
 76  0.00000  0.00000e+00 | 77  0.00000  0.00000e+00 | 78 -0.44138  2.12585e-03
 79 -0.88583 -6.43134e-06 | 80  0.98880  6.44748e-07 | 81  0.36611 -3.62679e-05
 82  0.50152  2.64995e-05 | 83  0.09351 -6.24740e-05 | 84  0.04363 -2.53872e-06
 85 -0.98289  2.11559e-08 | 86 -0.10202 -1.07713e-06 | 87  0.00030  1.68975e-07
Function minimizer not making progress ... is minimum attained?
Minimprove criterion = 0.0000e+00
Warning: the following parameters had issues
  selparm[3] is within 1% of lower bound: -4.0000e+00 < -3.8717e+00 < 1.2000e+01
  selparm[7] is within 0.1% of upper bound: 2.0000e+01 < 7.9995e+01 < 8.0000e+01
  selparm[21] is within 0.1% of lower bound: -4.0000e+00 < -3.9971e+00 < 1.2000e+01


 - final statistics:
87 variables; iteration 2; function evaluation 32
Function value 3.8182e+01; maximum gradient component mag 3.3559e-03
Exit code = 1;  converg criter 1.0000e-04
Var    Value     Gradient |Var    Value     Gradient |Var    Value     Gradient
  1  0.00936  3.35595e-03 |  2 -0.00701  5.54931e-06 |  3 -0.00824  6.72794e-06
  4 -0.02451  7.26906e-06 |  5 -0.02593  8.40107e-06 |  6 -0.02751  1.03399e-05
  7 -0.02926  1.20474e-05 |  8 -0.03119  1.44890e-05 |  9 -0.03324  1.67966e-05
 10 -0.03541  1.94203e-05 | 11 -0.03774  2.24850e-05 | 12 -0.04021  2.59361e-05
 13 -0.04273  2.94748e-05 | 14 -0.04528  3.28838e-05 | 15 -0.04797  3.72909e-05
 16 -0.05050  4.11928e-05 | 17 -0.05303  4.57504e-05 | 18 -0.05529  4.97057e-05
 19 -0.05673  5.28150e-05 | 20 -0.05775  5.51428e-05 | 21 -0.05797  5.76043e-05
 22 -0.05761  5.85991e-05 | 23 -0.05739  6.06403e-05 | 24 -0.05724  6.31349e-05
 25 -0.05801  6.37072e-05 | 26 -0.06110  6.30888e-05 | 27 -0.06495  6.01202e-05
 28 -0.06709  5.69877e-05 | 29 -0.05989  5.73516e-05 | 30 -0.03715  6.69395e-05
 31 -0.00400  8.40514e-05 | 32 -0.03943  5.95392e-05 | 33 -0.13753  2.56569e-05
 34 -0.17273  1.82817e-05 | 35 -0.03262  5.15448e-05 | 36 -0.11848  2.34599e-05
 37  0.03082  6.72130e-05 | 38  0.03803  6.04806e-05 | 39 -0.13140  1.42849e-05
 40  0.00946  3.77483e-05 | 41  0.04991  4.29887e-05 | 42 -0.14708  7.24447e-06
 43  0.03442  2.50389e-05 | 44 -0.11485  6.11804e-06 | 45  0.00907  1.07447e-05
 46 -0.04035  4.70369e-06 | 47 -0.16853  5.47743e-07 | 48 -0.16469  4.34962e-07
 49 -0.14674  5.94780e-07 | 50  0.06679  2.21215e-06 | 51 -0.16162 -7.50496e-07
 52 -0.05161 -2.37880e-06 | 53 -0.14466 -1.78929e-06 | 54 -0.07631 -2.22846e-06
 55 -0.04895 -2.48728e-06 | 56 -0.12842 -7.87864e-07 | 57 -0.04447 -3.71246e-07
 58 -0.04482  5.23389e-07 | 59 -0.00132  3.33453e-07 | 60 -0.05742  9.51485e-08
 61 -0.09734  5.00606e-07 | 62 -0.00871  7.53975e-07 | 63 -0.09095  1.05019e-06
 64 -0.13274  8.69488e-07 | 65 -0.04692  1.99757e-06 | 66 -0.13257  1.79786e-06
 67 -0.08738  1.90452e-06 | 68 -0.09086  1.35114e-06 | 69  0.00103  2.00069e-06
 70 -0.05969  2.76257e-07 | 71 -0.10227  8.73732e-08 | 72 -0.07344  6.08164e-09
 73 -0.06788 -2.24653e-08 | 74  0.00000 -1.93996e-09 | 75  0.00000 -1.10062e-13
 76  0.00000  0.00000e+00 | 77  0.00000  0.00000e+00 | 78 -0.44138  2.12585e-03
 79 -0.88583 -6.43134e-06 | 80  0.98880  6.44748e-07 | 81  0.36611 -3.62679e-05
 82  0.50152  2.64995e-05 | 83  0.09351 -6.24740e-05 | 84  0.04363 -2.53872e-06
 85 -0.98289  2.11559e-08 | 86 -0.10202 -1.07713e-06 | 87  0.00030  1.68975e-07
Estimating row 1 out of 87 for hessian
Estimating row 2 out of 87 for hessian
Estimating row 3 out of 87 for hessian
Estimating row 4 out of 87 for hessian
Estimating row 5 out of 87 for hessian
Estimating row 6 out of 87 for hessian
Estimating row 7 out of 87 for hessian
Estimating row 8 out of 87 for hessian
Estimating row 9 out of 87 for hessian
Estimating row 10 out of 87 for hessian
Estimating row 11 out of 87 for hessian
Estimating row 12 out of 87 for hessian
Estimating row 13 out of 87 for hessian
Estimating row 14 out of 87 for hessian
Estimating row 15 out of 87 for hessian
Estimating row 16 out of 87 for hessian
Estimating row 17 out of 87 for hessian
Estimating row 18 out of 87 for hessian
Estimating row 19 out of 87 for hessian
Estimating row 20 out of 87 for hessian
Estimating row 21 out of 87 for hessian
Estimating row 22 out of 87 for hessian
Estimating row 23 out of 87 for hessian
Estimating row 24 out of 87 for hessian
Estimating row 25 out of 87 for hessian
Estimating row 26 out of 87 for hessian
Estimating row 27 out of 87 for hessian
Estimating row 28 out of 87 for hessian
Estimating row 29 out of 87 for hessian
Estimating row 30 out of 87 for hessian
Estimating row 31 out of 87 for hessian
Estimating row 32 out of 87 for hessian
Estimating row 33 out of 87 for hessian
Estimating row 34 out of 87 for hessian
Estimating row 35 out of 87 for hessian
Estimating row 36 out of 87 for hessian
Estimating row 37 out of 87 for hessian
Estimating row 38 out of 87 for hessian
Estimating row 39 out of 87 for hessian
Estimating row 40 out of 87 for hessian
Estimating row 41 out of 87 for hessian
Estimating row 42 out of 87 for hessian
Estimating row 43 out of 87 for hessian
Estimating row 44 out of 87 for hessian
Estimating row 45 out of 87 for hessian
Estimating row 46 out of 87 for hessian
Estimating row 47 out of 87 for hessian
Estimating row 48 out of 87 for hessian
Estimating row 49 out of 87 for hessian
Estimating row 50 out of 87 for hessian
Estimating row 51 out of 87 for hessian
Estimating row 52 out of 87 for hessian
Estimating row 53 out of 87 for hessian
Estimating row 54 out of 87 for hessian
Estimating row 55 out of 87 for hessian
Estimating row 56 out of 87 for hessian
Estimating row 57 out of 87 for hessian
Estimating row 58 out of 87 for hessian
Estimating row 59 out of 87 for hessian
Estimating row 60 out of 87 for hessian
Estimating row 61 out of 87 for hessian
Estimating row 62 out of 87 for hessian
Estimating row 63 out of 87 for hessian
Estimating row 64 out of 87 for hessian
Estimating row 65 out of 87 for hessian
Estimating row 66 out of 87 for hessian
Estimating row 67 out of 87 for hessian
Estimating row 68 out of 87 for hessian
Estimating row 69 out of 87 for hessian
Estimating row 70 out of 87 for hessian
Estimating row 71 out of 87 for hessian
Estimating row 72 out of 87 for hessian
Estimating row 73 out of 87 for hessian
Estimating row 74 out of 87 for hessian
Estimating row 75 out of 87 for hessian
Estimating row 76 out of 87 for hessian
Estimating row 77 out of 87 for hessian
Estimating row 78 out of 87 for hessian
Estimating row 79 out of 87 for hessian
Estimating row 80 out of 87 for hessian
Estimating row 81 out of 87 for hessian
Estimating row 82 out of 87 for hessian
Estimating row 83 out of 87 for hessian
Estimating row 84 out of 87 for hessian
Estimating row 85 out of 87 for hessian
Estimating row 86 out of 87 for hessian
Estimating row 87 out of 87 for hessian
size of file gradfil1.tmp = 0
size of file gradfil2.tmp = 0
size of file varssave.tmp = 0
size of file cmpdiff.tmp = 0
