
Initial statistics: 70 variables; iteration 0; function evaluation 0; phase 1
Function value nan; maximum gradient component mag -9.0691e+06
Var    Value     Gradient |Var    Value     Gradient |Var    Value     Gradient
  1 -0.19398 -9.06908e+06 |  2  0.00000 -3.38101e+04 |  3  0.00000 -3.13422e+04
  4  0.00000 -6.81065e+04 |  5  0.00000 -9.12337e+04 |  6  0.00000 -1.00319e+05
  7  0.00000 -1.03525e+05 |  8  0.00000 -1.13487e+05 |  9  0.00000 -1.19088e+05
 10  0.00000 -1.12795e+05 | 11  0.00000 -1.12597e+05 | 12  0.00000 -1.07688e+05
 13  0.00000 -1.05315e+05 | 14  0.00000 -1.06274e+05 | 15  0.00000 -1.00054e+05
 16  0.00000 -1.04834e+05 | 17  0.00000 -1.00935e+05 | 18  0.00000 -9.25932e+04
 19  0.00000  4.60255e+04 | 20  0.00000  1.14428e+05 | 21  0.00000  1.21464e+05
 22  0.00000  1.09265e+05 | 23  0.00000  9.81266e+04 | 24  0.00000  8.16203e+04
 25  0.00000  7.13271e+04 | 26  0.00000  6.10743e+04 | 27  0.00000  5.65108e+04
 28  0.00000  3.58133e+04 | 29  0.00000  2.71100e+04 | 30  0.00000  2.86233e+04
 31  0.00000  2.75556e+04 | 32  0.00000 -6.00574e+04 | 33  0.00000 -9.94577e+04
 34  0.00000 -7.19903e+04 | 35  0.00000 -9.15049e+04 | 36  0.00000 -1.12638e+05
 37  0.00000 -1.09264e+05 | 38  0.00000 -1.12641e+05 | 39  0.00000 -9.28547e+04
 40  0.00000 -8.61153e+04 | 41  0.00000 -8.86784e+04 | 42  0.00000 -9.81607e+04
 43  0.00000 -1.07081e+05 | 44  0.00000 -1.27551e+05 | 45  0.00000 -1.56625e+05
 46  0.00000 -1.41327e+05 | 47  0.00000 -1.14627e+05 | 48  0.00000 -8.84302e+04
 49  0.00000 -5.15741e+04 | 50  0.00000 -8.96279e+04 | 51  0.00000 -1.40237e+05
 52  0.00000 -1.78113e+05 | 53  0.00000 -1.17670e+05 | 54  0.00000 -1.01070e+05
 55  0.00000 -7.79174e+04 | 56  0.00000 -7.21600e+04 | 57  0.00000 -7.20708e+04
 58  0.00000 -6.62170e+04 | 59  0.00000 -7.80580e+04 | 60  0.00000 -8.50950e+04
 61  0.00000 -7.35153e+04 | 62  0.00000 -7.60060e+04 | 63  0.00000 -8.88758e+04
 64  0.00000 -7.81033e+04 | 65  0.00000 -6.72584e+04 | 66  0.00000 -4.81313e+04
 67  0.00000 -3.49724e+04 | 68  0.00000 -1.49395e+04 | 69  0.00000  9.80394e+02
 70  0.00000 -4.41271e+04 |
  ic > imax  in fminim is answer attained ?
Var    Value     Gradient |Var    Value     Gradient |Var    Value     Gradient
  1 -0.16965 -8.38816e+06 |  2  0.00009 -3.74334e+04 |  3  0.00008 -3.49263e+04
  4  0.00018 -2.80626e+04 |  5  0.00024 -6.50578e+04 |  6  0.00027 -8.87291e+04
  7  0.00028 -9.87825e+04 |  8  0.00030 -1.16205e+05 |  9  0.00032 -1.27828e+05
 10  0.00030 -1.22672e+05 | 11  0.00030 -1.21963e+05 | 12  0.00029 -1.21897e+05
 13  0.00028 -1.19604e+05 | 14  0.00029 -1.19707e+05 | 15  0.00027 -1.14283e+05
 16  0.00028 -1.13819e+05 | 17  0.00027 -1.09528e+05 | 18  0.00025 -1.05541e+05
 19 -0.00012  5.02294e+04 | 20 -0.00031  1.28494e+05 | 21 -0.00033  1.38110e+05
 22 -0.00029  1.24810e+05 | 23 -0.00026  1.13008e+05 | 24 -0.00022  9.50358e+04
 25 -0.00019  8.45609e+04 | 26 -0.00016  7.38807e+04 | 27 -0.00015  6.93563e+04
 28 -0.00010  4.83789e+04 | 29 -0.00007  3.83042e+04 | 30 -0.00008  3.96024e+04
 31 -0.00007  3.92858e+04 | 32  0.00016 -5.44857e+04 | 33  0.00027 -9.83483e+04
 34  0.00019 -6.77617e+04 | 35  0.00025 -9.27675e+04 | 36  0.00030 -1.19480e+05
 37  0.00029 -1.15224e+05 | 38  0.00030 -1.16156e+05 | 39  0.00025 -9.09538e+04
 40  0.00023 -8.29021e+04 | 41  0.00024 -8.58561e+04 | 42  0.00026 -9.64675e+04
 43  0.00029 -1.03878e+05 | 44  0.00034 -1.25807e+05 | 45  0.00042 -1.57972e+05
 46  0.00038 -1.37636e+05 | 47  0.00031 -9.65581e+04 | 48  0.00024 -7.18389e+04
 49  0.00014 -4.08545e+04 | 50  0.00024 -8.14501e+04 | 51  0.00038 -1.08164e+05
 52  0.00048 -1.46254e+05 | 53  0.00032 -1.11044e+05 | 54  0.00027 -9.16424e+04
 55  0.00021 -6.61200e+04 | 56  0.00019 -6.35944e+04 | 57  0.00019 -6.42687e+04
 58  0.00018 -5.78961e+04 | 59  0.00021 -7.06056e+04 | 60  0.00023 -7.76707e+04
 61  0.00020 -6.58603e+04 | 62  0.00020 -6.88359e+04 | 63  0.00024 -8.31699e+04
 64  0.00021 -7.19546e+04 | 65  0.00018 -6.08155e+04 | 66  0.00013 -4.04630e+04
 67  0.00009 -2.66366e+04 | 68  0.00004 -6.90495e+03 | 69 -0.00000  8.47126e+03
 70  0.00012 -2.54489e+04 |
Function minimizer not making progress ... is minimum attained?
Minimprove criterion = 0.0000e+00

 - final statistics:
70 variables; iteration 2; function evaluation 38
Function value nan; maximum gradient component mag -8.3882e+06
Exit code = 1;  converg criter 1.0000e+01
Var    Value     Gradient |Var    Value     Gradient |Var    Value     Gradient
  1 -0.16965 -8.38816e+06 |  2  0.00009 -3.74334e+04 |  3  0.00008 -3.49263e+04
  4  0.00018 -2.80626e+04 |  5  0.00024 -6.50578e+04 |  6  0.00027 -8.87291e+04
  7  0.00028 -9.87825e+04 |  8  0.00030 -1.16205e+05 |  9  0.00032 -1.27828e+05
 10  0.00030 -1.22672e+05 | 11  0.00030 -1.21963e+05 | 12  0.00029 -1.21897e+05
 13  0.00028 -1.19604e+05 | 14  0.00029 -1.19707e+05 | 15  0.00027 -1.14283e+05
 16  0.00028 -1.13819e+05 | 17  0.00027 -1.09528e+05 | 18  0.00025 -1.05541e+05
 19 -0.00012  5.02294e+04 | 20 -0.00031  1.28494e+05 | 21 -0.00033  1.38110e+05
 22 -0.00029  1.24810e+05 | 23 -0.00026  1.13008e+05 | 24 -0.00022  9.50358e+04
 25 -0.00019  8.45609e+04 | 26 -0.00016  7.38807e+04 | 27 -0.00015  6.93563e+04
 28 -0.00010  4.83789e+04 | 29 -0.00007  3.83042e+04 | 30 -0.00008  3.96024e+04
 31 -0.00007  3.92858e+04 | 32  0.00016 -5.44857e+04 | 33  0.00027 -9.83483e+04
 34  0.00019 -6.77617e+04 | 35  0.00025 -9.27675e+04 | 36  0.00030 -1.19480e+05
 37  0.00029 -1.15224e+05 | 38  0.00030 -1.16156e+05 | 39  0.00025 -9.09538e+04
 40  0.00023 -8.29021e+04 | 41  0.00024 -8.58561e+04 | 42  0.00026 -9.64675e+04
 43  0.00029 -1.03878e+05 | 44  0.00034 -1.25807e+05 | 45  0.00042 -1.57972e+05
 46  0.00038 -1.37636e+05 | 47  0.00031 -9.65581e+04 | 48  0.00024 -7.18389e+04
 49  0.00014 -4.08545e+04 | 50  0.00024 -8.14501e+04 | 51  0.00038 -1.08164e+05
 52  0.00048 -1.46254e+05 | 53  0.00032 -1.11044e+05 | 54  0.00027 -9.16424e+04
 55  0.00021 -6.61200e+04 | 56  0.00019 -6.35944e+04 | 57  0.00019 -6.42687e+04
 58  0.00018 -5.78961e+04 | 59  0.00021 -7.06056e+04 | 60  0.00023 -7.76707e+04
 61  0.00020 -6.58603e+04 | 62  0.00020 -6.88359e+04 | 63  0.00024 -8.31699e+04
 64  0.00021 -7.19546e+04 | 65  0.00018 -6.08155e+04 | 66  0.00013 -4.04630e+04
 67  0.00009 -2.66366e+04 | 68  0.00004 -6.90495e+03 | 69 -0.00000  8.47126e+03
 70  0.00012 -2.54489e+04 |

Initial statistics: 70 variables; iteration 0; function evaluation 0; phase 2
Function value nan; maximum gradient component mag -8.3882e+06
Var    Value     Gradient |Var    Value     Gradient |Var    Value     Gradient
  1 -0.16965 -8.38816e+06 |  2  0.00009 -3.74334e+04 |  3  0.00008 -3.49263e+04
  4  0.00018 -2.80626e+04 |  5  0.00024 -6.50578e+04 |  6  0.00027 -8.87291e+04
  7  0.00028 -9.87825e+04 |  8  0.00030 -1.16205e+05 |  9  0.00032 -1.27828e+05
 10  0.00030 -1.22672e+05 | 11  0.00030 -1.21963e+05 | 12  0.00029 -1.21897e+05
 13  0.00028 -1.19604e+05 | 14  0.00029 -1.19707e+05 | 15  0.00027 -1.14283e+05
 16  0.00028 -1.13819e+05 | 17  0.00027 -1.09528e+05 | 18  0.00025 -1.05541e+05
 19 -0.00012  5.02294e+04 | 20 -0.00031  1.28494e+05 | 21 -0.00033  1.38110e+05
 22 -0.00029  1.24810e+05 | 23 -0.00026  1.13008e+05 | 24 -0.00022  9.50358e+04
 25 -0.00019  8.45609e+04 | 26 -0.00016  7.38807e+04 | 27 -0.00015  6.93563e+04
 28 -0.00010  4.83789e+04 | 29 -0.00007  3.83042e+04 | 30 -0.00008  3.96024e+04
 31 -0.00007  3.92858e+04 | 32  0.00016 -5.44857e+04 | 33  0.00027 -9.83483e+04
 34  0.00019 -6.77617e+04 | 35  0.00025 -9.27675e+04 | 36  0.00030 -1.19480e+05
 37  0.00029 -1.15224e+05 | 38  0.00030 -1.16156e+05 | 39  0.00025 -9.09538e+04
 40  0.00023 -8.29021e+04 | 41  0.00024 -8.58561e+04 | 42  0.00026 -9.64675e+04
 43  0.00029 -1.03878e+05 | 44  0.00034 -1.25807e+05 | 45  0.00042 -1.57972e+05
 46  0.00038 -1.37636e+05 | 47  0.00031 -9.65581e+04 | 48  0.00024 -7.18389e+04
 49  0.00014 -4.08545e+04 | 50  0.00024 -8.14501e+04 | 51  0.00038 -1.08164e+05
 52  0.00048 -1.46254e+05 | 53  0.00032 -1.11044e+05 | 54  0.00027 -9.16424e+04
 55  0.00021 -6.61200e+04 | 56  0.00019 -6.35944e+04 | 57  0.00019 -6.42687e+04
 58  0.00018 -5.78961e+04 | 59  0.00021 -7.06056e+04 | 60  0.00023 -7.76707e+04
 61  0.00020 -6.58603e+04 | 62  0.00020 -6.88359e+04 | 63  0.00024 -8.31699e+04
 64  0.00021 -7.19546e+04 | 65  0.00018 -6.08155e+04 | 66  0.00013 -4.04630e+04
 67  0.00009 -2.66366e+04 | 68  0.00004 -6.90495e+03 | 69 -0.00000  8.47126e+03
 70  0.00012 -2.54489e+04 |
  ic > imax  in fminim is answer attained ?
Var    Value     Gradient |Var    Value     Gradient |Var    Value     Gradient
  1  0.09312 -2.30364e+02 |  2  0.00126 -1.78894e-01 |  3  0.00118  3.67816e+00
  4  0.00106  3.59257e+00 |  5  0.00228  3.82105e+00 |  6  0.00305  3.92689e+00
  7  0.00337  3.91117e+00 |  8  0.00394  3.93588e+00 |  9  0.00432  3.89105e+00
 10  0.00415  3.68437e+00 | 11  0.00412  3.47968e+00 | 12  0.00411  3.23124e+00
 13  0.00403  2.90026e+00 | 14  0.00404  2.51744e+00 | 15  0.00385  1.99882e+00
 16  0.00385  1.39829e+00 | 17  0.00370  6.61236e-01 | 18  0.00355 -1.15885e-01
 19 -0.00170 -1.95499e+00 | 20 -0.00433 -3.39295e+00 | 21 -0.00465 -4.60750e+00
 22 -0.00420 -5.88961e+00 | 23 -0.00380 -7.36970e+00 | 24 -0.00320 -8.92794e+00
 25 -0.00284 -1.05307e+01 | 26 -0.00248 -1.20905e+01 | 27 -0.00232 -1.34103e+01
 28 -0.00161 -1.39013e+01 | 29 -0.00127 -1.26476e+01 | 30 -0.00132 -8.67115e+00
 31 -0.00130 -1.46452e+00 | 32  0.00187  9.12117e+00 | 33  0.00335  2.10821e+01
 34  0.00232  2.50081e+01 | 35  0.00315 -1.39839e+01 | 36  0.00404 -7.26353e+01
 37  0.00390  8.06184e+00 | 38  0.00394  1.32416e+01 | 39  0.00310  7.50496e+00
 40  0.00283  1.08142e+01 | 41  0.00293  1.32066e+01 | 42  0.00329  1.46468e+01
 43  0.00354  1.56798e+01 | 44  0.00428  1.59023e+01 | 45  0.00537  1.24053e+01
 46  0.00469  2.74192e+00 | 47  0.00333 -7.50729e+00 | 48  0.00249 -5.57179e+00
 49  0.00142  1.11434e+01 | 50  0.00279  3.15763e+01 | 51  0.00376  3.80789e+01
 52  0.00506  2.44420e+01 | 53  0.00379 -5.39919e+00 | 54  0.00314 -2.95551e+01
 55  0.00228 -4.54459e+01 | 56  0.00219 -4.44332e+01 | 57  0.00221 -3.05141e+01
 58  0.00199 -1.29553e+01 | 59  0.00242  3.17734e-01 | 60  0.00266  1.13948e+01
 61  0.00226  3.01975e+01 | 62  0.00236  4.46546e+01 | 63  0.00284  4.53746e+01
 64  0.00246  4.31404e+01 | 65  0.00209  3.95419e+01 | 66  0.00140  2.86604e+01
 67  0.00093  1.38209e+01 | 68  0.00026  5.07289e+00 | 69 -0.00027  4.44951e+00
 70  0.00092  4.72679e+00 |
Function minimizer not making progress ... is minimum attained?
Minimprove criterion = 0.0000e+00

 - final statistics:
70 variables; iteration 2; function evaluation 39
Function value nan; maximum gradient component mag -2.3036e+02
Exit code = 1;  converg criter 1.0000e+01
Var    Value     Gradient |Var    Value     Gradient |Var    Value     Gradient
  1  0.09312 -2.30364e+02 |  2  0.00126 -1.78894e-01 |  3  0.00118  3.67816e+00
  4  0.00106  3.59257e+00 |  5  0.00228  3.82105e+00 |  6  0.00305  3.92689e+00
  7  0.00337  3.91117e+00 |  8  0.00394  3.93588e+00 |  9  0.00432  3.89105e+00
 10  0.00415  3.68437e+00 | 11  0.00412  3.47968e+00 | 12  0.00411  3.23124e+00
 13  0.00403  2.90026e+00 | 14  0.00404  2.51744e+00 | 15  0.00385  1.99882e+00
 16  0.00385  1.39829e+00 | 17  0.00370  6.61236e-01 | 18  0.00355 -1.15885e-01
 19 -0.00170 -1.95499e+00 | 20 -0.00433 -3.39295e+00 | 21 -0.00465 -4.60750e+00
 22 -0.00420 -5.88961e+00 | 23 -0.00380 -7.36970e+00 | 24 -0.00320 -8.92794e+00
 25 -0.00284 -1.05307e+01 | 26 -0.00248 -1.20905e+01 | 27 -0.00232 -1.34103e+01
 28 -0.00161 -1.39013e+01 | 29 -0.00127 -1.26476e+01 | 30 -0.00132 -8.67115e+00
 31 -0.00130 -1.46452e+00 | 32  0.00187  9.12117e+00 | 33  0.00335  2.10821e+01
 34  0.00232  2.50081e+01 | 35  0.00315 -1.39839e+01 | 36  0.00404 -7.26353e+01
 37  0.00390  8.06184e+00 | 38  0.00394  1.32416e+01 | 39  0.00310  7.50496e+00
 40  0.00283  1.08142e+01 | 41  0.00293  1.32066e+01 | 42  0.00329  1.46468e+01
 43  0.00354  1.56798e+01 | 44  0.00428  1.59023e+01 | 45  0.00537  1.24053e+01
 46  0.00469  2.74192e+00 | 47  0.00333 -7.50729e+00 | 48  0.00249 -5.57179e+00
 49  0.00142  1.11434e+01 | 50  0.00279  3.15763e+01 | 51  0.00376  3.80789e+01
 52  0.00506  2.44420e+01 | 53  0.00379 -5.39919e+00 | 54  0.00314 -2.95551e+01
 55  0.00228 -4.54459e+01 | 56  0.00219 -4.44332e+01 | 57  0.00221 -3.05141e+01
 58  0.00199 -1.29553e+01 | 59  0.00242  3.17734e-01 | 60  0.00266  1.13948e+01
 61  0.00226  3.01975e+01 | 62  0.00236  4.46546e+01 | 63  0.00284  4.53746e+01
 64  0.00246  4.31404e+01 | 65  0.00209  3.95419e+01 | 66  0.00140  2.86604e+01
 67  0.00093  1.38209e+01 | 68  0.00026  5.07289e+00 | 69 -0.00027  4.44951e+00
 70  0.00092  4.72679e+00 |

Initial statistics: 87 variables; iteration 0; function evaluation 0; phase 3
Function value -2.7304893e+01; maximum gradient component mag -2.3036e+02
Var    Value     Gradient |Var    Value     Gradient |Var    Value     Gradient
  1  0.09312 -2.30364e+02 |  2  0.00000 -4.41909e-01 |  3  0.00126 -1.78894e-01
  4  0.00118  3.67816e+00 |  5  0.00106  3.59257e+00 |  6  0.00228  3.82105e+00
  7  0.00305  3.92689e+00 |  8  0.00337  3.91117e+00 |  9  0.00394  3.93588e+00
 10  0.00432  3.89105e+00 | 11  0.00415  3.68437e+00 | 12  0.00412  3.47968e+00
 13  0.00411  3.23124e+00 | 14  0.00403  2.90026e+00 | 15  0.00404  2.51744e+00
 16  0.00385  1.99882e+00 | 17  0.00385  1.39829e+00 | 18  0.00370  6.61237e-01
 19  0.00355 -1.15884e-01 | 20 -0.00170 -1.95498e+00 | 21 -0.00433 -3.39295e+00
 22 -0.00465 -4.60750e+00 | 23 -0.00420 -5.88961e+00 | 24 -0.00380 -7.36969e+00
 25 -0.00320 -8.92794e+00 | 26 -0.00284 -1.05307e+01 | 27 -0.00248 -1.20905e+01
 28 -0.00232 -1.34103e+01 | 29 -0.00161 -1.39013e+01 | 30 -0.00127 -1.26475e+01
 31 -0.00132 -8.67113e+00 | 32 -0.00130 -1.46450e+00 | 33  0.00187  9.12121e+00
 34  0.00335  2.10821e+01 | 35  0.00232  2.50082e+01 | 36  0.00315 -1.39839e+01
 37  0.00404 -7.26353e+01 | 38  0.00390  8.06177e+00 | 39  0.00394  1.32416e+01
 40  0.00310  7.50496e+00 | 41  0.00283  1.08142e+01 | 42  0.00293  1.32066e+01
 43  0.00329  1.46468e+01 | 44  0.00354  1.56798e+01 | 45  0.00428  1.59023e+01
 46  0.00537  1.24053e+01 | 47  0.00469  2.74192e+00 | 48  0.00333 -7.50728e+00
 49  0.00249 -5.57176e+00 | 50  0.00142  1.11434e+01 | 51  0.00279  3.15763e+01
 52  0.00376  3.80789e+01 | 53  0.00506  2.44419e+01 | 54  0.00379 -5.39923e+00
 55  0.00314 -2.95551e+01 | 56  0.00228 -4.54459e+01 | 57  0.00219 -4.44332e+01
 58  0.00221 -3.05141e+01 | 59  0.00199 -1.29552e+01 | 60  0.00242  3.17750e-01
 61  0.00266  1.13948e+01 | 62  0.00226  3.01976e+01 | 63  0.00236  4.46546e+01
 64  0.00284  4.53746e+01 | 65  0.00246  4.31404e+01 | 66  0.00209  3.95419e+01
 67  0.00140  2.86604e+01 | 68  0.00093  1.38209e+01 | 69  0.00026  5.07289e+00
 70 -0.00027  4.44951e+00 | 71  0.00092  4.72679e+00 | 72 -0.38722 -7.02237e+01
 73 -0.99265 -2.47330e-01 | 74 -0.03301  7.96846e+01 | 75  0.66811 -1.48433e+00
 76 -0.10660  2.87612e+01 | 77 -0.99265 -2.47332e-01 | 78  0.07752 -3.02861e+01
 79  0.66811 -4.14253e+00 | 80 -0.19503 -8.41747e+01 | 81 -0.16135 -2.86297e+01
 82  0.04184  3.56422e+01 | 83  0.66811 -5.97905e+01 | 84 -0.38722 -4.90034e-02
 85  0.00000 -5.32339e-05 | 86  0.07752  2.09227e-02 | 87  0.66811  5.46350e-03

Intermediate statistics: 87 variables; iteration 20; function evaluation 24; phase 3
Function value -7.4005514e+01; maximum gradient component mag -1.3779e+02
Var    Value     Gradient |Var    Value     Gradient |Var    Value     Gradient
  1  0.09237 -1.37790e+02 |  2  0.00203 -5.86150e-02 |  3  0.00247 -5.25956e-02
  4 -0.01299  3.85424e-02 |  5 -0.01259  2.30477e-02 |  6 -0.01211  8.69209e-03
  7 -0.01160 -1.60518e-02 |  8 -0.01105 -5.29129e-02 |  9 -0.01047 -1.03837e-01
 10 -0.00986 -1.73187e-01 | 11 -0.00928 -2.68463e-01 | 12 -0.00876 -3.97817e-01
 13 -0.00830 -5.69016e-01 | 14 -0.00787 -7.91780e-01 | 15 -0.00756 -1.06904e+00
 16 -0.00691 -1.39299e+00 | 17 -0.00640 -1.78744e+00 | 18 -0.00530 -2.22482e+00
 19 -0.00372 -2.68797e+00 | 20 -0.00108 -3.02960e+00 | 21  0.00206 -3.52061e+00
 22  0.00588 -4.23189e+00 | 23  0.01053 -5.10107e+00 | 24  0.01504 -6.13434e+00
 25  0.01792 -7.36433e+00 | 26  0.01692 -8.72295e+00 | 27  0.01198 -1.01356e+01
 28  0.00425 -1.14191e+01 | 29 -0.00149 -1.21477e+01 | 30 -0.00690 -1.20944e+01
 31 -0.01483 -1.14391e+01 | 32 -0.02885 -1.07797e+01 | 33 -0.05689 -1.19380e+01
 34 -0.09399 -1.47658e+01 | 35 -0.09967 -1.13048e+01 | 36 -0.06860 -2.01929e+00
 37  0.01758  9.72148e+00 | 38 -0.00687  5.63122e+00 | 39 -0.03699  7.92479e+00
 40 -0.03705  5.95649e+00 | 41 -0.02985  8.74330e+00 | 42 -0.02719  1.07631e+01
 43 -0.02435  1.23409e+01 | 44 -0.02599  1.29404e+01 | 45 -0.03056  1.27531e+01
 46 -0.02821  1.30626e+01 | 47 -0.00112  1.85383e+01 | 48  0.02759  3.03459e+01
 49 -0.02371  1.35010e+01 | 50 -0.06313 -9.02626e+00 | 51 -0.07349 -2.04442e+01
 52 -0.07996 -1.72806e+01 | 53 -0.05764 -2.08040e+01 | 54  0.00063 -2.66017e+01
 55 -0.07219 -3.81205e+01 | 56 -0.03632 -4.57159e+01 | 57 -0.00160 -4.64500e+01
 58 -0.04078 -3.29366e+01 | 59 -0.04949 -1.31517e+01 | 60 -0.02180  7.64676e+00
 61  0.00366  2.20709e+01 | 62 -0.03854  2.39836e+01 | 63 -0.05143  2.34098e+01
 64 -0.03193  3.07440e+01 | 65 -0.04168  3.87353e+01 | 66 -0.05819  3.24438e+01
 67 -0.06414  1.51531e+01 | 68 -0.03602  3.79872e+00 | 69 -0.02233  3.09625e-01
 70 -0.02296  6.16195e-02 | 71 -0.02295  5.28596e-02 | 72 -0.35700  6.13279e+01
 73 -0.97923 -9.50517e-02 | 74 -0.09099 -3.86090e+01 | 75  0.63796 -5.88531e+00
 76 -0.28770  3.05340e+01 | 77 -0.97923 -9.50455e-02 | 78 -0.08189 -4.09322e+00
 79  0.26470  2.91753e+00 | 80  0.28802 -8.55019e+00 | 81  0.01451 -1.24773e+01
 82  0.50345  1.93826e+00 | 83  1.31483  1.06161e+00 | 84 -0.39144  7.15031e-02
 85 -0.00002  2.92352e-04 | 86  0.07918 -2.80057e-02 | 87  0.66769  5.48504e-03
87 variables; iteration 40; function evaluation 49; phase 3
Function value -8.1254424e+01; maximum gradient component mag -4.2266e+01
Var    Value     Gradient |Var    Value     Gradient |Var    Value     Gradient
  1  0.10119 -4.22660e+01 |  2  0.00139 -7.27833e-02 |  3  0.00187 -2.22285e-02
  4 -0.01367  6.44168e-02 |  5 -0.01290  1.72330e-01 |  6 -0.01197  3.08268e-01
  7 -0.01095  4.53779e-01 |  8 -0.00992  5.86591e-01 |  9 -0.00895  6.88210e-01
 10 -0.00820  7.24679e-01 | 11 -0.00774  6.87984e-01 | 12 -0.00784  5.15633e-01
 13 -0.00842  2.30215e-01 | 14 -0.00936 -1.58253e-01 | 15 -0.01023 -5.37868e-01
 16 -0.01069 -8.90927e-01 | 17 -0.01015 -1.06085e+00 | 18 -0.00689 -7.66079e-01
 19 -0.00050  9.05747e-02 | 20  0.00732  1.12574e+00 | 21  0.01267  1.44435e+00
 22  0.01288  5.79936e-01 | 23  0.01912  7.45330e-01 | 24  0.03815  2.99240e+00
 25  0.02551  2.19262e-01 | 26  0.00015 -4.30452e+00 | 27 -0.00644 -5.36768e+00
 28  0.00966 -2.03538e+00 | 29  0.02118  9.27282e-01 | 30  0.00626 -4.96632e-02
 31 -0.00777 -3.96726e-01 | 32 -0.01915  5.86762e-01 | 33 -0.03024  2.89543e+00
 34 -0.06389 -7.63218e-01 | 35 -0.08216 -3.85970e+00 | 36 -0.06320 -5.85866e+00
 37  0.02307 -6.99851e+00 | 38 -0.04581  1.07791e+00 | 39 -0.05929 -4.44909e-01
 40 -0.04916 -5.13992e-01 | 41 -0.04398 -3.66989e-01 | 42 -0.04572 -1.11789e+00
 43 -0.04725 -1.76953e+00 | 44 -0.05041 -2.13253e+00 | 45 -0.04740 -6.17869e-01
 46 -0.03994 -3.53298e-02 | 47 -0.01134  3.69851e-01 | 48  0.02269  1.84607e+00
 49 -0.02096 -1.45216e+00 | 50 -0.05008 -1.16218e+00 | 51 -0.04266  6.93471e+00
 52 -0.05836  7.79567e+00 | 53 -0.04156  4.12911e+00 | 54 -0.02559 -1.38095e+00
 55 -0.01464  2.72475e-01 | 56 -0.02406 -8.00529e+00 | 57 -0.00722 -7.85220e+00
 58 -0.00765 -3.97061e+00 | 59 -0.04606 -4.50466e+00 | 60 -0.03046 -5.80709e-01
 61  0.00972  3.83343e+00 | 62 -0.04075  1.34815e+00 | 63 -0.05124  6.26509e-01
 64 -0.02987  1.46671e+00 | 65 -0.05276  1.98701e+00 | 66 -0.06686  2.59997e+00
 67 -0.06798 -8.29966e-01 | 68 -0.03761  1.61480e-01 | 69 -0.02242 -1.77792e-01
 70 -0.02248 -2.74009e-01 | 71 -0.02266 -2.94117e-01 | 72 -0.38384 -9.29783e+00
 73 -0.91864 -2.44094e-02 | 74 -0.09245  8.69486e+00 | 75  0.68362  1.01257e+00
 76 -0.28663  1.92586e+01 | 77 -0.91863 -2.43919e-02 | 78 -0.05491  5.59682e+00
 79  0.29013  2.23918e+00 | 80  0.53995 -3.80409e+00 | 81  0.03054 -1.31235e+00
 82  0.43625  5.04024e+00 | 83  0.84674  3.14588e-03 | 84 -0.44441  4.21674e-03
 85 -0.00065  2.13539e-04 | 86  0.09164 -1.27259e-03 | 87  0.65466  5.22988e-03
87 variables; iteration 60; function evaluation 80; phase 3
Function value -8.3004044e+01; maximum gradient component mag -2.5010e+01
Var    Value     Gradient |Var    Value     Gradient |Var    Value     Gradient
  1  0.12933 -2.50103e+01 |  2  0.00228  3.12296e-01 |  3  0.00219  2.41862e-01
  4 -0.01662 -4.76054e-01 |  5 -0.01701 -6.21323e-01 |  6 -0.01763 -8.26485e-01
  7 -0.01798 -9.73210e-01 |  8 -0.01777 -9.94377e-01 |  9 -0.01698 -8.87622e-01
 10 -0.01539 -6.02332e-01 | 11 -0.01345 -2.41535e-01 | 12 -0.01129  1.67231e-01
 13 -0.00958  4.57533e-01 | 14 -0.00856  5.66692e-01 | 15 -0.00897  3.19585e-01
 16 -0.01133 -4.52354e-01 | 17 -0.01483 -1.52641e+00 | 18 -0.01678 -2.37108e+00
 19 -0.01019 -1.36810e+00 | 20  0.00234  8.15862e-01 | 21  0.01003  1.72952e+00
 22  0.00734  3.70196e-01 | 23  0.00681 -5.64830e-01 | 24  0.00814 -1.04740e+00
 25  0.02013  5.40818e-01 | 26  0.01450 -7.18475e-01 | 27  0.01178 -1.13375e+00
 28  0.01994  7.32432e-01 | 29  0.00770 -8.88997e-01 | 30  0.01350  1.28936e+00
 31 -0.01037 -1.96661e+00 | 32 -0.01380 -4.56132e-01 | 33 -0.02742 -1.79004e-01
 34 -0.04775  2.26501e-02 | 35 -0.06402 -1.36324e+00 | 36 -0.04628 -2.93144e+00
 37  0.03643  4.52383e-01 | 38 -0.05129 -6.15799e-01 | 39 -0.04645  1.99232e+00
 40 -0.04772 -1.19264e+00 | 41 -0.03940 -4.03102e-01 | 42 -0.03801 -6.32850e-01
 43 -0.03558 -4.82776e-01 | 44 -0.03770 -7.20978e-01 | 45 -0.03726 -8.76419e-02
 46 -0.03493 -1.05786e+00 | 47 -0.00871 -1.55179e+00 | 48  0.01646 -3.21369e+00
 49 -0.00774 -3.02853e+00 | 50 -0.03147 -3.80117e-01 | 51 -0.03783  1.12097e+00
 52 -0.05686  3.95817e-01 | 53 -0.03977  4.30173e-01 | 54 -0.00355  2.92253e+00
 55 -0.02463  2.12545e-01 | 56 -0.00137  3.28850e+00 | 57  0.00543  3.23187e+00
 58 -0.00727  2.54179e+00 | 59 -0.03151  2.18102e+00 | 60 -0.01999  3.30910e+00
 61  0.01123  1.86261e+00 | 62 -0.03009  4.28797e-01 | 63 -0.04457 -6.57487e-01
 64 -0.02040 -4.05550e-01 | 65 -0.04209  2.55316e-01 | 66 -0.06100  8.04038e-01
 67 -0.05377  1.71057e+00 | 68 -0.03545 -2.00561e-02 | 69 -0.01822  2.04006e-01
 70 -0.01718  3.82271e-01 | 71 -0.01732  3.65860e-01 | 72 -0.39977 -1.24590e+01
 73 -0.84016 -1.21892e-02 | 74 -0.10652  4.87688e+00 | 75  0.65865 -4.36524e-01
 76 -0.28596  1.20173e+01 | 77 -0.84002 -1.21777e-02 | 78 -0.05004  4.46218e+00
 79  0.23720  1.34836e+00 | 80  0.86371 -7.71143e-01 | 81  0.03595 -5.59498e-01
 82  0.48608  3.17008e+00 | 83  0.44141 -9.49246e-03 | 84 -0.55697 -2.27207e-03
 85 -0.00254  1.10804e-04 | 86  0.12251  6.00891e-04 | 87  0.61159  4.50326e-03
87 variables; iteration 80; function evaluation 119; phase 3
Function value -8.6272403e+01; maximum gradient component mag 1.4484e+01
Var    Value     Gradient |Var    Value     Gradient |Var    Value     Gradient
  1  0.19201 -4.10886e+00 |  2 -0.00354 -9.86507e-01 |  3 -0.00374 -1.05592e+00
  4 -0.01514  5.14975e-02 |  5 -0.01460  1.59674e-01 |  6 -0.01365  3.59824e-01
  7 -0.01304  4.73619e-01 |  8 -0.01274  5.06518e-01 |  9 -0.01253  5.17237e-01
 10 -0.01264  4.49624e-01 | 11 -0.01275  3.78074e-01 | 12 -0.01386  5.67395e-02
 13 -0.01635 -6.10882e-01 | 14 -0.01972 -1.50437e+00 | 15 -0.01925 -1.49039e+00
 16 -0.00668  1.36949e+00 | 17  0.00674  4.34929e+00 | 18 -0.01939 -2.15459e+00
 19 -0.00610  5.30635e-01 | 20 -0.00807 -3.66409e-01 | 21 -0.00429 -3.77277e-02
 22 -0.01298 -2.50799e+00 | 23  0.00662  1.14465e+00 | 24  0.00245 -1.82872e-01
 25  0.00822  7.32557e-01 | 26  0.00666  4.53503e-01 | 27  0.00295 -1.73523e-02
 28 -0.00926 -2.12179e+00 | 29 -0.00305 -3.32087e-01 | 30 -0.00956 -1.16381e+00
 31 -0.00471  6.35392e-01 | 32 -0.01134 -4.77755e-01 | 33 -0.00490  7.16946e-01
 34 -0.01483 -1.21978e+00 | 35 -0.02231 -1.22163e+00 | 36 -0.03010 -1.46944e+00
 37 -0.00476  3.35825e-02 | 38 -0.03307  3.12547e+00 | 39 -0.05241 -1.23450e+00
 40 -0.04266 -3.65278e-01 | 41 -0.03533 -3.98700e-01 | 42 -0.02408  1.47159e+00
 43 -0.02850 -6.78267e-01 | 44 -0.03178 -1.21023e+00 | 45 -0.04369 -2.84867e+00
 46 -0.04149 -2.08778e+00 | 47 -0.01049 -7.53872e-01 | 48  0.00744 -5.81487e+00
 49  0.00017 -4.50680e+00 | 50 -0.02565 -2.68400e+00 | 51 -0.03069 -3.16803e+00
 52 -0.05825 -1.52753e+00 | 53 -0.03353 -1.78245e-01 | 54 -0.01647 -7.97431e-01
 55 -0.01790  1.71094e+00 | 56 -0.00006  4.47007e+00 | 57  0.00931  5.26823e+00
 58  0.00103  2.64435e+00 | 59 -0.03495  1.00392e+00 | 60 -0.02864  6.62667e-01
 61  0.02099  9.17320e-01 | 62 -0.03737 -1.16781e+00 | 63 -0.04532  1.27496e+00
 64 -0.01423  2.47810e+00 | 65 -0.03269  1.48208e+00 | 66 -0.05471  1.83711e-01
 67 -0.05765 -3.18245e-01 | 68 -0.03821 -1.26355e+00 | 69 -0.01518  5.98512e-01
 70 -0.01848 -2.82909e-01 | 71 -0.01901 -3.95640e-01 | 72 -0.38868 -4.63848e+00
 73 -0.54215  4.05520e-03 | 74 -0.10685  3.51301e+00 | 75  0.47461  1.62205e+00
 76 -0.28908  1.44841e+01 | 77 -0.51552  4.29752e-03 | 78 -0.05260  5.41266e+00
 79  0.23932  2.06194e+00 | 80  0.98769  1.09479e-01 | 81  0.06225  2.63519e-04
 82  0.26603  4.39911e+00 | 83 -0.00734 -3.61998e-05 | 84 -0.83397 -1.17697e-02
 85 -0.00742 -8.36050e-06 | 86  0.23093  1.19234e-03 | 87  0.47983  2.94975e-03
87 variables; iteration 100; function evaluation 154; phase 3
Function value -8.7425290e+01; maximum gradient component mag 8.4349e+00
Var    Value     Gradient |Var    Value     Gradient |Var    Value     Gradient
  1  0.21894 -1.86427e+00 |  2 -0.00022 -1.53674e-01 |  3  0.00062  3.58048e-02
  4 -0.01388  3.80361e-01 |  5 -0.01520  3.60643e-02 |  6 -0.01676 -3.71301e-01
  7 -0.01633 -2.94413e-01 |  8 -0.01474  5.86566e-02 |  9 -0.01494 -2.93264e-02
 10 -0.01542 -1.92175e-01 | 11 -0.01323  2.96510e-01 | 12 -0.01343  1.96054e-01
 13 -0.01337  1.53963e-01 | 14 -0.01395 -5.88794e-02 | 15 -0.01308  5.65673e-02
 16 -0.01413 -3.32102e-01 | 17 -0.01384 -4.32413e-01 | 18 -0.01102 -1.01372e-01
 19 -0.00831  1.15516e-01 | 20 -0.00772 -1.89928e-01 | 21 -0.00510 -1.08295e-01
 22 -0.00286 -1.69382e-01 | 23 -0.00177 -4.54805e-01 | 24  0.00043 -3.73658e-01
 25  0.00206 -2.32110e-01 | 26  0.00179 -1.80947e-01 | 27 -0.00012 -2.15872e-01
 28 -0.00185 -2.40264e-02 | 29 -0.00284  2.80141e-01 | 30 -0.00612  1.52066e-01
 31 -0.01049 -2.06587e-01 | 32 -0.01018  2.24136e-01 | 33 -0.00871  2.74811e-01
 34 -0.00713  5.35927e-01 | 35 -0.00432  7.46402e-01 | 36 -0.01653  9.02794e-01
 37 -0.02848  9.32885e-02 | 38 -0.01956 -1.09900e+00 | 39 -0.04790 -2.07524e-02
 40 -0.04105 -1.30647e-02 | 41 -0.03419 -8.83360e-02 | 42 -0.02933  7.74880e-02
 43 -0.02578  8.47501e-02 | 44 -0.02699  9.29450e-02 | 45 -0.03090  8.75680e-01
 46 -0.03532  4.24001e-01 | 47 -0.01340  1.77038e-01 | 48  0.01961  3.48987e-01
 49  0.00189  1.93796e-01 | 50 -0.03006  2.73655e-01 | 51 -0.02005  2.97399e-01
 52 -0.06119 -1.39020e-03 | 53 -0.03258 -4.75724e-01 | 54 -0.01424 -4.74899e-01
 55 -0.01844 -1.26669e+00 | 56  0.00135 -9.82201e-01 | 57  0.00246 -1.01976e+00
 58  0.00871 -1.65634e-01 | 59 -0.03326  1.06141e-01 | 60 -0.03084 -1.66045e-01
 61  0.02337  5.15072e-01 | 62 -0.03094  8.84627e-01 | 63 -0.04644  8.93097e-01
 64 -0.01481  8.40512e-01 | 65 -0.03248  8.21089e-01 | 66 -0.05106  5.23883e-01
 67 -0.05805  1.25495e-01 | 68 -0.03203  2.05148e-01 | 69 -0.01582  3.42082e-01
 70 -0.01867 -4.07953e-01 | 71 -0.01672  8.84201e-02 | 72 -0.36255 -1.13190e+00
 73 -0.49570 -1.29761e-03 | 74 -0.08445 -1.68463e+00 | 75  0.32453  6.62002e-01
 76 -0.29499  8.43493e+00 | 77 -0.41037  1.49459e-02 | 78 -0.07053 -1.02211e+00
 79  0.26488  8.58567e-01 | 80  1.15191  4.20173e-01 | 81  0.06718  3.05081e-04
 82  0.25512 -7.24519e-01 | 83 -0.28452 -1.50570e-03 | 84 -0.85099 -1.31747e-02
 85 -0.00943 -3.30414e-05 | 86  0.28024  1.47979e-03 | 87  0.39220  2.22483e-03
87 variables; iteration 120; function evaluation 184; phase 3
Function value -8.7545167e+01; maximum gradient component mag 5.2223e+00
Var    Value     Gradient |Var    Value     Gradient |Var    Value     Gradient
  1  0.24996 -1.06985e+00 |  2  0.00037 -1.17387e-04 |  3  0.00078  8.21601e-02
  4 -0.01511  8.60446e-02 |  5 -0.01516  5.17564e-02 |  6 -0.01544 -3.82557e-02
  7 -0.01502  3.65812e-02 |  8 -0.01535 -7.81928e-02 |  9 -0.01498 -2.49315e-02
 10 -0.01466  1.17878e-02 | 11 -0.01454 -1.44688e-03 | 12 -0.01418  3.98121e-02
 13 -0.01384  6.77898e-02 | 14 -0.01356  6.79316e-02 | 15 -0.01357 -2.40000e-02
 16 -0.01300 -1.61964e-02 | 17 -0.01279 -1.27888e-01 | 18 -0.01035  1.22904e-01
 19 -0.00858  1.32548e-01 | 20 -0.00730 -6.24047e-04 | 21 -0.00534 -5.79311e-02
 22 -0.00217  1.01897e-01 | 23 -0.00057 -6.10698e-02 | 24  0.00162  2.47516e-02
 25  0.00225 -4.56004e-02 | 26  0.00225  4.79880e-02 | 27  0.00045  1.04702e-02
 28 -0.00151  1.19863e-01 | 29 -0.00425  3.60859e-03 | 30 -0.00593  2.07587e-01
 31 -0.00989 -6.65254e-02 | 32 -0.01100  1.55509e-02 | 33 -0.00962 -1.32566e-03
 34 -0.00871  2.44228e-02 | 35 -0.00708 -1.07740e-01 | 36 -0.02011  3.27135e-02
 37 -0.02780  8.66154e-02 | 38 -0.01269 -5.49196e-02 | 39 -0.04784 -2.92426e-02
 40 -0.04012  6.89688e-02 | 41 -0.03299  6.01067e-02 | 42 -0.02953 -1.49607e-01
 43 -0.02602 -1.45341e-01 | 44 -0.02733 -1.23017e-01 | 45 -0.03389  3.32024e-03
 46 -0.03720 -1.83217e-01 | 47 -0.01460 -4.20761e-01 | 48  0.01747 -6.66878e-01
 49  0.00166 -5.02094e-01 | 50 -0.03007 -6.49363e-02 | 51 -0.02052  1.69982e-02
 52 -0.06114  1.70773e-01 | 53 -0.03059  2.39065e-01 | 54 -0.01515  2.71166e-01
 55 -0.01550  3.78811e-01 | 56  0.00096  6.40329e-02 | 57  0.00391 -3.51267e-02
 58  0.00753 -2.95099e-01 | 59 -0.03416 -1.96311e-01 | 60 -0.02930 -1.64963e-01
 61  0.02324 -9.20600e-02 | 62 -0.03242  5.30234e-02 | 63 -0.04648  2.42284e-01
 64 -0.01459  3.49844e-01 | 65 -0.03318  3.23549e-01 | 66 -0.05166  2.09545e-01
 67 -0.05798  9.42380e-02 | 68 -0.03154  1.73509e-01 | 69 -0.01695  1.95452e-02
 70 -0.01634  1.28579e-01 | 71 -0.01717 -5.78729e-02 | 72 -0.35053  5.22231e+00
 73 -0.34467  4.40052e-02 | 74 -0.07028  9.35481e-01 | 75  0.24904  5.19848e-01
 76 -0.30744  4.12788e+00 | 77 -0.34949  3.75274e-02 | 78 -0.08590 -1.12297e+00
 79  0.32832  8.25061e-01 | 80  1.04669  8.28771e-02 | 81  0.06601  3.09368e-04
 82  0.26025 -5.81842e-01 | 83 -0.21416 -1.09864e-03 | 84 -0.39361 -1.55115e-03
 85 -0.00768 -3.73285e-05 | 86  0.20154  9.57544e-04 | 87  0.20623  1.05488e-03
87 variables; iteration 140; function evaluation 207; phase 3
Function value -8.7618640e+01; maximum gradient component mag 4.5165e-01
Var    Value     Gradient |Var    Value     Gradient |Var    Value     Gradient
  1  0.42381 -8.88211e-02 |  2  0.00031 -3.30035e-03 |  3  0.00041  7.04670e-03
  4 -0.01545  1.74926e-02 |  5 -0.01540  1.19914e-02 |  6 -0.01536  4.70903e-04
  7 -0.01523  6.43410e-03 |  8 -0.01518 -1.04427e-02 |  9 -0.01502 -5.25172e-03
 10 -0.01484  7.11225e-04 | 11 -0.01468  9.62027e-04 | 12 -0.01447  8.33849e-03
 13 -0.01425  1.21131e-02 | 14 -0.01398  1.12362e-02 | 15 -0.01368 -1.38207e-03
 16 -0.01315  3.21220e-03 | 17 -0.01255 -1.25892e-02 | 18 -0.01113  1.14293e-03
 19 -0.00939  9.89053e-03 | 20 -0.00749  2.12234e-02 | 21 -0.00538  7.60212e-04
 22 -0.00296 -3.10823e-04 | 23 -0.00068 -8.49714e-03 | 24  0.00108 -1.11985e-02
 25  0.00206 -1.65680e-02 | 26  0.00176 -1.02654e-02 | 27  0.00030 -7.75845e-03
 28 -0.00193  7.39240e-03 | 29 -0.00406 -6.04281e-03 | 30 -0.00651  5.95210e-03
 31 -0.00939 -2.15595e-02 | 32 -0.01076  1.68319e-03 | 33 -0.00934 -5.23286e-03
 34 -0.00864 -4.15482e-02 | 35 -0.00589 -5.15821e-02 | 36 -0.01805  2.18352e-02
 37 -0.02666  1.21721e-01 | 38 -0.01436 -1.69102e-01 | 39 -0.04685 -2.79504e-02
 40 -0.03965  1.29767e-02 | 41 -0.03245  1.85525e-02 | 42 -0.02833 -1.36575e-03
 43 -0.02487 -4.16314e-03 | 44 -0.02627  5.36129e-03 | 45 -0.03322  2.27063e-02
 46 -0.03606 -6.24454e-03 | 47 -0.01334 -7.06180e-02 | 48  0.01832 -1.39345e-01
 49  0.00142 -9.24310e-02 | 50 -0.03016 -4.55185e-02 | 51 -0.02026 -1.31768e-01
 52 -0.06057 -2.01681e-01 | 53 -0.03090 -2.42095e-01 | 54 -0.01459 -2.24940e-01
 55 -0.01555 -1.32521e-01 | 56  0.00153 -6.01595e-02 | 57  0.00414  2.23483e-02
 58  0.00790  8.80087e-02 | 59 -0.03356  1.33159e-01 | 60 -0.02863  2.29076e-01
 61  0.02355  2.49216e-01 | 62 -0.03150  1.95547e-01 | 63 -0.04610  1.78800e-01
 64 -0.01433  1.45820e-01 | 65 -0.03262  9.61543e-02 | 66 -0.05120  9.34877e-02
 67 -0.05739  5.78074e-02 | 68 -0.03191  1.83437e-02 | 69 -0.01678 -6.75880e-04
 70 -0.01657  1.20694e-02 | 71 -0.01673 -1.27379e-02 | 72 -0.35562  4.51649e-01
 73 -0.24084  8.17967e-02 | 74 -0.07543 -5.36779e-02 | 75  0.25337  1.01863e-01
 76 -0.30844 -1.79425e-01 | 77 -0.30814 -3.07530e-03 | 78 -0.08455 -2.67924e-01
 79  0.32676 -1.06096e-02 | 80  1.03237  2.59172e-02 | 81  0.07562  3.71062e-04
 82  0.26293 -2.09353e-01 | 83 -0.38076 -2.14058e-03 | 84  0.71496  6.52926e-03
 85  0.00509  2.51053e-05 | 86 -0.20509 -1.03662e-03 | 87 -0.64248 -4.99320e-03
87 variables; iteration 160; function evaluation 229; phase 3
Function value -8.7628491e+01; maximum gradient component mag -2.2041e-01
Var    Value     Gradient |Var    Value     Gradient |Var    Value     Gradient
  1  0.65704 -5.13367e-03 |  2  0.00032 -2.53689e-04 |  3  0.00037 -3.93751e-04
  4 -0.01552  6.56461e-05 |  5 -0.01545  4.67064e-04 |  6 -0.01537  3.57353e-04
  7 -0.01526  5.17731e-04 |  8 -0.01514  6.23456e-04 |  9 -0.01501  4.78666e-04
 10 -0.01485  1.77106e-04 | 11 -0.01469  1.09586e-04 | 12 -0.01452 -1.41964e-05
 13 -0.01431 -7.76863e-05 | 14 -0.01405 -1.96723e-04 | 15 -0.01369  2.47298e-04
 16 -0.01317  5.80895e-04 | 17 -0.01252  7.22006e-04 | 18 -0.01116 -9.85101e-04
 19 -0.00946 -1.27251e-03 | 20 -0.00760  8.46635e-04 | 21 -0.00540  2.82245e-04
 22 -0.00299 -1.43619e-03 | 23 -0.00067 -9.16111e-05 | 24  0.00110 -1.46022e-03
 25  0.00212 -1.07892e-03 | 26  0.00179 -1.77333e-03 | 27  0.00033 -1.70239e-03
 28 -0.00196 -2.58594e-03 | 29 -0.00402 -2.14718e-03 | 30 -0.00655 -3.49770e-03
 31 -0.00932 -1.31863e-03 | 32 -0.01082 -7.55453e-04 | 33 -0.00942 -2.40681e-04
 34 -0.00861 -2.16636e-03 | 35 -0.00579  7.78331e-04 | 36 -0.01826  1.27873e-03
 37 -0.02694 -6.01559e-04 | 38 -0.01323 -4.73238e-03 | 39 -0.04679 -5.85746e-04
 40 -0.03961  1.03067e-03 | 41 -0.03249  1.99612e-03 | 42 -0.02831  2.79832e-03
 43 -0.02486  2.92762e-03 | 44 -0.02632  3.12420e-03 | 45 -0.03336  2.12296e-03
 46 -0.03610  2.96771e-03 | 47 -0.01317  9.84226e-04 | 48  0.01857 -8.89086e-04
 49  0.00130 -2.43600e-03 | 50 -0.03024 -3.76480e-03 | 51 -0.02015 -8.12165e-03
 52 -0.06040 -1.00978e-02 | 53 -0.03064 -1.35500e-02 | 54 -0.01447 -1.26919e-02
 55 -0.01544 -1.05084e-02 | 56  0.00165 -5.45105e-03 | 57  0.00418  6.32930e-04
 58  0.00788  6.30415e-03 | 59 -0.03363  1.13906e-02 | 60 -0.02873  1.70212e-02
 61  0.02361  1.70965e-02 | 62 -0.03170  1.25859e-02 | 63 -0.04616  9.74361e-03
 64 -0.01427  7.07560e-03 | 65 -0.03266  1.99458e-03 | 66 -0.05121  3.18457e-03
 67 -0.05735  2.37533e-03 | 68 -0.03183 -3.52028e-04 | 69 -0.01676  2.04483e-04
 70 -0.01659 -5.08336e-06 | 71 -0.01666  5.26008e-04 | 72 -0.35490 -2.20409e-01
 73 -0.21708 -4.19437e-02 | 74 -0.07475  6.39787e-03 | 75  0.21779 -2.14571e-02
 76 -0.30601  4.01271e-02 | 77 -0.27005  8.97279e-04 | 78 -0.08160  1.72662e-03
 79  0.30880  9.48501e-03 | 80  1.02583 -6.08841e-03 | 81  0.09046  4.48544e-04
 82  0.26353  4.69051e-03 | 83 -0.62765 -4.74429e-03 | 84 -0.03379 -1.37113e-04
 85  0.00862  4.25431e-05 | 86 -0.22678 -1.17107e-03 | 87  0.02122  1.04755e-04
87 variables; iteration 180; function evaluation 249; phase 3
Function value -8.7628735e+01; maximum gradient component mag 4.1758e-02
Var    Value     Gradient |Var    Value     Gradient |Var    Value     Gradient
  1  0.68997 -3.62375e-03 |  2  0.00032  8.95755e-05 |  3  0.00038  9.36715e-05
  4 -0.01552  2.85047e-04 |  5 -0.01545  1.85850e-04 |  6 -0.01537  2.68171e-04
  7 -0.01526  2.98592e-04 |  8 -0.01515  1.64935e-04 |  9 -0.01501  2.00506e-04
 10 -0.01485  2.97907e-04 | 11 -0.01469  2.19396e-04 | 12 -0.01452  1.32567e-04
 13 -0.01431  1.74418e-04 | 14 -0.01404  4.08718e-04 | 15 -0.01369  3.93284e-04
 16 -0.01318  4.12873e-04 | 17 -0.01252  3.60592e-04 | 18 -0.01115  5.58259e-04
 19 -0.00945  4.48360e-04 | 20 -0.00760  2.76287e-04 | 21 -0.00541  1.97932e-04
 22 -0.00299  2.66176e-04 | 23 -0.00067  3.66527e-04 | 24  0.00111  2.16676e-04
 25  0.00212 -4.43528e-05 | 26  0.00179  1.08562e-05 | 27  0.00033 -2.85267e-04
 28 -0.00195 -2.48015e-04 | 29 -0.00402 -6.65422e-04 | 30 -0.00654 -2.77666e-04
 31 -0.00932 -4.00873e-04 | 32 -0.01082 -1.30119e-04 | 33 -0.00942  4.61170e-04
 34 -0.00860  1.21489e-03 | 35 -0.00579  1.59303e-03 | 36 -0.01828 -7.08861e-04
 37 -0.02695 -7.25519e-03 | 38 -0.01319  1.41641e-03 | 39 -0.04679  6.96346e-04
 40 -0.03961  8.58637e-04 | 41 -0.03249  8.42901e-04 | 42 -0.02832  8.41016e-04
 43 -0.02487  8.36102e-04 | 44 -0.02633  1.17235e-03 | 45 -0.03337  1.17204e-03
 46 -0.03611  1.71087e-03 | 47 -0.01318  2.33018e-03 | 48  0.01858  4.24183e-03
 49  0.00130  3.77634e-03 | 50 -0.03024  2.76086e-03 | 51 -0.02015  3.35667e-03
 52 -0.06038  3.74605e-03 | 53 -0.03063  3.17236e-03 | 54 -0.01446  1.45464e-03
 55 -0.01543 -7.46772e-04 | 56  0.00165 -2.04398e-03 | 57  0.00418 -2.83492e-03
 58  0.00788 -4.40016e-03 | 59 -0.03364 -3.70941e-03 | 60 -0.02875 -5.97427e-03
 61  0.02361 -6.23851e-03 | 62 -0.03172 -2.74450e-03 | 63 -0.04616 -1.28177e-04
 64 -0.01427  1.44675e-03 | 65 -0.03266  1.97111e-03 | 66 -0.05121  2.01942e-03
 67 -0.05735  1.26258e-03 | 68 -0.03182  7.09356e-04 | 69 -0.01676  9.44151e-05
 70 -0.01659  5.00874e-04 | 71 -0.01666  1.81309e-04 | 72 -0.35488  4.17581e-02
 73 -0.21511  4.42541e-03 | 74 -0.07473  2.97582e-03 | 75  0.21389  3.94145e-03
 76 -0.30594 -1.48981e-02 | 77 -0.25587 -3.09822e-03 | 78 -0.08153  9.08379e-03
 79  0.30344 -2.58156e-03 | 80  1.02573 -6.72138e-03 | 81  0.09712  4.82467e-04
 82  0.26354  4.58262e-03 | 83 -0.63841 -4.92310e-03 | 84  0.03656  1.95520e-04
 85 -0.00195 -9.64142e-06 | 86  0.05881  2.72932e-04 | 87 -0.01806 -8.91656e-05
87 variables; iteration 200; function evaluation 270; phase 3
Function value -8.7629704e+01; maximum gradient component mag 1.1227e+00
Var    Value     Gradient |Var    Value     Gradient |Var    Value     Gradient
  1  0.69766 -3.33878e-03 |  2  0.00032  3.14656e-04 |  3  0.00038  5.11148e-04
  4 -0.01552  1.66148e-04 |  5 -0.01545 -1.42374e-04 |  6 -0.01537 -5.14201e-04
  7 -0.01527 -8.28417e-04 |  8 -0.01515 -3.83607e-04 |  9 -0.01501  1.63640e-04
 10 -0.01485  6.60205e-04 | 11 -0.01469  9.89165e-04 | 12 -0.01451  1.36898e-03
 13 -0.01431  1.22339e-03 | 14 -0.01404  5.95083e-04 | 15 -0.01369 -4.38175e-04
 16 -0.01318 -1.37005e-03 | 17 -0.01253 -2.24904e-03 | 18 -0.01115  6.65688e-04
 19 -0.00945  1.29583e-03 | 20 -0.00761 -1.53440e-03 | 21 -0.00541 -5.88981e-04
 22 -0.00298  9.15857e-04 | 23 -0.00068 -2.20506e-03 | 24  0.00110 -1.65650e-04
 25  0.00212 -3.80222e-04 | 26  0.00179 -9.11618e-04 | 27  0.00033 -1.41566e-03
 28 -0.00196 -1.59156e-03 | 29 -0.00402 -2.19579e-03 | 30 -0.00654 -1.94777e-03
 31 -0.00933 -3.88503e-03 | 32 -0.01082 -2.15752e-03 | 33 -0.00942 -1.19317e-03
 34 -0.00859  4.21289e-03 | 35 -0.00580  1.45168e-02 | 36 -0.01824  2.24582e-02
 37 -0.02692 -2.16190e-02 | 38 -0.01329 -2.52934e-02 | 39 -0.04679 -1.81111e-03
 40 -0.03962 -6.71429e-04 | 41 -0.03249  1.43208e-04 | 42 -0.02832  2.89682e-04
 43 -0.02486  1.13826e-03 | 44 -0.02632  9.77202e-04 | 45 -0.03335  4.75378e-03
 46 -0.03611  6.57781e-04 | 47 -0.01318 -2.57636e-04 | 48  0.01857  1.25178e-03
 49  0.00130  2.81931e-03 | 50 -0.03023 -3.13096e-03 | 51 -0.02016 -8.24104e-03
 52 -0.06040 -1.95581e-02 | 53 -0.03065 -2.29477e-02 | 54 -0.01447 -1.80663e-02
 55 -0.01543 -9.62106e-03 | 56  0.00165 -3.05133e-04 | 57  0.00418  7.75432e-03
 58  0.00789  2.16841e-02 | 59 -0.03363  1.43480e-02 | 60 -0.02873  8.98569e-03
 61  0.02360  1.08288e-02 | 62 -0.03171  9.25048e-03 | 63 -0.04616  3.93307e-03
 64 -0.01428  1.74462e-03 | 65 -0.03265  5.58614e-03 | 66 -0.05122  3.01262e-03
 67 -0.05735  2.59621e-04 | 68 -0.03183  9.81585e-06 | 69 -0.01676  5.19754e-04
 70 -0.01660 -5.47789e-04 | 71 -0.01666 -1.07480e-04 | 72 -0.35499  1.12275e+00
 73 -0.21545  2.16124e-01 | 74 -0.07484 -3.43405e-02 | 75  0.21568  1.15065e-01
 76 -0.30606  2.84436e-01 | 77 -0.21490  5.92429e-02 | 78 -0.08164 -6.34853e-03
 79  0.27317  4.84431e-02 | 80  1.02644 -2.71021e-03 | 81  0.15011  7.54666e-04
 82  0.26352 -1.53581e-03 | 83 -0.35793 -1.97946e-03 | 84 -0.10331 -4.99182e-04
 85 -0.00234 -1.15259e-05 | 86 -0.03664 -1.90219e-04 | 87 -0.04281 -2.11574e-04
87 variables; iteration 220; function evaluation 294; phase 3
Function value -8.7630260e+01; maximum gradient component mag 9.4097e-01
Var    Value     Gradient |Var    Value     Gradient |Var    Value     Gradient
  1  0.81897 -1.01364e-03 |  2  0.00032 -7.92714e-05 |  3  0.00038 -2.20184e-05
  4 -0.01553 -1.71725e-04 |  5 -0.01545  1.26283e-07 |  6 -0.01537 -1.59083e-04
  7 -0.01527 -5.50057e-06 |  8 -0.01515  3.00756e-05 |  9 -0.01501  1.00953e-04
 10 -0.01486  7.73455e-05 | 11 -0.01469  9.15410e-05 | 12 -0.01452  1.20094e-04
 13 -0.01431  1.08589e-04 | 14 -0.01405  4.41432e-05 | 15 -0.01369  2.92858e-05
 16 -0.01318 -1.34283e-04 | 17 -0.01252 -2.22474e-04 | 18 -0.01116 -2.52699e-04
 19 -0.00945 -1.92072e-04 | 20 -0.00761 -1.59347e-04 | 21 -0.00541  3.80929e-04
 22 -0.00299 -3.64821e-05 | 23 -0.00067 -2.37039e-04 | 24  0.00110 -3.90048e-04
 25  0.00212 -7.02174e-05 | 26  0.00179 -3.13834e-04 | 27  0.00033 -4.79939e-04
 28 -0.00195 -7.77843e-04 | 29 -0.00402 -6.07718e-04 | 30 -0.00654 -9.43256e-04
 31 -0.00932 -1.04089e-03 | 32 -0.01082 -4.12952e-04 | 33 -0.00942  3.81201e-04
 34 -0.00860  3.97795e-03 | 35 -0.00579  1.64960e-02 | 36 -0.01826  2.08544e-02
 37 -0.02692 -1.86830e-02 | 38 -0.01321 -1.72358e-02 | 39 -0.04678 -8.35062e-04
 40 -0.03961 -2.71163e-04 | 41 -0.03249  1.37328e-04 | 42 -0.02832  5.89031e-04
 43 -0.02486  7.58324e-04 | 44 -0.02632  8.38360e-04 | 45 -0.03337  1.54505e-03
 46 -0.03611  9.59962e-04 | 47 -0.01317  2.00289e-03 | 48  0.01857  5.34219e-03
 49  0.00129  8.01642e-03 | 50 -0.03024  9.63491e-04 | 51 -0.02016 -2.18068e-04
 52 -0.06039 -7.82859e-03 | 53 -0.03064 -1.22250e-02 | 54 -0.01446 -1.02806e-02
 55 -0.01543 -9.36769e-03 | 56  0.00165 -1.09746e-02 | 57  0.00418 -8.43039e-03
 58  0.00788  2.30605e-04 | 59 -0.03364  9.66414e-04 | 60 -0.02874 -2.45061e-03
 61  0.02361  6.22163e-03 | 62 -0.03171  1.10221e-02 | 63 -0.04616  5.20826e-03
 64 -0.01427  8.08085e-03 | 65 -0.03265  7.44243e-03 | 66 -0.05121  3.34332e-03
 67 -0.05735 -8.75016e-04 | 68 -0.03182 -1.00236e-03 | 69 -0.01676 -4.33671e-05
 70 -0.01659 -1.27802e-04 | 71 -0.01666 -6.30811e-06 | 72 -0.35490  9.40970e-01
 73 -0.20969  1.97050e-01 | 74 -0.07475 -2.70217e-02 | 75  0.20250  8.39479e-02
 76 -0.30600  4.59362e-01 | 77 -0.19720  1.42094e-01 | 78 -0.08159 -1.16459e-02
 79  0.24176  6.14836e-02 | 80  1.02674 -1.04126e-03 | 81  0.21702  1.11432e-03
 82  0.26354  1.32876e-03 | 83 -0.16669 -8.41943e-04 | 84  0.00931  5.31472e-05
 85 -0.00046 -2.27679e-06 | 86  0.00412  1.44838e-05 | 87  0.01570  7.75166e-05
87 variables; iteration 240; function evaluation 317; phase 3
Function value -8.7630360e+01; maximum gradient component mag -2.0656e-01
Var    Value     Gradient |Var    Value     Gradient |Var    Value     Gradient
  1  0.93900 -2.41447e-04 |  2  0.00032 -8.25310e-06 |  3  0.00038 -1.98481e-05
  4 -0.01553 -9.99592e-05 |  5 -0.01545  3.71149e-05 |  6 -0.01537 -8.08839e-05
  7 -0.01527 -6.51455e-05 |  8 -0.01515 -7.92918e-05 |  9 -0.01501 -1.23551e-04
 10 -0.01486 -1.48821e-04 | 11 -0.01470 -9.12398e-05 | 12 -0.01452 -1.72052e-05
 13 -0.01431  1.73557e-05 | 14 -0.01405 -1.15909e-05 | 15 -0.01369  6.05185e-06
 16 -0.01318 -8.47775e-05 | 17 -0.01252 -5.59784e-05 | 18 -0.01116 -3.93296e-05
 19 -0.00945  7.98599e-05 | 20 -0.00761 -2.61334e-04 | 21 -0.00541 -4.69722e-05
 22 -0.00299  5.29636e-05 | 23 -0.00067 -1.43911e-04 | 24  0.00110 -3.71822e-05
 25  0.00211 -8.66817e-06 | 26  0.00179 -1.65894e-05 | 27  0.00033 -3.86398e-05
 28 -0.00195  2.50577e-05 | 29 -0.00402  4.52573e-05 | 30 -0.00654  2.00047e-04
 31 -0.00932 -4.28054e-05 | 32 -0.01082 -2.73796e-05 | 33 -0.00942 -2.84228e-04
 34 -0.00860 -4.14310e-04 | 35 -0.00579 -2.54909e-03 | 36 -0.01826 -2.81363e-03
 37 -0.02693  3.26369e-03 | 38 -0.01321  2.76143e-03 | 39 -0.04678  3.01116e-04
 40 -0.03961  1.61821e-04 | 41 -0.03249 -2.08265e-04 | 42 -0.02832  3.87190e-05
 43 -0.02487  1.22244e-04 | 44 -0.02633  1.16718e-04 | 45 -0.03337  3.21166e-04
 46 -0.03611  2.92757e-04 | 47 -0.01318  8.91475e-04 | 48  0.01857  3.12207e-04
 49  0.00129 -4.63718e-04 | 50 -0.03024  3.16284e-04 | 51 -0.02015  4.04087e-04
 52 -0.06038  5.77798e-04 | 53 -0.03063  1.51524e-03 | 54 -0.01446  7.93715e-04
 55 -0.01542  5.07713e-04 | 56  0.00165  4.70360e-04 | 57  0.00418 -2.31904e-04
 58  0.00788 -1.54436e-03 | 59 -0.03364 -1.94098e-03 | 60 -0.02874 -1.06020e-03
 61  0.02361 -1.89376e-03 | 62 -0.03171 -1.72742e-03 | 63 -0.04617 -1.09153e-03
 64 -0.01427 -1.21495e-03 | 65 -0.03265  3.61778e-04 | 66 -0.05122  8.73818e-04
 67 -0.05735  1.02767e-03 | 68 -0.03182  2.95253e-04 | 69 -0.01676 -1.20547e-04
 70 -0.01659 -1.60792e-04 | 71 -0.01666 -5.29443e-05 | 72 -0.35490 -5.41361e-02
 73 -0.20503 -1.58244e-02 | 74 -0.07475 -4.40119e-06 | 75  0.19015 -4.11186e-03
 76 -0.30602 -2.06562e-01 | 77 -0.18766 -8.24318e-02 | 78 -0.08161  7.79363e-03
 79  0.21388 -2.15859e-02 | 80  1.02700  3.54862e-04 | 81  0.28515  1.50945e-03
 82  0.26354  2.27979e-04 | 83  0.03391  1.67516e-04 | 84  0.03761  1.90528e-04
 85  0.00316  1.56109e-05 | 86 -0.00357 -2.15226e-05 | 87  0.05460  2.70110e-04
87 variables; iteration 260; function evaluation 337; phase 3
Function value -8.7630385e+01; maximum gradient component mag -1.7130e-01
Var    Value     Gradient |Var    Value     Gradient |Var    Value     Gradient
  1  0.94884 -1.98968e-04 |  2  0.00032  1.85889e-06 |  3  0.00038 -1.86194e-06
  4 -0.01552  5.93604e-05 |  5 -0.01545  2.66506e-06 |  6 -0.01537  6.26425e-05
  7 -0.01527  2.22390e-05 |  8 -0.01515  4.03412e-05 |  9 -0.01501  4.31568e-05
 10 -0.01486  6.03730e-05 | 11 -0.01470  5.53114e-05 | 12 -0.01452  4.06637e-05
 13 -0.01431  3.98847e-05 | 14 -0.01405  5.39624e-05 | 15 -0.01369  4.26607e-05
 16 -0.01318  4.09000e-05 | 17 -0.01252  2.65791e-05 | 18 -0.01116  6.19743e-05
 19 -0.00945  3.29201e-05 | 20 -0.00760  5.33652e-05 | 21 -0.00541  1.07080e-05
 22 -0.00299  1.57034e-05 | 23 -0.00067  4.16279e-05 | 24  0.00110  5.05015e-05
 25  0.00211  2.50443e-05 | 26  0.00179  4.81568e-05 | 27  0.00033  5.49327e-05
 28 -0.00195  5.78448e-05 | 29 -0.00402 -1.09848e-05 | 30 -0.00654 -2.47552e-05
 31 -0.00932 -3.49629e-06 | 32 -0.01082 -2.86190e-05 | 33 -0.00942 -1.95373e-05
 34 -0.00860 -2.52520e-04 | 35 -0.00579 -8.66485e-04 | 36 -0.01826 -1.36811e-03
 37 -0.02693 -6.43009e-05 | 38 -0.01321  1.23266e-03 | 39 -0.04678 -2.46381e-05
 40 -0.03961 -1.18314e-04 | 41 -0.03249 -1.36762e-05 | 42 -0.02832 -4.21739e-05
 43 -0.02487 -6.84199e-06 | 44 -0.02632 -2.38644e-05 | 45 -0.03337 -6.51000e-05
 46 -0.03611 -7.69035e-05 | 47 -0.01318 -2.40659e-04 | 48  0.01857 -5.50314e-04
 49  0.00130 -8.84090e-04 | 50 -0.03024 -5.39130e-04 | 51 -0.02015 -8.01929e-04
 52 -0.06038 -6.59415e-05 | 53 -0.03063 -6.12832e-05 | 54 -0.01446  1.56153e-04
 55 -0.01542  2.69238e-04 | 56  0.00165 -2.41436e-05 | 57  0.00418  1.92807e-04
 58  0.00788  2.07875e-04 | 59 -0.03364  7.87855e-04 | 60 -0.02874  1.42419e-03
 61  0.02361  9.54491e-04 | 62 -0.03171  5.90471e-04 | 63 -0.04616  6.67939e-04
 64 -0.01427  5.08914e-04 | 65 -0.03265 -2.07344e-04 | 66 -0.05122 -4.60151e-04
 67 -0.05735 -1.78239e-04 | 68 -0.03182  4.04572e-05 | 69 -0.01676  5.36428e-05
 70 -0.01659  4.58345e-05 | 71 -0.01666  2.75856e-05 | 72 -0.35490 -1.71302e-01
 73 -0.20457 -4.24172e-02 | 74 -0.07476  5.58087e-03 | 75  0.18885 -1.29801e-02
 76 -0.30601  3.51813e-02 | 77 -0.18873  1.06192e-02 | 78 -0.08161 -1.71663e-03
 79  0.21763  4.51052e-03 | 80  1.02688 -2.87547e-04 | 81  0.27528  1.44995e-03
 82  0.26354  2.28442e-04 | 83 -0.03337 -1.64817e-04 | 84 -0.00066  1.71936e-06
 85 -0.00009 -4.21650e-07 | 86  0.00022 -2.83392e-06 | 87 -0.00118 -5.80639e-06
87 variables; iteration 280; function evaluation 360; phase 3
Function value -8.7630391e+01; maximum gradient component mag -8.7880e-01
Var    Value     Gradient |Var    Value     Gradient |Var    Value     Gradient
  1  1.00758  1.57225e-05 |  2  0.00032 -1.76195e-05 |  3  0.00038 -1.43442e-04
  4 -0.01552  3.77361e-04 |  5 -0.01545 -1.99289e-04 |  6 -0.01537  4.38758e-04
  7 -0.01527 -2.14948e-04 |  8 -0.01515  2.84039e-04 |  9 -0.01501  3.88324e-04
 10 -0.01485  6.90410e-04 | 11 -0.01469  7.82767e-04 | 12 -0.01452  7.01010e-04
 13 -0.01431  6.46855e-04 | 14 -0.01404  6.61833e-04 | 15 -0.01369  5.04354e-04
 16 -0.01318  3.11661e-04 | 17 -0.01252  3.18533e-04 | 18 -0.01115  1.38126e-03
 19 -0.00945  9.73036e-04 | 20 -0.00761 -1.82521e-04 | 21 -0.00541  8.09455e-05
 22 -0.00299  4.68773e-04 | 23 -0.00067  7.49942e-05 | 24  0.00110  8.61035e-04
 25  0.00212  7.42831e-04 | 26  0.00179  1.02119e-03 | 27  0.00033  9.25616e-04
 28 -0.00195  1.09161e-03 | 29 -0.00402  4.54435e-04 | 30 -0.00654 -3.17129e-06
 31 -0.00932  2.55433e-06 | 32 -0.01082 -8.45026e-04 | 33 -0.00942 -1.27708e-03
 34 -0.00860 -2.22154e-03 | 35 -0.00579 -9.04585e-03 | 36 -0.01825 -1.42721e-02
 37 -0.02699 -1.44104e-02 | 38 -0.01320  1.88910e-02 | 39 -0.04678  1.23139e-03
 40 -0.03961 -1.55515e-03 | 41 -0.03249 -1.00535e-03 | 42 -0.02832 -1.25643e-03
 43 -0.02486 -3.36655e-04 | 44 -0.02632 -4.80758e-04 | 45 -0.03337 -5.34946e-04
 46 -0.03612 -3.10051e-03 | 47 -0.01319 -5.66100e-03 | 48  0.01855 -1.38673e-02
 49  0.00130 -1.63212e-02 | 50 -0.03024 -8.50315e-03 | 51 -0.02015 -5.45560e-03
 52 -0.06038  2.72152e-04 | 53 -0.03063  4.92783e-03 | 54 -0.01446  2.88261e-03
 55 -0.01542  4.75189e-03 | 56  0.00165  4.44720e-03 | 57  0.00419  5.80113e-03
 58  0.00788  5.13214e-03 | 59 -0.03363  6.43090e-03 | 60 -0.02873  1.49153e-02
 61  0.02361  8.71292e-03 | 62 -0.03171  3.07500e-03 | 63 -0.04616  5.05798e-03
 64 -0.01427 -8.48302e-05 | 65 -0.03266 -2.79919e-03 | 66 -0.05122 -2.56631e-03
 67 -0.05735  2.16164e-05 | 68 -0.03182  1.72980e-03 | 69 -0.01676  4.46075e-04
 70 -0.01659 -1.52362e-04 | 71 -0.01666  5.17087e-05 | 72 -0.35493 -8.78805e-01
 73 -0.20232 -2.07949e-01 | 74 -0.07478  5.42749e-02 | 75  0.18211 -6.20833e-02
 76 -0.30604 -1.27102e-01 | 77 -0.18592 -5.42599e-02 | 78 -0.08165 -3.45578e-04
 79  0.20758 -1.25682e-02 | 80  1.02676 -9.11979e-04 | 81  0.28659  1.51822e-03
 82  0.26354  5.42128e-04 | 83 -0.03369 -1.66407e-04 | 84 -0.01479 -6.82254e-05
 85  0.00234  1.15257e-05 | 86 -0.01040 -5.48357e-05 | 87 -0.01694 -8.36355e-05
87 variables; iteration 300; function evaluation 381; phase 3
Function value -8.7630473e+01; maximum gradient component mag 3.4784e-01
Var    Value     Gradient |Var    Value     Gradient |Var    Value     Gradient
  1  0.91840 -3.34778e-04 |  2  0.00032  6.85447e-06 |  3  0.00038  9.72291e-06
  4 -0.01552  6.04658e-05 |  5 -0.01545  1.48207e-05 |  6 -0.01537  5.35099e-05
  7 -0.01527  1.96543e-05 |  8 -0.01515  3.86474e-05 |  9 -0.01501  5.10036e-05
 10 -0.01486  6.75165e-05 | 11 -0.01469  6.13740e-05 | 12 -0.01452  4.36591e-05
 13 -0.01431  3.25251e-05 | 14 -0.01405  3.76748e-05 | 15 -0.01369  1.36741e-05
 16 -0.01318  2.11773e-06 | 17 -0.01252 -3.54862e-05 | 18 -0.01116  1.83604e-05
 19 -0.00945 -3.08024e-06 | 20 -0.00760  4.44314e-05 | 21 -0.00541 -4.54254e-05
 22 -0.00299 -3.76854e-05 | 23 -0.00067 -2.16901e-05 | 24  0.00110 -3.24996e-05
 25  0.00211 -1.02150e-04 | 26  0.00179 -1.04221e-04 | 27  0.00033 -1.20041e-04
 28 -0.00195 -1.33089e-04 | 29 -0.00402 -2.17085e-04 | 30 -0.00654 -2.44487e-04
 31 -0.00932 -2.28854e-04 | 32 -0.01082 -1.81928e-04 | 33 -0.00942  1.36724e-04
 34 -0.00860  1.24290e-03 | 35 -0.00579  5.32927e-03 | 36 -0.01826  5.89247e-03
 37 -0.02693 -7.06100e-03 | 38 -0.01321 -4.79343e-03 | 39 -0.04678 -2.18120e-04
 40 -0.03961 -3.54823e-05 | 41 -0.03249  1.77887e-04 | 42 -0.02832  1.70152e-04
 43 -0.02487  1.86449e-04 | 44 -0.02632  2.72784e-04 | 45 -0.03337  2.54932e-04
 46 -0.03611 -1.66126e-05 | 47 -0.01318 -9.57947e-05 | 48  0.01857  1.12462e-03
 49  0.00130  2.16012e-03 | 50 -0.03024  2.53358e-04 | 51 -0.02015  6.41792e-04
 52 -0.06038 -1.08355e-03 | 53 -0.03063 -2.00978e-03 | 54 -0.01446 -1.40397e-03
 55 -0.01542 -1.07096e-03 | 56  0.00166 -3.25903e-04 | 57  0.00418  3.81422e-04
 58  0.00788  2.53746e-03 | 59 -0.03363  1.79652e-03 | 60 -0.02874 -2.71343e-04
 61  0.02361  7.20560e-04 | 62 -0.03171  1.12227e-03 | 63 -0.04616 -3.70890e-04
 64 -0.01427 -4.00313e-04 | 65 -0.03265 -5.55098e-04 | 66 -0.05122 -4.92604e-04
 67 -0.05735 -9.94964e-04 | 68 -0.03182 -4.16860e-04 | 69 -0.01676  6.84439e-05
 70 -0.01659  4.37291e-05 | 71 -0.01666  4.56442e-05 | 72 -0.35491  3.47836e-01
 73 -0.20379  8.37569e-02 | 74 -0.07476 -7.25496e-03 | 75  0.18653  2.85347e-02
 76 -0.30602  1.94113e-01 | 77 -0.18125  8.66951e-02 | 78 -0.08162 -4.79662e-03
 79  0.18664  1.81990e-02 | 80  1.02683 -5.25772e-04 | 81  0.22590  1.16396e-03
 82  0.26354  3.46371e-04 | 83 -0.07029 -3.48288e-04 | 84 -0.00198 -4.52222e-06
 85  0.01892  9.33776e-05 | 86  0.00160  3.74006e-06 | 87 -0.00097 -4.77398e-06
87 variables; iteration 320; function evaluation 402; phase 3
Function value -8.7630516e+01; maximum gradient component mag 4.0947e-01
Var    Value     Gradient |Var    Value     Gradient |Var    Value     Gradient
  1  0.91881 -3.33000e-04 |  2  0.00032 -2.97594e-04 |  3  0.00037 -4.63968e-04
  4 -0.01553 -8.04061e-04 |  5 -0.01545 -2.75631e-04 |  6 -0.01537 -2.67242e-04
  7 -0.01527  1.24459e-04 |  8 -0.01515  2.58938e-04 |  9 -0.01501  1.38539e-04
 10 -0.01486 -1.25895e-04 | 11 -0.01470 -2.71904e-04 | 12 -0.01452 -4.37522e-04
 13 -0.01431 -4.63349e-04 | 14 -0.01405 -3.28808e-04 | 15 -0.01369  2.39744e-04
 16 -0.01318  4.93693e-04 | 17 -0.01252  1.17006e-03 | 18 -0.01116 -2.79112e-04
 19 -0.00945 -6.01756e-04 | 20 -0.00761 -3.48327e-04 | 21 -0.00540  1.13611e-03
 22 -0.00299 -4.86788e-05 | 23 -0.00067  6.89384e-04 | 24  0.00110  5.65992e-05
 25  0.00212  1.21444e-03 | 26  0.00179  7.51400e-04 | 27  0.00034  6.23751e-04
 28 -0.00195 -8.85010e-05 | 29 -0.00401  8.10436e-04 | 30 -0.00654 -2.43525e-04
 31 -0.00932  9.76879e-04 | 32 -0.01081  3.99625e-04 | 33 -0.00942  3.01472e-04
 34 -0.00860  8.66649e-04 | 35 -0.00579  3.96646e-03 | 36 -0.01825  7.09544e-03
 37 -0.02692 -2.79695e-03 | 38 -0.01321 -4.14457e-03 | 39 -0.04679 -1.07758e-03
 40 -0.03961 -8.80725e-04 | 41 -0.03250 -1.32907e-03 | 42 -0.02832 -6.55968e-04
 43 -0.02487 -7.26641e-04 | 44 -0.02633 -9.96812e-04 | 45 -0.03337 -1.26582e-03
 46 -0.03611 -3.52240e-04 | 47 -0.01317  1.46534e-03 | 48  0.01856 -3.42623e-04
 49  0.00129  6.58608e-04 | 50 -0.03024 -1.33202e-03 | 51 -0.02016 -3.15538e-03
 52 -0.06039 -4.94184e-03 | 53 -0.03064 -6.81620e-03 | 54 -0.01447 -6.55887e-03
 55 -0.01543 -7.71856e-03 | 56  0.00164 -1.60179e-02 | 57  0.00417 -1.65724e-02
 58  0.00787 -1.38088e-02 | 59 -0.03365 -8.83077e-03 | 60 -0.02875 -5.44232e-03
 61  0.02361  5.93731e-03 | 62 -0.03171  1.33468e-02 | 63 -0.04616  1.13655e-02
 64 -0.01427  1.79181e-02 | 65 -0.03265  1.64830e-02 | 66 -0.05122  7.38280e-03
 67 -0.05735  2.31933e-03 | 68 -0.03183  1.38809e-04 | 69 -0.01676 -6.22340e-04
 70 -0.01659 -4.36773e-04 | 71 -0.01666 -2.12804e-04 | 72 -0.35490 -9.36851e-02
 73 -0.20284 -2.95907e-02 | 74 -0.07475 -5.09195e-03 | 75  0.18342 -7.95007e-03
 76 -0.30602  4.09470e-01 | 77 -0.17785  2.08369e-01 | 78 -0.08160  3.31658e-03
 79  0.16747  3.38165e-02 | 80  1.02685 -4.36275e-04 | 81  0.21045  1.07796e-03
 82  0.26354  3.44789e-03 | 83 -0.05392 -2.66719e-04 | 84  0.00308  2.04134e-05
 85 -0.03300 -1.62997e-04 | 86  0.00092  3.91686e-07 | 87  0.00641  3.16437e-05
87 variables; iteration 340; function evaluation 426; phase 3
Function value -8.7630580e+01; maximum gradient component mag 1.1017e+00
Var    Value     Gradient |Var    Value     Gradient |Var    Value     Gradient
  1  0.94931 -1.96801e-04 |  2  0.00032  3.36721e-05 |  3  0.00038  9.18087e-05
  4 -0.01552  8.11172e-05 |  5 -0.01545  4.92712e-05 |  6 -0.01537 -8.28653e-05
  7 -0.01527 -9.35727e-05 |  8 -0.01515 -1.31712e-04 |  9 -0.01501 -4.67287e-05
 10 -0.01486  3.47018e-05 | 11 -0.01469  7.27277e-05 | 12 -0.01452  1.39171e-04
 13 -0.01431  1.52253e-04 | 14 -0.01405  1.05565e-04 | 15 -0.01369 -5.05291e-05
 16 -0.01318 -1.44422e-04 | 17 -0.01252 -2.99155e-04 | 18 -0.01115  1.88062e-04
 19 -0.00945  2.67472e-04 | 20 -0.00761 -1.80989e-04 | 21 -0.00541 -1.98156e-04
 22 -0.00299  1.17309e-04 | 23 -0.00067 -3.00345e-04 | 24  0.00110 -3.00122e-05
 25  0.00211 -1.76838e-04 | 26  0.00179 -1.24839e-04 | 27  0.00033 -2.09146e-04
 28 -0.00195 -1.10578e-04 | 29 -0.00402 -2.96775e-04 | 30 -0.00654 -1.09470e-04
 31 -0.00932 -5.13673e-04 | 32 -0.01082 -3.49591e-04 | 33 -0.00942 -1.07843e-05
 34 -0.00859  2.21330e-03 | 35 -0.00579  7.65808e-03 | 36 -0.01826  8.84454e-03
 37 -0.02693 -1.12226e-02 | 38 -0.01321 -6.44712e-03 | 39 -0.04678 -5.61185e-04
 40 -0.03961 -2.38252e-04 | 41 -0.03249  2.58985e-04 | 42 -0.02832  2.71131e-04
 43 -0.02487  4.75582e-04 | 44 -0.02632  5.88401e-04 | 45 -0.03337  1.07471e-03
 46 -0.03611  9.14645e-04 | 47 -0.01318  2.14421e-03 | 48  0.01857  6.10201e-03
 49  0.00130  6.14281e-03 | 50 -0.03024  7.24327e-04 | 51 -0.02015 -1.90914e-03
 52 -0.06038 -3.45620e-03 | 53 -0.03063 -5.22297e-03 | 54 -0.01446 -1.30450e-03
 55 -0.01542 -8.67443e-04 | 56  0.00166 -3.21216e-03 | 57  0.00418 -2.65816e-03
 58  0.00788  8.23255e-04 | 59 -0.03364  5.34364e-04 | 60 -0.02874 -3.30791e-03
 61  0.02361  2.10687e-05 | 62 -0.03171  3.45115e-03 | 63 -0.04616  1.20837e-03
 64 -0.01427  3.52197e-03 | 65 -0.03265  2.31593e-03 | 66 -0.05122 -2.33949e-03
 67 -0.05735 -3.13697e-03 | 68 -0.03182 -9.27622e-04 | 69 -0.01676  2.53422e-05
 70 -0.01659 -2.47850e-07 | 71 -0.01666 -3.89161e-05 | 72 -0.35491  5.50365e-02
 73 -0.20026  1.34562e-02 | 74 -0.07476  7.93030e-04 | 75  0.17471  4.86228e-03
 76 -0.30603  1.10166e+00 | 77 -0.17368  6.07353e-01 | 78 -0.08163 -1.56279e-02
 79  0.13627  6.88140e-02 | 80  1.02685 -4.71510e-04 | 81  0.18417  9.34934e-04
 82  0.26354 -8.98774e-05 | 83 -0.06568 -3.25289e-04 | 84 -0.00097  2.14049e-07
 85 -0.04908 -2.42663e-04 | 86 -0.00054 -6.56192e-06 | 87  0.00247  1.21683e-05
87 variables; iteration 360; function evaluation 448; phase 3
Function value -8.7630641e+01; maximum gradient component mag 5.7865e-01
Var    Value     Gradient |Var    Value     Gradient |Var    Value     Gradient
  1  0.96500 -1.32207e-04 |  2  0.00032  1.24723e-04 |  3  0.00038  1.80071e-04
  4 -0.01552  3.58763e-04 |  5 -0.01545  1.38655e-04 |  6 -0.01537  1.21164e-04
  7 -0.01527 -7.45702e-05 |  8 -0.01515 -1.18424e-04 |  9 -0.01501 -6.41600e-05
 10 -0.01486  5.17693e-05 | 11 -0.01469  1.15186e-04 | 12 -0.01452  1.75217e-04
 13 -0.01431  1.74586e-04 | 14 -0.01405  1.15776e-04 | 15 -0.01369 -1.25883e-04
 16 -0.01318 -2.14456e-04 | 17 -0.01253 -4.92994e-04 | 18 -0.01115  1.28730e-04
 19 -0.00945  2.58966e-04 | 20 -0.00760  1.06819e-04 | 21 -0.00541 -6.53340e-04
 22 -0.00299 -8.45045e-05 | 23 -0.00067 -3.86778e-04 | 24  0.00110 -1.17557e-04
 25  0.00211 -6.89301e-04 | 26  0.00179 -5.08493e-04 | 27  0.00033 -4.69022e-04
 28 -0.00195 -1.68183e-04 | 29 -0.00402 -6.11861e-04 | 30 -0.00654 -1.78240e-04
 31 -0.00932 -6.29581e-04 | 32 -0.01082 -4.35259e-04 | 33 -0.00942  4.91334e-05
 34 -0.00860  1.88710e-03 | 35 -0.00579  7.22967e-03 | 36 -0.01827  6.88596e-03
 37 -0.02693 -1.03106e-02 | 38 -0.01321 -5.76533e-03 | 39 -0.04678  2.15644e-05
 40 -0.03961  3.32971e-04 | 41 -0.03249  8.63734e-04 | 42 -0.02832  6.11851e-04
 43 -0.02487  6.89652e-04 | 44 -0.02632  9.82569e-04 | 45 -0.03337  1.05586e-03
 46 -0.03611  5.36697e-04 | 47 -0.01318  3.63934e-04 | 48  0.01857  4.28277e-03
 49  0.00130  5.10874e-03 | 50 -0.03023  1.50145e-03 | 51 -0.02015  1.89696e-03
 52 -0.06038  2.99918e-04 | 53 -0.03063 -2.81719e-04 | 54 -0.01446  1.73775e-03
 55 -0.01542  2.40400e-03 | 56  0.00166  5.88145e-03 | 57  0.00419  6.56741e-03
 58  0.00788  8.42760e-03 | 59 -0.03363  4.90241e-03 | 60 -0.02874 -8.77845e-04
 61  0.02361 -3.23165e-03 | 62 -0.03172 -4.29078e-03 | 63 -0.04616 -5.64755e-03
 64 -0.01427 -7.31163e-03 | 65 -0.03266 -6.89744e-03 | 66 -0.05121 -4.68947e-03
 67 -0.05735 -3.37817e-03 | 68 -0.03182 -9.68365e-04 | 69 -0.01676  2.70881e-04
 70 -0.01659  1.57953e-04 | 71 -0.01666  1.14481e-04 | 72 -0.35491  5.45479e-01
 73 -0.19845  1.51535e-01 | 74 -0.07476 -7.63424e-03 | 75  0.16788  3.90122e-02
 76 -0.30603  5.78653e-01 | 77 -0.17103  3.37685e-01 | 78 -0.08164 -1.09921e-02
 79  0.10909  2.91135e-02 | 80  1.02685 -4.24871e-04 | 81  0.16003  8.06636e-04
 82  0.26353 -7.90618e-04 | 83 -0.05655 -2.79825e-04 | 84 -0.00446 -1.70906e-05
 85  0.01881  9.28701e-05 | 86  0.00046 -1.61521e-06 | 87 -0.00141 -6.96275e-06
87 variables; iteration 380; function evaluation 472; phase 3
Function value -8.7630693e+01; maximum gradient component mag 9.0184e-01
Var    Value     Gradient |Var    Value     Gradient |Var    Value     Gradient
  1  0.99725  2.58845e-05 |  2  0.00032  4.93442e-05 |  3  0.00038  1.09896e-04
  4 -0.01552  1.50331e-04 |  5 -0.01545  7.68582e-05 |  6 -0.01537 -3.13719e-05
  7 -0.01527 -7.11171e-05 |  8 -0.01515 -1.17717e-04 |  9 -0.01501 -3.69151e-05
 10 -0.01486  5.04759e-05 | 11 -0.01469  8.72761e-05 | 12 -0.01452  1.50336e-04
 13 -0.01431  1.63167e-04 | 14 -0.01405  1.19264e-04 | 15 -0.01369 -5.48649e-05
 16 -0.01318 -1.45423e-04 | 17 -0.01252 -3.41645e-04 | 18 -0.01115  1.59146e-04
 19 -0.00945  2.48980e-04 | 20 -0.00761 -8.01055e-05 | 21 -0.00541 -2.48538e-04
 22 -0.00299  8.24628e-05 | 23 -0.00067 -2.82744e-04 | 24  0.00110 -3.57632e-05
 25  0.00211 -2.56731e-04 | 26  0.00179 -1.72701e-04 | 27  0.00033 -2.21006e-04
 28 -0.00195 -7.75270e-05 | 29 -0.00402 -3.14750e-04 | 30 -0.00654 -8.44326e-05
 31 -0.00932 -4.98367e-04 | 32 -0.01082 -3.09209e-04 | 33 -0.00942 -2.98785e-05
 34 -0.00860  1.57393e-03 | 35 -0.00579  5.49784e-03 | 36 -0.01826  5.99241e-03
 37 -0.02693 -8.53262e-03 | 38 -0.01321 -4.58195e-03 | 39 -0.04678 -1.95222e-04
 40 -0.03961 -4.82692e-05 | 41 -0.03249  3.11047e-04 | 42 -0.02832  2.42234e-04
 43 -0.02487  4.13854e-04 | 44 -0.02632  5.45164e-04 | 45 -0.03337  9.05190e-04
 46 -0.03611  4.86536e-04 | 47 -0.01318  8.81945e-04 | 48  0.01857  3.39795e-03
 49  0.00130  3.66800e-03 | 50 -0.03024  5.55362e-04 | 51 -0.02015 -2.85889e-04
 52 -0.06038 -1.74883e-03 | 53 -0.03063 -2.64797e-03 | 54 -0.01446 -6.05777e-04
 55 -0.01542 -4.28868e-05 | 56  0.00166  9.80386e-05 | 57  0.00418  7.12375e-04
 58  0.00788  3.01015e-03 | 59 -0.03363  1.83142e-03 | 60 -0.02874 -1.17677e-03
 61  0.02361 -3.71810e-04 | 62 -0.03172  6.60026e-04 | 63 -0.04616 -8.69736e-04
 64 -0.01427 -5.96972e-04 | 65 -0.03265 -7.28949e-04 | 66 -0.05122 -1.95775e-03
 67 -0.05735 -2.05396e-03 | 68 -0.03182 -5.65815e-04 | 69 -0.01676  9.03347e-05
 70 -0.01659  5.66974e-05 | 71 -0.01666  9.56449e-07 | 72 -0.35491  2.70077e-01
 73 -0.19614  7.82863e-02 | 74 -0.07476 -2.28514e-03 | 75  0.15795  1.82227e-02
 76 -0.30603  9.01845e-01 | 77 -0.16870  5.61532e-01 | 78 -0.08163 -9.14284e-03
 79  0.07658  3.45061e-02 | 80  1.02687 -3.31770e-04 | 81  0.13385  6.70291e-04
 82  0.26354 -4.03496e-04 | 83 -0.04369 -2.15968e-04 | 84 -0.00255 -7.75675e-06
 85  0.02185  1.07882e-04 | 86  0.00163  4.22661e-06 | 87 -0.00077 -3.80520e-06
87 variables; iteration 400; function evaluation 495; phase 3
Function value -8.7630736e+01; maximum gradient component mag 4.8993e-01
Var    Value     Gradient |Var    Value     Gradient |Var    Value     Gradient
  1  0.99408 -5.64319e-06 |  2  0.00032 -1.08633e-04 |  3  0.00037 -1.79115e-04
  4 -0.01553 -2.27236e-04 |  5 -0.01545 -1.27813e-04 |  6 -0.01537 -1.34843e-05
  7 -0.01527  1.99758e-05 |  8 -0.01515  1.36852e-04 |  9 -0.01501  8.98961e-05
 10 -0.01486  1.07944e-05 | 11 -0.01470 -1.57091e-05 | 12 -0.01452 -9.03887e-05
 13 -0.01431 -1.11872e-04 | 14 -0.01405 -8.17353e-05 | 15 -0.01369  9.18928e-05
 16 -0.01318  1.29250e-04 | 17 -0.01252  3.46520e-04 | 18 -0.01116 -1.88919e-04
 19 -0.00945 -2.78424e-04 | 20 -0.00761 -5.77156e-05 | 21 -0.00541  3.85644e-04
 22 -0.00299 -1.09678e-04 | 23 -0.00067  1.64497e-04 | 24  0.00110 -1.05845e-04
 25  0.00212  2.76684e-04 | 26  0.00179  8.12771e-05 | 27  0.00033  3.67770e-05
 28 -0.00195 -2.44593e-04 | 29 -0.00402  9.37095e-05 | 30 -0.00654 -3.76350e-04
 31 -0.00932  4.87743e-05 | 32 -0.01082 -1.01199e-05 | 33 -0.00942  1.57167e-04
 34 -0.00860  1.13017e-03 | 35 -0.00579  5.23136e-03 | 36 -0.01826  6.54647e-03
 37 -0.02692 -6.33668e-03 | 38 -0.01321 -4.22781e-03 | 39 -0.04678 -2.00709e-04
 40 -0.03961 -2.56670e-04 | 41 -0.03249 -2.83796e-04 | 42 -0.02832 -3.46168e-05
 43 -0.02487 -1.53692e-05 | 44 -0.02633 -6.27223e-05 | 45 -0.03337 -1.85477e-04
 46 -0.03611 -2.58244e-04 | 47 -0.01318  2.14787e-05 | 48  0.01857 -3.35311e-04
 49  0.00130  8.91767e-04 | 50 -0.03024 -4.76363e-04 | 51 -0.02015  1.31280e-04
 52 -0.06038 -2.14781e-03 | 53 -0.03063 -3.19967e-03 | 54 -0.01446 -3.57790e-03
 55 -0.01542 -3.85086e-03 | 56  0.00165 -5.37851e-03 | 57  0.00418 -4.81979e-03
 58  0.00788 -2.33742e-03 | 59 -0.03364 -1.27697e-03 | 60 -0.02874 -1.07341e-03
 61  0.02361  3.07456e-03 | 62 -0.03171  5.13080e-03 | 63 -0.04616  3.22805e-03
 64 -0.01427  4.70543e-03 | 65 -0.03265  4.45966e-03 | 66 -0.05122  2.68828e-03
 67 -0.05735  5.98442e-04 | 68 -0.03182 -7.19111e-05 | 69 -0.01676 -1.17188e-04
 70 -0.01659 -1.76040e-04 | 71 -0.01666 -2.55905e-05 | 72 -0.35490  4.89929e-01
 73 -0.19473  1.44648e-01 | 74 -0.07475 -9.32038e-03 | 75  0.15115  3.01483e-02
 76 -0.30604  4.17356e-01 | 77 -0.16712  2.72715e-01 | 78 -0.08163  9.60469e-05
 79  0.04657  1.25939e-02 | 80  1.02688 -2.72627e-04 | 81  0.09668  4.80235e-04
 82  0.26354  1.80944e-03 | 83 -0.02868 -1.41643e-04 | 84  0.00064  8.00886e-06
 85  0.00551  2.71783e-05 | 86  0.00173  4.67661e-06 | 87  0.00126  6.19382e-06
87 variables; iteration 420; function evaluation 518; phase 3
Function value -8.7630761e+01; maximum gradient component mag -2.0891e-01
Var    Value     Gradient |Var    Value     Gradient |Var    Value     Gradient
  1  0.96784 -1.20811e-04 |  2  0.00032 -9.82815e-05 |  3  0.00038 -1.48878e-04
  4 -0.01553 -2.06849e-04 |  5 -0.01545 -7.67421e-05 |  6 -0.01537 -2.02218e-05
  7 -0.01527  3.68626e-05 |  8 -0.01515  1.26625e-04 |  9 -0.01501  7.97712e-05
 10 -0.01486 -2.99932e-06 | 11 -0.01470 -1.81305e-05 | 12 -0.01452 -6.92752e-05
 13 -0.01431 -8.76196e-05 | 14 -0.01405 -7.88988e-05 | 15 -0.01369  9.16006e-05
 16 -0.01318  1.20109e-04 | 17 -0.01252  2.94519e-04 | 18 -0.01116 -1.76287e-04
 19 -0.00945 -2.64093e-04 | 20 -0.00761 -6.31999e-06 | 21 -0.00541  3.58522e-04
 22 -0.00299 -8.75240e-05 | 23 -0.00067  1.85419e-04 | 24  0.00110 -6.59541e-05
 25  0.00212  2.53968e-04 | 26  0.00179  1.09625e-04 | 27  0.00033  9.85493e-05
 28 -0.00195 -1.29878e-04 | 29 -0.00402  1.58627e-04 | 30 -0.00654 -2.47824e-04
 31 -0.00932  1.32125e-04 | 32 -0.01082  9.43243e-05 | 33 -0.00942  4.24559e-05
 34 -0.00860 -9.92688e-05 | 35 -0.00579  2.95726e-04 | 36 -0.01826  6.91839e-04
 37 -0.02692 -3.30051e-04 | 38 -0.01321  1.52952e-04 | 39 -0.04678  3.79103e-05
 40 -0.03961 -2.12203e-04 | 41 -0.03249 -3.04088e-04 | 42 -0.02832 -8.22471e-05
 43 -0.02487 -6.85769e-05 | 44 -0.02633 -1.54489e-04 | 45 -0.03337 -3.26156e-04
 46 -0.03611 -2.59614e-04 | 47 -0.01318 -2.65755e-04 | 48  0.01857 -1.77467e-03
 49  0.00130 -1.50580e-03 | 50 -0.03024 -8.54920e-04 | 51 -0.02015 -4.26305e-04
 52 -0.06038 -9.98066e-04 | 53 -0.03063 -1.26420e-03 | 54 -0.01446 -2.26410e-03
 55 -0.01542 -2.63002e-03 | 56  0.00165 -3.99359e-03 | 57  0.00418 -3.78359e-03
 58  0.00788 -3.07038e-03 | 59 -0.03364 -1.43940e-03 | 60 -0.02874  6.90857e-04
 61  0.02361  2.96736e-03 | 62 -0.03171  3.67859e-03 | 63 -0.04616  3.07244e-03
 64 -0.01427  3.85539e-03 | 65 -0.03265  3.44200e-03 | 66 -0.05122  2.55693e-03
 67 -0.05735  1.31766e-03 | 68 -0.03182  2.48049e-04 | 69 -0.01676 -1.02353e-04
 70 -0.01659 -1.64664e-04 | 71 -0.01666 -1.51775e-05 | 72 -0.35490  5.80160e-02
 73 -0.19384  1.45950e-02 | 74 -0.07475 -1.59905e-03 | 75  0.14668  3.71312e-03
 76 -0.30604 -2.08911e-01 | 77 -0.16602 -1.37968e-01 | 78 -0.08163  3.57310e-03
 79  0.01895 -4.68204e-03 | 80  1.02692 -4.85973e-05 | 81  0.05583  9.30290e-05
 82  0.26354  1.25997e-03 | 83 -0.00230 -1.13444e-05 | 84  0.00076  8.64720e-06
 85 -0.00945 -4.66299e-05 | 86  0.00079  2.63486e-08 | 87  0.00116  5.74743e-06
87 variables; iteration 440; function evaluation 540; phase 3
Function value -8.7630769e+01; maximum gradient component mag 6.6517e-01
Var    Value     Gradient |Var    Value     Gradient |Var    Value     Gradient
  1  1.00575  4.51189e-06 |  2  0.00032 -1.37901e-05 |  3  0.00038 -5.85968e-06
  4 -0.01552 -3.80384e-05 |  5 -0.01545  2.44033e-06 |  6 -0.01537 -3.51929e-05
  7 -0.01527  4.58352e-06 |  8 -0.01515 -8.64275e-07 |  9 -0.01501  1.38193e-05
 10 -0.01486  1.06929e-05 | 11 -0.01470  4.12695e-07 | 12 -0.01452 -8.45330e-06
 13 -0.01431 -1.17267e-05 | 14 -0.01405 -2.16260e-06 | 15 -0.01369  1.09874e-05
 16 -0.01318  4.37242e-06 | 17 -0.01252  2.23442e-06 | 18 -0.01116  2.27846e-06
 19 -0.00945 -2.11050e-05 | 20 -0.00761 -3.76179e-05 | 21 -0.00541  4.60234e-05
 22 -0.00299  8.55775e-06 | 23 -0.00067  1.19255e-06 | 24  0.00110 -1.23916e-05
 25  0.00212  1.82097e-05 | 26  0.00179  3.35142e-07 | 27  0.00033 -2.94722e-05
 28 -0.00195 -5.65092e-05 | 29 -0.00402 -6.19355e-05 | 30 -0.00654 -9.79698e-05
 31 -0.00932 -9.84428e-05 | 32 -0.01082 -1.11041e-04 | 33 -0.00942  7.69197e-05
 34 -0.00860  1.12919e-03 | 35 -0.00579  4.69862e-03 | 36 -0.01826  5.55480e-03
 37 -0.02692 -6.01961e-03 | 38 -0.01321 -4.21189e-03 | 39 -0.04678 -7.38221e-05
 40 -0.03961 -2.96621e-05 | 41 -0.03249 -1.36592e-05 | 42 -0.02832  1.33513e-05
 43 -0.02487  4.09824e-05 | 44 -0.02633  1.01628e-04 | 45 -0.03337  1.10953e-04
 46 -0.03611 -2.53691e-04 | 47 -0.01318 -2.60673e-04 | 48  0.01857  2.18534e-04
 49  0.00130  1.41904e-03 | 50 -0.03024  2.75959e-04 | 51 -0.02015  1.35136e-03
 52 -0.06038 -7.63475e-04 | 53 -0.03063 -1.25613e-03 | 54 -0.01446 -1.51421e-03
 55 -0.01542 -1.28043e-03 | 56  0.00165 -6.13710e-04 | 57  0.00418 -2.87053e-04
 58  0.00788  1.38147e-03 | 59 -0.03364  4.49700e-04 | 60 -0.02874 -9.95960e-04
 61  0.02361  3.78298e-04 | 62 -0.03171  8.98067e-04 | 63 -0.04616 -4.44527e-04
 64 -0.01427 -5.20387e-04 | 65 -0.03265  2.06268e-04 | 66 -0.05122  6.00364e-04
 67 -0.05735 -2.33451e-04 | 68 -0.03182 -2.14821e-04 | 69 -0.01676 -3.05566e-05
 70 -0.01659 -9.96204e-06 | 71 -0.01666 -4.49258e-06 | 72 -0.35491  6.65167e-01
 73 -0.19262  2.10158e-01 | 74 -0.07476 -1.03850e-02 | 75  0.14009  3.78955e-02
 76 -0.30604  1.78478e-01 | 77 -0.16556  1.20318e-01 | 78 -0.08164 -7.49459e-04
 79  0.00509  3.74232e-03 | 80  1.02694  6.43077e-05 | 81  0.05256 -2.80780e-04
 82  0.26354 -4.95587e-06 | 83  0.01003  4.94838e-05 | 84 -0.00075  1.14548e-06
 85  0.00141  6.95416e-06 | 86  0.00093  7.57686e-07 | 87  0.00006  2.95021e-07
87 variables; iteration 460; function evaluation 560; phase 3
Function value -8.7630772e+01; maximum gradient component mag 1.9437e-02
Var    Value     Gradient |Var    Value     Gradient |Var    Value     Gradient
  1  1.03371  1.27089e-04 |  2  0.00032  1.05277e-06 |  3  0.00038  4.61672e-06
  4 -0.01552  4.59235e-07 |  5 -0.01545 -2.77238e-06 |  6 -0.01537 -1.46989e-05
  7 -0.01527 -9.80494e-06 |  8 -0.01515 -1.58089e-05 |  9 -0.01501 -4.93105e-06
 10 -0.01486  3.60997e-06 | 11 -0.01470  1.26366e-06 | 12 -0.01452  3.36476e-06
 13 -0.01431  5.65811e-06 | 14 -0.01405  8.34358e-06 | 15 -0.01369 -5.83410e-06
 16 -0.01318 -8.66836e-06 | 17 -0.01252 -1.92920e-05 | 18 -0.01116  1.89551e-05
 19 -0.00945  2.32778e-05 | 20 -0.00761 -2.31155e-05 | 21 -0.00541 -1.33749e-06
 22 -0.00299  2.12486e-05 | 23 -0.00067 -1.40456e-05 | 24  0.00110  1.04405e-05
 25  0.00212  1.31555e-05 | 26  0.00179  1.61055e-05 | 27  0.00033  8.51730e-06
 28 -0.00195  1.87917e-05 | 29 -0.00402  1.22233e-05 | 30 -0.00654  3.18789e-05
 31 -0.00932 -2.37068e-06 | 32 -0.01082 -2.56071e-06 | 33 -0.00942 -2.99585e-06
 34 -0.00860  6.10071e-05 | 35 -0.00579  1.08442e-04 | 36 -0.01826  1.70885e-04
 37 -0.02692 -1.73624e-04 | 38 -0.01321 -1.24635e-04 | 39 -0.04678 -1.94451e-06
 40 -0.03961 -6.34369e-06 | 41 -0.03249 -2.14029e-05 | 42 -0.02832 -2.97038e-05
 43 -0.02487 -2.31893e-05 | 44 -0.02633 -2.50950e-05 | 45 -0.03337  1.53389e-05
 46 -0.03611 -2.95336e-05 | 47 -0.01318 -1.09892e-05 | 48  0.01857 -2.05575e-06
 49  0.00130  3.62056e-05 | 50 -0.03024  2.73250e-05 | 51 -0.02015  6.64193e-05
 52 -0.06038 -1.76341e-05 | 53 -0.03063  1.13335e-05 | 54 -0.01446  3.51544e-06
 55 -0.01542  3.29065e-05 | 56  0.00165  4.80533e-05 | 57  0.00418  2.24916e-05
 58  0.00788  3.86598e-05 | 59 -0.03364 -8.63955e-05 | 60 -0.02874 -1.85162e-04
 61  0.02361 -1.35807e-04 | 62 -0.03171 -7.29313e-05 | 63 -0.04616 -6.59398e-05
 64 -0.01427 -5.92567e-05 | 65 -0.03265  6.96929e-05 | 66 -0.05122  3.28930e-05
 67 -0.05735  4.58948e-06 | 68 -0.03182  1.21887e-05 | 69 -0.01676 -7.25255e-06
 70 -0.01659  3.57695e-06 | 71 -0.01666 -1.05316e-05 | 72 -0.35491  1.94366e-02
 73 -0.19195  4.43405e-03 | 74 -0.07476 -4.31876e-04 | 75  0.13620  1.59360e-03
 76 -0.30604 -1.44687e-02 | 77 -0.16539 -9.85583e-03 | 78 -0.08164  9.84281e-05
 79 -0.00072 -2.66223e-04 | 80  1.02694  4.03959e-05 | 81  0.05319 -1.68272e-04
 82  0.26354 -8.23313e-05 | 83  0.00670  3.30746e-05 | 84 -0.00092  3.47024e-07
 85 -0.00010 -4.92364e-07 | 86  0.00087  4.37380e-07 | 87  0.00003  1.66033e-07
87 variables; iteration 480; function evaluation 580; phase 3
Function value -8.7630773e+01; maximum gradient component mag -5.8785e-01
Var    Value     Gradient |Var    Value     Gradient |Var    Value     Gradient
  1  1.02930  1.09274e-04 |  2  0.00032 -1.22012e-04 |  3  0.00037 -4.15890e-04
  4 -0.01553 -7.64635e-05 |  5 -0.01545  1.63022e-05 |  6 -0.01537  5.47994e-04
  7 -0.01526  4.18382e-04 |  8 -0.01514  6.01497e-04 |  9 -0.01501  2.09188e-04
 10 -0.01486 -1.35046e-04 | 11 -0.01470 -2.73693e-04 | 12 -0.01452 -5.53148e-04
 13 -0.01431 -6.38407e-04 | 14 -0.01405 -4.83671e-04 | 15 -0.01369  1.42520e-04
 16 -0.01318  6.00240e-04 | 17 -0.01252  1.12603e-03 | 18 -0.01116 -8.90815e-04
 19 -0.00946 -1.20141e-03 | 20 -0.00760  9.25096e-04 | 21 -0.00541  8.40648e-05
 22 -0.00300 -1.04530e-03 | 23 -0.00067  9.41541e-04 | 24  0.00110 -3.03707e-04
 25  0.00211 -2.03043e-04 | 26  0.00179 -4.10264e-04 | 27  0.00033  1.85368e-05
 28 -0.00195 -3.13655e-04 | 29 -0.00402  3.64546e-05 | 30 -0.00654 -8.39693e-04
 31 -0.00931  1.05309e-03 | 32 -0.01081  3.57231e-04 | 33 -0.00941  6.96043e-04
 34 -0.00860 -9.29433e-04 | 35 -0.00578  3.39940e-03 | 36 -0.01826  1.90879e-03
 37 -0.02692  1.75167e-03 | 38 -0.01321 -1.86201e-03 | 39 -0.04678 -1.82870e-04
 40 -0.03961  3.07031e-04 | 41 -0.03249  5.18107e-04 | 42 -0.02832  5.30127e-04
 43 -0.02487 -1.10153e-04 | 44 -0.02633  5.14515e-06 | 45 -0.03338 -2.33056e-03
 46 -0.03612 -1.02485e-03 | 47 -0.01319 -2.55817e-03 | 48  0.01856 -2.61768e-03
 49  0.00130 -2.67490e-04 | 50 -0.03024  3.67434e-04 | 51 -0.02015  4.07318e-03
 52 -0.06037  4.85981e-03 | 53 -0.03063  4.02787e-03 | 54 -0.01446  2.14878e-03
 55 -0.01542  4.64044e-04 | 56  0.00166  3.48359e-03 | 57  0.00419  3.70069e-03
 58  0.00788  3.84974e-03 | 59 -0.03363  4.47707e-03 | 60 -0.02874  3.71097e-03
 61  0.02361  1.83073e-03 | 62 -0.03171 -2.19291e-03 | 63 -0.04616 -4.00810e-03
 64 -0.01427 -6.26720e-03 | 65 -0.03266 -8.58766e-03 | 66 -0.05121 -2.53364e-03
 67 -0.05735 -1.30786e-03 | 68 -0.03182 -1.18113e-03 | 69 -0.01676  9.24851e-05
 70 -0.01659  3.24224e-05 | 71 -0.01666  3.81264e-04 | 72 -0.35491  3.74892e-01
 73 -0.19123  1.19387e-01 | 74 -0.07476 -1.13381e-02 | 75  0.13183  1.98803e-02
 76 -0.30605 -5.87850e-01 | 77 -0.16524 -4.01178e-01 | 78 -0.08166 -7.61344e-04
 79 -0.00555 -1.11943e-02 | 80  1.02694  4.72250e-05 | 81  0.05178 -4.69009e-04
 82  0.26354  1.76105e-03 | 83  0.02375  1.17272e-04 | 84 -0.00365 -1.31284e-05
 85 -0.01251 -6.17473e-05 | 86 -0.00504 -2.85839e-05 | 87 -0.00174 -8.60256e-06
87 variables; iteration 500; function evaluation 602; phase 3
Function value -8.7630783e+01; maximum gradient component mag 5.1048e-01
Var    Value     Gradient |Var    Value     Gradient |Var    Value     Gradient
  1  1.00182 -4.79483e-05 |  2  0.00032  7.17827e-05 |  3  0.00038  1.77825e-04
  4 -0.01552  1.37554e-04 |  5 -0.01545  4.36371e-05 |  6 -0.01537 -1.29314e-04
  7 -0.01527 -1.56456e-04 |  8 -0.01515 -2.27529e-04 |  9 -0.01501 -1.01193e-04
 10 -0.01486  3.21340e-05 | 11 -0.01469  1.07823e-04 | 12 -0.01452  2.30500e-04
 13 -0.01431  2.62421e-04 | 14 -0.01404  1.74486e-04 | 15 -0.01369 -9.21169e-05
 16 -0.01318 -2.58123e-04 | 17 -0.01253 -5.05236e-04 | 18 -0.01115  2.78672e-04
 19 -0.00945  4.36240e-04 | 20 -0.00761 -2.33986e-04 | 21 -0.00541 -2.30878e-04
 22 -0.00299  2.66691e-04 | 23 -0.00067 -4.34747e-04 | 24  0.00110  1.28798e-05
 25  0.00211 -1.88131e-04 | 26  0.00179 -7.12009e-05 | 27  0.00033 -1.80857e-04
 28 -0.00195  5.85943e-06 | 29 -0.00402 -2.12148e-04 | 30 -0.00653  1.57291e-04
 31 -0.00932 -5.85525e-04 | 32 -0.01082 -2.63210e-04 | 33 -0.00942 -2.27608e-04
 34 -0.00859  9.87833e-04 | 35 -0.00579  1.83022e-03 | 36 -0.01826  2.30965e-03
 37 -0.02693 -4.82056e-03 | 38 -0.01321 -1.74963e-03 | 39 -0.04678  2.20960e-04
 40 -0.03961  8.34832e-05 | 41 -0.03249  1.02402e-04 | 42 -0.02832  4.54472e-05
 43 -0.02487  3.03966e-04 | 44 -0.02632  3.96069e-04 | 45 -0.03337  1.14189e-03
 46 -0.03611  3.43132e-04 | 47 -0.01318  5.03928e-04 | 48  0.01857  1.15167e-03
 49  0.00129  1.08825e-03 | 50 -0.03024  3.17319e-04 | 51 -0.02015  2.91585e-04
 52 -0.06038 -1.33408e-03 | 53 -0.03063 -1.05839e-03 | 54 -0.01446 -7.89383e-04
 55 -0.01542  3.20440e-05 | 56  0.00165  1.16454e-03 | 57  0.00418  1.51147e-03
 58  0.00788  2.18833e-03 | 59 -0.03364  4.11247e-04 | 60 -0.02874 -9.04559e-04
 61  0.02361 -1.27194e-03 | 62 -0.03171 -9.24016e-04 | 63 -0.04616 -1.01840e-03
 64 -0.01427 -1.57193e-03 | 65 -0.03265  7.60177e-05 | 66 -0.05122  1.85123e-04
 67 -0.05735  9.65765e-07 | 68 -0.03182  2.20739e-04 | 69 -0.01676  5.71143e-05
 70 -0.01659  1.88227e-05 | 71 -0.01666 -9.12951e-05 | 72 -0.35491  5.10475e-01
 73 -0.18968  1.74675e-01 | 74 -0.07476 -3.60645e-03 | 75  0.12157  2.55035e-02
 76 -0.30604 -4.44413e-02 | 77 -0.16557 -3.03952e-02 | 78 -0.08164  7.56377e-05
 79  0.00517 -8.82113e-04 | 80  1.02692 -3.95788e-05 | 81  0.06116  2.57243e-04
 82  0.26353 -8.38969e-04 | 83 -0.01162 -5.73463e-05 | 84 -0.00087  5.36064e-07
 85 -0.00222 -1.09412e-05 | 86  0.00201  6.07500e-06 | 87  0.00048  2.38629e-06
87 variables; iteration 520; function evaluation 624; phase 3
Function value -8.7630792e+01; maximum gradient component mag 3.4423e-01
Var    Value     Gradient |Var    Value     Gradient |Var    Value     Gradient
  1  1.01148  3.50523e-05 |  2  0.00032 -1.78698e-05 |  3  0.00038 -4.96340e-05
  4 -0.01552 -3.03943e-05 |  5 -0.01545 -1.59954e-06 |  6 -0.01537  4.28121e-05
  7 -0.01527  4.00213e-05 |  8 -0.01515  6.42279e-05 |  9 -0.01501  2.82081e-05
 10 -0.01486 -9.24602e-06 | 11 -0.01470 -2.52756e-05 | 12 -0.01452 -6.43385e-05
 13 -0.01431 -7.79698e-05 | 14 -0.01405 -5.85590e-05 | 15 -0.01369  2.09778e-05
 16 -0.01318  7.00850e-05 | 17 -0.01252  1.39763e-04 | 18 -0.01116 -9.13225e-05
 19 -0.00945 -1.48021e-04 | 20 -0.00760  8.88517e-05 | 21 -0.00541  1.74155e-05
 22 -0.00299 -1.11198e-04 | 23 -0.00067  1.11306e-04 | 24  0.00110 -3.05355e-05
 25  0.00212 -1.10594e-05 | 26  0.00179 -4.04405e-05 | 27  0.00033  3.92580e-06
 28 -0.00195 -4.60984e-05 | 29 -0.00402 -2.12040e-05 | 30 -0.00654 -1.22800e-04
 31 -0.00932  1.00456e-04 | 32 -0.01082  3.49073e-06 | 33 -0.00942  1.25330e-04
 34 -0.00860  4.18618e-04 | 35 -0.00579  2.40648e-03 | 36 -0.01826  2.61893e-03
 37 -0.02692 -2.38632e-03 | 38 -0.01321 -1.90076e-03 | 39 -0.04678 -7.82850e-05
 40 -0.03961 -1.12078e-05 | 41 -0.03249  7.02391e-05 | 42 -0.02832  7.93538e-05
 43 -0.02487  1.31358e-05 | 44 -0.02633  4.62629e-05 | 45 -0.03337 -2.40303e-04
 46 -0.03611 -1.63779e-04 | 47 -0.01318 -2.06235e-04 | 48  0.01857  2.79361e-04
 49  0.00130  9.68604e-04 | 50 -0.03024  2.06402e-04 | 51 -0.02015  7.06483e-04
 52 -0.06038  1.30510e-04 | 53 -0.03063 -2.82045e-04 | 54 -0.01446 -2.19761e-04
 55 -0.01542 -3.38069e-04 | 56  0.00165 -2.09267e-04 | 57  0.00418 -1.31073e-04
 58  0.00788  6.41697e-04 | 59 -0.03364  4.82755e-04 | 60 -0.02874 -3.91883e-04
 61  0.02361  2.45122e-04 | 62 -0.03171  3.56982e-04 | 63 -0.04616 -3.31919e-04
 64 -0.01427 -2.15337e-04 | 65 -0.03265 -5.92047e-04 | 66 -0.05122 -3.48182e-04
 67 -0.05735 -5.64636e-04 | 68 -0.03182 -3.19716e-04 | 69 -0.01676 -7.45493e-06
 70 -0.01659 -1.20325e-05 | 71 -0.01666  4.10461e-05 | 72 -0.35491  2.63781e-01
 73 -0.18836  9.13725e-02 | 74 -0.07476 -4.11366e-03 | 75  0.11169  1.22581e-02
 76 -0.30604  3.44226e-01 | 77 -0.16514  2.34658e-01 | 78 -0.08164 -2.00282e-03
 79 -0.00956  6.29273e-03 | 80  1.02694  4.71558e-05 | 81  0.05289 -2.19097e-04
 82  0.26354  2.12156e-04 | 83  0.00904  4.46154e-05 | 84 -0.00120 -1.05938e-06
 85 -0.00049 -2.41652e-06 | 86  0.00023 -2.68592e-06 | 87 -0.00012 -5.68438e-07
87 variables; iteration 540; function evaluation 646; phase 3
Function value -8.7630799e+01; maximum gradient component mag 9.9800e-01
Var    Value     Gradient |Var    Value     Gradient |Var    Value     Gradient
  1  1.00247 -3.10490e-05 |  2  0.00032 -6.75917e-05 |  3  0.00038 -1.56764e-04
  4 -0.01553 -1.05574e-04 |  5 -0.01545 -7.66357e-06 |  6 -0.01537  1.26662e-04
  7 -0.01527  1.43081e-04 |  8 -0.01515  2.13209e-04 |  9 -0.01501  1.04358e-04
 10 -0.01486 -1.67421e-05 | 11 -0.01470 -7.22537e-05 | 12 -0.01452 -1.82823e-04
 13 -0.01431 -2.20018e-04 | 14 -0.01405 -1.59059e-04 | 15 -0.01369  8.09223e-05
 16 -0.01318  2.16258e-04 | 17 -0.01252  4.17125e-04 | 18 -0.01116 -2.73751e-04
 19 -0.00945 -4.21354e-04 | 20 -0.00760  2.40456e-04 | 21 -0.00541  1.63735e-04
 22 -0.00299 -2.98994e-04 | 23 -0.00067  3.43786e-04 | 24  0.00110 -8.60769e-05
 25  0.00212  3.47354e-05 | 26  0.00179 -6.09701e-05 | 27  0.00033  1.17979e-05
 28 -0.00195 -1.63293e-04 | 29 -0.00402  5.10461e-07 | 30 -0.00654 -3.75512e-04
 31 -0.00932  2.69897e-04 | 32 -0.01082  2.45609e-05 | 33 -0.00942  2.94054e-04
 34 -0.00860  7.28568e-04 | 35 -0.00579  5.23388e-03 | 36 -0.01826  5.62793e-03
 37 -0.02692 -4.93020e-03 | 38 -0.01321 -4.30180e-03 | 39 -0.04678 -1.08205e-04
 40 -0.03961  1.68537e-05 | 41 -0.03249  5.63353e-05 | 42 -0.02832  1.39777e-04
 43 -0.02487 -4.15335e-05 | 44 -0.02633  2.61973e-05 | 45 -0.03337 -7.11051e-04
 46 -0.03612 -6.40636e-04 | 47 -0.01318 -1.11623e-03 | 48  0.01857 -1.07400e-03
 49  0.00130  8.27330e-04 | 50 -0.03024  1.87717e-04 | 51 -0.02015  2.40735e-03
 52 -0.06038  6.23768e-04 | 53 -0.03063 -9.03739e-05 | 54 -0.01446 -1.18181e-03
 55 -0.01542 -1.49507e-03 | 56  0.00165 -1.99878e-04 | 57  0.00418  1.39560e-04
 58  0.00788  1.69635e-03 | 59 -0.03363  1.36983e-03 | 60 -0.02874  2.24506e-04
 61  0.02361  1.36426e-03 | 62 -0.03171  7.84642e-04 | 63 -0.04616 -9.68426e-04
 64 -0.01427 -1.48771e-03 | 65 -0.03266 -1.64721e-03 | 66 -0.05121  3.75882e-04
 67 -0.05735 -2.92360e-04 | 68 -0.03182 -4.84711e-04 | 69 -0.01676 -2.62244e-05
 70 -0.01659 -3.25606e-05 | 71 -0.01666  1.10496e-04 | 72 -0.35491  9.97998e-01
 73 -0.18704  3.61443e-01 | 74 -0.07476 -1.33691e-02 | 75  0.10060  4.10997e-02
 76 -0.30604 -9.39308e-02 | 77 -0.16505 -6.39113e-02 | 78 -0.08164  1.24062e-04
 79 -0.01288 -1.71320e-03 | 80  1.02693  6.51492e-06 | 81  0.05364 -1.03928e-04
 82  0.26354  7.77887e-04 | 83  0.00763  3.76537e-05 | 84 -0.00137 -1.90802e-06
 85  0.00144  7.12621e-06 | 86 -0.00053 -6.42296e-06 | 87 -0.00037 -1.83448e-06
87 variables; iteration 560; function evaluation 668; phase 3
Function value -8.7630805e+01; maximum gradient component mag 3.6622e-01
Var    Value     Gradient |Var    Value     Gradient |Var    Value     Gradient
  1  1.00434 -6.50669e-06 |  2  0.00032  3.49353e-05 |  3  0.00038  9.41989e-05
  4 -0.01552  3.76268e-05 |  5 -0.01545  1.84955e-05 |  6 -0.01537 -9.57496e-05
  7 -0.01527 -6.08101e-05 |  8 -0.01515 -1.20147e-04 |  9 -0.01501 -5.02269e-05
 10 -0.01486  1.33386e-05 | 11 -0.01470  3.29424e-05 | 12 -0.01452  9.10262e-05
 13 -0.01431  1.12820e-04 | 14 -0.01405  8.95517e-05 | 15 -0.01369 -3.36766e-05
 16 -0.01318 -1.08612e-04 | 17 -0.01252 -2.28302e-04 | 18 -0.01115  1.63545e-04
 19 -0.00945  2.31299e-04 | 20 -0.00761 -1.52504e-04 | 21 -0.00541 -5.23131e-05
 22 -0.00299  1.87854e-04 | 23 -0.00067 -1.75173e-04 | 24  0.00110  5.91040e-05
 25  0.00211  4.31647e-06 | 26  0.00179  4.86762e-05 | 27  0.00033 -1.77428e-05
 28 -0.00195  5.89428e-05 | 29 -0.00402 -6.12608e-05 | 30 -0.00654  1.34878e-04
 31 -0.00932 -2.46693e-04 | 32 -0.01082 -1.31089e-04 | 33 -0.00942 -9.95366e-05
 34 -0.00859  6.79041e-04 | 35 -0.00579  1.78637e-03 | 36 -0.01826  2.45409e-03
 37 -0.02692 -3.15203e-03 | 38 -0.01321 -2.00793e-03 | 39 -0.04678 -8.14732e-05
 40 -0.03961 -3.86845e-05 | 41 -0.03249 -4.78223e-05 | 42 -0.02832 -8.10206e-05
 43 -0.02487  4.03838e-05 | 44 -0.02633  6.34846e-05 | 45 -0.03337  4.92443e-04
 46 -0.03611  1.14167e-04 | 47 -0.01318  3.84935e-04 | 48  0.01857  9.16665e-04
 49  0.00130  1.04463e-03 | 50 -0.03024  2.09751e-04 | 51 -0.02015 -2.85402e-05
 52 -0.06038 -1.14187e-03 | 53 -0.03063 -1.30645e-03 | 54 -0.01446 -8.63098e-04
 55 -0.01542 -4.01175e-04 | 56  0.00165 -4.59116e-04 | 57  0.00418 -2.88962e-04
 58  0.00788  5.56812e-04 | 59 -0.03364 -1.80687e-04 | 60 -0.02874 -1.03992e-03
 61  0.02361 -3.71936e-04 | 62 -0.03171  4.83221e-04 | 63 -0.04616  4.72582e-07
 64 -0.01427  1.76961e-04 | 65 -0.03265  1.05324e-03 | 66 -0.05122  2.96688e-04
 67 -0.05735 -1.29646e-04 | 68 -0.03182  3.36378e-05 | 69 -0.01676 -1.30592e-05
 70 -0.01659  3.53593e-05 | 71 -0.01666 -6.19938e-05 | 72 -0.35491  3.66219e-01
 73 -0.18589  1.36878e-01 | 74 -0.07476 -2.82633e-03 | 75  0.08984  1.41774e-02
 76 -0.30604  3.01502e-01 | 77 -0.16494  2.06323e-01 | 78 -0.08164 -1.10254e-03
 79 -0.01728  5.12932e-03 | 80  1.02694  4.15745e-05 | 81  0.05410 -4.86452e-05
 82  0.26353 -6.11915e-04 | 83  0.00078  3.86860e-06 | 84 -0.00059  1.92767e-06
 85 -0.00013 -6.50932e-07 | 86  0.00154  3.76829e-06 | 87  0.00007  3.53805e-07
87 variables; iteration 580; function evaluation 691; phase 3
Function value -8.7630813e+01; maximum gradient component mag 5.6910e-01
Var    Value     Gradient |Var    Value     Gradient |Var    Value     Gradient
  1  1.00307 -2.08731e-05 |  2  0.00032  7.75794e-05 |  3  0.00038  2.07215e-04
  4 -0.01552  1.24205e-04 |  5 -0.01545  4.83075e-05 |  6 -0.01537 -1.36047e-04
  7 -0.01527 -1.09203e-04 |  8 -0.01515 -2.12044e-04 |  9 -0.01501 -9.48636e-05
 10 -0.01486  2.18968e-05 | 11 -0.01469  8.09439e-05 | 12 -0.01452  2.15966e-04
 13 -0.01431  2.58874e-04 | 14 -0.01404  1.85507e-04 | 15 -0.01369 -7.44050e-05
 16 -0.01318 -2.64727e-04 | 17 -0.01253 -5.47763e-04 | 18 -0.01115  2.64875e-04
 19 -0.00945  4.49974e-04 | 20 -0.00761 -2.37305e-04 | 21 -0.00541 -1.28041e-04
 22 -0.00299  2.98585e-04 | 23 -0.00067 -4.09358e-04 | 24  0.00110  2.07672e-05
 25  0.00211 -1.29672e-04 | 26  0.00179 -5.46652e-06 | 27  0.00033 -1.56927e-04
 28 -0.00195  1.82244e-05 | 29 -0.00402 -1.69105e-04 | 30 -0.00653  1.80823e-04
 31 -0.00932 -6.06649e-04 | 32 -0.01082 -2.69592e-04 | 33 -0.00942 -2.77548e-04
 34 -0.00859  6.82771e-04 | 35 -0.00579  1.42059e-03 | 36 -0.01826  2.15849e-03
 37 -0.02692 -3.74674e-03 | 38 -0.01322 -2.00697e-03 | 39 -0.04678  3.10705e-06
 40 -0.03961  2.63657e-05 | 41 -0.03249 -1.38743e-05 | 42 -0.02832 -2.22309e-05
 43 -0.02487  2.11167e-04 | 44 -0.02632  2.51024e-04 | 45 -0.03337  1.19734e-03
 46 -0.03611  5.54262e-04 | 47 -0.01318  9.06645e-04 | 48  0.01857  1.68072e-03
 49  0.00129  1.26859e-03 | 50 -0.03024  3.28845e-04 | 51 -0.02015 -2.04111e-04
 52 -0.06038 -1.89612e-03 | 53 -0.03063 -2.02096e-03 | 54 -0.01446 -1.58574e-03
 55 -0.01542 -7.35053e-04 | 56  0.00165 -1.40823e-04 | 57  0.00418  3.44518e-04
 58  0.00788  1.34814e-03 | 59 -0.03364  3.08253e-04 | 60 -0.02874 -4.19823e-04
 61  0.02361 -4.42839e-04 | 62 -0.03171  3.44859e-04 | 63 -0.04616 -3.70868e-04
 64 -0.01427 -8.67201e-04 | 65 -0.03265  9.77809e-04 | 66 -0.05122  4.05506e-04
 67 -0.05735  1.26590e-04 | 68 -0.03182  2.40210e-04 | 69 -0.01676  6.31545e-05
 70 -0.01659  8.57045e-05 | 71 -0.01666 -8.51219e-05 | 72 -0.35491  5.69104e-01
 73 -0.18436  2.22586e-01 | 74 -0.07476 -2.17132e-03 | 75  0.07305  1.89821e-02
 76 -0.30603  8.52995e-02 | 77 -0.16479  5.70182e-02 | 78 -0.08163 -7.47102e-04
 79 -0.02407  1.25490e-03 | 80  1.02695  7.42799e-05 | 81  0.05597  1.00990e-04
 82  0.26353 -1.25147e-03 | 83 -0.00135 -6.65877e-06 | 84 -0.00014  4.12287e-06
 85 -0.00229 -1.12958e-05 | 86  0.00215  6.75534e-06 | 87 -0.00008 -4.09461e-07
87 variables; iteration 600; function evaluation 714; phase 3
Function value -8.7630816e+01; maximum gradient component mag 3.4013e-01
Var    Value     Gradient |Var    Value     Gradient |Var    Value     Gradient
  1  1.00309 -2.05803e-05 |  2  0.00032  1.03793e-04 |  3  0.00038  2.85945e-04
  4 -0.01552  1.47301e-04 |  5 -0.01545  8.82464e-05 |  6 -0.01537 -2.62083e-04
  7 -0.01527 -1.65633e-04 |  8 -0.01515 -3.51766e-04 |  9 -0.01501 -1.51804e-04
 10 -0.01486  3.09539e-05 | 11 -0.01469  9.87046e-05 | 12 -0.01452  2.85818e-04
 13 -0.01431  3.55061e-04 | 14 -0.01404  2.67626e-04 | 15 -0.01369 -1.00749e-04
 16 -0.01318 -3.20006e-04 | 17 -0.01253 -7.06027e-04 | 18 -0.01115  4.43897e-04
 19 -0.00945  6.67009e-04 | 20 -0.00761 -3.78750e-04 | 21 -0.00541 -1.90270e-04
 22 -0.00299  5.10058e-04 | 23 -0.00068 -5.22492e-04 | 24  0.00110  1.39003e-04
 25  0.00211 -5.44076e-05 | 26  0.00179  9.75469e-05 | 27  0.00033 -5.81668e-05
 28 -0.00195  1.91888e-04 | 29 -0.00402 -1.68087e-04 | 30 -0.00653  4.22831e-04
 31 -0.00932 -6.81929e-04 | 32 -0.01082 -3.01860e-04 | 33 -0.00942 -4.11016e-04
 34 -0.00859  6.98706e-04 | 35 -0.00579  3.35155e-04 | 36 -0.01826  1.29453e-03
 37 -0.02693 -3.19260e-03 | 38 -0.01322 -1.43431e-03 | 39 -0.04678 -5.17991e-05
 40 -0.03961 -5.26734e-05 | 41 -0.03249 -1.02375e-04 | 42 -0.02832 -2.05898e-04
 43 -0.02487  1.43905e-04 | 44 -0.02632  1.74978e-04 | 45 -0.03337  1.42570e-03
 46 -0.03611  5.75005e-04 | 47 -0.01318  1.15843e-03 | 48  0.01857  1.82188e-03
 49  0.00129  1.00725e-03 | 50 -0.03024  2.05745e-04 | 51 -0.02015 -1.08327e-03
 52 -0.06038 -2.58483e-03 | 53 -0.03063 -2.49686e-03 | 54 -0.01446 -1.59705e-03
 55 -0.01542 -3.01091e-04 | 56  0.00165 -3.79358e-04 | 57  0.00418  5.25524e-05
 58  0.00788  9.43511e-04 | 59 -0.03364 -4.09376e-04 | 60 -0.02874 -1.00160e-03
 61  0.02361 -8.99360e-04 | 62 -0.03171  4.71981e-04 | 63 -0.04616  2.28407e-04
 64 -0.01427  1.34098e-04 | 65 -0.03265  2.38207e-03 | 66 -0.05122  6.29387e-04
 67 -0.05735  2.46376e-04 | 68 -0.03182  4.03115e-04 | 69 -0.01676 -2.56715e-06
 70 -0.01659  1.19092e-04 | 71 -0.01666 -1.64239e-04 | 72 -0.35491  3.40130e-01
 73 -0.18360  1.36393e-01 | 74 -0.07476  8.68863e-04 | 75  0.06359  1.06795e-02
 76 -0.30603  2.06161e-01 | 77 -0.16466  1.41335e-01 | 78 -0.08163 -5.52006e-04
 79 -0.02921  3.08660e-03 | 80  1.02695  8.91607e-05 | 81  0.05461  2.09444e-06
 82  0.26353 -1.88100e-03 | 83 -0.00380 -1.87738e-05 | 84  0.00018  5.73020e-06
 85 -0.00112 -5.55172e-06 | 86  0.00293  1.05605e-05 | 87  0.00006  2.82724e-07
87 variables; iteration 620; function evaluation 737; phase 3
Function value -8.7630819e+01; maximum gradient component mag 1.8094e-01
Var    Value     Gradient |Var    Value     Gradient |Var    Value     Gradient
  1  1.00432 -6.66168e-06 |  2  0.00032 -6.00388e-06 |  3  0.00038 -1.45176e-05
  4 -0.01552 -8.53508e-06 |  5 -0.01545 -4.67799e-06 |  6 -0.01537  1.26389e-05
  7 -0.01527  8.61498e-06 |  8 -0.01515  1.66109e-05 |  9 -0.01501  4.83637e-06
 10 -0.01486 -5.91852e-06 | 11 -0.01470 -9.64829e-06 | 12 -0.01452 -1.85525e-05
 13 -0.01431 -2.10965e-05 | 14 -0.01405 -1.64874e-05 | 15 -0.01369  4.28539e-06
 16 -0.01318  1.68760e-05 | 17 -0.01252  3.67775e-05 | 18 -0.01116 -3.04057e-05
 19 -0.00945 -4.18749e-05 | 20 -0.00761  2.16415e-05 | 21 -0.00541  2.85293e-06
 22 -0.00299 -3.47171e-05 | 23 -0.00067  2.50942e-05 | 24  0.00110 -1.47056e-05
 25  0.00212 -3.87181e-06 | 26  0.00179 -1.28522e-05 | 27  0.00033  1.98230e-06
 28 -0.00195 -1.23442e-05 | 29 -0.00402 -2.27400e-06 | 30 -0.00654 -3.22405e-05
 31 -0.00932  2.96785e-05 | 32 -0.01082  7.34060e-06 | 33 -0.00942  2.65725e-05
 34 -0.00860  5.50787e-05 | 35 -0.00579  4.30580e-04 | 36 -0.01826  4.55805e-04
 37 -0.02692 -4.05406e-04 | 38 -0.01321 -3.20801e-04 | 39 -0.04678  1.53264e-05
 40 -0.03961  1.45144e-05 | 41 -0.03249  9.33513e-06 | 42 -0.02832  1.07471e-05
 43 -0.02487 -4.19691e-06 | 44 -0.02633  4.82180e-06 | 45 -0.03337 -6.92605e-05
 46 -0.03611 -7.81559e-05 | 47 -0.01318 -1.57771e-04 | 48  0.01857 -2.25555e-04
 49  0.00130 -2.21959e-05 | 50 -0.03024  1.66640e-05 | 51 -0.02015  3.41344e-04
 52 -0.06038  1.47564e-04 | 53 -0.03063  1.40043e-04 | 54 -0.01446 -6.72868e-05
 55 -0.01542 -1.02570e-04 | 56  0.00165  1.39829e-04 | 57  0.00418  1.58645e-04
 58  0.00788  2.70066e-04 | 59 -0.03364  1.36214e-04 | 60 -0.02874  4.67272e-05
 61  0.02361  4.38326e-05 | 62 -0.03171 -8.97723e-05 | 63 -0.04616 -2.00932e-04
 64 -0.01427 -3.48320e-04 | 65 -0.03265 -2.63625e-04 | 66 -0.05122  8.30926e-05
 67 -0.05735  3.87303e-05 | 68 -0.03182 -2.37185e-05 | 69 -0.01676  8.94241e-07
 70 -0.01659 -4.66621e-06 | 71 -0.01666  8.68826e-06 | 72 -0.35491  1.80936e-01
 73 -0.18276  7.23534e-02 | 74 -0.07476 -1.55819e-03 | 75  0.05160  5.14814e-03
 76 -0.30604 -1.07324e-01 | 77 -0.16448 -7.38341e-02 | 78 -0.08164  4.10865e-04
 79 -0.03672 -1.73793e-03 | 80  1.02693  2.13902e-05 | 81  0.05406 -5.29836e-05
 82  0.26354  7.26505e-05 | 83  0.00375  1.84899e-05 | 84 -0.00101 -1.29131e-07
 85  0.00006  3.00973e-07 | 86  0.00065 -6.14932e-07 | 87 -0.00004 -1.87383e-07
87 variables; iteration 640; function evaluation 758; phase 3
Function value -8.7630822e+01; maximum gradient component mag 1.7491e-01
Var    Value     Gradient |Var    Value     Gradient |Var    Value     Gradient
  1  1.00272 -2.63541e-05 |  2  0.00032 -7.32919e-06 |  3  0.00038 -1.69912e-05
  4 -0.01552 -1.34274e-05 |  5 -0.01545  1.37268e-06 |  6 -0.01537  7.40315e-06
  7 -0.01527  1.30215e-05 |  8 -0.01515  1.85633e-05 |  9 -0.01501  1.14900e-05
 10 -0.01486  1.31145e-06 | 11 -0.01470 -5.32567e-06 | 12 -0.01452 -1.92406e-05
 13 -0.01431 -2.35563e-05 | 14 -0.01405 -1.57933e-05 | 15 -0.01369  1.07011e-05
 16 -0.01318  2.88939e-05 | 17 -0.01252  5.19172e-05 | 18 -0.01116 -2.21179e-05
 19 -0.00945 -4.45968e-05 | 20 -0.00761  2.20279e-05 | 21 -0.00541  1.04608e-05
 22 -0.00299 -2.67226e-05 | 23 -0.00067  4.00061e-05 | 24  0.00110 -9.23172e-07
 25  0.00212  1.10590e-05 | 26  0.00179 -5.65138e-06 | 27  0.00033  1.33859e-05
 28 -0.00195 -8.33730e-06 | 29 -0.00402 -9.21743e-06 | 30 -0.00654 -3.83779e-05
 31 -0.00932  4.03475e-05 | 32 -0.01082  2.68743e-06 | 33 -0.00942  3.49249e-05
 34 -0.00860  7.92655e-05 | 35 -0.00579  4.94358e-04 | 36 -0.01826  5.15928e-04
 37 -0.02692 -5.05408e-04 | 38 -0.01322 -4.05523e-04 | 39 -0.04678 -2.92110e-06
 40 -0.03961  1.33854e-06 | 41 -0.03249  9.34252e-06 | 42 -0.02832  7.19751e-06
 43 -0.02487 -6.91628e-06 | 44 -0.02633  3.48057e-06 | 45 -0.03337 -9.03052e-05
 46 -0.03611 -1.00931e-04 | 47 -0.01318 -1.79585e-04 | 48  0.01857 -2.55984e-04
 49  0.00130 -3.24585e-05 | 50 -0.03024 -1.38598e-05 | 51 -0.02015  2.67635e-04
 52 -0.06038  8.66164e-05 | 53 -0.03063  5.81243e-05 | 54 -0.01446 -1.09172e-04
 55 -0.01542 -1.05202e-04 | 56  0.00165  8.96628e-05 | 57  0.00418  1.26810e-04
 58  0.00788  2.69910e-04 | 59 -0.03364  1.48044e-04 | 60 -0.02874  4.02608e-05
 61  0.02361  1.06334e-04 | 62 -0.03171 -6.20268e-07 | 63 -0.04616 -1.08489e-04
 64 -0.01427 -1.92088e-04 | 65 -0.03265 -1.62104e-04 | 66 -0.05122  1.03451e-04
 67 -0.05735  2.27470e-05 | 68 -0.03182 -3.50167e-05 | 69 -0.01676 -9.41392e-06
 70 -0.01659 -4.04239e-06 | 71 -0.01666  1.12351e-05 | 72 -0.35491  1.74906e-01
 73 -0.18222  7.08560e-02 | 74 -0.07476 -1.51964e-03 | 75  0.04320  4.61822e-03
 76 -0.30604 -6.04655e-02 | 77 -0.16444 -4.11851e-02 | 78 -0.08165  3.63250e-04
 79 -0.03856 -1.03769e-03 | 80  1.02692 -4.16121e-05 | 81  0.05528  5.66039e-05
 82  0.26354  1.27552e-04 | 83 -0.00498 -2.45633e-05 | 84 -0.00108 -4.86833e-07
 85  0.00026  1.26690e-06 | 86  0.00065 -6.14918e-07 | 87 -0.00000 -2.19014e-08
87 variables; iteration 660; function evaluation 782; phase 3
Function value -8.7630823e+01; maximum gradient component mag 1.1290e-01
Var    Value     Gradient |Var    Value     Gradient |Var    Value     Gradient
  1  1.00184 -4.74449e-05 |  2  0.00032 -1.03762e-07 |  3  0.00038  5.02970e-07
  4 -0.01552  1.65158e-06 |  5 -0.01545  1.61719e-06 |  6 -0.01537 -3.71208e-07
  7 -0.01527  2.48530e-07 |  8 -0.01515  6.19885e-07 |  9 -0.01501  3.20305e-06
 10 -0.01486  5.12768e-06 | 11 -0.01470  4.96512e-06 | 12 -0.01452  5.14306e-06
 13 -0.01431  4.68378e-06 | 14 -0.01405  4.67206e-06 | 15 -0.01369  1.83155e-06
 16 -0.01318  2.72858e-08 | 17 -0.01252 -2.51122e-06 | 18 -0.01116  8.59894e-06
 19 -0.00945  8.17466e-06 | 20 -0.00761 -5.51414e-06 | 21 -0.00541  1.37121e-06
 22 -0.00299  5.68798e-06 | 23 -0.00067 -4.05193e-06 | 24  0.00110  2.04730e-06
 25  0.00212  1.51683e-07 | 26  0.00179 -1.35899e-06 | 27  0.00033 -7.57008e-06
 28 -0.00195 -9.21641e-06 | 29 -0.00402 -1.14712e-05 | 30 -0.00654 -1.28430e-05
 31 -0.00932 -1.88969e-05 | 32 -0.01082 -1.50204e-05 | 33 -0.00942  3.18372e-06
 34 -0.00860  8.80851e-05 | 35 -0.00579  3.11977e-04 | 36 -0.01826  3.49979e-04
 37 -0.02692 -4.59451e-04 | 38 -0.01322 -2.90339e-04 | 39 -0.04678 -2.50033e-05
 40 -0.03961 -8.46958e-06 | 41 -0.03249  4.11191e-06 | 42 -0.02832  6.71730e-06
 43 -0.02487  1.29631e-05 | 44 -0.02633  1.77408e-05 | 45 -0.03337  3.10774e-05
 46 -0.03611  1.47623e-05 | 47 -0.01318  3.68738e-05 | 48  0.01857  1.25126e-04
 49  0.00130  1.56196e-04 | 50 -0.03024  3.12883e-06 | 51 -0.02015 -4.98756e-05
 52 -0.06038 -1.37245e-04 | 53 -0.03063 -1.98255e-04 | 54 -0.01446 -1.07414e-04
 55 -0.01542 -8.27762e-05 | 56  0.00165 -1.15812e-04 | 57  0.00418 -7.30464e-05
 58  0.00788  5.17791e-05 | 59 -0.03364  4.30612e-05 | 60 -0.02874 -7.64489e-05
 61  0.02361  5.19676e-05 | 62 -0.03171  1.51809e-04 | 63 -0.04616  6.46487e-05
 64 -0.01427  1.31316e-04 | 65 -0.03265  1.16327e-04 | 66 -0.05122 -1.19137e-06
 67 -0.05735 -5.76408e-05 | 68 -0.03182 -1.78651e-05 | 69 -0.01676 -1.15627e-08
 70 -0.01659  9.30113e-08 | 71 -0.01666 -2.02539e-07 | 72 -0.35491  3.16760e-02
 73 -0.18162  1.26519e-02 | 74 -0.07476 -2.28573e-04 | 75  0.03288  9.14883e-04
 76 -0.30604  1.12899e-01 | 77 -0.16438  7.90512e-02 | 78 -0.08164 -3.25923e-04
 79 -0.04174  1.42679e-03 | 80  1.02692 -6.45233e-05 | 81  0.05714  1.57128e-04
 82  0.26354  5.61123e-05 | 83 -0.00888 -4.38256e-05 | 84 -0.00104 -3.04296e-07
 85 -0.00000 -1.94450e-08 | 86  0.00080  1.29338e-07 | 87  0.00003  1.43285e-07
87 variables; iteration 680; function evaluation 806; phase 3
Function value -8.7630824e+01; maximum gradient component mag 2.3269e-01
Var    Value     Gradient |Var    Value     Gradient |Var    Value     Gradient
  1  1.00200 -4.24349e-05 |  2  0.00032  7.16618e-06 |  3  0.00038  2.04248e-05
  4 -0.01552  1.26382e-05 |  5 -0.01545  9.40753e-06 |  6 -0.01537 -2.28012e-05
  7 -0.01527 -1.52760e-05 |  8 -0.01515 -3.19812e-05 |  9 -0.01501 -1.60674e-05
 10 -0.01486 -1.37343e-06 | 11 -0.01470  4.51719e-06 | 12 -0.01452  2.00634e-05
 13 -0.01431  2.74410e-05 | 14 -0.01405  1.91293e-05 | 15 -0.01369 -8.65078e-06
 16 -0.01318 -1.92515e-05 | 17 -0.01252 -4.61249e-05 | 18 -0.01116  2.72613e-05
 19 -0.00945  4.46167e-05 | 20 -0.00761 -2.68877e-05 | 21 -0.00541 -3.28615e-05
 22 -0.00299  2.77565e-05 | 23 -0.00067 -4.57487e-05 | 24  0.00110  1.10114e-06
 25  0.00212 -1.21606e-05 | 26  0.00179 -5.55754e-06 | 27  0.00033 -3.05965e-06
 28 -0.00195  1.07223e-05 | 29 -0.00402 -4.09615e-05 | 30 -0.00654  1.13070e-05
 31 -0.00932 -6.36106e-05 | 32 -0.01082 -3.48952e-05 | 33 -0.00942 -1.59767e-05
 34 -0.00860  2.11812e-04 | 35 -0.00579  6.79461e-04 | 36 -0.01826  8.58222e-04
 37 -0.02692 -1.10431e-03 | 38 -0.01322 -6.79127e-04 | 39 -0.04678 -1.85087e-05
 40 -0.03961 -9.07006e-06 | 41 -0.03249  7.65320e-06 | 42 -0.02832 -2.68515e-06
 43 -0.02487  3.45775e-05 | 44 -0.02632  5.18458e-05 | 45 -0.03337  1.31352e-04
 46 -0.03611  2.95180e-05 | 47 -0.01318  6.62800e-05 | 48  0.01857  1.96112e-04
 49  0.00130  2.91077e-04 | 50 -0.03024  4.52074e-05 | 51 -0.02015  6.61187e-05
 52 -0.06038 -3.16133e-04 | 53 -0.03063 -3.96254e-04 | 54 -0.01446 -3.22780e-04
 55 -0.01542 -1.72252e-04 | 56  0.00165 -9.17846e-05 | 57  0.00418 -5.27938e-06
 58  0.00788  3.73253e-04 | 59 -0.03364  8.95568e-05 | 60 -0.02874 -1.78813e-04
 61  0.02361 -3.10556e-05 | 62 -0.03171  1.54248e-04 | 63 -0.04616 -9.73639e-06
 64 -0.01427 -2.51081e-05 | 65 -0.03265  2.13614e-04 | 66 -0.05122  1.00152e-04
 67 -0.05735 -3.30643e-05 | 68 -0.03182 -1.11559e-05 | 69 -0.01676 -6.24315e-07
 70 -0.01659  9.92487e-06 | 71 -0.01666 -1.22389e-05 | 72 -0.35491  2.32691e-01
 73 -0.18118  9.76088e-02 | 74 -0.07476 -1.10065e-03 | 75  0.02473  5.16606e-03
 76 -0.30604  9.53052e-02 | 77 -0.16429  6.69822e-02 | 78 -0.08164 -2.20760e-04
 79 -0.04600  1.11073e-03 | 80  1.02692 -4.76658e-05 | 81  0.05669  1.38207e-04
 82  0.26354 -9.01551e-05 | 83 -0.00763 -3.76669e-05 | 84 -0.00095  1.62995e-07
 85 -0.00006 -3.04377e-07 | 86  0.00095  8.42199e-07 | 87  0.00003  1.52516e-07
87 variables; iteration 700; function evaluation 829; phase 3
Function value -8.7630824e+01; maximum gradient component mag 1.4268e-01
Var    Value     Gradient |Var    Value     Gradient |Var    Value     Gradient
  1  1.00183 -4.76179e-05 |  2  0.00032 -4.48765e-06 |  3  0.00038 -1.28044e-05
  4 -0.01552 -6.38985e-06 |  5 -0.01545 -2.12808e-06 |  6 -0.01537  1.14117e-05
  7 -0.01527  8.61298e-06 |  8 -0.01515  1.71808e-05 |  9 -0.01501  1.02599e-05
 10 -0.01486  3.21569e-06 | 11 -0.01470 -2.41988e-07 | 12 -0.01452 -9.96858e-06
 13 -0.01431 -1.37901e-05 | 14 -0.01405 -9.31860e-06 | 15 -0.01369  7.27614e-06
 16 -0.01318  1.69219e-05 | 17 -0.01252  3.36649e-05 | 18 -0.01116 -1.53148e-05
 19 -0.00945 -2.75626e-05 | 20 -0.00761  1.49896e-05 | 21 -0.00541  9.73260e-06
 22 -0.00299 -2.02956e-05 | 23 -0.00067  2.35382e-05 | 24  0.00110 -4.64588e-06
 25  0.00212  2.78514e-06 | 26  0.00179 -7.69404e-06 | 27  0.00033 -3.23534e-06
 28 -0.00195 -1.88858e-05 | 29 -0.00402 -8.81343e-06 | 30 -0.00654 -3.76022e-05
 31 -0.00932  1.23627e-05 | 32 -0.01082 -5.17721e-06 | 33 -0.00942  2.75827e-05
 34 -0.00860  1.03508e-04 | 35 -0.00579  5.25009e-04 | 36 -0.01826  5.58089e-04
 37 -0.02692 -5.92132e-04 | 38 -0.01322 -4.35330e-04 | 39 -0.04678 -1.70929e-05
 40 -0.03961 -2.25390e-06 | 41 -0.03249  1.10036e-05 | 42 -0.02832  1.80161e-05
 43 -0.02487  7.87757e-06 | 44 -0.02633  1.60579e-05 | 45 -0.03337 -3.73597e-05
 46 -0.03611 -3.75754e-05 | 47 -0.01318 -6.28873e-05 | 48  0.01857 -1.26602e-05
 49  0.00130  1.42818e-04 | 50 -0.03024  1.60781e-05 | 51 -0.02015  1.41445e-04
 52 -0.06038 -1.00118e-05 | 53 -0.03063 -8.52344e-05 | 54 -0.01446 -1.09349e-04
 55 -0.01542 -1.24832e-04 | 56  0.00165 -4.61786e-05 | 57  0.00418 -1.58683e-06
 58  0.00788  1.58407e-04 | 59 -0.03364  1.17626e-04 | 60 -0.02874 -4.48301e-05
 61  0.02361  8.84018e-05 | 62 -0.03171  9.58810e-05 | 63 -0.04616 -3.41078e-05
 64 -0.01427 -2.20522e-05 | 65 -0.03265 -6.60151e-05 | 66 -0.05122  2.09267e-05
 67 -0.05735 -5.24250e-05 | 68 -0.03182 -4.35654e-05 | 69 -0.01676 -1.29467e-06
 70 -0.01659 -4.66462e-06 | 71 -0.01666  8.82429e-06 | 72 -0.35491  1.42677e-01
 73 -0.18079  6.01015e-02 | 74 -0.07476 -1.03001e-03 | 75  0.01688  2.98107e-03
 76 -0.30605  6.46241e-02 | 77 -0.16422  4.58611e-02 | 78 -0.08165 -1.46094e-04
 79 -0.04941  6.51364e-04 | 80  1.02692 -6.09900e-05 | 81  0.05683  1.44185e-04
 82  0.26354  1.32035e-04 | 83 -0.00770 -3.80196e-05 | 84 -0.00108 -5.23362e-07
 85  0.00001  3.63722e-08 | 86  0.00069 -4.05369e-07 | 87  0.00002  9.42831e-08
87 variables; iteration 720; function evaluation 850; phase 3
Function value -8.7630824e+01; maximum gradient component mag 5.1865e-02
Var    Value     Gradient |Var    Value     Gradient |Var    Value     Gradient
  1  1.00221 -3.68740e-05 |  2  0.00032 -2.46708e-07 |  3  0.00038 -2.51131e-07
  4 -0.01552  9.63491e-07 |  5 -0.01545  8.72627e-07 |  6 -0.01537  7.86040e-07
  7 -0.01527  4.73591e-07 |  8 -0.01515  1.40666e-06 |  9 -0.01501  2.34171e-06
 10 -0.01486  3.05901e-06 | 11 -0.01470  3.03128e-06 | 12 -0.01452  2.78107e-06
 13 -0.01431  2.43894e-06 | 14 -0.01405  2.43034e-06 | 15 -0.01369  1.67591e-06
 16 -0.01318  8.49550e-07 | 17 -0.01252  1.69453e-07 | 18 -0.01116  3.02287e-06
 19 -0.00945  2.72943e-06 | 20 -0.00761 -1.67346e-06 | 21 -0.00541  3.90325e-08
 22 -0.00299  1.00290e-06 | 23 -0.00067 -1.59736e-06 | 24  0.00110 -9.82424e-08
 25  0.00212 -3.89877e-07 | 26  0.00179 -1.81654e-06 | 27  0.00033 -3.90015e-06
 28 -0.00195 -5.73017e-06 | 29 -0.00402 -7.89736e-06 | 30 -0.00654 -9.27647e-06
 31 -0.00932 -8.68222e-06 | 32 -0.01082 -6.47280e-06 | 33 -0.00942  1.56667e-06
 34 -0.00860  2.61447e-05 | 35 -0.00579  8.66559e-05 | 36 -0.01826  8.42258e-05
 37 -0.02692 -1.56662e-04 | 38 -0.01322 -9.07534e-05 | 39 -0.04678 -2.11643e-07
 40 -0.03961  2.08242e-06 | 41 -0.03249  9.98441e-07 | 42 -0.02832  2.93724e-06
 43 -0.02487  5.85652e-06 | 44 -0.02633  9.55282e-06 | 45 -0.03337  1.33100e-05
 46 -0.03611 -4.67923e-06 | 47 -0.01318 -2.29805e-05 | 48  0.01857 -4.61883e-05
 49  0.00130 -1.95969e-05 | 50 -0.03024 -9.74931e-06 | 51 -0.02015  3.43445e-05
 52 -0.06038 -2.27217e-05 | 53 -0.03063 -1.99765e-05 | 54 -0.01446 -5.79231e-05
 55 -0.01542 -4.00520e-05 | 56  0.00165  3.95495e-05 | 57  0.00418  6.29227e-05
 58  0.00788  9.12227e-05 | 59 -0.03364  4.71506e-05 | 60 -0.02874  2.49957e-05
 61  0.02361  1.12191e-05 | 62 -0.03171 -8.73435e-06 | 63 -0.04616 -1.88787e-05
 64 -0.01427 -5.34363e-05 | 65 -0.03265  1.87772e-07 | 66 -0.05122  5.79135e-05
 67 -0.05735  3.75771e-05 | 68 -0.03182  1.08626e-05 | 69 -0.01676  1.43851e-06
 70 -0.01659  2.71011e-09 | 71 -0.01666  1.01122e-06 | 72 -0.35491  5.18654e-02
 73 -0.18061  2.18428e-02 | 74 -0.07476 -3.00992e-04 | 75  0.01302  1.10676e-03
 76 -0.30605 -1.84326e-02 | 77 -0.16418 -1.20774e-02 | 78 -0.08165  1.90563e-04
 79 -0.05143 -4.66549e-04 | 80  1.02692 -5.01441e-05 | 81  0.05652  1.29881e-04
 82  0.26354  4.90714e-05 | 83 -0.00685 -3.37904e-05 | 84 -0.00103 -2.46387e-07
 85 -0.00004 -1.96779e-07 | 86  0.00078  5.54902e-08 | 87  0.00002  9.83219e-08
87 variables; iteration 740; function evaluation 871; phase 3
Function value -8.7630824e+01; maximum gradient component mag 4.4725e-02
Var    Value     Gradient |Var    Value     Gradient |Var    Value     Gradient
  1  1.00203 -4.15613e-05 |  2  0.00032  1.38363e-05 |  3  0.00038  4.05109e-05
  4 -0.01552  2.22835e-05 |  5 -0.01545  1.74404e-05 |  6 -0.01537 -3.84685e-05
  7 -0.01527 -2.08661e-05 |  8 -0.01515 -4.93220e-05 |  9 -0.01501 -1.82805e-05
 10 -0.01486  8.31545e-06 | 11 -0.01470  1.70247e-05 | 12 -0.01452  4.28606e-05
 13 -0.01431  5.21782e-05 | 14 -0.01405  3.98087e-05 | 15 -0.01369 -1.22450e-05
 16 -0.01318 -4.13335e-05 | 17 -0.01252 -9.81377e-05 | 18 -0.01116  6.76815e-05
 19 -0.00945  9.63611e-05 | 20 -0.00761 -5.25782e-05 | 21 -0.00541 -2.67697e-05
 22 -0.00299  7.39913e-05 | 23 -0.00067 -7.21779e-05 | 24  0.00110  2.18153e-05
 25  0.00211 -7.68591e-06 | 26  0.00179  1.23525e-05 | 27  0.00033 -9.51793e-06
 28 -0.00195  2.39594e-05 | 29 -0.00402 -3.16614e-05 | 30 -0.00654  5.24700e-05
 31 -0.00932 -9.90097e-05 | 32 -0.01082 -4.65596e-05 | 33 -0.00942 -5.95930e-05
 34 -0.00860  7.27671e-05 | 35 -0.00579 -7.19866e-05 | 36 -0.01826  2.59161e-05
 37 -0.02692 -3.47827e-04 | 38 -0.01322 -1.25305e-04 | 39 -0.04678 -7.24314e-06
 40 -0.03961 -5.91100e-06 | 41 -0.03249 -1.12087e-05 | 42 -0.02832 -2.59589e-05
 43 -0.02487  2.62716e-05 | 44 -0.02632  3.29718e-05 | 45 -0.03337  2.08649e-04
 46 -0.03611  8.33720e-05 | 47 -0.01318  1.44389e-04 | 48  0.01857  1.82800e-04
 49  0.00130  4.32809e-05 | 50 -0.03024 -5.46039e-06 | 51 -0.02015 -2.02357e-04
 52 -0.06038 -3.86503e-04 | 53 -0.03063 -3.54893e-04 | 54 -0.01446 -2.54703e-04
 55 -0.01542 -3.98827e-05 | 56  0.00165  1.91311e-06 | 57  0.00418  8.77341e-05
 58  0.00788  1.75311e-04 | 59 -0.03364 -1.01838e-05 | 60 -0.02874 -3.32857e-05
 61  0.02361 -7.95285e-05 | 62 -0.03171  5.52602e-05 | 63 -0.04616  6.13620e-05
 64 -0.01427  1.46045e-05 | 65 -0.03265  3.38295e-04 | 66 -0.05122  1.26349e-04
 67 -0.05735  8.16393e-05 | 68 -0.03182  7.30834e-05 | 69 -0.01676 -1.82094e-06
 70 -0.01659  1.85909e-05 | 71 -0.01666 -2.19191e-05 | 72 -0.35491  4.47254e-02
 73 -0.18049  1.92365e-02 | 74 -0.07476  2.81243e-04 | 75  0.01040  9.51916e-04
 76 -0.30604  2.26490e-03 | 77 -0.16417  2.22745e-03 | 78 -0.08164  1.46673e-04
 79 -0.05234 -2.01639e-04 | 80  1.02692 -3.89141e-05 | 81  0.05643  1.25368e-04
 82  0.26354 -2.32443e-04 | 83 -0.00778 -3.83971e-05 | 84 -0.00086  5.79640e-07
 85 -0.00012 -5.78962e-07 | 86  0.00109  1.54425e-06 | 87  0.00003  1.24761e-07
87 variables; iteration 760; function evaluation 899; phase 3
Function value -8.7630827e+01; maximum gradient component mag 9.0508e-01
Var    Value     Gradient |Var    Value     Gradient |Var    Value     Gradient
  1  1.00361 -1.39476e-05 |  2  0.00032 -3.18329e-05 |  3  0.00038 -9.19872e-05
  4 -0.01552 -4.77497e-05 |  5 -0.01545 -3.78136e-05 |  6 -0.01537  8.99605e-05
  7 -0.01527  4.88546e-05 |  8 -0.01515  1.16500e-04 |  9 -0.01501  4.87946e-05
 10 -0.01486 -9.35791e-06 | 11 -0.01470 -2.93332e-05 | 12 -0.01452 -8.87345e-05
 13 -0.01431 -1.11384e-04 | 14 -0.01405 -8.33332e-05 | 15 -0.01369  3.14667e-05
 16 -0.01318  9.29197e-05 | 17 -0.01252  2.18040e-04 | 18 -0.01116 -1.45359e-04
 19 -0.00945 -2.11702e-04 | 20 -0.00760  1.08535e-04 | 21 -0.00541  5.80417e-05
 22 -0.00299 -1.69514e-04 | 23 -0.00067  1.49248e-04 | 24  0.00110 -6.10710e-05
 25  0.00212 -3.02483e-07 | 26  0.00179 -5.36459e-05 | 27  0.00033 -2.03012e-05
 28 -0.00195 -1.07904e-04 | 29 -0.00402  6.99986e-06 | 30 -0.00654 -2.00188e-04
 31 -0.00932  1.31080e-04 | 32 -0.01082  2.33280e-05 | 33 -0.00942  1.74166e-04
 34 -0.00860  4.98896e-04 | 35 -0.00579  2.88562e-03 | 36 -0.01826  3.07278e-03
 37 -0.02692 -2.82054e-03 | 38 -0.01322 -2.16114e-03 | 39 -0.04678 -5.45336e-05
 40 -0.03961  8.39118e-06 | 41 -0.03249  5.63009e-05 | 42 -0.02832  1.00966e-04
 43 -0.02487  5.47721e-06 | 44 -0.02633  3.56327e-05 | 45 -0.03337 -3.43730e-04
 46 -0.03611 -2.49850e-04 | 47 -0.01318 -3.84642e-04 | 48  0.01857 -5.28645e-05
 49  0.00130  8.73349e-04 | 50 -0.03024  1.81054e-04 | 51 -0.02015  1.06600e-03
 52 -0.06038  3.62066e-04 | 53 -0.03063 -3.44589e-05 | 54 -0.01446 -2.30190e-04
 55 -0.01542 -5.77669e-04 | 56  0.00165 -2.67494e-04 | 57  0.00418 -1.94646e-04
 58  0.00788  5.73564e-04 | 59 -0.03363  4.70719e-04 | 60 -0.02874 -4.27689e-04
 61  0.02361  3.46546e-04 | 62 -0.03171  3.54189e-04 | 63 -0.04616 -4.10463e-04
 64 -0.01427 -3.28530e-04 | 65 -0.03265 -7.29772e-04 | 66 -0.05122 -9.88280e-05
 67 -0.05735 -4.12297e-04 | 68 -0.03182 -2.96759e-04 | 69 -0.01676  6.08161e-06
 70 -0.01659 -4.24789e-05 | 71 -0.01666  5.18767e-05 | 72 -0.35491  9.05078e-01
 73 -0.17993  3.91306e-01 | 74 -0.07476 -5.88081e-03 | 75 -0.00310  1.54503e-02
 76 -0.30605  2.93834e-01 | 77 -0.16429  2.05328e-01 | 78 -0.08165 -1.23226e-03
 79 -0.04562  3.85461e-03 | 80  1.02692 -4.75691e-05 | 81  0.05544  6.79697e-05
 82  0.26354  6.57139e-04 | 83 -0.00096 -4.73804e-06 | 84 -0.00138 -1.97656e-06
 85  0.00014  6.84140e-07 | 86  0.00009 -3.33880e-06 | 87 -0.00001 -2.70662e-08
87 variables; iteration 780; function evaluation 921; phase 3
Function value -8.7630830e+01; maximum gradient component mag -1.4194e-01
Var    Value     Gradient |Var    Value     Gradient |Var    Value     Gradient
  1  1.00222 -3.65631e-05 |  2  0.00032 -1.08459e-05 |  3  0.00038 -3.35683e-05
  4 -0.01552 -2.17419e-05 |  5 -0.01545 -1.25215e-05 |  6 -0.01537  3.18676e-05
  7 -0.01527  2.01476e-05 |  8 -0.01515  4.56797e-05 |  9 -0.01501  2.14543e-05
 10 -0.01486 -6.77259e-07 | 11 -0.01470 -8.23854e-06 | 12 -0.01452 -3.33744e-05
 13 -0.01431 -4.30869e-05 | 14 -0.01405 -3.15200e-05 | 15 -0.01369  1.60646e-05
 16 -0.01318  3.82109e-05 | 17 -0.01252  8.62799e-05 | 18 -0.01116 -5.39446e-05
 19 -0.00945 -8.32049e-05 | 20 -0.00760  4.60449e-05 | 21 -0.00541  3.04240e-05
 22 -0.00299 -5.73545e-05 | 23 -0.00067  6.87995e-05 | 24  0.00110 -1.08449e-05
 25  0.00212  1.41956e-05 | 26  0.00179 -6.92982e-06 | 27  0.00033  1.21568e-05
 28 -0.00195 -2.07305e-05 | 29 -0.00402  2.04457e-05 | 30 -0.00654 -5.19870e-05
 31 -0.00932  8.34563e-05 | 32 -0.01082  3.48521e-05 | 33 -0.00942  5.51175e-05
 34 -0.00860 -5.93741e-05 | 35 -0.00579  6.41220e-05 | 36 -0.01826 -3.38286e-05
 37 -0.02692  2.70371e-04 | 38 -0.01322  9.53918e-05 | 39 -0.04678 -1.13608e-05
 40 -0.03961 -1.03734e-05 | 41 -0.03249  1.20302e-05 | 42 -0.02832  2.82888e-05
 43 -0.02487 -1.62821e-05 | 44 -0.02633 -2.47082e-05 | 45 -0.03337 -1.74890e-04
 46 -0.03611 -4.89553e-05 | 47 -0.01318 -7.40143e-05 | 48  0.01857 -4.65895e-05
 49  0.00130  3.07245e-05 | 50 -0.03024 -4.75505e-06 | 51 -0.02015  4.97714e-05
 52 -0.06038  2.60617e-04 | 53 -0.03063  1.86424e-04 | 54 -0.01446  1.97659e-04
 55 -0.01542  2.29609e-05 | 56  0.00165 -1.23643e-04 | 57  0.00418 -1.87448e-04
 58  0.00788 -2.21958e-04 | 59 -0.03364  1.37203e-05 | 60 -0.02874  3.09222e-05
 61  0.02361  1.26899e-04 | 62 -0.03171  7.88199e-05 | 63 -0.04616  5.85365e-05
 64 -0.01427  1.78350e-04 | 65 -0.03265 -1.89204e-04 | 66 -0.05122 -1.55737e-04
 67 -0.05735 -1.24577e-04 | 68 -0.03182 -8.01106e-05 | 69 -0.01676  2.82879e-07
 70 -0.01659 -1.53572e-05 | 71 -0.01666  2.37067e-05 | 72 -0.35491 -1.41944e-01
 73 -0.17964 -6.21784e-02 | 74 -0.07476  2.15618e-04 | 75 -0.01072 -2.30760e-03
 76 -0.30604  1.01269e-01 | 77 -0.16468  7.01682e-02 | 78 -0.08164 -4.73920e-04
 79 -0.02792  1.49285e-03 | 80  1.02693 -1.21864e-05 | 81  0.05459 -9.14453e-08
 82  0.26354  2.35251e-04 | 83  0.00027  1.33542e-06 | 84 -0.00113 -7.43974e-07
 85  0.00002  1.20193e-07 | 86  0.00050 -1.35371e-06 | 87 -0.00002 -8.06254e-08
87 variables; iteration 800; function evaluation 943; phase 3
Function value -8.7630831e+01; maximum gradient component mag 1.7258e-01
Var    Value     Gradient |Var    Value     Gradient |Var    Value     Gradient
  1  1.00431 -6.81475e-06 |  2  0.00032  9.34200e-07 |  3  0.00038  3.72793e-06
  4 -0.01552  1.89736e-06 |  5 -0.01545  2.18069e-06 |  6 -0.01537 -3.82772e-06
  7 -0.01527 -4.67317e-07 |  8 -0.01515 -3.88325e-06 |  9 -0.01501 -4.51564e-07
 10 -0.01486  2.01042e-06 | 11 -0.01470  1.83255e-06 | 12 -0.01452  3.74250e-06
 13 -0.01431  4.38292e-06 | 14 -0.01405  4.13568e-06 | 15 -0.01369 -5.35349e-07
 16 -0.01318 -2.70883e-06 | 17 -0.01252 -8.55567e-06 | 18 -0.01116  8.33868e-06
 19 -0.00945  9.66294e-06 | 20 -0.00761 -6.40580e-06 | 21 -0.00541 -8.62140e-07
 22 -0.00299  7.62893e-06 | 23 -0.00067 -6.32100e-06 | 24  0.00110  1.76287e-06
 25  0.00212 -1.62937e-06 | 26  0.00179 -5.88502e-07 | 27  0.00033 -5.91280e-06
 28 -0.00195 -4.36348e-06 | 29 -0.00402 -9.83979e-06 | 30 -0.00654 -4.85457e-06
 31 -0.00932 -2.03255e-05 | 32 -0.01082 -1.63257e-05 | 33 -0.00942  2.12952e-06
 34 -0.00860  1.18088e-04 | 35 -0.00579  4.57967e-04 | 36 -0.01826  5.52854e-04
 37 -0.02692 -6.08333e-04 | 38 -0.01322 -4.20129e-04 | 39 -0.04678 -3.83379e-05
 40 -0.03961 -1.48123e-05 | 41 -0.03249  6.40881e-06 | 42 -0.02832  6.23851e-06
 43 -0.02487  1.32320e-05 | 44 -0.02633  1.75641e-05 | 45 -0.03337  3.77072e-05
 46 -0.03611  2.87334e-05 | 47 -0.01318  9.01448e-05 | 48  0.01857  2.77835e-04
 49  0.00130  3.16165e-04 | 50 -0.03024  3.88663e-05 | 51 -0.02015 -7.60779e-05
 52 -0.06038 -1.96304e-04 | 53 -0.03063 -3.10441e-04 | 54 -0.01446 -1.31932e-04
 55 -0.01542 -1.03869e-04 | 56  0.00165 -2.38591e-04 | 57  0.00418 -1.90543e-04
 58  0.00788  1.37785e-05 | 59 -0.03364  2.31643e-05 | 60 -0.02874 -1.63138e-04
 61  0.02361  6.31846e-05 | 62 -0.03171  2.48920e-04 | 63 -0.04616  9.67390e-05
 64 -0.01427  2.26386e-04 | 65 -0.03265  1.54421e-04 | 66 -0.05122 -8.04191e-05
 67 -0.05735 -1.50611e-04 | 68 -0.03182 -5.05827e-05 | 69 -0.01676 -2.39507e-06
 70 -0.01659  2.72499e-06 | 71 -0.01666 -2.63230e-06 | 72 -0.35491  4.91223e-02
 73 -0.17949  2.16425e-02 | 74 -0.07476 -1.90946e-04 | 75 -0.01474  7.28293e-04
 76 -0.30604  1.72579e-01 | 77 -0.16502  1.18067e-01 | 78 -0.08164 -8.02645e-04
 79 -0.01388  3.01399e-03 | 80  1.02693 -8.65284e-06 | 81  0.05483  2.12718e-05
 82  0.26354 -2.32533e-05 | 83 -0.00149 -7.33300e-06 | 84 -0.00097  5.76736e-08
 85 -0.00000 -2.90049e-09 | 86  0.00081  1.72540e-07 | 87 -0.00000 -1.86692e-09
87 variables; iteration 820; function evaluation 966; phase 3
Function value -8.7630831e+01; maximum gradient component mag -1.7366e-02
Var    Value     Gradient |Var    Value     Gradient |Var    Value     Gradient
  1  1.00487 -1.99422e-06 |  2  0.00032  9.62454e-08 |  3  0.00038  2.97921e-07
  4 -0.01552  2.49890e-07 |  5 -0.01545  1.40306e-07 |  6 -0.01537 -2.25681e-07
  7 -0.01527 -2.26028e-07 |  8 -0.01515 -3.46323e-07 |  9 -0.01501 -1.01047e-07
 10 -0.01486  1.43973e-07 | 11 -0.01470  2.63620e-07 | 12 -0.01452  5.12174e-07
 13 -0.01431  5.90383e-07 | 14 -0.01405  4.47145e-07 | 15 -0.01369 -4.30236e-08
 16 -0.01318 -3.66104e-07 | 17 -0.01252 -8.41137e-07 | 18 -0.01116  6.19467e-07
 19 -0.00945  9.38984e-07 | 20 -0.00761 -4.40827e-07 | 21 -0.00541 -2.83609e-07
 22 -0.00299  6.53151e-07 | 23 -0.00067 -6.66647e-07 | 24  0.00110  2.47121e-07
 25  0.00212  5.83050e-08 | 26  0.00179  2.72027e-07 | 27  0.00033  1.70144e-07
 28 -0.00195  5.46215e-07 | 29 -0.00402  1.48698e-07 | 30 -0.00654  9.71916e-07
 31 -0.00932 -1.08907e-07 | 32 -0.01082  5.24258e-07 | 33 -0.00942 -1.08815e-06
 34 -0.00860 -8.81224e-06 | 35 -0.00579 -4.16300e-05 | 36 -0.01826 -4.86684e-05
 37 -0.02692  4.79443e-05 | 38 -0.01322  3.62720e-05 | 39 -0.04678  4.33949e-07
 40 -0.03961 -2.51453e-07 | 41 -0.03249 -3.15965e-07 | 42 -0.02832 -3.94612e-07
 43 -0.02487 -6.20903e-08 | 44 -0.02633 -6.22204e-07 | 45 -0.03337  1.00256e-06
 46 -0.03611  3.08846e-06 | 47 -0.01318  3.90039e-06 | 48  0.01857 -7.67011e-07
 49  0.00130 -1.33051e-05 | 50 -0.03024 -3.91439e-06 | 51 -0.02015 -1.60954e-05
 52 -0.06038  1.38039e-06 | 53 -0.03063  5.66588e-06 | 54 -0.01446  9.33399e-06
 55 -0.01542  8.94744e-06 | 56  0.00165  1.54829e-06 | 57  0.00418 -9.83193e-07
 58  0.00788 -1.35577e-05 | 59 -0.03364 -5.45503e-06 | 60 -0.02874  8.30400e-06
 61  0.02361 -1.71501e-06 | 62 -0.03171 -3.20337e-06 | 63 -0.04616  8.50829e-06
 64 -0.01427  1.04935e-05 | 65 -0.03265  6.61074e-06 | 66 -0.05122 -2.13503e-06
 67 -0.05735  3.65078e-06 | 68 -0.03182  2.80827e-06 | 69 -0.01676  1.98532e-07
 70 -0.01659  6.41443e-08 | 71 -0.01666 -1.25580e-07 | 72 -0.35491 -1.73661e-02
 73 -0.17943 -7.47827e-03 | 74 -0.07476  9.93804e-05 | 75 -0.01649 -3.10667e-04
 76 -0.30604 -5.63477e-04 | 77 -0.16521 -3.49484e-04 | 78 -0.08164  9.08828e-06
 79 -0.00683 -2.03069e-05 | 80  1.02693 -2.62935e-06 | 81  0.05466  7.03138e-06
 82  0.26354  1.05758e-06 | 83 -0.00037 -1.84424e-06 | 84 -0.00098 -9.36082e-09
 85 -0.00000 -1.89776e-08 | 86  0.00078  1.27499e-08 | 87  0.00000  6.87124e-09
87 variables; iteration 840; function evaluation 988; phase 3
Function value -8.7630831e+01; maximum gradient component mag 2.3496e-01
Var    Value     Gradient |Var    Value     Gradient |Var    Value     Gradient
  1  1.00491 -1.63228e-06 |  2  0.00032 -1.10599e-06 |  3  0.00038 -2.59489e-06
  4 -0.01552 -2.45283e-06 |  5 -0.01545 -9.11376e-07 |  6 -0.01537  3.23814e-06
  7 -0.01527  2.58463e-06 |  8 -0.01515  5.74898e-06 |  9 -0.01501  4.08546e-06
 10 -0.01486  2.05620e-06 | 11 -0.01470  1.37047e-06 | 12 -0.01452 -1.51183e-06
 13 -0.01431 -3.41927e-06 | 14 -0.01405 -2.23064e-06 | 15 -0.01369  2.06654e-06
 16 -0.01318  1.69041e-06 | 17 -0.01252  4.45479e-06 | 18 -0.01116 -3.12518e-06
 19 -0.00945 -7.01255e-06 | 20 -0.00761  2.29970e-06 | 21 -0.00541  5.38627e-06
 22 -0.00299 -4.13388e-06 | 23 -0.00067  5.05551e-06 | 24  0.00110 -2.03413e-06
 25  0.00212 -2.72635e-06 | 26  0.00179 -5.03744e-06 | 27  0.00033 -9.04977e-06
 28 -0.00195 -1.33162e-05 | 29 -0.00402 -7.16964e-06 | 30 -0.00654 -1.92933e-05
 31 -0.00932 -1.09691e-05 | 32 -0.01082 -1.40353e-05 | 33 -0.00942  1.08756e-05
 34 -0.00860  1.24085e-04 | 35 -0.00579  5.48775e-04 | 36 -0.01826  6.19825e-04
 37 -0.02692 -6.89862e-04 | 38 -0.01322 -4.76508e-04 | 39 -0.04678 -8.50859e-06
 40 -0.03961  1.61913e-06 | 41 -0.03249  6.80440e-06 | 42 -0.02832  9.59104e-06
 43 -0.02487  8.94715e-06 | 44 -0.02633  1.69051e-05 | 45 -0.03337  6.77158e-06
 46 -0.03611 -2.74291e-05 | 47 -0.01318 -3.67595e-05 | 48  0.01857  3.64644e-05
 49  0.00130  1.76842e-04 | 50 -0.03024  3.68980e-05 | 51 -0.02015  1.62883e-04
 52 -0.06038 -5.60118e-05 | 53 -0.03063 -1.11616e-04 | 54 -0.01446 -1.33203e-04
 55 -0.01542 -1.25560e-04 | 56  0.00165 -2.48328e-05 | 57  0.00418  2.54961e-05
 58  0.00788  1.87197e-04 | 59 -0.03364  9.30249e-05 | 60 -0.02874 -9.08283e-05
 61  0.02361  3.86831e-05 | 62 -0.03171  6.53907e-05 | 63 -0.04616 -9.47625e-05
 64 -0.01427 -1.16212e-04 | 65 -0.03265 -5.91868e-05 | 66 -0.05122  2.77807e-05
 67 -0.05735 -4.82294e-05 | 68 -0.03182 -3.01497e-05 | 69 -0.01676 -5.49869e-07
 70 -0.01659 -2.68414e-06 | 71 -0.01666  2.41272e-06 | 72 -0.35491  2.34965e-01
 73 -0.17952  1.02860e-01 | 74 -0.07476 -1.18419e-03 | 75 -0.01392  3.64327e-03
 76 -0.30604  2.51798e-02 | 77 -0.16535  1.70275e-02 | 78 -0.08164 -1.50343e-04
 79 -0.00199  5.04542e-04 | 80  1.02693 -7.90658e-08 | 81  0.05456 -2.70511e-06
 82  0.26354  2.10378e-05 | 83  0.00013  6.57226e-07 | 84 -0.00099 -7.73711e-08
 85  0.00000  7.08576e-09 | 86  0.00075 -1.38229e-07 | 87 -0.00000 -1.44819e-08
87 variables; iteration 860; function evaluation 1012; phase 3
Function value -8.7630831e+01; maximum gradient component mag -2.8956e-02
Var    Value     Gradient |Var    Value     Gradient |Var    Value     Gradient
  1  1.00502 -8.42811e-07 |  2  0.00032  3.35454e-07 |  3  0.00038  1.00825e-06
  4 -0.01552  2.25966e-07 |  5 -0.01545  6.89317e-07 |  6 -0.01537 -1.09441e-06
  7 -0.01527  1.80750e-07 |  8 -0.01515 -7.93211e-07 |  9 -0.01501  1.93020e-07
 10 -0.01486  7.49717e-07 | 11 -0.01470  6.28226e-07 | 12 -0.01452  8.14883e-07
 13 -0.01431  8.38274e-07 | 14 -0.01405  9.03662e-07 | 15 -0.01369  1.37050e-07
 16 -0.01318 -2.76832e-07 | 17 -0.01252 -1.60406e-06 | 18 -0.01116  2.27388e-06
 19 -0.00945  2.30155e-06 | 20 -0.00761 -8.50888e-07 | 21 -0.00541  1.12173e-06
 22 -0.00299  2.85501e-06 | 23 -0.00067  2.34403e-07 | 24  0.00110  2.12430e-06
 25  0.00212  1.54111e-06 | 26  0.00179  1.96478e-06 | 27  0.00033  1.03928e-06
 28 -0.00195  1.65322e-06 | 29 -0.00402  1.23556e-06 | 30 -0.00654  3.02970e-06
 31 -0.00932  3.46859e-07 | 32 -0.01082  2.91508e-07 | 33 -0.00942 -2.35960e-06
 34 -0.00860 -1.65063e-05 | 35 -0.00579 -7.42108e-05 | 36 -0.01826 -8.33673e-05
 37 -0.02692  8.49113e-05 | 38 -0.01322  5.19258e-05 | 39 -0.04678  4.25367e-06
 40 -0.03961  1.99607e-06 | 41 -0.03249 -2.38864e-06 | 42 -0.02832 -3.07930e-06
 43 -0.02487 -2.78302e-06 | 44 -0.02633 -3.26391e-06 | 45 -0.03337  2.39978e-07
 46 -0.03611 -4.20106e-06 | 47 -0.01318 -1.22435e-05 | 48  0.01857 -4.36237e-05
 49  0.00130 -5.07399e-05 | 50 -0.03024 -5.55194e-06 | 51 -0.02015  5.81314e-06
 52 -0.06038  1.34238e-05 | 53 -0.03063  3.16060e-05 | 54 -0.01446  2.37010e-06
 55 -0.01542  9.68822e-06 | 56  0.00165  3.59864e-05 | 57  0.00418  3.69669e-05
 58  0.00788  3.38764e-06 | 59 -0.03364 -2.67926e-06 | 60 -0.02874  2.78676e-05
 61  0.02361 -6.43477e-06 | 62 -0.03171 -3.47747e-05 | 63 -0.04616 -1.15648e-05
 64 -0.01427 -3.42860e-05 | 65 -0.03265 -1.19332e-05 | 66 -0.05122  2.27528e-05
 67 -0.05735  2.94881e-05 | 68 -0.03182  1.10616e-05 | 69 -0.01676 -8.07725e-07
 70 -0.01659  8.27224e-07 | 71 -0.01666 -4.55344e-07 | 72 -0.35491 -1.17070e-03
 73 -0.17969 -4.77164e-04 | 74 -0.07476  7.54415e-06 | 75 -0.00936 -2.96537e-05
 76 -0.30604 -2.89555e-02 | 77 -0.16542 -1.96742e-02 | 78 -0.08164  1.46753e-04
 79  0.00060 -5.52123e-04 | 80  1.02693 -8.28166e-09 | 81  0.05459  5.66471e-07
 82  0.26354 -9.90535e-06 | 83 -0.00009 -4.52484e-07 | 84 -0.00097  2.96868e-08
 85  0.00001  2.70401e-08 | 86  0.00078  4.25257e-08 | 87 -0.00000 -4.75476e-09
87 variables; iteration 880; function evaluation 1039; phase 3
Function value -8.7630831e+01; maximum gradient component mag 3.7300e-02
Var    Value     Gradient |Var    Value     Gradient |Var    Value     Gradient
  1  1.00512 -6.28871e-08 |  2  0.00032  3.65480e-08 |  3  0.00038  1.09442e-08
  4 -0.01552 -3.67279e-08 |  5 -0.01545  5.75822e-08 |  6 -0.01537 -1.61163e-07
  7 -0.01527 -1.37435e-07 |  8 -0.01515 -2.17358e-07 |  9 -0.01501 -2.24410e-07
 10 -0.01486 -2.33542e-07 | 11 -0.01470 -1.74256e-07 | 12 -0.01452 -1.80472e-07
 13 -0.01431 -1.10979e-07 | 14 -0.01405 -1.85371e-07 | 15 -0.01369 -2.91281e-08
 16 -0.01318  1.68097e-07 | 17 -0.01252  4.11175e-07 | 18 -0.01116 -4.35209e-07
 19 -0.00945 -5.02249e-07 | 20 -0.00761  1.44466e-07 | 21 -0.00541 -7.12458e-07
 22 -0.00299 -7.42675e-07 | 23 -0.00067 -4.22228e-07 | 24  0.00110 -6.55122e-07
 25  0.00212 -4.16834e-07 | 26  0.00179 -8.32635e-07 | 27  0.00033  4.83033e-09
 28 -0.00195 -3.97140e-07 | 29 -0.00402 -1.69574e-06 | 30 -0.00654 -1.39587e-06
 31 -0.00932 -9.82150e-07 | 32 -0.01082 -1.12922e-06 | 33 -0.00942  1.89642e-06
 34 -0.00860  1.69133e-05 | 35 -0.00579  7.00090e-05 | 36 -0.01826  8.37855e-05
 37 -0.02692 -8.29991e-05 | 38 -0.01322 -5.70065e-05 | 39 -0.04678 -6.98830e-06
 40 -0.03961 -3.72530e-06 | 41 -0.03249  2.00741e-06 | 42 -0.02832  2.45240e-06
 43 -0.02487  2.81401e-06 | 44 -0.02633  2.95913e-06 | 45 -0.03337  2.68025e-06
 46 -0.03611  7.70970e-06 | 47 -0.01318  2.16203e-05 | 48  0.01857  6.11535e-05
 49  0.00130  6.22125e-05 | 50 -0.03024  6.82095e-06 | 51 -0.02015 -2.35069e-05
 52 -0.06038 -2.94127e-05 | 53 -0.03063 -5.38681e-05 | 54 -0.01446 -1.12720e-05
 55 -0.01542 -1.11970e-05 | 56  0.00165 -5.38153e-05 | 57  0.00418 -5.32326e-05
 58  0.00788 -1.47204e-05 | 59 -0.03364 -1.43419e-06 | 60 -0.02874 -3.14001e-05
 61  0.02361  1.23522e-05 | 62 -0.03171  5.21760e-05 | 63 -0.04616  2.82569e-05
 64 -0.01427  6.17989e-05 | 65 -0.03265  3.08683e-05 | 66 -0.05122 -2.71714e-05
 67 -0.05735 -3.60652e-05 | 68 -0.03182 -1.28682e-05 | 69 -0.01676 -3.61695e-10
 70 -0.01659  2.15674e-07 | 71 -0.01666  3.01129e-07 | 72 -0.35491 -9.28953e-03
 73 -0.17986 -4.06180e-03 | 74 -0.07476  4.83303e-05 | 75 -0.00477 -1.45475e-04
 76 -0.30604  3.73000e-02 | 77 -0.16533  2.52708e-02 | 78 -0.08164 -1.92070e-04
 79 -0.00265  7.34180e-04 | 80  1.02693 -2.24889e-07 | 81  0.05459  2.05941e-07
 82  0.26354  5.20866e-07 | 83 -0.00002 -1.08693e-07 | 84 -0.00098 -9.17027e-10
 85  0.00000  6.38518e-10 | 86  0.00077 -1.55224e-09 | 87 -0.00000 -1.24177e-09
87 variables; iteration 900; function evaluation 1063; phase 3
Function value -8.7630831e+01; maximum gradient component mag 5.8844e-02
Var    Value     Gradient |Var    Value     Gradient |Var    Value     Gradient
  1  1.00509 -3.02251e-07 |  2  0.00032 -4.66568e-07 |  3  0.00038 -9.28363e-07
  4 -0.01552 -4.64815e-07 |  5 -0.01545 -1.71252e-07 |  6 -0.01537  1.48216e-06
  7 -0.01527  1.18287e-06 |  8 -0.01515  2.26476e-06 |  9 -0.01501  1.65477e-06
 10 -0.01486  9.49183e-07 | 11 -0.01470  6.33781e-07 | 12 -0.01452 -2.05188e-07
 13 -0.01431 -8.71564e-07 | 14 -0.01405 -4.64996e-07 | 15 -0.01369  6.00317e-07
 16 -0.01318  3.00871e-07 | 17 -0.01252  8.74754e-07 | 18 -0.01116 -2.96054e-07
 19 -0.00945 -1.33647e-06 | 20 -0.00761  5.77045e-07 | 21 -0.00541  2.88066e-06
 22 -0.00299 -7.59913e-07 | 23 -0.00067  1.43281e-06 | 24  0.00110 -4.97580e-07
 25  0.00212 -8.90361e-07 | 26  0.00179 -1.17746e-06 | 27  0.00033 -3.97296e-06
 28 -0.00195 -4.78734e-06 | 29 -0.00402 -6.97118e-07 | 30 -0.00654 -5.46195e-06
 31 -0.00932 -3.94069e-06 | 32 -0.01082 -4.26614e-06 | 33 -0.00942  2.12840e-06
 34 -0.00860  3.02723e-05 | 35 -0.00579  1.36251e-04 | 36 -0.01826  1.51194e-04
 37 -0.02692 -1.71938e-04 | 38 -0.01322 -1.18791e-04 | 39 -0.04678 -1.58503e-06
 40 -0.03961  1.61422e-06 | 41 -0.03249  1.16497e-06 | 42 -0.02832  2.64447e-06
 43 -0.02487  1.86936e-06 | 44 -0.02633  3.88803e-06 | 45 -0.03337  2.04562e-06
 46 -0.03611 -7.87782e-06 | 47 -0.01318 -1.22139e-05 | 48  0.01857  3.66903e-06
 49  0.00130  3.90895e-05 | 50 -0.03024  8.36551e-06 | 51 -0.02015  4.39525e-05
 52 -0.06038 -1.17080e-05 | 53 -0.03063 -2.25519e-05 | 54 -0.01446 -3.26514e-05
 55 -0.01542 -3.24287e-05 | 56  0.00165  1.76151e-06 | 57  0.00418  1.56803e-05
 58  0.00788  4.60439e-05 | 59 -0.03364  2.68779e-05 | 60 -0.02874 -1.74540e-05
 61  0.02361  1.25578e-05 | 62 -0.03171  1.18359e-05 | 63 -0.04616 -3.12083e-05
 64 -0.01427 -4.12259e-05 | 65 -0.03265 -2.41808e-05 | 66 -0.05122  8.49136e-06
 67 -0.05735 -9.02567e-06 | 68 -0.03182 -5.71267e-06 | 69 -0.01676  1.12093e-07
 70 -0.01659 -8.43141e-07 | 71 -0.01666  6.41320e-07 | 72 -0.35491  5.88445e-02
 73 -0.17982  2.55279e-02 | 74 -0.07476 -3.19002e-04 | 75 -0.00584  9.88441e-04
 76 -0.30604  2.29787e-03 | 77 -0.16527  1.55556e-03 | 78 -0.08164 -2.02827e-05
 79 -0.00468  4.41419e-05 | 80  1.02693  6.87762e-07 | 81  0.05456 -2.02011e-06
 82  0.26354  6.05490e-06 | 83  0.00013  6.56892e-07 | 84 -0.00098 -2.38957e-08
 85  0.00000  8.12308e-09 | 86  0.00076 -4.65753e-08 | 87 -0.00000 -3.89981e-09

 - final statistics:
87 variables; iteration 917; function evaluation 1083
Function value -8.7631e+01; maximum gradient component mag 2.1529e-05
Exit code = 1;  converg criter 1.0000e-04
Var    Value     Gradient |Var    Value     Gradient |Var    Value     Gradient
  1  1.00512  6.69025e-10 |  2  0.00032 -2.90122e-09 |  3  0.00038 -4.55025e-09
  4 -0.01552 -1.38795e-09 |  5 -0.01545 -3.32881e-10 |  6 -0.01537  5.89652e-09
  7 -0.01527  2.85736e-09 |  8 -0.01515  8.26081e-09 |  9 -0.01501  5.56440e-09
 10 -0.01486  2.47336e-09 | 11 -0.01470  2.39153e-09 | 12 -0.01452 -2.16452e-10
 13 -0.01431 -2.84176e-09 | 14 -0.01405 -3.24004e-09 | 15 -0.01369  1.40761e-09
 16 -0.01318  8.79247e-10 | 17 -0.01252  3.02677e-09 | 18 -0.01116 -3.94460e-09
 19 -0.00945 -9.51705e-09 | 20 -0.00761  6.72950e-09 | 21 -0.00541  5.44900e-09
 22 -0.00299 -8.58578e-09 | 23 -0.00067  5.64222e-09 | 24  0.00110 -4.50881e-09
 25  0.00212 -7.46965e-09 | 26  0.00179 -5.60445e-09 | 27  0.00033 -1.10899e-08
 28 -0.00195 -1.29165e-08 | 29 -0.00402  1.34228e-09 | 30 -0.00654 -1.83353e-08
 31 -0.00932 -1.98565e-09 | 32 -0.01082 -3.61098e-09 | 33 -0.00942  1.06114e-09
 34 -0.00860 -6.82529e-09 | 35 -0.00579  2.48205e-08 | 36 -0.01826 -1.64498e-08
 37 -0.02692 -6.86777e-08 | 38 -0.01322  1.06725e-08 | 39 -0.04678  4.77135e-09
 40 -0.03961  4.19455e-09 | 41 -0.03249  6.98494e-09 | 42 -0.02832  1.14465e-08
 43 -0.02487  9.24568e-09 | 44 -0.02633  1.17383e-08 | 45 -0.03337 -1.51292e-09
 46 -0.03611 -4.38539e-09 | 47 -0.01318 -3.37889e-08 | 48  0.01857 -5.62463e-08
 49  0.00130 -4.95073e-08 | 50 -0.03024 -3.01955e-08 | 51 -0.02015  5.79337e-09
 52 -0.06038  8.41703e-09 | 53 -0.03063  2.58545e-08 | 54 -0.01446 -8.05439e-10
 55 -0.01542 -2.14759e-08 | 56  0.00165  4.68860e-08 | 57  0.00418  7.52157e-08
 58  0.00788  4.36195e-08 | 59 -0.03364  6.35734e-08 | 60 -0.02874  8.92360e-08
 61  0.02361  7.21010e-08 | 62 -0.03171  4.00483e-09 | 63 -0.04616 -2.52483e-08
 64 -0.01427 -7.48559e-08 | 65 -0.03265 -7.75339e-08 | 66 -0.05122 -2.98658e-09
 67 -0.05735  6.99026e-09 | 68 -0.03182  2.24241e-09 | 69 -0.01676  2.80591e-09
 70 -0.01659 -6.46261e-09 | 71 -0.01666  2.50615e-09 | 72 -0.35491  2.15292e-05
 73 -0.17977  9.33533e-06 | 74 -0.07476 -8.30079e-08 | 75 -0.00710  3.56013e-07
 76 -0.30604 -1.94625e-05 | 77 -0.16527 -1.32672e-05 | 78 -0.08164  3.27228e-08
 79 -0.00476 -3.77246e-07 | 80  1.02693 -1.29089e-09 | 81  0.05459 -1.57686e-09
 82  0.26354  2.93584e-08 | 83  0.00000  4.25273e-10 | 84 -0.00098 -1.40268e-10
 85  0.00000  7.68838e-11 | 86  0.00077 -2.63972e-10 | 87 -0.00000 -1.31878e-10
Warning: the following parameters had issues
  SR_parm[1] is within 0.1% of upper bound: 1.00000e-04 < 1.99997e+01 < 2.00000e+01
  selparm[13] is within 0.1% of upper bound: 2.00000e+01 < 8.29718e+01 < 8.30000e+01


 - final statistics:
93 variables; iteration 0; function evaluation 0
Function value -8.7631e+01; maximum gradient component mag 2.1529e-05
Exit code = 0;  converg criter 1.0000e-04
Var    Value     Gradient |Var    Value     Gradient |Var    Value     Gradient
  1  0.99488 -6.69025e-10 |  2  0.00032 -2.90122e-09 |  3  0.00038 -4.55025e-09
  4 -0.01552 -1.38795e-09 |  5 -0.01545 -3.32881e-10 |  6 -0.01537  5.89652e-09
  7 -0.01527  2.85736e-09 |  8 -0.01515  8.26081e-09 |  9 -0.01501  5.56440e-09
 10 -0.01486  2.47337e-09 | 11 -0.01470  2.39154e-09 | 12 -0.01452 -2.16458e-10
 13 -0.01431 -2.84175e-09 | 14 -0.01405 -3.24004e-09 | 15 -0.01369  1.40761e-09
 16 -0.01318  8.79247e-10 | 17 -0.01252  3.02677e-09 | 18 -0.01116 -3.94459e-09
 19 -0.00945 -9.51706e-09 | 20 -0.00761  6.72949e-09 | 21 -0.00541  5.44900e-09
 22 -0.00299 -8.58580e-09 | 23 -0.00067  5.64223e-09 | 24  0.00110 -4.50882e-09
 25  0.00212 -7.46964e-09 | 26  0.00179 -5.60445e-09 | 27  0.00033 -1.10899e-08
 28 -0.00195 -1.29165e-08 | 29 -0.00402  1.34229e-09 | 30 -0.00654 -1.83353e-08
 31 -0.00932 -1.98565e-09 | 32 -0.01082 -3.61099e-09 | 33 -0.00942  1.06114e-09
 34 -0.00860 -6.82530e-09 | 35 -0.00579  2.48204e-08 | 36 -0.01826 -1.64498e-08
 37 -0.02692 -6.86777e-08 | 38 -0.01322  1.06725e-08 | 39 -0.04678  4.77134e-09
 40 -0.03961  4.19456e-09 | 41 -0.03249  6.98494e-09 | 42 -0.02832  1.14465e-08
 43 -0.02487  9.24566e-09 | 44 -0.02633  1.17383e-08 | 45 -0.03337 -1.51292e-09
 46 -0.03611 -4.38540e-09 | 47 -0.01318 -3.37889e-08 | 48  0.01857 -5.62463e-08
 49  0.00130 -4.95073e-08 | 50 -0.03024 -3.01955e-08 | 51 -0.02015  5.79334e-09
 52 -0.06038  8.41701e-09 | 53 -0.03063  2.58545e-08 | 54 -0.01446 -8.05309e-10
 55 -0.01542 -2.14757e-08 | 56  0.00165  4.68862e-08 | 57  0.00418  7.52158e-08
 58  0.00788  4.36194e-08 | 59 -0.03364  6.35733e-08 | 60 -0.02874  8.92359e-08
 61  0.02361  7.21008e-08 | 62 -0.03171  4.00489e-09 | 63 -0.04616 -2.52483e-08
 64 -0.01427 -7.48560e-08 | 65 -0.03265 -7.75340e-08 | 66 -0.05122 -2.98663e-09
 67 -0.05735  6.99023e-09 | 68 -0.03182  2.24239e-09 | 69 -0.01676  2.80590e-09
 70 -0.01659 -6.46261e-09 | 71 -0.01666  2.50614e-09 | 72  0.00000 -1.67127e-20
 73  0.00000 -4.57044e-21 | 74  0.00000 -5.75807e-23 | 75  0.00000 -6.39404e-28
 76  0.00000  0.00000e+00 | 77  0.00000  0.00000e+00 | 78 -0.35491  2.15292e-05
 79 -0.17977  9.33533e-06 | 80 -0.07476 -8.30079e-08 | 81 -0.00710  3.56013e-07
 82 -0.30604 -1.94625e-05 | 83 -0.16527 -1.32672e-05 | 84 -0.08164  3.27229e-08
 85 -0.00476 -3.77246e-07 | 86  0.97307  1.29089e-09 | 87  0.05459 -1.57686e-09
 88  0.26354  2.93583e-08 | 89  0.00000  4.25273e-10 | 90 -0.00098 -1.40268e-10
 91  0.00000  7.68838e-11 | 92  0.00077 -2.63972e-10 | 93 -0.00000 -1.31878e-10
Estimating row 1 out of 93 for hessian
Estimating row 2 out of 93 for hessian
Estimating row 3 out of 93 for hessian
Estimating row 4 out of 93 for hessian
Estimating row 5 out of 93 for hessian
Estimating row 6 out of 93 for hessian
Estimating row 7 out of 93 for hessian
Estimating row 8 out of 93 for hessian
Estimating row 9 out of 93 for hessian
Estimating row 10 out of 93 for hessian
Estimating row 11 out of 93 for hessian
Estimating row 12 out of 93 for hessian
Estimating row 13 out of 93 for hessian
Estimating row 14 out of 93 for hessian
Estimating row 15 out of 93 for hessian
Estimating row 16 out of 93 for hessian
Estimating row 17 out of 93 for hessian
Estimating row 18 out of 93 for hessian
Estimating row 19 out of 93 for hessian
Estimating row 20 out of 93 for hessian
Estimating row 21 out of 93 for hessian
Estimating row 22 out of 93 for hessian
Estimating row 23 out of 93 for hessian
Estimating row 24 out of 93 for hessian
Estimating row 25 out of 93 for hessian
Estimating row 26 out of 93 for hessian
Estimating row 27 out of 93 for hessian
Estimating row 28 out of 93 for hessian
Estimating row 29 out of 93 for hessian
Estimating row 30 out of 93 for hessian
Estimating row 31 out of 93 for hessian
Estimating row 32 out of 93 for hessian
Estimating row 33 out of 93 for hessian
Estimating row 34 out of 93 for hessian
Estimating row 35 out of 93 for hessian
Estimating row 36 out of 93 for hessian
Estimating row 37 out of 93 for hessian
Estimating row 38 out of 93 for hessian
Estimating row 39 out of 93 for hessian
Estimating row 40 out of 93 for hessian
Estimating row 41 out of 93 for hessian
Estimating row 42 out of 93 for hessian
Estimating row 43 out of 93 for hessian
Estimating row 44 out of 93 for hessian
Estimating row 45 out of 93 for hessian
Estimating row 46 out of 93 for hessian
Estimating row 47 out of 93 for hessian
Estimating row 48 out of 93 for hessian
Estimating row 49 out of 93 for hessian
Estimating row 50 out of 93 for hessian
Estimating row 51 out of 93 for hessian
Estimating row 52 out of 93 for hessian
Estimating row 53 out of 93 for hessian
Estimating row 54 out of 93 for hessian
Estimating row 55 out of 93 for hessian
Estimating row 56 out of 93 for hessian
Estimating row 57 out of 93 for hessian
Estimating row 58 out of 93 for hessian
Estimating row 59 out of 93 for hessian
Estimating row 60 out of 93 for hessian
Estimating row 61 out of 93 for hessian
Estimating row 62 out of 93 for hessian
Estimating row 63 out of 93 for hessian
Estimating row 64 out of 93 for hessian
Estimating row 65 out of 93 for hessian
Estimating row 66 out of 93 for hessian
Estimating row 67 out of 93 for hessian
Estimating row 68 out of 93 for hessian
Estimating row 69 out of 93 for hessian
Estimating row 70 out of 93 for hessian
Estimating row 71 out of 93 for hessian
Estimating row 72 out of 93 for hessian
Estimating row 73 out of 93 for hessian
Estimating row 74 out of 93 for hessian
Estimating row 75 out of 93 for hessian
Estimating row 76 out of 93 for hessian
Estimating row 77 out of 93 for hessian
Estimating row 78 out of 93 for hessian
Estimating row 79 out of 93 for hessian
Estimating row 80 out of 93 for hessian
Estimating row 81 out of 93 for hessian
Estimating row 82 out of 93 for hessian
Estimating row 83 out of 93 for hessian
Estimating row 84 out of 93 for hessian
Estimating row 85 out of 93 for hessian
Estimating row 86 out of 93 for hessian
Estimating row 87 out of 93 for hessian
Estimating row 88 out of 93 for hessian
Estimating row 89 out of 93 for hessian
Estimating row 90 out of 93 for hessian
Estimating row 91 out of 93 for hessian
Estimating row 92 out of 93 for hessian
Estimating row 93 out of 93 for hessian
size of file gradfil1.tmp = 0
size of file gradfil2.tmp = 0
size of file varssave.tmp = 0
size of file cmpdiff.tmp = 0
