
Initial statistics: 75 variables; iteration 0; function evaluation 0; phase 1
Function value 2.8854169e+06; maximum gradient component mag -2.3877e+07
Var    Value     Gradient |Var    Value     Gradient |Var    Value     Gradient
  1 -0.12497 -2.38771e+07 |  2 -0.00176 -1.14821e+05 |  3 -0.03946 -8.83150e+04
  4  0.02990 -1.52158e+05 |  5 -0.01827 -1.00688e+05 |  6 -0.03889 -8.02310e+04
  7 -0.03693 -7.43113e+04 |  8  0.00307 -8.79228e+04 |  9 -0.03680 -4.67564e+04
 10  0.05220 -8.19215e+04 | 11 -0.01484 -9.45918e+04 | 12 -0.04961 -1.22202e+05
 13  0.03359 -1.68169e+05 | 14 -0.02319 -1.52016e+05 | 15  0.03296 -1.63411e+05
 16 -0.01593 -1.53455e+05 | 17  0.01238 -1.36475e+05 | 18 -0.04186 -1.33962e+05
 19  0.02680 -1.79106e+05 | 20 -0.04795 -2.36910e+05 | 21 -0.02204 -3.50484e+05
 22 -0.04429 -3.05850e+05 | 23 -0.01462 -3.77734e+05 | 24 -0.01375 -3.50590e+05
 25 -0.02127 -2.98976e+05 | 26  0.04817 -3.99222e+05 | 27  0.00550 -3.06750e+05
 28  0.02212 -3.45275e+05 | 29  0.03468 -3.30206e+05 | 30  0.04864 -3.94042e+05
 31 -0.04090 -3.04960e+05 | 32 -0.01915 -4.04616e+05 | 33 -0.04783 -1.70075e+05
 34  0.03447 -1.03058e+05 | 35  0.04686 -4.17257e+05 | 36 -0.03561 -1.69332e+05
 37 -0.00931 -1.32594e+05 | 38  0.01743 -1.25752e+05 | 39  0.04292 -1.10956e+05
 40 -0.01671 -7.31177e+04 | 41 -0.01942 -8.00334e+04 | 42 -0.03032 -7.75905e+04
 43  0.05091 -8.99217e+04 | 44  0.04450 -7.27046e+04 | 45 -0.01858 -1.31667e+05
 46 -0.02334 -1.47567e+05 | 47  0.04161 -8.38044e+04 | 48 -0.04032 -5.26653e+04
 49 -0.00039 -7.50309e+04 | 50  0.03509 -3.96620e+04 | 51  0.00322 -1.03521e+05
 52 -0.00316 -1.79625e+05 | 53 -0.02006 -5.51912e+04 | 54  0.03327 -9.87068e+04
 55 -0.05125 -1.03890e+05 | 56 -0.04787 -8.26101e+04 | 57  0.02325 -7.58265e+04
 58  0.03420 -7.12390e+04 | 59  0.00766 -7.78200e+04 | 60 -0.03469 -9.34583e+04
 61  0.04341 -6.64941e+04 | 62 -0.03958 -8.45624e+04 | 63  0.04535 -6.93612e+04
 64 -0.02633 -9.66184e+04 | 65 -0.03453 -9.54310e+04 | 66 -0.02914 -7.21192e+04
 67 -0.05165 -5.67962e+04 | 68 -0.02097 -3.95125e+04 | 69  0.00028 -2.48241e+05
 70  0.00627 -2.39411e+05 | 71 -0.00010 -2.33542e+05 | 72 -0.02881 -2.23136e+05
 73  0.01834 -1.83700e+05 | 74  0.02271 -5.73286e+03 | 75 -0.00348  2.05540e+02

Intermediate statistics: 75 variables; iteration 20; function evaluation 36; phase 1
Function value 4.3560262e+02; maximum gradient component mag 1.6179e+02
Var    Value     Gradient |Var    Value     Gradient |Var    Value     Gradient
  1  0.09046  2.07693e+01 |  2  0.06772  1.56906e+01 |  3  0.03729  1.22667e+01
  4  0.05410  1.60522e+01 |  5  0.02906  9.93564e+00 |  6  0.01611  6.63976e+00
  7  0.00453  3.67495e+00 |  8 -0.01708 -1.63092e+00 |  9 -0.03195 -5.31152e+00
 10 -0.08984 -1.90043e+01 | 11 -0.01071 -5.60453e-01 | 12  0.04132  1.13653e+01
 13  0.00578  3.31295e+00 | 14  0.04821  1.32361e+01 | 15  0.00048  2.55098e+00
 16  0.04719  1.39684e+01 | 17  0.00335  4.00946e+00 | 18  0.05543  1.69099e+01
 19  0.07216  2.10437e+01 | 20  0.50182  7.63254e+01 | 21 -2.95968 -1.07874e+01
 22  0.06700  2.11137e+01 | 23  0.07435  2.39202e+01 | 24  0.31582  8.80962e+01
 25  2.22086  4.71526e+01 | 26  0.10735  4.05872e+01 | 27  2.34554  6.68354e+01
 28 -0.03284  2.84200e+00 | 29  0.06166  4.12587e+01 | 30  0.09335  6.36411e+01
 31  4.08105  6.48285e+01 | 32 -0.06088  3.47885e+00 | 33  2.86952  3.07531e+01
 34  3.13306 -3.13179e+01 | 35 -2.02293 -6.24997e+01 | 36 -0.27389 -5.48584e+01
 37 -1.43605  7.71116e+01 | 38  0.13540  1.75333e+01 | 39  0.10234  4.33672e+01
 40  0.43329  1.61792e+02 | 41  0.38460  6.54944e+00 | 42  2.27295  5.78896e+01
 43 -0.01352 -9.36209e+00 | 44  0.24979 -5.80516e+00 | 45  0.03211 -7.48405e-01
 46  0.04431  6.60895e+00 | 47 -0.04485 -6.99744e+00 | 48 -1.87722  2.17749e+01
 49 -0.09744 -9.70630e+00 | 50 -0.11009 -1.25666e+01 | 51 -0.00345  2.81205e+01
 52 -0.11483 -1.56627e+01 | 53 -0.08981 -1.92410e+01 | 54 -0.04955 -2.27342e+01
 55 -0.11631 -3.76490e+01 | 56  0.08511 -4.75293e+01 | 57 -0.24466 -5.80352e+01
 58  0.03202 -4.68036e+01 | 59 -0.09902 -3.67042e+01 | 60 -0.00391 -2.61452e+01
 61  0.03051 -1.46466e+01 | 62  0.00440  8.05158e+00 | 63  0.03385  3.04561e+01
 64  0.08420  3.58691e+01 | 65 -0.07457 -1.67087e+01 | 66  0.02202 -4.06727e+00
 67 -0.02131 -1.91071e+01 | 68 -0.07309 -2.94193e+01 | 69  0.01443  6.88219e+00
 70 -0.04259  1.35055e+01 | 71 -0.05025  6.17307e+00 | 72  0.11628  4.59341e+01
 73  0.11783  3.24815e+01 | 74 -0.01426  5.20361e-01 | 75 -0.01641  3.06871e-02
75 variables; iteration 40; function evaluation 66; phase 1
Function value 2.7009038e+02; maximum gradient component mag 1.7302e+02
Var    Value     Gradient |Var    Value     Gradient |Var    Value     Gradient
  1  0.11581  3.30641e+01 |  2 -0.03260 -8.35272e+00 |  3 -0.04473 -7.42586e+00
  4 -0.04155 -6.70889e+00 |  5 -0.03545 -5.30935e+00 |  6 -0.02795 -3.59969e+00
  7 -0.01643 -9.11242e-01 |  8  0.01217  5.84540e+00 |  9  0.01841  7.22818e+00
 10 -0.08152 -1.65316e+01 | 11  0.01833  7.02126e+00 | 12 -0.03062 -4.55609e+00
 13  0.03028  9.74528e+00 | 14 -0.02887 -4.11100e+00 | 15  0.03827  1.17187e+01
 16 -0.02239 -2.34766e+00 | 17  0.03093  1.04997e+01 | 18 -0.03743 -5.62897e+00
 19 -0.02526 -2.75612e+00 | 20  0.17585  4.19513e+01 | 21 -2.95060 -4.80615e+00
 22 -0.04718 -7.75778e+00 | 23 -0.04476 -6.80615e+00 | 24  0.08165  2.54873e+01
 25  1.97243 -1.23006e+01 | 26 -0.09086 -1.76739e+01 | 27  2.31275  6.26097e+01
 28  0.02381  1.90408e+01 | 29 -0.04629 -6.72611e-01 | 30 -0.03786  4.19466e+00
 31  3.71722 -5.67958e+01 | 32  0.00289  2.55252e+01 | 33  2.04704 -9.32607e+00
 34  3.65143 -6.55438e+01 | 35 -1.83951  1.98332e+01 | 36 -0.20429 -3.10114e+01
 37 -1.67795  7.44159e+01 | 38 -0.05358 -8.88686e+01 | 39 -0.07284 -1.39455e+01
 40  0.41990  1.73024e+02 | 41  0.25806  4.63924e+01 | 42  2.08716  2.01805e+01
 43  0.01016  5.06241e+00 | 44  0.30363  7.01197e+01 | 45  0.19820  5.06931e+01
 46 -0.01740 -9.55522e-01 | 47  0.03537  1.26539e+01 | 48 -1.91953  1.53926e+01
 49  0.00291  8.82641e+00 | 50  0.02830  1.78315e+01 | 51 -0.07285 -1.24917e+01
 52  0.00042  1.32271e+01 | 53  0.01472  5.06225e+00 | 54 -0.02112 -1.26464e+01
 55 -0.05673 -2.11881e+01 | 56  0.13272  1.38047e+00 | 57 -0.13473 -3.21501e+01
 58  0.10210  2.24441e+01 | 59 -0.00285  7.35083e+00 | 60  0.02965  1.42951e+01
 61  0.11939  2.93997e+01 | 62 -0.05270 -7.78542e+00 | 63  0.04247  2.09625e+01
 64  0.11698  3.88508e+01 | 65  0.01336  7.90188e+00 | 66  0.03684  1.03757e+01
 67  0.06401  2.99668e-01 | 68 -0.05101 -2.57676e+01 | 69 -0.03157 -1.29759e+01
 70  0.03087  2.96726e+01 | 71  0.00702  2.03582e+01 | 72  0.09861  3.58569e+01
 73  0.12512  3.36434e+01 | 74 -0.01278  4.04914e-01 | 75 -0.01484 -6.88629e-02
75 variables; iteration 60; function evaluation 99; phase 1
Function value 1.9262372e+02; maximum gradient component mag 1.5084e+02
Var    Value     Gradient |Var    Value     Gradient |Var    Value     Gradient
  1  0.12542  3.65758e+01 |  2  0.02400  5.58997e+00 |  3  0.00116  3.88162e+00
  4  0.00806  5.48608e+00 |  5 -0.00166  3.02574e+00 |  6 -0.00656  1.72193e+00
  7 -0.01032  6.91722e-01 |  8 -0.01770 -1.20257e+00 |  9 -0.02369 -2.75717e+00
 10 -0.03039 -4.47562e+00 | 11 -0.01824 -1.67636e+00 | 12  0.00140  2.92472e+00
 13 -0.01587 -1.14812e+00 | 14  0.00046  2.77973e+00 | 15 -0.02430 -3.04153e+00
 16 -0.00625  1.39211e+00 | 17 -0.02819 -3.69532e+00 | 18 -0.00717  1.62752e+00
 19 -0.01369  4.24951e-02 | 20  0.00488  4.53592e+00 | 21 -2.84739 -2.18169e+01
 22 -0.02706 -2.51686e+00 | 23 -0.03672 -4.32508e+00 | 24  0.05497  2.01779e+01
 25  1.93182 -2.54378e+01 | 26 -0.03880 -2.67283e+00 | 27  2.07270  1.02692e+01
 28 -0.02174  7.81255e+00 | 29 -0.08329 -9.08364e+00 | 30 -0.09339 -1.00194e+01
 31  3.89222 -1.25424e+01 | 32 -0.10905 -1.06440e+01 | 33  2.08952  5.80960e-01
 34  3.82312 -2.80092e+01 | 35 -1.87594  5.64091e+00 | 36 -0.12247  1.23990e+00
 37 -1.93374 -3.32939e+00 | 38  0.05895 -1.82583e+01 | 39  0.02338  1.70066e+01
 40  0.38917  1.50844e+02 | 41  0.21351  2.09048e+01 | 42  1.99334  5.73734e+00
 43  0.03832  3.24839e+00 | 44  0.29518  1.61113e+01 | 45  0.02484  2.99467e+00
 46  0.00864  1.44202e+00 | 47 -0.05862 -1.23509e+01 | 48 -2.01239 -8.52269e+00
 49 -0.03713 -1.54545e+00 | 50 -0.00200  1.17277e+01 | 51  0.00522  1.36220e+01
 52 -0.09355 -1.40285e+01 | 53 -0.05495 -5.65802e+00 | 54  0.04296  2.67741e+01
 55  0.05830  2.63670e+01 | 56  0.05596  1.20986e+01 | 57  0.03381 -3.03825e+00
 58 -0.02017 -1.38570e+01 | 59  0.01570 -5.38263e-01 | 60 -0.01578 -5.26614e+00
 61  0.10659  1.26753e+01 | 62 -0.06961 -1.62370e+01 | 63  0.03563  3.03834e+00
 64  0.03226 -2.25993e+00 | 65  0.03894  6.62194e+00 | 66  0.01343  1.11314e+01
 67  0.04063  1.96085e+01 | 68  0.03967  4.12000e+00 | 69 -0.03269 -8.63351e+00
 70 -0.08654 -1.60585e+01 | 71 -0.01318  1.56478e+00 | 72 -0.04086 -5.44871e+00
 73 -0.00061  3.58186e+00 | 74 -0.01455  1.17989e-01 | 75 -0.01700 -4.31985e-01
Maximum number of function evaluations exceeded

 - final statistics:
75 variables; iteration 61; function evaluation 100
Function value 1.9262e+02; maximum gradient component mag 1.5084e+02
Exit code = 3;  converg criter 1.0000e+01
Var    Value     Gradient |Var    Value     Gradient |Var    Value     Gradient
  1  0.12542  3.65758e+01 |  2  0.02400  5.58997e+00 |  3  0.00116  3.88162e+00
  4  0.00806  5.48608e+00 |  5 -0.00166  3.02574e+00 |  6 -0.00656  1.72193e+00
  7 -0.01032  6.91722e-01 |  8 -0.01770 -1.20257e+00 |  9 -0.02369 -2.75717e+00
 10 -0.03039 -4.47562e+00 | 11 -0.01824 -1.67636e+00 | 12  0.00140  2.92472e+00
 13 -0.01587 -1.14812e+00 | 14  0.00046  2.77973e+00 | 15 -0.02430 -3.04153e+00
 16 -0.00625  1.39211e+00 | 17 -0.02819 -3.69532e+00 | 18 -0.00717  1.62752e+00
 19 -0.01369  4.24951e-02 | 20  0.00488  4.53592e+00 | 21 -2.84739 -2.18169e+01
 22 -0.02706 -2.51686e+00 | 23 -0.03672 -4.32508e+00 | 24  0.05497  2.01779e+01
 25  1.93182 -2.54378e+01 | 26 -0.03880 -2.67283e+00 | 27  2.07270  1.02692e+01
 28 -0.02174  7.81255e+00 | 29 -0.08329 -9.08364e+00 | 30 -0.09339 -1.00194e+01
 31  3.89222 -1.25424e+01 | 32 -0.10905 -1.06440e+01 | 33  2.08952  5.80960e-01
 34  3.82312 -2.80092e+01 | 35 -1.87594  5.64091e+00 | 36 -0.12247  1.23990e+00
 37 -1.93374 -3.32939e+00 | 38  0.05895 -1.82583e+01 | 39  0.02338  1.70066e+01
 40  0.38917  1.50844e+02 | 41  0.21351  2.09048e+01 | 42  1.99334  5.73734e+00
 43  0.03832  3.24839e+00 | 44  0.29518  1.61113e+01 | 45  0.02484  2.99467e+00
 46  0.00864  1.44202e+00 | 47 -0.05862 -1.23509e+01 | 48 -2.01239 -8.52269e+00
 49 -0.03713 -1.54545e+00 | 50 -0.00200  1.17277e+01 | 51  0.00522  1.36220e+01
 52 -0.09355 -1.40285e+01 | 53 -0.05495 -5.65802e+00 | 54  0.04296  2.67741e+01
 55  0.05830  2.63670e+01 | 56  0.05596  1.20986e+01 | 57  0.03381 -3.03825e+00
 58 -0.02017 -1.38570e+01 | 59  0.01570 -5.38263e-01 | 60 -0.01578 -5.26614e+00
 61  0.10659  1.26753e+01 | 62 -0.06961 -1.62370e+01 | 63  0.03563  3.03834e+00
 64  0.03226 -2.25993e+00 | 65  0.03894  6.62194e+00 | 66  0.01343  1.11314e+01
 67  0.04063  1.96085e+01 | 68  0.03967  4.12000e+00 | 69 -0.03269 -8.63351e+00
 70 -0.08654 -1.60585e+01 | 71 -0.01318  1.56478e+00 | 72 -0.04086 -5.44871e+00
 73 -0.00061  3.58186e+00 | 74 -0.01455  1.17989e-01 | 75 -0.01700 -4.31985e-01

Initial statistics: 75 variables; iteration 0; function evaluation 0; phase 2
Function value 1.9262372e+02; maximum gradient component mag 1.5084e+02
Var    Value     Gradient |Var    Value     Gradient |Var    Value     Gradient
  1  0.12542  3.65758e+01 |  2  0.02400  5.58997e+00 |  3  0.00116  3.88162e+00
  4  0.00806  5.48608e+00 |  5 -0.00166  3.02574e+00 |  6 -0.00656  1.72193e+00
  7 -0.01032  6.91722e-01 |  8 -0.01770 -1.20257e+00 |  9 -0.02369 -2.75717e+00
 10 -0.03039 -4.47562e+00 | 11 -0.01824 -1.67636e+00 | 12  0.00140  2.92472e+00
 13 -0.01587 -1.14812e+00 | 14  0.00046  2.77973e+00 | 15 -0.02430 -3.04153e+00
 16 -0.00625  1.39211e+00 | 17 -0.02819 -3.69532e+00 | 18 -0.00717  1.62752e+00
 19 -0.01369  4.24951e-02 | 20  0.00488  4.53592e+00 | 21  0.84739  2.18169e+01
 22 -0.02706 -2.51686e+00 | 23 -0.03672 -4.32508e+00 | 24  0.05497  2.01779e+01
 25  0.06818  2.54378e+01 | 26 -0.03880 -2.67283e+00 | 27 -0.07270 -1.02692e+01
 28 -0.02174  7.81255e+00 | 29 -0.08329 -9.08364e+00 | 30 -0.09339 -1.00194e+01
 31 -0.10778 -1.25424e+01 | 32 -0.10905 -1.06440e+01 | 33 -0.08952 -5.80960e-01
 34 -0.17688 -2.80092e+01 | 35 -0.12406 -5.64091e+00 | 36 -0.12247  1.23990e+00
 37 -0.06626  3.32939e+00 | 38  0.05895 -1.82583e+01 | 39  0.02338  1.70066e+01
 40  0.38917  1.50844e+02 | 41  0.21351  2.09048e+01 | 42  0.00666 -5.73734e+00
 43  0.03832  3.24839e+00 | 44  0.29518  1.61113e+01 | 45  0.02484  2.99467e+00
 46  0.00864  1.44202e+00 | 47 -0.05862 -1.23509e+01 | 48  0.01239  8.52269e+00
 49 -0.03713 -1.54545e+00 | 50 -0.00200  1.17277e+01 | 51  0.00522  1.36220e+01
 52 -0.09355 -1.40285e+01 | 53 -0.05495 -5.65802e+00 | 54  0.04296  2.67741e+01
 55  0.05830  2.63670e+01 | 56  0.05596  1.20986e+01 | 57  0.03381 -3.03825e+00
 58 -0.02017 -1.38570e+01 | 59  0.01570 -5.38263e-01 | 60 -0.01578 -5.26614e+00
 61  0.10659  1.26753e+01 | 62 -0.06961 -1.62370e+01 | 63  0.03563  3.03834e+00
 64  0.03226 -2.25993e+00 | 65  0.03894  6.62194e+00 | 66  0.01343  1.11314e+01
 67  0.04063  1.96085e+01 | 68  0.03967  4.12000e+00 | 69 -0.03269 -8.63351e+00
 70 -0.08654 -1.60585e+01 | 71 -0.01318  1.56478e+00 | 72 -0.04086 -5.44871e+00
 73 -0.00061  3.58186e+00 | 74 -0.01455  1.17989e-01 | 75 -0.01700 -4.31985e-01

Intermediate statistics: 75 variables; iteration 20; function evaluation 53; phase 2
Function value 1.1952956e+02; maximum gradient component mag -1.8505e+03
Var    Value     Gradient |Var    Value     Gradient |Var    Value     Gradient
  1 -0.03641 -1.85053e+03 |  2  0.01067 -8.51651e-01 |  3 -0.00496 -8.65428e-01
  4 -0.00360 -1.09245e+00 |  5 -0.00086 -1.07463e+00 |  6  0.00172 -1.14241e+00
  7  0.00469 -1.17425e+00 |  8  0.00861 -1.05399e+00 |  9  0.01363 -7.39327e-01
 10  0.02058 -7.22138e-02 | 11  0.02551  2.12288e-01 | 12  0.02374 -3.67805e-01
 13  0.03197  9.51562e-01 | 14  0.02518 -4.46978e-02 | 15  0.04570  3.46016e+00
 16  0.03201  2.11814e+00 | 17  0.05304  6.86542e+00 | 18  0.02426  3.90028e+00
 19  0.02264  4.55653e+00 | 20  0.00546  1.30691e+00 | 21  0.55820 -1.24725e+02
 22  0.04347  7.18156e+00 | 23  0.03285  5.30364e+00 | 24 -0.12941 -2.71694e+01
 25 -0.15314 -3.56566e+01 | 26  0.01780 -5.64003e+00 | 27  0.11849 -3.05256e-01
 28 -0.06038 -2.11714e+01 | 29  0.03456 -1.12344e+01 | 30  0.01364 -1.53048e+01
 31 -0.01543 -1.87371e+01 | 32 -0.07179 -2.44266e+01 | 33 -0.12011 -2.83794e+01
 34 -0.11223 -1.95853e+01 | 35 -0.13405 -2.29715e+01 | 36 -0.09989 -2.34767e+01
 37 -0.00746 -4.87210e+01 | 38  0.16732 -2.50246e+02 | 39  0.01634 -4.51340e+01
 40  0.24675  2.21803e+02 | 41  0.18315  8.53296e+01 | 42  0.03024  2.72931e+01
 43  0.00379  4.65736e+01 | 44  0.23633  2.95582e+02 | 45 -0.02801  2.24936e+01
 46 -0.01926  1.37025e+01 | 47 -0.01315  6.60081e+00 | 48 -0.01832  2.24187e+00
 49 -0.00739 -1.58780e+00 | 50 -0.03342 -8.27817e+00 | 51 -0.04817 -3.90346e+00
 52 -0.05076  2.62360e+01 | 53 -0.00432  4.56815e+01 | 54  0.01567  3.89184e+01
 55 -0.06071 -1.34260e+00 | 56  0.10433  4.61794e+01 | 57 -0.09344 -1.63916e+01
 58  0.11534  3.00548e+01 | 59  0.00106 -1.76087e+00 | 60  0.03335 -2.89294e+01
 61 -0.02272 -4.94473e+01 | 62  0.08578 -6.78682e+01 | 63 -0.07802 -3.23800e+01
 64  0.06459 -4.49370e+01 | 65  0.03229 -4.85070e+01 | 66 -0.03400 -4.83406e+01
 67 -0.04394 -4.24562e+01 | 68  0.03475 -5.93290e+01 | 69 -0.01070 -4.38068e+01
 70 -0.07587 -3.26049e+01 | 71 -0.07678 -3.24200e+01 | 72 -0.03327 -7.18487e+00
 73 -0.03039  2.57830e+00 | 74 -0.02822  3.28789e+00 | 75 -0.02865  3.88354e+00
75 variables; iteration 40; function evaluation 81; phase 2
Function value 8.7525842e+01; maximum gradient component mag 6.5857e+03
Var    Value     Gradient |Var    Value     Gradient |Var    Value     Gradient
  1 -0.03154  6.58575e+03 |  2 -0.01807 -7.06189e+00 |  3 -0.02900 -6.01571e+00
  4 -0.03189 -7.08003e+00 |  5 -0.02342 -5.68048e+00 |  6 -0.01897 -5.21267e+00
  7 -0.01561 -4.99863e+00 |  8 -0.01128 -4.59427e+00 |  9 -0.00575 -3.93647e+00
 10  0.00311 -2.60715e+00 | 11  0.00653 -2.28129e+00 | 12  0.00235 -3.07725e+00
 13  0.01011 -1.42284e+00 | 14  0.00657 -1.68727e+00 | 15  0.01490  4.76184e-01
 16  0.00992  7.47509e-01 | 17  0.02660  6.16458e+00 | 18 -0.00373  2.33997e+00
 19 -0.00852  2.59750e+00 | 20 -0.03681 -3.34678e+00 | 21  0.40558  3.15104e+01
 22 -0.00942  4.82984e+00 | 23  0.01770  1.49092e+01 | 24 -0.18370 -3.03423e+01
 25 -0.17404 -3.42126e+01 | 26  0.00784  1.22086e+01 | 27  0.15511  7.23402e+01
 28 -0.02118  1.16146e+01 | 29  0.11544  8.53353e+01 | 30  0.09723  8.98420e+01
 31  0.03996  6.63393e+01 | 32 -0.04450  3.13369e+01 | 33 -0.09953  1.75882e+01
 34 -0.10778  3.18068e+01 | 35 -0.13625  2.50055e+01 | 36 -0.11222  4.00168e+01
 37  0.06344  2.08652e+02 | 38  0.21085  8.48531e+02 | 39 -0.08526  7.01523e+01
 40  0.17319  9.48789e+02 | 41  0.08881  2.94096e+02 | 42  0.13159  2.87771e+02
 43 -0.00462  1.36537e+02 | 44  0.14157  3.66684e+02 | 45 -0.04978  5.01780e+01
 46 -0.00422  5.86117e+01 | 47  0.02671  7.16730e+01 | 48  0.05133  9.99580e+01
 49  0.05108  8.26705e+01 | 50  0.05580  9.18971e+01 | 51  0.00016  4.55231e+01
 52 -0.04950  1.71873e+01 | 53 -0.04334 -4.15165e+00 | 54  0.06587 -3.30031e+01
 55 -0.10300 -5.00695e+01 | 56  0.03065 -9.28490e+01 | 57 -0.06971 -3.52400e+01
 58  0.13291  5.05364e+01 | 59  0.01902  3.40318e+01 | 60 -0.01427  7.00078e+00
 61  0.05827 -5.83434e+00 | 62  0.06035 -1.39489e+01 | 63 -0.23001 -4.80881e+01
 64  0.08556 -1.74796e+01 | 65  0.02583 -2.75549e+01 | 66 -0.04716 -4.00009e+01
 67 -0.12595 -3.81665e+01 | 68  0.07280 -3.24206e+01 | 69 -0.05576 -2.60823e+01
 70 -0.06517 -2.44676e+01 | 71 -0.14822 -3.64520e+01 | 72  0.03237  7.38629e+00
 73 -0.04619 -2.87012e+00 | 74 -0.03860 -8.93161e-01 | 75 -0.04045 -8.73061e-01
Maximum number of function evaluations exceeded

 - final statistics:
75 variables; iteration 58; function evaluation 100
Function value 5.9449e+01; maximum gradient component mag 1.1522e+04
Exit code = 3;  converg criter 1.0000e+01
Var    Value     Gradient |Var    Value     Gradient |Var    Value     Gradient
  1 -0.01174  1.15215e+04 |  2  0.00870  6.43368e+00 |  3 -0.01804  3.68769e+00
  4 -0.01330  5.91720e+00 |  5 -0.02652  3.08219e+00 |  6 -0.02743  3.90257e+00
  7 -0.02116  7.14441e+00 |  8 -0.01408  1.10698e+01 |  9 -0.01887  1.13811e+01
 10 -0.04901  3.14748e+00 | 11 -0.05393  3.46254e+00 | 12 -0.03085  1.40779e+01
 13 -0.06537  3.48750e+00 | 14 -0.01899  2.51201e+01 | 15  0.00512  4.07101e+01
 16  0.03122  6.15130e+01 | 17  0.05897  9.01769e+01 | 18  0.01257  6.32359e+01
 19  0.02221  7.43524e+01 | 20  0.01607  7.44451e+01 | 21  0.29359  5.80720e+02
 22 -0.00720  7.05638e+01 | 23 -0.01788  7.07775e+01 | 24 -0.15187 -2.53938e+00
 25 -0.09684  3.03703e+01 | 26  0.02862  1.67271e+02 | 27  0.09646  3.30909e+02
 28 -0.02081  1.40417e+02 | 29  0.06953  3.50864e+02 | 30  0.06247  3.68405e+02
 31 -0.01759  2.04814e+02 | 32 -0.03594  1.95663e+02 | 33 -0.09166  1.33106e+02
 34 -0.13885  9.35799e+01 | 35 -0.14158  9.77682e+01 | 36 -0.13015  9.50288e+01
 37  0.01886  2.79986e+02 | 38  0.16931  8.73496e+02 | 39 -0.08810  6.75645e+01
 40  0.10919  5.41700e+02 | 41  0.04511  1.29779e+02 | 42  0.11698  1.22377e+02
 43 -0.05893  6.01079e+01 | 44  0.07190  1.58412e+02 | 45 -0.06469  2.90984e+01
 46 -0.00015  5.08173e+01 | 47 -0.01285  4.08150e+01 | 48 -0.00777  4.58905e+01
 49  0.02118  3.51414e+01 | 50  0.01971  6.08165e+01 | 51 -0.00864  5.93833e+01
 52 -0.08425  2.37902e+01 | 53 -0.02964  2.93827e+01 | 54  0.03179  4.11866e+00
 55 -0.10815 -4.44435e+01 | 56 -0.12033 -4.64371e+01 | 57  0.04311  2.67653e+01
 58  0.07395  1.20072e+02 | 59  0.01849  7.25861e+01 | 60 -0.03898  7.02765e+00
 61 -0.03305 -2.48921e+01 | 62  0.04901 -3.96919e+01 | 63 -0.24543 -5.47471e+01
 64  0.02188 -5.91078e+01 | 65 -0.07352 -3.19717e+01 | 66  0.03302 -5.17362e+00
 67 -0.10703 -2.89804e+01 | 68 -0.01629 -5.02277e+01 | 69 -0.13500 -4.08563e+01
 70 -0.03470  4.13394e+00 | 71 -0.11737 -1.57523e+01 | 72 -0.02829  5.28888e+00
 73  0.01062  1.14038e+01 | 74 -0.01814  4.33361e+00 | 75 -0.02038  4.04219e+00

Initial statistics: 84 variables; iteration 0; function evaluation 0; phase 3
Function value 5.9448593e+01; maximum gradient component mag 1.1522e+04
Var    Value     Gradient |Var    Value     Gradient |Var    Value     Gradient
  1 -0.01174  1.15215e+04 |  2  0.02007  8.80788e+00 |  3  0.00870  6.43368e+00
  4 -0.01804  3.68769e+00 |  5 -0.01330  5.91720e+00 |  6 -0.02652  3.08219e+00
  7 -0.02743  3.90257e+00 |  8 -0.02116  7.14441e+00 |  9 -0.01408  1.10698e+01
 10 -0.01887  1.13811e+01 | 11 -0.04901  3.14748e+00 | 12 -0.05393  3.46254e+00
 13 -0.03085  1.40779e+01 | 14 -0.06537  3.48750e+00 | 15 -0.01899  2.51201e+01
 16  0.00512  4.07101e+01 | 17  0.03122  6.15130e+01 | 18  0.05897  9.01769e+01
 19  0.01257  6.32359e+01 | 20  0.02221  7.43524e+01 | 21  0.01607  7.44451e+01
 22  0.29359  5.80720e+02 | 23 -0.00720  7.05638e+01 | 24 -0.01788  7.07775e+01
 25 -0.15187 -2.53938e+00 | 26 -0.09684  3.03703e+01 | 27  0.02862  1.67271e+02
 28  0.09646  3.30909e+02 | 29 -0.02081  1.40417e+02 | 30  0.06953  3.50864e+02
 31  0.06247  3.68405e+02 | 32 -0.01759  2.04814e+02 | 33 -0.03594  1.95663e+02
 34 -0.09166  1.33106e+02 | 35 -0.13885  9.35799e+01 | 36 -0.14158  9.77682e+01
 37 -0.13015  9.50288e+01 | 38  0.01886  2.79986e+02 | 39  0.16931  8.73496e+02
 40 -0.08810  6.75645e+01 | 41  0.10919  5.41700e+02 | 42  0.04511  1.29779e+02
 43  0.11698  1.22377e+02 | 44 -0.05893  6.01079e+01 | 45  0.07190  1.58412e+02
 46 -0.06469  2.90984e+01 | 47 -0.00015  5.08173e+01 | 48 -0.01285  4.08150e+01
 49 -0.00777  4.58905e+01 | 50  0.02118  3.51414e+01 | 51  0.01971  6.08165e+01
 52 -0.00864  5.93833e+01 | 53 -0.08425  2.37902e+01 | 54 -0.02964  2.93827e+01
 55  0.03179  4.11866e+00 | 56 -0.10815 -4.44435e+01 | 57 -0.12033 -4.64371e+01
 58  0.04311  2.67653e+01 | 59  0.07395  1.20072e+02 | 60  0.01849  7.25861e+01
 61 -0.03898  7.02765e+00 | 62 -0.03305 -2.48921e+01 | 63  0.04901 -3.96919e+01
 64 -0.24543 -5.47471e+01 | 65  0.02188 -5.91078e+01 | 66 -0.07352 -3.19717e+01
 67  0.03302 -5.17362e+00 | 68 -0.10703 -2.89804e+01 | 69 -0.01629 -5.02277e+01
 70 -0.13500 -4.08563e+01 | 71 -0.03470  4.13394e+00 | 72 -0.11737 -1.57523e+01
 73 -0.02829  5.28888e+00 | 74  0.01062  1.14038e+01 | 75 -0.01814  4.33361e+00
 76 -0.02038  4.04219e+00 | 77 -0.25323  2.36165e+02 | 78 -0.00492 -1.84535e+02
 79 -0.12468  4.13239e+02 | 80  0.11779 -2.74185e+02 | 81  0.08365  1.47209e+02
 82  0.07227 -2.48437e+02 | 83 -0.34261 -2.66215e+02 | 84  0.02454  1.58128e+02

Intermediate statistics: 84 variables; iteration 20; function evaluation 29; phase 3
Function value -2.8784339e+01; maximum gradient component mag 5.8819e+02
Var    Value     Gradient |Var    Value     Gradient |Var    Value     Gradient
  1  0.00672  4.23667e+02 |  2 -0.00247 -1.86704e+00 |  3  0.00453 -4.84428e-01
  4 -0.00601  6.67643e-01 |  5 -0.00706  5.81670e-02 |  6  0.00002  1.21961e+00
  7  0.00129  9.41913e-01 |  8 -0.00054 -1.30837e-01 |  9 -0.00259 -1.35940e+00
 10 -0.00094 -1.96212e+00 | 11  0.00894 -1.21001e+00 | 12  0.00938 -2.71696e+00
 13 -0.00231 -6.24100e+00 | 14  0.00566 -6.52902e+00 | 15 -0.01432 -1.15115e+01
 16 -0.02161 -1.50332e+01 | 17 -0.02940 -1.80634e+01 | 18 -0.02611 -1.99571e+01
 19 -0.03974 -2.32814e+01 | 20 -0.04998 -2.62342e+01 | 21 -0.05681 -2.84952e+01
 22  0.17848 -7.99773e+01 | 23 -0.06623 -3.30887e+01 | 24 -0.07339 -3.59444e+01
 25 -0.02058 -3.88687e+01 | 26 -0.06526 -4.09258e+01 | 27 -0.07896 -4.36629e+01
 28  0.01851 -5.88880e+01 | 29 -0.09844 -4.71777e+01 | 30 -0.01239 -5.71838e+01
 31 -0.02108 -5.46336e+01 | 32 -0.09734 -4.63622e+01 | 33 -0.09520 -4.71125e+01
 34 -0.16075 -3.24013e+01 | 35 -0.20295 -2.23700e+01 | 36 -0.19794 -1.76816e+01
 37 -0.08524 -2.81240e+01 | 38 -0.05027  2.80647e+01 | 39  0.14077  5.88192e+02
 40 -0.18601  2.85667e+01 | 41  0.00248  1.37102e+02 | 42  0.05913  4.47131e+01
 43  0.05588  1.56138e+02 | 44 -0.14512 -2.93404e+00 | 45 -0.03501 -5.35028e+01
 46 -0.07819 -3.73247e+01 | 47 -0.01001 -4.61068e+01 | 48 -0.19890 -2.98023e+01
 49 -0.19595 -2.54011e+01 | 50  0.06621  1.62125e+00 | 51 -0.15954 -3.02986e+01
 52 -0.08878 -2.37508e+01 | 53 -0.10473 -3.60451e+00 | 54 -0.10265 -3.00218e+00
 55 -0.09865  9.06313e+00 | 56 -0.02220  6.14083e+01 | 57 -0.01718  5.76180e+01
 58  0.00132  3.47780e+01 | 59 -0.18695 -3.55641e+01 | 60 -0.05753 -6.69069e+00
 61 -0.07681 -6.49057e+00 | 62 -0.03929 -7.16980e-01 | 63 -0.05422  1.25627e+01
 64 -0.06980  1.12985e+01 | 65 -0.05278  4.00244e+00 | 66 -0.07078 -2.95278e+00
 67 -0.08064  1.47282e+00 | 68 -0.09961  2.27154e+00 | 69 -0.05522  1.57271e+01
 70 -0.09395  1.42918e+01 | 71 -0.14013  4.94832e+00 | 72 -0.10531  7.19783e+00
 73 -0.07363 -1.36316e+00 | 74 -0.06340 -5.70894e+00 | 75 -0.04582 -1.48223e+00
 76 -0.04568 -1.29045e+00 | 77 -0.23847  8.32864e-01 | 78 -0.00124 -2.32991e+01
 79  0.24307  6.30994e+00 | 80  0.28975 -1.24798e+01 | 81  0.47850 -3.04225e+00
 82  0.25119 -3.42221e+01 | 83 -0.24558 -1.03716e+02 | 84 -0.02383  9.10377e+01
84 variables; iteration 40; function evaluation 52; phase 3
Function value -3.9439329e+01; maximum gradient component mag 3.7359e+03
Var    Value     Gradient |Var    Value     Gradient |Var    Value     Gradient
  1  0.00586  3.73592e+03 |  2 -0.00002  8.30793e-01 |  3  0.00633  2.69463e+00
  4 -0.00504  4.00352e+00 |  5 -0.00540  4.25477e+00 |  6  0.00059  6.24034e+00
  7  0.00198  7.12352e+00 |  8  0.00118  7.50995e+00 |  9  0.00036  7.97853e+00
 10  0.00146  9.08793e+00 | 11  0.00592  1.13068e+01 | 12  0.00440  1.17927e+01
 13 -0.00308  1.07570e+01 | 14 -0.00252  1.24395e+01 | 15 -0.01314  1.06149e+01
 16 -0.01631  1.08443e+01 | 17 -0.01864  1.20011e+01 | 18 -0.01233  1.62065e+01
 19 -0.03224  1.08480e+01 | 20 -0.04305  8.36803e+00 | 21 -0.05261  6.16846e+00
 22  0.16322  1.24740e+02 | 23 -0.06670  4.01752e+00 | 24 -0.07519  2.81784e+00
 25  0.04424  6.20474e+01 | 26 -0.04647  1.91234e+01 | 27 -0.11034 -4.61920e+00
 28  0.07173  9.98218e+01 | 29 -0.12952 -7.48264e+00 | 30 -0.03209  4.20008e+01
 31 -0.06819  2.62370e+01 | 32 -0.09287  1.61571e+01 | 33 -0.07979  2.38110e+01
 34 -0.14337  1.23720e+01 | 35 -0.19716  4.31498e+00 | 36 -0.19720  4.99244e+00
 37 -0.05015  3.42288e+01 | 38 -0.10393  9.18692e+00 | 39  0.14809  5.53484e+02
 40 -0.16568  3.39758e+01 | 41 -0.02051  1.05277e+02 | 42  0.07631  1.32547e+02
 43  0.05567  2.56084e+02 | 44 -0.14094  2.09132e+01 | 45 -0.05180  1.04718e+01
 46 -0.01860  1.91673e+01 | 47 -0.05104 -6.76289e+00 | 48 -0.13919 -7.26430e+00
 49 -0.17897 -1.48254e+01 | 50  0.02371  4.32378e+01 | 51 -0.14374 -1.60699e+01
 52 -0.09450 -2.09597e+00 | 53 -0.13757  5.93728e+00 | 54 -0.11896  6.25576e+00
 55 -0.09738  2.04703e+01 | 56 -0.04530  4.55074e+01 | 57 -0.05307  2.31284e+01
 58 -0.00987  2.59744e+00 | 59 -0.11002 -4.09317e+01 | 60 -0.12177 -4.07999e+01
 61 -0.05302 -2.66249e+01 | 62 -0.07244 -3.16545e+01 | 63 -0.04393 -8.64377e+00
 64 -0.10703 -1.11402e+01 | 65 -0.05942 -1.12457e+01 | 66 -0.07845 -1.29772e+01
 67 -0.10315 -8.94444e+00 | 68 -0.11793  2.04836e+00 | 69 -0.06392  2.48036e+01
 70 -0.10455  2.17277e+01 | 71 -0.15717  9.17480e+00 | 72 -0.12971  7.12655e+00
 73 -0.09065  1.69921e+00 | 74 -0.08047 -3.37952e+00 | 75 -0.06427  3.30422e-01
 76 -0.06472  5.27130e-01 | 77 -0.24179  7.04851e+01 | 78 -0.01315 -7.03479e+01
 79  0.17939  8.25355e+01 | 80  0.28103 -4.11407e+01 | 81  1.01709 -3.62830e-01
 82  0.38663 -1.62390e+01 | 83 -0.23912 -7.39725e+01 | 84 -0.01451  7.25387e+01
84 variables; iteration 60; function evaluation 78; phase 3
Function value -4.9057867e+01; maximum gradient component mag 6.2118e+03
Var    Value     Gradient |Var    Value     Gradient |Var    Value     Gradient
  1  0.00474  6.21182e+03 |  2 -0.00551  7.98823e-01 |  3  0.00122  3.10831e+00
  4 -0.01056  4.46594e+00 |  5 -0.01151  4.90968e+00 |  6 -0.00974  6.24272e+00
  7 -0.01050  7.02135e+00 |  8 -0.00957  8.46515e+00 |  9 -0.00743  1.04924e+01
 10 -0.00823  1.18298e+01 | 11 -0.01264  1.21671e+01 | 12 -0.01615  1.28369e+01
 13 -0.01951  1.37940e+01 | 14 -0.02574  1.39057e+01 | 15 -0.02084  1.84976e+01
 16 -0.01163  2.52514e+01 | 17 -0.00835  3.08432e+01 | 18 -0.00513  3.69841e+01
 19 -0.03194  2.74079e+01 | 20 -0.04145  2.57682e+01 | 21 -0.05363  2.22994e+01
 22  0.16452  2.18880e+02 | 23 -0.07144  1.95284e+01 | 24 -0.07880  1.98614e+01
 25  0.04078  1.12559e+02 | 26 -0.05699  4.23660e+01 | 27 -0.10584  1.83466e+01
 28  0.09272  2.29884e+02 | 29 -0.12920  1.56598e+01 | 30 -0.01855  1.14390e+02
 31 -0.05786  8.54567e+01 | 32 -0.08836  6.56219e+01 | 33 -0.05976  1.04383e+02
 34 -0.12699  6.82912e+01 | 35 -0.18644  4.23886e+01 | 36 -0.18953  4.20428e+01
 37 -0.02605  1.61150e+02 | 38 -0.09476  6.55038e+01 | 39  0.14887  9.00919e+02
 40 -0.12594  8.87695e+01 | 41 -0.02652  9.30367e+01 | 42  0.07870  9.58740e+01
 43  0.04920  2.39052e+02 | 44 -0.12243  3.03933e+01 | 45 -0.02429  2.06770e+01
 46 -0.02459  1.39041e+01 | 47 -0.05236 -2.23701e+01 | 48 -0.11434 -1.09158e+01
 49 -0.12646 -1.60807e+01 | 50 -0.03002 -1.63797e+01 | 51 -0.09004 -1.83479e+01
 52 -0.09740 -1.67123e+01 | 53 -0.17393 -1.76823e+01 | 54 -0.10947 -1.39359e+01
 55 -0.09046 -1.24651e+01 | 56 -0.07571 -2.06755e+01 | 57 -0.06129 -2.90707e+01
 58 -0.05106 -1.97166e+01 | 59 -0.02285 -1.36854e+01 | 60 -0.06706 -4.01654e+00
 61 -0.10221 -5.14863e+00 | 62 -0.02886  9.49325e+00 | 63 -0.04300  2.33590e+01
 64 -0.14101 -2.12760e-01 | 65 -0.03773  3.35957e+01 | 66 -0.08950  1.51808e+01
 67 -0.08653  1.59084e+01 | 68 -0.14177  3.05413e+00 | 69 -0.05959  1.65700e+01
 70 -0.13223 -3.84475e+00 | 71 -0.15204 -1.35590e+00 | 72 -0.15971 -1.42860e+01
 73 -0.11001 -2.25211e+00 | 74 -0.10555 -2.13018e+00 | 75 -0.10242 -1.17395e+00
 76 -0.10821 -1.13571e+00 | 77 -0.23115  1.34623e+02 | 78 -0.00744 -1.14030e+02
 79  0.09816  1.70051e+02 | 80  0.24199 -8.79461e+01 | 81  1.03630 -1.48697e+00
 82  0.38272 -2.69025e+01 | 83 -0.22848 -6.61767e+01 | 84 -0.01451  6.98671e+01
84 variables; iteration 80; function evaluation 109; phase 3
Function value -5.5691403e+01; maximum gradient component mag 3.8688e+03
Var    Value     Gradient |Var    Value     Gradient |Var    Value     Gradient
  1  0.01220  3.86877e+03 |  2  0.03682  1.21104e+01 |  3 -0.00196  2.27100e+00
  4 -0.02298  1.11037e+00 |  5 -0.02189  2.03087e+00 |  6 -0.01895  3.56410e+00
  7 -0.02106  3.79067e+00 |  8 -0.00223  1.03479e+01 |  9  0.01320  1.64870e+01
 10 -0.00468  1.23144e+01 | 11 -0.01729  9.81952e+00 | 12 -0.04423  2.58531e+00
 13 -0.05098  1.88999e+00 | 14 -0.05873  9.36461e-01 | 15 -0.04463  7.65857e+00
 16 -0.02902  1.56000e+01 | 17 -0.04044  1.39133e+01 | 18 -0.04449  1.52025e+01
 19 -0.04844  1.59639e+01 | 20 -0.06001  1.30647e+01 | 21 -0.06834  1.12062e+01
 22  0.11727  1.35477e+02 | 23 -0.07639  1.11768e+01 | 24 -0.08036  1.18032e+01
 25  0.02601  7.64928e+01 | 26 -0.05139  3.16305e+01 | 27 -0.12698 -1.42599e+00
 28  0.09396  1.64183e+02 | 29 -0.12369  5.04916e+00 | 30 -0.01971  7.27502e+01
 31 -0.05615  5.28897e+01 | 32 -0.09552  3.12523e+01 | 33 -0.05926  6.10549e+01
 34 -0.13834  3.67629e+01 | 35 -0.19225  2.42249e+01 | 36 -0.20127  1.68831e+01
 37 -0.02681  6.35304e+01 | 38 -0.07721  4.81329e+00 | 39  0.12743  3.38217e+02
 40 -0.13924  3.72031e+01 | 41 -0.04321  1.97634e+01 | 42  0.08093  9.83407e+01
 43  0.01324  2.06468e+02 | 44 -0.13365  3.79448e+01 | 45 -0.00935  8.57734e+01
 46 -0.05763  6.94198e+01 | 47 -0.03801  5.33528e+01 | 48 -0.12093  2.07960e+01
 49 -0.09876 -3.62526e+00 | 50 -0.07144 -2.82483e+01 | 51 -0.07505 -1.10144e+01
 52 -0.08911  5.69327e+00 | 53 -0.16886  3.51329e+00 | 54 -0.10915  2.06923e+01
 55 -0.09978  1.35207e+01 | 56 -0.10644 -5.64027e-02 | 57 -0.04229  3.45812e+00
 58 -0.06942 -1.17052e+01 | 59 -0.03383 -3.37854e+01 | 60 -0.10358 -3.25584e+01
 61 -0.09095 -2.10133e+01 | 62 -0.05412 -2.41016e+01 | 63 -0.04353 -1.53908e+01
 64 -0.15531 -2.03409e+01 | 65 -0.05362  8.81075e-02 | 66 -0.09182  5.49483e-01
 67 -0.08451  1.08218e+01 | 68 -0.13116  7.83751e+00 | 69 -0.07454  1.19364e+01
 70 -0.13880 -7.92061e+00 | 71 -0.15051  1.30719e+01 | 72 -0.13190  1.89744e+01
 73 -0.12389  1.92711e+00 | 74 -0.05197  9.56142e+00 | 75 -0.05869  7.73583e+00
 76 -0.08307  2.19948e+00 | 77 -0.29647  9.54504e+01 | 78 -0.05808 -6.70448e+01
 79  0.06790  1.04183e+02 | 80  0.24112 -4.63745e+01 | 81  1.06352 -1.40277e+00
 82  0.37607 -1.95508e+01 | 83 -0.23301 -2.69186e+01 | 84 -0.04471  2.59753e+01
84 variables; iteration 100; function evaluation 137; phase 3
Function value -6.4280979e+01; maximum gradient component mag -7.2412e+03
Var    Value     Gradient |Var    Value     Gradient |Var    Value     Gradient
  1  0.01253 -7.24125e+03 |  2 -0.02275 -1.03190e+01 |  3  0.03191 -1.01540e+00
  4 -0.03511 -1.11180e+01 |  5 -0.01109 -8.19245e+00 |  6 -0.01196 -1.03236e+01
  7 -0.05635 -1.95195e+01 |  8 -0.01330 -1.56151e+01 |  9  0.04544 -1.56834e+01
 10 -0.02815 -2.35169e+01 | 11 -0.03774 -2.77805e+01 | 12 -0.02546 -3.13710e+01
 13 -0.01610 -3.61973e+01 | 14 -0.02441 -4.08682e+01 | 15 -0.03259 -4.60108e+01
 16 -0.03947 -5.18754e+01 | 17 -0.02764 -6.14823e+01 | 18 -0.03798 -6.72364e+01
 19 -0.03655 -7.42721e+01 | 20 -0.06279 -7.27595e+01 | 21 -0.04557 -8.29442e+01
 22  0.08704 -2.02021e+02 | 23 -0.07276 -8.24403e+01 | 24 -0.07074 -8.84909e+01
 25  0.00635 -1.43632e+02 | 26 -0.05194 -1.08781e+02 | 27 -0.10350 -9.09088e+01
 28  0.08159 -3.00195e+02 | 29 -0.09659 -1.00398e+02 | 30 -0.00985 -1.75339e+02
 31 -0.03613 -1.52704e+02 | 32 -0.08930 -1.14367e+02 | 33 -0.05874 -1.40378e+02
 34 -0.14624 -6.90623e+01 | 35 -0.19655 -4.36601e+01 | 36 -0.19787 -4.18412e+01
 37 -0.02611 -1.49221e+02 | 38 -0.03281 -1.28921e+02 | 39  0.11873 -1.49315e+01
 40 -0.13957  1.07590e+01 | 41 -0.02651 -2.69188e+01 | 42  0.08975 -1.11195e+01
 43 -0.01711  3.48663e+01 | 44 -0.12266 -1.83749e+01 | 45  0.01416 -5.85749e+01
 46 -0.08826 -2.41359e+01 | 47 -0.02253 -3.83402e+01 | 48 -0.16107 -1.52001e+01
 49 -0.10472 -9.14851e+00 | 50 -0.06736 -2.35528e+01 | 51 -0.02337 -7.15871e+00
 52 -0.08793 -2.01968e+01 | 53 -0.16325 -2.36129e+01 | 54 -0.13108 -2.43369e+01
 55 -0.09597 -3.18685e+01 | 56 -0.10636 -3.55203e+01 | 57 -0.03591 -7.01974e+01
 58 -0.12061 -5.74537e+01 | 59 -0.01388 -1.03109e+02 | 60 -0.09818 -5.96310e+01
 61 -0.08463 -3.40685e+01 | 62 -0.04203 -3.28492e+01 | 63 -0.06279 -3.14496e+01
 64 -0.08548 -1.09442e+01 | 65 -0.08350 -9.62098e+00 | 66 -0.06301 -6.43201e+00
 67 -0.09217 -5.31091e+00 | 68 -0.10534  5.81509e+00 | 69 -0.10459  4.37519e+00
 70 -0.07265  1.07804e+01 | 71 -0.16356 -3.88223e-01 | 72 -0.15392 -1.10256e-01
 73 -0.10943  3.45216e+00 | 74 -0.10342 -2.56937e+00 | 75 -0.10715 -4.01187e+00
 76 -0.06548  6.52866e+00 | 77 -0.37743 -3.67851e+02 | 78 -0.16138  1.20577e+02
 79  0.07438 -2.27646e+02 | 80  0.24743  9.28602e+01 | 81  0.93113 -3.92117e+00
 82  0.35435  2.12044e+01 | 83 -0.26439  4.03292e-01 | 84 -0.14123  6.91746e-02
84 variables; iteration 120; function evaluation 161; phase 3
Function value -7.8848714e+01; maximum gradient component mag 4.2559e+03
Var    Value     Gradient |Var    Value     Gradient |Var    Value     Gradient
  1  0.01588  4.25586e+03 |  2  0.00256  5.96002e+00 |  3 -0.00089  6.11483e+00
  4 -0.01695  6.54076e+00 |  5 -0.01720  7.91405e+00 |  6 -0.01931  8.94665e+00
  7 -0.01989  1.07451e+01 |  8 -0.02107  1.26524e+01 |  9 -0.01375  1.81059e+01
 10 -0.02499  1.68026e+01 | 11 -0.02585  1.98076e+01 | 12 -0.02586  2.34697e+01
 13 -0.02421  2.83781e+01 | 14 -0.02842  3.08637e+01 | 15 -0.02669  3.70771e+01
 16 -0.03460  3.81619e+01 | 17 -0.03046  4.73270e+01 | 18 -0.03813  4.92713e+01
 19 -0.03137  6.00430e+01 | 20 -0.04349  5.64563e+01 | 21 -0.04322  6.09230e+01
 22  0.03790  1.47117e+02 | 23 -0.05442  6.03651e+01 | 24 -0.05868  6.22204e+01
 25 -0.02888  9.45848e+01 | 26 -0.04582  8.44811e+01 | 27 -0.07451  6.38835e+01
 28  0.03388  1.98967e+02 | 29 -0.07374  7.15759e+01 | 30 -0.01622  1.40810e+02
 31 -0.03029  1.29214e+02 | 32 -0.06734  8.93111e+01 | 33 -0.05058  1.11130e+02
 34 -0.15026  5.20479e+01 | 35 -0.20335  3.19398e+01 | 36 -0.20220  3.01818e+01
 37 -0.02806  1.13217e+02 | 38  0.00564  1.09410e+02 | 39  0.09188  1.16276e+02
 40 -0.17667  9.61680e+00 | 41  0.00757  2.19667e+01 | 42  0.07634 -2.81568e+01
 43 -0.08660 -1.31177e+01 | 44 -0.05128 -4.73024e+00 | 45  0.00098  5.83559e+00
 46 -0.09011 -4.88899e-01 | 47 -0.03321 -3.45693e+00 | 48 -0.16305 -1.45980e+00
 49 -0.14206 -8.56581e-01 | 50 -0.01600  1.02729e+01 | 51 -0.08510 -3.52758e+00
 52 -0.07190 -2.53525e+00 | 53 -0.15404 -2.08040e+00 | 54 -0.13644 -2.82151e+00
 55 -0.10447 -6.43986e+00 | 56 -0.11521 -1.10571e+01 | 57 -0.05188 -1.87073e+01
 58 -0.10255 -2.35663e+01 | 59 -0.02423 -1.84807e+01 | 60 -0.06993 -1.79042e+01
 61 -0.11083 -1.43375e+01 | 62 -0.06564 -1.51423e+01 | 63 -0.04364 -1.01977e+01
 64 -0.11677 -6.70947e+00 | 65 -0.07855 -5.47784e-01 | 66 -0.07324  1.78759e+00
 67 -0.08654 -1.53030e+00 | 68 -0.12374 -9.33907e-01 | 69 -0.10334  3.80638e-02
 70 -0.08834 -1.70390e+00 | 71 -0.15759  9.20396e-01 | 72 -0.15566  2.49461e+00
 73 -0.12059  1.64767e+00 | 74 -0.08362  1.60870e+00 | 75 -0.08193  1.53370e+00
 76 -0.08987 -5.40052e-03 | 77 -0.42198  2.61216e+02 | 78 -0.37110 -3.11498e+01
 79  0.06970  1.27030e+02 | 80  0.23940 -4.26300e+01 | 81  0.79679  7.79818e+00
 82  0.38152 -1.96016e+01 | 83 -0.24035 -1.56112e+01 | 84 -0.20792  8.37330e+00
84 variables; iteration 140; function evaluation 182; phase 3
Function value -8.0863253e+01; maximum gradient component mag -5.6050e+02
Var    Value     Gradient |Var    Value     Gradient |Var    Value     Gradient
  1  0.01644 -5.60505e+02 |  2 -0.00094  4.44704e-01 |  3 -0.00094  5.78992e-01
  4 -0.01761  4.35724e-01 |  5 -0.01724  7.00939e-01 |  6 -0.02039  9.24286e-02
  7 -0.02025  3.56775e-01 |  8 -0.01901  9.45330e-01 |  9 -0.02168  5.57633e-01
 10 -0.01811  1.85527e+00 | 11 -0.02314  9.24739e-01 | 12 -0.02472  8.58718e-01
 13 -0.02343  1.75164e+00 | 14 -0.02960  7.56175e-01 | 15 -0.02745  2.05317e+00
 16 -0.02580  2.93198e+00 | 17 -0.02571  3.70388e+00 | 18 -0.02578  4.38114e+00
 19 -0.03097  3.55744e+00 | 20 -0.03292  3.45289e+00 | 21 -0.03129  4.32891e+00
 22  0.02535  2.25912e+01 | 23 -0.04079  2.17053e+00 | 24 -0.04150  2.39746e+00
 25 -0.03602  4.52558e+00 | 26 -0.04821  1.27540e+00 | 27 -0.04982  1.01843e+00
 28  0.00042  1.64850e+01 | 29 -0.05361  1.30621e-01 | 30 -0.03833  4.21095e+00
 31 -0.04452  2.10498e+00 | 32 -0.05612 -3.46430e+00 | 33 -0.04999 -3.07713e+00
 34 -0.15476 -1.80866e+00 | 35 -0.20503 -1.40611e+00 | 36 -0.20481 -2.80016e+00
 37 -0.03204 -7.02153e+00 | 38  0.00569 -1.46088e+01 | 39  0.08777 -9.75806e+01
 40 -0.16424 -7.34300e+00 | 41 -0.00380 -4.72962e+01 | 42  0.08223 -4.37038e+01
 43 -0.13838 -2.35727e+01 | 44 -0.02908 -9.72493e+00 | 45 -0.01367 -1.96026e+01
 46 -0.08770 -1.18072e+01 | 47 -0.03513 -1.18145e+01 | 48 -0.16683 -4.34274e+00
 49 -0.13544 -1.94149e+00 | 50 -0.03665 -2.60963e+00 | 51 -0.06913 -1.47576e+00
 52 -0.07962 -1.86095e+00 | 53 -0.15483 -2.13281e+00 | 54 -0.14027 -1.70831e+00
 55 -0.11117 -2.73043e+00 | 56 -0.10879 -2.83924e+00 | 57 -0.07079 -4.03619e+00
 58 -0.06465 -1.78241e+00 | 59 -0.04973 -5.30201e+00 | 60 -0.05901 -4.61824e+00
 61 -0.11269 -3.27614e+00 | 62 -0.06804 -5.09675e+00 | 63 -0.04557 -3.39825e+00
 64 -0.12055 -4.85557e+00 | 65 -0.07899 -2.32578e+00 | 66 -0.08486 -4.45671e+00
 67 -0.08210 -2.11723e+00 | 68 -0.12777 -1.89418e+00 | 69 -0.10572  1.05617e-01
 70 -0.08776 -1.33568e+00 | 71 -0.15938 -2.90900e-01 | 72 -0.16034 -2.36878e-01
 73 -0.12359  4.11002e-02 | 74 -0.09311 -1.17770e-01 | 75 -0.09027  9.11662e-02
 76 -0.09123  2.87477e-01 | 77 -0.43379 -3.45318e+02 | 78 -0.53137  1.45003e+01
 79  0.04478 -2.34674e+01 | 80  0.17384  4.07243e+01 | 81  0.79958 -1.20684e+00
 82  0.45080 -9.33345e-01 | 83 -0.23734  7.08348e-02 | 84 -0.27676  8.55872e-03
84 variables; iteration 160; function evaluation 206; phase 3
Function value -8.2330265e+01; maximum gradient component mag 2.9364e+02
Var    Value     Gradient |Var    Value     Gradient |Var    Value     Gradient
  1  0.01492  2.93638e+02 |  2 -0.00168  6.77762e-01 |  3 -0.00040  1.23571e+00
  4 -0.01764  9.79830e-01 |  5 -0.01723  1.37138e+00 |  6 -0.01702  1.75644e+00
  7 -0.01888  1.65210e+00 |  8 -0.01828  2.26115e+00 |  9 -0.01646  3.28028e+00
 10 -0.02157  2.46752e+00 | 11 -0.02271  2.80437e+00 | 12 -0.02219  3.60514e+00
 13 -0.02119  4.73473e+00 | 14 -0.02240  5.40156e+00 | 15 -0.02625  5.30565e+00
 16 -0.02672  6.01220e+00 | 17 -0.02839  6.64198e+00 | 18 -0.02732  8.07285e+00
 19 -0.02876  8.66832e+00 | 20 -0.03212  8.43276e+00 | 21 -0.02988  9.86964e+00
 22 -0.00613  1.89301e+01 | 23 -0.04472  6.31872e+00 | 24 -0.04609  6.84867e+00
 25 -0.03766  1.10073e+01 | 26 -0.05490  6.17543e+00 | 27 -0.05522  7.02887e+00
 28  0.00420  3.07056e+01 | 29 -0.05169  9.68615e+00 | 30 -0.02692  1.83974e+01
 31 -0.04009  1.25381e+01 | 32 -0.03878  8.24391e+00 | 33 -0.05802  6.40652e+00
 34 -0.16346  1.68050e+00 | 35 -0.20754  7.09153e-01 | 36 -0.20208  8.50865e-02
 37 -0.01625  4.19915e+00 | 38 -0.00565  1.01395e+00 | 39  0.07742 -5.39491e+01
 40 -0.19806 -7.06228e+00 | 41  0.00754 -1.05545e+01 | 42  0.07344 -2.29508e+01
 43 -0.19373 -2.59481e+01 | 44 -0.01654 -4.37296e+00 | 45 -0.02441 -7.58432e+00
 46 -0.08003 -2.44843e+00 | 47 -0.04516 -6.73611e-01 | 48 -0.16780  1.64515e-01
 49 -0.13760  5.38877e-02 | 50 -0.03401 -1.15572e-01 | 51 -0.07215  7.02402e-01
 52 -0.08210  3.32060e-01 | 53 -0.15250  8.79025e-02 | 54 -0.14026  3.31981e-01
 55 -0.11087  1.54712e+00 | 56 -0.11105  7.12776e-01 | 57 -0.07256  7.68125e-02
 58 -0.07035  2.29695e+00 | 59 -0.04991  1.88417e+00 | 60 -0.06330  3.61573e+00
 61 -0.11654  2.43890e+00 | 62 -0.06471  3.61257e+00 | 63 -0.05486  3.70078e+00
 64 -0.11551  1.68750e+00 | 65 -0.08499  2.71524e+00 | 66 -0.07946  2.95433e+00
 67 -0.08558  2.21167e+00 | 68 -0.12341  2.06209e+00 | 69 -0.10632  2.89998e+00
 70 -0.08529  3.20967e+00 | 71 -0.15958  1.44032e+00 | 72 -0.16006  9.61082e-01
 73 -0.11913  3.55690e-01 | 74 -0.08980 -2.35034e-01 | 75 -0.08885 -4.33700e-01
 76 -0.08937 -1.73979e-01 | 77 -0.43984  6.52452e+01 | 78 -0.83094 -5.48229e-01
 79 -0.01221  4.52015e+00 | 80  0.06743  1.88932e+01 | 81  0.94125  5.57872e-02
 82  0.58714 -5.09738e-01 | 83 -0.22539 -1.02095e+01 | 84 -0.36277  3.77846e-01
84 variables; iteration 180; function evaluation 226; phase 3
Function value -8.3358581e+01; maximum gradient component mag 2.5065e+03
Var    Value     Gradient |Var    Value     Gradient |Var    Value     Gradient
  1  0.01399  2.50651e+03 |  2 -0.00176  1.75846e+00 |  3  0.00030  2.77903e+00
  4 -0.01859  2.16050e+00 |  5 -0.01756  3.02222e+00 |  6 -0.01818  3.53263e+00
  7 -0.02158  3.35862e+00 |  8 -0.01898  5.01610e+00 |  9 -0.00851  9.23833e+00
 10 -0.02236  6.24335e+00 | 11 -0.02565  6.55154e+00 | 12 -0.02569  7.95386e+00
 13 -0.02236  1.07379e+01 | 14 -0.02849  1.05624e+01 | 15 -0.02850  1.26518e+01
 16 -0.02848  1.47004e+01 | 17 -0.02430  1.89245e+01 | 18 -0.02207  2.23990e+01
 19 -0.02699  2.27001e+01 | 20 -0.02978  2.36910e+01 | 21 -0.02521  2.75907e+01
 22  0.00353  4.40913e+01 | 23 -0.03184  2.87695e+01 | 24 -0.03258  3.11244e+01
 25 -0.05957  2.06116e+01 | 26 -0.04985  2.86062e+01 | 27 -0.02760  4.39294e+01
 28 -0.01436  5.54207e+01 | 29 -0.04705  3.85811e+01 | 30 -0.05696  3.59081e+01
 31 -0.03195  5.29330e+01 | 32 -0.04425  4.44608e+01 | 33 -0.04615  5.07267e+01
 34 -0.16461  1.71132e+01 | 35 -0.20740  1.22796e+01 | 36 -0.20377  1.29579e+01
 37 -0.01600  6.71068e+01 | 38 -0.00757  7.57981e+01 | 39  0.07365  6.50815e+01
 40 -0.17786  1.40743e+01 | 41  0.00368  3.81451e+01 | 42  0.07070  9.78812e+01
 43 -0.15298 -5.34028e+00 | 44 -0.02932  2.95246e+01 | 45 -0.01578  2.74751e+01
 46 -0.08887  9.32671e+00 | 47 -0.04323  9.60200e+00 | 48 -0.17109  1.02161e+00
 49 -0.13984  6.58254e-01 | 50 -0.03364  1.60480e+00 | 51 -0.07343  1.90631e+00
 52 -0.08144  1.87588e+00 | 53 -0.15163  8.27495e-01 | 54 -0.13808  1.38289e+00
 55 -0.11362  1.63633e+00 | 56 -0.10989  2.75061e+00 | 57 -0.07282  3.20656e+00
 58 -0.07039  5.34300e+00 | 59 -0.04959  4.36015e+00 | 60 -0.06683  5.09772e+00
 61 -0.11370  5.45063e+00 | 62 -0.06555  6.60670e+00 | 63 -0.05483  7.20272e+00
 64 -0.11693  3.37125e+00 | 65 -0.08235  5.44721e+00 | 66 -0.08075  3.93312e+00
 67 -0.08355  3.64200e+00 | 68 -0.12201  2.68711e+00 | 69 -0.10538  2.16133e+00
 70 -0.08529  1.79038e+00 | 71 -0.15785  1.15350e+00 | 72 -0.16014  1.35739e-01
 73 -0.11637  1.36580e-01 | 74 -0.08778 -3.13949e-01 | 75 -0.08530 -1.17183e-01
 76 -0.08675 -9.02573e-02 | 77 -0.44023  1.69268e+03 | 78 -0.90396 -5.95943e+00
 79 -0.01310  1.29849e+02 | 80  0.04738 -1.39555e+02 | 81  0.87013  1.83016e+00
 82  0.59300 -1.29737e+00 | 83 -0.22281  9.59385e+00 | 84 -0.25198 -5.24158e-01
84 variables; iteration 200; function evaluation 249; phase 3
Function value -8.4702279e+01; maximum gradient component mag 2.7349e+03
Var    Value     Gradient |Var    Value     Gradient |Var    Value     Gradient
  1  0.01552  2.73494e+03 |  2 -0.00161  2.23252e+00 |  3 -0.00144  2.83705e+00
  4 -0.01707  3.12814e+00 |  5 -0.01823  3.49668e+00 |  6 -0.01603  4.93174e+00
  7 -0.01864  5.12717e+00 |  8 -0.01733  6.61174e+00 |  9 -0.02145  6.60255e+00
 10 -0.01965  8.57957e+00 | 11 -0.02286  9.14424e+00 | 12 -0.02279  1.08829e+01
 13 -0.02383  1.24873e+01 | 14 -0.02552  1.41617e+01 | 15 -0.02826  1.56053e+01
 16 -0.02940  1.75339e+01 | 17 -0.01859  2.52249e+01 | 18 -0.02633  2.47298e+01
 19 -0.02119  2.99725e+01 | 20 -0.03113  2.77722e+01 | 21 -0.03004  3.03543e+01
 22 -0.00321  4.70468e+01 | 23 -0.02966  3.57248e+01 | 24 -0.03848  3.41593e+01
 25 -0.04964  3.16095e+01 | 26 -0.02670  4.96061e+01 | 27 -0.05302  3.69914e+01
 28 -0.01960  6.22066e+01 | 29 -0.04713  4.74407e+01 | 30 -0.03305  6.08869e+01
 31 -0.06689  4.02432e+01 | 32 -0.03685  5.89635e+01 | 33 -0.04596  5.66840e+01
 34 -0.15363  2.57809e+01 | 35 -0.20596  1.58158e+01 | 36 -0.20830  1.46677e+01
 37 -0.01826  7.86959e+01 | 38 -0.01372  6.87982e+01 | 39  0.07505  8.53766e+01
 40 -0.18349  1.05349e+01 | 41  0.00503  4.28062e+01 | 42  0.06180  5.70426e+01
 43 -0.09972  6.96802e+00 | 44 -0.04756  2.38238e+01 | 45 -0.00985  2.78927e+01
 46 -0.09702  6.17663e+00 | 47 -0.03943  1.00937e+01 | 48 -0.16874  1.78440e+00
 49 -0.13902  1.04815e+00 | 50 -0.03342  2.37608e+00 | 51 -0.07619  8.72859e-01
 52 -0.08399  1.30158e+00 | 53 -0.15305  5.78232e-01 | 54 -0.14104  3.13158e-01
 55 -0.11150  1.21233e+00 | 56 -0.11280  1.78096e+00 | 57 -0.06997  3.84445e+00
 58 -0.07587  4.49029e+00 | 59 -0.04484  7.10603e+00 | 60 -0.07058  4.45120e+00
 61 -0.11161  6.62634e+00 | 62 -0.06610  6.90810e+00 | 63 -0.05613  5.44199e+00
 64 -0.11553  2.85229e+00 | 65 -0.08614  2.28141e+00 | 66 -0.08130  1.20790e+00
 67 -0.08563  4.14184e-01 | 68 -0.12499 -5.47505e-01 | 69 -0.10845 -8.70374e-01
 70 -0.08576 -7.35766e-01 | 71 -0.16167 -1.21740e+00 | 72 -0.16215 -9.62519e-01
 73 -0.11922 -5.20940e-01 | 74 -0.09124 -3.93205e-01 | 75 -0.08884 -1.80493e-01
 76 -0.09094 -2.42160e-01 | 77 -0.44016  1.52384e+03 | 78 -0.88716 -6.43271e+00
 79 -0.05933  1.38303e+02 | 80  0.02539 -1.31507e+02 | 81  1.08372 -1.31206e+00
 82  0.70963 -4.70355e-01 | 83 -0.22742 -2.17979e+00 | 84 -0.19461  4.33222e+00
84 variables; iteration 220; function evaluation 271; phase 3
Function value -8.5275645e+01; maximum gradient component mag -2.7513e+02
Var    Value     Gradient |Var    Value     Gradient |Var    Value     Gradient
  1  0.01633 -2.75130e+02 |  2 -0.00180 -2.56973e-01 |  3 -0.00234 -3.66849e-01
  4 -0.01821 -3.51326e-01 |  5 -0.01875 -4.57509e-01 |  6 -0.01920 -5.37311e-01
  7 -0.01928 -5.22041e-01 |  8 -0.02035 -7.45880e-01 |  9 -0.02160 -1.00590e+00
 10 -0.02160 -9.46135e-01 | 11 -0.02212 -1.01491e+00 | 12 -0.02319 -1.27709e+00
 13 -0.02490 -1.57542e+00 | 14 -0.02634 -1.70601e+00 | 15 -0.02736 -1.78740e+00
 16 -0.02747 -1.94822e+00 | 17 -0.02996 -2.51872e+00 | 18 -0.03003 -2.48365e+00
 19 -0.03249 -2.97584e+00 | 20 -0.03212 -2.87056e+00 | 21 -0.03511 -3.59565e+00
 22 -0.00744  3.20499e+00 | 23 -0.03464 -3.50217e+00 | 24 -0.03542 -3.75712e+00
 25 -0.03271 -3.06764e+00 | 26 -0.03794 -4.20899e+00 | 27 -0.03680 -3.81030e+00
 28 -0.04006 -4.21738e+00 | 29 -0.04464 -5.02531e+00 | 30 -0.04273 -4.82547e+00
 31 -0.04086 -4.89509e+00 | 32 -0.03241 -5.19725e+00 | 33 -0.04960 -5.29836e+00
 34 -0.15640 -1.49700e+00 | 35 -0.20637 -9.22173e-01 | 36 -0.20459 -1.17579e+00
 37 -0.02141 -7.91734e+00 | 38 -0.01536 -9.08567e+00 | 39  0.07551 -1.10900e+01
 40 -0.18346 -1.91415e+00 | 41  0.00465 -7.25492e+00 | 42  0.05765 -9.19236e+00
 43 -0.08018 -1.89356e+00 | 44 -0.05762 -3.43146e+00 | 45 -0.01079 -3.66821e+00
 46 -0.09134 -1.05545e+00 | 47 -0.04100 -1.33338e+00 | 48 -0.16739 -3.32794e-01
 49 -0.13935 -1.23846e-01 | 50 -0.03344 -4.47446e-02 | 51 -0.07534 -6.83792e-02
 52 -0.08554  1.55122e-01 | 53 -0.15485  1.49821e-01 | 54 -0.14054  8.02554e-02
 55 -0.11135  7.70206e-02 | 56 -0.11227  1.09826e-01 | 57 -0.07020  2.11027e-01
 58 -0.07555  4.72152e-02 | 59 -0.04775  2.41465e-01 | 60 -0.06655  2.10642e-01
 61 -0.11795 -1.58447e-01 | 62 -0.06605 -2.55960e-01 | 63 -0.05654 -2.05157e-01
 64 -0.11682 -1.51180e-01 | 65 -0.08685 -2.49226e-01 | 66 -0.08250 -2.52882e-01
 67 -0.08685 -1.72022e-01 | 68 -0.12617 -2.30500e-01 | 69 -0.10913 -3.32997e-01
 70 -0.08753 -1.72117e-01 | 71 -0.16218 -1.00294e-01 | 72 -0.16305 -4.15784e-02
 73 -0.12066 -3.69409e-02 | 74 -0.09209  1.90945e-02 | 75 -0.09059  8.62736e-03
 76 -0.09252 -1.46042e-03 | 77 -0.44010 -1.67863e+02 | 78 -0.89685  5.70526e-01
 79 -0.08079 -1.38938e+01 | 80  0.01627  1.55293e+01 | 81  1.06744  2.39474e-01
 82  0.69852 -1.31599e-01 | 83 -0.23480 -9.80384e-01 | 84 -0.23822  4.67074e-01
84 variables; iteration 240; function evaluation 291; phase 3
Function value -8.5339458e+01; maximum gradient component mag -2.2074e+02
Var    Value     Gradient |Var    Value     Gradient |Var    Value     Gradient
  1  0.01657 -2.20745e+02 |  2 -0.00165 -1.79316e-01 |  3 -0.00191 -2.09191e-01
  4 -0.01789 -2.17472e-01 |  5 -0.01829 -2.74050e-01 |  6 -0.01866 -3.17776e-01
  7 -0.01897 -3.40402e-01 |  8 -0.01967 -4.52056e-01 |  9 -0.02048 -5.76871e-01
 10 -0.02093 -6.01498e-01 | 11 -0.02166 -6.92070e-01 | 12 -0.02225 -8.00064e-01
 13 -0.02355 -9.65069e-01 | 14 -0.02479 -1.00562e+00 | 15 -0.02640 -1.19528e+00
 16 -0.02677 -1.38006e+00 | 17 -0.02839 -1.69708e+00 | 18 -0.02933 -1.84706e+00
 19 -0.03049 -1.99116e+00 | 20 -0.03148 -2.18706e+00 | 21 -0.03351 -2.65443e+00
 22 -0.02135  4.29608e-01 | 23 -0.03386 -2.69370e+00 | 24 -0.03514 -3.03202e+00
 25 -0.03365 -2.56437e+00 | 26 -0.03631 -2.99691e+00 | 27 -0.04072 -3.79227e+00
 28 -0.04381 -4.09490e+00 | 29 -0.04530 -4.16774e+00 | 30 -0.03709 -2.53568e+00
 31 -0.03794 -3.27165e+00 | 32 -0.03317 -4.36073e+00 | 33 -0.05069 -4.76718e+00
 34 -0.15752 -1.59546e+00 | 35 -0.20740 -1.10251e+00 | 36 -0.20526 -1.11609e+00
 37 -0.02192 -6.13613e+00 | 38 -0.01598 -7.26804e+00 | 39  0.07467 -9.18500e+00
 40 -0.18314 -1.41235e+00 | 41  0.00411 -5.28026e+00 | 42  0.05727 -5.29516e+00
 43 -0.08183 -1.62531e+00 | 44 -0.05678 -2.15140e+00 | 45 -0.01162 -3.01244e+00
 46 -0.09125 -7.88128e-01 | 47 -0.04116 -1.15667e+00 | 48 -0.16745 -3.56694e-01
 49 -0.13935 -2.41143e-01 | 50 -0.03368 -3.92336e-01 | 51 -0.07553 -3.24257e-01
 52 -0.08630 -2.99086e-01 | 53 -0.15532 -2.02743e-01 | 54 -0.14076 -2.91073e-01
 55 -0.11145 -3.98394e-01 | 56 -0.11219 -3.61150e-01 | 57 -0.07101 -6.95685e-01
 58 -0.07512 -4.11520e-01 | 59 -0.04853 -7.64413e-01 | 60 -0.06672 -4.39322e-01
 61 -0.11816 -2.68467e-01 | 62 -0.06618 -2.26853e-01 | 63 -0.05687 -1.65244e-01
 64 -0.11713 -7.61624e-03 | 65 -0.08717  5.30360e-02 | 66 -0.08268  1.12943e-01
 67 -0.08747  5.16061e-02 | 68 -0.12639  1.57147e-01 | 69 -0.10918  2.32593e-01
 70 -0.08798  2.12597e-01 | 71 -0.16246  1.10424e-01 | 72 -0.16354  1.07025e-01
 73 -0.12086  5.54991e-02 | 74 -0.09253  1.16823e-02 | 75 -0.09098  1.38787e-02
 76 -0.09281  3.25094e-02 | 77 -0.44011 -1.17616e+02 | 78 -0.90183  3.54808e-01
 79 -0.08945 -1.05320e+01 | 80  0.00858  8.98793e+00 | 81  1.04090  9.37766e-02
 82  0.63436 -2.58241e-01 | 83 -0.23210  1.15510e+00 | 84 -0.26939  6.77750e-03
84 variables; iteration 260; function evaluation 311; phase 3
Function value -8.5359710e+01; maximum gradient component mag 1.0089e+02
Var    Value     Gradient |Var    Value     Gradient |Var    Value     Gradient
  1  0.01669  1.00889e+02 |  2 -0.00160  7.76786e-02 |  3 -0.00187  9.75083e-02
  4 -0.01790  9.54798e-02 |  5 -0.01826  1.12466e-01 |  6 -0.01863  1.44109e-01
  7 -0.01908  1.72686e-01 |  8 -0.01954  2.21202e-01 |  9 -0.02019  2.49643e-01
 10 -0.02079  3.14233e-01 | 11 -0.02172  3.16941e-01 | 12 -0.02233  3.68619e-01
 13 -0.02340  4.29574e-01 | 14 -0.02499  4.83929e-01 | 15 -0.02646  5.36183e-01
 16 -0.02690  5.67944e-01 | 17 -0.02782  6.97103e-01 | 18 -0.02870  8.06199e-01
 19 -0.02994  8.56387e-01 | 20 -0.03108  8.30569e-01 | 21 -0.03156  9.20333e-01
 22 -0.02662  2.49953e+00 | 23 -0.03328  9.88803e-01 | 24 -0.03389  1.15220e+00
 25 -0.03421  1.54283e+00 | 26 -0.03724  1.32378e+00 | 27 -0.03873  1.48307e+00
 28 -0.03842  2.28626e+00 | 29 -0.04309  1.66506e+00 | 30 -0.04174  2.32724e+00
 31 -0.04255  1.95358e+00 | 32 -0.03451  2.15587e+00 | 33 -0.04777  1.88985e+00
 34 -0.15697  9.67669e-01 | 35 -0.20692  6.71210e-01 | 36 -0.20521  6.86687e-01
 37 -0.02236  2.62386e+00 | 38 -0.01527  2.41615e+00 | 39  0.07471  5.09757e+00
 40 -0.18261  5.65896e-01 | 41  0.00412  1.98742e+00 | 42  0.05714  2.20444e+00
 43 -0.08065  1.42656e+00 | 44 -0.05770  6.54471e-01 | 45 -0.01103  8.86693e-01
 46 -0.09191  3.99028e-01 | 47 -0.04087  3.39413e-01 | 48 -0.16717  9.09722e-02
 49 -0.13913  2.98907e-02 | 50 -0.03371  7.38974e-02 | 51 -0.07526  1.30435e-02
 52 -0.08639  2.04851e-03 | 53 -0.15531 -1.86408e-02 | 54 -0.14087 -2.71911e-02
 55 -0.11118 -5.01508e-02 | 56 -0.11238 -7.09469e-02 | 57 -0.07060 -1.16552e-01
 58 -0.07550 -8.40749e-02 | 59 -0.04817 -1.17437e-01 | 60 -0.06674 -7.75493e-02
 61 -0.11792 -6.34911e-02 | 62 -0.06638 -8.96166e-02 | 63 -0.05664 -8.84377e-02
 64 -0.11712 -4.02246e-02 | 65 -0.08727 -6.39382e-02 | 66 -0.08273 -3.22677e-02
 67 -0.08746 -4.27761e-02 | 68 -0.12649 -8.38797e-03 | 69 -0.10941  9.40203e-03
 70 -0.08801 -5.85109e-03 | 71 -0.16246 -1.02604e-04 | 72 -0.16370 -3.10007e-04
 73 -0.12106  3.24698e-04 | 74 -0.09259  4.72541e-03 | 75 -0.09108  1.14001e-03
 76 -0.09298  6.27885e-03 | 77 -0.44008  6.14236e+01 | 78 -0.89261 -3.26542e-01
 79 -0.09111  5.25146e+00 | 80  0.00921 -4.50166e+00 | 81  1.05204  4.28115e-02
 82  0.62044 -3.79812e-01 | 83 -0.23243  1.92075e-01 | 84 -0.27590  3.28106e-03
84 variables; iteration 280; function evaluation 331; phase 3
Function value -8.5361814e+01; maximum gradient component mag -7.3384e+01
Var    Value     Gradient |Var    Value     Gradient |Var    Value     Gradient
  1  0.01664 -7.33841e+01 |  2 -0.00161 -6.64013e-02 |  3 -0.00187 -7.48654e-02
  4 -0.01787 -7.89823e-02 |  5 -0.01820 -9.17460e-02 |  6 -0.01869 -1.33441e-01
  7 -0.01912 -1.50564e-01 |  8 -0.01965 -1.76688e-01 |  9 -0.02019 -1.85331e-01
 10 -0.02078 -1.93476e-01 | 11 -0.02197 -3.39302e-01 | 12 -0.02223 -2.92119e-01
 13 -0.02329 -3.22505e-01 | 14 -0.02503 -4.12959e-01 | 15 -0.02636 -4.44126e-01
 16 -0.02694 -5.81366e-01 | 17 -0.02778 -5.88189e-01 | 18 -0.02852 -5.90000e-01
 19 -0.02968 -6.42540e-01 | 20 -0.03088 -8.03245e-01 | 21 -0.03147 -8.39045e-01
 22 -0.02835  9.18570e-02 | 23 -0.03311 -1.00725e+00 | 24 -0.03368 -1.02142e+00
 25 -0.03452 -9.77696e-01 | 26 -0.03707 -1.26119e+00 | 27 -0.03879 -1.32588e+00
 28 -0.03777 -5.28206e-01 | 29 -0.04391 -1.62962e+00 | 30 -0.04256 -1.26327e+00
 31 -0.04058 -1.13495e+00 | 32 -0.03467 -1.73518e+00 | 33 -0.04803 -1.65569e+00
 34 -0.15737 -6.43193e-01 | 35 -0.20708 -3.83702e-01 | 36 -0.20534 -4.28492e-01
 37 -0.02214 -2.04834e+00 | 38 -0.01537 -2.26038e+00 | 39  0.07462 -3.72926e+00
 40 -0.18246 -3.62910e-01 | 41  0.00414 -1.90734e+00 | 42  0.05710 -2.46958e+00
 43 -0.08064 -1.24451e-01 | 44 -0.05793 -1.05545e+00 | 45 -0.01086 -5.54868e-01
 46 -0.09214 -2.34599e-01 | 47 -0.04095 -2.20054e-01 | 48 -0.16725  1.41959e-02
 49 -0.13923  1.31927e-02 | 50 -0.03375  2.66079e-02 | 51 -0.07532 -1.07345e-02
 52 -0.08637  4.14964e-03 | 53 -0.15522  2.73734e-02 | 54 -0.14089  1.62830e-02
 55 -0.11128  2.57751e-02 | 56 -0.11245  5.35952e-02 | 57 -0.07057  1.15877e-01
 58 -0.07562  8.73669e-02 | 59 -0.04812  1.23420e-01 | 60 -0.06686  7.64348e-02
 61 -0.11797  2.53987e-02 | 62 -0.06636  3.36316e-02 | 63 -0.05676  3.37242e-03
 64 -0.11705  3.31605e-02 | 65 -0.08733 -4.86283e-02 | 66 -0.08271 -1.44606e-02
 67 -0.08741 -2.54570e-02 | 68 -0.12644 -3.84063e-02 | 69 -0.10949 -7.68575e-02
 70 -0.08790 -6.02717e-03 | 71 -0.16252 -4.12877e-02 | 72 -0.16364 -6.81240e-03
 73 -0.12097  4.37999e-03 | 74 -0.09256 -4.44816e-03 | 75 -0.09101 -1.86454e-03
 76 -0.09296 -8.15491e-03 | 77 -0.44010 -4.93220e+01 | 78 -0.89553  1.15624e-01
 79 -0.08959 -3.34394e+00 | 80  0.00962  3.26375e+00 | 81  1.06448  1.43587e-01
 82  0.62814 -3.07011e-01 | 83 -0.23265 -3.55884e-01 | 84 -0.28117  5.81319e-04
84 variables; iteration 300; function evaluation 351; phase 3
Function value -8.5366672e+01; maximum gradient component mag -3.8554e+01
Var    Value     Gradient |Var    Value     Gradient |Var    Value     Gradient
  1  0.01666 -3.85536e+01 |  2 -0.00157 -2.76947e-02 |  3 -0.00185 -3.44201e-02
  4 -0.01785 -3.68408e-02 |  5 -0.01819 -4.42871e-02 |  6 -0.01860 -5.54682e-02
  7 -0.01904 -6.55336e-02 |  8 -0.01957 -7.82967e-02 |  9 -0.02020 -9.64463e-02
 10 -0.02089 -1.10495e-01 | 11 -0.02163 -1.24836e-01 | 12 -0.02226 -1.50871e-01
 13 -0.02331 -1.59353e-01 | 14 -0.02491 -1.89819e-01 | 15 -0.02631 -2.12175e-01
 16 -0.02655 -2.33325e-01 | 17 -0.02760 -2.59458e-01 | 18 -0.02846 -2.61447e-01
 19 -0.02976 -3.25724e-01 | 20 -0.03048 -3.33590e-01 | 21 -0.03112 -3.64993e-01
 22 -0.02941  2.21493e-01 | 23 -0.03252 -4.17934e-01 | 24 -0.03334 -4.63980e-01
 25 -0.03511 -6.26932e-01 | 26 -0.03658 -5.86581e-01 | 27 -0.03770 -4.65725e-01
 28 -0.04120 -7.94196e-01 | 29 -0.04213 -5.44884e-01 | 30 -0.04247 -5.53794e-01
 31 -0.04128 -5.67189e-01 | 32 -0.03405 -7.58852e-01 | 33 -0.04812 -8.20765e-01
 34 -0.15743 -3.29068e-01 | 35 -0.20713 -2.07752e-01 | 36 -0.20533 -2.45236e-01
 37 -0.02235 -1.32442e+00 | 38 -0.01510 -8.98099e-01 | 39  0.07467 -2.37368e+00
 40 -0.18255 -2.56363e-01 | 41  0.00414 -9.41434e-01 | 42  0.05726 -1.44759e+00
 43 -0.08138 -1.55301e-01 | 44 -0.05732 -4.69003e-01 | 45 -0.01112 -3.77203e-01
 46 -0.09206 -1.86813e-01 | 47 -0.04096 -1.54898e-01 | 48 -0.16735 -2.45858e-02
 49 -0.13924 -1.26961e-02 | 50 -0.03387 -3.51009e-02 | 51 -0.07527 -1.59081e-02
 52 -0.08637 -1.64114e-02 | 53 -0.15528 -8.64803e-03 | 54 -0.14093 -6.85092e-03
 55 -0.11133 -1.33479e-02 | 56 -0.11247 -1.30438e-02 | 57 -0.07066 -1.90930e-02
 58 -0.07558 -1.66912e-02 | 59 -0.04822 -2.69641e-02 | 60 -0.06686 -1.57519e-02
 61 -0.11796 -7.03426e-03 | 62 -0.06645 -9.91462e-03 | 63 -0.05669 -5.33146e-03
 64 -0.11721 -5.08602e-03 | 65 -0.08725  4.36508e-03 | 66 -0.08280  1.14844e-03
 67 -0.08741  8.27340e-03 | 68 -0.12650  3.47736e-03 | 69 -0.10944  4.90262e-03
 70 -0.08801  3.18457e-03 | 71 -0.16247  4.61843e-03 | 72 -0.16368  9.72908e-04
 73 -0.12105  8.62532e-04 | 74 -0.09256  6.49793e-04 | 75 -0.09103  6.66470e-04
 76 -0.09293  1.66484e-03 | 77 -0.44013 -2.86602e+01 | 78 -0.90401  2.83768e-02
 79 -0.08871 -1.90485e+00 | 80  0.01068  2.40879e+00 | 81  1.08906  2.01251e-01
 82  0.65085 -2.52592e-01 | 83 -0.23248  7.24728e-02 | 84 -0.28639 -4.97558e-04
84 variables; iteration 320; function evaluation 371; phase 3
Function value -8.5368789e+01; maximum gradient component mag 1.3386e+01
Var    Value     Gradient |Var    Value     Gradient |Var    Value     Gradient
  1  0.01676  1.33864e+01 |  2 -0.00158  1.11566e-02 |  3 -0.00187  1.14882e-02
  4 -0.01787  1.25587e-02 |  5 -0.01822  1.45419e-02 |  6 -0.01861  1.67863e-02
  7 -0.01906  2.12390e-02 |  8 -0.01959  2.36842e-02 |  9 -0.02023  2.18655e-02
 10 -0.02090  3.43625e-02 | 11 -0.02168  3.34977e-02 | 12 -0.02230  3.70889e-02
 13 -0.02340  4.54298e-02 | 14 -0.02501  4.18346e-02 | 15 -0.02637  6.72795e-02
 16 -0.02658  9.26970e-02 | 17 -0.02760  1.19417e-01 | 18 -0.02843  1.66400e-01
 19 -0.02977  1.27259e-01 | 20 -0.03048  1.58571e-01 | 21 -0.03111  1.56022e-01
 22 -0.02877  9.50168e-01 | 23 -0.03255  1.70734e-01 | 24 -0.03341  1.73363e-01
 25 -0.03543 -1.26000e-03 | 26 -0.03689  1.08732e-01 | 27 -0.03781  3.35341e-01
 28 -0.04029  3.07987e-01 | 29 -0.04251  2.81585e-01 | 30 -0.04262  4.20580e-01
 31 -0.04146  4.59369e-01 | 32 -0.03420  3.30970e-01 | 33 -0.04765  2.41131e-01
 34 -0.15719  1.40246e-01 | 35 -0.20709  9.56898e-02 | 36 -0.20528  1.00790e-01
 37 -0.02258  1.74816e-01 | 38 -0.01519  5.46055e-01 | 39  0.07458  1.58112e-01
 40 -0.18241  1.93935e-02 | 41  0.00400  1.27787e-01 | 42  0.05724  1.04147e-01
 43 -0.08179  1.53518e-02 | 44 -0.05702  8.70289e-02 | 45 -0.01132  3.04462e-02
 46 -0.09193  1.64915e-02 | 47 -0.04089  7.56462e-03 | 48 -0.16726  2.23528e-03
 49 -0.13918 -6.77981e-04 | 50 -0.03380  1.97876e-03 | 51 -0.07527 -1.29696e-03
 52 -0.08657 -1.32335e-03 | 53 -0.15538 -1.94001e-03 | 54 -0.14097 -2.22241e-03
 55 -0.11120 -5.10894e-03 | 56 -0.11246 -6.09105e-03 | 57 -0.07064 -8.98670e-03
 58 -0.07562 -6.80789e-03 | 59 -0.04822 -1.04235e-02 | 60 -0.06683 -6.35630e-03
 61 -0.11798 -4.92150e-03 | 62 -0.06649 -8.29224e-03 | 63 -0.05668 -6.71213e-03
 64 -0.11726 -4.61116e-03 | 65 -0.08733 -4.24443e-03 | 66 -0.08287 -3.34990e-03
 67 -0.08752 -1.80577e-04 | 68 -0.12659 -1.55016e-03 | 69 -0.10955 -8.06068e-04
 70 -0.08809 -2.68647e-03 | 71 -0.16256  7.17985e-04 | 72 -0.16384 -7.69735e-04
 73 -0.12115  2.59003e-04 | 74 -0.09269  6.42870e-04 | 75 -0.09117  3.26617e-04
 76 -0.09309  4.40580e-04 | 77 -0.44013  6.32849e+00 | 78 -0.90571 -9.52993e-02
 79 -0.09269  6.73669e-01 | 80  0.00786 -7.37976e-01 | 81  1.10231  2.05953e-01
 82  0.66969 -2.19049e-01 | 83 -0.23251 -3.19163e-02 | 84 -0.29980 -1.49596e-03
84 variables; iteration 340; function evaluation 391; phase 3
Function value -8.5381578e+01; maximum gradient component mag -1.2260e+02
Var    Value     Gradient |Var    Value     Gradient |Var    Value     Gradient
  1  0.01682 -1.22601e+02 |  2 -0.00162 -6.87356e-02 |  3 -0.00186 -7.15669e-02
  4 -0.01790 -8.52531e-02 |  5 -0.01829 -1.14026e-01 |  6 -0.01844 -7.08418e-02
  7 -0.01885 -7.99586e-02 |  8 -0.01954 -1.45904e-01 |  9 -0.01974 -6.99432e-02
 10 -0.02117 -2.88403e-01 | 11 -0.02183 -3.01454e-01 | 12 -0.02215 -2.70460e-01
 13 -0.02397 -4.96536e-01 | 14 -0.02490 -3.75722e-01 | 15 -0.02633 -4.29178e-01
 16 -0.02695 -5.80735e-01 | 17 -0.02807 -6.61378e-01 | 18 -0.02878 -6.53704e-01
 19 -0.02896 -4.52819e-01 | 20 -0.03118 -8.79438e-01 | 21 -0.03108 -7.32493e-01
 22 -0.03009 -3.55268e-01 | 23 -0.03264 -8.77520e-01 | 24 -0.03354 -9.79753e-01
 25 -0.03292 -5.61542e-01 | 26 -0.03611 -1.00925e+00 | 27 -0.03959 -1.52680e+00
 28 -0.03920 -8.91786e-01 | 29 -0.04291 -1.37290e+00 | 30 -0.04212 -1.12805e+00
 31 -0.04283 -1.62286e+00 | 32 -0.03502 -1.79104e+00 | 33 -0.04706 -1.55630e+00
 34 -0.15675 -5.02908e-01 | 35 -0.20717 -4.65310e-01 | 36 -0.20551 -5.28162e-01
 37 -0.02241 -2.05551e+00 | 38 -0.01534 -3.33316e+00 | 39  0.07486 -5.45096e+00
 40 -0.18209 -7.69632e-01 | 41  0.00378 -5.46640e+00 | 42  0.05741 -8.16039e+00
 43 -0.08119 -2.79523e+00 | 44 -0.05800 -3.86339e+00 | 45 -0.01074 -3.89968e+00
 46 -0.09254 -1.77949e+00 | 47 -0.04057 -1.47717e+00 | 48 -0.16751 -4.09387e-01
 49 -0.13948 -2.31686e-01 | 50 -0.03357 -1.72078e-01 | 51 -0.07536 -2.52908e-01
 52 -0.08652 -1.76173e-01 | 53 -0.15540 -4.89555e-02 | 54 -0.14100 -5.03660e-02
 55 -0.11130 -1.33237e-01 | 56 -0.11240  3.50776e-03 | 57 -0.07058  6.15072e-02
 58 -0.07564  3.09402e-02 | 59 -0.04821  1.05947e-01 | 60 -0.06677  1.26780e-01
 61 -0.11782  2.20168e-01 | 62 -0.06650  3.21751e-01 | 63 -0.05659  2.57164e-01
 64 -0.11716  1.56789e-01 | 65 -0.08746  1.26536e-01 | 66 -0.08277  1.47777e-01
 67 -0.08762  8.34395e-02 | 68 -0.12645  8.94265e-03 | 69 -0.11004 -2.08413e-01
 70 -0.08792  1.29319e-02 | 71 -0.16269 -2.36365e-02 | 72 -0.16383  2.88269e-02
 73 -0.12131  1.48342e-02 | 74 -0.09283 -1.54804e-02 | 75 -0.09125 -1.31250e-03
 76 -0.09319 -3.37712e-03 | 77 -0.44024 -1.08312e+02 | 78 -0.94476  1.49186e-01
 79 -0.09235 -7.94286e+00 | 80  0.00955  8.39989e+00 | 81  1.07442  1.95926e-01
 82  0.75631 -8.66868e-02 | 83 -0.23248  1.12673e-01 | 84 -0.33793 -1.85544e-03
84 variables; iteration 360; function evaluation 411; phase 3
Function value -8.5389886e+01; maximum gradient component mag 9.3912e+00
Var    Value     Gradient |Var    Value     Gradient |Var    Value     Gradient
  1  0.01675  9.39123e+00 |  2 -0.00156  6.59335e-03 |  3 -0.00184  8.41106e-03
  4 -0.01784  8.32143e-03 |  5 -0.01818  1.05910e-02 |  6 -0.01857  1.24453e-02
  7 -0.01902  1.42426e-02 |  8 -0.01953  1.81961e-02 |  9 -0.02012  2.50976e-02
 10 -0.02082  2.49602e-02 | 11 -0.02157  2.82463e-02 | 12 -0.02217  3.28357e-02
 13 -0.02325  3.85760e-02 | 14 -0.02482  4.26642e-02 | 15 -0.02622  4.93862e-02
 16 -0.02646  5.77393e-02 | 17 -0.02750  6.93818e-02 | 18 -0.02844  7.81163e-02
 19 -0.02959  8.26923e-02 | 20 -0.03039  8.45462e-02 | 21 -0.03098  9.10868e-02
 22 -0.03085  2.87037e-01 | 23 -0.03242  9.50970e-02 | 24 -0.03323  1.00755e-01
 25 -0.03444  1.36289e-01 | 26 -0.03635  1.18083e-01 | 27 -0.03811  1.18958e-01
 28 -0.03982  2.96114e-01 | 29 -0.04262  1.26026e-01 | 30 -0.04298  2.16262e-01
 31 -0.04211  2.01362e-01 | 32 -0.03452  1.52676e-01 | 33 -0.04727  1.74241e-01
 34 -0.15709  8.64463e-02 | 35 -0.20705  5.75934e-02 | 36 -0.20531  5.61054e-02
 37 -0.02251  1.93555e-01 | 38 -0.01520  2.25801e-01 | 39  0.07469  4.65034e-01
 40 -0.18243  4.73043e-02 | 41  0.00401  1.36447e-01 | 42  0.05733  2.21023e-01
 43 -0.08167  8.21787e-02 | 44 -0.05710  4.76296e-02 | 45 -0.01121  6.96472e-02
 46 -0.09191  2.71900e-02 | 47 -0.04083  2.61660e-02 | 48 -0.16721  5.90559e-03
 49 -0.13909  2.95395e-03 | 50 -0.03377  3.67846e-03 | 51 -0.07519  3.61597e-03
 52 -0.08651  3.50855e-03 | 53 -0.15531  1.85698e-03 | 54 -0.14097  1.55625e-03
 55 -0.11115  2.55245e-03 | 56 -0.11243  2.52884e-03 | 57 -0.07060  4.96680e-03
 58 -0.07556  3.56713e-03 | 59 -0.04820  6.23888e-03 | 60 -0.06674  4.28158e-03
 61 -0.11792  3.16541e-03 | 62 -0.06649  4.44967e-03 | 63 -0.05659  4.48202e-03
 64 -0.11720  2.69695e-03 | 65 -0.08730  2.94964e-03 | 66 -0.08281  2.66703e-03
 67 -0.08748  2.78248e-03 | 68 -0.12653  1.82572e-03 | 69 -0.10955  1.62928e-03
 70 -0.08803  1.50979e-03 | 71 -0.16250  8.45421e-04 | 72 -0.16380  3.05706e-04
 73 -0.12115 -1.42461e-04 | 74 -0.09266 -2.56476e-04 | 75 -0.09113 -2.21208e-04
 76 -0.09306 -3.14270e-04 | 77 -0.44029  1.00842e+00 | 78 -0.98366 -1.27118e-01
 79 -0.09237  2.97281e-01 | 80  0.00843 -1.72290e-01 | 81  1.03642  2.87274e-02
 82  0.81544 -5.25614e-02 | 83 -0.23250  1.62212e-03 | 84 -0.37803 -2.12092e-03
84 variables; iteration 380; function evaluation 431; phase 3
Function value -8.5392604e+01; maximum gradient component mag 9.7805e+01
Var    Value     Gradient |Var    Value     Gradient |Var    Value     Gradient
  1  0.01676  9.78051e+01 |  2 -0.00153  1.53775e-01 |  3 -0.00187  1.69686e-01
  4 -0.01786  1.83700e-01 |  5 -0.01825  2.09016e-01 |  6 -0.01852  2.83411e-01
  7 -0.01905  3.15643e-01 |  8 -0.01932  4.40094e-01 |  9 -0.02034  4.00472e-01
 10 -0.02031  6.60726e-01 | 11 -0.02143  6.51689e-01 | 12 -0.02191  7.79896e-01
 13 -0.02309  8.56580e-01 | 14 -0.02459  9.81152e-01 | 15 -0.02593  1.12338e+00
 16 -0.02669  1.12581e+00 | 17 -0.02781  1.26575e+00 | 18 -0.02796  1.63169e+00
 19 -0.02975  1.57917e+00 | 20 -0.03118  1.52366e+00 | 21 -0.03066  1.93430e+00
 22 -0.03127  2.01723e+00 | 23 -0.03240  2.11148e+00 | 24 -0.03365  2.18183e+00
 25 -0.03387  2.68920e+00 | 26 -0.03591  2.84180e+00 | 27 -0.03812  2.87506e+00
 28 -0.03983  3.19529e+00 | 29 -0.04253  3.19478e+00 | 30 -0.04298  3.48257e+00
 31 -0.04241  3.54474e+00 | 32 -0.03445  3.87650e+00 | 33 -0.04714  3.66360e+00
 34 -0.15706  1.51435e+00 | 35 -0.20716  9.04709e-01 | 36 -0.20514  1.01535e+00
 37 -0.02254  3.36596e+00 | 38 -0.01530  2.30034e+00 | 39  0.07469  2.82389e+00
 40 -0.18245  1.05798e-01 | 41  0.00400 -1.01529e+00 | 42  0.05734 -3.52493e+00
 43 -0.08191 -1.31142e+00 | 44 -0.05687 -1.31653e+00 | 45 -0.01129 -1.88612e+00
 46 -0.09193 -8.18919e-01 | 47 -0.04072 -6.99172e-01 | 48 -0.16728 -1.81304e-01
 49 -0.13911 -5.77559e-02 | 50 -0.03372  2.48399e-02 | 51 -0.07520 -1.82055e-02
 52 -0.08655 -6.00302e-02 | 53 -0.15538 -7.25862e-02 | 54 -0.14087  2.33442e-02
 55 -0.11113 -4.69125e-02 | 56 -0.11232 -5.89426e-02 | 57 -0.07065 -2.33715e-01
 58 -0.07553 -2.77030e-01 | 59 -0.04822 -4.03944e-01 | 60 -0.06672 -3.88560e-01
 61 -0.11790 -2.48532e-01 | 62 -0.06650 -3.74930e-01 | 63 -0.05655 -4.52283e-01
 64 -0.11725 -3.01127e-01 | 65 -0.08730 -3.36149e-01 | 66 -0.08279 -3.49690e-01
 67 -0.08754 -3.78191e-01 | 68 -0.12655 -2.50022e-01 | 69 -0.10950 -2.11244e-01
 70 -0.08810 -3.05602e-01 | 71 -0.16245 -1.07551e-01 | 72 -0.16382 -6.07765e-02
 73 -0.12117 -2.25685e-02 | 74 -0.09261  3.93589e-02 | 75 -0.09113  2.89097e-02
 76 -0.09306  2.86583e-02 | 77 -0.44028  1.06400e+01 | 78 -0.96282 -8.76654e-02
 79 -0.09345  4.25293e+00 | 80  0.00753 -3.35122e+00 | 81  1.01773 -8.64628e-02
 82  0.85464 -3.41157e-02 | 83 -0.23254 -1.11555e-01 | 84 -0.28490 -2.10047e-04
84 variables; iteration 400; function evaluation 453; phase 3
Function value -8.5394379e+01; maximum gradient component mag 5.1793e+00
Var    Value     Gradient |Var    Value     Gradient |Var    Value     Gradient
  1  0.01675  5.17932e+00 |  2 -0.00156  3.54190e-03 |  3 -0.00184  3.73115e-03
  4 -0.01784  3.36438e-03 |  5 -0.01818  4.55595e-03 |  6 -0.01857  3.54770e-03
  7 -0.01901  6.63368e-03 |  8 -0.01953  8.29485e-03 |  9 -0.02012  1.37313e-02
 10 -0.02079  1.67593e-02 | 11 -0.02156  1.46273e-02 | 12 -0.02214  1.76503e-02
 13 -0.02321  2.71726e-02 | 14 -0.02476  2.99821e-02 | 15 -0.02620  2.43298e-02
 16 -0.02647  2.19388e-02 | 17 -0.02746  4.05024e-02 | 18 -0.02843  3.73083e-02
 19 -0.02954  4.75082e-02 | 20 -0.03038  3.52853e-02 | 21 -0.03092  5.08327e-02
 22 -0.03141  7.96701e-02 | 23 -0.03234  5.20013e-02 | 24 -0.03320  4.40459e-02
 25 -0.03435  8.65268e-02 | 26 -0.03625  6.61835e-02 | 27 -0.03801  6.32093e-02
 28 -0.04001  1.64463e-01 | 29 -0.04256  5.81347e-02 | 30 -0.04309  1.02011e-01
 31 -0.04208  1.16247e-01 | 32 -0.03442  7.84016e-02 | 33 -0.04731  8.41378e-02
 34 -0.15710  5.29601e-02 | 35 -0.20706  3.50285e-02 | 36 -0.20532  3.68795e-02
 37 -0.02250  1.27819e-01 | 38 -0.01524  1.36803e-01 | 39  0.07468  3.58939e-01
 40 -0.18244  2.82956e-02 | 41  0.00402  1.39090e-01 | 42  0.05733  1.63024e-01
 43 -0.08177 -3.98325e-03 | 44 -0.05702  5.97217e-02 | 45 -0.01124  6.57384e-02
 46 -0.09191  2.38245e-02 | 47 -0.04083  2.46077e-02 | 48 -0.16721  2.74050e-03
 49 -0.13909 -1.30606e-03 | 50 -0.03378 -1.06486e-02 | 51 -0.07522 -4.76473e-03
 52 -0.08652 -4.03495e-03 | 53 -0.15533 -4.57225e-03 | 54 -0.14096 -1.94709e-03
 55 -0.11115 -8.18629e-04 | 56 -0.11243 -1.71494e-03 | 57 -0.07060 -1.88043e-03
 58 -0.07558 -2.65644e-03 | 59 -0.04819 -3.99163e-03 | 60 -0.06677 -7.12862e-03
 61 -0.11794 -4.67635e-03 | 62 -0.06648 -9.33148e-03 | 63 -0.05661 -1.12200e-02
 64 -0.11720 -4.24051e-03 | 65 -0.08731 -9.94339e-03 | 66 -0.08281 -4.61943e-03
 67 -0.08750 -8.11884e-03 | 68 -0.12653  1.07203e-03 | 69 -0.10955 -2.25407e-03
 70 -0.08804  1.19208e-03 | 71 -0.16251  1.38105e-03 | 72 -0.16381 -1.23989e-04
 73 -0.12115  5.42742e-04 | 74 -0.09266  1.58545e-03 | 75 -0.09114  1.06601e-03
 76 -0.09307  3.89328e-04 | 77 -0.44027  9.34813e-01 | 78 -0.96023 -7.24473e-02
 79 -0.09255  1.50517e-01 | 80  0.00820 -1.52265e-01 | 81  1.03221  1.29941e-02
 82  0.88015 -1.74610e-02 | 83 -0.23254 -1.18314e-01 | 84 -0.26247  2.65789e-02
84 variables; iteration 420; function evaluation 473; phase 3
Function value -8.5397865e+01; maximum gradient component mag -3.2521e+02
Var    Value     Gradient |Var    Value     Gradient |Var    Value     Gradient
  1  0.01672 -3.25205e+02 |  2 -0.00155 -2.40104e-01 |  3 -0.00183 -2.91242e-01
  4 -0.01786 -3.19654e-01 |  5 -0.01819 -3.80451e-01 |  6 -0.01859 -4.57744e-01
  7 -0.01907 -5.49762e-01 |  8 -0.01954 -6.36557e-01 |  9 -0.02005 -7.26975e-01
 10 -0.02073 -8.49451e-01 | 11 -0.02162 -1.02904e+00 | 12 -0.02212 -1.16792e+00
 13 -0.02328 -1.34962e+00 | 14 -0.02473 -1.50236e+00 | 15 -0.02625 -1.73370e+00
 16 -0.02645 -1.95865e+00 | 17 -0.02729 -2.17004e+00 | 18 -0.02833 -2.44009e+00
 19 -0.02956 -2.67270e+00 | 20 -0.03047 -2.91785e+00 | 21 -0.03102 -3.06804e+00
 22 -0.03157 -3.20798e+00 | 23 -0.03235 -3.49876e+00 | 24 -0.03330 -3.85683e+00
 25 -0.03431 -4.11912e+00 | 26 -0.03603 -4.47071e+00 | 27 -0.03774 -4.75530e+00
 28 -0.04016 -5.00257e+00 | 29 -0.04246 -5.32980e+00 | 30 -0.04307 -5.73922e+00
 31 -0.04230 -6.13127e+00 | 32 -0.03429 -6.69914e+00 | 33 -0.04742 -6.30419e+00
 34 -0.15703 -2.59713e+00 | 35 -0.20707 -1.75281e+00 | 36 -0.20536 -1.92753e+00
 37 -0.02239 -8.68122e+00 | 38 -0.01526 -9.00518e+00 | 39  0.07466 -1.69674e+01
 40 -0.18245 -1.99524e+00 | 41  0.00407 -7.46244e+00 | 42  0.05731 -9.63632e+00
 43 -0.08172 -2.87140e+00 | 44 -0.05703 -2.98629e+00 | 45 -0.01124 -3.47542e+00
 46 -0.09191 -1.38722e+00 | 47 -0.04089 -1.41508e+00 | 48 -0.16723 -2.82068e-01
 49 -0.13908 -1.33187e-01 | 50 -0.03382 -3.00661e-01 | 51 -0.07522 -1.81788e-01
 52 -0.08650 -1.53284e-01 | 53 -0.15535 -8.53219e-02 | 54 -0.14092 -6.23844e-02
 55 -0.11119 -8.90335e-02 | 56 -0.11242 -8.75163e-02 | 57 -0.07061 -1.59388e-01
 58 -0.07561 -1.75662e-01 | 59 -0.04817 -2.11383e-01 | 60 -0.06681 -2.05503e-01
 61 -0.11797 -1.27882e-01 | 62 -0.06643 -1.59718e-01 | 63 -0.05670 -1.88928e-01
 64 -0.11714 -6.63001e-02 | 65 -0.08734 -8.74778e-02 | 66 -0.08276 -5.51373e-02
 67 -0.08752 -7.30029e-02 | 68 -0.12651 -2.06852e-02 | 69 -0.10947 -1.59407e-03
 70 -0.08807 -4.18362e-02 | 71 -0.16248  1.23846e-03 | 72 -0.16378  1.47755e-03
 73 -0.12110  1.46113e-02 | 74 -0.09261  2.38514e-02 | 75 -0.09109  2.16070e-02
 76 -0.09302  1.88394e-02 | 77 -0.44015 -2.19164e+02 | 78 -0.91107  6.47251e-01
 79 -0.09179 -1.72897e+01 | 80  0.00851  1.59338e+01 | 81  1.02918  6.00881e-02
 82  0.91763  7.93002e-03 | 83 -0.23250 -1.80362e-02 | 84 -0.36287 -2.01429e-03
84 variables; iteration 440; function evaluation 495; phase 3
Function value -8.5401672e+01; maximum gradient component mag -2.6934e+02
Var    Value     Gradient |Var    Value     Gradient |Var    Value     Gradient
  1  0.01672 -2.69343e+02 |  2 -0.00155 -1.97253e-01 |  3 -0.00184 -2.43788e-01
  4 -0.01783 -2.57806e-01 |  5 -0.01817 -3.10829e-01 |  6 -0.01858 -3.76010e-01
  7 -0.01899 -4.37746e-01 |  8 -0.01949 -5.14100e-01 |  9 -0.02024 -6.42134e-01
 10 -0.02071 -6.92771e-01 | 11 -0.02153 -8.28650e-01 | 12 -0.02214 -9.67827e-01
 13 -0.02319 -1.09232e+00 | 14 -0.02482 -1.25945e+00 | 15 -0.02616 -1.41239e+00
 16 -0.02633 -1.58662e+00 | 17 -0.02764 -1.86763e+00 | 18 -0.02836 -2.01501e+00
 19 -0.02951 -2.19128e+00 | 20 -0.03032 -2.37481e+00 | 21 -0.03076 -2.46925e+00
 22 -0.03148 -2.62827e+00 | 23 -0.03222 -2.85628e+00 | 24 -0.03310 -3.14500e+00
 25 -0.03447 -3.43403e+00 | 26 -0.03625 -3.73676e+00 | 27 -0.03797 -3.97463e+00
 28 -0.04040 -4.18246e+00 | 29 -0.04240 -4.39775e+00 | 30 -0.04307 -4.75001e+00
 31 -0.04203 -5.03042e+00 | 32 -0.03426 -5.53805e+00 | 33 -0.04740 -5.20583e+00
 34 -0.15719 -2.21265e+00 | 35 -0.20709 -1.46803e+00 | 36 -0.20529 -1.58238e+00
 37 -0.02241 -7.33163e+00 | 38 -0.01528 -7.61964e+00 | 39  0.07468 -1.40543e+01
 40 -0.18245 -1.67936e+00 | 41  0.00405 -6.46325e+00 | 42  0.05730 -8.41976e+00
 43 -0.08168 -2.47775e+00 | 44 -0.05706 -2.61720e+00 | 45 -0.01126 -3.05333e+00
 46 -0.09191 -1.18771e+00 | 47 -0.04087 -1.17555e+00 | 48 -0.16725 -2.37858e-01
 49 -0.13914 -1.13244e-01 | 50 -0.03374 -1.97581e-01 | 51 -0.07528 -1.37516e-01
 52 -0.08652 -9.86484e-02 | 53 -0.15537 -3.72090e-02 | 54 -0.14091 -2.39488e-02
 55 -0.11117 -2.78818e-02 | 56 -0.11244 -4.00711e-02 | 57 -0.07057 -4.02489e-02
 58 -0.07562 -5.79390e-02 | 59 -0.04816 -7.72989e-02 | 60 -0.06685 -6.48110e-02
 61 -0.11793 -2.27435e-02 | 62 -0.06644 -2.77324e-02 | 63 -0.05665 -1.36246e-02
 64 -0.11727 -1.06074e-02 | 65 -0.08721  2.93851e-02 | 66 -0.08289 -1.70619e-03
 67 -0.08745  2.04345e-02 | 68 -0.12660  3.60293e-03 | 69 -0.10946  1.24255e-02
 70 -0.08809 -1.77958e-03 | 71 -0.16252  1.34316e-02 | 72 -0.16376  1.71151e-02
 73 -0.12108  1.81071e-02 | 74 -0.09264  8.38945e-03 | 75 -0.09112  7.52577e-03
 76 -0.09304  8.84529e-03 | 77 -0.43987 -1.70639e+02 | 78 -0.84960  9.16221e-01
 79 -0.09189 -1.43538e+01 | 80  0.00850  1.32809e+01 | 81  1.02912  4.95795e-02
 82  0.91541  5.86337e-03 | 83 -0.23250  2.50325e-01 | 84 -0.74227 -7.33176e-03
84 variables; iteration 460; function evaluation 525; phase 3
Function value -8.5412872e+01; maximum gradient component mag -5.4042e+01
Var    Value     Gradient |Var    Value     Gradient |Var    Value     Gradient
  1  0.01673 -5.40424e+01 |  2 -0.00155 -4.05135e-02 |  3 -0.00183 -4.89491e-02
  4 -0.01783 -5.20673e-02 |  5 -0.01816 -6.22567e-02 |  6 -0.01855 -7.46580e-02
  7 -0.01899 -8.89685e-02 |  8 -0.01953 -1.09722e-01 |  9 -0.02010 -1.20206e-01
 10 -0.02081 -1.49237e-01 | 11 -0.02156 -1.74950e-01 | 12 -0.02211 -1.92311e-01
 13 -0.02323 -2.27534e-01 | 14 -0.02475 -2.49058e-01 | 15 -0.02616 -2.86470e-01
 16 -0.02645 -3.36412e-01 | 17 -0.02744 -3.65998e-01 | 18 -0.02842 -4.18237e-01
 19 -0.02956 -4.52732e-01 | 20 -0.03033 -4.89337e-01 | 21 -0.03093 -5.15880e-01
 22 -0.03150 -5.37767e-01 | 23 -0.03232 -5.91906e-01 | 24 -0.03314 -6.51229e-01
 25 -0.03438 -6.94019e-01 | 26 -0.03620 -7.60124e-01 | 27 -0.03794 -8.11252e-01
 28 -0.04026 -8.39961e-01 | 29 -0.04244 -9.04357e-01 | 30 -0.04308 -9.70265e-01
 31 -0.04213 -1.03531e+00 | 32 -0.03430 -1.13823e+00 | 33 -0.04738 -1.06982e+00
 34 -0.15717 -4.56884e-01 | 35 -0.20709 -2.94005e-01 | 36 -0.20534 -3.28646e-01
 37 -0.02242 -1.46542e+00 | 38 -0.01528 -1.50978e+00 | 39  0.07466 -2.82946e+00
 40 -0.18243 -3.31718e-01 | 41  0.00404 -1.22912e+00 | 42  0.05728 -1.57667e+00
 43 -0.08174 -4.67649e-01 | 44 -0.05706 -4.58949e-01 | 45 -0.01127 -5.18894e-01
 46 -0.09197 -2.00900e-01 | 47 -0.04088 -1.83274e-01 | 48 -0.16725 -3.34749e-02
 49 -0.13908 -1.31167e-02 | 50 -0.03374 -2.31445e-02 | 51 -0.07534 -2.26540e-02
 52 -0.08660 -2.13951e-02 | 53 -0.15547 -1.19180e-02 | 54 -0.14087 -9.90036e-03
 55 -0.11122 -1.73868e-02 | 56 -0.11239 -1.32203e-02 | 57 -0.07060 -2.35567e-02
 58 -0.07563 -1.83289e-02 | 59 -0.04814 -2.84503e-02 | 60 -0.06692 -2.53266e-02
 61 -0.11797 -1.63829e-02 | 62 -0.06636 -2.25773e-02 | 63 -0.05677 -2.64366e-02
 64 -0.11723 -1.31242e-02 | 65 -0.08729 -2.08140e-02 | 66 -0.08286 -1.38821e-02
 67 -0.08755 -1.40415e-02 | 68 -0.12663 -4.89776e-03 | 69 -0.10944 -8.70034e-03
 70 -0.08815 -1.00690e-03 | 71 -0.16261 -2.93928e-03 | 72 -0.16376  6.34452e-04
 73 -0.12109  8.44105e-04 | 74 -0.09268  2.05896e-03 | 75 -0.09116  1.92640e-03
 76 -0.09309  1.30332e-03 | 77 -0.43928 -3.48108e+01 | 78 -0.77627  1.94465e-01
 79 -0.09210 -2.88609e+00 | 80  0.00838  2.65388e+00 | 81  1.02946  1.19136e-02
 82  0.91076 -4.75140e-04 | 83 -0.23251 -2.98492e-02 | 84 -0.27123  7.82354e-03
84 variables; iteration 480; function evaluation 549; phase 3
Function value -8.5424900e+01; maximum gradient component mag -5.3031e+02
Var    Value     Gradient |Var    Value     Gradient |Var    Value     Gradient
  1  0.01672 -5.30310e+02 |  2 -0.00154 -3.92124e-01 |  3 -0.00184 -4.81924e-01
  4 -0.01783 -5.12297e-01 |  5 -0.01819 -6.19106e-01 |  6 -0.01857 -7.40019e-01
  7 -0.01898 -8.70603e-01 |  8 -0.01947 -1.02489e+00 |  9 -0.02019 -1.23607e+00
 10 -0.02076 -1.41519e+00 | 11 -0.02142 -1.62782e+00 | 12 -0.02222 -1.94200e+00
 13 -0.02315 -2.17392e+00 | 14 -0.02484 -2.49898e+00 | 15 -0.02616 -2.81313e+00
 16 -0.02640 -3.19730e+00 | 17 -0.02763 -3.66960e+00 | 18 -0.02837 -4.02448e+00
 19 -0.02946 -4.36082e+00 | 20 -0.03034 -4.73296e+00 | 21 -0.03080 -4.96683e+00
 22 -0.03150 -5.23860e+00 | 23 -0.03215 -5.69523e+00 | 24 -0.03309 -6.25754e+00
 25 -0.03443 -6.80872e+00 | 26 -0.03626 -7.42267e+00 | 27 -0.03800 -7.90108e+00
 28 -0.04037 -8.28724e+00 | 29 -0.04241 -8.75375e+00 | 30 -0.04307 -9.44714e+00
 31 -0.04202 -1.00193e+01 | 32 -0.03423 -1.10145e+01 | 33 -0.04746 -1.03484e+01
 34 -0.15714 -4.35880e+00 | 35 -0.20719 -2.94068e+00 | 36 -0.20527 -3.14784e+00
 37 -0.02239 -1.43908e+01 | 38 -0.01532 -1.48856e+01 | 39  0.07468 -2.76330e+01
 40 -0.18245 -3.28151e+00 | 41  0.00405 -1.24052e+01 | 42  0.05727 -1.59590e+01
 43 -0.08173 -4.72630e+00 | 44 -0.05708 -4.90411e+00 | 45 -0.01129 -5.65385e+00
 46 -0.09198 -2.20938e+00 | 47 -0.04090 -2.16182e+00 | 48 -0.16726 -4.23986e-01
 49 -0.13906 -1.92082e-01 | 50 -0.03372 -3.75115e-01 | 51 -0.07541 -2.59832e-01
 52 -0.08667 -2.10667e-01 | 53 -0.15558 -9.26403e-02 | 54 -0.14081 -7.71498e-02
 55 -0.11122 -1.01637e-01 | 56 -0.11238 -1.05734e-01 | 57 -0.07054 -1.38831e-01
 58 -0.07570 -1.54404e-01 | 59 -0.04807 -1.97753e-01 | 60 -0.06704 -1.78018e-01
 61 -0.11795 -8.17934e-02 | 62 -0.06628 -1.07432e-01 | 63 -0.05685 -1.14113e-01
 64 -0.11728 -4.83366e-02 | 65 -0.08722 -2.20230e-02 | 66 -0.08294 -3.40457e-02
 67 -0.08756 -1.71809e-02 | 68 -0.12674 -8.63628e-03 | 69 -0.10933  1.29666e-02
 70 -0.08826 -1.00599e-02 | 71 -0.16267  7.72444e-03 | 72 -0.16372  2.05964e-02
 73 -0.12103  2.39060e-02 | 74 -0.09269  1.89988e-02 | 75 -0.09119  1.68267e-02
 76 -0.09312  1.71776e-02 | 77 -0.43846 -2.59340e+02 | 78 -0.71130  3.75468e+00
 79 -0.09200 -2.82569e+01 | 80  0.00842  2.60450e+01 | 81  1.02897  9.67517e-02
 82  0.91100  8.44614e-03 | 83 -0.23235  9.67100e-01 | 84 -0.35062 -2.65317e-03
84 variables; iteration 500; function evaluation 572; phase 3
Function value -8.5449211e+01; maximum gradient component mag -5.3440e+02
Var    Value     Gradient |Var    Value     Gradient |Var    Value     Gradient
  1  0.01671 -5.34403e+02 |  2 -0.00156 -4.09549e-01 |  3 -0.00184 -4.97352e-01
  4 -0.01783 -5.29172e-01 |  5 -0.01822 -6.46942e-01 |  6 -0.01851 -7.48221e-01
  7 -0.01899 -9.02272e-01 |  8 -0.01941 -1.04487e+00 |  9 -0.02018 -1.27358e+00
 10 -0.02089 -1.49353e+00 | 11 -0.02127 -1.64513e+00 | 12 -0.02229 -2.02058e+00
 13 -0.02308 -2.22824e+00 | 14 -0.02478 -2.56559e+00 | 15 -0.02618 -2.90882e+00
 16 -0.02659 -3.34677e+00 | 17 -0.02768 -3.80182e+00 | 18 -0.02840 -4.16479e+00
 19 -0.02931 -4.47112e+00 | 20 -0.03056 -4.94074e+00 | 21 -0.03083 -5.13877e+00
 22 -0.03130 -5.37006e+00 | 23 -0.03187 -5.82700e+00 | 24 -0.03317 -6.48822e+00
 25 -0.03440 -7.03245e+00 | 26 -0.03639 -7.69762e+00 | 27 -0.03853 -8.26630e+00
 28 -0.04072 -8.62374e+00 | 29 -0.04241 -9.04347e+00 | 30 -0.04308 -9.78124e+00
 31 -0.04146 -1.02963e+01 | 32 -0.03308 -1.12876e+01 | 33 -0.04833 -1.08439e+01
 34 -0.15725 -4.52509e+00 | 35 -0.20721 -3.00738e+00 | 36 -0.20521 -3.21803e+00
 37 -0.02237 -1.47325e+01 | 38 -0.01532 -1.50048e+01 | 39  0.07466 -2.80159e+01
 40 -0.18244 -3.27209e+00 | 41  0.00407 -1.20527e+01 | 42  0.05724 -1.49518e+01
 43 -0.08187 -4.38224e+00 | 44 -0.05700 -4.41498e+00 | 45 -0.01134 -5.15691e+00
 46 -0.09215 -2.09029e+00 | 47 -0.04088 -1.96592e+00 | 48 -0.16735 -4.01280e-01
 49 -0.13906 -1.73695e-01 | 50 -0.03354 -2.73320e-01 | 51 -0.07568 -2.48546e-01
 52 -0.08679 -1.90943e-01 | 53 -0.15585 -8.27197e-02 | 54 -0.14064 -8.23489e-02
 55 -0.11130 -1.11286e-01 | 56 -0.11226 -9.52274e-02 | 57 -0.07052 -1.42892e-01
 58 -0.07581 -1.27570e-01 | 59 -0.04793 -1.21385e-01 | 60 -0.06732 -9.49131e-02
 61 -0.11791  1.20358e-02 | 62 -0.06608 -1.55322e-02 | 63 -0.05707 -2.43099e-02
 64 -0.11736 -1.56983e-02 | 65 -0.08715  3.90000e-02 | 66 -0.08303  3.06644e-02
 67 -0.08765  4.58431e-02 | 68 -0.12691  4.31608e-02 | 69 -0.10913  5.43899e-02
 70 -0.08850  2.00013e-02 | 71 -0.16281  3.30265e-02 | 72 -0.16366  3.45176e-02
 73 -0.12093  3.12466e-02 | 74 -0.09273  1.52257e-02 | 75 -0.09123  1.27894e-02
 76 -0.09317  1.40136e-02 | 77 -0.43672 -1.99219e+02 | 78 -0.62619  4.75732e+00
 79 -0.09199 -2.83931e+01 | 80  0.00837  2.60436e+01 | 81  1.02935  1.01630e-01
 82  0.90346  5.47025e-03 | 83 -0.23423 -5.48126e-01 | 84 -0.27733 -9.78097e-03
84 variables; iteration 520; function evaluation 595; phase 3
Function value -8.5480032e+01; maximum gradient component mag -6.6473e+02
Var    Value     Gradient |Var    Value     Gradient |Var    Value     Gradient
  1  0.01671 -6.64732e+02 |  2 -0.00150 -4.85733e-01 |  3 -0.00189 -6.21223e-01
  4 -0.01785 -6.50457e-01 |  5 -0.01818 -7.80936e-01 |  6 -0.01874 -9.75600e-01
  7 -0.01892 -1.08779e+00 |  8 -0.01967 -1.34824e+00 |  9 -0.02019 -1.55824e+00
 10 -0.02097 -1.84289e+00 | 11 -0.02112 -1.99605e+00 | 12 -0.02243 -2.50040e+00
 13 -0.02311 -2.74670e+00 | 14 -0.02493 -3.17814e+00 | 15 -0.02626 -3.58223e+00
 16 -0.02680 -4.13953e+00 | 17 -0.02738 -4.57682e+00 | 18 -0.02838 -5.10091e+00
 19 -0.02939 -5.51049e+00 | 20 -0.02990 -5.89536e+00 | 21 -0.03092 -6.32151e+00
 22 -0.03190 -6.72061e+00 | 23 -0.03215 -7.22296e+00 | 24 -0.03304 -7.91524e+00
 25 -0.03455 -8.64331e+00 | 26 -0.03655 -9.44565e+00 | 27 -0.03789 -9.96339e+00
 28 -0.04069 -1.05188e+01 | 29 -0.04286 -1.11327e+01 | 30 -0.04303 -1.19345e+01
 31 -0.04075 -1.24980e+01 | 32 -0.03361 -1.38737e+01 | 33 -0.04827 -1.31095e+01
 34 -0.15717 -5.44780e+00 | 35 -0.20755 -3.80003e+00 | 36 -0.20520 -3.93725e+00
 37 -0.02232 -1.79841e+01 | 38 -0.01544 -1.83775e+01 | 39  0.07469 -3.36298e+01
 40 -0.18258 -4.04582e+00 | 41  0.00407 -1.50895e+01 | 42  0.05716 -1.94128e+01
 43 -0.08174 -5.79670e+00 | 44 -0.05730 -6.12365e+00 | 45 -0.01136 -6.71981e+00
 46 -0.09205 -2.50912e+00 | 47 -0.04107 -2.54620e+00 | 48 -0.16718 -4.44920e-01
 49 -0.13870 -1.98602e-01 | 50 -0.03377 -5.73908e-01 | 51 -0.07570 -3.41664e-01
 52 -0.08712 -3.20463e-01 | 53 -0.15615 -1.50877e-01 | 54 -0.14053 -1.47344e-01
 55 -0.11139 -1.92568e-01 | 56 -0.11222 -1.70066e-01 | 57 -0.07045 -2.09270e-01
 58 -0.07588 -2.34802e-01 | 59 -0.04789 -3.69583e-01 | 60 -0.06752 -3.37912e-01
 61 -0.11816 -2.38404e-01 | 62 -0.06577 -3.06670e-01 | 63 -0.05752 -3.60007e-01
 64 -0.11717 -1.05938e-01 | 65 -0.08734 -2.06077e-01 | 66 -0.08302 -1.19490e-01
 67 -0.08786 -1.19265e-01 | 68 -0.12720 -6.76150e-02 | 69 -0.10889  2.99515e-02
 70 -0.08877 -3.87118e-02 | 71 -0.16307 -2.78224e-02 | 72 -0.16363 -3.28045e-03
 73 -0.12089  1.63567e-02 | 74 -0.09285  3.21096e-02 | 75 -0.09135  3.27052e-02
 76 -0.09339  1.16780e-02 | 77 -0.43456 -2.01339e+02 | 78 -0.55877  7.18867e+00
 79 -0.09197 -3.53449e+01 | 80  0.00841  3.24402e+01 | 81  1.02809  1.13026e-01
 82  0.90349  7.96652e-03 | 83 -0.23552  6.05644e-02 | 84 -0.27090  1.72887e-03
84 variables; iteration 540; function evaluation 619; phase 3
Function value -8.5539375e+01; maximum gradient component mag -6.6017e+02
Var    Value     Gradient |Var    Value     Gradient |Var    Value     Gradient
  1  0.01668 -6.60165e+02 |  2 -0.00157 -5.61462e-01 |  3 -0.00180 -6.67466e-01
  4 -0.01787 -7.30736e-01 |  5 -0.01820 -8.73370e-01 |  6 -0.01855 -1.03606e+00
  7 -0.01913 -1.26508e+00 |  8 -0.01946 -1.44834e+00 |  9 -0.02016 -1.72807e+00
 10 -0.02063 -1.96700e+00 | 11 -0.02188 -2.41662e+00 | 12 -0.02194 -2.66402e+00
 13 -0.02328 -3.10527e+00 | 14 -0.02455 -3.45170e+00 | 15 -0.02616 -3.97082e+00
 16 -0.02641 -4.51710e+00 | 17 -0.02741 -5.11478e+00 | 18 -0.02842 -5.69813e+00
 19 -0.02976 -6.23355e+00 | 20 -0.03009 -6.63379e+00 | 21 -0.03071 -7.01404e+00
 22 -0.03154 -7.41869e+00 | 23 -0.03233 -8.10989e+00 | 24 -0.03321 -8.87823e+00
 25 -0.03465 -9.67033e+00 | 26 -0.03679 -1.05787e+01 | 27 -0.03837 -1.11955e+01
 28 -0.04130 -1.18098e+01 | 29 -0.04356 -1.25185e+01 | 30 -0.04308 -1.33490e+01
 31 -0.03715 -1.35622e+01 | 32 -0.03418 -1.56363e+01 | 33 -0.04909 -1.48085e+01
 34 -0.15782 -6.29061e+00 | 35 -0.20723 -3.96367e+00 | 36 -0.20540 -4.33901e+00
 37 -0.02222 -1.86532e+01 | 38 -0.01557 -1.80206e+01 | 39  0.07468 -3.09865e+01
 40 -0.18235 -3.45202e+00 | 41  0.00408 -1.19330e+01 | 42  0.05705 -1.37914e+01
 43 -0.08184 -3.93423e+00 | 44 -0.05720 -4.02525e+00 | 45 -0.01156 -4.57362e+00
 46 -0.09237 -1.74454e+00 | 47 -0.04105 -1.63627e+00 | 48 -0.16742 -3.31216e-01
 49 -0.13890 -1.81473e-01 | 50 -0.03340 -3.39213e-01 | 51 -0.07629 -2.48432e-01
 52 -0.08744 -1.43849e-01 | 53 -0.15685 -3.91591e-02 | 54 -0.14006 -5.92034e-03
 55 -0.11158 -3.81841e-02 | 56 -0.11192 -4.11809e-03 | 57 -0.07043 -3.72621e-02
 58 -0.07608  1.29792e-02 | 59 -0.04763 -1.47942e-02 | 60 -0.06816  2.88316e-02
 61 -0.11816  1.97257e-02 | 62 -0.06536  5.54108e-02 | 63 -0.05793  1.32380e-01
 64 -0.11761  5.03272e-02 | 65 -0.08696  1.44452e-01 | 66 -0.08343  1.19362e-01
 67 -0.08804  1.63994e-01 | 68 -0.12757  1.19111e-01 | 69 -0.10860  7.20004e-02
 70 -0.08930  1.29746e-01 | 71 -0.16346  9.29857e-02 | 72 -0.16345  7.33468e-02
 73 -0.12065  4.62225e-02 | 74 -0.09296  7.81074e-03 | 75 -0.09151  3.27432e-03
 76 -0.09344  1.37111e-02 | 77 -0.43016 -1.28850e+02 | 78 -0.47302  7.35582e+00
 79 -0.09171 -3.44370e+01 | 80  0.00849  3.09450e+01 | 81  1.02910  1.28192e-01
 82  0.90150  7.40992e-03 | 83 -0.23525 -1.40690e-02 | 84 -0.27192 -2.26325e-03
84 variables; iteration 560; function evaluation 642; phase 3
Function value -8.5596630e+01; maximum gradient component mag -7.2435e+02
Var    Value     Gradient |Var    Value     Gradient |Var    Value     Gradient
  1  0.01665 -7.24354e+02 |  2 -0.00157 -5.17298e-01 |  3 -0.00190 -6.40620e-01
  4 -0.01772 -6.37873e-01 |  5 -0.01803 -7.64839e-01 |  6 -0.01829 -8.91119e-01
  7 -0.01845 -1.00428e+00 |  8 -0.01963 -1.37448e+00 |  9 -0.01915 -1.35037e+00
 10 -0.02183 -2.09989e+00 | 11 -0.02040 -1.88221e+00 | 12 -0.02226 -2.53007e+00
 13 -0.02341 -2.89614e+00 | 14 -0.02539 -3.37521e+00 | 15 -0.02621 -3.67181e+00
 16 -0.02615 -4.10571e+00 | 17 -0.02830 -4.91871e+00 | 18 -0.02765 -5.08552e+00
 19 -0.02927 -5.64376e+00 | 20 -0.03055 -6.20988e+00 | 21 -0.03114 -6.55448e+00
 22 -0.03165 -6.86074e+00 | 23 -0.03173 -7.35260e+00 | 24 -0.03274 -8.09057e+00
 25 -0.03442 -8.86946e+00 | 26 -0.03616 -9.63555e+00 | 27 -0.03827 -1.02977e+01
 28 -0.04126 -1.08984e+01 | 29 -0.04293 -1.14682e+01 | 30 -0.04267 -1.22351e+01
 31 -0.03582 -1.22154e+01 | 32 -0.03885 -1.49206e+01 | 33 -0.04712 -1.33615e+01
 34 -0.15643 -5.23976e+00 | 35 -0.20835 -4.22405e+00 | 36 -0.20522 -4.16738e+00
 37 -0.02206 -1.88880e+01 | 38 -0.01558 -1.99900e+01 | 39  0.07467 -4.05121e+01
 40 -0.18227 -4.84440e+00 | 41  0.00407 -1.77086e+01 | 42  0.05706 -2.18627e+01
 43 -0.08218 -6.65806e+00 | 44 -0.05712 -6.69855e+00 | 45 -0.01156 -7.70418e+00
 46 -0.09272 -3.26569e+00 | 47 -0.04113 -3.25043e+00 | 48 -0.16719 -5.69406e-01
 49 -0.13809 -2.55070e-01 | 50 -0.03373 -8.36803e-01 | 51 -0.07635 -4.41798e-01
 52 -0.08811 -5.18621e-01 | 53 -0.15737 -2.92163e-01 | 54 -0.13992 -3.81065e-01
 55 -0.11164 -4.74966e-01 | 56 -0.11178 -4.83582e-01 | 57 -0.07029 -7.39261e-01
 58 -0.07642 -7.09753e-01 | 59 -0.04728 -8.41725e-01 | 60 -0.06876 -7.13827e-01
 61 -0.11829 -3.83237e-01 | 62 -0.06459 -4.43156e-01 | 63 -0.05892 -6.11011e-01
 64 -0.11706 -8.72073e-02 | 65 -0.08733 -2.69062e-01 | 66 -0.08318 -1.17136e-01
 67 -0.08859 -3.06818e-01 | 68 -0.12812 -1.92088e-01 | 69 -0.10794 -2.11767e-02
 70 -0.08992 -1.90395e-01 | 71 -0.16395 -1.44027e-01 | 72 -0.16334 -7.14122e-02
 73 -0.12056 -2.37277e-02 | 74 -0.09325  3.01424e-02 | 75 -0.09172  5.25565e-02
 76 -0.09378  4.30742e-02 | 77 -0.42565 -1.25871e+02 | 78 -0.41498  1.00866e+01
 79 -0.09209 -3.89543e+01 | 80  0.00809  3.59116e+01 | 81  1.02798  1.19422e-01
 82  0.91737  1.43946e-02 | 83 -0.23313 -9.21179e-01 | 84 -0.27631 -2.41313e-04
84 variables; iteration 580; function evaluation 664; phase 3
Function value -8.5668988e+01; maximum gradient component mag -6.4778e+02
Var    Value     Gradient |Var    Value     Gradient |Var    Value     Gradient
  1  0.01662 -6.47779e+02 |  2 -0.00167 -3.82589e-01 |  3 -0.00173 -4.03372e-01
  4 -0.01790 -4.73342e-01 |  5 -0.01821 -5.57754e-01 |  6 -0.01844 -6.27753e-01
  7 -0.01908 -7.99551e-01 |  8 -0.01925 -8.56283e-01 |  9 -0.01999 -1.05216e+00
 10 -0.02111 -1.34398e+00 | 11 -0.02097 -1.33365e+00 | 12 -0.02251 -1.79930e+00
 13 -0.02209 -1.67362e+00 | 14 -0.02465 -2.17587e+00 | 15 -0.02684 -2.66365e+00
 16 -0.02628 -2.81398e+00 | 17 -0.02735 -3.20516e+00 | 18 -0.02761 -3.40703e+00
 19 -0.02962 -3.92297e+00 | 20 -0.03021 -4.18993e+00 | 21 -0.03108 -4.48861e+00
 22 -0.03183 -4.74999e+00 | 23 -0.03323 -5.32307e+00 | 24 -0.03164 -5.27227e+00
 25 -0.03355 -5.90656e+00 | 26 -0.03508 -6.41344e+00 | 27 -0.03752 -7.01035e+00
 28 -0.04015 -7.43563e+00 | 29 -0.04172 -7.80737e+00 | 30 -0.04451 -8.89195e+00
 31 -0.04036 -8.94713e+00 | 32 -0.03622 -1.05446e+01 | 33 -0.04685 -9.42226e+00
 34 -0.15699 -3.96666e+00 | 35 -0.20701 -2.66812e+00 | 36 -0.20533 -3.50403e+00
 37 -0.02195 -1.69706e+01 | 38 -0.01576 -1.95206e+01 | 39  0.07477 -4.09779e+01
 40 -0.18177 -4.90290e+00 | 41  0.00406 -2.11200e+01 | 42  0.05696 -2.95286e+01
 43 -0.08206 -8.96209e+00 | 44 -0.05725 -9.54685e+00 | 45 -0.01172 -1.15046e+01
 46 -0.09289 -4.81364e+00 | 47 -0.04109 -4.77439e+00 | 48 -0.16756 -1.01919e+00
 49 -0.13853 -4.76347e-01 | 50 -0.03316 -6.96105e-01 | 51 -0.07702 -4.85639e-01
 52 -0.08841 -3.92424e-01 | 53 -0.15819 -2.68757e-01 | 54 -0.13938 -2.31865e-01
 55 -0.11169 -3.46075e-01 | 56 -0.11147 -4.48154e-01 | 57 -0.07015 -7.98637e-01
 58 -0.07661 -8.37000e-01 | 59 -0.04703 -1.08082e+00 | 60 -0.06936 -9.26395e-01
 61 -0.11842 -5.91243e-01 | 62 -0.06411 -6.18800e-01 | 63 -0.05932 -6.35809e-01
 64 -0.11750 -2.27165e-01 | 65 -0.08689 -2.16247e-01 | 66 -0.08359 -2.01371e-01
 67 -0.08886 -3.16966e-01 | 68 -0.12841 -1.51889e-01 | 69 -0.10763 -1.63599e-01
 70 -0.09054 -2.69928e-01 | 71 -0.16433 -1.19643e-01 | 72 -0.16317 -3.59634e-02
 73 -0.12021  4.36365e-02 | 74 -0.09326  6.01279e-02 | 75 -0.09188  5.57467e-02
 76 -0.09377  9.38929e-02 | 77 -0.42051 -1.02484e+02 | 78 -0.36703  1.06072e+01
 79 -0.09220 -3.62051e+01 | 80  0.00814  3.47398e+01 | 81  1.02882  1.03181e-01
 82  0.92899  1.85205e-02 | 83 -0.23159  5.29572e+00 | 84 -0.30498 -2.54023e-02
84 variables; iteration 600; function evaluation 686; phase 3
Function value -8.5780990e+01; maximum gradient component mag -1.3601e+03
Var    Value     Gradient |Var    Value     Gradient |Var    Value     Gradient
  1  0.01658 -1.36010e+03 |  2 -0.00156 -1.04211e+00 |  3 -0.00179 -1.25467e+00
  4 -0.01780 -1.34185e+00 |  5 -0.01816 -1.61950e+00 |  6 -0.01847 -1.91844e+00
  7 -0.01884 -2.27214e+00 |  8 -0.01948 -2.72748e+00 |  9 -0.01983 -3.15048e+00
 10 -0.02088 -3.77954e+00 | 11 -0.02143 -4.35505e+00 | 12 -0.02201 -5.05101e+00
 13 -0.02351 -5.85807e+00 | 14 -0.02481 -6.58130e+00 | 15 -0.02601 -7.42403e+00
 16 -0.02657 -8.51287e+00 | 17 -0.02736 -9.61279e+00 | 18 -0.02856 -1.07322e+01
 19 -0.02923 -1.15805e+01 | 20 -0.03015 -1.25531e+01 | 21 -0.03083 -1.32931e+01
 22 -0.03105 -1.39153e+01 | 23 -0.03135 -1.51611e+01 | 24 -0.03435 -1.68753e+01
 25 -0.03523 -1.82362e+01 | 26 -0.03769 -1.98868e+01 | 27 -0.03903 -2.10591e+01
 28 -0.04191 -2.20727e+01 | 29 -0.04506 -2.34258e+01 | 30 -0.03903 -2.49959e+01
 31 -0.04164 -2.68674e+01 | 32 -0.02411 -2.98116e+01 | 33 -0.05494 -2.74428e+01
 34 -0.15816 -1.16986e+01 | 35 -0.20825 -7.79102e+00 | 36 -0.20549 -8.45944e+00
 37 -0.02177 -3.74639e+01 | 38 -0.01624 -3.77391e+01 | 39  0.07475 -6.90307e+01
 40 -0.18197 -8.00090e+00 | 41  0.00409 -2.92228e+01 | 42  0.05664 -3.62732e+01
 43 -0.08221 -1.07836e+01 | 44 -0.05741 -1.10079e+01 | 45 -0.01213 -1.25335e+01
 46 -0.09319 -4.88407e+00 | 47 -0.04144 -4.79682e+00 | 48 -0.16757 -9.34526e-01
 49 -0.13799 -4.62384e-01 | 50 -0.03317 -9.94878e-01 | 51 -0.07786 -6.32598e-01
 52 -0.08974 -5.51362e-01 | 53 -0.15954 -2.71362e-01 | 54 -0.13877 -2.58040e-01
 55 -0.11213 -3.40702e-01 | 56 -0.11109 -3.55928e-01 | 57 -0.06997 -4.88357e-01
 58 -0.07713 -4.87948e-01 | 59 -0.04656 -6.18404e-01 | 60 -0.07085 -4.98359e-01
 61 -0.11844 -2.59294e-01 | 62 -0.06322 -3.07390e-01 | 63 -0.06069 -3.06370e-01
 64 -0.11791 -9.78910e-02 | 65 -0.08679 -7.05453e-02 | 66 -0.08422 -2.67691e-02
 67 -0.08959 -4.11259e-02 | 68 -0.12945  3.11493e-02 | 69 -0.10688  9.79328e-03
 70 -0.09189  1.92359e-02 | 71 -0.16539 -1.18743e-03 | 72 -0.16292  4.26063e-02
 73 -0.11995  5.28390e-02 | 74 -0.09375  4.22137e-02 | 75 -0.09243  4.02757e-02
 76 -0.09450  4.93777e-02 | 77 -0.41023 -1.23563e+02 | 78 -0.30014  1.96519e+01
 79 -0.09150 -7.24841e+01 | 80  0.00840  6.62887e+01 | 81  1.02869  2.47120e-01
 82  0.90940  2.34660e-02 | 83 -0.24312  8.05313e-02 | 84 -0.30182 -2.38179e-03
84 variables; iteration 620; function evaluation 709; phase 3
Function value -8.5940508e+01; maximum gradient component mag -1.1231e+03
Var    Value     Gradient |Var    Value     Gradient |Var    Value     Gradient
  1  0.01649 -1.12309e+03 |  2 -0.00151 -7.00497e-01 |  3 -0.00183 -8.64029e-01
  4 -0.01781 -9.18478e-01 |  5 -0.01812 -1.09649e+00 |  6 -0.01863 -1.34527e+00
  7 -0.01899 -1.57752e+00 |  8 -0.01949 -1.86575e+00 |  9 -0.02020 -2.22061e+00
 10 -0.02060 -2.52576e+00 | 11 -0.02150 -2.98649e+00 | 12 -0.02189 -3.41564e+00
 13 -0.02350 -4.02671e+00 | 14 -0.02482 -4.50344e+00 | 15 -0.02591 -5.04039e+00
 16 -0.02626 -5.76721e+00 | 17 -0.02739 -6.57736e+00 | 18 -0.02837 -7.32100e+00
 19 -0.02922 -7.90622e+00 | 20 -0.03011 -8.58349e+00 | 21 -0.03084 -9.11316e+00
 22 -0.03129 -9.56079e+00 | 23 -0.03177 -1.04133e+01 | 24 -0.03357 -1.15760e+01
 25 -0.03426 -1.24739e+01 | 26 -0.03578 -1.35591e+01 | 27 -0.03805 -1.45157e+01
 28 -0.04107 -1.52648e+01 | 29 -0.04330 -1.61663e+01 | 30 -0.04731 -1.79825e+01
 31 -0.04176 -1.87319e+01 | 32 -0.01914 -1.99167e+01 | 33 -0.05658 -1.93533e+01
 34 -0.15844 -8.24851e+00 | 35 -0.20866 -5.62869e+00 | 36 -0.20525 -6.31574e+00
 37 -0.02144 -3.00637e+01 | 38 -0.01665 -3.24434e+01 | 39  0.07490 -6.42708e+01
 40 -0.18167 -7.91448e+00 | 41  0.00409 -3.17336e+01 | 42  0.05632 -4.30510e+01
 43 -0.08206 -1.29668e+01 | 44 -0.05779 -1.37473e+01 | 45 -0.01253 -1.59681e+01
 46 -0.09362 -6.24290e+00 | 47 -0.04176 -6.34613e+00 | 48 -0.16759 -1.19487e+00
 49 -0.13719 -4.96957e-01 | 50 -0.03302 -9.98722e-01 | 51 -0.07890 -6.15464e-01
 52 -0.09172 -5.27439e-01 | 53 -0.16135 -2.74915e-01 | 54 -0.13786 -2.31440e-01
 55 -0.11247 -3.59642e-01 | 56 -0.11025 -3.99914e-01 | 57 -0.06970 -6.46939e-01
 58 -0.07770 -7.51528e-01 | 59 -0.04585 -9.97186e-01 | 60 -0.07279 -9.01015e-01
 61 -0.11857 -5.76568e-01 | 62 -0.06173 -7.52682e-01 | 63 -0.06267 -7.70073e-01
 64 -0.11818 -3.45867e-01 | 65 -0.08662 -3.61151e-01 | 66 -0.08487 -3.37476e-01
 67 -0.09083 -3.21413e-01 | 68 -0.13091 -1.95343e-01 | 69 -0.10555 -1.35411e-01
 70 -0.09412 -2.53637e-01 | 71 -0.16669 -8.54269e-02 | 72 -0.16258 -5.56531e-03
 73 -0.11951  4.96780e-02 | 74 -0.09438  6.84252e-02 | 75 -0.09315  7.48038e-02
 76 -0.09542  6.44521e-02 | 77 -0.39459 -8.33599e+01 | 78 -0.23221  1.87380e+01
 79 -0.09179 -6.18497e+01 | 80  0.00827  5.82945e+01 | 81  1.02868  1.87272e-01
 82  0.90987  1.85951e-02 | 83 -0.28091  8.32076e-03 | 84 -0.52768 -3.42738e-03
84 variables; iteration 640; function evaluation 734; phase 3
Function value -8.6042457e+01; maximum gradient component mag -9.3481e+02
Var    Value     Gradient |Var    Value     Gradient |Var    Value     Gradient
  1  0.01650 -9.34810e+02 |  2 -0.00146 -7.71048e-01 |  3 -0.00178 -9.48071e-01
  4 -0.01777 -1.01095e+00 |  5 -0.01802 -1.19642e+00 |  6 -0.01850 -1.46079e+00
  7 -0.01871 -1.68491e+00 |  8 -0.01947 -2.06639e+00 |  9 -0.01980 -2.36969e+00
 10 -0.02065 -2.82266e+00 | 11 -0.02118 -3.24110e+00 | 12 -0.02183 -3.78576e+00
 13 -0.02318 -4.38908e+00 | 14 -0.02403 -4.81879e+00 | 15 -0.02567 -5.54299e+00
 16 -0.02636 -6.42432e+00 | 17 -0.02680 -7.17478e+00 | 18 -0.02809 -8.05871e+00
 19 -0.02920 -8.76199e+00 | 20 -0.03031 -9.54409e+00 | 21 -0.03101 -1.01135e+01
 22 -0.03188 -1.06819e+01 | 23 -0.03283 -1.17071e+01 | 24 -0.03095 -1.23408e+01
 25 -0.03257 -1.35090e+01 | 26 -0.03340 -1.46428e+01 | 27 -0.03622 -1.58368e+01
 28 -0.03725 -1.65241e+01 | 29 -0.03761 -1.73311e+01 | 30 -0.04667 -1.95037e+01
 31 -0.04292 -2.02711e+01 | 32 -0.04682 -2.28766e+01 | 33 -0.04085 -2.01616e+01
 34 -0.15689 -8.79844e+00 | 35 -0.20736 -5.76769e+00 | 36 -0.20457 -6.14880e+00
 37 -0.02148 -2.64882e+01 | 38 -0.01640 -2.48410e+01 | 39  0.07512 -4.37017e+01
 40 -0.18146 -5.00388e+00 | 41  0.00404 -1.70212e+01 | 42  0.05626 -1.92982e+01
 43 -0.08221 -5.59648e+00 | 44 -0.05797 -5.71314e+00 | 45 -0.01273 -6.22186e+00
 46 -0.09410 -2.31130e+00 | 47 -0.04177 -2.27111e+00 | 48 -0.16758 -3.67081e-01
 49 -0.13660 -1.35499e-01 | 50 -0.03288 -4.57290e-01 | 51 -0.07955 -2.83703e-01
 52 -0.09328 -2.27876e-01 | 53 -0.16246 -6.55128e-02 | 54 -0.13741 -1.06072e-01
 55 -0.11263 -1.33725e-01 | 56 -0.10958 -5.86446e-02 | 57 -0.06965 -8.80170e-02
 58 -0.07780 -5.17446e-02 | 59 -0.04556 -5.98548e-02 | 60 -0.07393 -2.81969e-02
 61 -0.11851 -2.74328e-03 | 62 -0.06087  1.51349e-02 | 63 -0.06384  2.34648e-02
 64 -0.11843  6.15084e-02 | 65 -0.08661  7.72848e-02 | 66 -0.08534  1.22717e-01
 67 -0.09180  1.60411e-01 | 68 -0.13189  1.02632e-01 | 69 -0.10480  2.51076e-01
 70 -0.09572  1.38983e-01 | 71 -0.16761  1.02144e-01 | 72 -0.16247  6.04349e-02
 73 -0.11941  3.75290e-02 | 74 -0.09496  1.81514e-02 | 75 -0.09386  1.29143e-02
 76 -0.09624 -2.62239e-03 | 77 -0.38386 -5.11272e+01 | 78 -0.19847  1.30568e+01
 79 -0.09361 -4.91224e+01 | 80  0.00777  4.40451e+01 | 81  1.02949  1.94976e-01
 82  0.93105  2.39979e-02 | 83 -0.31462 -3.37978e-01 | 84 -0.67930 -5.56586e-03
84 variables; iteration 660; function evaluation 754; phase 3
Function value -8.6089464e+01; maximum gradient component mag -2.2165e+02
Var    Value     Gradient |Var    Value     Gradient |Var    Value     Gradient
  1  0.01650 -2.21655e+02 |  2 -0.00147 -1.43863e-01 |  3 -0.00176 -1.81396e-01
  4 -0.01777 -1.97415e-01 |  5 -0.01809 -2.32676e-01 |  6 -0.01851 -2.90896e-01
  7 -0.01889 -3.32390e-01 |  8 -0.01938 -3.89847e-01 |  9 -0.01997 -4.59385e-01
 10 -0.02058 -5.25092e-01 | 11 -0.02129 -6.07987e-01 | 12 -0.02197 -7.35383e-01
 13 -0.02296 -8.18202e-01 | 14 -0.02443 -9.11409e-01 | 15 -0.02597 -1.07705e+00
 16 -0.02620 -1.23197e+00 | 17 -0.02711 -1.37396e+00 | 18 -0.02816 -1.55658e+00
 19 -0.02916 -1.65837e+00 | 20 -0.02993 -1.79659e+00 | 21 -0.03054 -1.90506e+00
 22 -0.03098 -1.96599e+00 | 23 -0.03175 -2.14891e+00 | 24 -0.03318 -2.51477e+00
 25 -0.03438 -2.70392e+00 | 26 -0.03631 -2.97177e+00 | 27 -0.03720 -2.95709e+00
 28 -0.03940 -3.06649e+00 | 29 -0.04214 -3.40374e+00 | 30 -0.04291 -3.70827e+00
 31 -0.04176 -3.92061e+00 | 32 -0.03277 -4.14075e+00 | 33 -0.04936 -3.97794e+00
 34 -0.15773 -1.66208e+00 | 35 -0.20818 -1.12993e+00 | 36 -0.20498 -1.26284e+00
 37 -0.02148 -5.99695e+00 | 38 -0.01678 -6.27762e+00 | 39  0.07500 -1.20256e+01
 40 -0.18145 -1.47738e+00 | 41  0.00398 -5.86329e+00 | 42  0.05609 -7.94193e+00
 43 -0.08235 -2.39172e+00 | 44 -0.05799 -2.52669e+00 | 45 -0.01292 -2.91675e+00
 46 -0.09429 -1.11603e+00 | 47 -0.04188 -1.09324e+00 | 48 -0.16779 -1.90825e-01
 49 -0.13675 -6.43015e-02 | 50 -0.03292 -1.20751e-01 | 51 -0.07984 -9.54520e-02
 52 -0.09366 -8.95935e-02 | 53 -0.16281 -4.05273e-02 | 54 -0.13737 -2.63747e-02
 55 -0.11275 -5.54300e-02 | 56 -0.10961 -5.28454e-02 | 57 -0.06970 -1.01031e-01
 58 -0.07801 -1.21152e-01 | 59 -0.04554 -1.48616e-01 | 60 -0.07437 -1.48783e-01
 61 -0.11857 -8.87862e-02 | 62 -0.06076 -1.38001e-01 | 63 -0.06422 -1.58641e-01
 64 -0.11861 -9.43656e-02 | 65 -0.08664 -9.75931e-02 | 66 -0.08550 -8.57302e-02
 67 -0.09214 -5.98336e-02 | 68 -0.13198 -1.88147e-02 | 69 -0.10489 -1.48007e-02
 70 -0.09601 -2.25865e-02 | 71 -0.16793  3.70692e-03 | 72 -0.16248  1.16050e-02
 73 -0.11940  1.65767e-02 | 74 -0.09510  1.82373e-02 | 75 -0.09403  1.08484e-02
 76 -0.09637  8.75705e-03 | 77 -0.38164 -1.98812e+01 | 78 -0.19214  3.46421e+00
 79 -0.09309 -1.20651e+01 | 80  0.00776  1.12617e+01 | 81  1.03380  6.72716e-02
 82  0.90689  2.17748e-04 | 83 -0.31957 -2.07029e+00 | 84 -0.92803 -2.76188e-02
84 variables; iteration 680; function evaluation 777; phase 3
Function value -8.6422824e+01; maximum gradient component mag 6.9445e+02
Var    Value     Gradient |Var    Value     Gradient |Var    Value     Gradient
  1  0.01615  6.94447e+02 |  2 -0.00160  4.19391e-01 |  3 -0.00165  5.70858e-01
  4 -0.01799  5.19203e-01 |  5 -0.01823  6.56428e-01 |  6 -0.01928  6.21135e-01
  7 -0.01983  7.47740e-01 |  8 -0.01959  1.12757e+00 |  9 -0.02062  1.21913e+00
 10 -0.02031  1.71676e+00 | 11 -0.02191  1.75186e+00 | 12 -0.02398  1.64147e+00
 13 -0.01962  3.46253e+00 | 14 -0.02416  2.97119e+00 | 15 -0.02990  2.11058e+00
 16 -0.02647  3.60896e+00 | 17 -0.02518  4.79948e+00 | 18 -0.03128  3.74083e+00
 19 -0.02872  5.28690e+00 | 20 -0.02795  6.22904e+00 | 21 -0.03254  5.35293e+00
 22 -0.03260  5.84102e+00 | 23 -0.03335  6.45283e+00 | 24 -0.02548  9.90913e+00
 25 -0.03408  8.17543e+00 | 26 -0.03612  8.89103e+00 | 27 -0.04397  7.48246e+00
 28 -0.04575  8.08300e+00 | 29 -0.03386  1.33160e+01 | 30 -0.03450  1.42020e+01
 31 -0.02303  1.85309e+01 | 32 -0.06157  4.22545e+00 | 33 -0.04566  1.29807e+01
 34 -0.15572  6.93887e+00 | 35 -0.20901  3.55929e+00 | 36 -0.20377  4.75144e+00
 37 -0.02118  1.84969e+01 | 38 -0.01662  1.89823e+01 | 39  0.07561  4.06250e+01
 40 -0.17984  5.50957e+00 | 41  0.00414  1.91148e+01 | 42  0.05578  2.24123e+01
 43 -0.08262  7.04258e+00 | 44 -0.05805  7.47716e+00 | 45 -0.01386  8.05428e+00
 46 -0.09548  3.21878e+00 | 47 -0.04227  3.34820e+00 | 48 -0.16871  3.49323e-01
 49 -0.13536 -4.95976e-03 | 50 -0.03242  7.45352e-01 | 51 -0.08146  1.52836e-01
 52 -0.10074  3.02899e-01 | 53 -0.16501  2.05501e-01 | 54 -0.13721  4.61123e-01
 55 -0.11211  7.08296e-01 | 56 -0.10792  2.69499e-01 | 57 -0.06936  6.57735e-01
 58 -0.07822  4.25482e-01 | 59 -0.04474  6.84889e-01 | 60 -0.07854  4.25487e-01
 61 -0.11766  3.07193e-01 | 62 -0.05862  3.00808e-01 | 63 -0.06751  6.52819e-01
 64 -0.11946  1.32636e-01 | 65 -0.08703  6.10131e-02 | 66 -0.08600 -5.91269e-02
 67 -0.09715  2.62014e-02 | 68 -0.13226  2.93677e-01 | 69 -0.10464 -8.50177e-01
 70 -0.10071  2.57145e-01 | 71 -0.17100  8.71580e-02 | 72 -0.16222  9.88225e-02
 73 -0.11905  5.58371e-02 | 74 -0.09708  1.66025e-02 | 75 -0.09662 -5.34802e-02
 76 -0.09893  5.04506e-02 | 77 -0.33554  1.14154e+01 | 78 -0.08984 -1.18210e+01
 79 -0.09083  3.92908e+01 | 80  0.00857 -3.67982e+01 | 81  1.02621 -1.27826e-01
 82  0.77026 -1.38544e-01 | 83 -0.24842 -6.53284e-01 | 84 -0.26890  3.17514e-01
84 variables; iteration 700; function evaluation 803; phase 3
Function value -8.6789084e+01; maximum gradient component mag -7.5736e+01
Var    Value     Gradient |Var    Value     Gradient |Var    Value     Gradient
  1  0.01616 -7.57358e+01 |  2 -0.00148  2.23570e-01 |  3 -0.00177  2.63277e-01
  4 -0.01779  2.77957e-01 |  5 -0.01810  3.40004e-01 |  6 -0.01844  4.17702e-01
  7 -0.01873  5.32408e-01 |  8 -0.01956  5.39963e-01 |  9 -0.02000  6.85306e-01
 10 -0.02059  8.22886e-01 | 11 -0.02172  8.52713e-01 | 12 -0.02197  1.09629e+00
 13 -0.02325  1.20092e+00 | 14 -0.02493  1.34178e+00 | 15 -0.02607  1.61085e+00
 16 -0.02622  1.85126e+00 | 17 -0.02686  2.20695e+00 | 18 -0.02832  2.30918e+00
 19 -0.02890  2.68768e+00 | 20 -0.02942  2.99744e+00 | 21 -0.03067  3.00494e+00
 22 -0.03125  3.18655e+00 | 23 -0.03183  3.55812e+00 | 24 -0.03250  3.90236e+00
 25 -0.03291  4.46438e+00 | 26 -0.03291  5.30906e+00 | 27 -0.03462  5.53510e+00
 28 -0.03753  5.63092e+00 | 29 -0.03995  5.84491e+00 | 30 -0.05545  1.72509e+00
 31 -0.05052  3.07859e+00 | 32 -0.01196  1.22072e+01 | 33 -0.05909  4.18965e+00
 34 -0.15882  2.48918e+00 | 35 -0.20959  1.41013e+00 | 36 -0.20540  7.08349e-01
 37 -0.02023 -4.68746e-01 | 38 -0.01795 -6.69131e+00 | 39  0.07574 -2.39509e+01
 40 -0.17996 -3.51735e+00 | 41  0.00390 -1.76781e+01 | 42  0.05524 -2.80639e+01
 43 -0.08284 -8.35273e+00 | 44 -0.05885 -8.87900e+00 | 45 -0.01451 -1.05098e+01
 46 -0.09682 -4.31137e+00 | 47 -0.04288 -4.49937e+00 | 48 -0.16852 -9.34515e-01
 49 -0.13267 -2.81873e-01 | 50 -0.03362 -2.40070e-01 | 51 -0.08304 -1.35938e-01
 52 -0.10630 -6.91906e-02 | 53 -0.16769 -1.53575e-01 | 54 -0.13655 -1.86416e-01
 55 -0.11303 -2.64523e-01 | 56 -0.10599 -3.33829e-01 | 57 -0.06971 -3.34325e-01
 58 -0.07842 -4.58625e-01 | 59 -0.04470 -6.99774e-01 | 60 -0.08208 -6.58658e-01
 61 -0.11796 -4.94147e-01 | 62 -0.05625 -5.80206e-01 | 63 -0.07191 -3.66448e-01
 64 -0.12001 -2.78061e-01 | 65 -0.08732 -4.22059e-01 | 66 -0.08766 -5.89634e-01
 67 -0.10089 -5.87342e-01 | 68 -0.13617 -5.29490e-01 | 69 -0.10193 -5.05259e-01
 70 -0.10726 -4.42724e-01 | 71 -0.17376 -2.29590e-01 | 72 -0.16260 -1.19796e-01
 73 -0.11999 -3.46692e-02 | 74 -0.09992 -1.07463e-03 | 75 -0.09941  3.02408e-02
 76 -0.10239  7.67083e-02 | 77 -0.31209 -2.25653e+01 | 78 -0.05939  6.14683e+00
 79 -0.09595 -7.70757e+00 | 80  0.00595  1.07983e+01 | 81  1.10849  1.79009e-01
 82  0.94546  2.29788e-02 | 83 -0.23097  2.46767e+00 | 84 -0.23401  3.66166e-01
84 variables; iteration 720; function evaluation 825; phase 3
Function value -8.7115679e+01; maximum gradient component mag -5.6731e+02
Var    Value     Gradient |Var    Value     Gradient |Var    Value     Gradient
  1  0.01562 -5.67312e+02 |  2 -0.00141 -4.07709e-01 |  3 -0.00152 -4.62007e-01
  4 -0.01790 -5.91068e-01 |  5 -0.01829 -7.19239e-01 |  6 -0.01860 -8.35637e-01
  7 -0.01913 -1.01594e+00 |  8 -0.01919 -1.08557e+00 |  9 -0.01981 -1.29226e+00
 10 -0.02038 -1.49880e+00 | 11 -0.02150 -1.85506e+00 | 12 -0.02205 -2.13294e+00
 13 -0.02324 -2.46668e+00 | 14 -0.02469 -2.77501e+00 | 15 -0.02581 -3.08170e+00
 16 -0.02590 -3.48349e+00 | 17 -0.02670 -3.93933e+00 | 18 -0.02812 -4.49003e+00
 19 -0.02942 -4.94027e+00 | 20 -0.02975 -5.24888e+00 | 21 -0.03048 -5.60473e+00
 22 -0.03081 -5.85353e+00 | 23 -0.03123 -6.33625e+00 | 24 -0.03285 -7.09356e+00
 25 -0.03422 -7.68606e+00 | 26 -0.03627 -8.37269e+00 | 27 -0.03711 -8.63574e+00
 28 -0.04086 -9.06348e+00 | 29 -0.04649 -1.01086e+01 | 30 -0.05492 -1.24059e+01
 31 -0.04416 -1.15508e+01 | 32  0.01053 -7.19388e+00 | 33 -0.08097 -1.37634e+01
 34 -0.16224 -4.94126e+00 | 35 -0.21297 -3.18843e+00 | 36 -0.20612 -3.35396e+00
 37 -0.01799 -1.52736e+01 | 38 -0.02194 -1.48269e+01 | 39  0.07662 -2.47061e+01
 40 -0.17817 -2.70560e+00 | 41  0.00430 -1.16212e+01 | 42  0.05392 -1.64533e+01
 43 -0.08314 -5.23316e+00 | 44 -0.05910 -5.80340e+00 | 45 -0.01642 -7.17053e+00
 46 -0.09929 -2.82831e+00 | 47 -0.04355 -3.05231e+00 | 48 -0.16871 -6.28688e-01
 49 -0.12838 -1.64310e-01 | 50 -0.03429  3.31134e-02 | 51 -0.09043 -2.27520e-01
 52 -0.11857 -3.71646e-01 | 53 -0.17442 -2.85178e-01 | 54 -0.13139 -2.32407e-01
 55 -0.11452 -3.23536e-01 | 56 -0.10109 -3.63009e-01 | 57 -0.06979 -5.95186e-01
 58 -0.07900 -5.63643e-01 | 59 -0.04445 -4.94472e-01 | 60 -0.09175 -3.95165e-01
 61 -0.11620 -1.72882e-01 | 62 -0.05089  7.38296e-02 | 63 -0.08350 -2.09194e-05
 64 -0.12137 -3.38478e-02 | 65 -0.08656  8.51438e-02 | 66 -0.09308  1.59879e-01
 67 -0.11020  2.14199e-01 | 68 -0.14060  2.57134e-01 | 69 -0.09967  1.47701e-01
 70 -0.12221  1.92191e-01 | 71 -0.18042  1.43246e-01 | 72 -0.16124  1.19448e-01
 73 -0.12115  7.97249e-02 | 74 -0.10536  4.10205e-02 | 75 -0.10616  5.31964e-03
 76 -0.11026  2.84533e-02 | 77 -0.26506 -2.32307e+01 | 78 -0.02196  8.66256e+00
 79 -0.10163 -3.03024e+01 | 80  0.00459  2.74870e+01 | 81  1.00679 -2.39463e-01
 82  0.87338 -6.39226e-03 | 83 -0.23288 -8.39442e-01 | 84 -0.37460 -4.01803e-03
84 variables; iteration 740; function evaluation 851; phase 3
Function value -8.7568641e+01; maximum gradient component mag -1.5447e+03
Var    Value     Gradient |Var    Value     Gradient |Var    Value     Gradient
  1  0.01611 -1.54468e+03 |  2 -0.00146 -1.27463e+00 |  3 -0.00162 -1.52229e+00
  4 -0.01771 -1.64875e+00 |  5 -0.01788 -1.94572e+00 |  6 -0.01856 -2.40890e+00
  7 -0.01935 -2.94618e+00 |  8 -0.01854 -3.17356e+00 |  9 -0.02122 -4.23790e+00
 10 -0.01972 -4.43447e+00 | 11 -0.01947 -4.99921e+00 | 12 -0.02294 -6.47408e+00
 13 -0.01953 -6.45619e+00 | 14 -0.02331 -7.87399e+00 | 15 -0.02591 -9.20681e+00
 16 -0.02572 -1.04232e+01 | 17 -0.02574 -1.17375e+01 | 18 -0.02791 -1.32874e+01
 19 -0.02721 -1.42267e+01 | 20 -0.02855 -1.55605e+01 | 21 -0.02981 -1.66576e+01
 22 -0.03000 -1.75577e+01 | 23 -0.03123 -1.93050e+01 | 24 -0.03253 -2.10803e+01
 25 -0.03488 -2.29143e+01 | 26 -0.03748 -2.49496e+01 | 27 -0.03377 -2.62539e+01
 28 -0.03489 -2.75175e+01 | 29 -0.04893 -2.95712e+01 | 30 -0.03568 -3.16318e+01
 31 -0.04765 -3.35964e+01 | 32 -0.02676 -3.78059e+01 | 33 -0.05494 -3.33923e+01
 34 -0.15701 -1.41235e+01 | 35 -0.21141 -9.65791e+00 | 36 -0.20562 -1.08146e+01
 37 -0.01973 -4.66492e+01 | 38 -0.02315 -3.87142e+01 | 39  0.07675 -6.81661e+01
 40 -0.17895 -8.37510e+00 | 41  0.00376 -2.82323e+01 | 42  0.05295 -3.46753e+01
 43 -0.08463 -1.15405e+01 | 44 -0.06002 -1.18414e+01 | 45 -0.01765 -1.28194e+01
 46 -0.10089 -4.71768e+00 | 47 -0.04368 -4.93925e+00 | 48 -0.16784 -8.03852e-01
 49 -0.12360 -3.47860e-01 | 50 -0.03721 -1.03941e+00 | 51 -0.09475 -4.96327e-01
 52 -0.12763 -2.76441e-01 | 53 -0.17867 -3.78146e-01 | 54 -0.12905 -1.14232e-01
 55 -0.11381  2.12435e-01 | 56 -0.09893  1.98869e-01 | 57 -0.06990  6.72726e-01
 58 -0.07948  5.68990e-01 | 59 -0.04516  1.06078e+00 | 60 -0.09720  3.31027e-01
 61 -0.11492  5.64908e-01 | 62 -0.04907  1.76132e+00 | 63 -0.09044  1.00182e+00
 64 -0.12247  8.55836e-01 | 65 -0.08651  1.41016e+00 | 66 -0.09782  8.17981e-01
 67 -0.11737  4.80013e-01 | 68 -0.14427  4.32160e-01 | 69 -0.09940  1.25408e+00
 70 -0.13304  3.37705e-01 | 71 -0.18513 -2.74254e-02 | 72 -0.16132  1.34075e-01
 73 -0.12396  9.01006e-02 | 74 -0.11097  2.52984e-02 | 75 -0.11270 -5.64638e-03
 76 -0.11777  8.33246e-03 | 77 -0.23060 -3.93674e+01 | 78  0.00272  2.86054e+01
 79 -0.12992 -8.50663e+01 | 80 -0.01399  6.37554e+01 | 81  0.91236 -1.12480e+00
 82  1.02129 -9.29387e-02 | 83 -0.23241  9.91174e+00 | 84 -1.29730  8.55649e-03
84 variables; iteration 760; function evaluation 871; phase 3
Function value -8.7635920e+01; maximum gradient component mag 1.2030e+02
Var    Value     Gradient |Var    Value     Gradient |Var    Value     Gradient
  1  0.01589  1.20303e+02 |  2 -0.00130  8.98833e-02 |  3 -0.00154  1.07032e-01
  4 -0.01755  1.08181e-01 |  5 -0.01788  1.23027e-01 |  6 -0.01820  1.53504e-01
  7 -0.01859  1.83257e-01 |  8 -0.01892  2.49864e-01 |  9 -0.01943  2.97606e-01
 10 -0.02008  3.32446e-01 | 11 -0.02085  3.60540e-01 | 12 -0.02142  4.06728e-01
 13 -0.02229  5.06065e-01 | 14 -0.02388  5.52466e-01 | 15 -0.02515  6.45139e-01
 16 -0.02524  7.30989e-01 | 17 -0.02601  8.59390e-01 | 18 -0.02719  8.96351e-01
 19 -0.02809  1.03546e+00 | 20 -0.02889  1.11870e+00 | 21 -0.02965  1.16203e+00
 22 -0.03027  1.24003e+00 | 23 -0.03093  1.39655e+00 | 24 -0.03180  1.48637e+00
 25 -0.03310  1.61770e+00 | 26 -0.03501  1.74648e+00 | 27 -0.03673  1.90713e+00
 28 -0.03939  1.96871e+00 | 29 -0.04200  1.99742e+00 | 30 -0.04302  2.04830e+00
 31 -0.04168  2.13165e+00 | 32 -0.02861  3.65120e+00 | 33 -0.05534  1.97805e+00
 34 -0.15942  1.03423e+00 | 35 -0.21178  6.34980e-01 | 36 -0.20567  7.72155e-01
 37 -0.01910  3.39550e+00 | 38 -0.02320  3.06064e+00 | 39  0.07695  5.97697e+00
 40 -0.17870  7.00494e-01 | 41  0.00383  2.71692e+00 | 42  0.05286  3.72673e+00
 43 -0.08448  1.14248e+00 | 44 -0.06024  1.18584e+00 | 45 -0.01805  1.43713e+00
 46 -0.10171  5.87066e-01 | 47 -0.04411  6.19067e-01 | 48 -0.16836  1.65457e-01
 49 -0.12277  1.21505e-01 | 50 -0.03849  1.25361e-01 | 51 -0.09640  8.81841e-02
 52 -0.13062  4.48026e-02 | 53 -0.17846  2.87260e-02 | 54 -0.12885  3.96568e-02
 55 -0.11463  2.65008e-02 | 56 -0.09772  6.10876e-02 | 57 -0.07068 -9.47728e-03
 58 -0.07874 -4.01149e-02 | 59 -0.04652 -5.87034e-02 | 60 -0.09839 -8.63419e-02
 61 -0.11393 -4.64666e-02 | 62 -0.04919 -9.75364e-02 | 63 -0.09265 -2.30314e-01
 64 -0.12239 -8.64443e-02 | 65 -0.08717 -8.84936e-02 | 66 -0.09875 -1.04127e-01
 67 -0.11946 -1.21796e-01 | 68 -0.14390 -6.87816e-02 | 69 -0.10052 -8.65604e-02
 70 -0.13583 -9.32745e-02 | 71 -0.18576 -3.48087e-02 | 72 -0.16121 -3.73775e-02
 73 -0.12497 -3.00370e-02 | 74 -0.11242  5.60372e-03 | 75 -0.11425 -2.68899e-04
 76 -0.11967 -4.09259e-03 | 77 -0.21873  3.37499e+00 | 78  0.01146 -2.20815e+00
 79 -0.12118  6.77207e+00 | 80 -0.00577 -6.18333e+00 | 81  0.94203 -5.08686e-02
 82  1.09990  1.20946e-02 | 83 -0.23250 -8.32823e-02 | 84 -1.42227  4.02120e-03
84 variables; iteration 780; function evaluation 891; phase 3
Function value -8.7639544e+01; maximum gradient component mag 7.2386e+01
Var    Value     Gradient |Var    Value     Gradient |Var    Value     Gradient
  1  0.01585  7.23856e+01 |  2 -0.00134  1.54126e-02 |  3 -0.00154  2.91090e-02
  4 -0.01754  2.82131e-02 |  5 -0.01784  3.13277e-02 |  6 -0.01810  5.68415e-02
  7 -0.01856  4.68106e-02 |  8 -0.01888  9.04300e-02 |  9 -0.01950  7.76531e-02
 10 -0.02020  6.62623e-02 | 11 -0.02071  1.21794e-01 | 12 -0.02143  8.49052e-02
 13 -0.02212  1.84514e-01 | 14 -0.02383  1.51888e-01 | 15 -0.02501  2.11562e-01
 16 -0.02518  2.11325e-01 | 17 -0.02606  2.34303e-01 | 18 -0.02704  2.54526e-01
 19 -0.02810  2.88093e-01 | 20 -0.02895  2.93698e-01 | 21 -0.02957  3.24056e-01
 22 -0.03030  3.22473e-01 | 23 -0.03086  4.17283e-01 | 24 -0.03193  3.66860e-01
 25 -0.03302  4.64923e-01 | 26 -0.03484  5.23703e-01 | 27 -0.03652  6.09123e-01
 28 -0.03904  6.41650e-01 | 29 -0.04190  5.34024e-01 | 30 -0.04200  7.56958e-01
 31 -0.04243  3.33839e-01 | 32 -0.03122  1.23844e+00 | 33 -0.05385  7.95282e-01
 34 -0.15931  3.90265e-01 | 35 -0.21160  2.31296e-01 | 36 -0.20571  3.10929e-01
 37 -0.01902  1.95245e+00 | 38 -0.02295  2.34128e+00 | 39  0.07703  4.81374e+00
 40 -0.17873  6.04751e-01 | 41  0.00388  2.73901e+00 | 42  0.05297  4.05461e+00
 43 -0.08450  1.24239e+00 | 44 -0.06019  1.33863e+00 | 45 -0.01800  1.61890e+00
 46 -0.10175  6.26775e-01 | 47 -0.04410  6.81948e-01 | 48 -0.16847  1.40335e-01
 49 -0.12298  9.12260e-02 | 50 -0.03835  1.46157e-01 | 51 -0.09641  7.91163e-02
 52 -0.13040  9.48295e-02 | 53 -0.17830  7.18932e-02 | 54 -0.12901  3.55971e-02
 55 -0.11458  8.79841e-02 | 56 -0.09786  8.87813e-02 | 57 -0.07062  1.81758e-01
 58 -0.07859  2.06955e-01 | 59 -0.04667  2.44212e-01 | 60 -0.09806  2.72594e-01
 61 -0.11398  1.53149e-01 | 62 -0.04942  2.51269e-01 | 63 -0.09210  2.89017e-01
 64 -0.12251  1.50519e-01 | 65 -0.08717  1.46328e-01 | 66 -0.09868  1.20944e-01
 67 -0.11925  1.09425e-01 | 68 -0.14384  5.23126e-02 | 69 -0.10055  5.60293e-02
 70 -0.13558  8.07662e-02 | 71 -0.18570  2.53947e-02 | 72 -0.16118 -9.73513e-03
 73 -0.12488 -1.54789e-02 | 74 -0.11235 -2.03888e-02 | 75 -0.11413 -2.03972e-02
 76 -0.11950 -1.64008e-02 | 77 -0.21906  2.86455e+00 | 78  0.01138 -1.74694e+00
 79 -0.11901  4.38522e+00 | 80 -0.00372 -3.86350e+00 | 81  0.97336  2.30024e-02
 82  1.05675 -1.86283e-02 | 83 -0.23244  2.29343e+00 | 84 -1.43633  4.33008e-03
84 variables; iteration 800; function evaluation 911; phase 3
Function value -8.7641579e+01; maximum gradient component mag -1.0817e+02
Var    Value     Gradient |Var    Value     Gradient |Var    Value     Gradient
  1  0.01586 -1.08165e+02 |  2 -0.00132 -7.84937e-02 |  3 -0.00153 -8.65194e-02
  4 -0.01755 -1.00087e-01 |  5 -0.01785 -1.24025e-01 |  6 -0.01813 -1.33235e-01
  7 -0.01857 -1.74270e-01 |  8 -0.01888 -1.70099e-01 |  9 -0.01949 -2.25198e-01
 10 -0.02012 -2.72335e-01 | 11 -0.02081 -3.22325e-01 | 12 -0.02140 -3.94332e-01
 13 -0.02222 -3.99781e-01 | 14 -0.02381 -4.79395e-01 | 15 -0.02511 -5.36991e-01
 16 -0.02521 -6.19509e-01 | 17 -0.02600 -6.92217e-01 | 18 -0.02714 -8.21840e-01
 19 -0.02808 -8.57956e-01 | 20 -0.02890 -9.45995e-01 | 21 -0.02963 -1.03042e+00
 22 -0.03024 -1.08146e+00 | 23 -0.03096 -1.16954e+00 | 24 -0.03174 -1.28653e+00
 25 -0.03306 -1.39330e+00 | 26 -0.03498 -1.52731e+00 | 27 -0.03678 -1.60413e+00
 28 -0.03931 -1.68909e+00 | 29 -0.04174 -1.84535e+00 | 30 -0.04194 -1.87295e+00
 31 -0.04062 -2.08006e+00 | 32 -0.03313 -2.41628e+00 | 33 -0.05327 -2.02698e+00
 34 -0.15930 -9.05335e-01 | 35 -0.21156 -6.49568e-01 | 36 -0.20563 -7.02056e-01
 37 -0.01900 -3.05510e+00 | 38 -0.02304 -2.74249e+00 | 39  0.07700 -5.86510e+00
 40 -0.17874 -7.25274e-01 | 41  0.00386 -2.58544e+00 | 42  0.05296 -3.12672e+00
 43 -0.08447 -9.39788e-01 | 44 -0.06017 -9.62508e-01 | 45 -0.01798 -1.03948e+00
 46 -0.10166 -4.09656e-01 | 47 -0.04409 -4.31669e-01 | 48 -0.16845 -8.17979e-02
 49 -0.12320 -4.80263e-02 | 50 -0.03825 -1.23032e-01 | 51 -0.09613 -4.50449e-02
 52 -0.12991 -1.34142e-02 | 53 -0.17829  1.14440e-03 | 54 -0.12901 -2.90237e-02
 55 -0.11467 -3.73018e-02 | 56 -0.09797 -3.99266e-02 | 57 -0.07061 -4.77194e-02
 58 -0.07870 -2.76211e-02 | 59 -0.04648 -4.97433e-02 | 60 -0.09796 -1.96720e-03
 61 -0.11408 -1.49108e-02 | 62 -0.04938 -3.68786e-02 | 63 -0.09196 -4.50911e-02
 64 -0.12245 -3.47491e-02 | 65 -0.08713 -4.55533e-02 | 66 -0.09849 -5.02571e-02
 67 -0.11890 -3.54190e-02 | 68 -0.14382 -2.18600e-02 | 69 -0.10044 -1.14048e-02
 70 -0.13509 -5.42800e-03 | 71 -0.18554 -1.60866e-03 | 72 -0.16118 -1.28832e-02
 73 -0.12474 -1.07243e-02 | 74 -0.11205  3.58676e-03 | 75 -0.11379  4.53965e-03
 76 -0.11912  4.82370e-03 | 77 -0.22125 -2.78405e+00 | 78  0.00974  2.31597e+00
 79 -0.11889 -6.20025e+00 | 80 -0.00386  5.24973e+00 | 81  0.96881 -3.00966e-02
 82  1.07876 -4.77661e-03 | 83 -0.23246  6.73062e-01 | 84 -1.52256  3.02690e-03

 - final statistics:
84 variables; iteration 820; function evaluation 935
Function value -8.7642e+01; maximum gradient component mag -3.1090e-05
Exit code = 1;  converg criter 1.0000e-04
Var    Value     Gradient |Var    Value     Gradient |Var    Value     Gradient
  1  0.01586 -3.10900e-05 |  2 -0.00131  2.08425e-08 |  3 -0.00154  1.51080e-09
  4 -0.01753  1.32331e-08 |  5 -0.01782  2.21596e-08 |  6 -0.01815 -1.09821e-08
  7 -0.01854  1.73358e-08 |  8 -0.01899  1.73476e-08 |  9 -0.01952  1.86160e-07
 10 -0.02012  5.73639e-08 | 11 -0.02079  4.27781e-08 | 12 -0.02130 -4.03480e-08
 13 -0.02231  1.26779e-07 | 14 -0.02382 -5.92536e-09 | 15 -0.02515  2.71326e-08
 16 -0.02522 -6.38184e-08 | 17 -0.02608 -3.91168e-08 | 18 -0.02704 -8.97503e-08
 19 -0.02813 -1.24861e-07 | 20 -0.02891 -1.17918e-08 | 21 -0.02956 -2.45162e-08
 22 -0.03021 -1.58579e-07 | 23 -0.03099  1.17094e-07 | 24 -0.03174  1.44735e-07
 25 -0.03306  5.12840e-08 | 26 -0.03494 -7.70491e-08 | 27 -0.03682 -8.53059e-08
 28 -0.03934  1.35797e-08 | 29 -0.04158 -4.73777e-08 | 30 -0.04227  4.00826e-07
 31 -0.04067  1.80569e-07 | 32 -0.03264  4.33176e-07 | 33 -0.05349  2.70674e-07
 34 -0.15934  4.69596e-07 | 35 -0.21151  4.71678e-07 | 36 -0.20562  7.81298e-08
 37 -0.01899  1.10460e-06 | 38 -0.02306  1.33991e-06 | 39  0.07701  1.43529e-06
 40 -0.17871  7.38800e-08 | 41  0.00386 -6.70994e-07 | 42  0.05296 -3.19027e-06
 43 -0.08446 -1.13317e-06 | 44 -0.06015 -1.24078e-06 | 45 -0.01798 -1.88571e-06
 46 -0.10162 -8.24043e-07 | 47 -0.04408 -6.15967e-07 | 48 -0.16846 -7.01885e-08
 49 -0.12330 -1.30759e-07 | 50 -0.03817  5.55016e-07 | 51 -0.09612 -5.24376e-08
 52 -0.12985 -1.96261e-07 | 53 -0.17830 -1.59176e-07 | 54 -0.12900 -2.23386e-07
 55 -0.11466 -3.09354e-07 | 56 -0.09799 -5.43633e-07 | 57 -0.07059 -9.39391e-07
 58 -0.07874 -1.13900e-06 | 59 -0.04643 -1.62645e-06 | 60 -0.09798 -1.12532e-06
 61 -0.11408 -1.03121e-06 | 62 -0.04940 -1.50532e-06 | 63 -0.09189 -1.02876e-06
 64 -0.12244 -7.36875e-07 | 65 -0.08714 -7.05143e-07 | 66 -0.09844 -6.41476e-07
 67 -0.11884 -4.49700e-07 | 68 -0.14380 -1.23673e-07 | 69 -0.10043 -4.35735e-07
 70 -0.13502 -3.76888e-08 | 71 -0.18552  2.88714e-08 | 72 -0.16116  1.54184e-07
 73 -0.12467  1.90025e-07 | 74 -0.11200  3.97338e-08 | 75 -0.11373 -1.01144e-08
 76 -0.11905  5.06799e-08 | 77 -0.22152 -1.54622e-06 | 78  0.00956  1.17558e-06
 79 -0.11878 -1.97843e-06 | 80 -0.00381  1.42273e-06 | 81  0.97056  1.20859e-08
 82  1.08348  7.16132e-10 | 83 -0.23250 -1.92102e-06 | 84 -1.71674 -3.98318e-09
Warning: the following parameters had issues
  selparm[13] is within 0.1% of upper bound: 2.00000e+01 < 7.49706e+01 < 7.50000e+01
  selparm[15] is within 1% of upper bound: -4.00000e+00 < 1.19313e+01 < 1.20000e+01


 - final statistics:
85 variables; iteration 0; function evaluation 0
Function value -8.7642e+01; maximum gradient component mag -3.1089e-05
Exit code = 0;  converg criter 1.0000e-04
Var    Value     Gradient |Var    Value     Gradient |Var    Value     Gradient
  1  0.01586 -3.10895e-05 |  2 -0.00131  2.08429e-08 |  3 -0.00154  1.51123e-09
  4 -0.01753  1.32336e-08 |  5 -0.01782  2.21601e-08 |  6 -0.01815 -1.09814e-08
  7 -0.01854  1.73366e-08 |  8 -0.01899  1.73485e-08 |  9 -0.01952  1.86161e-07
 10 -0.02012  5.73652e-08 | 11 -0.02079  4.27797e-08 | 12 -0.02130 -4.03462e-08
 13 -0.02231  1.26781e-07 | 14 -0.02382 -5.92304e-09 | 15 -0.02515  2.71352e-08
 16 -0.02522 -6.38154e-08 | 17 -0.02608 -3.91133e-08 | 18 -0.02704 -8.97465e-08
 19 -0.02813 -1.24857e-07 | 20 -0.02891 -1.17872e-08 | 21 -0.02956 -2.45113e-08
 22 -0.03021 -1.58574e-07 | 23 -0.03099  1.17100e-07 | 24 -0.03174  1.44741e-07
 25 -0.03306  5.12908e-08 | 26 -0.03494 -7.70418e-08 | 27 -0.03682 -8.52980e-08
 28 -0.03934  1.35879e-08 | 29 -0.04158 -4.73690e-08 | 30 -0.04227  4.00835e-07
 31 -0.04067  1.80579e-07 | 32 -0.03264  4.33187e-07 | 33 -0.05349  2.70685e-07
 34 -0.15934  4.69601e-07 | 35 -0.21151  4.71681e-07 | 36 -0.20562  7.81332e-08
 37 -0.01899  1.10462e-06 | 38 -0.02306  1.33992e-06 | 39  0.07701  1.43532e-06
 40 -0.17871  7.38835e-08 | 41  0.00386 -6.70985e-07 | 42  0.05296 -3.19026e-06
 43 -0.08446 -1.13316e-06 | 44 -0.06015 -1.24077e-06 | 45 -0.01798 -1.88570e-06
 46 -0.10162 -8.24040e-07 | 47 -0.04408 -6.15965e-07 | 48 -0.16846 -7.01878e-08
 49 -0.12330 -1.30759e-07 | 50 -0.03817  5.55016e-07 | 51 -0.09612 -5.24375e-08
 52 -0.12985 -1.96260e-07 | 53 -0.17830 -1.59176e-07 | 54 -0.12900 -2.23386e-07
 55 -0.11466 -3.09353e-07 | 56 -0.09799 -5.43632e-07 | 57 -0.07059 -9.39391e-07
 58 -0.07874 -1.13900e-06 | 59 -0.04643 -1.62645e-06 | 60 -0.09798 -1.12532e-06
 61 -0.11408 -1.03121e-06 | 62 -0.04940 -1.50532e-06 | 63 -0.09189 -1.02876e-06
 64 -0.12244 -7.36874e-07 | 65 -0.08714 -7.05142e-07 | 66 -0.09844 -6.41475e-07
 67 -0.11884 -4.49700e-07 | 68 -0.14380 -1.23673e-07 | 69 -0.10043 -4.35735e-07
 70 -0.13502 -3.76891e-08 | 71 -0.18552  2.88712e-08 | 72 -0.16116  1.54184e-07
 73 -0.12467  1.90025e-07 | 74 -0.11200  3.97338e-08 | 75 -0.11373 -1.01144e-08
 76 -0.11905  5.06799e-08 | 77  0.00000  0.00000e+00 | 78 -0.22152 -1.54621e-06
 79  0.00956  1.17557e-06 | 80 -0.11878 -1.97839e-06 | 81 -0.00381  1.42271e-06
 82  0.97056  1.20860e-08 | 83  0.91652 -7.16146e-10 | 84 -0.23250 -1.92101e-06
 85 -0.28326  3.98318e-09 |
Estimating row 1 out of 85 for hessian
Estimating row 2 out of 85 for hessian
Estimating row 3 out of 85 for hessian
Estimating row 4 out of 85 for hessian
Estimating row 5 out of 85 for hessian
Estimating row 6 out of 85 for hessian
Estimating row 7 out of 85 for hessian
Estimating row 8 out of 85 for hessian
Estimating row 9 out of 85 for hessian
Estimating row 10 out of 85 for hessian
Estimating row 11 out of 85 for hessian
Estimating row 12 out of 85 for hessian
Estimating row 13 out of 85 for hessian
Estimating row 14 out of 85 for hessian
Estimating row 15 out of 85 for hessian
Estimating row 16 out of 85 for hessian
Estimating row 17 out of 85 for hessian
Estimating row 18 out of 85 for hessian
Estimating row 19 out of 85 for hessian
Estimating row 20 out of 85 for hessian
Estimating row 21 out of 85 for hessian
Estimating row 22 out of 85 for hessian
Estimating row 23 out of 85 for hessian
Estimating row 24 out of 85 for hessian
Estimating row 25 out of 85 for hessian
Estimating row 26 out of 85 for hessian
Estimating row 27 out of 85 for hessian
Estimating row 28 out of 85 for hessian
Estimating row 29 out of 85 for hessian
Estimating row 30 out of 85 for hessian
Estimating row 31 out of 85 for hessian
Estimating row 32 out of 85 for hessian
Estimating row 33 out of 85 for hessian
Estimating row 34 out of 85 for hessian
Estimating row 35 out of 85 for hessian
Estimating row 36 out of 85 for hessian
Estimating row 37 out of 85 for hessian
Estimating row 38 out of 85 for hessian
Estimating row 39 out of 85 for hessian
Estimating row 40 out of 85 for hessian
Estimating row 41 out of 85 for hessian
Estimating row 42 out of 85 for hessian
Estimating row 43 out of 85 for hessian
Estimating row 44 out of 85 for hessian
Estimating row 45 out of 85 for hessian
Estimating row 46 out of 85 for hessian
Estimating row 47 out of 85 for hessian
Estimating row 48 out of 85 for hessian
Estimating row 49 out of 85 for hessian
Estimating row 50 out of 85 for hessian
Estimating row 51 out of 85 for hessian
Estimating row 52 out of 85 for hessian
Estimating row 53 out of 85 for hessian
Estimating row 54 out of 85 for hessian
Estimating row 55 out of 85 for hessian
Estimating row 56 out of 85 for hessian
Estimating row 57 out of 85 for hessian
Estimating row 58 out of 85 for hessian
Estimating row 59 out of 85 for hessian
Estimating row 60 out of 85 for hessian
Estimating row 61 out of 85 for hessian
Estimating row 62 out of 85 for hessian
Estimating row 63 out of 85 for hessian
Estimating row 64 out of 85 for hessian
Estimating row 65 out of 85 for hessian
Estimating row 66 out of 85 for hessian
Estimating row 67 out of 85 for hessian
Estimating row 68 out of 85 for hessian
Estimating row 69 out of 85 for hessian
Estimating row 70 out of 85 for hessian
Estimating row 71 out of 85 for hessian
Estimating row 72 out of 85 for hessian
Estimating row 73 out of 85 for hessian
Estimating row 74 out of 85 for hessian
Estimating row 75 out of 85 for hessian
Estimating row 76 out of 85 for hessian
Estimating row 77 out of 85 for hessian
Estimating row 78 out of 85 for hessian
Estimating row 79 out of 85 for hessian
Estimating row 80 out of 85 for hessian
Estimating row 81 out of 85 for hessian
Estimating row 82 out of 85 for hessian
Estimating row 83 out of 85 for hessian
Estimating row 84 out of 85 for hessian
Estimating row 85 out of 85 for hessian
size of file gradfil1.tmp = 0
size of file gradfil2.tmp = 0
size of file varssave.tmp = 0
size of file cmpdiff.tmp = 0
