
Initial statistics: 70 variables; iteration 0; function evaluation 0; phase 1
Function value 3.6573957e+06; maximum gradient component mag -1.4508e+07
Var    Value     Gradient |Var    Value     Gradient |Var    Value     Gradient
  1 -0.15762 -1.45078e+07 |  2  0.02790 -6.97624e+04 |  3  0.01888 -6.28911e+04
  4  0.02557 -6.17501e+04 |  5 -0.03952 -3.31414e+04 |  6  0.00764 -4.06830e+04
  7 -0.00844 -2.70993e+04 |  8  0.03692 -3.18687e+04 |  9  0.00007 -8.33074e+04
 10  0.01127 -1.52409e+05 | 11 -0.02327 -1.58594e+05 | 12  0.00537 -1.78688e+05
 13 -0.02493 -1.68241e+05 | 14  0.00093 -1.77425e+05 | 15  0.02620 -1.87654e+05
 16 -0.01128 -1.62788e+05 | 17  0.02611 -1.75125e+05 | 18 -0.02248 -1.52821e+05
 19  0.01707 -1.80292e+05 | 20 -0.02392 -2.77234e+05 | 21 -0.01771  2.32371e+04
 22  0.02770 -2.60541e+05 | 23  0.01369  6.19307e+03 | 24 -0.04681  7.47138e+04
 25 -0.04492  5.26211e+04 | 26 -0.04213  4.53163e+04 | 27 -0.00876  3.43966e+04
 28  0.01512  3.24535e+04 | 29  0.02812  9.67045e+03 | 30 -0.01722 -6.33202e+03
 31 -0.02275 -6.37956e+03 | 32 -0.03217 -1.02007e+04 | 33  0.02300 -1.57351e+05
 34 -0.04130 -1.43229e+05 | 35 -0.01056 -1.01362e+05 | 36  0.03289 -1.92092e+05
 37 -0.03506 -1.59616e+05 | 38 -0.01606 -1.63740e+05 | 39 -0.01380 -1.62538e+05
 40  0.01201 -1.26577e+05 | 41  0.02360 -1.27820e+05 | 42 -0.02913 -1.20830e+05
 43  0.00541 -1.37222e+05 | 44 -0.02038 -1.14354e+05 | 45  0.00843 -1.41229e+05
 46 -0.01964 -1.67644e+05 | 47 -0.03130 -1.24965e+05 | 48 -0.01848 -4.20168e+04
 49 -0.01239 -2.50116e+04 | 50  0.02971  1.85023e+04 | 51  0.02711 -4.52930e+04
 52  0.05067 -3.10937e+05 | 53  0.05087 -2.09313e+05 | 54 -0.00475 -8.74569e+04
 55 -0.02507 -5.57995e+04 | 56 -0.01985 -2.66695e+04 | 57 -0.04649 -3.24530e+04
 58 -0.04896 -3.44661e+04 | 59 -0.00589 -1.88729e+04 | 60  0.03154 -2.64464e+04
 61  0.01116 -3.66986e+04 | 62 -0.04814 -3.09523e+04 | 63  0.04828 -1.89251e+04
 64  0.01881 -3.68231e+04 | 65  0.04865 -2.23714e+04 | 66  0.04482 -2.74434e+05
 67 -0.02078 -2.37493e+04 | 68 -0.00415 -2.61929e+05 | 69  0.02992 -4.02756e+05
 70  0.01106 -4.29313e+05 |

Intermediate statistics: 70 variables; iteration 20; function evaluation 50; phase 1
Function value 1.0980626e+03; maximum gradient component mag 3.2614e+02
Var    Value     Gradient |Var    Value     Gradient |Var    Value     Gradient
  1  0.79006 -1.33341e-03 |  2  0.02867  5.79571e+00 |  3  0.01516  6.47603e+00
  4  0.02012  7.63220e+00 |  5 -0.02273 -2.55607e+00 |  6  0.01830  7.31145e+00
  7  0.01371  6.34058e+00 |  8  0.06070  1.75818e+01 |  9  0.00240  3.79969e+00
 10  0.11543  3.01216e+01 | 11  0.19745  4.64161e+01 | 12  0.17830  4.26771e+01
 13  0.18739  4.40692e+01 | 14  0.11461  2.93025e+01 | 15  0.06138  1.71337e+01
 16  0.05001  1.42209e+01 | 17  0.01564  5.94795e+00 | 18  0.02315  7.63482e+00
 19  0.02526  8.06373e+00 | 20 -1.84401  3.42837e+01 | 21  0.90235  6.00354e-01
 22  0.36131  5.98291e+01 | 23  0.75318  1.41934e+01 | 24  1.32982 -3.42848e+01
 25  0.98620  1.61607e+00 | 26  2.04185  7.75664e+00 | 27  1.76456 -5.97960e+01
 28  4.03952  1.44580e+01 | 29  1.68916 -8.80697e+01 | 30  1.94062 -2.02671e+01
 31  1.58458 -1.07146e+02 | 32  6.20333  4.39100e+01 | 33 -2.53225 -1.94970e+02
 34 -2.26713 -8.07307e+01 | 35 -0.04292 -7.03943e+00 | 36  0.05694  2.26841e+01
 37  5.39396 -2.76544e+02 | 38  5.78662 -4.18890e+01 | 39 -2.03154 -1.43171e+01
 40 -2.26938 -7.27690e+01 | 41  5.42369 -7.44607e+01 | 42 -2.49593 -5.84353e+01
 43 -2.04565 -1.09875e+01 | 44 -2.23019 -3.01805e+01 | 45 -3.72421  3.88869e-02
 46  0.11385 -1.59134e+00 | 47 -2.31392  8.93953e+01 | 48 -5.99556  1.12797e+01
 49 -5.83355  3.59691e+01 | 50 -26.27876 -2.05434e+02 | 51 -3.70439  1.45673e+02
 52 -1.92661  2.02705e+01 | 53 -2.00412  2.60871e+00 | 54  0.38894  3.26139e+02
 55  0.04024  4.23583e+01 | 56  4.29217  5.48256e+01 | 57  4.22193 -1.01023e+02
 58  4.23921  2.45483e+01 | 59  8.29080  1.61656e+02 | 60  9.70188 -1.77021e+02
 61  5.79546 -8.01772e+01 | 62  5.72025 -1.00592e+02 | 63 15.44008 -7.55595e+01
 64  8.28365 -6.71863e+01 | 65 17.96739  2.40044e+01 | 66 -2.23439  1.86572e+02
 67  8.06038 -4.39644e+01 | 68 -1.47929  7.68004e+01 | 69 -4.08539 -1.82795e+01
 70 -4.06168 -1.24962e+01 |
70 variables; iteration 40; function evaluation 79; phase 1
Function value 9.3149966e+02; maximum gradient component mag -6.1107e+02
Var    Value     Gradient |Var    Value     Gradient |Var    Value     Gradient
  1  0.75694 -2.20254e-03 |  2  0.02508  5.45713e+00 |  3  0.00184  3.61814e+00
  4 -0.00399  2.03187e+00 |  5  0.00695  4.43736e+00 |  6 -0.01849 -1.82837e+00
  7 -0.02501 -3.61313e+00 |  8 -0.05916 -1.18522e+01 |  9  0.00661  3.11711e+00
 10 -0.01742 -2.68307e+00 | 11 -0.03683 -7.34647e+00 | 12 -0.03045 -6.06219e+00
 13 -0.03242 -6.60783e+00 | 14 -0.01452 -2.61337e+00 | 15 -0.00041  6.92362e-01
 16  0.00040  1.34817e+00 | 17  0.00033  1.82122e+00 | 18  0.00558  3.33237e+00
 19  0.00329  2.70823e+00 | 20 -2.93551  1.98993e+01 | 21  1.27557  4.55530e+01
 22  1.23563  5.77601e+01 | 23  0.08895  1.93589e+01 | 24  1.91680 -1.75365e+01
 25  0.20503  3.80902e+01 | 26  2.28871  5.98105e+01 | 27  2.12251  2.72516e+01
 28  4.19571  5.16919e+01 | 29  1.97462 -1.08578e+01 | 30  2.02556  3.12284e+00
 31  1.57123 -5.29863e+01 | 32  6.17006  3.82965e+01 | 33 -2.24315 -4.16718e+01
 34 -2.34268 -5.13362e+01 | 35  0.08772  2.63185e+01 | 36 -0.10239 -1.94764e+01
 37  5.50196 -2.45104e+02 | 38  6.15448  4.03219e+01 | 39 -1.94399  1.33695e+01
 40 -2.15273 -3.24199e+01 | 41  5.81657 -6.53587e+01 | 42 -2.55916 -5.11022e+02
 43 -2.14424 -9.80515e+01 | 44 -2.17437 -1.28234e+02 | 45 -3.81753  1.43157e+02
 46  0.01562  4.03582e+01 | 47 -2.37419 -6.11071e+02 | 48 -5.49651  7.56962e+01
 49 -5.94489 -2.75994e+01 | 50 -26.13875 -2.03281e+02 | 51 -3.69986  4.14253e+02
 52 -1.83880  3.35220e+01 | 53 -2.10374  7.46337e+00 | 54  0.29056  1.31147e+01
 55  0.02299  1.60501e+01 | 56  4.26868  3.35980e+01 | 57  4.19892 -1.05050e+02
 58  4.18941 -2.28913e+01 | 59  8.18473  2.22393e+01 | 60  9.68727  2.17174e+02
 61  5.88838  1.81440e+02 | 62  5.86341  3.65301e+02 | 63 15.73829 -7.36661e+01
 64  8.19311 -2.98028e+02 | 65 17.86570 -6.71981e+01 | 66 -2.24165 -2.66429e+02
 67  7.76788 -4.80404e+01 | 68  0.06877  1.96385e+01 | 69 -3.77623  5.33794e+01
 70 -3.76672  5.51122e+01 |
Maximum number of function evaluations exceeded

 - final statistics:
70 variables; iteration 57; function evaluation 100
Function value 7.3593e+02; maximum gradient component mag -4.6538e+02
Exit code = 3;  converg criter 1.0000e+01
Var    Value     Gradient |Var    Value     Gradient |Var    Value     Gradient
  1  0.76056 -1.19586e-04 |  2  0.01162  2.50148e+00 |  3 -0.00978  1.07792e+00
  4 -0.01465 -2.59398e-01 |  5 -0.00203  2.59950e+00 |  6 -0.02598 -3.35980e+00
  7 -0.03134 -4.86681e+00 |  8 -0.05923 -1.16705e+01 |  9 -0.01686 -1.99880e+00
 10 -0.04466 -8.71629e+00 | 11 -0.06070 -1.25976e+01 | 12 -0.05523 -1.14600e+01
 13 -0.05652 -1.18060e+01 | 14 -0.04331 -8.77355e+00 | 15 -0.02913 -5.38924e+00
 16 -0.02225 -3.46097e+00 | 17 -0.00976 -3.30812e-01 | 18 -0.00484  1.08945e+00
 19 -0.00306  1.51045e+00 | 20 -3.02283 -6.66656e+00 | 21  1.99921 -2.08877e+00
 22  0.67303 -2.29101e+01 | 23  0.11685  2.67609e+01 | 24  2.11220  2.49823e+01
 25 -0.22540 -4.87492e+01 | 26  2.03094  4.08522e+00 | 27  2.10361  2.11461e+01
 28  3.84947 -3.17656e+01 | 29  2.09377  1.78845e+01 | 30  2.03359  4.99455e+00
 31  1.77653 -3.12909e+01 | 32  5.83970 -3.32593e+01 | 33 -2.23458 -7.99051e+01
 34 -2.23492 -9.12994e+01 | 35  0.11210  4.46142e+01 | 36 -0.11658 -2.16093e+01
 37  5.63770 -1.99637e+02 | 38  5.85352 -2.22477e+00 | 39 -1.87758  2.75105e+01
 40 -2.20275 -2.86517e+01 | 41  5.86411 -2.52657e+01 | 42 -2.41669 -1.31556e+02
 43 -2.10106 -4.44543e+01 | 44 -2.07827 -3.29425e+01 | 45 -3.92516  2.09517e+01
 46 -0.06944 -1.92249e+01 | 47 -2.25304  8.89147e+01 | 48 -5.41741  7.48456e+01
 49 -5.89688  5.17148e+01 | 50 -25.97305  4.59063e+01 | 51 -3.80103 -4.80821e+01
 52 -1.58003  7.44366e+01 | 53 -2.12511  2.76108e+01 | 54  0.16929  8.69228e+00
 55 -0.08268 -1.01389e+01 | 56  4.16812  1.19020e+02 | 57  4.18331  4.27525e+01
 58  4.01704  1.04632e+01 | 59  8.06066  1.17410e+02 | 60  9.74136 -4.65375e+02
 61  6.05198  9.05407e+00 | 62  5.91329  8.07789e+01 | 63 15.81420 -5.52415e+01
 64  8.14086  3.10694e+01 | 65 18.00263 -7.36554e+01 | 66 -2.14652 -2.04760e+02
 67  7.77036 -4.88642e+01 | 68 -0.19981 -4.45067e+01 | 69 -3.61092  7.54660e+01
 70 -3.65182  7.23773e+01 |

Initial statistics: 70 variables; iteration 0; function evaluation 0; phase 2
Function value 7.3593148e+02; maximum gradient component mag 4.6538e+02
Var    Value     Gradient |Var    Value     Gradient |Var    Value     Gradient
  1  0.76056 -1.19586e-04 |  2  0.01162  2.50148e+00 |  3 -0.00978  1.07792e+00
  4 -0.01465 -2.59398e-01 |  5 -0.00203  2.59950e+00 |  6 -0.02598 -3.35980e+00
  7 -0.03134 -4.86681e+00 |  8 -0.05923 -1.16705e+01 |  9 -0.01686 -1.99880e+00
 10 -0.04466 -8.71629e+00 | 11 -0.06070 -1.25976e+01 | 12 -0.05523 -1.14600e+01
 13 -0.05652 -1.18060e+01 | 14 -0.04331 -8.77355e+00 | 15 -0.02913 -5.38924e+00
 16 -0.02225 -3.46097e+00 | 17 -0.00976 -3.30812e-01 | 18 -0.00484  1.08945e+00
 19 -0.00306  1.51045e+00 | 20  0.97717 -6.66656e+00 | 21  0.00079  2.08877e+00
 22  0.67303 -2.29101e+01 | 23  0.11685  2.67609e+01 | 24 -0.11220 -2.49823e+01
 25 -0.22540 -4.87492e+01 | 26 -0.03094 -4.08522e+00 | 27 -0.10361 -2.11461e+01
 28 -0.15053 -3.17656e+01 | 29 -0.09377 -1.78845e+01 | 30 -0.03359 -4.99455e+00
 31  0.22347  3.12909e+01 | 32  0.16030  3.32593e+01 | 33  0.23458  7.99051e+01
 34  0.23492  9.12994e+01 | 35  0.11210  4.46142e+01 | 36 -0.11658 -2.16093e+01
 37  0.36230  1.99637e+02 | 38  0.14648  2.22477e+00 | 39 -0.12242 -2.75105e+01
 40  0.20275  2.86517e+01 | 41  0.13589  2.52657e+01 | 42  0.41669  1.31556e+02
 43  0.10106  4.44543e+01 | 44  0.07827  3.29425e+01 | 45  0.07484  2.09517e+01
 46 -0.06944 -1.92249e+01 | 47  0.25304 -8.89147e+01 | 48 -0.58259 -7.48456e+01
 49 -0.10312 -5.17148e+01 | 50 -0.02695 -4.59063e+01 | 51  0.19897 -4.80821e+01
 52 -0.41997 -7.44366e+01 | 53  0.12511 -2.76108e+01 | 54  0.16929  8.69228e+00
 55 -0.08268 -1.01389e+01 | 56  0.16812  1.19020e+02 | 57  0.18331  4.27525e+01
 58  0.01704  1.04632e+01 | 59  0.06066  1.17410e+02 | 60  0.25864  4.65375e+02
 61 -0.05198 -9.05407e+00 | 62  0.08671 -8.07789e+01 | 63 -0.18580 -5.52415e+01
 64  0.14086  3.10694e+01 | 65 -0.00263  7.36554e+01 | 66  0.14652  2.04760e+02
 67 -0.22964 -4.88642e+01 | 68 -0.19981 -4.45067e+01 | 69  0.38908  7.54660e+01
 70  0.34818  7.23773e+01 |

Intermediate statistics: 70 variables; iteration 20; function evaluation 29; phase 2
Function value 4.4810963e+02; maximum gradient component mag -1.7182e+02
Var    Value     Gradient |Var    Value     Gradient |Var    Value     Gradient
  1  0.76062  5.52436e-03 |  2 -0.00072 -6.40131e-01 |  3 -0.01544 -3.69654e-01
  4 -0.01414 -1.41790e-01 |  5 -0.01653 -8.21788e-01 |  6 -0.01107  3.69942e-01
  7 -0.00953  5.91739e-01 |  8 -0.00305  1.95064e+00 |  9 -0.01168 -3.07129e-01
 10 -0.00497  1.00223e+00 | 11 -0.00098  1.68679e+00 | 12 -0.00222  1.23349e+00
 13 -0.00246  1.07576e+00 | 14 -0.00610  1.35259e-01 | 15 -0.00971 -8.97257e-01
 16 -0.01182 -1.61232e+00 | 17 -0.01377 -2.60986e+00 | 18 -0.01486 -3.28179e+00
 19 -0.01487 -3.87826e+00 | 20  0.66899 -1.30708e+02 | 21 -0.01949 -5.31494e+00
 22 -0.09334 -2.10132e+01 | 23 -0.05128 -1.11467e+01 | 24 -0.02106 -3.20713e+00
 25 -0.02053 -2.03339e-01 | 26 -0.05980 -6.99158e+00 | 27 -0.06891 -5.56570e+00
 28 -0.07584 -4.37296e+00 | 29 -0.07641 -4.40612e+00 | 30 -0.05049 -3.71421e+00
 31 -0.06423 -1.87673e+01 | 32  0.12761  1.84107e+00 | 33 -0.04060 -8.45042e+00
 34  0.05519  2.24721e+01 | 35  0.06303  3.51592e+01 | 36 -0.00085  3.15410e+01
 37  0.04437  6.00927e+01 | 38  0.16347  1.24140e+02 | 39 -0.03909  2.52791e+01
 40  0.03838  5.01493e+01 | 41  0.08836  4.81783e+01 | 42  0.21366  1.41167e+02
 43 -0.05230  1.10270e+01 | 44 -0.05567  1.14714e+01 | 45 -0.04018  1.50318e+01
 46 -0.02746  1.65473e+01 | 47  0.02236  3.76057e+01 | 48 -0.05621  1.47077e+01
 49 -0.05107  4.85333e+01 | 50 -0.02492  1.08050e+02 | 51 -0.00025  1.35614e+02
 52 -0.05630  5.15026e+01 | 53  0.05171  4.52554e+01 | 54 -0.14363 -3.51780e+01
 55  0.06207 -8.70130e+00 | 56 -0.12927 -4.81269e+01 | 57  0.07620 -1.23887e+02
 58 -0.02092 -2.78374e+01 | 59 -0.01444  4.00075e+00 | 60  0.00737  2.93327e+01
 61  0.07870  2.32701e+01 | 62 -0.14628 -5.12871e+01 | 63 -0.09329 -1.11474e+02
 64 -0.03048 -1.71816e+02 | 65 -0.09234 -5.15994e+01 | 66 -0.06107  7.41337e+00
 67 -0.02317  2.28564e+01 | 68  0.00463  1.16472e+01 | 69 -0.09700 -1.95996e+01
 70 -0.08863 -1.75753e+01 |
70 variables; iteration 40; function evaluation 56; phase 2
Function value 4.3330025e+02; maximum gradient component mag 6.0609e+01
Var    Value     Gradient |Var    Value     Gradient |Var    Value     Gradient
  1  0.75706  4.37562e-03 |  2  0.00161  5.45354e-02 |  3 -0.01425  5.04279e-02
  4 -0.01396  5.17793e-02 |  5 -0.01369  3.80005e-02 |  6 -0.01324  5.59503e-02
  7 -0.01280  5.51029e-02 |  8 -0.01208  1.03778e-01 |  9 -0.01189  6.43632e-03
 10 -0.01086  8.50570e-02 | 11 -0.00997  1.76107e-01 | 12 -0.00986  1.82723e-01
 13 -0.00999  2.24078e-01 | 14 -0.01062  1.77582e-01 | 15 -0.01117  9.86411e-02
 16 -0.01190 -1.65864e-03 | 17 -0.01236 -3.24352e-01 | 18 -0.01393 -7.31882e-01
 19 -0.01527 -1.17795e+00 | 20  0.67998  7.47820e+00 | 21 -0.02054 -1.78194e+00
 22 -0.11790 -2.43210e+01 | 23 -0.04011 -4.32089e+00 | 24 -0.02840  3.76503e-01
 25 -0.03839  5.97084e-01 | 26 -0.04971  1.31228e+00 | 27 -0.07135 -1.54949e+00
 28 -0.08919 -4.59982e+00 | 29 -0.08621 -3.62934e+00 | 30 -0.06133 -2.58564e+00
 31 -0.01742 -5.38773e+00 | 32  0.09648  4.59162e+00 | 33 -0.00261 -3.18651e+00
 34  0.06433  6.45052e+00 | 35  0.03105 -1.17675e+00 | 36 -0.00573  6.18745e+00
 37  0.05911  2.86179e+01 | 38  0.14137  2.05804e+01 | 39 -0.04921  5.18120e+00
 40  0.04683  2.82320e+01 | 41  0.10915  1.90314e+01 | 42  0.19579  6.06086e+01
 43 -0.03070  9.77787e+00 | 44 -0.05123  6.72878e+00 | 45 -0.04641  8.25406e+00
 46 -0.02780  1.48596e+01 | 47  0.02471  4.12697e+01 | 48 -0.08799  9.75207e-01
 49 -0.03550  4.00861e+01 | 50 -0.04458  3.60192e+01 | 51 -0.01434  2.74648e+01
 52 -0.08927 -1.15166e+01 | 53  0.04873 -1.43556e+01 | 54 -0.08410 -2.65738e+01
 55  0.01744  1.79352e+01 | 56 -0.03730 -4.18973e+00 | 57  0.05990 -3.28177e+01
 58 -0.01939 -4.41857e+00 | 59 -0.01561 -9.29538e+00 | 60  0.00197 -2.45984e+01
 61  0.04807 -2.47520e+01 | 62 -0.10870 -1.90820e+01 | 63 -0.08072 -2.30975e+01
 64 -0.00799 -1.48430e+01 | 65 -0.12366 -1.22487e+01 | 66 -0.07061  5.45898e+00
 67 -0.04477 -5.92990e+00 | 68 -0.00246 -6.45112e-01 | 69 -0.00850  1.91017e+00
 70 -0.01642  6.28982e-02 |
70 variables; iteration 60; function evaluation 91; phase 2
Function value 4.2570681e+02; maximum gradient component mag 4.0449e+01
Var    Value     Gradient |Var    Value     Gradient |Var    Value     Gradient
  1  0.71243  8.95479e-03 |  2 -0.00735 -2.20716e+00 |  3 -0.02236 -2.00322e+00
  4 -0.02166 -1.91058e+00 |  5 -0.01899 -1.35341e+00 |  6 -0.01615 -7.77266e-01
  7 -0.01151  2.08776e-01 |  8 -0.01008  3.98470e-01 |  9 -0.00459  1.52034e+00
 10 -0.01062 -1.14542e-01 | 11 -0.01115 -3.88923e-01 | 12 -0.01157 -5.25348e-01
 13 -0.00712  5.75912e-01 | 14 -0.00868  2.92092e-01 | 15 -0.00743  5.64849e-01
 16 -0.00704  6.48995e-01 | 17 -0.00211  1.47644e+00 | 18 -0.00591  5.65288e-01
 19 -0.02134 -3.18513e+00 | 20  0.61250 -3.70688e+00 | 21  0.00819  4.42263e+00
 22 -0.03961 -5.79178e+00 | 23 -0.03791 -3.73550e+00 | 24 -0.05256 -5.75979e+00
 25 -0.02932  4.77678e+00 | 26 -0.05501  1.64120e+00 | 27 -0.08105 -2.27511e+00
 28 -0.08765 -8.29859e-01 | 29 -0.08252  1.11164e+00 | 30 -0.05100  3.01891e+00
 31 -0.00821 -5.90102e+00 | 32  0.01000 -1.31518e+01 | 33  0.03730 -4.58462e+00
 34 -0.02524 -1.47671e+01 | 35  0.04611 -6.52444e+00 | 36 -0.04683 -7.72444e+00
 37  0.00128  3.44709e+00 | 38  0.12198  9.00210e+00 | 39 -0.05187  6.44904e+00
 40 -0.01726  7.78576e+00 | 41  0.10975  1.09490e+01 | 42  0.15058  4.04490e+01
 43 -0.04392  6.89590e+00 | 44 -0.06333  6.05157e+00 | 45 -0.06288  6.72989e+00
 46 -0.05568  7.57393e+00 | 47 -0.02370  1.56122e+01 | 48 -0.03165  8.51201e+00
 49 -0.05391  6.84917e+00 | 50 -0.07379  4.49178e+00 | 51 -0.02414  2.08281e+01
 52 -0.06064  1.28318e+01 | 53  0.00793  2.35791e+01 | 54 -0.02588  1.14255e+01
 55 -0.02397  2.17519e+01 | 56 -0.04897 -1.25451e-01 | 57  0.05741 -9.61403e+00
 58 -0.05842 -1.76603e+01 | 59 -0.01020 -1.25530e+01 | 60 -0.01824 -3.59003e+01
 61  0.02435 -2.35331e+01 | 62 -0.09154 -1.65949e+00 | 63 -0.07230 -6.86435e+00
 64 -0.05238 -1.57497e+01 | 65 -0.09466 -1.74309e+00 | 66 -0.09049 -6.02985e+00
 67 -0.07419 -1.99634e+01 | 68 -0.00698 -5.78118e+00 | 69 -0.00198  3.64622e+00
 70 -0.00755  2.43419e+00 |
Maximum number of function evaluations exceeded

 - final statistics:
70 variables; iteration 66; function evaluation 100
Function value 4.2463e+02; maximum gradient component mag -2.6419e+01
Exit code = 3;  converg criter 1.0000e+01
Var    Value     Gradient |Var    Value     Gradient |Var    Value     Gradient
  1  0.68425  1.28273e-02 |  2  0.00249  2.47603e-01 |  3 -0.01284  3.52697e-01
  4 -0.01188  4.81115e-01 |  5 -0.01193  3.37051e-01 |  6 -0.01217  1.43624e-01
  7 -0.01290 -1.73918e-01 |  8 -0.01234 -1.96176e-01 |  9 -0.00921  4.34955e-01
 10 -0.00490  1.17796e+00 | 11 -0.00674  5.50676e-01 | 12 -0.00730  3.70106e-01
 13 -0.01189 -6.27445e-01 | 14 -0.01054 -2.33055e-01 | 15 -0.01049 -2.53925e-01
 16 -0.01373 -1.06421e+00 | 17 -0.00972 -4.48136e-01 | 18 -0.00472  6.41128e-01
 19  0.00333  2.25130e+00 | 20  0.60707 -8.92179e+00 | 21 -0.01010 -5.34778e-02
 22 -0.01671 -3.42487e-01 | 23 -0.04791 -6.45987e+00 | 24 -0.02788  1.11093e+00
 25 -0.04122  1.11011e+00 | 26 -0.08806 -9.16588e+00 | 27 -0.08230 -2.43628e+00
 28 -0.09454 -2.98014e+00 | 29 -0.08972 -8.95089e-01 | 30 -0.07254 -3.04643e+00
 31  0.00792  1.09087e-01 | 32  0.00568 -9.79560e+00 | 33  0.02893  7.39641e-01
 34 -0.01503 -6.92520e+00 | 35  0.03887  4.84699e+00 | 36 -0.02989  3.42366e+00
 37 -0.00162  7.59182e+00 | 38  0.11850  1.06274e+01 | 39 -0.06306  2.24420e+00
 40 -0.01771  6.26585e+00 | 41  0.11486  2.95174e+00 | 42  0.13953  2.27948e+01
 43 -0.04781  1.29360e+00 | 44 -0.06325  2.34551e+00 | 45 -0.06824  1.43540e+00
 46 -0.05577  4.49485e+00 | 47 -0.02814  9.91975e+00 | 48 -0.02763  6.06082e+00
 49 -0.05255  7.23345e+00 | 50 -0.06833  9.64747e+00 | 51 -0.02198  2.38714e+01
 52 -0.06726  7.51787e+00 | 53  0.01178  1.45452e+01 | 54 -0.02450 -1.69791e+00
 55 -0.02903  2.35811e+00 | 56 -0.04933 -1.15460e+01 | 57  0.05845 -1.39817e+01
 58 -0.05298 -1.21437e+01 | 59 -0.01581 -6.79736e+00 | 60 -0.01332 -2.64190e+01
 61  0.02586 -9.71736e+00 | 62 -0.09602  1.03745e+00 | 63 -0.07339 -2.87444e+00
 64 -0.04406 -1.01524e+01 | 65 -0.10687 -2.69887e+00 | 66 -0.09524  1.53575e+00
 67 -0.05811 -3.59773e+00 | 68  0.00153  2.99179e+00 | 69 -0.03081 -3.39783e+00
 70 -0.02328 -1.42487e+00 |

Initial statistics: 81 variables; iteration 0; function evaluation 0; phase 3
Function value 4.2462612e+02; maximum gradient component mag 2.4314e+02
Var    Value     Gradient |Var    Value     Gradient |Var    Value     Gradient
  1  0.68425  1.29046e-02 |  2 -0.01055 -2.92396e+00 |  3  0.00249  1.89285e-01
  4 -0.01284  3.08629e-01 |  5 -0.01188  4.56173e-01 |  6 -0.01193  3.45631e-01
  7 -0.01217  1.71466e-01 |  8 -0.01290 -1.41097e-01 |  9 -0.01234 -1.71335e-01
 10 -0.00921  3.75229e-01 | 11 -0.00490  1.15320e+00 | 12 -0.00674  5.47771e-01
 13 -0.00730  3.65380e-01 | 14 -0.01189 -6.44974e-01 | 15 -0.01054 -2.50395e-01
 16 -0.01049 -2.63811e-01 | 17 -0.01373 -1.04581e+00 | 18 -0.00972 -4.42791e-01
 19 -0.00472  6.60369e-01 | 20  0.00333  2.27527e+00 | 21  0.60707 -9.06141e+00
 22 -0.01010 -6.55117e-02 | 23 -0.01671 -3.42242e-01 | 24 -0.04791 -6.42338e+00
 25 -0.02788  1.10215e+00 | 26 -0.04122  1.05719e+00 | 27 -0.08806 -9.08997e+00
 28 -0.08230 -2.42777e+00 | 29 -0.09454 -2.96919e+00 | 30 -0.08972 -9.19894e-01
 31 -0.07254 -3.07980e+00 | 32  0.00792  7.42944e-02 | 33  0.00568 -9.84825e+00
 34  0.02893  6.34246e-01 | 35 -0.01503 -6.93173e+00 | 36  0.03887  4.78097e+00
 37 -0.02989  3.39737e+00 | 38 -0.00162  7.57641e+00 | 39  0.11850  1.07020e+01
 40 -0.06306  2.28980e+00 | 41 -0.01771  6.32220e+00 | 42  0.11486  3.15521e+00
 43  0.13953  2.29617e+01 | 44 -0.04781  1.35603e+00 | 45 -0.06325  2.38638e+00
 46 -0.06824  1.48545e+00 | 47 -0.05577  4.54495e+00 | 48 -0.02814  1.00184e+01
 49 -0.02763  6.24836e+00 | 50 -0.05255  7.35858e+00 | 51 -0.06833  9.69976e+00
 52 -0.02198  2.38134e+01 | 53 -0.06726  7.42215e+00 | 54  0.01178  1.44781e+01
 55 -0.02450 -1.69597e+00 | 56 -0.02903  2.34256e+00 | 57 -0.04933 -1.15333e+01
 58  0.05845 -1.40933e+01 | 59 -0.05298 -1.21780e+01 | 60 -0.01581 -6.88399e+00
 61 -0.01332 -2.64786e+01 | 62  0.02586 -9.79097e+00 | 63 -0.09602  9.95304e-01
 64 -0.07339 -2.90001e+00 | 65 -0.04406 -1.01423e+01 | 66 -0.10687 -2.74770e+00
 67 -0.09524  1.51090e+00 | 68 -0.05811 -3.53482e+00 | 69  0.00153  2.99899e+00
 70 -0.03081 -3.38473e+00 | 71 -0.02328 -1.44743e+00 | 72 -0.27532  1.50212e+02
 73 -0.04117 -1.11594e+02 | 74 -0.08277  2.43140e+02 | 75  0.13682 -2.04959e+01
 76  0.03758 -5.03055e-01 | 77  0.13305 -1.68785e+00 | 78 -0.24170 -3.99262e+01
 79  0.05532  3.56677e+01 | 80 -0.08704 -2.70682e+01 | 81  0.11703  6.16157e+01

Intermediate statistics: 81 variables; iteration 20; function evaluation 28; phase 3
Function value 2.3524871e+02; maximum gradient component mag -5.2980e+02
Var    Value     Gradient |Var    Value     Gradient |Var    Value     Gradient
  1  0.68394  7.74773e-02 |  2  0.00498  6.61335e-01 |  3  0.00081 -4.75113e-01
  4 -0.01522 -5.62383e-01 |  5 -0.01523 -7.34456e-01 |  6 -0.01483 -8.49238e-01
  7 -0.01429 -9.80796e-01 |  8 -0.01350 -1.11259e+00 |  9 -0.01315 -1.40931e+00
 10 -0.01375 -2.00647e+00 | 11 -0.01486 -2.81407e+00 | 12 -0.01354 -3.13566e+00
 13 -0.01337 -3.69342e+00 | 14 -0.01198 -3.99805e+00 | 15 -0.01387 -5.07758e+00
 16 -0.01492 -6.24992e+00 | 17 -0.01403 -7.27077e+00 | 18 -0.01575 -9.33697e+00
 19 -0.02199 -1.18752e+01 | 20 -0.03067 -1.51805e+01 | 21  0.61142 -5.29798e+02
 22 -0.02547 -1.85826e+01 | 23 -0.02668 -2.06106e+01 | 24  0.00840 -1.99637e+01
 25 -0.03388 -2.46991e+01 | 26 -0.03377 -2.48843e+01 | 27  0.00749 -1.94157e+01
 28 -0.03599 -1.84843e+01 | 29 -0.05665 -1.36301e+01 | 30 -0.08960 -9.18709e+00
 31 -0.11809 -3.09893e+00 | 32 -0.14342  3.56069e-01 | 33 -0.21281 -2.41912e+01
 34 -0.18076 -1.98251e+01 | 35 -0.15533 -2.60327e+01 | 36 -0.14427 -3.71575e+01
 37  0.07334 -9.59255e+00 | 38  0.07455  4.57170e+01 | 39  0.22192  1.58969e+02
 40  0.07694  8.17881e+01 | 41  0.10952  1.56582e+02 | 42  0.15019  2.84084e+02
 43  0.10921  1.94762e+02 | 44  0.01131  5.67011e+01 | 45  0.01020  4.94022e+01
 46 -0.05326  2.87300e+01 | 47 -0.08848  1.48007e+01 | 48 -0.04386  2.58529e+01
 49  0.00875  1.48597e+01 | 50 -0.11316 -2.76454e+01 | 51 -0.09870 -1.82246e+01
 52  0.01156  2.21237e+01 | 53 -0.04161  5.19098e-01 | 54 -0.05187 -4.88649e+01
 55  0.04459 -6.74371e+01 | 56 -0.10859 -3.27295e+01 | 57  0.02517 -6.92826e+00
 58 -0.02784  5.77228e-01 | 59  0.08548  1.34513e+02 | 60 -0.17979 -2.17061e+01
 61  0.02812  6.38319e+01 | 62  0.04128  7.27933e+01 | 63 -0.08088  5.17464e+01
 64 -0.06691  4.98360e+01 | 65 -0.00879  3.89043e+01 | 66 -0.11769 -5.01184e+00
 67 -0.10216 -3.80793e+01 | 68 -0.03258 -4.89904e+01 | 69 -0.03181 -1.02685e+01
 70 -0.01206  1.03813e+00 | 71 -0.01483  4.36774e-01 | 72 -0.34949 -2.07175e+01
 73 -0.04231  1.74178e+01 | 74 -1.14935 -2.35432e+01 | 75  0.25148  8.87702e-03
 76  0.05092 -1.42797e+00 | 77  0.20571 -3.42761e+00 | 78  0.11300 -6.65876e+01
 79 -0.21211  2.68835e+01 | 80 -0.15436  7.57366e+01 | 81 -0.01975 -2.10456e+01
81 variables; iteration 40; function evaluation 50; phase 3
Function value 2.0329439e+02; maximum gradient component mag -1.5224e+02
Var    Value     Gradient |Var    Value     Gradient |Var    Value     Gradient
  1  0.66257  5.59158e-02 |  2  0.00175  9.67506e-02 |  3  0.00064 -2.46347e-01
  4 -0.01526 -2.73442e-01 |  5 -0.01515 -3.40419e-01 |  6 -0.01489 -3.93071e-01
  7 -0.01457 -4.54328e-01 |  8 -0.01418 -5.22265e-01 |  9 -0.01391 -6.45807e-01
 10 -0.01389 -8.60577e-01 | 11 -0.01394 -1.13046e+00 | 12 -0.01349 -1.28957e+00
 13 -0.01363 -1.50569e+00 | 14 -0.01394 -1.67907e+00 | 15 -0.01493 -1.98458e+00
 16 -0.01552 -2.31420e+00 | 17 -0.01599 -2.68316e+00 | 18 -0.01468 -3.05346e+00
 19 -0.01302 -3.02856e+00 | 20 -0.01137 -3.35250e+00 | 21  0.66932 -1.52243e+02
 22 -0.02000 -6.10187e+00 | 23 -0.02505 -7.13383e+00 | 24 -0.07527 -1.76191e+01
 25 -0.03449 -8.64569e+00 | 26 -0.05322 -1.13400e+01 | 27 -0.09998 -2.01625e+01
 28 -0.06143 -5.66272e+00 | 29 -0.10647 -1.31391e+01 | 30 -0.13324 -1.40317e+01
 31 -0.11979  2.89169e+00 | 32 -0.15200 -6.75055e-01 | 33 -0.21122 -2.24745e+01
 34 -0.24139 -3.74309e+01 | 35 -0.16421 -2.34904e+01 | 36 -0.09547 -2.03658e+01
 37  0.08543 -8.24027e+00 | 38  0.06547  1.55216e+01 | 39  0.24433  3.32938e+01
 40  0.10751  3.17386e+01 | 41  0.11679  6.04521e+01 | 42  0.12416  1.04129e+02
 43  0.08529  7.13957e+01 | 44  0.00260  1.48384e+01 | 45  0.01161  2.44226e+01
 46 -0.04844  2.12875e+01 | 47 -0.10220  3.96652e+00 | 48 -0.08181  4.80592e+00
 49 -0.02098  1.00103e+01 | 50 -0.04791  3.29543e+00 | 51 -0.11197 -6.72172e+00
 52 -0.00795  2.39735e+01 | 53 -0.03063  3.19440e+01 | 54 -0.03743 -2.66511e+01
 55  0.03456 -7.04778e+01 | 56 -0.10277 -4.11315e+01 | 57  0.02815 -3.25149e+01
 58 -0.03586 -2.80630e+01 | 59  0.07684  9.50245e+00 | 60 -0.12043 -2.18840e+01
 61  0.01165  4.98129e+00 | 62  0.04368  2.19657e+01 | 63 -0.06284  5.13262e+01
 64 -0.09050  2.81476e+01 | 65 -0.00131  4.79690e+01 | 66 -0.13554  4.51475e+00
 67 -0.09373  7.37980e+00 | 68 -0.02490  1.93741e+01 | 69 -0.01628  5.61579e+00
 70 -0.01553  2.15157e-01 | 71 -0.01664  1.23912e-02 | 72 -0.41275 -8.63926e+00
 73 -0.28513  3.46659e+00 | 74 -1.01731 -1.02695e+00 | 75  2.27367  1.44195e-03
 76  1.16105  2.87824e+00 | 77  1.03341 -5.57080e-02 | 78  0.08809 -1.50695e+01
 79 -0.33946  3.48980e+00 | 80 -0.18399  5.01901e+01 | 81 -0.05295 -5.44994e+01
81 variables; iteration 60; function evaluation 79; phase 3
Function value 1.9081011e+02; maximum gradient component mag -2.4505e+01
Var    Value     Gradient |Var    Value     Gradient |Var    Value     Gradient
  1  0.23967  8.35096e+00 |  2  0.00244  3.00540e-01 |  3  0.00207  1.52455e-01
  4 -0.01392  1.17284e-01 |  5 -0.01369  1.03795e-01 |  6 -0.01334  1.03212e-01
  7 -0.01288  1.15178e-01 |  8 -0.01225  1.52824e-01 |  9 -0.01151  2.02733e-01
 10 -0.01078  2.29997e-01 | 11 -0.01031  1.73675e-01 | 12 -0.00991  1.12607e-01
 13 -0.01024 -3.03965e-02 | 14 -0.01054 -6.77359e-02 | 15 -0.01224 -3.75247e-01
 16 -0.01390 -7.29855e-01 | 17 -0.01459 -8.62669e-01 | 18 -0.01496 -1.22988e+00
 19 -0.01961 -2.26434e+00 | 20 -0.02727 -4.19925e+00 | 21  0.69659 -1.31364e+01
 22 -0.01792 -1.77259e+00 | 23 -0.02239 -2.15806e+00 | 24 -0.02099 -8.42943e-01
 25 -0.02215 -6.50854e-02 | 26 -0.04090 -2.71293e+00 | 27 -0.06513 -6.16512e+00
 28 -0.07247 -3.70239e+00 | 29 -0.08217 -4.12270e-01 | 30 -0.11299 -3.35481e+00
 31 -0.09914  1.55748e+01 | 32 -0.18432 -1.44208e+01 | 33 -0.15370  3.96294e+00
 34 -0.13937  3.97248e+00 | 35 -0.11480 -1.26399e+00 | 36 -0.05734 -4.65916e+00
 37  0.08986 -3.74611e+00 | 38  0.04819  5.21039e+00 | 39  0.27565 -6.90913e+00
 40  0.10631 -4.59549e-01 | 41  0.12377  3.83588e+00 | 42  0.09472  2.41806e+01
 43  0.07557  1.89232e+01 | 44  0.03720 -2.34366e-01 | 45 -0.01804 -1.70801e+00
 46 -0.08297 -1.87073e+00 | 47 -0.09306  2.87423e+00 | 48 -0.08853 -2.59376e+00
 49 -0.01963  7.46670e+00 | 50 -0.05998  6.92908e+00 | 51 -0.08399  1.43910e+01
 52 -0.01251  1.02708e+01 | 53 -0.05841  1.35520e+00 | 54 -0.01816 -1.15173e+01
 55  0.02810 -1.52993e+01 | 56 -0.07712 -1.94919e+01 | 57  0.01399 -1.59591e+01
 58 -0.01361 -1.42682e+01 | 59  0.06325  1.97978e+01 | 60 -0.08568 -2.73747e+00
 61  0.00355  2.39588e+01 | 62  0.05450  5.22713e+00 | 63 -0.10149 -6.31608e+00
 64 -0.08951 -1.58428e+01 | 65 -0.00909 -1.11186e+01 | 66 -0.11216  9.56192e+00
 67 -0.10330 -7.34654e-01 | 68 -0.02457  8.91064e+00 | 69 -0.03227 -1.17987e+00
 70 -0.01361  7.32341e-01 | 71 -0.01428  6.39974e-01 | 72 -0.40895  2.07437e+01
 73 -0.28067 -2.59597e+00 | 74 -0.98742  2.69407e-01 | 75  1.80727 -8.13830e-04
 76  1.11870  1.80614e+00 | 77  0.38897 -1.81303e+00 | 78  0.08550 -2.45053e+01
 79 -0.34769  5.28558e+00 | 80 -0.17569 -1.45533e+01 | 81 -0.03078  1.52415e+01
81 variables; iteration 80; function evaluation 116; phase 3
Function value 1.8073804e+02; maximum gradient component mag -1.6018e+02
Var    Value     Gradient |Var    Value     Gradient |Var    Value     Gradient
  1  0.02331 -1.60183e+02 |  2 -0.00381 -1.51224e+00 |  3  0.00360  1.82896e-01
  4 -0.00693  1.46264e+00 |  5 -0.00207  2.51449e+00 |  6 -0.00261  2.26775e+00
  7 -0.01045  2.83836e-01 |  8 -0.01960 -1.99750e+00 |  9 -0.02024 -2.24527e+00
 10 -0.01252 -5.13409e-01 | 11 -0.00887  2.59508e-01 | 12 -0.00911  1.72112e-01
 13 -0.00703  7.44420e-01 | 14 -0.00295  1.91401e+00 | 15 -0.01554 -6.93008e-01
 16 -0.02955 -3.67165e+00 | 17 -0.02342 -1.72476e+00 | 18 -0.01926 -4.14249e-01
 19 -0.02316 -9.07279e-01 | 20 -0.03627 -3.79023e+00 | 21  0.67499  1.06435e+02
 22 -0.00695  5.21414e+00 | 23  0.02356  1.47967e+01 | 24 -0.01408  5.65692e+00
 25 -0.02423  3.53624e+00 | 26 -0.02074  7.54697e+00 | 27 -0.03308  8.10258e+00
 28 -0.04891  8.34332e+00 | 29 -0.08822 -1.63773e-01 | 30 -0.09819  3.97132e+00
 31 -0.13587 -2.75489e+00 | 32 -0.12609  1.18482e+01 | 33 -0.16049 -1.72506e+00
 34 -0.15246 -6.86544e+00 | 35 -0.10157 -2.19025e+00 | 36 -0.02054  6.01048e-01
 37  0.13660 -3.10657e+01 | 38 -0.04765 -2.30569e+01 | 39  0.31126 -7.38811e+01
 40 -0.02214 -2.24149e+01 | 41  0.21369 -7.36631e+01 | 42 -0.01144 -2.10887e+01
 43  0.00613 -1.89870e+01 | 44  0.16296 -2.91667e+01 | 45 -0.01731 -1.33416e+01
 46 -0.06136 -7.64183e+00 | 47 -0.08150 -5.92981e+00 | 48 -0.05650 -1.08244e+01
 49 -0.03874 -3.89102e+01 | 50 -0.01238 -6.02495e+01 | 51 -0.11837 -3.85583e+01
 52 -0.01559  1.63185e+01 | 53 -0.06184  5.81736e+01 | 54 -0.03717  7.27667e+01
 55  0.02959  1.40349e+02 | 56 -0.07536  4.02829e+01 | 57  0.01004  5.65196e+01
 58  0.00107  3.34650e+01 | 59  0.04609  1.60989e+01 | 60 -0.00991  2.23549e+01
 61 -0.06107 -1.00970e+01 | 62  0.07427 -5.10427e+01 | 63 -0.12041 -3.99421e+01
 64 -0.08578 -4.31350e+01 | 65  0.00554 -7.61152e+01 | 66 -0.12718 -2.99155e+01
 67 -0.07216 -2.34944e+01 | 68 -0.03329 -1.56881e+01 | 69 -0.01946 -3.09025e-01
 70 -0.03450 -3.40728e+00 | 71 -0.03475 -3.32934e+00 | 72 -0.41227 -4.33298e+01
 73 -0.30526  7.81738e+00 | 74 -1.01555 -1.13864e+00 | 75  1.36681 -5.98129e-03
 76  0.95823 -5.00062e-01 | 77  0.33058 -2.68040e+00 | 78  0.08043  3.18611e-02
 79 -0.47867 -2.43455e-03 | 80 -0.17635 -5.81615e+01 | 81 -0.03529  1.94563e+01
81 variables; iteration 100; function evaluation 146; phase 3
Function value 1.6954582e+02; maximum gradient component mag -1.2830e+02
Var    Value     Gradient |Var    Value     Gradient |Var    Value     Gradient
  1  0.00019 -1.15871e+01 |  2  0.02185  4.19864e+00 |  3 -0.00493 -2.31386e+00
  4 -0.01379 -6.29266e-01 |  5 -0.00810  5.79441e-01 |  6  0.00235  2.86493e+00
  7 -0.01873 -2.23842e+00 |  8  0.00298  2.65360e+00 |  9  0.02045  6.49208e+00
 10 -0.02580 -4.21139e+00 | 11 -0.00520  5.03261e-01 | 12 -0.01436 -1.54235e+00
 13 -0.02340 -3.45188e+00 | 14 -0.01512 -1.24329e+00 | 15 -0.00180  2.37087e+00
 16 -0.03793 -5.73947e+00 | 17 -0.01183  1.08022e+00 | 18  0.01392  7.75815e+00
 19 -0.01182  2.03881e+00 | 20 -0.01739  1.12789e+00 | 21  0.56811  9.51031e+01
 22 -0.01881  2.76770e+00 | 23 -0.04031 -1.52265e+00 | 24 -0.02089  4.42825e+00
 25 -0.00329  1.01173e+01 | 26 -0.03261  4.06889e+00 | 27 -0.03823  7.15504e+00
 28 -0.07554 -5.44739e-02 | 29 -0.08781  2.01519e+00 | 30 -0.11480 -7.45913e-01
 31 -0.11035  1.28552e+01 | 32 -0.18225 -1.18212e+01 | 33 -0.16356  1.01913e+00
 34 -0.13633 -1.13125e+00 | 35 -0.08667 -5.70634e+00 | 36 -0.04202 -1.05309e+01
 37  0.15675 -3.52675e+01 | 38 -0.04979 -2.51406e+01 | 39  0.26564 -1.28301e+02
 40 -0.11179 -3.40190e+01 | 41  0.24204 -5.91835e+01 | 42 -0.12457 -3.55407e+01
 43 -0.07357 -2.94951e+01 | 44  0.18451 -3.15142e+01 | 45  0.01966 -1.24035e+01
 46 -0.03553 -1.05048e+01 | 47 -0.06141 -1.18481e+01 | 48 -0.04751 -2.55859e+01
 49 -0.10060 -4.57573e+01 | 50  0.02105 -4.52447e+01 | 51 -0.05520 -3.49720e+00
 52 -0.06279  1.88122e+01 | 53 -0.11524  2.58183e+01 | 54 -0.05658  4.85289e+01
 55 -0.02138  6.07528e+01 | 56 -0.10108  1.95543e+01 | 57 -0.01909  2.05565e+01
 58 -0.01698  4.64364e+00 | 59  0.02107  1.94335e+00 | 60 -0.02320  1.82103e+01
 61 -0.10129 -2.30230e+01 | 62  0.03701  1.30755e+01 | 63 -0.09022  3.19971e+01
 64 -0.09955  3.30309e+01 | 65 -0.01916  2.88007e+01 | 66 -0.11784  3.95888e+00
 67 -0.07785  1.96961e+00 | 68 -0.04060  6.58480e+00 | 69 -0.04999  1.23539e+00
 70 -0.04825 -2.90955e+00 | 71 -0.01830  4.83209e+00 | 72 -0.41380  3.05012e+01
 73 -0.31237 -5.87278e+00 | 74 -0.99127  1.01129e+00 | 75  1.10968 -1.81847e-02
 76  0.72807 -3.25954e+00 | 77  0.47781  7.62956e-02 | 78  0.07605  2.16203e-02
 79 -0.68618 -5.84791e-03 | 80 -0.10387  1.36515e+01 | 81  0.01206  6.28708e+00
81 variables; iteration 120; function evaluation 172; phase 3
Function value 1.5303192e+02; maximum gradient component mag -4.8365e+03
Var    Value     Gradient |Var    Value     Gradient |Var    Value     Gradient
  1  0.00493 -4.83651e+03 |  2  0.00775  9.69505e-01 |  3  0.00318 -2.57241e-01
  4 -0.00925  5.72347e-01 |  5 -0.00932  4.21076e-01 |  6 -0.00744  7.26107e-01
  7 -0.01171 -4.25233e-01 |  8 -0.00327  1.40542e+00 |  9 -0.01626 -1.74936e+00
 10  0.00820  3.79355e+00 | 11 -0.01260 -1.06741e+00 | 12 -0.00615  3.98194e-01
 13 -0.01001 -2.98112e-01 | 14 -0.01191 -3.85777e-01 | 15 -0.00424  1.88904e+00
 16 -0.01934 -1.36895e+00 | 17 -0.01805 -7.32969e-01 | 18  0.00419  4.70140e+00
 19 -0.01206  1.31031e+00 | 20 -0.00634  2.97160e+00 | 21  0.42982  7.01886e+01
 22 -0.01406  2.62150e+00 | 23 -0.02422  1.28965e+00 | 24 -0.02604  1.95715e+00
 25 -0.02132  4.36938e+00 | 26 -0.03515  2.76942e+00 | 27 -0.05272  1.85903e+00
 28 -0.06918  2.66429e+00 | 29 -0.08765  2.43625e+00 | 30 -0.11184  3.09653e-01
 31 -0.13343  1.06412e+00 | 32 -0.16803 -5.28190e+00 | 33 -0.17328 -2.65028e+00
 34 -0.12339 -2.86188e+00 | 35 -0.02316 -1.34828e+01 | 36 -0.02300 -1.57655e+00
 37  0.13002  7.36185e+01 | 38 -0.03223  2.21286e+01 | 39  0.20914  2.21479e+02
 40  0.01946  4.62588e+01 | 41  0.19911  2.28879e+02 | 42 -0.13296 -2.55906e+01
 43 -0.07718 -2.11041e+01 | 44  0.17371  1.18867e+02 | 45  0.03628  2.37015e+01
 46 -0.01277  7.98270e+00 | 47 -0.05072  5.28101e+00 | 48 -0.02472  1.35648e+01
 49 -0.09746 -1.96984e+01 | 50 -0.04859 -2.85593e+00 | 51  0.03170  9.64643e+01
 52 -0.14505  5.60016e+00 | 53 -0.16658 -2.51482e+01 | 54 -0.09182 -1.00077e+02
 55 -0.08553 -1.38501e+02 | 56 -0.15136 -1.01310e+02 | 57 -0.05430 -2.12406e+02
 58 -0.05107 -2.30688e+02 | 59  0.00332 -3.25319e+02 | 60 -0.15220 -1.25839e+02
 61 -0.04494 -2.85879e+02 | 62 -0.04318 -4.13307e+02 | 63 -0.10608 -2.66655e+02
 64 -0.12964 -2.25221e+02 | 65 -0.05063 -3.95763e+02 | 66 -0.14496 -1.59313e+02
 67 -0.08502 -1.83082e+02 | 68 -0.06262 -1.04282e+02 | 69 -0.11479 -1.08313e+01
 70 -0.10968  1.04346e-02 | 71 -0.09420  5.21481e+00 | 72 -0.41115 -1.03424e+03
 73 -0.28080  1.69869e+02 | 74 -1.00226  2.08175e-01 | 75  0.48360  6.24050e-03
 76  0.83939 -7.93802e-01 | 77  1.75243 -2.43078e-01 | 78  0.08879  3.65709e-03
 79 -1.04361  4.55512e-02 | 80  0.04825 -3.16477e+02 | 81  0.07264  3.85210e+02
81 variables; iteration 140; function evaluation 205; phase 3
Function value 1.2180007e+02; maximum gradient component mag -5.1081e+04
Var    Value     Gradient |Var    Value     Gradient |Var    Value     Gradient
  1  0.03881 -5.10808e+04 |  2 -0.00158 -6.46249e+01 |  3 -0.00460 -7.59322e+01
  4 -0.02181 -7.87810e+01 |  5 -0.01958 -9.33994e+01 |  6 -0.02194 -1.07338e+02
  7 -0.02154 -1.24145e+02 |  8 -0.02455 -1.39587e+02 |  9 -0.02061 -1.62526e+02
 10 -0.02756 -1.75244e+02 | 11 -0.02309 -2.01096e+02 | 12 -0.02429 -2.20146e+02
 13 -0.02589 -2.38519e+02 | 14 -0.02847 -2.54841e+02 | 15 -0.03424 -2.58780e+02
 16 -0.02537 -2.99908e+02 | 17 -0.02874 -3.22369e+02 | 18 -0.04055 -3.24344e+02
 19 -0.03931 -3.87702e+02 | 20 -0.03670 -4.40855e+02 | 21  0.21354 -3.09481e+03
 22 -0.03367 -4.74843e+02 | 23 -0.04076 -4.05812e+02 | 24 -0.04516 -3.56613e+02
 25 -0.04598 -3.74454e+02 | 26 -0.05056 -3.54278e+02 | 27 -0.05902 -3.40964e+02
 28 -0.08049 -3.07172e+02 | 29 -0.08286 -2.85189e+02 | 30 -0.08930 -2.47907e+02
 31 -0.11737 -1.86877e+02 | 32 -0.13313 -1.50303e+02 | 33 -0.15966 -1.27489e+02
 34 -0.13393 -1.94644e+02 | 35  0.02605 -9.44809e+02 | 36 -0.03463 -6.08892e+02
 37  0.06426 -1.33785e+03 | 38 -0.05028 -4.65875e+02 | 39  0.10305 -1.32080e+03
 40  0.05822 -8.83782e+02 | 41  0.05356 -7.13643e+02 | 42  0.01263 -4.64053e+02
 43 -0.02126 -3.23583e+02 | 44  0.07419 -7.42009e+02 | 45  0.01781 -4.41002e+02
 46 -0.00596 -3.01868e+02 | 47 -0.06050 -1.67658e+02 | 48  0.00209 -2.91636e+02
 49 -0.19294 -1.03219e+02 | 50 -0.02303 -2.77151e+02 | 51  0.01018 -2.97417e+02
 52 -0.22708 -8.37365e+01 | 53 -0.19678 -9.21812e+01 | 54 -0.17307 -1.61200e+02
 55 -0.15165 -1.91542e+02 | 56 -0.19331 -1.57475e+02 | 57 -0.15392 -2.69924e+02
 58 -0.07683 -5.32676e+02 | 59 -0.09552 -4.66221e+02 | 60 -0.20601 -2.19062e+02
 61 -0.10536 -4.63684e+02 | 62 -0.13111 -4.27981e+02 | 63 -0.16787 -3.11629e+02
 64 -0.17631 -2.87530e+02 | 65 -0.16532 -2.98044e+02 | 66 -0.15719 -2.00376e+02
 67 -0.16269 -1.15649e+02 | 68 -0.12835 -8.44956e+01 | 69 -0.18966 -1.20633e+01
 70 -0.17489  2.72882e+00 | 71 -0.18813  1.16647e+00 | 72 -0.41095 -2.95062e+03
 73 -0.24176  5.20628e+02 | 74 -1.06123  3.16922e+01 | 75 -0.65754 -5.26536e-03
 76 -0.09412 -3.27759e+02 | 77  2.12653 -6.82712e+01 | 78  0.06274 -3.24313e+00
 79 -1.41942 -1.82202e-01 | 80  0.20704 -4.22474e+02 | 81  0.14119  6.94859e+02
81 variables; iteration 160; function evaluation 228; phase 3
Function value 9.2501241e+01; maximum gradient component mag 3.2600e+04
Var    Value     Gradient |Var    Value     Gradient |Var    Value     Gradient
  1  0.04085  3.25997e+04 |  2  0.00461  4.97817e+01 |  3  0.00119  5.67724e+01
  4 -0.01482  5.92486e+01 |  5 -0.01399  7.02889e+01 |  6 -0.01508  8.09340e+01
  7 -0.02969  7.97718e+01 |  8 -0.02632  9.54017e+01 |  9 -0.03303  1.01538e+02
 10 -0.02936  1.19561e+02 | 11 -0.02936  1.33734e+02 | 12 -0.03236  1.43018e+02
 13 -0.03880  1.48083e+02 | 14 -0.03369  1.71215e+02 | 15 -0.03718  1.76186e+02
 16 -0.03747  1.90915e+02 | 17 -0.04163  2.01768e+02 | 18 -0.04371  2.15902e+02
 19 -0.04698  2.51132e+02 | 20 -0.03638  3.05241e+02 | 21  0.18549  1.84904e+03
 22 -0.01660  3.75842e+02 | 23 -0.02711  3.08103e+02 | 24 -0.05943  2.05686e+02
 25 -0.03463  2.73195e+02 | 26 -0.04929  2.30871e+02 | 27 -0.06849  1.94863e+02
 28 -0.07863  1.89598e+02 | 29 -0.06559  2.06563e+02 | 30 -0.08116  1.63093e+02
 31 -0.09973  1.31467e+02 | 32 -0.11551  1.13246e+02 | 33 -0.13997  9.66158e+01
 34 -0.11043  1.67313e+02 | 35  0.03484  6.92303e+02 | 36 -0.04323  3.95258e+02
 37  0.06342  9.55983e+02 | 38 -0.04301  3.83495e+02 | 39  0.08282  9.82290e+02
 40  0.08579  8.96324e+02 | 41  0.01801  4.38593e+02 | 42  0.00746  3.16518e+02
 43  0.02533  3.42010e+02 | 44  0.05948  4.11286e+02 | 45  0.02526  2.50368e+02
 46 -0.02114  1.26504e+02 | 47 -0.03264  8.96108e+01 | 48 -0.04662  7.90811e+01
 49 -0.02546  1.31217e+02 | 50 -0.01822  1.22005e+02 | 51 -0.02987  7.22249e+01
 52 -0.12538  1.41394e+02 | 53 -0.20564  9.57409e+01 | 54 -0.17721  1.36892e+02
 55 -0.19441  9.46348e+01 | 56 -0.16413  1.24361e+02 | 57 -0.19304  8.65821e+01
 58 -0.04393  3.94373e+02 | 59 -0.16198  1.45918e+02 | 60 -0.13942  1.62024e+02
 61 -0.13902  1.75341e+02 | 62 -0.18758  8.94786e+01 | 63 -0.11639  1.85153e+02
 64 -0.21986  5.05489e+01 | 65 -0.23737  1.39856e+01 | 66 -0.10913  1.23846e+02
 67 -0.21035  2.01791e+01 | 68 -0.11758  3.55947e+01 | 69 -0.17545  5.04704e+00
 70 -0.14131  1.96995e+00 | 71 -0.15600 -5.87689e-01 | 72 -0.43474  3.86229e+03
 73 -0.42535 -1.77255e+02 | 74 -0.99768  4.06576e-01 | 75  0.09775 -6.71133e-03
 76 -0.09873  2.43766e+02 | 77  2.18397  3.29214e+01 | 78  0.06963 -6.78875e+00
 79 -1.52044 -7.42690e-01 | 80  0.52530 -1.97393e+01 | 81  0.24471 -1.89601e+02
81 variables; iteration 180; function evaluation 253; phase 3
Function value 7.9111299e+01; maximum gradient component mag 3.7588e+04
Var    Value     Gradient |Var    Value     Gradient |Var    Value     Gradient
  1  0.04152  3.75877e+04 |  2 -0.00228  5.89200e+01 |  3 -0.00331  6.95699e+01
  4 -0.01794  7.38110e+01 |  5 -0.02442  8.09500e+01 |  6 -0.02374  9.55703e+01
  7 -0.02455  1.10159e+02 |  8 -0.02003  1.32877e+02 |  9 -0.02880  1.39584e+02
 10 -0.01254  1.84681e+02 | 11 -0.01994  1.93535e+02 | 12 -0.01566  2.22256e+02
 13 -0.02389  2.27725e+02 | 14 -0.02367  2.50700e+02 | 15 -0.03526  2.40500e+02
 16 -0.03407  2.64816e+02 | 17 -0.04701  2.60058e+02 | 18 -0.03216  3.24318e+02
 19 -0.06198  2.93722e+02 | 20 -0.03717  4.02271e+02 | 21  0.17012  2.16404e+03
 22 -0.02863  4.44775e+02 | 23 -0.04715  3.40700e+02 | 24 -0.04489  3.13760e+02
 25 -0.04656  3.25820e+02 | 26 -0.05716  2.87885e+02 | 27 -0.05210  3.11487e+02
 28 -0.07277  2.78094e+02 | 29 -0.06008  3.00660e+02 | 30 -0.06785  2.56908e+02
 31 -0.09728  1.82490e+02 | 32 -0.13066  1.23123e+02 | 33 -0.15009  1.06354e+02
 34 -0.13376  1.56562e+02 | 35  0.03788  9.01420e+02 | 36 -0.06133  4.24321e+02
 37  0.06765  1.29292e+03 | 38 -0.05200  4.47080e+02 | 39  0.07680  1.09100e+03
 40  0.08153  1.04077e+03 | 41  0.02037  5.58105e+02 | 42  0.02044  4.42573e+02
 43 -0.00247  3.10031e+02 | 44  0.06662  5.47811e+02 | 45  0.01986  3.08705e+02
 46 -0.02173  1.65159e+02 | 47 -0.04691  1.05666e+02 | 48 -0.03219  1.24819e+02
 49 -0.05946  8.84267e+01 | 50 -0.02681  1.42621e+02 | 51 -0.00064  1.59258e+02
 52 -0.12623  8.86174e+01 | 53 -0.20252  4.62142e+01 | 54 -0.21504  3.09639e+01
 55 -0.18741  4.17140e+01 | 56 -0.15520  8.12340e+01 | 57 -0.18378  5.71697e+01
 58 -0.04557  2.38416e+02 | 59 -0.20637  4.98188e+01 | 60 -0.10752  1.45664e+02
 61 -0.14100  1.12940e+02 | 62 -0.23985  3.77834e+00 | 63 -0.11412  9.12474e+01
 64 -0.19571  3.07562e+01 | 65 -0.28201 -3.08490e+01 | 66 -0.10898  2.54328e+01
 67 -0.21085 -9.25091e+00 | 68 -0.13232 -4.98755e+00 | 69 -0.16128  3.85897e-01
 70 -0.14753  3.04866e-02 | 71 -0.15523 -4.77061e-01 | 72 -0.43373  4.65987e+03
 73 -0.44034 -2.34264e+02 | 74 -0.95861  1.73006e+01 | 75 -0.06006 -1.65520e-03
 76  0.01592  2.47001e+02 | 77  2.04336  1.39958e+02 | 78  0.08502 -3.11016e-03
 79 -1.49391  3.20227e-03 | 80  0.75002 -1.69522e+01 | 81  0.32068 -3.20169e+01
81 variables; iteration 200; function evaluation 276; phase 3
Function value 7.4705659e+01; maximum gradient component mag 3.3274e+04
Var    Value     Gradient |Var    Value     Gradient |Var    Value     Gradient
  1  0.04314  3.32742e+04 |  2 -0.00608  5.81501e+01 |  3 -0.00745  6.85065e+01
  4 -0.02289  7.20331e+01 |  5 -0.02624  8.19376e+01 |  6 -0.02710  9.53006e+01
  7 -0.02682  1.11346e+02 |  8 -0.03187  1.22278e+02 |  9 -0.03253  1.39332e+02
 10 -0.02640  1.67746e+02 | 11 -0.02810  1.85346e+02 | 12 -0.02347  2.13369e+02
 13 -0.02933  2.22689e+02 | 14 -0.03747  2.26455e+02 | 15 -0.04157  2.32390e+02
 16 -0.03803  2.62760e+02 | 17 -0.04217  2.79798e+02 | 18 -0.04031  3.09699e+02
 19 -0.05628  3.15286e+02 | 20 -0.04354  3.84730e+02 | 21  0.14156  1.75616e+03
 22 -0.03904  4.02192e+02 | 23 -0.04301  3.49165e+02 | 24 -0.04258  3.15605e+02
 25 -0.04501  3.24200e+02 | 26 -0.05105  2.97796e+02 | 27 -0.04832  3.15060e+02
 28 -0.05587  3.17901e+02 | 29 -0.05671  2.99205e+02 | 30 -0.06025  2.62191e+02
 31 -0.09131  1.82760e+02 | 32 -0.12815  1.17640e+02 | 33 -0.14815  9.75551e+01
 34 -0.13883  1.34627e+02 | 35  0.03922  8.70536e+02 | 36 -0.05447  4.19051e+02
 37  0.06102  1.08806e+03 | 38 -0.06067  3.58277e+02 | 39  0.07141  8.72557e+02
 40  0.07665  7.96747e+02 | 41  0.01662  4.34016e+02 | 42  0.01750  3.35888e+02
 43 -0.00496  2.35789e+02 | 44  0.06590  4.48076e+02 | 45  0.01727  2.53819e+02
 46 -0.02000  1.47738e+02 | 47 -0.03978  1.02573e+02 | 48 -0.03994  9.99099e+01
 49 -0.04762  9.55938e+01 | 50 -0.03849  1.18145e+02 | 51  0.00868  1.69565e+02
 52 -0.14153  6.36068e+01 | 53 -0.20348  4.14858e+01 | 54 -0.21848  3.36437e+01
 55 -0.17405  4.86529e+01 | 56 -0.16915  5.07043e+01 | 57 -0.18515  2.91120e+01
 58 -0.05099  1.30002e+02 | 59 -0.22325  1.38019e+01 | 60 -0.08686  1.07800e+02
 61 -0.17517  3.86107e+01 | 62 -0.23994 -8.78268e+00 | 63 -0.10266  9.75655e+01
 64 -0.20586  2.85421e+01 | 65 -0.28149 -2.67131e+01 | 66 -0.10790  4.32827e+01
 67 -0.22628 -7.07888e+00 | 68 -0.12452  4.16829e+00 | 69 -0.17446  3.89283e-01
 70 -0.16180 -6.02761e-01 | 71 -0.16785 -6.97897e-01 | 72 -0.43652  4.09492e+03
 73 -0.46107 -1.47289e+02 | 74 -0.93297  1.78485e+01 | 75 -0.02291 -2.33163e-03
 76  0.16664  1.88002e+02 | 77  2.05991  9.39213e+01 | 78  0.09106 -2.64822e-03
 79 -1.52681  2.88750e-03 | 80  0.78139 -1.57913e+01 | 81  0.31882 -2.59513e+01
81 variables; iteration 220; function evaluation 300; phase 3
Function value 6.8898376e+01; maximum gradient component mag 5.3913e+04
Var    Value     Gradient |Var    Value     Gradient |Var    Value     Gradient
  1  0.04584  5.39127e+04 |  2  0.00053  9.91117e+01 |  3  0.00059  1.18526e+02
  4 -0.01183  1.28563e+02 |  5 -0.02539  1.33009e+02 |  6 -0.01973  1.65264e+02
  7 -0.02757  1.79534e+02 |  8 -0.00607  2.53080e+02 |  9 -0.02126  2.54397e+02
 10 -0.01844  2.97241e+02 | 11 -0.02994  3.03934e+02 | 12 -0.00441  4.22106e+02
 13 -0.02575  3.92351e+02 | 14 -0.01235  4.85593e+02 | 15 -0.03176  4.43357e+02
 16 -0.04245  4.43962e+02 | 17 -0.04597  4.78040e+02 | 18 -0.02765  6.14560e+02
 19 -0.05973  5.43482e+02 | 20 -0.04052  6.82878e+02 | 21  0.08294  1.86970e+03
 22 -0.03354  7.15037e+02 | 23 -0.06433  5.09970e+02 | 24 -0.03968  5.82307e+02
 25 -0.04513  5.91252e+02 | 26 -0.04437  5.83449e+02 | 27 -0.04669  5.88911e+02
 28 -0.06548  5.42165e+02 | 29 -0.03944  6.57216e+02 | 30 -0.05597  5.18512e+02
 31 -0.09899  3.16383e+02 | 32 -0.14011  1.89944e+02 | 33 -0.14856  1.76881e+02
 34 -0.13939  2.46716e+02 | 35  0.03823  1.54257e+03 | 36 -0.07431  6.25949e+02
 37  0.05828  1.78864e+03 | 38 -0.10003  4.37047e+02 | 39  0.07449  1.51231e+03
 40  0.05949  1.17492e+03 | 41  0.00865  6.82172e+02 | 42  0.01359  5.67914e+02
 43 -0.02430  3.47002e+02 | 44  0.06290  7.36146e+02 | 45  0.00957  4.05847e+02
 46 -0.04502  2.02060e+02 | 47 -0.03589  1.85446e+02 | 48 -0.05506  1.43879e+02
 49 -0.04561  1.51065e+02 | 50 -0.06511  1.20118e+02 | 51  0.00929  2.28884e+02
 52 -0.15017  8.33253e+01 | 53 -0.21562  5.47462e+01 | 54 -0.20971  7.39780e+01
 55 -0.16160  9.20854e+01 | 56 -0.22168  3.52003e+01 | 57 -0.14497  9.51238e+01
 58 -0.06547  1.30653e+02 | 59 -0.27521 -9.21910e+00 | 60 -0.06630  1.84487e+02
 61 -0.21711  3.80247e+01 | 62 -0.19694  3.05101e+01 | 63 -0.11689  1.15584e+02
 64 -0.22354  3.93700e+01 | 65 -0.23307  7.83683e+00 | 66 -0.12156  6.34315e+01
 67 -0.22870 -1.43045e+00 | 68 -0.13038  9.70957e+00 | 69 -0.17239  2.93142e+00
 70 -0.16826 -9.51369e-01 | 71 -0.17347 -6.92406e-01 | 72 -0.44083  1.29600e+04
 73 -0.63849 -1.45910e+02 | 74 -0.78082  1.70595e+02 | 75  1.44832  1.73830e-01
 76  0.45789  1.87222e+02 | 77  1.88677  3.49953e+02 | 78  0.09412 -7.00076e-01
 79 -1.63792 -1.77862e-01 | 80  0.80776 -1.00392e+01 | 81  0.37516 -1.85476e+01
81 variables; iteration 240; function evaluation 324; phase 3
Function value 6.5442932e+01; maximum gradient component mag 3.3713e+04
Var    Value     Gradient |Var    Value     Gradient |Var    Value     Gradient
  1  0.04651  3.37125e+04 |  2 -0.00295  6.10898e+01 |  3 -0.00155  7.43140e+01
  4 -0.01635  7.88791e+01 |  5 -0.02272  8.70355e+01 |  6 -0.02202  1.03267e+02
  7 -0.02156  1.21374e+02 |  8 -0.01435  1.51061e+02 |  9 -0.02057  1.63811e+02
 10 -0.02098  1.86051e+02 | 11 -0.02832  1.96545e+02 | 12 -0.01052  2.57081e+02
 13 -0.02635  2.48845e+02 | 14 -0.01677  2.99420e+02 | 15 -0.03566  2.72968e+02
 16 -0.04243  2.82265e+02 | 17 -0.04482  3.06550e+02 | 18 -0.03202  3.77317e+02
 19 -0.05524  3.56721e+02 | 20 -0.04114  4.26567e+02 | 21  0.06363  1.01268e+03
 22 -0.04010  4.19270e+02 | 23 -0.06246  3.20681e+02 | 24 -0.03759  3.71242e+02
 25 -0.04527  3.69510e+02 | 26 -0.04279  3.70908e+02 | 27 -0.04130  3.87488e+02
 28 -0.05899  3.56098e+02 | 29 -0.04306  3.91654e+02 | 30 -0.05581  3.15011e+02
 31 -0.09949  1.89166e+02 | 32 -0.13480  1.18567e+02 | 33 -0.14487  1.08030e+02
 34 -0.14078  1.44553e+02 | 35  0.04105  1.01095e+03 | 36 -0.07411  4.04139e+02
 37  0.05715  1.14704e+03 | 38 -0.10296  2.75871e+02 | 39  0.07321  9.83890e+02
 40  0.05943  7.53979e+02 | 41  0.00087  4.16762e+02 | 42  0.02038  3.79672e+02
 43 -0.03000  2.02046e+02 | 44  0.06316  4.50792e+02 | 45  0.00628  2.38309e+02
 46 -0.03595  1.31974e+02 | 47 -0.04128  1.07720e+02 | 48 -0.05158  9.30302e+01
 49 -0.04859  1.01594e+02 | 50 -0.05670  1.04784e+02 | 51  0.00585  1.85152e+02
 52 -0.14285  9.20500e+01 | 53 -0.21041  5.26250e+01 | 54 -0.23028  3.83741e+01
 55 -0.17153  5.53546e+01 | 56 -0.18159  4.84092e+01 | 57 -0.17821  4.39269e+01
 58 -0.05951  1.22797e+02 | 59 -0.24947  5.75437e+00 | 60 -0.06879  1.04977e+02
 61 -0.25654 -4.09693e+00 | 62 -0.15695  1.13124e+01 | 63 -0.13094  3.25263e+01
 64 -0.23275  7.21417e+00 | 65 -0.20689 -2.51495e+00 | 66 -0.13474  1.61250e+01
 67 -0.21208 -6.25991e+00 | 68 -0.13418 -1.91528e+00 | 69 -0.17378 -5.32560e-01
 70 -0.17384 -6.43600e-01 | 71 -0.18161 -8.34010e-01 | 72 -0.44128  8.24461e+03
 73 -0.66120 -7.58064e+01 | 74 -0.77189  1.37941e+02 | 75  1.25509  2.37509e-02
 76  0.55254  9.49729e+01 | 77  1.85998  2.31793e+02 | 78  0.09659 -6.23136e-02
 79 -1.62331 -1.25511e-02 | 80  0.81377 -1.54476e+01 | 81  0.40038 -3.79242e-01
81 variables; iteration 260; function evaluation 346; phase 3
Function value 6.2884753e+01; maximum gradient component mag 2.0299e+04
Var    Value     Gradient |Var    Value     Gradient |Var    Value     Gradient
  1  0.04645  2.02992e+04 |  2 -0.00273  3.58874e+01 |  3 -0.00044  4.43816e+01
  4 -0.01596  4.67795e+01 |  5 -0.01892  5.32583e+01 |  6 -0.01937  6.23707e+01
  7 -0.01978  7.26419e+01 |  8 -0.01599  8.79263e+01 |  9 -0.01781  9.92587e+01
 10 -0.01910  1.11713e+02 | 11 -0.02311  1.21286e+02 | 12 -0.01569  1.45146e+02
 13 -0.02104  1.53767e+02 | 14 -0.02325  1.67089e+02 | 15 -0.03282  1.65168e+02
 16 -0.03658  1.75790e+02 | 17 -0.03824  1.92340e+02 | 18 -0.03034  2.27586e+02
 19 -0.04673  2.26887e+02 | 20 -0.03783  2.59036e+02 | 21  0.05137  5.52036e+02
 22 -0.04101  2.45970e+02 | 23 -0.04972  2.14230e+02 | 24 -0.03558  2.28249e+02
 25 -0.04506  2.21342e+02 | 26 -0.04601  2.15020e+02 | 27 -0.04394  2.27106e+02
 28 -0.05345  2.23684e+02 | 29 -0.05268  2.12902e+02 | 30 -0.06496  1.70208e+02
 31 -0.10406  1.06431e+02 | 32 -0.13346  7.16255e+01 | 33 -0.14470  6.59364e+01
 34 -0.13331  9.52550e+01 | 35  0.04008  5.96350e+02 | 36 -0.07251  2.45358e+02
 37  0.05463  6.85859e+02 | 38 -0.09124  1.89130e+02 | 39  0.06829  5.90695e+02
 40  0.06577  4.97237e+02 | 41 -0.00913  2.46094e+02 | 42  0.01901  2.34376e+02
 43 -0.02017  1.39923e+02 | 44  0.06144  2.76997e+02 | 45  0.00308  1.45516e+02
 46 -0.02915  8.95074e+01 | 47 -0.04782  6.25844e+01 | 48 -0.04922  5.75523e+01
 49 -0.04702  5.76187e+01 | 50 -0.06169  4.79359e+01 | 51  0.00789  8.41967e+01
 52 -0.14434  3.48527e+01 | 53 -0.20622  2.18858e+01 | 54 -0.23445  1.46560e+01
 55 -0.16600  2.97372e+01 | 56 -0.18046  2.51576e+01 | 57 -0.17637  2.05359e+01
 58 -0.05923  5.99791e+01 | 59 -0.24331 -1.33417e+00 | 60 -0.07838  5.67070e+01
 61 -0.21459  1.56551e+01 | 62 -0.15317  2.68225e+01 | 63 -0.13813  3.48950e+01
 64 -0.23779  1.33015e+01 | 65 -0.18615  2.11828e+01 | 66 -0.15261  1.91535e+01
 67 -0.18905  1.16931e+01 | 68 -0.14072  9.01906e+00 | 69 -0.16776  2.74347e+00
 70 -0.17068 -1.25814e-01 | 71 -0.17846 -3.02038e-01 | 72 -0.44136  5.01073e+03
 73 -0.66255 -4.46037e+01 | 74 -0.76851  9.19802e+01 | 75  1.04111 -4.62876e-02
 76  0.63867  4.62572e+01 | 77  1.85582  1.43311e+02 | 78  0.10991 -1.64918e-02
 79 -1.42538  3.98019e-03 | 80  0.96568 -2.00300e+00 | 81  0.51526  2.98550e+00
81 variables; iteration 280; function evaluation 367; phase 3
Function value 6.2454530e+01; maximum gradient component mag 6.0054e+03
Var    Value     Gradient |Var    Value     Gradient |Var    Value     Gradient
  1  0.04657  6.00543e+03 |  2 -0.00274  1.07503e+01 |  3 -0.00333  1.27628e+01
  4 -0.01795  1.38734e+01 |  5 -0.02087  1.53659e+01 |  6 -0.02017  1.85362e+01
  7 -0.02053  2.16562e+01 |  8 -0.01661  2.70737e+01 |  9 -0.01993  2.95159e+01
 10 -0.02064  3.33676e+01 | 11 -0.02296  3.64868e+01 | 12 -0.01710  4.38442e+01
 13 -0.02345  4.51299e+01 | 14 -0.02291  5.11755e+01 | 15 -0.03280  4.91790e+01
 16 -0.03702  5.13315e+01 | 17 -0.03830  5.62598e+01 | 18 -0.03044  6.79470e+01
 19 -0.04497  6.70552e+01 | 20 -0.03567  7.87324e+01 | 21  0.04765  1.76334e+02
 22 -0.03838  7.46348e+01 | 23 -0.04610  6.43398e+01 | 24 -0.03677  6.75812e+01
 25 -0.04232  6.76763e+01 | 26 -0.04356  6.60924e+01 | 27 -0.04533  6.81867e+01
 28 -0.05540  6.66914e+01 | 29 -0.05545  6.48418e+01 | 30 -0.06805  5.23905e+01
 31 -0.10478  3.32487e+01 | 32 -0.13418  2.12298e+01 | 33 -0.14496  2.03004e+01
 34 -0.13173  2.87921e+01 | 35  0.03943  1.85077e+02 | 36 -0.07195  7.82371e+01
 37  0.05390  2.12894e+02 | 38 -0.09111  5.52809e+01 | 39  0.06567  1.82345e+02
 40  0.06948  1.54669e+02 | 41 -0.01857  8.03361e+01 | 42  0.02055  7.15040e+01
 43 -0.01899  4.35296e+01 | 44  0.05986  8.83396e+01 | 45  0.00478  4.64247e+01
 46 -0.03285  2.58565e+01 | 47 -0.04716  1.83268e+01 | 48 -0.05088  1.51876e+01
 49 -0.04670  1.36215e+01 | 50 -0.06568  8.21613e+00 | 51  0.00937  2.08071e+01
 52 -0.14723  1.85079e+00 | 53 -0.20593  4.72484e-01 | 54 -0.23584 -3.21531e+00
 55 -0.16349  3.43857e-01 | 56 -0.18876 -2.19318e+00 | 57 -0.16642  9.95383e-01
 58 -0.06416  1.36331e+00 | 59 -0.22260  1.03271e-01 | 60 -0.08360  1.10788e+01
 61 -0.21754  1.41948e+00 | 62 -0.14258  9.51801e+00 | 63 -0.14836  4.39126e+00
 64 -0.23242  3.18223e+00 | 65 -0.18839  5.32998e+00 | 66 -0.15074  3.52824e+00
 67 -0.19351  5.81304e-01 | 68 -0.14030  6.29761e-01 | 69 -0.16913 -6.92830e-02
 70 -0.17047 -1.62883e-01 | 71 -0.17756 -1.19980e-01 | 72 -0.44128  1.41800e+03
 73 -0.67317 -1.24665e+01 | 74 -0.76382  3.15293e+01 | 75  1.53659  8.67328e-02
 76  0.67412  1.37802e+01 | 77  1.85100  4.08896e+01 | 78  0.11442 -3.69827e-02
 79 -1.33651  5.37898e-03 | 80  1.01208  6.85311e-01 | 81  0.55448  3.93875e+00
81 variables; iteration 300; function evaluation 390; phase 3
Function value 6.2089330e+01; maximum gradient component mag 1.7336e+04
Var    Value     Gradient |Var    Value     Gradient |Var    Value     Gradient
  1  0.04582  1.73358e+04 |  2 -0.00198  3.14631e+01 |  3 -0.00131  3.80456e+01
  4 -0.01894  3.89225e+01 |  5 -0.01830  4.64979e+01 |  6 -0.01845  5.46113e+01
  7 -0.01911  6.33403e+01 |  8 -0.01932  7.33563e+01 |  9 -0.02151  8.24397e+01
 10 -0.02040  9.52022e+01 | 11 -0.02295  1.04784e+02 | 12 -0.01493  1.26292e+02
 13 -0.02168  1.31733e+02 | 14 -0.02253  1.45070e+02 | 15 -0.03221  1.43106e+02
 16 -0.03303  1.56751e+02 | 17 -0.03378  1.72976e+02 | 18 -0.02841  1.99829e+02
 19 -0.04250  2.02909e+02 | 20 -0.03640  2.25460e+02 | 21  0.04632  4.58444e+02
 22 -0.03502  2.23868e+02 | 23 -0.04491  1.93972e+02 | 24 -0.03364  2.02202e+02
 25 -0.04089  2.00579e+02 | 26 -0.04011  1.98250e+02 | 27 -0.04268  1.99439e+02
 28 -0.05495  1.89669e+02 | 29 -0.05417  1.80217e+02 | 30 -0.06771  1.41949e+02
 31 -0.10715  8.79196e+01 | 32 -0.13329  6.22268e+01 | 33 -0.14420  5.93861e+01
 34 -0.12763  9.09504e+01 | 35  0.04061  5.20627e+02 | 36 -0.07117  2.11730e+02
 37  0.05477  5.70125e+02 | 38 -0.08936  1.55552e+02 | 39  0.06543  4.61823e+02
 40  0.07473  4.34064e+02 | 41 -0.03271  1.64652e+02 | 42  0.02996  2.12688e+02
 43 -0.02461  1.15632e+02 | 44  0.06322  2.41839e+02 | 45  0.00225  1.24751e+02
 46 -0.02808  7.78324e+01 | 47 -0.04998  5.28311e+01 | 48 -0.04567  5.23260e+01
 49 -0.04889  4.49751e+01 | 50 -0.06087  3.74881e+01 | 51  0.00898  6.61181e+01
 52 -0.14561  2.19515e+01 | 53 -0.20796  1.39480e+01 | 54 -0.22911  1.18614e+01
 55 -0.16478  2.40070e+01 | 56 -0.18671  1.93122e+01 | 57 -0.16352  2.70653e+01
 58 -0.06425  5.15507e+01 | 59 -0.21885  1.58745e+01 | 60 -0.08181  5.22936e+01
 61 -0.22102  1.04780e+01 | 62 -0.14299  2.61027e+01 | 63 -0.14382  2.20792e+01
 64 -0.23986  5.83261e+00 | 65 -0.18263  1.40087e+01 | 66 -0.15389  9.76335e+00
 67 -0.18842  7.08887e+00 | 68 -0.14045  5.78608e+00 | 69 -0.16776  1.19488e+00
 70 -0.16801 -4.91770e-03 | 71 -0.17519 -2.12723e-02 | 72 -0.44105  4.84705e+03
 73 -0.67487 -4.61210e+01 | 74 -0.76202  1.23624e+02 | 75  1.05172 -3.50184e-02
 76  0.71565  3.14466e+01 | 77  1.85181  1.28078e+02 | 78  0.12117 -2.56036e-01
 79 -1.27140  6.91665e-03 | 80  0.99224 -2.30458e-01 | 81  0.52959  3.56706e+00
81 variables; iteration 320; function evaluation 416; phase 3
Function value 6.0377353e+01; maximum gradient component mag 2.0680e+04
Var    Value     Gradient |Var    Value     Gradient |Var    Value     Gradient
  1  0.04563  2.06795e+04 |  2 -0.00125  3.65841e+01 |  3  0.00021  4.46452e+01
  4 -0.01635  4.63930e+01 |  5 -0.01532  5.55293e+01 |  6 -0.01956  6.20253e+01
  7 -0.01416  7.71032e+01 |  8 -0.02062  8.33269e+01 |  9 -0.01432  1.02520e+02
 10 -0.01896  1.11494e+02 | 11 -0.01784  1.27429e+02 | 12 -0.01428  1.46793e+02
 13 -0.01474  1.62934e+02 | 14 -0.02314  1.67234e+02 | 15 -0.02897  1.72061e+02
 16 -0.02366  2.00303e+02 | 17 -0.02282  2.24377e+02 | 18 -0.02535  2.40626e+02
 19 -0.03138  2.61330e+02 | 20 -0.02874  2.75550e+02 | 21 -0.00248  3.43145e+02
 22 -0.03413  2.56270e+02 | 23 -0.03288  2.54067e+02 | 24 -0.02608  2.57248e+02
 25 -0.03819  2.44206e+02 | 26 -0.03710  2.41953e+02 | 27 -0.03695  2.49311e+02
 28 -0.04781  2.38132e+02 | 29 -0.05962  1.96730e+02 | 30 -0.07430  1.50655e+02
 31 -0.10755  9.92557e+01 | 32 -0.13509  6.81645e+01 | 33 -0.14446  6.50906e+01
 34 -0.13196  9.46287e+01 | 35  0.04314  5.94903e+02 | 36 -0.07051  2.31991e+02
 37  0.05298  6.00981e+02 | 38 -0.07714  1.83376e+02 | 39  0.05736  4.58200e+02
 40  0.08778  5.61915e+02 | 41 -0.08771  1.18518e+02 | 42  0.04834  3.17468e+02
 43 -0.03558  1.38793e+02 | 44  0.06473  3.14061e+02 | 45 -0.00072  1.59532e+02
 46 -0.02170  1.08715e+02 | 47 -0.05379  6.31700e+01 | 48 -0.04616  6.03285e+01
 49 -0.04639  5.15889e+01 | 50 -0.06795  3.53432e+01 | 51  0.01158  8.47034e+01
 52 -0.14785  3.33095e+01 | 53 -0.20788  2.57707e+01 | 54 -0.22520  2.64578e+01
 55 -0.16826  4.59081e+01 | 56 -0.18355  4.27132e+01 | 57 -0.16811  5.04361e+01
 58 -0.06037  1.18699e+02 | 59 -0.22588  2.24571e+01 | 60 -0.08692  9.75079e+01
 61 -0.21488  3.62510e+01 | 62 -0.12917  7.66813e+01 | 63 -0.16524  3.42077e+01
 64 -0.22188  2.34195e+01 | 65 -0.18729  2.29884e+01 | 66 -0.15278  2.17509e+01
 67 -0.18817  1.40569e+01 | 68 -0.13878  1.50046e+01 | 69 -0.16693  5.32472e+00
 70 -0.16464  1.02398e+00 | 71 -0.17182  9.42133e-01 | 72 -0.44129  6.67999e+03
 73 -0.70160 -5.41143e+01 | 74 -0.75878  2.23567e+02 | 75  0.94168  2.81173e-02
 76  1.06622 -8.13497e+00 | 77  1.83314  1.46526e+02 | 78  0.13511 -1.12931e+02
 79 -0.95275  2.36955e-01 | 80  0.92417 -4.13658e+00 | 81  0.43749  3.53506e+00
81 variables; iteration 340; function evaluation 439; phase 3
Function value 5.8487321e+01; maximum gradient component mag -1.0278e+03
Var    Value     Gradient |Var    Value     Gradient |Var    Value     Gradient
  1  0.04576 -1.02777e+03 |  2 -0.00624 -3.78476e+00 |  3 -0.00472 -3.88775e+00
  4 -0.01892 -3.64174e+00 |  5 -0.01217 -2.69566e+00 |  6 -0.01817 -4.61175e+00
  7 -0.01457 -4.54092e+00 |  8 -0.02811 -8.07913e+00 |  9 -0.01696 -6.65113e+00
 10 -0.01850 -7.87681e+00 | 11 -0.00938 -7.23898e+00 | 12 -0.02410 -1.12955e+01
 13 -0.00493 -8.96418e+00 | 14 -0.03888 -1.46852e+01 | 15 -0.02614 -1.27387e+01
 16 -0.01871 -1.32326e+01 | 17 -0.01640 -1.48687e+01 | 18 -0.01590 -1.73723e+01
 19 -0.02294 -1.93213e+01 | 20 -0.02957 -2.05614e+01 | 21 -0.04434 -2.21130e+01
 22 -0.03195 -2.05428e+01 | 23 -0.01779 -1.91422e+01 | 24 -0.01952 -1.82489e+01
 25 -0.03301 -1.97845e+01 | 26 -0.04062 -1.91611e+01 | 27 -0.03465 -1.71642e+01
 28 -0.03514 -1.57788e+01 | 29 -0.07492 -1.94036e+01 | 30 -0.08068 -1.60399e+01
 31 -0.10836 -1.18376e+01 | 32 -0.12912 -8.21311e+00 | 33 -0.14310 -7.65897e+00
 34 -0.12589 -1.06019e+01 | 35  0.04420 -4.73401e+01 | 36 -0.07531 -2.13072e+01
 37  0.05298 -3.73037e+01 | 38 -0.05993 -9.57216e+00 | 39  0.04486 -1.99933e+01
 40  0.09734  4.90583e+00 | 41 -0.14687 -1.12944e+01 | 42  0.05425  2.27954e+00
 43 -0.03179  5.25227e+00 | 44  0.06240 -6.67388e+00 | 45 -0.00406 -3.36773e+00
 46 -0.01411  1.29631e+00 | 47 -0.06338 -5.96027e+00 | 48 -0.04085 -1.89724e+00
 49 -0.04720 -2.33995e+00 | 50 -0.06201 -4.13500e+00 | 51  0.00851  2.74175e-01
 52 -0.15113  4.29058e+00 | 53 -0.21162  2.65105e+00 | 54 -0.22939 -8.80320e-01
 55 -0.17308  5.54433e+00 | 56 -0.18905  6.07044e+00 | 57 -0.16865  7.04480e+00
 58 -0.06264  1.69126e+01 | 59 -0.22164 -1.01294e+01 | 60 -0.09063  2.00501e+01
 61 -0.22658 -6.26683e+00 | 62 -0.14821 -1.32081e-03 | 63 -0.14908  9.85991e+00
 64 -0.23349  1.24905e+00 | 65 -0.19071  4.67510e-01 | 66 -0.15211  9.35681e+00
 67 -0.18920  2.67147e+00 | 68 -0.13880  2.20240e+00 | 69 -0.17781  4.46680e-01
 70 -0.17157  1.82934e-01 | 71 -0.17746  2.15409e-01 | 72 -0.44122  5.84511e+01
 73 -0.71042 -2.40971e-01 | 74 -0.75606 -2.96552e+01 | 75  0.55395  4.82491e-02
 76  1.39916  2.12926e+00 | 77  1.86153 -1.25964e+01 | 78  0.13569  5.23821e+01
 79 -0.90021  6.73928e-01 | 80  0.87865 -9.95912e+00 | 81  0.32312  1.41156e+01
81 variables; iteration 360; function evaluation 462; phase 3
Function value 5.7757677e+01; maximum gradient component mag 1.3259e+04
Var    Value     Gradient |Var    Value     Gradient |Var    Value     Gradient
  1  0.04603  1.32591e+04 |  2 -0.00316  2.32129e+01 |  3 -0.00371  2.76343e+01
  4 -0.01953  2.90564e+01 |  5 -0.01771  3.54486e+01 |  6 -0.01980  4.05154e+01
  7 -0.01825  4.84445e+01 |  8 -0.02381  5.24578e+01 |  9 -0.01793  6.50794e+01
 10 -0.02075  7.19654e+01 | 11 -0.01197  8.94935e+01 | 12 -0.02558  8.58447e+01
 13 -0.01162  1.10796e+02 | 14 -0.03916  9.26128e+01 | 15 -0.02689  1.15436e+02
 16 -0.02069  1.36451e+02 | 17 -0.01927  1.54016e+02 | 18 -0.01454  1.75925e+02
 19 -0.02346  1.84423e+02 | 20 -0.02750  1.79997e+02 | 21 -0.04939  1.43192e+02
 22 -0.02693  1.78744e+02 | 23 -0.01107  2.09016e+02 | 24 -0.02074  1.83899e+02
 25 -0.02534  1.83952e+02 | 26 -0.04390  1.48736e+02 | 27 -0.03765  1.61137e+02
 28 -0.04139  1.62218e+02 | 29 -0.07674  1.01223e+02 | 30 -0.07912  8.70385e+01
 31 -0.10493  6.44048e+01 | 32 -0.12728  5.06903e+01 | 33 -0.14375  4.59504e+01
 34 -0.12281  7.57917e+01 | 35  0.04207  4.17012e+02 | 36 -0.07344  1.61106e+02
 37  0.05040  4.37364e+02 | 38 -0.04950  1.76429e+02 | 39  0.03679  2.54315e+02
 40  0.09888  4.25612e+02 | 41 -0.15570  3.27157e+01 | 42  0.05668  2.14860e+02
 43 -0.04623  7.78591e+01 | 44  0.06372  1.78528e+02 | 45 -0.00207  8.95394e+01
 46 -0.02389  6.13211e+01 | 47 -0.05215  3.74126e+01 | 48 -0.04707  3.72902e+01
 49 -0.04679  3.94154e+01 | 50 -0.05905  3.42553e+01 | 51  0.00462  5.42702e+01
 52 -0.15265  2.70446e+01 | 53 -0.21758  1.32942e+01 | 54 -0.22013  1.23905e+01
 55 -0.18598  1.53741e+01 | 56 -0.18395  2.09584e+01 | 57 -0.17334  1.75210e+01
 58 -0.06410  4.92832e+01 | 59 -0.20127  6.73801e+00 | 60 -0.10998  3.29860e+01
 61 -0.20857  8.25298e+00 | 62 -0.14865  1.46253e+01 | 63 -0.16114  1.44764e+01
 64 -0.22995  5.98030e+00 | 65 -0.18715  5.28485e+00 | 66 -0.16146  6.90149e+00
 67 -0.18255  3.46469e+00 | 68 -0.14188  2.39517e+00 | 69 -0.17986  7.23066e-01
 70 -0.17049 -4.89248e-03 | 71 -0.17634 -6.46237e-02 | 72 -0.44085  4.26948e+03
 73 -0.68347 -4.20676e+01 | 74 -0.75344  4.12201e+02 | 75  0.48865 -4.75203e-01
 76  1.46717 -3.96857e+01 | 77  1.87454  8.75580e+01 | 78  0.13560  1.60034e+01
 79 -1.05797 -3.80082e-01 | 80  0.85288 -1.12736e+01 | 81  0.29722 -7.51468e+00
81 variables; iteration 380; function evaluation 485; phase 3
Function value 5.7073183e+01; maximum gradient component mag 1.1799e+04
Var    Value     Gradient |Var    Value     Gradient |Var    Value     Gradient
  1  0.04576  1.17995e+04 |  2 -0.00121  2.19181e+01 |  3 -0.00290  2.54692e+01
  4 -0.02020  2.60745e+01 |  5 -0.01774  3.22115e+01 |  6 -0.01674  3.84430e+01
  7 -0.01854  4.37922e+01 |  8 -0.02822  4.46349e+01 |  9 -0.02642  5.29402e+01
 10 -0.02881  5.88538e+01 | 11 -0.02606  6.90036e+01 | 12 -0.01963  8.24418e+01
 13 -0.02055  9.10432e+01 | 14 -0.03666  8.51858e+01 | 15 -0.03354  9.66297e+01
 16 -0.01612  1.28433e+02 | 17 -0.01245  1.47407e+02 | 18 -0.03192  1.32873e+02
 19 -0.02435  1.63544e+02 | 20 -0.02697  1.62434e+02 | 21 -0.03850  1.43608e+02
 22 -0.02056  1.71387e+02 | 23 -0.00473  1.98833e+02 | 24 -0.02425  1.58133e+02
 25 -0.03196  1.53336e+02 | 26 -0.02995  1.52213e+02 | 27 -0.03623  1.45037e+02
 28 -0.05283  1.27059e+02 | 29 -0.06754  9.91064e+01 | 30 -0.07458  8.22626e+01
 31 -0.10344  5.88696e+01 | 32 -0.12733  4.50648e+01 | 33 -0.14116  4.22092e+01
 34 -0.11936  6.75111e+01 | 35  0.04036  3.44956e+02 | 36 -0.06199  1.52504e+02
 37  0.04493  3.52457e+02 | 38 -0.03894  1.71712e+02 | 39  0.03424  2.15609e+02
 40  0.09799  3.64789e+02 | 41 -0.14266  3.48465e+01 | 42  0.05921  1.91914e+02
 43 -0.06140  5.62979e+01 | 44  0.06789  1.67773e+02 | 45 -0.00252  7.98681e+01
 46 -0.02722  5.20140e+01 | 47 -0.04738  3.68044e+01 | 48 -0.04712  3.40561e+01
 49 -0.04809  3.39949e+01 | 50 -0.05621  3.39788e+01 | 51  0.00521  4.81768e+01
 52 -0.15286  2.29150e+01 | 53 -0.21474  1.13050e+01 | 54 -0.22349  7.90583e+00
 55 -0.18202  1.23605e+01 | 56 -0.18872  1.44222e+01 | 57 -0.16857  1.64100e+01
 58 -0.06453  4.23125e+01 | 59 -0.19867  6.32592e+00 | 60 -0.11283  3.33663e+01
 61 -0.19818  1.51758e+01 | 62 -0.15497  1.75434e+01 | 63 -0.15730  2.26243e+01
 64 -0.22716  1.10101e+01 | 65 -0.19100  8.36091e+00 | 66 -0.15671  1.41214e+01
 67 -0.18522  4.97680e+00 | 68 -0.13953  4.42215e+00 | 69 -0.18087  8.99883e-01
 70 -0.17103 -9.66034e-02 | 71 -0.17650 -9.84627e-02 | 72 -0.43990  2.89525e+03
 73 -0.59759 -4.55981e+01 | 74 -0.75161  6.15942e+02 | 75  0.06082 -2.02252e-01
 76  1.44607 -3.55818e+01 | 77  1.87921  8.61663e+01 | 78  0.13557  6.90266e+00
 79 -0.93774  4.25496e-01 | 80  0.90677 -6.06672e+00 | 81  0.29615 -1.16991e+01
81 variables; iteration 400; function evaluation 509; phase 3
Function value 5.6544009e+01; maximum gradient component mag -1.8570e+02
Var    Value     Gradient |Var    Value     Gradient |Var    Value     Gradient
  1  0.04596 -1.85702e+02 |  2 -0.00056  1.72273e-01 |  3 -0.00247 -2.57760e-01
  4 -0.01783 -1.16965e-01 |  5 -0.01858 -2.55695e-01 |  6 -0.01904 -3.19440e-01
  7 -0.01877 -1.96252e-01 |  8 -0.02278 -1.13823e+00 |  9 -0.02209 -9.03237e-01
 10 -0.02463 -1.48589e+00 | 11 -0.02605 -1.80629e+00 | 12 -0.02007 -7.35888e-01
 13 -0.02720 -2.16014e+00 | 14 -0.02798 -1.45462e+00 | 15 -0.03180 -1.66341e+00
 16 -0.02016  1.22719e+00 | 17 -0.01735  1.77429e+00 | 18 -0.03916 -4.56670e+00
 19 -0.02384  4.26197e-01 | 20 -0.02426  5.37083e-02 | 21 -0.03263 -2.31276e+00
 22 -0.02062  8.80653e-01 | 23 -0.00803  4.20854e+00 | 24 -0.02903 -9.31963e-01
 25 -0.03231 -1.05109e+00 | 26 -0.02838  1.01324e+00 | 27 -0.04225 -1.09126e+00
 28 -0.06002 -3.94279e+00 | 29 -0.06319 -3.28906e+00 | 30 -0.07314 -2.45641e+00
 31 -0.10234 -6.30428e-01 | 32 -0.12820 -3.52441e-01 | 33 -0.14184 -5.07378e-01
 34 -0.11766 -4.09244e-01 | 35  0.03880  1.79711e-01 | 36 -0.05727  2.58452e+00
 37  0.04366 -9.57930e+00 | 38 -0.04340  3.24858e+00 | 39  0.03750 -1.20994e+01
 40  0.09659  5.85707e+00 | 41 -0.14585 -9.00129e+00 | 42  0.05964  4.53662e+00
 43 -0.06131 -1.47217e+00 | 44  0.06674  2.48075e+00 | 45 -0.00210  2.15209e+00
 46 -0.02761  1.01767e+00 | 47 -0.04851  1.13895e+00 | 48 -0.04688  1.71427e+00
 49 -0.04707  1.03684e+00 | 50 -0.06064  1.93481e+00 | 51  0.00748 -1.57159e+00
 52 -0.15849 -1.22550e+00 | 53 -0.21229 -1.47828e+00 | 54 -0.22290 -2.40495e+00
 55 -0.18127 -3.00808e+00 | 56 -0.19185 -3.33875e+00 | 57 -0.16753 -5.50201e+00
 58 -0.06622 -9.82972e+00 | 59 -0.19067 -7.54892e+00 | 60 -0.11663 -5.21638e+00
 61 -0.20452 -5.87567e+00 | 62 -0.14658 -3.48252e+00 | 63 -0.16339 -2.96357e+00
 64 -0.22928 -2.77238e+00 | 65 -0.18581 -2.91912e+00 | 66 -0.16148 -1.19927e+00
 67 -0.18117 -1.35907e+00 | 68 -0.14012 -8.00037e-01 | 69 -0.18168 -1.36860e-01
 70 -0.17192 -5.65663e-02 | 71 -0.17734 -5.06730e-02 | 72 -0.43934 -5.11877e+01
 73 -0.54573  1.32903e+00 | 74 -0.74939 -3.34539e+01 | 75 -0.20066 -9.79461e-04
 76  1.43150 -1.06542e-01 | 77  1.86612 -8.25179e+00 | 78  0.13554 -5.71596e+00
 79 -0.99595 -2.74707e-01 | 80  0.93834 -4.60840e+00 | 81  0.29199  8.46619e+00
81 variables; iteration 420; function evaluation 534; phase 3
Function value 5.6239176e+01; maximum gradient component mag -3.5871e+03
Var    Value     Gradient |Var    Value     Gradient |Var    Value     Gradient
  1  0.04602 -3.58714e+03 |  2 -0.00224 -6.41777e+00 |  3 -0.00111 -7.36264e+00
  4 -0.01750 -7.80681e+00 |  5 -0.01797 -9.25467e+00 |  6 -0.01891 -1.09595e+01
  7 -0.01943 -1.27721e+01 |  8 -0.02125 -1.49455e+01 |  9 -0.02229 -1.71458e+01
 10 -0.02069 -1.91933e+01 | 11 -0.02450 -2.19008e+01 | 12 -0.02133 -2.44737e+01
 13 -0.02537 -2.69617e+01 | 14 -0.02617 -2.87415e+01 | 15 -0.02940 -3.03807e+01
 16 -0.02384 -3.37404e+01 | 17 -0.02212 -3.77204e+01 | 18 -0.03497 -4.15569e+01
 19 -0.02420 -4.68649e+01 | 20 -0.02626 -4.80884e+01 | 21 -0.02769 -4.78761e+01
 22 -0.02095 -4.84727e+01 | 23 -0.01281 -4.91803e+01 | 24 -0.03065 -4.44117e+01
 25 -0.03257 -4.53316e+01 | 26 -0.03108 -4.28963e+01 | 27 -0.04664 -4.02881e+01
 28 -0.05715 -3.88322e+01 | 29 -0.06282 -3.42015e+01 | 30 -0.07481 -2.74334e+01
 31 -0.10355 -1.81916e+01 | 32 -0.12961 -1.36485e+01 | 33 -0.14205 -1.30174e+01
 34 -0.11545 -2.14620e+01 | 35  0.03803 -1.07451e+02 | 36 -0.05919 -4.53689e+01
 37  0.04507 -1.08049e+02 | 38 -0.04971 -3.91541e+01 | 39  0.04065 -7.54545e+01
 40  0.09475 -8.97540e+01 | 41 -0.13855 -2.04671e+01 | 42  0.05638 -4.90868e+01
 43 -0.05160 -1.82048e+01 | 44  0.06494 -4.69653e+01 | 45 -0.00158 -2.25009e+01
 46 -0.02813 -1.46255e+01 | 47 -0.04795 -1.03686e+01 | 48 -0.04958 -9.65000e+00
 49 -0.04407 -9.10230e+00 | 50 -0.06629 -8.73724e+00 | 51  0.00952 -1.69922e+01
 52 -0.15987 -7.93353e+00 | 53 -0.20951 -5.83870e+00 | 54 -0.22344 -7.13656e+00
 55 -0.18277 -1.05529e+01 | 56 -0.18990 -8.46710e+00 | 57 -0.16836 -1.19068e+01
 58 -0.06596 -2.25293e+01 | 59 -0.19023 -1.14743e+01 | 60 -0.11682 -1.17931e+01
 61 -0.19945 -8.02988e+00 | 62 -0.15109 -9.44520e+00 | 63 -0.15992 -6.05870e+00
 64 -0.22629 -3.86272e+00 | 65 -0.19006 -6.63784e+00 | 66 -0.15715 -1.41041e+00
 67 -0.18345 -2.83467e+00 | 68 -0.13830 -9.54314e-01 | 69 -0.18161  5.19675e-02
 70 -0.17153  5.85356e-02 | 71 -0.17687  6.96151e-02 | 72 -0.43922 -5.81803e+02
 73 -0.51437  1.28360e+01 | 74 -0.74825 -4.79070e+02 | 75 -0.71846 -6.62098e-03
 76  1.39795  6.56243e+00 | 77  1.86521 -2.45273e+01 | 78  0.13555 -3.96769e+00
 79 -0.98781 -6.21622e-02 | 80  0.96375 -2.72362e+00 | 81  0.29179  1.24551e+01
81 variables; iteration 440; function evaluation 557; phase 3
Function value 5.6049062e+01; maximum gradient component mag 3.3905e+03
Var    Value     Gradient |Var    Value     Gradient |Var    Value     Gradient
  1  0.04605  3.39051e+03 |  2 -0.00111  6.51028e+00 |  3 -0.00143  7.72787e+00
  4 -0.01694  8.24408e+00 |  5 -0.01859  9.24368e+00 |  6 -0.01872  1.09249e+01
  7 -0.01959  1.25617e+01 |  8 -0.01903  1.49131e+01 |  9 -0.02068  1.66233e+01
 10 -0.01880  1.98612e+01 | 11 -0.02086  2.15966e+01 | 12 -0.01969  2.42645e+01
 13 -0.02142  2.66241e+01 | 14 -0.02870  2.68730e+01 | 15 -0.02914  2.98095e+01
 16 -0.02647  3.44373e+01 | 17 -0.02560  3.86292e+01 | 18 -0.02902  3.98267e+01
 19 -0.02932  4.64358e+01 | 20 -0.02842  4.79684e+01 | 21 -0.02467  4.98450e+01
 22 -0.02519  4.94065e+01 | 23 -0.01747  5.41416e+01 | 24 -0.03025  4.38527e+01
 25 -0.03275  4.49833e+01 | 26 -0.03800  4.13778e+01 | 27 -0.04627  3.85252e+01
 28 -0.05301  3.85839e+01 | 29 -0.06097  3.30620e+01 | 30 -0.07081  2.80300e+01
 31 -0.10348  1.95420e+01 | 32 -0.12998  1.35812e+01 | 33 -0.14238  1.22990e+01
 34 -0.11775  2.02264e+01 | 35  0.03926  9.68715e+01 | 36 -0.06521  4.26111e+01
 37  0.04663  9.90334e+01 | 38 -0.05043  4.56017e+01 | 39  0.04007  5.83856e+01
 40  0.09327  1.04553e+02 | 41 -0.12156  1.05951e+01 | 42  0.05264  5.34776e+01
 43 -0.04812  1.92298e+01 | 44  0.06448  4.58480e+01 | 45 -0.00200  2.30382e+01
 46 -0.02910  1.44985e+01 | 47 -0.04718  1.06464e+01 | 48 -0.05038  9.32052e+00
 49 -0.04448  1.12551e+01 | 50 -0.06535  8.85313e+00 | 51  0.00841  1.35263e+01
 52 -0.15914  6.38118e+00 | 53 -0.21135  3.69114e+00 | 54 -0.22277  3.40776e+00
 55 -0.18244  4.64185e+00 | 56 -0.19203  5.07172e+00 | 57 -0.16663  5.65796e+00
 58 -0.06715  1.21411e+01 | 59 -0.18619  2.72277e+00 | 60 -0.11923  7.22818e+00
 61 -0.19972  6.17668e-01 | 62 -0.15096  3.02782e+00 | 63 -0.16052  3.91585e+00
 64 -0.22818  9.35149e-01 | 65 -0.18653  9.83785e-01 | 66 -0.16108  2.46553e+00
 67 -0.18020  8.70087e-01 | 68 -0.13914  1.03505e+00 | 69 -0.18226  1.72984e-01
 70 -0.17182 -1.69342e-02 | 71 -0.17717 -3.23831e-02 | 72 -0.43896  4.31490e+02
 73 -0.50177 -9.63683e+00 | 74 -0.74747  4.93616e+02 | 75 -0.93898 -3.25921e-02
 76  1.36601 -9.37004e+00 | 77  1.85832  2.04901e+01 | 78  0.13555 -2.40689e+00
 79 -0.97474  1.09018e-01 | 80  0.97048 -1.92307e+00 | 81  0.28878 -5.66416e+00
81 variables; iteration 460; function evaluation 578; phase 3
Function value 5.5996642e+01; maximum gradient component mag 1.2516e+03
Var    Value     Gradient |Var    Value     Gradient |Var    Value     Gradient
  1  0.04589  1.25159e+03 |  2 -0.00174  2.47258e+00 |  3 -0.00200  2.95894e+00
  4 -0.01780  3.14949e+00 |  5 -0.01877  3.52530e+00 |  6 -0.01917  4.14120e+00
  7 -0.01950  4.86237e+00 |  8 -0.01961  5.73141e+00 |  9 -0.02149  6.13871e+00
 10 -0.01911  7.91010e+00 | 11 -0.01986  8.73621e+00 | 12 -0.02200  8.65686e+00
 13 -0.02061  1.05821e+01 | 14 -0.02985  9.45334e+00 | 15 -0.02842  1.16757e+01
 16 -0.02675  1.34945e+01 | 17 -0.02626  1.50698e+01 | 18 -0.02379  1.68437e+01
 19 -0.03084  1.74141e+01 | 20 -0.03068  1.76725e+01 | 21 -0.02720  1.87399e+01
 22 -0.02458  1.99202e+01 | 23 -0.01376  2.44708e+01 | 24 -0.02862  1.76227e+01
 25 -0.02953  1.87676e+01 | 26 -0.04057  1.47822e+01 | 27 -0.04548  1.47444e+01
 28 -0.04824  1.68672e+01 | 29 -0.06342  1.14408e+01 | 30 -0.07123  1.10128e+01
 31 -0.10297  8.35638e+00 | 32 -0.12939  5.70848e+00 | 33 -0.14160  5.24716e+00
 34 -0.11866  8.05208e+00 | 35  0.04013  4.18260e+01 | 36 -0.06687  1.73845e+01
 37  0.04774  4.05737e+01 | 38 -0.05181  2.03098e+01 | 39  0.04106  1.64290e+01
 40  0.09325  4.12526e+01 | 41 -0.12086  8.54335e-01 | 42  0.05293  1.82871e+01
 43 -0.04807  5.82387e+00 | 44  0.06436  1.29683e+01 | 45 -0.00021  6.87158e+00
 46 -0.03153  3.27672e+00 | 47 -0.04440  3.41618e+00 | 48 -0.05192  1.53256e+00
 49 -0.04327  3.40767e+00 | 50 -0.06619  1.87122e+00 | 51  0.00906  1.70606e+00
 52 -0.15983  1.35141e+00 | 53 -0.21087  8.22909e-01 | 54 -0.22230  8.41410e-01
 55 -0.18149  1.04797e+00 | 56 -0.19311  7.27699e-01 | 57 -0.16526  1.32797e+00
 58 -0.06736  1.96498e+00 | 59 -0.18454  1.89932e-01 | 60 -0.12051  2.09338e+00
 61 -0.19553 -2.89620e-01 | 62 -0.15320 -1.21236e+00 | 63 -0.15883  1.79202e+00
 64 -0.22881 -5.03894e-01 | 65 -0.18582 -5.33913e-01 | 66 -0.16133  6.87319e-01
 67 -0.17954  7.27233e-02 | 68 -0.13921  1.53027e-01 | 69 -0.18203 -4.92427e-02
 70 -0.17161  3.11685e-03 | 71 -0.17691  2.80361e-03 | 72 -0.43896  1.38554e+02
 73 -0.50623 -2.84981e+00 | 74 -0.74734  1.64138e+02 | 75 -0.99151 -2.06541e-01
 76  1.38125 -4.69179e+00 | 77  1.86011  4.80236e+00 | 78  0.13557  2.89015e+00
 79 -0.98535 -2.00225e-02 | 80  0.97675 -1.53193e+00 | 81  0.28882 -5.61818e-01
81 variables; iteration 480; function evaluation 599; phase 3
Function value 5.5863026e+01; maximum gradient component mag 1.0946e+04
Var    Value     Gradient |Var    Value     Gradient |Var    Value     Gradient
  1  0.04579  1.09463e+04 |  2 -0.00117  2.01167e+01 |  3 -0.00139  2.40034e+01
  4 -0.01787  2.49289e+01 |  5 -0.01903  2.89844e+01 |  6 -0.01808  3.46907e+01
  7 -0.01956  3.97636e+01 |  8 -0.02004  4.59604e+01 |  9 -0.02136  5.21509e+01
 10 -0.01943  6.10639e+01 | 11 -0.02084  6.79190e+01 | 12 -0.02175  7.46744e+01
 13 -0.02034  8.48707e+01 | 14 -0.02950  8.58259e+01 | 15 -0.02911  9.43073e+01
 16 -0.02806  1.05736e+02 | 17 -0.02722  1.18695e+02 | 18 -0.01840  1.41922e+02
 19 -0.03219  1.41821e+02 | 20 -0.02944  1.48737e+02 | 21 -0.02843  1.48828e+02
 22 -0.02635  1.51664e+02 | 23 -0.01563  1.67220e+02 | 24 -0.02749  1.42949e+02
 25 -0.02852  1.47639e+02 | 26 -0.04532  1.20836e+02 | 27 -0.04497  1.24149e+02
 28 -0.04754  1.28625e+02 | 29 -0.06227  1.02616e+02 | 30 -0.07199  8.36606e+01
 31 -0.10346  5.80653e+01 | 32 -0.12979  4.21579e+01 | 33 -0.14295  3.94028e+01
 34 -0.11691  6.64404e+01 | 35  0.03948  3.25201e+02 | 36 -0.06598  1.40620e+02
 37  0.04726  3.30824e+02 | 38 -0.05382  1.36726e+02 | 39  0.04234  2.14430e+02
 40  0.09199  3.11541e+02 | 41 -0.11658  4.43891e+01 | 42  0.05107  1.58835e+02
 43 -0.04512  6.15008e+01 | 44  0.06359  1.41396e+02 | 45 -0.00134  7.24646e+01
 46 -0.03069  4.52877e+01 | 47 -0.04723  3.29804e+01 | 48 -0.05029  2.99021e+01
 49 -0.04474  3.14446e+01 | 50 -0.06660  2.51429e+01 | 51  0.00915  4.92718e+01
 52 -0.16233  1.75639e+01 | 53 -0.21317  1.24862e+01 | 54 -0.21954  1.32387e+01
 55 -0.18331  1.70620e+01 | 56 -0.19235  1.63870e+01 | 57 -0.16581  2.09149e+01
 58 -0.06741  4.61342e+01 | 59 -0.18351  1.76719e+01 | 60 -0.12386  2.94941e+01
 61 -0.19465  1.76565e+01 | 62 -0.15044  2.37410e+01 | 63 -0.16355  2.04007e+01
 64 -0.22844  1.05229e+01 | 65 -0.18449  1.25118e+01 | 66 -0.16341  1.05639e+01
 67 -0.17980  5.39450e+00 | 68 -0.14037  3.74586e+00 | 69 -0.18235  6.29758e-01
 70 -0.17221 -1.12460e-01 | 71 -0.17755 -1.18381e-01 | 72 -0.43845  1.81501e+03
 73 -0.51493 -4.48284e+01 | 74 -0.74672  2.05044e+03 | 75 -0.96683 -5.97052e-02
 76  1.38930 -2.78129e+01 | 77  1.86359  7.40239e+01 | 78  0.13556 -1.32897e-01
 79 -0.97877  7.09387e-02 | 80  0.99928  4.07346e-01 | 81  0.28780 -2.27389e+01
81 variables; iteration 500; function evaluation 621; phase 3
Function value 5.5735876e+01; maximum gradient component mag 3.8802e+03
Var    Value     Gradient |Var    Value     Gradient |Var    Value     Gradient
  1  0.04562  3.88020e+03 |  2 -0.00220  6.78592e+00 |  3 -0.00307  7.93287e+00
  4 -0.01836  8.54443e+00 |  5 -0.01879  1.00502e+01 |  6 -0.01938  1.17207e+01
  7 -0.01986  1.36440e+01 |  8 -0.02087  1.55841e+01 |  9 -0.02209  1.76119e+01
 10 -0.02103  2.07112e+01 | 11 -0.02068  2.36540e+01 | 12 -0.02310  2.49146e+01
 13 -0.02092  2.92814e+01 | 14 -0.02868  2.93975e+01 | 15 -0.02868  3.27474e+01
 16 -0.02714  3.70949e+01 | 17 -0.02885  4.01496e+01 | 18 -0.02284  4.73974e+01
 19 -0.02606  5.27866e+01 | 20 -0.02931  5.15268e+01 | 21 -0.02747  5.20627e+01
 22 -0.02600  5.29963e+01 | 23 -0.01806  5.82463e+01 | 24 -0.02777  4.95541e+01
 25 -0.02872  5.18843e+01 | 26 -0.03716  4.56898e+01 | 27 -0.04382  4.33611e+01
 28 -0.04941  4.34659e+01 | 29 -0.06350  3.29493e+01 | 30 -0.07403  2.64449e+01
 31 -0.10440  1.89421e+01 | 32 -0.12945  1.43824e+01 | 33 -0.14281  1.37617e+01
 34 -0.11307  2.46832e+01 | 35  0.03882  1.09935e+02 | 36 -0.06619  4.96355e+01
 37  0.04895  1.17621e+02 | 38 -0.06333  4.69200e+01 | 39  0.04790  8.05646e+01
 40  0.09006  1.16428e+02 | 41 -0.11780  1.34249e+01 | 42  0.05337  6.22002e+01
 43 -0.05051  2.23592e+01 | 44  0.06522  5.66153e+01 | 45 -0.00367  2.83384e+01
 46 -0.02864  1.84686e+01 | 47 -0.04925  1.31826e+01 | 48 -0.04842  1.28184e+01
 49 -0.04645  1.24394e+01 | 50 -0.06433  1.13053e+01 | 51  0.00834  2.07354e+01
 52 -0.16205  7.58463e+00 | 53 -0.21441  4.27936e+00 | 54 -0.21923  4.14899e+00
 55 -0.18353  4.99828e+00 | 56 -0.19157  5.16674e+00 | 57 -0.16615  6.16025e+00
 58 -0.06723  1.57456e+01 | 59 -0.18296  5.81950e+00 | 60 -0.12491  1.10251e+01
 61 -0.19470  7.13087e+00 | 62 -0.14876  8.66108e+00 | 63 -0.16622  6.60617e+00
 64 -0.22707  4.01118e+00 | 65 -0.18423  3.71344e+00 | 66 -0.16439  2.43537e+00
 67 -0.17900  1.16078e+00 | 68 -0.14107  5.05665e-01 | 69 -0.18263 -1.26263e-01
 70 -0.17211 -5.62317e-02 | 71 -0.17742 -4.48550e-02 | 72 -0.43814  6.76502e+02
 73 -0.51550 -1.73597e+01 | 74 -0.74634  7.78292e+02 | 75 -0.95807 -4.73598e-02
 76  1.39111 -1.08891e+01 | 77  1.86397  2.46102e+01 | 78  0.13555 -4.92834e+00
 79 -0.99095 -1.26842e-01 | 80  1.01541  8.65194e-01 | 81  0.28650 -9.31253e+00
81 variables; iteration 520; function evaluation 644; phase 3
Function value 5.5687828e+01; maximum gradient component mag 5.3837e+03
Var    Value     Gradient |Var    Value     Gradient |Var    Value     Gradient
  1  0.04552  5.38366e+03 |  2 -0.00220  9.49155e+00 |  3 -0.00283  1.12292e+01
  4 -0.01868  1.18214e+01 |  5 -0.01907  1.39423e+01 |  6 -0.01869  1.66559e+01
  7 -0.01962  1.91802e+01 |  8 -0.02007  2.21909e+01 |  9 -0.02077  2.53507e+01
 10 -0.02178  2.85641e+01 | 11 -0.01874  3.39667e+01 | 12 -0.02192  3.57421e+01
 13 -0.02081  4.08733e+01 | 14 -0.03126  3.98416e+01 | 15 -0.02847  4.58907e+01
 16 -0.02585  5.26658e+01 | 17 -0.02305  6.05115e+01 | 18 -0.02376  6.53321e+01
 19 -0.02573  7.35816e+01 | 20 -0.03028  7.11339e+01 | 21 -0.02852  7.16752e+01
 22 -0.02546  7.40556e+01 | 23 -0.02215  7.65447e+01 | 24 -0.02548  7.08917e+01
 25 -0.02830  7.25558e+01 | 26 -0.03832  6.31562e+01 | 27 -0.04206  6.22868e+01
 28 -0.04911  6.09927e+01 | 29 -0.06480  4.61199e+01 | 30 -0.07440  3.75720e+01
 31 -0.10297  2.78687e+01 | 32 -0.12862  2.09696e+01 | 33 -0.14312  1.92868e+01
 34 -0.11424  3.34295e+01 | 35  0.03950  1.54755e+02 | 36 -0.06857  6.66407e+01
 37  0.05015  1.67077e+02 | 38 -0.06755  6.23218e+01 | 39  0.05076  1.18832e+02
 40  0.08817  1.53304e+02 | 41 -0.11196  2.22847e+01 | 42  0.05443  8.55615e+01
 43 -0.05541  2.76073e+01 | 44  0.06660  7.55119e+01 | 45 -0.00572  3.61068e+01
 46 -0.02658  2.46043e+01 | 47 -0.05106  1.63515e+01 | 48 -0.04719  1.64926e+01
 49 -0.04728  1.54353e+01 | 50 -0.06292  1.42625e+01 | 51  0.00797  2.33891e+01
 52 -0.16287  7.97450e+00 | 53 -0.21385  5.63322e+00 | 54 -0.21937  5.51104e+00
 55 -0.18302  7.96014e+00 | 56 -0.19261  7.66778e+00 | 57 -0.16482  1.03898e+01
 58 -0.06770  2.26520e+01 | 59 -0.18086  9.48436e+00 | 60 -0.12669  1.42404e+01
 61 -0.19491  9.43848e+00 | 62 -0.14744  1.33361e+01 | 63 -0.16715  9.67115e+00
 64 -0.22778  5.19674e+00 | 65 -0.18407  5.72412e+00 | 66 -0.16429  4.82375e+00
 67 -0.17903  2.41731e+00 | 68 -0.14130  1.48508e+00 | 69 -0.18245  1.65402e-01
 70 -0.17187 -5.72649e-02 | 71 -0.17724 -6.82807e-02 | 72 -0.43810  9.54996e+02
 73 -0.52064 -2.46513e+01 | 74 -0.74631  1.10059e+03 | 75 -0.87987 -1.64470e-02
 76  1.39053 -1.47910e+01 | 77  1.86497  3.68154e+01 | 78  0.13556  2.20837e-02
 79 -0.98157  3.90279e-02 | 80  1.02139  1.23046e+00 | 81  0.28548 -1.36932e+01
81 variables; iteration 540; function evaluation 666; phase 3
Function value 5.5658429e+01; maximum gradient component mag 6.1887e+02
Var    Value     Gradient |Var    Value     Gradient |Var    Value     Gradient
  1  0.04543  6.18873e+02 |  2 -0.00161  1.10478e+00 |  3 -0.00244  1.16775e+00
  4 -0.01789  1.36859e+00 |  5 -0.01848  1.53867e+00 |  6 -0.01921  1.71357e+00
  7 -0.01914  2.14435e+00 |  8 -0.02115  2.04961e+00 |  9 -0.01986  2.89319e+00
 10 -0.02141  2.96984e+00 | 11 -0.01999  3.88301e+00 | 12 -0.02155  3.50262e+00
 13 -0.01922  5.04188e+00 | 14 -0.02933  3.49919e+00 | 15 -0.02859  4.92201e+00
 16 -0.02528  6.43136e+00 | 17 -0.02421  7.33013e+00 | 18 -0.02308  7.65696e+00
 19 -0.02641  8.74337e+00 | 20 -0.02892  7.85754e+00 | 21 -0.03123  6.77679e+00
 22 -0.03008  7.24499e+00 | 23 -0.01906  1.09398e+01 | 24 -0.02523  8.76899e+00
 25 -0.02975  8.44731e+00 | 26 -0.03849  6.38350e+00 | 27 -0.04026  7.59688e+00
 28 -0.04652  8.10740e+00 | 29 -0.06219  3.83090e+00 | 30 -0.07275  3.30078e+00
 31 -0.10385  2.82972e+00 | 32 -0.12917  2.34021e+00 | 33 -0.14349  1.94066e+00
 34 -0.11595  3.06863e+00 | 35  0.03998  1.69646e+01 | 36 -0.06895  7.82644e+00
 37  0.05080  1.81399e+01 | 38 -0.07058  8.45863e+00 | 39  0.05231  9.63302e+00
 40  0.08751  1.85921e+01 | 41 -0.10780 -2.43143e-02 | 42  0.05320  1.01691e+01
 43 -0.05258  2.32447e+00 | 44  0.06626  7.68335e+00 | 45 -0.00609  3.45998e+00
 46 -0.02573  2.94698e+00 | 47 -0.05184  1.31449e+00 | 48 -0.04692  1.84409e+00
 49 -0.04717  1.01811e+00 | 50 -0.06306  1.53636e+00 | 51  0.00806  2.69067e+00
 52 -0.16371  3.78711e-01 | 53 -0.21486  7.37326e-01 | 54 -0.21776  1.21107e+00
 55 -0.18379  1.54074e+00 | 56 -0.19260  1.37498e+00 | 57 -0.16446  2.15713e+00
 58 -0.06812  4.48230e+00 | 59 -0.17898  3.11533e+00 | 60 -0.12857  2.48073e+00
 61 -0.19423  2.76381e+00 | 62 -0.14722  3.15500e+00 | 63 -0.16836  2.17274e+00
 64 -0.22776  1.61468e+00 | 65 -0.18357  1.76813e+00 | 66 -0.16524  1.31836e+00
 67 -0.17877  6.86151e-01 | 68 -0.14204  4.36636e-01 | 69 -0.18231  7.65415e-02
 70 -0.17167  1.16899e-03 | 71 -0.17702  8.23508e-04 | 72 -0.43810  1.54884e+02
 73 -0.53222 -3.57413e+00 | 74 -0.74636  6.35819e+01 | 75 -0.79609 -9.47031e-03
 76  1.39513 -3.37234e+00 | 77  1.86534  2.85656e+00 | 78  0.13556  5.46395e-01
 79 -0.98472 -3.97980e-03 | 80  1.02753  1.77532e+00 | 81  0.28463 -4.67071e+00
81 variables; iteration 560; function evaluation 687; phase 3
Function value 5.5645651e+01; maximum gradient component mag 1.8291e+03
Var    Value     Gradient |Var    Value     Gradient |Var    Value     Gradient
  1  0.04549  1.82908e+03 |  2 -0.00158  3.34400e+00 |  3 -0.00271  3.74377e+00
  4 -0.01871  3.92654e+00 |  5 -0.01823  4.89242e+00 |  6 -0.01846  5.77048e+00
  7 -0.01871  6.75548e+00 |  8 -0.02095  7.23125e+00 |  9 -0.02017  8.74484e+00
 10 -0.02143  9.66807e+00 | 11 -0.02101  1.11909e+01 | 12 -0.02143  1.19890e+01
 13 -0.01920  1.46258e+01 | 14 -0.02893  1.34206e+01 | 15 -0.02870  1.55402e+01
 16 -0.02495  1.87185e+01 | 17 -0.02259  2.16525e+01 | 18 -0.02426  2.22915e+01
 19 -0.02476  2.62194e+01 | 20 -0.02967  2.42092e+01 | 21 -0.03356  2.19053e+01
 22 -0.02933  2.38195e+01 | 23 -0.02212  2.71532e+01 | 24 -0.02514  2.49373e+01
 25 -0.03125  2.41052e+01 | 26 -0.03490  2.27900e+01 | 27 -0.04047  2.22331e+01
 28 -0.04617  2.27149e+01 | 29 -0.06165  1.56524e+01 | 30 -0.07441  1.18013e+01
 31 -0.10337  9.37857e+00 | 32 -0.12917  7.08728e+00 | 33 -0.14365  6.40767e+00
 34 -0.11567  1.09062e+01 | 35  0.03984  5.31457e+01 | 36 -0.06954  2.29863e+01
 37  0.05119  5.67572e+01 | 38 -0.07338  2.04646e+01 | 39  0.05345  3.92201e+01
 40  0.08688  5.19495e+01 | 41 -0.10651  5.90884e+00 | 42  0.05217  2.82173e+01
 43 -0.04947  9.90735e+00 | 44  0.06543  2.42808e+01 | 45 -0.00571  1.13489e+01
 46 -0.02624  8.29915e+00 | 47 -0.05156  4.93122e+00 | 48 -0.04729  5.20979e+00
 49 -0.04720  4.74314e+00 | 50 -0.06270  4.75381e+00 | 51  0.00762  7.84839e+00
 52 -0.16376  2.43241e+00 | 53 -0.21531  2.11299e+00 | 54 -0.21770  2.54429e+00
 55 -0.18409  3.08121e+00 | 56 -0.19293  2.41797e+00 | 57 -0.16453  3.28267e+00
 58 -0.06832  6.45948e+00 | 59 -0.17894  3.67826e+00 | 60 -0.12947  3.40783e+00
 61 -0.19399  3.72958e+00 | 62 -0.14710  4.41766e+00 | 63 -0.16961  2.85338e+00
 64 -0.22766  2.63527e+00 | 65 -0.18314  3.44030e+00 | 66 -0.16630  2.31055e+00
 67 -0.17835  1.64027e+00 | 68 -0.14254  1.00437e+00 | 69 -0.18260  1.05071e-01
 70 -0.17173 -1.13255e-02 | 71 -0.17702 -5.46740e-03 | 72 -0.43820  3.85340e+02
 73 -0.53914 -9.24399e+00 | 74 -0.74647  3.14705e+02 | 75 -0.81547 -1.05349e-02
 76  1.39876 -6.37778e+00 | 77  1.86603  1.13911e+01 | 78  0.13556  7.21171e-01
 79 -0.98407  6.39610e-03 | 80  1.02942  1.87705e+00 | 81  0.28414 -6.74691e+00
81 variables; iteration 580; function evaluation 708; phase 3
Function value 5.5621381e+01; maximum gradient component mag 4.6812e+03
Var    Value     Gradient |Var    Value     Gradient |Var    Value     Gradient
  1  0.04559  4.68125e+03 |  2 -0.00206  8.29803e+00 |  3 -0.00283  9.75521e+00
  4 -0.01847  1.03471e+01 |  5 -0.01825  1.24099e+01 |  6 -0.01893  1.44251e+01
  7 -0.01880  1.70139e+01 |  8 -0.02111  1.88950e+01 |  9 -0.01972  2.25219e+01
 10 -0.02185  2.48193e+01 | 11 -0.01989  2.91239e+01 | 12 -0.02218  3.09652e+01
 13 -0.01932  3.64893e+01 | 14 -0.02816  3.63181e+01 | 15 -0.02808  4.03358e+01
 16 -0.02321  4.77496e+01 | 17 -0.02198  5.36808e+01 | 18 -0.02854  5.36696e+01
 19 -0.02289  6.65623e+01 | 20 -0.02392  6.67702e+01 | 21 -0.03932  5.40805e+01
 22 -0.03074  6.00526e+01 | 23 -0.02315  6.57433e+01 | 24 -0.02503  6.19059e+01
 25 -0.03416  5.88521e+01 | 26 -0.03321  5.89200e+01 | 27 -0.03886  5.71270e+01
 28 -0.04816  5.43947e+01 | 29 -0.06142  4.24611e+01 | 30 -0.07264  3.37347e+01
 31 -0.10369  2.37869e+01 | 32 -0.12936  1.77580e+01 | 33 -0.14348  1.67042e+01
 34 -0.11582  2.82808e+01 | 35  0.03975  1.36407e+02 | 36 -0.06952  5.81061e+01
 37  0.05127  1.44862e+02 | 38 -0.07570  4.87257e+01 | 39  0.05479  1.06934e+02
 40  0.08539  1.27089e+02 | 41 -0.09982  2.23809e+01 | 42  0.05104  7.04568e+01
 43 -0.04909  2.55945e+01 | 44  0.06525  6.33329e+01 | 45 -0.00604  3.02199e+01
 46 -0.02571  2.14575e+01 | 47 -0.05231  1.33937e+01 | 48 -0.04664  1.37857e+01
 49 -0.04772  1.23753e+01 | 50 -0.06244  1.10988e+01 | 51  0.00727  1.96756e+01
 52 -0.16354  7.02973e+00 | 53 -0.21608  5.25123e+00 | 54 -0.21768  6.01338e+00
 55 -0.18437  7.80785e+00 | 56 -0.19313  7.08715e+00 | 57 -0.16464  9.55032e+00
 58 -0.06862  1.99336e+01 | 59 -0.17962  9.32668e+00 | 60 -0.12901  1.22870e+01
 61 -0.19489  8.66174e+00 | 62 -0.14748  1.14336e+01 | 63 -0.16928  8.67248e+00
 64 -0.22848  5.37313e+00 | 65 -0.18369  6.55541e+00 | 66 -0.16605  5.35178e+00
 67 -0.17919  2.97287e+00 | 68 -0.14291  1.78576e+00 | 69 -0.18275  2.27223e-01
 70 -0.17195 -3.07409e-02 | 71 -0.17726 -2.55910e-02 | 72 -0.43846  1.01479e+03
 73 -0.55364 -2.32668e+01 | 74 -0.74674  8.29520e+02 | 75 -0.90465 -2.08007e-02
 76  1.40988 -1.35891e+01 | 77  1.86816  3.10402e+01 | 78  0.13556  3.37685e-01
 79 -0.98832 -6.57121e-02 | 80  1.02458  1.44685e+00 | 81  0.28490 -1.24622e+01
81 variables; iteration 600; function evaluation 729; phase 3
Function value 5.5605632e+01; maximum gradient component mag 1.1852e+03
Var    Value     Gradient |Var    Value     Gradient |Var    Value     Gradient
  1  0.04573  1.18517e+03 |  2 -0.00198  2.06180e+00 |  3 -0.00198  2.55105e+00
  4 -0.01813  2.62744e+00 |  5 -0.01824  3.16227e+00 |  6 -0.01823  3.81134e+00
  7 -0.01914  4.27677e+00 |  8 -0.02058  4.65301e+00 |  9 -0.02032  5.58924e+00
 10 -0.02074  6.37336e+00 | 11 -0.01967  7.64081e+00 | 12 -0.02144  7.56423e+00
 13 -0.02004  9.34860e+00 | 14 -0.02742  8.82960e+00 | 15 -0.02768  1.03642e+01
 16 -0.02435  1.26009e+01 | 17 -0.02239  1.45358e+01 | 18 -0.02367  1.46688e+01
 19 -0.02314  1.80333e+01 | 20 -0.02517  1.72552e+01 | 21 -0.04506  9.18095e+00
 22 -0.03047  1.46732e+01 | 23 -0.02612  1.64351e+01 | 24 -0.02739  1.55200e+01
 25 -0.02944  1.63421e+01 | 26 -0.03452  1.49527e+01 | 27 -0.04180  1.39594e+01
 28 -0.04619  1.50871e+01 | 29 -0.05917  1.05193e+01 | 30 -0.07188  7.98203e+00
 31 -0.10372  5.87057e+00 | 32 -0.12942  4.51530e+00 | 33 -0.14423  4.02922e+00
 34 -0.11584  7.40228e+00 | 35  0.03935  3.53766e+01 | 36 -0.06837  1.63265e+01
 37  0.05074  3.59012e+01 | 38 -0.07619  1.33285e+01 | 39  0.05522  2.69528e+01
 40  0.08460  3.19620e+01 | 41 -0.09631  4.99678e+00 | 42  0.04982  1.79558e+01
 43 -0.04725  6.32911e+00 | 44  0.06426  1.55280e+01 | 45 -0.00472  7.61097e+00
 46 -0.02723  5.57417e+00 | 47 -0.05145  3.33814e+00 | 48 -0.04696  3.80932e+00
 49 -0.04811  2.81040e+00 | 50 -0.06165  3.24898e+00 | 51  0.00671  5.38644e+00
 52 -0.16380  1.45973e+00 | 53 -0.21654  1.39718e+00 | 54 -0.21794  1.62770e+00
 55 -0.18528  1.99535e+00 | 56 -0.19276  1.94473e+00 | 57 -0.16547  2.30227e+00
 58 -0.06880  5.03398e+00 | 59 -0.17990  2.79269e+00 | 60 -0.12986  2.17477e+00
 61 -0.19596  2.41024e+00 | 62 -0.14676  3.08502e+00 | 63 -0.17070  1.54075e+00
 64 -0.22904  1.22519e+00 | 65 -0.18371  1.58683e+00 | 66 -0.16704  7.63312e-01
 67 -0.17925  4.56243e-01 | 68 -0.14374  1.11029e-01 | 69 -0.18283  3.75149e-03
 70 -0.17215 -1.21474e-02 | 71 -0.17752 -8.99879e-03 | 72 -0.43875  3.08077e+02
 73 -0.57171 -6.23343e+00 | 74 -0.74711  1.46622e+02 | 75 -0.95309 -4.23645e-02
 76  1.42175 -4.88259e+00 | 77  1.87007  7.08245e+00 | 78  0.13556  3.73016e-01
 79 -0.98598 -2.21822e-02 | 80  1.01478  8.50042e-01 | 81  0.28480 -4.21547e+00
81 variables; iteration 620; function evaluation 750; phase 3
Function value 5.5597032e+01; maximum gradient component mag 2.6282e+02
Var    Value     Gradient |Var    Value     Gradient |Var    Value     Gradient
  1  0.04567  2.62818e+02 |  2 -0.00155  4.91960e-01 |  3 -0.00255  3.95906e-01
  4 -0.01880  3.52606e-01 |  5 -0.01823  6.80761e-01 |  6 -0.01921  6.33988e-01
  7 -0.01931  8.38757e-01 |  8 -0.02062  7.52901e-01 |  9 -0.02104  9.14567e-01
 10 -0.02127  1.12931e+00 | 11 -0.02004  1.72507e+00 | 12 -0.02119  1.22629e+00
 13 -0.02022  2.08789e+00 | 14 -0.02638  1.58519e+00 | 15 -0.02813  2.07885e+00
 16 -0.02509  3.08437e+00 | 17 -0.02346  3.70682e+00 | 18 -0.02277  3.45714e+00
 19 -0.02574  4.21601e+00 | 20 -0.02877  3.15242e+00 | 21 -0.04573 -1.95995e+00
 22 -0.02832  3.10508e+00 | 23 -0.02107  5.32735e+00 | 24 -0.02513  4.20637e+00
 25 -0.02868  4.13999e+00 | 26 -0.03381  3.57402e+00 | 27 -0.03943  3.60849e+00
 28 -0.04785  3.40724e+00 | 29 -0.06041  8.58606e-01 | 30 -0.07112  9.10167e-01
 31 -0.10391  7.71169e-01 | 32 -0.12909  9.74629e-01 | 33 -0.14353  9.46081e-01
 34 -0.11657  1.50546e+00 | 35  0.04005  7.51507e+00 | 36 -0.07078  3.41738e+00
 37  0.05193  7.81240e+00 | 38 -0.07845  3.52230e+00 | 39  0.05603  6.02354e+00
 40  0.08441  7.78442e+00 | 41 -0.09591  4.20689e-01 | 42  0.05032  5.49205e+00
 43 -0.04795  1.25523e+00 | 44  0.06442  3.84871e+00 | 45 -0.00435  2.13351e+00
 46 -0.02723  1.75268e+00 | 47 -0.05140  6.63391e-01 | 48 -0.04679  1.34732e+00
 49 -0.04789  4.97931e-01 | 50 -0.06152  1.03271e+00 | 51  0.00676  1.41584e+00
 52 -0.16342  1.52358e-01 | 53 -0.21647  3.01094e-01 | 54 -0.21800  2.92172e-01
 55 -0.18507  3.15560e-01 | 56 -0.19271  3.21832e-01 | 57 -0.16528  3.49377e-01
 58 -0.06867  8.61765e-01 | 59 -0.17998  1.00451e+00 | 60 -0.12953 -1.13803e-01
 61 -0.19617  9.69184e-01 | 62 -0.14654  1.33175e+00 | 63 -0.17060  3.57464e-01
 64 -0.22884  6.37629e-01 | 65 -0.18382  8.93017e-01 | 66 -0.16666  5.36962e-01
 67 -0.17930  3.06511e-01 | 68 -0.14355  7.63206e-02 | 69 -0.18280 -2.07395e-02
 70 -0.17206 -1.22960e-02 | 71 -0.17744 -1.05270e-02 | 72 -0.43880  1.06384e+02
 73 -0.57414 -1.90229e+00 | 74 -0.74715 -1.42333e+01 | 75 -0.92692 -2.71986e-02
 76  1.42496 -2.53222e+00 | 77  1.87069  1.15589e+00 | 78  0.13556 -1.01366e-02
 79 -0.98406  6.81852e-03 | 80  1.01291  7.19185e-01 | 81  0.28484 -2.35392e+00
81 variables; iteration 640; function evaluation 772; phase 3
Function value 5.5589564e+01; maximum gradient component mag -1.9212e+03
Var    Value     Gradient |Var    Value     Gradient |Var    Value     Gradient
  1  0.04568 -1.92119e+03 |  2 -0.00167 -3.56584e+00 |  3 -0.00208 -4.28402e+00
  4 -0.01801 -4.47961e+00 |  5 -0.01892 -5.40365e+00 |  6 -0.01954 -6.35921e+00
  7 -0.01949 -7.28099e+00 |  8 -0.02022 -8.45756e+00 |  9 -0.02132 -9.78735e+00
 10 -0.02058 -1.08828e+01 | 11 -0.02107 -1.22759e+01 | 12 -0.02070 -1.40091e+01
 13 -0.02174 -1.52852e+01 | 14 -0.02618 -1.64702e+01 | 15 -0.02855 -1.73162e+01
 16 -0.02490 -1.88755e+01 | 17 -0.02250 -2.09727e+01 | 18 -0.02539 -2.41326e+01
 19 -0.02544 -2.60757e+01 | 20 -0.02869 -2.69339e+01 | 21 -0.04608 -2.79219e+01
 22 -0.02431 -2.64208e+01 | 23 -0.02047 -2.61267e+01 | 24 -0.02604 -2.50542e+01
 25 -0.03154 -2.57994e+01 | 26 -0.03267 -2.40415e+01 | 27 -0.04019 -2.31252e+01
 28 -0.05067 -2.26251e+01 | 29 -0.05815 -2.01033e+01 | 30 -0.07047 -1.59118e+01
 31 -0.10351 -1.05057e+01 | 32 -0.12944 -7.50629e+00 | 33 -0.14371 -6.87792e+00
 34 -0.11533 -1.15869e+01 | 35  0.03952 -5.77700e+01 | 36 -0.06986 -2.32578e+01
 37  0.05157 -6.03411e+01 | 38 -0.07777 -1.78687e+01 | 39  0.05565 -4.48268e+01
 40  0.08442 -4.91232e+01 | 41 -0.09557 -1.08282e+01 | 42  0.05014 -2.63230e+01
 43 -0.04853 -1.08714e+01 | 44  0.06449 -2.49913e+01 | 45 -0.00414 -1.25295e+01
 46 -0.02850 -8.27042e+00 | 47 -0.05010 -5.73174e+00 | 48 -0.04783 -5.26841e+00
 49 -0.04747 -5.40928e+00 | 50 -0.06155 -4.14863e+00 | 51  0.00649 -8.00341e+00
 52 -0.16330 -2.80871e+00 | 53 -0.21712 -1.85397e+00 | 54 -0.21763 -1.66871e+00
 55 -0.18520 -2.40217e+00 | 56 -0.19287 -2.27793e+00 | 57 -0.16504 -2.80157e+00
 58 -0.06882 -6.67810e+00 | 59 -0.18050 -2.36768e+00 | 60 -0.12903 -4.69763e+00
 61 -0.19677 -2.24523e+00 | 62 -0.14646 -3.57381e+00 | 63 -0.17079 -3.22187e+00
 64 -0.22911 -1.25913e+00 | 65 -0.18350 -1.03216e+00 | 66 -0.16709 -1.16547e+00
 67 -0.17928 -4.14375e-01 | 68 -0.14368 -2.28080e-01 | 69 -0.18288 -6.66086e-02
 70 -0.17221  3.56556e-03 | 71 -0.17761  4.57923e-03 | 72 -0.43870 -3.65950e+02
 73 -0.57199  8.22410e+00 | 74 -0.74705 -4.00201e+02 | 75 -0.93489 -3.05373e-02
 76  1.42760  3.25267e+00 | 77  1.87122 -1.35724e+01 | 78  0.13556  4.63122e-01
 79 -0.98365  1.25891e-02 | 80  1.01405  8.44392e-01 | 81  0.28503  2.02431e+00
81 variables; iteration 660; function evaluation 794; phase 3
Function value 5.5580881e+01; maximum gradient component mag 6.0446e+02
Var    Value     Gradient |Var    Value     Gradient |Var    Value     Gradient
  1  0.04563  6.04460e+02 |  2 -0.00182  1.00597e+00 |  3 -0.00261  1.07185e+00
  4 -0.01847  1.16232e+00 |  5 -0.01866  1.42499e+00 |  6 -0.01888  1.72435e+00
  7 -0.01920  2.03811e+00 |  8 -0.02016  2.21834e+00 |  9 -0.02091  2.48578e+00
 10 -0.02079  3.01123e+00 | 11 -0.02178  3.22757e+00 | 12 -0.01988  3.80463e+00
 13 -0.02183  4.09766e+00 | 14 -0.02629  4.21981e+00 | 15 -0.02730  5.12093e+00
 16 -0.02567  6.07131e+00 | 17 -0.02474  6.87525e+00 | 18 -0.02383  7.08092e+00
 19 -0.02647  8.35976e+00 | 20 -0.02814  7.71130e+00 | 21 -0.04537  1.91965e+00
 22 -0.02336  9.02571e+00 | 23 -0.02199  9.58278e+00 | 24 -0.02756  7.65858e+00
 25 -0.02628  9.26209e+00 | 26 -0.03201  8.18457e+00 | 27 -0.04176  6.63717e+00
 28 -0.05281  5.36662e+00 | 29 -0.05820  4.71418e+00 | 30 -0.06948  4.06220e+00
 31 -0.10317  2.89980e+00 | 32 -0.12939  2.23982e+00 | 33 -0.14406  2.01094e+00
 34 -0.11515  3.86899e+00 | 35  0.03956  1.65555e+01 | 36 -0.06971  7.62081e+00
 37  0.05137  1.77194e+01 | 38 -0.07578  7.53120e+00 | 39  0.05472  1.17133e+01
 40  0.08499  1.70739e+01 | 41 -0.09652  2.18058e+00 | 42  0.05032  9.57046e+00
 43 -0.04921  2.61447e+00 | 44  0.06468  8.52218e+00 | 45 -0.00381  4.13317e+00
 46 -0.02908  2.39369e+00 | 47 -0.04964  1.73088e+00 | 48 -0.04808  1.84766e+00
 49 -0.04716  1.58105e+00 | 50 -0.06212  1.74775e+00 | 51  0.00681  2.88457e+00
 52 -0.16338  1.14729e+00 | 53 -0.21687  8.57534e-01 | 54 -0.21757  1.15197e+00
 55 -0.18499  1.34480e+00 | 56 -0.19276  1.41685e+00 | 57 -0.16484  2.05670e+00
 58 -0.06878  3.67356e+00 | 59 -0.18026  2.24704e+00 | 60 -0.12887  2.17806e+00
 61 -0.19594  2.16512e+00 | 62 -0.14718  2.43419e+00 | 63 -0.16962  2.00014e+00
 64 -0.22936  1.34719e+00 | 65 -0.18343  1.97669e+00 | 66 -0.16679  1.26313e+00
 67 -0.17931  8.36220e-01 | 68 -0.14342  5.57087e-01 | 69 -0.18276  6.68967e-02
 70 -0.17220 -1.94874e-02 | 71 -0.17759 -1.67305e-02 | 72 -0.43860  2.04255e+02
 73 -0.56587 -4.16864e+00 | 74 -0.74688  4.66317e+01 | 75 -0.95209 -4.14829e-02
 76  1.42968 -3.32981e+00 | 77  1.87145  3.16359e+00 | 78  0.13556 -1.57767e-01
 79 -0.98425  2.98450e-03 | 80  1.01760  1.06858e+00 | 81  0.28526 -3.18900e+00
81 variables; iteration 680; function evaluation 818; phase 3
Function value 5.5556385e+01; maximum gradient component mag 6.1348e+03
Var    Value     Gradient |Var    Value     Gradient |Var    Value     Gradient
  1  0.04560  6.13480e+03 |  2 -0.00238  1.07814e+01 |  3 -0.00252  1.29459e+01
  4 -0.01751  1.39328e+01 |  5 -0.01826  1.62454e+01 |  6 -0.01871  1.90066e+01
  7 -0.01896  2.22001e+01 |  8 -0.01880  2.59402e+01 |  9 -0.02071  2.90158e+01
 10 -0.01982  3.37041e+01 | 11 -0.02258  3.66400e+01 | 12 -0.01880  4.28107e+01
 13 -0.02179  4.62065e+01 | 14 -0.02561  4.95972e+01 | 15 -0.02714  5.35771e+01
 16 -0.02658  5.97368e+01 | 17 -0.02318  6.90163e+01 | 18 -0.02325  7.51040e+01
 19 -0.02999  8.00089e+01 | 20 -0.02548  8.53788e+01 | 21 -0.04596  6.62352e+01
 22 -0.02395  8.55378e+01 | 23 -0.02096  8.86376e+01 | 24 -0.02206  8.43577e+01
 25 -0.02812  8.30929e+01 | 26 -0.03878  7.16795e+01 | 27 -0.04300  7.00456e+01
 28 -0.05150  6.76938e+01 | 29 -0.05770  5.91837e+01 | 30 -0.06857  4.79070e+01
 31 -0.10235  3.24566e+01 | 32 -0.12993  2.30856e+01 | 33 -0.14360  2.17799e+01
 34 -0.11552  3.67551e+01 | 35  0.03964  1.75393e+02 | 36 -0.07025  7.35367e+01
 37  0.05170  1.83936e+02 | 38 -0.07569  6.08244e+01 | 39  0.05419  1.31650e+02
 40  0.08542  1.57911e+02 | 41 -0.10053  2.85800e+01 | 42  0.05226  8.94059e+01
 43 -0.05403  3.00039e+01 | 44  0.06588  8.14334e+01 | 45 -0.00550  3.93893e+01
 46 -0.02779  2.68195e+01 | 47 -0.04998  1.85617e+01 | 48 -0.04854  1.79152e+01
 49 -0.04636  1.85712e+01 | 50 -0.06360  1.61208e+01 | 51  0.00739  3.05399e+01
 52 -0.16366  1.19577e+01 | 53 -0.21586  8.93273e+00 | 54 -0.21858  9.46363e+00
 55 -0.18346  1.35350e+01 | 56 -0.19298  1.24579e+01 | 57 -0.16507  1.60422e+01
 58 -0.06837  3.40695e+01 | 59 -0.18111  1.41092e+01 | 60 -0.12735  2.04105e+01
 61 -0.19584  1.23632e+01 | 62 -0.14732  1.62324e+01 | 63 -0.16886  1.20747e+01
 64 -0.22853  6.93920e+00 | 65 -0.18364  7.77129e+00 | 66 -0.16612  5.88673e+00
 67 -0.17930  3.29607e+00 | 68 -0.14294  1.94152e+00 | 69 -0.18245  3.36262e-01
 70 -0.17221 -2.23880e-02 | 71 -0.17766 -3.47197e-02 | 72 -0.43852  1.36871e+03
 73 -0.55664 -3.09916e+01 | 74 -0.74650  1.16913e+03 | 75 -0.97257 -7.19145e-02
 76  1.44699 -1.82810e+01 | 77  1.87439  3.89975e+01 | 78  0.13555 -1.59966e+00
 79 -0.98816 -6.55111e-02 | 80  1.02633  1.50663e+00 | 81  0.28615 -1.63506e+01
81 variables; iteration 700; function evaluation 844; phase 3
Function value 5.5496214e+01; maximum gradient component mag 9.3657e+02
Var    Value     Gradient |Var    Value     Gradient |Var    Value     Gradient
  1  0.04574  9.36571e+02 |  2 -0.00171  1.70529e+00 |  3 -0.00182  2.08396e+00
  4 -0.01834  2.03858e+00 |  5 -0.01849  2.46642e+00 |  6 -0.01912  2.82921e+00
  7 -0.01907  3.44113e+00 |  8 -0.01984  3.88878e+00 |  9 -0.01966  4.65899e+00
 10 -0.02038  5.20260e+00 | 11 -0.02105  5.77436e+00 | 12 -0.01835  6.90260e+00
 13 -0.02007  7.54625e+00 | 14 -0.02444  7.92733e+00 | 15 -0.02812  8.20814e+00
 16 -0.02576  9.79334e+00 | 17 -0.02522  1.08926e+01 | 18 -0.02507  1.12484e+01
 19 -0.03051  1.19878e+01 | 20 -0.03078  1.18492e+01 | 21 -0.04925  4.97580e+00
 22 -0.02451  1.38485e+01 | 23 -0.02196  1.49253e+01 | 24 -0.02530  1.33556e+01
 25 -0.03144  1.24897e+01 | 26 -0.03374  1.22761e+01 | 27 -0.03875  1.21430e+01
 28 -0.05130  1.00326e+01 | 29 -0.05480  9.48413e+00 | 30 -0.06603  8.03200e+00
 31 -0.10229  5.08178e+00 | 32 -0.12988  3.28179e+00 | 33 -0.14325  3.13443e+00
 34 -0.11660  4.70861e+00 | 35  0.03972  2.81027e+01 | 36 -0.07127  1.18575e+01
 37  0.05142  2.73196e+01 | 38 -0.07227  1.19112e+01 | 39  0.05115  1.68896e+01
 40  0.08701  2.71237e+01 | 41 -0.11243  1.24910e+00 | 42  0.05492  1.67390e+01
 43 -0.06042  2.78821e+00 | 44  0.06662  1.33039e+01 | 45 -0.00656  6.21467e+00
 46 -0.02747  4.11838e+00 | 47 -0.05029  2.79724e+00 | 48 -0.04851  2.66605e+00
 49 -0.04634  1.97349e+00 | 50 -0.06518  1.65348e+00 | 51  0.00772  4.04664e+00
 52 -0.16496  1.09645e+00 | 53 -0.21511  1.03841e+00 | 54 -0.21862  1.34510e+00
 55 -0.18397  1.73276e+00 | 56 -0.19291  1.65783e+00 | 57 -0.16544  2.15397e+00
 58 -0.06857  4.34394e+00 | 59 -0.18083  2.52240e+00 | 60 -0.12740  2.49097e+00
 61 -0.19616  2.09220e+00 | 62 -0.14709  2.93388e+00 | 63 -0.16887  1.57736e+00
 64 -0.22824  1.47074e+00 | 65 -0.18380  1.77978e+00 | 66 -0.16596  9.76184e-01
 67 -0.17913  7.49734e-01 | 68 -0.14241  3.44880e-01 | 69 -0.18296  4.48254e-02
 70 -0.17275 -8.97182e-04 | 71 -0.17813 -5.78691e-04 | 72 -0.43852  2.11663e+02
 73 -0.54553 -4.57340e+00 | 74 -0.74595  1.54178e+02 | 75 -0.98269 -1.11737e-01
 76  1.49417 -4.44351e+00 | 77  1.88520  7.09020e+00 | 78  0.13556 -1.01734e+00
 79 -0.98247  2.14049e-02 | 80  1.01961  1.23087e+00 | 81  0.28526 -3.44693e+00
81 variables; iteration 720; function evaluation 870; phase 3
Function value 5.5472523e+01; maximum gradient component mag 3.4610e+02
Var    Value     Gradient |Var    Value     Gradient |Var    Value     Gradient
  1  0.04583  3.46097e+02 |  2 -0.00214  4.74305e-01 |  3 -0.00219  6.47823e-01
  4 -0.01799  7.27010e-01 |  5 -0.01857  7.93838e-01 |  6 -0.01913  8.92925e-01
  7 -0.01961  1.03934e+00 |  8 -0.01950  1.36962e+00 |  9 -0.01959  1.66944e+00
 10 -0.02048  1.76255e+00 | 11 -0.02136  1.85033e+00 | 12 -0.01883  2.38797e+00
 13 -0.02029  2.67205e+00 | 14 -0.02547  2.50074e+00 | 15 -0.02840  2.72703e+00
 16 -0.02586  3.66177e+00 | 17 -0.02375  4.50622e+00 | 18 -0.02445  3.90445e+00
 19 -0.02682  4.96962e+00 | 20 -0.02407  5.60875e+00 | 21 -0.05163 -2.75964e+00
 22 -0.02867  4.00482e+00 | 23 -0.02880  4.08047e+00 | 24 -0.02710  4.59772e+00
 25 -0.03105  4.41297e+00 | 26 -0.03468  4.19069e+00 | 27 -0.03932  4.42893e+00
 28 -0.04733  4.25754e+00 | 29 -0.05507  3.05678e+00 | 30 -0.06686  2.66050e+00
 31 -0.10220  1.80958e+00 | 32 -0.12968  1.01712e+00 | 33 -0.14269  1.12969e+00
 34 -0.11592  1.49202e+00 | 35  0.03952  1.07935e+01 | 36 -0.07145  4.74037e+00
 37  0.05138  9.28639e+00 | 38 -0.07137  6.05940e+00 | 39  0.05043  4.05096e+00
 40  0.08704  1.13657e+01 | 41 -0.11114 -1.12760e+00 | 42  0.05402  7.18109e+00
 43 -0.05884  1.45461e-01 | 44  0.06656  5.89295e+00 | 45 -0.00695  2.28460e+00
 46 -0.02721  1.58909e+00 | 47 -0.05001  1.20764e+00 | 48 -0.04896  1.09011e+00
 49 -0.04585  8.72774e-01 | 50 -0.06589  7.93429e-01 | 51  0.00795  2.05754e+00
 52 -0.16461  4.45191e-01 | 53 -0.21432  2.65058e-01 | 54 -0.21958  3.06890e-01
 55 -0.18339  4.19559e-01 | 56 -0.19313  5.74366e-01 | 57 -0.16543  1.19253e+00
 58 -0.06853  2.27954e+00 | 59 -0.18167  1.73254e+00 | 60 -0.12596  2.09423e+00
 61 -0.19612  1.69511e+00 | 62 -0.14791  2.34901e+00 | 63 -0.16735  1.40841e+00
 64 -0.22814  1.22318e+00 | 65 -0.18419  1.44087e+00 | 66 -0.16512  8.49509e-01
 67 -0.17948  5.88884e-01 | 68 -0.14157  4.39814e-01 | 69 -0.18309  6.62224e-02
 70 -0.17303 -4.47649e-03 | 71 -0.17842 -6.30105e-03 | 72 -0.43869  7.53840e+01
 73 -0.54158 -1.35557e+00 | 74 -0.74586  1.23291e+01 | 75 -0.95979 -4.93614e-02
 76  1.50537 -2.56705e+00 | 77  1.88788  3.72736e+00 | 78  0.13556  1.41304e-01
 79 -0.98129  3.56517e-02 | 80  1.01861  1.17352e+00 | 81  0.28583 -2.30406e+00
81 variables; iteration 740; function evaluation 895; phase 3
Function value 5.5456095e+01; maximum gradient component mag 5.3689e+02
Var    Value     Gradient |Var    Value     Gradient |Var    Value     Gradient
  1  0.04590  5.36894e+02 |  2 -0.00146  9.73110e-01 |  3 -0.00223  1.02654e+00
  4 -0.01803  1.12668e+00 |  5 -0.01862  1.26349e+00 |  6 -0.01876  1.55457e+00
  7 -0.01819  2.07889e+00 |  8 -0.01950  2.13516e+00 |  9 -0.01989  2.47144e+00
 10 -0.02026  2.82491e+00 | 11 -0.02064  3.17634e+00 | 12 -0.01861  3.73129e+00
 13 -0.01962  4.27567e+00 | 14 -0.02505  4.13064e+00 | 15 -0.02749  4.60060e+00
 16 -0.02552  5.56825e+00 | 17 -0.02454  6.28986e+00 | 18 -0.02531  5.85877e+00
 19 -0.02419  8.28118e+00 | 20 -0.03012  6.21814e+00 | 21 -0.05376 -1.39909e+00
 22 -0.03091  5.70940e+00 | 23 -0.02387  8.05725e+00 | 24 -0.02899  6.36343e+00
 25 -0.03402  5.88095e+00 | 26 -0.03155  7.51344e+00 | 27 -0.03766  7.25950e+00
 28 -0.04689  6.61542e+00 | 29 -0.05486  5.00930e+00 | 30 -0.06795  3.75490e+00
 31 -0.10309  2.39564e+00 | 32 -0.12939  1.80565e+00 | 33 -0.14282  1.69083e+00
 34 -0.11512  2.98934e+00 | 35  0.03936  1.50408e+01 | 36 -0.07290  6.10965e+00
 37  0.05208  1.43272e+01 | 38 -0.07392  6.83131e+00 | 39  0.05129  8.58804e+00
 40  0.08625  1.59961e+01 | 41 -0.10809  3.33419e-01 | 42  0.05285  1.00289e+01
 43 -0.05600  1.60111e+00 | 44  0.06576  7.79803e+00 | 45 -0.00655  3.55386e+00
 46 -0.02732  2.53426e+00 | 47 -0.05018  1.65580e+00 | 48 -0.04928  1.60204e+00
 49 -0.04556  1.62867e+00 | 50 -0.06672  1.17053e+00 | 51  0.00803  2.97819e+00
 52 -0.16448  1.26719e+00 | 53 -0.21385  1.00404e+00 | 54 -0.22017  1.24048e+00
 55 -0.18286  1.84784e+00 | 56 -0.19365  1.52973e+00 | 57 -0.16539  2.50594e+00
 58 -0.06855  4.69243e+00 | 59 -0.18172  2.63812e+00 | 60 -0.12584  2.93551e+00
 61 -0.19541  2.31342e+00 | 62 -0.14865  2.69953e+00 | 63 -0.16658  1.68106e+00
 64 -0.22818  1.26373e+00 | 65 -0.18419  1.54364e+00 | 66 -0.16514  7.15030e-01
 67 -0.17913  6.99549e-01 | 68 -0.14148  3.29235e-01 | 69 -0.18303  3.94395e-02
 70 -0.17309 -8.68373e-03 | 71 -0.17847 -1.08728e-02 | 72 -0.43876  9.11332e+01
 73 -0.53739 -1.70872e+00 | 74 -0.74577  5.55385e+01 | 75 -0.91915 -2.45678e-02
 76  1.51344 -3.00676e+00 | 77  1.88946  4.61314e+00 | 78  0.13556 -8.14927e-01
 79 -0.98463 -1.11611e-02 | 80  1.01998  1.27272e+00 | 81  0.28610 -2.76083e+00
81 variables; iteration 760; function evaluation 917; phase 3
Function value 5.5430114e+01; maximum gradient component mag 3.2377e+03
Var    Value     Gradient |Var    Value     Gradient |Var    Value     Gradient
  1  0.04592  3.23767e+03 |  2 -0.00172  5.85289e+00 |  3 -0.00197  6.99804e+00
  4 -0.01828  7.23579e+00 |  5 -0.01838  8.62060e+00 |  6 -0.01855  1.01786e+01
  7 -0.01917  1.17810e+01 |  8 -0.01932  1.37369e+01 |  9 -0.01951  1.58658e+01
 10 -0.02013  1.79604e+01 | 11 -0.02140  1.98737e+01 | 12 -0.01864  2.30450e+01
 13 -0.01999  2.54874e+01 | 14 -0.02540  2.66281e+01 | 15 -0.02788  2.85496e+01
 16 -0.02570  3.27008e+01 | 17 -0.02507  3.65331e+01 | 18 -0.02360  4.03159e+01
 19 -0.02584  4.54505e+01 | 20 -0.02543  4.61033e+01 | 21 -0.05742  2.68348e+01
 22 -0.02691  4.41648e+01 | 23 -0.02365  4.63267e+01 | 24 -0.02897  4.16458e+01
 25 -0.02982  4.40961e+01 | 26 -0.03236  4.23693e+01 | 27 -0.04061  3.93310e+01
 28 -0.05091  3.66337e+01 | 29 -0.05598  3.23574e+01 | 30 -0.06815  2.57093e+01
 31 -0.10305  1.70823e+01 | 32 -0.12990  1.23019e+01 | 33 -0.14296  1.16627e+01
 34 -0.11464  1.99742e+01 | 35  0.03859  9.40669e+01 | 36 -0.07152  4.01545e+01
 37  0.05156  9.90491e+01 | 38 -0.07365  3.50238e+01 | 39  0.05160  7.02843e+01
 40  0.08533  8.84929e+01 | 41 -0.10077  1.53264e+01 | 42  0.04937  4.80347e+01
 43 -0.04825  1.77882e+01 | 44  0.06377  4.26933e+01 | 45 -0.00447  2.15597e+01
 46 -0.02938  1.38889e+01 | 47 -0.04941  9.80701e+00 | 48 -0.04991  9.21171e+00
 49 -0.04560  9.06566e+00 | 50 -0.06760  7.19225e+00 | 51  0.00822  1.45528e+01
 52 -0.16467  5.29571e+00 | 53 -0.21285  4.17221e+00 | 54 -0.22079  4.12622e+00
 55 -0.18259  5.93840e+00 | 56 -0.19358  5.04591e+00 | 57 -0.16568  6.52397e+00
 58 -0.06833  1.36613e+01 | 59 -0.18150  6.12015e+00 | 60 -0.12595  7.82356e+00
 61 -0.19537  5.20814e+00 | 62 -0.14861  7.37545e+00 | 63 -0.16648  5.05172e+00
 64 -0.22783  3.14710e+00 | 65 -0.18436  3.78750e+00 | 66 -0.16485  2.67950e+00
 67 -0.17889  1.74861e+00 | 68 -0.14134  8.76290e-01 | 69 -0.18281  1.46775e-01
 70 -0.17275 -2.23651e-02 | 71 -0.17808 -2.35924e-02 | 72 -0.43876  5.45294e+02
 73 -0.53119 -1.21624e+01 | 74 -0.74558  7.83953e+02 | 75 -0.80421 -9.89914e-03
 76  1.52474 -1.18808e+01 | 77  1.89240  2.21539e+01 | 78  0.13556 -1.10500e+00
 79 -0.98534 -2.24339e-02 | 80  1.01538  8.83382e-01 | 81  0.28608 -7.61437e+00
81 variables; iteration 780; function evaluation 942; phase 3
Function value 5.5416306e+01; maximum gradient component mag 5.6753e+02
Var    Value     Gradient |Var    Value     Gradient |Var    Value     Gradient
  1  0.04580  5.67532e+02 |  2 -0.00179  9.93594e-01 |  3 -0.00183  1.25346e+00
  4 -0.01833  1.17609e+00 |  5 -0.01829  1.50196e+00 |  6 -0.01862  1.76824e+00
  7 -0.01842  2.22090e+00 |  8 -0.02011  2.20531e+00 |  9 -0.01965  2.80775e+00
 10 -0.02073  3.00081e+00 | 11 -0.02110  3.39472e+00 | 12 -0.01983  3.77534e+00
 13 -0.01992  4.62483e+00 | 14 -0.02556  4.44589e+00 | 15 -0.02789  4.97955e+00
 16 -0.02525  6.22509e+00 | 17 -0.02466  6.90122e+00 | 18 -0.02411  6.94499e+00
 19 -0.02620  8.44940e+00 | 20 -0.02857  7.53520e+00 | 21 -0.05637 -1.49722e+00
 22 -0.02330  9.03955e+00 | 23 -0.01815  1.08817e+01 | 24 -0.02599  8.18605e+00
 25 -0.03127  7.53731e+00 | 26 -0.03586  6.74177e+00 | 27 -0.04231  6.20348e+00
 28 -0.04917  6.20033e+00 | 29 -0.05689  4.53570e+00 | 30 -0.06866  3.58833e+00
 31 -0.10297  2.56913e+00 | 32 -0.12932  2.18842e+00 | 33 -0.14300  2.13664e+00
 34 -0.11332  3.99305e+00 | 35  0.03843  1.79307e+01 | 36 -0.07114  8.13606e+00
 37  0.05162  1.58556e+01 | 38 -0.07363  7.84916e+00 | 39  0.05197  1.02756e+01
 40  0.08531  1.57473e+01 | 41 -0.10193  1.28076e+00 | 42  0.05040  9.24130e+00
 43 -0.05084  2.61485e+00 | 44  0.06485  7.96063e+00 | 45 -0.00620  3.86001e+00
 46 -0.02775  2.79536e+00 | 47 -0.05067  1.77581e+00 | 48 -0.04920  1.98595e+00
 49 -0.04594  1.67677e+00 | 50 -0.06709  1.47260e+00 | 51  0.00822  3.51273e+00
 52 -0.16487  9.31487e-01 | 53 -0.21326  8.39273e-01 | 54 -0.21994  8.66599e-01
 55 -0.18288  1.18401e+00 | 56 -0.19318  9.11343e-01 | 57 -0.16537  1.39226e+00
 58 -0.06825  2.60566e+00 | 59 -0.18126  1.77770e+00 | 60 -0.12603  1.35470e+00
 61 -0.19558  1.41860e+00 | 62 -0.14785  2.09850e+00 | 63 -0.16699  7.02457e-01
 64 -0.22795  6.94457e-01 | 65 -0.18395  1.02337e+00 | 66 -0.16494  2.73953e-01
 67 -0.17895  3.56984e-01 | 68 -0.14129  1.67996e-01 | 69 -0.18275  2.71395e-02
 70 -0.17265 -9.61325e-03 | 71 -0.17801 -1.05031e-02 | 72 -0.43857  8.42802e+01
 73 -0.52903 -1.64809e+00 | 74 -0.74544  8.07963e+01 | 75 -0.51374 -3.30845e-03
 76  1.53012 -2.96717e+00 | 77  1.89366  5.62018e+00 | 78  0.13556 -4.66553e-02
 79 -0.98269  1.68483e-02 | 80  1.01122  5.97356e-01 | 81  0.28599 -1.97405e+00
81 variables; iteration 800; function evaluation 964; phase 3
Function value 5.5411598e+01; maximum gradient component mag -1.0378e+03
Var    Value     Gradient |Var    Value     Gradient |Var    Value     Gradient
  1  0.04578 -1.03780e+03 |  2 -0.00192 -1.98357e+00 |  3 -0.00182 -2.26623e+00
  4 -0.01838 -2.51297e+00 |  5 -0.01833 -2.85803e+00 |  6 -0.01875 -3.36303e+00
  7 -0.01844 -3.75535e+00 |  8 -0.02030 -4.67991e+00 |  9 -0.01970 -5.11483e+00
 10 -0.02044 -5.89457e+00 | 11 -0.01989 -6.46430e+00 | 12 -0.01996 -7.65582e+00
 13 -0.02066 -8.21949e+00 | 14 -0.02661 -9.19740e+00 | 15 -0.02837 -9.43559e+00
 16 -0.02594 -1.01359e+01 | 17 -0.02458 -1.12290e+01 | 18 -0.02478 -1.32509e+01
 19 -0.02628 -1.38881e+01 | 20 -0.02699 -1.44663e+01 | 21 -0.05583 -1.89966e+01
 22 -0.02553 -1.41386e+01 | 23 -0.01969 -1.32385e+01 | 24 -0.02403 -1.31323e+01
 25 -0.02857 -1.37061e+01 | 26 -0.03594 -1.34627e+01 | 27 -0.04172 -1.30199e+01
 28 -0.04923 -1.27704e+01 | 29 -0.05797 -1.21040e+01 | 30 -0.06887 -9.55149e+00
 31 -0.10289 -6.15040e+00 | 32 -0.12925 -4.12827e+00 | 33 -0.14296 -3.76190e+00
 34 -0.11295 -6.40667e+00 | 35  0.03814 -2.96934e+01 | 36 -0.07023 -1.17215e+01
 37  0.05122 -3.58490e+01 | 38 -0.07264 -9.06269e+00 | 39  0.05163 -2.72275e+01
 40  0.08547 -2.83666e+01 | 41 -0.10219 -7.13126e+00 | 42  0.05018 -1.48777e+01
 43 -0.05029 -6.12959e+00 | 44  0.06479 -1.38675e+01 | 45 -0.00647 -6.75272e+00
 46 -0.02759 -4.17649e+00 | 47 -0.05087 -2.98185e+00 | 48 -0.04926 -2.53100e+00
 49 -0.04598 -2.72971e+00 | 50 -0.06698 -2.13682e+00 | 51  0.00809 -3.37570e+00
 52 -0.16479 -1.22265e+00 | 53 -0.21340 -6.13936e-01 | 54 -0.21999 -5.62169e-01
 55 -0.18283 -4.34858e-01 | 56 -0.19308 -4.32321e-01 | 57 -0.16539 -3.13733e-01
 58 -0.06822 -1.05033e+00 | 59 -0.18144  1.73074e-01 | 60 -0.12589 -1.05225e+00
 61 -0.19572 -1.81616e-01 | 62 -0.14783 -4.39257e-01 | 63 -0.16695 -1.19328e+00
 64 -0.22818 -4.52750e-01 | 65 -0.18393 -2.53923e-01 | 66 -0.16491 -6.47964e-01
 67 -0.17906 -1.42954e-01 | 68 -0.14135 -1.08602e-01 | 69 -0.18272 -7.59384e-03
 70 -0.17260  1.51301e-02 | 71 -0.17798  1.22384e-02 | 72 -0.43851 -1.84817e+02
 73 -0.52874  4.84198e+00 | 74 -0.74540 -3.72528e+02 | 75 -0.38750 -1.96728e-03
 76  1.53022  2.51367e+00 | 77  1.89363 -4.58527e+00 | 78  0.13556  3.15564e-01
 79 -0.98363  4.38080e-03 | 80  1.01084  5.79704e-01 | 81  0.28614  4.92212e-01
81 variables; iteration 820; function evaluation 988; phase 3
Function value 5.5389807e+01; maximum gradient component mag 2.9355e+03
Var    Value     Gradient |Var    Value     Gradient |Var    Value     Gradient
  1  0.04582  2.93553e+03 |  2 -0.00175  5.33689e+00 |  3 -0.00211  6.35109e+00
  4 -0.01825  6.61229e+00 |  5 -0.01812  7.95336e+00 |  6 -0.01853  9.30412e+00
  7 -0.01899  1.08163e+01 |  8 -0.01988  1.23540e+01 |  9 -0.01971  1.44256e+01
 10 -0.02033  1.63375e+01 | 11 -0.02009  1.86662e+01 | 12 -0.01973  2.06043e+01
 13 -0.02018  2.32126e+01 | 14 -0.02575  2.41507e+01 | 15 -0.02776  2.61431e+01
 16 -0.02530  3.01316e+01 | 17 -0.02333  3.43605e+01 | 18 -0.02408  3.65977e+01
 19 -0.02515  4.19940e+01 | 20 -0.02674  4.13987e+01 | 21 -0.05468  2.52242e+01
 22 -0.02858  3.93772e+01 | 23 -0.02351  4.24612e+01 | 24 -0.02864  3.81592e+01
 25 -0.03174  3.90717e+01 | 26 -0.03345  3.80276e+01 | 27 -0.04015  3.62098e+01
 28 -0.04725  3.55234e+01 | 29 -0.05675  2.89788e+01 | 30 -0.06885  2.28293e+01
 31 -0.10329  1.52893e+01 | 32 -0.12926  1.15930e+01 | 33 -0.14290  1.10035e+01
 34 -0.11338  1.90415e+01 | 35  0.03843  8.71903e+01 | 36 -0.07141  3.70488e+01
 37  0.05152  9.04263e+01 | 38 -0.07382  3.29228e+01 | 39  0.05192  6.51407e+01
 40  0.08531  8.09422e+01 | 41 -0.10413  1.29393e+01 | 42  0.05116  4.53976e+01
 43 -0.05281  1.54525e+01 | 44  0.06534  4.07495e+01 | 45 -0.00753  1.89722e+01
 46 -0.02676  1.34834e+01 | 47 -0.05152  8.78394e+00 | 48 -0.04885  8.78730e+00
 49 -0.04638  8.56220e+00 | 50 -0.06646  7.38031e+00 | 51  0.00779  1.32801e+01
 52 -0.16506  4.45095e+00 | 53 -0.21361  3.26016e+00 | 54 -0.21998  3.06030e+00
 55 -0.18302  4.25090e+00 | 56 -0.19311  3.69823e+00 | 57 -0.16572  4.63032e+00
 58 -0.06820  9.92403e+00 | 59 -0.18153  4.31374e+00 | 60 -0.12630  5.36303e+00
 61 -0.19622  3.65725e+00 | 62 -0.14737  5.82019e+00 | 63 -0.16746  3.38749e+00
 64 -0.22843  1.87849e+00 | 65 -0.18398  2.47931e+00 | 66 -0.16509  1.61078e+00
 67 -0.17914  1.00440e+00 | 68 -0.14157  5.34476e-01 | 69 -0.18286  8.61264e-02
 70 -0.17278 -2.25186e-02 | 71 -0.17817 -2.87340e-02 | 72 -0.43846  5.04900e+02
 73 -0.52868 -1.19173e+01 | 74 -0.74537  7.61832e+02 | 75 -0.20870 -6.28547e-03
 76  1.52881 -1.08028e+01 | 77  1.89299  1.97695e+01 | 78  0.13556  3.60588e-01
 79 -0.98371  3.68777e-03 | 80  1.00330 -2.65209e-01 | 81  0.28584 -5.79246e+00
81 variables; iteration 840; function evaluation 1016; phase 3
Function value 5.5363167e+01; maximum gradient component mag 1.3016e+03
Var    Value     Gradient |Var    Value     Gradient |Var    Value     Gradient
  1  0.04581  1.30164e+03 |  2 -0.00150  2.45278e+00 |  3 -0.00193  2.88219e+00
  4 -0.01829  2.91813e+00 |  5 -0.01831  3.54134e+00 |  6 -0.01825  4.27605e+00
  7 -0.01851  5.01112e+00 |  8 -0.01864  5.86769e+00 |  9 -0.02043  6.29875e+00
 10 -0.01950  7.61245e+00 | 11 -0.02109  8.16364e+00 | 12 -0.01834  9.64340e+00
 13 -0.01978  1.06707e+01 | 14 -0.02340  1.15450e+01 | 15 -0.02709  1.20196e+01
 16 -0.02989  1.21430e+01 | 17 -0.02611  1.48618e+01 | 18 -0.02790  1.49396e+01
 19 -0.02141  2.09549e+01 | 20 -0.02887  1.78794e+01 | 21 -0.05520  7.15548e+00
 22 -0.02976  1.70246e+01 | 23 -0.02546  1.89317e+01 | 24 -0.02547  1.84751e+01
 25 -0.02909  1.86660e+01 | 26 -0.03424  1.70138e+01 | 27 -0.04027  1.62512e+01
 28 -0.04844  1.55457e+01 | 29 -0.05549  1.29586e+01 | 30 -0.06659  1.06859e+01
 31 -0.10269  6.90390e+00 | 32 -0.12954  5.14668e+00 | 33 -0.14318  4.93124e+00
 34 -0.11415  8.25119e+00 | 35  0.03885  4.08379e+01 | 36 -0.07387  1.67393e+01
 37  0.05271  4.16198e+01 | 38 -0.07866  1.50064e+01 | 39  0.05356  3.03593e+01
 40  0.08429  3.77712e+01 | 41 -0.10330  5.12298e+00 | 42  0.05159  2.18301e+01
 43 -0.05471  6.16810e+00 | 44  0.06522  1.83286e+01 | 45 -0.00677  8.65583e+00
 46 -0.02841  5.61894e+00 | 47 -0.05051  3.80722e+00 | 48 -0.04955  3.70321e+00
 49 -0.04593  3.14922e+00 | 50 -0.06740  2.15104e+00 | 51  0.00786  4.40928e+00
 52 -0.16604  1.01978e+00 | 53 -0.21397  1.05933e+00 | 54 -0.21963  8.80921e-01
 55 -0.18316  1.42954e+00 | 56 -0.19327  1.10323e+00 | 57 -0.16561  1.58977e+00
 58 -0.06842  3.36886e+00 | 59 -0.18161  1.77687e+00 | 60 -0.12644  1.77718e+00
 61 -0.19661  1.38616e+00 | 62 -0.14714  2.30312e+00 | 63 -0.16808  8.20806e-01
 64 -0.22872  6.15258e-01 | 65 -0.18373  1.19061e+00 | 66 -0.16554  4.91805e-01
 67 -0.17930  4.07991e-01 | 68 -0.14192  2.02505e-01 | 69 -0.18299  4.69697e-02
 70 -0.17305 -1.83888e-02 | 71 -0.17844 -1.95539e-02 | 72 -0.43828  2.22449e+02
 73 -0.52782 -5.21714e+00 | 74 -0.74518  3.13820e+02 | 75  0.11843 -1.59810e-01
 76  1.53593 -5.51188e+00 | 77  1.89521  1.01958e+01 | 78  0.13556  5.19337e-01
 79 -0.98288  1.41915e-02 | 80  1.00505 -1.24048e-02 | 81  0.28566 -2.41159e+00
81 variables; iteration 860; function evaluation 1038; phase 3
Function value 5.5337357e+01; maximum gradient component mag -6.6343e+01
Var    Value     Gradient |Var    Value     Gradient |Var    Value     Gradient
  1  0.04573  5.56138e+01 |  2 -0.00156  1.53882e-01 |  3 -0.00186  1.72031e-01
  4 -0.01789  1.69191e-01 |  5 -0.01821  1.97545e-01 |  6 -0.01831  2.96000e-01
  7 -0.01908  2.40807e-01 |  8 -0.01922  3.56825e-01 |  9 -0.01948  4.50399e-01
 10 -0.02036  3.81514e-01 | 11 -0.02066  4.46119e-01 | 12 -0.01795  7.99223e-01
 13 -0.02076  5.54918e-01 | 14 -0.02344  9.34680e-01 | 15 -0.02738  7.73010e-01
 16 -0.02647  9.59331e-01 | 17 -0.02498  1.29238e+00 | 18 -0.02274  1.18879e+00
 19 -0.02879  9.33463e-01 | 20 -0.02619  1.39818e+00 | 21 -0.05617 -6.81932e+00
 22 -0.02669  1.13104e+00 | 23 -0.02741  1.07000e+00 | 24 -0.02835  9.63941e-01
 25 -0.03102  1.04400e+00 | 26 -0.03386  1.19839e+00 | 27 -0.03986  1.07578e+00
 28 -0.04897  5.78950e-01 | 29 -0.05188  1.16538e+00 | 30 -0.06562  6.95974e-01
 31 -0.10254  1.82535e-01 | 32 -0.12977  9.50646e-02 | 33 -0.14363  1.03028e-01
 34 -0.11390  2.22389e-01 | 35  0.03923  3.40852e+00 | 36 -0.07606  8.12340e-01
 37  0.05407  1.37667e+00 | 38 -0.08327  5.63377e-01 | 39  0.05504 -5.14103e-01
 40  0.08377  1.76435e+00 | 41 -0.10269 -1.80058e+00 | 42  0.05146  1.60206e+00
 43 -0.05395 -6.87694e-01 | 44  0.06516  5.13150e-01 | 45 -0.00681  8.90293e-02
 46 -0.02863  1.99877e-02 | 47 -0.05004  1.21636e-01 | 48 -0.05000  4.03469e-02
 49 -0.04558  4.42188e-02 | 50 -0.06736 -2.60916e-01 | 51  0.00779  4.24976e-01
 52 -0.16601  3.42138e-02 | 53 -0.21488  8.16826e-02 | 54 -0.21878  1.39163e-01
 55 -0.18337  2.06023e-01 | 56 -0.19306  1.20587e-01 | 57 -0.16533  4.61246e-01
 58 -0.06847  5.48590e-01 | 59 -0.18181  6.54505e-01 | 60 -0.12607  5.15529e-01
 61 -0.19685  4.62975e-01 | 62 -0.14710  7.12661e-01 | 63 -0.16800  2.36865e-01
 64 -0.22864  4.02363e-01 | 65 -0.18379  5.80421e-01 | 66 -0.16552  1.62298e-01
 67 -0.17946  2.33175e-01 | 68 -0.14206  1.12679e-01 | 69 -0.18301  5.63590e-03
 70 -0.17316 -1.01691e-03 | 71 -0.17856  2.24893e-03 | 72 -0.43819  2.22355e+01
 73 -0.53045 -1.61626e-01 | 74 -0.74505 -6.63425e+01 | 75  0.17959  2.10595e-02
 76  1.54012 -1.27669e+00 | 77  1.89657  2.56656e+00 | 78  0.13556  3.55972e-01
 79 -0.98385 -2.21074e-04 | 80  1.00822  3.37759e-01 | 81  0.28589 -5.59826e-01
81 variables; iteration 880; function evaluation 1060; phase 3
Function value 5.5326438e+01; maximum gradient component mag 1.2343e+03
Var    Value     Gradient |Var    Value     Gradient |Var    Value     Gradient
  1  0.04567  1.23428e+03 |  2 -0.00166  2.30445e+00 |  3 -0.00183  2.78123e+00
  4 -0.01780  2.91797e+00 |  5 -0.01802  3.46162e+00 |  6 -0.01849  4.02073e+00
  7 -0.01941  4.52706e+00 |  8 -0.02001  5.20600e+00 |  9 -0.01938  6.32422e+00
 10 -0.02095  6.82230e+00 | 11 -0.01988  8.16882e+00 | 12 -0.01828  9.23236e+00
 13 -0.02071  9.88387e+00 | 14 -0.02474  1.05631e+01 | 15 -0.02841  1.10087e+01
 16 -0.02576  1.30757e+01 | 17 -0.02491  1.46699e+01 | 18 -0.02287  1.61171e+01
 19 -0.03130  1.60294e+01 | 20 -0.02870  1.70682e+01 | 21 -0.05555  6.37532e+00
 22 -0.02479  1.82516e+01 | 23 -0.02528  1.82312e+01 | 24 -0.02425  1.81891e+01
 25 -0.03036  1.73655e+01 | 26 -0.03169  1.72956e+01 | 27 -0.04109  1.52061e+01
 28 -0.04897  1.46232e+01 | 29 -0.05389  1.29931e+01 | 30 -0.06649  1.02065e+01
 31 -0.10302  6.35952e+00 | 32 -0.12963  4.81407e+00 | 33 -0.14387  4.44304e+00
 34 -0.11272  7.96529e+00 | 35  0.03868  3.69088e+01 | 36 -0.07476  1.51170e+01
 37  0.05371  3.83326e+01 | 38 -0.08324  1.19687e+01 | 39  0.05549  2.73921e+01
 40  0.08335  3.31141e+01 | 41 -0.09999  4.58044e+00 | 42  0.05026  1.86756e+01
 43 -0.05145  6.29980e+00 | 44  0.06487  1.68127e+01 | 45 -0.00711  7.64131e+00
 46 -0.02861  5.37756e+00 | 47 -0.05020  3.91327e+00 | 48 -0.05009  3.56060e+00
 49 -0.04582  3.73105e+00 | 50 -0.06713  2.94124e+00 | 51  0.00762  6.12324e+00
 52 -0.16588  2.21725e+00 | 53 -0.21498  1.53832e+00 | 54 -0.21875  1.38448e+00
 55 -0.18342  2.01228e+00 | 56 -0.19274  1.78331e+00 | 57 -0.16545  2.17746e+00
 58 -0.06831  4.36578e+00 | 59 -0.18172  1.92131e+00 | 60 -0.12625  2.37318e+00
 61 -0.19730  1.27381e+00 | 62 -0.14652  2.13567e+00 | 63 -0.16851  9.59568e-01
 64 -0.22874  6.43757e-01 | 65 -0.18362  9.02367e-01 | 66 -0.16565  4.07659e-01
 67 -0.17933  3.36586e-01 | 68 -0.14226  1.40887e-01 | 69 -0.18280  3.00386e-02
 70 -0.17288 -4.70529e-03 | 71 -0.17830 -5.53430e-03 | 72 -0.43806  2.38380e+02
 73 -0.52846 -5.81216e+00 | 74 -0.74497  3.04132e+02 | 75  0.19465 -2.93828e-01
 76  1.53897 -5.19593e+00 | 77  1.89610  9.53296e+00 | 78  0.13556  2.07610e-01
 79 -0.98410 -2.55512e-03 | 80  1.00375 -1.89878e-01 | 81  0.28582 -2.45000e+00
81 variables; iteration 900; function evaluation 1083; phase 3
Function value 5.5311506e+01; maximum gradient component mag -7.3796e+03
Var    Value     Gradient |Var    Value     Gradient |Var    Value     Gradient
  1  0.04552 -7.37956e+03 |  2 -0.00176 -1.33938e+01 |  3 -0.00210 -1.59897e+01
  4 -0.01803 -1.67598e+01 |  5 -0.01811 -1.97398e+01 |  6 -0.01865 -2.31661e+01
  7 -0.01880 -2.69811e+01 |  8 -0.01916 -3.12238e+01 |  9 -0.01974 -3.58430e+01
 10 -0.02089 -4.07468e+01 | 11 -0.02066 -4.60050e+01 | 12 -0.01910 -5.20659e+01
 13 -0.02137 -5.71577e+01 | 14 -0.02524 -6.12823e+01 | 15 -0.02829 -6.48870e+01
 16 -0.02684 -7.25607e+01 | 17 -0.02630 -8.11038e+01 | 18 -0.02317 -9.17483e+01
 19 -0.02580 -1.00982e+02 | 20 -0.02426 -1.03718e+02 | 21 -0.05494 -8.82175e+01
 22 -0.02355 -1.02717e+02 | 23 -0.02070 -1.04377e+02 | 24 -0.02689 -9.69062e+01
 25 -0.02902 -9.94490e+01 | 26 -0.03635 -9.17513e+01 | 27 -0.04398 -8.76813e+01
 28 -0.04903 -8.69302e+01 | 29 -0.05558 -7.68862e+01 | 30 -0.06678 -6.14936e+01
 31 -0.10171 -4.05470e+01 | 32 -0.12966 -2.91112e+01 | 33 -0.14386 -2.70909e+01
 34 -0.11138 -4.74922e+01 | 35  0.03831 -2.09497e+02 | 36 -0.07421 -8.61828e+01
 37  0.05379 -2.33327e+02 | 38 -0.08422 -6.94317e+01 | 39  0.05647 -1.72078e+02
 40  0.08258 -1.89896e+02 | 41 -0.09688 -3.98159e+01 | 42  0.04941 -1.04850e+02
 43 -0.04921 -4.04348e+01 | 44  0.06414 -9.74452e+01 | 45 -0.00609 -4.75196e+01
 46 -0.02951 -3.17186e+01 | 47 -0.05025 -2.20112e+01 | 48 -0.05001 -2.06357e+01
 49 -0.04589 -2.13316e+01 | 50 -0.06720 -1.78226e+01 | 51  0.00767 -3.28214e+01
 52 -0.16628 -1.18623e+01 | 53 -0.21522 -8.37515e+00 | 54 -0.21770 -8.45220e+00
 55 -0.18357 -1.14034e+01 | 56 -0.19252 -1.08918e+01 | 57 -0.16514 -1.37274e+01
 58 -0.06806 -2.95183e+01 | 59 -0.18155 -1.19184e+01 | 60 -0.12640 -1.86954e+01
 61 -0.19712 -1.07263e+01 | 62 -0.14618 -1.52680e+01 | 63 -0.16852 -1.16376e+01
 64 -0.22879 -6.16515e+00 | 65 -0.18342 -6.88509e+00 | 66 -0.16552 -5.62396e+00
 67 -0.17921 -2.88317e+00 | 68 -0.14228 -1.80256e+00 | 69 -0.18263 -2.87335e-01
 70 -0.17269  4.81272e-02 | 71 -0.17812  5.25626e-02 | 72 -0.43779 -1.30064e+03
 73 -0.52332  3.61958e+01 | 74 -0.74472 -2.49067e+03 | 75  0.23629  3.29731e+00
 76  1.54357  2.45360e+01 | 77  1.89706 -4.33235e+01 | 78  0.13556 -8.90374e-01
 79 -0.98486 -1.33189e-02 | 80  0.99569  6.84085e-02 | 81  0.28567  1.50251e+01
81 variables; iteration 920; function evaluation 1106; phase 3
Function value 5.5294517e+01; maximum gradient component mag 5.9961e+02
Var    Value     Gradient |Var    Value     Gradient |Var    Value     Gradient
  1  0.04553  5.99606e+02 |  2 -0.00177  1.11228e+00 |  3 -0.00197  1.35376e+00
  4 -0.01771  1.48217e+00 |  5 -0.01817  1.70141e+00 |  6 -0.01858  1.97973e+00
  7 -0.01877  2.36130e+00 |  8 -0.01950  2.64192e+00 |  9 -0.01997  3.03012e+00
 10 -0.01978  3.62255e+00 | 11 -0.02051  3.96275e+00 | 12 -0.01989  4.21294e+00
 13 -0.02050  4.96180e+00 | 14 -0.02556  4.98261e+00 | 15 -0.02794  5.54138e+00
 16 -0.02656  6.46544e+00 | 17 -0.02466  7.63414e+00 | 18 -0.02401  7.79892e+00
 19 -0.02227  1.06865e+01 | 20 -0.02681  9.03321e+00 | 21 -0.05305  2.24817e-01
 22 -0.03061  7.49951e+00 | 23 -0.02313  1.01063e+01 | 24 -0.02691  8.74025e+00
 25 -0.02945  9.05186e+00 | 26 -0.03551  7.73347e+00 | 27 -0.04043  7.68285e+00
 28 -0.04736  7.62393e+00 | 29 -0.05545  5.66935e+00 | 30 -0.06734  4.46878e+00
 31 -0.10231  3.11792e+00 | 32 -0.12967  2.38357e+00 | 33 -0.14395  2.26528e+00
 34 -0.11092  4.11335e+00 | 35  0.03812  1.83468e+01 | 36 -0.07410  7.92403e+00
 37  0.05362  1.78827e+01 | 38 -0.08356  6.23885e+00 | 39  0.05596  1.31078e+01
 40  0.08285  1.68925e+01 | 41 -0.09923  1.51938e+00 | 42  0.05031  9.99895e+00
 43 -0.05219  2.94242e+00 | 44  0.06506  8.53608e+00 | 45 -0.00774  3.85832e+00
 46 -0.02836  2.88688e+00 | 47 -0.05102  1.88370e+00 | 48 -0.05001  1.84705e+00
 49 -0.04597  2.00984e+00 | 50 -0.06731  1.54484e+00 | 51  0.00759  3.05922e+00
 52 -0.16639  1.01510e+00 | 53 -0.21524  6.54943e-01 | 54 -0.21780  5.64942e-01
 55 -0.18358  5.97991e-01 | 56 -0.19246  5.33678e-01 | 57 -0.16512  7.82704e-01
 58 -0.06812  1.40066e+00 | 59 -0.18169  5.34113e-01 | 60 -0.12614  6.82666e-01
 61 -0.19758  2.09184e-01 | 62 -0.14592  8.32040e-01 | 63 -0.16872  1.68619e-01
 64 -0.22875  1.62025e-01 | 65 -0.18337  3.20471e-01 | 66 -0.16560  9.20349e-02
 67 -0.17925  1.66286e-01 | 68 -0.14230  1.07782e-01 | 69 -0.18260  3.70641e-02
 70 -0.17275  8.09134e-04 | 71 -0.17818 -1.04032e-03 | 72 -0.43771  1.35852e+02
 73 -0.52082 -3.35427e+00 | 74 -0.74460  1.28035e+02 | 75  0.24482 -5.05934e-02
 76  1.54581 -2.82711e+00 | 77  1.89773  5.47462e+00 | 78  0.13556 -1.61534e-01
 79 -0.98329  9.48563e-03 | 80  0.99037 -4.65546e-01 | 81  0.28574 -8.94602e-01
81 variables; iteration 940; function evaluation 1129; phase 3
Function value 5.5288968e+01; maximum gradient component mag -6.1101e+01
Var    Value     Gradient |Var    Value     Gradient |Var    Value     Gradient
  1  0.04557  3.25829e+01 |  2 -0.00157  1.24230e-01 |  3 -0.00167  1.91411e-01
  4 -0.01823  4.92875e-02 |  5 -0.01853  7.80791e-02 |  6 -0.01866  1.62653e-01
  7 -0.01876  2.66009e-01 |  8 -0.01954  2.10937e-01 |  9 -0.01940  3.96523e-01
 10 -0.02035  2.99193e-01 | 11 -0.02037  4.24934e-01 | 12 -0.01998  1.74891e-01
 13 -0.01987  6.68406e-01 | 14 -0.02546  2.71007e-01 | 15 -0.02769  5.53075e-01
 16 -0.02636  8.43366e-01 | 17 -0.02430  1.31313e+00 | 18 -0.02289  9.68819e-01
 19 -0.02629  1.42087e+00 | 20 -0.02857  5.64101e-01 | 21 -0.05302 -6.14633e+00
 22 -0.03017  2.40641e-02 | 23 -0.02680  1.05982e+00 | 24 -0.02732  1.08216e+00
 25 -0.02922  1.37536e+00 | 26 -0.03071  1.91403e+00 | 27 -0.03870  1.23948e+00
 28 -0.04784  6.77239e-01 | 29 -0.05541 -1.90172e-01 | 30 -0.06733 -1.83569e-01
 31 -0.10239 -3.13449e-02 | 32 -0.12974  3.82777e-02 | 33 -0.14390  8.84937e-02
 34 -0.11151  1.95603e-01 | 35  0.03840  2.26516e+00 | 36 -0.07516  9.28395e-01
 37  0.05393  3.82193e-01 | 38 -0.08484  6.58923e-01 | 39  0.05626  5.45585e-01
 40  0.08257  2.74045e+00 | 41 -0.09886 -1.24704e+00 | 42  0.05009  2.05237e+00
 43 -0.05168  5.33504e-02 | 44  0.06475  9.58296e-01 | 45 -0.00734  3.36428e-01
 46 -0.02882  2.98970e-01 | 47 -0.05084  1.40644e-01 | 48 -0.05008  1.91073e-01
 49 -0.04607  2.19730e-01 | 50 -0.06731  1.66305e-01 | 51  0.00751  4.89705e-01
 52 -0.16647  1.48030e-01 | 53 -0.21541  4.90350e-03 | 54 -0.21782 -3.70324e-02
 55 -0.18367 -2.07206e-01 | 56 -0.19244 -2.00647e-01 | 57 -0.16530 -2.61245e-01
 58 -0.06816 -7.28355e-01 | 59 -0.18177 -3.43944e-01 | 60 -0.12625 -7.48133e-01
 61 -0.19754 -5.24689e-01 | 62 -0.14608 -2.48440e-01 | 63 -0.16859 -5.17324e-01
 64 -0.22899 -3.25237e-01 | 65 -0.18341 -2.44763e-01 | 66 -0.16569 -4.19920e-01
 67 -0.17932 -1.48519e-01 | 68 -0.14239 -1.49227e-01 | 69 -0.18268 -8.77312e-03
 70 -0.17291 -2.99727e-03 | 71 -0.17835 -4.00021e-03 | 72 -0.43771  3.30425e+01
 73 -0.52076 -4.79600e-01 | 74 -0.74459 -6.11008e+01 | 75  0.25714  2.65956e-01
 76  1.54402 -9.17468e-01 | 77  1.89731  1.94334e+00 | 78  0.13556 -4.24344e-01
 79 -0.98377  2.67523e-03 | 80  0.99020 -4.87811e-01 | 81  0.28575  2.52211e-01
81 variables; iteration 960; function evaluation 1151; phase 3
Function value 5.5282261e+01; maximum gradient component mag 6.0657e+02
Var    Value     Gradient |Var    Value     Gradient |Var    Value     Gradient
  1  0.04556  6.06567e+02 |  2 -0.00187  1.09991e+00 |  3 -0.00201  1.36013e+00
  4 -0.01792  1.44636e+00 |  5 -0.01831  1.68726e+00 |  6 -0.01862  1.99453e+00
  7 -0.01896  2.33754e+00 |  8 -0.01941  2.69837e+00 |  9 -0.01967  3.15147e+00
 10 -0.02043  3.48389e+00 | 11 -0.02040  4.04436e+00 | 12 -0.02061  4.06352e+00
 13 -0.02055  5.01058e+00 | 14 -0.02518  5.16970e+00 | 15 -0.02647  6.07534e+00
 16 -0.02657  6.54757e+00 | 17 -0.02453  7.76596e+00 | 18 -0.02303  8.21409e+00
 19 -0.02563  9.65657e+00 | 20 -0.02586  9.45465e+00 | 21 -0.05256  4.71549e-01
 22 -0.02757  8.58710e+00 | 23 -0.02763  8.68658e+00 | 24 -0.02726  8.67050e+00
 25 -0.03190  8.29943e+00 | 26 -0.03545  7.83489e+00 | 27 -0.04016  7.88930e+00
 28 -0.04658  8.05013e+00 | 29 -0.05397  6.34390e+00 | 30 -0.06706  4.72174e+00
 31 -0.10244  3.18636e+00 | 32 -0.12973  2.42302e+00 | 33 -0.14386  2.37247e+00
 34 -0.11137  4.20415e+00 | 35  0.03852  2.00171e+01 | 36 -0.07594  7.82244e+00
 37  0.05417  2.02263e+01 | 38 -0.08555  6.37973e+00 | 39  0.05647  1.44349e+01
 40  0.08232  1.75937e+01 | 41 -0.09843  1.78493e+00 | 42  0.05003  1.04044e+01
 43 -0.05174  3.19954e+00 | 44  0.06482  8.61536e+00 | 45 -0.00775  3.84416e+00
 46 -0.02854  2.75520e+00 | 47 -0.05108  1.76926e+00 | 48 -0.04999  1.74353e+00
 49 -0.04611  1.77349e+00 | 50 -0.06724  1.35768e+00 | 51  0.00745  2.12797e+00
 52 -0.16668  4.84648e-01 | 53 -0.21559  1.49291e-01 | 54 -0.21771  1.12117e-01
 55 -0.18368  4.62552e-02 | 56 -0.19245  1.62640e-01 | 57 -0.16527  4.19224e-01
 58 -0.06820  1.01687e+00 | 59 -0.18194  4.50927e-01 | 60 -0.12608  8.86109e-01
 61 -0.19785  3.57141e-01 | 62 -0.14580  1.13813e+00 | 63 -0.16880  3.36401e-01
 64 -0.22895  3.49443e-02 | 65 -0.18356 -7.27585e-02 | 66 -0.16554 -1.93196e-01
 67 -0.17950 -1.77226e-01 | 68 -0.14243 -2.46823e-01 | 69 -0.18277 -5.88606e-02
 70 -0.17302 -5.11744e-03 | 71 -0.17849 -1.00375e-02 | 72 -0.43764  1.34182e+02
 73 -0.51940 -3.35670e+00 | 74 -0.74452  1.38040e+02 | 75  0.26891  1.12176e-02
 76  1.54260 -2.91293e+00 | 77  1.89682  5.27382e+00 | 78  0.13556  1.58517e+00
 79 -0.98250  2.07419e-02 | 80  0.98761 -7.02795e-01 | 81  0.28575 -6.48601e-01
81 variables; iteration 980; function evaluation 1172; phase 3
Function value 5.5273613e+01; maximum gradient component mag -1.3975e+03
Var    Value     Gradient |Var    Value     Gradient |Var    Value     Gradient
  1  0.04549 -1.39750e+03 |  2 -0.00157 -2.45538e+00 |  3 -0.00190 -2.94725e+00
  4 -0.01792 -3.10135e+00 |  5 -0.01802 -3.60820e+00 |  6 -0.01847 -4.26108e+00
  7 -0.01897 -4.99406e+00 |  8 -0.01942 -5.78496e+00 |  9 -0.01997 -6.65977e+00
 10 -0.02021 -7.54188e+00 | 11 -0.02059 -8.51622e+00 | 12 -0.02015 -9.83741e+00
 13 -0.02077 -1.06253e+01 | 14 -0.02497 -1.14402e+01 | 15 -0.02737 -1.19777e+01
 16 -0.02623 -1.32499e+01 | 17 -0.02589 -1.48669e+01 | 18 -0.02359 -1.69054e+01
 19 -0.02753 -1.82633e+01 | 20 -0.02827 -1.88810e+01 | 21 -0.05143 -2.17532e+01
 22 -0.02680 -1.85115e+01 | 23 -0.02375 -1.80574e+01 | 24 -0.02572 -1.74362e+01
 25 -0.02799 -1.78306e+01 | 26 -0.03494 -1.71924e+01 | 27 -0.04205 -1.68118e+01
 28 -0.04842 -1.63289e+01 | 29 -0.05470 -1.47459e+01 | 30 -0.06714 -1.18011e+01
 31 -0.10251 -7.74001e+00 | 32 -0.12980 -5.44794e+00 | 33 -0.14413 -5.06157e+00
 34 -0.11026 -8.95917e+00 | 35  0.03803 -3.83823e+01 | 36 -0.07517 -1.57654e+01
 37  0.05405 -4.48675e+01 | 38 -0.08648 -1.29917e+01 | 39  0.05719 -3.34143e+01
 40  0.08167 -3.55159e+01 | 41 -0.09624 -8.76064e+00 | 42  0.04944 -1.93695e+01
 43 -0.05104 -7.86790e+00 | 44  0.06464 -1.85265e+01 | 45 -0.00760 -9.00288e+00
 46 -0.02912 -5.99262e+00 | 47 -0.05100 -4.15947e+00 | 48 -0.05029 -3.82979e+00
 49 -0.04615 -3.88375e+00 | 50 -0.06755 -3.21067e+00 | 51  0.00746 -5.95594e+00
 52 -0.16683 -2.08981e+00 | 53 -0.21559 -1.57467e+00 | 54 -0.21748 -1.69111e+00
 55 -0.18367 -2.32196e+00 | 56 -0.19227 -2.15406e+00 | 57 -0.16516 -2.73394e+00
 58 -0.06808 -6.04314e+00 | 59 -0.18172 -2.58728e+00 | 60 -0.12626 -4.10612e+00
 61 -0.19773 -2.59807e+00 | 62 -0.14563 -3.35276e+00 | 63 -0.16898 -2.90392e+00
 64 -0.22894 -1.59289e+00 | 65 -0.18327 -1.71247e+00 | 66 -0.16567 -1.48545e+00
 67 -0.17934 -7.55068e-01 | 68 -0.14246 -4.89360e-01 | 69 -0.18261 -7.30781e-02
 70 -0.17283  1.19177e-02 | 71 -0.17827  1.23895e-02 | 72 -0.43741 -2.08668e+02
 73 -0.51390  6.64461e+00 | 74 -0.74435 -5.62645e+02 | 75  0.28992  1.28377e+00
 76  1.54182  4.05969e+00 | 77  1.89656 -7.34711e+00 | 78  0.13556  5.57471e-02
 79 -0.98383  2.91779e-03 | 80  0.98800 -6.96900e-01 | 81  0.28571  3.22590e+00
81 variables; iteration 1000; function evaluation 1195; phase 3
Function value 5.5265935e+01; maximum gradient component mag 1.3724e+03
Var    Value     Gradient |Var    Value     Gradient |Var    Value     Gradient
  1  0.04544  1.37236e+03 |  2 -0.00156  2.55031e+00 |  3 -0.00181  3.04851e+00
  4 -0.01809  3.11208e+00 |  5 -0.01822  3.73144e+00 |  6 -0.01854  4.38646e+00
  7 -0.01906  5.07164e+00 |  8 -0.01952  5.86287e+00 |  9 -0.02026  6.64349e+00
 10 -0.02044  7.65320e+00 | 11 -0.02024  8.81920e+00 | 12 -0.01950  9.69958e+00
 13 -0.02119  1.06773e+01 | 14 -0.02440  1.17145e+01 | 15 -0.02676  1.27115e+01
 16 -0.02633  1.41122e+01 | 17 -0.02612  1.56019e+01 | 18 -0.02381  1.73542e+01
 19 -0.02607  1.99213e+01 | 20 -0.02694  1.96207e+01 | 21 -0.05006  9.91330e+00
 22 -0.02670  1.92777e+01 | 23 -0.02406  2.04549e+01 | 24 -0.02940  1.77385e+01
 25 -0.03203  1.82993e+01 | 26 -0.03398  1.79883e+01 | 27 -0.04005  1.72711e+01
 28 -0.04740  1.69077e+01 | 29 -0.05437  1.42134e+01 | 30 -0.06710  1.10688e+01
 31 -0.10246  7.39164e+00 | 32 -0.12975  5.47107e+00 | 33 -0.14390  5.18752e+00
 34 -0.10978  9.07718e+00 | 35  0.03812  3.94138e+01 | 36 -0.07552  1.61099e+01
 37  0.05429  4.17824e+01 | 38 -0.08772  1.22688e+01 | 39  0.05784  3.15327e+01
 40  0.08115  3.46615e+01 | 41 -0.09488  5.99645e+00 | 42  0.04932  2.03852e+01
 43 -0.05108  7.18433e+00 | 44  0.06477  1.87401e+01 | 45 -0.00776  8.99559e+00
 46 -0.02917  6.30326e+00 | 47 -0.05071  4.54770e+00 | 48 -0.05040  4.33197e+00
 49 -0.04605  4.52278e+00 | 50 -0.06764  3.90588e+00 | 51  0.00757  7.35508e+00
 52 -0.16694  2.78038e+00 | 53 -0.21557  1.80197e+00 | 54 -0.21728  1.72579e+00
 55 -0.18366  2.09064e+00 | 56 -0.19198  2.07636e+00 | 57 -0.16525  2.42357e+00
 58 -0.06795  5.20655e+00 | 59 -0.18166  1.92094e+00 | 60 -0.12618  2.98649e+00
 61 -0.19737  1.56595e+00 | 62 -0.14580  2.60558e+00 | 63 -0.16868  1.82522e+00
 64 -0.22879  1.05119e+00 | 65 -0.18312  1.30107e+00 | 66 -0.16568  8.84169e-01
 67 -0.17915  5.81420e-01 | 68 -0.14237  3.01447e-01 | 69 -0.18260  3.72593e-02
 70 -0.17287 -3.76004e-03 | 71 -0.17830 -2.93862e-03 | 72 -0.43727  2.70432e+02
 73 -0.50916 -7.74989e+00 | 74 -0.74423  4.25628e+02 | 75  0.31149 -3.08585e-01
 76  1.53753 -5.42604e+00 | 77  1.89566  9.51080e+00 | 78  0.13556 -7.07058e-01
 79 -0.98210  2.71904e-02 | 80  0.98969 -5.16750e-01 | 81  0.28556 -2.99434e+00
81 variables; iteration 1020; function evaluation 1219; phase 3
Function value 5.5255067e+01; maximum gradient component mag -1.8113e+02
Var    Value     Gradient |Var    Value     Gradient |Var    Value     Gradient
  1  0.04544 -1.81130e+02 |  2 -0.00171 -3.02727e-01 |  3 -0.00192 -3.41078e-01
  4 -0.01798 -3.78827e-01 |  5 -0.01830 -4.42567e-01 |  6 -0.01878 -5.46661e-01
  7 -0.01916 -6.25737e-01 |  8 -0.01974 -7.54125e-01 |  9 -0.02004 -8.15998e-01
 10 -0.02024 -8.69635e-01 | 11 -0.02064 -9.94435e-01 | 12 -0.01926 -1.16516e+00
 13 -0.02048 -1.17140e+00 | 14 -0.02471 -1.33439e+00 | 15 -0.02732 -1.26419e+00
 16 -0.02593 -1.19091e+00 | 17 -0.02589 -1.50235e+00 | 18 -0.02426 -2.04907e+00
 19 -0.02580 -1.42029e+00 | 20 -0.02805 -2.25990e+00 | 21 -0.04670 -7.01201e+00
 22 -0.03035 -2.87894e+00 | 23 -0.02759 -2.06705e+00 | 24 -0.02626 -1.47780e+00
 25 -0.02959 -1.63813e+00 | 26 -0.03387 -1.68180e+00 | 27 -0.04036 -1.80684e+00
 28 -0.04859 -1.96677e+00 | 29 -0.05505 -2.11521e+00 | 30 -0.06731 -1.67539e+00
 31 -0.10245 -9.54881e-01 | 32 -0.12994 -6.75557e-01 | 33 -0.14403 -6.37655e-01
 34 -0.10987 -1.24104e+00 | 35  0.03810 -3.96383e+00 | 36 -0.07573 -1.61871e+00
 37  0.05407 -4.95883e+00 | 38 -0.08631 -1.07136e+00 | 39  0.05708 -3.78796e+00
 40  0.08148 -2.14424e+00 | 41 -0.09593 -1.88890e+00 | 42  0.04935 -9.82018e-01
 43 -0.05142 -1.05023e+00 | 44  0.06485 -1.93631e+00 | 45 -0.00810 -1.14981e+00
 46 -0.02898 -7.27674e-01 | 47 -0.05114 -5.94535e-01 | 48 -0.05050 -4.97705e-01
 49 -0.04595 -5.58860e-01 | 50 -0.06836 -5.03786e-01 | 51  0.00781 -9.84232e-01
 52 -0.16728 -4.70093e-01 | 53 -0.21521 -4.08592e-01 | 54 -0.21743 -5.02826e-01
 55 -0.18346 -8.21839e-01 | 56 -0.19211 -6.94768e-01 | 57 -0.16515 -9.13362e-01
 58 -0.06793 -2.00913e+00 | 59 -0.18157 -8.75818e-01 | 60 -0.12614 -1.49465e+00
 61 -0.19706 -8.63069e-01 | 62 -0.14594 -9.95475e-01 | 63 -0.16835 -8.99589e-01
 64 -0.22879 -5.14627e-01 | 65 -0.18320 -4.91427e-01 | 66 -0.16538 -4.92145e-01
 67 -0.17925 -2.41884e-01 | 68 -0.14212 -1.87072e-01 | 69 -0.18263 -4.78279e-02
 70 -0.17293 -3.69953e-03 | 71 -0.17836 -1.83819e-03 | 72 -0.43711 -2.96155e+00
 73 -0.50130  5.85485e-01 | 74 -0.74411 -1.22905e+02 | 75  0.32370  7.26018e-01
 76  1.52861 -2.22623e-01 | 77  1.89296 -7.80567e-01 | 78  0.13556 -4.92985e-01
 79 -0.98390  2.22941e-03 | 80  0.98920 -5.81589e-01 | 81  0.28560  7.88539e-01
81 variables; iteration 1040; function evaluation 1243; phase 3
Function value 5.5244412e+01; maximum gradient component mag 7.4962e+02
Var    Value     Gradient |Var    Value     Gradient |Var    Value     Gradient
  1  0.04541  7.49620e+02 |  2 -0.00162  1.40996e+00 |  3 -0.00194  1.67162e+00
  4 -0.01800  1.73055e+00 |  5 -0.01834  2.03995e+00 |  6 -0.01866  2.40698e+00
  7 -0.01901  2.81815e+00 |  8 -0.01958  3.22186e+00 |  9 -0.01997  3.72231e+00
 10 -0.02045  4.22247e+00 | 11 -0.02066  4.80906e+00 | 12 -0.01965  5.28944e+00
 13 -0.02105  5.90815e+00 | 14 -0.02499  6.33370e+00 | 15 -0.02805  6.74789e+00
 16 -0.02703  7.71329e+00 | 17 -0.02635  8.65990e+00 | 18 -0.02362  9.71987e+00
 19 -0.02711  1.10053e+01 | 20 -0.02747  1.08316e+01 | 21 -0.04372  4.95342e+00
 22 -0.02684  1.07700e+01 | 23 -0.02510  1.14663e+01 | 24 -0.02795  1.02921e+01
 25 -0.03092  1.05282e+01 | 26 -0.03535  9.69559e+00 | 27 -0.04142  9.28117e+00
 28 -0.04902  9.07169e+00 | 29 -0.05523  7.71635e+00 | 30 -0.06777  6.10810e+00
 31 -0.10307  4.08769e+00 | 32 -0.13015  3.01082e+00 | 33 -0.14405  2.78715e+00
 34 -0.10956  4.85339e+00 | 35  0.03791  2.18323e+01 | 36 -0.07490  9.14366e+00
 37  0.05366  2.30728e+01 | 38 -0.08514  7.39410e+00 | 39  0.05700  1.64171e+01
 40  0.08132  1.96335e+01 | 41 -0.09425  2.98480e+00 | 42  0.04886  1.11803e+01
 43 -0.05072  3.68154e+00 | 44  0.06490  9.95436e+00 | 45 -0.00812  4.68430e+00
 46 -0.02891  3.32560e+00 | 47 -0.05120  2.19321e+00 | 48 -0.05061  2.16634e+00
 49 -0.04588  2.21377e+00 | 50 -0.06872  1.87972e+00 | 51  0.00811  3.40189e+00
 52 -0.16713  1.12720e+00 | 53 -0.21470  8.16283e-01 | 54 -0.21761  8.80329e-01
 55 -0.18310  1.08821e+00 | 56 -0.19210  1.07885e+00 | 57 -0.16504  1.39144e+00
 58 -0.06776  2.92293e+00 | 59 -0.18137  1.22093e+00 | 60 -0.12594  1.52481e+00
 61 -0.19640  1.03563e+00 | 62 -0.14623  1.52557e+00 | 63 -0.16779  9.74389e-01
 64 -0.22839  5.58959e-01 | 65 -0.18320  6.48454e-01 | 66 -0.16502  3.86284e-01
 67 -0.17906  2.51053e-01 | 68 -0.14172  1.22270e-01 | 69 -0.18247  1.30116e-02
 70 -0.17278 -7.01623e-03 | 71 -0.17821 -8.66854e-03 | 72 -0.43694  1.34974e+02
 73 -0.49147 -3.92417e+00 | 74 -0.74404  2.19342e+02 | 75  0.32436  1.26953e-01
 76  1.51440 -3.37651e+00 | 77  1.88939  4.42301e+00 | 78  0.13556 -7.28201e-02
 79 -0.98444 -4.58277e-03 | 80  0.99317 -1.95628e-01 | 81  0.28568 -1.73537e+00
81 variables; iteration 1060; function evaluation 1263; phase 3
Function value 5.5243347e+01; maximum gradient component mag 1.6614e+03
Var    Value     Gradient |Var    Value     Gradient |Var    Value     Gradient
  1  0.04542  1.66142e+03 |  2 -0.00175  3.02126e+00 |  3 -0.00199  3.62035e+00
  4 -0.01802  3.78337e+00 |  5 -0.01834  4.46588e+00 |  6 -0.01869  5.24627e+00
  7 -0.01913  6.10342e+00 |  8 -0.01965  7.03822e+00 |  9 -0.02007  8.09644e+00
 10 -0.02057  9.19564e+00 | 11 -0.02078  1.04291e+01 | 12 -0.01957  1.16962e+01
 13 -0.02100  1.29650e+01 | 14 -0.02493  1.39009e+01 | 15 -0.02778  1.48493e+01
 16 -0.02701  1.66729e+01 | 17 -0.02598  1.88182e+01 | 18 -0.02397  2.08648e+01
 19 -0.02730  2.33265e+01 | 20 -0.02788  2.32418e+01 | 21 -0.04318  1.61127e+01
 22 -0.02770  2.28140e+01 | 23 -0.02607  2.35774e+01 | 24 -0.02795  2.21233e+01
 25 -0.03068  2.27955e+01 | 26 -0.03459  2.14703e+01 | 27 -0.04114  2.04290e+01
 28 -0.04896  1.98522e+01 | 29 -0.05522  1.71738e+01 | 30 -0.06779  1.36062e+01
 31 -0.10309  9.05014e+00 | 32 -0.13015  6.59209e+00 | 33 -0.14397  6.17348e+00
 34 -0.10960  1.09156e+01 | 35  0.03793  4.78365e+01 | 36 -0.07490  1.99202e+01
 37  0.05358  5.23104e+01 | 38 -0.08461  1.64274e+01 | 39  0.05674  3.84333e+01
 40  0.08149  4.42214e+01 | 41 -0.09480  8.01799e+00 | 42  0.04904  2.48214e+01
 43 -0.05111  8.69456e+00 | 44  0.06499  2.22860e+01 | 45 -0.00812  1.05042e+01
 46 -0.02894  7.22877e+00 | 47 -0.05106  4.93846e+00 | 48 -0.05063  4.71079e+00
 49 -0.04581  4.72320e+00 | 50 -0.06885  3.83093e+00 | 51  0.00817  7.07030e+00
 52 -0.16711  2.42523e+00 | 53 -0.21454  1.74717e+00 | 54 -0.21780  1.76034e+00
 55 -0.18298  2.31045e+00 | 56 -0.19218  2.19631e+00 | 57 -0.16504  2.84814e+00
 58 -0.06777  6.08224e+00 | 59 -0.18138  2.55748e+00 | 60 -0.12586  3.62451e+00
 61 -0.19625  2.29618e+00 | 62 -0.14643  3.29424e+00 | 63 -0.16756  2.40469e+00
 64 -0.22836  1.33747e+00 | 65 -0.18328  1.57473e+00 | 66 -0.16490  1.22970e+00
 67 -0.17909  7.10555e-01 | 68 -0.14163  4.20788e-01 | 69 -0.18250  6.26629e-02
 70 -0.17281 -1.17633e-02 | 71 -0.17823 -1.30256e-02 | 72 -0.43694  2.72015e+02
 73 -0.49007 -8.43559e+00 | 74 -0.74404  5.63644e+02 | 75  0.32215 -4.88931e-01
 76  1.51250 -6.35241e+00 | 77  1.88891  1.01992e+01 | 78  0.13556 -2.72157e-02
 79 -0.98402  1.46506e-03 | 80  0.99363 -1.40270e-01 | 81  0.28567 -3.55549e+00
81 variables; iteration 1080; function evaluation 1283; phase 3
Function value 5.5235552e+01; maximum gradient component mag 1.0398e+03
Var    Value     Gradient |Var    Value     Gradient |Var    Value     Gradient
  1  0.04549  1.03980e+03 |  2 -0.00177  1.88859e+00 |  3 -0.00202  2.26936e+00
  4 -0.01801  2.37783e+00 |  5 -0.01830  2.81797e+00 |  6 -0.01862  3.31750e+00
  7 -0.01904  3.85794e+00 |  8 -0.01958  4.43504e+00 |  9 -0.01996  5.11949e+00
 10 -0.02046  5.80397e+00 | 11 -0.02077  6.56592e+00 | 12 -0.01931  7.41083e+00
 13 -0.02094  8.17483e+00 | 14 -0.02493  8.74766e+00 | 15 -0.02777  9.39004e+00
 16 -0.02686  1.06182e+01 | 17 -0.02633  1.18403e+01 | 18 -0.02424  1.30659e+01
 19 -0.02772  1.47050e+01 | 20 -0.02789  1.46526e+01 | 21 -0.04502  7.94775e+00
 22 -0.02709  1.46151e+01 | 23 -0.02522  1.54053e+01 | 24 -0.02783  1.40952e+01
 25 -0.03129  1.42391e+01 | 26 -0.03489  1.34862e+01 | 27 -0.04126  1.28147e+01
 28 -0.04918  1.23704e+01 | 29 -0.05498  1.07360e+01 | 30 -0.06772  8.42989e+00
 31 -0.10319  5.57283e+00 | 32 -0.13018  4.10013e+00 | 33 -0.14368  3.88323e+00
 34 -0.10937  6.87364e+00 | 35  0.03767  3.04293e+01 | 36 -0.07466  1.28019e+01
 37  0.05326  3.22927e+01 | 38 -0.08228  1.11172e+01 | 39  0.05538  2.30011e+01
 40  0.08210  2.84811e+01 | 41 -0.09701  4.38561e+00 | 42  0.04924  1.59253e+01
 43 -0.05162  5.27465e+00 | 44  0.06503  1.40816e+01 | 45 -0.00833  6.57475e+00
 46 -0.02883  4.56851e+00 | 47 -0.05098  3.10182e+00 | 48 -0.05101  2.94443e+00
 49 -0.04541  3.02965e+00 | 50 -0.06993  2.38276e+00 | 51  0.00850  4.60634e+00
 52 -0.16715  1.54431e+00 | 53 -0.21363  1.12067e+00 | 54 -0.21857  1.06109e+00
 55 -0.18245  1.45352e+00 | 56 -0.19235  1.31110e+00 | 57 -0.16516  1.74358e+00
 58 -0.06769  3.64979e+00 | 59 -0.18174  1.57744e+00 | 60 -0.12505  2.15648e+00
 61 -0.19609  1.36724e+00 | 62 -0.14692  2.03419e+00 | 63 -0.16660  1.38361e+00
 64 -0.22812  7.72678e-01 | 65 -0.18347  9.49720e-01 | 66 -0.16439  6.77220e-01
 67 -0.17907  4.13401e-01 | 68 -0.14105  2.40995e-01 | 69 -0.18251  3.94052e-02
 70 -0.17291 -7.71664e-03 | 71 -0.17832 -9.02858e-03 | 72 -0.43702  1.53585e+02
 73 -0.48336 -4.53902e+00 | 74 -0.74395  3.42221e+02 | 75  0.31694 -8.54322e-02
 76  1.52758 -4.34375e+00 | 77  1.89279  6.98045e+00 | 78  0.13556  4.77313e-02
 79 -0.98397  3.93482e-04 | 80  0.99379 -1.28561e-01 | 81  0.28595 -2.18060e+00
81 variables; iteration 1100; function evaluation 1303; phase 3
Function value 5.5234243e+01; maximum gradient component mag 9.1456e+02
Var    Value     Gradient |Var    Value     Gradient |Var    Value     Gradient
  1  0.04550  9.14559e+02 |  2 -0.00193  1.64412e+00 |  3 -0.00202  2.02629e+00
  4 -0.01801  2.12226e+00 |  5 -0.01812  2.56452e+00 |  6 -0.01852  2.99034e+00
  7 -0.01931  3.37289e+00 |  8 -0.01984  3.88604e+00 |  9 -0.01981  4.61614e+00
 10 -0.02022  5.25434e+00 | 11 -0.02090  5.82369e+00 | 12 -0.01898  6.71651e+00
 13 -0.02115  7.23202e+00 | 14 -0.02520  7.72210e+00 | 15 -0.02847  8.16214e+00
 16 -0.02667  9.57206e+00 | 17 -0.02564  1.08438e+01 | 18 -0.02399  1.17637e+01
 19 -0.02853  1.28727e+01 | 20 -0.02888  1.27342e+01 | 21 -0.04402  6.96377e+00
 22 -0.02621  1.34161e+01 | 23 -0.02484  1.40006e+01 | 24 -0.02828  1.24706e+01
 25 -0.03132  1.27229e+01 | 26 -0.03586  1.17135e+01 | 27 -0.04182  1.12674e+01
 28 -0.04826  1.14582e+01 | 29 -0.05532  9.52642e+00 | 30 -0.06785  7.55312e+00
 31 -0.10344  4.93679e+00 | 32 -0.13025  3.66565e+00 | 33 -0.14362  3.46204e+00
 34 -0.10895  6.15394e+00 | 35  0.03742  2.67388e+01 | 36 -0.07408  1.15153e+01
 37  0.05293  2.79220e+01 | 38 -0.08084  1.01368e+01 | 39  0.05475  1.92967e+01
 40  0.08232  2.50967e+01 | 41 -0.09750  3.71771e+00 | 42  0.04928  1.42379e+01
 43 -0.05191  4.57239e+00 | 44  0.06510  1.25729e+01 | 45 -0.00843  5.93067e+00
 46 -0.02878  4.14005e+00 | 47 -0.05099  2.78682e+00 | 48 -0.05117  2.64381e+00
 49 -0.04522  2.66091e+00 | 50 -0.07056  1.96291e+00 | 51  0.00874  3.88135e+00
 52 -0.16723  1.17446e+00 | 53 -0.21309  8.88332e-01 | 54 -0.21887  7.63105e-01
 55 -0.18220  1.02965e+00 | 56 -0.19234  8.72338e-01 | 57 -0.16522  1.15744e+00
 58 -0.06758  2.55485e+00 | 59 -0.18178  1.20831e+00 | 60 -0.12472  1.57034e+00
 61 -0.19582  1.07369e+00 | 62 -0.14718  1.60033e+00 | 63 -0.16610  1.07238e+00
 64 -0.22791  6.32730e-01 | 65 -0.18357  7.94487e-01 | 66 -0.16403  6.19144e-01
 67 -0.17904  3.62051e-01 | 68 -0.14073  2.17504e-01 | 69 -0.18246  4.01867e-02
 70 -0.17291 -8.92852e-03 | 71 -0.17830 -9.04330e-03 | 72 -0.43695  1.21779e+02
 73 -0.47641 -3.57683e+00 | 74 -0.74388  3.03876e+02 | 75  0.31522 -7.89912e-03
 76  1.52724 -3.92687e+00 | 77  1.89260  6.06907e+00 | 78  0.13556 -2.44925e-01
 79 -0.98344  7.51611e-03 | 80  0.99404 -1.02973e-01 | 81  0.28606 -1.67986e+00
81 variables; iteration 1120; function evaluation 1326; phase 3
Function value 5.5163444e+01; maximum gradient component mag -1.7198e+03
Var    Value     Gradient |Var    Value     Gradient |Var    Value     Gradient
  1  0.04524 -1.71978e+03 |  2 -0.00166 -3.00363e+00 |  3 -0.00204 -3.60960e+00
  4 -0.01798 -3.77569e+00 |  5 -0.01839 -4.47299e+00 |  6 -0.01910 -5.31456e+00
  7 -0.01852 -5.97450e+00 |  8 -0.01968 -7.07865e+00 |  9 -0.02036 -8.16048e+00
 10 -0.02117 -9.34436e+00 | 11 -0.02126 -1.04682e+01 | 12 -0.01936 -1.17638e+01
 13 -0.02178 -1.30579e+01 | 14 -0.02735 -1.42452e+01 | 15 -0.02645 -1.44646e+01
 16 -0.02500 -1.60447e+01 | 17 -0.02204 -1.76972e+01 | 18 -0.02788 -2.10130e+01
 19 -0.02640 -2.22110e+01 | 20 -0.03408 -2.35903e+01 | 21 -0.03353 -2.36215e+01
 22 -0.02567 -2.27610e+01 | 23 -0.02624 -2.25182e+01 | 24 -0.02676 -2.15077e+01
 25 -0.03263 -2.21480e+01 | 26 -0.04431 -2.17520e+01 | 27 -0.04287 -2.03266e+01
 28 -0.04775 -1.95203e+01 | 29 -0.05378 -1.72258e+01 | 30 -0.06884 -1.38840e+01
 31 -0.10413 -9.09837e+00 | 32 -0.13101 -6.54371e+00 | 33 -0.14449 -6.39754e+00
 34 -0.10708 -1.20424e+01 | 35  0.03645 -4.71982e+01 | 36 -0.07518 -1.95718e+01
 37  0.05364 -5.27625e+01 | 38 -0.08425 -1.55500e+01 | 39  0.05644 -4.16104e+01
 40  0.08056 -4.30389e+01 | 41 -0.09324 -9.89352e+00 | 42  0.04872 -2.36882e+01
 43 -0.05346 -9.89471e+00 | 44  0.06613 -2.23260e+01 | 45 -0.01083 -1.11418e+01
 46 -0.02791 -7.64555e+00 | 47 -0.05248 -5.42902e+00 | 48 -0.05127 -4.88426e+00
 49 -0.04505 -6.46650e+00 | 50 -0.07350 -5.99072e+00 | 51  0.00970 -1.11755e+01
 52 -0.16833 -4.15190e+00 | 53 -0.21184 -2.74947e+00 | 54 -0.21891 -2.81763e+00
 55 -0.18082 -3.17456e+00 | 56 -0.19198 -2.97222e+00 | 57 -0.16475 -3.45131e+00
 58 -0.06687 -7.15344e+00 | 59 -0.18210 -2.90010e+00 | 60 -0.12318 -4.28826e+00
 61 -0.19536 -2.59989e+00 | 62 -0.14696 -4.05237e+00 | 63 -0.16484 -3.13221e+00
 64 -0.22705 -1.69405e+00 | 65 -0.18342 -2.44719e+00 | 66 -0.16289 -1.97843e+00
 67 -0.17869 -1.22989e+00 | 68 -0.13994 -1.06842e+00 | 69 -0.18199 -2.66371e-01
 70 -0.17267  1.36028e-02 | 71 -0.17805  2.38832e-02 | 72 -0.43546 -2.10263e+02
 73 -0.43239  9.55583e+00 | 74 -0.74327 -9.07370e+02 | 75  0.22758  1.38878e+00
 76  1.52036  4.85891e+00 | 77  1.89026 -1.19966e+01 | 78  0.13556  1.48341e+00
 79 -0.98205  2.67453e-02 | 80  0.99621  1.67653e-01 | 81  0.28666  4.66501e+00
81 variables; iteration 1140; function evaluation 1349; phase 3
Function value 5.5059541e+01; maximum gradient component mag 6.9207e+03
Var    Value     Gradient |Var    Value     Gradient |Var    Value     Gradient
  1  0.04480  6.92071e+03 |  2 -0.00149  1.26343e+01 |  3 -0.00205  1.49754e+01
  4 -0.01815  1.56645e+01 |  5 -0.01820  1.86017e+01 |  6 -0.01863  2.17865e+01
  7 -0.01883  2.54867e+01 |  8 -0.01931  2.94758e+01 |  9 -0.02051  3.34550e+01
 10 -0.02071  3.82484e+01 | 11 -0.02115  4.31334e+01 | 12 -0.01898  4.93017e+01
 13 -0.02120  5.39534e+01 | 14 -0.02532  5.77237e+01 | 15 -0.02784  6.18039e+01
 16 -0.02621  6.99200e+01 | 17 -0.02387  7.96264e+01 | 18 -0.02551  8.57395e+01
 19 -0.02913  9.40852e+01 | 20 -0.03129  9.37389e+01 | 21 -0.03214  9.20666e+01
 22 -0.02658  9.75024e+01 | 23 -0.02810  9.52632e+01 | 24 -0.02754  9.28407e+01
 25 -0.03330  9.17397e+01 | 26 -0.04274  8.14211e+01 | 27 -0.04106  8.62976e+01
 28 -0.04774  8.55528e+01 | 29 -0.05478  7.45307e+01 | 30 -0.06763  5.92894e+01
 31 -0.10417  3.90010e+01 | 32 -0.13209  2.82760e+01 | 33 -0.14565  2.69214e+01
 34 -0.10021  5.25753e+01 | 35  0.03336  1.91584e+02 | 36 -0.07526  8.33164e+01
 37  0.05439  2.23534e+02 | 38 -0.08869  6.63635e+01 | 39  0.05854  1.68836e+02
 40  0.07752  1.77545e+02 | 41 -0.08618  4.04517e+01 | 42  0.04512  9.79715e+01
 43 -0.04776  3.92699e+01 | 44  0.06446  9.02377e+01 | 45 -0.01065  4.19564e+01
 46 -0.03087  2.85495e+01 | 47 -0.05160  1.98052e+01 | 48 -0.05462  1.78495e+01
 49 -0.04416  1.90754e+01 | 50 -0.07680  1.38054e+01 | 51  0.01007  2.75467e+01
 52 -0.17072  8.70072e+00 | 53 -0.21139  6.53012e+00 | 54 -0.21713  6.32133e+00
 55 -0.18012  8.86094e+00 | 56 -0.19090  8.25938e+00 | 57 -0.16414  1.06192e+01
 58 -0.06602  2.34343e+01 | 59 -0.18154  9.01734e+00 | 60 -0.12246  1.51962e+01
 61 -0.19520  8.44859e+00 | 62 -0.14513  1.25501e+01 | 63 -0.16473  9.30559e+00
 64 -0.22677  4.68487e+00 | 65 -0.18189  5.19790e+00 | 66 -0.16263  4.01631e+00
 67 -0.17782  2.13675e+00 | 68 -0.13917  1.29453e+00 | 69 -0.18121  2.36031e-01
 70 -0.17262 -5.93993e-02 | 71 -0.17805 -6.63810e-02 | 72 -0.43346  6.44773e+02
 73 -0.39359 -3.43571e+01 | 74 -0.74231  4.57166e+03 | 75  0.04987 -1.08028e+00
 76  1.58002 -2.59814e+01 | 77  1.90691  4.30433e+01 | 78  0.13556 -5.49414e-01
 79 -0.98453 -1.07206e-02 | 80  0.99428 -4.78246e-02 | 81  0.28621 -1.14612e+01
81 variables; iteration 1160; function evaluation 1374; phase 3
Function value 5.5025872e+01; maximum gradient component mag 1.5975e+03
Var    Value     Gradient |Var    Value     Gradient |Var    Value     Gradient
  1  0.04447  1.59746e+03 |  2 -0.00178  2.85992e+00 |  3 -0.00204  3.42440e+00
  4 -0.01800  3.59873e+00 |  5 -0.01837  4.23424e+00 |  6 -0.01876  4.96471e+00
  7 -0.01921  5.77561e+00 |  8 -0.01960  6.70634e+00 |  9 -0.02007  7.70004e+00
 10 -0.02060  8.74123e+00 | 11 -0.02094  9.87806e+00 | 12 -0.01944  1.11975e+01
 13 -0.02122  1.23089e+01 | 14 -0.02507  1.32234e+01 | 15 -0.02829  1.40298e+01
 16 -0.02812  1.55531e+01 | 17 -0.02747  1.74401e+01 | 18 -0.02509  1.96039e+01
 19 -0.02967  2.13623e+01 | 20 -0.02924  2.18570e+01 | 21 -0.02483  2.34310e+01
 22 -0.02844  2.18823e+01 | 23 -0.02895  2.15174e+01 | 24 -0.02990  2.06284e+01
 25 -0.03314  2.09752e+01 | 26 -0.03698  1.98414e+01 | 27 -0.04239  1.94396e+01
 28 -0.04979  1.90514e+01 | 29 -0.05485  1.70612e+01 | 30 -0.06770  1.36220e+01
 31 -0.10435  8.96757e+00 | 32 -0.13271  6.45488e+00 | 33 -0.14650  6.12385e+00
 34 -0.09656  1.21900e+01 | 35  0.03189  4.28771e+01 | 36 -0.07387  1.90360e+01
 37  0.05444  5.06224e+01 | 38 -0.09212  1.46171e+01 | 39  0.06091  3.90510e+01
 40  0.07519  3.98535e+01 | 41 -0.07924  9.93061e+00 | 42  0.04309  2.21813e+01
 43 -0.04531  9.28216e+00 | 44  0.06394  2.09834e+01 | 45 -0.01033  1.00139e+01
 46 -0.03196  6.72937e+00 | 47 -0.05168  4.72333e+00 | 48 -0.05515  4.26344e+00
 49 -0.04440  4.55049e+00 | 50 -0.07731  3.43129e+00 | 51  0.01023  6.90136e+00
 52 -0.17174  2.27989e+00 | 53 -0.21201  1.71771e+00 | 54 -0.21543  1.74723e+00
 55 -0.18012  2.41414e+00 | 56 -0.19027  2.24455e+00 | 57 -0.16348  2.82746e+00
 58 -0.06574  6.14584e+00 | 59 -0.18011  2.46071e+00 | 60 -0.12331  3.87363e+00
 61 -0.19437  2.25545e+00 | 62 -0.14414  3.20133e+00 | 63 -0.16538  2.45837e+00
 64 -0.22643  1.32443e+00 | 65 -0.18112  1.52225e+00 | 66 -0.16254  1.27555e+00
 67 -0.17753  6.57237e-01 | 68 -0.13910  4.34560e-01 | 69 -0.18101  7.05275e-02
 70 -0.17237 -1.17287e-02 | 71 -0.17780 -1.31778e-02 | 72 -0.43214  1.54411e+02
 73 -0.37979 -8.66862e+00 | 74 -0.74198  1.10494e+03 | 75 -0.04667 -8.58487e-02
 76  1.56722 -5.58888e+00 | 77  1.90305  9.52983e+00 | 78  0.13556 -3.98192e-02
 79 -0.98397  9.16848e-05 | 80  0.99535  5.83291e-02 | 81  0.28544 -3.18338e+00
81 variables; iteration 1180; function evaluation 1395; phase 3
Function value 5.5023494e+01; maximum gradient component mag -2.5411e+02
Var    Value     Gradient |Var    Value     Gradient |Var    Value     Gradient
  1  0.04440 -2.46295e+02 |  2 -0.00177 -4.70428e-01 |  3 -0.00201 -5.48279e-01
  4 -0.01802 -5.81366e-01 |  5 -0.01830 -6.71528e-01 |  6 -0.01879 -8.19897e-01
  7 -0.01916 -9.42302e-01 |  8 -0.01950 -1.06179e+00 |  9 -0.02005 -1.24249e+00
 10 -0.02050 -1.41569e+00 | 11 -0.02097 -1.61991e+00 | 12 -0.01936 -1.80071e+00
 13 -0.02115 -2.00175e+00 | 14 -0.02512 -2.15360e+00 | 15 -0.02856 -2.33313e+00
 16 -0.02815 -2.58728e+00 | 17 -0.02764 -2.86084e+00 | 18 -0.02492 -3.24003e+00
 19 -0.03020 -3.61687e+00 | 20 -0.02890 -3.60706e+00 | 21 -0.02414 -2.72203e+00
 22 -0.02842 -3.53640e+00 | 23 -0.02929 -3.56234e+00 | 24 -0.03000 -3.41554e+00
 25 -0.03306 -3.53488e+00 | 26 -0.03674 -3.39675e+00 | 27 -0.04220 -3.23411e+00
 28 -0.04986 -3.20096e+00 | 29 -0.05528 -2.90427e+00 | 30 -0.06789 -2.30549e+00
 31 -0.10449 -1.52395e+00 | 32 -0.13293 -1.10670e+00 | 33 -0.14684 -1.12377e+00
 34 -0.09471 -2.46226e+00 | 35  0.03088 -7.29326e+00 | 36 -0.07306 -3.19883e+00
 37  0.05428 -7.82221e+00 | 38 -0.09251 -1.98485e+00 | 39  0.06119 -5.08289e+00
 40  0.07455 -3.89644e+00 | 41 -0.07759 -9.73336e-01 | 42  0.04220 -2.16150e+00
 43 -0.04419 -9.50552e-01 | 44  0.06356 -2.38161e+00 | 45 -0.01030 -1.14110e+00
 46 -0.03247 -9.06712e-01 | 47 -0.05175 -7.05180e-01 | 48 -0.05559 -6.48690e-01
 49 -0.04438 -7.05349e-01 | 50 -0.07798 -4.57104e-01 | 51  0.01030 -1.09959e+00
 52 -0.17223 -3.65595e-01 | 53 -0.21189 -2.84444e-01 | 54 -0.21516 -3.24576e-01
 55 -0.18000 -4.39064e-01 | 56 -0.19015 -4.55357e-01 | 57 -0.16332 -5.90533e-01
 58 -0.06563 -1.29109e+00 | 59 -0.17993 -5.14090e-01 | 60 -0.12329 -8.56919e-01
 61 -0.19432 -4.68648e-01 | 62 -0.14384 -6.61944e-01 | 63 -0.16540 -4.74913e-01
 64 -0.22633 -2.53027e-01 | 65 -0.18094 -3.17652e-01 | 66 -0.16248 -2.48064e-01
 67 -0.17737 -1.42816e-01 | 68 -0.13902 -8.35576e-02 | 69 -0.18088 -7.97809e-03
 70 -0.17232 -8.81959e-04 | 71 -0.17775 -1.87428e-03 | 72 -0.43175 -1.05786e+01
 73 -0.37405  1.58450e+00 | 74 -0.74184 -2.54109e+02 | 75 -0.08783  7.69155e-03
 76  1.57440  1.35814e+00 | 77  1.90523 -1.39329e+00 | 78  0.13556 -2.94830e-01
 79 -0.98383  1.77098e-03 | 80  0.99517  2.26236e-02 | 81  0.28538  7.13843e-01
81 variables; iteration 1200; function evaluation 1416; phase 3
Function value 5.5022595e+01; maximum gradient component mag 1.4277e+02
Var    Value     Gradient |Var    Value     Gradient |Var    Value     Gradient
  1  0.04432  1.42772e+02 |  2 -0.00174  2.48833e-01 |  3 -0.00202  3.02284e-01
  4 -0.01800  3.15359e-01 |  5 -0.01835  3.68189e-01 |  6 -0.01874  4.29165e-01
  7 -0.01916  4.97193e-01 |  8 -0.01957  5.87495e-01 |  9 -0.02007  6.65452e-01
 10 -0.02054  7.51841e-01 | 11 -0.02096  8.38962e-01 | 12 -0.01945  9.61981e-01
 13 -0.02124  1.04369e+00 | 14 -0.02516  1.12356e+00 | 15 -0.02842  1.18771e+00
 16 -0.02816  1.29326e+00 | 17 -0.02779  1.43167e+00 | 18 -0.02516  1.60751e+00
 19 -0.03013  1.70694e+00 | 20 -0.02906  1.84213e+00 | 21 -0.02246  3.42421e+00
 22 -0.02857  1.88150e+00 | 23 -0.02932  1.77980e+00 | 24 -0.03025  1.67405e+00
 25 -0.03320  1.70169e+00 | 26 -0.03685  1.59911e+00 | 27 -0.04251  1.58482e+00
 28 -0.05009  1.53336e+00 | 29 -0.05530  1.38530e+00 | 30 -0.06803  1.12050e+00
 31 -0.10465  7.52661e-01 | 32 -0.13320  5.38056e-01 | 33 -0.14708  4.87380e-01
 34 -0.09337  8.46691e-01 | 35  0.03015  3.90805e+00 | 36 -0.07244  1.75047e+00
 37  0.05411  4.43898e+00 | 38 -0.09292  1.38318e+00 | 39  0.06172  3.44142e+00
 40  0.07363  3.53879e+00 | 41 -0.07492  1.11867e+00 | 42  0.04110  1.82145e+00
 43 -0.04296  8.73855e-01 | 44  0.06328  1.83740e+00 | 45 -0.01041  9.70564e-01
 46 -0.03281  6.07633e-01 | 47 -0.05181  4.23304e-01 | 48 -0.05597  3.99197e-01
 49 -0.04435  4.09879e-01 | 50 -0.07865  3.85306e-01 | 51  0.01043  6.80193e-01
 52 -0.17262  2.70313e-01 | 53 -0.21182  1.90319e-01 | 54 -0.21485  2.00316e-01
 55 -0.17985  2.78478e-01 | 56 -0.18995  2.60163e-01 | 57 -0.16318  3.16956e-01
 58 -0.06547  7.00254e-01 | 59 -0.17979  2.81155e-01 | 60 -0.12317  4.51421e-01
 61 -0.19413  2.79121e-01 | 62 -0.14365  3.23488e-01 | 63 -0.16531  2.98121e-01
 64 -0.22619  1.61046e-01 | 65 -0.18073  1.59942e-01 | 66 -0.16234  1.60745e-01
 67 -0.17724  7.09271e-02 | 68 -0.13887  5.15990e-02 | 69 -0.18076  9.50186e-03
 70 -0.17225 -1.25322e-03 | 71 -0.17769 -1.64182e-03 | 72 -0.43129  2.39794e+01
 73 -0.36754 -6.68191e-01 | 74 -0.74170  3.75247e+01 | 75 -0.13138 -3.50622e-03
 76  1.57569 -1.44812e-02 | 77  1.90561  8.20381e-01 | 78  0.13556 -1.97404e-02
 79 -0.98396  9.84539e-04 | 80  0.99535  5.02490e-02 | 81  0.28532 -3.12198e-01
81 variables; iteration 1220; function evaluation 1436; phase 3
Function value 5.5022582e+01; maximum gradient component mag 8.5008e+01
Var    Value     Gradient |Var    Value     Gradient |Var    Value     Gradient
  1  0.04431  8.50083e+01 |  2 -0.00174  1.43597e-01 |  3 -0.00203  1.73817e-01
  4 -0.01800  1.84214e-01 |  5 -0.01836  2.10862e-01 |  6 -0.01873  2.47892e-01
  7 -0.01916  2.85422e-01 |  8 -0.01958  3.39587e-01 |  9 -0.02009  3.79666e-01
 10 -0.02053  4.34171e-01 | 11 -0.02098  4.73225e-01 | 12 -0.01943  5.56951e-01
 13 -0.02126  5.85651e-01 | 14 -0.02513  6.46664e-01 | 15 -0.02848  6.57693e-01
 16 -0.02815  7.22090e-01 | 17 -0.02780  7.92323e-01 | 18 -0.02517  8.85090e-01
 19 -0.03009  9.37243e-01 | 20 -0.02900  1.05032e+00 | 21 -0.02229  2.62439e+00
 22 -0.02858  1.07673e+00 | 23 -0.02937  9.80785e-01 | 24 -0.03031  9.02469e-01
 25 -0.03319  9.31209e-01 | 26 -0.03681  8.74101e-01 | 27 -0.04254  8.60085e-01
 28 -0.05015  8.17010e-01 | 29 -0.05528  7.68877e-01 | 30 -0.06803  6.26832e-01
 31 -0.10468  4.18342e-01 | 32 -0.13323  2.94210e-01 | 33 -0.14710  2.59427e-01
 34 -0.09319  3.79061e-01 | 35  0.03007  2.36239e+00 | 36 -0.07239  1.03225e+00
 37  0.05410  2.62647e+00 | 38 -0.09295  8.65001e-01 | 39  0.06177  2.01699e+00
 40  0.07355  2.06388e+00 | 41 -0.07469  7.41364e-01 | 42  0.04100  9.91586e-01
 43 -0.04283  5.32177e-01 | 44  0.06326  1.13008e+00 | 45 -0.01043  6.25755e-01
 46 -0.03282  3.83938e-01 | 47 -0.05182  2.76313e-01 | 48 -0.05600  2.76731e-01
 49 -0.04434  2.77035e-01 | 50 -0.07872  2.99660e-01 | 51  0.01045  5.09860e-01
 52 -0.17265  2.27108e-01 | 53 -0.21178  1.47598e-01 | 54 -0.21484  1.43802e-01
 55 -0.17981  2.02452e-01 | 56 -0.18992  1.87426e-01 | 57 -0.16317  2.15005e-01
 58 -0.06544  4.81560e-01 | 59 -0.17978  1.85906e-01 | 60 -0.12313  3.14121e-01
 61 -0.19410  2.00735e-01 | 62 -0.14364  2.08582e-01 | 63 -0.16527  2.17570e-01
 64 -0.22617  1.12375e-01 | 65 -0.18072  9.53759e-02 | 66 -0.16231  1.09864e-01
 67 -0.17722  4.24347e-02 | 68 -0.13884  3.03761e-02 | 69 -0.18075  4.01213e-03
 70 -0.17224 -9.37241e-04 | 71 -0.17768 -9.78403e-04 | 72 -0.43125  1.89621e+01
 73 -0.36672 -3.35276e-01 | 74 -0.74169 -8.25584e+00 | 75 -0.13627 -2.28920e-03
 76  1.57599  2.13382e-01 | 77  1.90570  4.68949e-01 | 78  0.13556 -2.47357e-02
 79 -0.98402  1.58510e-04 | 80  0.99536  5.11005e-02 | 81  0.28533 -1.97444e-01
81 variables; iteration 1240; function evaluation 1459; phase 3
Function value 5.5005818e+01; maximum gradient component mag 4.4449e+03
Var    Value     Gradient |Var    Value     Gradient |Var    Value     Gradient
  1  0.04400  4.44489e+03 |  2 -0.00166  7.96270e+00 |  3 -0.00201  9.48615e+00
  4 -0.01792  9.97464e+00 |  5 -0.01827  1.17591e+01 |  6 -0.01875  1.37545e+01
  7 -0.01898  1.61023e+01 |  8 -0.01943  1.86357e+01 |  9 -0.02008  2.13209e+01
 10 -0.02042  2.43240e+01 | 11 -0.02088  2.74099e+01 | 12 -0.01937  3.10777e+01
 13 -0.02105  3.42605e+01 | 14 -0.02507  3.66498e+01 | 15 -0.02836  3.88778e+01
 16 -0.02793  4.33923e+01 | 17 -0.02730  4.85377e+01 | 18 -0.02433  5.52363e+01
 19 -0.02950  5.95010e+01 | 20 -0.02844  6.15590e+01 | 21 -0.02519  6.35183e+01
 22 -0.02814  6.11461e+01 | 23 -0.02918  5.97649e+01 | 24 -0.03025  5.75345e+01
 25 -0.03268  5.92712e+01 | 26 -0.03695  5.60835e+01 | 27 -0.04247  5.48294e+01
 28 -0.05065  5.30474e+01 | 29 -0.05612  4.71870e+01 | 30 -0.06909  3.78013e+01
 31 -0.10556  2.50314e+01 | 32 -0.13399  1.81057e+01 | 33 -0.14779  1.74133e+01
 34 -0.08944  3.73501e+01 | 35  0.02825  1.14652e+02 | 36 -0.07021  5.43336e+01
 37  0.05339  1.37440e+02 | 38 -0.09311  3.95813e+01 | 39  0.06262  1.07837e+02
 40  0.07231  1.04775e+02 | 41 -0.07249  2.84313e+01 | 42  0.03995  5.83119e+01
 43 -0.04132  2.63910e+01 | 44  0.06306  5.67685e+01 | 45 -0.01066  2.75773e+01
 46 -0.03358  1.85688e+01 | 47 -0.05173  1.33845e+01 | 48 -0.05715  1.19862e+01
 49 -0.04385  1.31998e+01 | 50 -0.08084  9.58863e+00 | 51  0.01116  2.03923e+01
 52 -0.17366  6.69098e+00 | 53 -0.21114  5.27594e+00 | 54 -0.21416  5.37749e+00
 55 -0.17899  7.39162e+00 | 56 -0.18934  6.99001e+00 | 57 -0.16259  8.93185e+00
 58 -0.06482  1.93037e+01 | 59 -0.17922  7.69459e+00 | 60 -0.12254  1.19356e+01
 61 -0.19357  6.86559e+00 | 62 -0.14277  9.99408e+00 | 63 -0.16476  7.48695e+00
 64 -0.22566  3.92292e+00 | 65 -0.17999  4.52266e+00 | 66 -0.16169  3.74622e+00
 67 -0.17667  1.99914e+00 | 68 -0.13818  1.25654e+00 | 69 -0.18024  2.03928e-01
 70 -0.17202 -2.58141e-02 | 71 -0.17745 -3.11760e-02 | 72 -0.42998  3.56729e+02
 73 -0.34845 -2.55919e+01 | 74 -0.74135  3.77053e+03 | 75 -0.19068 -5.02819e-02
 76  1.55083 -1.59905e+01 | 77  1.89990  2.75304e+01 | 78  0.13556  4.05255e-03
 79 -0.98481 -8.61675e-03 | 80  0.99500  2.76787e-02 | 81  0.28528 -9.86857e+00
81 variables; iteration 1260; function evaluation 1480; phase 3
Function value 5.4997447e+01; maximum gradient component mag 7.8694e+02
Var    Value     Gradient |Var    Value     Gradient |Var    Value     Gradient
  1  0.04391  7.86942e+02 |  2 -0.00203  1.32759e+00 |  3 -0.00201  1.68284e+00
  4 -0.01802  1.75871e+00 |  5 -0.01834  2.07939e+00 |  6 -0.01859  2.47127e+00
  7 -0.01909  2.85415e+00 |  8 -0.01971  3.25381e+00 |  9 -0.01976  3.86107e+00
 10 -0.02038  4.33821e+00 | 11 -0.02085  4.86626e+00 | 12 -0.01937  5.51941e+00
 13 -0.02136  6.00236e+00 | 14 -0.02492  6.54506e+00 | 15 -0.02869  6.77855e+00
 16 -0.02722  7.93277e+00 | 17 -0.02647  8.93262e+00 | 18 -0.02454  9.83509e+00
 19 -0.02901  1.07376e+01 | 20 -0.02811  1.10985e+01 | 21 -0.02813  1.08000e+01
 22 -0.02796  1.09825e+01 | 23 -0.02893  1.06628e+01 | 24 -0.02973  1.03243e+01
 25 -0.03316  1.03902e+01 | 26 -0.03682  9.91613e+00 | 27 -0.04228  9.82004e+00
 28 -0.05032  9.43134e+00 | 29 -0.05599  8.31792e+00 | 30 -0.06884  6.69974e+00
 31 -0.10560  4.40990e+00 | 32 -0.13417  3.24482e+00 | 33 -0.14810  3.13918e+00
 34 -0.08716  6.55818e+00 | 35  0.02687  2.14791e+01 | 36 -0.06973  9.88606e+00
 37  0.05337  2.57317e+01 | 38 -0.09382  7.43115e+00 | 39  0.06286  2.04189e+01
 40  0.07149  2.02880e+01 | 41 -0.07155  5.31090e+00 | 42  0.03932  1.10715e+01
 43 -0.04112  4.85277e+00 | 44  0.06276  1.01705e+01 | 45 -0.01114  4.85184e+00
 46 -0.03398  3.19112e+00 | 47 -0.05209  2.30653e+00 | 48 -0.05754  2.12077e+00
 49 -0.04407  2.23851e+00 | 50 -0.08158  1.74285e+00 | 51  0.01111  3.56980e+00
 52 -0.17457  1.05303e+00 | 53 -0.21126  7.64185e-01 | 54 -0.21363  7.50060e-01
 55 -0.17891  9.69135e-01 | 56 -0.18910  8.13636e-01 | 57 -0.16258  8.30835e-01
 58 -0.06469  1.89817e+00 | 59 -0.17914  7.22933e-01 | 60 -0.12247  1.27277e+00
 61 -0.19366  6.80230e-01 | 62 -0.14230  1.03849e+00 | 63 -0.16510  7.14371e-01
 64 -0.22546  4.36359e-01 | 65 -0.17972  4.78339e-01 | 66 -0.16172  3.66405e-01
 67 -0.17658  1.46670e-01 | 68 -0.13813  7.11532e-02 | 69 -0.18020 -7.89726e-03
 70 -0.17205 -7.53327e-03 | 71 -0.17749 -7.51384e-03 | 72 -0.42949  7.09264e+01
 73 -0.34378 -4.46133e+00 | 74 -0.74117  6.57755e+02 | 75 -0.25500 -5.80016e-03
 76  1.57119 -2.61249e+00 | 77  1.90528  5.07137e+00 | 78  0.13556 -3.63460e-02
 79 -0.98388  4.52330e-03 | 80  0.99493 -5.97762e-03 | 81  0.28511 -1.09580e+00
81 variables; iteration 1280; function evaluation 1505; phase 3
Function value 5.4984770e+01; maximum gradient component mag 1.9040e+03
Var    Value     Gradient |Var    Value     Gradient |Var    Value     Gradient
  1  0.04365  1.90398e+03 |  2 -0.00160  3.42373e+00 |  3 -0.00194  4.06821e+00
  4 -0.01791  4.27282e+00 |  5 -0.01824  5.03735e+00 |  6 -0.01857  5.92119e+00
  7 -0.01899  6.89278e+00 |  8 -0.01942  7.98137e+00 |  9 -0.01988  9.16776e+00
 10 -0.02029  1.04475e+01 | 11 -0.02068  1.17818e+01 | 12 -0.01919  1.33653e+01
 13 -0.02087  1.47411e+01 | 14 -0.02474  1.58010e+01 | 15 -0.02791  1.68046e+01
 16 -0.02761  1.87045e+01 | 17 -0.02724  2.08273e+01 | 18 -0.02454  2.36633e+01
 19 -0.02920  2.55996e+01 | 20 -0.02844  2.63746e+01 | 21 -0.02766  2.64136e+01
 22 -0.02828  2.61885e+01 | 23 -0.02871  2.58465e+01 | 24 -0.02972  2.49856e+01
 25 -0.03265  2.55924e+01 | 26 -0.03658  2.43688e+01 | 27 -0.04280  2.36685e+01
 28 -0.05085  2.29468e+01 | 29 -0.05675  2.03487e+01 | 30 -0.07012  1.62768e+01
 31 -0.10661  1.07728e+01 | 32 -0.13506  7.80019e+00 | 33 -0.14890  7.53649e+00
 34 -0.08310  1.67750e+01 | 35  0.02451  4.75128e+01 | 36 -0.06665  2.35090e+01
 37  0.05228  5.79047e+01 | 38 -0.09354  1.67780e+01 | 39  0.06372  4.60774e+01
 40  0.07002  4.41243e+01 | 41 -0.06853  1.23369e+01 | 42  0.03801  2.48653e+01
 43 -0.03960  1.14227e+01 | 44  0.06254  2.44776e+01 | 45 -0.01145  1.18967e+01
 46 -0.03455  8.07132e+00 | 47 -0.05220  5.86416e+00 | 48 -0.05855  5.26747e+00
 49 -0.04377  5.84949e+00 | 50 -0.08340  4.22865e+00 | 51  0.01168  9.10549e+00
 52 -0.17537  2.92144e+00 | 53 -0.21075  2.31180e+00 | 54 -0.21298  2.38547e+00
 55 -0.17829  3.17803e+00 | 56 -0.18867  2.96492e+00 | 57 -0.16198  3.75735e+00
 58 -0.06419  8.05949e+00 | 59 -0.17860  3.19568e+00 | 60 -0.12205  4.96560e+00
 61 -0.19301  2.84775e+00 | 62 -0.14176  4.15527e+00 | 63 -0.16450  3.12312e+00
 64 -0.22507  1.64251e+00 | 65 -0.17912  1.89652e+00 | 66 -0.16120  1.55124e+00
 67 -0.17608  8.36848e-01 | 68 -0.13756  5.31169e-01 | 69 -0.17972  8.97460e-02
 70 -0.17181 -9.98344e-03 | 71 -0.17726 -1.27259e-02 | 72 -0.42824  1.44220e+02
 73 -0.32758 -1.11281e+01 | 74 -0.74090  1.75710e+03 | 75 -0.33174 -6.86146e-03
 76  1.54300 -6.99727e+00 | 77  1.89849  1.16614e+01 | 78  0.13556  1.09265e-01
 79 -0.98433  1.40964e-03 | 80  0.99500  1.00733e-02 | 81  0.28507 -4.21543e+00
81 variables; iteration 1300; function evaluation 1527; phase 3
Function value 5.4963972e+01; maximum gradient component mag 2.7039e+03
Var    Value     Gradient |Var    Value     Gradient |Var    Value     Gradient
  1  0.04353  2.69749e+03 |  2 -0.00161  4.81099e+00 |  3 -0.00196  5.72469e+00
  4 -0.01788  6.02660e+00 |  5 -0.01819  7.11400e+00 |  6 -0.01853  8.35071e+00
  7 -0.01894  9.73073e+00 |  8 -0.01945  1.12417e+01 |  9 -0.01983  1.29431e+01
 10 -0.02027  1.47419e+01 | 11 -0.02066  1.66345e+01 | 12 -0.01917  1.88638e+01
 13 -0.02089  2.08034e+01 | 14 -0.02475  2.23146e+01 | 15 -0.02807  2.36911e+01
 16 -0.02761  2.64716e+01 | 17 -0.02724  2.94787e+01 | 18 -0.02458  3.34777e+01
 19 -0.02916  3.62376e+01 | 20 -0.02843  3.73322e+01 | 21 -0.02782  3.73302e+01
 22 -0.02832  3.71193e+01 | 23 -0.02877  3.66206e+01 | 24 -0.02985  3.54495e+01
 25 -0.03273  3.62961e+01 | 26 -0.03668  3.45762e+01 | 27 -0.04296  3.35313e+01
 28 -0.05089  3.24679e+01 | 29 -0.05678  2.87302e+01 | 30 -0.07011  2.29455e+01
 31 -0.10672  1.52277e+01 | 32 -0.13559  1.10780e+01 | 33 -0.14965  1.08128e+01
 34 -0.07870  2.51657e+01 | 35  0.02134  6.62461e+01 | 36 -0.06462  3.46138e+01
 37  0.05172  8.25647e+01 | 38 -0.09378  2.42413e+01 | 39  0.06400  6.71878e+01
 40  0.06830  6.30886e+01 | 41 -0.06518  1.84021e+01 | 42  0.03575  3.51891e+01
 43 -0.03762  1.66211e+01 | 44  0.06155  3.44994e+01 | 45 -0.01187  1.67169e+01
 46 -0.03553  1.12693e+01 | 47 -0.05257  8.20339e+00 | 48 -0.05969  7.31990e+00
 49 -0.04387  8.21730e+00 | 50 -0.08523  5.89283e+00 | 51  0.01167  1.27965e+01
 52 -0.17674  4.03615e+00 | 53 -0.21052  3.17723e+00 | 54 -0.21251  3.23011e+00
 55 -0.17794  4.26825e+00 | 56 -0.18844  3.94605e+00 | 57 -0.16179  4.95719e+00
 58 -0.06396  1.06129e+01 | 59 -0.17839  4.21053e+00 | 60 -0.12188  6.58135e+00
 61 -0.19277  3.78629e+00 | 62 -0.14134  5.54455e+00 | 63 -0.16441  4.14211e+00
 64 -0.22487  2.18911e+00 | 65 -0.17878  2.53984e+00 | 66 -0.16099  2.06642e+00
 67 -0.17590  1.09144e+00 | 68 -0.13729  6.90784e-01 | 69 -0.17958  1.09849e-01
 70 -0.17185 -1.74639e-02 | 71 -0.17729 -1.96422e-02 | 72 -0.42725  1.89151e+02
 73 -0.31637 -1.59583e+01 | 74 -0.74062  2.70387e+03 | 75 -0.49605 -4.52210e-03
 76  1.57644 -9.69102e+00 | 77  1.90753  1.68272e+01 | 78  0.13556  1.35718e-01
 79 -0.98424  1.92061e-03 | 80  0.99498  1.02972e-02 | 81  0.28491 -5.63221e+00
81 variables; iteration 1320; function evaluation 1549; phase 3
Function value 5.4913290e+01; maximum gradient component mag 4.1512e+03
Var    Value     Gradient |Var    Value     Gradient |Var    Value     Gradient
  1  0.04284  3.65491e+03 |  2 -0.00150  6.44997e+00 |  3 -0.00175  7.70589e+00
  4 -0.01769  8.09799e+00 |  5 -0.01803  9.54101e+00 |  6 -0.01847  1.11615e+01
  7 -0.01873  1.30623e+01 |  8 -0.01909  1.51454e+01 |  9 -0.01969  1.73328e+01
 10 -0.01996  1.98092e+01 | 11 -0.02027  2.23753e+01 | 12 -0.01904  2.52695e+01
 13 -0.02060  2.79422e+01 | 14 -0.02449  2.99207e+01 | 15 -0.02738  3.20111e+01
 16 -0.02730  3.55708e+01 | 17 -0.02713  3.95005e+01 | 18 -0.02407  4.52445e+01
 19 -0.02920  4.84535e+01 | 20 -0.02841  5.00264e+01 | 21 -0.02610  5.12861e+01
 22 -0.02859  4.96942e+01 | 23 -0.02878  4.91859e+01 | 24 -0.02984  4.79044e+01
 25 -0.03210  4.95003e+01 | 26 -0.03641  4.71771e+01 | 27 -0.04355  4.54479e+01
 28 -0.05216  4.36776e+01 | 29 -0.05905  3.83284e+01 | 30 -0.07276  3.07908e+01
 31 -0.10905  2.04839e+01 | 32 -0.13751  1.48893e+01 | 33 -0.15133  1.46439e+01
 34 -0.06994  3.65135e+01 | 35  0.01530  8.35589e+01 | 36 -0.05723  4.84946e+01
 37  0.04890  1.09050e+02 | 38 -0.09101  3.37715e+01 | 39  0.06514  9.15888e+01
 40  0.06573  8.58417e+01 | 41 -0.06064  2.63771e+01 | 42  0.03341  4.95212e+01
 43 -0.03432  2.43061e+01 | 44  0.06102  4.90978e+01 | 45 -0.01232  2.34365e+01
 46 -0.03677  1.55905e+01 | 47 -0.05279  1.13315e+01 | 48 -0.06165  9.67963e+00
 49 -0.04365  1.08234e+01 | 50 -0.08867  7.57882e+00 | 51  0.01291  1.68250e+01
 52 -0.17814  5.43783e+00 | 53 -0.20938  4.19986e+00 | 54 -0.21096  4.44057e+00
 55 -0.17614  6.04766e+00 | 56 -0.18705  5.68965e+00 | 57 -0.16047  7.18082e+00
 58 -0.06252  1.52153e+01 | 59 -0.17722  6.01377e+00 | 60 -0.12038  9.33946e+00
 61 -0.19140  5.26979e+00 | 62 -0.13963  7.64341e+00 | 63 -0.16317  5.49287e+00
 64 -0.22348  2.88255e+00 | 65 -0.17711  3.31206e+00 | 66 -0.15962  2.49430e+00
 67 -0.17456  1.36160e+00 | 68 -0.13567  8.67201e-01 | 69 -0.17835  1.33217e-01
 70 -0.17111 -1.87312e-02 | 71 -0.17660 -3.01139e-02 | 72 -0.42423  2.08502e+02
 73 -0.28314 -2.12402e+01 | 74 -0.74008  4.15115e+03 | 75 -0.71790 -7.00073e-03
 76  1.50638 -1.30913e+01 | 77  1.89145  2.37221e+01 | 78  0.13556  4.24534e-01
 79 -0.98432  8.13290e-03 | 80  0.99482 -7.55472e-03 | 81  0.28497 -7.81293e+00
81 variables; iteration 1340; function evaluation 1571; phase 3
Function value 5.4886966e+01; maximum gradient component mag 1.1243e+04
Var    Value     Gradient |Var    Value     Gradient |Var    Value     Gradient
  1  0.04271  9.38393e+03 |  2 -0.00160  1.65942e+01 |  3 -0.00192  1.98004e+01
  4 -0.01778  2.08238e+01 |  5 -0.01774  2.47384e+01 |  6 -0.01817  2.89782e+01
  7 -0.01891  3.36021e+01 |  8 -0.01885  3.91952e+01 |  9 -0.01991  4.46464e+01
 10 -0.01998  5.11107e+01 | 11 -0.02034  5.76971e+01 | 12 -0.01917  6.52202e+01
 13 -0.02065  7.21512e+01 | 14 -0.02481  7.70760e+01 | 15 -0.02654  8.34490e+01
 16 -0.02800  9.13197e+01 | 17 -0.02799  1.01342e+02 | 18 -0.02559  1.15221e+02
 19 -0.02737  1.27927e+02 | 20 -0.02859  1.29476e+02 | 21 -0.02582  1.32766e+02
 22 -0.02821  1.29577e+02 | 23 -0.02883  1.27497e+02 | 24 -0.03051  1.23506e+02
 25 -0.03265  1.27416e+02 | 26 -0.03549  1.23436e+02 | 27 -0.04365  1.17894e+02
 28 -0.05248  1.12877e+02 | 29 -0.05916  9.94613e+01 | 30 -0.07324  7.96667e+01
 31 -0.10916  5.36057e+01 | 32 -0.13791  3.92174e+01 | 33 -0.15148  3.92444e+01
 34 -0.07033  9.97549e+01 | 35  0.01531  2.27298e+02 | 36 -0.05841  1.31752e+02
 37  0.04909  2.91495e+02 | 38 -0.09251  8.73353e+01 | 39  0.06629  2.38273e+02
 40  0.06307  2.07090e+02 | 41 -0.05159  7.02517e+01 | 42  0.02683  1.09469e+02
 43 -0.02452  6.25496e+01 | 44  0.05744  1.07843e+02 | 45 -0.01011  5.52697e+01
 46 -0.03845  3.60719e+01 | 47 -0.05269  2.68297e+01 | 48 -0.06246  2.32533e+01
 49 -0.04347  2.63452e+01 | 50 -0.09047  1.75384e+01 | 51  0.01336  4.03039e+01
 52 -0.18023  1.12154e+01 | 53 -0.20874  9.92943e+00 | 54 -0.21033  1.05337e+01
 55 -0.17598  1.43487e+01 | 56 -0.18696  1.36595e+01 | 57 -0.16023  1.78483e+01
 58 -0.06227  3.90153e+01 | 59 -0.17710  1.54837e+01 | 60 -0.12030  2.45730e+01
 61 -0.19109  1.41272e+01 | 62 -0.13955  2.05690e+01 | 63 -0.16277  1.55255e+01
 64 -0.22364  8.07030e+00 | 65 -0.17688  9.56550e+00 | 66 -0.15931  7.89705e+00
 67 -0.17458  4.21916e+00 | 68 -0.13547  2.85268e+00 | 69 -0.17811  5.34967e-01
 70 -0.17103 -3.67863e-02 | 71 -0.17655 -6.09584e-02 | 72 -0.42333  5.09168e+02
 73 -0.27673 -5.63042e+01 | 74 -0.73993  1.12434e+04 | 75 -0.83871 -1.25356e-02
 76  1.50139 -3.20381e+01 | 77  1.89010  6.15516e+01 | 78  0.13556  7.33944e-01
 79 -0.98517 -1.07396e-03 | 80  0.99511  6.35286e-02 | 81  0.28471 -2.04637e+01
81 variables; iteration 1360; function evaluation 1595; phase 3
Function value 5.4674666e+01; maximum gradient component mag 1.0561e+04
Var    Value     Gradient |Var    Value     Gradient |Var    Value     Gradient
  1  0.04233  7.76430e+03 |  2 -0.00126  1.35400e+01 |  3 -0.00143  1.62037e+01
  4 -0.01746  1.69881e+01 |  5 -0.01795  1.99775e+01 |  6 -0.01830  2.34477e+01
  7 -0.01832  2.75303e+01 |  8 -0.01872  3.19067e+01 |  9 -0.01931  3.66015e+01
 10 -0.01957  4.18353e+01 | 11 -0.01991  4.72961e+01 | 12 -0.01795  5.40403e+01
 13 -0.02028  5.92705e+01 | 14 -0.02417  6.35556e+01 | 15 -0.02703  6.81560e+01
 16 -0.02761  7.53437e+01 | 17 -0.02783  8.33747e+01 | 18 -0.02616  9.42729e+01
 19 -0.02769  1.04738e+02 | 20 -0.02840  1.06584e+02 | 21 -0.02522  1.10217e+02
 22 -0.02842  1.06872e+02 | 23 -0.02903  1.05173e+02 | 24 -0.03142  1.01765e+02
 25 -0.03340  1.05013e+02 | 26 -0.03603  1.02435e+02 | 27 -0.04361  9.86509e+01
 28 -0.05261  9.38838e+01 | 29 -0.05897  8.29852e+01 | 30 -0.07260  6.69672e+01
 31 -0.10952  4.47918e+01 | 32 -0.13917  3.30123e+01 | 33 -0.15367  3.32289e+01
 34 -0.05940  9.09094e+01 | 35  0.00386  1.75837e+02 | 36 -0.05269  1.13894e+02
 37  0.04692  2.37344e+02 | 38 -0.09248  7.32302e+01 | 39  0.06707  2.03267e+02
 40  0.05552  1.66661e+02 | 41 -0.03679  6.66782e+01 | 42  0.01358  8.36573e+01
 43 -0.01277  5.67782e+01 | 44  0.05062  8.44833e+01 | 45 -0.00932  4.60290e+01
 46 -0.04252  2.92376e+01 | 47 -0.05382  2.26496e+01 | 48 -0.06605  1.92332e+01
 49 -0.04491  2.25466e+01 | 50 -0.09489  1.51056e+01 | 51  0.01242  3.51516e+01
 52 -0.18446  9.49548e+00 | 53 -0.20819  8.37511e+00 | 54 -0.20883  9.00514e+00
 55 -0.17477  1.22121e+01 | 56 -0.18626  1.14552e+01 | 57 -0.15962  1.47675e+01
 58 -0.06160  3.19873e+01 | 59 -0.17613  1.28834e+01 | 60 -0.11997  2.01476e+01
 61 -0.19012  1.17397e+01 | 62 -0.13812  1.71569e+01 | 63 -0.16298  1.25316e+01
 64 -0.22234  6.98124e+00 | 65 -0.17585  8.14170e+00 | 66 -0.15874  6.56040e+00
 67 -0.17377  3.56532e+00 | 68 -0.13458  2.35694e+00 | 69 -0.17774  3.85579e-01
 70 -0.17108 -4.14495e-02 | 71 -0.17653 -4.93686e-02 | 72 -0.41970  3.58338e+02
 73 -0.24555 -4.62676e+01 | 74 -0.73918  1.05614e+04 | 75 -1.62153  9.30908e-02
 76  1.63612 -3.14162e+01 | 77  1.92964  4.78641e+01 | 78  0.13556  5.57430e-01
 79 -0.98418  1.03554e-02 | 80  0.99557  1.09852e-01 | 81  0.28409 -1.72196e+01
81 variables; iteration 1380; function evaluation 1627; phase 3
Function value 5.4623563e+01; maximum gradient component mag -5.9793e+02
Var    Value     Gradient |Var    Value     Gradient |Var    Value     Gradient
  1  0.04205 -6.85548e+01 |  2 -0.00127  3.01403e-02 |  3 -0.00131  8.00120e-02
  4 -0.01754  1.58020e-02 |  5 -0.01762  6.39706e-02 |  6 -0.01746  1.80953e-01
  7 -0.01874 -5.54884e-02 |  8 -0.01837  1.26629e-01 |  9 -0.01854  1.81046e-01
 10 -0.01937  5.83643e-02 | 11 -0.01987  4.72741e-03 | 12 -0.01863 -8.11730e-02
 13 -0.02032 -8.24579e-02 | 14 -0.02388  1.30681e-02 | 15 -0.02723  6.21011e-03
 16 -0.02812 -3.83014e-01 | 17 -0.02721 -2.96168e-01 | 18 -0.02485 -4.50207e-01
 19 -0.02787  5.75231e-03 | 20 -0.02763 -1.29460e-01 | 21 -0.02502  3.15519e-01
 22 -0.02904 -5.04499e-01 | 23 -0.02807 -6.55863e-02 | 24 -0.03058 -4.16172e-01
 25 -0.03476 -7.28055e-01 | 26 -0.03702 -3.03729e-01 | 27 -0.04440 -6.74853e-01
 28 -0.05259 -9.14761e-01 | 29 -0.05835 -1.03944e+00 | 30 -0.07275 -1.44997e+00
 31 -0.10921 -8.42658e-01 | 32 -0.14009 -5.77966e-01 | 33 -0.15589 -6.76387e-01
 34 -0.05072 -4.52735e+00 | 35 -0.00559  2.96810e+00 | 36 -0.04487 -4.53396e+00
 37  0.04414 -6.01375e+00 | 38 -0.08910 -3.23732e+00 | 39  0.06590 -6.59622e+00
 40  0.05592 -3.47728e+00 | 41 -0.04482 -4.60169e+00 | 42  0.02024  1.67367e-01
 43 -0.02321 -3.35278e+00 | 44  0.05385  1.19807e+00 | 45 -0.01362 -6.72150e-02
 46 -0.04167  4.04680e-01 | 47 -0.05596  4.08088e-01 | 48 -0.06602  6.45532e-01
 49 -0.04646  5.89624e-01 | 50 -0.09522  6.20658e-01 | 51  0.01147  1.56275e+00
 52 -0.18532  1.02718e+00 | 53 -0.20883  4.08143e-01 | 54 -0.20778  1.94526e-01
 55 -0.17439  2.69242e-01 | 56 -0.18566  1.31965e-01 | 57 -0.15926  6.92992e-02
 58 -0.06117  1.51823e-01 | 59 -0.17581 -7.92882e-02 | 60 -0.11990  7.44971e-02
 61 -0.19018 -3.94131e-02 | 62 -0.13696 -1.76529e-01 | 63 -0.16329 -3.38468e-02
 64 -0.22244 -7.41636e-02 | 65 -0.17512 -1.25222e-01 | 66 -0.15864 -8.45190e-02
 67 -0.17357 -1.16562e-01 | 68 -0.13456 -3.27884e-02 | 69 -0.17739  4.50917e-03
 70 -0.17105  6.82815e-03 | 71 -0.17655  3.79035e-03 | 72 -0.41812  1.01768e+01
 73 -0.24037  1.30916e-01 | 74 -0.73887 -5.97934e+02 | 75 -1.84510 -7.89048e-02
 76  1.66768  4.26569e+00 | 77  1.94015  2.96627e+00 | 78  0.13556  8.09114e-02
 79 -0.98437  5.77873e-03 | 80  0.99519  1.23282e-02 | 81  0.28398 -1.22556e-01
81 variables; iteration 1400; function evaluation 1655; phase 3
Function value 5.4505671e+01; maximum gradient component mag -6.1018e+03
Var    Value     Gradient |Var    Value     Gradient |Var    Value     Gradient
  1  0.04220 -6.10181e+03 |  2 -0.00167 -1.04987e+01 |  3 -0.00166 -1.25047e+01
  4 -0.01786 -1.31655e+01 |  5 -0.01799 -1.55298e+01 |  6 -0.01760 -1.81690e+01
  7 -0.01855 -2.12947e+01 |  8 -0.01858 -2.46861e+01 |  9 -0.01967 -2.84534e+01
 10 -0.01982 -3.24696e+01 | 11 -0.02053 -3.67023e+01 | 12 -0.02120 -4.15498e+01
 13 -0.02052 -4.61378e+01 | 14 -0.02737 -4.90615e+01 | 15 -0.02844 -5.27402e+01
 16 -0.02424 -5.99896e+01 | 17 -0.02473 -6.69006e+01 | 18 -0.01595 -7.89351e+01
 19 -0.02828 -8.14341e+01 | 20 -0.02936 -8.31968e+01 | 21 -0.03561 -8.14416e+01
 22 -0.01871 -8.81564e+01 | 23 -0.04140 -7.82410e+01 | 24 -0.02942 -8.23213e+01
 25 -0.02029 -8.94951e+01 | 26 -0.04520 -7.74977e+01 | 27 -0.04843 -7.62868e+01
 28 -0.05452 -7.41950e+01 | 29 -0.06096 -6.62369e+01 | 30 -0.07189 -5.45217e+01
 31 -0.11083 -3.64129e+01 | 32 -0.14036 -2.64996e+01 | 33 -0.15426 -2.68071e+01
 34 -0.04871 -8.53458e+01 | 35 -0.00738 -1.18731e+02 | 36 -0.04366 -1.06653e+02
 37  0.04272 -1.95713e+02 | 38 -0.08144 -7.24760e+01 | 39  0.06243 -1.83705e+02
 40  0.05755 -1.56348e+02 | 41 -0.04694 -6.35826e+01 | 42  0.01686 -7.81919e+01
 43 -0.01233 -5.57339e+01 | 44  0.04856 -7.77799e+01 | 45 -0.00934 -4.18513e+01
 46 -0.04311 -2.56559e+01 | 47 -0.05427 -1.90131e+01 | 48 -0.06798 -1.52036e+01
 49 -0.04488 -1.53550e+01 | 50 -0.09891 -8.24448e+00 | 51  0.01302 -1.71820e+01
 52 -0.18458 -2.10163e+00 | 53 -0.20398 -1.16871e+00 | 54 -0.21078 -7.29559e-01
 55 -0.17223 -5.25867e-01 | 56 -0.18541  3.08401e-01 | 57 -0.15949  1.23166e-01
 58 -0.06039 -1.83412e+00 | 59 -0.17640 -1.39781e+00 | 60 -0.11636 -4.53427e+00
 61 -0.18730 -3.35506e+00 | 62 -0.13988 -6.24758e+00 | 63 -0.15770 -4.98504e+00
 64 -0.22065 -2.34547e+00 | 65 -0.17584 -2.12047e+00 | 66 -0.15544 -1.11394e+00
 67 -0.17292 -1.77217e-01 | 68 -0.13129  1.38587e-01 | 69 -0.17699  1.01600e-01
 70 -0.17117  1.16223e-01 | 71 -0.17650  1.27368e-01 | 72 -0.41767 -1.69696e+02
 73 -0.18916  2.10496e+01 | 74 -0.73869 -4.97707e+03 | 75 -1.91963 -1.57936e+01
 76  1.64865  3.16600e+01 | 77  1.93150 -3.45031e+01 | 78  0.13556  6.64126e-02
 79 -0.98605 -2.36010e-02 | 80  0.99532  1.11848e-02 | 81  0.28504  3.45399e+00
81 variables; iteration 1420; function evaluation 1682; phase 3
Function value 5.4053317e+01; maximum gradient component mag 6.9553e+03
Var    Value     Gradient |Var    Value     Gradient |Var    Value     Gradient
  1  0.04233  6.95529e+03 |  2 -0.00159  1.15860e+01 |  3 -0.00148  1.39857e+01
  4 -0.01750  1.46698e+01 |  5 -0.01746  1.74493e+01 |  6 -0.01761  2.05516e+01
  7 -0.01833  2.38100e+01 |  8 -0.01843  2.77382e+01 |  9 -0.01865  3.20056e+01
 10 -0.01967  3.61546e+01 | 11 -0.02006  4.08365e+01 | 12 -0.02133  4.47132e+01
 13 -0.02101  5.08837e+01 | 14 -0.02598  5.38452e+01 | 15 -0.02643  5.97436e+01
 16 -0.02528  6.75972e+01 | 17 -0.02197  7.79075e+01 | 18 -0.01881  8.95556e+01
 19 -0.01637  1.03161e+02 | 20 -0.03647  8.49028e+01 | 21 -0.04309  7.90708e+01
 22 -0.01314  1.09799e+02 | 23 -0.03659  8.53030e+01 | 24 -0.02767  9.41901e+01
 25 -0.02351  1.03410e+02 | 26 -0.04847  7.85687e+01 | 27 -0.04806  8.25269e+01
 28 -0.05735  7.83782e+01 | 29 -0.06320  6.98881e+01 | 30 -0.07583  5.79119e+01
 31 -0.11219  3.89623e+01 | 32 -0.14017  2.90114e+01 | 33 -0.15137  2.97029e+01
 34 -0.05500  8.16352e+01 | 35 -0.00096  1.52346e+02 | 36 -0.04892  1.02866e+02
 37  0.04416  2.08467e+02 | 38 -0.08944  6.60657e+01 | 39  0.06803  1.89627e+02
 40  0.04993  1.50764e+02 | 41 -0.03098  6.77642e+01 | 42  0.00876  8.20579e+01
 43 -0.00622  6.14319e+01 | 44  0.04795  8.80784e+01 | 45 -0.00945  4.84204e+01
 46 -0.04118  3.05310e+01 | 47 -0.05454  2.26801e+01 | 48 -0.06689  1.89408e+01
 49 -0.04436  2.11463e+01 | 50 -0.10165  1.28533e+01 | 51  0.01470  3.12243e+01
 52 -0.18377  7.95274e+00 | 53 -0.19944  7.31548e+00 | 54 -0.21353  6.67429e+00
 55 -0.17041  9.86804e+00 | 56 -0.18563  9.20988e+00 | 57 -0.15945  1.19304e+01
 58 -0.05961  2.65184e+01 | 59 -0.17620  1.10262e+01 | 60 -0.11425  1.75048e+01
 61 -0.18481  1.07462e+01 | 62 -0.14220  1.50853e+01 | 63 -0.15351  1.22200e+01
 64 -0.21851  6.59543e+00 | 65 -0.17636  7.74256e+00 | 66 -0.15335  6.35623e+00
 67 -0.17127  3.31030e+00 | 68 -0.12915  2.02709e+00 | 69 -0.17567  2.68611e-01
 70 -0.17060 -7.26839e-02 | 71 -0.17576 -7.05519e-02 | 72 -0.41756  1.21347e+02
 73 -0.12425 -2.71868e+01 | 74 -0.73858 -6.29805e+03 | 75 -1.93217  3.61614e+01
 76  1.60617 -2.67341e+01 | 77  1.91911  4.31779e+01 | 78  0.13556 -2.08154e-01
 79 -0.98634 -2.37268e-02 | 80  0.99519  4.47676e-02 | 81  0.28568 -1.47513e+01
81 variables; iteration 1440; function evaluation 1704; phase 3
Function value 5.4003955e+01; maximum gradient component mag 1.2393e+03
Var    Value     Gradient |Var    Value     Gradient |Var    Value     Gradient
  1  0.04236  1.23929e+03 |  2 -0.00098  2.24880e+00 |  3 -0.00132  2.64327e+00
  4 -0.01743  2.73552e+00 |  5 -0.01772  3.21952e+00 |  6 -0.01769  3.86933e+00
  7 -0.01815  4.46067e+00 |  8 -0.01843  5.18748e+00 |  9 -0.01893  5.91918e+00
 10 -0.01953  6.67342e+00 | 11 -0.01975  7.57094e+00 | 12 -0.01973  8.11890e+00
 13 -0.02085  9.21533e+00 | 14 -0.02534  9.69983e+00 | 15 -0.02698  1.09887e+01
 16 -0.02666  1.22503e+01 | 17 -0.02218  1.51326e+01 | 18 -0.02059  1.66970e+01
 19 -0.02016  1.99259e+01 | 20 -0.03341  1.48410e+01 | 21 -0.03787  1.30105e+01
 22 -0.01703  2.15643e+01 | 23 -0.03230  1.54609e+01 | 24 -0.02979  1.66844e+01
 25 -0.02823  1.88467e+01 | 26 -0.04559  1.28699e+01 | 27 -0.04897  1.37130e+01
 28 -0.05685  1.33549e+01 | 29 -0.06203  1.22860e+01 | 30 -0.07567  1.01299e+01
 31 -0.11236  6.65754e+00 | 32 -0.14051  5.03060e+00 | 33 -0.15190  5.10425e+00
 34 -0.05480  1.06118e+01 | 35 -0.00160  3.54289e+01 | 36 -0.04919  1.60196e+01
 37  0.04403  4.09660e+01 | 38 -0.08621  1.13866e+01 | 39  0.06541  3.54783e+01
 40  0.05339  3.21486e+01 | 41 -0.03882  9.70632e+00 | 42  0.01298  1.70098e+01
 43 -0.00972  8.52457e+00 | 44  0.04873  1.36788e+01 | 45 -0.01039  6.86273e+00
 46 -0.04105  4.69243e+00 | 47 -0.05490  3.53300e+00 | 48 -0.06712  3.17495e+00
 49 -0.04477  3.70469e+00 | 50 -0.10126  2.62656e+00 | 51  0.01429  5.97629e+00
 52 -0.18354  1.65475e+00 | 53 -0.19993  1.33316e+00 | 54 -0.21318  1.24586e+00
 55 -0.17048  1.52959e+00 | 56 -0.18570  1.28607e+00 | 57 -0.15960  1.50091e+00
 58 -0.05958  3.12380e+00 | 59 -0.17680  1.28420e+00 | 60 -0.11386  1.77161e+00
 61 -0.18499  1.19679e+00 | 62 -0.14262  1.39202e+00 | 63 -0.15300  1.28591e+00
 64 -0.21884  5.73910e-01 | 65 -0.17663  6.23410e-01 | 66 -0.15325  4.47871e-01
 67 -0.17146  2.22893e-01 | 68 -0.12919  1.09453e-01 | 69 -0.17565  2.43539e-02
 70 -0.17064 -6.39373e-03 | 71 -0.17589 -1.26589e-02 | 72 -0.41774  1.38944e+01
 73 -0.12589 -4.17520e+00 | 74 -0.73856 -1.11243e+03 | 75 -1.91561  5.39775e+00
 76  1.61475 -3.35189e+00 | 77  1.92077  9.23671e+00 | 78  0.13556  2.67480e-01
 79 -0.98501 -3.93458e-03 | 80  0.99501 -1.73446e-02 | 81  0.28587 -2.07792e+00
81 variables; iteration 1460; function evaluation 1724; phase 3
Function value 5.3863944e+01; maximum gradient component mag 1.4897e+04
Var    Value     Gradient |Var    Value     Gradient |Var    Value     Gradient
  1  0.04242  1.48973e+04 |  2 -0.00100  2.55823e+01 |  3 -0.00135  3.05065e+01
  4 -0.01750  3.19428e+01 |  5 -0.01800  3.76102e+01 |  6 -0.01837  4.41598e+01
  7 -0.01876  5.15491e+01 |  8 -0.01907  5.98517e+01 |  9 -0.01925  6.90769e+01
 10 -0.02012  7.84080e+01 | 11 -0.01988  8.92090e+01 | 12 -0.01877  1.00969e+02
 13 -0.02313  1.08711e+02 | 14 -0.02456  1.19500e+02 | 15 -0.02834  1.27197e+02
 16 -0.02563  1.45878e+02 | 17 -0.02196  1.67518e+02 | 18 -0.03007  1.73235e+02
 19 -0.02584  2.01783e+02 | 20 -0.02513  2.07967e+02 | 21 -0.03921  1.82424e+02
 22 -0.02936  1.99702e+02 | 23 -0.03546  1.87777e+02 | 24 -0.02682  2.04989e+02
 25 -0.02081  2.28424e+02 | 26 -0.03905  1.92287e+02 | 27 -0.04659  1.83960e+02
 28 -0.05733  1.71563e+02 | 29 -0.06178  1.54565e+02 | 30 -0.07713  1.23879e+02
 31 -0.11365  8.28827e+01 | 32 -0.14072  6.21202e+01 | 33 -0.15301  6.34097e+01
 34 -0.04931  1.94367e+02 | 35 -0.00658  2.99424e+02 | 36 -0.04100  2.39115e+02
 37  0.03993  4.26323e+02 | 38 -0.07839  1.56685e+02 | 39  0.06327  3.76710e+02
 40  0.05483  3.22476e+02 | 41 -0.03738  1.31707e+02 | 42  0.00863  1.63880e+02
 43 -0.00304  1.30566e+02 | 44  0.04579  1.73215e+02 | 45 -0.00690  1.01251e+02
 46 -0.04276  6.21332e+01 | 47 -0.05354  4.82508e+01 | 48 -0.06769  4.01673e+01
 49 -0.04394  4.72333e+01 | 50 -0.10210  2.95243e+01 | 51  0.01501  7.54290e+01
 52 -0.18401  2.02405e+01 | 53 -0.20010  1.85761e+01 | 54 -0.21342  1.76535e+01
 55 -0.17027  2.51819e+01 | 56 -0.18609  2.23143e+01 | 57 -0.15970  2.84237e+01
 58 -0.05962  6.24242e+01 | 59 -0.17747  2.40296e+01 | 60 -0.11359  4.01884e+01
 61 -0.18523  2.33052e+01 | 62 -0.14241  3.18802e+01 | 63 -0.15347  2.57368e+01
 64 -0.21835  1.34625e+01 | 65 -0.17690  1.45568e+01 | 66 -0.15331  1.20701e+01
 67 -0.17172  6.20209e+00 | 68 -0.12915  4.05000e+00 | 69 -0.17583  6.18804e-01
 70 -0.17110 -1.27715e-01 | 71 -0.17629 -1.30823e-01 | 72 -0.41712  2.69333e+02
 73 -0.12190 -6.01657e+01 | 74 -0.73863 -5.18260e+03 | 75 -1.94537  6.94913e+01
 76  1.56740 -5.54756e+01 | 77  1.90766  9.19832e+01 | 78  0.13556 -1.05643e+00
 79 -0.98287  3.52940e-02 | 80  0.99424 -1.58212e-02 | 81  0.28610 -3.27493e+01
81 variables; iteration 1480; function evaluation 1746; phase 3
Function value 5.3809770e+01; maximum gradient component mag 2.5011e+03
Var    Value     Gradient |Var    Value     Gradient |Var    Value     Gradient
  1  0.04246  2.50107e+03 |  2 -0.00135  4.34391e+00 |  3 -0.00162  5.18127e+00
  4 -0.01782  5.37132e+00 |  5 -0.01814  6.34262e+00 |  6 -0.01818  7.54765e+00
  7 -0.01870  8.75428e+00 |  8 -0.01901  1.01816e+01 |  9 -0.01931  1.17526e+01
 10 -0.01984  1.33523e+01 | 11 -0.02029  1.50550e+01 | 12 -0.01858  1.72061e+01
 13 -0.01981  1.92276e+01 | 14 -0.02474  2.01598e+01 | 15 -0.02714  2.19509e+01
 16 -0.02489  2.53959e+01 | 17 -0.02821  2.64069e+01 | 18 -0.02066  3.27418e+01
 19 -0.03289  3.10119e+01 | 20 -0.02768  3.43963e+01 | 21 -0.03655  2.96664e+01
 22 -0.02764  3.45326e+01 | 23 -0.02960  3.34026e+01 | 24 -0.02989  3.34807e+01
 25 -0.03150  3.50175e+01 | 26 -0.03797  3.26326e+01 | 27 -0.04503  3.18080e+01
 28 -0.05230  3.13653e+01 | 29 -0.06263  2.60142e+01 | 30 -0.07792  2.06616e+01
 31 -0.11365  1.38298e+01 | 32 -0.14111  1.03356e+01 | 33 -0.15319  1.05477e+01
 34 -0.04719  3.11844e+01 | 35 -0.00937  5.07140e+01 | 36 -0.03785  3.89928e+01
 37  0.03850  7.03398e+01 | 38 -0.07643  2.70108e+01 | 39  0.06270  6.08906e+01
 40  0.05521  5.63279e+01 | 41 -0.03857  2.03800e+01 | 42  0.01078  2.95893e+01
 43 -0.00680  2.12385e+01 | 44  0.04786  3.11064e+01 | 45 -0.00876  1.73963e+01
 46 -0.04181  1.08768e+01 | 47 -0.05394  8.25157e+00 | 48 -0.06762  6.77503e+00
 49 -0.04395  7.91964e+00 | 50 -0.10204  4.78752e+00 | 51  0.01483  1.21953e+01
 52 -0.18358  3.27866e+00 | 53 -0.20043  2.90031e+00 | 54 -0.21350  2.77074e+00
 55 -0.17052  3.95250e+00 | 56 -0.18594  3.53985e+00 | 57 -0.15989  4.48107e+00
 58 -0.05972  9.94521e+00 | 59 -0.17747  3.81119e+00 | 60 -0.11369  6.44742e+00
 61 -0.18557  3.82014e+00 | 62 -0.14239  5.18396e+00 | 63 -0.15349  4.23045e+00
 64 -0.21895  2.22020e+00 | 65 -0.17682  2.41358e+00 | 66 -0.15341  2.02020e+00
 67 -0.17184  1.06857e+00 | 68 -0.12933  6.80749e-01 | 69 -0.17594  8.78678e-02
 70 -0.17110 -2.32514e-02 | 71 -0.17634 -2.37436e-02 | 72 -0.41705  3.66503e+01
 73 -0.12323 -8.57294e+00 | 74 -0.73865 -7.88377e+02 | 75 -1.94980  1.04971e+01
 76  1.56384 -9.01539e+00 | 77  1.90684  1.60435e+01 | 78  0.13556  4.96937e-02
 79 -0.98492  4.61724e-03 | 80  0.99504 -3.46915e-03 | 81  0.28615 -5.34914e+00
81 variables; iteration 1500; function evaluation 1771; phase 3
Function value 5.3785994e+01; maximum gradient component mag 2.6474e+03
Var    Value     Gradient |Var    Value     Gradient |Var    Value     Gradient
  1  0.04233  2.64737e+03 |  2 -0.00143  4.54072e+00 |  3 -0.00167  5.42786e+00
  4 -0.01774  5.67123e+00 |  5 -0.01804  6.69639e+00 |  6 -0.01829  7.89179e+00
  7 -0.01862  9.22324e+00 |  8 -0.01907  1.06742e+01 |  9 -0.01939  1.23139e+01
 10 -0.01991  1.40016e+01 | 11 -0.02010  1.58807e+01 | 12 -0.01865  1.80361e+01
 13 -0.02091  1.97260e+01 | 14 -0.02419  2.14000e+01 | 15 -0.02713  2.30290e+01
 16 -0.02666  2.57959e+01 | 17 -0.02553  2.90545e+01 | 18 -0.02528  3.19862e+01
 19 -0.02663  3.60658e+01 | 20 -0.02934  3.53022e+01 | 21 -0.03573  3.18462e+01
 22 -0.02631  3.72925e+01 | 23 -0.02108  4.01853e+01 | 24 -0.02917  3.56782e+01
 25 -0.03883  3.25220e+01 | 26 -0.03991  3.29560e+01 | 27 -0.04581  3.28668e+01
 28 -0.05408  3.19475e+01 | 29 -0.06167  2.79778e+01 | 30 -0.07813  2.18298e+01
 31 -0.11381  1.46700e+01 | 32 -0.14129  1.09737e+01 | 33 -0.15352  1.12158e+01
 34 -0.04604  3.38770e+01 | 35 -0.01076  5.30065e+01 | 36 -0.03558  4.30568e+01
 37  0.03771  7.34088e+01 | 38 -0.07725  2.78953e+01 | 39  0.06391  6.59281e+01
 40  0.05438  5.84648e+01 | 41 -0.03830  2.19453e+01 | 42  0.01271  3.19326e+01
 43 -0.00986  2.09696e+01 | 44  0.04970  3.30902e+01 | 45 -0.01034  1.74894e+01
 46 -0.04063  1.15910e+01 | 47 -0.05463  8.61550e+00 | 48 -0.06696  7.37381e+00
 49 -0.04426  8.43273e+00 | 50 -0.10146  5.36089e+00 | 51  0.01486  1.35854e+01
 52 -0.18335  3.95868e+00 | 53 -0.20057  3.43683e+00 | 54 -0.21305  3.29090e+00
 55 -0.17042  4.56502e+00 | 56 -0.18571  4.05972e+00 | 57 -0.15961  5.08275e+00
 58 -0.05955  1.10659e+01 | 59 -0.17703  4.29770e+00 | 60 -0.11379  6.87852e+00
 61 -0.18545  4.04300e+00 | 62 -0.14196  5.48977e+00 | 63 -0.15357  4.43385e+00
 64 -0.21893  2.29355e+00 | 65 -0.17649  2.58483e+00 | 66 -0.15333  2.15404e+00
 67 -0.17170  1.11690e+00 | 68 -0.12925  6.87130e-01 | 69 -0.17577  1.00520e-01
 70 -0.17090 -1.93596e-02 | 71 -0.17614 -2.09632e-02 | 72 -0.41669  4.09466e+01
 73 -0.12530 -1.01289e+01 | 74 -0.73864 -7.50004e+02 | 75 -1.94188  1.06088e+01
 76  1.54782 -9.57751e+00 | 77  1.90307  1.70198e+01 | 78  0.13556  5.21949e-02
 79 -0.98546 -1.29397e-03 | 80  0.99504 -1.75899e-03 | 81  0.28604 -5.98989e+00
81 variables; iteration 1520; function evaluation 1797; phase 3
Function value 5.3781412e+01; maximum gradient component mag 7.8825e+02
Var    Value     Gradient |Var    Value     Gradient |Var    Value     Gradient
  1  0.04231  7.88251e+02 |  2 -0.00143  1.39363e+00 |  3 -0.00173  1.65283e+00
  4 -0.01771  1.73432e+00 |  5 -0.01800  2.04832e+00 |  6 -0.01827  2.42022e+00
  7 -0.01864  2.81760e+00 |  8 -0.01902  3.26930e+00 |  9 -0.01940  3.76695e+00
 10 -0.01982  4.28393e+00 | 11 -0.02012  4.84768e+00 | 12 -0.01849  5.55294e+00
 13 -0.02085  5.93712e+00 | 14 -0.02413  6.54311e+00 | 15 -0.02696  7.13462e+00
 16 -0.02670  7.89936e+00 | 17 -0.02571  8.94390e+00 | 18 -0.02841  8.40626e+00
 19 -0.02484  1.18926e+01 | 20 -0.02627  1.14653e+01 | 21 -0.03539  8.12122e+00
 22 -0.03111  9.77951e+00 | 23 -0.02466  1.21303e+01 | 24 -0.02913  1.08558e+01
 25 -0.03414  1.04304e+01 | 26 -0.03710  1.05828e+01 | 27 -0.04623  9.66659e+00
 28 -0.05488  9.46301e+00 | 29 -0.06210  8.41255e+00 | 30 -0.07834  6.36071e+00
 31 -0.11373  4.30733e+00 | 32 -0.14127  3.24567e+00 | 33 -0.15361  3.26026e+00
 34 -0.04580  8.84210e+00 | 35 -0.01108  1.78891e+01 | 36 -0.03518  1.23291e+01
 37  0.03746  2.24970e+01 | 38 -0.07633  8.73981e+00 | 39  0.06338  1.83734e+01
 40  0.05501  1.87680e+01 | 41 -0.03946  4.84412e+00 | 42  0.01338  1.04647e+01
 43 -0.01076  4.99177e+00 | 44  0.05015  1.04052e+01 | 45 -0.01073  4.93075e+00
 46 -0.04042  3.57746e+00 | 47 -0.05485  2.49732e+00 | 48 -0.06684  2.28706e+00
 49 -0.04436  2.50395e+00 | 50 -0.10133  1.67411e+00 | 51  0.01487  3.91282e+00
 52 -0.18360  1.03130e+00 | 53 -0.20047  9.00270e-01 | 54 -0.21312  8.15145e-01
 55 -0.17034  1.17390e+00 | 56 -0.18574  1.04839e+00 | 57 -0.15957  1.37043e+00
 58 -0.05955  2.98124e+00 | 59 -0.17701  1.22024e+00 | 60 -0.11380  1.86438e+00
 61 -0.18547  1.19602e+00 | 62 -0.14189  1.55348e+00 | 63 -0.15360  1.26630e+00
 64 -0.21894  6.59601e-01 | 65 -0.17646  7.04291e-01 | 66 -0.15334  5.52031e-01
 67 -0.17173  2.88016e-01 | 68 -0.12924  1.77175e-01 | 69 -0.17580  1.81280e-02
 70 -0.17092 -7.68142e-03 | 71 -0.17617 -8.40040e-03 | 72 -0.41666  5.30668e+00
 73 -0.12610 -2.70485e+00 | 74 -0.73864 -5.93550e+02 | 75 -1.93952  2.72732e+00
 76  1.54584 -2.91523e+00 | 77  1.90256  5.36744e+00 | 78  0.13556  1.13053e-02
 79 -0.98532  1.19589e-03 | 80  0.99499 -2.00712e-02 | 81  0.28602 -1.77619e+00
81 variables; iteration 1540; function evaluation 1821; phase 3
Function value 5.3777862e+01; maximum gradient component mag -1.4538e+03
Var    Value     Gradient |Var    Value     Gradient |Var    Value     Gradient
  1  0.04233 -1.45378e+03 |  2 -0.00140 -2.40393e+00 |  3 -0.00168 -2.88424e+00
  4 -0.01763 -3.02303e+00 |  5 -0.01791 -3.57448e+00 |  6 -0.01824 -4.20360e+00
  7 -0.01854 -4.90068e+00 |  8 -0.01904 -5.71457e+00 |  9 -0.01941 -6.57257e+00
 10 -0.01982 -7.50979e+00 | 11 -0.02002 -8.47439e+00 | 12 -0.01817 -9.57553e+00
 13 -0.02025 -1.06797e+01 | 14 -0.02361 -1.13822e+01 | 15 -0.02669 -1.21564e+01
 16 -0.02609 -1.36536e+01 | 17 -0.02519 -1.52125e+01 | 18 -0.02540 -1.78265e+01
 19 -0.03010 -1.91493e+01 | 20 -0.02787 -1.95660e+01 | 21 -0.03890 -2.10799e+01
 22 -0.03121 -2.00798e+01 | 23 -0.02306 -1.89765e+01 | 24 -0.02824 -1.91090e+01
 25 -0.03533 -1.97718e+01 | 26 -0.03651 -1.85196e+01 | 27 -0.04440 -1.79208e+01
 28 -0.05374 -1.68770e+01 | 29 -0.06219 -1.47939e+01 | 30 -0.07890 -1.21709e+01
 31 -0.11391 -8.23238e+00 | 32 -0.14130 -6.10770e+00 | 33 -0.15352 -6.35098e+00
 34 -0.04668 -2.18200e+01 | 35 -0.01010 -2.41441e+01 | 36 -0.03634 -2.56263e+01
 37  0.03788 -4.02043e+01 | 38 -0.07758 -1.52296e+01 | 39  0.06391 -3.86351e+01
 40  0.05414 -2.92498e+01 | 41 -0.03757 -1.51449e+01 | 42  0.01170 -1.48029e+01
 43 -0.00861 -1.35568e+01 | 44  0.04900 -1.70146e+01 | 45 -0.00995 -9.93409e+00
 46 -0.04091 -6.03206e+00 | 47 -0.05472 -4.75558e+00 | 48 -0.06700 -3.85979e+00
 49 -0.04443 -4.60465e+00 | 50 -0.10134 -2.75619e+00 | 51  0.01477 -7.25158e+00
 52 -0.18364 -1.96393e+00 | 53 -0.20055 -1.85392e+00 | 54 -0.21317 -1.87053e+00
 55 -0.17036 -2.66422e+00 | 56 -0.18582 -2.44815e+00 | 57 -0.15960 -3.05119e+00
 58 -0.05960 -6.70430e+00 | 59 -0.17701 -2.53638e+00 | 60 -0.11390 -4.36697e+00
 61 -0.18548 -2.36974e+00 | 62 -0.14195 -3.41757e+00 | 63 -0.15365 -2.68342e+00
 64 -0.21903 -1.36639e+00 | 65 -0.17647 -1.55138e+00 | 66 -0.15341 -1.33875e+00
 67 -0.17178 -6.84054e-01 | 68 -0.12931 -4.52165e-01 | 69 -0.17584 -7.01723e-02
 70 -0.17096  1.03249e-02 | 71 -0.17622  1.17311e-02 | 72 -0.41663 -3.81688e+01
 73 -0.12662  6.29463e+00 | 74 -0.73863 -4.20646e+02 | 75 -1.93664 -6.52324e+00
 76  1.54345  5.04676e+00 | 77  1.90197 -8.73109e+00 | 78  0.13556 -1.00426e-01
 79 -0.98539  2.79345e-04 | 80  0.99498 -3.54166e-02 | 81  0.28598  3.18248e+00
81 variables; iteration 1560; function evaluation 1845; phase 3
Function value 5.3773376e+01; maximum gradient component mag -1.3870e+03
Var    Value     Gradient |Var    Value     Gradient |Var    Value     Gradient
  1  0.04226 -1.38704e+03 |  2 -0.00137 -2.29155e+00 |  3 -0.00167 -2.75567e+00
  4 -0.01767 -2.90070e+00 |  5 -0.01802 -3.44203e+00 |  6 -0.01825 -4.02223e+00
  7 -0.01861 -4.70085e+00 |  8 -0.01908 -5.47495e+00 |  9 -0.01940 -6.28365e+00
 10 -0.01979 -7.17925e+00 | 11 -0.02010 -8.12024e+00 | 12 -0.01832 -9.17928e+00
 13 -0.02066 -1.02842e+01 | 14 -0.02380 -1.09119e+01 | 15 -0.02697 -1.16604e+01
 16 -0.02689 -1.31579e+01 | 17 -0.02602 -1.46230e+01 | 18 -0.02883 -1.74707e+01
 19 -0.02728 -1.79854e+01 | 20 -0.02758 -1.87196e+01 | 21 -0.03305 -1.96674e+01
 22 -0.02888 -1.90524e+01 | 23 -0.02265 -1.80757e+01 | 24 -0.02846 -1.82636e+01
 25 -0.03738 -1.91273e+01 | 26 -0.03843 -1.78973e+01 | 27 -0.04499 -1.72088e+01
 28 -0.05412 -1.62320e+01 | 29 -0.06200 -1.41814e+01 | 30 -0.07869 -1.16931e+01
 31 -0.11382 -7.90447e+00 | 32 -0.14132 -5.85965e+00 | 33 -0.15363 -6.09229e+00
 34 -0.04622 -2.08735e+01 | 35 -0.01053 -2.28525e+01 | 36 -0.03571 -2.43088e+01
 37  0.03775 -3.76876e+01 | 38 -0.07703 -1.43156e+01 | 39  0.06365 -3.59312e+01
 40  0.05496 -2.69662e+01 | 41 -0.03977 -1.42467e+01 | 42  0.01375 -1.38119e+01
 43 -0.01098 -1.28850e+01 | 44  0.05022 -1.59378e+01 | 45 -0.01072 -9.46689e+00
 46 -0.04045 -5.77662e+00 | 47 -0.05487 -4.59173e+00 | 48 -0.06684 -3.73503e+00
 49 -0.04439 -4.50993e+00 | 50 -0.10128 -2.74237e+00 | 51  0.01488 -7.20522e+00
 52 -0.18363 -1.99190e+00 | 53 -0.20047 -1.86343e+00 | 54 -0.21302 -1.88853e+00
 55 -0.17024 -2.66725e+00 | 56 -0.18568 -2.45023e+00 | 57 -0.15949 -3.07311e+00
 58 -0.05948 -6.73105e+00 | 59 -0.17690 -2.54661e+00 | 60 -0.11379 -4.33538e+00
 61 -0.18544 -2.36779e+00 | 62 -0.14177 -3.38796e+00 | 63 -0.15358 -2.63616e+00
 64 -0.21896 -1.35267e+00 | 65 -0.17633 -1.52619e+00 | 66 -0.15333 -1.31421e+00
 67 -0.17167 -6.60524e-01 | 68 -0.12922 -4.41091e-01 | 69 -0.17574 -7.10394e-02
 70 -0.17085  1.00943e-02 | 71 -0.17611  1.16331e-02 | 72 -0.41656 -3.66647e+01
 73 -0.12738  5.69542e+00 | 74 -0.73863 -4.69265e+02 | 75 -1.93286 -6.02872e+00
 76  1.54178  4.77466e+00 | 77  1.90158 -8.34605e+00 | 78  0.13556  4.08279e-02
 79 -0.98535  9.47758e-04 | 80  0.99497 -3.69261e-02 | 81  0.28597  3.17298e+00
81 variables; iteration 1580; function evaluation 1872; phase 3
Function value 5.3764584e+01; maximum gradient component mag 2.2777e+03
Var    Value     Gradient |Var    Value     Gradient |Var    Value     Gradient
  1  0.04228  2.27768e+03 |  2 -0.00140  3.93577e+00 |  3 -0.00164  4.70573e+00
  4 -0.01757  4.95075e+00 |  5 -0.01785  5.84649e+00 |  6 -0.01826  6.83616e+00
  7 -0.01847  8.02801e+00 |  8 -0.01893  9.28007e+00 |  9 -0.01931  1.06835e+01
 10 -0.01978  1.21557e+01 | 11 -0.01985  1.38376e+01 | 12 -0.01805  1.58383e+01
 13 -0.02084  1.70873e+01 | 14 -0.02372  1.87144e+01 | 15 -0.02678  2.00930e+01
 16 -0.02634  2.24793e+01 | 17 -0.02536  2.52569e+01 | 18 -0.02466  2.79173e+01
 19 -0.02947  2.97970e+01 | 20 -0.02548  3.24081e+01 | 21 -0.03573  2.70861e+01
 22 -0.03381  2.81831e+01 | 23 -0.02672  3.16912e+01 | 24 -0.03148  2.95512e+01
 25 -0.03484  3.01200e+01 | 26 -0.03408  3.17689e+01 | 27 -0.04411  2.95747e+01
 28 -0.05377  2.79466e+01 | 29 -0.06203  2.40885e+01 | 30 -0.07896  1.84602e+01
 31 -0.11403  1.25315e+01 | 32 -0.14132  9.41592e+00 | 33 -0.15350  9.59372e+00
 34 -0.04706  2.80992e+01 | 35 -0.00966  4.75661e+01 | 36 -0.03692  3.61941e+01
 37  0.03809  6.42764e+01 | 38 -0.07743  2.40325e+01 | 39  0.06363  5.58022e+01
 40  0.05454  5.06161e+01 | 41 -0.03846  1.81577e+01 | 42  0.01208  2.71275e+01
 43 -0.00887  1.77927e+01 | 44  0.04905  2.78250e+01 | 45 -0.00991  1.48916e+01
 46 -0.04108  9.75273e+00 | 47 -0.05472  7.24598e+00 | 48 -0.06707  6.23347e+00
 49 -0.04448  7.08561e+00 | 50 -0.10140  4.55356e+00 | 51  0.01480  1.12219e+01
 52 -0.18385  3.11813e+00 | 53 -0.20064  2.80846e+00 | 54 -0.21291  2.67631e+00
 55 -0.17036  3.80957e+00 | 56 -0.18572  3.43725e+00 | 57 -0.15951  4.42424e+00
 58 -0.05955  9.66158e+00 | 59 -0.17687  3.84836e+00 | 60 -0.11394  6.01948e+00
 61 -0.18549  3.60242e+00 | 62 -0.14169  4.88585e+00 | 63 -0.15380  3.90952e+00
 64 -0.21899  2.02989e+00 | 65 -0.17636  2.28755e+00 | 66 -0.15341  1.90141e+00
 67 -0.17175  9.94759e-01 | 68 -0.12929  6.25301e-01 | 69 -0.17583  9.25401e-02
 70 -0.17096 -1.68655e-02 | 71 -0.17622 -1.90532e-02 | 72 -0.41650  3.57809e+01
 73 -0.12813 -9.67499e+00 | 74 -0.73861 -7.27040e+02 | 75 -1.92715  8.52081e+00
 76  1.53946 -8.36090e+00 | 77  1.90102  1.46700e+01 | 78  0.13556 -6.14302e-02
 79 -0.98551 -2.05063e-03 | 80  0.99497 -1.31677e-02 | 81  0.28592 -5.26282e+00
81 variables; iteration 1600; function evaluation 1895; phase 3
Function value 5.3722643e+01; maximum gradient component mag -8.9109e+02
Var    Value     Gradient |Var    Value     Gradient |Var    Value     Gradient
  1  0.04216  6.36018e+02 |  2 -0.00130  1.12600e+00 |  3 -0.00158  1.32956e+00
  4 -0.01755  1.39680e+00 |  5 -0.01783  1.64682e+00 |  6 -0.01810  1.94171e+00
  7 -0.01845  2.25841e+00 |  8 -0.01889  2.59842e+00 |  9 -0.01921  3.00509e+00
 10 -0.01967  3.39730e+00 | 11 -0.02004  3.82212e+00 | 12 -0.01819  4.44962e+00
 13 -0.01979  4.93229e+00 | 14 -0.02368  5.25124e+00 | 15 -0.02636  5.77490e+00
 16 -0.02569  6.48658e+00 | 17 -0.02497  7.24206e+00 | 18 -0.02430  7.58577e+00
 19 -0.03131  7.26781e+00 | 20 -0.03065  7.48305e+00 | 21 -0.04461  2.81395e+00
 22 -0.03057  7.57346e+00 | 23 -0.01761  1.20912e+01 | 24 -0.02392  1.03095e+01
 25 -0.03312  8.46654e+00 | 26 -0.03798  8.05578e+00 | 27 -0.04555  7.82301e+00
 28 -0.05407  7.82700e+00 | 29 -0.06313  6.39916e+00 | 30 -0.07955  4.65183e+00
 31 -0.11417  3.22821e+00 | 32 -0.14156  2.37664e+00 | 33 -0.15402  2.25986e+00
 34 -0.04568  5.28863e+00 | 35 -0.01111  1.43017e+01 | 36 -0.03555  8.54743e+00
 37  0.03778  1.84258e+01 | 38 -0.08088  6.60735e+00 | 39  0.06679  1.86761e+01
 40  0.04991  1.73308e+01 | 41 -0.02817  6.83500e+00 | 42  0.00526  9.93226e+00
 43 -0.00274  6.13038e+00 | 44  0.04672  1.00380e+01 | 45 -0.00870  4.75322e+00
 46 -0.04169  3.09927e+00 | 47 -0.05473  1.96883e+00 | 48 -0.06703  1.67003e+00
 49 -0.04472  1.47846e+00 | 50 -0.10123  9.36286e-01 | 51  0.01482  1.56448e+00
 52 -0.18405  3.65616e-01 | 53 -0.20098  2.54157e-01 | 54 -0.21233  2.71656e-01
 55 -0.17046  3.82644e-01 | 56 -0.18547  4.70853e-01 | 57 -0.15929  7.32212e-01
 58 -0.05942  1.71551e+00 | 59 -0.17646  8.77770e-01 | 60 -0.11434  1.12970e+00
 61 -0.18548  9.20132e-01 | 62 -0.14112  1.32078e+00 | 63 -0.15427  1.06721e+00
 64 -0.21904  5.78263e-01 | 65 -0.17603  7.11372e-01 | 66 -0.15354  5.59331e-01
 67 -0.17166  3.17174e-01 | 68 -0.12938  1.80737e-01 | 69 -0.17574  2.62248e-02
 70 -0.17071 -9.27133e-03 | 71 -0.17598 -1.01935e-02 | 72 -0.41569  4.25414e+00
 73 -0.13065 -4.20045e+00 | 74 -0.73857 -8.91094e+02 | 75 -1.91648  2.24355e+00
 76  1.52410 -2.63257e+00 | 77  1.89725  4.07810e+00 | 78  0.13556  6.86300e-02
 79 -0.98602 -7.54278e-03 | 80  0.99485 -3.89717e-02 | 81  0.28572 -1.36139e+00
81 variables; iteration 1620; function evaluation 1919; phase 3
Function value 5.3658030e+01; maximum gradient component mag -3.0041e+03
Var    Value     Gradient |Var    Value     Gradient |Var    Value     Gradient
  1  0.04203  1.56655e+03 |  2 -0.00125  2.93331e+00 |  3 -0.00149  3.49902e+00
  4 -0.01751  3.65848e+00 |  5 -0.01775  4.32556e+00 |  6 -0.01818  5.03960e+00
  7 -0.01852  5.88084e+00 |  8 -0.01883  6.83610e+00 |  9 -0.01948  7.78093e+00
 10 -0.01981  8.88883e+00 | 11 -0.02035  9.97284e+00 | 12 -0.01916  1.12440e+01
 13 -0.01978  1.28205e+01 | 14 -0.02494  1.32347e+01 | 15 -0.02733  1.44720e+01
 16 -0.02653  1.63435e+01 | 17 -0.02766  1.75423e+01 | 18 -0.02504  2.01476e+01
 19 -0.02978  2.14822e+01 | 20 -0.03351  2.02584e+01 | 21 -0.03445  1.98694e+01
 22 -0.02034  2.65978e+01 | 23 -0.01634  2.86622e+01 | 24 -0.01958  2.73225e+01
 25 -0.03259  2.29355e+01 | 26 -0.04702  1.74199e+01 | 27 -0.05080  1.83097e+01
 28 -0.05616  1.93191e+01 | 29 -0.06380  1.71054e+01 | 30 -0.07870  1.40624e+01
 31 -0.11401  9.66684e+00 | 32 -0.14182  7.19105e+00 | 33 -0.15495  7.37649e+00
 34 -0.04145  2.46554e+01 | 35 -0.01591  3.48508e+01 | 36 -0.02997  3.09813e+01
 37  0.03546  4.46522e+01 | 38 -0.07972  1.45224e+01 | 39  0.06835  3.24841e+01
 40  0.04706  2.13015e+01 | 41 -0.02114  9.19098e+00 | 42 -0.00088  9.90588e+00
 43  0.00326  7.94909e+00 | 44  0.04407  1.20264e+01 | 45 -0.00676  7.80299e+00
 46 -0.04253  5.78822e+00 | 47 -0.05422  4.90531e+00 | 48 -0.06698  4.78508e+00
 49 -0.04465  5.82579e+00 | 50 -0.10098  4.18400e+00 | 51  0.01505  1.03501e+01
 52 -0.18416  2.86366e+00 | 53 -0.20121  2.45272e+00 | 54 -0.21174  2.23016e+00
 55 -0.17054  2.82629e+00 | 56 -0.18518  2.50488e+00 | 57 -0.15900  3.00763e+00
 58 -0.05924  6.08481e+00 | 59 -0.17602  2.48663e+00 | 60 -0.11471  3.53445e+00
 61 -0.18546  2.25200e+00 | 62 -0.14046  3.19636e+00 | 63 -0.15481  2.34429e+00
 64 -0.21893  1.20436e+00 | 65 -0.17569  1.31972e+00 | 66 -0.15365  9.50184e-01
 67 -0.17148  5.24159e-01 | 68 -0.12940  3.12208e-01 | 69 -0.17556  4.60917e-02
 70 -0.17036 -1.62641e-02 | 71 -0.17566 -2.19812e-02 | 72 -0.41458  2.12925e+01
 73 -0.13015 -8.19815e+00 | 74 -0.73853 -3.00413e+03 | 75 -1.91343  8.12962e+00
 76  1.50863 -5.94547e+00 | 77  1.89378  9.46350e+00 | 78  0.13556 -3.12000e-01
 79 -0.98579  3.66375e-03 | 80  0.99462 -6.26715e-02 | 81  0.28554 -3.91603e+00
81 variables; iteration 1640; function evaluation 1942; phase 3
Function value 5.3617772e+01; maximum gradient component mag -6.4746e+03
Var    Value     Gradient |Var    Value     Gradient |Var    Value     Gradient
  1  0.04202  3.56726e+03 |  2 -0.00151  6.02362e+00 |  3 -0.00178  7.19367e+00
  4 -0.01780  7.53565e+00 |  5 -0.01805  8.91973e+00 |  6 -0.01829  1.05038e+01
  7 -0.01870  1.22422e+01 |  8 -0.01910  1.41924e+01 |  9 -0.01951  1.63282e+01
 10 -0.01999  1.85857e+01 | 11 -0.02058  2.08980e+01 | 12 -0.01965  2.35237e+01
 13 -0.02030  2.65160e+01 | 14 -0.02496  2.80053e+01 | 15 -0.02768  3.02013e+01
 16 -0.02641  3.42709e+01 | 17 -0.02848  3.67476e+01 | 18 -0.02444  4.30411e+01
 19 -0.02682  4.75202e+01 | 20 -0.03330  4.45101e+01 | 21 -0.02920  4.72638e+01
 22 -0.02235  5.21484e+01 | 23 -0.02727  4.88791e+01 | 24 -0.02254  5.21954e+01
 25 -0.02716  5.19309e+01 | 26 -0.04319  4.21873e+01 | 27 -0.04879  4.16809e+01
 28 -0.05663  4.05624e+01 | 29 -0.06416  3.56141e+01 | 30 -0.07880  2.89612e+01
 31 -0.11417  1.96109e+01 | 32 -0.14182  1.45791e+01 | 33 -0.15523  1.48446e+01
 34 -0.03833  5.04743e+01 | 35 -0.01963  6.03704e+01 | 36 -0.02689  6.25187e+01
 37  0.03461  9.26924e+01 | 38 -0.08240  3.40551e+01 | 39  0.07058  9.46180e+01
 40  0.04406  6.87138e+01 | 41 -0.01734  3.83706e+01 | 42 -0.00133  3.85178e+01
 43  0.00224  3.35480e+01 | 44  0.04507  4.55892e+01 | 45 -0.00772  2.56585e+01
 46 -0.04204  1.64142e+01 | 47 -0.05423  1.24206e+01 | 48 -0.06698  1.05805e+01
 49 -0.04450  1.21657e+01 | 50 -0.10102  7.92654e+00 | 51  0.01513  1.94879e+01
 52 -0.18426  5.42588e+00 | 53 -0.20157  4.80532e+00 | 54 -0.21153  4.74218e+00
 55 -0.17056  6.45612e+00 | 56 -0.18517  5.87159e+00 | 57 -0.15909  7.33815e+00
 58 -0.05922  1.59238e+01 | 59 -0.17617  6.30338e+00 | 60 -0.11472  9.92753e+00
 61 -0.18554  5.98521e+00 | 62 -0.14030  8.42272e+00 | 63 -0.15506  6.48869e+00
 64 -0.21895  3.46976e+00 | 65 -0.17563  3.95310e+00 | 66 -0.15370  3.18250e+00
 67 -0.17162  1.67035e+00 | 68 -0.12945  1.04693e+00 | 69 -0.17563  1.50786e-01
 70 -0.17049 -3.33276e-02 | 71 -0.17577 -3.69107e-02 | 72 -0.41406  6.52957e+01
 73 -0.12954 -1.72283e+01 | 74 -0.73853 -6.47457e+03 | 75 -1.91611  2.00582e+01
 76  1.50552 -1.22089e+01 | 77  1.89320  2.22655e+01 | 78  0.13556  1.12063e-02
 79 -0.98591  1.73995e-03 | 80  0.99499  2.93841e-04 | 81  0.28559 -8.86403e+00
81 variables; iteration 1660; function evaluation 1965; phase 3
Function value 5.3591367e+01; maximum gradient component mag -3.6928e+03
Var    Value     Gradient |Var    Value     Gradient |Var    Value     Gradient
  1  0.04204  1.44033e+03 |  2 -0.00146  2.41986e+00 |  3 -0.00169  2.89515e+00
  4 -0.01770  3.02839e+00 |  5 -0.01799  3.57595e+00 |  6 -0.01834  4.19175e+00
  7 -0.01865  4.90814e+00 |  8 -0.01908  5.67525e+00 |  9 -0.01967  6.47296e+00
 10 -0.02000  7.40256e+00 | 11 -0.02049  8.31689e+00 | 12 -0.01957  9.28920e+00
 13 -0.02048  1.05512e+01 | 14 -0.02538  1.09256e+01 | 15 -0.02781  1.19849e+01
 16 -0.02645  1.37851e+01 | 17 -0.02714  1.49220e+01 | 18 -0.01877  1.94131e+01
 19 -0.03114  1.74686e+01 | 20 -0.03116  1.78064e+01 | 21 -0.02521  2.02288e+01
 22 -0.02059  2.23820e+01 | 23 -0.03281  1.72479e+01 | 24 -0.02804  1.94695e+01
 25 -0.02748  2.14543e+01 | 26 -0.04275  1.61596e+01 | 27 -0.04838  1.63386e+01
 28 -0.05645  1.61861e+01 | 29 -0.06407  1.43117e+01 | 30 -0.07852  1.19322e+01
 31 -0.11427  7.93936e+00 | 32 -0.14188  5.85098e+00 | 33 -0.15523  5.89732e+00
 34 -0.03859  2.02731e+01 | 35 -0.01907  2.46395e+01 | 36 -0.02756  2.59302e+01
 37  0.03476  3.93820e+01 | 38 -0.08275  1.41992e+01 | 39  0.07085  4.17604e+01
 40  0.04280  2.96627e+01 | 41 -0.01320  1.74671e+01 | 42 -0.00781  1.54804e+01
 43  0.00887  1.51041e+01 | 44  0.04129  1.78980e+01 | 45 -0.00497  1.05555e+01
 46 -0.04367  6.30059e+00 | 47 -0.05345  4.75237e+00 | 48 -0.06742  3.91971e+00
 49 -0.04435  4.36439e+00 | 50 -0.10136  2.84125e+00 | 51  0.01517  6.68466e+00
 52 -0.18454  1.80453e+00 | 53 -0.20167  1.59896e+00 | 54 -0.21150  1.67726e+00
 55 -0.17063  2.21537e+00 | 56 -0.18528  2.08287e+00 | 57 -0.15909  2.67103e+00
 58 -0.05928  5.73069e+00 | 59 -0.17614  2.37652e+00 | 60 -0.11488  3.45559e+00
 61 -0.18565  2.19853e+00 | 62 -0.14022  3.11996e+00 | 63 -0.15529  2.24802e+00
 64 -0.21899  1.27522e+00 | 65 -0.17567  1.44067e+00 | 66 -0.15378  1.11967e+00
 67 -0.17168  6.23809e-01 | 68 -0.12952  3.90716e-01 | 69 -0.17569  5.20008e-02
 70 -0.17050 -9.70082e-03 | 71 -0.17579 -1.14772e-02 | 72 -0.41371  1.94739e+01
 73 -0.12831 -7.55965e+00 | 74 -0.73851 -3.69285e+03 | 75 -1.91163  8.20634e+00
 76  1.50114 -5.41960e+00 | 77  1.89239  9.11601e+00 | 78  0.13556 -1.35055e-01
 79 -0.98591  2.33184e-03 | 80  0.99508 -2.63341e-03 | 81  0.28553 -3.41648e+00
81 variables; iteration 1680; function evaluation 1987; phase 3
Function value 5.3577235e+01; maximum gradient component mag 7.4656e+03
Var    Value     Gradient |Var    Value     Gradient |Var    Value     Gradient
  1  0.04204 -3.63609e+03 |  2 -0.00158 -6.11624e+00 |  3 -0.00173 -7.28652e+00
  4 -0.01782 -7.67108e+00 |  5 -0.01805 -9.04740e+00 |  6 -0.01841 -1.06318e+01
  7 -0.01876 -1.24104e+01 |  8 -0.01916 -1.43907e+01 |  9 -0.01966 -1.65692e+01
 10 -0.02004 -1.88982e+01 | 11 -0.02044 -2.13617e+01 | 12 -0.01939 -2.42784e+01
 13 -0.02053 -2.68239e+01 | 14 -0.02493 -2.87894e+01 | 15 -0.02760 -3.07744e+01
 16 -0.02676 -3.45163e+01 | 17 -0.02577 -3.85640e+01 | 18 -0.01984 -4.45277e+01
 19 -0.02925 -4.73646e+01 | 20 -0.02798 -4.90327e+01 | 21 -0.02742 -4.96265e+01
 22 -0.02507 -4.96973e+01 | 23 -0.03431 -4.78234e+01 | 24 -0.03115 -4.77479e+01
 25 -0.02872 -4.93680e+01 | 26 -0.03893 -4.65682e+01 | 27 -0.04666 -4.48085e+01
 28 -0.05546 -4.22509e+01 | 29 -0.06344 -3.66265e+01 | 30 -0.07874 -2.91282e+01
 31 -0.11426 -1.98058e+01 | 32 -0.14176 -1.48711e+01 | 33 -0.15469 -1.53734e+01
 34 -0.04041 -5.17347e+01 | 35 -0.01636 -6.46656e+01 | 36 -0.03070 -6.36688e+01
 37  0.03620 -9.79477e+01 | 38 -0.08388 -3.71187e+01 | 39  0.07079 -9.73999e+01
 40  0.04265 -7.23672e+01 | 41 -0.01212 -4.04779e+01 | 42 -0.01023 -3.58655e+01
 43  0.01135 -3.70427e+01 | 44  0.03977 -4.22285e+01 | 45 -0.00386 -2.61848e+01
 46 -0.04430 -1.56489e+01 | 47 -0.05312 -1.22913e+01 | 48 -0.06767 -1.01831e+01
 49 -0.04419 -1.20099e+01 | 50 -0.10172 -7.51831e+00 | 51  0.01522 -1.90719e+01
 52 -0.18459 -5.19919e+00 | 53 -0.20156 -4.76005e+00 | 54 -0.21160 -4.54638e+00
 55 -0.17052 -6.51270e+00 | 56 -0.18524 -5.80531e+00 | 57 -0.15916 -7.34097e+00
 58 -0.05925 -1.61260e+01 | 59 -0.17630 -6.18526e+00 | 60 -0.11462 -1.03484e+01
 61 -0.18571 -5.81563e+00 | 62 -0.14027 -8.13933e+00 | 63 -0.15507 -6.54163e+00
 64 -0.21902 -3.30813e+00 | 65 -0.17568 -3.73157e+00 | 66 -0.15367 -3.15524e+00
 67 -0.17170 -1.59776e+00 | 68 -0.12944 -1.05309e+00 | 69 -0.17569 -1.76367e-01
 70 -0.17060  2.53014e-02 | 71 -0.17589  2.89943e-02 | 72 -0.41384 -8.63468e+01
 73 -0.12769  1.51284e+01 | 74 -0.73851  7.46556e+03 | 75 -1.90716 -2.37573e+01
 76  1.50007  1.10400e+01 | 77  1.89190 -2.42899e+01 | 78  0.13556  6.01468e-02
 79 -0.98591  1.56784e-03 | 80  0.99521 -1.66558e-02 | 81  0.28563  8.14081e+00
81 variables; iteration 1700; function evaluation 2008; phase 3
Function value 5.3573812e+01; maximum gradient component mag 1.3724e+03
Var    Value     Gradient |Var    Value     Gradient |Var    Value     Gradient
  1  0.04204 -7.92938e+02 |  2 -0.00154 -1.32899e+00 |  3 -0.00179 -1.58611e+00
  4 -0.01778 -1.66768e+00 |  5 -0.01806 -1.96483e+00 |  6 -0.01841 -2.31142e+00
  7 -0.01877 -2.69756e+00 |  8 -0.01916 -3.12781e+00 |  9 -0.01962 -3.60925e+00
 10 -0.01999 -4.11165e+00 | 11 -0.02042 -4.66753e+00 | 12 -0.01925 -5.34875e+00
 13 -0.02069 -5.85639e+00 | 14 -0.02493 -6.37228e+00 | 15 -0.02773 -6.71788e+00
 16 -0.02692 -7.45403e+00 | 17 -0.02557 -8.15908e+00 | 18 -0.02170 -9.16054e+00
 19 -0.02599 -9.89063e+00 | 20 -0.02748 -1.06536e+01 | 21 -0.02675 -1.08135e+01
 22 -0.02559 -1.04154e+01 | 23 -0.03446 -1.16913e+01 | 24 -0.03304 -1.10747e+01
 25 -0.03064 -1.02023e+01 | 26 -0.03840 -1.02710e+01 | 27 -0.04542 -9.70634e+00
 28 -0.05544 -9.10304e+00 | 29 -0.06328 -7.76175e+00 | 30 -0.07862 -6.03157e+00
 31 -0.11426 -4.18505e+00 | 32 -0.14172 -3.19538e+00 | 33 -0.15456 -3.37669e+00
 34 -0.04137 -1.19989e+01 | 35 -0.01500 -1.33669e+01 | 36 -0.03225 -1.52047e+01
 37  0.03693 -2.07561e+01 | 38 -0.08499 -8.86829e+00 | 39  0.07109 -2.09229e+01
 40  0.04219 -1.60084e+01 | 41 -0.01136 -8.54411e+00 | 42 -0.01114 -7.88716e+00
 43  0.01218 -7.75185e+00 | 44  0.03929 -9.12651e+00 | 45 -0.00357 -5.52046e+00
 46 -0.04446 -3.35450e+00 | 47 -0.05308 -2.62847e+00 | 48 -0.06770 -2.17335e+00
 49 -0.04422 -2.59694e+00 | 50 -0.10164 -1.57494e+00 | 51  0.01520 -4.21552e+00
 52 -0.18467 -1.20071e+00 | 53 -0.20148 -1.10301e+00 | 54 -0.21164 -1.01506e+00
 55 -0.17042 -1.51631e+00 | 56 -0.18528 -1.33646e+00 | 57 -0.15913 -1.66882e+00
 58 -0.05924 -3.69019e+00 | 59 -0.17634 -1.33653e+00 | 60 -0.11452 -2.41295e+00
 61 -0.18571 -1.26748e+00 | 62 -0.14032 -1.76568e+00 | 63 -0.15494 -1.48569e+00
 64 -0.21904 -7.23640e-01 | 65 -0.17568 -8.08027e-01 | 66 -0.15361 -7.13418e-01
 67 -0.17172 -3.60465e-01 | 68 -0.12940 -2.49909e-01 | 69 -0.17565 -4.36279e-02
 70 -0.17061  3.40803e-03 | 71 -0.17590  4.90165e-03 | 72 -0.41387 -2.70930e+01
 73 -0.12760  2.54713e+00 | 74 -0.73850  1.37236e+03 | 75 -1.90276 -5.92867e+00
 76  1.50119  1.78867e+00 | 77  1.89209 -5.68532e+00 | 78  0.13556  2.10558e-02
 79 -0.98597 -3.68301e-04 | 80  0.99518 -2.52269e-03 | 81  0.28568  1.66928e+00
81 variables; iteration 1720; function evaluation 2032; phase 3
Function value 5.3570474e+01; maximum gradient component mag -2.5896e+02
Var    Value     Gradient |Var    Value     Gradient |Var    Value     Gradient
  1  0.04200 -2.58961e+02 |  2 -0.00155 -4.32191e-01 |  3 -0.00183 -5.21255e-01
  4 -0.01780 -5.43983e-01 |  5 -0.01808 -6.37031e-01 |  6 -0.01844 -7.56358e-01
  7 -0.01883 -8.85694e-01 |  8 -0.01914 -1.00442e+00 |  9 -0.01968 -1.18772e+00
 10 -0.02010 -1.35924e+00 | 11 -0.02046 -1.53839e+00 | 12 -0.01913 -1.76386e+00
 13 -0.02050 -1.86951e+00 | 14 -0.02473 -2.11336e+00 | 15 -0.02780 -2.21341e+00
 16 -0.02771 -2.55760e+00 | 17 -0.02681 -2.73074e+00 | 18 -0.02420 -3.10885e+00
 19 -0.02487 -2.48213e+00 | 20 -0.02741 -3.38417e+00 | 21 -0.02295 -2.59758e+00
 22 -0.02384 -2.62764e+00 | 23 -0.03323 -4.61950e+00 | 24 -0.03177 -3.93496e+00
 25 -0.03197 -3.21352e+00 | 26 -0.04078 -4.02302e+00 | 27 -0.04618 -3.28992e+00
 28 -0.05619 -3.09540e+00 | 29 -0.06290 -2.25220e+00 | 30 -0.07843 -1.66247e+00
 31 -0.11410 -1.18912e+00 | 32 -0.14173 -9.67290e-01 | 33 -0.15472 -1.10524e+00
 34 -0.04088 -4.39648e+00 | 35 -0.01572 -3.95971e+00 | 36 -0.03139 -5.91956e+00
 37  0.03663 -6.38411e+00 | 38 -0.08446 -3.54974e+00 | 39  0.07093 -6.09112e+00
 40  0.04278 -5.15214e+00 | 41 -0.01278 -2.34368e+00 | 42 -0.00898 -2.26532e+00
 43  0.01035 -2.30834e+00 | 44  0.04036 -2.71624e+00 | 45 -0.00419 -1.67469e+00
 46 -0.04417 -1.09346e+00 | 47 -0.05318 -8.54155e-01 | 48 -0.06765 -7.20113e-01
 49 -0.04420 -9.01442e-01 | 50 -0.10157 -5.39296e-01 | 51  0.01526 -1.72133e+00
 52 -0.18473 -6.39551e-01 | 53 -0.20142 -5.43316e-01 | 54 -0.21156 -4.69859e-01
 55 -0.17035 -6.94944e-01 | 56 -0.18524 -5.95821e-01 | 57 -0.15904 -6.96213e-01
 58 -0.05919 -1.52582e+00 | 59 -0.17627 -4.64100e-01 | 60 -0.11447 -9.43060e-01
 61 -0.18571 -4.26922e-01 | 62 -0.14022 -5.73243e-01 | 63 -0.15494 -5.40314e-01
 64 -0.21900 -2.33969e-01 | 65 -0.17560 -2.52028e-01 | 66 -0.15358 -2.54228e-01
 67 -0.17168 -1.24622e-01 | 68 -0.12937 -8.55094e-02 | 69 -0.17560 -1.61161e-02
 70 -0.17054  3.91101e-04 | 71 -0.17583  9.79472e-04 | 72 -0.41384 -1.57340e+01
 73 -0.12846 -1.17590e-01 | 74 -0.73850  1.09880e+02 | 75 -1.90209 -2.55162e+00
 76  1.50210  8.80448e-02 | 77  1.89230 -2.20701e+00 | 78  0.13556  4.91846e-02
 79 -0.98598 -8.46657e-04 | 80  0.99521  5.03343e-03 | 81  0.28568  5.53777e-01
81 variables; iteration 1740; function evaluation 2053; phase 3
Function value 5.3568738e+01; maximum gradient component mag 9.3568e+02
Var    Value     Gradient |Var    Value     Gradient |Var    Value     Gradient
  1  0.04198 -6.35527e+02 |  2 -0.00156 -1.06888e+00 |  3 -0.00186 -1.28580e+00
  4 -0.01778 -1.33654e+00 |  5 -0.01807 -1.57520e+00 |  6 -0.01834 -1.83802e+00
  7 -0.01880 -2.17060e+00 |  8 -0.01905 -2.48078e+00 |  9 -0.01967 -2.90570e+00
 10 -0.02014 -3.33303e+00 | 11 -0.02038 -3.73834e+00 | 12 -0.01944 -4.34933e+00
 13 -0.02137 -4.85249e+00 | 14 -0.02476 -5.10754e+00 | 15 -0.02767 -5.38497e+00
 16 -0.02716 -6.01567e+00 | 17 -0.02714 -6.80385e+00 | 18 -0.02302 -7.45906e+00
 19 -0.02750 -8.08171e+00 | 20 -0.02923 -8.86010e+00 | 21 -0.02108 -7.58615e+00
 22 -0.02462 -8.07403e+00 | 23 -0.03354 -9.52548e+00 | 24 -0.03102 -8.67164e+00
 25 -0.02994 -7.91236e+00 | 26 -0.03868 -8.31165e+00 | 27 -0.04650 -8.00700e+00
 28 -0.05649 -7.56268e+00 | 29 -0.06378 -6.37117e+00 | 30 -0.07867 -4.87476e+00
 31 -0.11402 -3.31195e+00 | 32 -0.14165 -2.53989e+00 | 33 -0.15466 -2.73871e+00
 34 -0.04107 -9.94362e+00 | 35 -0.01550 -1.08167e+01 | 36 -0.03160 -1.25681e+01
 37  0.03667 -1.66537e+01 | 38 -0.08402 -7.20105e+00 | 39  0.07075 -1.67178e+01
 40  0.04296 -1.29761e+01 | 41 -0.01290 -6.71248e+00 | 42 -0.00889 -6.13350e+00
 43  0.01022 -6.18322e+00 | 44  0.04049 -6.97481e+00 | 45 -0.00433 -4.29226e+00
 46 -0.04404 -2.58492e+00 | 47 -0.05334 -2.03391e+00 | 48 -0.06753 -1.63366e+00
 49 -0.04430 -2.00291e+00 | 50 -0.10150 -1.19743e+00 | 51  0.01524 -3.32219e+00
 52 -0.18466 -1.02075e+00 | 53 -0.20144 -9.12585e-01 | 54 -0.21150 -8.35289e-01
 55 -0.17037 -1.23753e+00 | 56 -0.18518 -1.08747e+00 | 57 -0.15904 -1.35276e+00
 58 -0.05914 -2.93362e+00 | 59 -0.17624 -1.05715e+00 | 60 -0.11451 -1.93049e+00
 61 -0.18568 -9.99656e-01 | 62 -0.14019 -1.38020e+00 | 63 -0.15493 -1.15196e+00
 64 -0.21901 -5.72421e-01 | 65 -0.17559 -6.54043e-01 | 66 -0.15356 -5.80804e-01
 67 -0.17166 -3.04690e-01 | 68 -0.12938 -2.15334e-01 | 69 -0.17558 -4.01628e-02
 70 -0.17047  3.87817e-03 | 71 -0.17577  4.33112e-03 | 72 -0.41382 -2.31548e+01
 73 -0.12890  1.32487e+00 | 74 -0.73850  9.35684e+02 | 75 -1.90058 -4.81324e+00
 76  1.50244  1.34940e+00 | 77  1.89233 -4.70634e+00 | 78  0.13556 -1.26462e-02
 79 -0.98593 -1.95573e-05 | 80  0.99520  1.44833e-03 | 81  0.28567  1.31246e+00
81 variables; iteration 1760; function evaluation 2076; phase 3
Function value 5.3562364e+01; maximum gradient component mag -4.0687e+03
Var    Value     Gradient |Var    Value     Gradient |Var    Value     Gradient
  1  0.04201  1.57203e+03 |  2 -0.00156  2.64496e+00 |  3 -0.00190  3.14019e+00
  4 -0.01775  3.33202e+00 |  5 -0.01800  3.94733e+00 |  6 -0.01825  4.65833e+00
  7 -0.01880  5.37655e+00 |  8 -0.01927  6.21466e+00 |  9 -0.01954  7.20001e+00
 10 -0.01998  8.19761e+00 | 11 -0.02045  9.21937e+00 | 12 -0.01889  1.05244e+01
 13 -0.02075  1.15822e+01 | 14 -0.02431  1.25107e+01 | 15 -0.02759  1.33600e+01
 16 -0.02725  1.49342e+01 | 17 -0.02673  1.66758e+01 | 18 -0.02334  1.94544e+01
 19 -0.02691  2.12595e+01 | 20 -0.02666  2.17903e+01 | 21 -0.02513  2.23664e+01
 22 -0.02396  2.30102e+01 | 23 -0.03378  1.86529e+01 | 24 -0.03207  1.95915e+01
 25 -0.03385  2.06671e+01 | 26 -0.03755  2.03411e+01 | 27 -0.04538  1.96787e+01
 28 -0.05532  1.86051e+01 | 29 -0.06326  1.62988e+01 | 30 -0.07843  1.32563e+01
 31 -0.11418  8.84378e+00 | 32 -0.14171  6.55376e+00 | 33 -0.15466  6.64648e+00
 34 -0.04126  2.09654e+01 | 35 -0.01520  2.93733e+01 | 36 -0.03233  2.50466e+01
 37  0.03713  4.41696e+01 | 38 -0.08581  1.42649e+01 | 39  0.07136  4.33095e+01
 40  0.04197  3.03695e+01 | 41 -0.01150  1.79744e+01 | 42 -0.01038  1.51277e+01
 43  0.01121  1.59809e+01 | 44  0.03983  1.81587e+01 | 45 -0.00404  1.13707e+01
 46 -0.04435  6.75082e+00 | 47 -0.05321  5.34806e+00 | 48 -0.06772  4.44270e+00
 49 -0.04428  5.17495e+00 | 50 -0.10159  3.26486e+00 | 51  0.01517  7.85628e+00
 52 -0.18499  1.93779e+00 | 53 -0.20158  1.84532e+00 | 54 -0.21146  1.86184e+00
 55 -0.17045  2.58475e+00 | 56 -0.18524  2.40607e+00 | 57 -0.15910  3.10069e+00
 58 -0.05922  6.85521e+00 | 59 -0.17634  2.74593e+00 | 60 -0.11459  4.31558e+00
 61 -0.18582  2.60910e+00 | 62 -0.14016  3.70228e+00 | 63 -0.15510  2.84337e+00
 64 -0.21915  1.48171e+00 | 65 -0.17562  1.69644e+00 | 66 -0.15368  1.40565e+00
 67 -0.17178  7.36960e-01 | 68 -0.12949  4.70739e-01 | 69 -0.17568  7.40620e-02
 70 -0.17060 -1.32852e-02 | 71 -0.17590 -1.53177e-02 | 72 -0.41378  2.37318e+01
 73 -0.13055 -8.93642e+00 | 74 -0.73849 -4.06873e+03 | 75 -1.89616  8.53404e+00
 76  1.50565 -5.88880e+00 | 77  1.89303  9.69348e+00 | 78  0.13556 -6.75388e-02
 79 -0.98595 -4.79940e-04 | 80  0.99525  2.11812e-02 | 81  0.28564 -3.77585e+00
81 variables; iteration 1780; function evaluation 2101; phase 3
Function value 5.3534072e+01; maximum gradient component mag -1.2506e+03
Var    Value     Gradient |Var    Value     Gradient |Var    Value     Gradient
  1  0.04201  3.39006e+02 |  2 -0.00154  5.65744e-01 |  3 -0.00189  6.51460e-01
  4 -0.01778  7.06892e-01 |  5 -0.01817  8.13848e-01 |  6 -0.01840  9.84437e-01
  7 -0.01886  1.12590e+00 |  8 -0.01919  1.32599e+00 |  9 -0.01961  1.52373e+00
 10 -0.02002  1.73164e+00 | 11 -0.02041  1.94402e+00 | 12 -0.01895  2.21509e+00
 13 -0.02109  2.32858e+00 | 14 -0.02448  2.61719e+00 | 15 -0.02767  2.81558e+00
 16 -0.02802  2.92358e+00 | 17 -0.02733  3.35330e+00 | 18 -0.02681  3.27809e+00
 19 -0.02896  4.22760e+00 | 20 -0.02935  4.06508e+00 | 21 -0.01891  7.00440e+00
 22 -0.02525  5.29597e+00 | 23 -0.02729  4.79539e+00 | 24 -0.02887  4.62594e+00
 25 -0.03244  4.63444e+00 | 26 -0.03993  3.60142e+00 | 27 -0.04703  3.61931e+00
 28 -0.05674  3.40900e+00 | 29 -0.06338  3.36679e+00 | 30 -0.07840  2.85139e+00
 31 -0.11392  1.89140e+00 | 32 -0.14163  1.40912e+00 | 33 -0.15504  1.30723e+00
 34 -0.03945  4.01066e+00 | 35 -0.01789  5.84341e+00 | 36 -0.02959  4.88392e+00
 37  0.03574  9.36382e+00 | 38 -0.08257  2.83527e+00 | 39  0.07020  9.67973e+00
 40  0.04323  6.55885e+00 | 41 -0.01337  4.09246e+00 | 42 -0.00887  3.46715e+00
 43  0.01003  3.36920e+00 | 44  0.04024  3.72526e+00 | 45 -0.00446  2.30173e+00
 46 -0.04422  1.40269e+00 | 47 -0.05340  1.17851e+00 | 48 -0.06762  1.09327e+00
 49 -0.04444  1.35368e+00 | 50 -0.10138  1.01468e+00 | 51  0.01502  2.18191e+00
 52 -0.18498  5.03508e-01 | 53 -0.20170  4.97669e-01 | 54 -0.21142  5.43331e-01
 55 -0.17050  7.25752e-01 | 56 -0.18528  6.78774e-01 | 57 -0.15910  8.94593e-01
 58 -0.05925  1.95964e+00 | 59 -0.17634  7.96086e-01 | 60 -0.11470  1.08216e+00
 61 -0.18591  6.68247e-01 | 62 -0.14016  9.10393e-01 | 63 -0.15521  6.63249e-01
 64 -0.21922  3.23292e-01 | 65 -0.17565  3.45197e-01 | 66 -0.15375  2.73675e-01
 67 -0.17183  1.37331e-01 | 68 -0.12957  9.00971e-02 | 69 -0.17569  1.84364e-02
 70 -0.17052  3.15665e-04 | 71 -0.17583 -1.20640e-03 | 72 -0.41363 -1.27560e+00
 73 -0.13108 -3.83011e+00 | 74 -0.73848 -1.25065e+03 | 75 -1.89099  9.97682e-01
 76  1.52163 -1.47285e+00 | 77  1.89676  1.88414e+00 | 78  0.13556 -1.12472e-01
 79 -0.98606 -2.80362e-03 | 80  0.99532  2.45657e-02 | 81  0.28565 -1.04866e+00
81 variables; iteration 1800; function evaluation 2123; phase 3
Function value 5.3515018e+01; maximum gradient component mag -1.9162e+03
Var    Value     Gradient |Var    Value     Gradient |Var    Value     Gradient
  1  0.04210  4.93709e+02 |  2 -0.00152  8.62065e-01 |  3 -0.00190  9.96200e-01
  4 -0.01783  1.05950e+00 |  5 -0.01808  1.26738e+00 |  6 -0.01837  1.49875e+00
  7 -0.01881  1.72978e+00 |  8 -0.01929  1.98384e+00 |  9 -0.01968  2.29304e+00
 10 -0.02004  2.62678e+00 | 11 -0.02043  2.95344e+00 | 12 -0.01857  3.47494e+00
 13 -0.02067  3.71973e+00 | 14 -0.02412  4.09282e+00 | 15 -0.02761  4.29856e+00
 16 -0.02801  4.55262e+00 | 17 -0.02796  4.96682e+00 | 18 -0.02687  5.28495e+00
 19 -0.03046  5.97172e+00 | 20 -0.02790  6.79191e+00 | 21 -0.02421  7.78177e+00
 22 -0.03012  6.12165e+00 | 23 -0.02237  8.69451e+00 | 24 -0.02775  7.28527e+00
 25 -0.03534  6.03859e+00 | 26 -0.03594  7.10967e+00 | 27 -0.04574  6.21645e+00
 28 -0.05587  5.75490e+00 | 29 -0.06350  5.12770e+00 | 30 -0.07893  4.11384e+00
 31 -0.11409  2.78969e+00 | 32 -0.14173  2.08768e+00 | 33 -0.15503  2.16746e+00
 34 -0.03802  7.44174e+00 | 35 -0.01987  8.38224e+00 | 36 -0.02791  8.81189e+00
 37  0.03477  1.35333e+01 | 38 -0.08173  4.64601e+00 | 39  0.07012  1.35108e+01
 40  0.04245  8.95862e+00 | 41 -0.01161  5.69359e+00 | 42 -0.01148  4.14695e+00
 43  0.01173  4.88767e+00 | 44  0.03926  5.38691e+00 | 45 -0.00405  3.33490e+00
 46 -0.04458  1.90338e+00 | 47 -0.05315  1.53161e+00 | 48 -0.06797  1.20256e+00
 49 -0.04429  1.49070e+00 | 50 -0.10188  9.42116e-01 | 51  0.01500  2.18667e+00
 52 -0.18510  5.23636e-01 | 53 -0.20173  4.85572e-01 | 54 -0.21167  5.22924e-01
 55 -0.17062  6.92558e-01 | 56 -0.18541  6.90531e-01 | 57 -0.15929  9.16568e-01
 58 -0.05937  2.02708e+00 | 59 -0.17661  7.97656e-01 | 60 -0.11470  1.26490e+00
 61 -0.18598  8.19402e-01 | 62 -0.14037  1.19366e+00 | 63 -0.15526  8.83172e-01
 64 -0.21923  5.16473e-01 | 65 -0.17581  5.78393e-01 | 66 -0.15384  4.47504e-01
 67 -0.17192  2.54468e-01 | 68 -0.12962  1.68895e-01 | 69 -0.17581  2.02928e-02
 70 -0.17070 -4.68903e-03 | 71 -0.17600 -3.72045e-03 | 72 -0.41346 -4.35919e-02
 73 -0.12733 -3.16549e+00 | 74 -0.73847 -1.91620e+03 | 75 -1.88814  2.12458e+00
 76  1.52824 -1.92025e+00 | 77  1.89844  3.03562e+00 | 78  0.13556 -5.73657e-02
 79 -0.98587  1.89028e-03 | 80  0.99525  1.46029e-02 | 81  0.28569 -1.18274e+00
81 variables; iteration 1820; function evaluation 2143; phase 3
Function value 5.3511597e+01; maximum gradient component mag -6.1551e+03
Var    Value     Gradient |Var    Value     Gradient |Var    Value     Gradient
  1  0.04213  1.76112e+03 |  2 -0.00153  2.98352e+00 |  3 -0.00186  3.54731e+00
  4 -0.01778  3.74045e+00 |  5 -0.01808  4.41840e+00 |  6 -0.01832  5.21813e+00
  7 -0.01866  6.09518e+00 |  8 -0.01916  7.03278e+00 |  9 -0.01956  8.09900e+00
 10 -0.01998  9.22795e+00 | 11 -0.02021  1.04665e+01 | 12 -0.01861  1.19417e+01
 13 -0.02076  1.30406e+01 | 14 -0.02400  1.42028e+01 | 15 -0.02747  1.50976e+01
 16 -0.02696  1.69241e+01 | 17 -0.02754  1.84139e+01 | 18 -0.02605  2.06475e+01
 19 -0.03021  2.23336e+01 | 20 -0.02644  2.45093e+01 | 21 -0.02580  2.46869e+01
 22 -0.03344  2.14580e+01 | 23 -0.02458  2.54124e+01 | 24 -0.02862  2.38415e+01
 25 -0.03545  2.26463e+01 | 26 -0.03506  2.40410e+01 | 27 -0.04459  2.24707e+01
 28 -0.05500  2.09371e+01 | 29 -0.06315  1.81377e+01 | 30 -0.07913  1.42668e+01
 31 -0.11421  9.68004e+00 | 32 -0.14175  7.26331e+00 | 33 -0.15509  7.46669e+00
 34 -0.03825  2.53516e+01 | 35 -0.01970  3.05576e+01 | 36 -0.02820  3.09127e+01
 37  0.03477  4.76433e+01 | 38 -0.08155  1.77335e+01 | 39  0.06988  4.73879e+01
 40  0.04252  3.40302e+01 | 41 -0.01194  1.99348e+01 | 42 -0.01134  1.65969e+01
 43  0.01163  1.78662e+01 | 44  0.03905  1.97751e+01 | 45 -0.00397  1.24806e+01
 46 -0.04475  7.30224e+00 | 47 -0.05323  5.82138e+00 | 48 -0.06795  4.80074e+00
 49 -0.04445  5.65541e+00 | 50 -0.10179  3.63556e+00 | 51  0.01486  9.02135e+00
 52 -0.18520  2.47324e+00 | 53 -0.20193  2.22367e+00 | 54 -0.21162  2.25484e+00
 55 -0.17072  3.05748e+00 | 56 -0.18550  2.79768e+00 | 57 -0.15935  3.56582e+00
 58 -0.05946  7.79964e+00 | 59 -0.17658  3.08293e+00 | 60 -0.11488  4.80772e+00
 61 -0.18603  2.88412e+00 | 62 -0.14036  4.07759e+00 | 63 -0.15543  3.10151e+00
 64 -0.21929  1.66378e+00 | 65 -0.17590  1.82935e+00 | 66 -0.15391  1.50261e+00
 67 -0.17203  7.72392e-01 | 68 -0.12972  4.80044e-01 | 69 -0.17592  6.22349e-02
 70 -0.17082 -1.64416e-02 | 71 -0.17612 -1.63550e-02 | 72 -0.41349  2.72742e+01
 73 -0.12861 -9.26537e+00 | 74 -0.73847 -6.15506e+03 | 75 -1.88508  1.05562e+01
 76  1.53064 -6.29651e+00 | 77  1.89908  1.11355e+01 | 78  0.13556 -3.68911e-02
 79 -0.98589  1.25514e-03 | 80  0.99523  1.94029e-02 | 81  0.28562 -4.20274e+00
81 variables; iteration 1840; function evaluation 2165; phase 3
Function value 5.3509128e+01; maximum gradient component mag 1.7117e+03
Var    Value     Gradient |Var    Value     Gradient |Var    Value     Gradient
  1  0.04215 -5.65405e+02 |  2 -0.00152 -9.31320e-01 |  3 -0.00181 -1.12246e+00
  4 -0.01776 -1.17260e+00 |  5 -0.01810 -1.39412e+00 |  6 -0.01837 -1.62315e+00
  7 -0.01882 -1.91530e+00 |  8 -0.01922 -2.21969e+00 |  9 -0.01957 -2.53741e+00
 10 -0.02000 -2.90724e+00 | 11 -0.02034 -3.28824e+00 | 12 -0.01850 -3.64857e+00
 13 -0.02061 -4.13770e+00 | 14 -0.02414 -4.37005e+00 | 15 -0.02761 -4.72453e+00
 16 -0.02724 -5.32222e+00 | 17 -0.02730 -6.05354e+00 | 18 -0.02498 -6.97815e+00
 19 -0.02913 -7.45290e+00 | 20 -0.02549 -7.11045e+00 | 21 -0.02552 -7.38544e+00
 22 -0.03358 -8.80541e+00 | 23 -0.02876 -7.58049e+00 | 24 -0.03150 -7.78334e+00
 25 -0.03504 -7.94226e+00 | 26 -0.03309 -6.18282e+00 | 27 -0.04358 -6.47776e+00
 28 -0.05474 -6.34791e+00 | 29 -0.06340 -5.63742e+00 | 30 -0.07908 -4.56608e+00
 31 -0.11414 -3.11293e+00 | 32 -0.14176 -2.34075e+00 | 33 -0.15517 -2.45402e+00
 34 -0.03781 -8.22559e+00 | 35 -0.02037 -1.05750e+01 | 36 -0.02751 -1.02424e+01
 37  0.03440 -1.59197e+01 | 38 -0.08106 -6.20014e+00 | 39  0.06959 -1.49029e+01
 40  0.04295 -1.14928e+01 | 41 -0.01266 -5.97160e+00 | 42 -0.01083 -5.76567e+00
 43  0.01114 -5.58107e+00 | 44  0.03931 -6.38874e+00 | 45 -0.00427 -3.92892e+00
 46 -0.04448 -2.33724e+00 | 47 -0.05338 -1.81172e+00 | 48 -0.06785 -1.47632e+00
 49 -0.04445 -1.76662e+00 | 50 -0.10195 -1.11201e+00 | 51  0.01488 -2.82213e+00
 52 -0.18533 -8.20473e-01 | 53 -0.20190 -7.50901e-01 | 54 -0.21172 -6.89115e-01
 55 -0.17068 -1.03773e+00 | 56 -0.18554 -9.32212e-01 | 57 -0.15940 -1.16642e+00
 58 -0.05949 -2.55659e+00 | 59 -0.17669 -9.61860e-01 | 60 -0.11479 -1.66444e+00
 61 -0.18612 -8.88031e-01 | 62 -0.14041 -1.22976e+00 | 63 -0.15537 -1.03004e+00
 64 -0.21939 -5.13679e-01 | 65 -0.17590 -6.00149e-01 | 66 -0.15393 -5.17803e-01
 67 -0.17207 -2.65378e-01 | 68 -0.12973 -1.77901e-01 | 69 -0.17594 -3.07707e-02
 70 -0.17087  3.02336e-03 | 71 -0.17618  3.40674e-03 | 72 -0.41347 -2.16500e+01
 73 -0.12813  1.25968e+00 | 74 -0.73846  1.71171e+03 | 75 -1.88412 -5.05406e+00
 76  1.53214  1.84790e+00 | 77  1.89948 -3.66852e+00 | 78  0.13556  6.22648e-02
 79 -0.98587  1.87825e-03 | 80  0.99523  5.96355e-03 | 81  0.28564  1.17538e+00
81 variables; iteration 1860; function evaluation 2189; phase 3
Function value 5.3506417e+01; maximum gradient component mag -1.3116e+02
Var    Value     Gradient |Var    Value     Gradient |Var    Value     Gradient
  1  0.04213 -2.52031e+01 |  2 -0.00158 -3.51969e-02 |  3 -0.00186 -4.60889e-02
  4 -0.01780 -3.70488e-02 |  5 -0.01808 -3.82105e-02 |  6 -0.01839 -4.11033e-02
  7 -0.01882 -6.43728e-02 |  8 -0.01924 -7.74721e-02 |  9 -0.01980 -1.23591e-01
 10 -0.02002 -9.26117e-02 | 11 -0.02040 -1.15993e-01 | 12 -0.01888 -1.11702e-01
 13 -0.02060 -1.30078e-01 | 14 -0.02410 -5.48715e-02 | 15 -0.02764 -1.33582e-01
 16 -0.02759 -2.61201e-01 | 17 -0.02807 -5.27550e-01 | 18 -0.02610 -7.17458e-01
 19 -0.02968 -5.36047e-01 | 20 -0.02564  3.25163e-01 | 21 -0.02007  1.53440e+00
 22 -0.03060 -1.01253e+00 | 23 -0.02972 -6.18421e-01 | 24 -0.03224 -9.43053e-01
 25 -0.03616 -1.08621e+00 | 26 -0.03544  4.18053e-01 | 27 -0.04449  9.75547e-02
 28 -0.05447  8.93668e-02 | 29 -0.06285  1.59572e-02 | 30 -0.07891 -1.48313e-01
 31 -0.11406 -9.20709e-02 | 32 -0.14184 -9.99553e-02 | 33 -0.15528 -1.12848e-01
 34 -0.03729 -7.48768e-02 | 35 -0.02124 -1.11433e+00 | 36 -0.02654 -8.04804e-02
 37  0.03385 -1.25724e+00 | 38 -0.07936 -3.03784e-01 | 39  0.06883 -8.89351e-01
 40  0.04405 -8.89736e-01 | 41 -0.01466 -1.95488e-01 | 42 -0.00867 -3.06986e-01
 43  0.00946 -2.72508e-01 | 44  0.04016 -1.87044e-01 | 45 -0.00471 -1.91256e-01
 46 -0.04436 -2.05204e-01 | 47 -0.05335 -1.58356e-01 | 48 -0.06798 -2.04051e-01
 49 -0.04440 -1.37222e-01 | 50 -0.10186 -5.24119e-02 | 51  0.01487 -3.03992e-01
 52 -0.18530 -1.04807e-01 | 53 -0.20186 -8.99416e-02 | 54 -0.21169 -5.01390e-02
 55 -0.17066 -1.17157e-01 | 56 -0.18549 -6.28420e-02 | 57 -0.15936 -6.48503e-02
 58 -0.05947 -1.67968e-01 | 59 -0.17660  1.24902e-02 | 60 -0.11478 -1.56757e-01
 61 -0.18609 -2.46172e-02 | 62 -0.14036  5.28144e-04 | 63 -0.15534 -6.39419e-02
 64 -0.21940 -1.61538e-02 | 65 -0.17582  2.06283e-02 | 66 -0.15393 -1.22623e-02
 67 -0.17201  9.77642e-03 | 68 -0.12971 -7.03017e-03 | 69 -0.17590 -7.84579e-04
 70 -0.17085 -2.07140e-04 | 71 -0.17615  2.97895e-04 | 72 -0.41344 -1.01869e+01
 73 -0.12795 -1.08673e+00 | 74 -0.73846 -1.31157e+02 | 75 -1.88179 -1.42632e+00
 76  1.53536  3.16812e-02 | 77  1.90031 -1.47429e-01 | 78  0.13556 -1.75190e-02
 79 -0.98598 -4.80330e-04 | 80  0.99525  1.18697e-02 | 81  0.28564 -3.19440e-02
81 variables; iteration 1880; function evaluation 2214; phase 3
Function value 5.3504937e+01; maximum gradient component mag 4.4844e+03
Var    Value     Gradient |Var    Value     Gradient |Var    Value     Gradient
  1  0.04215 -1.37249e+03 |  2 -0.00153 -2.28970e+00 |  3 -0.00180 -2.73886e+00
  4 -0.01777 -2.87302e+00 |  5 -0.01806 -3.39348e+00 |  6 -0.01840 -3.98633e+00
  7 -0.01881 -4.66610e+00 |  8 -0.01918 -5.40364e+00 |  9 -0.01962 -6.22192e+00
 10 -0.01998 -7.09474e+00 | 11 -0.02027 -8.01521e+00 | 12 -0.01853 -9.06079e+00
 13 -0.02050 -1.00833e+01 | 14 -0.02408 -1.07688e+01 | 15 -0.02752 -1.15480e+01
 16 -0.02746 -1.30101e+01 | 17 -0.02806 -1.46546e+01 | 18 -0.02618 -1.68305e+01
 19 -0.03071 -1.81037e+01 | 20 -0.02636 -1.82989e+01 | 21 -0.02268 -1.82437e+01
 22 -0.03225 -1.91361e+01 | 23 -0.02551 -1.79855e+01 | 24 -0.03041 -1.81259e+01
 25 -0.03662 -1.87334e+01 | 26 -0.03533 -1.72073e+01 | 27 -0.04455 -1.68006e+01
 28 -0.05453 -1.58322e+01 | 29 -0.06299 -1.38026e+01 | 30 -0.07914 -1.11739e+01
 31 -0.11411 -7.57594e+00 | 32 -0.14179 -5.66281e+00 | 33 -0.15525 -5.87037e+00
 34 -0.03752 -1.98318e+01 | 35 -0.02096 -2.45813e+01 | 36 -0.02689 -2.44342e+01
 37  0.03403 -3.77693e+01 | 38 -0.07995 -1.44410e+01 | 39  0.06908 -3.67257e+01
 40  0.04362 -2.76791e+01 | 41 -0.01388 -1.49239e+01 | 42 -0.00962 -1.35179e+01
 43  0.01021 -1.36356e+01 | 44  0.03973 -1.55288e+01 | 45 -0.00450 -9.63113e+00
 46 -0.04445 -5.82192e+00 | 47 -0.05340 -4.55962e+00 | 48 -0.06791 -3.79865e+00
 49 -0.04447 -4.44722e+00 | 50 -0.10190 -2.77044e+00 | 51  0.01485 -7.09434e+00
 52 -0.18530 -1.97745e+00 | 53 -0.20188 -1.81406e+00 | 54 -0.21172 -1.71773e+00
 55 -0.17069 -2.48087e+00 | 56 -0.18553 -2.21984e+00 | 57 -0.15939 -2.79872e+00
 58 -0.05949 -6.15018e+00 | 59 -0.17663 -2.32716e+00 | 60 -0.11482 -3.94215e+00
 61 -0.18608 -2.18649e+00 | 62 -0.14042 -3.05548e+00 | 63 -0.15537 -2.46228e+00
 64 -0.21938 -1.24311e+00 | 65 -0.17588 -1.41111e+00 | 66 -0.15393 -1.20474e+00
 67 -0.17204 -6.20334e-01 | 68 -0.12972 -4.10161e-01 | 69 -0.17592 -6.67681e-02
 70 -0.17085  8.66868e-03 | 71 -0.17615  1.04034e-02 | 72 -0.41346 -3.84852e+01
 73 -0.12779  4.98479e+00 | 74 -0.73846  4.48440e+03 | 75 -1.88203 -1.03782e+01
 76  1.53578  4.77314e+00 | 77  1.90041 -8.62372e+00 | 78  0.13556 -2.81537e-03
 79 -0.98597 -1.64523e-04 | 80  0.99524  1.16497e-03 | 81  0.28563  3.05655e+00
81 variables; iteration 1900; function evaluation 2236; phase 3
Function value 5.3502912e+01; maximum gradient component mag 2.4440e+03
Var    Value     Gradient |Var    Value     Gradient |Var    Value     Gradient
  1  0.04215 -7.59653e+02 |  2 -0.00149 -1.25425e+00 |  3 -0.00171 -1.49245e+00
  4 -0.01777 -1.58850e+00 |  5 -0.01809 -1.88200e+00 |  6 -0.01839 -2.20167e+00
  7 -0.01879 -2.57851e+00 |  8 -0.01921 -2.99516e+00 |  9 -0.01950 -3.41749e+00
 10 -0.01996 -3.91858e+00 | 11 -0.02040 -4.45545e+00 | 12 -0.01860 -4.99004e+00
 13 -0.02030 -5.52938e+00 | 14 -0.02397 -5.89737e+00 | 15 -0.02764 -6.39576e+00
 16 -0.02729 -7.19145e+00 | 17 -0.02813 -8.27939e+00 | 18 -0.02607 -9.53885e+00
 19 -0.03032 -1.02186e+01 | 20 -0.02526 -9.78124e+00 | 21 -0.02112 -9.35277e+00
 22 -0.03206 -1.11043e+01 | 23 -0.02754 -9.98671e+00 | 24 -0.03208 -1.04300e+01
 25 -0.03694 -1.08671e+01 | 26 -0.03526 -9.22729e+00 | 27 -0.04422 -9.12596e+00
 28 -0.05469 -8.71494e+00 | 29 -0.06285 -7.58633e+00 | 30 -0.07904 -6.25010e+00
 31 -0.11413 -4.25168e+00 | 32 -0.14184 -3.18662e+00 | 33 -0.15533 -3.32775e+00
 34 -0.03728 -1.10638e+01 | 35 -0.02137 -1.41869e+01 | 36 -0.02652 -1.35548e+01
 37  0.03381 -2.14227e+01 | 38 -0.07926 -8.03327e+00 | 39  0.06868 -2.02416e+01
 40  0.04421 -1.51238e+01 | 41 -0.01486 -8.15059e+00 | 42 -0.00886 -7.50429e+00
 43  0.00960 -7.45358e+00 | 44  0.04005 -8.45959e+00 | 45 -0.00478 -5.25356e+00
 46 -0.04424 -3.13177e+00 | 47 -0.05356 -2.45882e+00 | 48 -0.06780 -1.99907e+00
 49 -0.04454 -2.37804e+00 | 50 -0.10189 -1.45226e+00 | 51  0.01482 -3.65278e+00
 52 -0.18523 -9.52866e-01 | 53 -0.20190 -9.34217e-01 | 54 -0.21170 -8.59612e-01
 55 -0.17070 -1.31479e+00 | 56 -0.18552 -1.16456e+00 | 57 -0.15939 -1.47578e+00
 58 -0.05948 -3.30877e+00 | 59 -0.17664 -1.27434e+00 | 60 -0.11484 -2.24084e+00
 61 -0.18600 -1.19363e+00 | 62 -0.14045 -1.71247e+00 | 63 -0.15536 -1.42662e+00
 64 -0.21932 -6.93324e-01 | 65 -0.17589 -8.27187e-01 | 66 -0.15393 -7.44984e-01
 67 -0.17202 -3.74150e-01 | 68 -0.12969 -2.40089e-01 | 69 -0.17593 -4.29004e-02
 70 -0.17086  3.80320e-03 | 71 -0.17616  5.13553e-03 | 72 -0.41345 -2.55551e+01
 73 -0.12730  2.41873e+00 | 74 -0.73846  2.44399e+03 | 75 -1.87934 -6.27539e+00
 76  1.53806  2.68553e+00 | 77  1.90101 -4.67913e+00 | 78  0.13556 -5.98439e-02
 79 -0.98605 -1.96971e-03 | 80  0.99515 -6.75373e-03 | 81  0.28561  1.57436e+00
81 variables; iteration 1920; function evaluation 2257; phase 3
Function value 5.3475398e+01; maximum gradient component mag -5.8895e+03
Var    Value     Gradient |Var    Value     Gradient |Var    Value     Gradient
  1  0.04208  1.70013e+03 |  2 -0.00150  2.90232e+00 |  3 -0.00197  3.40951e+00
  4 -0.01790  3.59650e+00 |  5 -0.01839  4.19885e+00 |  6 -0.01837  5.05088e+00
  7 -0.01909  5.79004e+00 |  8 -0.01931  6.78632e+00 |  9 -0.01935  7.93384e+00
 10 -0.01999  8.96489e+00 | 11 -0.02039  1.01184e+01 | 12 -0.01770  1.19287e+01
 13 -0.02009  1.29258e+01 | 14 -0.02336  1.40674e+01 | 15 -0.02676  1.49768e+01
 16 -0.02761  1.62333e+01 | 17 -0.02740  1.80034e+01 | 18 -0.02462  2.07311e+01
 19 -0.02815  2.26946e+01 | 20 -0.02444  2.48398e+01 | 21 -0.02444  2.47075e+01
 22 -0.03363  2.07442e+01 | 23 -0.02823  2.29938e+01 | 24 -0.03319  2.10421e+01
 25 -0.03702  2.12238e+01 | 26 -0.03548  2.32323e+01 | 27 -0.04368  2.23630e+01
 28 -0.05484  2.05450e+01 | 29 -0.06233  1.81083e+01 | 30 -0.07962  1.37507e+01
 31 -0.11427  9.54380e+00 | 32 -0.14163  7.38427e+00 | 33 -0.15537  7.53912e+00
 34 -0.03746  2.63638e+01 | 35 -0.02130  3.10734e+01 | 36 -0.02661  3.28267e+01
 37  0.03384  4.82376e+01 | 38 -0.07862  1.84642e+01 | 39  0.06821  4.51425e+01
 40  0.04495  3.37932e+01 | 41 -0.01629  1.74697e+01 | 42 -0.00765  1.58170e+01
 43  0.00879  1.54558e+01 | 44  0.04053  1.77604e+01 | 45 -0.00515  1.06200e+01
 46 -0.04399  6.45191e+00 | 47 -0.05394  4.97883e+00 | 48 -0.06760  4.31097e+00
 49 -0.04483  4.98243e+00 | 50 -0.10145  3.38108e+00 | 51  0.01476  7.93174e+00
 52 -0.18525  2.16617e+00 | 53 -0.20168  1.92607e+00 | 54 -0.21168  1.86828e+00
 55 -0.17041  2.64754e+00 | 56 -0.18541  2.38895e+00 | 57 -0.15927  3.00261e+00
 58 -0.05936  6.52483e+00 | 59 -0.17647  2.66068e+00 | 60 -0.11460  4.10522e+00
 61 -0.18586  2.43575e+00 | 62 -0.14040  3.42876e+00 | 63 -0.15499  2.77339e+00
 64 -0.21934  1.42909e+00 | 65 -0.17571  1.74298e+00 | 66 -0.15370  1.48989e+00
 67 -0.17193  7.70219e-01 | 68 -0.12951  5.04185e-01 | 69 -0.17576  9.72403e-02
 70 -0.17080 -6.24495e-03 | 71 -0.17611 -9.33355e-03 | 72 -0.41331  2.42903e+01
 73 -0.12575 -8.00599e+00 | 74 -0.73845 -5.88949e+03 | 75 -1.86059  8.83318e+00
 76  1.53440 -6.16554e+00 | 77  1.90023  1.09886e+01 | 78  0.13556  1.13974e-01
 79 -0.98585  2.05616e-03 | 80  0.99538  3.91160e-02 | 81  0.28563 -3.62222e+00
81 variables; iteration 1940; function evaluation 2280; phase 3
Function value 5.3441922e+01; maximum gradient component mag 5.9418e+02
Var    Value     Gradient |Var    Value     Gradient |Var    Value     Gradient
  1  0.04195 -2.71675e+02 |  2 -0.00159 -4.79486e-01 |  3 -0.00189 -5.79705e-01
  4 -0.01786 -6.07572e-01 |  5 -0.01820 -7.24416e-01 |  6 -0.01849 -8.34623e-01
  7 -0.01892 -9.86904e-01 |  8 -0.01930 -1.13405e+00 |  9 -0.01964 -1.28282e+00
 10 -0.02014 -1.48697e+00 | 11 -0.02053 -1.69097e+00 | 12 -0.01925 -1.94859e+00
 13 -0.02053 -2.05196e+00 | 14 -0.02474 -2.29987e+00 | 15 -0.02782 -2.41550e+00
 16 -0.02710 -2.64174e+00 | 17 -0.02674 -2.97548e+00 | 18 -0.02249 -3.02690e+00
 19 -0.02747 -3.42390e+00 | 20 -0.02875 -4.01235e+00 | 21 -0.03247 -5.11101e+00
 22 -0.02633 -3.52229e+00 | 23 -0.02770 -3.64737e+00 | 24 -0.02791 -3.35304e+00
 25 -0.03231 -3.62790e+00 | 26 -0.03834 -3.74473e+00 | 27 -0.04598 -3.58622e+00
 28 -0.05491 -3.13974e+00 | 29 -0.06344 -2.84805e+00 | 30 -0.07897 -2.28305e+00
 31 -0.11431 -1.54937e+00 | 32 -0.14219 -1.16729e+00 | 33 -0.15587 -1.24179e+00
 34 -0.03551 -3.78129e+00 | 35 -0.02461 -6.61041e+00 | 36 -0.02317 -4.72609e+00
 37  0.03197 -8.64185e+00 | 38 -0.07502 -2.34572e+00 | 39  0.06711 -7.52501e+00
 40  0.04658 -4.43530e+00 | 41 -0.01921 -2.89735e+00 | 42 -0.00476 -1.79185e+00
 43  0.00666 -2.26281e+00 | 44  0.04166 -2.18713e+00 | 45 -0.00561 -1.54091e+00
 46 -0.04381 -8.54780e-01 | 47 -0.05400 -7.27837e-01 | 48 -0.06783 -5.94871e-01
 49 -0.04466 -7.83553e-01 | 50 -0.10200 -5.31142e-01 | 51  0.01506 -1.21825e+00
 52 -0.18540 -3.32586e-01 | 53 -0.20148 -2.80458e-01 | 54 -0.21132 -2.79235e-01
 55 -0.17010 -3.95659e-01 | 56 -0.18515 -3.72240e-01 | 57 -0.15904 -4.59615e-01
 58 -0.05903 -9.89807e-01 | 59 -0.17645 -4.15093e-01 | 60 -0.11423 -6.61709e-01
 61 -0.18569 -3.62124e-01 | 62 -0.14002 -5.73528e-01 | 63 -0.15483 -4.16865e-01
 64 -0.21903 -2.23134e-01 | 65 -0.17545 -2.70458e-01 | 66 -0.15343 -2.20020e-01
 67 -0.17171 -1.16680e-01 | 68 -0.12922 -7.34571e-02 | 69 -0.17554 -1.19616e-02
 70 -0.17068  1.89030e-03 | 71 -0.17599  2.10699e-03 | 72 -0.41280 -1.55445e+01
 73 -0.12373  1.37894e+00 | 74 -0.73843  5.94179e+02 | 75 -1.83358 -2.35663e+00
 76  1.52414  7.36138e-01 | 77  1.89791 -2.01121e+00 | 78  0.13556 -5.23111e-02
 79 -0.98604 -1.14326e-03 | 80  0.99517 -2.36383e-03 | 81  0.28571  5.27634e-01
81 variables; iteration 1960; function evaluation 2301; phase 3
Function value 5.3441122e+01; maximum gradient component mag 3.2618e+03
Var    Value     Gradient |Var    Value     Gradient |Var    Value     Gradient
  1  0.04194 -1.13913e+03 |  2 -0.00161 -1.92723e+00 |  3 -0.00187 -2.29979e+00
  4 -0.01786 -2.41568e+00 |  5 -0.01816 -2.85168e+00 |  6 -0.01853 -3.35407e+00
  7 -0.01888 -3.90805e+00 |  8 -0.01929 -4.53080e+00 |  9 -0.01972 -5.21173e+00
 10 -0.02016 -5.95378e+00 | 11 -0.02053 -6.73127e+00 | 12 -0.01925 -7.66979e+00
 13 -0.02083 -8.45845e+00 | 14 -0.02477 -9.09334e+00 | 15 -0.02784 -9.68854e+00
 16 -0.02710 -1.08105e+01 | 17 -0.02609 -1.19681e+01 | 18 -0.02324 -1.37007e+01
 19 -0.02842 -1.48528e+01 | 20 -0.02926 -1.55620e+01 | 21 -0.03103 -1.61201e+01
 22 -0.02661 -1.53596e+01 | 23 -0.02750 -1.52099e+01 | 24 -0.02762 -1.48605e+01
 25 -0.03106 -1.50680e+01 | 26 -0.03865 -1.47915e+01 | 27 -0.04588 -1.41817e+01
 28 -0.05573 -1.33879e+01 | 29 -0.06359 -1.16254e+01 | 30 -0.07881 -9.23600e+00
 31 -0.11426 -6.27041e+00 | 32 -0.14223 -4.68951e+00 | 33 -0.15591 -4.81592e+00
 34 -0.03530 -1.60654e+01 | 35 -0.02501 -2.05973e+01 | 36 -0.02271 -1.99724e+01
 37  0.03167 -3.11463e+01 | 38 -0.07435 -1.15578e+01 | 39  0.06682 -3.05670e+01
 40  0.04692 -2.26325e+01 | 41 -0.01979 -1.24732e+01 | 42 -0.00432 -1.10483e+01
 43  0.00628 -1.12316e+01 | 44  0.04181 -1.28829e+01 | 45 -0.00568 -7.99351e+00
 46 -0.04384 -4.78827e+00 | 47 -0.05398 -3.77412e+00 | 48 -0.06790 -3.14505e+00
 49 -0.04465 -3.67323e+00 | 50 -0.10197 -2.32829e+00 | 51  0.01504 -5.86595e+00
 52 -0.18546 -1.64491e+00 | 53 -0.20150 -1.47207e+00 | 54 -0.21131 -1.44403e+00
 55 -0.17011 -2.01604e+00 | 56 -0.18514 -1.82164e+00 | 57 -0.15904 -2.30371e+00
 58 -0.05905 -5.03742e+00 | 59 -0.17640 -1.94141e+00 | 60 -0.11428 -3.17233e+00
 61 -0.18574 -1.80847e+00 | 62 -0.13996 -2.56951e+00 | 63 -0.15490 -1.99062e+00
 64 -0.21905 -1.03070e+00 | 65 -0.17543 -1.17260e+00 | 66 -0.15346 -9.72421e-01
 67 -0.17172 -5.04729e-01 | 68 -0.12925 -3.28791e-01 | 69 -0.17555 -5.23467e-02
 70 -0.17068  7.98302e-03 | 71 -0.17598  9.32138e-03 | 72 -0.41277 -3.36555e+01
 73 -0.12407  5.28169e+00 | 74 -0.73843  3.26178e+03 | 75 -1.83233 -6.53260e+00
 76  1.52520  3.72848e+00 | 77  1.89821 -7.46562e+00 | 78  0.13556  2.15235e-02
 79 -0.98597  4.65226e-04 | 80  0.99521 -2.29405e-03 | 81  0.28568  2.59594e+00
81 variables; iteration 1980; function evaluation 2325; phase 3
Function value 5.3417912e+01; maximum gradient component mag -2.9702e+04
Var    Value     Gradient |Var    Value     Gradient |Var    Value     Gradient
  1  0.04191  7.82937e+03 |  2 -0.00136  1.31997e+01 |  3 -0.00172  1.57302e+01
  4 -0.01809  1.63647e+01 |  5 -0.01839  1.93448e+01 |  6 -0.01858  2.27964e+01
  7 -0.01886  2.66632e+01 |  8 -0.01932  3.08988e+01 |  9 -0.01828  3.63403e+01
 10 -0.02025  4.05061e+01 | 11 -0.02080  4.56585e+01 | 12 -0.02007  5.14276e+01
 13 -0.02032  5.79518e+01 | 14 -0.02350  6.25878e+01 | 15 -0.02974  6.45302e+01
 16 -0.02842  7.31369e+01 | 17 -0.02497  8.43434e+01 | 18 -0.02490  9.39464e+01
 19 -0.02935  1.00662e+02 | 20 -0.03325  9.89221e+01 | 21 -0.03388  9.88169e+01
 22 -0.02284  1.11684e+02 | 23 -0.02356  1.10335e+02 | 24 -0.03012  1.02934e+02
 25 -0.03242  1.05593e+02 | 26 -0.03437  1.04290e+02 | 27 -0.04529  9.72495e+01
 28 -0.05424  9.24229e+01 | 29 -0.06337  7.92477e+01 | 30 -0.07890  6.32345e+01
 31 -0.11447  4.26558e+01 | 32 -0.14261  3.15386e+01 | 33 -0.15595  3.26508e+01
 34 -0.03636  1.13816e+02 | 35 -0.02318  1.32259e+02 | 36 -0.02463  1.43009e+02
 37  0.03265  2.10060e+02 | 38 -0.07654  8.59353e+01 | 39  0.06819  2.13852e+02
 40  0.04417  1.64049e+02 | 41 -0.01348  9.07940e+01 | 42 -0.01163  7.87414e+01
 43  0.01266  8.37919e+01 | 44  0.03818  9.04808e+01 | 45 -0.00318  5.68457e+01
 46 -0.04547  3.25895e+01 | 47 -0.05338  2.55219e+01 | 48 -0.06828  2.07679e+01
 49 -0.04475  2.42063e+01 | 50 -0.10158  1.53029e+01 | 51  0.01485  3.76082e+01
 52 -0.18561  1.02060e+01 | 53 -0.20153  9.41418e+00 | 54 -0.21124  9.08036e+00
 55 -0.17011  1.29161e+01 | 56 -0.18505  1.16608e+01 | 57 -0.15900  1.45940e+01
 58 -0.05905  3.18336e+01 | 59 -0.17618  1.24803e+01 | 60 -0.11448  2.01713e+01
 61 -0.18574  1.15949e+01 | 62 -0.13986  1.63715e+01 | 63 -0.15505  1.29542e+01
 64 -0.21911  6.72475e+00 | 65 -0.17529  7.76901e+00 | 66 -0.15360  6.48438e+00
 67 -0.17162  3.42862e+00 | 68 -0.12932  2.21875e+00 | 69 -0.17553  3.56277e-01
 70 -0.17059 -4.74686e-02 | 71 -0.17588 -5.39336e-02 | 72 -0.41230  1.53338e+02
 73 -0.12386 -3.66010e+01 | 74 -0.73841 -2.97020e+04 | 75 -1.81042  3.61927e+01
 76  1.52856 -2.73873e+01 | 77  1.89890  5.02058e+01 | 78  0.13556  1.26421e-01
 79 -0.98541  9.48865e-03 | 80  0.99520  4.99366e-02 | 81  0.28551 -1.69735e+01
81 variables; iteration 2000; function evaluation 2347; phase 3
Function value 5.3384794e+01; maximum gradient component mag -1.2758e+03
Var    Value     Gradient |Var    Value     Gradient |Var    Value     Gradient
  1  0.04186  2.98538e+02 |  2 -0.00155  5.00341e-01 |  3 -0.00185  5.88233e-01
  4 -0.01782  6.20348e-01 |  5 -0.01812  7.33566e-01 |  6 -0.01846  8.60811e-01
  7 -0.01882  1.00955e+00 |  8 -0.01922  1.17168e+00 |  9 -0.01968  1.33867e+00
 10 -0.02009  1.52386e+00 | 11 -0.02041  1.73219e+00 | 12 -0.01915  1.92186e+00
 13 -0.02085  2.12948e+00 | 14 -0.02445  2.34831e+00 | 15 -0.02801  2.42069e+00
 16 -0.02748  2.74616e+00 | 17 -0.02579  3.42091e+00 | 18 -0.02405  3.63522e+00
 19 -0.02772  4.11652e+00 | 20 -0.03130  2.98159e+00 | 21 -0.02935  3.36707e+00
 22 -0.02291  5.46190e+00 | 23 -0.02777  4.16267e+00 | 24 -0.02914  4.07996e+00
 25 -0.03051  4.74212e+00 | 26 -0.03849  3.59404e+00 | 27 -0.04633  3.37945e+00
 28 -0.05578  3.23427e+00 | 29 -0.06304  2.99595e+00 | 30 -0.07817  2.49354e+00
 31 -0.11385  1.68950e+00 | 32 -0.14204  1.25041e+00 | 33 -0.15553  1.30853e+00
 34 -0.03795  4.15715e+00 | 35 -0.02075  5.57050e+00 | 36 -0.02802  4.66064e+00
 37  0.03509  8.62871e+00 | 38 -0.08241  2.60508e+00 | 39  0.07081  8.58157e+00
 40  0.04060  5.05589e+00 | 41 -0.00815  3.91437e+00 | 42 -0.01622  2.11123e+00
 43  0.01550  3.46616e+00 | 44  0.03677  2.96332e+00 | 45 -0.00268  2.17564e+00
 46 -0.04559  1.16540e+00 | 47 -0.05348  9.89436e-01 | 48 -0.06823  8.09768e-01
 49 -0.04476  9.75165e-01 | 50 -0.10195  6.02053e-01 | 51  0.01494  1.61514e+00
 52 -0.18581  4.04515e-01 | 53 -0.20167  4.01874e-01 | 54 -0.21084  3.98444e-01
 55 -0.17012  5.67122e-01 | 56 -0.18500  5.25145e-01 | 57 -0.15887  6.65163e-01
 58 -0.05895  1.43229e+00 | 59 -0.17612  5.86150e-01 | 60 -0.11453  8.92842e-01
 61 -0.18571  5.35014e-01 | 62 -0.13955  7.58609e-01 | 63 -0.15524  5.98080e-01
 64 -0.21902  3.15735e-01 | 65 -0.17520  3.67889e-01 | 66 -0.15353  3.09847e-01
 67 -0.17164  1.66721e-01 | 68 -0.12927  1.08734e-01 | 69 -0.17549  1.74201e-02
 70 -0.17055 -1.83267e-03 | 71 -0.17585 -2.01650e-03 | 72 -0.41201 -3.58637e+00
 73 -0.12419 -1.81796e+00 | 74 -0.73839 -1.27583e+03 | 75 -1.79093  4.20241e-01
 76  1.54038 -9.64800e-01 | 77  1.90156  1.95826e+00 | 78  0.13556  8.83619e-02
 79 -0.98594 -7.11249e-05 | 80  0.99523  1.06657e-02 | 81  0.28549 -8.01286e-01
81 variables; iteration 2020; function evaluation 2368; phase 3
Function value 5.3380888e+01; maximum gradient component mag 4.1503e+03
Var    Value     Gradient |Var    Value     Gradient |Var    Value     Gradient
  1  0.04183 -9.16753e+02 |  2 -0.00159 -1.55621e+00 |  3 -0.00186 -1.86132e+00
  4 -0.01782 -1.94859e+00 |  5 -0.01816 -2.31079e+00 |  6 -0.01849 -2.71015e+00
  7 -0.01887 -3.16428e+00 |  8 -0.01932 -3.67716e+00 |  9 -0.01972 -4.22373e+00
 10 -0.02017 -4.82802e+00 | 11 -0.02044 -5.43752e+00 | 12 -0.01912 -6.19607e+00
 13 -0.02111 -6.91061e+00 | 14 -0.02486 -7.38664e+00 | 15 -0.02783 -7.83611e+00
 16 -0.02743 -8.79194e+00 | 17 -0.02637 -9.68824e+00 | 18 -0.02341 -1.10558e+01
 19 -0.02699 -1.17505e+01 | 20 -0.02940 -1.26847e+01 | 21 -0.02657 -1.25417e+01
 22 -0.02403 -1.19705e+01 | 23 -0.03074 -1.27739e+01 | 24 -0.02788 -1.19469e+01
 25 -0.02959 -1.18411e+01 | 26 -0.04059 -1.23766e+01 | 27 -0.04697 -1.17606e+01
 28 -0.05572 -1.09693e+01 | 29 -0.06308 -9.47281e+00 | 30 -0.07801 -7.47349e+00
 31 -0.11383 -5.08566e+00 | 32 -0.14205 -3.79444e+00 | 33 -0.15567 -3.90193e+00
 34 -0.03715 -1.33988e+01 | 35 -0.02178 -1.61075e+01 | 36 -0.02693 -1.68903e+01
 37  0.03466 -2.47689e+01 | 38 -0.08254 -9.83854e+00 | 39  0.07128 -2.40061e+01
 40  0.03982 -1.84990e+01 | 41 -0.00693 -9.70517e+00 | 42 -0.01714 -8.84668e+00
 43  0.01610 -8.86291e+00 | 44  0.03652 -1.01256e+01 | 45 -0.00253 -6.30499e+00
 46 -0.04560 -3.78662e+00 | 47 -0.05341 -2.97014e+00 | 48 -0.06819 -2.48411e+00
 49 -0.04469 -2.92575e+00 | 50 -0.10199 -1.90426e+00 | 51  0.01501 -4.66557e+00
 52 -0.18584 -1.31603e+00 | 53 -0.20172 -1.17550e+00 | 54 -0.21075 -1.14030e+00
 55 -0.17010 -1.58896e+00 | 56 -0.18498 -1.43033e+00 | 57 -0.15884 -1.79057e+00
 58 -0.05890 -3.89821e+00 | 59 -0.17610 -1.50205e+00 | 60 -0.11455 -2.46091e+00
 61 -0.18568 -1.39047e+00 | 62 -0.13946 -1.98089e+00 | 63 -0.15530 -1.53858e+00
 64 -0.21899 -7.95303e-01 | 65 -0.17515 -9.21296e-01 | 66 -0.15351 -7.62574e-01
 67 -0.17163 -3.96397e-01 | 68 -0.12926 -2.53135e-01 | 69 -0.17546 -4.11426e-02
 70 -0.17051  5.63628e-03 | 71 -0.17582  6.59506e-03 | 72 -0.41177 -2.93272e+01
 73 -0.12361  4.06936e+00 | 74 -0.73839  4.15035e+03 | 75 -1.78780 -5.20350e+00
 76  1.53808  3.32820e+00 | 77  1.90105 -5.75748e+00 | 78  0.13556  3.36732e-02
 79 -0.98592  1.38182e-03 | 80  0.99523  2.44794e-03 | 81  0.28548  2.02279e+00
81 variables; iteration 2040; function evaluation 2390; phase 3
Function value 5.3372429e+01; maximum gradient component mag -1.0518e+04
Var    Value     Gradient |Var    Value     Gradient |Var    Value     Gradient
  1  0.04180  2.52501e+03 |  2 -0.00155  4.19501e+00 |  3 -0.00186  4.99921e+00
  4 -0.01786  5.24285e+00 |  5 -0.01808  6.22057e+00 |  6 -0.01852  7.27162e+00
  7 -0.01892  8.48464e+00 |  8 -0.01898  9.95683e+00 |  9 -0.02016  1.11897e+01
 10 -0.02020  1.29117e+01 | 11 -0.02032  1.46803e+01 | 12 -0.01926  1.65356e+01
 13 -0.02106  1.82570e+01 | 14 -0.02451  1.97303e+01 | 15 -0.02791  2.10360e+01
 16 -0.02753  2.35552e+01 | 17 -0.02714  2.62479e+01 | 18 -0.02292  3.09107e+01
 19 -0.02930  3.21547e+01 | 20 -0.02804  3.35934e+01 | 21 -0.02145  3.71151e+01
 22 -0.03072  3.22993e+01 | 23 -0.03298  3.09493e+01 | 24 -0.02606  3.49641e+01
 25 -0.02873  3.59864e+01 | 26 -0.03846  3.18073e+01 | 27 -0.04626  3.05178e+01
 28 -0.05658  2.84328e+01 | 29 -0.06322  2.53689e+01 | 30 -0.07828  2.05283e+01
 31 -0.11398  1.38976e+01 | 32 -0.14207  1.03978e+01 | 33 -0.15599  1.06101e+01
 34 -0.03606  3.70449e+01 | 35 -0.02358  4.18174e+01 | 36 -0.02507  4.61412e+01
 37  0.03365  6.90681e+01 | 38 -0.08016  2.68175e+01 | 39  0.07026  7.08920e+01
 40  0.04144  5.10864e+01 | 41 -0.00951  3.05002e+01 | 42 -0.01436  2.43770e+01
 43  0.01404  2.71925e+01 | 44  0.03776  2.88356e+01 | 45 -0.00326  1.81267e+01
 46 -0.04527  1.04847e+01 | 47 -0.05362  8.21351e+00 | 48 -0.06818  6.73277e+00
 49 -0.04484  7.98781e+00 | 50 -0.10157  5.19955e+00 | 51  0.01493  1.28766e+01
 52 -0.18567  3.59786e+00 | 53 -0.20180  3.22368e+00 | 54 -0.21062  3.14067e+00
 55 -0.17006  4.34643e+00 | 56 -0.18490  3.91688e+00 | 57 -0.15877  4.94927e+00
 58 -0.05883  1.08174e+01 | 59 -0.17607  4.17866e+00 | 60 -0.11448  6.76519e+00
 61 -0.18573  3.88312e+00 | 62 -0.13928  5.54360e+00 | 63 -0.15532  4.30738e+00
 64 -0.21898  2.24331e+00 | 65 -0.17503  2.58401e+00 | 66 -0.15349  2.13666e+00
 67 -0.17160  1.10315e+00 | 68 -0.12922  7.18588e-01 | 69 -0.17539  1.19570e-01
 70 -0.17047 -1.35286e-02 | 71 -0.17578 -1.67063e-02 | 72 -0.41158  4.34337e+01
 73 -0.12344 -1.22667e+01 | 74 -0.73839 -1.05176e+04 | 75 -1.78037  9.91653e+00
 76  1.53418 -8.90038e+00 | 77  1.90030  1.62187e+01 | 78  0.13556 -9.24175e-02
 79 -0.98608 -1.74578e-03 | 80  0.99528  3.09391e-02 | 81  0.28550 -5.69427e+00
81 variables; iteration 2060; function evaluation 2413; phase 3
Function value 5.3360478e+01; maximum gradient component mag -5.6895e+02
Var    Value     Gradient |Var    Value     Gradient |Var    Value     Gradient
  1  0.04180  1.22078e+02 |  2 -0.00157  2.10570e-01 |  3 -0.00184  2.48393e-01
  4 -0.01781  2.63578e-01 |  5 -0.01810  3.14743e-01 |  6 -0.01849  3.57733e-01
  7 -0.01886  4.19963e-01 |  8 -0.01921  5.00838e-01 |  9 -0.01984  5.24388e-01
 10 -0.02006  6.51922e-01 | 11 -0.02038  7.43769e-01 | 12 -0.01882  8.79360e-01
 13 -0.02065  9.34381e-01 | 14 -0.02457  9.72102e-01 | 15 -0.02740  1.15790e+00
 16 -0.02719  1.22362e+00 | 17 -0.02750  1.14971e+00 | 18 -0.02486  1.36447e+00
 19 -0.02885  1.57284e+00 | 20 -0.02406  2.76793e+00 | 21 -0.02115  3.34205e+00
 22 -0.03279  3.17947e-01 | 23 -0.03019  1.16527e+00 | 24 -0.03170  1.07483e+00
 25 -0.03525  1.05449e+00 | 26 -0.03639  2.03493e+00 | 27 -0.04413  2.00938e+00
 28 -0.05452  1.75517e+00 | 29 -0.06285  1.45993e+00 | 30 -0.07862  1.10980e+00
 31 -0.11414  7.68030e-01 | 32 -0.14228  5.70222e-01 | 33 -0.15613  5.61281e-01
 34 -0.03584  2.28197e+00 | 35 -0.02417  1.31213e+00 | 36 -0.02440  2.58696e+00
 37  0.03315  2.88093e+00 | 38 -0.07939  1.09397e+00 | 39  0.06986  2.87561e+00
 40  0.04190  1.32720e+00 | 41 -0.01041  1.37103e+00 | 42 -0.01373  5.79854e-01
 43  0.01354  1.29674e+00 | 44  0.03788  1.20241e+00 | 45 -0.00335  9.27698e-01
 46 -0.04526  5.32472e-01 | 47 -0.05374  4.50487e-01 | 48 -0.06820  3.70529e-01
 49 -0.04486  4.73684e-01 | 50 -0.10184  2.99480e-01 | 51  0.01495  7.37291e-01
 52 -0.18601  1.59014e-01 | 53 -0.20183  1.58158e-01 | 54 -0.21058  1.59034e-01
 55 -0.17003  2.26085e-01 | 56 -0.18492  2.13546e-01 | 57 -0.15879  2.83784e-01
 58 -0.05886  6.15447e-01 | 59 -0.17604  2.63054e-01 | 60 -0.11453  3.95530e-01
 61 -0.18572  2.42939e-01 | 62 -0.13922  3.61245e-01 | 63 -0.15539  2.66472e-01
 64 -0.21902  1.33144e-01 | 65 -0.17501  1.59238e-01 | 66 -0.15352  1.18973e-01
 67 -0.17162  6.41995e-02 | 68 -0.12922  4.20667e-02 | 69 -0.17545  6.92099e-03
 70 -0.17058 -9.26318e-04 | 71 -0.17590 -1.52894e-03 | 72 -0.41143 -7.34634e+00
 73 -0.12328 -7.79552e-01 | 74 -0.73838 -5.68945e+02 | 75 -1.77015 -3.75813e-01
 76  1.53171 -5.05482e-01 | 77  1.89980  7.00074e-01 | 78  0.13556  9.61179e-03
 79 -0.98608 -7.56908e-04 | 80  0.99521  6.98944e-03 | 81  0.28544 -3.72670e-01
81 variables; iteration 2080; function evaluation 2436; phase 3
Function value 5.3356778e+01; maximum gradient component mag 1.2727e+03
Var    Value     Gradient |Var    Value     Gradient |Var    Value     Gradient
  1  0.04178 -3.40262e+02 |  2 -0.00157 -5.84368e-01 |  3 -0.00181 -6.94374e-01
  4 -0.01781 -7.33936e-01 |  5 -0.01813 -8.70909e-01 |  6 -0.01846 -1.01849e+00
  7 -0.01892 -1.20976e+00 |  8 -0.01919 -1.36690e+00 |  9 -0.01986 -1.63450e+00
 10 -0.02010 -1.81998e+00 | 11 -0.02029 -2.01720e+00 | 12 -0.01905 -2.33795e+00
 13 -0.02077 -2.59135e+00 | 14 -0.02417 -2.67880e+00 | 15 -0.02771 -2.93935e+00
 16 -0.02729 -3.29857e+00 | 17 -0.02694 -3.70391e+00 | 18 -0.02498 -4.37575e+00
 19 -0.02781 -4.35043e+00 | 20 -0.02449 -3.92437e+00 | 21 -0.02579 -4.48686e+00
 22 -0.02754 -4.69758e+00 | 23 -0.02615 -4.16348e+00 | 24 -0.03356 -5.47793e+00
 25 -0.03841 -5.89372e+00 | 26 -0.03751 -4.39450e+00 | 27 -0.04379 -3.87944e+00
 28 -0.05375 -3.64853e+00 | 29 -0.06250 -3.31260e+00 | 30 -0.07855 -2.76119e+00
 31 -0.11411 -1.86563e+00 | 32 -0.14227 -1.41125e+00 | 33 -0.15602 -1.49082e+00
 34 -0.03662 -4.99444e+00 | 35 -0.02284 -6.33978e+00 | 36 -0.02580 -6.42485e+00
 37  0.03399 -9.15185e+00 | 38 -0.08126 -3.75677e+00 | 39  0.07078 -8.57665e+00
 40  0.04041 -7.18196e+00 | 41 -0.00772 -3.08891e+00 | 42 -0.01659 -3.55213e+00
 43  0.01560 -2.85072e+00 | 44  0.03682 -3.54985e+00 | 45 -0.00273 -2.14344e+00
 46 -0.04552 -1.32505e+00 | 47 -0.05363 -1.06116e+00 | 48 -0.06821 -9.08028e-01
 49 -0.04486 -1.05422e+00 | 50 -0.10180 -6.60965e-01 | 51  0.01496 -1.72304e+00
 52 -0.18601 -4.97430e-01 | 53 -0.20181 -4.45727e-01 | 54 -0.21056 -4.52077e-01
 55 -0.16998 -6.06302e-01 | 56 -0.18489 -5.44752e-01 | 57 -0.15878 -6.91713e-01
 58 -0.05882 -1.48939e+00 | 59 -0.17601 -5.64630e-01 | 60 -0.11452 -9.40281e-01
 61 -0.18568 -5.21242e-01 | 62 -0.13919 -7.28816e-01 | 63 -0.15537 -5.64555e-01
 64 -0.21899 -2.87481e-01 | 65 -0.17497 -3.11276e-01 | 66 -0.15350 -2.65772e-01
 67 -0.17159 -1.32037e-01 | 68 -0.12919 -8.22794e-02 | 69 -0.17543 -1.32491e-02
 70 -0.17056  3.01626e-03 | 71 -0.17588  3.08709e-03 | 72 -0.41138 -1.71770e+01
 73 -0.12316  1.43129e+00 | 74 -0.73838  1.27274e+03 | 75 -1.76555 -2.16960e+00
 76  1.53157  1.11067e+00 | 77  1.89967 -2.23985e+00 | 78  0.13556  2.15191e-02
 79 -0.98596  1.36918e-03 | 80  0.99522  5.08639e-03 | 81  0.28541  6.94438e-01
81 variables; iteration 2100; function evaluation 2459; phase 3
Function value 5.3352092e+01; maximum gradient component mag -1.5205e+03
Var    Value     Gradient |Var    Value     Gradient |Var    Value     Gradient
  1  0.04175  3.63708e+02 |  2 -0.00159  5.86303e-01 |  3 -0.00184  7.05947e-01
  4 -0.01777  7.53724e-01 |  5 -0.01801  9.05002e-01 |  6 -0.01847  1.02916e+00
  7 -0.01886  1.19710e+00 |  8 -0.01922  1.40336e+00 |  9 -0.01971  1.59551e+00
 10 -0.02004  1.84182e+00 | 11 -0.02037  2.08424e+00 | 12 -0.01887  2.38930e+00
 13 -0.02062  2.62603e+00 | 14 -0.02440  2.81840e+00 | 15 -0.02758  3.03099e+00
 16 -0.02698  3.43824e+00 | 17 -0.02675  3.75611e+00 | 18 -0.02483  4.11695e+00
 19 -0.02884  4.53458e+00 | 20 -0.02949  4.28691e+00 | 21 -0.02995  3.96784e+00
 22 -0.02448  5.81676e+00 | 23 -0.02318  6.34275e+00 | 24 -0.02869  4.99155e+00
 25 -0.03419  4.39660e+00 | 26 -0.03857  4.30862e+00 | 27 -0.04594  4.25326e+00
 28 -0.05524  4.15389e+00 | 29 -0.06296  3.69681e+00 | 30 -0.07850  2.95350e+00
 31 -0.11405  2.02807e+00 | 32 -0.14220  1.53744e+00 | 33 -0.15592  1.56872e+00
 34 -0.03686  5.23183e+00 | 35 -0.02259  5.90332e+00 | 36 -0.02614  6.32458e+00
 37  0.03423  1.04839e+01 | 38 -0.08192  3.61422e+00 | 39  0.07121  1.14434e+01
 40  0.03972  7.03662e+00 | 41 -0.00639  5.51927e+00 | 42 -0.01828  2.98538e+00
 43  0.01698  4.80287e+00 | 44  0.03599  4.00296e+00 | 45 -0.00214  2.80634e+00
 46 -0.04594  1.44682e+00 | 47 -0.05349  1.13621e+00 | 48 -0.06840  8.34995e-01
 49 -0.04486  1.09547e+00 | 50 -0.10176  7.60135e-01 | 51  0.01495  1.88010e+00
 52 -0.18592  5.20325e-01 | 53 -0.20183  4.45840e-01 | 54 -0.21044  4.19017e-01
 55 -0.16998  5.37254e-01 | 56 -0.18484  4.36063e-01 | 57 -0.15872  5.38606e-01
 58 -0.05875  1.23135e+00 | 59 -0.17597  4.67259e-01 | 60 -0.11454  7.81271e-01
 61 -0.18562  4.90795e-01 | 62 -0.13914  7.02475e-01 | 63 -0.15540  5.60210e-01
 64 -0.21893  3.20494e-01 | 65 -0.17490  3.93178e-01 | 66 -0.15348  2.99269e-01
 67 -0.17156  1.38099e-01 | 68 -0.12919  8.37595e-02 | 69 -0.17535  1.72517e-02
 70 -0.17046 -2.22910e-03 | 71 -0.17577 -1.75649e-03 | 72 -0.41126 -2.36428e+00
 73 -0.12316 -1.99174e+00 | 74 -0.73838 -1.52050e+03 | 75 -1.75978  5.81079e-01
 76  1.53115 -1.36398e+00 | 77  1.89953  2.34341e+00 | 78  0.13556 -1.63510e-01
 79 -0.98622 -3.61851e-03 | 80  0.99524  1.11150e-02 | 81  0.28543 -7.34791e-01
81 variables; iteration 2120; function evaluation 2486; phase 3
Function value 5.3345349e+01; maximum gradient component mag -5.8579e+03
Var    Value     Gradient |Var    Value     Gradient |Var    Value     Gradient
  1  0.04173  1.53109e+03 |  2 -0.00158  2.56636e+00 |  3 -0.00183  3.07203e+00
  4 -0.01782  3.22066e+00 |  5 -0.01813  3.80285e+00 |  6 -0.01847  4.46906e+00
  7 -0.01884  5.21910e+00 |  8 -0.01922  6.05962e+00 |  9 -0.01972  6.94984e+00
 10 -0.02006  7.95144e+00 | 11 -0.02039  8.98980e+00 | 12 -0.01896  1.02184e+01
 13 -0.02069  1.12903e+01 | 14 -0.02443  1.21243e+01 | 15 -0.02758  1.29990e+01
 16 -0.02714  1.45586e+01 | 17 -0.02688  1.61416e+01 | 18 -0.02451  1.84113e+01
 19 -0.02976  1.93818e+01 | 20 -0.03120  1.91319e+01 | 21 -0.02905  1.99572e+01
 22 -0.02859  2.04097e+01 | 23 -0.02687  2.12190e+01 | 24 -0.02423  2.27425e+01
 25 -0.02765  2.30770e+01 | 26 -0.03730  1.99683e+01 | 27 -0.04696  1.83124e+01
 28 -0.05656  1.72281e+01 | 29 -0.06372  1.52729e+01 | 30 -0.07870  1.24044e+01
 31 -0.11409  8.48259e+00 | 32 -0.14236  6.31997e+00 | 33 -0.15633  6.50151e+00
 34 -0.03530  2.31540e+01 | 35 -0.02529  2.46943e+01 | 36 -0.02330  2.90078e+01
 37  0.03259  4.06159e+01 | 38 -0.07876  1.63216e+01 | 39  0.07004  4.18581e+01
 40  0.04137  2.98002e+01 | 41 -0.00892  1.81547e+01 | 42 -0.01571  1.38216e+01
 43  0.01508  1.63105e+01 | 44  0.03704  1.67523e+01 | 45 -0.00281  1.09135e+01
 46 -0.04562  6.31635e+00 | 47 -0.05377  5.00305e+00 | 48 -0.06829  4.12875e+00
 49 -0.04497  4.84739e+00 | 50 -0.10180  3.08369e+00 | 51  0.01495  7.83323e+00
 52 -0.18598  2.13170e+00 | 53 -0.20186  1.94884e+00 | 54 -0.21034  1.91876e+00
 55 -0.16999  2.65523e+00 | 56 -0.18480  2.38326e+00 | 57 -0.15867  3.00251e+00
 58 -0.05873  6.59359e+00 | 59 -0.17589  2.56660e+00 | 60 -0.11460  4.13324e+00
 61 -0.18562  2.40803e+00 | 62 -0.13904  3.41718e+00 | 63 -0.15548  2.63990e+00
 64 -0.21893  1.38231e+00 | 65 -0.17487  1.59363e+00 | 66 -0.15348  1.31566e+00
 67 -0.17153  6.76622e-01 | 68 -0.12919  4.32597e-01 | 69 -0.17534  6.84383e-02
 70 -0.17042 -1.03692e-02 | 71 -0.17574 -1.20481e-02 | 72 -0.41106  2.26986e+01
 73 -0.12297 -7.62429e+00 | 74 -0.73838 -5.85794e+03 | 75 -1.75323  4.71723e+00
 76  1.53087 -5.40368e+00 | 77  1.89966  9.76984e+00 | 78  0.13556 -3.35975e-02
 79 -0.98613 -1.21807e-03 | 80  0.99522  1.57960e-02 | 81  0.28540 -3.52161e+00
81 variables; iteration 2140; function evaluation 2513; phase 3
Function value 5.3339437e+01; maximum gradient component mag 2.1597e+03
Var    Value     Gradient |Var    Value     Gradient |Var    Value     Gradient
  1  0.04174 -6.49568e+02 |  2 -0.00160 -1.10077e+00 |  3 -0.00185 -1.31097e+00
  4 -0.01782 -1.37284e+00 |  5 -0.01812 -1.62147e+00 |  6 -0.01849 -1.91071e+00
  7 -0.01887 -2.23072e+00 |  8 -0.01927 -2.58444e+00 |  9 -0.01971 -2.97518e+00
 10 -0.02012 -3.39735e+00 | 11 -0.02043 -3.82963e+00 | 12 -0.01899 -4.34442e+00
 13 -0.02069 -4.81208e+00 | 14 -0.02450 -5.16162e+00 | 15 -0.02770 -5.51077e+00
 16 -0.02729 -6.18748e+00 | 17 -0.02705 -6.94031e+00 | 18 -0.02416 -7.88321e+00
 19 -0.02850 -8.47961e+00 | 20 -0.02737 -8.68645e+00 | 21 -0.02489 -8.48385e+00
 22 -0.03092 -9.44067e+00 | 23 -0.03184 -9.36276e+00 | 24 -0.02953 -8.58923e+00
 25 -0.03006 -8.18430e+00 | 26 -0.03586 -8.00464e+00 | 27 -0.04488 -7.97037e+00
 28 -0.05541 -7.68428e+00 | 29 -0.06344 -6.71898e+00 | 30 -0.07873 -5.34926e+00
 31 -0.11421 -3.60604e+00 | 32 -0.14247 -2.66580e+00 | 33 -0.15667 -2.72769e+00
 34 -0.03379 -8.62280e+00 | 35 -0.02792 -1.24446e+01 | 36 -0.02077 -1.05364e+01
 37  0.03105 -1.81249e+01 | 38 -0.07572 -6.27436e+00 | 39  0.06863 -1.73217e+01
 40  0.04322 -1.29484e+01 | 41 -0.01198 -7.03381e+00 | 42 -0.01290 -6.43560e+00
 43  0.01296 -6.40281e+00 | 44  0.03805 -7.43625e+00 | 45 -0.00343 -4.60331e+00
 46 -0.04539 -2.76543e+00 | 47 -0.05388 -2.17413e+00 | 48 -0.06833 -1.84810e+00
 49 -0.04500 -2.08506e+00 | 50 -0.10181 -1.29052e+00 | 51  0.01490 -3.16674e+00
 52 -0.18617 -8.58477e-01 | 53 -0.20200 -8.05181e-01 | 54 -0.21031 -8.04434e-01
 55 -0.17000 -1.17417e+00 | 56 -0.18485 -1.09631e+00 | 57 -0.15873 -1.39511e+00
 58 -0.05877 -3.02160e+00 | 59 -0.17597 -1.18626e+00 | 60 -0.11461 -1.90950e+00
 61 -0.18571 -1.07700e+00 | 62 -0.13897 -1.51562e+00 | 63 -0.15558 -1.17775e+00
 64 -0.21901 -6.02324e-01 | 65 -0.17486 -6.74130e-01 | 66 -0.15354 -5.74247e-01
 67 -0.17162 -3.13835e-01 | 68 -0.12923 -2.12525e-01 | 69 -0.17541 -3.20003e-02
 70 -0.17055  4.48194e-03 | 71 -0.17588  5.56815e-03 | 72 -0.41090 -2.32675e+01
 73 -0.12289  2.94128e+00 | 74 -0.73838  2.15966e+03 | 75 -1.74704 -3.01047e+00
 76  1.53234  2.27516e+00 | 77  1.90024 -4.10791e+00 | 78  0.13556 -6.09218e-02
 79 -0.98618 -1.61149e-03 | 80  0.99522  2.51742e-03 | 81  0.28538  1.52581e+00
81 variables; iteration 2160; function evaluation 2538; phase 3
Function value 5.3338109e+01; maximum gradient component mag 5.5789e+03
Var    Value     Gradient |Var    Value     Gradient |Var    Value     Gradient
  1  0.04174 -1.58402e+03 |  2 -0.00158 -2.66901e+00 |  3 -0.00188 -3.19726e+00
  4 -0.01783 -3.34919e+00 |  5 -0.01813 -3.95392e+00 |  6 -0.01850 -4.65129e+00
  7 -0.01885 -5.42399e+00 |  8 -0.01931 -6.29962e+00 |  9 -0.01968 -7.23617e+00
 10 -0.02012 -8.26349e+00 | 11 -0.02048 -9.34239e+00 | 12 -0.01899 -1.05993e+01
 13 -0.02078 -1.17439e+01 | 14 -0.02454 -1.25838e+01 | 15 -0.02788 -1.34718e+01
 16 -0.02748 -1.51024e+01 | 17 -0.02712 -1.68415e+01 | 18 -0.02435 -1.92762e+01
 19 -0.02809 -2.06775e+01 | 20 -0.02598 -2.12944e+01 | 21 -0.02335 -2.14543e+01
 22 -0.02747 -2.16083e+01 | 23 -0.03001 -2.13846e+01 | 24 -0.03291 -2.12497e+01
 25 -0.03552 -2.15138e+01 | 26 -0.03728 -2.03952e+01 | 27 -0.04422 -1.96583e+01
 28 -0.05441 -1.85925e+01 | 29 -0.06286 -1.62318e+01 | 30 -0.07856 -1.30111e+01
 31 -0.11422 -8.82025e+00 | 32 -0.14253 -6.56376e+00 | 33 -0.15669 -6.73080e+00
 34 -0.03373 -2.28122e+01 | 35 -0.02798 -2.80930e+01 | 36 -0.02070 -2.85021e+01
 37  0.03103 -4.33882e+01 | 38 -0.07573 -1.64937e+01 | 39  0.06866 -4.24829e+01
 40  0.04316 -3.15442e+01 | 41 -0.01181 -1.74136e+01 | 42 -0.01314 -1.51903e+01
 43  0.01319 -1.57270e+01 | 44  0.03791 -1.76133e+01 | 45 -0.00331 -1.10216e+01
 46 -0.04544 -6.55359e+00 | 47 -0.05383 -5.13963e+00 | 48 -0.06829 -4.28383e+00
 49 -0.04497 -5.00326e+00 | 50 -0.10186 -3.19802e+00 | 51  0.01493 -8.00186e+00
 52 -0.18629 -2.22890e+00 | 53 -0.20197 -2.00558e+00 | 54 -0.21030 -1.96771e+00
 55 -0.16999 -2.74719e+00 | 56 -0.18484 -2.47637e+00 | 57 -0.15871 -3.11995e+00
 58 -0.05879 -6.83987e+00 | 59 -0.17593 -2.64166e+00 | 60 -0.11463 -4.31064e+00
 61 -0.18568 -2.46162e+00 | 62 -0.13897 -3.50989e+00 | 63 -0.15557 -2.71626e+00
 64 -0.21900 -1.40810e+00 | 65 -0.17487 -1.61900e+00 | 66 -0.15353 -1.34187e+00
 67 -0.17162 -6.95007e-01 | 68 -0.12922 -4.47913e-01 | 69 -0.17543 -7.10401e-02
 70 -0.17058  1.05758e-02 | 71 -0.17591  1.25166e-02 | 72 -0.41085 -4.29704e+01
 73 -0.12271  7.52310e+00 | 74 -0.73837  5.57887e+03 | 75 -1.74544 -6.20694e+00
 76  1.53257  5.57835e+00 | 77  1.90029 -1.01001e+01 | 78  0.13556  2.32870e-02
 79 -0.98608  1.22146e-04 | 80  0.99521 -4.26553e-03 | 81  0.28535  3.56341e+00
81 variables; iteration 2180; function evaluation 2566; phase 3
Function value 5.3335460e+01; maximum gradient component mag -2.2658e+03
Var    Value     Gradient |Var    Value     Gradient |Var    Value     Gradient
  1  0.04172  5.77300e+02 |  2 -0.00158  9.57242e-01 |  3 -0.00187  1.13923e+00
  4 -0.01784  1.19754e+00 |  5 -0.01816  1.41234e+00 |  6 -0.01849  1.66420e+00
  7 -0.01887  1.94154e+00 |  8 -0.01926  2.25714e+00 |  9 -0.01974  2.58359e+00
 10 -0.02013  2.95478e+00 | 11 -0.02047  3.34170e+00 | 12 -0.01907  3.79314e+00
 13 -0.02075  4.20284e+00 | 14 -0.02453  4.51466e+00 | 15 -0.02788  4.79631e+00
 16 -0.02751  5.35881e+00 | 17 -0.02707  5.98439e+00 | 18 -0.02473  6.80156e+00
 19 -0.02958  7.14967e+00 | 20 -0.02890  7.40942e+00 | 21 -0.02624  8.12224e+00
 22 -0.02269  9.49923e+00 | 23 -0.02444  9.01087e+00 | 24 -0.02987  7.52027e+00
 25 -0.03628  6.59340e+00 | 26 -0.03910  6.89752e+00 | 27 -0.04580  6.99191e+00
 28 -0.05497  6.79967e+00 | 29 -0.06292  5.93421e+00 | 30 -0.07847  4.74062e+00
 31 -0.11414  3.21740e+00 | 32 -0.14249  2.39384e+00 | 33 -0.15663  2.46085e+00
 34 -0.03418  9.51275e+00 | 35 -0.02720  7.92482e+00 | 36 -0.02146  1.19999e+01
 37  0.03155  1.40775e+01 | 38 -0.07680  6.53830e+00 | 39  0.06932  1.52340e+01
 40  0.04216  1.09865e+01 | 41 -0.00985  6.93639e+00 | 42 -0.01524  4.90824e+00
 43  0.01483  6.42937e+00 | 44  0.03706  6.21511e+00 | 45 -0.00277  4.26163e+00
 46 -0.04569  2.42684e+00 | 47 -0.05375  1.98268e+00 | 48 -0.06829  1.64924e+00
 49 -0.04496  1.91102e+00 | 50 -0.10184  1.16603e+00 | 51  0.01496  3.02291e+00
 52 -0.18620  7.81779e-01 | 53 -0.20192  7.59772e-01 | 54 -0.21024  7.69830e-01
 55 -0.16998  1.08512e+00 | 56 -0.18478  1.00200e+00 | 57 -0.15865  1.26916e+00
 58 -0.05874  2.75232e+00 | 59 -0.17584  1.09442e+00 | 60 -0.11464  1.70891e+00
 61 -0.18563  1.00030e+00 | 62 -0.13893  1.39939e+00 | 63 -0.15555  1.07174e+00
 64 -0.21895  5.53956e-01 | 65 -0.17483  6.20466e-01 | 66 -0.15349  5.23873e-01
 67 -0.17155  2.77862e-01 | 68 -0.12919  1.81194e-01 | 69 -0.17537  2.66058e-02
 70 -0.17048 -4.46093e-03 | 71 -0.17580 -5.29902e-03 | 72 -0.41080  2.79950e+00
 73 -0.12259 -2.98322e+00 | 74 -0.73837 -2.26581e+03 | 75 -1.74263  1.18177e+00
 76  1.53344 -1.99381e+00 | 77  1.90040  3.67228e+00 | 78  0.13556  5.10473e-02
 79 -0.98604  6.61511e-04 | 80  0.99520  7.66415e-03 | 81  0.28534 -1.45593e+00
81 variables; iteration 2200; function evaluation 2592; phase 3
Function value 5.3331506e+01; maximum gradient component mag 5.6246e+03
Var    Value     Gradient |Var    Value     Gradient |Var    Value     Gradient
  1  0.04173 -1.50118e+03 |  2 -0.00158 -2.52938e+00 |  3 -0.00184 -3.02115e+00
  4 -0.01782 -3.17132e+00 |  5 -0.01811 -3.74242e+00 |  6 -0.01848 -4.40346e+00
  7 -0.01886 -5.14032e+00 |  8 -0.01924 -5.95662e+00 |  9 -0.01964 -6.84721e+00
 10 -0.02007 -7.82192e+00 | 11 -0.02043 -8.84410e+00 | 12 -0.01904 -1.00522e+01
 13 -0.02065 -1.11113e+01 | 14 -0.02436 -1.19008e+01 | 15 -0.02777 -1.27625e+01
 16 -0.02722 -1.42922e+01 | 17 -0.02643 -1.58857e+01 | 18 -0.02431 -1.82585e+01
 19 -0.02931 -1.96645e+01 | 20 -0.03052 -2.04915e+01 | 21 -0.03120 -2.09013e+01
 22 -0.02761 -2.04300e+01 | 23 -0.02479 -1.98704e+01 | 24 -0.02701 -1.97335e+01
 25 -0.03101 -2.00639e+01 | 26 -0.03625 -1.92041e+01 | 27 -0.04558 -1.87078e+01
 28 -0.05566 -1.77075e+01 | 29 -0.06358 -1.54598e+01 | 30 -0.07875 -1.23831e+01
 31 -0.11413 -8.37414e+00 | 32 -0.14244 -6.21779e+00 | 33 -0.15658 -6.36275e+00
 34 -0.03435 -2.15559e+01 | 35 -0.02699 -2.64156e+01 | 36 -0.02186 -2.68341e+01
 37  0.03177 -4.07089e+01 | 38 -0.07753 -1.54640e+01 | 39  0.06966 -4.00301e+01
 40  0.04143 -2.97507e+01 | 41 -0.00861 -1.65290e+01 | 42 -0.01680 -1.43572e+01
 43  0.01589 -1.49875e+01 | 44  0.03637 -1.67703e+01 | 45 -0.00241 -1.05531e+01
 46 -0.04598 -6.28127e+00 | 47 -0.05371 -4.95369e+00 | 48 -0.06843 -4.15500e+00
 49 -0.04502 -4.81690e+00 | 50 -0.10185 -3.04987e+00 | 51  0.01489 -7.62665e+00
 52 -0.18623 -2.10031e+00 | 53 -0.20198 -1.91844e+00 | 54 -0.21026 -1.89736e+00
 55 -0.17000 -2.66634e+00 | 56 -0.18482 -2.42880e+00 | 57 -0.15869 -3.06945e+00
 58 -0.05876 -6.68526e+00 | 59 -0.17591 -2.60114e+00 | 60 -0.11468 -4.20134e+00
 61 -0.18568 -2.39708e+00 | 62 -0.13895 -3.40417e+00 | 63 -0.15562 -2.62698e+00
 64 -0.21899 -1.35669e+00 | 65 -0.17484 -1.54611e+00 | 66 -0.15354 -1.29162e+00
 67 -0.17160 -6.78808e-01 | 68 -0.12924 -4.42300e-01 | 69 -0.17539 -6.91674e-02
 70 -0.17049  1.02341e-02 | 71 -0.17581  1.21684e-02 | 72 -0.41074 -4.15455e+01
 73 -0.12260  7.14021e+00 | 74 -0.73837  5.62458e+03 | 75 -1.73791 -5.86128e+00
 76  1.53534  5.37426e+00 | 77  1.90087 -9.45008e+00 | 78  0.13556 -4.39021e-02
 79 -0.98613 -8.45484e-04 | 80  0.99522 -2.49621e-03 | 81  0.28535  3.46934e+00
81 variables; iteration 2220; function evaluation 2619; phase 3
Function value 5.3328806e+01; maximum gradient component mag 4.9991e+02
Var    Value     Gradient |Var    Value     Gradient |Var    Value     Gradient
  1  0.04174 -1.61242e+02 |  2 -0.00158 -2.73871e-01 |  3 -0.00184 -3.25744e-01
  4 -0.01782 -3.42881e-01 |  5 -0.01813 -4.06580e-01 |  6 -0.01847 -4.75136e-01
  7 -0.01884 -5.54049e-01 |  8 -0.01924 -6.41503e-01 |  9 -0.01964 -7.31390e-01
 10 -0.02008 -8.43053e-01 | 11 -0.02041 -9.50453e-01 | 12 -0.01904 -1.09088e+00
 13 -0.02064 -1.18334e+00 | 14 -0.02432 -1.23956e+00 | 15 -0.02772 -1.36788e+00
 16 -0.02715 -1.50530e+00 | 17 -0.02629 -1.58548e+00 | 18 -0.02346 -1.78129e+00
 19 -0.02792 -1.95709e+00 | 20 -0.02806 -2.23298e+00 | 21 -0.02887 -2.66056e+00
 22 -0.03166 -3.15292e+00 | 23 -0.03181 -3.00549e+00 | 24 -0.02986 -2.19643e+00
 25 -0.02942 -1.26566e+00 | 26 -0.03394 -1.07455e+00 | 27 -0.04395 -1.57576e+00
 28 -0.05505 -1.84068e+00 | 29 -0.06351 -1.75978e+00 | 30 -0.07883 -1.40797e+00
 31 -0.11419 -9.25701e-01 | 32 -0.14243 -6.70863e-01 | 33 -0.15654 -6.68635e-01
 34 -0.03456 -1.59826e+00 | 35 -0.02660 -4.01207e+00 | 36 -0.02232 -1.96151e+00
 37  0.03203 -5.02949e+00 | 38 -0.07813 -1.39028e+00 | 39  0.06983 -4.08520e+00
 40  0.04115 -3.61212e+00 | 41 -0.00830 -1.23405e+00 | 42 -0.01709 -2.08930e+00
 43  0.01604 -1.11864e+00 | 44  0.03624 -2.09275e+00 | 45 -0.00239 -1.05055e+00
 46 -0.04599 -7.26119e-01 | 47 -0.05372 -5.41728e-01 | 48 -0.06843 -4.87322e-01
 49 -0.04503 -5.35435e-01 | 50 -0.10186 -3.45399e-01 | 51  0.01486 -8.02074e-01
 52 -0.18632 -2.39216e-01 | 53 -0.20204 -2.10060e-01 | 54 -0.21026 -2.09946e-01
 55 -0.17002 -3.09020e-01 | 56 -0.18484 -2.92315e-01 | 57 -0.15872 -3.73087e-01
 58 -0.05878 -7.95455e-01 | 59 -0.17594 -3.09138e-01 | 60 -0.11468 -4.99514e-01
 61 -0.18572 -2.70547e-01 | 62 -0.13893 -3.82369e-01 | 63 -0.15565 -2.94060e-01
 64 -0.21903 -1.47947e-01 | 65 -0.17484 -1.61345e-01 | 66 -0.15357 -1.37497e-01
 67 -0.17163 -7.67088e-02 | 68 -0.12925 -5.30717e-02 | 69 -0.17543 -7.96975e-03
 70 -0.17057  1.15123e-03 | 71 -0.17589  1.46237e-03 | 72 -0.41069 -1.31210e+01
 73 -0.12254  6.22234e-01 | 74 -0.73837  4.99912e+02 | 75 -1.73443 -1.29276e+00
 76  1.53599  6.32535e-01 | 77  1.90105 -9.50429e-01 | 78  0.13556 -1.26937e-02
 79 -0.98611 -4.11029e-04 | 80  0.99522  5.12166e-03 | 81  0.28534  3.73974e-01
81 variables; iteration 2240; function evaluation 2645; phase 3
Function value 5.3323555e+01; maximum gradient component mag 1.2620e+04
Var    Value     Gradient |Var    Value     Gradient |Var    Value     Gradient
  1  0.04169 -3.32382e+03 |  2 -0.00157 -5.58121e+00 |  3 -0.00185 -6.67258e+00
  4 -0.01783 -7.00557e+00 |  5 -0.01814 -8.27668e+00 |  6 -0.01847 -9.71855e+00
  7 -0.01884 -1.13463e+01 |  8 -0.01925 -1.31573e+01 |  9 -0.01968 -1.51399e+01
 10 -0.02009 -1.72756e+01 | 11 -0.02045 -1.95284e+01 | 12 -0.01906 -2.21875e+01
 13 -0.02073 -2.45488e+01 | 14 -0.02448 -2.63191e+01 | 15 -0.02781 -2.81576e+01
 16 -0.02736 -3.15655e+01 | 17 -0.02674 -3.52008e+01 | 18 -0.02386 -4.03878e+01
 19 -0.02741 -4.35144e+01 | 20 -0.02522 -4.52206e+01 | 21 -0.02352 -4.59252e+01
 22 -0.02827 -4.51500e+01 | 23 -0.03228 -4.39841e+01 | 24 -0.03330 -4.34459e+01
 25 -0.03454 -4.44138e+01 | 26 -0.03678 -4.29596e+01 | 27 -0.04386 -4.16559e+01
 28 -0.05404 -3.92865e+01 | 29 -0.06256 -3.41667e+01 | 30 -0.07835 -2.73423e+01
 31 -0.11409 -1.85220e+01 | 32 -0.14239 -1.37696e+01 | 33 -0.15633 -1.41143e+01
 34 -0.03580 -4.85948e+01 | 35 -0.02435 -5.69084e+01 | 36 -0.02458 -6.06509e+01
 37  0.03352 -8.98655e+01 | 38 -0.08120 -3.46414e+01 | 39  0.07122 -9.02198e+01
 40  0.03926 -6.55123e+01 | 41 -0.00532 -3.83495e+01 | 42 -0.01995 -3.08885e+01
 43  0.01810 -3.46349e+01 | 44  0.03518 -3.67152e+01 | 45 -0.00168 -2.36484e+01
 46 -0.04625 -1.37703e+01 | 47 -0.05355 -1.08939e+01 | 48 -0.06839 -9.02216e+00
 49 -0.04496 -1.05170e+01 | 50 -0.10181 -6.67143e+00 | 51  0.01493 -1.67173e+01
 52 -0.18634 -4.55628e+00 | 53 -0.20199 -4.15998e+00 | 54 -0.21011 -4.10491e+00
 55 -0.16994 -5.74368e+00 | 56 -0.18475 -5.18424e+00 | 57 -0.15863 -6.55144e+00
 58 -0.05870 -1.43502e+01 | 59 -0.17581 -5.57058e+00 | 60 -0.11465 -9.04244e+00
 61 -0.18563 -5.19458e+00 | 62 -0.13880 -7.39419e+00 | 63 -0.15562 -5.71355e+00
 64 -0.21895 -2.97666e+00 | 65 -0.17475 -3.42162e+00 | 66 -0.15350 -2.84042e+00
 67 -0.17155 -1.47092e+00 | 68 -0.12918 -9.55048e-01 | 69 -0.17536 -1.51115e-01
 70 -0.17052  2.25286e-02 | 71 -0.17584  2.62701e-02 | 72 -0.41055 -8.03564e+01
 73 -0.12227  1.61109e+01 | 74 -0.73836  1.26205e+04 | 75 -1.72654 -1.14159e+01
 76  1.53523  1.17856e+01 | 77  1.90072 -2.11507e+01 | 78  0.13556  3.04708e-02
 79 -0.98603  9.04947e-04 | 80  0.99521 -1.53323e-02 | 81  0.28529  7.51940e+00
81 variables; iteration 2260; function evaluation 2670; phase 3
Function value 5.3320216e+01; maximum gradient component mag 4.0794e+03
Var    Value     Gradient |Var    Value     Gradient |Var    Value     Gradient
  1  0.04165 -1.12156e+03 |  2 -0.00158 -1.89490e+00 |  3 -0.00184 -2.26420e+00
  4 -0.01781 -2.37503e+00 |  5 -0.01812 -2.80569e+00 |  6 -0.01847 -3.29927e+00
  7 -0.01882 -3.84619e+00 |  8 -0.01926 -4.46569e+00 |  9 -0.01965 -5.13138e+00
 10 -0.02007 -5.86008e+00 | 11 -0.02042 -6.62343e+00 | 12 -0.01899 -7.52037e+00
 13 -0.02071 -8.32783e+00 | 14 -0.02452 -8.93255e+00 | 15 -0.02778 -9.55682e+00
 16 -0.02732 -1.07046e+01 | 17 -0.02702 -1.19536e+01 | 18 -0.02475 -1.37254e+01
 19 -0.02887 -1.47121e+01 | 20 -0.02767 -1.51537e+01 | 21 -0.02509 -1.51505e+01
 22 -0.02530 -1.50344e+01 | 23 -0.02601 -1.48132e+01 | 24 -0.02907 -1.48434e+01
 25 -0.03448 -1.53140e+01 | 26 -0.03955 -1.47446e+01 | 27 -0.04607 -1.41162e+01
 28 -0.05499 -1.32277e+01 | 29 -0.06263 -1.14791e+01 | 30 -0.07811 -9.18493e+00
 31 -0.11399 -6.23379e+00 | 32 -0.14238 -4.63402e+00 | 33 -0.15625 -4.73884e+00
 34 -0.03636 -1.62632e+01 | 35 -0.02349 -1.94093e+01 | 36 -0.02543 -2.04802e+01
 37  0.03410 -3.00765e+01 | 38 -0.08248 -1.18384e+01 | 39  0.07193 -2.95538e+01
 40  0.03832 -2.24251e+01 | 41 -0.00376 -1.21197e+01 | 42 -0.02150 -1.08157e+01
 43  0.01923 -1.10998e+01 | 44  0.03462 -1.25951e+01 | 45 -0.00127 -7.87433e+00
 46 -0.04645 -4.69169e+00 | 47 -0.05348 -3.68508e+00 | 48 -0.06842 -3.08154e+00
 49 -0.04496 -3.57378e+00 | 50 -0.10175 -2.26505e+00 | 51  0.01497 -5.63387e+00
 52 -0.18623 -1.55307e+00 | 53 -0.20192 -1.41275e+00 | 54 -0.21001 -1.39704e+00
 55 -0.16989 -1.97433e+00 | 56 -0.18467 -1.79797e+00 | 57 -0.15853 -2.27649e+00
 58 -0.05861 -4.98113e+00 | 59 -0.17570 -1.93147e+00 | 60 -0.11464 -3.14876e+00
 61 -0.18555 -1.79399e+00 | 62 -0.13871 -2.55550e+00 | 63 -0.15560 -1.97606e+00
 64 -0.21887 -1.02540e+00 | 65 -0.17465 -1.17196e+00 | 66 -0.15344 -9.76272e-01
 67 -0.17146 -5.12865e-01 | 68 -0.12912 -3.36088e-01 | 69 -0.17526 -5.29085e-02
 70 -0.17038  7.80243e-03 | 71 -0.17570  9.14301e-03 | 72 -0.41047 -3.37802e+01
 73 -0.12222  5.32590e+00 | 74 -0.73836  4.07938e+03 | 75 -1.72238 -4.18522e+00
 76  1.53363  3.94720e+00 | 77  1.90024 -7.11516e+00 | 78  0.13556 -1.36782e-03
 79 -0.98610 -6.78845e-04 | 80  0.99522 -5.40756e-04 | 81  0.28529  2.57149e+00
81 variables; iteration 2280; function evaluation 2695; phase 3
Function value 5.3319602e+01; maximum gradient component mag 3.2716e+03
Var    Value     Gradient |Var    Value     Gradient |Var    Value     Gradient
  1  0.04165 -9.09812e+02 |  2 -0.00157 -1.53340e+00 |  3 -0.00185 -1.83375e+00
  4 -0.01781 -1.92278e+00 |  5 -0.01811 -2.27039e+00 |  6 -0.01845 -2.66673e+00
  7 -0.01885 -3.11868e+00 |  8 -0.01924 -3.61300e+00 |  9 -0.01968 -4.15820e+00
 10 -0.02006 -4.74155e+00 | 11 -0.02045 -5.36893e+00 | 12 -0.01900 -6.08934e+00
 13 -0.02066 -6.73487e+00 | 14 -0.02436 -7.20277e+00 | 15 -0.02757 -7.70153e+00
 16 -0.02717 -8.64538e+00 | 17 -0.02698 -9.68763e+00 | 18 -0.02444 -1.10860e+01
 19 -0.02948 -1.20226e+01 | 20 -0.02931 -1.25011e+01 | 21 -0.02735 -1.24886e+01
 22 -0.02740 -1.23511e+01 | 23 -0.02601 -1.18733e+01 | 24 -0.02570 -1.14686e+01
 25 -0.03119 -1.19613e+01 | 26 -0.03861 -1.18729e+01 | 27 -0.04664 -1.15526e+01
 28 -0.05573 -1.08289e+01 | 29 -0.06306 -9.35129e+00 | 30 -0.07832 -7.46729e+00
 31 -0.11400 -5.05245e+00 | 32 -0.14238 -3.75367e+00 | 33 -0.15630 -3.84052e+00
 34 -0.03611 -1.31293e+01 | 35 -0.02395 -1.59371e+01 | 36 -0.02497 -1.66707e+01
 37  0.03382 -2.47627e+01 | 38 -0.08203 -9.80532e+00 | 39  0.07182 -2.43802e+01
 40  0.03841 -1.88170e+01 | 41 -0.00384 -9.85385e+00 | 42 -0.02150 -9.11899e+00
 43  0.01915 -8.95083e+00 | 44  0.03470 -1.02581e+01 | 45 -0.00138 -6.31621e+00
 46 -0.04641 -3.74791e+00 | 47 -0.05355 -2.93119e+00 | 48 -0.06843 -2.45318e+00
 49 -0.04500 -2.84474e+00 | 50 -0.10176 -1.81667e+00 | 51  0.01496 -4.50267e+00
 52 -0.18622 -1.24019e+00 | 53 -0.20193 -1.11973e+00 | 54 -0.21001 -1.10215e+00
 55 -0.16991 -1.54820e+00 | 56 -0.18466 -1.39809e+00 | 57 -0.15853 -1.76916e+00
 58 -0.05861 -3.86183e+00 | 59 -0.17570 -1.49431e+00 | 60 -0.11467 -2.44022e+00
 61 -0.18553 -1.37955e+00 | 62 -0.13872 -1.97779e+00 | 63 -0.15562 -1.52412e+00
 64 -0.21887 -7.88743e-01 | 65 -0.17466 -9.04022e-01 | 66 -0.15345 -7.49553e-01
 67 -0.17145 -3.88163e-01 | 68 -0.12914 -2.53641e-01 | 69 -0.17526 -3.97059e-02
 70 -0.17036  5.87157e-03 | 71 -0.17568  6.98524e-03 | 72 -0.41044 -2.91775e+01
 73 -0.12218  4.27829e+00 | 74 -0.73836  3.27157e+03 | 75 -1.72112 -3.50656e+00
 76  1.53338  3.21748e+00 | 77  1.90021 -5.80130e+00 | 78  0.13556  1.77152e-03
 79 -0.98608 -1.69899e-04 | 80  0.99520 -6.24745e-04 | 81  0.28529  1.98997e+00
81 variables; iteration 2300; function evaluation 2721; phase 3
Function value 5.3317627e+01; maximum gradient component mag 1.8548e+03
Var    Value     Gradient |Var    Value     Gradient |Var    Value     Gradient
  1  0.04166 -5.57338e+02 |  2 -0.00155 -9.37220e-01 |  3 -0.00182 -1.12186e+00
  4 -0.01781 -1.18022e+00 |  5 -0.01812 -1.39527e+00 |  6 -0.01846 -1.63799e+00
  7 -0.01882 -1.90948e+00 |  8 -0.01920 -2.20833e+00 |  9 -0.01967 -2.55284e+00
 10 -0.02003 -2.90349e+00 | 11 -0.02037 -3.28026e+00 | 12 -0.01894 -3.72540e+00
 13 -0.02067 -4.13325e+00 | 14 -0.02434 -4.40383e+00 | 15 -0.02753 -4.70242e+00
 16 -0.02707 -5.27788e+00 | 17 -0.02660 -5.88937e+00 | 18 -0.02352 -6.64959e+00
 19 -0.02810 -7.20574e+00 | 20 -0.02771 -7.51174e+00 | 21 -0.02716 -7.66297e+00
 22 -0.03065 -8.17860e+00 | 23 -0.03102 -8.01839e+00 | 24 -0.02885 -7.25253e+00
 25 -0.02986 -6.88838e+00 | 26 -0.03597 -6.83037e+00 | 27 -0.04490 -6.83535e+00
 28 -0.05524 -6.58043e+00 | 29 -0.06313 -5.72498e+00 | 30 -0.07848 -4.56246e+00
 31 -0.11407 -3.08009e+00 | 32 -0.14240 -2.29849e+00 | 33 -0.15633 -2.34997e+00
 34 -0.03611 -7.90944e+00 | 35 -0.02394 -9.87747e+00 | 36 -0.02505 -1.01771e+01
 37  0.03383 -1.49852e+01 | 38 -0.08218 -6.13741e+00 | 39  0.07178 -1.45233e+01
 40  0.03841 -1.18928e+01 | 41 -0.00396 -5.62681e+00 | 42 -0.02144 -5.94672e+00
 43  0.01913 -5.23636e+00 | 44  0.03460 -6.61024e+00 | 45 -0.00132 -3.88537e+00
 46 -0.04649 -2.37487e+00 | 47 -0.05356 -1.81727e+00 | 48 -0.06843 -1.50458e+00
 49 -0.04502 -1.76098e+00 | 50 -0.10178 -1.14151e+00 | 51  0.01493 -2.82707e+00
 52 -0.18634 -8.08441e-01 | 53 -0.20199 -7.11260e-01 | 54 -0.21002 -6.91046e-01
 55 -0.16992 -9.59534e-01 | 56 -0.18470 -8.52288e-01 | 57 -0.15856 -1.06104e+00
 58 -0.05865 -2.33770e+00 | 59 -0.17572 -8.90681e-01 | 60 -0.11469 -1.48783e+00
 61 -0.18558 -8.33639e-01 | 62 -0.13871 -1.20235e+00 | 63 -0.15567 -9.40227e-01
 64 -0.21890 -4.85756e-01 | 65 -0.17468 -5.69797e-01 | 66 -0.15349 -4.73748e-01
 67 -0.17150 -2.40486e-01 | 68 -0.12915 -1.52046e-01 | 69 -0.17532 -2.56319e-02
 70 -0.17044  3.85070e-03 | 71 -0.17577  4.20139e-03 | 72 -0.41040 -2.17816e+01
 73 -0.12219  2.56137e+00 | 74 -0.73836  1.85476e+03 | 75 -1.71869 -2.34644e+00
 76  1.53229  1.92471e+00 | 77  1.89999 -3.57242e+00 | 78  0.13556  3.52372e-02
 79 -0.98603  9.97444e-04 | 80  0.99521  1.83835e-03 | 81  0.28527  1.19636e+00
81 variables; iteration 2320; function evaluation 2747; phase 3
Function value 5.3316673e+01; maximum gradient component mag 6.4996e+03
Var    Value     Gradient |Var    Value     Gradient |Var    Value     Gradient
  1  0.04164 -1.86425e+03 |  2 -0.00157 -3.14006e+00 |  3 -0.00184 -3.75357e+00
  4 -0.01781 -3.94053e+00 |  5 -0.01812 -4.65444e+00 |  6 -0.01845 -5.46552e+00
  7 -0.01883 -6.38265e+00 |  8 -0.01924 -7.40187e+00 |  9 -0.01969 -8.52085e+00
 10 -0.02007 -9.71708e+00 | 11 -0.02042 -1.09831e+01 | 12 -0.01897 -1.24719e+01
 13 -0.02068 -1.38042e+01 | 14 -0.02447 -1.48016e+01 | 15 -0.02762 -1.58217e+01
 16 -0.02725 -1.77482e+01 | 17 -0.02685 -1.97945e+01 | 18 -0.02383 -2.26507e+01
 19 -0.02799 -2.43484e+01 | 20 -0.02640 -2.51557e+01 | 21 -0.02428 -2.54430e+01
 22 -0.02769 -2.54425e+01 | 23 -0.03017 -2.51239e+01 | 24 -0.03105 -2.47837e+01
 25 -0.03385 -2.51392e+01 | 26 -0.03777 -2.40844e+01 | 27 -0.04484 -2.32575e+01
 28 -0.05460 -2.19596e+01 | 29 -0.06263 -1.91239e+01 | 30 -0.07824 -1.53160e+01
 31 -0.11405 -1.03839e+01 | 32 -0.14240 -7.72306e+00 | 33 -0.15627 -7.91633e+00
 34 -0.03646 -2.72229e+01 | 35 -0.02333 -3.20878e+01 | 36 -0.02561 -3.40703e+01
 37  0.03419 -5.02276e+01 | 38 -0.08279 -1.94635e+01 | 39  0.07205 -4.99992e+01
 40  0.03810 -3.67129e+01 | 41 -0.00346 -2.09685e+01 | 42 -0.02185 -1.73974e+01
 43  0.01943 -1.90158e+01 | 44  0.03450 -2.05673e+01 | 45 -0.00122 -1.31728e+01
 46 -0.04648 -7.72660e+00 | 47 -0.05351 -6.11867e+00 | 48 -0.06842 -5.09383e+00
 49 -0.04498 -5.95579e+00 | 50 -0.10175 -3.79654e+00 | 51  0.01496 -9.50192e+00
 52 -0.18630 -2.59745e+00 | 53 -0.20197 -2.36734e+00 | 54 -0.20996 -2.33079e+00
 55 -0.16988 -3.26483e+00 | 56 -0.18466 -2.94239e+00 | 57 -0.15853 -3.71060e+00
 58 -0.05861 -8.12063e+00 | 59 -0.17569 -3.14543e+00 | 60 -0.11466 -5.12459e+00
 61 -0.18554 -2.92527e+00 | 62 -0.13866 -4.17204e+00 | 63 -0.15564 -3.22606e+00
 64 -0.21887 -1.67520e+00 | 65 -0.17463 -1.92708e+00 | 66 -0.15345 -1.60262e+00
 67 -0.17146 -8.30346e-01 | 68 -0.12912 -5.39363e-01 | 69 -0.17528 -8.57292e-02
 70 -0.17042  1.23527e-02 | 71 -0.17575  1.45352e-02 | 72 -0.41037 -4.95606e+01
 73 -0.12214  8.98857e+00 | 74 -0.73836  6.49957e+03 | 75 -1.71735 -6.22075e+00
 76  1.53183  6.50249e+00 | 77  1.89983 -1.19379e+01 | 78  0.13556  7.70077e-03
 79 -0.98606  2.78297e-04 | 80  0.99520 -6.74698e-03 | 81  0.28526  4.23512e+00
81 variables; iteration 2340; function evaluation 2774; phase 3
Function value 5.3314472e+01; maximum gradient component mag 6.7694e+02
Var    Value     Gradient |Var    Value     Gradient |Var    Value     Gradient
  1  0.04161 -2.53681e+02 |  2 -0.00158 -4.43863e-01 |  3 -0.00184 -5.30311e-01
  4 -0.01782 -5.56124e-01 |  5 -0.01812 -6.56959e-01 |  6 -0.01846 -7.71121e-01
  7 -0.01885 -9.02258e-01 |  8 -0.01924 -1.04333e+00 |  9 -0.01972 -1.21378e+00
 10 -0.02007 -1.36925e+00 | 11 -0.02043 -1.55133e+00 | 12 -0.01898 -1.75290e+00
 13 -0.02073 -1.95621e+00 | 14 -0.02455 -2.10498e+00 | 15 -0.02768 -2.22496e+00
 16 -0.02734 -2.51664e+00 | 17 -0.02721 -2.87670e+00 | 18 -0.02494 -3.33343e+00
 19 -0.02963 -3.65626e+00 | 20 -0.02874 -3.71911e+00 | 21 -0.02538 -3.18924e+00
 22 -0.02508 -2.94626e+00 | 23 -0.02447 -2.60906e+00 | 24 -0.02710 -2.87562e+00
 25 -0.03364 -3.66477e+00 | 26 -0.03984 -3.87907e+00 | 27 -0.04679 -3.61520e+00
 28 -0.05558 -3.21654e+00 | 29 -0.06289 -2.65614e+00 | 30 -0.07820 -2.07783e+00
 31 -0.11401 -1.40667e+00 | 32 -0.14244 -1.04990e+00 | 33 -0.15643 -1.07498e+00
 34 -0.03587 -3.48983e+00 | 35 -0.02437 -4.91919e+00 | 36 -0.02445 -4.53402e+00
 37  0.03359 -6.79979e+00 | 38 -0.08160 -2.83937e+00 | 39  0.07175 -5.75856e+00
 40  0.03865 -5.54496e+00 | 41 -0.00408 -1.72169e+00 | 42 -0.02118 -3.00191e+00
 43  0.01904 -1.72876e+00 | 44  0.03482 -3.02749e+00 | 45 -0.00134 -1.59516e+00
 46 -0.04642 -1.07753e+00 | 47 -0.05355 -8.15436e-01 | 48 -0.06842 -7.09087e-01
 49 -0.04500 -8.09062e-01 | 50 -0.10169 -5.15642e-01 | 51  0.01500 -1.23712e+00
 52 -0.18621 -3.55942e-01 | 53 -0.20193 -3.11612e-01 | 54 -0.20987 -3.04281e-01
 55 -0.16984 -4.43102e-01 | 56 -0.18459 -4.10210e-01 | 57 -0.15845 -5.21458e-01
 58 -0.05854 -1.13825e+00 | 59 -0.17560 -4.34707e-01 | 60 -0.11466 -7.39764e-01
 61 -0.18548 -3.99725e-01 | 62 -0.13858 -5.80387e-01 | 63 -0.15563 -4.52912e-01
 64 -0.21881 -2.27510e-01 | 65 -0.17456 -2.61839e-01 | 66 -0.15341 -2.22060e-01
 67 -0.17139 -1.17139e-01 | 68 -0.12908 -7.78881e-02 | 69 -0.17520 -1.24182e-02
 70 -0.17030  1.83938e-03 | 71 -0.17563  2.23208e-03 | 72 -0.41028 -1.51521e+01
 73 -0.12210  1.04716e+00 | 74 -0.73836  6.76941e+02 | 75 -1.71481 -1.37455e+00
 76  1.53043  8.40205e-01 | 77  1.89953 -1.62859e+00 | 78  0.13556 -7.10502e-03
 79 -0.98609 -3.29931e-04 | 80  0.99521  3.50254e-03 | 81  0.28527  5.52497e-01
81 variables; iteration 2360; function evaluation 2800; phase 3
Function value 5.3310519e+01; maximum gradient component mag -2.0401e+03
Var    Value     Gradient |Var    Value     Gradient |Var    Value     Gradient
  1  0.04163  5.63170e+02 |  2 -0.00158  9.39849e-01 |  3 -0.00184  1.12482e+00
  4 -0.01781  1.18104e+00 |  5 -0.01812  1.39426e+00 |  6 -0.01846  1.63893e+00
  7 -0.01884  1.91141e+00 |  8 -0.01924  2.21973e+00 |  9 -0.01969  2.54624e+00
 10 -0.02006  2.91680e+00 | 11 -0.02040  3.29738e+00 | 12 -0.01895  3.75557e+00
 13 -0.02066  4.14796e+00 | 14 -0.02441  4.45830e+00 | 15 -0.02756  4.78995e+00
 16 -0.02711  5.36527e+00 | 17 -0.02678  5.93749e+00 | 18 -0.02409  6.84462e+00
 19 -0.02919  7.09369e+00 | 20 -0.02964  6.96746e+00 | 21 -0.02923  6.92850e+00
 22 -0.03030  6.79081e+00 | 23 -0.02702  7.97427e+00 | 24 -0.02550  8.82621e+00
 25 -0.02905  8.91865e+00 | 26 -0.03645  7.71809e+00 | 27 -0.04584  6.86034e+00
 28 -0.05607  6.24655e+00 | 29 -0.06359  5.52820e+00 | 30 -0.07868  4.52096e+00
 31 -0.11414  3.11586e+00 | 32 -0.14253  2.32588e+00 | 33 -0.15673  2.39199e+00
 34 -0.03455  9.07807e+00 | 35 -0.02676  7.98052e+00 | 36 -0.02212  1.13705e+01
 37  0.03214  1.42332e+01 | 38 -0.07895  6.01580e+00 | 39  0.07067  1.56129e+01
 40  0.03997  1.01800e+01 | 41 -0.00602  7.41719e+00 | 42 -0.01951  4.27733e+00
 43  0.01781  6.64959e+00 | 44  0.03539  5.76082e+00 | 45 -0.00174  4.16765e+00
 46 -0.04633  2.28378e+00 | 47 -0.05371  1.87346e+00 | 48 -0.06846  1.53145e+00
 49 -0.04510  1.81437e+00 | 50 -0.10173  1.14698e+00 | 51  0.01493  2.95732e+00
 52 -0.18633  7.80923e-01 | 53 -0.20204  7.34534e-01 | 54 -0.20989  7.34134e-01
 55 -0.16990  1.01270e+00 | 56 -0.18464  9.10895e-01 | 57 -0.15850  1.15031e+00
 58 -0.05859  2.52042e+00 | 59 -0.17566  9.88269e-01 | 60 -0.11472  1.56201e+00
 61 -0.18556  9.26369e-01 | 62 -0.13858  1.30515e+00 | 63 -0.15573  9.98062e-01
 64 -0.21888  5.28308e-01 | 65 -0.17459  6.05983e-01 | 66 -0.15348  4.99090e-01
 67 -0.17146  2.57690e-01 | 68 -0.12915  1.66510e-01 | 69 -0.17526  2.59303e-02
 70 -0.17038 -3.94430e-03 | 71 -0.17570 -4.59716e-03 | 72 -0.41016  2.48020e+00
 73 -0.12206 -2.98921e+00 | 74 -0.73836 -2.04007e+03 | 75 -1.71058  9.15639e-01
 76  1.53028 -1.99812e+00 | 77  1.89969  3.57830e+00 | 78  0.13556 -6.64814e-03
 79 -0.98613 -2.04099e-04 | 80  0.99520  8.34734e-03 | 81  0.28526 -1.36690e+00
81 variables; iteration 2380; function evaluation 2826; phase 3
Function value 5.3306675e+01; maximum gradient component mag 3.0148e+03
Var    Value     Gradient |Var    Value     Gradient |Var    Value     Gradient
  1  0.04164 -1.06604e+03 |  2 -0.00158 -1.80013e+00 |  3 -0.00184 -2.15132e+00
  4 -0.01782 -2.25870e+00 |  5 -0.01813 -2.66903e+00 |  6 -0.01847 -3.13399e+00
  7 -0.01885 -3.65854e+00 |  8 -0.01925 -4.24183e+00 |  9 -0.01970 -4.88531e+00
 10 -0.02008 -5.56789e+00 | 11 -0.02043 -6.29432e+00 | 12 -0.01899 -7.14414e+00
 13 -0.02070 -7.91036e+00 | 14 -0.02444 -8.47276e+00 | 15 -0.02766 -9.06195e+00
 16 -0.02721 -1.01604e+01 | 17 -0.02674 -1.13286e+01 | 18 -0.02352 -1.28893e+01
 19 -0.02778 -1.38585e+01 | 20 -0.02664 -1.42738e+01 | 21 -0.02567 -1.44333e+01
 22 -0.03048 -1.49248e+01 | 23 -0.03242 -1.48801e+01 | 24 -0.03172 -1.44482e+01
 25 -0.03165 -1.42055e+01 | 26 -0.03496 -1.33931e+01 | 27 -0.04369 -1.30625e+01
 28 -0.05473 -1.25116e+01 | 29 -0.06315 -1.09692e+01 | 30 -0.07869 -8.80433e+00
 31 -0.11422 -5.95302e+00 | 32 -0.14259 -4.42056e+00 | 33 -0.15687 -4.52136e+00
 34 -0.03393 -1.50344e+01 | 35 -0.02781 -1.92468e+01 | 36 -0.02114 -1.87856e+01
 37  0.03154 -2.93113e+01 | 38 -0.07781 -1.09492e+01 | 39  0.07011 -2.84594e+01
 40  0.04065 -2.13235e+01 | 41 -0.00710 -1.15437e+01 | 42 -0.01853 -1.03503e+01
 43  0.01709 -1.04738e+01 | 44  0.03569 -1.19506e+01 | 45 -0.00195 -7.43539e+00
 46 -0.04625 -4.42565e+00 | 47 -0.05376 -3.47329e+00 | 48 -0.06846 -2.90346e+00
 49 -0.04511 -3.38612e+00 | 50 -0.10175 -2.16799e+00 | 51  0.01490 -5.38578e+00
 52 -0.18649 -1.48740e+00 | 53 -0.20213 -1.34472e+00 | 54 -0.20987 -1.32313e+00
 55 -0.16991 -1.85379e+00 | 56 -0.18468 -1.67567e+00 | 57 -0.15855 -2.11564e+00
 58 -0.05863 -4.62681e+00 | 59 -0.17571 -1.79357e+00 | 60 -0.11474 -2.92467e+00
 61 -0.18563 -1.66620e+00 | 62 -0.13854 -2.38111e+00 | 63 -0.15580 -1.84122e+00
 64 -0.21895 -9.55627e-01 | 65 -0.17460 -1.09921e+00 | 66 -0.15352 -9.13146e-01
 67 -0.17153 -4.74743e-01 | 68 -0.12918 -3.08046e-01 | 69 -0.17533 -4.91193e-02
 70 -0.17049  7.16445e-03 | 71 -0.17582  8.38521e-03 | 72 -0.41005 -3.22133e+01
 73 -0.12195  5.11531e+00 | 74 -0.73836  3.01478e+03 | 75 -1.70611 -3.45292e+00
 76  1.53179  3.74813e+00 | 77  1.90017 -6.80648e+00 | 78  0.13556  6.22484e-03
 79 -0.98613  6.89731e-05 | 80  0.99520 -2.06305e-03 | 81  0.28523  2.40441e+00
81 variables; iteration 2400; function evaluation 2849; phase 3
Function value 5.3304704e+01; maximum gradient component mag 3.6937e+03
Var    Value     Gradient |Var    Value     Gradient |Var    Value     Gradient
  1  0.04162 -1.30283e+03 |  2 -0.00158 -2.19373e+00 |  3 -0.00186 -2.62609e+00
  4 -0.01784 -2.75651e+00 |  5 -0.01816 -3.25881e+00 |  6 -0.01849 -3.82425e+00
  7 -0.01886 -4.46258e+00 |  8 -0.01928 -5.17524e+00 |  9 -0.01973 -5.95861e+00
 10 -0.02013 -6.79689e+00 | 11 -0.02048 -7.68202e+00 | 12 -0.01906 -8.72334e+00
 13 -0.02078 -9.65629e+00 | 14 -0.02457 -1.03510e+01 | 15 -0.02785 -1.10784e+01
 16 -0.02751 -1.24281e+01 | 17 -0.02725 -1.38699e+01 | 18 -0.02452 -1.58550e+01
 19 -0.02873 -1.70353e+01 | 20 -0.02653 -1.74616e+01 | 21 -0.02274 -1.73943e+01
 22 -0.02583 -1.75790e+01 | 23 -0.02865 -1.75233e+01 | 24 -0.03177 -1.74997e+01
 25 -0.03583 -1.78388e+01 | 26 -0.03817 -1.68463e+01 | 27 -0.04477 -1.61781e+01
 28 -0.05456 -1.52914e+01 | 29 -0.06274 -1.33538e+01 | 30 -0.07837 -1.07137e+01
 31 -0.11415 -7.25540e+00 | 32 -0.14265 -5.39078e+00 | 33 -0.15700 -5.51188e+00
 34 -0.03356 -1.84417e+01 | 35 -0.02846 -2.31660e+01 | 36 -0.02045 -2.30963e+01
 37  0.03120 -3.57172e+01 | 38 -0.07703 -1.34675e+01 | 39  0.06989 -3.51287e+01
 40  0.04102 -2.61795e+01 | 41 -0.00749 -1.44249e+01 | 42 -0.01812 -1.26062e+01
 43  0.01688 -1.30467e+01 | 44  0.03586 -1.46219e+01 | 45 -0.00198 -9.14325e+00
 46 -0.04621 -5.40825e+00 | 47 -0.05375 -4.23632e+00 | 48 -0.06841 -3.52114e+00
 49 -0.04509 -4.13490e+00 | 50 -0.10173 -2.67315e+00 | 51  0.01494 -6.66316e+00
 52 -0.18649 -1.85398e+00 | 53 -0.20210 -1.66708e+00 | 54 -0.20979 -1.62726e+00
 55 -0.16989 -2.26227e+00 | 56 -0.18462 -2.02180e+00 | 57 -0.15849 -2.54353e+00
 58 -0.05859 -5.57100e+00 | 59 -0.17562 -2.14638e+00 | 60 -0.11475 -3.50979e+00
 61 -0.18558 -2.00319e+00 | 62 -0.13847 -2.85854e+00 | 63 -0.15581 -2.21252e+00
 64 -0.21890 -1.15169e+00 | 65 -0.17455 -1.33141e+00 | 66 -0.15349 -1.09961e+00
 67 -0.17147 -5.66679e-01 | 68 -0.12914 -3.65860e-01 | 69 -0.17528 -5.96550e-02
 70 -0.17043  8.20548e-03 | 71 -0.17576  9.56335e-03 | 72 -0.40996 -3.71761e+01
 73 -0.12181  6.32214e+00 | 74 -0.73836  3.69367e+03 | 75 -1.70326 -4.01600e+00
 76  1.53276  4.62505e+00 | 77  1.90041 -8.29108e+00 | 78  0.13556  4.41572e-02
 79 -0.98609  7.79417e-04 | 80  0.99520 -3.49021e-03 | 81  0.28521  2.91786e+00
81 variables; iteration 2420; function evaluation 2874; phase 3
Function value 5.3303945e+01; maximum gradient component mag 3.1330e+03
Var    Value     Gradient |Var    Value     Gradient |Var    Value     Gradient
  1  0.04162 -1.11706e+03 |  2 -0.00158 -1.88462e+00 |  3 -0.00186 -2.25659e+00
  4 -0.01783 -2.36645e+00 |  5 -0.01814 -2.79630e+00 |  6 -0.01848 -3.28341e+00
  7 -0.01887 -3.83576e+00 |  8 -0.01928 -4.44736e+00 |  9 -0.01969 -5.11219e+00
 10 -0.02010 -5.83469e+00 | 11 -0.02049 -6.60247e+00 | 12 -0.01904 -7.49269e+00
 13 -0.02074 -8.29237e+00 | 14 -0.02449 -8.88348e+00 | 15 -0.02780 -9.51731e+00
 16 -0.02740 -1.06729e+01 | 17 -0.02708 -1.19078e+01 | 18 -0.02458 -1.36376e+01
 19 -0.02938 -1.47194e+01 | 20 -0.02856 -1.51964e+01 | 21 -0.02608 -1.51835e+01
 22 -0.02694 -1.51571e+01 | 23 -0.02617 -1.47466e+01 | 24 -0.02848 -1.46986e+01
 25 -0.03332 -1.51063e+01 | 26 -0.03770 -1.44163e+01 | 27 -0.04552 -1.39680e+01
 28 -0.05538 -1.32342e+01 | 29 -0.06318 -1.15347e+01 | 30 -0.07852 -9.23871e+00
 31 -0.11415 -6.24425e+00 | 32 -0.14267 -4.63934e+00 | 33 -0.15709 -4.74210e+00
 34 -0.03313 -1.56565e+01 | 35 -0.02931 -2.03756e+01 | 36 -0.01970 -1.95182e+01
 37  0.03072 -3.09434e+01 | 38 -0.07626 -1.14123e+01 | 39  0.06962 -3.00569e+01
 40  0.04129 -2.24271e+01 | 41 -0.00784 -1.22154e+01 | 42 -0.01791 -1.08749e+01
 43  0.01670 -1.10273e+01 | 44  0.03593 -1.25273e+01 | 45 -0.00205 -7.77729e+00
 46 -0.04623 -4.62219e+00 | 47 -0.05379 -3.60992e+00 | 48 -0.06845 -3.00350e+00
 49 -0.04512 -3.50521e+00 | 50 -0.10173 -2.25780e+00 | 51  0.01492 -5.62058e+00
 52 -0.18649 -1.57090e+00 | 53 -0.20211 -1.40343e+00 | 54 -0.20981 -1.37685e+00
 55 -0.16990 -1.91075e+00 | 56 -0.18463 -1.71535e+00 | 57 -0.15849 -2.16563e+00
 58 -0.05860 -4.75321e+00 | 59 -0.17563 -1.83468e+00 | 60 -0.11477 -3.00275e+00
 61 -0.18559 -1.71678e+00 | 62 -0.13849 -2.45861e+00 | 63 -0.15583 -1.90005e+00
 64 -0.21891 -9.88467e-01 | 65 -0.17456 -1.14250e+00 | 66 -0.15351 -9.44049e-01
 67 -0.17148 -4.86050e-01 | 68 -0.12916 -3.11762e-01 | 69 -0.17528 -5.02426e-02
 70 -0.17041  7.36503e-03 | 71 -0.17574  8.57419e-03 | 72 -0.40993 -3.31231e+01
 73 -0.12180  5.39259e+00 | 74 -0.73836  3.13304e+03 | 75 -1.70266 -3.53252e+00
 76  1.53293  3.99858e+00 | 77  1.90049 -7.08357e+00 | 78  0.13556  1.96218e-02
 79 -0.98611  5.20607e-04 | 80  0.99520 -2.14751e-03 | 81  0.28522  2.48804e+00
81 variables; iteration 2440; function evaluation 2900; phase 3
Function value 5.3303284e+01; maximum gradient component mag 5.1784e+03
Var    Value     Gradient |Var    Value     Gradient |Var    Value     Gradient
  1  0.04164 -1.76735e+03 |  2 -0.00159 -2.97913e+00 |  3 -0.00186 -3.56116e+00
  4 -0.01783 -3.73668e+00 |  5 -0.01813 -4.41420e+00 |  6 -0.01848 -5.18509e+00
  7 -0.01887 -6.05641e+00 |  8 -0.01927 -7.02132e+00 |  9 -0.01970 -8.07917e+00
 10 -0.02010 -9.21747e+00 | 11 -0.02045 -1.04183e+01 | 12 -0.01903 -1.18334e+01
 13 -0.02071 -1.30946e+01 | 14 -0.02448 -1.40373e+01 | 15 -0.02778 -1.50253e+01
 16 -0.02732 -1.68409e+01 | 17 -0.02692 -1.87757e+01 | 18 -0.02404 -2.14898e+01
 19 -0.02843 -2.31057e+01 | 20 -0.02722 -2.38644e+01 | 21 -0.02550 -2.41211e+01
 22 -0.02883 -2.41611e+01 | 23 -0.02997 -2.38088e+01 | 24 -0.03088 -2.35177e+01
 25 -0.03280 -2.38120e+01 | 26 -0.03600 -2.27310e+01 | 27 -0.04424 -2.20075e+01
 28 -0.05485 -2.08433e+01 | 29 -0.06312 -1.81977e+01 | 30 -0.07861 -1.45969e+01
 31 -0.11419 -9.88074e+00 | 32 -0.14265 -7.33030e+00 | 33 -0.15706 -7.49533e+00
 34 -0.03314 -2.54326e+01 | 35 -0.02927 -3.09047e+01 | 36 -0.01979 -3.18172e+01
 37  0.03075 -4.80308e+01 | 38 -0.07637 -1.83159e+01 | 39  0.06961 -4.73540e+01
 40  0.04121 -3.50421e+01 | 41 -0.00775 -1.96240e+01 | 42 -0.01810 -1.67540e+01
 43  0.01679 -1.77887e+01 | 44  0.03582 -1.96224e+01 | 45 -0.00202 -1.24224e+01
 46 -0.04626 -7.31953e+00 | 47 -0.05379 -5.77280e+00 | 48 -0.06848 -4.81561e+00
 49 -0.04513 -5.61104e+00 | 50 -0.10174 -3.58151e+00 | 51  0.01488 -8.93029e+00
 52 -0.18654 -2.44750e+00 | 53 -0.20217 -2.22693e+00 | 54 -0.20983 -2.20333e+00
 55 -0.16992 -3.07967e+00 | 56 -0.18467 -2.78841e+00 | 57 -0.15854 -3.52381e+00
 58 -0.05863 -7.70248e+00 | 59 -0.17570 -2.99467e+00 | 60 -0.11477 -4.84728e+00
 61 -0.18564 -2.78062e+00 | 62 -0.13850 -3.96480e+00 | 63 -0.15586 -3.05309e+00
 64 -0.21896 -1.58951e+00 | 65 -0.17458 -1.82693e+00 | 66 -0.15354 -1.51532e+00
 67 -0.17153 -7.88324e-01 | 68 -0.12919 -5.11186e-01 | 69 -0.17532 -8.04312e-02
 70 -0.17048  1.20033e-02 | 71 -0.17581  1.40737e-02 | 72 -0.40992 -4.70552e+01
 73 -0.12179  8.64339e+00 | 74 -0.73836  5.17841e+03 | 75 -1.70115 -5.21061e+00
 76  1.53428  6.32429e+00 | 77  1.90084 -1.11840e+01 | 78  0.13556  6.75900e-04
 79 -0.98614 -2.35260e-05 | 80  0.99520 -6.11704e-03 | 81  0.28522  4.03191e+00
81 variables; iteration 2460; function evaluation 2927; phase 3
Function value 5.3302784e+01; maximum gradient component mag 2.9225e+03
Var    Value     Gradient |Var    Value     Gradient |Var    Value     Gradient
  1  0.04161 -1.02316e+03 |  2 -0.00159 -1.73121e+00 |  3 -0.00185 -2.06862e+00
  4 -0.01784 -2.17489e+00 |  5 -0.01815 -2.56802e+00 |  6 -0.01850 -3.01737e+00
  7 -0.01887 -3.52114e+00 |  8 -0.01928 -4.08072e+00 |  9 -0.01972 -4.69718e+00
 10 -0.02012 -5.35901e+00 | 11 -0.02051 -6.06377e+00 | 12 -0.01909 -6.88612e+00
 13 -0.02076 -7.61350e+00 | 14 -0.02454 -8.16039e+00 | 15 -0.02788 -8.74679e+00
 16 -0.02749 -9.80525e+00 | 17 -0.02732 -1.09645e+01 | 18 -0.02479 -1.25467e+01
 19 -0.02924 -1.35022e+01 | 20 -0.02746 -1.38086e+01 | 21 -0.02338 -1.35431e+01
 22 -0.02576 -1.37281e+01 | 23 -0.02796 -1.37304e+01 | 24 -0.03035 -1.37113e+01
 25 -0.03451 -1.40270e+01 | 26 -0.03806 -1.32849e+01 | 27 -0.04528 -1.27955e+01
 28 -0.05497 -1.20985e+01 | 29 -0.06290 -1.05583e+01 | 30 -0.07837 -8.46778e+00
 31 -0.11411 -5.72574e+00 | 32 -0.14265 -4.24627e+00 | 33 -0.15707 -4.33336e+00
 34 -0.03322 -1.41971e+01 | 35 -0.02910 -1.86953e+01 | 36 -0.01992 -1.76268e+01
 37  0.03090 -2.82016e+01 | 38 -0.07657 -1.03059e+01 | 39  0.06976 -2.71756e+01
 40  0.04110 -2.03597e+01 | 41 -0.00748 -1.10172e+01 | 42 -0.01830 -9.95826e+00
 43  0.01699 -1.00080e+01 | 44  0.03576 -1.15192e+01 | 45 -0.00193 -7.15161e+00
 46 -0.04627 -4.27410e+00 | 47 -0.05375 -3.35290e+00 | 48 -0.06847 -2.81295e+00
 49 -0.04511 -3.26583e+00 | 50 -0.10171 -2.09075e+00 | 51  0.01491 -5.18515e+00
 52 -0.18649 -1.43834e+00 | 53 -0.20213 -1.29811e+00 | 54 -0.20978 -1.28232e+00
 55 -0.16989 -1.79094e+00 | 56 -0.18463 -1.62456e+00 | 57 -0.15849 -2.05165e+00
 58 -0.05858 -4.47776e+00 | 59 -0.17565 -1.74209e+00 | 60 -0.11476 -2.82035e+00
 61 -0.18560 -1.61223e+00 | 62 -0.13846 -2.30170e+00 | 63 -0.15584 -1.77372e+00
 64 -0.21891 -9.20284e-01 | 65 -0.17453 -1.05648e+00 | 66 -0.15351 -8.77827e-01
 67 -0.17149 -4.57495e-01 | 68 -0.12916 -2.95749e-01 | 69 -0.17528 -4.66953e-02
 70 -0.17042  7.06416e-03 | 71 -0.17575  8.29255e-03 | 72 -0.40988 -3.11374e+01
 73 -0.12174  4.93977e+00 | 74 -0.73836  2.92252e+03 | 75 -1.70007 -3.27370e+00
 76  1.53496  3.71382e+00 | 77  1.90097 -6.40930e+00 | 78  0.13556 -2.77692e-03
 79 -0.98613  2.19712e-05 | 80  0.99520 -1.88703e-03 | 81  0.28521  2.33520e+00
81 variables; iteration 2480; function evaluation 2954; phase 3
Function value 5.3301803e+01; maximum gradient component mag 1.9930e+03
Var    Value     Gradient |Var    Value     Gradient |Var    Value     Gradient
  1  0.04163 -7.17744e+02 |  2 -0.00158 -1.21366e+00 |  3 -0.00185 -1.45033e+00
  4 -0.01784 -1.52433e+00 |  5 -0.01815 -1.80151e+00 |  6 -0.01848 -2.11379e+00
  7 -0.01887 -2.46973e+00 |  8 -0.01928 -2.86377e+00 |  9 -0.01969 -3.28877e+00
 10 -0.02012 -3.76010e+00 | 11 -0.02046 -4.24574e+00 | 12 -0.01903 -4.82072e+00
 13 -0.02073 -5.33622e+00 | 14 -0.02439 -5.69277e+00 | 15 -0.02780 -6.12779e+00
 16 -0.02738 -6.87324e+00 | 17 -0.02698 -7.66516e+00 | 18 -0.02417 -8.72950e+00
 19 -0.02899 -9.47364e+00 | 20 -0.02836 -9.79900e+00 | 21 -0.02649 -9.73788e+00
 22 -0.02872 -9.97094e+00 | 23 -0.02844 -9.66477e+00 | 24 -0.02873 -9.37929e+00
 25 -0.03175 -9.46019e+00 | 26 -0.03629 -9.00375e+00 | 27 -0.04494 -8.88269e+00
 28 -0.05532 -8.53891e+00 | 29 -0.06334 -7.49321e+00 | 30 -0.07855 -5.98218e+00
 31 -0.11414 -4.03325e+00 | 32 -0.14264 -2.98404e+00 | 33 -0.15710 -3.03747e+00
 34 -0.03303 -9.56350e+00 | 35 -0.02950 -1.38107e+01 | 36 -0.01962 -1.18275e+01
 37  0.03067 -2.04320e+01 | 38 -0.07628 -7.09523e+00 | 39  0.06966 -1.92946e+01
 40  0.04105 -1.46256e+01 | 41 -0.00737 -7.59411e+00 | 42 -0.01862 -7.27321e+00
 43  0.01715 -6.83390e+00 | 44  0.03560 -8.18157e+00 | 45 -0.00190 -4.94679e+00
 46 -0.04635 -2.98810e+00 | 47 -0.05378 -2.32124e+00 | 48 -0.06851 -1.95324e+00
 49 -0.04515 -2.25892e+00 | 50 -0.10174 -1.45496e+00 | 51  0.01487 -3.56751e+00
 52 -0.18654 -9.94778e-01 | 53 -0.20217 -8.93433e-01 | 54 -0.20981 -8.82730e-01
 55 -0.16992 -1.23330e+00 | 56 -0.18466 -1.11906e+00 | 57 -0.15853 -1.41366e+00
 58 -0.05862 -3.07989e+00 | 59 -0.17569 -1.19898e+00 | 60 -0.11480 -1.93890e+00
 61 -0.18564 -1.10439e+00 | 62 -0.13849 -1.57596e+00 | 63 -0.15588 -1.21251e+00
 64 -0.21895 -6.30019e-01 | 65 -0.17457 -7.23369e-01 | 66 -0.15355 -5.99963e-01
 67 -0.17152 -3.13264e-01 | 68 -0.12920 -2.02487e-01 | 69 -0.17531 -3.19083e-02
 70 -0.17045  4.70672e-03 | 71 -0.17578  5.55955e-03 | 72 -0.40985 -2.45716e+01
 73 -0.12169  3.42356e+00 | 74 -0.73836  1.99305e+03 | 75 -1.69795 -2.47091e+00
 76  1.53619  2.67761e+00 | 77  1.90131 -4.45304e+00 | 78  0.13556  4.45766e-03
 79 -0.98613  2.74422e-04 | 80  0.99520  4.89244e-04 | 81  0.28521  1.59888e+00
81 variables; iteration 2500; function evaluation 2980; phase 3
Function value 5.3299123e+01; maximum gradient component mag 2.4918e+03
Var    Value     Gradient |Var    Value     Gradient |Var    Value     Gradient
  1  0.04161 -8.56469e+02 |  2 -0.00158 -1.45174e+00 |  3 -0.00186 -1.73672e+00
  4 -0.01784 -1.82370e+00 |  5 -0.01815 -2.15453e+00 |  6 -0.01849 -2.52935e+00
  7 -0.01887 -2.95374e+00 |  8 -0.01928 -3.42424e+00 |  9 -0.01971 -3.93891e+00
 10 -0.02012 -4.49587e+00 | 11 -0.02050 -5.08633e+00 | 12 -0.01907 -5.77245e+00
 13 -0.02077 -6.38845e+00 | 14 -0.02451 -6.83365e+00 | 15 -0.02788 -7.33567e+00
 16 -0.02753 -8.23438e+00 | 17 -0.02712 -9.17549e+00 | 18 -0.02421 -1.04475e+01
 19 -0.02827 -1.11885e+01 | 20 -0.02606 -1.13337e+01 | 21 -0.02291 -1.11300e+01
 22 -0.02691 -1.16035e+01 | 23 -0.03019 -1.18374e+01 | 24 -0.03260 -1.18820e+01
 25 -0.03534 -1.19652e+01 | 26 -0.03723 -1.10197e+01 | 27 -0.04414 -1.05289e+01
 28 -0.05427 -1.00151e+01 | 29 -0.06265 -8.81253e+00 | 30 -0.07829 -7.09591e+00
 31 -0.11407 -4.80071e+00 | 32 -0.14262 -3.55994e+00 | 33 -0.15699 -3.62262e+00
 34 -0.03361 -1.17722e+01 | 35 -0.02837 -1.58071e+01 | 36 -0.02079 -1.46913e+01
 37  0.03150 -2.37420e+01 | 38 -0.07800 -8.67533e+00 | 39  0.07041 -2.26615e+01
 40  0.03996 -1.72600e+01 | 41 -0.00567 -9.02956e+00 | 42 -0.02036 -8.47469e+00
 43  0.01838 -8.21002e+00 | 44  0.03489 -9.68816e+00 | 45 -0.00146 -5.93175e+00
 46 -0.04654 -3.56792e+00 | 47 -0.05367 -2.78314e+00 | 48 -0.06851 -2.33546e+00
 49 -0.04511 -2.71623e+00 | 50 -0.10172 -1.75473e+00 | 51  0.01488 -4.32554e+00
 52 -0.18662 -1.21352e+00 | 53 -0.20218 -1.08380e+00 | 54 -0.20974 -1.06998e+00
 55 -0.16989 -1.48701e+00 | 56 -0.18464 -1.34702e+00 | 57 -0.15850 -1.70069e+00
 58 -0.05859 -3.70886e+00 | 59 -0.17565 -1.44187e+00 | 60 -0.11479 -2.33411e+00
 61 -0.18562 -1.33475e+00 | 62 -0.13841 -1.90791e+00 | 63 -0.15590 -1.46781e+00
 64 -0.21894 -7.65270e-01 | 65 -0.17452 -8.80420e-01 | 66 -0.15353 -7.28129e-01
 67 -0.17151 -3.78947e-01 | 68 -0.12918 -2.44722e-01 | 69 -0.17530 -3.91159e-02
 70 -0.17046  5.79896e-03 | 71 -0.17579  6.72388e-03 | 72 -0.40974 -2.76652e+01
 73 -0.12151  4.15160e+00 | 74 -0.73836  2.49178e+03 | 75 -1.69118 -2.75505e+00
 76  1.53827  3.20326e+00 | 77  1.90176 -5.28033e+00 | 78  0.13556  5.26561e-03
 79 -0.98611  2.61108e-04 | 80  0.99521 -2.69368e-04 | 81  0.28518  1.93804e+00
81 variables; iteration 2520; function evaluation 3004; phase 3
Function value 5.3294016e+01; maximum gradient component mag 6.3491e+03
Var    Value     Gradient |Var    Value     Gradient |Var    Value     Gradient
  1  0.04156 -2.17058e+03 |  2 -0.00158 -3.65234e+00 |  3 -0.00185 -4.36697e+00
  4 -0.01783 -4.58449e+00 |  5 -0.01814 -5.41697e+00 |  6 -0.01849 -6.36255e+00
  7 -0.01887 -7.42804e+00 |  8 -0.01927 -8.61155e+00 |  9 -0.01969 -9.90794e+00
 10 -0.02011 -1.13076e+01 | 11 -0.02046 -1.27808e+01 | 12 -0.01905 -1.45185e+01
 13 -0.02074 -1.60662e+01 | 14 -0.02449 -1.72220e+01 | 15 -0.02780 -1.84310e+01
 16 -0.02741 -2.06580e+01 | 17 -0.02718 -2.30290e+01 | 18 -0.02485 -2.63727e+01
 19 -0.02982 -2.83416e+01 | 20 -0.02919 -2.93057e+01 | 21 -0.02604 -2.96909e+01
 22 -0.02559 -2.96159e+01 | 23 -0.02451 -2.91894e+01 | 24 -0.02702 -2.88202e+01
 25 -0.03314 -2.92209e+01 | 26 -0.03886 -2.80006e+01 | 27 -0.04638 -2.70982e+01
 28 -0.05554 -2.56268e+01 | 29 -0.06298 -2.23678e+01 | 30 -0.07820 -1.79492e+01
 31 -0.11398 -1.21470e+01 | 32 -0.14260 -8.99923e+00 | 33 -0.15698 -9.18342e+00
 34 -0.03398 -3.14006e+01 | 35 -0.02780 -3.71411e+01 | 36 -0.02138 -3.92719e+01
 37  0.03197 -5.82821e+01 | 38 -0.07922 -2.24415e+01 | 39  0.07123 -5.82036e+01
 40  0.03872 -4.26905e+01 | 41 -0.00348 -2.46411e+01 | 42 -0.02284 -2.01683e+01
 43  0.02009 -2.24066e+01 | 44  0.03398 -2.40322e+01 | 45 -0.00087 -1.54924e+01
 46 -0.04687 -9.04490e+00 | 47 -0.05361 -7.17120e+00 | 48 -0.06855 -5.97126e+00
 49 -0.04514 -6.98085e+00 | 50 -0.10166 -4.47308e+00 | 51  0.01491 -1.11912e+01
 52 -0.18656 -3.07257e+00 | 53 -0.20215 -2.79296e+00 | 54 -0.20957 -2.75448e+00
 55 -0.16986 -3.82604e+00 | 56 -0.18453 -3.44418e+00 | 57 -0.15839 -4.33976e+00
 58 -0.05850 -9.48380e+00 | 59 -0.17549 -3.68087e+00 | 60 -0.11483 -5.95176e+00
 61 -0.18553 -3.41948e+00 | 62 -0.13828 -4.87966e+00 | 63 -0.15593 -3.74972e+00
 64 -0.21886 -1.95519e+00 | 65 -0.17441 -2.25052e+00 | 66 -0.15349 -1.86120e+00
 67 -0.17141 -9.66219e-01 | 68 -0.12913 -6.24048e-01 | 69 -0.17520 -9.91681e-02
 70 -0.17032  1.45594e-02 | 71 -0.17565  1.69865e-02 | 72 -0.40952 -5.60536e+01
 73 -0.12126  1.08018e+01 | 74 -0.73835  6.34907e+03 | 75 -1.67980 -5.63985e+00
 76  1.53766  7.87656e+00 | 77  1.90155 -1.36056e+01 | 78  0.13556  1.10823e-02
 79 -0.98611  3.86009e-04 | 80  0.99520 -8.97807e-03 | 81  0.28515  4.99478e+00
81 variables; iteration 2540; function evaluation 3029; phase 3
Function value 5.3290115e+01; maximum gradient component mag 1.5850e+03
Var    Value     Gradient |Var    Value     Gradient |Var    Value     Gradient
  1  0.04156 -6.64093e+02 |  2 -0.00157 -1.12900e+00 |  3 -0.00184 -1.35097e+00
  4 -0.01781 -1.41773e+00 |  5 -0.01812 -1.67460e+00 |  6 -0.01845 -1.96571e+00
  7 -0.01884 -2.29705e+00 |  8 -0.01924 -2.66288e+00 |  9 -0.01966 -3.06267e+00
 10 -0.02006 -3.49373e+00 | 11 -0.02042 -3.95050e+00 | 12 -0.01897 -4.48126e+00
 13 -0.02066 -4.95948e+00 | 14 -0.02440 -5.30803e+00 | 15 -0.02764 -5.68205e+00
 16 -0.02714 -6.36073e+00 | 17 -0.02668 -7.09216e+00 | 18 -0.02379 -8.06780e+00
 19 -0.02825 -8.69733e+00 | 20 -0.02775 -9.02776e+00 | 21 -0.02702 -9.16628e+00
 22 -0.02947 -9.44753e+00 | 23 -0.02957 -9.21539e+00 | 24 -0.02918 -8.80865e+00
 25 -0.03122 -8.69756e+00 | 26 -0.03615 -8.34939e+00 | 27 -0.04465 -8.22235e+00
 28 -0.05497 -7.89867e+00 | 29 -0.06298 -6.92529e+00 | 30 -0.07835 -5.55534e+00
 31 -0.11403 -3.74939e+00 | 32 -0.14256 -2.77125e+00 | 33 -0.15682 -2.81598e+00
 34 -0.03482 -9.25851e+00 | 35 -0.02634 -1.21582e+01 | 36 -0.02291 -1.17033e+01
 37  0.03287 -1.81288e+01 | 38 -0.08129 -6.94343e+00 | 39  0.07203 -1.69456e+01
 40  0.03745 -1.35995e+01 | 41 -0.00168 -6.42568e+00 | 42 -0.02489 -6.82550e+00
 43  0.02139 -5.94478e+00 | 44  0.03317 -7.57752e+00 | 45 -0.00042 -4.50592e+00
 46 -0.04711 -2.77667e+00 | 47 -0.05354 -2.16229e+00 | 48 -0.06862 -1.83625e+00
 49 -0.04515 -2.13394e+00 | 50 -0.10167 -1.38116e+00 | 51  0.01488 -3.39622e+00
 52 -0.18663 -9.48137e-01 | 53 -0.20220 -8.47945e-01 | 54 -0.20955 -8.37035e-01
 55 -0.16985 -1.16966e+00 | 56 -0.18454 -1.06042e+00 | 57 -0.15841 -1.34129e+00
 58 -0.05851 -2.92768e+00 | 59 -0.17552 -1.13689e+00 | 60 -0.11483 -1.84622e+00
 61 -0.18555 -1.05002e+00 | 62 -0.13825 -1.50530e+00 | 63 -0.15596 -1.15563e+00
 64 -0.21888 -6.00355e-01 | 65 -0.17440 -6.90992e-01 | 66 -0.15351 -5.71807e-01
 67 -0.17144 -2.97455e-01 | 68 -0.12914 -1.92670e-01 | 69 -0.17523 -3.03925e-02
 70 -0.17038  4.53997e-03 | 71 -0.17571  5.37088e-03 | 72 -0.40944 -2.38157e+01
 73 -0.12118  3.21071e+00 | 74 -0.73835  1.58502e+03 | 75 -1.67280 -1.97568e+00
 76  1.53637  2.45967e+00 | 77  1.90119 -4.09927e+00 | 78  0.13556  3.03975e-03
 79 -0.98613 -1.40838e-05 | 80  0.99520  5.37479e-04 | 81  0.28514  1.51939e+00
81 variables; iteration 2560; function evaluation 3054; phase 3
Function value 5.3289394e+01; maximum gradient component mag 2.3951e+03
Var    Value     Gradient |Var    Value     Gradient |Var    Value     Gradient
  1  0.04154 -9.75755e+02 |  2 -0.00157 -1.64463e+00 |  3 -0.00184 -1.96643e+00
  4 -0.01781 -2.06243e+00 |  5 -0.01811 -2.43518e+00 |  6 -0.01845 -2.86068e+00
  7 -0.01884 -3.34327e+00 |  8 -0.01925 -3.87644e+00 |  9 -0.01967 -4.45976e+00
 10 -0.02007 -5.08784e+00 | 11 -0.02043 -5.75359e+00 | 12 -0.01900 -6.53083e+00
 13 -0.02069 -7.22827e+00 | 14 -0.02446 -7.74595e+00 | 15 -0.02768 -8.28490e+00
 16 -0.02726 -9.29158e+00 | 17 -0.02699 -1.03856e+01 | 18 -0.02439 -1.18832e+01
 19 -0.02849 -1.27296e+01 | 20 -0.02736 -1.31002e+01 | 21 -0.02561 -1.31530e+01
 22 -0.02712 -1.32225e+01 | 23 -0.02734 -1.29570e+01 | 24 -0.02939 -1.29144e+01
 25 -0.03368 -1.32434e+01 | 26 -0.03804 -1.26471e+01 | 27 -0.04522 -1.21651e+01
 28 -0.05480 -1.14810e+01 | 29 -0.06268 -1.00114e+01 | 30 -0.07817 -8.03078e+00
 31 -0.11399 -5.42886e+00 | 32 -0.14257 -4.02363e+00 | 33 -0.15679 -4.10063e+00
 34 -0.03504 -1.38259e+01 | 35 -0.02594 -1.71966e+01 | 36 -0.02326 -1.76017e+01
 37  0.03313 -2.66796e+01 | 38 -0.08181 -1.04119e+01 | 39  0.07231 -2.61704e+01
 40  0.03713 -2.01895e+01 | 41 -0.00121 -1.05790e+01 | 42 -0.02527 -9.79140e+00
 43  0.02167 -9.62793e+00 | 44  0.03307 -1.11110e+01 | 45 -0.00031 -6.81292e+00
 46 -0.04713 -4.04315e+00 | 47 -0.05350 -3.14319e+00 | 48 -0.06860 -2.62467e+00
 49 -0.04513 -3.03169e+00 | 50 -0.10163 -1.93916e+00 | 51  0.01492 -4.78457e+00
 52 -0.18660 -1.32218e+00 | 53 -0.20216 -1.19369e+00 | 54 -0.20951 -1.18748e+00
 55 -0.16980 -1.65506e+00 | 56 -0.18451 -1.50720e+00 | 57 -0.15836 -1.90271e+00
 58 -0.05846 -4.14947e+00 | 59 -0.17548 -1.61623e+00 | 60 -0.11481 -2.61309e+00
 61 -0.18550 -1.49018e+00 | 62 -0.13820 -2.14072e+00 | 63 -0.15593 -1.63799e+00
 64 -0.21884 -8.51477e-01 | 65 -0.17435 -9.80111e-01 | 66 -0.15347 -8.12314e-01
 67 -0.17140 -4.23992e-01 | 68 -0.12910 -2.73398e-01 | 69 -0.17518 -4.28792e-02
 70 -0.17033  6.62251e-03 | 71 -0.17566  7.75078e-03 | 72 -0.40941 -3.05138e+01
 73 -0.12114  4.77699e+00 | 74 -0.73835  2.39508e+03 | 75 -1.67128 -2.61598e+00
 76  1.53520  3.53450e+00 | 77  1.90087 -6.15541e+00 | 78  0.13556  1.12785e-04
 79 -0.98612  8.09340e-05 | 80  0.99520 -1.22778e-03 | 81  0.28513  2.15866e+00
81 variables; iteration 2580; function evaluation 3076; phase 3
Function value 5.3288956e+01; maximum gradient component mag 2.9643e+03
Var    Value     Gradient |Var    Value     Gradient |Var    Value     Gradient
  1  0.04154 -1.23661e+03 |  2 -0.00157 -2.08393e+00 |  3 -0.00184 -2.49029e+00
  4 -0.01781 -2.61278e+00 |  5 -0.01811 -3.08587e+00 |  6 -0.01845 -3.62529e+00
  7 -0.01884 -4.23763e+00 |  8 -0.01923 -4.90905e+00 |  9 -0.01967 -5.65241e+00
 10 -0.02005 -6.44472e+00 | 11 -0.02041 -7.28584e+00 | 12 -0.01898 -8.27454e+00
 13 -0.02068 -9.15929e+00 | 14 -0.02440 -9.81086e+00 | 15 -0.02770 -1.05088e+01
 16 -0.02728 -1.17851e+01 | 17 -0.02671 -1.31162e+01 | 18 -0.02408 -1.50211e+01
 19 -0.02831 -1.61271e+01 | 20 -0.02764 -1.66832e+01 | 21 -0.02621 -1.68395e+01
 22 -0.02794 -1.68939e+01 | 23 -0.02817 -1.65916e+01 | 24 -0.02947 -1.64028e+01
 25 -0.03273 -1.66348e+01 | 26 -0.03727 -1.59192e+01 | 27 -0.04505 -1.54113e+01
 28 -0.05490 -1.45813e+01 | 29 -0.06276 -1.27064e+01 | 30 -0.07823 -1.01860e+01
 31 -0.11401 -6.88675e+00 | 32 -0.14257 -5.10876e+00 | 33 -0.15678 -5.21229e+00
 34 -0.03515 -1.77002e+01 | 35 -0.02577 -2.14927e+01 | 36 -0.02342 -2.23593e+01
 37  0.03320 -3.33871e+01 | 38 -0.08187 -1.29770e+01 | 39  0.07229 -3.30222e+01
 40  0.03718 -2.48941e+01 | 41 -0.00127 -1.36232e+01 | 42 -0.02527 -1.19764e+01
 43  0.02172 -1.24240e+01 | 44  0.03301 -1.39635e+01 | 45 -0.00025 -8.74364e+00
 46 -0.04718 -5.16602e+00 | 47 -0.05349 -4.04947e+00 | 48 -0.06862 -3.38010e+00
 49 -0.04513 -3.91398e+00 | 50 -0.10163 -2.49828e+00 | 51  0.01492 -6.20794e+00
 52 -0.18659 -1.70653e+00 | 53 -0.20217 -1.55070e+00 | 54 -0.20951 -1.54277e+00
 55 -0.16980 -2.15289e+00 | 56 -0.18451 -1.95683e+00 | 57 -0.15836 -2.46851e+00
 58 -0.05846 -5.38679e+00 | 59 -0.17548 -2.09761e+00 | 60 -0.11480 -3.38777e+00
 61 -0.18551 -1.93751e+00 | 62 -0.13820 -2.77310e+00 | 63 -0.15593 -2.12601e+00
 64 -0.21884 -1.10662e+00 | 65 -0.17435 -1.27298e+00 | 66 -0.15347 -1.05687e+00
 67 -0.17140 -5.50861e-01 | 68 -0.12910 -3.55947e-01 | 69 -0.17519 -5.57100e-02
 70 -0.17034  8.71075e-03 | 71 -0.17567  1.00760e-02 | 72 -0.40942 -3.61785e+01
 73 -0.12118  6.09372e+00 | 74 -0.73835  2.96429e+03 | 75 -1.67130 -3.12708e+00
 76  1.53389  4.40833e+00 | 77  1.90055 -7.83570e+00 | 78  0.13556 -1.25165e-02
 79 -0.98613 -5.61117e-05 | 80  0.99521 -2.19571e-03 | 81  0.28513  2.80855e+00
81 variables; iteration 2600; function evaluation 3096; phase 3
Function value 5.3287586e+01; maximum gradient component mag 9.4441e+02
Var    Value     Gradient |Var    Value     Gradient |Var    Value     Gradient
  1  0.04151 -6.07468e+02 |  2 -0.00163 -1.01734e+00 |  3 -0.00187 -1.20545e+00
  4 -0.01782 -1.25963e+00 |  5 -0.01821 -1.50669e+00 |  6 -0.01839 -1.72891e+00
  7 -0.01894 -2.06083e+00 |  8 -0.01938 -2.39282e+00 |  9 -0.01967 -2.71745e+00
 10 -0.02016 -3.12131e+00 | 11 -0.02028 -3.47052e+00 | 12 -0.01893 -3.95887e+00
 13 -0.02053 -4.36505e+00 | 14 -0.02488 -4.80863e+00 | 15 -0.02794 -5.10350e+00
 16 -0.02678 -5.55386e+00 | 17 -0.02640 -6.22130e+00 | 18 -0.02297 -6.96245e+00
 19 -0.02885 -7.81583e+00 | 20 -0.02787 -8.01786e+00 | 21 -0.02691 -8.10413e+00
 22 -0.02743 -8.03288e+00 | 23 -0.02849 -8.00124e+00 | 24 -0.02939 -7.83738e+00
 25 -0.03220 -7.83837e+00 | 26 -0.03746 -7.60603e+00 | 27 -0.04443 -7.18603e+00
 28 -0.05483 -6.92531e+00 | 29 -0.06330 -6.16865e+00 | 30 -0.07843 -4.87593e+00
 31 -0.11422 -3.32115e+00 | 32 -0.14250 -2.37933e+00 | 33 -0.15683 -2.46717e+00
 34 -0.03524 -8.10695e+00 | 35 -0.02566 -1.05746e+01 | 36 -0.02325 -1.08829e+01
 37  0.03307 -1.75166e+01 | 38 -0.08173 -7.03028e+00 | 39  0.07242 -1.74286e+01
 40  0.03709 -1.41863e+01 | 41 -0.00110 -6.63603e+00 | 42 -0.02515 -6.93605e+00
 43  0.02153 -5.91449e+00 | 44  0.03332 -7.14250e+00 | 45 -0.00041 -4.10843e+00
 46 -0.04703 -2.43379e+00 | 47 -0.05352 -1.85254e+00 | 48 -0.06864 -1.59929e+00
 49 -0.04508 -1.83629e+00 | 50 -0.10171 -1.24234e+00 | 51  0.01499 -2.90149e+00
 52 -0.18648 -7.54304e-01 | 53 -0.20214 -7.01873e-01 | 54 -0.20941 -7.08888e-01
 55 -0.16977 -1.03096e+00 | 56 -0.18439 -9.49021e-01 | 57 -0.15833 -1.26263e+00
 58 -0.05838 -2.72301e+00 | 59 -0.17541 -1.05885e+00 | 60 -0.11475 -1.68480e+00
 61 -0.18546 -9.51483e-01 | 62 -0.13813 -1.34722e+00 | 63 -0.15587 -1.00498e+00
 64 -0.21878 -5.14736e-01 | 65 -0.17428 -5.90434e-01 | 66 -0.15341 -4.85851e-01
 67 -0.17131 -2.52241e-01 | 68 -0.12906 -1.82709e-01 | 69 -0.17510 -2.56975e-02
 70 -0.17027  5.64426e-04 | 71 -0.17559  2.73467e-03 | 72 -0.40935 -2.27830e+01
 73 -0.12101  2.96130e+00 | 74 -0.73835  9.44415e+02 | 75 -1.66801 -1.64546e+00
 76  1.52916  2.08914e+00 | 77  1.89939 -4.06312e+00 | 78  0.13556  1.77103e-02
 79 -0.98596  3.66474e-03 | 80  0.99515 -5.76794e-03 | 81  0.28514  1.33971e+00
81 variables; iteration 2620; function evaluation 3122; phase 3
Function value 5.3275922e+01; maximum gradient component mag -7.7307e+02
Var    Value     Gradient |Var    Value     Gradient |Var    Value     Gradient
  1  0.04149 -7.73070e+02 |  2 -0.00158 -1.30952e+00 |  3 -0.00186 -1.56682e+00
  4 -0.01782 -1.63990e+00 |  5 -0.01812 -1.93689e+00 |  6 -0.01848 -2.27896e+00
  7 -0.01883 -2.65601e+00 |  8 -0.01924 -3.08050e+00 |  9 -0.01972 -3.55530e+00
 10 -0.02008 -4.04723e+00 | 11 -0.02047 -4.58291e+00 | 12 -0.01909 -5.20982e+00
 13 -0.02073 -5.75542e+00 | 14 -0.02442 -6.15162e+00 | 15 -0.02770 -6.59161e+00
 16 -0.02750 -7.43578e+00 | 17 -0.02724 -8.31269e+00 | 18 -0.02483 -9.52957e+00
 19 -0.02858 -1.01297e+01 | 20 -0.02762 -1.04317e+01 | 21 -0.02435 -1.01528e+01
 22 -0.02790 -1.06061e+01 | 23 -0.02815 -1.03762e+01 | 24 -0.02922 -1.02183e+01
 25 -0.03327 -1.04967e+01 | 26 -0.03714 -9.91044e+00 | 27 -0.04522 -9.67809e+00
 28 -0.05496 -9.17220e+00 | 29 -0.06273 -7.98931e+00 | 30 -0.07826 -6.43514e+00
 31 -0.11405 -4.33428e+00 | 32 -0.14278 -3.20683e+00 | 33 -0.15735 -3.24513e+00
 34 -0.03323 -1.03677e+01 | 35 -0.02938 -1.44505e+01 | 36 -0.01995 -1.29885e+01
 37  0.03127 -2.14941e+01 | 38 -0.07832 -7.77858e+00 | 39  0.07109 -2.04144e+01
 40  0.03875 -1.58280e+01 | 41 -0.00311 -7.98669e+00 | 42 -0.02370 -7.87975e+00
 43  0.02068 -7.28471e+00 | 44  0.03357 -8.90613e+00 | 45 -0.00053 -5.35317e+00
 46 -0.04715 -3.23978e+00 | 47 -0.05369 -2.51046e+00 | 48 -0.06864 -2.11126e+00
 49 -0.04526 -2.45953e+00 | 50 -0.10154 -1.58987e+00 | 51  0.01488 -3.92440e+00
 52 -0.18678 -1.10379e+00 | 53 -0.20231 -9.90906e-01 | 54 -0.20923 -9.79130e-01
 55 -0.16978 -1.36551e+00 | 56 -0.18443 -1.24149e+00 | 57 -0.15827 -1.56138e+00
 58 -0.05839 -3.39732e+00 | 59 -0.17535 -1.32045e+00 | 60 -0.11491 -2.13198e+00
 61 -0.18551 -1.21716e+00 | 62 -0.13792 -1.73711e+00 | 63 -0.15613 -1.33927e+00
 64 -0.21884 -6.98594e-01 | 65 -0.17420 -8.02565e-01 | 66 -0.15349 -6.62854e-01
 67 -0.17137 -3.50693e-01 | 68 -0.12910 -2.27262e-01 | 69 -0.17515 -3.76007e-02
 70 -0.17031  4.92988e-03 | 71 -0.17565  5.69990e-03 | 72 -0.40885 -2.58064e+01
 73 -0.12062  3.84071e+00 | 74 -0.73835  5.85410e+02 | 75 -1.64376 -1.56375e+00
 76  1.53596  2.87818e+00 | 77  1.90132 -4.78170e+00 | 78  0.13556  2.73456e-03
 79 -0.98618 -3.40388e-04 | 80  0.99520 -3.81093e-05 | 81  0.28505  1.77534e+00
81 variables; iteration 2640; function evaluation 3142; phase 3
Function value 5.3273152e+01; maximum gradient component mag -7.2219e+02
Var    Value     Gradient |Var    Value     Gradient |Var    Value     Gradient
  1  0.04146 -7.22188e+02 |  2 -0.00157 -1.22677e+00 |  3 -0.00184 -1.46661e+00
  4 -0.01784 -1.54648e+00 |  5 -0.01812 -1.81925e+00 |  6 -0.01850 -2.14550e+00
  7 -0.01882 -2.48977e+00 |  8 -0.01928 -2.90044e+00 |  9 -0.01967 -3.32781e+00
 10 -0.02006 -3.79447e+00 | 11 -0.02055 -4.31871e+00 | 12 -0.01897 -4.86613e+00
 13 -0.02080 -5.41447e+00 | 14 -0.02459 -5.80828e+00 | 15 -0.02762 -6.16956e+00
 16 -0.02748 -6.98147e+00 | 17 -0.02666 -7.69634e+00 | 18 -0.02359 -8.72432e+00
 19 -0.02883 -9.55729e+00 | 20 -0.02801 -9.85467e+00 | 21 -0.02543 -9.67539e+00
 22 -0.02762 -9.90002e+00 | 23 -0.02860 -9.81347e+00 | 24 -0.02957 -9.64651e+00
 25 -0.03309 -9.82347e+00 | 26 -0.03699 -9.26728e+00 | 27 -0.04483 -9.00323e+00
 28 -0.05477 -8.57086e+00 | 29 -0.06261 -7.47477e+00 | 30 -0.07823 -6.04583e+00
 31 -0.11401 -4.06747e+00 | 32 -0.14279 -3.02220e+00 | 33 -0.15728 -3.04748e+00
 34 -0.03380 -9.84414e+00 | 35 -0.02841 -1.35095e+01 | 36 -0.02094 -1.24635e+01
 37  0.03196 -2.01756e+01 | 38 -0.07998 -7.47627e+00 | 39  0.07190 -1.89499e+01
 40  0.03752 -1.50078e+01 | 41 -0.00128 -7.20960e+00 | 42 -0.02565 -7.41127e+00
 43  0.02188 -6.58258e+00 | 44  0.03289 -8.19393e+00 | 45 -0.00011 -4.88052e+00
 46 -0.04738 -2.98075e+00 | 47 -0.05362 -2.30227e+00 | 48 -0.06870 -1.94660e+00
 49 -0.04525 -2.26239e+00 | 50 -0.10153 -1.47751e+00 | 51  0.01489 -3.59761e+00
 52 -0.18683 -1.01180e+00 | 53 -0.20232 -8.89494e-01 | 54 -0.20914 -8.80456e-01
 55 -0.16974 -1.20974e+00 | 56 -0.18437 -1.09451e+00 | 57 -0.15823 -1.38840e+00
 58 -0.05835 -3.03891e+00 | 59 -0.17529 -1.17815e+00 | 60 -0.11492 -1.92264e+00
 61 -0.18546 -1.09916e+00 | 62 -0.13784 -1.59467e+00 | 63 -0.15615 -1.21475e+00
 64 -0.21882 -6.34997e-01 | 65 -0.17413 -7.29565e-01 | 66 -0.15348 -6.00171e-01
 67 -0.17134 -3.12784e-01 | 68 -0.12908 -2.01812e-01 | 69 -0.17512 -3.24133e-02
 70 -0.17029  4.57920e-03 | 71 -0.17563  5.55811e-03 | 72 -0.40867 -2.47175e+01
 73 -0.12035  3.60684e+00 | 74 -0.73835  1.03442e+02 | 75 -1.63090 -1.27023e+00
 76  1.53595  2.70234e+00 | 77  1.90127 -4.49266e+00 | 78  0.13556 -8.15340e-03
 79 -0.98617 -3.14442e-04 | 80  0.99519 -7.89840e-04 | 81  0.28503  1.61150e+00
81 variables; iteration 2660; function evaluation 3163; phase 3
Function value 5.3272151e+01; maximum gradient component mag -4.8311e+02
Var    Value     Gradient |Var    Value     Gradient |Var    Value     Gradient
  1  0.04145 -4.83109e+02 |  2 -0.00157 -8.22646e-01 |  3 -0.00185 -9.86940e-01
  4 -0.01784 -1.03984e+00 |  5 -0.01811 -1.21785e+00 |  6 -0.01850 -1.44354e+00
  7 -0.01885 -1.67636e+00 |  8 -0.01930 -1.95436e+00 |  9 -0.01967 -2.23304e+00
 10 -0.02017 -2.57239e+00 | 11 -0.02046 -2.88805e+00 | 12 -0.01908 -3.28602e+00
 13 -0.02073 -3.62863e+00 | 14 -0.02445 -3.87425e+00 | 15 -0.02779 -4.17014e+00
 16 -0.02728 -4.65564e+00 | 17 -0.02704 -5.23027e+00 | 18 -0.02404 -5.88410e+00
 19 -0.02896 -6.45316e+00 | 20 -0.02785 -6.57977e+00 | 21 -0.02471 -6.19747e+00
 22 -0.02763 -6.62812e+00 | 23 -0.02819 -6.51108e+00 | 24 -0.02949 -6.44210e+00
 25 -0.03319 -6.61686e+00 | 26 -0.03724 -6.20730e+00 | 27 -0.04478 -5.99229e+00
 28 -0.05473 -5.74691e+00 | 29 -0.06283 -5.09498e+00 | 30 -0.07815 -4.08216e+00
 31 -0.11396 -2.72492e+00 | 32 -0.14275 -1.99278e+00 | 33 -0.15735 -1.99593e+00
 34 -0.03370 -6.00754e+00 | 35 -0.02868 -9.36466e+00 | 36 -0.02076 -7.57823e+00
 37  0.03189 -1.33985e+01 | 38 -0.07970 -4.81543e+00 | 39  0.07177 -1.22668e+01
 40  0.03769 -1.04032e+01 | 41 -0.00128 -4.50313e+00 | 42 -0.02605 -5.61318e+00
 43  0.02220 -4.27389e+00 | 44  0.03265 -6.07901e+00 | 45  0.00007 -3.40909e+00
 46 -0.04753 -2.16749e+00 | 47 -0.05361 -1.63111e+00 | 48 -0.06875 -1.38287e+00
 49 -0.04527 -1.57488e+00 | 50 -0.10151 -1.02710e+00 | 51  0.01487 -2.43848e+00
 52 -0.18685 -6.84639e-01 | 53 -0.20234 -5.91229e-01 | 54 -0.20907 -5.74121e-01
 55 -0.16975 -7.93477e-01 | 56 -0.18434 -7.05470e-01 | 57 -0.15821 -9.03782e-01
 58 -0.05833 -1.99370e+00 | 59 -0.17527 -7.88440e-01 | 60 -0.11494 -1.27909e+00
 61 -0.18546 -7.32921e-01 | 62 -0.13778 -1.06890e+00 | 63 -0.15620 -8.14669e-01
 64 -0.21880 -4.16312e-01 | 65 -0.17409 -4.76479e-01 | 66 -0.15349 -3.94607e-01
 67 -0.17132 -1.99889e-01 | 68 -0.12908 -1.25886e-01 | 69 -0.17511 -2.03528e-02
 70 -0.17027  3.50758e-03 | 71 -0.17561  4.33002e-03 | 72 -0.40854 -1.95499e+01
 73 -0.12013  2.42452e+00 | 74 -0.73835 -3.98712e+02 | 75 -1.62153 -8.45730e-01
 76  1.53888  1.91570e+00 | 77  1.90202 -2.85374e+00 | 78  0.13556 -1.92355e-02
 79 -0.98612  6.00298e-04 | 80  0.99519  4.63400e-04 | 81  0.28500  1.06260e+00
81 variables; iteration 2680; function evaluation 3184; phase 3
Function value 5.3271676e+01; maximum gradient component mag -7.4816e+02
Var    Value     Gradient |Var    Value     Gradient |Var    Value     Gradient
  1  0.04144 -2.47423e+02 |  2 -0.00158 -4.30000e-01 |  3 -0.00184 -5.13702e-01
  4 -0.01782 -5.40029e-01 |  5 -0.01813 -6.37580e-01 |  6 -0.01848 -7.49803e-01
  7 -0.01885 -8.75151e-01 |  8 -0.01927 -1.01485e+00 |  9 -0.01969 -1.16517e+00
 10 -0.02009 -1.33024e+00 | 11 -0.02045 -1.50353e+00 | 12 -0.01902 -1.70271e+00
 13 -0.02072 -1.88555e+00 | 14 -0.02445 -2.00925e+00 | 15 -0.02776 -2.17187e+00
 16 -0.02733 -2.43429e+00 | 17 -0.02701 -2.73595e+00 | 18 -0.02424 -3.06895e+00
 19 -0.02883 -3.36477e+00 | 20 -0.02766 -3.36093e+00 | 21 -0.02512 -3.01375e+00
 22 -0.02772 -3.43889e+00 | 23 -0.02831 -3.37932e+00 | 24 -0.02943 -3.30736e+00
 25 -0.03291 -3.38679e+00 | 26 -0.03710 -3.11898e+00 | 27 -0.04487 -3.05374e+00
 28 -0.05485 -2.98483e+00 | 29 -0.06277 -2.63952e+00 | 30 -0.07815 -2.12109e+00
 31 -0.11400 -1.41316e+00 | 32 -0.14279 -1.03336e+00 | 33 -0.15740 -1.02869e+00
 34 -0.03363 -2.61451e+00 | 35 -0.02886 -5.76331e+00 | 36 -0.02050 -3.32528e+00
 37  0.03174 -7.54781e+00 | 38 -0.07941 -2.42067e+00 | 39  0.07167 -6.03625e+00
 40  0.03791 -5.89881e+00 | 41 -0.00167 -1.57583e+00 | 42 -0.02540 -3.39238e+00
 43  0.02176 -1.50650e+00 | 44  0.03296 -3.24817e+00 | 45 -0.00011 -1.51549e+00
 46 -0.04741 -1.06010e+00 | 47 -0.05368 -7.59611e-01 | 48 -0.06871 -6.65030e-01
 49 -0.04529 -7.53474e-01 | 50 -0.10147 -5.06743e-01 | 51  0.01488 -1.16620e+00
 52 -0.18682 -3.46661e-01 | 53 -0.20234 -2.92525e-01 | 54 -0.20905 -2.87577e-01
 55 -0.16972 -3.97924e-01 | 56 -0.18434 -3.65883e-01 | 57 -0.15819 -4.64876e-01
 58 -0.05831 -1.00836e+00 | 59 -0.17525 -3.96374e-01 | 60 -0.11493 -6.41906e-01
 61 -0.18545 -3.60938e-01 | 62 -0.13775 -5.26769e-01 | 63 -0.15619 -4.02522e-01
 64 -0.21879 -2.08371e-01 | 65 -0.17407 -2.40842e-01 | 66 -0.15347 -1.96690e-01
 67 -0.17131 -1.04723e-01 | 68 -0.12907 -6.61785e-02 | 69 -0.17509 -1.07052e-02
 70 -0.17026  1.58437e-03 | 71 -0.17560  1.86565e-03 | 72 -0.40851 -1.43447e+01
 73 -0.12017  1.18008e+00 | 74 -0.73836 -7.48162e+02 | 75 -1.61882 -5.14807e-01
 76  1.53688  1.03809e+00 | 77  1.90154 -1.42709e+00 | 78  0.13556 -9.83020e-04
 79 -0.98615  1.51705e-05 | 80  0.99520  2.64073e-03 | 81  0.28500  5.21501e-01
81 variables; iteration 2700; function evaluation 3204; phase 3
Function value 5.3267308e+01; maximum gradient component mag -4.2533e+03
Var    Value     Gradient |Var    Value     Gradient |Var    Value     Gradient
  1  0.04143 -4.25333e+03 |  2 -0.00166 -7.17889e+00 |  3 -0.00181 -8.55498e+00
  4 -0.01776 -8.97867e+00 |  5 -0.01819 -1.06288e+01 |  6 -0.01836 -1.24556e+01
  7 -0.01895 -1.45764e+01 |  8 -0.01936 -1.69009e+01 |  9 -0.01948 -1.94125e+01
 10 -0.02008 -2.21730e+01 | 11 -0.02028 -2.50548e+01 | 12 -0.01913 -2.84779e+01
 13 -0.02062 -3.15145e+01 | 14 -0.02422 -3.37987e+01 | 15 -0.02796 -3.61601e+01
 16 -0.02694 -4.05611e+01 | 17 -0.02694 -4.51752e+01 | 18 -0.02434 -5.17769e+01
 19 -0.02848 -5.56509e+01 | 20 -0.02792 -5.75558e+01 | 21 -0.02480 -5.88363e+01
 22 -0.02780 -5.81126e+01 | 23 -0.02803 -5.72703e+01 | 24 -0.03012 -5.64295e+01
 25 -0.03348 -5.72630e+01 | 26 -0.03743 -5.51207e+01 | 27 -0.04499 -5.34170e+01
 28 -0.05461 -5.05293e+01 | 29 -0.06237 -4.41460e+01 | 30 -0.07808 -3.54712e+01
 31 -0.11391 -2.39872e+01 | 32 -0.14278 -1.77523e+01 | 33 -0.15741 -1.81382e+01
 34 -0.03398 -6.31657e+01 | 35 -0.02844 -7.19586e+01 | 36 -0.02095 -7.96674e+01
 37  0.03205 -1.15312e+02 | 38 -0.07996 -4.44307e+01 | 39  0.07183 -1.15506e+02
 40  0.03775 -8.21055e+01 | 41 -0.00167 -4.92400e+01 | 42 -0.02497 -3.73196e+01
 43  0.02127 -4.39445e+01 | 44  0.03334 -4.48326e+01 | 45 -0.00044 -2.95462e+01
 46 -0.04714 -1.68927e+01 | 47 -0.05389 -1.35357e+01 | 48 -0.06862 -1.12980e+01
 49 -0.04537 -1.33066e+01 | 50 -0.10144 -8.56932e+00 | 51  0.01485 -2.14181e+01
 52 -0.18685 -5.81927e+00 | 53 -0.20238 -5.36035e+00 | 54 -0.20901 -5.35934e+00
 55 -0.16968 -7.41104e+00 | 56 -0.18433 -6.73218e+00 | 57 -0.15820 -8.51195e+00
 58 -0.05829 -1.85129e+01 | 59 -0.17522 -7.20643e+00 | 60 -0.11496 -1.15082e+01
 61 -0.18539 -6.61939e+00 | 62 -0.13775 -9.49756e+00 | 63 -0.15619 -7.18776e+00
 64 -0.21880 -3.75565e+00 | 65 -0.17405 -4.31141e+00 | 66 -0.15345 -3.54306e+00
 67 -0.17133 -1.85768e+00 | 68 -0.12905 -1.18949e+00 | 69 -0.17508 -1.81590e-01
 70 -0.17026  2.85308e-02 | 71 -0.17561  3.27709e-02 | 72 -0.40839 -1.00407e+02
 73 -0.11996  2.19033e+01 | 74 -0.73836 -1.29375e+03 | 75 -1.59772 -3.46399e+00
 76  1.53961  1.55089e+01 | 77  1.90222 -2.69002e+01 | 78  0.13556 -1.70562e-03
 79 -0.98618 -1.05571e-03 | 80  0.99517 -2.52079e-02 | 81  0.28494  9.66774e+00
81 variables; iteration 2720; function evaluation 3231; phase 3
Function value 5.3226353e+01; maximum gradient component mag 7.1993e+02
Var    Value     Gradient |Var    Value     Gradient |Var    Value     Gradient
  1  0.04132  7.19932e+02 |  2 -0.00163  1.17027e+00 |  3 -0.00183  1.41795e+00
  4 -0.01781  1.48748e+00 |  5 -0.01822  1.72899e+00 |  6 -0.01840  2.08082e+00
  7 -0.01894  2.38142e+00 |  8 -0.01942  2.74740e+00 |  9 -0.01933  3.31268e+00
 10 -0.02001  3.68929e+00 | 11 -0.01965  4.37141e+00 | 12 -0.01889  4.75463e+00
 13 -0.02038  5.31097e+00 | 14 -0.02390  5.76005e+00 | 15 -0.02864  5.67440e+00
 16 -0.02726  6.69293e+00 | 17 -0.02676  7.48081e+00 | 18 -0.02530  8.22724e+00
 19 -0.03013  8.64942e+00 | 20 -0.02756  9.59881e+00 | 21 -0.03050  8.46106e+00
 22 -0.02759  9.63843e+00 | 23 -0.03021  8.85708e+00 | 24 -0.02661  1.04509e+01
 25 -0.02639  1.18956e+01 | 26 -0.03579  9.86802e+00 | 27 -0.04567  8.70518e+00
 28 -0.05680  7.60007e+00 | 29 -0.06320  7.05475e+00 | 30 -0.07846  5.68969e+00
 31 -0.11406  3.94994e+00 | 32 -0.14298  2.91849e+00 | 33 -0.15790  2.93219e+00
 34 -0.03261  1.16398e+01 | 35 -0.03119  9.00411e+00 | 36 -0.01797  1.53489e+01
 37  0.02996  1.69411e+01 | 38 -0.07494  8.65617e+00 | 39  0.06943  1.99417e+01
 40  0.04179  1.48740e+01 | 41 -0.00847  9.52109e+00 | 42 -0.01704  6.79563e+00
 43  0.01584  8.73326e+00 | 44  0.03653  8.64130e+00 | 45 -0.00235  5.64602e+00
 46 -0.04630  3.22589e+00 | 47 -0.05448  2.46051e+00 | 48 -0.06856  2.01736e+00
 49 -0.04558  2.30737e+00 | 50 -0.10128  1.44672e+00 | 51  0.01488  3.65141e+00
 52 -0.18707  9.52025e-01 | 53 -0.20250  9.07820e-01 | 54 -0.20861  8.94296e-01
 55 -0.16958  1.23952e+00 | 56 -0.18415  1.08493e+00 | 57 -0.15799  1.34062e+00
 58 -0.05814  2.91061e+00 | 59 -0.17503  1.13189e+00 | 60 -0.11497  1.87231e+00
 61 -0.18541  1.07758e+00 | 62 -0.13727  1.54879e+00 | 63 -0.15640  1.18569e+00
 64 -0.21873  6.12396e-01 | 65 -0.17377  7.03654e-01 | 66 -0.15344  5.88165e-01
 67 -0.17119  3.13673e-01 | 68 -0.12901  1.89967e-01 | 69 -0.17495  2.82067e-02
 70 -0.17016 -3.33126e-03 | 71 -0.17551 -3.81038e-03 | 72 -0.40763  8.16161e+00
 73 -0.11923 -3.95821e+00 | 74 -0.73834 -6.48162e+02 | 75 -1.47070  1.45603e-01
 76  1.52564 -2.52527e+00 | 77  1.89908  4.52469e+00 | 78  0.13556  5.18484e-02
 79 -0.98620 -8.87426e-04 | 80  0.99518  6.72347e-03 | 81  0.28490 -1.64286e+00
81 variables; iteration 2740; function evaluation 3254; phase 3
Function value 5.3176278e+01; maximum gradient component mag -8.3905e+02
Var    Value     Gradient |Var    Value     Gradient |Var    Value     Gradient
  1  0.04137 -4.78780e+02 |  2 -0.00153 -8.10406e-01 |  3 -0.00184 -9.82515e-01
  4 -0.01786 -1.04180e+00 |  5 -0.01852 -1.31416e+00 |  6 -0.01856 -1.45404e+00
  7 -0.01923 -1.76202e+00 |  8 -0.01901 -1.87683e+00 |  9 -0.02019 -2.34349e+00
 10 -0.02003 -2.52497e+00 | 11 -0.01976 -2.70958e+00 | 12 -0.01924 -3.30008e+00
 13 -0.01995 -3.42761e+00 | 14 -0.02345 -3.62223e+00 | 15 -0.02859 -4.33941e+00
 16 -0.02432 -3.96414e+00 | 17 -0.02487 -4.73200e+00 | 18 -0.02740 -6.58096e+00
 19 -0.02632 -5.87469e+00 | 20 -0.02969 -6.96157e+00 | 21 -0.02656 -6.57346e+00
 22 -0.02712 -6.51853e+00 | 23 -0.02848 -6.56577e+00 | 24 -0.03451 -7.50532e+00
 25 -0.03149 -6.25505e+00 | 26 -0.03875 -6.55876e+00 | 27 -0.04575 -6.24356e+00
 28 -0.05417 -5.63134e+00 | 29 -0.06159 -4.78369e+00 | 30 -0.07674 -3.67706e+00
 31 -0.11439 -2.82788e+00 | 32 -0.14302 -2.01984e+00 | 33 -0.15771 -2.11191e+00
 34 -0.03452 -6.55786e+00 | 35 -0.02798 -8.22934e+00 | 36 -0.02152 -7.84462e+00
 37  0.03186 -1.20896e+01 | 38 -0.07645 -4.36550e+00 | 39  0.06840 -1.11241e+01
 40  0.04422 -7.96516e+00 | 41 -0.01553 -4.98988e+00 | 42 -0.00818 -3.76429e+00
 43  0.00837 -4.96354e+00 | 44  0.04050 -4.83572e+00 | 45 -0.00556 -3.81835e+00
 46 -0.04456 -1.98730e+00 | 47 -0.05544 -1.83221e+00 | 48 -0.06819 -1.47370e+00
 49 -0.04586 -1.82340e+00 | 50 -0.10131 -1.19272e+00 | 51  0.01469 -2.99938e+00
 52 -0.18736 -8.60086e-01 | 53 -0.20257 -8.19369e-01 | 54 -0.20868 -7.83868e-01
 55 -0.16957 -1.08246e+00 | 56 -0.18423 -9.59134e-01 | 57 -0.15812 -1.18579e+00
 58 -0.05821 -2.53240e+00 | 59 -0.17520 -9.97366e-01 | 60 -0.11484 -1.59560e+00
 61 -0.18552 -9.37140e-01 | 62 -0.13732 -1.31733e+00 | 63 -0.15633 -1.03307e+00
 64 -0.21879 -5.54165e-01 | 65 -0.17383 -6.59497e-01 | 66 -0.15344 -5.84562e-01
 67 -0.17134 -3.27889e-01 | 68 -0.12896 -1.91121e-01 | 69 -0.17509 -2.84298e-02
 70 -0.17044 -5.17002e-04 | 71 -0.17580 -3.55756e-04 | 72 -0.40789 -1.78483e+01
 73 -0.11928  2.47193e+00 | 74 -0.73831 -8.39052e+02 | 75 -1.36348 -1.93235e-01
 76  1.53688  1.78079e+00 | 77  1.90177 -2.86813e+00 | 78  0.13556 -1.94986e-02
 79 -0.98579  3.95385e-03 | 80  0.99519 -1.48578e-03 | 81  0.28494  1.39516e+00
81 variables; iteration 2760; function evaluation 3276; phase 3
Function value 5.3168150e+01; maximum gradient component mag -2.4684e+03
Var    Value     Gradient |Var    Value     Gradient |Var    Value     Gradient
  1  0.04131 -2.46838e+03 |  2 -0.00155 -4.13477e+00 |  3 -0.00175 -4.92904e+00
  4 -0.01778 -5.18647e+00 |  5 -0.01809 -6.12903e+00 |  6 -0.01840 -7.19536e+00
  7 -0.01877 -8.40090e+00 |  8 -0.01920 -9.75052e+00 |  9 -0.01954 -1.12073e+01
 10 -0.02003 -1.28056e+01 | 11 -0.02026 -1.44585e+01 | 12 -0.01904 -1.64540e+01
 13 -0.02076 -1.82154e+01 | 14 -0.02438 -1.95208e+01 | 15 -0.02771 -2.09053e+01
 16 -0.02729 -2.34395e+01 | 17 -0.02698 -2.61315e+01 | 18 -0.02377 -2.99338e+01
 19 -0.02823 -3.21662e+01 | 20 -0.02700 -3.32870e+01 | 21 -0.02567 -3.37717e+01
 22 -0.02673 -3.36219e+01 | 23 -0.02840 -3.30609e+01 | 24 -0.03074 -3.26418e+01
 25 -0.03582 -3.31105e+01 | 26 -0.03799 -3.18308e+01 | 27 -0.04434 -3.08781e+01
 28 -0.05403 -2.92172e+01 | 29 -0.06213 -2.55257e+01 | 30 -0.07774 -2.04913e+01
 31 -0.11399 -1.38403e+01 | 32 -0.14284 -1.02238e+01 | 33 -0.15714 -1.04308e+01
 34 -0.03589 -3.62163e+01 | 35 -0.02549 -4.10415e+01 | 36 -0.02377 -4.55279e+01
 37  0.03318 -6.54601e+01 | 38 -0.07790 -2.58794e+01 | 39  0.06889 -6.51837e+01
 40  0.04401 -4.85284e+01 | 41 -0.01525 -2.69942e+01 | 42 -0.00809 -2.33611e+01
 43  0.00886 -2.45870e+01 | 44  0.04018 -2.74335e+01 | 45 -0.00485 -1.73088e+01
 46 -0.04504 -1.02354e+01 | 47 -0.05493 -8.09950e+00 | 48 -0.06840 -6.83519e+00
 49 -0.04564 -8.02898e+00 | 50 -0.10137 -5.24001e+00 | 51  0.01483 -1.32498e+01
 52 -0.18718 -3.64086e+00 | 53 -0.20221 -3.31888e+00 | 54 -0.20869 -3.34988e+00
 55 -0.16944 -4.64944e+00 | 56 -0.18410 -4.18394e+00 | 57 -0.15795 -5.26834e+00
 58 -0.05811 -1.15275e+01 | 59 -0.17501 -4.41516e+00 | 60 -0.11470 -7.05054e+00
 61 -0.18529 -4.04202e+00 | 62 -0.13735 -5.74526e+00 | 63 -0.15605 -4.33866e+00
 64 -0.21861 -2.26942e+00 | 65 -0.17379 -2.61910e+00 | 66 -0.15326 -2.10810e+00
 67 -0.17108 -1.05448e+00 | 68 -0.12885 -7.10954e-01 | 69 -0.17492 -1.11341e-01
 70 -0.17023  2.09218e-02 | 71 -0.17557  2.31998e-02 | 72 -0.40813 -6.10197e+01
 73 -0.11928  1.29097e+01 | 74 -0.73831  3.21883e+01 | 75 -1.36791 -8.40854e-01
 76  1.53214  8.67552e+00 | 77  1.90041 -1.58246e+01 | 78  0.13556  2.23542e-01
 79 -0.98603 -1.09260e-03 | 80  0.99521 -1.12191e-02 | 81  0.28493  5.94143e+00
81 variables; iteration 2780; function evaluation 3297; phase 3
Function value 5.3166799e+01; maximum gradient component mag -1.0407e+03
Var    Value     Gradient |Var    Value     Gradient |Var    Value     Gradient
  1  0.04133 -1.04068e+03 |  2 -0.00154 -1.70734e+00 |  3 -0.00178 -2.03697e+00
  4 -0.01785 -2.16068e+00 |  5 -0.01813 -2.54530e+00 |  6 -0.01847 -2.98817e+00
  7 -0.01884 -3.48764e+00 |  8 -0.01919 -4.03048e+00 |  9 -0.01982 -4.68345e+00
 10 -0.02003 -5.29879e+00 | 11 -0.02052 -6.01777e+00 | 12 -0.01895 -6.80098e+00
 13 -0.02072 -7.54521e+00 | 14 -0.02442 -8.07887e+00 | 15 -0.02755 -8.62926e+00
 16 -0.02682 -9.62514e+00 | 17 -0.02653 -1.07673e+01 | 18 -0.02390 -1.23383e+01
 19 -0.02864 -1.33259e+01 | 20 -0.02707 -1.36482e+01 | 21 -0.02624 -1.38449e+01
 22 -0.02734 -1.38438e+01 | 23 -0.02888 -1.37645e+01 | 24 -0.03015 -1.36098e+01
 25 -0.03478 -1.40153e+01 | 26 -0.03779 -1.32121e+01 | 27 -0.04488 -1.27333e+01
 28 -0.05430 -1.20149e+01 | 29 -0.06217 -1.04995e+01 | 30 -0.07753 -8.38564e+00
 31 -0.11394 -5.67992e+00 | 32 -0.14285 -4.18268e+00 | 33 -0.15719 -4.25115e+00
 34 -0.03566 -1.48099e+01 | 35 -0.02595 -1.68482e+01 | 36 -0.02339 -1.92881e+01
 37  0.03290 -2.81819e+01 | 38 -0.07710 -1.16062e+01 | 39  0.06833 -3.01432e+01
 40  0.04481 -2.27681e+01 | 41 -0.01686 -1.32599e+01 | 42 -0.00677 -1.08723e+01
 43  0.00779 -1.19387e+01 | 44  0.04063 -1.25600e+01 | 45 -0.00521 -7.79929e+00
 46 -0.04490 -4.33611e+00 | 47 -0.05505 -3.30150e+00 | 48 -0.06837 -2.65172e+00
 49 -0.04570 -2.99595e+00 | 50 -0.10136 -1.90027e+00 | 51  0.01477 -4.65575e+00
 52 -0.18721 -1.24082e+00 | 53 -0.20228 -1.11761e+00 | 54 -0.20871 -1.15498e+00
 55 -0.16947 -1.63204e+00 | 56 -0.18413 -1.47587e+00 | 57 -0.15801 -1.88440e+00
 58 -0.05813 -4.17019e+00 | 59 -0.17509 -1.61828e+00 | 60 -0.11471 -2.61978e+00
 61 -0.18534 -1.51844e+00 | 62 -0.13737 -2.17584e+00 | 63 -0.15609 -1.66123e+00
 64 -0.21866 -8.83710e-01 | 65 -0.17381 -1.03067e+00 | 66 -0.15330 -8.27464e-01
 67 -0.17114 -4.08915e-01 | 68 -0.12887 -2.94001e-01 | 69 -0.17496 -4.75876e-02
 70 -0.17029  9.01265e-03 | 71 -0.17564  9.39765e-03 | 72 -0.40811 -2.97217e+01
 73 -0.11917  5.41482e+00 | 74 -0.73831 -3.54097e+02 | 75 -1.35274 -3.75634e-01
 76  1.53535  3.72768e+00 | 77  1.90126 -6.71179e+00 | 78  0.13556  9.30232e-02
 79 -0.98598 -3.47231e-04 | 80  0.99521 -1.61518e-03 | 81  0.28495  2.16402e+00
81 variables; iteration 2800; function evaluation 3318; phase 3
Function value 5.3161276e+01; maximum gradient component mag -1.6762e+03
Var    Value     Gradient |Var    Value     Gradient |Var    Value     Gradient
  1  0.04133 -1.67617e+03 |  2 -0.00156 -2.81539e+00 |  3 -0.00182 -3.36262e+00
  4 -0.01784 -3.54024e+00 |  5 -0.01810 -4.17009e+00 |  6 -0.01842 -4.89592e+00
  7 -0.01881 -5.72159e+00 |  8 -0.01921 -6.63351e+00 |  9 -0.01972 -7.65165e+00
 10 -0.02005 -8.71475e+00 | 11 -0.02044 -9.85878e+00 | 12 -0.01898 -1.11902e+01
 13 -0.02065 -1.23855e+01 | 14 -0.02438 -1.32815e+01 | 15 -0.02757 -1.42136e+01
 16 -0.02707 -1.59327e+01 | 17 -0.02663 -1.77597e+01 | 18 -0.02448 -2.03968e+01
 19 -0.02835 -2.18598e+01 | 20 -0.02791 -2.26126e+01 | 21 -0.02807 -2.29843e+01
 22 -0.02838 -2.28569e+01 | 23 -0.02912 -2.25463e+01 | 24 -0.02911 -2.22382e+01
 25 -0.03078 -2.24548e+01 | 26 -0.03707 -2.16592e+01 | 27 -0.04524 -2.10016e+01
 28 -0.05500 -1.98695e+01 | 29 -0.06259 -1.73340e+01 | 30 -0.07803 -1.39336e+01
 31 -0.11402 -9.40340e+00 | 32 -0.14291 -6.95928e+00 | 33 -0.15730 -7.07819e+00
 34 -0.03501 -2.45858e+01 | 35 -0.02703 -2.80480e+01 | 36 -0.02225 -3.09893e+01
 37  0.03220 -4.48190e+01 | 38 -0.07666 -1.76867e+01 | 39  0.06862 -4.49270e+01
 40  0.04392 -3.32903e+01 | 41 -0.01460 -1.87920e+01 | 42 -0.00941 -1.59425e+01
 43  0.00998 -1.70734e+01 | 44  0.03948 -1.87789e+01 | 45 -0.00446 -1.18853e+01
 46 -0.04533 -6.94629e+00 | 47 -0.05492 -5.46436e+00 | 48 -0.06842 -4.53605e+00
 49 -0.04573 -5.29382e+00 | 50 -0.10136 -3.39978e+00 | 51  0.01477 -8.48820e+00
 52 -0.18721 -2.27875e+00 | 53 -0.20239 -2.08636e+00 | 54 -0.20866 -2.08821e+00
 55 -0.16953 -2.91349e+00 | 56 -0.18413 -2.61695e+00 | 57 -0.15802 -3.30863e+00
 58 -0.05814 -7.24368e+00 | 59 -0.17507 -2.82861e+00 | 60 -0.11482 -4.56984e+00
 61 -0.18533 -2.63028e+00 | 62 -0.13735 -3.79344e+00 | 63 -0.15619 -2.88923e+00
 64 -0.21870 -1.52665e+00 | 65 -0.17379 -1.76213e+00 | 66 -0.15335 -1.45120e+00
 67 -0.17119 -7.46533e-01 | 68 -0.12890 -4.84462e-01 | 69 -0.17498 -7.71260e-02
 70 -0.17027  1.19543e-02 | 71 -0.17562  1.33798e-02 | 72 -0.40797 -4.36114e+01
 73 -0.11926  8.70727e+00 | 74 -0.73830  1.25133e+03 | 75 -1.37318 -7.66796e-01
 76  1.53071  5.88211e+00 | 77  1.90017 -1.08094e+01 | 78  0.13556  1.77970e-03
 79 -0.98600  1.87109e-04 | 80  0.99520 -6.62061e-03 | 81  0.28493  3.82591e+00
81 variables; iteration 2820; function evaluation 3342; phase 3
Function value 5.3157858e+01; maximum gradient component mag 2.2336e+03
Var    Value     Gradient |Var    Value     Gradient |Var    Value     Gradient
  1  0.04133 -1.51772e+03 |  2 -0.00156 -2.55386e+00 |  3 -0.00184 -3.05454e+00
  4 -0.01780 -3.20313e+00 |  5 -0.01808 -3.78033e+00 |  6 -0.01848 -4.45368e+00
  7 -0.01887 -5.20234e+00 |  8 -0.01925 -6.02606e+00 |  9 -0.01959 -6.91633e+00
 10 -0.02006 -7.90775e+00 | 11 -0.02038 -8.93185e+00 | 12 -0.01896 -1.01448e+01
 13 -0.02068 -1.12385e+01 | 14 -0.02443 -1.20504e+01 | 15 -0.02772 -1.29092e+01
 16 -0.02721 -1.44613e+01 | 17 -0.02690 -1.61344e+01 | 18 -0.02402 -1.84473e+01
 19 -0.02863 -1.98542e+01 | 20 -0.02742 -2.04882e+01 | 21 -0.02604 -2.07360e+01
 22 -0.02606 -2.05888e+01 | 23 -0.02838 -2.04171e+01 | 24 -0.03094 -2.03012e+01
 25 -0.03424 -2.05893e+01 | 26 -0.03789 -1.96797e+01 | 27 -0.04499 -1.90276e+01
 28 -0.05446 -1.79813e+01 | 29 -0.06231 -1.57075e+01 | 30 -0.07781 -1.26107e+01
 31 -0.11403 -8.53545e+00 | 32 -0.14286 -6.30326e+00 | 33 -0.15723 -6.43698e+00
 34 -0.03535 -2.24143e+01 | 35 -0.02634 -2.54815e+01 | 36 -0.02299 -2.82742e+01
 37  0.03268 -4.05459e+01 | 38 -0.07762 -1.60063e+01 | 39  0.06904 -4.03992e+01
 40  0.04339 -2.97686e+01 | 41 -0.01376 -1.68474e+01 | 42 -0.01008 -1.41439e+01
 43  0.01051 -1.52544e+01 | 44  0.03923 -1.66445e+01 | 45 -0.00429 -1.06325e+01
 46 -0.04543 -6.25470e+00 | 47 -0.05479 -4.94226e+00 | 48 -0.06850 -4.16096e+00
 49 -0.04566 -4.82810e+00 | 50 -0.10140 -3.10259e+00 | 51  0.01481 -7.73542e+00
 52 -0.18724 -2.10404e+00 | 53 -0.20238 -1.92789e+00 | 54 -0.20867 -1.93227e+00
 55 -0.16949 -2.68656e+00 | 56 -0.18415 -2.43530e+00 | 57 -0.15801 -3.06689e+00
 58 -0.05813 -6.69956e+00 | 59 -0.17507 -2.60615e+00 | 60 -0.11480 -4.19243e+00
 61 -0.18532 -2.40420e+00 | 62 -0.13735 -3.46365e+00 | 63 -0.15619 -2.62290e+00
 64 -0.21867 -1.36659e+00 | 65 -0.17379 -1.57586e+00 | 66 -0.15334 -1.30289e+00
 67 -0.17120 -6.79177e-01 | 68 -0.12889 -4.37535e-01 | 69 -0.17497 -6.66605e-02
 70 -0.17028  1.04240e-02 | 71 -0.17562  1.24397e-02 | 72 -0.40797 -4.02240e+01
 73 -0.11920  7.88929e+00 | 74 -0.73830  2.23360e+03 | 75 -1.37073 -8.00997e-01
 76  1.53083  5.31350e+00 | 77  1.90014 -9.78114e+00 | 78  0.13556 -3.03488e-02
 79 -0.98602 -4.28244e-04 | 80  0.99521 -4.91547e-03 | 81  0.28494  3.51897e+00
81 variables; iteration 2840; function evaluation 3365; phase 3
Function value 5.3155317e+01; maximum gradient component mag 1.7845e+03
Var    Value     Gradient |Var    Value     Gradient |Var    Value     Gradient
  1  0.04134 -9.51532e+02 |  2 -0.00158 -1.60815e+00 |  3 -0.00183 -1.91804e+00
  4 -0.01779 -2.01164e+00 |  5 -0.01813 -2.38515e+00 |  6 -0.01843 -2.79005e+00
  7 -0.01878 -3.25350e+00 |  8 -0.01924 -3.78798e+00 |  9 -0.01969 -4.36245e+00
 10 -0.02004 -4.96629e+00 | 11 -0.02040 -5.61618e+00 | 12 -0.01904 -6.38772e+00
 13 -0.02059 -7.04581e+00 | 14 -0.02434 -7.55575e+00 | 15 -0.02758 -8.09412e+00
 16 -0.02700 -9.05287e+00 | 17 -0.02666 -1.01143e+01 | 18 -0.02434 -1.16295e+01
 19 -0.02755 -1.23049e+01 | 20 -0.02886 -1.30459e+01 | 21 -0.02787 -1.31846e+01
 22 -0.02910 -1.32250e+01 | 23 -0.02736 -1.26752e+01 | 24 -0.02894 -1.26038e+01
 25 -0.03132 -1.26306e+01 | 26 -0.03787 -1.24022e+01 | 27 -0.04549 -1.20106e+01
 28 -0.05476 -1.13002e+01 | 29 -0.06258 -9.88024e+00 | 30 -0.07789 -7.91146e+00
 31 -0.11400 -5.34952e+00 | 32 -0.14290 -3.97074e+00 | 33 -0.15729 -4.04286e+00
 34 -0.03512 -1.39850e+01 | 35 -0.02675 -1.60373e+01 | 36 -0.02259 -1.75822e+01
 37  0.03240 -2.52804e+01 | 38 -0.07729 -9.84133e+00 | 39  0.06899 -2.50380e+01
 40  0.04326 -1.83069e+01 | 41 -0.01337 -1.05142e+01 | 42 -0.01066 -8.66257e+00
 43  0.01093 -9.60622e+00 | 44  0.03896 -1.03724e+01 | 45 -0.00418 -6.73071e+00
 46 -0.04550 -3.93636e+00 | 47 -0.05483 -3.14403e+00 | 48 -0.06849 -2.64365e+00
 49 -0.04571 -3.08715e+00 | 50 -0.10139 -1.98962e+00 | 51  0.01478 -4.97256e+00
 52 -0.18727 -1.36023e+00 | 53 -0.20244 -1.25037e+00 | 54 -0.20866 -1.25146e+00
 55 -0.16953 -1.73238e+00 | 56 -0.18417 -1.56758e+00 | 57 -0.15803 -1.96597e+00
 58 -0.05815 -4.27700e+00 | 59 -0.17506 -1.65201e+00 | 60 -0.11487 -2.67712e+00
 61 -0.18535 -1.52259e+00 | 62 -0.13734 -2.19402e+00 | 63 -0.15626 -1.67216e+00
 64 -0.21871 -8.74909e-01 | 65 -0.17379 -1.00967e+00 | 66 -0.15338 -8.40169e-01
 67 -0.17122 -4.40463e-01 | 68 -0.12893 -2.86564e-01 | 69 -0.17499 -4.67411e-02
 70 -0.17028  5.99117e-03 | 71 -0.17563  7.09089e-03 | 72 -0.40789 -2.79922e+01
 73 -0.11915  4.92510e+00 | 74 -0.73830  1.78455e+03 | 75 -1.36496 -5.74203e-01
 76  1.53115  3.33059e+00 | 77  1.90024 -6.10624e+00 | 78  0.13556  7.32389e-03
 79 -0.98599  4.56065e-04 | 80  0.99520 -2.28343e-03 | 81  0.28493  2.23383e+00
81 variables; iteration 2860; function evaluation 3389; phase 3
Function value 5.3152365e+01; maximum gradient component mag 1.2889e+03
Var    Value     Gradient |Var    Value     Gradient |Var    Value     Gradient
  1  0.04133 -5.49686e+02 |  2 -0.00156 -9.31413e-01 |  3 -0.00183 -1.11560e+00
  4 -0.01781 -1.17054e+00 |  5 -0.01810 -1.37942e+00 |  6 -0.01843 -1.62003e+00
  7 -0.01883 -1.89633e+00 |  8 -0.01922 -2.19509e+00 |  9 -0.01966 -2.52931e+00
 10 -0.02006 -2.88715e+00 | 11 -0.02039 -3.25764e+00 | 12 -0.01900 -3.70357e+00
 13 -0.02069 -4.10361e+00 | 14 -0.02444 -4.39533e+00 | 15 -0.02767 -4.70720e+00
 16 -0.02715 -5.26008e+00 | 17 -0.02677 -5.87403e+00 | 18 -0.02434 -6.75059e+00
 19 -0.02875 -7.27730e+00 | 20 -0.02688 -7.28665e+00 | 21 -0.02555 -7.29937e+00
 22 -0.02611 -7.23750e+00 | 23 -0.02935 -7.64303e+00 | 24 -0.03098 -7.63391e+00
 25 -0.03413 -7.70954e+00 | 26 -0.03768 -7.17593e+00 | 27 -0.04490 -6.87191e+00
 28 -0.05447 -6.48671e+00 | 29 -0.06228 -5.65172e+00 | 30 -0.07788 -4.56502e+00
 31 -0.11402 -3.09236e+00 | 32 -0.14288 -2.28699e+00 | 33 -0.15729 -2.32865e+00
 34 -0.03502 -8.05003e+00 | 35 -0.02682 -9.44029e+00 | 36 -0.02253 -1.01891e+01
 37  0.03242 -1.46851e+01 | 38 -0.07748 -5.67040e+00 | 39  0.06914 -1.44446e+01
 40  0.04303 -1.04442e+01 | 41 -0.01294 -6.09918e+00 | 42 -0.01109 -4.82445e+00
 43  0.01128 -5.56375e+00 | 44  0.03877 -5.84432e+00 | 45 -0.00404 -3.86653e+00
 46 -0.04557 -2.24458e+00 | 47 -0.05476 -1.79382e+00 | 48 -0.06848 -1.50653e+00
 49 -0.04568 -1.76578e+00 | 50 -0.10137 -1.14538e+00 | 51  0.01479 -2.84537e+00
 52 -0.18731 -7.78655e-01 | 53 -0.20248 -7.06772e-01 | 54 -0.20861 -7.08201e-01
 55 -0.16954 -9.87264e-01 | 56 -0.18415 -8.90715e-01 | 57 -0.15802 -1.12548e+00
 58 -0.05815 -2.46363e+00 | 59 -0.17505 -9.50747e-01 | 60 -0.11490 -1.55044e+00
 61 -0.18536 -8.79755e-01 | 62 -0.13729 -1.27246e+00 | 63 -0.15631 -9.62086e-01
 64 -0.21871 -5.01779e-01 | 65 -0.17377 -5.82620e-01 | 66 -0.15340 -4.80522e-01
 67 -0.17122 -2.47426e-01 | 68 -0.12894 -1.60837e-01 | 69 -0.17499 -2.52352e-02
 70 -0.17028  3.96300e-03 | 71 -0.17563  4.60734e-03 | 72 -0.40775 -1.91838e+01
 73 -0.11902  2.81091e+00 | 74 -0.73830  1.28894e+03 | 75 -1.35556 -3.93340e-01
 76  1.53109  1.91105e+00 | 77  1.90024 -3.53585e+00 | 78  0.13556  6.73137e-03
 79 -0.98602  9.82080e-05 | 80  0.99520  6.34919e-04 | 81  0.28491  1.27124e+00
81 variables; iteration 2880; function evaluation 3411; phase 3
Function value 5.3149401e+01; maximum gradient component mag 3.0985e+03
Var    Value     Gradient |Var    Value     Gradient |Var    Value     Gradient
  1  0.04133 -9.67500e+02 |  2 -0.00154 -1.61877e+00 |  3 -0.00182 -1.93939e+00
  4 -0.01780 -2.03619e+00 |  5 -0.01810 -2.40391e+00 |  6 -0.01843 -2.82337e+00
  7 -0.01881 -3.29852e+00 |  8 -0.01921 -3.82228e+00 |  9 -0.01964 -4.40014e+00
 10 -0.02002 -5.01822e+00 | 11 -0.02038 -5.67450e+00 | 12 -0.01897 -6.44667e+00
 13 -0.02066 -7.13904e+00 | 14 -0.02439 -7.65329e+00 | 15 -0.02757 -8.18645e+00
 16 -0.02715 -9.18567e+00 | 17 -0.02669 -1.02369e+01 | 18 -0.02384 -1.16795e+01
 19 -0.02892 -1.26757e+01 | 20 -0.02798 -1.30493e+01 | 21 -0.02824 -1.33846e+01
 22 -0.02899 -1.33384e+01 | 23 -0.02911 -1.30832e+01 | 24 -0.02810 -1.26105e+01
 25 -0.03083 -1.27138e+01 | 26 -0.03631 -1.22841e+01 | 27 -0.04518 -1.20821e+01
 28 -0.05521 -1.15020e+01 | 29 -0.06281 -1.00179e+01 | 30 -0.07811 -8.03343e+00
 31 -0.11403 -5.41668e+00 | 32 -0.14287 -4.00560e+00 | 33 -0.15732 -4.08074e+00
 34 -0.03485 -1.41190e+01 | 35 -0.02708 -1.63473e+01 | 36 -0.02229 -1.78731e+01
 37  0.03226 -2.59370e+01 | 38 -0.07744 -1.01921e+01 | 39  0.06924 -2.60609e+01
 40  0.04278 -1.91939e+01 | 41 -0.01241 -1.09973e+01 | 42 -0.01173 -9.11135e+00
 43  0.01178 -9.97753e+00 | 44  0.03848 -1.07583e+01 | 45 -0.00386 -6.88580e+00
 46 -0.04571 -4.01299e+00 | 47 -0.05474 -3.15865e+00 | 48 -0.06852 -2.63295e+00
 49 -0.04570 -3.05802e+00 | 50 -0.10138 -1.97072e+00 | 51  0.01479 -4.90668e+00
 52 -0.18734 -1.33347e+00 | 53 -0.20253 -1.21575e+00 | 54 -0.20857 -1.21959e+00
 55 -0.16957 -1.69363e+00 | 56 -0.18415 -1.52921e+00 | 57 -0.15801 -1.93921e+00
 58 -0.05815 -4.25266e+00 | 59 -0.17502 -1.64570e+00 | 60 -0.11496 -2.66530e+00
 61 -0.18538 -1.52875e+00 | 62 -0.13725 -2.20084e+00 | 63 -0.15639 -1.66436e+00
 64 -0.21872 -8.69020e-01 | 65 -0.17376 -1.00738e+00 | 66 -0.15343 -8.29795e-01
 67 -0.17122 -4.23693e-01 | 68 -0.12898 -2.74951e-01 | 69 -0.17499 -4.25997e-02
 70 -0.17026  6.97132e-03 | 71 -0.17561  8.10033e-03 | 72 -0.40761 -2.83068e+01
 73 -0.11887  5.04004e+00 | 74 -0.73829  3.09845e+03 | 75 -1.34195 -6.14671e-01
 76  1.52938  3.35006e+00 | 77  1.89984 -6.27604e+00 | 78  0.13556  1.99942e-02
 79 -0.98604  1.15883e-04 | 80  0.99520 -2.15174e-03 | 81  0.28490  2.21234e+00
81 variables; iteration 2900; function evaluation 3436; phase 3
Function value 5.3146181e+01; maximum gradient component mag 1.1958e+04
Var    Value     Gradient |Var    Value     Gradient |Var    Value     Gradient
  1  0.04131 -3.07112e+03 |  2 -0.00156 -5.15099e+00 |  3 -0.00183 -6.15694e+00
  4 -0.01780 -6.46440e+00 |  5 -0.01811 -7.63655e+00 |  6 -0.01845 -8.97094e+00
  7 -0.01882 -1.04736e+01 |  8 -0.01923 -1.21467e+01 |  9 -0.01966 -1.39782e+01
 10 -0.02005 -1.59489e+01 | 11 -0.02041 -1.80286e+01 | 12 -0.01901 -2.04818e+01
 13 -0.02070 -2.26715e+01 | 14 -0.02445 -2.43148e+01 | 15 -0.02768 -2.60248e+01
 16 -0.02730 -2.91756e+01 | 17 -0.02694 -3.25093e+01 | 18 -0.02453 -3.72490e+01
 19 -0.02887 -4.00136e+01 | 20 -0.02738 -4.14646e+01 | 21 -0.02529 -4.21938e+01
 22 -0.02537 -4.21100e+01 | 23 -0.02716 -4.13564e+01 | 24 -0.02998 -4.07112e+01
 25 -0.03482 -4.11312e+01 | 26 -0.03881 -3.95394e+01 | 27 -0.04549 -3.84043e+01
 28 -0.05461 -3.63736e+01 | 29 -0.06228 -3.17864e+01 | 30 -0.07781 -2.55240e+01
 31 -0.11399 -1.72535e+01 | 32 -0.14289 -1.27672e+01 | 33 -0.15735 -1.30257e+01
 34 -0.03486 -4.53620e+01 | 35 -0.02697 -5.12231e+01 | 36 -0.02235 -5.69866e+01
 37  0.03237 -8.19307e+01 | 38 -0.07774 -3.23616e+01 | 39  0.06949 -8.20660e+01
 40  0.04243 -6.04936e+01 | 41 -0.01167 -3.43150e+01 | 42 -0.01245 -2.89951e+01
 43  0.01238 -3.11116e+01 | 44  0.03819 -3.41194e+01 | 45 -0.00364 -2.16692e+01
 46 -0.04579 -1.27317e+01 | 47 -0.05467 -1.00505e+01 | 48 -0.06851 -8.40786e+00
 49 -0.04567 -9.79098e+00 | 50 -0.10134 -6.28873e+00 | 51  0.01482 -1.57258e+01
 52 -0.18736 -4.24287e+00 | 53 -0.20257 -3.90540e+00 | 54 -0.20848 -3.92461e+00
 55 -0.16956 -5.43729e+00 | 56 -0.18412 -4.91949e+00 | 57 -0.15797 -6.21119e+00
 58 -0.05812 -1.35732e+01 | 59 -0.17498 -5.28141e+00 | 60 -0.11500 -8.47525e+00
 61 -0.18536 -4.88822e+00 | 62 -0.13716 -7.02340e+00 | 63 -0.15645 -5.31594e+00
 64 -0.21871 -2.78792e+00 | 65 -0.17370 -3.22004e+00 | 66 -0.15343 -2.65385e+00
 67 -0.17120 -1.37697e+00 | 68 -0.12897 -8.93648e-01 | 69 -0.17496 -1.40052e-01
 70 -0.17024  2.12064e-02 | 71 -0.17559  2.48183e-02 | 72 -0.40742 -7.41197e+01
 73 -0.11867  1.62735e+01 | 74 -0.73829  1.19577e+04 | 75 -1.32616 -1.69383e+00
 76  1.52896  1.07363e+01 | 77  1.89972 -1.98138e+01 | 78  0.13556  1.15474e-02
 79 -0.98605  6.91450e-05 | 80  0.99520 -1.53544e-02 | 81  0.28487  7.15543e+00
81 variables; iteration 2920; function evaluation 3459; phase 3
Function value 5.3143404e+01; maximum gradient component mag 3.5871e+03
Var    Value     Gradient |Var    Value     Gradient |Var    Value     Gradient
  1  0.04132 -8.35808e+02 |  2 -0.00156 -1.41193e+00 |  3 -0.00182 -1.68490e+00
  4 -0.01780 -1.76929e+00 |  5 -0.01810 -2.09075e+00 |  6 -0.01844 -2.45475e+00
  7 -0.01881 -2.86758e+00 |  8 -0.01922 -3.32525e+00 |  9 -0.01963 -3.82193e+00
 10 -0.02003 -4.36327e+00 | 11 -0.02036 -4.92809e+00 | 12 -0.01896 -5.60028e+00
 13 -0.02064 -6.19977e+00 | 14 -0.02435 -6.63946e+00 | 15 -0.02758 -7.11170e+00
 16 -0.02708 -7.96628e+00 | 17 -0.02656 -8.86855e+00 | 18 -0.02371 -1.01179e+01
 19 -0.02808 -1.08929e+01 | 20 -0.02710 -1.12122e+01 | 21 -0.02705 -1.14884e+01
 22 -0.02941 -1.17090e+01 | 23 -0.03098 -1.17001e+01 | 24 -0.03027 -1.12609e+01
 25 -0.03157 -1.10979e+01 | 26 -0.03593 -1.05689e+01 | 27 -0.04433 -1.03461e+01
 28 -0.05463 -9.89128e+00 | 29 -0.06264 -8.66564e+00 | 30 -0.07810 -6.96459e+00
 31 -0.11404 -4.69977e+00 | 32 -0.14287 -3.48005e+00 | 33 -0.15737 -3.54762e+00
 34 -0.03474 -1.22171e+01 | 35 -0.02716 -1.41994e+01 | 36 -0.02225 -1.53586e+01
 37  0.03228 -2.21785e+01 | 38 -0.07794 -8.64565e+00 | 39  0.06961 -2.19535e+01
 40  0.04205 -1.61449e+01 | 41 -0.01097 -9.20676e+00 | 42 -0.01338 -7.71192e+00
 43  0.01304 -8.41881e+00 | 44  0.03775 -9.19719e+00 | 45 -0.00342 -5.92179e+00
 46 -0.04597 -3.48146e+00 | 47 -0.05464 -2.76339e+00 | 48 -0.06857 -2.32644e+00
 49 -0.04570 -2.69823e+00 | 50 -0.10136 -1.73411e+00 | 51  0.01478 -4.30442e+00
 52 -0.18748 -1.17617e+00 | 53 -0.20269 -1.07367e+00 | 54 -0.20847 -1.08087e+00
 55 -0.16960 -1.50137e+00 | 56 -0.18417 -1.36897e+00 | 57 -0.15801 -1.72735e+00
 58 -0.05816 -3.77020e+00 | 59 -0.17501 -1.46415e+00 | 60 -0.11509 -2.36992e+00
 61 -0.18541 -1.34958e+00 | 62 -0.13714 -1.95745e+00 | 63 -0.15657 -1.48009e+00
 64 -0.21878 -7.72559e-01 | 65 -0.17372 -8.93176e-01 | 66 -0.15350 -7.38995e-01
 67 -0.17127 -3.85885e-01 | 68 -0.12903 -2.51270e-01 | 69 -0.17502 -3.96224e-02
 70 -0.17030  5.91743e-03 | 71 -0.17565  7.05042e-03 | 72 -0.40726 -2.54094e+01
 73 -0.11853  4.38018e+00 | 74 -0.73829  3.58708e+03 | 75 -1.31189 -5.25781e-01
 76  1.52867  2.86636e+00 | 77  1.89970 -5.41880e+00 | 78  0.13556 -1.05164e-02
 79 -0.98606  1.01958e-04 | 80  0.99520 -1.40711e-03 | 81  0.28485  1.96649e+00
81 variables; iteration 2940; function evaluation 3482; phase 3
Function value 5.3140552e+01; maximum gradient component mag 9.5709e+02
Var    Value     Gradient |Var    Value     Gradient |Var    Value     Gradient
  1  0.04129 -1.99990e+02 |  2 -0.00157 -3.33838e-01 |  3 -0.00182 -3.94159e-01
  4 -0.01780 -4.16381e-01 |  5 -0.01811 -4.92645e-01 |  6 -0.01845 -5.78423e-01
  7 -0.01881 -6.72020e-01 |  8 -0.01921 -7.77758e-01 |  9 -0.01965 -9.00198e-01
 10 -0.02003 -1.02139e+00 | 11 -0.02038 -1.15491e+00 | 12 -0.01900 -1.31655e+00
 13 -0.02068 -1.46065e+00 | 14 -0.02444 -1.56660e+00 | 15 -0.02760 -1.66299e+00
 16 -0.02718 -1.86957e+00 | 17 -0.02685 -2.10889e+00 | 18 -0.02463 -2.47828e+00
 19 -0.02920 -2.72444e+00 | 20 -0.02860 -2.82752e+00 | 21 -0.02691 -2.65782e+00
 22 -0.02632 -2.34144e+00 | 23 -0.02582 -2.03563e+00 | 24 -0.02761 -2.13188e+00
 25 -0.03295 -2.64951e+00 | 26 -0.03863 -2.78815e+00 | 27 -0.04612 -2.69457e+00
 28 -0.05517 -2.43137e+00 | 29 -0.06252 -2.00942e+00 | 30 -0.07787 -1.58916e+00
 31 -0.11395 -1.06512e+00 | 32 -0.14287 -7.83353e-01 | 33 -0.15741 -7.96820e-01
 34 -0.03470 -2.61630e+00 | 35 -0.02724 -3.56163e+00 | 36 -0.02213 -3.50167e+00
 37  0.03228 -5.56704e+00 | 38 -0.07800 -2.18437e+00 | 39  0.06981 -5.77407e+00
 40  0.04178 -4.49570e+00 | 41 -0.01032 -2.49864e+00 | 42 -0.01406 -2.16637e+00
 43  0.01358 -2.28827e+00 | 44  0.03751 -2.44924e+00 | 45 -0.00323 -1.52149e+00
 46 -0.04606 -8.53927e-01 | 47 -0.05461 -6.44076e-01 | 48 -0.06857 -5.29365e-01
 49 -0.04570 -5.85525e-01 | 50 -0.10131 -3.68397e-01 | 51  0.01481 -8.78369e-01
 52 -0.18744 -2.62869e-01 | 53 -0.20269 -2.35600e-01 | 54 -0.20837 -2.34967e-01
 55 -0.16959 -3.33980e-01 | 56 -0.18412 -3.13359e-01 | 57 -0.15795 -3.84952e-01
 58 -0.05811 -8.24759e-01 | 59 -0.17492 -3.11565e-01 | 60 -0.11513 -5.21917e-01
 61 -0.18536 -2.74767e-01 | 62 -0.13706 -4.09150e-01 | 63 -0.15661 -3.14745e-01
 64 -0.21874 -1.59830e-01 | 65 -0.17365 -1.83921e-01 | 66 -0.15349 -1.58362e-01
 67 -0.17122 -9.01492e-02 | 68 -0.12902 -6.06209e-02 | 69 -0.17496 -1.09394e-02
 70 -0.17020  7.28559e-04 | 71 -0.17556  9.95293e-04 | 72 -0.40710 -1.14609e+01
 73 -0.11835  9.70517e-01 | 74 -0.73829  9.57093e+02 | 75 -1.29792 -1.97169e-01
 76  1.52935  6.63727e-01 | 77  1.89983 -1.33580e+00 | 78  0.13556 -1.02756e-02
 79 -0.98607 -1.53015e-06 | 80  0.99520  2.90059e-03 | 81  0.28483  4.03668e-01
81 variables; iteration 2960; function evaluation 3506; phase 3
Function value 5.3137773e+01; maximum gradient component mag 3.3360e+03
Var    Value     Gradient |Var    Value     Gradient |Var    Value     Gradient
  1  0.04131 -6.96968e+02 |  2 -0.00156 -1.18190e+00 |  3 -0.00181 -1.40920e+00
  4 -0.01779 -1.48144e+00 |  5 -0.01810 -1.75163e+00 |  6 -0.01843 -2.05422e+00
  7 -0.01879 -2.39552e+00 |  8 -0.01922 -2.78621e+00 |  9 -0.01962 -3.20041e+00
 10 -0.02003 -3.65462e+00 | 11 -0.02040 -4.13525e+00 | 12 -0.01896 -4.68903e+00
 13 -0.02061 -5.18535e+00 | 14 -0.02430 -5.54681e+00 | 15 -0.02760 -5.95514e+00
 16 -0.02721 -6.69033e+00 | 17 -0.02664 -7.43042e+00 | 18 -0.02390 -8.48326e+00
 19 -0.02783 -9.05367e+00 | 20 -0.02663 -9.27588e+00 | 21 -0.02567 -9.38380e+00
 22 -0.02822 -9.67185e+00 | 23 -0.03086 -9.88979e+00 | 24 -0.03171 -9.72051e+00
 25 -0.03295 -9.48331e+00 | 26 -0.03657 -8.89885e+00 | 27 -0.04413 -8.58911e+00
 28 -0.05427 -8.21220e+00 | 29 -0.06245 -7.23694e+00 | 30 -0.07794 -5.82218e+00
 31 -0.11399 -3.94360e+00 | 32 -0.14289 -2.92476e+00 | 33 -0.15741 -2.97672e+00
 34 -0.03467 -1.02333e+01 | 35 -0.02721 -1.19849e+01 | 36 -0.02226 -1.28705e+01
 37  0.03236 -1.86248e+01 | 38 -0.07840 -7.22653e+00 | 39  0.06997 -1.82255e+01
 40  0.04137 -1.34558e+01 | 41 -0.00965 -7.48466e+00 | 42 -0.01484 -6.35607e+00
 43  0.01411 -6.80928e+00 | 44  0.03713 -7.51023e+00 | 45 -0.00304 -4.82374e+00
 46 -0.04619 -2.85026e+00 | 47 -0.05457 -2.26997e+00 | 48 -0.06859 -1.91702e+00
 49 -0.04571 -2.23878e+00 | 50 -0.10131 -1.45492e+00 | 51  0.01476 -3.60828e+00
 52 -0.18758 -9.71068e-01 | 53 -0.20282 -8.85277e-01 | 54 -0.20834 -8.93954e-01
 55 -0.16965 -1.24027e+00 | 56 -0.18414 -1.11844e+00 | 57 -0.15799 -1.41192e+00
 58 -0.05816 -3.10772e+00 | 59 -0.17496 -1.20553e+00 | 60 -0.11520 -1.95078e+00
 61 -0.18544 -1.11575e+00 | 62 -0.13702 -1.61915e+00 | 63 -0.15674 -1.22752e+00
 64 -0.21881 -6.45419e-01 | 65 -0.17366 -7.48906e-01 | 66 -0.15357 -6.16223e-01
 67 -0.17127 -3.15036e-01 | 68 -0.12908 -2.04002e-01 | 69 -0.17502 -3.26169e-02
 70 -0.17029  4.59894e-03 | 71 -0.17565  5.31076e-03 | 72 -0.40689 -2.21830e+01
 73 -0.11814  3.65396e+00 | 74 -0.73829  3.33603e+03 | 75 -1.27799 -3.99704e-01
 76  1.53040  2.43624e+00 | 77  1.90012 -4.48903e+00 | 78  0.13556  1.09428e-02
 79 -0.98606  3.17960e-04 | 80  0.99519 -1.00158e-03 | 81  0.28479  1.61739e+00
81 variables; iteration 2980; function evaluation 3530; phase 3
Function value 5.3135724e+01; maximum gradient component mag 3.8020e+03
Var    Value     Gradient |Var    Value     Gradient |Var    Value     Gradient
  1  0.04129 -8.05097e+02 |  2 -0.00156 -1.35714e+00 |  3 -0.00182 -1.62230e+00
  4 -0.01779 -1.70054e+00 |  5 -0.01810 -2.01202e+00 |  6 -0.01842 -2.35893e+00
  7 -0.01878 -2.75173e+00 |  8 -0.01921 -3.19887e+00 |  9 -0.01966 -3.68708e+00
 10 -0.02002 -4.19792e+00 | 11 -0.02041 -4.75296e+00 | 12 -0.01895 -5.38882e+00
 13 -0.02060 -5.96088e+00 | 14 -0.02439 -6.40143e+00 | 15 -0.02751 -6.83500e+00
 16 -0.02710 -7.67391e+00 | 17 -0.02671 -8.56163e+00 | 18 -0.02435 -9.83729e+00
 19 -0.02908 -1.06398e+01 | 20 -0.02886 -1.10678e+01 | 21 -0.02804 -1.12149e+01
 22 -0.02756 -1.09824e+01 | 23 -0.02695 -1.06271e+01 | 24 -0.02736 -1.03710e+01
 25 -0.03120 -1.06025e+01 | 26 -0.03758 -1.04427e+01 | 27 -0.04581 -1.02317e+01
 28 -0.05527 -9.67270e+00 | 29 -0.06274 -8.40600e+00 | 30 -0.07795 -6.72473e+00
 31 -0.11393 -4.53384e+00 | 32 -0.14289 -3.36025e+00 | 33 -0.15742 -3.39798e+00
 34 -0.03469 -1.16754e+01 | 35 -0.02723 -1.35630e+01 | 36 -0.02221 -1.47206e+01
 37  0.03235 -2.14495e+01 | 38 -0.07842 -8.42080e+00 | 39  0.07010 -2.15308e+01
 40  0.04118 -1.60421e+01 | 41 -0.00917 -9.02870e+00 | 42 -0.01543 -7.69550e+00
 43  0.01459 -8.23450e+00 | 44  0.03689 -9.08841e+00 | 45 -0.00287 -5.77729e+00
 46 -0.04629 -3.37529e+00 | 47 -0.05457 -2.65446e+00 | 48 -0.06860 -2.20952e+00
 49 -0.04574 -2.56081e+00 | 50 -0.10128 -1.62779e+00 | 51  0.01478 -3.93261e+00
 52 -0.18749 -1.00510e+00 | 53 -0.20282 -9.37830e-01 | 54 -0.20830 -9.63210e-01
 55 -0.16963 -1.34263e+00 | 56 -0.18412 -1.22643e+00 | 57 -0.15793 -1.53451e+00
 58 -0.05812 -3.38192e+00 | 59 -0.17491 -1.33512e+00 | 60 -0.11523 -2.17695e+00
 61 -0.18541 -1.25481e+00 | 62 -0.13696 -1.82929e+00 | 63 -0.15677 -1.40546e+00
 64 -0.21880 -7.48749e-01 | 65 -0.17361 -8.58903e-01 | 66 -0.15356 -7.20219e-01
 67 -0.17125 -3.84854e-01 | 68 -0.12907 -2.49864e-01 | 69 -0.17498 -4.24817e-02
 70 -0.17022  4.71128e-03 | 71 -0.17558  5.68368e-03 | 72 -0.40679 -2.45120e+01
 73 -0.11801  4.24265e+00 | 74 -0.73829  3.80196e+03 | 75 -1.26703 -4.20648e-01
 76  1.52984  2.82038e+00 | 77  1.89996 -5.19749e+00 | 78  0.13556 -2.99927e-02
 79 -0.98607  1.51963e-04 | 80  0.99519 -1.56180e-03 | 81  0.28480  1.81215e+00
81 variables; iteration 3000; function evaluation 3554; phase 3
Function value 5.3133633e+01; maximum gradient component mag 6.3684e+03
Var    Value     Gradient |Var    Value     Gradient |Var    Value     Gradient
  1  0.04127 -1.38774e+03 |  2 -0.00157 -2.34257e+00 |  3 -0.00182 -2.79591e+00
  4 -0.01779 -2.93481e+00 |  5 -0.01811 -3.47049e+00 |  6 -0.01843 -4.07381e+00
  7 -0.01882 -4.75920e+00 |  8 -0.01921 -5.51700e+00 |  9 -0.01959 -6.33895e+00
 10 -0.02008 -7.25211e+00 | 11 -0.02036 -8.18325e+00 | 12 -0.01904 -9.31302e+00
 13 -0.02073 -1.03096e+01 | 14 -0.02445 -1.10499e+01 | 15 -0.02771 -1.18328e+01
 16 -0.02721 -1.32535e+01 | 17 -0.02680 -1.47724e+01 | 18 -0.02448 -1.69528e+01
 19 -0.02853 -1.81842e+01 | 20 -0.02714 -1.87408e+01 | 21 -0.02481 -1.88656e+01
 22 -0.02579 -1.88262e+01 | 23 -0.02799 -1.86888e+01 | 24 -0.03050 -1.85973e+01
 25 -0.03467 -1.89503e+01 | 26 -0.03838 -1.81022e+01 | 27 -0.04519 -1.74667e+01
 28 -0.05444 -1.64837e+01 | 29 -0.06225 -1.43974e+01 | 30 -0.07776 -1.15705e+01
 31 -0.11394 -7.83650e+00 | 32 -0.14290 -5.79844e+00 | 33 -0.15751 -5.91624e+00
 34 -0.03452 -2.04737e+01 | 35 -0.02744 -2.34618e+01 | 36 -0.02202 -2.56693e+01
 37  0.03233 -3.69418e+01 | 38 -0.07859 -1.44270e+01 | 39  0.07024 -3.65209e+01
 40  0.04099 -2.67541e+01 | 41 -0.00875 -1.52534e+01 | 42 -0.01590 -1.27761e+01
 43  0.01495 -1.38645e+01 | 44  0.03669 -1.51549e+01 | 45 -0.00270 -9.72066e+00
 46 -0.04639 -5.72310e+00 | 47 -0.05450 -4.54397e+00 | 48 -0.06861 -3.81849e+00
 49 -0.04570 -4.46078e+00 | 50 -0.10124 -2.88577e+00 | 51  0.01479 -7.23073e+00
 52 -0.18763 -1.97794e+00 | 53 -0.20288 -1.80367e+00 | 54 -0.20819 -1.81366e+00
 55 -0.16965 -2.49485e+00 | 56 -0.18410 -2.25019e+00 | 57 -0.15792 -2.82992e+00
 58 -0.05811 -6.19071e+00 | 59 -0.17486 -2.40230e+00 | 60 -0.11530 -3.85637e+00
 61 -0.18541 -2.21603e+00 | 62 -0.13689 -3.21089e+00 | 63 -0.15685 -2.41976e+00
 64 -0.21879 -1.26996e+00 | 65 -0.17358 -1.47347e+00 | 66 -0.15358 -1.21237e+00
 67 -0.17125 -6.28123e-01 | 68 -0.12909 -4.01587e-01 | 69 -0.17498 -6.44290e-02
 70 -0.17023  9.62410e-03 | 71 -0.17559  1.11661e-02 | 72 -0.40657 -3.72408e+01
 73 -0.11785  7.42728e+00 | 74 -0.73829  6.36838e+03 | 75 -1.25136 -6.03710e-01
 76  1.52973  4.86357e+00 | 77  1.89996 -8.91843e+00 | 78  0.13556  1.02233e-02
 79 -0.98602  1.26378e-03 | 80  0.99519 -5.20525e-03 | 81  0.28475  3.25804e+00
81 variables; iteration 3020; function evaluation 3579; phase 3
Function value 5.3132204e+01; maximum gradient component mag 3.2015e+03
Var    Value     Gradient |Var    Value     Gradient |Var    Value     Gradient
  1  0.04129 -6.96256e+02 |  2 -0.00156 -1.17659e+00 |  3 -0.00181 -1.40179e+00
  4 -0.01778 -1.46940e+00 |  5 -0.01809 -1.73804e+00 |  6 -0.01845 -2.04716e+00
  7 -0.01880 -2.38605e+00 |  8 -0.01918 -2.76154e+00 |  9 -0.01962 -3.18202e+00
 10 -0.01998 -3.62313e+00 | 11 -0.02037 -4.10454e+00 | 12 -0.01893 -4.65598e+00
 13 -0.02063 -5.16145e+00 | 14 -0.02437 -5.53316e+00 | 15 -0.02752 -5.91113e+00
 16 -0.02701 -6.61725e+00 | 17 -0.02661 -7.39042e+00 | 18 -0.02380 -8.42032e+00
 19 -0.02816 -9.06467e+00 | 20 -0.02769 -9.41056e+00 | 21 -0.02750 -9.64909e+00
 22 -0.02926 -9.80186e+00 | 23 -0.02970 -9.63237e+00 | 24 -0.02956 -9.28703e+00
 25 -0.03121 -9.11847e+00 | 26 -0.03609 -8.75471e+00 | 27 -0.04467 -8.64744e+00
 28 -0.05479 -8.27809e+00 | 29 -0.06260 -7.23159e+00 | 30 -0.07806 -5.82771e+00
 31 -0.11397 -3.92999e+00 | 32 -0.14286 -2.89516e+00 | 33 -0.15748 -2.94692e+00
 34 -0.03455 -1.01350e+01 | 35 -0.02742 -1.19370e+01 | 36 -0.02208 -1.27795e+01
 37  0.03231 -1.86402e+01 | 38 -0.07875 -7.25454e+00 | 39  0.07034 -1.83150e+01
 40  0.04067 -1.36369e+01 | 41 -0.00817 -7.52693e+00 | 42 -0.01671 -6.57570e+00
 43  0.01548 -6.84370e+00 | 44  0.03634 -7.67290e+00 | 45 -0.00253 -4.86068e+00
 46 -0.04653 -2.88100e+00 | 47 -0.05449 -2.28613e+00 | 48 -0.06867 -1.94154e+00
 49 -0.04573 -2.25971e+00 | 50 -0.10127 -1.46568e+00 | 51  0.01476 -3.63243e+00
 52 -0.18769 -1.00471e+00 | 53 -0.20296 -9.10148e-01 | 54 -0.20817 -9.02086e-01
 55 -0.16970 -1.25864e+00 | 56 -0.18412 -1.13867e+00 | 57 -0.15796 -1.43071e+00
 58 -0.05814 -3.11664e+00 | 59 -0.17489 -1.20940e+00 | 60 -0.11536 -1.95097e+00
 61 -0.18544 -1.10496e+00 | 62 -0.13687 -1.60928e+00 | 63 -0.15694 -1.21671e+00
 64 -0.21883 -6.30484e-01 | 65 -0.17359 -7.31644e-01 | 66 -0.15363 -6.01433e-01
 67 -0.17129 -3.14211e-01 | 68 -0.12914 -2.02876e-01 | 69 -0.17501 -3.22946e-02
 70 -0.17026  4.51133e-03 | 71 -0.17562  5.50730e-03 | 72 -0.40646 -2.21029e+01
 73 -0.11775  3.67328e+00 | 74 -0.73829  3.20151e+03 | 75 -1.23976 -3.19067e-01
 76  1.52960  2.42543e+00 | 77  1.89995 -4.49233e+00 | 78  0.13556 -1.27438e-02
 79 -0.98611 -2.60723e-04 | 80  0.99519 -1.18396e-03 | 81  0.28474  1.62818e+00
81 variables; iteration 3040; function evaluation 3605; phase 3
Function value 5.3130752e+01; maximum gradient component mag 7.1944e+03
Var    Value     Gradient |Var    Value     Gradient |Var    Value     Gradient
  1  0.04126 -1.64227e+03 |  2 -0.00155 -2.75838e+00 |  3 -0.00182 -3.29730e+00
  4 -0.01779 -3.46147e+00 |  5 -0.01810 -4.08914e+00 |  6 -0.01843 -4.80244e+00
  7 -0.01881 -5.60904e+00 |  8 -0.01921 -6.50532e+00 |  9 -0.01964 -7.48617e+00
 10 -0.02003 -8.54059e+00 | 11 -0.02038 -9.65451e+00 | 12 -0.01898 -1.09687e+01
 13 -0.02065 -1.21410e+01 | 14 -0.02439 -1.30185e+01 | 15 -0.02761 -1.39372e+01
 16 -0.02724 -1.56327e+01 | 17 -0.02688 -1.74267e+01 | 18 -0.02451 -1.99765e+01
 19 -0.02895 -2.14660e+01 | 20 -0.02810 -2.21852e+01 | 21 -0.02603 -2.24135e+01
 22 -0.02606 -2.23057e+01 | 23 -0.02640 -2.19591e+01 | 24 -0.02865 -2.17764e+01
 25 -0.03360 -2.21935e+01 | 26 -0.03857 -2.13193e+01 | 27 -0.04573 -2.06292e+01
 28 -0.05484 -1.94810e+01 | 29 -0.06245 -1.70108e+01 | 30 -0.07777 -1.36540e+01
 31 -0.11389 -9.23593e+00 | 32 -0.14289 -6.83165e+00 | 33 -0.15753 -6.95973e+00
 34 -0.03451 -2.41592e+01 | 35 -0.02747 -2.75349e+01 | 36 -0.02198 -3.03756e+01
 37  0.03233 -4.38811e+01 | 38 -0.07884 -1.72032e+01 | 39  0.07053 -4.39440e+01
 40  0.04045 -3.22116e+01 | 41 -0.00767 -1.84722e+01 | 42 -0.01716 -1.53340e+01
 43  0.01586 -1.67329e+01 | 44  0.03619 -1.81334e+01 | 45 -0.00238 -1.16167e+01
 46 -0.04658 -6.78958e+00 | 47 -0.05446 -5.37333e+00 | 48 -0.06865 -4.49508e+00
 49 -0.04572 -5.22921e+00 | 50 -0.10120 -3.36538e+00 | 51  0.01479 -8.37146e+00
 52 -0.18765 -2.25459e+00 | 53 -0.20297 -2.07221e+00 | 54 -0.20808 -2.09126e+00
 55 -0.16967 -2.89359e+00 | 56 -0.18406 -2.62099e+00 | 57 -0.15789 -3.30807e+00
 58 -0.05809 -7.22980e+00 | 59 -0.17481 -2.81703e+00 | 60 -0.11539 -4.51921e+00
 61 -0.18541 -2.60425e+00 | 62 -0.13678 -3.76251e+00 | 63 -0.15697 -2.83335e+00
 64 -0.21880 -1.48966e+00 | 65 -0.17352 -1.72400e+00 | 66 -0.15362 -1.41984e+00
 67 -0.17123 -7.38593e-01 | 68 -0.12912 -4.78478e-01 | 69 -0.17496 -7.51037e-02
 70 -0.17019  1.11865e-02 | 71 -0.17555  1.31660e-02 | 72 -0.40630 -4.27948e+01
 73 -0.11759  8.85005e+00 | 74 -0.73829  7.19444e+03 | 75 -1.22682 -5.97959e-01
 76  1.52918  5.75563e+00 | 77  1.89983 -1.05873e+01 | 78  0.13556 -1.52856e-03
 79 -0.98610  1.11268e-04 | 80  0.99519 -6.63416e-03 | 81  0.28472  3.81478e+00
81 variables; iteration 3060; function evaluation 3632; phase 3
Function value 5.3129723e+01; maximum gradient component mag 4.0405e+03
Var    Value     Gradient |Var    Value     Gradient |Var    Value     Gradient
  1  0.04127 -9.59236e+02 |  2 -0.00154 -1.61024e+00 |  3 -0.00181 -1.92659e+00
  4 -0.01779 -2.02326e+00 |  5 -0.01809 -2.38841e+00 |  6 -0.01842 -2.80531e+00
  7 -0.01880 -3.27667e+00 |  8 -0.01920 -3.79936e+00 |  9 -0.01962 -4.37232e+00
 10 -0.02002 -4.98948e+00 | 11 -0.02037 -5.64178e+00 | 12 -0.01896 -6.40639e+00
 13 -0.02062 -7.09077e+00 | 14 -0.02436 -7.60089e+00 | 15 -0.02756 -8.13496e+00
 16 -0.02710 -9.12003e+00 | 17 -0.02661 -1.01605e+01 | 18 -0.02385 -1.16125e+01
 19 -0.02803 -1.24635e+01 | 20 -0.02716 -1.28611e+01 | 21 -0.02637 -1.30409e+01
 22 -0.02867 -1.32286e+01 | 23 -0.02999 -1.31381e+01 | 24 -0.03036 -1.28733e+01
 25 -0.03229 -1.28581e+01 | 26 -0.03650 -1.22555e+01 | 27 -0.04444 -1.19077e+01
 28 -0.05450 -1.13269e+01 | 29 -0.06251 -9.92205e+00 | 30 -0.07795 -7.97413e+00
 31 -0.11394 -5.38697e+00 | 32 -0.14289 -3.98408e+00 | 33 -0.15753 -4.05506e+00
 34 -0.03447 -1.39846e+01 | 35 -0.02752 -1.62608e+01 | 36 -0.02200 -1.76547e+01
 37  0.03232 -2.57052e+01 | 38 -0.07903 -1.00747e+01 | 39  0.07058 -2.55948e+01
 40  0.04025 -1.89968e+01 | 41 -0.00734 -1.06476e+01 | 42 -0.01766 -9.12622e+00
 43  0.01618 -9.66599e+00 | 44  0.03593 -1.06923e+01 | 45 -0.00226 -6.77058e+00
 46 -0.04669 -3.97923e+00 | 47 -0.05444 -3.13207e+00 | 48 -0.06868 -2.62245e+00
 49 -0.04574 -3.04845e+00 | 50 -0.10121 -1.96709e+00 | 51  0.01476 -4.88121e+00
 52 -0.18775 -1.32352e+00 | 53 -0.20305 -1.21097e+00 | 54 -0.20808 -1.22183e+00
 55 -0.16970 -1.69023e+00 | 56 -0.18410 -1.53174e+00 | 57 -0.15793 -1.93332e+00
 58 -0.05813 -4.22610e+00 | 59 -0.17484 -1.64328e+00 | 60 -0.11543 -2.64518e+00
 61 -0.18547 -1.51887e+00 | 62 -0.13676 -2.19572e+00 | 63 -0.15706 -1.65513e+00
 64 -0.21885 -8.68697e-01 | 65 -0.17353 -1.00509e+00 | 66 -0.15367 -8.29123e-01
 67 -0.17128 -4.31017e-01 | 68 -0.12917 -2.79387e-01 | 69 -0.17500 -4.42137e-02
 70 -0.17025  6.54381e-03 | 71 -0.17562  7.67717e-03 | 72 -0.40620 -2.77887e+01
 73 -0.11752  5.11976e+00 | 74 -0.73829  4.04048e+03 | 75 -1.21742 -3.49882e-01
 76  1.52935  3.34796e+00 | 77  1.89990 -6.19498e+00 | 78  0.13556  7.58915e-04
 79 -0.98610  1.14059e-04 | 80  0.99519 -2.31116e-03 | 81  0.28470  2.21646e+00
81 variables; iteration 3080; function evaluation 3658; phase 3
Function value 5.3128855e+01; maximum gradient component mag 7.3973e+03
Var    Value     Gradient |Var    Value     Gradient |Var    Value     Gradient
  1  0.04125 -1.84622e+03 |  2 -0.00155 -3.09855e+00 |  3 -0.00181 -3.70353e+00
  4 -0.01779 -3.88856e+00 |  5 -0.01809 -4.59406e+00 |  6 -0.01843 -5.39606e+00
  7 -0.01880 -6.30128e+00 |  8 -0.01920 -7.30632e+00 |  9 -0.01963 -8.40909e+00
 10 -0.02002 -9.59368e+00 | 11 -0.02037 -1.08455e+01 | 12 -0.01897 -1.23220e+01
 13 -0.02065 -1.36403e+01 | 14 -0.02439 -1.46294e+01 | 15 -0.02759 -1.56578e+01
 16 -0.02717 -1.75573e+01 | 17 -0.02683 -1.95736e+01 | 18 -0.02444 -2.24343e+01
 19 -0.02893 -2.41044e+01 | 20 -0.02821 -2.49204e+01 | 21 -0.02640 -2.52222e+01
 22 -0.02663 -2.51312e+01 | 23 -0.02668 -2.47426e+01 | 24 -0.02837 -2.44872e+01
 25 -0.03300 -2.48931e+01 | 26 -0.03818 -2.39056e+01 | 27 -0.04567 -2.31576e+01
 28 -0.05491 -2.18887e+01 | 29 -0.06248 -1.91158e+01 | 30 -0.07781 -1.53545e+01
 31 -0.11389 -1.03839e+01 | 32 -0.14289 -7.67889e+00 | 33 -0.15757 -7.82417e+00
 34 -0.03445 -2.71822e+01 | 35 -0.02757 -3.09057e+01 | 36 -0.02190 -3.41707e+01
 37  0.03231 -4.93218e+01 | 38 -0.07902 -1.93278e+01 | 39  0.07069 -4.94707e+01
 40  0.04014 -3.61582e+01 | 41 -0.00704 -2.08557e+01 | 42 -0.01795 -1.71909e+01
 43  0.01642 -1.88812e+01 | 44  0.03585 -2.03695e+01 | 45 -0.00217 -1.30743e+01
 46 -0.04673 -7.62660e+00 | 47 -0.05443 -6.03882e+00 | 48 -0.06867 -5.04970e+00
 49 -0.04573 -5.87776e+00 | 50 -0.10118 -3.78495e+00 | 51  0.01479 -9.42672e+00
 52 -0.18771 -2.54543e+00 | 53 -0.20304 -2.33798e+00 | 54 -0.20801 -2.36193e+00
 55 -0.16969 -3.26142e+00 | 56 -0.18406 -2.95623e+00 | 57 -0.15788 -3.73156e+00
 58 -0.05809 -8.15131e+00 | 59 -0.17478 -3.17452e+00 | 60 -0.11546 -5.08366e+00
 61 -0.18543 -2.93324e+00 | 62 -0.13671 -4.23542e+00 | 63 -0.15707 -3.18540e+00
 64 -0.21882 -1.67547e+00 | 65 -0.17349 -1.93963e+00 | 66 -0.15366 -1.59575e+00
 67 -0.17124 -8.30709e-01 | 68 -0.12915 -5.38038e-01 | 69 -0.17496 -8.45309e-02
 70 -0.17018  1.26286e-02 | 71 -0.17555  1.47935e-02 | 72 -0.40610 -4.72612e+01
 73 -0.11741  1.00027e+01 | 74 -0.73829  7.39731e+03 | 75 -1.20887 -5.74249e-01
 76  1.52903  6.47288e+00 | 77  1.89981 -1.19015e+01 | 78  0.13556  1.67275e-03
 79 -0.98611  1.17947e-04 | 80  0.99519 -7.93545e-03 | 81  0.28469  4.30177e+00
81 variables; iteration 3100; function evaluation 3685; phase 3
Function value 5.3128082e+01; maximum gradient component mag 4.0918e+03
Var    Value     Gradient |Var    Value     Gradient |Var    Value     Gradient
  1  0.04126 -1.09232e+03 |  2 -0.00155 -1.83578e+00 |  3 -0.00181 -2.19385e+00
  4 -0.01779 -2.30344e+00 |  5 -0.01809 -2.72144e+00 |  6 -0.01842 -3.19635e+00
  7 -0.01880 -3.73280e+00 |  8 -0.01919 -4.32784e+00 |  9 -0.01962 -4.98060e+00
 10 -0.02002 -5.68300e+00 | 11 -0.02037 -6.42478e+00 | 12 -0.01895 -7.29763e+00
 13 -0.02063 -8.07927e+00 | 14 -0.02435 -8.65899e+00 | 15 -0.02755 -9.26821e+00
 16 -0.02709 -1.03914e+01 | 17 -0.02661 -1.15781e+01 | 18 -0.02394 -1.32523e+01
 19 -0.02818 -1.42327e+01 | 20 -0.02736 -1.46976e+01 | 21 -0.02645 -1.48845e+01
 22 -0.02846 -1.50036e+01 | 23 -0.02959 -1.48519e+01 | 24 -0.02995 -1.45807e+01
 25 -0.03218 -1.46551e+01 | 26 -0.03659 -1.40147e+01 | 27 -0.04465 -1.36287e+01
 28 -0.05461 -1.29373e+01 | 29 -0.06253 -1.13185e+01 | 30 -0.07793 -9.09071e+00
 31 -0.11392 -6.14392e+00 | 32 -0.14289 -4.54117e+00 | 33 -0.15757 -4.62398e+00
 34 -0.03442 -1.59688e+01 | 35 -0.02761 -1.84768e+01 | 36 -0.02191 -2.01191e+01
 37  0.03230 -2.92457e+01 | 38 -0.07915 -1.14431e+01 | 39  0.07073 -2.91198e+01
 40  0.03999 -2.15326e+01 | 41 -0.00680 -1.21302e+01 | 42 -0.01831 -1.03230e+01
 43  0.01665 -1.10028e+01 | 44  0.03567 -1.21208e+01 | 45 -0.00208 -7.70026e+00
 46 -0.04680 -4.52226e+00 | 47 -0.05442 -3.56886e+00 | 48 -0.06870 -2.99253e+00
 49 -0.04574 -3.47923e+00 | 50 -0.10118 -2.24536e+00 | 51  0.01476 -5.57913e+00
 52 -0.18779 -1.51312e+00 | 53 -0.20311 -1.38556e+00 | 54 -0.20800 -1.39714e+00
 55 -0.16972 -1.93226e+00 | 56 -0.18408 -1.75059e+00 | 57 -0.15791 -2.20991e+00
 58 -0.05811 -4.82790e+00 | 59 -0.17480 -1.87688e+00 | 60 -0.11550 -3.01686e+00
 61 -0.18547 -1.73236e+00 | 62 -0.13669 -2.50601e+00 | 63 -0.15714 -1.88612e+00
 64 -0.21885 -9.89223e-01 | 65 -0.17350 -1.14563e+00 | 66 -0.15370 -9.43060e-01
 67 -0.17128 -4.90541e-01 | 68 -0.12919 -3.17884e-01 | 69 -0.17499 -5.01382e-02
 70 -0.17023  7.42278e-03 | 71 -0.17560  8.73039e-03 | 72 -0.40601 -3.06481e+01
 73 -0.11734  5.86276e+00 | 74 -0.73829  4.09176e+03 | 75 -1.20062 -3.35319e-01
 76  1.52914  3.81826e+00 | 77  1.89986 -7.04973e+00 | 78  0.13556  9.13049e-04
 79 -0.98611  1.27137e-04 | 80  0.99519 -3.17802e-03 | 81  0.28467  2.53479e+00
81 variables; iteration 3120; function evaluation 3712; phase 3
Function value 5.3127404e+01; maximum gradient component mag 3.6794e+03
Var    Value     Gradient |Var    Value     Gradient |Var    Value     Gradient
  1  0.04124 -1.06525e+03 |  2 -0.00155 -1.79132e+00 |  3 -0.00181 -2.14074e+00
  4 -0.01779 -2.24749e+00 |  5 -0.01809 -2.65526e+00 |  6 -0.01843 -3.11888e+00
  7 -0.01880 -3.64231e+00 |  8 -0.01920 -4.22332e+00 |  9 -0.01963 -4.86065e+00
 10 -0.02002 -5.54546e+00 | 11 -0.02037 -6.26896e+00 | 12 -0.01898 -7.12301e+00
 13 -0.02064 -7.88397e+00 | 14 -0.02440 -8.45643e+00 | 15 -0.02760 -9.04971e+00
 16 -0.02721 -1.01533e+01 | 17 -0.02686 -1.13286e+01 | 18 -0.02440 -1.29837e+01
 19 -0.02877 -1.39584e+01 | 20 -0.02767 -1.43729e+01 | 21 -0.02559 -1.44054e+01
 22 -0.02646 -1.43836e+01 | 23 -0.02751 -1.42272e+01 | 24 -0.02931 -1.41419e+01
 25 -0.03345 -1.44583e+01 | 26 -0.03803 -1.38639e+01 | 27 -0.04539 -1.34047e+01
 28 -0.05472 -1.26465e+01 | 29 -0.06241 -1.10321e+01 | 30 -0.07778 -8.85293e+00
 31 -0.11388 -5.98717e+00 | 32 -0.14290 -4.42699e+00 | 33 -0.15760 -4.50752e+00
 34 -0.03439 -1.55546e+01 | 35 -0.02766 -1.80315e+01 | 36 -0.02181 -1.95932e+01
 37  0.03229 -2.85264e+01 | 38 -0.07912 -1.11524e+01 | 39  0.07079 -2.83950e+01
 40  0.03994 -2.10164e+01 | 41 -0.00663 -1.18193e+01 | 42 -0.01848 -1.00848e+01
 43  0.01679 -1.07218e+01 | 44  0.03563 -1.18302e+01 | 45 -0.00202 -7.50648e+00
 46 -0.04682 -4.40881e+00 | 47 -0.05440 -3.47739e+00 | 48 -0.06869 -2.91543e+00
 49 -0.04573 -3.38875e+00 | 50 -0.10115 -2.18752e+00 | 51  0.01478 -5.43290e+00
 52 -0.18777 -1.47432e+00 | 53 -0.20310 -1.34954e+00 | 54 -0.20794 -1.36086e+00
 55 -0.16970 -1.88282e+00 | 56 -0.18405 -1.70582e+00 | 57 -0.15787 -2.15232e+00
 58 -0.05808 -4.70203e+00 | 59 -0.17475 -1.82717e+00 | 60 -0.11551 -2.93706e+00
 61 -0.18544 -1.68613e+00 | 62 -0.13663 -2.43858e+00 | 63 -0.15716 -1.83554e+00
 64 -0.21883 -9.63094e-01 | 65 -0.17346 -1.11536e+00 | 66 -0.15368 -9.17932e-01
 67 -0.17125 -4.77415e-01 | 68 -0.12917 -3.09615e-01 | 69 -0.17496 -4.87603e-02
 70 -0.17019  7.23400e-03 | 71 -0.17555  8.49716e-03 | 72 -0.40591 -2.99932e+01
 73 -0.11725  5.71562e+00 | 74 -0.73829  3.67943e+03 | 75 -1.19316 -3.03145e-01
 76  1.52894  3.72479e+00 | 77  1.89980 -6.87510e+00 | 78  0.13556  1.59717e-03
 79 -0.98612  2.98678e-05 | 80  0.99519 -3.08863e-03 | 81  0.28466  2.46841e+00
81 variables; iteration 3140; function evaluation 3738; phase 3
Function value 5.3126776e+01; maximum gradient component mag 5.5669e+03
Var    Value     Gradient |Var    Value     Gradient |Var    Value     Gradient
  1  0.04124 -1.74700e+03 |  2 -0.00155 -2.93202e+00 |  3 -0.00181 -3.50417e+00
  4 -0.01779 -3.67930e+00 |  5 -0.01809 -4.34665e+00 |  6 -0.01842 -5.10569e+00
  7 -0.01879 -5.96205e+00 |  8 -0.01919 -6.91349e+00 |  9 -0.01962 -7.95626e+00
 10 -0.02001 -9.07809e+00 | 11 -0.02036 -1.02625e+01 | 12 -0.01895 -1.16588e+01
 13 -0.02063 -1.29065e+01 | 14 -0.02435 -1.38395e+01 | 15 -0.02755 -1.48147e+01
 16 -0.02711 -1.66116e+01 | 17 -0.02671 -1.85202e+01 | 18 -0.02416 -2.12195e+01
 19 -0.02869 -2.28077e+01 | 20 -0.02806 -2.35793e+01 | 21 -0.02684 -2.38728e+01
 22 -0.02789 -2.38172e+01 | 23 -0.02811 -2.34534e+01 | 24 -0.02863 -2.31664e+01
 25 -0.03184 -2.35047e+01 | 26 -0.03713 -2.25819e+01 | 27 -0.04525 -2.19035e+01
 28 -0.05491 -2.07189e+01 | 29 -0.06260 -1.81008e+01 | 30 -0.07789 -1.45369e+01
 31 -0.11389 -9.82872e+00 | 32 -0.14289 -7.26618e+00 | 33 -0.15761 -7.40082e+00
 34 -0.03438 -2.56939e+01 | 35 -0.02771 -2.92673e+01 | 36 -0.02180 -3.23140e+01
 37  0.03228 -4.67014e+01 | 38 -0.07918 -1.82808e+01 | 39  0.07083 -4.68401e+01
 40  0.03983 -3.42349e+01 | 41 -0.00643 -1.97420e+01 | 42 -0.01874 -1.62762e+01
 43  0.01696 -1.78675e+01 | 44  0.03551 -1.92806e+01 | 45 -0.00196 -1.23726e+01
 46 -0.04688 -7.21405e+00 | 47 -0.05441 -5.71125e+00 | 48 -0.06871 -4.77654e+00
 49 -0.04575 -5.55774e+00 | 50 -0.10115 -3.58143e+00 | 51  0.01477 -8.91496e+00
 52 -0.18779 -2.40713e+00 | 53 -0.20314 -2.21029e+00 | 54 -0.20792 -2.23493e+00
 55 -0.16972 -3.08475e+00 | 56 -0.18405 -2.79589e+00 | 57 -0.15787 -3.52956e+00
 58 -0.05809 -7.70963e+00 | 59 -0.17475 -3.00281e+00 | 60 -0.11554 -4.80598e+00
 61 -0.18545 -2.77284e+00 | 62 -0.13662 -4.00637e+00 | 63 -0.15720 -3.00949e+00
 64 -0.21884 -1.58317e+00 | 65 -0.17345 -1.83325e+00 | 66 -0.15371 -1.50693e+00
 67 -0.17126 -7.84071e-01 | 68 -0.12919 -5.07950e-01 | 69 -0.17497 -7.97969e-02
 70 -0.17019  1.19331e-02 | 71 -0.17556  1.39899e-02 | 72 -0.40584 -4.50132e+01
 73 -0.11718  9.49897e+00 | 74 -0.73829  5.56685e+03 | 75 -1.18529 -4.27847e-01
 76  1.52889  6.12481e+00 | 77  1.89980 -1.12683e+01 | 78  0.13556  2.04262e-03
 79 -0.98612  1.25451e-04 | 80  0.99519 -7.36190e-03 | 81  0.28465  4.06810e+00
81 variables; iteration 3160; function evaluation 3765; phase 3
Function value 5.3126153e+01; maximum gradient component mag 3.0619e+03
Var    Value     Gradient |Var    Value     Gradient |Var    Value     Gradient
  1  0.04124 -1.13334e+03 |  2 -0.00155 -1.90456e+00 |  3 -0.00181 -2.27622e+00
  4 -0.01779 -2.38978e+00 |  5 -0.01809 -2.82351e+00 |  6 -0.01842 -3.31574e+00
  7 -0.01880 -3.87311e+00 |  8 -0.01919 -4.49050e+00 |  9 -0.01961 -5.16663e+00
 10 -0.02001 -5.89604e+00 | 11 -0.02036 -6.66506e+00 | 12 -0.01896 -7.57272e+00
 13 -0.02062 -8.38025e+00 | 14 -0.02435 -8.98471e+00 | 15 -0.02755 -9.61709e+00
 16 -0.02714 -1.07903e+01 | 17 -0.02668 -1.20233e+01 | 18 -0.02414 -1.37775e+01
 19 -0.02849 -1.48092e+01 | 20 -0.02761 -1.52831e+01 | 21 -0.02634 -1.54314e+01
 22 -0.02809 -1.55141e+01 | 23 -0.02887 -1.53092e+01 | 24 -0.02926 -1.50378e+01
 25 -0.03208 -1.51986e+01 | 26 -0.03700 -1.46067e+01 | 27 -0.04495 -1.41905e+01
 28 -0.05476 -1.34542e+01 | 29 -0.06255 -1.17577e+01 | 30 -0.07787 -9.43531e+00
 31 -0.11389 -6.37748e+00 | 32 -0.14290 -4.71386e+00 | 33 -0.15763 -4.79924e+00
 34 -0.03438 -1.65721e+01 | 35 -0.02769 -1.91597e+01 | 36 -0.02182 -2.08810e+01
 37  0.03231 -3.03569e+01 | 38 -0.07927 -1.18733e+01 | 39  0.07087 -3.02490e+01
 40  0.03977 -2.23518e+01 | 41 -0.00633 -1.26070e+01 | 42 -0.01886 -1.07084e+01
 43  0.01704 -1.14287e+01 | 44  0.03546 -1.25743e+01 | 45 -0.00193 -7.98963e+00
 46 -0.04691 -4.68737e+00 | 47 -0.05440 -3.69892e+00 | 48 -0.06872 -3.09987e+00
 49 -0.04576 -3.60205e+00 | 50 -0.10113 -2.32511e+00 | 51  0.01477 -5.77904e+00
 52 -0.18782 -1.56666e+00 | 53 -0.20317 -1.43450e+00 | 54 -0.20790 -1.44846e+00
 55 -0.16972 -2.00047e+00 | 56 -0.18405 -1.81197e+00 | 57 -0.15787 -2.28704e+00
 58 -0.05809 -4.99666e+00 | 59 -0.17474 -1.94262e+00 | 60 -0.11556 -3.11911e+00
 61 -0.18546 -1.79317e+00 | 62 -0.13659 -2.59538e+00 | 63 -0.15723 -1.95041e+00
 64 -0.21885 -1.02439e+00 | 65 -0.17344 -1.18662e+00 | 66 -0.15372 -9.76214e-01
 67 -0.17126 -5.07377e-01 | 68 -0.12920 -3.28336e-01 | 69 -0.17497 -5.15088e-02
 70 -0.17020  7.70599e-03 | 71 -0.17557  9.04264e-03 | 72 -0.40577 -3.14425e+01
 73 -0.11710  6.11253e+00 | 74 -0.73829  3.06187e+03 | 75 -1.17735 -2.62192e-01
 76  1.52893  3.96603e+00 | 77  1.89982 -7.31679e+00 | 78  0.13556  1.90487e-03
 79 -0.98611  1.54672e-04 | 80  0.99519 -3.52215e-03 | 81  0.28464  2.62666e+00
81 variables; iteration 3180; function evaluation 3786; phase 3
Function value 5.3125409e+01; maximum gradient component mag 2.1340e+03
Var    Value     Gradient |Var    Value     Gradient |Var    Value     Gradient
  1  0.04123 -1.08086e+03 |  2 -0.00155 -1.81528e+00 |  3 -0.00181 -2.17017e+00
  4 -0.01779 -2.27846e+00 |  5 -0.01809 -2.69154e+00 |  6 -0.01842 -3.16146e+00
  7 -0.01879 -3.69174e+00 |  8 -0.01919 -4.28059e+00 |  9 -0.01963 -4.92841e+00
 10 -0.02001 -5.62027e+00 | 11 -0.02037 -6.35601e+00 | 12 -0.01895 -7.21640e+00
 13 -0.02063 -7.99179e+00 | 14 -0.02437 -8.56936e+00 | 15 -0.02756 -9.16909e+00
 16 -0.02709 -1.02777e+01 | 17 -0.02666 -1.14597e+01 | 18 -0.02388 -1.30946e+01
 19 -0.02824 -1.40798e+01 | 20 -0.02780 -1.45936e+01 | 21 -0.02680 -1.47707e+01
 22 -0.02784 -1.47676e+01 | 23 -0.02802 -1.44888e+01 | 24 -0.02943 -1.43597e+01
 25 -0.03286 -1.45878e+01 | 26 -0.03727 -1.39556e+01 | 27 -0.04496 -1.35301e+01
 28 -0.05456 -1.27968e+01 | 29 -0.06244 -1.11938e+01 | 30 -0.07783 -8.99231e+00
 31 -0.11388 -6.07691e+00 | 32 -0.14291 -4.49007e+00 | 33 -0.15764 -4.56759e+00
 34 -0.03444 -1.57720e+01 | 35 -0.02762 -1.82395e+01 | 36 -0.02190 -1.98941e+01
 37  0.03236 -2.89367e+01 | 38 -0.07938 -1.13352e+01 | 39  0.07091 -2.88631e+01
 40  0.03972 -2.13784e+01 | 41 -0.00624 -1.20300e+01 | 42 -0.01898 -1.02621e+01
 43  0.01711 -1.09095e+01 | 44  0.03541 -1.20355e+01 | 45 -0.00189 -7.63306e+00
 46 -0.04694 -4.47674e+00 | 47 -0.05440 -3.52917e+00 | 48 -0.06872 -2.95679e+00
 49 -0.04576 -3.43607e+00 | 50 -0.10112 -2.21706e+00 | 51  0.01476 -5.49572e+00
 52 -0.18784 -1.48725e+00 | 53 -0.20320 -1.36384e+00 | 54 -0.20786 -1.37786e+00
 55 -0.16973 -1.90549e+00 | 56 -0.18405 -1.73003e+00 | 57 -0.15786 -2.18416e+00
 58 -0.05808 -4.77076e+00 | 59 -0.17473 -1.85760e+00 | 60 -0.11559 -2.98194e+00
 61 -0.18546 -1.71403e+00 | 62 -0.13656 -2.48111e+00 | 63 -0.15727 -1.86582e+00
 64 -0.21886 -9.79822e-01 | 65 -0.17342 -1.13537e+00 | 66 -0.15373 -9.35541e-01
 67 -0.17127 -4.88275e-01 | 68 -0.12921 -3.16519e-01 | 69 -0.17497 -5.01150e-02
 70 -0.17020  7.22188e-03 | 71 -0.17557  8.53029e-03 | 72 -0.40568 -3.02558e+01
 73 -0.11699  5.84049e+00 | 74 -0.73829  2.13400e+03 | 75 -1.16560 -2.09276e-01
 76  1.52921  3.78724e+00 | 77  1.89989 -6.97361e+00 | 78  0.13556 -3.54421e-03
 79 -0.98612  5.99353e-05 | 80  0.99519 -3.35021e-03 | 81  0.28463  2.50875e+00
81 variables; iteration 3200; function evaluation 3806; phase 3
Function value 5.3124875e+01; maximum gradient component mag -4.5043e+02
Var    Value     Gradient |Var    Value     Gradient |Var    Value     Gradient
  1  0.04122 -4.50432e+02 |  2 -0.00155 -7.59113e-01 |  3 -0.00181 -9.07304e-01
  4 -0.01778 -9.52576e-01 |  5 -0.01809 -1.12604e+00 |  6 -0.01842 -1.32128e+00
  7 -0.01880 -1.54473e+00 |  8 -0.01919 -1.78945e+00 |  9 -0.01962 -2.05942e+00
 10 -0.02001 -2.34997e+00 | 11 -0.02036 -2.65665e+00 | 12 -0.01896 -3.01782e+00
 13 -0.02063 -3.34012e+00 | 14 -0.02435 -3.57637e+00 | 15 -0.02756 -3.82885e+00
 16 -0.02714 -4.29870e+00 | 17 -0.02669 -4.78954e+00 | 18 -0.02414 -5.47952e+00
 19 -0.02846 -5.89689e+00 | 20 -0.02772 -6.08194e+00 | 21 -0.02637 -6.05748e+00
 22 -0.02753 -6.13455e+00 | 23 -0.02813 -6.04074e+00 | 24 -0.02936 -5.97118e+00
 25 -0.03275 -6.07157e+00 | 26 -0.03738 -5.80843e+00 | 27 -0.04502 -5.63383e+00
 28 -0.05464 -5.34370e+00 | 29 -0.06244 -4.66919e+00 | 30 -0.07780 -3.74262e+00
 31 -0.11386 -2.52609e+00 | 32 -0.14292 -1.86588e+00 | 33 -0.15767 -1.89515e+00
 34 -0.03444 -6.40287e+00 | 35 -0.02765 -7.86522e+00 | 36 -0.02185 -8.16447e+00
 37  0.03236 -1.21888e+01 | 38 -0.07935 -4.78359e+00 | 39  0.07091 -1.19297e+01
 40  0.03977 -9.26967e+00 | 41 -0.00629 -4.75485e+00 | 42 -0.01887 -4.58164e+00
 43  0.01703 -4.33209e+00 | 44  0.03547 -5.16511e+00 | 45 -0.00190 -3.13179e+00
 46 -0.04695 -1.87717e+00 | 47 -0.05442 -1.45467e+00 | 48 -0.06872 -1.22392e+00
 49 -0.04577 -1.41186e+00 | 50 -0.10108 -9.15726e-01 | 51  0.01476 -2.25375e+00
 52 -0.18786 -6.18784e-01 | 53 -0.20323 -5.59600e-01 | 54 -0.20780 -5.61686e-01
 55 -0.16973 -7.77844e-01 | 56 -0.18402 -7.02728e-01 | 57 -0.15784 -8.86431e-01
 58 -0.05807 -1.93906e+00 | 59 -0.17469 -7.49515e-01 | 60 -0.11562 -1.22113e+00
 61 -0.18545 -6.92641e-01 | 62 -0.13650 -1.00932e+00 | 63 -0.15732 -7.60362e-01
 64 -0.21885 -3.97002e-01 | 65 -0.17338 -4.60746e-01 | 66 -0.15374 -3.79851e-01
 67 -0.17125 -1.96840e-01 | 68 -0.12921 -1.27056e-01 | 69 -0.17495 -2.00492e-02
 70 -0.17018  3.05091e-03 | 71 -0.17555  3.56763e-03 | 72 -0.40552 -1.62123e+01
 73 -0.11679  2.34937e+00 | 74 -0.73829  6.69404e+00 | 75 -1.14746 -7.07648e-02
 76  1.52891  1.56469e+00 | 77  1.89983 -2.92542e+00 | 78  0.13556  1.60041e-03
 79 -0.98611  1.76502e-04 | 80  0.99519  7.73353e-04 | 81  0.28461  1.00545e+00
81 variables; iteration 3220; function evaluation 3830; phase 3
Function value 5.3122718e+01; maximum gradient component mag -2.5154e+03
Var    Value     Gradient |Var    Value     Gradient |Var    Value     Gradient
  1  0.04120 -2.51539e+03 |  2 -0.00155 -4.22374e+00 |  3 -0.00179 -5.04373e+00
  4 -0.01776 -5.29336e+00 |  5 -0.01804 -6.24982e+00 |  6 -0.01849 -7.36760e+00
  7 -0.01873 -8.57517e+00 |  8 -0.01910 -9.94261e+00 |  9 -0.01962 -1.14598e+01
 10 -0.01995 -1.30673e+01 | 11 -0.02035 -1.47789e+01 | 12 -0.01901 -1.67975e+01
 13 -0.02085 -1.86106e+01 | 14 -0.02470 -1.99708e+01 | 15 -0.02754 -2.13411e+01
 16 -0.02681 -2.39083e+01 | 17 -0.02682 -2.66787e+01 | 18 -0.02425 -3.05691e+01
 19 -0.02833 -3.28320e+01 | 20 -0.02756 -3.39568e+01 | 21 -0.02611 -3.44388e+01
 22 -0.02775 -3.43096e+01 | 23 -0.02779 -3.38112e+01 | 24 -0.02910 -3.34471e+01
 25 -0.03332 -3.39267e+01 | 26 -0.03734 -3.25640e+01 | 27 -0.04510 -3.15594e+01
 28 -0.05479 -2.98615e+01 | 29 -0.06211 -2.60684e+01 | 30 -0.07790 -2.09955e+01
 31 -0.11382 -1.41763e+01 | 32 -0.14289 -1.04636e+01 | 33 -0.15764 -1.06362e+01
 34 -0.03458 -3.71399e+01 | 35 -0.02749 -4.18076e+01 | 36 -0.02191 -4.65189e+01
 37  0.03237 -6.66850e+01 | 38 -0.07903 -2.59699e+01 | 39  0.07063 -6.63970e+01
 40  0.04040 -4.81207e+01 | 41 -0.00735 -2.80518e+01 | 42 -0.01768 -2.29348e+01
 43  0.01619 -2.55387e+01 | 44  0.03594 -2.75761e+01 | 45 -0.00215 -1.78461e+01
 46 -0.04688 -1.04194e+01 | 47 -0.05448 -8.29335e+00 | 48 -0.06871 -6.96785e+00
 49 -0.04581 -8.17844e+00 | 50 -0.10102 -5.28681e+00 | 51  0.01478 -1.31926e+01
 52 -0.18797 -3.60438e+00 | 53 -0.20335 -3.31714e+00 | 54 -0.20765 -3.36332e+00
 55 -0.16976 -4.64879e+00 | 56 -0.18402 -4.23961e+00 | 57 -0.15781 -5.34273e+00
 58 -0.05805 -1.16261e+01 | 59 -0.17463 -4.52515e+00 | 60 -0.11575 -7.19373e+00
 61 -0.18548 -4.15642e+00 | 62 -0.13634 -5.98654e+00 | 63 -0.15752 -4.49795e+00
 64 -0.21886 -2.36437e+00 | 65 -0.17332 -2.73388e+00 | 66 -0.15379 -2.24596e+00
 67 -0.17126 -1.18468e+00 | 68 -0.12926 -7.75631e-01 | 69 -0.17495 -1.25463e-01
 70 -0.17017  1.72361e-02 | 71 -0.17554  2.00473e-02 | 72 -0.40515 -6.17861e+01
 73 -0.11628  1.40655e+01 | 74 -0.73829  2.15208e+02 | 75 -1.08470 -1.19878e-01
 76  1.52823  8.78788e+00 | 77  1.89968 -1.61665e+01 | 78  0.13556  2.08262e-02
 79 -0.98623 -2.23447e-03 | 80  0.99520 -1.10856e-02 | 81  0.28456  6.13431e+00
81 variables; iteration 3240; function evaluation 3853; phase 3
Function value 5.3118984e+01; maximum gradient component mag -4.3893e+02
Var    Value     Gradient |Var    Value     Gradient |Var    Value     Gradient
  1  0.04120 -4.38931e+02 |  2 -0.00161 -7.52956e-01 |  3 -0.00181 -8.82835e-01
  4 -0.01774 -9.14514e-01 |  5 -0.01801 -1.07534e+00 |  6 -0.01848 -1.29769e+00
  7 -0.01873 -1.48572e+00 |  8 -0.01920 -1.74007e+00 |  9 -0.01958 -1.99228e+00
 10 -0.02005 -2.29126e+00 | 11 -0.02039 -2.58684e+00 | 12 -0.01897 -2.93537e+00
 13 -0.02048 -3.21299e+00 | 14 -0.02420 -3.44176e+00 | 15 -0.02752 -3.71333e+00
 16 -0.02738 -4.23527e+00 | 17 -0.02668 -4.65216e+00 | 18 -0.02385 -5.26542e+00
 19 -0.02870 -5.78568e+00 | 20 -0.02780 -5.92828e+00 | 21 -0.02694 -6.00346e+00
 22 -0.02738 -5.92805e+00 | 23 -0.02836 -5.92032e+00 | 24 -0.02921 -5.77296e+00
 25 -0.03202 -5.74557e+00 | 26 -0.03770 -5.72348e+00 | 27 -0.04495 -5.46649e+00
 28 -0.05446 -5.15823e+00 | 29 -0.06262 -4.60568e+00 | 30 -0.07767 -3.62141e+00
 31 -0.11378 -2.44963e+00 | 32 -0.14291 -1.80891e+00 | 33 -0.15769 -1.80706e+00
 34 -0.03439 -6.18788e+00 | 35 -0.02771 -7.49525e+00 | 36 -0.02175 -7.71971e+00
 37  0.03229 -1.14352e+01 | 38 -0.07905 -4.37544e+00 | 39  0.07063 -1.08340e+01
 40  0.04037 -8.20951e+00 | 41 -0.00750 -4.37940e+00 | 42 -0.01736 -4.09794e+00
 43  0.01585 -4.10572e+00 | 44  0.03610 -4.87496e+00 | 45 -0.00231 -3.07956e+00
 46 -0.04686 -1.86623e+00 | 47 -0.05450 -1.49011e+00 | 48 -0.06876 -1.30215e+00
 49 -0.04581 -1.52368e+00 | 50 -0.10101 -1.00568e+00 | 51  0.01476 -2.52939e+00
 52 -0.18812 -7.64773e-01 | 53 -0.20352 -7.03511e-01 | 54 -0.20756 -7.09240e-01
 55 -0.16983 -1.00876e+00 | 56 -0.18404 -9.23783e-01 | 57 -0.15782 -1.13339e+00
 58 -0.05807 -2.41973e+00 | 59 -0.17464 -9.38909e-01 | 60 -0.11590 -1.46988e+00
 61 -0.18550 -8.11037e-01 | 62 -0.13626 -1.17728e+00 | 63 -0.15773 -9.15737e-01
 64 -0.21893 -4.70991e-01 | 65 -0.17328 -5.29864e-01 | 66 -0.15388 -4.47462e-01
 67 -0.17132 -2.53269e-01 | 68 -0.12933 -1.69279e-01 | 69 -0.17498 -3.20936e-02
 70 -0.17020  8.16957e-04 | 71 -0.17558  1.59799e-03 | 72 -0.40473 -1.56583e+01
 73 -0.11561  2.47690e+00 | 74 -0.73829 -9.53122e+01 | 75 -1.02309  7.32595e-02
 76  1.52884  1.50714e+00 | 77  1.89986 -2.78082e+00 | 78  0.13556 -4.05820e-02
 79 -0.98621 -1.77262e-03 | 80  0.99520  1.65925e-03 | 81  0.28452  1.24295e+00
81 variables; iteration 3260; function evaluation 3874; phase 3
Function value 5.3116590e+01; maximum gradient component mag 1.7311e+03
Var    Value     Gradient |Var    Value     Gradient |Var    Value     Gradient
  1  0.04122 -7.80970e+02 |  2 -0.00158 -1.32579e+00 |  3 -0.00182 -1.57621e+00
  4 -0.01775 -1.64497e+00 |  5 -0.01810 -1.95667e+00 |  6 -0.01838 -2.28539e+00
  7 -0.01880 -2.68152e+00 |  8 -0.01919 -3.10480e+00 |  9 -0.01965 -3.58250e+00
 10 -0.02004 -4.08523e+00 | 11 -0.02022 -4.57883e+00 | 12 -0.01898 -5.24231e+00
 13 -0.02064 -5.80132e+00 | 14 -0.02428 -6.19932e+00 | 15 -0.02757 -6.65476e+00
 16 -0.02712 -7.46137e+00 | 17 -0.02659 -8.29778e+00 | 18 -0.02417 -9.53325e+00
 19 -0.02840 -1.02304e+01 | 20 -0.02786 -1.06019e+01 | 21 -0.02674 -1.06968e+01
 22 -0.02750 -1.06714e+01 | 23 -0.02838 -1.05600e+01 | 24 -0.02954 -1.04352e+01
 25 -0.03254 -1.05332e+01 | 26 -0.03726 -1.01095e+01 | 27 -0.04503 -9.82824e+00
 28 -0.05459 -9.29973e+00 | 29 -0.06235 -8.12481e+00 | 30 -0.07778 -6.54754e+00
 31 -0.11384 -4.43210e+00 | 32 -0.14287 -3.25947e+00 | 33 -0.15766 -3.32118e+00
 34 -0.03449 -1.14541e+01 | 35 -0.02751 -1.32558e+01 | 36 -0.02195 -1.44737e+01
 37  0.03230 -2.10240e+01 | 38 -0.07853 -8.20067e+00 | 39  0.07014 -2.09390e+01
 40  0.04124 -1.54080e+01 | 41 -0.00934 -8.74534e+00 | 42 -0.01510 -7.32028e+00
 43  0.01415 -7.89098e+00 | 44  0.03706 -8.58415e+00 | 45 -0.00296 -5.49452e+00
 46 -0.04649 -3.22168e+00 | 47 -0.05464 -2.54274e+00 | 48 -0.06866 -2.11998e+00
 49 -0.04582 -2.46423e+00 | 50 -0.10105 -1.58563e+00 | 51  0.01475 -3.88148e+00
 52 -0.18802 -1.03175e+00 | 53 -0.20342 -9.43100e-01 | 54 -0.20772 -9.61770e-01
 55 -0.16979 -1.31417e+00 | 56 -0.18406 -1.18405e+00 | 57 -0.15785 -1.48320e+00
 58 -0.05810 -3.27092e+00 | 59 -0.17469 -1.26548e+00 | 60 -0.11578 -2.04847e+00
 61 -0.18549 -1.17898e+00 | 62 -0.13642 -1.73704e+00 | 63 -0.15752 -1.28647e+00
 64 -0.21892 -6.76944e-01 | 65 -0.17337 -7.95021e-01 | 66 -0.15383 -6.54041e-01
 67 -0.17132 -3.40126e-01 | 68 -0.12929 -2.11002e-01 | 69 -0.17500 -3.43755e-02
 70 -0.17023  5.34653e-03 | 71 -0.17561  6.36589e-03 | 72 -0.40503 -2.28350e+01
 73 -0.11576  4.37179e+00 | 74 -0.73828  1.73112e+03 | 75 -1.03531  2.08253e-02
 76  1.52941  2.74842e+00 | 77  1.89998 -5.06258e+00 | 78  0.13556  2.14908e-03
 79 -0.98604  9.54631e-04 | 80  0.99518 -2.31363e-03 | 81  0.28457  1.73806e+00
81 variables; iteration 3280; function evaluation 3894; phase 3
Function value 5.3116370e+01; maximum gradient component mag 1.0333e+03
Var    Value     Gradient |Var    Value     Gradient |Var    Value     Gradient
  1  0.04123 -3.89653e+02 |  2 -0.00150 -6.36075e-01 |  3 -0.00182 -7.77026e-01
  4 -0.01785 -8.28908e-01 |  5 -0.01807 -9.57396e-01 |  6 -0.01843 -1.13148e+00
  7 -0.01880 -1.31844e+00 |  8 -0.01923 -1.53564e+00 |  9 -0.01958 -1.74936e+00
 10 -0.01999 -2.00000e+00 | 11 -0.02056 -2.31457e+00 | 12 -0.01888 -2.55786e+00
 13 -0.02056 -2.83578e+00 | 14 -0.02450 -3.08725e+00 | 15 -0.02755 -3.26405e+00
 16 -0.02707 -3.65226e+00 | 17 -0.02680 -4.11199e+00 | 18 -0.02395 -4.63431e+00
 19 -0.02830 -4.99830e+00 | 20 -0.02756 -5.15423e+00 | 21 -0.02644 -5.16325e+00
 22 -0.02771 -5.26962e+00 | 23 -0.02837 -5.20299e+00 | 24 -0.02945 -5.11267e+00
 25 -0.03271 -5.17413e+00 | 26 -0.03739 -4.95751e+00 | 27 -0.04514 -4.84426e+00
 28 -0.05468 -4.58197e+00 | 29 -0.06239 -3.98794e+00 | 30 -0.07764 -3.16246e+00
 31 -0.11378 -2.14246e+00 | 32 -0.14292 -1.60076e+00 | 33 -0.15767 -1.60943e+00
 34 -0.03444 -5.43941e+00 | 35 -0.02759 -6.60683e+00 | 36 -0.02190 -6.87277e+00
 37  0.03228 -1.02122e+01 | 38 -0.07858 -3.97355e+00 | 39  0.07020 -1.02280e+01
 40  0.04108 -7.71991e+00 | 41 -0.00900 -4.27967e+00 | 42 -0.01556 -3.74709e+00
 43  0.01450 -3.92002e+00 | 44  0.03684 -4.40687e+00 | 45 -0.00285 -2.78725e+00
 46 -0.04652 -1.61179e+00 | 47 -0.05462 -1.28494e+00 | 48 -0.06868 -1.09616e+00
 49 -0.04581 -1.27192e+00 | 50 -0.10104 -8.45461e-01 | 51  0.01473 -2.14547e+00
 52 -0.18805 -6.20705e-01 | 53 -0.20345 -5.75633e-01 | 54 -0.20769 -5.81063e-01
 55 -0.16981 -8.21778e-01 | 56 -0.18405 -7.61463e-01 | 57 -0.15789 -9.76545e-01
 58 -0.05810 -2.08266e+00 | 59 -0.17472 -8.20044e-01 | 60 -0.11580 -1.27299e+00
 61 -0.18554 -7.16347e-01 | 62 -0.13639 -1.02009e+00 | 63 -0.15757 -7.67423e-01
 64 -0.21896 -4.13530e-01 | 65 -0.17336 -4.67664e-01 | 66 -0.15386 -3.92239e-01
 67 -0.17132 -2.12455e-01 | 68 -0.12933 -1.49490e-01 | 69 -0.17499 -2.22958e-02
 70 -0.17023  6.85643e-04 | 71 -0.17561  1.25572e-03 | 72 -0.40502 -1.45041e+01
 73 -0.11596  2.15120e+00 | 74 -0.73828  1.03326e+03 | 75 -1.03832  2.64254e-02
 76  1.52986  1.34912e+00 | 77  1.90009 -2.47674e+00 | 78  0.13556 -4.56866e-02
 79 -0.98615 -9.79522e-04 | 80  0.99519  5.56856e-04 | 81  0.28456  1.05508e+00
81 variables; iteration 3300; function evaluation 3915; phase 3
Function value 5.3116246e+01; maximum gradient component mag -3.4335e+01
Var    Value     Gradient |Var    Value     Gradient |Var    Value     Gradient
  1  0.04123 -9.60324e+00 |  2 -0.00154 -1.97827e-02 |  3 -0.00181 -2.36000e-02
  4 -0.01778 -2.47371e-02 |  5 -0.01808 -2.93866e-02 |  6 -0.01842 -3.39185e-02
  7 -0.01879 -4.03165e-02 |  8 -0.01919 -4.54941e-02 |  9 -0.01962 -5.35132e-02
 10 -0.02001 -5.97156e-02 | 11 -0.02036 -6.80089e-02 | 12 -0.01895 -7.62955e-02
 13 -0.02062 -8.57217e-02 | 14 -0.02436 -8.63280e-02 | 15 -0.02756 -9.10830e-02
 16 -0.02711 -1.02929e-01 | 17 -0.02668 -1.17035e-01 | 18 -0.02414 -1.26534e-01
 19 -0.02842 -1.38985e-01 | 20 -0.02772 -1.38262e-01 | 21 -0.02656 -5.58505e-02
 22 -0.02753 -1.25152e-01 | 23 -0.02819 -1.34274e-01 | 24 -0.02941 -1.26249e-01
 25 -0.03272 -1.21452e-01 | 26 -0.03743 -1.13168e-01 | 27 -0.04504 -1.16185e-01
 28 -0.05462 -1.18123e-01 | 29 -0.06239 -9.45659e-02 | 30 -0.07776 -7.18623e-02
 31 -0.11382 -4.54419e-02 | 32 -0.14288 -3.12421e-02 | 33 -0.15764 -2.44999e-02
 34 -0.03447  6.59670e-02 | 35 -0.02750 -4.71340e-01 | 36 -0.02196 -2.86777e-02
 37  0.03230 -3.70455e-01 | 38 -0.07862 -8.94747e-02 | 39  0.07022 -1.70319e-01
 40  0.04107 -3.59434e-01 | 41 -0.00901  3.03179e-02 | 42 -0.01549 -2.07866e-01
 43  0.01446  7.86993e-04 | 44  0.03688 -1.58958e-01 | 45 -0.00286 -5.91879e-02
 46 -0.04653 -4.52775e-02 | 47 -0.05460 -2.46422e-02 | 48 -0.06866 -2.73152e-02
 49 -0.04581 -2.43873e-02 | 50 -0.10106 -2.50432e-02 | 51  0.01475 -2.73663e-02
 52 -0.18803 -1.89505e-02 | 53 -0.20343 -8.06515e-03 | 54 -0.20772 -7.03786e-03
 55 -0.16980 -1.25444e-02 | 56 -0.18406 -1.15750e-02 | 57 -0.15787 -1.38769e-02
 58 -0.05810 -3.04716e-02 | 59 -0.17470 -5.55329e-03 | 60 -0.11579 -2.71415e-02
 61 -0.18552 -1.49460e-03 | 62 -0.13641 -1.45240e-02 | 63 -0.15754 -8.57027e-03
 64 -0.21894 -1.55475e-03 | 65 -0.17337 -3.88480e-03 | 66 -0.15384 -3.37001e-03
 67 -0.17132 -1.60661e-03 | 68 -0.12931 -1.41086e-03 | 69 -0.17500 -5.79189e-04
 70 -0.17023 -1.19452e-05 | 71 -0.17560  1.58900e-05 | 72 -0.40504 -5.92712e+00
 73 -0.11585  7.00766e-03 | 74 -0.73828 -3.43354e+01 | 75 -1.03801  4.16732e-02
 76  1.52887  7.72918e-03 | 77  1.89984 -8.56649e-02 | 78  0.13556  1.81957e-03
 79 -0.98610  3.38155e-05 | 80  0.99519  3.06878e-03 | 81  0.28457 -6.50747e-03
81 variables; iteration 3320; function evaluation 3936; phase 3
Function value 5.3115967e+01; maximum gradient component mag 3.9399e+03
Var    Value     Gradient |Var    Value     Gradient |Var    Value     Gradient
  1  0.04122 -9.18258e+02 |  2 -0.00155 -1.53862e+00 |  3 -0.00168 -1.80948e+00
  4 -0.01778 -1.93022e+00 |  5 -0.01813 -2.29060e+00 |  6 -0.01847 -2.68916e+00
  7 -0.01870 -3.10717e+00 |  8 -0.01913 -3.61232e+00 |  9 -0.01955 -4.16026e+00
 10 -0.01972 -4.69910e+00 | 11 -0.02052 -5.41735e+00 | 12 -0.01893 -6.11182e+00
 13 -0.02092 -6.82976e+00 | 14 -0.02400 -7.18665e+00 | 15 -0.02754 -7.76538e+00
 16 -0.02700 -8.68972e+00 | 17 -0.02650 -9.67750e+00 | 18 -0.02422 -1.11404e+01
 19 -0.02850 -1.19620e+01 | 20 -0.02806 -1.24081e+01 | 21 -0.02676 -1.25042e+01
 22 -0.02708 -1.24036e+01 | 23 -0.02795 -1.22636e+01 | 24 -0.02928 -1.21477e+01
 25 -0.03264 -1.23332e+01 | 26 -0.03732 -1.18323e+01 | 27 -0.04498 -1.14800e+01
 28 -0.05479 -1.09185e+01 | 29 -0.06252 -9.55037e+00 | 30 -0.07788 -7.69750e+00
 31 -0.11375 -5.16517e+00 | 32 -0.14280 -3.78379e+00 | 33 -0.15757 -3.83241e+00
 34 -0.03445 -1.33887e+01 | 35 -0.02755 -1.54364e+01 | 36 -0.02188 -1.71180e+01
 37  0.03225 -2.52965e+01 | 38 -0.07854 -9.91897e+00 | 39  0.07025 -2.55569e+01
 40  0.04098 -1.89196e+01 | 41 -0.00891 -1.06903e+01 | 42 -0.01549 -8.87398e+00
 43  0.01446 -9.59811e+00 | 44  0.03683 -1.04116e+01 | 45 -0.00280 -6.54899e+00
 46 -0.04660 -3.79910e+00 | 47 -0.05453 -2.97161e+00 | 48 -0.06876 -2.50049e+00
 49 -0.04576 -2.78331e+00 | 50 -0.10107 -1.76394e+00 | 51  0.01472 -4.18532e+00
 52 -0.18796 -9.76766e-01 | 53 -0.20343 -8.99291e-01 | 54 -0.20777 -9.88273e-01
 55 -0.16981 -1.34543e+00 | 56 -0.18402 -1.23517e+00 | 57 -0.15789 -1.64758e+00
 58 -0.05811 -3.68787e+00 | 59 -0.17471 -1.46763e+00 | 60 -0.11581 -2.32979e+00
 61 -0.18550 -1.37058e+00 | 62 -0.13644 -2.05651e+00 | 63 -0.15759 -1.50619e+00
 64 -0.21887 -7.46868e-01 | 65 -0.17341 -9.00741e-01 | 66 -0.15386 -6.91451e-01
 67 -0.17130 -3.26148e-01 | 68 -0.12934 -2.14060e-01 | 69 -0.17499 -3.14554e-02
 70 -0.17020  9.78874e-03 | 71 -0.17557  1.11448e-02 | 72 -0.40492 -2.56274e+01
 73 -0.11558  5.13341e+00 | 74 -0.73828  3.93995e+03 | 75 -1.03448  8.93158e-03
 76  1.53148  3.30668e+00 | 77  1.90048 -5.92746e+00 | 78  0.13556  1.06180e-01
 79 -0.98609  1.68745e-04 | 80  0.99516 -5.65571e-03 | 81  0.28455  1.88090e+00
81 variables; iteration 3340; function evaluation 3956; phase 3
Function value 5.3094822e+01; maximum gradient component mag 3.3403e+03
Var    Value     Gradient |Var    Value     Gradient |Var    Value     Gradient
  1  0.04110 -3.99782e+02 |  2 -0.00150 -6.64587e-01 |  3 -0.00175 -7.93749e-01
  4 -0.01773 -8.34800e-01 |  5 -0.01804 -9.90975e-01 |  6 -0.01833 -1.15374e+00
  7 -0.01873 -1.35815e+00 |  8 -0.01913 -1.57565e+00 |  9 -0.01953 -1.80764e+00
 10 -0.01998 -2.07885e+00 | 11 -0.02021 -2.32341e+00 | 12 -0.01884 -2.65210e+00
 13 -0.02031 -2.89401e+00 | 14 -0.02437 -3.18026e+00 | 15 -0.02744 -3.37234e+00
 16 -0.02707 -3.80232e+00 | 17 -0.02673 -4.26404e+00 | 18 -0.02380 -4.79357e+00
 19 -0.02803 -5.14352e+00 | 20 -0.02710 -5.26498e+00 | 21 -0.02637 -5.36405e+00
 22 -0.02811 -5.57605e+00 | 23 -0.02840 -5.42857e+00 | 24 -0.02960 -5.36544e+00
 25 -0.03272 -5.41034e+00 | 26 -0.03726 -5.16813e+00 | 27 -0.04462 -4.97214e+00
 28 -0.05398 -4.67356e+00 | 29 -0.06186 -4.11691e+00 | 30 -0.07705 -3.30722e+00
 31 -0.11310 -2.26681e+00 | 32 -0.14257 -1.67636e+00 | 33 -0.15804 -1.71137e+00
 34 -0.03413 -5.99988e+00 | 35 -0.02699 -6.64368e+00 | 36 -0.02227 -7.60685e+00
 37  0.03268 -1.08686e+01 | 38 -0.08030 -4.26146e+00 | 39  0.07090 -1.10267e+01
 40  0.04037 -7.84490e+00 | 41 -0.00824 -4.59776e+00 | 42 -0.01563 -3.64957e+00
 43  0.01380 -4.00352e+00 | 44  0.03685 -4.26191e+00 | 45 -0.00295 -2.74683e+00
 46 -0.04735 -1.59857e+00 | 47 -0.05453 -1.28436e+00 | 48 -0.06877 -1.08671e+00
 49 -0.04598 -1.25005e+00 | 50 -0.10004 -8.09934e-01 | 51  0.01456 -1.98620e+00
 52 -0.18988 -5.01649e-01 | 53 -0.20610 -4.77696e-01 | 54 -0.20580 -5.23018e-01
 55 -0.17084 -6.98444e-01 | 56 -0.18408 -6.40080e-01 | 57 -0.15775 -8.27624e-01
 58 -0.05831 -1.80601e+00 | 59 -0.17405 -7.00123e-01 | 60 -0.11844 -1.06206e+00
 61 -0.18607 -6.23631e-01 | 62 -0.13455 -9.14175e-01 | 63 -0.16103 -6.53038e-01
 64 -0.21971 -3.47414e-01 | 65 -0.17264 -4.29022e-01 | 66 -0.15536 -3.57488e-01
 67 -0.17174 -1.91193e-01 | 68 -0.13063 -1.26184e-01 | 69 -0.17516 -2.16517e-02
 70 -0.17030  4.09705e-03 | 71 -0.17575  4.56713e-03 | 72 -0.39791 -9.23966e+00
 73 -0.10695  2.52798e+00 | 74 -0.73828  3.34028e+03 | 75 -1.06053 -2.67511e-02
 76  1.52889  1.45574e+00 | 77  1.90010 -2.53828e+00 | 78  0.13556 -1.72748e-02
 79 -0.98615  1.09102e-04 | 80  0.99512 -5.33667e-03 | 81  0.28371  9.16929e-01
81 variables; iteration 3360; function evaluation 3978; phase 3
Function value 5.3093617e+01; maximum gradient component mag 2.6250e+03
Var    Value     Gradient |Var    Value     Gradient |Var    Value     Gradient
  1  0.04107 -5.20206e+02 |  2 -0.00152 -8.78096e-01 |  3 -0.00176 -1.04651e+00
  4 -0.01774 -1.09797e+00 |  5 -0.01802 -1.29569e+00 |  6 -0.01837 -1.52638e+00
  7 -0.01870 -1.77558e+00 |  8 -0.01912 -2.06555e+00 |  9 -0.01953 -2.37588e+00
 10 -0.01991 -2.71028e+00 | 11 -0.02028 -3.06986e+00 | 12 -0.01885 -3.48582e+00
 13 -0.02054 -3.86581e+00 | 14 -0.02418 -4.12564e+00 | 15 -0.02743 -4.43013e+00
 16 -0.02696 -4.96411e+00 | 17 -0.02646 -5.52408e+00 | 18 -0.02400 -6.34807e+00
 19 -0.02823 -6.81439e+00 | 20 -0.02766 -7.06762e+00 | 21 -0.02675 -7.14917e+00
 22 -0.02733 -7.10975e+00 | 23 -0.02797 -7.01588e+00 | 24 -0.02922 -6.94755e+00
 25 -0.03249 -7.04748e+00 | 26 -0.03715 -6.76119e+00 | 27 -0.04476 -6.57124e+00
 28 -0.05428 -6.23378e+00 | 29 -0.06202 -5.46109e+00 | 30 -0.07716 -4.38768e+00
 31 -0.11309 -2.97561e+00 | 32 -0.14259 -2.19495e+00 | 33 -0.15809 -2.22031e+00
 34 -0.03403 -7.78026e+00 | 35 -0.02717 -8.61480e+00 | 36 -0.02198 -9.61771e+00
 37  0.03254 -1.37275e+01 | 38 -0.08017 -5.28737e+00 | 39  0.07096 -1.38165e+01
 40  0.04036 -9.87538e+00 | 41 -0.00813 -5.88283e+00 | 42 -0.01570 -4.74255e+00
 43  0.01384 -5.28396e+00 | 44  0.03686 -5.72045e+00 | 45 -0.00291 -3.70590e+00
 46 -0.04741 -2.14967e+00 | 47 -0.05456 -1.73094e+00 | 48 -0.06876 -1.45013e+00
 49 -0.04601 -1.69637e+00 | 50 -0.09996 -1.11178e+00 | 51  0.01459 -2.73173e+00
 52 -0.19000 -7.14799e-01 | 53 -0.20623 -6.49353e-01 | 54 -0.20560 -6.83591e-01
 55 -0.17088 -9.15417e-01 | 56 -0.18405 -8.26103e-01 | 57 -0.15769 -1.03979e+00
 58 -0.05827 -2.26589e+00 | 59 -0.17397 -8.98726e-01 | 60 -0.11859 -1.37668e+00
 61 -0.18604 -8.22674e-01 | 62 -0.13440 -1.22452e+00 | 63 -0.16121 -8.59934e-01
 64 -0.21973 -4.68701e-01 | 65 -0.17255 -5.52003e-01 | 66 -0.15541 -4.30298e-01
 67 -0.17172 -2.21114e-01 | 68 -0.13067 -1.38890e-01 | 69 -0.17510 -2.03968e-02
 70 -0.17027  3.92740e-03 | 71 -0.17571  4.47296e-03 | 72 -0.39729 -1.17406e+01
 73 -0.10575  3.52481e+00 | 74 -0.73828  2.62498e+03 | 75 -1.07921 -5.28043e-02
 76  1.52560  1.81297e+00 | 77  1.89934 -3.36096e+00 | 78  0.13556  1.90109e-02
 79 -0.98616  2.61010e-04 | 80  0.99515 -2.65245e-03 | 81  0.28366  1.23910e+00
81 variables; iteration 3380; function evaluation 3998; phase 3
Function value 5.3093529e+01; maximum gradient component mag 9.3466e+01
Var    Value     Gradient |Var    Value     Gradient |Var    Value     Gradient
  1  0.04107 -1.60946e+01 |  2 -0.00151 -2.74092e-02 |  3 -0.00176 -3.21033e-02
  4 -0.01774 -3.37807e-02 |  5 -0.01803 -3.99532e-02 |  6 -0.01836 -4.69005e-02
  7 -0.01872 -5.36525e-02 |  8 -0.01911 -6.35628e-02 |  9 -0.01953 -7.36523e-02
 10 -0.01993 -8.55633e-02 | 11 -0.02025 -9.37637e-02 | 12 -0.01884 -1.07633e-01
 13 -0.02048 -1.17586e-01 | 14 -0.02424 -1.29359e-01 | 15 -0.02742 -1.35349e-01
 16 -0.02697 -1.54708e-01 | 17 -0.02652 -1.71638e-01 | 18 -0.02397 -1.94423e-01
 19 -0.02823 -2.09912e-01 | 20 -0.02756 -2.17128e-01 | 21 -0.02672 -2.19627e-01
 22 -0.02743 -2.23772e-01 | 23 -0.02802 -2.17626e-01 | 24 -0.02925 -2.15334e-01
 25 -0.03255 -2.18635e-01 | 26 -0.03721 -2.08306e-01 | 27 -0.04473 -2.02595e-01
 28 -0.05420 -1.89869e-01 | 29 -0.06194 -1.66702e-01 | 30 -0.07712 -1.31785e-01
 31 -0.11308 -9.13157e-02 | 32 -0.14259 -6.65326e-02 | 33 -0.15811 -6.77808e-02
 34 -0.03406 -2.40038e-01 | 35 -0.02715 -2.60447e-01 | 36 -0.02204 -2.98174e-01
 37  0.03259 -4.21210e-01 | 38 -0.08030 -1.66109e-01 | 39  0.07101 -4.16789e-01
 40  0.04027 -3.01194e-01 | 41 -0.00796 -1.73229e-01 | 42 -0.01589 -1.42252e-01
 43  0.01398 -1.58048e-01 | 44  0.03679 -1.72091e-01 | 45 -0.00286 -1.11880e-01
 46 -0.04744 -6.62839e-02 | 47 -0.05455 -5.37394e-02 | 48 -0.06877 -4.60401e-02
 49 -0.04601 -5.65032e-02 | 50 -0.09994 -3.82420e-02 | 51  0.01458 -1.00576e-01
 52 -0.19000 -2.84393e-02 | 53 -0.20624 -2.62401e-02 | 54 -0.20559 -2.44457e-02
 55 -0.17087 -3.70108e-02 | 56 -0.18405 -3.02680e-02 | 57 -0.15769 -3.71940e-02
 58 -0.05827 -7.97438e-02 | 59 -0.17395 -2.98692e-02 | 60 -0.11860 -4.55738e-02
 61 -0.18605 -2.58734e-02 | 62 -0.13438 -3.49909e-02 | 63 -0.16123 -2.49607e-02
 64 -0.21973 -1.31657e-02 | 65 -0.17254 -1.50719e-02 | 66 -0.15542 -1.06516e-02
 67 -0.17172 -5.08114e-03 | 68 -0.13068 -3.68586e-03 | 69 -0.17511 -4.71257e-04
 70 -0.17027  2.63136e-04 | 71 -0.17571  2.54625e-04 | 72 -0.39736 -3.27650e-01
 73 -0.10613  7.32769e-02 | 74 -0.73828  9.34657e+01 | 75 -1.08013  5.59079e-04
 76  1.52620  5.79317e-02 | 77  1.89949 -1.00795e-01 | 78  0.13556  4.86162e-03
 79 -0.98617 -4.57154e-05 | 80  0.99514 -1.09194e-04 | 81  0.28365  3.88359e-02
  ic > imax  in fminim is answer attained ?
Var    Value     Gradient |Var    Value     Gradient |Var    Value     Gradient
  1  0.04107  6.01525e-06 |  2 -0.00151 -7.57766e-09 |  3 -0.00176  3.02317e-07
  4 -0.01774  1.80587e-07 |  5 -0.01803 -1.68922e-07 |  6 -0.01836  3.77829e-07
  7 -0.01872  6.20068e-07 |  8 -0.01912  6.68175e-07 |  9 -0.01953  7.60702e-07
 10 -0.01992  1.20113e-06 | 11 -0.02026  7.89068e-07 | 12 -0.01884  9.92377e-07
 13 -0.02049  1.27840e-06 | 14 -0.02423  1.38778e-06 | 15 -0.02742  2.06730e-06
 16 -0.02697  1.75394e-06 | 17 -0.02651  1.78638e-06 | 18 -0.02398  1.72791e-06
 19 -0.02824  1.98401e-06 | 20 -0.02756  2.17076e-06 | 21 -0.02672  1.94346e-06
 22 -0.02741  2.46971e-06 | 23 -0.02802  2.28281e-06 | 24 -0.02925  2.28356e-06
 25 -0.03254  2.37174e-06 | 26 -0.03721  1.88707e-06 | 27 -0.04473  2.35206e-06
 28 -0.05421  2.27138e-06 | 29 -0.06195  3.00541e-06 | 30 -0.07714  1.64430e-06
 31 -0.11308  1.08545e-06 | 32 -0.14259  1.10946e-06 | 33 -0.15811  1.34593e-06
 34 -0.03406  7.20030e-06 | 35 -0.02715  8.51743e-06 | 36 -0.02203  1.03242e-05
 37  0.03259  1.36681e-05 | 38 -0.08028  4.42076e-06 | 39  0.07101  5.35415e-06
 40  0.04028  1.70748e-08 | 41 -0.00797 -1.84485e-07 | 42 -0.01587 -9.44189e-07
 43  0.01397 -2.76570e-06 | 44  0.03679 -3.30684e-06 | 45 -0.00286 -2.68617e-06
 46 -0.04744 -2.16893e-06 | 47 -0.05455 -1.70309e-06 | 48 -0.06877 -1.81386e-06
 49 -0.04601 -2.20972e-06 | 50 -0.09995 -1.25563e-06 | 51  0.01458 -4.70689e-06
 52 -0.18999 -1.35491e-06 | 53 -0.20623 -2.68005e-06 | 54 -0.20560 -2.34813e-06
 55 -0.17086 -4.06315e-06 | 56 -0.18405 -3.66564e-06 | 57 -0.15768 -6.04331e-06
 58 -0.05827 -1.29305e-05 | 59 -0.17395 -4.77462e-06 | 60 -0.11859 -8.32902e-06
 61 -0.18604 -3.69191e-06 | 62 -0.13438 -4.51352e-06 | 63 -0.16122 -4.09071e-06
 64 -0.21973 -2.21323e-06 | 65 -0.17253 -2.25477e-06 | 66 -0.15541 -2.26476e-06
 67 -0.17172 -1.25263e-06 | 68 -0.13067 -8.12456e-07 | 69 -0.17511 -2.93046e-07
 70 -0.17027 -9.99342e-08 | 71 -0.17571 -1.02398e-07 | 72 -0.39735 -7.99242e-06
 73 -0.10604  2.14584e-07 | 74 -0.73828 -7.66395e-04 | 75 -1.08429  2.42820e-08
 76  1.52611 -8.89284e-07 | 77  1.89946  1.43826e-06 | 78  0.13556 -1.60911e-06
 79 -0.98617 -1.32553e-08 | 80  0.99514 -5.77523e-08 | 81  0.28366  5.81792e-06
Function minimizer not making progress ... is minimum attained?
Minimprove criterion = 0.0000e+00

 - final statistics:
81 variables; iteration 3398; function evaluation 4046
Function value 5.3094e+01; maximum gradient component mag -7.6639e-04
Exit code = 1;  converg criter 1.0000e-04
Var    Value     Gradient |Var    Value     Gradient |Var    Value     Gradient
  1  0.04107  6.01525e-06 |  2 -0.00151 -7.57766e-09 |  3 -0.00176  3.02317e-07
  4 -0.01774  1.80587e-07 |  5 -0.01803 -1.68922e-07 |  6 -0.01836  3.77829e-07
  7 -0.01872  6.20068e-07 |  8 -0.01912  6.68175e-07 |  9 -0.01953  7.60702e-07
 10 -0.01992  1.20113e-06 | 11 -0.02026  7.89068e-07 | 12 -0.01884  9.92377e-07
 13 -0.02049  1.27840e-06 | 14 -0.02423  1.38778e-06 | 15 -0.02742  2.06730e-06
 16 -0.02697  1.75394e-06 | 17 -0.02651  1.78638e-06 | 18 -0.02398  1.72791e-06
 19 -0.02824  1.98401e-06 | 20 -0.02756  2.17076e-06 | 21 -0.02672  1.94346e-06
 22 -0.02741  2.46971e-06 | 23 -0.02802  2.28281e-06 | 24 -0.02925  2.28356e-06
 25 -0.03254  2.37174e-06 | 26 -0.03721  1.88707e-06 | 27 -0.04473  2.35206e-06
 28 -0.05421  2.27138e-06 | 29 -0.06195  3.00541e-06 | 30 -0.07714  1.64430e-06
 31 -0.11308  1.08545e-06 | 32 -0.14259  1.10946e-06 | 33 -0.15811  1.34593e-06
 34 -0.03406  7.20030e-06 | 35 -0.02715  8.51743e-06 | 36 -0.02203  1.03242e-05
 37  0.03259  1.36681e-05 | 38 -0.08028  4.42076e-06 | 39  0.07101  5.35415e-06
 40  0.04028  1.70748e-08 | 41 -0.00797 -1.84485e-07 | 42 -0.01587 -9.44189e-07
 43  0.01397 -2.76570e-06 | 44  0.03679 -3.30684e-06 | 45 -0.00286 -2.68617e-06
 46 -0.04744 -2.16893e-06 | 47 -0.05455 -1.70309e-06 | 48 -0.06877 -1.81386e-06
 49 -0.04601 -2.20972e-06 | 50 -0.09995 -1.25563e-06 | 51  0.01458 -4.70689e-06
 52 -0.18999 -1.35491e-06 | 53 -0.20623 -2.68005e-06 | 54 -0.20560 -2.34813e-06
 55 -0.17086 -4.06315e-06 | 56 -0.18405 -3.66564e-06 | 57 -0.15768 -6.04331e-06
 58 -0.05827 -1.29305e-05 | 59 -0.17395 -4.77462e-06 | 60 -0.11859 -8.32902e-06
 61 -0.18604 -3.69191e-06 | 62 -0.13438 -4.51352e-06 | 63 -0.16122 -4.09071e-06
 64 -0.21973 -2.21323e-06 | 65 -0.17253 -2.25477e-06 | 66 -0.15541 -2.26476e-06
 67 -0.17172 -1.25263e-06 | 68 -0.13067 -8.12456e-07 | 69 -0.17511 -2.93046e-07
 70 -0.17027 -9.99342e-08 | 71 -0.17571 -1.02398e-07 | 72 -0.39735 -7.99242e-06
 73 -0.10604  2.14584e-07 | 74 -0.73828 -7.66395e-04 | 75 -1.08429  2.42820e-08
 76  1.52611 -8.89284e-07 | 77  1.89946  1.43826e-06 | 78  0.13556 -1.60911e-06
 79 -0.98617 -1.32553e-08 | 80  0.99514 -5.77523e-08 | 81  0.28366  5.81792e-06

Initial statistics: 87 variables; iteration 0; function evaluation 0; phase 4
Function value 5.3093521e+01; maximum gradient component mag -5.9402e-04
Var    Value     Gradient |Var    Value     Gradient |Var    Value     Gradient
  1  0.04107 -3.60192e-05 |  2 -0.00151 -7.79262e-08 |  3 -0.00176  2.18232e-07
  4 -0.01774  9.23049e-08 |  5 -0.01803 -2.73217e-07 |  6 -0.01836  2.55302e-07
  7 -0.01872  4.76994e-07 |  8 -0.01912  5.02236e-07 |  9 -0.01953  5.69737e-07
 10 -0.01992  9.83207e-07 | 11 -0.02026  5.42705e-07 | 12 -0.01884  7.12445e-07
 13 -0.02049  9.68505e-07 | 14 -0.02423  1.05528e-06 | 15 -0.02742  1.71135e-06
 16 -0.02697  1.35480e-06 | 17 -0.02651  1.34141e-06 | 18 -0.02398  1.21793e-06
 19 -0.02824  1.43621e-06 | 20 -0.02756  1.60430e-06 | 21 -0.02672  1.36919e-06
 22 -0.02741  1.89686e-06 | 23 -0.02802  1.71812e-06 | 24 -0.02925  1.72478e-06
 25 -0.03254  1.80454e-06 | 26 -0.03721  1.34264e-06 | 27 -0.04473  1.82426e-06
 28 -0.05421  1.77175e-06 | 29 -0.06195  2.56812e-06 | 30 -0.07714  1.29230e-06
 31 -0.11308  8.46679e-07 | 32 -0.14259  9.33191e-07 | 33 -0.15811  1.16701e-06
 34 -0.03406  6.57368e-06 | 35 -0.02715  7.82220e-06 | 36 -0.02203  9.54328e-06
 37  0.03259  1.25502e-05 | 38 -0.08028  3.98669e-06 | 39  0.07101  4.22234e-06
 40  0.04028 -7.95210e-07 | 41 -0.00797 -6.65160e-07 | 42 -0.01587 -1.33235e-06
 43  0.01397 -3.19470e-06 | 44  0.03679 -3.76919e-06 | 45 -0.00286 -2.98398e-06
 46 -0.04744 -2.34151e-06 | 47 -0.05455 -1.84124e-06 | 48 -0.06877 -1.92940e-06
 49 -0.04601 -2.34440e-06 | 50 -0.09995 -1.34336e-06 | 51  0.01458 -4.92279e-06
 52 -0.18999 -1.41200e-06 | 53 -0.20623 -2.73246e-06 | 54 -0.20560 -2.40359e-06
 55 -0.17086 -4.13739e-06 | 56 -0.18405 -3.73362e-06 | 57 -0.15768 -6.12920e-06
 58 -0.05827 -1.31174e-05 | 59 -0.17395 -4.84835e-06 | 60 -0.11859 -8.44273e-06
 61 -0.18604 -3.75937e-06 | 62 -0.13438 -4.61289e-06 | 63 -0.16122 -4.16160e-06
 64 -0.21973 -2.25164e-06 | 65 -0.17253 -2.29982e-06 | 66 -0.15541 -2.30095e-06
 67 -0.17172 -1.27164e-06 | 68 -0.13067 -8.24626e-07 | 69 -0.17511 -2.94937e-07
 70 -0.17027 -9.96391e-08 | 71 -0.17571 -1.02053e-07 | 72  0.00000 -1.13671e-04
 73  0.00000 -6.89373e-05 | 74  0.00000 -6.26278e-06 | 75  0.00000 -1.96090e-08
 76  0.00000  0.00000e+00 | 77  0.00000  0.00000e+00 | 78 -0.39735 -8.94221e-06
 79 -0.10604  4.92790e-07 | 80 -0.73828 -5.94016e-04 | 81 -0.91571 -1.99437e-08
 82  0.47389  7.42046e-07 | 83  0.10054 -1.16664e-06 | 84  0.13556 -1.60911e-06
 85 -0.98617 -1.32541e-08 | 86  0.99514 -5.80232e-08 | 87  0.28366  5.91898e-06
  ic > imax  in fminim is answer attained ?
Var    Value     Gradient |Var    Value     Gradient |Var    Value     Gradient
  1  0.04107 -4.75564e-05 |  2 -0.00151 -9.72363e-08 |  3 -0.00176  1.95152e-07
  4 -0.01774  6.80720e-08 |  5 -0.01803 -3.01845e-07 |  6 -0.01836  2.21670e-07
  7 -0.01872  4.37722e-07 |  8 -0.01912  4.56687e-07 |  9 -0.01953  5.17318e-07
 10 -0.01992  9.23388e-07 | 11 -0.02026  4.75080e-07 | 12 -0.01884  6.35605e-07
 13 -0.02049  8.83442e-07 | 14 -0.02423  9.64013e-07 | 15 -0.02742  1.61364e-06
 16 -0.02697  1.24524e-06 | 17 -0.02651  1.21926e-06 | 18 -0.02398  1.07794e-06
 19 -0.02824  1.28585e-06 | 20 -0.02756  1.44881e-06 | 21 -0.02672  1.21156e-06
 22 -0.02741  1.73962e-06 | 23 -0.02802  1.56311e-06 | 24 -0.02925  1.57140e-06
 25 -0.03254  1.64885e-06 | 26 -0.03721  1.19319e-06 | 27 -0.04473  1.67938e-06
 28 -0.05421  1.63460e-06 | 29 -0.06195  2.44809e-06 | 30 -0.07714  1.19567e-06
 31 -0.11308  7.81136e-07 | 32 -0.14259  8.84804e-07 | 33 -0.15811  1.11789e-06
 34 -0.03406  6.40167e-06 | 35 -0.02715  7.63138e-06 | 36 -0.02203  9.32897e-06
 37  0.03259  1.22434e-05 | 38 -0.08028  3.86759e-06 | 39  0.07101  3.91181e-06
 40  0.04028 -1.01806e-06 | 41 -0.00797 -7.97034e-07 | 42 -0.01587 -1.43884e-06
 43  0.01397 -3.31240e-06 | 44  0.03679 -3.89607e-06 | 45 -0.00286 -3.06571e-06
 46 -0.04744 -2.38888e-06 | 47 -0.05455 -1.87916e-06 | 48 -0.06877 -1.96112e-06
 49 -0.04601 -2.38138e-06 | 50 -0.09995 -1.36744e-06 | 51  0.01458 -4.98208e-06
 52 -0.18999 -1.42768e-06 | 53 -0.20623 -2.74686e-06 | 54 -0.20560 -2.41882e-06
 55 -0.17086 -4.15777e-06 | 56 -0.18405 -3.75228e-06 | 57 -0.15768 -6.15278e-06
 58 -0.05827 -1.31688e-05 | 59 -0.17395 -4.86859e-06 | 60 -0.11859 -8.47396e-06
 61 -0.18604 -3.77790e-06 | 62 -0.13438 -4.64019e-06 | 63 -0.16122 -4.18108e-06
 64 -0.21973 -2.26219e-06 | 65 -0.17253 -2.31219e-06 | 66 -0.15541 -2.31088e-06
 67 -0.17172 -1.27686e-06 | 68 -0.13067 -8.27969e-07 | 69 -0.17511 -2.95456e-07
 70 -0.17027 -9.95581e-08 | 71 -0.17571 -1.01959e-07 | 72  0.00000 -1.13671e-04
 73  0.00000 -6.89373e-05 | 74  0.00000 -6.26278e-06 | 75  0.00000 -1.96090e-08
 76  0.00000  0.00000e+00 | 77  0.00000  0.00000e+00 | 78 -0.39735 -9.20291e-06
 79 -0.10604  5.69152e-07 | 80 -0.73828 -5.46700e-04 | 81 -0.91571 -1.87531e-08
 82  0.47389  7.01634e-07 | 83  0.10054 -1.09209e-06 | 84  0.13556 -1.60911e-06
 85 -0.98617 -1.32538e-08 | 86  0.99514 -5.80975e-08 | 87  0.28366  5.94674e-06
Function minimizer not making progress ... is minimum attained?
Minimprove criterion = 0.0000e+00
Warning: the following parameters had issues
  selparm[9] is within 1% of lower bound: -4.0000e+00 < -3.9300e+00 < 1.2000e+01
  selparm[21] is within 0.1% of lower bound: -4.0000e+00 < -3.9981e+00 < 1.2000e+01
  selparm[25] is within 0.1% of upper bound: 2.0000e+01 < 7.9999e+01 < 8.0000e+01


 - final statistics:
87 variables; iteration 2; function evaluation 36
Function value 5.3094e+01; maximum gradient component mag -5.4670e-04
Exit code = 1;  converg criter 1.0000e-04
Var    Value     Gradient |Var    Value     Gradient |Var    Value     Gradient
  1  0.04107 -4.75564e-05 |  2 -0.00151 -9.72363e-08 |  3 -0.00176  1.95152e-07
  4 -0.01774  6.80720e-08 |  5 -0.01803 -3.01845e-07 |  6 -0.01836  2.21670e-07
  7 -0.01872  4.37722e-07 |  8 -0.01912  4.56687e-07 |  9 -0.01953  5.17318e-07
 10 -0.01992  9.23388e-07 | 11 -0.02026  4.75080e-07 | 12 -0.01884  6.35605e-07
 13 -0.02049  8.83442e-07 | 14 -0.02423  9.64013e-07 | 15 -0.02742  1.61364e-06
 16 -0.02697  1.24524e-06 | 17 -0.02651  1.21926e-06 | 18 -0.02398  1.07794e-06
 19 -0.02824  1.28585e-06 | 20 -0.02756  1.44881e-06 | 21 -0.02672  1.21156e-06
 22 -0.02741  1.73962e-06 | 23 -0.02802  1.56311e-06 | 24 -0.02925  1.57140e-06
 25 -0.03254  1.64885e-06 | 26 -0.03721  1.19319e-06 | 27 -0.04473  1.67938e-06
 28 -0.05421  1.63460e-06 | 29 -0.06195  2.44809e-06 | 30 -0.07714  1.19567e-06
 31 -0.11308  7.81136e-07 | 32 -0.14259  8.84804e-07 | 33 -0.15811  1.11789e-06
 34 -0.03406  6.40167e-06 | 35 -0.02715  7.63138e-06 | 36 -0.02203  9.32897e-06
 37  0.03259  1.22434e-05 | 38 -0.08028  3.86759e-06 | 39  0.07101  3.91181e-06
 40  0.04028 -1.01806e-06 | 41 -0.00797 -7.97034e-07 | 42 -0.01587 -1.43884e-06
 43  0.01397 -3.31240e-06 | 44  0.03679 -3.89607e-06 | 45 -0.00286 -3.06571e-06
 46 -0.04744 -2.38888e-06 | 47 -0.05455 -1.87916e-06 | 48 -0.06877 -1.96112e-06
 49 -0.04601 -2.38138e-06 | 50 -0.09995 -1.36744e-06 | 51  0.01458 -4.98208e-06
 52 -0.18999 -1.42768e-06 | 53 -0.20623 -2.74686e-06 | 54 -0.20560 -2.41882e-06
 55 -0.17086 -4.15777e-06 | 56 -0.18405 -3.75228e-06 | 57 -0.15768 -6.15278e-06
 58 -0.05827 -1.31688e-05 | 59 -0.17395 -4.86859e-06 | 60 -0.11859 -8.47396e-06
 61 -0.18604 -3.77790e-06 | 62 -0.13438 -4.64019e-06 | 63 -0.16122 -4.18108e-06
 64 -0.21973 -2.26219e-06 | 65 -0.17253 -2.31219e-06 | 66 -0.15541 -2.31088e-06
 67 -0.17172 -1.27686e-06 | 68 -0.13067 -8.27969e-07 | 69 -0.17511 -2.95456e-07
 70 -0.17027 -9.95581e-08 | 71 -0.17571 -1.01959e-07 | 72  0.00000 -1.13671e-04
 73  0.00000 -6.89373e-05 | 74  0.00000 -6.26278e-06 | 75  0.00000 -1.96090e-08
 76  0.00000  0.00000e+00 | 77  0.00000  0.00000e+00 | 78 -0.39735 -9.20291e-06
 79 -0.10604  5.69152e-07 | 80 -0.73828 -5.46700e-04 | 81 -0.91571 -1.87531e-08
 82  0.47389  7.01634e-07 | 83  0.10054 -1.09209e-06 | 84  0.13556 -1.60911e-06
 85 -0.98617 -1.32538e-08 | 86  0.99514 -5.80975e-08 | 87  0.28366  5.94674e-06
Estimating row 1 out of 87 for hessian
Estimating row 2 out of 87 for hessian
Estimating row 3 out of 87 for hessian
Estimating row 4 out of 87 for hessian
Estimating row 5 out of 87 for hessian
Estimating row 6 out of 87 for hessian
Estimating row 7 out of 87 for hessian
Estimating row 8 out of 87 for hessian
Estimating row 9 out of 87 for hessian
Estimating row 10 out of 87 for hessian
Estimating row 11 out of 87 for hessian
Estimating row 12 out of 87 for hessian
Estimating row 13 out of 87 for hessian
Estimating row 14 out of 87 for hessian
Estimating row 15 out of 87 for hessian
Estimating row 16 out of 87 for hessian
Estimating row 17 out of 87 for hessian
Estimating row 18 out of 87 for hessian
Estimating row 19 out of 87 for hessian
Estimating row 20 out of 87 for hessian
Estimating row 21 out of 87 for hessian
Estimating row 22 out of 87 for hessian
Estimating row 23 out of 87 for hessian
Estimating row 24 out of 87 for hessian
Estimating row 25 out of 87 for hessian
Estimating row 26 out of 87 for hessian
Estimating row 27 out of 87 for hessian
Estimating row 28 out of 87 for hessian
Estimating row 29 out of 87 for hessian
Estimating row 30 out of 87 for hessian
Estimating row 31 out of 87 for hessian
Estimating row 32 out of 87 for hessian
Estimating row 33 out of 87 for hessian
Estimating row 34 out of 87 for hessian
Estimating row 35 out of 87 for hessian
Estimating row 36 out of 87 for hessian
Estimating row 37 out of 87 for hessian
Estimating row 38 out of 87 for hessian
Estimating row 39 out of 87 for hessian
Estimating row 40 out of 87 for hessian
Estimating row 41 out of 87 for hessian
Estimating row 42 out of 87 for hessian
Estimating row 43 out of 87 for hessian
Estimating row 44 out of 87 for hessian
Estimating row 45 out of 87 for hessian
Estimating row 46 out of 87 for hessian
Estimating row 47 out of 87 for hessian
Estimating row 48 out of 87 for hessian
Estimating row 49 out of 87 for hessian
Estimating row 50 out of 87 for hessian
Estimating row 51 out of 87 for hessian
Estimating row 52 out of 87 for hessian
Estimating row 53 out of 87 for hessian
Estimating row 54 out of 87 for hessian
Estimating row 55 out of 87 for hessian
Estimating row 56 out of 87 for hessian
Estimating row 57 out of 87 for hessian
Estimating row 58 out of 87 for hessian
Estimating row 59 out of 87 for hessian
Estimating row 60 out of 87 for hessian
Estimating row 61 out of 87 for hessian
Estimating row 62 out of 87 for hessian
Estimating row 63 out of 87 for hessian
Estimating row 64 out of 87 for hessian
Estimating row 65 out of 87 for hessian
Estimating row 66 out of 87 for hessian
Estimating row 67 out of 87 for hessian
Estimating row 68 out of 87 for hessian
Estimating row 69 out of 87 for hessian
Estimating row 70 out of 87 for hessian
Estimating row 71 out of 87 for hessian
Estimating row 72 out of 87 for hessian
Estimating row 73 out of 87 for hessian
Estimating row 74 out of 87 for hessian
Estimating row 75 out of 87 for hessian
Estimating row 76 out of 87 for hessian
Estimating row 77 out of 87 for hessian
Estimating row 78 out of 87 for hessian
Estimating row 79 out of 87 for hessian
Estimating row 80 out of 87 for hessian
Estimating row 81 out of 87 for hessian
Estimating row 82 out of 87 for hessian
Estimating row 83 out of 87 for hessian
Estimating row 84 out of 87 for hessian
Estimating row 85 out of 87 for hessian
Estimating row 86 out of 87 for hessian
Estimating row 87 out of 87 for hessian
Warning -- Hessian does not appear to be positive definite
Hessian does not appear to be positive definite.
size of file gradfil1.tmp = 0
size of file gradfil2.tmp = 0
size of file varssave.tmp = 0
size of file cmpdiff.tmp = 0
